source_mask,target_mask,source_size,strategy,source_unsat,target_unsat,single_accept,horn_accept,gates,edges,changed_leaves,recomputed_gates,incremental_match
0,0,0,acyclic,0,0,0,0,1,0,0,0,1
1,0,1,acyclic,1,0,0,0,3,2,1,2,1
1,1,1,acyclic,1,1,1,1,3,2,0,0,1
2,0,1,acyclic,0,0,0,0,4,3,1,2,1
2,2,1,acyclic,0,0,0,0,4,3,0,0,1
4,0,1,acyclic,0,0,0,0,5,4,1,2,1
4,4,1,acyclic,0,0,0,0,5,4,0,0,1
8,0,1,acyclic,0,0,0,0,6,5,1,2,1
8,8,1,acyclic,0,0,0,0,6,5,0,0,1
16,0,1,acyclic,0,0,0,0,6,4,1,2,1
16,16,1,acyclic,0,0,0,0,6,4,0,0,1
32,0,1,acyclic,0,0,0,0,5,4,1,2,1
32,32,1,acyclic,0,0,0,0,5,4,0,0,1
64,0,1,acyclic,0,0,0,0,6,4,1,2,1
64,64,1,acyclic,0,0,0,0,6,4,0,0,1
128,0,1,acyclic,0,0,0,0,5,3,1,2,1
128,128,1,acyclic,0,0,0,0,5,3,0,0,1
256,0,1,acyclic,0,0,0,0,5,3,1,2,1
256,256,1,acyclic,0,0,0,0,5,3,0,0,1
512,0,1,acyclic,0,0,0,0,4,3,1,2,1
512,512,1,acyclic,0,0,0,0,4,3,0,0,1
1024,0,1,acyclic,0,0,0,0,5,4,1,2,1
1024,1024,1,acyclic,0,0,0,0,5,4,0,0,1
2048,0,1,acyclic,0,0,0,0,6,4,1,2,1
2048,2048,1,acyclic,0,0,0,0,6,4,0,0,1
4096,0,1,acyclic,0,0,0,0,5,3,1,2,1
4096,4096,1,acyclic,0,0,0,0,5,3,0,0,1
8192,0,1,acyclic,0,0,0,0,5,3,1,2,1
8192,8192,1,acyclic,0,0,0,0,5,3,0,0,1
16384,0,1,acyclic,0,0,0,0,4,3,1,2,1
16384,16384,1,acyclic,0,0,0,0,4,3,0,0,1
32768,0,1,acyclic,0,0,0,0,5,3,1,2,1
32768,32768,1,acyclic,0,0,0,0,5,3,0,0,1
65536,0,1,acyclic,0,0,0,0,5,3,1,2,1
65536,65536,1,acyclic,0,0,0,0,5,3,0,0,1
131072,0,1,acyclic,0,0,0,0,3,1,1,1,1
131072,131072,1,acyclic,0,0,0,0,3,1,0,0,1
262144,0,1,acyclic,0,0,0,0,3,1,1,1,1
262144,262144,1,acyclic,0,0,0,0,3,1,0,0,1
524288,0,1,acyclic,0,0,0,0,3,1,1,1,1
524288,524288,1,acyclic,0,0,0,0,3,1,0,0,1
3,0,2,acyclic,1,0,0,0,6,5,2,3,1
3,1,2,acyclic,1,1,1,1,6,5,1,2,1
3,2,2,acyclic,1,0,0,0,6,5,1,2,1
3,3,2,acyclic,1,1,1,1,6,5,0,0,1
5,0,2,acyclic,1,0,0,0,7,6,2,3,1
5,1,2,acyclic,1,1,1,1,7,6,1,2,1
5,4,2,acyclic,1,0,0,0,7,6,1,2,1
5,5,2,acyclic,1,1,1,1,7,6,0,0,1
9,0,2,acyclic,1,0,0,0,8,7,2,3,1
9,1,2,acyclic,1,1,1,1,8,7,1,2,1
9,8,2,acyclic,1,0,0,0,8,7,1,2,1
9,9,2,acyclic,1,1,1,1,8,7,0,0,1
17,0,2,acyclic,1,0,0,0,8,6,2,4,1
17,1,2,acyclic,1,1,1,1,8,6,1,2,1
17,16,2,acyclic,1,0,0,0,8,6,1,2,1
17,17,2,acyclic,1,1,1,1,8,6,0,0,1
33,0,2,acyclic,1,0,0,0,7,6,2,3,1
33,1,2,acyclic,1,1,1,1,7,6,1,2,1
33,32,2,acyclic,1,0,0,0,7,6,1,2,1
33,33,2,acyclic,1,1,1,1,7,6,0,0,1
65,0,2,acyclic,1,0,0,0,8,6,2,4,1
65,1,2,acyclic,1,1,1,1,8,6,1,2,1
65,64,2,acyclic,1,0,0,0,8,6,1,2,1
65,65,2,acyclic,1,1,1,1,8,6,0,0,1
129,0,2,acyclic,1,0,0,0,7,5,2,4,1
129,1,2,acyclic,1,1,1,1,7,5,1,2,1
129,128,2,acyclic,1,0,0,0,7,5,1,2,1
129,129,2,acyclic,1,1,1,1,7,5,0,0,1
257,0,2,acyclic,1,0,0,0,7,5,2,4,1
257,1,2,acyclic,1,1,1,1,7,5,1,2,1
257,256,2,acyclic,1,0,0,0,7,5,1,2,1
257,257,2,acyclic,1,1,1,1,7,5,0,0,1
513,0,2,acyclic,1,0,0,0,6,5,2,3,1
513,1,2,acyclic,1,1,1,1,6,5,1,2,1
513,512,2,acyclic,1,0,0,0,6,5,1,2,1
513,513,2,acyclic,1,1,1,1,6,5,0,0,1
1025,0,2,acyclic,1,0,0,0,7,6,2,3,1
1025,1,2,acyclic,1,1,1,1,7,6,1,2,1
1025,1024,2,acyclic,1,0,0,0,7,6,1,2,1
1025,1025,2,acyclic,1,1,1,1,7,6,0,0,1
2049,0,2,acyclic,1,0,0,0,8,6,2,4,1
2049,1,2,acyclic,1,1,1,1,8,6,1,2,1
2049,2048,2,acyclic,1,0,0,0,8,6,1,2,1
2049,2049,2,acyclic,1,1,1,1,8,6,0,0,1
4097,0,2,acyclic,1,0,0,0,7,5,2,4,1
4097,1,2,acyclic,1,1,1,1,7,5,1,2,1
4097,4096,2,acyclic,1,0,0,0,7,5,1,2,1
4097,4097,2,acyclic,1,1,1,1,7,5,0,0,1
8193,0,2,acyclic,1,0,0,0,7,5,2,4,1
8193,1,2,acyclic,1,1,1,1,7,5,1,2,1
8193,8192,2,acyclic,1,0,0,0,7,5,1,2,1
8193,8193,2,acyclic,1,1,1,1,7,5,0,0,1
16385,0,2,acyclic,1,0,0,0,6,5,2,3,1
16385,1,2,acyclic,1,1,1,1,6,5,1,2,1
16385,16384,2,acyclic,1,0,0,0,6,5,1,2,1
16385,16385,2,acyclic,1,1,1,1,6,5,0,0,1
32769,0,2,acyclic,1,0,0,0,7,5,2,4,1
32769,1,2,acyclic,1,1,1,1,7,5,1,2,1
32769,32768,2,acyclic,1,0,0,0,7,5,1,2,1
32769,32769,2,acyclic,1,1,1,1,7,5,0,0,1
65537,0,2,acyclic,1,0,0,0,7,5,2,4,1
65537,1,2,acyclic,1,1,1,1,7,5,1,2,1
65537,65536,2,acyclic,1,0,0,0,7,5,1,2,1
65537,65537,2,acyclic,1,1,1,1,7,5,0,0,1
131073,0,2,acyclic,1,0,0,0,5,3,2,3,1
131073,1,2,acyclic,1,1,1,1,5,3,1,1,1
131073,131072,2,acyclic,1,0,0,0,5,3,1,2,1
131073,131073,2,acyclic,1,1,1,1,5,3,0,0,1
262145,0,2,acyclic,1,0,0,0,5,3,2,3,1
262145,1,2,acyclic,1,1,1,1,5,3,1,1,1
262145,262144,2,acyclic,1,0,0,0,5,3,1,2,1
262145,262145,2,acyclic,1,1,1,1,5,3,0,0,1
524289,0,2,acyclic,1,0,0,0,5,3,2,3,1
524289,1,2,acyclic,1,1,1,1,5,3,1,1,1
524289,524288,2,acyclic,1,0,0,0,5,3,1,2,1
524289,524289,2,acyclic,1,1,1,1,5,3,0,0,1
6,0,2,acyclic,0,0,0,0,7,7,2,3,1
6,2,2,acyclic,0,0,0,0,7,7,1,2,1
6,4,2,acyclic,0,0,0,0,7,7,1,2,1
6,6,2,acyclic,0,0,0,0,7,7,0,0,1
10,0,2,acyclic,0,0,0,0,8,8,2,3,1
10,2,2,acyclic,0,0,0,0,8,8,1,2,1
10,8,2,acyclic,0,0,0,0,8,8,1,2,1
10,10,2,acyclic,0,0,0,0,8,8,0,0,1
18,0,2,acyclic,0,0,0,0,8,7,2,4,1
18,2,2,acyclic,0,0,0,0,8,7,1,2,1
18,16,2,acyclic,0,0,0,0,8,7,1,2,1
18,18,2,acyclic,0,0,0,0,8,7,0,0,1
34,0,2,acyclic,0,0,0,0,7,7,2,3,1
34,2,2,acyclic,0,0,0,0,7,7,1,2,1
34,32,2,acyclic,0,0,0,0,7,7,1,2,1
34,34,2,acyclic,0,0,0,0,7,7,0,0,1
66,0,2,acyclic,0,0,0,0,8,7,2,4,1
66,2,2,acyclic,0,0,0,0,8,7,1,2,1
66,64,2,acyclic,0,0,0,0,8,7,1,2,1
66,66,2,acyclic,0,0,0,0,8,7,0,0,1
130,0,2,acyclic,0,0,0,0,7,6,2,4,1
130,2,2,acyclic,0,0,0,0,7,6,1,2,1
130,128,2,acyclic,0,0,0,0,7,6,1,2,1
130,130,2,acyclic,0,0,0,0,7,6,0,0,1
258,0,2,acyclic,0,0,0,0,7,6,2,4,1
258,2,2,acyclic,0,0,0,0,7,6,1,2,1
258,256,2,acyclic,0,0,0,0,7,6,1,2,1
258,258,2,acyclic,0,0,0,0,7,6,0,0,1
514,0,2,acyclic,0,0,0,0,7,6,2,3,1
514,2,2,acyclic,0,0,0,0,7,6,1,2,1
514,512,2,acyclic,0,0,0,0,7,6,1,2,1
514,514,2,acyclic,0,0,0,0,7,6,0,0,1
1026,0,2,acyclic,0,0,0,0,8,7,2,3,1
1026,2,2,acyclic,0,0,0,0,8,7,1,2,1
1026,1024,2,acyclic,0,0,0,0,8,7,1,2,1
1026,1026,2,acyclic,0,0,0,0,8,7,0,0,1
2050,0,2,acyclic,0,0,0,0,8,7,2,4,1
2050,2,2,acyclic,0,0,0,0,8,7,1,4,1
2050,2048,2,acyclic,0,0,0,0,8,7,1,2,1
2050,2050,2,acyclic,0,0,0,0,8,7,0,0,1
4098,0,2,acyclic,0,0,0,0,8,6,2,4,1
4098,2,2,acyclic,0,0,0,0,8,6,1,2,1
4098,4096,2,acyclic,0,0,0,0,8,6,1,2,1
4098,4098,2,acyclic,0,0,0,0,8,6,0,0,1
8194,0,2,acyclic,0,0,0,0,7,6,2,4,1
8194,2,2,acyclic,0,0,0,0,7,6,1,4,1
8194,8192,2,acyclic,0,0,0,0,7,6,1,2,1
8194,8194,2,acyclic,0,0,0,0,7,6,0,0,1
16386,0,2,acyclic,0,0,0,0,7,6,2,3,1
16386,2,2,acyclic,0,0,0,0,7,6,1,2,1
16386,16384,2,acyclic,0,0,0,0,7,6,1,2,1
16386,16386,2,acyclic,0,0,0,0,7,6,0,0,1
32770,0,2,acyclic,0,0,0,0,8,6,2,4,1
32770,2,2,acyclic,0,0,0,0,8,6,1,2,1
32770,32768,2,acyclic,0,0,0,0,8,6,1,2,1
32770,32770,2,acyclic,0,0,0,0,8,6,0,0,1
65538,0,2,acyclic,0,0,0,0,7,6,2,4,1
65538,2,2,acyclic,0,0,0,0,7,6,1,4,1
65538,65536,2,acyclic,0,0,0,0,7,6,1,2,1
65538,65538,2,acyclic,0,0,0,0,7,6,0,0,1
131074,0,2,acyclic,0,0,0,0,6,4,2,3,1
131074,2,2,acyclic,0,0,0,0,6,4,1,1,1
131074,131072,2,acyclic,0,0,0,0,6,4,1,2,1
131074,131074,2,acyclic,0,0,0,0,6,4,0,0,1
262146,0,2,acyclic,0,0,0,0,6,4,2,3,1
262146,2,2,acyclic,0,0,0,0,6,4,1,1,1
262146,262144,2,acyclic,0,0,0,0,6,4,1,2,1
262146,262146,2,acyclic,0,0,0,0,6,4,0,0,1
524290,0,2,acyclic,1,0,0,0,5,4,2,3,1
524290,2,2,acyclic,1,0,0,0,5,4,1,3,1
524290,524288,2,acyclic,1,0,0,0,5,4,1,2,1
524290,524290,2,acyclic,1,1,1,1,5,4,0,0,1
12,0,2,acyclic,0,0,0,0,8,9,2,3,1
12,4,2,acyclic,0,0,0,0,8,9,1,2,1
12,8,2,acyclic,0,0,0,0,8,9,1,2,1
12,12,2,acyclic,0,0,0,0,8,9,0,0,1
20,0,2,acyclic,0,0,0,0,8,8,2,4,1
20,4,2,acyclic,0,0,0,0,8,8,1,2,1
20,16,2,acyclic,0,0,0,0,8,8,1,2,1
20,20,2,acyclic,0,0,0,0,8,8,0,0,1
36,0,2,acyclic,0,0,0,0,8,8,2,3,1
36,4,2,acyclic,0,0,0,0,8,8,1,2,1
36,32,2,acyclic,0,0,0,0,8,8,1,2,1
36,36,2,acyclic,0,0,0,0,8,8,0,0,1
68,0,2,acyclic,0,0,0,0,8,8,2,4,1
68,4,2,acyclic,0,0,0,0,8,8,1,4,1
68,64,2,acyclic,0,0,0,0,8,8,1,2,1
68,68,2,acyclic,0,0,0,0,8,8,0,0,1
132,0,2,acyclic,0,0,0,0,8,7,2,4,1
132,4,2,acyclic,0,0,0,0,8,7,1,2,1
132,128,2,acyclic,0,0,0,0,8,7,1,2,1
132,132,2,acyclic,0,0,0,0,8,7,0,0,1
260,0,2,acyclic,0,0,0,0,7,7,2,4,1
260,4,2,acyclic,0,0,0,0,7,7,1,4,1
260,256,2,acyclic,0,0,0,0,7,7,1,2,1
260,260,2,acyclic,0,0,0,0,7,7,0,0,1
516,0,2,acyclic,0,0,0,0,7,7,2,3,1
516,4,2,acyclic,0,0,0,0,7,7,1,2,1
516,512,2,acyclic,0,0,0,0,7,7,1,2,1
516,516,2,acyclic,0,0,0,0,7,7,0,0,1
1028,0,2,acyclic,0,0,0,0,8,8,2,3,1
1028,4,2,acyclic,0,0,0,0,8,8,1,2,1
1028,1024,2,acyclic,0,0,0,0,8,8,1,2,1
1028,1028,2,acyclic,0,0,0,0,8,8,0,0,1
2052,0,2,acyclic,0,0,0,0,8,8,2,4,1
2052,4,2,acyclic,0,0,0,0,8,8,1,4,1
2052,2048,2,acyclic,0,0,0,0,8,8,1,2,1
2052,2052,2,acyclic,0,0,0,0,8,8,0,0,1
4100,0,2,acyclic,0,0,0,0,8,7,2,4,1
4100,4,2,acyclic,0,0,0,0,8,7,1,2,1
4100,4096,2,acyclic,0,0,0,0,8,7,1,2,1
4100,4100,2,acyclic,0,0,0,0,8,7,0,0,1
8196,0,2,acyclic,0,0,0,0,7,7,2,4,1
8196,4,2,acyclic,0,0,0,0,7,7,1,4,1
8196,8192,2,acyclic,0,0,0,0,7,7,1,2,1
8196,8196,2,acyclic,0,0,0,0,7,7,0,0,1
16388,0,2,acyclic,0,0,0,0,8,7,2,3,1
16388,4,2,acyclic,0,0,0,0,8,7,1,2,1
16388,16384,2,acyclic,0,0,0,0,8,7,1,2,1
16388,16388,2,acyclic,0,0,0,0,8,7,0,0,1
32772,0,2,acyclic,0,0,0,0,8,7,2,4,1
32772,4,2,acyclic,0,0,0,0,8,7,1,4,1
32772,32768,2,acyclic,0,0,0,0,8,7,1,2,1
32772,32772,2,acyclic,0,0,0,0,8,7,0,0,1
65540,0,2,acyclic,0,0,0,0,8,7,2,4,1
65540,4,2,acyclic,0,0,0,0,8,7,1,4,1
65540,65536,2,acyclic,0,0,0,0,8,7,1,2,1
65540,65540,2,acyclic,0,0,0,0,8,7,0,0,1
131076,0,2,acyclic,0,0,0,0,7,5,2,3,1
131076,4,2,acyclic,0,0,0,0,7,5,1,1,1
131076,131072,2,acyclic,0,0,0,0,7,5,1,2,1
131076,131076,2,acyclic,0,0,0,0,7,5,0,0,1
262148,0,2,acyclic,0,0,0,0,6,5,2,3,1
262148,4,2,acyclic,0,0,0,0,6,5,1,3,1
262148,262144,2,acyclic,0,0,0,0,6,5,1,2,1
262148,262148,2,acyclic,0,0,0,0,6,5,0,0,1
524292,0,2,acyclic,0,0,0,0,6,5,2,3,1
524292,4,2,acyclic,0,0,0,0,6,5,1,3,1
524292,524288,2,acyclic,0,0,0,0,6,5,1,2,1
524292,524292,2,acyclic,0,0,0,0,6,5,0,0,1
24,0,2,acyclic,0,0,0,0,8,9,2,4,1
24,8,2,acyclic,0,0,0,0,8,9,1,4,1
24,16,2,acyclic,0,0,0,0,8,9,1,2,1
24,24,2,acyclic,0,0,0,0,8,9,0,0,1
40,0,2,acyclic,0,0,0,0,8,9,2,3,1
40,8,2,acyclic,0,0,0,0,8,9,1,2,1
40,32,2,acyclic,0,0,0,0,8,9,1,2,1
40,40,2,acyclic,0,0,0,0,8,9,0,0,1
72,0,2,acyclic,0,0,0,0,8,9,2,4,1
72,8,2,acyclic,0,0,0,0,8,9,1,4,1
72,64,2,acyclic,0,0,0,0,8,9,1,2,1
72,72,2,acyclic,0,0,0,0,8,9,0,0,1
136,0,2,acyclic,0,0,0,0,8,8,2,4,1
136,8,2,acyclic,0,0,0,0,8,8,1,4,1
136,128,2,acyclic,0,0,0,0,8,8,1,2,1
136,136,2,acyclic,0,0,0,0,8,8,0,0,1
264,0,2,acyclic,0,0,0,0,8,8,2,4,1
264,8,2,acyclic,0,0,0,0,8,8,1,4,1
264,256,2,acyclic,0,0,0,0,8,8,1,2,1
264,264,2,acyclic,0,0,0,0,8,8,0,0,1
520,0,2,acyclic,0,0,0,0,8,8,2,3,1
520,8,2,acyclic,0,0,0,0,8,8,1,2,1
520,512,2,acyclic,0,0,0,0,8,8,1,2,1
520,520,2,acyclic,0,0,0,0,8,8,0,0,1
1032,0,2,acyclic,0,0,0,0,8,9,2,3,1
1032,8,2,acyclic,0,0,0,0,8,9,1,2,1
1032,1024,2,acyclic,0,0,0,0,8,9,1,2,1
1032,1032,2,acyclic,0,0,0,0,8,9,0,0,1
2056,0,2,acyclic,0,0,0,0,8,9,2,4,1
2056,8,2,acyclic,0,0,0,0,8,9,1,4,1
2056,2048,2,acyclic,0,0,0,0,8,9,1,2,1
2056,2056,2,acyclic,0,0,0,0,8,9,0,0,1
4104,0,2,acyclic,0,0,0,0,8,8,2,4,1
4104,8,2,acyclic,0,0,0,0,8,8,1,4,1
4104,4096,2,acyclic,0,0,0,0,8,8,1,2,1
4104,4104,2,acyclic,0,0,0,0,8,8,0,0,1
8200,0,2,acyclic,0,0,0,0,8,8,2,4,1
8200,8,2,acyclic,0,0,0,0,8,8,1,4,1
8200,8192,2,acyclic,0,0,0,0,8,8,1,2,1
8200,8200,2,acyclic,0,0,0,0,8,8,0,0,1
16392,0,2,acyclic,0,0,0,0,8,8,2,3,1
16392,8,2,acyclic,0,0,0,0,8,8,1,2,1
16392,16384,2,acyclic,0,0,0,0,8,8,1,2,1
16392,16392,2,acyclic,0,0,0,0,8,8,0,0,1
32776,0,2,acyclic,0,0,0,0,8,8,2,4,1
32776,8,2,acyclic,0,0,0,0,8,8,1,4,1
32776,32768,2,acyclic,0,0,0,0,8,8,1,2,1
32776,32776,2,acyclic,0,0,0,0,8,8,0,0,1
65544,0,2,acyclic,0,0,0,0,8,8,2,4,1
65544,8,2,acyclic,0,0,0,0,8,8,1,4,1
65544,65536,2,acyclic,0,0,0,0,8,8,1,2,1
65544,65544,2,acyclic,0,0,0,0,8,8,0,0,1
131080,0,2,acyclic,0,0,0,0,7,6,2,3,1
131080,8,2,acyclic,0,0,0,0,7,6,1,3,1
131080,131072,2,acyclic,0,0,0,0,7,6,1,2,1
131080,131080,2,acyclic,0,0,0,0,7,6,0,0,1
262152,0,2,acyclic,0,0,0,0,7,6,2,3,1
262152,8,2,acyclic,0,0,0,0,7,6,1,3,1
262152,262144,2,acyclic,0,0,0,0,7,6,1,2,1
262152,262152,2,acyclic,0,0,0,0,7,6,0,0,1
524296,0,2,acyclic,0,0,0,0,7,6,2,3,1
524296,8,2,acyclic,0,0,0,0,7,6,1,3,1
524296,524288,2,acyclic,0,0,0,0,7,6,1,2,1
524296,524296,2,acyclic,0,0,0,0,7,6,0,0,1
48,0,2,acyclic,0,0,0,0,8,8,2,4,1
48,16,2,acyclic,0,0,0,0,8,8,1,2,1
48,32,2,acyclic,0,0,0,0,8,8,1,4,1
48,48,2,acyclic,0,0,0,0,8,8,0,0,1
80,0,2,layered,0,0,0,0,21,33,2,12,1
80,16,2,layered,0,0,0,0,21,33,1,10,1
80,64,2,layered,0,0,0,0,21,33,1,10,1
80,80,2,layered,0,0,0,0,21,33,0,0,1
144,0,2,acyclic,0,0,0,0,8,7,2,3,1
144,16,2,acyclic,0,0,0,0,8,7,1,2,1
144,128,2,acyclic,0,0,0,0,8,7,1,2,1
144,144,2,acyclic,0,0,0,0,8,7,0,0,1
272,0,2,acyclic,0,0,0,0,8,7,2,4,1
272,16,2,acyclic,0,0,0,0,8,7,1,4,1
272,256,2,acyclic,0,0,0,0,8,7,1,2,1
272,272,2,acyclic,0,0,0,0,8,7,0,0,1
528,0,2,acyclic,0,0,0,0,8,7,2,4,1
528,16,2,acyclic,0,0,0,0,8,7,1,2,1
528,512,2,acyclic,0,0,0,0,8,7,1,2,1
528,528,2,acyclic,0,0,0,0,8,7,0,0,1
1040,0,2,acyclic,0,0,0,0,8,8,2,4,1
1040,16,2,acyclic,0,0,0,0,8,8,1,2,1
1040,1024,2,acyclic,0,0,0,0,8,8,1,4,1
1040,1040,2,acyclic,0,0,0,0,8,8,0,0,1
2064,0,2,layered,0,0,0,0,21,33,2,12,1
2064,16,2,layered,0,0,0,0,21,33,1,10,1
2064,2048,2,layered,0,0,0,0,21,33,1,10,1
2064,2064,2,layered,0,0,0,0,21,33,0,0,1
4112,0,2,acyclic,0,0,0,0,8,7,2,3,1
4112,16,2,acyclic,0,0,0,0,8,7,1,2,1
4112,4096,2,acyclic,0,0,0,0,8,7,1,2,1
4112,4112,2,acyclic,0,0,0,0,8,7,0,0,1
8208,0,2,acyclic,0,0,0,0,8,7,2,4,1
8208,16,2,acyclic,0,0,0,0,8,7,1,4,1
8208,8192,2,acyclic,0,0,0,0,8,7,1,2,1
8208,8208,2,acyclic,0,0,0,0,8,7,0,0,1
16400,0,2,acyclic,0,0,0,0,8,7,2,4,1
16400,16,2,acyclic,0,0,0,0,8,7,1,2,1
16400,16384,2,acyclic,0,0,0,0,8,7,1,4,1
16400,16400,2,acyclic,0,0,0,0,8,7,0,0,1
32784,0,2,layered,0,0,0,0,21,30,2,12,1
32784,16,2,layered,0,0,0,0,21,30,1,10,1
32784,32768,2,layered,0,0,0,0,21,30,1,10,1
32784,32784,2,layered,0,0,0,0,21,30,0,0,1
65552,0,2,layered,0,0,0,0,21,30,2,12,1
65552,16,2,layered,0,0,0,0,21,30,1,10,1
65552,65536,2,layered,0,0,0,0,21,30,1,10,1
65552,65552,2,layered,0,0,0,0,21,30,0,0,1
131088,0,2,acyclic,0,0,0,0,7,5,2,2,1
131088,16,2,acyclic,0,0,0,0,7,5,1,1,1
131088,131072,2,acyclic,0,0,0,0,7,5,1,2,1
131088,131088,2,acyclic,0,0,0,0,7,5,0,0,1
262160,0,2,acyclic,0,0,0,0,7,5,2,3,1
262160,16,2,acyclic,0,0,0,0,7,5,1,3,1
262160,262144,2,acyclic,0,0,0,0,7,5,1,2,1
262160,262160,2,acyclic,0,0,0,0,7,5,0,0,1
524304,0,2,acyclic,0,0,0,0,7,5,2,3,1
524304,16,2,acyclic,0,0,0,0,7,5,1,3,1
524304,524288,2,acyclic,0,0,0,0,7,5,1,2,1
524304,524304,2,acyclic,0,0,0,0,7,5,0,0,1
96,0,2,acyclic,0,0,0,0,8,8,2,4,1
96,32,2,acyclic,0,0,0,0,8,8,1,2,1
96,64,2,acyclic,0,0,0,0,8,8,1,2,1
96,96,2,acyclic,0,0,0,0,8,8,0,0,1
160,0,2,acyclic,0,0,0,0,7,7,2,4,1
160,32,2,acyclic,0,0,0,0,7,7,1,4,1
160,128,2,acyclic,0,0,0,0,7,7,1,2,1
160,160,2,acyclic,0,0,0,0,7,7,0,0,1
288,0,2,acyclic,0,0,0,0,8,7,2,4,1
288,32,2,acyclic,0,0,0,0,8,7,1,2,1
288,256,2,acyclic,0,0,0,0,8,7,1,2,1
288,288,2,acyclic,0,0,0,0,8,7,0,0,1
544,0,2,acyclic,0,0,0,0,8,7,2,3,1
544,32,2,acyclic,0,0,0,0,8,7,1,2,1
544,512,2,acyclic,0,0,0,0,8,7,1,2,1
544,544,2,acyclic,0,0,0,0,8,7,0,0,1
1056,0,2,acyclic,0,0,0,0,8,8,2,3,1
1056,32,2,acyclic,0,0,0,0,8,8,1,2,1
1056,1024,2,acyclic,0,0,0,0,8,8,1,2,1
1056,1056,2,acyclic,0,0,0,0,8,8,0,0,1
2080,0,2,acyclic,0,0,0,0,8,8,2,4,1
2080,32,2,acyclic,0,0,0,0,8,8,1,4,1
2080,2048,2,acyclic,0,0,0,0,8,8,1,2,1
2080,2080,2,acyclic,0,0,0,0,8,8,0,0,1
4128,0,2,acyclic,0,0,0,0,8,7,2,4,1
4128,32,2,acyclic,0,0,0,0,8,7,1,4,1
4128,4096,2,acyclic,0,0,0,0,8,7,1,2,1
4128,4128,2,acyclic,0,0,0,0,8,7,0,0,1
8224,0,2,acyclic,0,0,0,0,8,7,2,4,1
8224,32,2,acyclic,0,0,0,0,8,7,1,4,1
8224,8192,2,acyclic,0,0,0,0,8,7,1,2,1
8224,8224,2,acyclic,0,0,0,0,8,7,0,0,1
16416,0,2,acyclic,0,0,0,0,7,7,2,3,1
16416,32,2,acyclic,0,0,0,0,7,7,1,2,1
16416,16384,2,acyclic,0,0,0,0,7,7,1,2,1
16416,16416,2,acyclic,0,0,0,0,7,7,0,0,1
32800,0,2,acyclic,0,0,0,0,8,7,2,4,1
32800,32,2,acyclic,0,0,0,0,8,7,1,2,1
32800,32768,2,acyclic,0,0,0,0,8,7,1,2,1
32800,32800,2,acyclic,0,0,0,0,8,7,0,0,1
65568,0,2,acyclic,0,0,0,0,7,7,2,4,1
65568,32,2,acyclic,0,0,0,0,7,7,1,4,1
65568,65536,2,acyclic,0,0,0,0,7,7,1,2,1
65568,65568,2,acyclic,0,0,0,0,7,7,0,0,1
131104,0,2,acyclic,0,0,0,0,6,5,2,3,1
131104,32,2,acyclic,0,0,0,0,6,5,1,3,1
131104,131072,2,acyclic,0,0,0,0,6,5,1,2,1
131104,131104,2,acyclic,0,0,0,0,6,5,0,0,1
262176,0,2,acyclic,0,0,0,0,7,5,2,3,1
262176,32,2,acyclic,0,0,0,0,7,5,1,1,1
262176,262144,2,acyclic,0,0,0,0,7,5,1,2,1
262176,262176,2,acyclic,0,0,0,0,7,5,0,0,1
524320,0,2,acyclic,0,0,0,0,6,5,2,3,1
524320,32,2,acyclic,0,0,0,0,6,5,1,3,1
524320,524288,2,acyclic,0,0,0,0,6,5,1,2,1
524320,524320,2,acyclic,0,0,0,0,6,5,0,0,1
192,0,2,acyclic,0,0,0,0,8,7,2,4,1
192,64,2,acyclic,0,0,0,0,8,7,1,4,1
192,128,2,acyclic,0,0,0,0,8,7,1,2,1
192,192,2,acyclic,0,0,0,0,8,7,0,0,1
320,0,2,acyclic,0,0,0,0,8,7,2,3,1
320,64,2,acyclic,0,0,0,0,8,7,1,2,1
320,256,2,acyclic,0,0,0,0,8,7,1,2,1
320,320,2,acyclic,0,0,0,0,8,7,0,0,1
576,0,2,acyclic,0,0,0,0,8,7,2,4,1
576,64,2,acyclic,0,0,0,0,8,7,1,2,1
576,512,2,acyclic,0,0,0,0,8,7,1,4,1
576,576,2,acyclic,0,0,0,0,8,7,0,0,1
1088,0,2,acyclic,0,0,0,0,8,8,2,4,1
1088,64,2,acyclic,0,0,0,0,8,8,1,2,1
1088,1024,2,acyclic,0,0,0,0,8,8,1,4,1
1088,1088,2,acyclic,0,0,0,0,8,8,0,0,1
2112,0,2,layered,0,0,0,0,21,33,2,12,1
2112,64,2,layered,0,0,0,0,21,33,1,10,1
2112,2048,2,layered,0,0,0,0,21,33,1,10,1
2112,2112,2,layered,0,0,0,0,21,33,0,0,1
4160,0,2,layered,0,0,0,0,21,30,2,12,1
4160,64,2,layered,0,0,0,0,21,30,1,10,1
4160,4096,2,layered,0,0,0,0,21,30,1,10,1
4160,4160,2,layered,0,0,0,0,21,30,0,0,1
8256,0,2,layered,0,0,0,0,21,30,2,12,1
8256,64,2,layered,0,0,0,0,21,30,1,10,1
8256,8192,2,layered,0,0,0,0,21,30,1,10,1
8256,8256,2,layered,0,0,0,0,21,30,0,0,1
16448,0,2,acyclic,0,0,0,0,8,7,2,4,1
16448,64,2,acyclic,0,0,0,0,8,7,1,2,1
16448,16384,2,acyclic,0,0,0,0,8,7,1,2,1
16448,16448,2,acyclic,0,0,0,0,8,7,0,0,1
32832,0,2,acyclic,0,0,0,0,8,7,2,3,1
32832,64,2,acyclic,0,0,0,0,8,7,1,2,1
32832,32768,2,acyclic,0,0,0,0,8,7,1,2,1
32832,32832,2,acyclic,0,0,0,0,8,7,0,0,1
65600,0,2,acyclic,0,0,0,0,8,7,2,4,1
65600,64,2,acyclic,0,0,0,0,8,7,1,4,1
65600,65536,2,acyclic,0,0,0,0,8,7,1,2,1
65600,65600,2,acyclic,0,0,0,0,8,7,0,0,1
131136,0,2,acyclic,0,0,0,0,7,5,2,3,1
131136,64,2,acyclic,0,0,0,0,7,5,1,3,1
131136,131072,2,acyclic,0,0,0,0,7,5,1,2,1
131136,131136,2,acyclic,0,0,0,0,7,5,0,0,1
262208,0,2,acyclic,0,0,0,0,7,5,2,2,1
262208,64,2,acyclic,0,0,0,0,7,5,1,1,1
262208,262144,2,acyclic,0,0,0,0,7,5,1,2,1
262208,262208,2,acyclic,0,0,0,0,7,5,0,0,1
524352,0,2,acyclic,0,0,0,0,7,5,2,3,1
524352,64,2,acyclic,0,0,0,0,7,5,1,3,1
524352,524288,2,acyclic,0,0,0,0,7,5,1,2,1
524352,524352,2,acyclic,0,0,0,0,7,5,0,0,1
384,0,2,acyclic,0,0,0,0,8,6,2,4,1
384,128,2,acyclic,0,0,0,0,8,6,1,2,1
384,256,2,acyclic,0,0,0,0,8,6,1,2,1
384,384,2,acyclic,0,0,0,0,8,6,0,0,1
640,0,2,acyclic,0,0,0,0,8,6,2,4,1
640,128,2,acyclic,0,0,0,0,8,6,1,2,1
640,512,2,acyclic,0,0,0,0,8,6,1,2,1
640,640,2,acyclic,0,0,0,0,8,6,0,0,1
1152,0,2,acyclic,0,0,0,0,8,7,2,4,1
1152,128,2,acyclic,0,0,0,0,8,7,1,2,1
1152,1024,2,acyclic,0,0,0,0,8,7,1,4,1
1152,1152,2,acyclic,0,0,0,0,8,7,0,0,1
2176,0,2,layered,0,0,0,0,21,30,2,12,1
2176,128,2,layered,0,0,0,0,21,30,1,10,1
2176,2048,2,layered,0,0,0,0,21,30,1,10,1
2176,2176,2,layered,0,0,0,0,21,30,0,0,1
4224,0,2,acyclic,0,0,0,0,8,6,2,3,1
4224,128,2,acyclic,0,0,0,0,8,6,1,2,1
4224,4096,2,acyclic,0,0,0,0,8,6,1,2,1
4224,4224,2,acyclic,0,0,0,0,8,6,0,0,1
8320,0,2,acyclic,0,0,0,0,8,6,2,4,1
8320,128,2,acyclic,0,0,0,0,8,6,1,4,1
8320,8192,2,acyclic,0,0,0,0,8,6,1,2,1
8320,8320,2,acyclic,0,0,0,0,8,6,0,0,1
16512,0,2,acyclic,0,0,0,0,7,6,2,4,1
16512,128,2,acyclic,0,0,0,0,7,6,1,2,1
16512,16384,2,acyclic,0,0,0,0,7,6,1,4,1
16512,16512,2,acyclic,0,0,0,0,7,6,0,0,1
32896,0,2,acyclic,0,0,0,0,8,6,2,4,1
32896,128,2,acyclic,0,0,0,0,8,6,1,2,1
32896,32768,2,acyclic,0,0,0,0,8,6,1,4,1
32896,32896,2,acyclic,0,0,0,0,8,6,0,0,1
65664,0,2,layered,0,0,0,0,13,16,2,8,1
65664,128,2,layered,0,0,0,0,13,16,1,6,1
65664,65536,2,layered,0,0,0,0,13,16,1,6,1
65664,65664,2,layered,0,0,0,0,13,16,0,0,1
131200,0,2,acyclic,0,0,0,0,6,4,2,2,1
131200,128,2,acyclic,0,0,0,0,6,4,1,1,1
131200,131072,2,acyclic,0,0,0,0,6,4,1,2,1
131200,131200,2,acyclic,0,0,0,0,6,4,0,0,1
262272,0,2,acyclic,0,0,0,0,7,4,2,3,1
262272,128,2,acyclic,0,0,0,0,7,4,1,1,1
262272,262144,2,acyclic,0,0,0,0,7,4,1,2,1
262272,262272,2,acyclic,0,0,0,0,7,4,0,0,1
524416,0,2,acyclic,0,0,0,0,6,4,2,3,1
524416,128,2,acyclic,0,0,0,0,6,4,1,3,1
524416,524288,2,acyclic,0,0,0,0,6,4,1,2,1
524416,524416,2,acyclic,0,0,0,0,6,4,0,0,1
768,0,2,acyclic,0,0,0,0,7,6,2,4,1
768,256,2,acyclic,0,0,0,0,7,6,1,2,1
768,512,2,acyclic,0,0,0,0,7,6,1,4,1
768,768,2,acyclic,0,0,0,0,7,6,0,0,1
1280,0,2,acyclic,0,0,0,0,8,7,2,4,1
1280,256,2,acyclic,0,0,0,0,8,7,1,2,1
1280,1024,2,acyclic,0,0,0,0,8,7,1,4,1
1280,1280,2,acyclic,0,0,0,0,8,7,0,0,1
2304,0,2,layered,0,0,0,0,21,30,2,12,1
2304,256,2,layered,0,0,0,0,21,30,1,10,1
2304,2048,2,layered,0,0,0,0,21,30,1,10,1
2304,2304,2,layered,0,0,0,0,21,30,0,0,1
4352,0,2,acyclic,0,0,0,0,8,6,2,4,1
4352,256,2,acyclic,0,0,0,0,8,6,1,2,1
4352,4096,2,acyclic,0,0,0,0,8,6,1,4,1
4352,4352,2,acyclic,0,0,0,0,8,6,0,0,1
8448,0,2,layered,0,0,0,0,13,16,2,8,1
8448,256,2,layered,0,0,0,0,13,16,1,6,1
8448,8192,2,layered,0,0,0,0,13,16,1,6,1
8448,8448,2,layered,0,0,0,0,13,16,0,0,1
16640,0,2,acyclic,0,0,0,0,8,6,2,4,1
16640,256,2,acyclic,0,0,0,0,8,6,1,2,1
16640,16384,2,acyclic,0,0,0,0,8,6,1,2,1
16640,16640,2,acyclic,0,0,0,0,8,6,0,0,1
33024,0,2,acyclic,0,0,0,0,8,6,2,3,1
33024,256,2,acyclic,0,0,0,0,8,6,1,2,1
33024,32768,2,acyclic,0,0,0,0,8,6,1,2,1
33024,33024,2,acyclic,0,0,0,0,8,6,0,0,1
65792,0,2,acyclic,0,0,0,0,8,6,2,4,1
65792,256,2,acyclic,0,0,0,0,8,6,1,4,1
65792,65536,2,acyclic,0,0,0,0,8,6,1,2,1
65792,65792,2,acyclic,0,0,0,0,8,6,0,0,1
131328,0,2,acyclic,0,0,0,0,7,4,2,3,1
131328,256,2,acyclic,0,0,0,0,7,4,1,1,1
131328,131072,2,acyclic,0,0,0,0,7,4,1,2,1
131328,131328,2,acyclic,0,0,0,0,7,4,0,0,1
262400,0,2,acyclic,0,0,0,0,6,4,2,2,1
262400,256,2,acyclic,0,0,0,0,6,4,1,1,1
262400,262144,2,acyclic,0,0,0,0,6,4,1,2,1
262400,262400,2,acyclic,0,0,0,0,6,4,0,0,1
524544,0,2,acyclic,0,0,0,0,6,4,2,3,1
524544,256,2,acyclic,0,0,0,0,6,4,1,3,1
524544,524288,2,acyclic,0,0,0,0,6,4,1,2,1
524544,524544,2,acyclic,0,0,0,0,6,4,0,0,1
1536,0,2,acyclic,0,0,0,0,7,7,2,3,1
1536,512,2,acyclic,0,0,0,0,7,7,1,2,1
1536,1024,2,acyclic,0,0,0,0,7,7,1,2,1
1536,1536,2,acyclic,0,0,0,0,7,7,0,0,1
2560,0,2,acyclic,0,0,0,0,8,7,2,4,1
2560,512,2,acyclic,0,0,0,0,8,7,1,2,1
2560,2048,2,acyclic,0,0,0,0,8,7,1,2,1
2560,2560,2,acyclic,0,0,0,0,8,7,0,0,1
4608,0,2,acyclic,0,0,0,0,7,6,2,4,1
4608,512,2,acyclic,0,0,0,0,7,6,1,2,1
4608,4096,2,acyclic,0,0,0,0,7,6,1,2,1
4608,4608,2,acyclic,0,0,0,0,7,6,0,0,1
8704,0,2,acyclic,0,0,0,0,7,6,2,4,1
8704,512,2,acyclic,0,0,0,0,7,6,1,2,1
8704,8192,2,acyclic,0,0,0,0,7,6,1,2,1
8704,8704,2,acyclic,0,0,0,0,7,6,0,0,1
16896,0,2,acyclic,0,0,0,0,7,6,2,3,1
16896,512,2,acyclic,0,0,0,0,7,6,1,2,1
16896,16384,2,acyclic,0,0,0,0,7,6,1,2,1
16896,16896,2,acyclic,0,0,0,0,7,6,0,0,1
33280,0,2,acyclic,0,0,0,0,7,6,2,4,1
33280,512,2,acyclic,0,0,0,0,7,6,1,4,1
33280,32768,2,acyclic,0,0,0,0,7,6,1,2,1
33280,33280,2,acyclic,0,0,0,0,7,6,0,0,1
66048,0,2,acyclic,0,0,0,0,8,6,2,4,1
66048,512,2,acyclic,0,0,0,0,8,6,1,2,1
66048,65536,2,acyclic,0,0,0,0,8,6,1,2,1
66048,66048,2,acyclic,0,0,0,0,8,6,0,0,1
131584,0,2,acyclic,0,0,0,0,6,4,2,3,1
131584,512,2,acyclic,0,0,0,0,6,4,1,1,1
131584,131072,2,acyclic,0,0,0,0,6,4,1,2,1
131584,131584,2,acyclic,0,0,0,0,6,4,0,0,1
262656,0,2,acyclic,1,0,0,0,5,4,2,3,1
262656,512,2,acyclic,1,0,0,0,5,4,1,3,1
262656,262144,2,acyclic,1,0,0,0,5,4,1,2,1
262656,262656,2,acyclic,1,1,1,1,5,4,0,0,1
524800,0,2,acyclic,0,0,0,0,6,4,2,3,1
524800,512,2,acyclic,0,0,0,0,6,4,1,1,1
524800,524288,2,acyclic,0,0,0,0,6,4,1,2,1
524800,524800,2,acyclic,0,0,0,0,6,4,0,0,1
3072,0,2,acyclic,0,0,0,0,8,8,2,4,1
3072,1024,2,acyclic,0,0,0,0,8,8,1,2,1
3072,2048,2,acyclic,0,0,0,0,8,8,1,2,1
3072,3072,2,acyclic,0,0,0,0,8,8,0,0,1
5120,0,2,acyclic,0,0,0,0,7,7,2,4,1
5120,1024,2,acyclic,0,0,0,0,7,7,1,4,1
5120,4096,2,acyclic,0,0,0,0,7,7,1,2,1
5120,5120,2,acyclic,0,0,0,0,7,7,0,0,1
9216,0,2,acyclic,0,0,0,0,8,7,2,4,1
9216,1024,2,acyclic,0,0,0,0,8,7,1,2,1
9216,8192,2,acyclic,0,0,0,0,8,7,1,2,1
9216,9216,2,acyclic,0,0,0,0,8,7,0,0,1
17408,0,2,acyclic,0,0,0,0,7,7,2,3,1
17408,1024,2,acyclic,0,0,0,0,7,7,1,2,1
17408,16384,2,acyclic,0,0,0,0,7,7,1,2,1
17408,17408,2,acyclic,0,0,0,0,7,7,0,0,1
33792,0,2,acyclic,0,0,0,0,7,7,2,4,1
33792,1024,2,acyclic,0,0,0,0,7,7,1,4,1
33792,32768,2,acyclic,0,0,0,0,7,7,1,2,1
33792,33792,2,acyclic,0,0,0,0,7,7,0,0,1
66560,0,2,acyclic,0,0,0,0,8,7,2,4,1
66560,1024,2,acyclic,0,0,0,0,8,7,1,2,1
66560,65536,2,acyclic,0,0,0,0,8,7,1,2,1
66560,66560,2,acyclic,0,0,0,0,8,7,0,0,1
132096,0,2,acyclic,0,0,0,0,6,5,2,3,1
132096,1024,2,acyclic,0,0,0,0,6,5,1,3,1
132096,131072,2,acyclic,0,0,0,0,6,5,1,2,1
132096,132096,2,acyclic,0,0,0,0,6,5,0,0,1
263168,0,2,acyclic,0,0,0,0,6,5,2,3,1
263168,1024,2,acyclic,0,0,0,0,6,5,1,3,1
263168,262144,2,acyclic,0,0,0,0,6,5,1,2,1
263168,263168,2,acyclic,0,0,0,0,6,5,0,0,1
525312,0,2,acyclic,0,0,0,0,7,5,2,3,1
525312,1024,2,acyclic,0,0,0,0,7,5,1,1,1
525312,524288,2,acyclic,0,0,0,0,7,5,1,2,1
525312,525312,2,acyclic,0,0,0,0,7,5,0,0,1
6144,0,2,acyclic,0,0,0,0,8,7,2,4,1
6144,2048,2,acyclic,0,0,0,0,8,7,1,4,1
6144,4096,2,acyclic,0,0,0,0,8,7,1,2,1
6144,6144,2,acyclic,0,0,0,0,8,7,0,0,1
10240,0,2,acyclic,0,0,0,0,8,7,2,3,1
10240,2048,2,acyclic,0,0,0,0,8,7,1,2,1
10240,8192,2,acyclic,0,0,0,0,8,7,1,2,1
10240,10240,2,acyclic,0,0,0,0,8,7,0,0,1
18432,0,2,acyclic,0,0,0,0,8,7,2,4,1
18432,2048,2,acyclic,0,0,0,0,8,7,1,2,1
18432,16384,2,acyclic,0,0,0,0,8,7,1,2,1
18432,18432,2,acyclic,0,0,0,0,8,7,0,0,1
34816,0,2,acyclic,0,0,0,0,8,7,2,4,1
34816,2048,2,acyclic,0,0,0,0,8,7,1,4,1
34816,32768,2,acyclic,0,0,0,0,8,7,1,2,1
34816,34816,2,acyclic,0,0,0,0,8,7,0,0,1
67584,0,2,acyclic,0,0,0,0,8,7,2,3,1
67584,2048,2,acyclic,0,0,0,0,8,7,1,2,1
67584,65536,2,acyclic,0,0,0,0,8,7,1,2,1
67584,67584,2,acyclic,0,0,0,0,8,7,0,0,1
133120,0,2,acyclic,0,0,0,0,7,5,2,3,1
133120,2048,2,acyclic,0,0,0,0,7,5,1,3,1
133120,131072,2,acyclic,0,0,0,0,7,5,1,2,1
133120,133120,2,acyclic,0,0,0,0,7,5,0,0,1
264192,0,2,acyclic,0,0,0,0,7,5,2,3,1
264192,2048,2,acyclic,0,0,0,0,7,5,1,3,1
264192,262144,2,acyclic,0,0,0,0,7,5,1,2,1
264192,264192,2,acyclic,0,0,0,0,7,5,0,0,1
526336,0,2,acyclic,0,0,0,0,7,5,2,2,1
526336,2048,2,acyclic,0,0,0,0,7,5,1,1,1
526336,524288,2,acyclic,0,0,0,0,7,5,1,2,1
526336,526336,2,acyclic,0,0,0,0,7,5,0,0,1
12288,0,2,acyclic,0,0,0,0,8,6,2,4,1
12288,4096,2,acyclic,0,0,0,0,8,6,1,2,1
12288,8192,2,acyclic,0,0,0,0,8,6,1,2,1
12288,12288,2,acyclic,0,0,0,0,8,6,0,0,1
20480,0,2,acyclic,0,0,0,0,7,6,2,4,1
20480,4096,2,acyclic,0,0,0,0,7,6,1,2,1
20480,16384,2,acyclic,0,0,0,0,7,6,1,4,1
20480,20480,2,acyclic,0,0,0,0,7,6,0,0,1
36864,0,2,layered,0,0,0,0,13,16,2,8,1
36864,4096,2,layered,0,0,0,0,13,16,1,6,1
36864,32768,2,layered,0,0,0,0,13,16,1,6,1
36864,36864,2,layered,0,0,0,0,13,16,0,0,1
69632,0,2,acyclic,0,0,0,0,8,6,2,4,1
69632,4096,2,acyclic,0,0,0,0,8,6,1,2,1
69632,65536,2,acyclic,0,0,0,0,8,6,1,4,1
69632,69632,2,acyclic,0,0,0,0,8,6,0,0,1
135168,0,2,acyclic,0,0,0,0,6,4,2,2,1
135168,4096,2,acyclic,0,0,0,0,6,4,1,1,1
135168,131072,2,acyclic,0,0,0,0,6,4,1,2,1
135168,135168,2,acyclic,0,0,0,0,6,4,0,0,1
266240,0,2,acyclic,0,0,0,0,6,4,2,3,1
266240,4096,2,acyclic,0,0,0,0,6,4,1,3,1
266240,262144,2,acyclic,0,0,0,0,6,4,1,2,1
266240,266240,2,acyclic,0,0,0,0,6,4,0,0,1
528384,0,2,acyclic,0,0,0,0,7,4,2,3,1
528384,4096,2,acyclic,0,0,0,0,7,4,1,1,1
528384,524288,2,acyclic,0,0,0,0,7,4,1,2,1
528384,528384,2,acyclic,0,0,0,0,7,4,0,0,1
24576,0,2,acyclic,0,0,0,0,8,6,2,4,1
24576,8192,2,acyclic,0,0,0,0,8,6,1,2,1
24576,16384,2,acyclic,0,0,0,0,8,6,1,2,1
24576,24576,2,acyclic,0,0,0,0,8,6,0,0,1
40960,0,2,acyclic,0,0,0,0,8,6,2,4,1
40960,8192,2,acyclic,0,0,0,0,8,6,1,4,1
40960,32768,2,acyclic,0,0,0,0,8,6,1,2,1
40960,40960,2,acyclic,0,0,0,0,8,6,0,0,1
73728,0,2,acyclic,0,0,0,0,8,6,2,3,1
73728,8192,2,acyclic,0,0,0,0,8,6,1,2,1
73728,65536,2,acyclic,0,0,0,0,8,6,1,2,1
73728,73728,2,acyclic,0,0,0,0,8,6,0,0,1
139264,0,2,acyclic,0,0,0,0,7,4,2,3,1
139264,8192,2,acyclic,0,0,0,0,7,4,1,1,1
139264,131072,2,acyclic,0,0,0,0,7,4,1,2,1
139264,139264,2,acyclic,0,0,0,0,7,4,0,0,1
270336,0,2,acyclic,0,0,0,0,6,4,2,3,1
270336,8192,2,acyclic,0,0,0,0,6,4,1,3,1
270336,262144,2,acyclic,0,0,0,0,6,4,1,2,1
270336,270336,2,acyclic,0,0,0,0,6,4,0,0,1
532480,0,2,acyclic,0,0,0,0,6,4,2,2,1
532480,8192,2,acyclic,0,0,0,0,6,4,1,1,1
532480,524288,2,acyclic,0,0,0,0,6,4,1,2,1
532480,532480,2,acyclic,0,0,0,0,6,4,0,0,1
49152,0,2,acyclic,0,0,0,0,7,6,2,4,1
49152,16384,2,acyclic,0,0,0,0,7,6,1,2,1
49152,32768,2,acyclic,0,0,0,0,7,6,1,2,1
49152,49152,2,acyclic,0,0,0,0,7,6,0,0,1
81920,0,2,acyclic,0,0,0,0,7,6,2,4,1
81920,16384,2,acyclic,0,0,0,0,7,6,1,2,1
81920,65536,2,acyclic,0,0,0,0,7,6,1,2,1
81920,81920,2,acyclic,0,0,0,0,7,6,0,0,1
147456,0,2,acyclic,1,0,0,0,5,4,2,3,1
147456,16384,2,acyclic,1,0,0,0,5,4,1,3,1
147456,131072,2,acyclic,1,0,0,0,5,4,1,2,1
147456,147456,2,acyclic,1,1,1,1,5,4,0,0,1
278528,0,2,acyclic,0,0,0,0,6,4,2,3,1
278528,16384,2,acyclic,0,0,0,0,6,4,1,1,1
278528,262144,2,acyclic,0,0,0,0,6,4,1,2,1
278528,278528,2,acyclic,0,0,0,0,6,4,0,0,1
540672,0,2,acyclic,0,0,0,0,6,4,2,3,1
540672,16384,2,acyclic,0,0,0,0,6,4,1,1,1
540672,524288,2,acyclic,0,0,0,0,6,4,1,2,1
540672,540672,2,acyclic,0,0,0,0,6,4,0,0,1
98304,0,2,acyclic,0,0,0,0,8,6,2,4,1
98304,32768,2,acyclic,0,0,0,0,8,6,1,2,1
98304,65536,2,acyclic,0,0,0,0,8,6,1,2,1
98304,98304,2,acyclic,0,0,0,0,8,6,0,0,1
163840,0,2,acyclic,0,0,0,0,6,4,2,3,1
163840,32768,2,acyclic,0,0,0,0,6,4,1,3,1
163840,131072,2,acyclic,0,0,0,0,6,4,1,2,1
163840,163840,2,acyclic,0,0,0,0,6,4,0,0,1
294912,0,2,acyclic,0,0,0,0,6,4,2,2,1
294912,32768,2,acyclic,0,0,0,0,6,4,1,1,1
294912,262144,2,acyclic,0,0,0,0,6,4,1,2,1
294912,294912,2,acyclic,0,0,0,0,6,4,0,0,1
557056,0,2,acyclic,0,0,0,0,7,4,2,3,1
557056,32768,2,acyclic,0,0,0,0,7,4,1,1,1
557056,524288,2,acyclic,0,0,0,0,7,4,1,2,1
557056,557056,2,acyclic,0,0,0,0,7,4,0,0,1
196608,0,2,acyclic,0,0,0,0,6,4,2,3,1
196608,65536,2,acyclic,0,0,0,0,6,4,1,3,1
196608,131072,2,acyclic,0,0,0,0,6,4,1,2,1
196608,196608,2,acyclic,0,0,0,0,6,4,0,0,1
327680,0,2,acyclic,0,0,0,0,7,4,2,3,1
327680,65536,2,acyclic,0,0,0,0,7,4,1,1,1
327680,262144,2,acyclic,0,0,0,0,7,4,1,2,1
327680,327680,2,acyclic,0,0,0,0,7,4,0,0,1
589824,0,2,acyclic,0,0,0,0,6,4,2,2,1
589824,65536,2,acyclic,0,0,0,0,6,4,1,1,1
589824,524288,2,acyclic,0,0,0,0,6,4,1,2,1
589824,589824,2,acyclic,0,0,0,0,6,4,0,0,1
393216,0,2,acyclic,0,0,0,0,5,2,2,2,1
393216,131072,2,acyclic,0,0,0,0,5,2,1,1,1
393216,262144,2,acyclic,0,0,0,0,5,2,1,1,1
393216,393216,2,acyclic,0,0,0,0,5,2,0,0,1
655360,0,2,acyclic,0,0,0,0,5,2,2,2,1
655360,131072,2,acyclic,0,0,0,0,5,2,1,1,1
655360,524288,2,acyclic,0,0,0,0,5,2,1,1,1
655360,655360,2,acyclic,0,0,0,0,5,2,0,0,1
786432,0,2,acyclic,0,0,0,0,5,2,2,2,1
786432,262144,2,acyclic,0,0,0,0,5,2,1,1,1
786432,524288,2,acyclic,0,0,0,0,5,2,1,1,1
786432,786432,2,acyclic,0,0,0,0,5,2,0,0,1
7,0,3,acyclic,1,0,0,0,9,9,3,4,1
7,1,3,acyclic,1,1,1,1,9,9,2,3,1
7,2,3,acyclic,1,0,0,0,9,9,2,3,1
7,3,3,acyclic,1,1,1,1,9,9,1,2,1
7,4,3,acyclic,1,0,0,0,9,9,2,3,1
7,5,3,acyclic,1,1,1,1,9,9,1,2,1
7,6,3,acyclic,1,0,0,0,9,9,1,2,1
7,7,3,acyclic,1,1,1,1,9,9,0,0,1
11,0,3,acyclic,1,0,0,0,10,10,3,4,1
11,1,3,acyclic,1,1,1,1,10,10,2,3,1
11,2,3,acyclic,1,0,0,0,10,10,2,3,1
11,3,3,acyclic,1,1,1,1,10,10,1,2,1
11,8,3,acyclic,1,0,0,0,10,10,2,3,1
11,9,3,acyclic,1,1,1,1,10,10,1,2,1
11,10,3,acyclic,1,0,0,0,10,10,1,2,1
11,11,3,acyclic,1,1,1,1,10,10,0,0,1
19,0,3,acyclic,1,0,0,0,10,9,3,5,1
19,1,3,acyclic,1,1,1,1,10,9,2,4,1
19,2,3,acyclic,1,0,0,0,10,9,2,4,1
19,3,3,acyclic,1,1,1,1,10,9,1,2,1
19,16,3,acyclic,1,0,0,0,10,9,2,3,1
19,17,3,acyclic,1,1,1,1,10,9,1,2,1
19,18,3,acyclic,1,0,0,0,10,9,1,2,1
19,19,3,acyclic,1,1,1,1,10,9,0,0,1
35,0,3,acyclic,1,0,0,0,9,9,3,4,1
35,1,3,acyclic,1,1,1,1,9,9,2,3,1
35,2,3,acyclic,1,0,0,0,9,9,2,3,1
35,3,3,acyclic,1,1,1,1,9,9,1,2,1
35,32,3,acyclic,1,0,0,0,9,9,2,3,1
35,33,3,acyclic,1,1,1,1,9,9,1,2,1
35,34,3,acyclic,1,0,0,0,9,9,1,2,1
35,35,3,acyclic,1,1,1,1,9,9,0,0,1
67,0,3,acyclic,1,0,0,0,10,9,3,5,1
67,1,3,acyclic,1,1,1,1,10,9,2,4,1
67,2,3,acyclic,1,0,0,0,10,9,2,4,1
67,3,3,acyclic,1,1,1,1,10,9,1,2,1
67,64,3,acyclic,1,0,0,0,10,9,2,3,1
67,65,3,acyclic,1,1,1,1,10,9,1,2,1
67,66,3,acyclic,1,0,0,0,10,9,1,2,1
67,67,3,acyclic,1,1,1,1,10,9,0,0,1
131,0,3,acyclic,1,0,0,0,9,8,3,5,1
131,1,3,acyclic,1,1,1,1,9,8,2,4,1
131,2,3,acyclic,1,0,0,0,9,8,2,4,1
131,3,3,acyclic,1,1,1,1,9,8,1,2,1
131,128,3,acyclic,1,0,0,0,9,8,2,3,1
131,129,3,acyclic,1,1,1,1,9,8,1,2,1
131,130,3,acyclic,1,0,0,0,9,8,1,2,1
131,131,3,acyclic,1,1,1,1,9,8,0,0,1
259,0,3,acyclic,1,0,0,0,9,8,3,5,1
259,1,3,acyclic,1,1,1,1,9,8,2,4,1
259,2,3,acyclic,1,0,0,0,9,8,2,4,1
259,3,3,acyclic,1,1,1,1,9,8,1,2,1
259,256,3,acyclic,1,0,0,0,9,8,2,3,1
259,257,3,acyclic,1,1,1,1,9,8,1,2,1
259,258,3,acyclic,1,0,0,0,9,8,1,2,1
259,259,3,acyclic,1,1,1,1,9,8,0,0,1
515,0,3,acyclic,1,0,0,0,9,8,3,4,1
515,1,3,acyclic,1,1,1,1,9,8,2,3,1
515,2,3,acyclic,1,0,0,0,9,8,2,3,1
515,3,3,acyclic,1,1,1,1,9,8,1,2,1
515,512,3,acyclic,1,0,0,0,9,8,2,3,1
515,513,3,acyclic,1,1,1,1,9,8,1,2,1
515,514,3,acyclic,1,0,0,0,9,8,1,2,1
515,515,3,acyclic,1,1,1,1,9,8,0,0,1
1027,0,3,acyclic,1,0,0,0,10,9,3,4,1
1027,1,3,acyclic,1,1,1,1,10,9,2,3,1
1027,2,3,acyclic,1,0,0,0,10,9,2,3,1
1027,3,3,acyclic,1,1,1,1,10,9,1,2,1
1027,1024,3,acyclic,1,0,0,0,10,9,2,3,1
1027,1025,3,acyclic,1,1,1,1,10,9,1,2,1
1027,1026,3,acyclic,1,0,0,0,10,9,1,2,1
1027,1027,3,acyclic,1,1,1,1,10,9,0,0,1
2051,0,3,acyclic,1,0,0,0,10,9,3,5,1
2051,1,3,acyclic,1,1,1,1,10,9,2,4,1
2051,2,3,acyclic,1,0,0,0,10,9,2,5,1
2051,3,3,acyclic,1,1,1,1,10,9,1,4,1
2051,2048,3,acyclic,1,0,0,0,10,9,2,3,1
2051,2049,3,acyclic,1,1,1,1,10,9,1,2,1
2051,2050,3,acyclic,1,0,0,0,10,9,1,2,1
2051,2051,3,acyclic,1,1,1,1,10,9,0,0,1
4099,0,3,acyclic,1,0,0,0,10,8,3,5,1
4099,1,3,acyclic,1,1,1,1,10,8,2,4,1
4099,2,3,acyclic,1,0,0,0,10,8,2,4,1
4099,3,3,acyclic,1,1,1,1,10,8,1,2,1
4099,4096,3,acyclic,1,0,0,0,10,8,2,3,1
4099,4097,3,acyclic,1,1,1,1,10,8,1,2,1
4099,4098,3,acyclic,1,0,0,0,10,8,1,2,1
4099,4099,3,acyclic,1,1,1,1,10,8,0,0,1
8195,0,3,acyclic,1,0,0,0,9,8,3,5,1
8195,1,3,acyclic,1,1,1,1,9,8,2,4,1
8195,2,3,acyclic,1,0,0,0,9,8,2,5,1
8195,3,3,acyclic,1,1,1,1,9,8,1,4,1
8195,8192,3,acyclic,1,0,0,0,9,8,2,3,1
8195,8193,3,acyclic,1,1,1,1,9,8,1,2,1
8195,8194,3,acyclic,1,0,0,0,9,8,1,2,1
8195,8195,3,acyclic,1,1,1,1,9,8,0,0,1
16387,0,3,acyclic,1,0,0,0,9,8,3,4,1
16387,1,3,acyclic,1,1,1,1,9,8,2,3,1
16387,2,3,acyclic,1,0,0,0,9,8,2,3,1
16387,3,3,acyclic,1,1,1,1,9,8,1,2,1
16387,16384,3,acyclic,1,0,0,0,9,8,2,3,1
16387,16385,3,acyclic,1,1,1,1,9,8,1,2,1
16387,16386,3,acyclic,1,0,0,0,9,8,1,2,1
16387,16387,3,acyclic,1,1,1,1,9,8,0,0,1
32771,0,3,acyclic,1,0,0,0,10,8,3,5,1
32771,1,3,acyclic,1,1,1,1,10,8,2,4,1
32771,2,3,acyclic,1,0,0,0,10,8,2,4,1
32771,3,3,acyclic,1,1,1,1,10,8,1,2,1
32771,32768,3,acyclic,1,0,0,0,10,8,2,3,1
32771,32769,3,acyclic,1,1,1,1,10,8,1,2,1
32771,32770,3,acyclic,1,0,0,0,10,8,1,2,1
32771,32771,3,acyclic,1,1,1,1,10,8,0,0,1
65539,0,3,acyclic,1,0,0,0,9,8,3,5,1
65539,1,3,acyclic,1,1,1,1,9,8,2,4,1
65539,2,3,acyclic,1,0,0,0,9,8,2,5,1
65539,3,3,acyclic,1,1,1,1,9,8,1,4,1
65539,65536,3,acyclic,1,0,0,0,9,8,2,3,1
65539,65537,3,acyclic,1,1,1,1,9,8,1,2,1
65539,65538,3,acyclic,1,0,0,0,9,8,1,2,1
65539,65539,3,acyclic,1,1,1,1,9,8,0,0,1
131075,0,3,acyclic,1,0,0,0,8,6,3,4,1
131075,1,3,acyclic,1,1,1,1,8,6,2,3,1
131075,2,3,acyclic,1,0,0,0,8,6,2,3,1
131075,3,3,acyclic,1,1,1,1,8,6,1,1,1
131075,131072,3,acyclic,1,0,0,0,8,6,2,3,1
131075,131073,3,acyclic,1,1,1,1,8,6,1,2,1
131075,131074,3,acyclic,1,0,0,0,8,6,1,2,1
131075,131075,3,acyclic,1,1,1,1,8,6,0,0,1
262147,0,3,acyclic,1,0,0,0,8,6,3,4,1
262147,1,3,acyclic,1,1,1,1,8,6,2,3,1
262147,2,3,acyclic,1,0,0,0,8,6,2,3,1
262147,3,3,acyclic,1,1,1,1,8,6,1,1,1
262147,262144,3,acyclic,1,0,0,0,8,6,2,3,1
262147,262145,3,acyclic,1,1,1,1,8,6,1,2,1
262147,262146,3,acyclic,1,0,0,0,8,6,1,2,1
262147,262147,3,acyclic,1,1,1,1,8,6,0,0,1
524291,0,3,acyclic,1,0,0,0,7,6,3,4,1
524291,1,3,acyclic,1,1,1,1,7,6,2,3,1
524291,2,3,acyclic,1,0,0,0,7,6,2,4,1
524291,3,3,acyclic,1,1,1,1,7,6,1,3,1
524291,524288,3,acyclic,1,0,0,0,7,6,2,3,1
524291,524289,3,acyclic,1,1,1,1,7,6,1,2,1
524291,524290,3,acyclic,1,1,0,1,7,6,1,2,1
524291,524291,3,acyclic,1,1,1,1,7,6,0,0,1
13,0,3,acyclic,1,0,0,0,10,11,3,4,1
13,1,3,acyclic,1,1,1,1,10,11,2,3,1
13,4,3,acyclic,1,0,0,0,10,11,2,3,1
13,5,3,acyclic,1,1,1,1,10,11,1,2,1
13,8,3,acyclic,1,0,0,0,10,11,2,3,1
13,9,3,acyclic,1,1,1,1,10,11,1,2,1
13,12,3,acyclic,1,0,0,0,10,11,1,2,1
13,13,3,acyclic,1,1,1,1,10,11,0,0,1
21,0,3,acyclic,1,0,0,0,10,10,3,5,1
21,1,3,acyclic,1,1,1,1,10,10,2,4,1
21,4,3,acyclic,1,0,0,0,10,10,2,4,1
21,5,3,acyclic,1,1,1,1,10,10,1,2,1
21,16,3,acyclic,1,0,0,0,10,10,2,3,1
21,17,3,acyclic,1,1,1,1,10,10,1,2,1
21,20,3,acyclic,1,0,0,0,10,10,1,2,1
21,21,3,acyclic,1,1,1,1,10,10,0,0,1
37,0,3,acyclic,1,0,0,0,10,10,3,4,1
37,1,3,acyclic,1,1,1,1,10,10,2,3,1
37,4,3,acyclic,1,0,0,0,10,10,2,3,1
37,5,3,acyclic,1,1,1,1,10,10,1,2,1
37,32,3,acyclic,1,0,0,0,10,10,2,3,1
37,33,3,acyclic,1,1,1,1,10,10,1,2,1
37,36,3,acyclic,1,0,0,0,10,10,1,2,1
37,37,3,acyclic,1,1,1,1,10,10,0,0,1
69,0,3,acyclic,1,0,0,0,10,10,3,5,1
69,1,3,acyclic,1,1,1,1,10,10,2,4,1
69,4,3,acyclic,1,0,0,0,10,10,2,5,1
69,5,3,acyclic,1,1,1,1,10,10,1,4,1
69,64,3,acyclic,1,0,0,0,10,10,2,3,1
69,65,3,acyclic,1,1,1,1,10,10,1,2,1
69,68,3,acyclic,1,0,0,0,10,10,1,2,1
69,69,3,acyclic,1,1,1,1,10,10,0,0,1
133,0,3,acyclic,1,0,0,0,10,9,3,5,1
133,1,3,acyclic,1,1,1,1,10,9,2,4,1
133,4,3,acyclic,1,0,0,0,10,9,2,4,1
133,5,3,acyclic,1,1,1,1,10,9,1,2,1
133,128,3,acyclic,1,0,0,0,10,9,2,3,1
133,129,3,acyclic,1,1,1,1,10,9,1,2,1
133,132,3,acyclic,1,0,0,0,10,9,1,2,1
133,133,3,acyclic,1,1,1,1,10,9,0,0,1
261,0,3,acyclic,1,0,0,0,9,9,3,5,1
261,1,3,acyclic,1,1,1,1,9,9,2,4,1
261,4,3,acyclic,1,0,0,0,9,9,2,5,1
261,5,3,acyclic,1,1,1,1,9,9,1,4,1
261,256,3,acyclic,1,0,0,0,9,9,2,3,1
261,257,3,acyclic,1,1,1,1,9,9,1,2,1
261,260,3,acyclic,1,0,0,0,9,9,1,2,1
261,261,3,acyclic,1,1,1,1,9,9,0,0,1
517,0,3,acyclic,1,0,0,0,9,9,3,4,1
517,1,3,acyclic,1,1,1,1,9,9,2,3,1
517,4,3,acyclic,1,0,0,0,9,9,2,3,1
517,5,3,acyclic,1,1,1,1,9,9,1,2,1
517,512,3,acyclic,1,0,0,0,9,9,2,3,1
517,513,3,acyclic,1,1,1,1,9,9,1,2,1
517,516,3,acyclic,1,0,0,0,9,9,1,2,1
517,517,3,acyclic,1,1,1,1,9,9,0,0,1
1029,0,3,acyclic,1,0,0,0,10,10,3,4,1
1029,1,3,acyclic,1,1,1,1,10,10,2,3,1
1029,4,3,acyclic,1,0,0,0,10,10,2,3,1
1029,5,3,acyclic,1,1,1,1,10,10,1,2,1
1029,1024,3,acyclic,1,0,0,0,10,10,2,3,1
1029,1025,3,acyclic,1,1,1,1,10,10,1,2,1
1029,1028,3,acyclic,1,0,0,0,10,10,1,2,1
1029,1029,3,acyclic,1,1,1,1,10,10,0,0,1
2053,0,3,acyclic,1,0,0,0,10,10,3,5,1
2053,1,3,acyclic,1,1,1,1,10,10,2,4,1
2053,4,3,acyclic,1,0,0,0,10,10,2,5,1
2053,5,3,acyclic,1,1,1,1,10,10,1,4,1
2053,2048,3,acyclic,1,0,0,0,10,10,2,3,1
2053,2049,3,acyclic,1,1,1,1,10,10,1,2,1
2053,2052,3,acyclic,1,0,0,0,10,10,1,2,1
2053,2053,3,acyclic,1,1,1,1,10,10,0,0,1
4101,0,3,acyclic,1,0,0,0,10,9,3,5,1
4101,1,3,acyclic,1,1,1,1,10,9,2,4,1
4101,4,3,acyclic,1,0,0,0,10,9,2,4,1
4101,5,3,acyclic,1,1,1,1,10,9,1,2,1
4101,4096,3,acyclic,1,0,0,0,10,9,2,3,1
4101,4097,3,acyclic,1,1,1,1,10,9,1,2,1
4101,4100,3,acyclic,1,0,0,0,10,9,1,2,1
4101,4101,3,acyclic,1,1,1,1,10,9,0,0,1
8197,0,3,acyclic,1,0,0,0,9,9,3,5,1
8197,1,3,acyclic,1,1,1,1,9,9,2,4,1
8197,4,3,acyclic,1,0,0,0,9,9,2,5,1
8197,5,3,acyclic,1,1,1,1,9,9,1,4,1
8197,8192,3,acyclic,1,0,0,0,9,9,2,3,1
8197,8193,3,acyclic,1,1,1,1,9,9,1,2,1
8197,8196,3,acyclic,1,0,0,0,9,9,1,2,1
8197,8197,3,acyclic,1,1,1,1,9,9,0,0,1
16389,0,3,acyclic,1,0,0,0,10,9,3,4,1
16389,1,3,acyclic,1,1,1,1,10,9,2,3,1
16389,4,3,acyclic,1,0,0,0,10,9,2,3,1
16389,5,3,acyclic,1,1,1,1,10,9,1,2,1
16389,16384,3,acyclic,1,0,0,0,10,9,2,3,1
16389,16385,3,acyclic,1,1,1,1,10,9,1,2,1
16389,16388,3,acyclic,1,0,0,0,10,9,1,2,1
16389,16389,3,acyclic,1,1,1,1,10,9,0,0,1
32773,0,3,acyclic,1,0,0,0,10,9,3,5,1
32773,1,3,acyclic,1,1,1,1,10,9,2,4,1
32773,4,3,acyclic,1,0,0,0,10,9,2,5,1
32773,5,3,acyclic,1,1,1,1,10,9,1,4,1
32773,32768,3,acyclic,1,0,0,0,10,9,2,3,1
32773,32769,3,acyclic,1,1,1,1,10,9,1,2,1
32773,32772,3,acyclic,1,0,0,0,10,9,1,2,1
32773,32773,3,acyclic,1,1,1,1,10,9,0,0,1
65541,0,3,acyclic,1,0,0,0,10,9,3,5,1
65541,1,3,acyclic,1,1,1,1,10,9,2,4,1
65541,4,3,acyclic,1,0,0,0,10,9,2,5,1
65541,5,3,acyclic,1,1,1,1,10,9,1,4,1
65541,65536,3,acyclic,1,0,0,0,10,9,2,3,1
65541,65537,3,acyclic,1,1,1,1,10,9,1,2,1
65541,65540,3,acyclic,1,0,0,0,10,9,1,2,1
65541,65541,3,acyclic,1,1,1,1,10,9,0,0,1
131077,0,3,acyclic,1,0,0,0,9,7,3,4,1
131077,1,3,acyclic,1,1,1,1,9,7,2,3,1
131077,4,3,acyclic,1,0,0,0,9,7,2,3,1
131077,5,3,acyclic,1,1,1,1,9,7,1,1,1
131077,131072,3,acyclic,1,0,0,0,9,7,2,3,1
131077,131073,3,acyclic,1,1,1,1,9,7,1,2,1
131077,131076,3,acyclic,1,0,0,0,9,7,1,2,1
131077,131077,3,acyclic,1,1,1,1,9,7,0,0,1
262149,0,3,acyclic,1,0,0,0,8,7,3,4,1
262149,1,3,acyclic,1,1,1,1,8,7,2,3,1
262149,4,3,acyclic,1,0,0,0,8,7,2,4,1
262149,5,3,acyclic,1,1,1,1,8,7,1,3,1
262149,262144,3,acyclic,1,0,0,0,8,7,2,3,1
262149,262145,3,acyclic,1,1,1,1,8,7,1,2,1
262149,262148,3,acyclic,1,0,0,0,8,7,1,2,1
262149,262149,3,acyclic,1,1,1,1,8,7,0,0,1
524293,0,3,acyclic,1,0,0,0,8,7,3,4,1
524293,1,3,acyclic,1,1,1,1,8,7,2,3,1
524293,4,3,acyclic,1,0,0,0,8,7,2,4,1
524293,5,3,acyclic,1,1,1,1,8,7,1,3,1
524293,524288,3,acyclic,1,0,0,0,8,7,2,3,1
524293,524289,3,acyclic,1,1,1,1,8,7,1,2,1
524293,524292,3,acyclic,1,0,0,0,8,7,1,2,1
524293,524293,3,acyclic,1,1,1,1,8,7,0,0,1
25,0,3,acyclic,1,0,0,0,10,11,3,5,1
25,1,3,acyclic,1,1,1,1,10,11,2,4,1
25,8,3,acyclic,1,0,0,0,10,11,2,5,1
25,9,3,acyclic,1,1,1,1,10,11,1,4,1
25,16,3,acyclic,1,0,0,0,10,11,2,3,1
25,17,3,acyclic,1,1,1,1,10,11,1,2,1
25,24,3,acyclic,1,0,0,0,10,11,1,2,1
25,25,3,acyclic,1,1,1,1,10,11,0,0,1
41,0,3,acyclic,1,0,0,0,10,11,3,4,1
41,1,3,acyclic,1,1,1,1,10,11,2,3,1
41,8,3,acyclic,1,0,0,0,10,11,2,3,1
41,9,3,acyclic,1,1,1,1,10,11,1,2,1
41,32,3,acyclic,1,0,0,0,10,11,2,3,1
41,33,3,acyclic,1,1,1,1,10,11,1,2,1
41,40,3,acyclic,1,0,0,0,10,11,1,2,1
41,41,3,acyclic,1,1,1,1,10,11,0,0,1
73,0,3,acyclic,1,0,0,0,10,11,3,5,1
73,1,3,acyclic,1,1,1,1,10,11,2,4,1
73,8,3,acyclic,1,0,0,0,10,11,2,5,1
73,9,3,acyclic,1,1,1,1,10,11,1,4,1
73,64,3,acyclic,1,0,0,0,10,11,2,3,1
73,65,3,acyclic,1,1,1,1,10,11,1,2,1
73,72,3,acyclic,1,0,0,0,10,11,1,2,1
73,73,3,acyclic,1,1,1,1,10,11,0,0,1
137,0,3,acyclic,1,0,0,0,10,10,3,5,1
137,1,3,acyclic,1,1,1,1,10,10,2,4,1
137,8,3,acyclic,1,0,0,0,10,10,2,5,1
137,9,3,acyclic,1,1,1,1,10,10,1,4,1
137,128,3,acyclic,1,0,0,0,10,10,2,3,1
137,129,3,acyclic,1,1,1,1,10,10,1,2,1
137,136,3,acyclic,1,0,0,0,10,10,1,2,1
137,137,3,acyclic,1,1,1,1,10,10,0,0,1
265,0,3,acyclic,1,0,0,0,10,10,3,5,1
265,1,3,acyclic,1,1,1,1,10,10,2,4,1
265,8,3,acyclic,1,0,0,0,10,10,2,5,1
265,9,3,acyclic,1,1,1,1,10,10,1,4,1
265,256,3,acyclic,1,0,0,0,10,10,2,3,1
265,257,3,acyclic,1,1,1,1,10,10,1,2,1
265,264,3,acyclic,1,0,0,0,10,10,1,2,1
265,265,3,acyclic,1,1,1,1,10,10,0,0,1
521,0,3,acyclic,1,0,0,0,10,10,3,4,1
521,1,3,acyclic,1,1,1,1,10,10,2,3,1
521,8,3,acyclic,1,0,0,0,10,10,2,3,1
521,9,3,acyclic,1,1,1,1,10,10,1,2,1
521,512,3,acyclic,1,0,0,0,10,10,2,3,1
521,513,3,acyclic,1,1,1,1,10,10,1,2,1
521,520,3,acyclic,1,0,0,0,10,10,1,2,1
521,521,3,acyclic,1,1,1,1,10,10,0,0,1
1033,0,3,acyclic,1,0,0,0,10,11,3,4,1
1033,1,3,acyclic,1,1,1,1,10,11,2,3,1
1033,8,3,acyclic,1,0,0,0,10,11,2,3,1
1033,9,3,acyclic,1,1,1,1,10,11,1,2,1
1033,1024,3,acyclic,1,0,0,0,10,11,2,3,1
1033,1025,3,acyclic,1,1,1,1,10,11,1,2,1
1033,1032,3,acyclic,1,0,0,0,10,11,1,2,1
1033,1033,3,acyclic,1,1,1,1,10,11,0,0,1
2057,0,3,acyclic,1,0,0,0,10,11,3,5,1
2057,1,3,acyclic,1,1,1,1,10,11,2,4,1
2057,8,3,acyclic,1,0,0,0,10,11,2,5,1
2057,9,3,acyclic,1,1,1,1,10,11,1,4,1
2057,2048,3,acyclic,1,0,0,0,10,11,2,3,1
2057,2049,3,acyclic,1,1,1,1,10,11,1,2,1
2057,2056,3,acyclic,1,0,0,0,10,11,1,2,1
2057,2057,3,acyclic,1,1,1,1,10,11,0,0,1
4105,0,3,acyclic,1,0,0,0,10,10,3,5,1
4105,1,3,acyclic,1,1,1,1,10,10,2,4,1
4105,8,3,acyclic,1,0,0,0,10,10,2,5,1
4105,9,3,acyclic,1,1,1,1,10,10,1,4,1
4105,4096,3,acyclic,1,0,0,0,10,10,2,3,1
4105,4097,3,acyclic,1,1,1,1,10,10,1,2,1
4105,4104,3,acyclic,1,0,0,0,10,10,1,2,1
4105,4105,3,acyclic,1,1,1,1,10,10,0,0,1
8201,0,3,acyclic,1,0,0,0,10,10,3,5,1
8201,1,3,acyclic,1,1,1,1,10,10,2,4,1
8201,8,3,acyclic,1,0,0,0,10,10,2,5,1
8201,9,3,acyclic,1,1,1,1,10,10,1,4,1
8201,8192,3,acyclic,1,0,0,0,10,10,2,3,1
8201,8193,3,acyclic,1,1,1,1,10,10,1,2,1
8201,8200,3,acyclic,1,0,0,0,10,10,1,2,1
8201,8201,3,acyclic,1,1,1,1,10,10,0,0,1
16393,0,3,acyclic,1,0,0,0,10,10,3,4,1
16393,1,3,acyclic,1,1,1,1,10,10,2,3,1
16393,8,3,acyclic,1,0,0,0,10,10,2,3,1
16393,9,3,acyclic,1,1,1,1,10,10,1,2,1
16393,16384,3,acyclic,1,0,0,0,10,10,2,3,1
16393,16385,3,acyclic,1,1,1,1,10,10,1,2,1
16393,16392,3,acyclic,1,0,0,0,10,10,1,2,1
16393,16393,3,acyclic,1,1,1,1,10,10,0,0,1
32777,0,3,acyclic,1,0,0,0,10,10,3,5,1
32777,1,3,acyclic,1,1,1,1,10,10,2,4,1
32777,8,3,acyclic,1,0,0,0,10,10,2,5,1
32777,9,3,acyclic,1,1,1,1,10,10,1,4,1
32777,32768,3,acyclic,1,0,0,0,10,10,2,3,1
32777,32769,3,acyclic,1,1,1,1,10,10,1,2,1
32777,32776,3,acyclic,1,0,0,0,10,10,1,2,1
32777,32777,3,acyclic,1,1,1,1,10,10,0,0,1
65545,0,3,acyclic,1,0,0,0,10,10,3,5,1
65545,1,3,acyclic,1,1,1,1,10,10,2,4,1
65545,8,3,acyclic,1,0,0,0,10,10,2,5,1
65545,9,3,acyclic,1,1,1,1,10,10,1,4,1
65545,65536,3,acyclic,1,0,0,0,10,10,2,3,1
65545,65537,3,acyclic,1,1,1,1,10,10,1,2,1
65545,65544,3,acyclic,1,0,0,0,10,10,1,2,1
65545,65545,3,acyclic,1,1,1,1,10,10,0,0,1
131081,0,3,acyclic,1,0,0,0,9,8,3,4,1
131081,1,3,acyclic,1,1,1,1,9,8,2,3,1
131081,8,3,acyclic,1,0,0,0,9,8,2,4,1
131081,9,3,acyclic,1,1,1,1,9,8,1,3,1
131081,131072,3,acyclic,1,0,0,0,9,8,2,3,1
131081,131073,3,acyclic,1,1,1,1,9,8,1,2,1
131081,131080,3,acyclic,1,0,0,0,9,8,1,2,1
131081,131081,3,acyclic,1,1,1,1,9,8,0,0,1
262153,0,3,acyclic,1,0,0,0,9,8,3,4,1
262153,1,3,acyclic,1,1,1,1,9,8,2,3,1
262153,8,3,acyclic,1,0,0,0,9,8,2,4,1
262153,9,3,acyclic,1,1,1,1,9,8,1,3,1
262153,262144,3,acyclic,1,0,0,0,9,8,2,3,1
262153,262145,3,acyclic,1,1,1,1,9,8,1,2,1
262153,262152,3,acyclic,1,0,0,0,9,8,1,2,1
262153,262153,3,acyclic,1,1,1,1,9,8,0,0,1
524297,0,3,acyclic,1,0,0,0,9,8,3,4,1
524297,1,3,acyclic,1,1,1,1,9,8,2,3,1
524297,8,3,acyclic,1,0,0,0,9,8,2,4,1
524297,9,3,acyclic,1,1,1,1,9,8,1,3,1
524297,524288,3,acyclic,1,0,0,0,9,8,2,3,1
524297,524289,3,acyclic,1,1,1,1,9,8,1,2,1
524297,524296,3,acyclic,1,0,0,0,9,8,1,2,1
524297,524297,3,acyclic,1,1,1,1,9,8,0,0,1
49,0,3,acyclic,1,0,0,0,10,10,3,5,1
49,1,3,acyclic,1,1,1,1,10,10,2,4,1
49,16,3,acyclic,1,0,0,0,10,10,2,3,1
49,17,3,acyclic,1,1,1,1,10,10,1,2,1
49,32,3,acyclic,1,0,0,0,10,10,2,5,1
49,33,3,acyclic,1,1,1,1,10,10,1,4,1
49,48,3,acyclic,1,0,0,0,10,10,1,2,1
49,49,3,acyclic,1,1,1,1,10,10,0,0,1
81,0,3,layered,1,0,0,0,23,35,3,14,1
81,1,3,layered,1,1,1,1,23,35,2,12,1
81,16,3,layered,1,0,0,0,23,35,2,12,1
81,17,3,layered,1,1,1,1,23,35,1,10,1
81,64,3,layered,1,0,0,0,23,35,2,12,1
81,65,3,layered,1,1,1,1,23,35,1,10,1
81,80,3,layered,1,0,0,0,23,35,1,2,1
81,81,3,layered,1,1,1,1,23,35,0,0,1
145,0,3,acyclic,1,0,0,0,10,9,3,5,1
145,1,3,acyclic,1,1,1,1,10,9,2,3,1
145,16,3,acyclic,1,0,0,0,10,9,2,4,1
145,17,3,acyclic,1,1,1,1,10,9,1,2,1
145,128,3,acyclic,1,0,0,0,10,9,2,4,1
145,129,3,acyclic,1,1,1,1,10,9,1,2,1
145,144,3,acyclic,1,0,0,0,10,9,1,2,1
145,145,3,acyclic,1,1,1,1,10,9,0,0,1
273,0,3,acyclic,1,0,0,0,10,9,3,6,1
273,1,3,acyclic,1,1,1,1,10,9,2,4,1
273,16,3,acyclic,1,0,0,0,10,9,2,6,1
273,17,3,acyclic,1,1,1,1,10,9,1,4,1
273,256,3,acyclic,1,0,0,0,10,9,2,4,1
273,257,3,acyclic,1,1,1,1,10,9,1,2,1
273,272,3,acyclic,1,0,0,0,10,9,1,2,1
273,273,3,acyclic,1,1,1,1,10,9,0,0,1
529,0,3,acyclic,1,0,0,0,10,9,3,5,1
529,1,3,acyclic,1,1,1,1,10,9,2,4,1
529,16,3,acyclic,1,0,0,0,10,9,2,3,1
529,17,3,acyclic,1,1,1,1,10,9,1,2,1
529,512,3,acyclic,1,0,0,0,10,9,2,4,1
529,513,3,acyclic,1,1,1,1,10,9,1,2,1
529,528,3,acyclic,1,0,0,0,10,9,1,2,1
529,529,3,acyclic,1,1,1,1,10,9,0,0,1
1041,0,3,acyclic,1,0,0,0,10,10,3,5,1
1041,1,3,acyclic,1,1,1,1,10,10,2,4,1
1041,16,3,acyclic,1,0,0,0,10,10,2,3,1
1041,17,3,acyclic,1,1,1,1,10,10,1,2,1
1041,1024,3,acyclic,1,0,0,0,10,10,2,5,1
1041,1025,3,acyclic,1,1,1,1,10,10,1,4,1
1041,1040,3,acyclic,1,0,0,0,10,10,1,2,1
1041,1041,3,acyclic,1,1,1,1,10,10,0,0,1
2065,0,3,layered,1,0,0,0,23,35,3,14,1
2065,1,3,layered,1,1,1,1,23,35,2,12,1
2065,16,3,layered,1,0,0,0,23,35,2,12,1
2065,17,3,layered,1,1,1,1,23,35,1,10,1
2065,2048,3,layered,1,0,0,0,23,35,2,12,1
2065,2049,3,layered,1,1,1,1,23,35,1,10,1
2065,2064,3,layered,1,0,0,0,23,35,1,2,1
2065,2065,3,layered,1,1,1,1,23,35,0,0,1
4113,0,3,acyclic,1,0,0,0,10,9,3,5,1
4113,1,3,acyclic,1,1,1,1,10,9,2,3,1
4113,16,3,acyclic,1,0,0,0,10,9,2,4,1
4113,17,3,acyclic,1,1,1,1,10,9,1,2,1
4113,4096,3,acyclic,1,0,0,0,10,9,2,4,1
4113,4097,3,acyclic,1,1,1,1,10,9,1,2,1
4113,4112,3,acyclic,1,0,0,0,10,9,1,2,1
4113,4113,3,acyclic,1,1,1,1,10,9,0,0,1
8209,0,3,acyclic,1,0,0,0,10,9,3,6,1
8209,1,3,acyclic,1,1,1,1,10,9,2,4,1
8209,16,3,acyclic,1,0,0,0,10,9,2,6,1
8209,17,3,acyclic,1,1,1,1,10,9,1,4,1
8209,8192,3,acyclic,1,0,0,0,10,9,2,4,1
8209,8193,3,acyclic,1,1,1,1,10,9,1,2,1
8209,8208,3,acyclic,1,0,0,0,10,9,1,2,1
8209,8209,3,acyclic,1,1,1,1,10,9,0,0,1
16401,0,3,acyclic,1,0,0,0,10,9,3,5,1
16401,1,3,acyclic,1,1,1,1,10,9,2,4,1
16401,16,3,acyclic,1,0,0,0,10,9,2,3,1
16401,17,3,acyclic,1,1,1,1,10,9,1,2,1
16401,16384,3,acyclic,1,0,0,0,10,9,2,5,1
16401,16385,3,acyclic,1,1,1,1,10,9,1,4,1
16401,16400,3,acyclic,1,0,0,0,10,9,1,2,1
16401,16401,3,acyclic,1,1,1,1,10,9,0,0,1
32785,0,3,layered,1,0,0,0,23,32,3,14,1
32785,1,3,layered,1,1,1,1,23,32,2,12,1
32785,16,3,layered,1,0,0,0,23,32,2,12,1
32785,17,3,layered,1,1,1,1,23,32,1,10,1
32785,32768,3,layered,1,0,0,0,23,32,2,12,1
32785,32769,3,layered,1,1,1,1,23,32,1,10,1
32785,32784,3,layered,1,0,0,0,23,32,1,2,1
32785,32785,3,layered,1,1,1,1,23,32,0,0,1
65553,0,3,layered,1,0,0,0,23,32,3,14,1
65553,1,3,layered,1,1,1,1,23,32,2,12,1
65553,16,3,layered,1,0,0,0,23,32,2,12,1
65553,17,3,layered,1,1,1,1,23,32,1,10,1
65553,65536,3,layered,1,0,0,0,23,32,2,12,1
65553,65537,3,layered,1,1,1,1,23,32,1,10,1
65553,65552,3,layered,1,0,0,0,23,32,1,2,1
65553,65553,3,layered,1,1,1,1,23,32,0,0,1
131089,0,3,acyclic,1,0,0,0,9,7,3,4,1
131089,1,3,acyclic,1,1,1,1,9,7,2,2,1
131089,16,3,acyclic,1,0,0,0,9,7,2,3,1
131089,17,3,acyclic,1,1,1,1,9,7,1,1,1
131089,131072,3,acyclic,1,0,0,0,9,7,2,4,1
131089,131073,3,acyclic,1,1,1,1,9,7,1,2,1
131089,131088,3,acyclic,1,0,0,0,9,7,1,2,1
131089,131089,3,acyclic,1,1,1,1,9,7,0,0,1
262161,0,3,acyclic,1,0,0,0,9,7,3,5,1
262161,1,3,acyclic,1,1,1,1,9,7,2,3,1
262161,16,3,acyclic,1,0,0,0,9,7,2,5,1
262161,17,3,acyclic,1,1,1,1,9,7,1,3,1
262161,262144,3,acyclic,1,0,0,0,9,7,2,4,1
262161,262145,3,acyclic,1,1,1,1,9,7,1,2,1
262161,262160,3,acyclic,1,0,0,0,9,7,1,2,1
262161,262161,3,acyclic,1,1,1,1,9,7,0,0,1
524305,0,3,acyclic,1,0,0,0,9,7,3,5,1
524305,1,3,acyclic,1,1,1,1,9,7,2,3,1
524305,16,3,acyclic,1,0,0,0,9,7,2,5,1
524305,17,3,acyclic,1,1,1,1,9,7,1,3,1
524305,524288,3,acyclic,1,0,0,0,9,7,2,4,1
524305,524289,3,acyclic,1,1,1,1,9,7,1,2,1
524305,524304,3,acyclic,1,0,0,0,9,7,1,2,1
524305,524305,3,acyclic,1,1,1,1,9,7,0,0,1
97,0,3,acyclic,1,0,0,0,10,10,3,5,1
97,1,3,acyclic,1,1,1,1,10,10,2,4,1
97,32,3,acyclic,1,0,0,0,10,10,2,4,1
97,33,3,acyclic,1,1,1,1,10,10,1,2,1
97,64,3,acyclic,1,0,0,0,10,10,2,3,1
97,65,3,acyclic,1,1,1,1,10,10,1,2,1
97,96,3,acyclic,1,0,0,0,10,10,1,2,1
97,97,3,acyclic,1,1,1,1,10,10,0,0,1
161,0,3,acyclic,1,0,0,0,9,9,3,5,1
161,1,3,acyclic,1,1,1,1,9,9,2,4,1
161,32,3,acyclic,1,0,0,0,9,9,2,5,1
161,33,3,acyclic,1,1,1,1,9,9,1,4,1
161,128,3,acyclic,1,0,0,0,9,9,2,3,1
161,129,3,acyclic,1,1,1,1,9,9,1,2,1
161,160,3,acyclic,1,0,0,0,9,9,1,2,1
161,161,3,acyclic,1,1,1,1,9,9,0,0,1
289,0,3,acyclic,1,0,0,0,10,9,3,5,1
289,1,3,acyclic,1,1,1,1,10,9,2,4,1
289,32,3,acyclic,1,0,0,0,10,9,2,4,1
289,33,3,acyclic,1,1,1,1,10,9,1,2,1
289,256,3,acyclic,1,0,0,0,10,9,2,3,1
289,257,3,acyclic,1,1,1,1,10,9,1,2,1
289,288,3,acyclic,1,0,0,0,10,9,1,2,1
289,289,3,acyclic,1,1,1,1,10,9,0,0,1
545,0,3,acyclic,1,0,0,0,10,9,3,4,1
545,1,3,acyclic,1,1,1,1,10,9,2,3,1
545,32,3,acyclic,1,0,0,0,10,9,2,3,1
545,33,3,acyclic,1,1,1,1,10,9,1,2,1
545,512,3,acyclic,1,0,0,0,10,9,2,3,1
545,513,3,acyclic,1,1,1,1,10,9,1,2,1
545,544,3,acyclic,1,0,0,0,10,9,1,2,1
545,545,3,acyclic,1,1,1,1,10,9,0,0,1
1057,0,3,acyclic,1,0,0,0,10,10,3,4,1
1057,1,3,acyclic,1,1,1,1,10,10,2,3,1
1057,32,3,acyclic,1,0,0,0,10,10,2,3,1
1057,33,3,acyclic,1,1,1,1,10,10,1,2,1
1057,1024,3,acyclic,1,0,0,0,10,10,2,3,1
1057,1025,3,acyclic,1,1,1,1,10,10,1,2,1
1057,1056,3,acyclic,1,0,0,0,10,10,1,2,1
1057,1057,3,acyclic,1,1,1,1,10,10,0,0,1
2081,0,3,acyclic,1,0,0,0,10,10,3,5,1
2081,1,3,acyclic,1,1,1,1,10,10,2,4,1
2081,32,3,acyclic,1,0,0,0,10,10,2,5,1
2081,33,3,acyclic,1,1,1,1,10,10,1,4,1
2081,2048,3,acyclic,1,0,0,0,10,10,2,3,1
2081,2049,3,acyclic,1,1,1,1,10,10,1,2,1
2081,2080,3,acyclic,1,0,0,0,10,10,1,2,1
2081,2081,3,acyclic,1,1,1,1,10,10,0,0,1
4129,0,3,acyclic,1,0,0,0,10,9,3,5,1
4129,1,3,acyclic,1,1,1,1,10,9,2,4,1
4129,32,3,acyclic,1,0,0,0,10,9,2,5,1
4129,33,3,acyclic,1,1,1,1,10,9,1,4,1
4129,4096,3,acyclic,1,0,0,0,10,9,2,3,1
4129,4097,3,acyclic,1,1,1,1,10,9,1,2,1
4129,4128,3,acyclic,1,0,0,0,10,9,1,2,1
4129,4129,3,acyclic,1,1,1,1,10,9,0,0,1
8225,0,3,acyclic,1,0,0,0,10,9,3,5,1
8225,1,3,acyclic,1,1,1,1,10,9,2,4,1
8225,32,3,acyclic,1,0,0,0,10,9,2,5,1
8225,33,3,acyclic,1,1,1,1,10,9,1,4,1
8225,8192,3,acyclic,1,0,0,0,10,9,2,3,1
8225,8193,3,acyclic,1,1,1,1,10,9,1,2,1
8225,8224,3,acyclic,1,0,0,0,10,9,1,2,1
8225,8225,3,acyclic,1,1,1,1,10,9,0,0,1
16417,0,3,acyclic,1,0,0,0,9,9,3,4,1
16417,1,3,acyclic,1,1,1,1,9,9,2,3,1
16417,32,3,acyclic,1,0,0,0,9,9,2,3,1
16417,33,3,acyclic,1,1,1,1,9,9,1,2,1
16417,16384,3,acyclic,1,0,0,0,9,9,2,3,1
16417,16385,3,acyclic,1,1,1,1,9,9,1,2,1
16417,16416,3,acyclic,1,0,0,0,9,9,1,2,1
16417,16417,3,acyclic,1,1,1,1,9,9,0,0,1
32801,0,3,acyclic,1,0,0,0,10,9,3,5,1
32801,1,3,acyclic,1,1,1,1,10,9,2,4,1
32801,32,3,acyclic,1,0,0,0,10,9,2,4,1
32801,33,3,acyclic,1,1,1,1,10,9,1,2,1
32801,32768,3,acyclic,1,0,0,0,10,9,2,3,1
32801,32769,3,acyclic,1,1,1,1,10,9,1,2,1
32801,32800,3,acyclic,1,0,0,0,10,9,1,2,1
32801,32801,3,acyclic,1,1,1,1,10,9,0,0,1
65569,0,3,acyclic,1,0,0,0,9,9,3,5,1
65569,1,3,acyclic,1,1,1,1,9,9,2,4,1
65569,32,3,acyclic,1,0,0,0,9,9,2,5,1
65569,33,3,acyclic,1,1,1,1,9,9,1,4,1
65569,65536,3,acyclic,1,0,0,0,9,9,2,3,1
65569,65537,3,acyclic,1,1,1,1,9,9,1,2,1
65569,65568,3,acyclic,1,0,0,0,9,9,1,2,1
65569,65569,3,acyclic,1,1,1,1,9,9,0,0,1
131105,0,3,acyclic,1,0,0,0,8,7,3,4,1
131105,1,3,acyclic,1,1,1,1,8,7,2,3,1
131105,32,3,acyclic,1,0,0,0,8,7,2,4,1
131105,33,3,acyclic,1,1,1,1,8,7,1,3,1
131105,131072,3,acyclic,1,0,0,0,8,7,2,3,1
131105,131073,3,acyclic,1,1,1,1,8,7,1,2,1
131105,131104,3,acyclic,1,0,0,0,8,7,1,2,1
131105,131105,3,acyclic,1,1,1,1,8,7,0,0,1
262177,0,3,acyclic,1,0,0,0,9,7,3,4,1
262177,1,3,acyclic,1,1,1,1,9,7,2,3,1
262177,32,3,acyclic,1,0,0,0,9,7,2,3,1
262177,33,3,acyclic,1,1,1,1,9,7,1,1,1
262177,262144,3,acyclic,1,0,0,0,9,7,2,3,1
262177,262145,3,acyclic,1,1,1,1,9,7,1,2,1
262177,262176,3,acyclic,1,0,0,0,9,7,1,2,1
262177,262177,3,acyclic,1,1,1,1,9,7,0,0,1
524321,0,3,acyclic,1,0,0,0,8,7,3,4,1
524321,1,3,acyclic,1,1,1,1,8,7,2,3,1
524321,32,3,acyclic,1,0,0,0,8,7,2,4,1
524321,33,3,acyclic,1,1,1,1,8,7,1,3,1
524321,524288,3,acyclic,1,0,0,0,8,7,2,3,1
524321,524289,3,acyclic,1,1,1,1,8,7,1,2,1
524321,524320,3,acyclic,1,0,0,0,8,7,1,2,1
524321,524321,3,acyclic,1,1,1,1,8,7,0,0,1
193,0,3,acyclic,1,0,0,0,10,9,3,6,1
193,1,3,acyclic,1,1,1,1,10,9,2,4,1
193,64,3,acyclic,1,0,0,0,10,9,2,6,1
193,65,3,acyclic,1,1,1,1,10,9,1,4,1
193,128,3,acyclic,1,0,0,0,10,9,2,4,1
193,129,3,acyclic,1,1,1,1,10,9,1,2,1
193,192,3,acyclic,1,0,0,0,10,9,1,2,1
193,193,3,acyclic,1,1,1,1,10,9,0,0,1
321,0,3,acyclic,1,0,0,0,10,9,3,5,1
321,1,3,acyclic,1,1,1,1,10,9,2,3,1
321,64,3,acyclic,1,0,0,0,10,9,2,4,1
321,65,3,acyclic,1,1,1,1,10,9,1,2,1
321,256,3,acyclic,1,0,0,0,10,9,2,4,1
321,257,3,acyclic,1,1,1,1,10,9,1,2,1
321,320,3,acyclic,1,0,0,0,10,9,1,2,1
321,321,3,acyclic,1,1,1,1,10,9,0,0,1
577,0,3,acyclic,1,0,0,0,10,9,3,5,1
577,1,3,acyclic,1,1,1,1,10,9,2,4,1
577,64,3,acyclic,1,0,0,0,10,9,2,3,1
577,65,3,acyclic,1,1,1,1,10,9,1,2,1
577,512,3,acyclic,1,0,0,0,10,9,2,5,1
577,513,3,acyclic,1,1,1,1,10,9,1,4,1
577,576,3,acyclic,1,0,0,0,10,9,1,2,1
577,577,3,acyclic,1,1,1,1,10,9,0,0,1
1089,0,3,acyclic,1,0,0,0,10,10,3,5,1
1089,1,3,acyclic,1,1,1,1,10,10,2,4,1
1089,64,3,acyclic,1,0,0,0,10,10,2,3,1
1089,65,3,acyclic,1,1,1,1,10,10,1,2,1
1089,1024,3,acyclic,1,0,0,0,10,10,2,5,1
1089,1025,3,acyclic,1,1,1,1,10,10,1,4,1
1089,1088,3,acyclic,1,0,0,0,10,10,1,2,1
1089,1089,3,acyclic,1,1,1,1,10,10,0,0,1
2113,0,3,layered,1,0,0,0,23,35,3,14,1
2113,1,3,layered,1,1,1,1,23,35,2,12,1
2113,64,3,layered,1,0,0,0,23,35,2,12,1
2113,65,3,layered,1,1,1,1,23,35,1,10,1
2113,2048,3,layered,1,0,0,0,23,35,2,12,1
2113,2049,3,layered,1,1,1,1,23,35,1,10,1
2113,2112,3,layered,1,0,0,0,23,35,1,2,1
2113,2113,3,layered,1,1,1,1,23,35,0,0,1
4161,0,3,layered,1,0,0,0,23,32,3,14,1
4161,1,3,layered,1,1,1,1,23,32,2,12,1
4161,64,3,layered,1,0,0,0,23,32,2,12,1
4161,65,3,layered,1,1,1,1,23,32,1,10,1
4161,4096,3,layered,1,0,0,0,23,32,2,12,1
4161,4097,3,layered,1,1,1,1,23,32,1,10,1
4161,4160,3,layered,1,0,0,0,23,32,1,2,1
4161,4161,3,layered,1,1,1,1,23,32,0,0,1
8257,0,3,layered,1,0,0,0,23,32,3,14,1
8257,1,3,layered,1,1,1,1,23,32,2,12,1
8257,64,3,layered,1,0,0,0,23,32,2,12,1
8257,65,3,layered,1,1,1,1,23,32,1,10,1
8257,8192,3,layered,1,0,0,0,23,32,2,12,1
8257,8193,3,layered,1,1,1,1,23,32,1,10,1
8257,8256,3,layered,1,0,0,0,23,32,1,2,1
8257,8257,3,layered,1,1,1,1,23,32,0,0,1
16449,0,3,acyclic,1,0,0,0,10,9,3,5,1
16449,1,3,acyclic,1,1,1,1,10,9,2,4,1
16449,64,3,acyclic,1,0,0,0,10,9,2,3,1
16449,65,3,acyclic,1,1,1,1,10,9,1,2,1
16449,16384,3,acyclic,1,0,0,0,10,9,2,4,1
16449,16385,3,acyclic,1,1,1,1,10,9,1,2,1
16449,16448,3,acyclic,1,0,0,0,10,9,1,2,1
16449,16449,3,acyclic,1,1,1,1,10,9,0,0,1
32833,0,3,acyclic,1,0,0,0,10,9,3,5,1
32833,1,3,acyclic,1,1,1,1,10,9,2,3,1
32833,64,3,acyclic,1,0,0,0,10,9,2,4,1
32833,65,3,acyclic,1,1,1,1,10,9,1,2,1
32833,32768,3,acyclic,1,0,0,0,10,9,2,4,1
32833,32769,3,acyclic,1,1,1,1,10,9,1,2,1
32833,32832,3,acyclic,1,0,0,0,10,9,1,2,1
32833,32833,3,acyclic,1,1,1,1,10,9,0,0,1
65601,0,3,acyclic,1,0,0,0,10,9,3,6,1
65601,1,3,acyclic,1,1,1,1,10,9,2,4,1
65601,64,3,acyclic,1,0,0,0,10,9,2,6,1
65601,65,3,acyclic,1,1,1,1,10,9,1,4,1
65601,65536,3,acyclic,1,0,0,0,10,9,2,4,1
65601,65537,3,acyclic,1,1,1,1,10,9,1,2,1
65601,65600,3,acyclic,1,0,0,0,10,9,1,2,1
65601,65601,3,acyclic,1,1,1,1,10,9,0,0,1
131137,0,3,acyclic,1,0,0,0,9,7,3,5,1
131137,1,3,acyclic,1,1,1,1,9,7,2,3,1
131137,64,3,acyclic,1,0,0,0,9,7,2,5,1
131137,65,3,acyclic,1,1,1,1,9,7,1,3,1
131137,131072,3,acyclic,1,0,0,0,9,7,2,4,1
131137,131073,3,acyclic,1,1,1,1,9,7,1,2,1
131137,131136,3,acyclic,1,0,0,0,9,7,1,2,1
131137,131137,3,acyclic,1,1,1,1,9,7,0,0,1
262209,0,3,acyclic,1,0,0,0,9,7,3,4,1
262209,1,3,acyclic,1,1,1,1,9,7,2,2,1
262209,64,3,acyclic,1,0,0,0,9,7,2,3,1
262209,65,3,acyclic,1,1,1,1,9,7,1,1,1
262209,262144,3,acyclic,1,0,0,0,9,7,2,4,1
262209,262145,3,acyclic,1,1,1,1,9,7,1,2,1
262209,262208,3,acyclic,1,0,0,0,9,7,1,2,1
262209,262209,3,acyclic,1,1,1,1,9,7,0,0,1
524353,0,3,acyclic,1,0,0,0,9,7,3,5,1
524353,1,3,acyclic,1,1,1,1,9,7,2,3,1
524353,64,3,acyclic,1,0,0,0,9,7,2,5,1
524353,65,3,acyclic,1,1,1,1,9,7,1,3,1
524353,524288,3,acyclic,1,0,0,0,9,7,2,4,1
524353,524289,3,acyclic,1,1,1,1,9,7,1,2,1
524353,524352,3,acyclic,1,0,0,0,9,7,1,2,1
524353,524353,3,acyclic,1,1,1,1,9,7,0,0,1
385,0,3,acyclic,1,0,0,0,10,8,3,6,1
385,1,3,acyclic,1,1,1,1,10,8,2,4,1
385,128,3,acyclic,1,0,0,0,10,8,2,4,1
385,129,3,acyclic,1,1,1,1,10,8,1,2,1
385,256,3,acyclic,1,0,0,0,10,8,2,4,1
385,257,3,acyclic,1,1,1,1,10,8,1,2,1
385,384,3,acyclic,1,0,0,0,10,8,1,2,1
385,385,3,acyclic,1,1,1,1,10,8,0,0,1
641,0,3,acyclic,1,0,0,0,10,8,3,5,1
641,1,3,acyclic,1,1,1,1,10,8,2,4,1
641,128,3,acyclic,1,0,0,0,10,8,2,3,1
641,129,3,acyclic,1,1,1,1,10,8,1,2,1
641,512,3,acyclic,1,0,0,0,10,8,2,4,1
641,513,3,acyclic,1,1,1,1,10,8,1,2,1
641,640,3,acyclic,1,0,0,0,10,8,1,2,1
641,641,3,acyclic,1,1,1,1,10,8,0,0,1
1153,0,3,acyclic,1,0,0,0,10,9,3,5,1
1153,1,3,acyclic,1,1,1,1,10,9,2,4,1
1153,128,3,acyclic,1,0,0,0,10,9,2,3,1
1153,129,3,acyclic,1,1,1,1,10,9,1,2,1
1153,1024,3,acyclic,1,0,0,0,10,9,2,5,1
1153,1025,3,acyclic,1,1,1,1,10,9,1,4,1
1153,1152,3,acyclic,1,0,0,0,10,9,1,2,1
1153,1153,3,acyclic,1,1,1,1,10,9,0,0,1
2177,0,3,layered,1,0,0,0,23,32,3,14,1
2177,1,3,layered,1,1,1,1,23,32,2,12,1
2177,128,3,layered,1,0,0,0,23,32,2,12,1
2177,129,3,layered,1,1,1,1,23,32,1,10,1
2177,2048,3,layered,1,0,0,0,23,32,2,12,1
2177,2049,3,layered,1,1,1,1,23,32,1,10,1
2177,2176,3,layered,1,0,0,0,23,32,1,2,1
2177,2177,3,layered,1,1,1,1,23,32,0,0,1
4225,0,3,acyclic,1,0,0,0,10,8,3,5,1
4225,1,3,acyclic,1,1,1,1,10,8,2,3,1
4225,128,3,acyclic,1,0,0,0,10,8,2,4,1
4225,129,3,acyclic,1,1,1,1,10,8,1,2,1
4225,4096,3,acyclic,1,0,0,0,10,8,2,4,1
4225,4097,3,acyclic,1,1,1,1,10,8,1,2,1
4225,4224,3,acyclic,1,0,0,0,10,8,1,2,1
4225,4225,3,acyclic,1,1,1,1,10,8,0,0,1
8321,0,3,acyclic,1,0,0,0,10,8,3,6,1
8321,1,3,acyclic,1,1,1,1,10,8,2,4,1
8321,128,3,acyclic,1,0,0,0,10,8,2,6,1
8321,129,3,acyclic,1,1,1,1,10,8,1,4,1
8321,8192,3,acyclic,1,0,0,0,10,8,2,4,1
8321,8193,3,acyclic,1,1,1,1,10,8,1,2,1
8321,8320,3,acyclic,1,0,0,0,10,8,1,2,1
8321,8321,3,acyclic,1,1,1,1,10,8,0,0,1
16513,0,3,acyclic,1,0,0,0,9,8,3,5,1
16513,1,3,acyclic,1,1,1,1,9,8,2,4,1
16513,128,3,acyclic,1,0,0,0,9,8,2,3,1
16513,129,3,acyclic,1,1,1,1,9,8,1,2,1
16513,16384,3,acyclic,1,0,0,0,9,8,2,5,1
16513,16385,3,acyclic,1,1,1,1,9,8,1,4,1
16513,16512,3,acyclic,1,0,0,0,9,8,1,2,1
16513,16513,3,acyclic,1,1,1,1,9,8,0,0,1
32897,0,3,acyclic,1,0,0,0,10,8,3,6,1
32897,1,3,acyclic,1,1,1,1,10,8,2,4,1
32897,128,3,acyclic,1,0,0,0,10,8,2,4,1
32897,129,3,acyclic,1,1,1,1,10,8,1,2,1
32897,32768,3,acyclic,1,0,0,0,10,8,2,6,1
32897,32769,3,acyclic,1,1,1,1,10,8,1,4,1
32897,32896,3,acyclic,1,0,0,0,10,8,1,2,1
32897,32897,3,acyclic,1,1,1,1,10,8,0,0,1
65665,0,3,layered,1,0,0,0,15,18,3,10,1
65665,1,3,layered,1,1,1,1,15,18,2,8,1
65665,128,3,layered,1,0,0,0,15,18,2,8,1
65665,129,3,layered,1,1,1,1,15,18,1,6,1
65665,65536,3,layered,1,0,0,0,15,18,2,8,1
65665,65537,3,layered,1,1,1,1,15,18,1,6,1
65665,65664,3,layered,1,0,0,0,15,18,1,2,1
65665,65665,3,layered,1,1,1,1,15,18,0,0,1
131201,0,3,acyclic,1,0,0,0,8,6,3,4,1
131201,1,3,acyclic,1,1,1,1,8,6,2,2,1
131201,128,3,acyclic,1,0,0,0,8,6,2,3,1
131201,129,3,acyclic,1,1,1,1,8,6,1,1,1
131201,131072,3,acyclic,1,0,0,0,8,6,2,4,1
131201,131073,3,acyclic,1,1,1,1,8,6,1,2,1
131201,131200,3,acyclic,1,0,0,0,8,6,1,2,1
131201,131201,3,acyclic,1,1,1,1,8,6,0,0,1
262273,0,3,acyclic,1,0,0,0,9,6,3,5,1
262273,1,3,acyclic,1,1,1,1,9,6,2,3,1
262273,128,3,acyclic,1,0,0,0,9,6,2,3,1
262273,129,3,acyclic,1,1,1,1,9,6,1,1,1
262273,262144,3,acyclic,1,0,0,0,9,6,2,4,1
262273,262145,3,acyclic,1,1,1,1,9,6,1,2,1
262273,262272,3,acyclic,1,0,0,0,9,6,1,2,1
262273,262273,3,acyclic,1,1,1,1,9,6,0,0,1
524417,0,3,acyclic,1,0,0,0,8,6,3,5,1
524417,1,3,acyclic,1,1,1,1,8,6,2,3,1
524417,128,3,acyclic,1,0,0,0,8,6,2,5,1
524417,129,3,acyclic,1,1,1,1,8,6,1,3,1
524417,524288,3,acyclic,1,0,0,0,8,6,2,4,1
524417,524289,3,acyclic,1,1,1,1,8,6,1,2,1
524417,524416,3,acyclic,1,0,0,0,8,6,1,2,1
524417,524417,3,acyclic,1,1,1,1,8,6,0,0,1
769,0,3,acyclic,1,0,0,0,9,8,3,5,1
769,1,3,acyclic,1,1,1,1,9,8,2,4,1
769,256,3,acyclic,1,0,0,0,9,8,2,3,1
769,257,3,acyclic,1,1,1,1,9,8,1,2,1
769,512,3,acyclic,1,0,0,0,9,8,2,5,1
769,513,3,acyclic,1,1,1,1,9,8,1,4,1
769,768,3,acyclic,1,0,0,0,9,8,1,2,1
769,769,3,acyclic,1,1,1,1,9,8,0,0,1
1281,0,3,acyclic,1,0,0,0,10,9,3,5,1
1281,1,3,acyclic,1,1,1,1,10,9,2,4,1
1281,256,3,acyclic,1,0,0,0,10,9,2,3,1
1281,257,3,acyclic,1,1,1,1,10,9,1,2,1
1281,1024,3,acyclic,1,0,0,0,10,9,2,5,1
1281,1025,3,acyclic,1,1,1,1,10,9,1,4,1
1281,1280,3,acyclic,1,0,0,0,10,9,1,2,1
1281,1281,3,acyclic,1,1,1,1,10,9,0,0,1
2305,0,3,layered,1,0,0,0,23,32,3,14,1
2305,1,3,layered,1,1,1,1,23,32,2,12,1
2305,256,3,layered,1,0,0,0,23,32,2,12,1
2305,257,3,layered,1,1,1,1,23,32,1,10,1
2305,2048,3,layered,1,0,0,0,23,32,2,12,1
2305,2049,3,layered,1,1,1,1,23,32,1,10,1
2305,2304,3,layered,1,0,0,0,23,32,1,2,1
2305,2305,3,layered,1,1,1,1,23,32,0,0,1
4353,0,3,acyclic,1,0,0,0,10,8,3,6,1
4353,1,3,acyclic,1,1,1,1,10,8,2,4,1
4353,256,3,acyclic,1,0,0,0,10,8,2,4,1
4353,257,3,acyclic,1,1,1,1,10,8,1,2,1
4353,4096,3,acyclic,1,0,0,0,10,8,2,6,1
4353,4097,3,acyclic,1,1,1,1,10,8,1,4,1
4353,4352,3,acyclic,1,0,0,0,10,8,1,2,1
4353,4353,3,acyclic,1,1,1,1,10,8,0,0,1
8449,0,3,layered,1,0,0,0,15,18,3,10,1
8449,1,3,layered,1,1,1,1,15,18,2,8,1
8449,256,3,layered,1,0,0,0,15,18,2,8,1
8449,257,3,layered,1,1,1,1,15,18,1,6,1
8449,8192,3,layered,1,0,0,0,15,18,2,8,1
8449,8193,3,layered,1,1,1,1,15,18,1,6,1
8449,8448,3,layered,1,0,0,0,15,18,1,2,1
8449,8449,3,layered,1,1,1,1,15,18,0,0,1
16641,0,3,acyclic,1,0,0,0,10,8,3,5,1
16641,1,3,acyclic,1,1,1,1,10,8,2,4,1
16641,256,3,acyclic,1,0,0,0,10,8,2,3,1
16641,257,3,acyclic,1,1,1,1,10,8,1,2,1
16641,16384,3,acyclic,1,0,0,0,10,8,2,4,1
16641,16385,3,acyclic,1,1,1,1,10,8,1,2,1
16641,16640,3,acyclic,1,0,0,0,10,8,1,2,1
16641,16641,3,acyclic,1,1,1,1,10,8,0,0,1
33025,0,3,acyclic,1,0,0,0,10,8,3,5,1
33025,1,3,acyclic,1,1,1,1,10,8,2,3,1
33025,256,3,acyclic,1,0,0,0,10,8,2,4,1
33025,257,3,acyclic,1,1,1,1,10,8,1,2,1
33025,32768,3,acyclic,1,0,0,0,10,8,2,4,1
33025,32769,3,acyclic,1,1,1,1,10,8,1,2,1
33025,33024,3,acyclic,1,0,0,0,10,8,1,2,1
33025,33025,3,acyclic,1,1,1,1,10,8,0,0,1
65793,0,3,acyclic,1,0,0,0,10,8,3,6,1
65793,1,3,acyclic,1,1,1,1,10,8,2,4,1
65793,256,3,acyclic,1,0,0,0,10,8,2,6,1
65793,257,3,acyclic,1,1,1,1,10,8,1,4,1
65793,65536,3,acyclic,1,0,0,0,10,8,2,4,1
65793,65537,3,acyclic,1,1,1,1,10,8,1,2,1
65793,65792,3,acyclic,1,0,0,0,10,8,1,2,1
65793,65793,3,acyclic,1,1,1,1,10,8,0,0,1
131329,0,3,acyclic,1,0,0,0,9,6,3,5,1
131329,1,3,acyclic,1,1,1,1,9,6,2,3,1
131329,256,3,acyclic,1,0,0,0,9,6,2,3,1
131329,257,3,acyclic,1,1,1,1,9,6,1,1,1
131329,131072,3,acyclic,1,0,0,0,9,6,2,4,1
131329,131073,3,acyclic,1,1,1,1,9,6,1,2,1
131329,131328,3,acyclic,1,0,0,0,9,6,1,2,1
131329,131329,3,acyclic,1,1,1,1,9,6,0,0,1
262401,0,3,acyclic,1,0,0,0,8,6,3,4,1
262401,1,3,acyclic,1,1,1,1,8,6,2,2,1
262401,256,3,acyclic,1,0,0,0,8,6,2,3,1
262401,257,3,acyclic,1,1,1,1,8,6,1,1,1
262401,262144,3,acyclic,1,0,0,0,8,6,2,4,1
262401,262145,3,acyclic,1,1,1,1,8,6,1,2,1
262401,262400,3,acyclic,1,0,0,0,8,6,1,2,1
262401,262401,3,acyclic,1,1,1,1,8,6,0,0,1
524545,0,3,acyclic,1,0,0,0,8,6,3,5,1
524545,1,3,acyclic,1,1,1,1,8,6,2,3,1
524545,256,3,acyclic,1,0,0,0,8,6,2,5,1
524545,257,3,acyclic,1,1,1,1,8,6,1,3,1
524545,524288,3,acyclic,1,0,0,0,8,6,2,4,1
524545,524289,3,acyclic,1,1,1,1,8,6,1,2,1
524545,524544,3,acyclic,1,0,0,0,8,6,1,2,1
524545,524545,3,acyclic,1,1,1,1,8,6,0,0,1
1537,0,3,acyclic,1,0,0,0,9,9,3,4,1
1537,1,3,acyclic,1,1,1,1,9,9,2,3,1
1537,512,3,acyclic,1,0,0,0,9,9,2,3,1
1537,513,3,acyclic,1,1,1,1,9,9,1,2,1
1537,1024,3,acyclic,1,0,0,0,9,9,2,3,1
1537,1025,3,acyclic,1,1,1,1,9,9,1,2,1
1537,1536,3,acyclic,1,0,0,0,9,9,1,2,1
1537,1537,3,acyclic,1,1,1,1,9,9,0,0,1
2561,0,3,acyclic,1,0,0,0,10,9,3,5,1
2561,1,3,acyclic,1,1,1,1,10,9,2,4,1
2561,512,3,acyclic,1,0,0,0,10,9,2,4,1
2561,513,3,acyclic,1,1,1,1,10,9,1,2,1
2561,2048,3,acyclic,1,0,0,0,10,9,2,3,1
2561,2049,3,acyclic,1,1,1,1,10,9,1,2,1
2561,2560,3,acyclic,1,0,0,0,10,9,1,2,1
2561,2561,3,acyclic,1,1,1,1,10,9,0,0,1
4609,0,3,acyclic,1,0,0,0,9,8,3,5,1
4609,1,3,acyclic,1,1,1,1,9,8,2,4,1
4609,512,3,acyclic,1,0,0,0,9,8,2,4,1
4609,513,3,acyclic,1,1,1,1,9,8,1,2,1
4609,4096,3,acyclic,1,0,0,0,9,8,2,3,1
4609,4097,3,acyclic,1,1,1,1,9,8,1,2,1
4609,4608,3,acyclic,1,0,0,0,9,8,1,2,1
4609,4609,3,acyclic,1,1,1,1,9,8,0,0,1
8705,0,3,acyclic,1,0,0,0,9,8,3,5,1
8705,1,3,acyclic,1,1,1,1,9,8,2,4,1
8705,512,3,acyclic,1,0,0,0,9,8,2,4,1
8705,513,3,acyclic,1,1,1,1,9,8,1,2,1
8705,8192,3,acyclic,1,0,0,0,9,8,2,3,1
8705,8193,3,acyclic,1,1,1,1,9,8,1,2,1
8705,8704,3,acyclic,1,0,0,0,9,8,1,2,1
8705,8705,3,acyclic,1,1,1,1,9,8,0,0,1
16897,0,3,acyclic,1,0,0,0,9,8,3,4,1
16897,1,3,acyclic,1,1,1,1,9,8,2,3,1
16897,512,3,acyclic,1,0,0,0,9,8,2,3,1
16897,513,3,acyclic,1,1,1,1,9,8,1,2,1
16897,16384,3,acyclic,1,0,0,0,9,8,2,3,1
16897,16385,3,acyclic,1,1,1,1,9,8,1,2,1
16897,16896,3,acyclic,1,0,0,0,9,8,1,2,1
16897,16897,3,acyclic,1,1,1,1,9,8,0,0,1
33281,0,3,acyclic,1,0,0,0,9,8,3,5,1
33281,1,3,acyclic,1,1,1,1,9,8,2,4,1
33281,512,3,acyclic,1,0,0,0,9,8,2,5,1
33281,513,3,acyclic,1,1,1,1,9,8,1,4,1
33281,32768,3,acyclic,1,0,0,0,9,8,2,3,1
33281,32769,3,acyclic,1,1,1,1,9,8,1,2,1
33281,33280,3,acyclic,1,0,0,0,9,8,1,2,1
33281,33281,3,acyclic,1,1,1,1,9,8,0,0,1
66049,0,3,acyclic,1,0,0,0,10,8,3,5,1
66049,1,3,acyclic,1,1,1,1,10,8,2,4,1
66049,512,3,acyclic,1,0,0,0,10,8,2,4,1
66049,513,3,acyclic,1,1,1,1,10,8,1,2,1
66049,65536,3,acyclic,1,0,0,0,10,8,2,3,1
66049,65537,3,acyclic,1,1,1,1,10,8,1,2,1
66049,66048,3,acyclic,1,0,0,0,10,8,1,2,1
66049,66049,3,acyclic,1,1,1,1,10,8,0,0,1
131585,0,3,acyclic,1,0,0,0,8,6,3,4,1
131585,1,3,acyclic,1,1,1,1,8,6,2,3,1
131585,512,3,acyclic,1,0,0,0,8,6,2,3,1
131585,513,3,acyclic,1,1,1,1,8,6,1,1,1
131585,131072,3,acyclic,1,0,0,0,8,6,2,3,1
131585,131073,3,acyclic,1,1,1,1,8,6,1,2,1
131585,131584,3,acyclic,1,0,0,0,8,6,1,2,1
131585,131585,3,acyclic,1,1,1,1,8,6,0,0,1
262657,0,3,acyclic,1,0,0,0,7,6,3,4,1
262657,1,3,acyclic,1,1,1,1,7,6,2,3,1
262657,512,3,acyclic,1,0,0,0,7,6,2,4,1
262657,513,3,acyclic,1,1,1,1,7,6,1,3,1
262657,262144,3,acyclic,1,0,0,0,7,6,2,3,1
262657,262145,3,acyclic,1,1,1,1,7,6,1,2,1
262657,262656,3,acyclic,1,1,0,1,7,6,1,2,1
262657,262657,3,acyclic,1,1,1,1,7,6,0,0,1
524801,0,3,acyclic,1,0,0,0,8,6,3,4,1
524801,1,3,acyclic,1,1,1,1,8,6,2,3,1
524801,512,3,acyclic,1,0,0,0,8,6,2,3,1
524801,513,3,acyclic,1,1,1,1,8,6,1,1,1
524801,524288,3,acyclic,1,0,0,0,8,6,2,3,1
524801,524289,3,acyclic,1,1,1,1,8,6,1,2,1
524801,524800,3,acyclic,1,0,0,0,8,6,1,2,1
524801,524801,3,acyclic,1,1,1,1,8,6,0,0,1
3073,0,3,acyclic,1,0,0,0,10,10,3,5,1
3073,1,3,acyclic,1,1,1,1,10,10,2,4,1
3073,1024,3,acyclic,1,0,0,0,10,10,2,4,1
3073,1025,3,acyclic,1,1,1,1,10,10,1,2,1
3073,2048,3,acyclic,1,0,0,0,10,10,2,3,1
3073,2049,3,acyclic,1,1,1,1,10,10,1,2,1
3073,3072,3,acyclic,1,0,0,0,10,10,1,2,1
3073,3073,3,acyclic,1,1,1,1,10,10,0,0,1
5121,0,3,acyclic,1,0,0,0,9,9,3,5,1
5121,1,3,acyclic,1,1,1,1,9,9,2,4,1
5121,1024,3,acyclic,1,0,0,0,9,9,2,5,1
5121,1025,3,acyclic,1,1,1,1,9,9,1,4,1
5121,4096,3,acyclic,1,0,0,0,9,9,2,3,1
5121,4097,3,acyclic,1,1,1,1,9,9,1,2,1
5121,5120,3,acyclic,1,0,0,0,9,9,1,2,1
5121,5121,3,acyclic,1,1,1,1,9,9,0,0,1
9217,0,3,acyclic,1,0,0,0,10,9,3,5,1
9217,1,3,acyclic,1,1,1,1,10,9,2,4,1
9217,1024,3,acyclic,1,0,0,0,10,9,2,4,1
9217,1025,3,acyclic,1,1,1,1,10,9,1,2,1
9217,8192,3,acyclic,1,0,0,0,10,9,2,3,1
9217,8193,3,acyclic,1,1,1,1,10,9,1,2,1
9217,9216,3,acyclic,1,0,0,0,10,9,1,2,1
9217,9217,3,acyclic,1,1,1,1,10,9,0,0,1
17409,0,3,acyclic,1,0,0,0,9,9,3,4,1
17409,1,3,acyclic,1,1,1,1,9,9,2,3,1
17409,1024,3,acyclic,1,0,0,0,9,9,2,3,1
17409,1025,3,acyclic,1,1,1,1,9,9,1,2,1
17409,16384,3,acyclic,1,0,0,0,9,9,2,3,1
17409,16385,3,acyclic,1,1,1,1,9,9,1,2,1
17409,17408,3,acyclic,1,0,0,0,9,9,1,2,1
17409,17409,3,acyclic,1,1,1,1,9,9,0,0,1
33793,0,3,acyclic,1,0,0,0,9,9,3,5,1
33793,1,3,acyclic,1,1,1,1,9,9,2,4,1
33793,1024,3,acyclic,1,0,0,0,9,9,2,5,1
33793,1025,3,acyclic,1,1,1,1,9,9,1,4,1
33793,32768,3,acyclic,1,0,0,0,9,9,2,3,1
33793,32769,3,acyclic,1,1,1,1,9,9,1,2,1
33793,33792,3,acyclic,1,0,0,0,9,9,1,2,1
33793,33793,3,acyclic,1,1,1,1,9,9,0,0,1
66561,0,3,acyclic,1,0,0,0,10,9,3,5,1
66561,1,3,acyclic,1,1,1,1,10,9,2,4,1
66561,1024,3,acyclic,1,0,0,0,10,9,2,4,1
66561,1025,3,acyclic,1,1,1,1,10,9,1,2,1
66561,65536,3,acyclic,1,0,0,0,10,9,2,3,1
66561,65537,3,acyclic,1,1,1,1,10,9,1,2,1
66561,66560,3,acyclic,1,0,0,0,10,9,1,2,1
66561,66561,3,acyclic,1,1,1,1,10,9,0,0,1
132097,0,3,acyclic,1,0,0,0,8,7,3,4,1
132097,1,3,acyclic,1,1,1,1,8,7,2,3,1
132097,1024,3,acyclic,1,0,0,0,8,7,2,4,1
132097,1025,3,acyclic,1,1,1,1,8,7,1,3,1
132097,131072,3,acyclic,1,0,0,0,8,7,2,3,1
132097,131073,3,acyclic,1,1,1,1,8,7,1,2,1
132097,132096,3,acyclic,1,0,0,0,8,7,1,2,1
132097,132097,3,acyclic,1,1,1,1,8,7,0,0,1
263169,0,3,acyclic,1,0,0,0,8,7,3,4,1
263169,1,3,acyclic,1,1,1,1,8,7,2,3,1
263169,1024,3,acyclic,1,0,0,0,8,7,2,4,1
263169,1025,3,acyclic,1,1,1,1,8,7,1,3,1
263169,262144,3,acyclic,1,0,0,0,8,7,2,3,1
263169,262145,3,acyclic,1,1,1,1,8,7,1,2,1
263169,263168,3,acyclic,1,0,0,0,8,7,1,2,1
263169,263169,3,acyclic,1,1,1,1,8,7,0,0,1
525313,0,3,acyclic,1,0,0,0,9,7,3,4,1
525313,1,3,acyclic,1,1,1,1,9,7,2,3,1
525313,1024,3,acyclic,1,0,0,0,9,7,2,3,1
525313,1025,3,acyclic,1,1,1,1,9,7,1,1,1
525313,524288,3,acyclic,1,0,0,0,9,7,2,3,1
525313,524289,3,acyclic,1,1,1,1,9,7,1,2,1
525313,525312,3,acyclic,1,0,0,0,9,7,1,2,1
525313,525313,3,acyclic,1,1,1,1,9,7,0,0,1
6145,0,3,acyclic,1,0,0,0,10,9,3,6,1
6145,1,3,acyclic,1,1,1,1,10,9,2,4,1
6145,2048,3,acyclic,1,0,0,0,10,9,2,6,1
6145,2049,3,acyclic,1,1,1,1,10,9,1,4,1
6145,4096,3,acyclic,1,0,0,0,10,9,2,4,1
6145,4097,3,acyclic,1,1,1,1,10,9,1,2,1
6145,6144,3,acyclic,1,0,0,0,10,9,1,2,1
6145,6145,3,acyclic,1,1,1,1,10,9,0,0,1
10241,0,3,acyclic,1,0,0,0,10,9,3,5,1
10241,1,3,acyclic,1,1,1,1,10,9,2,3,1
10241,2048,3,acyclic,1,0,0,0,10,9,2,4,1
10241,2049,3,acyclic,1,1,1,1,10,9,1,2,1
10241,8192,3,acyclic,1,0,0,0,10,9,2,4,1
10241,8193,3,acyclic,1,1,1,1,10,9,1,2,1
10241,10240,3,acyclic,1,0,0,0,10,9,1,2,1
10241,10241,3,acyclic,1,1,1,1,10,9,0,0,1
18433,0,3,acyclic,1,0,0,0,10,9,3,5,1
18433,1,3,acyclic,1,1,1,1,10,9,2,4,1
18433,2048,3,acyclic,1,0,0,0,10,9,2,3,1
18433,2049,3,acyclic,1,1,1,1,10,9,1,2,1
18433,16384,3,acyclic,1,0,0,0,10,9,2,4,1
18433,16385,3,acyclic,1,1,1,1,10,9,1,2,1
18433,18432,3,acyclic,1,0,0,0,10,9,1,2,1
18433,18433,3,acyclic,1,1,1,1,10,9,0,0,1
34817,0,3,acyclic,1,0,0,0,10,9,3,6,1
34817,1,3,acyclic,1,1,1,1,10,9,2,4,1
34817,2048,3,acyclic,1,0,0,0,10,9,2,6,1
34817,2049,3,acyclic,1,1,1,1,10,9,1,4,1
34817,32768,3,acyclic,1,0,0,0,10,9,2,4,1
34817,32769,3,acyclic,1,1,1,1,10,9,1,2,1
34817,34816,3,acyclic,1,0,0,0,10,9,1,2,1
34817,34817,3,acyclic,1,1,1,1,10,9,0,0,1
67585,0,3,acyclic,1,0,0,0,10,9,3,5,1
67585,1,3,acyclic,1,1,1,1,10,9,2,3,1
67585,2048,3,acyclic,1,0,0,0,10,9,2,4,1
67585,2049,3,acyclic,1,1,1,1,10,9,1,2,1
67585,65536,3,acyclic,1,0,0,0,10,9,2,4,1
67585,65537,3,acyclic,1,1,1,1,10,9,1,2,1
67585,67584,3,acyclic,1,0,0,0,10,9,1,2,1
67585,67585,3,acyclic,1,1,1,1,10,9,0,0,1
133121,0,3,acyclic,1,0,0,0,9,7,3,5,1
133121,1,3,acyclic,1,1,1,1,9,7,2,3,1
133121,2048,3,acyclic,1,0,0,0,9,7,2,5,1
133121,2049,3,acyclic,1,1,1,1,9,7,1,3,1
133121,131072,3,acyclic,1,0,0,0,9,7,2,4,1
133121,131073,3,acyclic,1,1,1,1,9,7,1,2,1
133121,133120,3,acyclic,1,0,0,0,9,7,1,2,1
133121,133121,3,acyclic,1,1,1,1,9,7,0,0,1
264193,0,3,acyclic,1,0,0,0,9,7,3,5,1
264193,1,3,acyclic,1,1,1,1,9,7,2,3,1
264193,2048,3,acyclic,1,0,0,0,9,7,2,5,1
264193,2049,3,acyclic,1,1,1,1,9,7,1,3,1
264193,262144,3,acyclic,1,0,0,0,9,7,2,4,1
264193,262145,3,acyclic,1,1,1,1,9,7,1,2,1
264193,264192,3,acyclic,1,0,0,0,9,7,1,2,1
264193,264193,3,acyclic,1,1,1,1,9,7,0,0,1
526337,0,3,acyclic,1,0,0,0,9,7,3,4,1
526337,1,3,acyclic,1,1,1,1,9,7,2,2,1
526337,2048,3,acyclic,1,0,0,0,9,7,2,3,1
526337,2049,3,acyclic,1,1,1,1,9,7,1,1,1
526337,524288,3,acyclic,1,0,0,0,9,7,2,4,1
526337,524289,3,acyclic,1,1,1,1,9,7,1,2,1
526337,526336,3,acyclic,1,0,0,0,9,7,1,2,1
526337,526337,3,acyclic,1,1,1,1,9,7,0,0,1
12289,0,3,acyclic,1,0,0,0,10,8,3,6,1
12289,1,3,acyclic,1,1,1,1,10,8,2,4,1
12289,4096,3,acyclic,1,0,0,0,10,8,2,4,1
12289,4097,3,acyclic,1,1,1,1,10,8,1,2,1
12289,8192,3,acyclic,1,0,0,0,10,8,2,4,1
12289,8193,3,acyclic,1,1,1,1,10,8,1,2,1
12289,12288,3,acyclic,1,0,0,0,10,8,1,2,1
12289,12289,3,acyclic,1,1,1,1,10,8,0,0,1
20481,0,3,acyclic,1,0,0,0,9,8,3,5,1
20481,1,3,acyclic,1,1,1,1,9,8,2,4,1
20481,4096,3,acyclic,1,0,0,0,9,8,2,3,1
20481,4097,3,acyclic,1,1,1,1,9,8,1,2,1
20481,16384,3,acyclic,1,0,0,0,9,8,2,5,1
20481,16385,3,acyclic,1,1,1,1,9,8,1,4,1
20481,20480,3,acyclic,1,0,0,0,9,8,1,2,1
20481,20481,3,acyclic,1,1,1,1,9,8,0,0,1
36865,0,3,layered,1,0,0,0,15,18,3,10,1
36865,1,3,layered,1,1,1,1,15,18,2,8,1
36865,4096,3,layered,1,0,0,0,15,18,2,8,1
36865,4097,3,layered,1,1,1,1,15,18,1,6,1
36865,32768,3,layered,1,0,0,0,15,18,2,8,1
36865,32769,3,layered,1,1,1,1,15,18,1,6,1
36865,36864,3,layered,1,0,0,0,15,18,1,2,1
36865,36865,3,layered,1,1,1,1,15,18,0,0,1
69633,0,3,acyclic,1,0,0,0,10,8,3,6,1
69633,1,3,acyclic,1,1,1,1,10,8,2,4,1
69633,4096,3,acyclic,1,0,0,0,10,8,2,4,1
69633,4097,3,acyclic,1,1,1,1,10,8,1,2,1
69633,65536,3,acyclic,1,0,0,0,10,8,2,6,1
69633,65537,3,acyclic,1,1,1,1,10,8,1,4,1
69633,69632,3,acyclic,1,0,0,0,10,8,1,2,1
69633,69633,3,acyclic,1,1,1,1,10,8,0,0,1
135169,0,3,acyclic,1,0,0,0,8,6,3,4,1
135169,1,3,acyclic,1,1,1,1,8,6,2,2,1
135169,4096,3,acyclic,1,0,0,0,8,6,2,3,1
135169,4097,3,acyclic,1,1,1,1,8,6,1,1,1
135169,131072,3,acyclic,1,0,0,0,8,6,2,4,1
135169,131073,3,acyclic,1,1,1,1,8,6,1,2,1
135169,135168,3,acyclic,1,0,0,0,8,6,1,2,1
135169,135169,3,acyclic,1,1,1,1,8,6,0,0,1
266241,0,3,acyclic,1,0,0,0,8,6,3,5,1
266241,1,3,acyclic,1,1,1,1,8,6,2,3,1
266241,4096,3,acyclic,1,0,0,0,8,6,2,5,1
266241,4097,3,acyclic,1,1,1,1,8,6,1,3,1
266241,262144,3,acyclic,1,0,0,0,8,6,2,4,1
266241,262145,3,acyclic,1,1,1,1,8,6,1,2,1
266241,266240,3,acyclic,1,0,0,0,8,6,1,2,1
266241,266241,3,acyclic,1,1,1,1,8,6,0,0,1
528385,0,3,acyclic,1,0,0,0,9,6,3,5,1
528385,1,3,acyclic,1,1,1,1,9,6,2,3,1
528385,4096,3,acyclic,1,0,0,0,9,6,2,3,1
528385,4097,3,acyclic,1,1,1,1,9,6,1,1,1
528385,524288,3,acyclic,1,0,0,0,9,6,2,4,1
528385,524289,3,acyclic,1,1,1,1,9,6,1,2,1
528385,528384,3,acyclic,1,0,0,0,9,6,1,2,1
528385,528385,3,acyclic,1,1,1,1,9,6,0,0,1
24577,0,3,acyclic,1,0,0,0,10,8,3,5,1
24577,1,3,acyclic,1,1,1,1,10,8,2,4,1
24577,8192,3,acyclic,1,0,0,0,10,8,2,3,1
24577,8193,3,acyclic,1,1,1,1,10,8,1,2,1
24577,16384,3,acyclic,1,0,0,0,10,8,2,4,1
24577,16385,3,acyclic,1,1,1,1,10,8,1,2,1
24577,24576,3,acyclic,1,0,0,0,10,8,1,2,1
24577,24577,3,acyclic,1,1,1,1,10,8,0,0,1
40961,0,3,acyclic,1,0,0,0,10,8,3,6,1
40961,1,3,acyclic,1,1,1,1,10,8,2,4,1
40961,8192,3,acyclic,1,0,0,0,10,8,2,6,1
40961,8193,3,acyclic,1,1,1,1,10,8,1,4,1
40961,32768,3,acyclic,1,0,0,0,10,8,2,4,1
40961,32769,3,acyclic,1,1,1,1,10,8,1,2,1
40961,40960,3,acyclic,1,0,0,0,10,8,1,2,1
40961,40961,3,acyclic,1,1,1,1,10,8,0,0,1
73729,0,3,acyclic,1,0,0,0,10,8,3,5,1
73729,1,3,acyclic,1,1,1,1,10,8,2,3,1
73729,8192,3,acyclic,1,0,0,0,10,8,2,4,1
73729,8193,3,acyclic,1,1,1,1,10,8,1,2,1
73729,65536,3,acyclic,1,0,0,0,10,8,2,4,1
73729,65537,3,acyclic,1,1,1,1,10,8,1,2,1
73729,73728,3,acyclic,1,0,0,0,10,8,1,2,1
73729,73729,3,acyclic,1,1,1,1,10,8,0,0,1
139265,0,3,acyclic,1,0,0,0,9,6,3,5,1
139265,1,3,acyclic,1,1,1,1,9,6,2,3,1
139265,8192,3,acyclic,1,0,0,0,9,6,2,3,1
139265,8193,3,acyclic,1,1,1,1,9,6,1,1,1
139265,131072,3,acyclic,1,0,0,0,9,6,2,4,1
139265,131073,3,acyclic,1,1,1,1,9,6,1,2,1
139265,139264,3,acyclic,1,0,0,0,9,6,1,2,1
139265,139265,3,acyclic,1,1,1,1,9,6,0,0,1
270337,0,3,acyclic,1,0,0,0,8,6,3,5,1
270337,1,3,acyclic,1,1,1,1,8,6,2,3,1
270337,8192,3,acyclic,1,0,0,0,8,6,2,5,1
270337,8193,3,acyclic,1,1,1,1,8,6,1,3,1
270337,262144,3,acyclic,1,0,0,0,8,6,2,4,1
270337,262145,3,acyclic,1,1,1,1,8,6,1,2,1
270337,270336,3,acyclic,1,0,0,0,8,6,1,2,1
270337,270337,3,acyclic,1,1,1,1,8,6,0,0,1
532481,0,3,acyclic,1,0,0,0,8,6,3,4,1
532481,1,3,acyclic,1,1,1,1,8,6,2,2,1
532481,8192,3,acyclic,1,0,0,0,8,6,2,3,1
532481,8193,3,acyclic,1,1,1,1,8,6,1,1,1
532481,524288,3,acyclic,1,0,0,0,8,6,2,4,1
532481,524289,3,acyclic,1,1,1,1,8,6,1,2,1
532481,532480,3,acyclic,1,0,0,0,8,6,1,2,1
532481,532481,3,acyclic,1,1,1,1,8,6,0,0,1
49153,0,3,acyclic,1,0,0,0,9,8,3,5,1
49153,1,3,acyclic,1,1,1,1,9,8,2,4,1
49153,16384,3,acyclic,1,0,0,0,9,8,2,4,1
49153,16385,3,acyclic,1,1,1,1,9,8,1,2,1
49153,32768,3,acyclic,1,0,0,0,9,8,2,3,1
49153,32769,3,acyclic,1,1,1,1,9,8,1,2,1
49153,49152,3,acyclic,1,0,0,0,9,8,1,2,1
49153,49153,3,acyclic,1,1,1,1,9,8,0,0,1
81921,0,3,acyclic,1,0,0,0,9,8,3,5,1
81921,1,3,acyclic,1,1,1,1,9,8,2,4,1
81921,16384,3,acyclic,1,0,0,0,9,8,2,4,1
81921,16385,3,acyclic,1,1,1,1,9,8,1,2,1
81921,65536,3,acyclic,1,0,0,0,9,8,2,3,1
81921,65537,3,acyclic,1,1,1,1,9,8,1,2,1
81921,81920,3,acyclic,1,0,0,0,9,8,1,2,1
81921,81921,3,acyclic,1,1,1,1,9,8,0,0,1
147457,0,3,acyclic,1,0,0,0,7,6,3,4,1
147457,1,3,acyclic,1,1,1,1,7,6,2,3,1
147457,16384,3,acyclic,1,0,0,0,7,6,2,4,1
147457,16385,3,acyclic,1,1,1,1,7,6,1,3,1
147457,131072,3,acyclic,1,0,0,0,7,6,2,3,1
147457,131073,3,acyclic,1,1,1,1,7,6,1,2,1
147457,147456,3,acyclic,1,1,0,1,7,6,1,2,1
147457,147457,3,acyclic,1,1,1,1,7,6,0,0,1
278529,0,3,acyclic,1,0,0,0,8,6,3,4,1
278529,1,3,acyclic,1,1,1,1,8,6,2,3,1
278529,16384,3,acyclic,1,0,0,0,8,6,2,3,1
278529,16385,3,acyclic,1,1,1,1,8,6,1,1,1
278529,262144,3,acyclic,1,0,0,0,8,6,2,3,1
278529,262145,3,acyclic,1,1,1,1,8,6,1,2,1
278529,278528,3,acyclic,1,0,0,0,8,6,1,2,1
278529,278529,3,acyclic,1,1,1,1,8,6,0,0,1
540673,0,3,acyclic,1,0,0,0,8,6,3,4,1
540673,1,3,acyclic,1,1,1,1,8,6,2,3,1
540673,16384,3,acyclic,1,0,0,0,8,6,2,3,1
540673,16385,3,acyclic,1,1,1,1,8,6,1,1,1
540673,524288,3,acyclic,1,0,0,0,8,6,2,3,1
540673,524289,3,acyclic,1,1,1,1,8,6,1,2,1
540673,540672,3,acyclic,1,0,0,0,8,6,1,2,1
540673,540673,3,acyclic,1,1,1,1,8,6,0,0,1
98305,0,3,acyclic,1,0,0,0,10,8,3,6,1
98305,1,3,acyclic,1,1,1,1,10,8,2,4,1
98305,32768,3,acyclic,1,0,0,0,10,8,2,4,1
98305,32769,3,acyclic,1,1,1,1,10,8,1,2,1
98305,65536,3,acyclic,1,0,0,0,10,8,2,4,1
98305,65537,3,acyclic,1,1,1,1,10,8,1,2,1
98305,98304,3,acyclic,1,0,0,0,10,8,1,2,1
98305,98305,3,acyclic,1,1,1,1,10,8,0,0,1
163841,0,3,acyclic,1,0,0,0,8,6,3,5,1
163841,1,3,acyclic,1,1,1,1,8,6,2,3,1
163841,32768,3,acyclic,1,0,0,0,8,6,2,5,1
163841,32769,3,acyclic,1,1,1,1,8,6,1,3,1
163841,131072,3,acyclic,1,0,0,0,8,6,2,4,1
163841,131073,3,acyclic,1,1,1,1,8,6,1,2,1
163841,163840,3,acyclic,1,0,0,0,8,6,1,2,1
163841,163841,3,acyclic,1,1,1,1,8,6,0,0,1
294913,0,3,acyclic,1,0,0,0,8,6,3,4,1
294913,1,3,acyclic,1,1,1,1,8,6,2,2,1
294913,32768,3,acyclic,1,0,0,0,8,6,2,3,1
294913,32769,3,acyclic,1,1,1,1,8,6,1,1,1
294913,262144,3,acyclic,1,0,0,0,8,6,2,4,1
294913,262145,3,acyclic,1,1,1,1,8,6,1,2,1
294913,294912,3,acyclic,1,0,0,0,8,6,1,2,1
294913,294913,3,acyclic,1,1,1,1,8,6,0,0,1
557057,0,3,acyclic,1,0,0,0,9,6,3,5,1
557057,1,3,acyclic,1,1,1,1,9,6,2,3,1
557057,32768,3,acyclic,1,0,0,0,9,6,2,3,1
557057,32769,3,acyclic,1,1,1,1,9,6,1,1,1
557057,524288,3,acyclic,1,0,0,0,9,6,2,4,1
557057,524289,3,acyclic,1,1,1,1,9,6,1,2,1
557057,557056,3,acyclic,1,0,0,0,9,6,1,2,1
557057,557057,3,acyclic,1,1,1,1,9,6,0,0,1
196609,0,3,acyclic,1,0,0,0,8,6,3,5,1
196609,1,3,acyclic,1,1,1,1,8,6,2,3,1
196609,65536,3,acyclic,1,0,0,0,8,6,2,5,1
196609,65537,3,acyclic,1,1,1,1,8,6,1,3,1
196609,131072,3,acyclic,1,0,0,0,8,6,2,4,1
196609,131073,3,acyclic,1,1,1,1,8,6,1,2,1
196609,196608,3,acyclic,1,0,0,0,8,6,1,2,1
196609,196609,3,acyclic,1,1,1,1,8,6,0,0,1
327681,0,3,acyclic,1,0,0,0,9,6,3,5,1
327681,1,3,acyclic,1,1,1,1,9,6,2,3,1
327681,65536,3,acyclic,1,0,0,0,9,6,2,3,1
327681,65537,3,acyclic,1,1,1,1,9,6,1,1,1
327681,262144,3,acyclic,1,0,0,0,9,6,2,4,1
327681,262145,3,acyclic,1,1,1,1,9,6,1,2,1
327681,327680,3,acyclic,1,0,0,0,9,6,1,2,1
327681,327681,3,acyclic,1,1,1,1,9,6,0,0,1
589825,0,3,acyclic,1,0,0,0,8,6,3,4,1
589825,1,3,acyclic,1,1,1,1,8,6,2,2,1
589825,65536,3,acyclic,1,0,0,0,8,6,2,3,1
589825,65537,3,acyclic,1,1,1,1,8,6,1,1,1
589825,524288,3,acyclic,1,0,0,0,8,6,2,4,1
589825,524289,3,acyclic,1,1,1,1,8,6,1,2,1
589825,589824,3,acyclic,1,0,0,0,8,6,1,2,1
589825,589825,3,acyclic,1,1,1,1,8,6,0,0,1
393217,0,3,acyclic,1,0,0,0,7,4,3,4,1
393217,1,3,acyclic,1,1,1,1,7,4,2,2,1
393217,131072,3,acyclic,1,0,0,0,7,4,2,3,1
393217,131073,3,acyclic,1,1,1,1,7,4,1,1,1
393217,262144,3,acyclic,1,0,0,0,7,4,2,3,1
393217,262145,3,acyclic,1,1,1,1,7,4,1,1,1
393217,393216,3,acyclic,1,0,0,0,7,4,1,2,1
393217,393217,3,acyclic,1,1,1,1,7,4,0,0,1
655361,0,3,acyclic,1,0,0,0,7,4,3,4,1
655361,1,3,acyclic,1,1,1,1,7,4,2,2,1
655361,131072,3,acyclic,1,0,0,0,7,4,2,3,1
655361,131073,3,acyclic,1,1,1,1,7,4,1,1,1
655361,524288,3,acyclic,1,0,0,0,7,4,2,3,1
655361,524289,3,acyclic,1,1,1,1,7,4,1,1,1
655361,655360,3,acyclic,1,0,0,0,7,4,1,2,1
655361,655361,3,acyclic,1,1,1,1,7,4,0,0,1
786433,0,3,acyclic,1,0,0,0,7,4,3,4,1
786433,1,3,acyclic,1,1,1,1,7,4,2,2,1
786433,262144,3,acyclic,1,0,0,0,7,4,2,3,1
786433,262145,3,acyclic,1,1,1,1,7,4,1,1,1
786433,524288,3,acyclic,1,0,0,0,7,4,2,3,1
786433,524289,3,acyclic,1,1,1,1,7,4,1,1,1
786433,786432,3,acyclic,1,0,0,0,7,4,1,2,1
786433,786433,3,acyclic,1,1,1,1,7,4,0,0,1
14,0,3,acyclic,0,0,0,0,10,12,3,4,1
14,2,3,acyclic,0,0,0,0,10,12,2,3,1
14,4,3,acyclic,0,0,0,0,10,12,2,3,1
14,6,3,acyclic,0,0,0,0,10,12,1,2,1
14,8,3,acyclic,0,0,0,0,10,12,2,3,1
14,10,3,acyclic,0,0,0,0,10,12,1,2,1
14,12,3,acyclic,0,0,0,0,10,12,1,2,1
14,14,3,acyclic,0,0,0,0,10,12,0,0,1
22,0,3,acyclic,0,0,0,0,10,11,3,5,1
22,2,3,acyclic,0,0,0,0,10,11,2,4,1
22,4,3,acyclic,0,0,0,0,10,11,2,4,1
22,6,3,acyclic,0,0,0,0,10,11,1,2,1
22,16,3,acyclic,0,0,0,0,10,11,2,3,1
22,18,3,acyclic,0,0,0,0,10,11,1,2,1
22,20,3,acyclic,0,0,0,0,10,11,1,2,1
22,22,3,acyclic,0,0,0,0,10,11,0,0,1
38,0,3,acyclic,0,0,0,0,10,11,3,4,1
38,2,3,acyclic,0,0,0,0,10,11,2,3,1
38,4,3,acyclic,0,0,0,0,10,11,2,3,1
38,6,3,acyclic,0,0,0,0,10,11,1,2,1
38,32,3,acyclic,0,0,0,0,10,11,2,3,1
38,34,3,acyclic,0,0,0,0,10,11,1,2,1
38,36,3,acyclic,0,0,0,0,10,11,1,2,1
38,38,3,acyclic,0,0,0,0,10,11,0,0,1
70,0,3,acyclic,0,0,0,0,10,11,3,5,1
70,2,3,acyclic,0,0,0,0,10,11,2,4,1
70,4,3,acyclic,0,0,0,0,10,11,2,5,1
70,6,3,acyclic,0,0,0,0,10,11,1,4,1
70,64,3,acyclic,0,0,0,0,10,11,2,3,1
70,66,3,acyclic,0,0,0,0,10,11,1,2,1
70,68,3,acyclic,0,0,0,0,10,11,1,2,1
70,70,3,acyclic,0,0,0,0,10,11,0,0,1
134,0,3,acyclic,0,0,0,0,10,10,3,5,1
134,2,3,acyclic,0,0,0,0,10,10,2,4,1
134,4,3,acyclic,0,0,0,0,10,10,2,4,1
134,6,3,acyclic,0,0,0,0,10,10,1,2,1
134,128,3,acyclic,0,0,0,0,10,10,2,3,1
134,130,3,acyclic,0,0,0,0,10,10,1,2,1
134,132,3,acyclic,0,0,0,0,10,10,1,2,1
134,134,3,acyclic,0,0,0,0,10,10,0,0,1
262,0,3,acyclic,0,0,0,0,9,10,3,5,1
262,2,3,acyclic,0,0,0,0,9,10,2,4,1
262,4,3,acyclic,0,0,0,0,9,10,2,5,1
262,6,3,acyclic,0,0,0,0,9,10,1,4,1
262,256,3,acyclic,0,0,0,0,9,10,2,3,1
262,258,3,acyclic,0,0,0,0,9,10,1,2,1
262,260,3,acyclic,0,0,0,0,9,10,1,2,1
262,262,3,acyclic,0,0,0,0,9,10,0,0,1
518,0,3,acyclic,0,0,0,0,9,10,3,4,1
518,2,3,acyclic,0,0,0,0,9,10,2,3,1
518,4,3,acyclic,0,0,0,0,9,10,2,3,1
518,6,3,acyclic,0,0,0,0,9,10,1,2,1
518,512,3,acyclic,0,0,0,0,9,10,2,3,1
518,514,3,acyclic,0,0,0,0,9,10,1,2,1
518,516,3,acyclic,0,0,0,0,9,10,1,2,1
518,518,3,acyclic,0,0,0,0,9,10,0,0,1
1030,0,3,acyclic,0,0,0,0,10,11,3,4,1
1030,2,3,acyclic,0,0,0,0,10,11,2,3,1
1030,4,3,acyclic,0,0,0,0,10,11,2,3,1
1030,6,3,acyclic,0,0,0,0,10,11,1,2,1
1030,1024,3,acyclic,0,0,0,0,10,11,2,3,1
1030,1026,3,acyclic,0,0,0,0,10,11,1,2,1
1030,1028,3,acyclic,0,0,0,0,10,11,1,2,1
1030,1030,3,acyclic,0,0,0,0,10,11,0,0,1
2054,0,3,acyclic,0,0,0,0,10,11,3,5,1
2054,2,3,acyclic,0,0,0,0,10,11,2,5,1
2054,4,3,acyclic,0,0,0,0,10,11,2,5,1
2054,6,3,acyclic,0,0,0,0,10,11,1,5,1
2054,2048,3,acyclic,0,0,0,0,10,11,2,3,1
2054,2050,3,acyclic,0,0,0,0,10,11,1,2,1
2054,2052,3,acyclic,0,0,0,0,10,11,1,2,1
2054,2054,3,acyclic,0,0,0,0,10,11,0,0,1
4102,0,3,acyclic,0,0,0,0,10,10,3,5,1
4102,2,3,acyclic,0,0,0,0,10,10,2,4,1
4102,4,3,acyclic,0,0,0,0,10,10,2,4,1
4102,6,3,acyclic,0,0,0,0,10,10,1,2,1
4102,4096,3,acyclic,0,0,0,0,10,10,2,3,1
4102,4098,3,acyclic,0,0,0,0,10,10,1,2,1
4102,4100,3,acyclic,0,0,0,0,10,10,1,2,1
4102,4102,3,acyclic,0,0,0,0,10,10,0,0,1
8198,0,3,acyclic,0,0,0,0,9,10,3,5,1
8198,2,3,acyclic,0,0,0,0,9,10,2,5,1
8198,4,3,acyclic,0,0,0,0,9,10,2,5,1
8198,6,3,acyclic,0,0,0,0,9,10,1,5,1
8198,8192,3,acyclic,0,0,0,0,9,10,2,3,1
8198,8194,3,acyclic,0,0,0,0,9,10,1,2,1
8198,8196,3,acyclic,0,0,0,0,9,10,1,2,1
8198,8198,3,acyclic,0,0,0,0,9,10,0,0,1
16390,0,3,acyclic,0,0,0,0,10,10,3,4,1
16390,2,3,acyclic,0,0,0,0,10,10,2,3,1
16390,4,3,acyclic,0,0,0,0,10,10,2,3,1
16390,6,3,acyclic,0,0,0,0,10,10,1,2,1
16390,16384,3,acyclic,0,0,0,0,10,10,2,3,1
16390,16386,3,acyclic,0,0,0,0,10,10,1,2,1
16390,16388,3,acyclic,0,0,0,0,10,10,1,2,1
16390,16390,3,acyclic,0,0,0,0,10,10,0,0,1
32774,0,3,acyclic,0,0,0,0,10,10,3,5,1
32774,2,3,acyclic,0,0,0,0,10,10,2,4,1
32774,4,3,acyclic,0,0,0,0,10,10,2,5,1
32774,6,3,acyclic,0,0,0,0,10,10,1,4,1
32774,32768,3,acyclic,0,0,0,0,10,10,2,3,1
32774,32770,3,acyclic,0,0,0,0,10,10,1,2,1
32774,32772,3,acyclic,0,0,0,0,10,10,1,2,1
32774,32774,3,acyclic,0,0,0,0,10,10,0,0,1
65542,0,3,acyclic,0,0,0,0,10,10,3,5,1
65542,2,3,acyclic,0,0,0,0,10,10,2,5,1
65542,4,3,acyclic,0,0,0,0,10,10,2,5,1
65542,6,3,acyclic,0,0,0,0,10,10,1,5,1
65542,65536,3,acyclic,0,0,0,0,10,10,2,3,1
65542,65538,3,acyclic,0,0,0,0,10,10,1,2,1
65542,65540,3,acyclic,0,0,0,0,10,10,1,2,1
65542,65542,3,acyclic,0,0,0,0,10,10,0,0,1
131078,0,3,acyclic,0,0,0,0,9,8,3,4,1
131078,2,3,acyclic,0,0,0,0,9,8,2,3,1
131078,4,3,acyclic,0,0,0,0,9,8,2,3,1
131078,6,3,acyclic,0,0,0,0,9,8,1,1,1
131078,131072,3,acyclic,0,0,0,0,9,8,2,3,1
131078,131074,3,acyclic,0,0,0,0,9,8,1,2,1
131078,131076,3,acyclic,0,0,0,0,9,8,1,2,1
131078,131078,3,acyclic,0,0,0,0,9,8,0,0,1
262150,0,3,acyclic,0,0,0,0,8,8,3,4,1
262150,2,3,acyclic,0,0,0,0,8,8,2,3,1
262150,4,3,acyclic,0,0,0,0,8,8,2,4,1
262150,6,3,acyclic,0,0,0,0,8,8,1,3,1
262150,262144,3,acyclic,0,0,0,0,8,8,2,3,1
262150,262146,3,acyclic,0,0,0,0,8,8,1,2,1
262150,262148,3,acyclic,0,0,0,0,8,8,1,2,1
262150,262150,3,acyclic,0,0,0,0,8,8,0,0,1
524294,0,3,acyclic,1,0,0,0,8,8,3,4,1
524294,2,3,acyclic,1,0,0,0,8,8,2,4,1
524294,4,3,acyclic,1,0,0,0,8,8,2,4,1
524294,6,3,acyclic,1,0,0,0,8,8,1,4,1
524294,524288,3,acyclic,1,0,0,0,8,8,2,3,1
524294,524290,3,acyclic,1,1,1,1,8,8,1,2,1
524294,524292,3,acyclic,1,0,0,0,8,8,1,2,1
524294,524294,3,acyclic,1,1,1,1,8,8,0,0,1
26,0,3,acyclic,0,0,0,0,10,12,3,5,1
26,2,3,acyclic,0,0,0,0,10,12,2,4,1
26,8,3,acyclic,0,0,0,0,10,12,2,5,1
26,10,3,acyclic,0,0,0,0,10,12,1,4,1
26,16,3,acyclic,0,0,0,0,10,12,2,3,1
26,18,3,acyclic,0,0,0,0,10,12,1,2,1
26,24,3,acyclic,0,0,0,0,10,12,1,2,1
26,26,3,acyclic,0,0,0,0,10,12,0,0,1
42,0,3,acyclic,0,0,0,0,10,12,3,4,1
42,2,3,acyclic,0,0,0,0,10,12,2,3,1
42,8,3,acyclic,0,0,0,0,10,12,2,3,1
42,10,3,acyclic,0,0,0,0,10,12,1,2,1
42,32,3,acyclic,0,0,0,0,10,12,2,3,1
42,34,3,acyclic,0,0,0,0,10,12,1,2,1
42,40,3,acyclic,0,0,0,0,10,12,1,2,1
42,42,3,acyclic,0,0,0,0,10,12,0,0,1
74,0,3,acyclic,0,0,0,0,10,12,3,5,1
74,2,3,acyclic,0,0,0,0,10,12,2,4,1
74,8,3,acyclic,0,0,0,0,10,12,2,5,1
74,10,3,acyclic,0,0,0,0,10,12,1,4,1
74,64,3,acyclic,0,0,0,0,10,12,2,3,1
74,66,3,acyclic,0,0,0,0,10,12,1,2,1
74,72,3,acyclic,0,0,0,0,10,12,1,2,1
74,74,3,acyclic,0,0,0,0,10,12,0,0,1
138,0,3,acyclic,0,0,0,0,10,11,3,5,1
138,2,3,acyclic,0,0,0,0,10,11,2,4,1
138,8,3,acyclic,0,0,0,0,10,11,2,5,1
138,10,3,acyclic,0,0,0,0,10,11,1,4,1
138,128,3,acyclic,0,0,0,0,10,11,2,3,1
138,130,3,acyclic,0,0,0,0,10,11,1,2,1
138,136,3,acyclic,0,0,0,0,10,11,1,2,1
138,138,3,acyclic,0,0,0,0,10,11,0,0,1
266,0,3,acyclic,0,0,0,0,10,11,3,5,1
266,2,3,acyclic,0,0,0,0,10,11,2,4,1
266,8,3,acyclic,0,0,0,0,10,11,2,5,1
266,10,3,acyclic,0,0,0,0,10,11,1,4,1
266,256,3,acyclic,0,0,0,0,10,11,2,3,1
266,258,3,acyclic,0,0,0,0,10,11,1,2,1
266,264,3,acyclic,0,0,0,0,10,11,1,2,1
266,266,3,acyclic,0,0,0,0,10,11,0,0,1
522,0,3,acyclic,0,0,0,0,10,11,3,4,1
522,2,3,acyclic,0,0,0,0,10,11,2,3,1
522,8,3,acyclic,0,0,0,0,10,11,2,3,1
522,10,3,acyclic,0,0,0,0,10,11,1,2,1
522,512,3,acyclic,0,0,0,0,10,11,2,3,1
522,514,3,acyclic,0,0,0,0,10,11,1,2,1
522,520,3,acyclic,0,0,0,0,10,11,1,2,1
522,522,3,acyclic,0,0,0,0,10,11,0,0,1
1034,0,3,acyclic,0,0,0,0,10,12,3,4,1
1034,2,3,acyclic,0,0,0,0,10,12,2,3,1
1034,8,3,acyclic,0,0,0,0,10,12,2,3,1
1034,10,3,acyclic,0,0,0,0,10,12,1,2,1
1034,1024,3,acyclic,0,0,0,0,10,12,2,3,1
1034,1026,3,acyclic,0,0,0,0,10,12,1,2,1
1034,1032,3,acyclic,0,0,0,0,10,12,1,2,1
1034,1034,3,acyclic,0,0,0,0,10,12,0,0,1
2058,0,3,acyclic,0,0,0,0,10,12,3,5,1
2058,2,3,acyclic,0,0,0,0,10,12,2,5,1
2058,8,3,acyclic,0,0,0,0,10,12,2,5,1
2058,10,3,acyclic,0,0,0,0,10,12,1,5,1
2058,2048,3,acyclic,0,0,0,0,10,12,2,3,1
2058,2050,3,acyclic,0,0,0,0,10,12,1,2,1
2058,2056,3,acyclic,0,0,0,0,10,12,1,2,1
2058,2058,3,acyclic,0,0,0,0,10,12,0,0,1
4106,0,3,acyclic,0,0,0,0,10,11,3,5,1
4106,2,3,acyclic,0,0,0,0,10,11,2,4,1
4106,8,3,acyclic,0,0,0,0,10,11,2,5,1
4106,10,3,acyclic,0,0,0,0,10,11,1,4,1
4106,4096,3,acyclic,0,0,0,0,10,11,2,3,1
4106,4098,3,acyclic,0,0,0,0,10,11,1,2,1
4106,4104,3,acyclic,0,0,0,0,10,11,1,2,1
4106,4106,3,acyclic,0,0,0,0,10,11,0,0,1
8202,0,3,acyclic,0,0,0,0,10,11,3,5,1
8202,2,3,acyclic,0,0,0,0,10,11,2,5,1
8202,8,3,acyclic,0,0,0,0,10,11,2,5,1
8202,10,3,acyclic,0,0,0,0,10,11,1,5,1
8202,8192,3,acyclic,0,0,0,0,10,11,2,3,1
8202,8194,3,acyclic,0,0,0,0,10,11,1,2,1
8202,8200,3,acyclic,0,0,0,0,10,11,1,2,1
8202,8202,3,acyclic,0,0,0,0,10,11,0,0,1
16394,0,3,acyclic,0,0,0,0,10,11,3,4,1
16394,2,3,acyclic,0,0,0,0,10,11,2,3,1
16394,8,3,acyclic,0,0,0,0,10,11,2,3,1
16394,10,3,acyclic,0,0,0,0,10,11,1,2,1
16394,16384,3,acyclic,0,0,0,0,10,11,2,3,1
16394,16386,3,acyclic,0,0,0,0,10,11,1,2,1
16394,16392,3,acyclic,0,0,0,0,10,11,1,2,1
16394,16394,3,acyclic,0,0,0,0,10,11,0,0,1
32778,0,3,acyclic,0,0,0,0,10,11,3,5,1
32778,2,3,acyclic,0,0,0,0,10,11,2,4,1
32778,8,3,acyclic,0,0,0,0,10,11,2,5,1
32778,10,3,acyclic,0,0,0,0,10,11,1,4,1
32778,32768,3,acyclic,0,0,0,0,10,11,2,3,1
32778,32770,3,acyclic,0,0,0,0,10,11,1,2,1
32778,32776,3,acyclic,0,0,0,0,10,11,1,2,1
32778,32778,3,acyclic,0,0,0,0,10,11,0,0,1
65546,0,3,acyclic,0,0,0,0,10,11,3,5,1
65546,2,3,acyclic,0,0,0,0,10,11,2,5,1
65546,8,3,acyclic,0,0,0,0,10,11,2,5,1
65546,10,3,acyclic,0,0,0,0,10,11,1,5,1
65546,65536,3,acyclic,0,0,0,0,10,11,2,3,1
65546,65538,3,acyclic,0,0,0,0,10,11,1,2,1
65546,65544,3,acyclic,0,0,0,0,10,11,1,2,1
65546,65546,3,acyclic,0,0,0,0,10,11,0,0,1
131082,0,3,acyclic,0,0,0,0,9,9,3,4,1
131082,2,3,acyclic,0,0,0,0,9,9,2,3,1
131082,8,3,acyclic,0,0,0,0,9,9,2,4,1
131082,10,3,acyclic,0,0,0,0,9,9,1,3,1
131082,131072,3,acyclic,0,0,0,0,9,9,2,3,1
131082,131074,3,acyclic,0,0,0,0,9,9,1,2,1
131082,131080,3,acyclic,0,0,0,0,9,9,1,2,1
131082,131082,3,acyclic,0,0,0,0,9,9,0,0,1
262154,0,3,acyclic,0,0,0,0,9,9,3,4,1
262154,2,3,acyclic,0,0,0,0,9,9,2,3,1
262154,8,3,acyclic,0,0,0,0,9,9,2,4,1
262154,10,3,acyclic,0,0,0,0,9,9,1,3,1
262154,262144,3,acyclic,0,0,0,0,9,9,2,3,1
262154,262146,3,acyclic,0,0,0,0,9,9,1,2,1
262154,262152,3,acyclic,0,0,0,0,9,9,1,2,1
262154,262154,3,acyclic,0,0,0,0,9,9,0,0,1
524298,0,3,acyclic,1,0,0,0,9,9,3,4,1
524298,2,3,acyclic,1,0,0,0,9,9,2,4,1
524298,8,3,acyclic,1,0,0,0,9,9,2,4,1
524298,10,3,acyclic,1,0,0,0,9,9,1,4,1
524298,524288,3,acyclic,1,0,0,0,9,9,2,3,1
524298,524290,3,acyclic,1,1,1,1,9,9,1,2,1
524298,524296,3,acyclic,1,0,0,0,9,9,1,2,1
524298,524298,3,acyclic,1,1,1,1,9,9,0,0,1
50,0,3,acyclic,0,0,0,0,10,11,3,5,1
50,2,3,acyclic,0,0,0,0,10,11,2,4,1
50,16,3,acyclic,0,0,0,0,10,11,2,3,1
50,18,3,acyclic,0,0,0,0,10,11,1,2,1
50,32,3,acyclic,0,0,0,0,10,11,2,5,1
50,34,3,acyclic,0,0,0,0,10,11,1,4,1
50,48,3,acyclic,0,0,0,0,10,11,1,2,1
50,50,3,acyclic,0,0,0,0,10,11,0,0,1
82,0,3,layered,0,0,0,0,23,36,3,14,1
82,2,3,layered,0,0,0,0,23,36,2,12,1
82,16,3,layered,0,0,0,0,23,36,2,12,1
82,18,3,layered,0,0,0,0,23,36,1,10,1
82,64,3,layered,0,0,0,0,23,36,2,12,1
82,66,3,layered,0,0,0,0,23,36,1,10,1
82,80,3,layered,0,0,0,0,23,36,1,2,1
82,82,3,layered,0,0,0,0,23,36,0,0,1
146,0,3,acyclic,0,0,0,0,10,10,3,5,1
146,2,3,acyclic,0,0,0,0,10,10,2,3,1
146,16,3,acyclic,0,0,0,0,10,10,2,4,1
146,18,3,acyclic,0,0,0,0,10,10,1,2,1
146,128,3,acyclic,0,0,0,0,10,10,2,4,1
146,130,3,acyclic,0,0,0,0,10,10,1,2,1
146,144,3,acyclic,0,0,0,0,10,10,1,2,1
146,146,3,acyclic,0,0,0,0,10,10,0,0,1
274,0,3,acyclic,0,0,0,0,10,10,3,6,1
274,2,3,acyclic,0,0,0,0,10,10,2,4,1
274,16,3,acyclic,0,0,0,0,10,10,2,6,1
274,18,3,acyclic,0,0,0,0,10,10,1,4,1
274,256,3,acyclic,0,0,0,0,10,10,2,4,1
274,258,3,acyclic,0,0,0,0,10,10,1,2,1
274,272,3,acyclic,0,0,0,0,10,10,1,2,1
274,274,3,acyclic,0,0,0,0,10,10,0,0,1
530,0,3,acyclic,0,0,0,0,10,10,3,5,1
530,2,3,acyclic,0,0,0,0,10,10,2,4,1
530,16,3,acyclic,0,0,0,0,10,10,2,3,1
530,18,3,acyclic,0,0,0,0,10,10,1,2,1
530,512,3,acyclic,0,0,0,0,10,10,2,4,1
530,514,3,acyclic,0,0,0,0,10,10,1,2,1
530,528,3,acyclic,0,0,0,0,10,10,1,2,1
530,530,3,acyclic,0,0,0,0,10,10,0,0,1
1042,0,3,acyclic,0,0,0,0,10,11,3,5,1
1042,2,3,acyclic,0,0,0,0,10,11,2,4,1
1042,16,3,acyclic,0,0,0,0,10,11,2,3,1
1042,18,3,acyclic,0,0,0,0,10,11,1,2,1
1042,1024,3,acyclic,0,0,0,0,10,11,2,5,1
1042,1026,3,acyclic,0,0,0,0,10,11,1,4,1
1042,1040,3,acyclic,0,0,0,0,10,11,1,2,1
1042,1042,3,acyclic,0,0,0,0,10,11,0,0,1
2066,0,3,layered,0,0,0,0,23,36,3,14,1
2066,2,3,layered,0,0,0,0,23,36,2,14,1
2066,16,3,layered,0,0,0,0,23,36,2,12,1
2066,18,3,layered,0,0,0,0,23,36,1,12,1
2066,2048,3,layered,0,0,0,0,23,36,2,12,1
2066,2050,3,layered,0,0,0,0,23,36,1,12,1
2066,2064,3,layered,0,0,0,0,23,36,1,2,1
2066,2066,3,layered,0,0,0,0,23,36,0,0,1
4114,0,3,acyclic,0,0,0,0,10,10,3,5,1
4114,2,3,acyclic,0,0,0,0,10,10,2,3,1
4114,16,3,acyclic,0,0,0,0,10,10,2,4,1
4114,18,3,acyclic,0,0,0,0,10,10,1,2,1
4114,4096,3,acyclic,0,0,0,0,10,10,2,4,1
4114,4098,3,acyclic,0,0,0,0,10,10,1,2,1
4114,4112,3,acyclic,0,0,0,0,10,10,1,2,1
4114,4114,3,acyclic,0,0,0,0,10,10,0,0,1
8210,0,3,acyclic,0,0,0,0,10,10,3,6,1
8210,2,3,acyclic,0,0,0,0,10,10,2,6,1
8210,16,3,acyclic,0,0,0,0,10,10,2,6,1
8210,18,3,acyclic,0,0,0,0,10,10,1,6,1
8210,8192,3,acyclic,0,0,0,0,10,10,2,4,1
8210,8194,3,acyclic,0,0,0,0,10,10,1,2,1
8210,8208,3,acyclic,0,0,0,0,10,10,1,2,1
8210,8210,3,acyclic,0,0,0,0,10,10,0,0,1
16402,0,3,acyclic,0,0,0,0,10,10,3,5,1
16402,2,3,acyclic,0,0,0,0,10,10,2,4,1
16402,16,3,acyclic,0,0,0,0,10,10,2,3,1
16402,18,3,acyclic,0,0,0,0,10,10,1,2,1
16402,16384,3,acyclic,0,0,0,0,10,10,2,5,1
16402,16386,3,acyclic,0,0,0,0,10,10,1,4,1
16402,16400,3,acyclic,0,0,0,0,10,10,1,2,1
16402,16402,3,acyclic,0,0,0,0,10,10,0,0,1
32786,0,3,layered,0,0,0,0,23,33,3,14,1
32786,2,3,layered,0,0,0,0,23,33,2,12,1
32786,16,3,layered,0,0,0,0,23,33,2,12,1
32786,18,3,layered,0,0,0,0,23,33,1,10,1
32786,32768,3,layered,0,0,0,0,23,33,2,12,1
32786,32770,3,layered,0,0,0,0,23,33,1,10,1
32786,32784,3,layered,0,0,0,0,23,33,1,2,1
32786,32786,3,layered,0,0,0,0,23,33,0,0,1
65554,0,3,layered,0,0,0,0,23,33,3,14,1
65554,2,3,layered,0,0,0,0,23,33,2,14,1
65554,16,3,layered,0,0,0,0,23,33,2,12,1
65554,18,3,layered,0,0,0,0,23,33,1,12,1
65554,65536,3,layered,0,0,0,0,23,33,2,12,1
65554,65538,3,layered,0,0,0,0,23,33,1,12,1
65554,65552,3,layered,0,0,0,0,23,33,1,2,1
65554,65554,3,layered,0,0,0,0,23,33,0,0,1
131090,0,3,acyclic,0,0,0,0,9,8,3,4,1
131090,2,3,acyclic,0,0,0,0,9,8,2,2,1
131090,16,3,acyclic,0,0,0,0,9,8,2,3,1
131090,18,3,acyclic,0,0,0,0,9,8,1,1,1
131090,131072,3,acyclic,0,0,0,0,9,8,2,4,1
131090,131074,3,acyclic,0,0,0,0,9,8,1,2,1
131090,131088,3,acyclic,0,0,0,0,9,8,1,2,1
131090,131090,3,acyclic,0,0,0,0,9,8,0,0,1
262162,0,3,acyclic,0,0,0,0,9,8,3,5,1
262162,2,3,acyclic,0,0,0,0,9,8,2,3,1
262162,16,3,acyclic,0,0,0,0,9,8,2,5,1
262162,18,3,acyclic,0,0,0,0,9,8,1,3,1
262162,262144,3,acyclic,0,0,0,0,9,8,2,4,1
262162,262146,3,acyclic,0,0,0,0,9,8,1,2,1
262162,262160,3,acyclic,0,0,0,0,9,8,1,2,1
262162,262162,3,acyclic,0,0,0,0,9,8,0,0,1
524306,0,3,acyclic,1,0,0,0,9,8,3,5,1
524306,2,3,acyclic,1,0,0,0,9,8,2,5,1
524306,16,3,acyclic,1,0,0,0,9,8,2,5,1
524306,18,3,acyclic,1,0,0,0,9,8,1,5,1
524306,524288,3,acyclic,1,0,0,0,9,8,2,4,1
524306,524290,3,acyclic,1,1,1,1,9,8,1,2,1
524306,524304,3,acyclic,1,0,0,0,9,8,1,2,1
524306,524306,3,acyclic,1,1,1,1,9,8,0,0,1
98,0,3,acyclic,0,0,0,0,10,11,3,5,1
98,2,3,acyclic,0,0,0,0,10,11,2,4,1
98,32,3,acyclic,0,0,0,0,10,11,2,4,1
98,34,3,acyclic,0,0,0,0,10,11,1,2,1
98,64,3,acyclic,0,0,0,0,10,11,2,3,1
98,66,3,acyclic,0,0,0,0,10,11,1,2,1
98,96,3,acyclic,0,0,0,0,10,11,1,2,1
98,98,3,acyclic,0,0,0,0,10,11,0,0,1
162,0,3,acyclic,0,0,0,0,9,10,3,5,1
162,2,3,acyclic,0,0,0,0,9,10,2,4,1
162,32,3,acyclic,0,0,0,0,9,10,2,5,1
162,34,3,acyclic,0,0,0,0,9,10,1,4,1
162,128,3,acyclic,0,0,0,0,9,10,2,3,1
162,130,3,acyclic,0,0,0,0,9,10,1,2,1
162,160,3,acyclic,0,0,0,0,9,10,1,2,1
162,162,3,acyclic,0,0,0,0,9,10,0,0,1
290,0,3,acyclic,0,0,0,0,10,10,3,5,1
290,2,3,acyclic,0,0,0,0,10,10,2,4,1
290,32,3,acyclic,0,0,0,0,10,10,2,4,1
290,34,3,acyclic,0,0,0,0,10,10,1,2,1
290,256,3,acyclic,0,0,0,0,10,10,2,3,1
290,258,3,acyclic,0,0,0,0,10,10,1,2,1
290,288,3,acyclic,0,0,0,0,10,10,1,2,1
290,290,3,acyclic,0,0,0,0,10,10,0,0,1
546,0,3,acyclic,0,0,0,0,10,10,3,4,1
546,2,3,acyclic,0,0,0,0,10,10,2,3,1
546,32,3,acyclic,0,0,0,0,10,10,2,3,1
546,34,3,acyclic,0,0,0,0,10,10,1,2,1
546,512,3,acyclic,0,0,0,0,10,10,2,3,1
546,514,3,acyclic,0,0,0,0,10,10,1,2,1
546,544,3,acyclic,0,0,0,0,10,10,1,2,1
546,546,3,acyclic,0,0,0,0,10,10,0,0,1
1058,0,3,acyclic,0,0,0,0,10,11,3,4,1
1058,2,3,acyclic,0,0,0,0,10,11,2,3,1
1058,32,3,acyclic,0,0,0,0,10,11,2,3,1
1058,34,3,acyclic,0,0,0,0,10,11,1,2,1
1058,1024,3,acyclic,0,0,0,0,10,11,2,3,1
1058,1026,3,acyclic,0,0,0,0,10,11,1,2,1
1058,1056,3,acyclic,0,0,0,0,10,11,1,2,1
1058,1058,3,acyclic,0,0,0,0,10,11,0,0,1
2082,0,3,acyclic,0,0,0,0,10,11,3,5,1
2082,2,3,acyclic,0,0,0,0,10,11,2,5,1
2082,32,3,acyclic,0,0,0,0,10,11,2,5,1
2082,34,3,acyclic,0,0,0,0,10,11,1,5,1
2082,2048,3,acyclic,0,0,0,0,10,11,2,3,1
2082,2050,3,acyclic,0,0,0,0,10,11,1,2,1
2082,2080,3,acyclic,0,0,0,0,10,11,1,2,1
2082,2082,3,acyclic,0,0,0,0,10,11,0,0,1
4130,0,3,acyclic,0,0,0,0,10,10,3,5,1
4130,2,3,acyclic,0,0,0,0,10,10,2,4,1
4130,32,3,acyclic,0,0,0,0,10,10,2,5,1
4130,34,3,acyclic,0,0,0,0,10,10,1,4,1
4130,4096,3,acyclic,0,0,0,0,10,10,2,3,1
4130,4098,3,acyclic,0,0,0,0,10,10,1,2,1
4130,4128,3,acyclic,0,0,0,0,10,10,1,2,1
4130,4130,3,acyclic,0,0,0,0,10,10,0,0,1
8226,0,3,acyclic,0,0,0,0,10,10,3,5,1
8226,2,3,acyclic,0,0,0,0,10,10,2,5,1
8226,32,3,acyclic,0,0,0,0,10,10,2,5,1
8226,34,3,acyclic,0,0,0,0,10,10,1,5,1
8226,8192,3,acyclic,0,0,0,0,10,10,2,3,1
8226,8194,3,acyclic,0,0,0,0,10,10,1,2,1
8226,8224,3,acyclic,0,0,0,0,10,10,1,2,1
8226,8226,3,acyclic,0,0,0,0,10,10,0,0,1
16418,0,3,acyclic,0,0,0,0,9,10,3,4,1
16418,2,3,acyclic,0,0,0,0,9,10,2,3,1
16418,32,3,acyclic,0,0,0,0,9,10,2,3,1
16418,34,3,acyclic,0,0,0,0,9,10,1,2,1
16418,16384,3,acyclic,0,0,0,0,9,10,2,3,1
16418,16386,3,acyclic,0,0,0,0,9,10,1,2,1
16418,16416,3,acyclic,0,0,0,0,9,10,1,2,1
16418,16418,3,acyclic,0,0,0,0,9,10,0,0,1
32802,0,3,acyclic,0,0,0,0,10,10,3,5,1
32802,2,3,acyclic,0,0,0,0,10,10,2,4,1
32802,32,3,acyclic,0,0,0,0,10,10,2,4,1
32802,34,3,acyclic,0,0,0,0,10,10,1,2,1
32802,32768,3,acyclic,0,0,0,0,10,10,2,3,1
32802,32770,3,acyclic,0,0,0,0,10,10,1,2,1
32802,32800,3,acyclic,0,0,0,0,10,10,1,2,1
32802,32802,3,acyclic,0,0,0,0,10,10,0,0,1
65570,0,3,acyclic,0,0,0,0,9,10,3,5,1
65570,2,3,acyclic,0,0,0,0,9,10,2,5,1
65570,32,3,acyclic,0,0,0,0,9,10,2,5,1
65570,34,3,acyclic,0,0,0,0,9,10,1,5,1
65570,65536,3,acyclic,0,0,0,0,9,10,2,3,1
65570,65538,3,acyclic,0,0,0,0,9,10,1,2,1
65570,65568,3,acyclic,0,0,0,0,9,10,1,2,1
65570,65570,3,acyclic,0,0,0,0,9,10,0,0,1
131106,0,3,acyclic,0,0,0,0,8,8,3,4,1
131106,2,3,acyclic,0,0,0,0,8,8,2,3,1
131106,32,3,acyclic,0,0,0,0,8,8,2,4,1
131106,34,3,acyclic,0,0,0,0,8,8,1,3,1
131106,131072,3,acyclic,0,0,0,0,8,8,2,3,1
131106,131074,3,acyclic,0,0,0,0,8,8,1,2,1
131106,131104,3,acyclic,0,0,0,0,8,8,1,2,1
131106,131106,3,acyclic,0,0,0,0,8,8,0,0,1
262178,0,3,acyclic,0,0,0,0,9,8,3,4,1
262178,2,3,acyclic,0,0,0,0,9,8,2,3,1
262178,32,3,acyclic,0,0,0,0,9,8,2,3,1
262178,34,3,acyclic,0,0,0,0,9,8,1,1,1
262178,262144,3,acyclic,0,0,0,0,9,8,2,3,1
262178,262146,3,acyclic,0,0,0,0,9,8,1,2,1
262178,262176,3,acyclic,0,0,0,0,9,8,1,2,1
262178,262178,3,acyclic,0,0,0,0,9,8,0,0,1
524322,0,3,acyclic,1,0,0,0,8,8,3,4,1
524322,2,3,acyclic,1,0,0,0,8,8,2,4,1
524322,32,3,acyclic,1,0,0,0,8,8,2,4,1
524322,34,3,acyclic,1,0,0,0,8,8,1,4,1
524322,524288,3,acyclic,1,0,0,0,8,8,2,3,1
524322,524290,3,acyclic,1,1,1,1,8,8,1,2,1
524322,524320,3,acyclic,1,0,0,0,8,8,1,2,1
524322,524322,3,acyclic,1,1,1,1,8,8,0,0,1
194,0,3,acyclic,0,0,0,0,10,10,3,6,1
194,2,3,acyclic,0,0,0,0,10,10,2,4,1
194,64,3,acyclic,0,0,0,0,10,10,2,6,1
194,66,3,acyclic,0,0,0,0,10,10,1,4,1
194,128,3,acyclic,0,0,0,0,10,10,2,4,1
194,130,3,acyclic,0,0,0,0,10,10,1,2,1
194,192,3,acyclic,0,0,0,0,10,10,1,2,1
194,194,3,acyclic,0,0,0,0,10,10,0,0,1
322,0,3,acyclic,0,0,0,0,10,10,3,5,1
322,2,3,acyclic,0,0,0,0,10,10,2,3,1
322,64,3,acyclic,0,0,0,0,10,10,2,4,1
322,66,3,acyclic,0,0,0,0,10,10,1,2,1
322,256,3,acyclic,0,0,0,0,10,10,2,4,1
322,258,3,acyclic,0,0,0,0,10,10,1,2,1
322,320,3,acyclic,0,0,0,0,10,10,1,2,1
322,322,3,acyclic,0,0,0,0,10,10,0,0,1
578,0,3,acyclic,0,0,0,0,10,10,3,5,1
578,2,3,acyclic,0,0,0,0,10,10,2,4,1
578,64,3,acyclic,0,0,0,0,10,10,2,3,1
578,66,3,acyclic,0,0,0,0,10,10,1,2,1
578,512,3,acyclic,0,0,0,0,10,10,2,5,1
578,514,3,acyclic,0,0,0,0,10,10,1,4,1
578,576,3,acyclic,0,0,0,0,10,10,1,2,1
578,578,3,acyclic,0,0,0,0,10,10,0,0,1
1090,0,3,acyclic,0,0,0,0,10,11,3,5,1
1090,2,3,acyclic,0,0,0,0,10,11,2,4,1
1090,64,3,acyclic,0,0,0,0,10,11,2,3,1
1090,66,3,acyclic,0,0,0,0,10,11,1,2,1
1090,1024,3,acyclic,0,0,0,0,10,11,2,5,1
1090,1026,3,acyclic,0,0,0,0,10,11,1,4,1
1090,1088,3,acyclic,0,0,0,0,10,11,1,2,1
1090,1090,3,acyclic,0,0,0,0,10,11,0,0,1
2114,0,3,layered,0,0,0,0,23,36,3,14,1
2114,2,3,layered,0,0,0,0,23,36,2,14,1
2114,64,3,layered,0,0,0,0,23,36,2,12,1
2114,66,3,layered,0,0,0,0,23,36,1,12,1
2114,2048,3,layered,0,0,0,0,23,36,2,12,1
2114,2050,3,layered,0,0,0,0,23,36,1,12,1
2114,2112,3,layered,0,0,0,0,23,36,1,2,1
2114,2114,3,layered,0,0,0,0,23,36,0,0,1
4162,0,3,layered,0,0,0,0,23,33,3,14,1
4162,2,3,layered,0,0,0,0,23,33,2,12,1
4162,64,3,layered,0,0,0,0,23,33,2,12,1
4162,66,3,layered,0,0,0,0,23,33,1,10,1
4162,4096,3,layered,0,0,0,0,23,33,2,12,1
4162,4098,3,layered,0,0,0,0,23,33,1,10,1
4162,4160,3,layered,0,0,0,0,23,33,1,2,1
4162,4162,3,layered,0,0,0,0,23,33,0,0,1
8258,0,3,layered,0,0,0,0,23,33,3,14,1
8258,2,3,layered,0,0,0,0,23,33,2,14,1
8258,64,3,layered,0,0,0,0,23,33,2,12,1
8258,66,3,layered,0,0,0,0,23,33,1,12,1
8258,8192,3,layered,0,0,0,0,23,33,2,12,1
8258,8194,3,layered,0,0,0,0,23,33,1,12,1
8258,8256,3,layered,0,0,0,0,23,33,1,2,1
8258,8258,3,layered,0,0,0,0,23,33,0,0,1
16450,0,3,acyclic,0,0,0,0,10,10,3,5,1
16450,2,3,acyclic,0,0,0,0,10,10,2,4,1
16450,64,3,acyclic,0,0,0,0,10,10,2,3,1
16450,66,3,acyclic,0,0,0,0,10,10,1,2,1
16450,16384,3,acyclic,0,0,0,0,10,10,2,4,1
16450,16386,3,acyclic,0,0,0,0,10,10,1,2,1
16450,16448,3,acyclic,0,0,0,0,10,10,1,2,1
16450,16450,3,acyclic,0,0,0,0,10,10,0,0,1
32834,0,3,acyclic,0,0,0,0,10,10,3,5,1
32834,2,3,acyclic,0,0,0,0,10,10,2,3,1
32834,64,3,acyclic,0,0,0,0,10,10,2,4,1
32834,66,3,acyclic,0,0,0,0,10,10,1,2,1
32834,32768,3,acyclic,0,0,0,0,10,10,2,4,1
32834,32770,3,acyclic,0,0,0,0,10,10,1,2,1
32834,32832,3,acyclic,0,0,0,0,10,10,1,2,1
32834,32834,3,acyclic,0,0,0,0,10,10,0,0,1
65602,0,3,acyclic,0,0,0,0,10,10,3,6,1
65602,2,3,acyclic,0,0,0,0,10,10,2,6,1
65602,64,3,acyclic,0,0,0,0,10,10,2,6,1
65602,66,3,acyclic,0,0,0,0,10,10,1,6,1
65602,65536,3,acyclic,0,0,0,0,10,10,2,4,1
65602,65538,3,acyclic,0,0,0,0,10,10,1,2,1
65602,65600,3,acyclic,0,0,0,0,10,10,1,2,1
65602,65602,3,acyclic,0,0,0,0,10,10,0,0,1
131138,0,3,acyclic,0,0,0,0,9,8,3,5,1
131138,2,3,acyclic,0,0,0,0,9,8,2,3,1
131138,64,3,acyclic,0,0,0,0,9,8,2,5,1
131138,66,3,acyclic,0,0,0,0,9,8,1,3,1
131138,131072,3,acyclic,0,0,0,0,9,8,2,4,1
131138,131074,3,acyclic,0,0,0,0,9,8,1,2,1
131138,131136,3,acyclic,0,0,0,0,9,8,1,2,1
131138,131138,3,acyclic,0,0,0,0,9,8,0,0,1
262210,0,3,acyclic,0,0,0,0,9,8,3,4,1
262210,2,3,acyclic,0,0,0,0,9,8,2,2,1
262210,64,3,acyclic,0,0,0,0,9,8,2,3,1
262210,66,3,acyclic,0,0,0,0,9,8,1,1,1
262210,262144,3,acyclic,0,0,0,0,9,8,2,4,1
262210,262146,3,acyclic,0,0,0,0,9,8,1,2,1
262210,262208,3,acyclic,0,0,0,0,9,8,1,2,1
262210,262210,3,acyclic,0,0,0,0,9,8,0,0,1
524354,0,3,acyclic,1,0,0,0,9,8,3,5,1
524354,2,3,acyclic,1,0,0,0,9,8,2,5,1
524354,64,3,acyclic,1,0,0,0,9,8,2,5,1
524354,66,3,acyclic,1,0,0,0,9,8,1,5,1
524354,524288,3,acyclic,1,0,0,0,9,8,2,4,1
524354,524290,3,acyclic,1,1,1,1,9,8,1,2,1
524354,524352,3,acyclic,1,0,0,0,9,8,1,2,1
524354,524354,3,acyclic,1,1,1,1,9,8,0,0,1
386,0,3,acyclic,0,0,0,0,10,9,3,6,1
386,2,3,acyclic,0,0,0,0,10,9,2,4,1
386,128,3,acyclic,0,0,0,0,10,9,2,4,1
386,130,3,acyclic,0,0,0,0,10,9,1,2,1
386,256,3,acyclic,0,0,0,0,10,9,2,4,1
386,258,3,acyclic,0,0,0,0,10,9,1,2,1
386,384,3,acyclic,0,0,0,0,10,9,1,2,1
386,386,3,acyclic,0,0,0,0,10,9,0,0,1
642,0,3,acyclic,0,0,0,0,10,9,3,5,1
642,2,3,acyclic,0,0,0,0,10,9,2,4,1
642,128,3,acyclic,0,0,0,0,10,9,2,3,1
642,130,3,acyclic,0,0,0,0,10,9,1,2,1
642,512,3,acyclic,0,0,0,0,10,9,2,4,1
642,514,3,acyclic,0,0,0,0,10,9,1,2,1
642,640,3,acyclic,0,0,0,0,10,9,1,2,1
642,642,3,acyclic,0,0,0,0,10,9,0,0,1
1154,0,3,acyclic,0,0,0,0,10,10,3,5,1
1154,2,3,acyclic,0,0,0,0,10,10,2,4,1
1154,128,3,acyclic,0,0,0,0,10,10,2,3,1
1154,130,3,acyclic,0,0,0,0,10,10,1,2,1
1154,1024,3,acyclic,0,0,0,0,10,10,2,5,1
1154,1026,3,acyclic,0,0,0,0,10,10,1,4,1
1154,1152,3,acyclic,0,0,0,0,10,10,1,2,1
1154,1154,3,acyclic,0,0,0,0,10,10,0,0,1
2178,0,3,layered,0,0,0,0,23,33,3,14,1
2178,2,3,layered,0,0,0,0,23,33,2,14,1
2178,128,3,layered,0,0,0,0,23,33,2,12,1
2178,130,3,layered,0,0,0,0,23,33,1,12,1
2178,2048,3,layered,0,0,0,0,23,33,2,12,1
2178,2050,3,layered,0,0,0,0,23,33,1,12,1
2178,2176,3,layered,0,0,0,0,23,33,1,2,1
2178,2178,3,layered,0,0,0,0,23,33,0,0,1
4226,0,3,acyclic,0,0,0,0,10,9,3,5,1
4226,2,3,acyclic,0,0,0,0,10,9,2,3,1
4226,128,3,acyclic,0,0,0,0,10,9,2,4,1
4226,130,3,acyclic,0,0,0,0,10,9,1,2,1
4226,4096,3,acyclic,0,0,0,0,10,9,2,4,1
4226,4098,3,acyclic,0,0,0,0,10,9,1,2,1
4226,4224,3,acyclic,0,0,0,0,10,9,1,2,1
4226,4226,3,acyclic,0,0,0,0,10,9,0,0,1
8322,0,3,acyclic,0,0,0,0,10,9,3,6,1
8322,2,3,acyclic,0,0,0,0,10,9,2,6,1
8322,128,3,acyclic,0,0,0,0,10,9,2,6,1
8322,130,3,acyclic,0,0,0,0,10,9,1,6,1
8322,8192,3,acyclic,0,0,0,0,10,9,2,4,1
8322,8194,3,acyclic,0,0,0,0,10,9,1,2,1
8322,8320,3,acyclic,0,0,0,0,10,9,1,2,1
8322,8322,3,acyclic,0,0,0,0,10,9,0,0,1
16514,0,3,acyclic,0,0,0,0,9,9,3,5,1
16514,2,3,acyclic,0,0,0,0,9,9,2,4,1
16514,128,3,acyclic,0,0,0,0,9,9,2,3,1
16514,130,3,acyclic,0,0,0,0,9,9,1,2,1
16514,16384,3,acyclic,0,0,0,0,9,9,2,5,1
16514,16386,3,acyclic,0,0,0,0,9,9,1,4,1
16514,16512,3,acyclic,0,0,0,0,9,9,1,2,1
16514,16514,3,acyclic,0,0,0,0,9,9,0,0,1
32898,0,3,acyclic,0,0,0,0,10,9,3,6,1
32898,2,3,acyclic,0,0,0,0,10,9,2,4,1
32898,128,3,acyclic,0,0,0,0,10,9,2,4,1
32898,130,3,acyclic,0,0,0,0,10,9,1,2,1
32898,32768,3,acyclic,0,0,0,0,10,9,2,6,1
32898,32770,3,acyclic,0,0,0,0,10,9,1,4,1
32898,32896,3,acyclic,0,0,0,0,10,9,1,2,1
32898,32898,3,acyclic,0,0,0,0,10,9,0,0,1
65666,0,3,layered,0,0,0,0,15,19,3,10,1
65666,2,3,layered,0,0,0,0,15,19,2,10,1
65666,128,3,layered,0,0,0,0,15,19,2,8,1
65666,130,3,layered,0,0,0,0,15,19,1,8,1
65666,65536,3,layered,0,0,0,0,15,19,2,8,1
65666,65538,3,layered,0,0,0,0,15,19,1,8,1
65666,65664,3,layered,0,0,0,0,15,19,1,2,1
65666,65666,3,layered,0,0,0,0,15,19,0,0,1
131202,0,3,acyclic,0,0,0,0,8,7,3,4,1
131202,2,3,acyclic,0,0,0,0,8,7,2,2,1
131202,128,3,acyclic,0,0,0,0,8,7,2,3,1
131202,130,3,acyclic,0,0,0,0,8,7,1,1,1
131202,131072,3,acyclic,0,0,0,0,8,7,2,4,1
131202,131074,3,acyclic,0,0,0,0,8,7,1,2,1
131202,131200,3,acyclic,0,0,0,0,8,7,1,2,1
131202,131202,3,acyclic,0,0,0,0,8,7,0,0,1
262274,0,3,acyclic,0,0,0,0,9,7,3,5,1
262274,2,3,acyclic,0,0,0,0,9,7,2,3,1
262274,128,3,acyclic,0,0,0,0,9,7,2,3,1
262274,130,3,acyclic,0,0,0,0,9,7,1,1,1
262274,262144,3,acyclic,0,0,0,0,9,7,2,4,1
262274,262146,3,acyclic,0,0,0,0,9,7,1,2,1
262274,262272,3,acyclic,0,0,0,0,9,7,1,2,1
262274,262274,3,acyclic,0,0,0,0,9,7,0,0,1
524418,0,3,acyclic,1,0,0,0,8,7,3,5,1
524418,2,3,acyclic,1,0,0,0,8,7,2,5,1
524418,128,3,acyclic,1,0,0,0,8,7,2,5,1
524418,130,3,acyclic,1,0,0,0,8,7,1,5,1
524418,524288,3,acyclic,1,0,0,0,8,7,2,4,1
524418,524290,3,acyclic,1,1,1,1,8,7,1,2,1
524418,524416,3,acyclic,1,0,0,0,8,7,1,2,1
524418,524418,3,acyclic,1,1,1,1,8,7,0,0,1
770,0,3,acyclic,0,0,0,0,9,9,3,5,1
770,2,3,acyclic,0,0,0,0,9,9,2,4,1
770,256,3,acyclic,0,0,0,0,9,9,2,3,1
770,258,3,acyclic,0,0,0,0,9,9,1,2,1
770,512,3,acyclic,0,0,0,0,9,9,2,5,1
770,514,3,acyclic,0,0,0,0,9,9,1,4,1
770,768,3,acyclic,0,0,0,0,9,9,1,2,1
770,770,3,acyclic,0,0,0,0,9,9,0,0,1
1282,0,3,acyclic,0,0,0,0,10,10,3,5,1
1282,2,3,acyclic,0,0,0,0,10,10,2,4,1
1282,256,3,acyclic,0,0,0,0,10,10,2,3,1
1282,258,3,acyclic,0,0,0,0,10,10,1,2,1
1282,1024,3,acyclic,0,0,0,0,10,10,2,5,1
1282,1026,3,acyclic,0,0,0,0,10,10,1,4,1
1282,1280,3,acyclic,0,0,0,0,10,10,1,2,1
1282,1282,3,acyclic,0,0,0,0,10,10,0,0,1
2306,0,3,layered,0,0,0,0,23,33,3,14,1
2306,2,3,layered,0,0,0,0,23,33,2,14,1
2306,256,3,layered,0,0,0,0,23,33,2,12,1
2306,258,3,layered,0,0,0,0,23,33,1,12,1
2306,2048,3,layered,0,0,0,0,23,33,2,12,1
2306,2050,3,layered,0,0,0,0,23,33,1,12,1
2306,2304,3,layered,0,0,0,0,23,33,1,2,1
2306,2306,3,layered,0,0,0,0,23,33,0,0,1
4354,0,3,acyclic,0,0,0,0,10,9,3,6,1
4354,2,3,acyclic,0,0,0,0,10,9,2,4,1
4354,256,3,acyclic,0,0,0,0,10,9,2,4,1
4354,258,3,acyclic,0,0,0,0,10,9,1,2,1
4354,4096,3,acyclic,0,0,0,0,10,9,2,6,1
4354,4098,3,acyclic,0,0,0,0,10,9,1,4,1
4354,4352,3,acyclic,0,0,0,0,10,9,1,2,1
4354,4354,3,acyclic,0,0,0,0,10,9,0,0,1
8450,0,3,layered,0,0,0,0,15,19,3,10,1
8450,2,3,layered,0,0,0,0,15,19,2,10,1
8450,256,3,layered,0,0,0,0,15,19,2,8,1
8450,258,3,layered,0,0,0,0,15,19,1,8,1
8450,8192,3,layered,0,0,0,0,15,19,2,8,1
8450,8194,3,layered,0,0,0,0,15,19,1,8,1
8450,8448,3,layered,0,0,0,0,15,19,1,2,1
8450,8450,3,layered,0,0,0,0,15,19,0,0,1
16642,0,3,acyclic,0,0,0,0,10,9,3,5,1
16642,2,3,acyclic,0,0,0,0,10,9,2,4,1
16642,256,3,acyclic,0,0,0,0,10,9,2,3,1
16642,258,3,acyclic,0,0,0,0,10,9,1,2,1
16642,16384,3,acyclic,0,0,0,0,10,9,2,4,1
16642,16386,3,acyclic,0,0,0,0,10,9,1,2,1
16642,16640,3,acyclic,0,0,0,0,10,9,1,2,1
16642,16642,3,acyclic,0,0,0,0,10,9,0,0,1
33026,0,3,acyclic,0,0,0,0,10,9,3,5,1
33026,2,3,acyclic,0,0,0,0,10,9,2,3,1
33026,256,3,acyclic,0,0,0,0,10,9,2,4,1
33026,258,3,acyclic,0,0,0,0,10,9,1,2,1
33026,32768,3,acyclic,0,0,0,0,10,9,2,4,1
33026,32770,3,acyclic,0,0,0,0,10,9,1,2,1
33026,33024,3,acyclic,0,0,0,0,10,9,1,2,1
33026,33026,3,acyclic,0,0,0,0,10,9,0,0,1
65794,0,3,acyclic,0,0,0,0,10,9,3,6,1
65794,2,3,acyclic,0,0,0,0,10,9,2,6,1
65794,256,3,acyclic,0,0,0,0,10,9,2,6,1
65794,258,3,acyclic,0,0,0,0,10,9,1,6,1
65794,65536,3,acyclic,0,0,0,0,10,9,2,4,1
65794,65538,3,acyclic,0,0,0,0,10,9,1,2,1
65794,65792,3,acyclic,0,0,0,0,10,9,1,2,1
65794,65794,3,acyclic,0,0,0,0,10,9,0,0,1
131330,0,3,acyclic,0,0,0,0,9,7,3,5,1
131330,2,3,acyclic,0,0,0,0,9,7,2,3,1
131330,256,3,acyclic,0,0,0,0,9,7,2,3,1
131330,258,3,acyclic,0,0,0,0,9,7,1,1,1
131330,131072,3,acyclic,0,0,0,0,9,7,2,4,1
131330,131074,3,acyclic,0,0,0,0,9,7,1,2,1
131330,131328,3,acyclic,0,0,0,0,9,7,1,2,1
131330,131330,3,acyclic,0,0,0,0,9,7,0,0,1
262402,0,3,acyclic,0,0,0,0,8,7,3,4,1
262402,2,3,acyclic,0,0,0,0,8,7,2,2,1
262402,256,3,acyclic,0,0,0,0,8,7,2,3,1
262402,258,3,acyclic,0,0,0,0,8,7,1,1,1
262402,262144,3,acyclic,0,0,0,0,8,7,2,4,1
262402,262146,3,acyclic,0,0,0,0,8,7,1,2,1
262402,262400,3,acyclic,0,0,0,0,8,7,1,2,1
262402,262402,3,acyclic,0,0,0,0,8,7,0,0,1
524546,0,3,acyclic,1,0,0,0,8,7,3,5,1
524546,2,3,acyclic,1,0,0,0,8,7,2,5,1
524546,256,3,acyclic,1,0,0,0,8,7,2,5,1
524546,258,3,acyclic,1,0,0,0,8,7,1,5,1
524546,524288,3,acyclic,1,0,0,0,8,7,2,4,1
524546,524290,3,acyclic,1,1,1,1,8,7,1,2,1
524546,524544,3,acyclic,1,0,0,0,8,7,1,2,1
524546,524546,3,acyclic,1,1,1,1,8,7,0,0,1
1538,0,3,acyclic,0,0,0,0,10,10,3,4,1
1538,2,3,acyclic,0,0,0,0,10,10,2,3,1
1538,512,3,acyclic,0,0,0,0,10,10,2,3,1
1538,514,3,acyclic,0,0,0,0,10,10,1,2,1
1538,1024,3,acyclic,0,0,0,0,10,10,2,3,1
1538,1026,3,acyclic,0,0,0,0,10,10,1,2,1
1538,1536,3,acyclic,0,0,0,0,10,10,1,2,1
1538,1538,3,acyclic,0,0,0,0,10,10,0,0,1
2562,0,3,acyclic,0,0,0,0,10,10,3,5,1
2562,2,3,acyclic,0,0,0,0,10,10,2,5,1
2562,512,3,acyclic,0,0,0,0,10,10,2,4,1
2562,514,3,acyclic,0,0,0,0,10,10,1,4,1
2562,2048,3,acyclic,0,0,0,0,10,10,2,3,1
2562,2050,3,acyclic,0,0,0,0,10,10,1,2,1
2562,2560,3,acyclic,0,0,0,0,10,10,1,2,1
2562,2562,3,acyclic,0,0,0,0,10,10,0,0,1
4610,0,3,acyclic,0,0,0,0,10,9,3,5,1
4610,2,3,acyclic,0,0,0,0,10,9,2,4,1
4610,512,3,acyclic,0,0,0,0,10,9,2,4,1
4610,514,3,acyclic,0,0,0,0,10,9,1,2,1
4610,4096,3,acyclic,0,0,0,0,10,9,2,3,1
4610,4098,3,acyclic,0,0,0,0,10,9,1,2,1
4610,4608,3,acyclic,0,0,0,0,10,9,1,2,1
4610,4610,3,acyclic,0,0,0,0,10,9,0,0,1
8706,0,3,acyclic,0,0,0,0,9,9,3,5,1
8706,2,3,acyclic,0,0,0,0,9,9,2,5,1
8706,512,3,acyclic,0,0,0,0,9,9,2,4,1
8706,514,3,acyclic,0,0,0,0,9,9,1,4,1
8706,8192,3,acyclic,0,0,0,0,9,9,2,3,1
8706,8194,3,acyclic,0,0,0,0,9,9,1,2,1
8706,8704,3,acyclic,0,0,0,0,9,9,1,2,1
8706,8706,3,acyclic,0,0,0,0,9,9,0,0,1
16898,0,3,acyclic,0,0,0,0,10,9,3,4,1
16898,2,3,acyclic,0,0,0,0,10,9,2,3,1
16898,512,3,acyclic,0,0,0,0,10,9,2,3,1
16898,514,3,acyclic,0,0,0,0,10,9,1,2,1
16898,16384,3,acyclic,0,0,0,0,10,9,2,3,1
16898,16386,3,acyclic,0,0,0,0,10,9,1,2,1
16898,16896,3,acyclic,0,0,0,0,10,9,1,2,1
16898,16898,3,acyclic,0,0,0,0,10,9,0,0,1
33282,0,3,acyclic,0,0,0,0,10,9,3,5,1
33282,2,3,acyclic,0,0,0,0,10,9,2,4,1
33282,512,3,acyclic,0,0,0,0,10,9,2,5,1
33282,514,3,acyclic,0,0,0,0,10,9,1,4,1
33282,32768,3,acyclic,0,0,0,0,10,9,2,3,1
33282,32770,3,acyclic,0,0,0,0,10,9,1,2,1
33282,33280,3,acyclic,0,0,0,0,10,9,1,2,1
33282,33282,3,acyclic,0,0,0,0,10,9,0,0,1
66050,0,3,acyclic,0,0,0,0,10,9,3,5,1
66050,2,3,acyclic,0,0,0,0,10,9,2,5,1
66050,512,3,acyclic,0,0,0,0,10,9,2,4,1
66050,514,3,acyclic,0,0,0,0,10,9,1,4,1
66050,65536,3,acyclic,0,0,0,0,10,9,2,3,1
66050,65538,3,acyclic,0,0,0,0,10,9,1,2,1
66050,66048,3,acyclic,0,0,0,0,10,9,1,2,1
66050,66050,3,acyclic,0,0,0,0,10,9,0,0,1
131586,0,3,acyclic,0,0,0,0,9,7,3,4,1
131586,2,3,acyclic,0,0,0,0,9,7,2,3,1
131586,512,3,acyclic,0,0,0,0,9,7,2,3,1
131586,514,3,acyclic,0,0,0,0,9,7,1,1,1
131586,131072,3,acyclic,0,0,0,0,9,7,2,3,1
131586,131074,3,acyclic,0,0,0,0,9,7,1,2,1
131586,131584,3,acyclic,0,0,0,0,9,7,1,2,1
131586,131586,3,acyclic,0,0,0,0,9,7,0,0,1
262658,0,3,acyclic,1,0,0,0,8,7,3,4,1
262658,2,3,acyclic,1,0,0,0,8,7,2,3,1
262658,512,3,acyclic,1,0,0,0,8,7,2,4,1
262658,514,3,acyclic,1,0,0,0,8,7,1,3,1
262658,262144,3,acyclic,1,0,0,0,8,7,2,3,1
262658,262146,3,acyclic,1,0,0,0,8,7,1,2,1
262658,262656,3,acyclic,1,1,1,1,8,7,1,2,1
262658,262658,3,acyclic,1,1,1,1,8,7,0,0,1
524802,0,3,acyclic,1,0,0,0,8,7,3,4,1
524802,2,3,acyclic,1,0,0,0,8,7,2,4,1
524802,512,3,acyclic,1,0,0,0,8,7,2,3,1
524802,514,3,acyclic,1,0,0,0,8,7,1,3,1
524802,524288,3,acyclic,1,0,0,0,8,7,2,3,1
524802,524290,3,acyclic,1,1,1,1,8,7,1,2,1
524802,524800,3,acyclic,1,0,0,0,8,7,1,2,1
524802,524802,3,acyclic,1,1,1,1,8,7,0,0,1
3074,0,3,acyclic,0,0,0,0,10,11,3,5,1
3074,2,3,acyclic,0,0,0,0,10,11,2,5,1
3074,1024,3,acyclic,0,0,0,0,10,11,2,4,1
3074,1026,3,acyclic,0,0,0,0,10,11,1,4,1
3074,2048,3,acyclic,0,0,0,0,10,11,2,3,1
3074,2050,3,acyclic,0,0,0,0,10,11,1,2,1
3074,3072,3,acyclic,0,0,0,0,10,11,1,2,1
3074,3074,3,acyclic,0,0,0,0,10,11,0,0,1
5122,0,3,acyclic,0,0,0,0,10,10,3,5,1
5122,2,3,acyclic,0,0,0,0,10,10,2,4,1
5122,1024,3,acyclic,0,0,0,0,10,10,2,5,1
5122,1026,3,acyclic,0,0,0,0,10,10,1,4,1
5122,4096,3,acyclic,0,0,0,0,10,10,2,3,1
5122,4098,3,acyclic,0,0,0,0,10,10,1,2,1
5122,5120,3,acyclic,0,0,0,0,10,10,1,2,1
5122,5122,3,acyclic,0,0,0,0,10,10,0,0,1
9218,0,3,acyclic,0,0,0,0,10,10,3,5,1
9218,2,3,acyclic,0,0,0,0,10,10,2,5,1
9218,1024,3,acyclic,0,0,0,0,10,10,2,4,1
9218,1026,3,acyclic,0,0,0,0,10,10,1,4,1
9218,8192,3,acyclic,0,0,0,0,10,10,2,3,1
9218,8194,3,acyclic,0,0,0,0,10,10,1,2,1
9218,9216,3,acyclic,0,0,0,0,10,10,1,2,1
9218,9218,3,acyclic,0,0,0,0,10,10,0,0,1
17410,0,3,acyclic,0,0,0,0,10,10,3,4,1
17410,2,3,acyclic,0,0,0,0,10,10,2,3,1
17410,1024,3,acyclic,0,0,0,0,10,10,2,3,1
17410,1026,3,acyclic,0,0,0,0,10,10,1,2,1
17410,16384,3,acyclic,0,0,0,0,10,10,2,3,1
17410,16386,3,acyclic,0,0,0,0,10,10,1,2,1
17410,17408,3,acyclic,0,0,0,0,10,10,1,2,1
17410,17410,3,acyclic,0,0,0,0,10,10,0,0,1
33794,0,3,acyclic,0,0,0,0,10,10,3,5,1
33794,2,3,acyclic,0,0,0,0,10,10,2,4,1
33794,1024,3,acyclic,0,0,0,0,10,10,2,5,1
33794,1026,3,acyclic,0,0,0,0,10,10,1,4,1
33794,32768,3,acyclic,0,0,0,0,10,10,2,3,1
33794,32770,3,acyclic,0,0,0,0,10,10,1,2,1
33794,33792,3,acyclic,0,0,0,0,10,10,1,2,1
33794,33794,3,acyclic,0,0,0,0,10,10,0,0,1
66562,0,3,acyclic,0,0,0,0,10,10,3,5,1
66562,2,3,acyclic,0,0,0,0,10,10,2,5,1
66562,1024,3,acyclic,0,0,0,0,10,10,2,4,1
66562,1026,3,acyclic,0,0,0,0,10,10,1,4,1
66562,65536,3,acyclic,0,0,0,0,10,10,2,3,1
66562,65538,3,acyclic,0,0,0,0,10,10,1,2,1
66562,66560,3,acyclic,0,0,0,0,10,10,1,2,1
66562,66562,3,acyclic,0,0,0,0,10,10,0,0,1
132098,0,3,acyclic,0,0,0,0,9,8,3,4,1
132098,2,3,acyclic,0,0,0,0,9,8,2,3,1
132098,1024,3,acyclic,0,0,0,0,9,8,2,4,1
132098,1026,3,acyclic,0,0,0,0,9,8,1,3,1
132098,131072,3,acyclic,0,0,0,0,9,8,2,3,1
132098,131074,3,acyclic,0,0,0,0,9,8,1,2,1
132098,132096,3,acyclic,0,0,0,0,9,8,1,2,1
132098,132098,3,acyclic,0,0,0,0,9,8,0,0,1
263170,0,3,acyclic,0,0,0,0,9,8,3,4,1
263170,2,3,acyclic,0,0,0,0,9,8,2,3,1
263170,1024,3,acyclic,0,0,0,0,9,8,2,4,1
263170,1026,3,acyclic,0,0,0,0,9,8,1,3,1
263170,262144,3,acyclic,0,0,0,0,9,8,2,3,1
263170,262146,3,acyclic,0,0,0,0,9,8,1,2,1
263170,263168,3,acyclic,0,0,0,0,9,8,1,2,1
263170,263170,3,acyclic,0,0,0,0,9,8,0,0,1
525314,0,3,acyclic,1,0,0,0,9,8,3,4,1
525314,2,3,acyclic,1,0,0,0,9,8,2,4,1
525314,1024,3,acyclic,1,0,0,0,9,8,2,3,1
525314,1026,3,acyclic,1,0,0,0,9,8,1,3,1
525314,524288,3,acyclic,1,0,0,0,9,8,2,3,1
525314,524290,3,acyclic,1,1,1,1,9,8,1,2,1
525314,525312,3,acyclic,1,0,0,0,9,8,1,2,1
525314,525314,3,acyclic,1,1,1,1,9,8,0,0,1
6146,0,3,acyclic,0,0,0,0,10,10,3,6,1
6146,2,3,acyclic,0,0,0,0,10,10,2,6,1
6146,2048,3,acyclic,0,0,0,0,10,10,2,6,1
6146,2050,3,acyclic,0,0,0,0,10,10,1,6,1
6146,4096,3,acyclic,0,0,0,0,10,10,2,4,1
6146,4098,3,acyclic,0,0,0,0,10,10,1,4,1
6146,6144,3,acyclic,0,0,0,0,10,10,1,2,1
6146,6146,3,acyclic,0,0,0,0,10,10,0,0,1
10242,0,3,acyclic,0,0,0,0,10,10,3,5,1
10242,2,3,acyclic,0,0,0,0,10,10,2,5,1
10242,2048,3,acyclic,0,0,0,0,10,10,2,4,1
10242,2050,3,acyclic,0,0,0,0,10,10,1,4,1
10242,8192,3,acyclic,0,0,0,0,10,10,2,4,1
10242,8194,3,acyclic,0,0,0,0,10,10,1,4,1
10242,10240,3,acyclic,0,0,0,0,10,10,1,2,1
10242,10242,3,acyclic,0,0,0,0,10,10,0,0,1
18434,0,3,acyclic,0,0,0,0,10,10,3,5,1
18434,2,3,acyclic,0,0,0,0,10,10,2,5,1
18434,2048,3,acyclic,0,0,0,0,10,10,2,3,1
18434,2050,3,acyclic,0,0,0,0,10,10,1,2,1
18434,16384,3,acyclic,0,0,0,0,10,10,2,4,1
18434,16386,3,acyclic,0,0,0,0,10,10,1,4,1
18434,18432,3,acyclic,0,0,0,0,10,10,1,2,1
18434,18434,3,acyclic,0,0,0,0,10,10,0,0,1
34818,0,3,acyclic,0,0,0,0,10,10,3,6,1
34818,2,3,acyclic,0,0,0,0,10,10,2,6,1
34818,2048,3,acyclic,0,0,0,0,10,10,2,6,1
34818,2050,3,acyclic,0,0,0,0,10,10,1,6,1
34818,32768,3,acyclic,0,0,0,0,10,10,2,4,1
34818,32770,3,acyclic,0,0,0,0,10,10,1,4,1
34818,34816,3,acyclic,0,0,0,0,10,10,1,2,1
34818,34818,3,acyclic,0,0,0,0,10,10,0,0,1
67586,0,3,acyclic,0,0,0,0,10,10,3,5,1
67586,2,3,acyclic,0,0,0,0,10,10,2,5,1
67586,2048,3,acyclic,0,0,0,0,10,10,2,4,1
67586,2050,3,acyclic,0,0,0,0,10,10,1,4,1
67586,65536,3,acyclic,0,0,0,0,10,10,2,4,1
67586,65538,3,acyclic,0,0,0,0,10,10,1,4,1
67586,67584,3,acyclic,0,0,0,0,10,10,1,2,1
67586,67586,3,acyclic,0,0,0,0,10,10,0,0,1
133122,0,3,acyclic,0,0,0,0,9,8,3,5,1
133122,2,3,acyclic,0,0,0,0,9,8,2,5,1
133122,2048,3,acyclic,0,0,0,0,9,8,2,5,1
133122,2050,3,acyclic,0,0,0,0,9,8,1,5,1
133122,131072,3,acyclic,0,0,0,0,9,8,2,4,1
133122,131074,3,acyclic,0,0,0,0,9,8,1,4,1
133122,133120,3,acyclic,0,0,0,0,9,8,1,2,1
133122,133122,3,acyclic,0,0,0,0,9,8,0,0,1
264194,0,3,acyclic,0,0,0,0,9,8,3,5,1
264194,2,3,acyclic,0,0,0,0,9,8,2,5,1
264194,2048,3,acyclic,0,0,0,0,9,8,2,5,1
264194,2050,3,acyclic,0,0,0,0,9,8,1,5,1
264194,262144,3,acyclic,0,0,0,0,9,8,2,4,1
264194,262146,3,acyclic,0,0,0,0,9,8,1,4,1
264194,264192,3,acyclic,0,0,0,0,9,8,1,2,1
264194,264194,3,acyclic,0,0,0,0,9,8,0,0,1
526338,0,3,acyclic,1,0,0,0,9,8,3,4,1
526338,2,3,acyclic,1,0,0,0,9,8,2,4,1
526338,2048,3,acyclic,1,0,0,0,9,8,2,3,1
526338,2050,3,acyclic,1,0,0,0,9,8,1,3,1
526338,524288,3,acyclic,1,0,0,0,9,8,2,4,1
526338,524290,3,acyclic,1,1,1,1,9,8,1,4,1
526338,526336,3,acyclic,1,0,0,0,9,8,1,2,1
526338,526338,3,acyclic,1,1,1,1,9,8,0,0,1
12290,0,3,acyclic,0,0,0,0,10,9,3,6,1
12290,2,3,acyclic,0,0,0,0,10,9,2,6,1
12290,4096,3,acyclic,0,0,0,0,10,9,2,4,1
12290,4098,3,acyclic,0,0,0,0,10,9,1,4,1
12290,8192,3,acyclic,0,0,0,0,10,9,2,4,1
12290,8194,3,acyclic,0,0,0,0,10,9,1,2,1
12290,12288,3,acyclic,0,0,0,0,10,9,1,2,1
12290,12290,3,acyclic,0,0,0,0,10,9,0,0,1
20482,0,3,acyclic,0,0,0,0,10,9,3,5,1
20482,2,3,acyclic,0,0,0,0,10,9,2,4,1
20482,4096,3,acyclic,0,0,0,0,10,9,2,3,1
20482,4098,3,acyclic,0,0,0,0,10,9,1,2,1
20482,16384,3,acyclic,0,0,0,0,10,9,2,5,1
20482,16386,3,acyclic,0,0,0,0,10,9,1,4,1
20482,20480,3,acyclic,0,0,0,0,10,9,1,2,1
20482,20482,3,acyclic,0,0,0,0,10,9,0,0,1
36866,0,3,layered,0,0,0,0,23,30,3,14,1
36866,2,3,layered,0,0,0,0,23,30,2,12,1
36866,4096,3,layered,0,0,0,0,23,30,2,12,1
36866,4098,3,layered,0,0,0,0,23,30,1,10,1
36866,32768,3,layered,0,0,0,0,23,30,2,12,1
36866,32770,3,layered,0,0,0,0,23,30,1,10,1
36866,36864,3,layered,0,0,0,0,23,30,1,2,1
36866,36866,3,layered,0,0,0,0,23,30,0,0,1
69634,0,3,acyclic,0,0,0,0,10,9,3,6,1
69634,2,3,acyclic,0,0,0,0,10,9,2,6,1
69634,4096,3,acyclic,0,0,0,0,10,9,2,4,1
69634,4098,3,acyclic,0,0,0,0,10,9,1,4,1
69634,65536,3,acyclic,0,0,0,0,10,9,2,6,1
69634,65538,3,acyclic,0,0,0,0,10,9,1,6,1
69634,69632,3,acyclic,0,0,0,0,10,9,1,2,1
69634,69634,3,acyclic,0,0,0,0,10,9,0,0,1
135170,0,3,acyclic,0,0,0,0,9,7,3,4,1
135170,2,3,acyclic,0,0,0,0,9,7,2,2,1
135170,4096,3,acyclic,0,0,0,0,9,7,2,3,1
135170,4098,3,acyclic,0,0,0,0,9,7,1,1,1
135170,131072,3,acyclic,0,0,0,0,9,7,2,4,1
135170,131074,3,acyclic,0,0,0,0,9,7,1,2,1
135170,135168,3,acyclic,0,0,0,0,9,7,1,2,1
135170,135170,3,acyclic,0,0,0,0,9,7,0,0,1
266242,0,3,acyclic,0,0,0,0,9,7,3,5,1
266242,2,3,acyclic,0,0,0,0,9,7,2,3,1
266242,4096,3,acyclic,0,0,0,0,9,7,2,5,1
266242,4098,3,acyclic,0,0,0,0,9,7,1,3,1
266242,262144,3,acyclic,0,0,0,0,9,7,2,4,1
266242,262146,3,acyclic,0,0,0,0,9,7,1,2,1
266242,266240,3,acyclic,0,0,0,0,9,7,1,2,1
266242,266242,3,acyclic,0,0,0,0,9,7,0,0,1
528386,0,3,acyclic,1,0,0,0,9,7,3,5,1
528386,2,3,acyclic,1,0,0,0,9,7,2,5,1
528386,4096,3,acyclic,1,0,0,0,9,7,2,3,1
528386,4098,3,acyclic,1,0,0,0,9,7,1,3,1
528386,524288,3,acyclic,1,0,0,0,9,7,2,4,1
528386,524290,3,acyclic,1,1,1,1,9,7,1,2,1
528386,528384,3,acyclic,1,0,0,0,9,7,1,2,1
528386,528386,3,acyclic,1,1,1,1,9,7,0,0,1
24578,0,3,acyclic,0,0,0,0,10,9,3,5,1
24578,2,3,acyclic,0,0,0,0,10,9,2,5,1
24578,8192,3,acyclic,0,0,0,0,10,9,2,3,1
24578,8194,3,acyclic,0,0,0,0,10,9,1,2,1
24578,16384,3,acyclic,0,0,0,0,10,9,2,4,1
24578,16386,3,acyclic,0,0,0,0,10,9,1,4,1
24578,24576,3,acyclic,0,0,0,0,10,9,1,2,1
24578,24578,3,acyclic,0,0,0,0,10,9,0,0,1
40962,0,3,acyclic,0,0,0,0,10,9,3,6,1
40962,2,3,acyclic,0,0,0,0,10,9,2,6,1
40962,8192,3,acyclic,0,0,0,0,10,9,2,6,1
40962,8194,3,acyclic,0,0,0,0,10,9,1,6,1
40962,32768,3,acyclic,0,0,0,0,10,9,2,4,1
40962,32770,3,acyclic,0,0,0,0,10,9,1,4,1
40962,40960,3,acyclic,0,0,0,0,10,9,1,2,1
40962,40962,3,acyclic,0,0,0,0,10,9,0,0,1
73730,0,3,acyclic,0,0,0,0,10,9,3,5,1
73730,2,3,acyclic,0,0,0,0,10,9,2,5,1
73730,8192,3,acyclic,0,0,0,0,10,9,2,4,1
73730,8194,3,acyclic,0,0,0,0,10,9,1,4,1
73730,65536,3,acyclic,0,0,0,0,10,9,2,4,1
73730,65538,3,acyclic,0,0,0,0,10,9,1,4,1
73730,73728,3,acyclic,0,0,0,0,10,9,1,2,1
73730,73730,3,acyclic,0,0,0,0,10,9,0,0,1
139266,0,3,acyclic,0,0,0,0,9,7,3,5,1
139266,2,3,acyclic,0,0,0,0,9,7,2,5,1
139266,8192,3,acyclic,0,0,0,0,9,7,2,3,1
139266,8194,3,acyclic,0,0,0,0,9,7,1,1,1
139266,131072,3,acyclic,0,0,0,0,9,7,2,4,1
139266,131074,3,acyclic,0,0,0,0,9,7,1,4,1
139266,139264,3,acyclic,0,0,0,0,9,7,1,2,1
139266,139266,3,acyclic,0,0,0,0,9,7,0,0,1
270338,0,3,acyclic,1,0,0,0,8,7,3,5,1
270338,2,3,acyclic,1,0,0,0,8,7,2,5,1
270338,8192,3,acyclic,1,0,0,0,8,7,2,5,1
270338,8194,3,acyclic,1,0,0,0,8,7,1,5,1
270338,262144,3,acyclic,1,0,0,0,8,7,2,4,1
270338,262146,3,acyclic,1,0,0,0,8,7,1,4,1
270338,270336,3,acyclic,1,0,0,0,8,7,1,2,1
270338,270338,3,acyclic,1,1,1,1,8,7,0,0,1
532482,0,3,acyclic,1,0,0,0,8,7,3,4,1
532482,2,3,acyclic,1,0,0,0,8,7,2,4,1
532482,8192,3,acyclic,1,0,0,0,8,7,2,3,1
532482,8194,3,acyclic,1,0,0,0,8,7,1,3,1
532482,524288,3,acyclic,1,0,0,0,8,7,2,4,1
532482,524290,3,acyclic,1,1,1,1,8,7,1,4,1
532482,532480,3,acyclic,1,0,0,0,8,7,1,2,1
532482,532482,3,acyclic,1,1,1,1,8,7,0,0,1
49154,0,3,acyclic,0,0,0,0,10,9,3,5,1
49154,2,3,acyclic,0,0,0,0,10,9,2,4,1
49154,16384,3,acyclic,0,0,0,0,10,9,2,4,1
49154,16386,3,acyclic,0,0,0,0,10,9,1,2,1
49154,32768,3,acyclic,0,0,0,0,10,9,2,3,1
49154,32770,3,acyclic,0,0,0,0,10,9,1,2,1
49154,49152,3,acyclic,0,0,0,0,10,9,1,2,1
49154,49154,3,acyclic,0,0,0,0,10,9,0,0,1
81922,0,3,acyclic,0,0,0,0,9,9,3,5,1
81922,2,3,acyclic,0,0,0,0,9,9,2,5,1
81922,16384,3,acyclic,0,0,0,0,9,9,2,4,1
81922,16386,3,acyclic,0,0,0,0,9,9,1,4,1
81922,65536,3,acyclic,0,0,0,0,9,9,2,3,1
81922,65538,3,acyclic,0,0,0,0,9,9,1,2,1
81922,81920,3,acyclic,0,0,0,0,9,9,1,2,1
81922,81922,3,acyclic,0,0,0,0,9,9,0,0,1
147458,0,3,acyclic,1,0,0,0,8,7,3,4,1
147458,2,3,acyclic,1,0,0,0,8,7,2,3,1
147458,16384,3,acyclic,1,0,0,0,8,7,2,4,1
147458,16386,3,acyclic,1,0,0,0,8,7,1,3,1
147458,131072,3,acyclic,1,0,0,0,8,7,2,3,1
147458,131074,3,acyclic,1,0,0,0,8,7,1,2,1
147458,147456,3,acyclic,1,1,1,1,8,7,1,2,1
147458,147458,3,acyclic,1,1,1,1,8,7,0,0,1
278530,0,3,acyclic,0,0,0,0,9,7,3,4,1
278530,2,3,acyclic,0,0,0,0,9,7,2,3,1
278530,16384,3,acyclic,0,0,0,0,9,7,2,3,1
278530,16386,3,acyclic,0,0,0,0,9,7,1,1,1
278530,262144,3,acyclic,0,0,0,0,9,7,2,3,1
278530,262146,3,acyclic,0,0,0,0,9,7,1,2,1
278530,278528,3,acyclic,0,0,0,0,9,7,1,2,1
278530,278530,3,acyclic,0,0,0,0,9,7,0,0,1
540674,0,3,acyclic,1,0,0,0,8,7,3,4,1
540674,2,3,acyclic,1,0,0,0,8,7,2,4,1
540674,16384,3,acyclic,1,0,0,0,8,7,2,3,1
540674,16386,3,acyclic,1,0,0,0,8,7,1,3,1
540674,524288,3,acyclic,1,0,0,0,8,7,2,3,1
540674,524290,3,acyclic,1,1,1,1,8,7,1,2,1
540674,540672,3,acyclic,1,0,0,0,8,7,1,2,1
540674,540674,3,acyclic,1,1,1,1,8,7,0,0,1
98306,0,3,acyclic,0,0,0,0,10,9,3,6,1
98306,2,3,acyclic,0,0,0,0,10,9,2,6,1
98306,32768,3,acyclic,0,0,0,0,10,9,2,4,1
98306,32770,3,acyclic,0,0,0,0,10,9,1,4,1
98306,65536,3,acyclic,0,0,0,0,10,9,2,4,1
98306,65538,3,acyclic,0,0,0,0,10,9,1,2,1
98306,98304,3,acyclic,0,0,0,0,10,9,1,2,1
98306,98306,3,acyclic,0,0,0,0,10,9,0,0,1
163842,0,3,acyclic,0,0,0,0,9,7,3,5,1
163842,2,3,acyclic,0,0,0,0,9,7,2,3,1
163842,32768,3,acyclic,0,0,0,0,9,7,2,5,1
163842,32770,3,acyclic,0,0,0,0,9,7,1,3,1
163842,131072,3,acyclic,0,0,0,0,9,7,2,4,1
163842,131074,3,acyclic,0,0,0,0,9,7,1,2,1
163842,163840,3,acyclic,0,0,0,0,9,7,1,2,1
163842,163842,3,acyclic,0,0,0,0,9,7,0,0,1
294914,0,3,acyclic,0,0,0,0,9,7,3,4,1
294914,2,3,acyclic,0,0,0,0,9,7,2,2,1
294914,32768,3,acyclic,0,0,0,0,9,7,2,3,1
294914,32770,3,acyclic,0,0,0,0,9,7,1,1,1
294914,262144,3,acyclic,0,0,0,0,9,7,2,4,1
294914,262146,3,acyclic,0,0,0,0,9,7,1,2,1
294914,294912,3,acyclic,0,0,0,0,9,7,1,2,1
294914,294914,3,acyclic,0,0,0,0,9,7,0,0,1
557058,0,3,acyclic,1,0,0,0,9,7,3,5,1
557058,2,3,acyclic,1,0,0,0,9,7,2,5,1
557058,32768,3,acyclic,1,0,0,0,9,7,2,3,1
557058,32770,3,acyclic,1,0,0,0,9,7,1,3,1
557058,524288,3,acyclic,1,0,0,0,9,7,2,4,1
557058,524290,3,acyclic,1,1,1,1,9,7,1,2,1
557058,557056,3,acyclic,1,0,0,0,9,7,1,2,1
557058,557058,3,acyclic,1,1,1,1,9,7,0,0,1
196610,0,3,acyclic,1,0,0,0,8,7,3,5,1
196610,2,3,acyclic,1,0,0,0,8,7,2,5,1
196610,65536,3,acyclic,1,0,0,0,8,7,2,5,1
196610,65538,3,acyclic,1,0,0,0,8,7,1,5,1
196610,131072,3,acyclic,1,0,0,0,8,7,2,4,1
196610,131074,3,acyclic,1,0,0,0,8,7,1,4,1
196610,196608,3,acyclic,1,0,0,0,8,7,1,2,1
196610,196610,3,acyclic,1,1,1,1,8,7,0,0,1
327682,0,3,acyclic,0,0,0,0,9,7,3,5,1
327682,2,3,acyclic,0,0,0,0,9,7,2,5,1
327682,65536,3,acyclic,0,0,0,0,9,7,2,3,1
327682,65538,3,acyclic,0,0,0,0,9,7,1,1,1
327682,262144,3,acyclic,0,0,0,0,9,7,2,4,1
327682,262146,3,acyclic,0,0,0,0,9,7,1,4,1
327682,327680,3,acyclic,0,0,0,0,9,7,1,2,1
327682,327682,3,acyclic,0,0,0,0,9,7,0,0,1
589826,0,3,acyclic,1,0,0,0,8,7,3,4,1
589826,2,3,acyclic,1,0,0,0,8,7,2,4,1
589826,65536,3,acyclic,1,0,0,0,8,7,2,3,1
589826,65538,3,acyclic,1,0,0,0,8,7,1,3,1
589826,524288,3,acyclic,1,0,0,0,8,7,2,4,1
589826,524290,3,acyclic,1,1,1,1,8,7,1,4,1
589826,589824,3,acyclic,1,0,0,0,8,7,1,2,1
589826,589826,3,acyclic,1,1,1,1,8,7,0,0,1
393218,0,3,acyclic,0,0,0,0,8,5,3,4,1
393218,2,3,acyclic,0,0,0,0,8,5,2,2,1
393218,131072,3,acyclic,0,0,0,0,8,5,2,3,1
393218,131074,3,acyclic,0,0,0,0,8,5,1,1,1
393218,262144,3,acyclic,0,0,0,0,8,5,2,3,1
393218,262146,3,acyclic,0,0,0,0,8,5,1,1,1
393218,393216,3,acyclic,0,0,0,0,8,5,1,2,1
393218,393218,3,acyclic,0,0,0,0,8,5,0,0,1
655362,0,3,acyclic,1,0,0,0,7,5,3,4,1
655362,2,3,acyclic,1,0,0,0,7,5,2,4,1
655362,131072,3,acyclic,1,0,0,0,7,5,2,3,1
655362,131074,3,acyclic,1,0,0,0,7,5,1,3,1
655362,524288,3,acyclic,1,0,0,0,7,5,2,3,1
655362,524290,3,acyclic,1,1,1,1,7,5,1,1,1
655362,655360,3,acyclic,1,0,0,0,7,5,1,2,1
655362,655362,3,acyclic,1,1,1,1,7,5,0,0,1
786434,0,3,acyclic,1,0,0,0,7,5,3,4,1
786434,2,3,acyclic,1,0,0,0,7,5,2,4,1
786434,262144,3,acyclic,1,0,0,0,7,5,2,3,1
786434,262146,3,acyclic,1,0,0,0,7,5,1,3,1
786434,524288,3,acyclic,1,0,0,0,7,5,2,3,1
786434,524290,3,acyclic,1,1,1,1,7,5,1,1,1
786434,786432,3,acyclic,1,0,0,0,7,5,1,2,1
786434,786434,3,acyclic,1,1,1,1,7,5,0,0,1
28,0,3,acyclic,0,0,0,0,10,13,3,5,1
28,4,3,acyclic,0,0,0,0,10,13,2,4,1
28,8,3,acyclic,0,0,0,0,10,13,2,5,1
28,12,3,acyclic,0,0,0,0,10,13,1,4,1
28,16,3,acyclic,0,0,0,0,10,13,2,3,1
28,20,3,acyclic,0,0,0,0,10,13,1,2,1
28,24,3,acyclic,0,0,0,0,10,13,1,2,1
28,28,3,acyclic,0,0,0,0,10,13,0,0,1
44,0,3,acyclic,0,0,0,0,10,13,3,4,1
44,4,3,acyclic,0,0,0,0,10,13,2,3,1
44,8,3,acyclic,0,0,0,0,10,13,2,3,1
44,12,3,acyclic,0,0,0,0,10,13,1,2,1
44,32,3,acyclic,0,0,0,0,10,13,2,3,1
44,36,3,acyclic,0,0,0,0,10,13,1,2,1
44,40,3,acyclic,0,0,0,0,10,13,1,2,1
44,44,3,acyclic,0,0,0,0,10,13,0,0,1
76,0,3,acyclic,0,0,0,0,10,13,3,5,1
76,4,3,acyclic,0,0,0,0,10,13,2,5,1
76,8,3,acyclic,0,0,0,0,10,13,2,5,1
76,12,3,acyclic,0,0,0,0,10,13,1,5,1
76,64,3,acyclic,0,0,0,0,10,13,2,3,1
76,68,3,acyclic,0,0,0,0,10,13,1,2,1
76,72,3,acyclic,0,0,0,0,10,13,1,2,1
76,76,3,acyclic,0,0,0,0,10,13,0,0,1
140,0,3,acyclic,0,0,0,0,10,12,3,5,1
140,4,3,acyclic,0,0,0,0,10,12,2,4,1
140,8,3,acyclic,0,0,0,0,10,12,2,5,1
140,12,3,acyclic,0,0,0,0,10,12,1,4,1
140,128,3,acyclic,0,0,0,0,10,12,2,3,1
140,132,3,acyclic,0,0,0,0,10,12,1,2,1
140,136,3,acyclic,0,0,0,0,10,12,1,2,1
140,140,3,acyclic,0,0,0,0,10,12,0,0,1
268,0,3,acyclic,0,0,0,0,10,12,3,5,1
268,4,3,acyclic,0,0,0,0,10,12,2,5,1
268,8,3,acyclic,0,0,0,0,10,12,2,5,1
268,12,3,acyclic,0,0,0,0,10,12,1,5,1
268,256,3,acyclic,0,0,0,0,10,12,2,3,1
268,260,3,acyclic,0,0,0,0,10,12,1,2,1
268,264,3,acyclic,0,0,0,0,10,12,1,2,1
268,268,3,acyclic,0,0,0,0,10,12,0,0,1
524,0,3,acyclic,0,0,0,0,10,12,3,4,1
524,4,3,acyclic,0,0,0,0,10,12,2,3,1
524,8,3,acyclic,0,0,0,0,10,12,2,3,1
524,12,3,acyclic,0,0,0,0,10,12,1,2,1
524,512,3,acyclic,0,0,0,0,10,12,2,3,1
524,516,3,acyclic,0,0,0,0,10,12,1,2,1
524,520,3,acyclic,0,0,0,0,10,12,1,2,1
524,524,3,acyclic,0,0,0,0,10,12,0,0,1
1036,0,3,acyclic,0,0,0,0,10,13,3,4,1
1036,4,3,acyclic,0,0,0,0,10,13,2,3,1
1036,8,3,acyclic,0,0,0,0,10,13,2,3,1
1036,12,3,acyclic,0,0,0,0,10,13,1,2,1
1036,1024,3,acyclic,0,0,0,0,10,13,2,3,1
1036,1028,3,acyclic,0,0,0,0,10,13,1,2,1
1036,1032,3,acyclic,0,0,0,0,10,13,1,2,1
1036,1036,3,acyclic,0,0,0,0,10,13,0,0,1
2060,0,3,acyclic,0,0,0,0,10,13,3,5,1
2060,4,3,acyclic,0,0,0,0,10,13,2,5,1
2060,8,3,acyclic,0,0,0,0,10,13,2,5,1
2060,12,3,acyclic,0,0,0,0,10,13,1,5,1
2060,2048,3,acyclic,0,0,0,0,10,13,2,3,1
2060,2052,3,acyclic,0,0,0,0,10,13,1,2,1
2060,2056,3,acyclic,0,0,0,0,10,13,1,2,1
2060,2060,3,acyclic,0,0,0,0,10,13,0,0,1
4108,0,3,acyclic,0,0,0,0,10,12,3,5,1
4108,4,3,acyclic,0,0,0,0,10,12,2,4,1
4108,8,3,acyclic,0,0,0,0,10,12,2,5,1
4108,12,3,acyclic,0,0,0,0,10,12,1,4,1
4108,4096,3,acyclic,0,0,0,0,10,12,2,3,1
4108,4100,3,acyclic,0,0,0,0,10,12,1,2,1
4108,4104,3,acyclic,0,0,0,0,10,12,1,2,1
4108,4108,3,acyclic,0,0,0,0,10,12,0,0,1
8204,0,3,acyclic,0,0,0,0,10,12,3,5,1
8204,4,3,acyclic,0,0,0,0,10,12,2,5,1
8204,8,3,acyclic,0,0,0,0,10,12,2,5,1
8204,12,3,acyclic,0,0,0,0,10,12,1,5,1
8204,8192,3,acyclic,0,0,0,0,10,12,2,3,1
8204,8196,3,acyclic,0,0,0,0,10,12,1,2,1
8204,8200,3,acyclic,0,0,0,0,10,12,1,2,1
8204,8204,3,acyclic,0,0,0,0,10,12,0,0,1
16396,0,3,acyclic,0,0,0,0,10,12,3,4,1
16396,4,3,acyclic,0,0,0,0,10,12,2,3,1
16396,8,3,acyclic,0,0,0,0,10,12,2,3,1
16396,12,3,acyclic,0,0,0,0,10,12,1,2,1
16396,16384,3,acyclic,0,0,0,0,10,12,2,3,1
16396,16388,3,acyclic,0,0,0,0,10,12,1,2,1
16396,16392,3,acyclic,0,0,0,0,10,12,1,2,1
16396,16396,3,acyclic,0,0,0,0,10,12,0,0,1
32780,0,3,acyclic,0,0,0,0,10,12,3,5,1
32780,4,3,acyclic,0,0,0,0,10,12,2,5,1
32780,8,3,acyclic,0,0,0,0,10,12,2,5,1
32780,12,3,acyclic,0,0,0,0,10,12,1,5,1
32780,32768,3,acyclic,0,0,0,0,10,12,2,3,1
32780,32772,3,acyclic,0,0,0,0,10,12,1,2,1
32780,32776,3,acyclic,0,0,0,0,10,12,1,2,1
32780,32780,3,acyclic,0,0,0,0,10,12,0,0,1
65548,0,3,acyclic,0,0,0,0,10,12,3,5,1
65548,4,3,acyclic,0,0,0,0,10,12,2,5,1
65548,8,3,acyclic,0,0,0,0,10,12,2,5,1
65548,12,3,acyclic,0,0,0,0,10,12,1,5,1
65548,65536,3,acyclic,0,0,0,0,10,12,2,3,1
65548,65540,3,acyclic,0,0,0,0,10,12,1,2,1
65548,65544,3,acyclic,0,0,0,0,10,12,1,2,1
65548,65548,3,acyclic,0,0,0,0,10,12,0,0,1
131084,0,3,acyclic,0,0,0,0,9,10,3,4,1
131084,4,3,acyclic,0,0,0,0,9,10,2,3,1
131084,8,3,acyclic,0,0,0,0,9,10,2,4,1
131084,12,3,acyclic,0,0,0,0,9,10,1,3,1
131084,131072,3,acyclic,0,0,0,0,9,10,2,3,1
131084,131076,3,acyclic,0,0,0,0,9,10,1,2,1
131084,131080,3,acyclic,0,0,0,0,9,10,1,2,1
131084,131084,3,acyclic,0,0,0,0,9,10,0,0,1
262156,0,3,acyclic,0,0,0,0,9,10,3,4,1
262156,4,3,acyclic,0,0,0,0,9,10,2,4,1
262156,8,3,acyclic,0,0,0,0,9,10,2,4,1
262156,12,3,acyclic,0,0,0,0,9,10,1,4,1
262156,262144,3,acyclic,0,0,0,0,9,10,2,3,1
262156,262148,3,acyclic,0,0,0,0,9,10,1,2,1
262156,262152,3,acyclic,0,0,0,0,9,10,1,2,1
262156,262156,3,acyclic,0,0,0,0,9,10,0,0,1
524300,0,3,acyclic,0,0,0,0,9,10,3,4,1
524300,4,3,acyclic,0,0,0,0,9,10,2,4,1
524300,8,3,acyclic,0,0,0,0,9,10,2,4,1
524300,12,3,acyclic,0,0,0,0,9,10,1,4,1
524300,524288,3,acyclic,0,0,0,0,9,10,2,3,1
524300,524292,3,acyclic,0,0,0,0,9,10,1,2,1
524300,524296,3,acyclic,0,0,0,0,9,10,1,2,1
524300,524300,3,acyclic,0,0,0,0,9,10,0,0,1
52,0,3,acyclic,0,0,0,0,10,12,3,5,1
52,4,3,acyclic,0,0,0,0,10,12,2,4,1
52,16,3,acyclic,0,0,0,0,10,12,2,3,1
52,20,3,acyclic,0,0,0,0,10,12,1,2,1
52,32,3,acyclic,0,0,0,0,10,12,2,5,1
52,36,3,acyclic,0,0,0,0,10,12,1,4,1
52,48,3,acyclic,0,0,0,0,10,12,1,2,1
52,52,3,acyclic,0,0,0,0,10,12,0,0,1
84,0,3,layered,0,0,0,0,23,37,3,14,1
84,4,3,layered,0,0,0,0,23,37,2,14,1
84,16,3,layered,0,0,0,0,23,37,2,12,1
84,20,3,layered,0,0,0,0,23,37,1,12,1
84,64,3,layered,0,0,0,0,23,37,2,12,1
84,68,3,layered,0,0,0,0,23,37,1,12,1
84,80,3,layered,0,0,0,0,23,37,1,2,1
84,84,3,layered,0,0,0,0,23,37,0,0,1
148,0,3,acyclic,0,0,0,0,10,11,3,5,1
148,4,3,acyclic,0,0,0,0,10,11,2,3,1
148,16,3,acyclic,0,0,0,0,10,11,2,4,1
148,20,3,acyclic,0,0,0,0,10,11,1,2,1
148,128,3,acyclic,0,0,0,0,10,11,2,4,1
148,132,3,acyclic,0,0,0,0,10,11,1,2,1
148,144,3,acyclic,0,0,0,0,10,11,1,2,1
148,148,3,acyclic,0,0,0,0,10,11,0,0,1
276,0,3,acyclic,0,0,0,0,10,11,3,6,1
276,4,3,acyclic,0,0,0,0,10,11,2,6,1
276,16,3,acyclic,0,0,0,0,10,11,2,6,1
276,20,3,acyclic,0,0,0,0,10,11,1,6,1
276,256,3,acyclic,0,0,0,0,10,11,2,4,1
276,260,3,acyclic,0,0,0,0,10,11,1,2,1
276,272,3,acyclic,0,0,0,0,10,11,1,2,1
276,276,3,acyclic,0,0,0,0,10,11,0,0,1
532,0,3,acyclic,0,0,0,0,10,11,3,5,1
532,4,3,acyclic,0,0,0,0,10,11,2,4,1
532,16,3,acyclic,0,0,0,0,10,11,2,3,1
532,20,3,acyclic,0,0,0,0,10,11,1,2,1
532,512,3,acyclic,0,0,0,0,10,11,2,4,1
532,516,3,acyclic,0,0,0,0,10,11,1,2,1
532,528,3,acyclic,0,0,0,0,10,11,1,2,1
532,532,3,acyclic,0,0,0,0,10,11,0,0,1
1044,0,3,acyclic,0,0,0,0,10,12,3,5,1
1044,4,3,acyclic,0,0,0,0,10,12,2,4,1
1044,16,3,acyclic,0,0,0,0,10,12,2,3,1
1044,20,3,acyclic,0,0,0,0,10,12,1,2,1
1044,1024,3,acyclic,0,0,0,0,10,12,2,5,1
1044,1028,3,acyclic,0,0,0,0,10,12,1,4,1
1044,1040,3,acyclic,0,0,0,0,10,12,1,2,1
1044,1044,3,acyclic,0,0,0,0,10,12,0,0,1
2068,0,3,layered,0,0,0,0,23,37,3,14,1
2068,4,3,layered,0,0,0,0,23,37,2,14,1
2068,16,3,layered,0,0,0,0,23,37,2,12,1
2068,20,3,layered,0,0,0,0,23,37,1,12,1
2068,2048,3,layered,0,0,0,0,23,37,2,12,1
2068,2052,3,layered,0,0,0,0,23,37,1,12,1
2068,2064,3,layered,0,0,0,0,23,37,1,2,1
2068,2068,3,layered,0,0,0,0,23,37,0,0,1
4116,0,3,acyclic,0,0,0,0,10,11,3,5,1
4116,4,3,acyclic,0,0,0,0,10,11,2,3,1
4116,16,3,acyclic,0,0,0,0,10,11,2,4,1
4116,20,3,acyclic,0,0,0,0,10,11,1,2,1
4116,4096,3,acyclic,0,0,0,0,10,11,2,4,1
4116,4100,3,acyclic,0,0,0,0,10,11,1,2,1
4116,4112,3,acyclic,0,0,0,0,10,11,1,2,1
4116,4116,3,acyclic,0,0,0,0,10,11,0,0,1
8212,0,3,acyclic,0,0,0,0,10,11,3,6,1
8212,4,3,acyclic,0,0,0,0,10,11,2,6,1
8212,16,3,acyclic,0,0,0,0,10,11,2,6,1
8212,20,3,acyclic,0,0,0,0,10,11,1,6,1
8212,8192,3,acyclic,0,0,0,0,10,11,2,4,1
8212,8196,3,acyclic,0,0,0,0,10,11,1,2,1
8212,8208,3,acyclic,0,0,0,0,10,11,1,2,1
8212,8212,3,acyclic,0,0,0,0,10,11,0,0,1
16404,0,3,acyclic,0,0,0,0,10,11,3,5,1
16404,4,3,acyclic,0,0,0,0,10,11,2,4,1
16404,16,3,acyclic,0,0,0,0,10,11,2,3,1
16404,20,3,acyclic,0,0,0,0,10,11,1,2,1
16404,16384,3,acyclic,0,0,0,0,10,11,2,5,1
16404,16388,3,acyclic,0,0,0,0,10,11,1,4,1
16404,16400,3,acyclic,0,0,0,0,10,11,1,2,1
16404,16404,3,acyclic,0,0,0,0,10,11,0,0,1
32788,0,3,layered,0,0,0,0,23,34,3,14,1
32788,4,3,layered,0,0,0,0,23,34,2,14,1
32788,16,3,layered,0,0,0,0,23,34,2,12,1
32788,20,3,layered,0,0,0,0,23,34,1,12,1
32788,32768,3,layered,0,0,0,0,23,34,2,12,1
32788,32772,3,layered,0,0,0,0,23,34,1,12,1
32788,32784,3,layered,0,0,0,0,23,34,1,2,1
32788,32788,3,layered,0,0,0,0,23,34,0,0,1
65556,0,3,layered,0,0,0,0,23,34,3,14,1
65556,4,3,layered,0,0,0,0,23,34,2,14,1
65556,16,3,layered,0,0,0,0,23,34,2,12,1
65556,20,3,layered,0,0,0,0,23,34,1,12,1
65556,65536,3,layered,0,0,0,0,23,34,2,12,1
65556,65540,3,layered,0,0,0,0,23,34,1,12,1
65556,65552,3,layered,0,0,0,0,23,34,1,2,1
65556,65556,3,layered,0,0,0,0,23,34,0,0,1
131092,0,3,acyclic,0,0,0,0,9,9,3,4,1
131092,4,3,acyclic,0,0,0,0,9,9,2,2,1
131092,16,3,acyclic,0,0,0,0,9,9,2,3,1
131092,20,3,acyclic,0,0,0,0,9,9,1,1,1
131092,131072,3,acyclic,0,0,0,0,9,9,2,4,1
131092,131076,3,acyclic,0,0,0,0,9,9,1,2,1
131092,131088,3,acyclic,0,0,0,0,9,9,1,2,1
131092,131092,3,acyclic,0,0,0,0,9,9,0,0,1
262164,0,3,acyclic,0,0,0,0,9,9,3,5,1
262164,4,3,acyclic,0,0,0,0,9,9,2,5,1
262164,16,3,acyclic,0,0,0,0,9,9,2,5,1
262164,20,3,acyclic,0,0,0,0,9,9,1,5,1
262164,262144,3,acyclic,0,0,0,0,9,9,2,4,1
262164,262148,3,acyclic,0,0,0,0,9,9,1,2,1
262164,262160,3,acyclic,0,0,0,0,9,9,1,2,1
262164,262164,3,acyclic,0,0,0,0,9,9,0,0,1
524308,0,3,acyclic,0,0,0,0,9,9,3,5,1
524308,4,3,acyclic,0,0,0,0,9,9,2,5,1
524308,16,3,acyclic,0,0,0,0,9,9,2,5,1
524308,20,3,acyclic,0,0,0,0,9,9,1,5,1
524308,524288,3,acyclic,0,0,0,0,9,9,2,4,1
524308,524292,3,acyclic,0,0,0,0,9,9,1,2,1
524308,524304,3,acyclic,0,0,0,0,9,9,1,2,1
524308,524308,3,acyclic,0,0,0,0,9,9,0,0,1
100,0,3,acyclic,0,0,0,0,10,12,3,5,1
100,4,3,acyclic,0,0,0,0,10,12,2,5,1
100,32,3,acyclic,0,0,0,0,10,12,2,4,1
100,36,3,acyclic,0,0,0,0,10,12,1,4,1
100,64,3,acyclic,0,0,0,0,10,12,2,3,1
100,68,3,acyclic,0,0,0,0,10,12,1,2,1
100,96,3,acyclic,0,0,0,0,10,12,1,2,1
100,100,3,acyclic,0,0,0,0,10,12,0,0,1
164,0,3,acyclic,0,0,0,0,10,11,3,5,1
164,4,3,acyclic,0,0,0,0,10,11,2,4,1
164,32,3,acyclic,0,0,0,0,10,11,2,5,1
164,36,3,acyclic,0,0,0,0,10,11,1,4,1
164,128,3,acyclic,0,0,0,0,10,11,2,3,1
164,132,3,acyclic,0,0,0,0,10,11,1,2,1
164,160,3,acyclic,0,0,0,0,10,11,1,2,1
164,164,3,acyclic,0,0,0,0,10,11,0,0,1
292,0,3,acyclic,0,0,0,0,10,11,3,5,1
292,4,3,acyclic,0,0,0,0,10,11,2,5,1
292,32,3,acyclic,0,0,0,0,10,11,2,4,1
292,36,3,acyclic,0,0,0,0,10,11,1,4,1
292,256,3,acyclic,0,0,0,0,10,11,2,3,1
292,260,3,acyclic,0,0,0,0,10,11,1,2,1
292,288,3,acyclic,0,0,0,0,10,11,1,2,1
292,292,3,acyclic,0,0,0,0,10,11,0,0,1
548,0,3,acyclic,0,0,0,0,10,11,3,4,1
548,4,3,acyclic,0,0,0,0,10,11,2,3,1
548,32,3,acyclic,0,0,0,0,10,11,2,3,1
548,36,3,acyclic,0,0,0,0,10,11,1,2,1
548,512,3,acyclic,0,0,0,0,10,11,2,3,1
548,516,3,acyclic,0,0,0,0,10,11,1,2,1
548,544,3,acyclic,0,0,0,0,10,11,1,2,1
548,548,3,acyclic,0,0,0,0,10,11,0,0,1
1060,0,3,acyclic,0,0,0,0,10,12,3,4,1
1060,4,3,acyclic,0,0,0,0,10,12,2,3,1
1060,32,3,acyclic,0,0,0,0,10,12,2,3,1
1060,36,3,acyclic,0,0,0,0,10,12,1,2,1
1060,1024,3,acyclic,0,0,0,0,10,12,2,3,1
1060,1028,3,acyclic,0,0,0,0,10,12,1,2,1
1060,1056,3,acyclic,0,0,0,0,10,12,1,2,1
1060,1060,3,acyclic,0,0,0,0,10,12,0,0,1
2084,0,3,acyclic,0,0,0,0,10,12,3,5,1
2084,4,3,acyclic,0,0,0,0,10,12,2,5,1
2084,32,3,acyclic,0,0,0,0,10,12,2,5,1
2084,36,3,acyclic,0,0,0,0,10,12,1,5,1
2084,2048,3,acyclic,0,0,0,0,10,12,2,3,1
2084,2052,3,acyclic,0,0,0,0,10,12,1,2,1
2084,2080,3,acyclic,0,0,0,0,10,12,1,2,1
2084,2084,3,acyclic,0,0,0,0,10,12,0,0,1
4132,0,3,acyclic,0,0,0,0,10,11,3,5,1
4132,4,3,acyclic,0,0,0,0,10,11,2,4,1
4132,32,3,acyclic,0,0,0,0,10,11,2,5,1
4132,36,3,acyclic,0,0,0,0,10,11,1,4,1
4132,4096,3,acyclic,0,0,0,0,10,11,2,3,1
4132,4100,3,acyclic,0,0,0,0,10,11,1,2,1
4132,4128,3,acyclic,0,0,0,0,10,11,1,2,1
4132,4132,3,acyclic,0,0,0,0,10,11,0,0,1
8228,0,3,acyclic,0,0,0,0,10,11,3,5,1
8228,4,3,acyclic,0,0,0,0,10,11,2,5,1
8228,32,3,acyclic,0,0,0,0,10,11,2,5,1
8228,36,3,acyclic,0,0,0,0,10,11,1,5,1
8228,8192,3,acyclic,0,0,0,0,10,11,2,3,1
8228,8196,3,acyclic,0,0,0,0,10,11,1,2,1
8228,8224,3,acyclic,0,0,0,0,10,11,1,2,1
8228,8228,3,acyclic,0,0,0,0,10,11,0,0,1
16420,0,3,acyclic,0,0,0,0,10,11,3,4,1
16420,4,3,acyclic,0,0,0,0,10,11,2,3,1
16420,32,3,acyclic,0,0,0,0,10,11,2,3,1
16420,36,3,acyclic,0,0,0,0,10,11,1,2,1
16420,16384,3,acyclic,0,0,0,0,10,11,2,3,1
16420,16388,3,acyclic,0,0,0,0,10,11,1,2,1
16420,16416,3,acyclic,0,0,0,0,10,11,1,2,1
16420,16420,3,acyclic,0,0,0,0,10,11,0,0,1
32804,0,3,acyclic,0,0,0,0,10,11,3,5,1
32804,4,3,acyclic,0,0,0,0,10,11,2,5,1
32804,32,3,acyclic,0,0,0,0,10,11,2,4,1
32804,36,3,acyclic,0,0,0,0,10,11,1,4,1
32804,32768,3,acyclic,0,0,0,0,10,11,2,3,1
32804,32772,3,acyclic,0,0,0,0,10,11,1,2,1
32804,32800,3,acyclic,0,0,0,0,10,11,1,2,1
32804,32804,3,acyclic,0,0,0,0,10,11,0,0,1
65572,0,3,acyclic,0,0,0,0,10,11,3,5,1
65572,4,3,acyclic,0,0,0,0,10,11,2,5,1
65572,32,3,acyclic,0,0,0,0,10,11,2,5,1
65572,36,3,acyclic,0,0,0,0,10,11,1,5,1
65572,65536,3,acyclic,0,0,0,0,10,11,2,3,1
65572,65540,3,acyclic,0,0,0,0,10,11,1,2,1
65572,65568,3,acyclic,0,0,0,0,10,11,1,2,1
65572,65572,3,acyclic,0,0,0,0,10,11,0,0,1
131108,0,3,acyclic,0,0,0,0,9,9,3,4,1
131108,4,3,acyclic,0,0,0,0,9,9,2,3,1
131108,32,3,acyclic,0,0,0,0,9,9,2,4,1
131108,36,3,acyclic,0,0,0,0,9,9,1,3,1
131108,131072,3,acyclic,0,0,0,0,9,9,2,3,1
131108,131076,3,acyclic,0,0,0,0,9,9,1,2,1
131108,131104,3,acyclic,0,0,0,0,9,9,1,2,1
131108,131108,3,acyclic,0,0,0,0,9,9,0,0,1
262180,0,3,acyclic,0,0,0,0,9,9,3,4,1
262180,4,3,acyclic,0,0,0,0,9,9,2,4,1
262180,32,3,acyclic,0,0,0,0,9,9,2,3,1
262180,36,3,acyclic,0,0,0,0,9,9,1,3,1
262180,262144,3,acyclic,0,0,0,0,9,9,2,3,1
262180,262148,3,acyclic,0,0,0,0,9,9,1,2,1
262180,262176,3,acyclic,0,0,0,0,9,9,1,2,1
262180,262180,3,acyclic,0,0,0,0,9,9,0,0,1
524324,0,3,acyclic,0,0,0,0,9,9,3,4,1
524324,4,3,acyclic,0,0,0,0,9,9,2,4,1
524324,32,3,acyclic,0,0,0,0,9,9,2,4,1
524324,36,3,acyclic,0,0,0,0,9,9,1,4,1
524324,524288,3,acyclic,0,0,0,0,9,9,2,3,1
524324,524292,3,acyclic,0,0,0,0,9,9,1,2,1
524324,524320,3,acyclic,0,0,0,0,9,9,1,2,1
524324,524324,3,acyclic,0,0,0,0,9,9,0,0,1
196,0,3,acyclic,0,0,0,0,10,11,3,6,1
196,4,3,acyclic,0,0,0,0,10,11,2,6,1
196,64,3,acyclic,0,0,0,0,10,11,2,6,1
196,68,3,acyclic,0,0,0,0,10,11,1,6,1
196,128,3,acyclic,0,0,0,0,10,11,2,4,1
196,132,3,acyclic,0,0,0,0,10,11,1,4,1
196,192,3,acyclic,0,0,0,0,10,11,1,2,1
196,196,3,acyclic,0,0,0,0,10,11,0,0,1
324,0,3,acyclic,0,0,0,0,10,11,3,5,1
324,4,3,acyclic,0,0,0,0,10,11,2,5,1
324,64,3,acyclic,0,0,0,0,10,11,2,4,1
324,68,3,acyclic,0,0,0,0,10,11,1,4,1
324,256,3,acyclic,0,0,0,0,10,11,2,4,1
324,260,3,acyclic,0,0,0,0,10,11,1,4,1
324,320,3,acyclic,0,0,0,0,10,11,1,2,1
324,324,3,acyclic,0,0,0,0,10,11,0,0,1
580,0,3,acyclic,0,0,0,0,10,11,3,5,1
580,4,3,acyclic,0,0,0,0,10,11,2,5,1
580,64,3,acyclic,0,0,0,0,10,11,2,3,1
580,68,3,acyclic,0,0,0,0,10,11,1,2,1
580,512,3,acyclic,0,0,0,0,10,11,2,5,1
580,516,3,acyclic,0,0,0,0,10,11,1,5,1
580,576,3,acyclic,0,0,0,0,10,11,1,2,1
580,580,3,acyclic,0,0,0,0,10,11,0,0,1
1092,0,3,acyclic,0,0,0,0,10,12,3,5,1
1092,4,3,acyclic,0,0,0,0,10,12,2,5,1
1092,64,3,acyclic,0,0,0,0,10,12,2,3,1
1092,68,3,acyclic,0,0,0,0,10,12,1,2,1
1092,1024,3,acyclic,0,0,0,0,10,12,2,5,1
1092,1028,3,acyclic,0,0,0,0,10,12,1,5,1
1092,1088,3,acyclic,0,0,0,0,10,12,1,2,1
1092,1092,3,acyclic,0,0,0,0,10,12,0,0,1
2116,0,3,layered,0,0,0,0,23,37,3,14,1
2116,4,3,layered,0,0,0,0,23,37,2,14,1
2116,64,3,layered,0,0,0,0,23,37,2,12,1
2116,68,3,layered,0,0,0,0,23,37,1,12,1
2116,2048,3,layered,0,0,0,0,23,37,2,12,1
2116,2052,3,layered,0,0,0,0,23,37,1,12,1
2116,2112,3,layered,0,0,0,0,23,37,1,2,1
2116,2116,3,layered,0,0,0,0,23,37,0,0,1
4164,0,3,layered,0,0,0,0,23,34,3,14,1
4164,4,3,layered,0,0,0,0,23,34,2,14,1
4164,64,3,layered,0,0,0,0,23,34,2,12,1
4164,68,3,layered,0,0,0,0,23,34,1,12,1
4164,4096,3,layered,0,0,0,0,23,34,2,12,1
4164,4100,3,layered,0,0,0,0,23,34,1,12,1
4164,4160,3,layered,0,0,0,0,23,34,1,2,1
4164,4164,3,layered,0,0,0,0,23,34,0,0,1
8260,0,3,layered,0,0,0,0,23,34,3,14,1
8260,4,3,layered,0,0,0,0,23,34,2,14,1
8260,64,3,layered,0,0,0,0,23,34,2,12,1
8260,68,3,layered,0,0,0,0,23,34,1,12,1
8260,8192,3,layered,0,0,0,0,23,34,2,12,1
8260,8196,3,layered,0,0,0,0,23,34,1,12,1
8260,8256,3,layered,0,0,0,0,23,34,1,2,1
8260,8260,3,layered,0,0,0,0,23,34,0,0,1
16452,0,3,acyclic,0,0,0,0,10,11,3,5,1
16452,4,3,acyclic,0,0,0,0,10,11,2,5,1
16452,64,3,acyclic,0,0,0,0,10,11,2,3,1
16452,68,3,acyclic,0,0,0,0,10,11,1,2,1
16452,16384,3,acyclic,0,0,0,0,10,11,2,4,1
16452,16388,3,acyclic,0,0,0,0,10,11,1,4,1
16452,16448,3,acyclic,0,0,0,0,10,11,1,2,1
16452,16452,3,acyclic,0,0,0,0,10,11,0,0,1
32836,0,3,acyclic,0,0,0,0,10,11,3,5,1
32836,4,3,acyclic,0,0,0,0,10,11,2,5,1
32836,64,3,acyclic,0,0,0,0,10,11,2,4,1
32836,68,3,acyclic,0,0,0,0,10,11,1,4,1
32836,32768,3,acyclic,0,0,0,0,10,11,2,4,1
32836,32772,3,acyclic,0,0,0,0,10,11,1,4,1
32836,32832,3,acyclic,0,0,0,0,10,11,1,2,1
32836,32836,3,acyclic,0,0,0,0,10,11,0,0,1
65604,0,3,acyclic,0,0,0,0,10,11,3,6,1
65604,4,3,acyclic,0,0,0,0,10,11,2,6,1
65604,64,3,acyclic,0,0,0,0,10,11,2,6,1
65604,68,3,acyclic,0,0,0,0,10,11,1,6,1
65604,65536,3,acyclic,0,0,0,0,10,11,2,4,1
65604,65540,3,acyclic,0,0,0,0,10,11,1,4,1
65604,65600,3,acyclic,0,0,0,0,10,11,1,2,1
65604,65604,3,acyclic,0,0,0,0,10,11,0,0,1
131140,0,3,acyclic,0,0,0,0,9,9,3,5,1
131140,4,3,acyclic,0,0,0,0,9,9,2,5,1
131140,64,3,acyclic,0,0,0,0,9,9,2,5,1
131140,68,3,acyclic,0,0,0,0,9,9,1,5,1
131140,131072,3,acyclic,0,0,0,0,9,9,2,4,1
131140,131076,3,acyclic,0,0,0,0,9,9,1,4,1
131140,131136,3,acyclic,0,0,0,0,9,9,1,2,1
131140,131140,3,acyclic,0,0,0,0,9,9,0,0,1
262212,0,3,acyclic,0,0,0,0,9,9,3,4,1
262212,4,3,acyclic,0,0,0,0,9,9,2,4,1
262212,64,3,acyclic,0,0,0,0,9,9,2,3,1
262212,68,3,acyclic,0,0,0,0,9,9,1,3,1
262212,262144,3,acyclic,0,0,0,0,9,9,2,4,1
262212,262148,3,acyclic,0,0,0,0,9,9,1,4,1
262212,262208,3,acyclic,0,0,0,0,9,9,1,2,1
262212,262212,3,acyclic,0,0,0,0,9,9,0,0,1
524356,0,3,acyclic,0,0,0,0,9,9,3,5,1
524356,4,3,acyclic,0,0,0,0,9,9,2,5,1
524356,64,3,acyclic,0,0,0,0,9,9,2,5,1
524356,68,3,acyclic,0,0,0,0,9,9,1,5,1
524356,524288,3,acyclic,0,0,0,0,9,9,2,4,1
524356,524292,3,acyclic,0,0,0,0,9,9,1,4,1
524356,524352,3,acyclic,0,0,0,0,9,9,1,2,1
524356,524356,3,acyclic,0,0,0,0,9,9,0,0,1
388,0,3,acyclic,0,0,0,0,10,10,3,6,1
388,4,3,acyclic,0,0,0,0,10,10,2,6,1
388,128,3,acyclic,0,0,0,0,10,10,2,4,1
388,132,3,acyclic,0,0,0,0,10,10,1,4,1
388,256,3,acyclic,0,0,0,0,10,10,2,4,1
388,260,3,acyclic,0,0,0,0,10,10,1,2,1
388,384,3,acyclic,0,0,0,0,10,10,1,2,1
388,388,3,acyclic,0,0,0,0,10,10,0,0,1
644,0,3,acyclic,0,0,0,0,10,10,3,5,1
644,4,3,acyclic,0,0,0,0,10,10,2,4,1
644,128,3,acyclic,0,0,0,0,10,10,2,3,1
644,132,3,acyclic,0,0,0,0,10,10,1,2,1
644,512,3,acyclic,0,0,0,0,10,10,2,4,1
644,516,3,acyclic,0,0,0,0,10,10,1,2,1
644,640,3,acyclic,0,0,0,0,10,10,1,2,1
644,644,3,acyclic,0,0,0,0,10,10,0,0,1
1156,0,3,acyclic,0,0,0,0,10,11,3,5,1
1156,4,3,acyclic,0,0,0,0,10,11,2,4,1
1156,128,3,acyclic,0,0,0,0,10,11,2,3,1
1156,132,3,acyclic,0,0,0,0,10,11,1,2,1
1156,1024,3,acyclic,0,0,0,0,10,11,2,5,1
1156,1028,3,acyclic,0,0,0,0,10,11,1,4,1
1156,1152,3,acyclic,0,0,0,0,10,11,1,2,1
1156,1156,3,acyclic,0,0,0,0,10,11,0,0,1
2180,0,3,layered,0,0,0,0,23,34,3,14,1
2180,4,3,layered,0,0,0,0,23,34,2,14,1
2180,128,3,layered,0,0,0,0,23,34,2,12,1
2180,132,3,layered,0,0,0,0,23,34,1,12,1
2180,2048,3,layered,0,0,0,0,23,34,2,12,1
2180,2052,3,layered,0,0,0,0,23,34,1,12,1
2180,2176,3,layered,0,0,0,0,23,34,1,2,1
2180,2180,3,layered,0,0,0,0,23,34,0,0,1
4228,0,3,acyclic,0,0,0,0,10,10,3,5,1
4228,4,3,acyclic,0,0,0,0,10,10,2,3,1
4228,128,3,acyclic,0,0,0,0,10,10,2,4,1
4228,132,3,acyclic,0,0,0,0,10,10,1,2,1
4228,4096,3,acyclic,0,0,0,0,10,10,2,4,1
4228,4100,3,acyclic,0,0,0,0,10,10,1,2,1
4228,4224,3,acyclic,0,0,0,0,10,10,1,2,1
4228,4228,3,acyclic,0,0,0,0,10,10,0,0,1
8324,0,3,acyclic,0,0,0,0,10,10,3,6,1
8324,4,3,acyclic,0,0,0,0,10,10,2,6,1
8324,128,3,acyclic,0,0,0,0,10,10,2,6,1
8324,132,3,acyclic,0,0,0,0,10,10,1,6,1
8324,8192,3,acyclic,0,0,0,0,10,10,2,4,1
8324,8196,3,acyclic,0,0,0,0,10,10,1,2,1
8324,8320,3,acyclic,0,0,0,0,10,10,1,2,1
8324,8324,3,acyclic,0,0,0,0,10,10,0,0,1
16516,0,3,acyclic,0,0,0,0,10,10,3,5,1
16516,4,3,acyclic,0,0,0,0,10,10,2,4,1
16516,128,3,acyclic,0,0,0,0,10,10,2,3,1
16516,132,3,acyclic,0,0,0,0,10,10,1,2,1
16516,16384,3,acyclic,0,0,0,0,10,10,2,5,1
16516,16388,3,acyclic,0,0,0,0,10,10,1,4,1
16516,16512,3,acyclic,0,0,0,0,10,10,1,2,1
16516,16516,3,acyclic,0,0,0,0,10,10,0,0,1
32900,0,3,acyclic,0,0,0,0,10,10,3,6,1
32900,4,3,acyclic,0,0,0,0,10,10,2,6,1
32900,128,3,acyclic,0,0,0,0,10,10,2,4,1
32900,132,3,acyclic,0,0,0,0,10,10,1,4,1
32900,32768,3,acyclic,0,0,0,0,10,10,2,6,1
32900,32772,3,acyclic,0,0,0,0,10,10,1,6,1
32900,32896,3,acyclic,0,0,0,0,10,10,1,2,1
32900,32900,3,acyclic,0,0,0,0,10,10,0,0,1
65668,0,3,layered,0,0,0,0,23,31,3,14,1
65668,4,3,layered,0,0,0,0,23,31,2,14,1
65668,128,3,layered,0,0,0,0,23,31,2,12,1
65668,132,3,layered,0,0,0,0,23,31,1,12,1
65668,65536,3,layered,0,0,0,0,23,31,2,12,1
65668,65540,3,layered,0,0,0,0,23,31,1,12,1
65668,65664,3,layered,0,0,0,0,23,31,1,2,1
65668,65668,3,layered,0,0,0,0,23,31,0,0,1
131204,0,3,acyclic,0,0,0,0,9,8,3,4,1
131204,4,3,acyclic,0,0,0,0,9,8,2,2,1
131204,128,3,acyclic,0,0,0,0,9,8,2,3,1
131204,132,3,acyclic,0,0,0,0,9,8,1,1,1
131204,131072,3,acyclic,0,0,0,0,9,8,2,4,1
131204,131076,3,acyclic,0,0,0,0,9,8,1,2,1
131204,131200,3,acyclic,0,0,0,0,9,8,1,2,1
131204,131204,3,acyclic,0,0,0,0,9,8,0,0,1
262276,0,3,acyclic,0,0,0,0,9,8,3,5,1
262276,4,3,acyclic,0,0,0,0,9,8,2,5,1
262276,128,3,acyclic,0,0,0,0,9,8,2,3,1
262276,132,3,acyclic,0,0,0,0,9,8,1,3,1
262276,262144,3,acyclic,0,0,0,0,9,8,2,4,1
262276,262148,3,acyclic,0,0,0,0,9,8,1,2,1
262276,262272,3,acyclic,0,0,0,0,9,8,1,2,1
262276,262276,3,acyclic,0,0,0,0,9,8,0,0,1
524420,0,3,acyclic,0,0,0,0,9,8,3,5,1
524420,4,3,acyclic,0,0,0,0,9,8,2,5,1
524420,128,3,acyclic,0,0,0,0,9,8,2,5,1
524420,132,3,acyclic,0,0,0,0,9,8,1,5,1
524420,524288,3,acyclic,0,0,0,0,9,8,2,4,1
524420,524292,3,acyclic,0,0,0,0,9,8,1,2,1
524420,524416,3,acyclic,0,0,0,0,9,8,1,2,1
524420,524420,3,acyclic,0,0,0,0,9,8,0,0,1
772,0,3,acyclic,0,0,0,0,9,10,3,5,1
772,4,3,acyclic,0,0,0,0,9,10,2,5,1
772,256,3,acyclic,0,0,0,0,9,10,2,3,1
772,260,3,acyclic,0,0,0,0,9,10,1,2,1
772,512,3,acyclic,0,0,0,0,9,10,2,5,1
772,516,3,acyclic,0,0,0,0,9,10,1,5,1
772,768,3,acyclic,0,0,0,0,9,10,1,2,1
772,772,3,acyclic,0,0,0,0,9,10,0,0,1
1284,0,3,acyclic,0,0,0,0,10,11,3,5,1
1284,4,3,acyclic,0,0,0,0,10,11,2,5,1
1284,256,3,acyclic,0,0,0,0,10,11,2,3,1
1284,260,3,acyclic,0,0,0,0,10,11,1,2,1
1284,1024,3,acyclic,0,0,0,0,10,11,2,5,1
1284,1028,3,acyclic,0,0,0,0,10,11,1,5,1
1284,1280,3,acyclic,0,0,0,0,10,11,1,2,1
1284,1284,3,acyclic,0,0,0,0,10,11,0,0,1
2308,0,3,layered,0,0,0,0,23,34,3,14,1
2308,4,3,layered,0,0,0,0,23,34,2,14,1
2308,256,3,layered,0,0,0,0,23,34,2,12,1
2308,260,3,layered,0,0,0,0,23,34,1,12,1
2308,2048,3,layered,0,0,0,0,23,34,2,12,1
2308,2052,3,layered,0,0,0,0,23,34,1,12,1
2308,2304,3,layered,0,0,0,0,23,34,1,2,1
2308,2308,3,layered,0,0,0,0,23,34,0,0,1
4356,0,3,acyclic,0,0,0,0,10,10,3,6,1
4356,4,3,acyclic,0,0,0,0,10,10,2,6,1
4356,256,3,acyclic,0,0,0,0,10,10,2,4,1
4356,260,3,acyclic,0,0,0,0,10,10,1,2,1
4356,4096,3,acyclic,0,0,0,0,10,10,2,6,1
4356,4100,3,acyclic,0,0,0,0,10,10,1,6,1
4356,4352,3,acyclic,0,0,0,0,10,10,1,2,1
4356,4356,3,acyclic,0,0,0,0,10,10,0,0,1
8452,0,3,layered,0,0,0,0,15,20,3,10,1
8452,4,3,layered,0,0,0,0,15,20,2,10,1
8452,256,3,layered,0,0,0,0,15,20,2,8,1
8452,260,3,layered,0,0,0,0,15,20,1,8,1
8452,8192,3,layered,0,0,0,0,15,20,2,8,1
8452,8196,3,layered,0,0,0,0,15,20,1,8,1
8452,8448,3,layered,0,0,0,0,15,20,1,2,1
8452,8452,3,layered,0,0,0,0,15,20,0,0,1
16644,0,3,acyclic,0,0,0,0,10,10,3,5,1
16644,4,3,acyclic,0,0,0,0,10,10,2,5,1
16644,256,3,acyclic,0,0,0,0,10,10,2,3,1
16644,260,3,acyclic,0,0,0,0,10,10,1,2,1
16644,16384,3,acyclic,0,0,0,0,10,10,2,4,1
16644,16388,3,acyclic,0,0,0,0,10,10,1,4,1
16644,16640,3,acyclic,0,0,0,0,10,10,1,2,1
16644,16644,3,acyclic,0,0,0,0,10,10,0,0,1
33028,0,3,acyclic,0,0,0,0,10,10,3,5,1
33028,4,3,acyclic,0,0,0,0,10,10,2,5,1
33028,256,3,acyclic,0,0,0,0,10,10,2,4,1
33028,260,3,acyclic,0,0,0,0,10,10,1,4,1
33028,32768,3,acyclic,0,0,0,0,10,10,2,4,1
33028,32772,3,acyclic,0,0,0,0,10,10,1,4,1
33028,33024,3,acyclic,0,0,0,0,10,10,1,2,1
33028,33028,3,acyclic,0,0,0,0,10,10,0,0,1
65796,0,3,acyclic,0,0,0,0,10,10,3,6,1
65796,4,3,acyclic,0,0,0,0,10,10,2,6,1
65796,256,3,acyclic,0,0,0,0,10,10,2,6,1
65796,260,3,acyclic,0,0,0,0,10,10,1,6,1
65796,65536,3,acyclic,0,0,0,0,10,10,2,4,1
65796,65540,3,acyclic,0,0,0,0,10,10,1,4,1
65796,65792,3,acyclic,0,0,0,0,10,10,1,2,1
65796,65796,3,acyclic,0,0,0,0,10,10,0,0,1
131332,0,3,acyclic,0,0,0,0,9,8,3,5,1
131332,4,3,acyclic,0,0,0,0,9,8,2,5,1
131332,256,3,acyclic,0,0,0,0,9,8,2,3,1
131332,260,3,acyclic,0,0,0,0,9,8,1,1,1
131332,131072,3,acyclic,0,0,0,0,9,8,2,4,1
131332,131076,3,acyclic,0,0,0,0,9,8,1,4,1
131332,131328,3,acyclic,0,0,0,0,9,8,1,2,1
131332,131332,3,acyclic,0,0,0,0,9,8,0,0,1
262404,0,3,acyclic,0,0,0,0,8,8,3,4,1
262404,4,3,acyclic,0,0,0,0,8,8,2,4,1
262404,256,3,acyclic,0,0,0,0,8,8,2,3,1
262404,260,3,acyclic,0,0,0,0,8,8,1,3,1
262404,262144,3,acyclic,0,0,0,0,8,8,2,4,1
262404,262148,3,acyclic,0,0,0,0,8,8,1,4,1
262404,262400,3,acyclic,0,0,0,0,8,8,1,2,1
262404,262404,3,acyclic,0,0,0,0,8,8,0,0,1
524548,0,3,acyclic,1,0,0,0,8,8,3,5,1
524548,4,3,acyclic,1,0,0,0,8,8,2,5,1
524548,256,3,acyclic,1,0,0,0,8,8,2,5,1
524548,260,3,acyclic,1,0,0,0,8,8,1,5,1
524548,524288,3,acyclic,1,0,0,0,8,8,2,4,1
524548,524292,3,acyclic,1,0,0,0,8,8,1,4,1
524548,524544,3,acyclic,1,0,0,0,8,8,1,2,1
524548,524548,3,acyclic,1,1,1,1,8,8,0,0,1
1540,0,3,acyclic,0,0,0,0,10,11,3,4,1
1540,4,3,acyclic,0,0,0,0,10,11,2,3,1
1540,512,3,acyclic,0,0,0,0,10,11,2,3,1
1540,516,3,acyclic,0,0,0,0,10,11,1,2,1
1540,1024,3,acyclic,0,0,0,0,10,11,2,3,1
1540,1028,3,acyclic,0,0,0,0,10,11,1,2,1
1540,1536,3,acyclic,0,0,0,0,10,11,1,2,1
1540,1540,3,acyclic,0,0,0,0,10,11,0,0,1
2564,0,3,acyclic,0,0,0,0,10,11,3,5,1
2564,4,3,acyclic,0,0,0,0,10,11,2,5,1
2564,512,3,acyclic,0,0,0,0,10,11,2,4,1
2564,516,3,acyclic,0,0,0,0,10,11,1,4,1
2564,2048,3,acyclic,0,0,0,0,10,11,2,3,1
2564,2052,3,acyclic,0,0,0,0,10,11,1,2,1
2564,2560,3,acyclic,0,0,0,0,10,11,1,2,1
2564,2564,3,acyclic,0,0,0,0,10,11,0,0,1
4612,0,3,acyclic,0,0,0,0,10,10,3,5,1
4612,4,3,acyclic,0,0,0,0,10,10,2,4,1
4612,512,3,acyclic,0,0,0,0,10,10,2,4,1
4612,516,3,acyclic,0,0,0,0,10,10,1,2,1
4612,4096,3,acyclic,0,0,0,0,10,10,2,3,1
4612,4100,3,acyclic,0,0,0,0,10,10,1,2,1
4612,4608,3,acyclic,0,0,0,0,10,10,1,2,1
4612,4612,3,acyclic,0,0,0,0,10,10,0,0,1
8708,0,3,acyclic,0,0,0,0,9,10,3,5,1
8708,4,3,acyclic,0,0,0,0,9,10,2,5,1
8708,512,3,acyclic,0,0,0,0,9,10,2,4,1
8708,516,3,acyclic,0,0,0,0,9,10,1,4,1
8708,8192,3,acyclic,0,0,0,0,9,10,2,3,1
8708,8196,3,acyclic,0,0,0,0,9,10,1,2,1
8708,8704,3,acyclic,0,0,0,0,9,10,1,2,1
8708,8708,3,acyclic,0,0,0,0,9,10,0,0,1
16900,0,3,acyclic,0,0,0,0,10,10,3,4,1
16900,4,3,acyclic,0,0,0,0,10,10,2,3,1
16900,512,3,acyclic,0,0,0,0,10,10,2,3,1
16900,516,3,acyclic,0,0,0,0,10,10,1,2,1
16900,16384,3,acyclic,0,0,0,0,10,10,2,3,1
16900,16388,3,acyclic,0,0,0,0,10,10,1,2,1
16900,16896,3,acyclic,0,0,0,0,10,10,1,2,1
16900,16900,3,acyclic,0,0,0,0,10,10,0,0,1
33284,0,3,acyclic,0,0,0,0,10,10,3,5,1
33284,4,3,acyclic,0,0,0,0,10,10,2,5,1
33284,512,3,acyclic,0,0,0,0,10,10,2,5,1
33284,516,3,acyclic,0,0,0,0,10,10,1,5,1
33284,32768,3,acyclic,0,0,0,0,10,10,2,3,1
33284,32772,3,acyclic,0,0,0,0,10,10,1,2,1
33284,33280,3,acyclic,0,0,0,0,10,10,1,2,1
33284,33284,3,acyclic,0,0,0,0,10,10,0,0,1
66052,0,3,acyclic,0,0,0,0,10,10,3,5,1
66052,4,3,acyclic,0,0,0,0,10,10,2,5,1
66052,512,3,acyclic,0,0,0,0,10,10,2,4,1
66052,516,3,acyclic,0,0,0,0,10,10,1,4,1
66052,65536,3,acyclic,0,0,0,0,10,10,2,3,1
66052,65540,3,acyclic,0,0,0,0,10,10,1,2,1
66052,66048,3,acyclic,0,0,0,0,10,10,1,2,1
66052,66052,3,acyclic,0,0,0,0,10,10,0,0,1
131588,0,3,acyclic,0,0,0,0,9,8,3,4,1
131588,4,3,acyclic,0,0,0,0,9,8,2,3,1
131588,512,3,acyclic,0,0,0,0,9,8,2,3,1
131588,516,3,acyclic,0,0,0,0,9,8,1,1,1
131588,131072,3,acyclic,0,0,0,0,9,8,2,3,1
131588,131076,3,acyclic,0,0,0,0,9,8,1,2,1
131588,131584,3,acyclic,0,0,0,0,9,8,1,2,1
131588,131588,3,acyclic,0,0,0,0,9,8,0,0,1
262660,0,3,acyclic,1,0,0,0,8,8,3,4,1
262660,4,3,acyclic,1,0,0,0,8,8,2,4,1
262660,512,3,acyclic,1,0,0,0,8,8,2,4,1
262660,516,3,acyclic,1,0,0,0,8,8,1,4,1
262660,262144,3,acyclic,1,0,0,0,8,8,2,3,1
262660,262148,3,acyclic,1,0,0,0,8,8,1,2,1
262660,262656,3,acyclic,1,1,1,1,8,8,1,2,1
262660,262660,3,acyclic,1,1,1,1,8,8,0,0,1
524804,0,3,acyclic,0,0,0,0,8,8,3,4,1
524804,4,3,acyclic,0,0,0,0,8,8,2,4,1
524804,512,3,acyclic,0,0,0,0,8,8,2,3,1
524804,516,3,acyclic,0,0,0,0,8,8,1,3,1
524804,524288,3,acyclic,0,0,0,0,8,8,2,3,1
524804,524292,3,acyclic,0,0,0,0,8,8,1,2,1
524804,524800,3,acyclic,0,0,0,0,8,8,1,2,1
524804,524804,3,acyclic,0,0,0,0,8,8,0,0,1
3076,0,3,acyclic,0,0,0,0,10,12,3,5,1
3076,4,3,acyclic,0,0,0,0,10,12,2,5,1
3076,1024,3,acyclic,0,0,0,0,10,12,2,4,1
3076,1028,3,acyclic,0,0,0,0,10,12,1,4,1
3076,2048,3,acyclic,0,0,0,0,10,12,2,3,1
3076,2052,3,acyclic,0,0,0,0,10,12,1,2,1
3076,3072,3,acyclic,0,0,0,0,10,12,1,2,1
3076,3076,3,acyclic,0,0,0,0,10,12,0,0,1
5124,0,3,acyclic,0,0,0,0,10,11,3,5,1
5124,4,3,acyclic,0,0,0,0,10,11,2,4,1
5124,1024,3,acyclic,0,0,0,0,10,11,2,5,1
5124,1028,3,acyclic,0,0,0,0,10,11,1,4,1
5124,4096,3,acyclic,0,0,0,0,10,11,2,3,1
5124,4100,3,acyclic,0,0,0,0,10,11,1,2,1
5124,5120,3,acyclic,0,0,0,0,10,11,1,2,1
5124,5124,3,acyclic,0,0,0,0,10,11,0,0,1
9220,0,3,acyclic,0,0,0,0,10,11,3,5,1
9220,4,3,acyclic,0,0,0,0,10,11,2,5,1
9220,1024,3,acyclic,0,0,0,0,10,11,2,4,1
9220,1028,3,acyclic,0,0,0,0,10,11,1,4,1
9220,8192,3,acyclic,0,0,0,0,10,11,2,3,1
9220,8196,3,acyclic,0,0,0,0,10,11,1,2,1
9220,9216,3,acyclic,0,0,0,0,10,11,1,2,1
9220,9220,3,acyclic,0,0,0,0,10,11,0,0,1
17412,0,3,acyclic,0,0,0,0,10,11,3,4,1
17412,4,3,acyclic,0,0,0,0,10,11,2,3,1
17412,1024,3,acyclic,0,0,0,0,10,11,2,3,1
17412,1028,3,acyclic,0,0,0,0,10,11,1,2,1
17412,16384,3,acyclic,0,0,0,0,10,11,2,3,1
17412,16388,3,acyclic,0,0,0,0,10,11,1,2,1
17412,17408,3,acyclic,0,0,0,0,10,11,1,2,1
17412,17412,3,acyclic,0,0,0,0,10,11,0,0,1
33796,0,3,acyclic,0,0,0,0,10,11,3,5,1
33796,4,3,acyclic,0,0,0,0,10,11,2,5,1
33796,1024,3,acyclic,0,0,0,0,10,11,2,5,1
33796,1028,3,acyclic,0,0,0,0,10,11,1,5,1
33796,32768,3,acyclic,0,0,0,0,10,11,2,3,1
33796,32772,3,acyclic,0,0,0,0,10,11,1,2,1
33796,33792,3,acyclic,0,0,0,0,10,11,1,2,1
33796,33796,3,acyclic,0,0,0,0,10,11,0,0,1
66564,0,3,acyclic,0,0,0,0,10,11,3,5,1
66564,4,3,acyclic,0,0,0,0,10,11,2,5,1
66564,1024,3,acyclic,0,0,0,0,10,11,2,4,1
66564,1028,3,acyclic,0,0,0,0,10,11,1,4,1
66564,65536,3,acyclic,0,0,0,0,10,11,2,3,1
66564,65540,3,acyclic,0,0,0,0,10,11,1,2,1
66564,66560,3,acyclic,0,0,0,0,10,11,1,2,1
66564,66564,3,acyclic,0,0,0,0,10,11,0,0,1
132100,0,3,acyclic,0,0,0,0,9,9,3,4,1
132100,4,3,acyclic,0,0,0,0,9,9,2,3,1
132100,1024,3,acyclic,0,0,0,0,9,9,2,4,1
132100,1028,3,acyclic,0,0,0,0,9,9,1,3,1
132100,131072,3,acyclic,0,0,0,0,9,9,2,3,1
132100,131076,3,acyclic,0,0,0,0,9,9,1,2,1
132100,132096,3,acyclic,0,0,0,0,9,9,1,2,1
132100,132100,3,acyclic,0,0,0,0,9,9,0,0,1
263172,0,3,acyclic,0,0,0,0,9,9,3,4,1
263172,4,3,acyclic,0,0,0,0,9,9,2,4,1
263172,1024,3,acyclic,0,0,0,0,9,9,2,4,1
263172,1028,3,acyclic,0,0,0,0,9,9,1,4,1
263172,262144,3,acyclic,0,0,0,0,9,9,2,3,1
263172,262148,3,acyclic,0,0,0,0,9,9,1,2,1
263172,263168,3,acyclic,0,0,0,0,9,9,1,2,1
263172,263172,3,acyclic,0,0,0,0,9,9,0,0,1
525316,0,3,acyclic,0,0,0,0,9,9,3,4,1
525316,4,3,acyclic,0,0,0,0,9,9,2,4,1
525316,1024,3,acyclic,0,0,0,0,9,9,2,3,1
525316,1028,3,acyclic,0,0,0,0,9,9,1,3,1
525316,524288,3,acyclic,0,0,0,0,9,9,2,3,1
525316,524292,3,acyclic,0,0,0,0,9,9,1,2,1
525316,525312,3,acyclic,0,0,0,0,9,9,1,2,1
525316,525316,3,acyclic,0,0,0,0,9,9,0,0,1
6148,0,3,acyclic,0,0,0,0,10,11,3,6,1
6148,4,3,acyclic,0,0,0,0,10,11,2,6,1
6148,2048,3,acyclic,0,0,0,0,10,11,2,6,1
6148,2052,3,acyclic,0,0,0,0,10,11,1,6,1
6148,4096,3,acyclic,0,0,0,0,10,11,2,4,1
6148,4100,3,acyclic,0,0,0,0,10,11,1,4,1
6148,6144,3,acyclic,0,0,0,0,10,11,1,2,1
6148,6148,3,acyclic,0,0,0,0,10,11,0,0,1
10244,0,3,acyclic,0,0,0,0,10,11,3,5,1
10244,4,3,acyclic,0,0,0,0,10,11,2,5,1
10244,2048,3,acyclic,0,0,0,0,10,11,2,4,1
10244,2052,3,acyclic,0,0,0,0,10,11,1,4,1
10244,8192,3,acyclic,0,0,0,0,10,11,2,4,1
10244,8196,3,acyclic,0,0,0,0,10,11,1,4,1
10244,10240,3,acyclic,0,0,0,0,10,11,1,2,1
10244,10244,3,acyclic,0,0,0,0,10,11,0,0,1
18436,0,3,acyclic,0,0,0,0,10,11,3,5,1
18436,4,3,acyclic,0,0,0,0,10,11,2,5,1
18436,2048,3,acyclic,0,0,0,0,10,11,2,3,1
18436,2052,3,acyclic,0,0,0,0,10,11,1,2,1
18436,16384,3,acyclic,0,0,0,0,10,11,2,4,1
18436,16388,3,acyclic,0,0,0,0,10,11,1,4,1
18436,18432,3,acyclic,0,0,0,0,10,11,1,2,1
18436,18436,3,acyclic,0,0,0,0,10,11,0,0,1
34820,0,3,acyclic,0,0,0,0,10,11,3,6,1
34820,4,3,acyclic,0,0,0,0,10,11,2,6,1
34820,2048,3,acyclic,0,0,0,0,10,11,2,6,1
34820,2052,3,acyclic,0,0,0,0,10,11,1,6,1
34820,32768,3,acyclic,0,0,0,0,10,11,2,4,1
34820,32772,3,acyclic,0,0,0,0,10,11,1,4,1
34820,34816,3,acyclic,0,0,0,0,10,11,1,2,1
34820,34820,3,acyclic,0,0,0,0,10,11,0,0,1
67588,0,3,acyclic,0,0,0,0,10,11,3,5,1
67588,4,3,acyclic,0,0,0,0,10,11,2,5,1
67588,2048,3,acyclic,0,0,0,0,10,11,2,4,1
67588,2052,3,acyclic,0,0,0,0,10,11,1,4,1
67588,65536,3,acyclic,0,0,0,0,10,11,2,4,1
67588,65540,3,acyclic,0,0,0,0,10,11,1,4,1
67588,67584,3,acyclic,0,0,0,0,10,11,1,2,1
67588,67588,3,acyclic,0,0,0,0,10,11,0,0,1
133124,0,3,acyclic,0,0,0,0,9,9,3,5,1
133124,4,3,acyclic,0,0,0,0,9,9,2,5,1
133124,2048,3,acyclic,0,0,0,0,9,9,2,5,1
133124,2052,3,acyclic,0,0,0,0,9,9,1,5,1
133124,131072,3,acyclic,0,0,0,0,9,9,2,4,1
133124,131076,3,acyclic,0,0,0,0,9,9,1,4,1
133124,133120,3,acyclic,0,0,0,0,9,9,1,2,1
133124,133124,3,acyclic,0,0,0,0,9,9,0,0,1
264196,0,3,acyclic,0,0,0,0,9,9,3,5,1
264196,4,3,acyclic,0,0,0,0,9,9,2,5,1
264196,2048,3,acyclic,0,0,0,0,9,9,2,5,1
264196,2052,3,acyclic,0,0,0,0,9,9,1,5,1
264196,262144,3,acyclic,0,0,0,0,9,9,2,4,1
264196,262148,3,acyclic,0,0,0,0,9,9,1,4,1
264196,264192,3,acyclic,0,0,0,0,9,9,1,2,1
264196,264196,3,acyclic,0,0,0,0,9,9,0,0,1
526340,0,3,acyclic,0,0,0,0,9,9,3,4,1
526340,4,3,acyclic,0,0,0,0,9,9,2,4,1
526340,2048,3,acyclic,0,0,0,0,9,9,2,3,1
526340,2052,3,acyclic,0,0,0,0,9,9,1,3,1
526340,524288,3,acyclic,0,0,0,0,9,9,2,4,1
526340,524292,3,acyclic,0,0,0,0,9,9,1,4,1
526340,526336,3,acyclic,0,0,0,0,9,9,1,2,1
526340,526340,3,acyclic,0,0,0,0,9,9,0,0,1
12292,0,3,acyclic,0,0,0,0,10,10,3,6,1
12292,4,3,acyclic,0,0,0,0,10,10,2,6,1
12292,4096,3,acyclic,0,0,0,0,10,10,2,4,1
12292,4100,3,acyclic,0,0,0,0,10,10,1,4,1
12292,8192,3,acyclic,0,0,0,0,10,10,2,4,1
12292,8196,3,acyclic,0,0,0,0,10,10,1,2,1
12292,12288,3,acyclic,0,0,0,0,10,10,1,2,1
12292,12292,3,acyclic,0,0,0,0,10,10,0,0,1
20484,0,3,acyclic,0,0,0,0,10,10,3,5,1
20484,4,3,acyclic,0,0,0,0,10,10,2,4,1
20484,4096,3,acyclic,0,0,0,0,10,10,2,3,1
20484,4100,3,acyclic,0,0,0,0,10,10,1,2,1
20484,16384,3,acyclic,0,0,0,0,10,10,2,5,1
20484,16388,3,acyclic,0,0,0,0,10,10,1,4,1
20484,20480,3,acyclic,0,0,0,0,10,10,1,2,1
20484,20484,3,acyclic,0,0,0,0,10,10,0,0,1
36868,0,3,layered,0,0,0,0,23,31,3,14,1
36868,4,3,layered,0,0,0,0,23,31,2,14,1
36868,4096,3,layered,0,0,0,0,23,31,2,12,1
36868,4100,3,layered,0,0,0,0,23,31,1,12,1
36868,32768,3,layered,0,0,0,0,23,31,2,12,1
36868,32772,3,layered,0,0,0,0,23,31,1,12,1
36868,36864,3,layered,0,0,0,0,23,31,1,2,1
36868,36868,3,layered,0,0,0,0,23,31,0,0,1
69636,0,3,acyclic,0,0,0,0,10,10,3,6,1
69636,4,3,acyclic,0,0,0,0,10,10,2,6,1
69636,4096,3,acyclic,0,0,0,0,10,10,2,4,1
69636,4100,3,acyclic,0,0,0,0,10,10,1,4,1
69636,65536,3,acyclic,0,0,0,0,10,10,2,6,1
69636,65540,3,acyclic,0,0,0,0,10,10,1,6,1
69636,69632,3,acyclic,0,0,0,0,10,10,1,2,1
69636,69636,3,acyclic,0,0,0,0,10,10,0,0,1
135172,0,3,acyclic,0,0,0,0,9,8,3,4,1
135172,4,3,acyclic,0,0,0,0,9,8,2,2,1
135172,4096,3,acyclic,0,0,0,0,9,8,2,3,1
135172,4100,3,acyclic,0,0,0,0,9,8,1,1,1
135172,131072,3,acyclic,0,0,0,0,9,8,2,4,1
135172,131076,3,acyclic,0,0,0,0,9,8,1,2,1
135172,135168,3,acyclic,0,0,0,0,9,8,1,2,1
135172,135172,3,acyclic,0,0,0,0,9,8,0,0,1
266244,0,3,acyclic,0,0,0,0,9,8,3,5,1
266244,4,3,acyclic,0,0,0,0,9,8,2,5,1
266244,4096,3,acyclic,0,0,0,0,9,8,2,5,1
266244,4100,3,acyclic,0,0,0,0,9,8,1,5,1
266244,262144,3,acyclic,0,0,0,0,9,8,2,4,1
266244,262148,3,acyclic,0,0,0,0,9,8,1,2,1
266244,266240,3,acyclic,0,0,0,0,9,8,1,2,1
266244,266244,3,acyclic,0,0,0,0,9,8,0,0,1
528388,0,3,acyclic,0,0,0,0,9,8,3,5,1
528388,4,3,acyclic,0,0,0,0,9,8,2,5,1
528388,4096,3,acyclic,0,0,0,0,9,8,2,3,1
528388,4100,3,acyclic,0,0,0,0,9,8,1,3,1
528388,524288,3,acyclic,0,0,0,0,9,8,2,4,1
528388,524292,3,acyclic,0,0,0,0,9,8,1,2,1
528388,528384,3,acyclic,0,0,0,0,9,8,1,2,1
528388,528388,3,acyclic,0,0,0,0,9,8,0,0,1
24580,0,3,acyclic,0,0,0,0,10,10,3,5,1
24580,4,3,acyclic,0,0,0,0,10,10,2,5,1
24580,8192,3,acyclic,0,0,0,0,10,10,2,3,1
24580,8196,3,acyclic,0,0,0,0,10,10,1,2,1
24580,16384,3,acyclic,0,0,0,0,10,10,2,4,1
24580,16388,3,acyclic,0,0,0,0,10,10,1,4,1
24580,24576,3,acyclic,0,0,0,0,10,10,1,2,1
24580,24580,3,acyclic,0,0,0,0,10,10,0,0,1
40964,0,3,acyclic,0,0,0,0,10,10,3,6,1
40964,4,3,acyclic,0,0,0,0,10,10,2,6,1
40964,8192,3,acyclic,0,0,0,0,10,10,2,6,1
40964,8196,3,acyclic,0,0,0,0,10,10,1,6,1
40964,32768,3,acyclic,0,0,0,0,10,10,2,4,1
40964,32772,3,acyclic,0,0,0,0,10,10,1,4,1
40964,40960,3,acyclic,0,0,0,0,10,10,1,2,1
40964,40964,3,acyclic,0,0,0,0,10,10,0,0,1
73732,0,3,acyclic,0,0,0,0,10,10,3,5,1
73732,4,3,acyclic,0,0,0,0,10,10,2,5,1
73732,8192,3,acyclic,0,0,0,0,10,10,2,4,1
73732,8196,3,acyclic,0,0,0,0,10,10,1,4,1
73732,65536,3,acyclic,0,0,0,0,10,10,2,4,1
73732,65540,3,acyclic,0,0,0,0,10,10,1,4,1
73732,73728,3,acyclic,0,0,0,0,10,10,1,2,1
73732,73732,3,acyclic,0,0,0,0,10,10,0,0,1
139268,0,3,acyclic,0,0,0,0,9,8,3,5,1
139268,4,3,acyclic,0,0,0,0,9,8,2,5,1
139268,8192,3,acyclic,0,0,0,0,9,8,2,3,1
139268,8196,3,acyclic,0,0,0,0,9,8,1,1,1
139268,131072,3,acyclic,0,0,0,0,9,8,2,4,1
139268,131076,3,acyclic,0,0,0,0,9,8,1,4,1
139268,139264,3,acyclic,0,0,0,0,9,8,1,2,1
139268,139268,3,acyclic,0,0,0,0,9,8,0,0,1
270340,0,3,acyclic,1,0,0,0,8,8,3,5,1
270340,4,3,acyclic,1,0,0,0,8,8,2,5,1
270340,8192,3,acyclic,1,0,0,0,8,8,2,5,1
270340,8196,3,acyclic,1,0,0,0,8,8,1,5,1
270340,262144,3,acyclic,1,0,0,0,8,8,2,4,1
270340,262148,3,acyclic,1,0,0,0,8,8,1,4,1
270340,270336,3,acyclic,1,0,0,0,8,8,1,2,1
270340,270340,3,acyclic,1,1,1,1,8,8,0,0,1
532484,0,3,acyclic,0,0,0,0,8,8,3,4,1
532484,4,3,acyclic,0,0,0,0,8,8,2,4,1
532484,8192,3,acyclic,0,0,0,0,8,8,2,3,1
532484,8196,3,acyclic,0,0,0,0,8,8,1,3,1
532484,524288,3,acyclic,0,0,0,0,8,8,2,4,1
532484,524292,3,acyclic,0,0,0,0,8,8,1,4,1
532484,532480,3,acyclic,0,0,0,0,8,8,1,2,1
532484,532484,3,acyclic,0,0,0,0,8,8,0,0,1
49156,0,3,acyclic,0,0,0,0,10,10,3,5,1
49156,4,3,acyclic,0,0,0,0,10,10,2,5,1
49156,16384,3,acyclic,0,0,0,0,10,10,2,4,1
49156,16388,3,acyclic,0,0,0,0,10,10,1,4,1
49156,32768,3,acyclic,0,0,0,0,10,10,2,3,1
49156,32772,3,acyclic,0,0,0,0,10,10,1,2,1
49156,49152,3,acyclic,0,0,0,0,10,10,1,2,1
49156,49156,3,acyclic,0,0,0,0,10,10,0,0,1
81924,0,3,acyclic,0,0,0,0,10,10,3,5,1
81924,4,3,acyclic,0,0,0,0,10,10,2,5,1
81924,16384,3,acyclic,0,0,0,0,10,10,2,4,1
81924,16388,3,acyclic,0,0,0,0,10,10,1,4,1
81924,65536,3,acyclic,0,0,0,0,10,10,2,3,1
81924,65540,3,acyclic,0,0,0,0,10,10,1,2,1
81924,81920,3,acyclic,0,0,0,0,10,10,1,2,1
81924,81924,3,acyclic,0,0,0,0,10,10,0,0,1
147460,0,3,acyclic,1,0,0,0,9,8,3,4,1
147460,4,3,acyclic,1,0,0,0,9,8,2,3,1
147460,16384,3,acyclic,1,0,0,0,9,8,2,4,1
147460,16388,3,acyclic,1,0,0,0,9,8,1,3,1
147460,131072,3,acyclic,1,0,0,0,9,8,2,3,1
147460,131076,3,acyclic,1,0,0,0,9,8,1,2,1
147460,147456,3,acyclic,1,1,1,1,9,8,1,2,1
147460,147460,3,acyclic,1,1,1,1,9,8,0,0,1
278532,0,3,acyclic,0,0,0,0,9,8,3,4,1
278532,4,3,acyclic,0,0,0,0,9,8,2,4,1
278532,16384,3,acyclic,0,0,0,0,9,8,2,3,1
278532,16388,3,acyclic,0,0,0,0,9,8,1,3,1
278532,262144,3,acyclic,0,0,0,0,9,8,2,3,1
278532,262148,3,acyclic,0,0,0,0,9,8,1,2,1
278532,278528,3,acyclic,0,0,0,0,9,8,1,2,1
278532,278532,3,acyclic,0,0,0,0,9,8,0,0,1
540676,0,3,acyclic,0,0,0,0,9,8,3,4,1
540676,4,3,acyclic,0,0,0,0,9,8,2,4,1
540676,16384,3,acyclic,0,0,0,0,9,8,2,3,1
540676,16388,3,acyclic,0,0,0,0,9,8,1,3,1
540676,524288,3,acyclic,0,0,0,0,9,8,2,3,1
540676,524292,3,acyclic,0,0,0,0,9,8,1,2,1
540676,540672,3,acyclic,0,0,0,0,9,8,1,2,1
540676,540676,3,acyclic,0,0,0,0,9,8,0,0,1
98308,0,3,acyclic,0,0,0,0,10,10,3,6,1
98308,4,3,acyclic,0,0,0,0,10,10,2,6,1
98308,32768,3,acyclic,0,0,0,0,10,10,2,4,1
98308,32772,3,acyclic,0,0,0,0,10,10,1,4,1
98308,65536,3,acyclic,0,0,0,0,10,10,2,4,1
98308,65540,3,acyclic,0,0,0,0,10,10,1,4,1
98308,98304,3,acyclic,0,0,0,0,10,10,1,2,1
98308,98308,3,acyclic,0,0,0,0,10,10,0,0,1
163844,0,3,acyclic,0,0,0,0,9,8,3,5,1
163844,4,3,acyclic,0,0,0,0,9,8,2,5,1
163844,32768,3,acyclic,0,0,0,0,9,8,2,5,1
163844,32772,3,acyclic,0,0,0,0,9,8,1,5,1
163844,131072,3,acyclic,0,0,0,0,9,8,2,4,1
163844,131076,3,acyclic,0,0,0,0,9,8,1,4,1
163844,163840,3,acyclic,0,0,0,0,9,8,1,2,1
163844,163844,3,acyclic,0,0,0,0,9,8,0,0,1
294916,0,3,acyclic,0,0,0,0,9,8,3,4,1
294916,4,3,acyclic,0,0,0,0,9,8,2,4,1
294916,32768,3,acyclic,0,0,0,0,9,8,2,3,1
294916,32772,3,acyclic,0,0,0,0,9,8,1,3,1
294916,262144,3,acyclic,0,0,0,0,9,8,2,4,1
294916,262148,3,acyclic,0,0,0,0,9,8,1,4,1
294916,294912,3,acyclic,0,0,0,0,9,8,1,2,1
294916,294916,3,acyclic,0,0,0,0,9,8,0,0,1
557060,0,3,acyclic,0,0,0,0,9,8,3,5,1
557060,4,3,acyclic,0,0,0,0,9,8,2,5,1
557060,32768,3,acyclic,0,0,0,0,9,8,2,3,1
557060,32772,3,acyclic,0,0,0,0,9,8,1,3,1
557060,524288,3,acyclic,0,0,0,0,9,8,2,4,1
557060,524292,3,acyclic,0,0,0,0,9,8,1,4,1
557060,557056,3,acyclic,0,0,0,0,9,8,1,2,1
557060,557060,3,acyclic,0,0,0,0,9,8,0,0,1
196612,0,3,acyclic,0,0,0,0,9,8,3,5,1
196612,4,3,acyclic,0,0,0,0,9,8,2,5,1
196612,65536,3,acyclic,0,0,0,0,9,8,2,5,1
196612,65540,3,acyclic,0,0,0,0,9,8,1,5,1
196612,131072,3,acyclic,0,0,0,0,9,8,2,4,1
196612,131076,3,acyclic,0,0,0,0,9,8,1,4,1
196612,196608,3,acyclic,0,0,0,0,9,8,1,2,1
196612,196612,3,acyclic,0,0,0,0,9,8,0,0,1
327684,0,3,acyclic,0,0,0,0,9,8,3,5,1
327684,4,3,acyclic,0,0,0,0,9,8,2,5,1
327684,65536,3,acyclic,0,0,0,0,9,8,2,3,1
327684,65540,3,acyclic,0,0,0,0,9,8,1,3,1
327684,262144,3,acyclic,0,0,0,0,9,8,2,4,1
327684,262148,3,acyclic,0,0,0,0,9,8,1,4,1
327684,327680,3,acyclic,0,0,0,0,9,8,1,2,1
327684,327684,3,acyclic,0,0,0,0,9,8,0,0,1
589828,0,3,acyclic,0,0,0,0,9,8,3,4,1
589828,4,3,acyclic,0,0,0,0,9,8,2,4,1
589828,65536,3,acyclic,0,0,0,0,9,8,2,3,1
589828,65540,3,acyclic,0,0,0,0,9,8,1,3,1
589828,524288,3,acyclic,0,0,0,0,9,8,2,4,1
589828,524292,3,acyclic,0,0,0,0,9,8,1,4,1
589828,589824,3,acyclic,0,0,0,0,9,8,1,2,1
589828,589828,3,acyclic,0,0,0,0,9,8,0,0,1
393220,0,3,acyclic,0,0,0,0,8,6,3,4,1
393220,4,3,acyclic,0,0,0,0,8,6,2,4,1
393220,131072,3,acyclic,0,0,0,0,8,6,2,3,1
393220,131076,3,acyclic,0,0,0,0,8,6,1,3,1
393220,262144,3,acyclic,0,0,0,0,8,6,2,3,1
393220,262148,3,acyclic,0,0,0,0,8,6,1,1,1
393220,393216,3,acyclic,0,0,0,0,8,6,1,2,1
393220,393220,3,acyclic,0,0,0,0,8,6,0,0,1
655364,0,3,acyclic,0,0,0,0,8,6,3,4,1
655364,4,3,acyclic,0,0,0,0,8,6,2,4,1
655364,131072,3,acyclic,0,0,0,0,8,6,2,3,1
655364,131076,3,acyclic,0,0,0,0,8,6,1,3,1
655364,524288,3,acyclic,0,0,0,0,8,6,2,3,1
655364,524292,3,acyclic,0,0,0,0,8,6,1,1,1
655364,655360,3,acyclic,0,0,0,0,8,6,1,2,1
655364,655364,3,acyclic,0,0,0,0,8,6,0,0,1
786436,0,3,acyclic,1,0,0,0,7,6,3,4,1
786436,4,3,acyclic,1,0,0,0,7,6,2,4,1
786436,262144,3,acyclic,1,0,0,0,7,6,2,3,1
786436,262148,3,acyclic,1,0,0,0,7,6,1,3,1
786436,524288,3,acyclic,1,0,0,0,7,6,2,3,1
786436,524292,3,acyclic,1,0,0,0,7,6,1,3,1
786436,786432,3,acyclic,1,0,0,0,7,6,1,2,1
786436,786436,3,acyclic,1,1,1,1,7,6,0,0,1
56,0,3,acyclic,0,0,0,0,10,13,3,5,1
56,8,3,acyclic,0,0,0,0,10,13,2,5,1
56,16,3,acyclic,0,0,0,0,10,13,2,3,1
56,24,3,acyclic,0,0,0,0,10,13,1,2,1
56,32,3,acyclic,0,0,0,0,10,13,2,5,1
56,40,3,acyclic,0,0,0,0,10,13,1,5,1
56,48,3,acyclic,0,0,0,0,10,13,1,2,1
56,56,3,acyclic,0,0,0,0,10,13,0,0,1
88,0,3,layered,0,0,0,0,23,38,3,14,1
88,8,3,layered,0,0,0,0,23,38,2,14,1
88,16,3,layered,0,0,0,0,23,38,2,12,1
88,24,3,layered,0,0,0,0,23,38,1,12,1
88,64,3,layered,0,0,0,0,23,38,2,12,1
88,72,3,layered,0,0,0,0,23,38,1,12,1
88,80,3,layered,0,0,0,0,23,38,1,2,1
88,88,3,layered,0,0,0,0,23,38,0,0,1
152,0,3,acyclic,0,0,0,0,10,12,3,5,1
152,8,3,acyclic,0,0,0,0,10,12,2,5,1
152,16,3,acyclic,0,0,0,0,10,12,2,4,1
152,24,3,acyclic,0,0,0,0,10,12,1,4,1
152,128,3,acyclic,0,0,0,0,10,12,2,4,1
152,136,3,acyclic,0,0,0,0,10,12,1,4,1
152,144,3,acyclic,0,0,0,0,10,12,1,2,1
152,152,3,acyclic,0,0,0,0,10,12,0,0,1
280,0,3,acyclic,0,0,0,0,10,12,3,6,1
280,8,3,acyclic,0,0,0,0,10,12,2,6,1
280,16,3,acyclic,0,0,0,0,10,12,2,6,1
280,24,3,acyclic,0,0,0,0,10,12,1,6,1
280,256,3,acyclic,0,0,0,0,10,12,2,4,1
280,264,3,acyclic,0,0,0,0,10,12,1,4,1
280,272,3,acyclic,0,0,0,0,10,12,1,2,1
280,280,3,acyclic,0,0,0,0,10,12,0,0,1
536,0,3,acyclic,0,0,0,0,10,12,3,5,1
536,8,3,acyclic,0,0,0,0,10,12,2,5,1
536,16,3,acyclic,0,0,0,0,10,12,2,3,1
536,24,3,acyclic,0,0,0,0,10,12,1,2,1
536,512,3,acyclic,0,0,0,0,10,12,2,4,1
536,520,3,acyclic,0,0,0,0,10,12,1,4,1
536,528,3,acyclic,0,0,0,0,10,12,1,2,1
536,536,3,acyclic,0,0,0,0,10,12,0,0,1
1048,0,3,acyclic,0,0,0,0,10,13,3,5,1
1048,8,3,acyclic,0,0,0,0,10,13,2,5,1
1048,16,3,acyclic,0,0,0,0,10,13,2,3,1
1048,24,3,acyclic,0,0,0,0,10,13,1,2,1
1048,1024,3,acyclic,0,0,0,0,10,13,2,5,1
1048,1032,3,acyclic,0,0,0,0,10,13,1,5,1
1048,1040,3,acyclic,0,0,0,0,10,13,1,2,1
1048,1048,3,acyclic,0,0,0,0,10,13,0,0,1
2072,0,3,layered,0,0,0,0,23,38,3,14,1
2072,8,3,layered,0,0,0,0,23,38,2,14,1
2072,16,3,layered,0,0,0,0,23,38,2,12,1
2072,24,3,layered,0,0,0,0,23,38,1,12,1
2072,2048,3,layered,0,0,0,0,23,38,2,12,1
2072,2056,3,layered,0,0,0,0,23,38,1,12,1
2072,2064,3,layered,0,0,0,0,23,38,1,2,1
2072,2072,3,layered,0,0,0,0,23,38,0,0,1
4120,0,3,acyclic,0,0,0,0,10,12,3,5,1
4120,8,3,acyclic,0,0,0,0,10,12,2,5,1
4120,16,3,acyclic,0,0,0,0,10,12,2,4,1
4120,24,3,acyclic,0,0,0,0,10,12,1,4,1
4120,4096,3,acyclic,0,0,0,0,10,12,2,4,1
4120,4104,3,acyclic,0,0,0,0,10,12,1,4,1
4120,4112,3,acyclic,0,0,0,0,10,12,1,2,1
4120,4120,3,acyclic,0,0,0,0,10,12,0,0,1
8216,0,3,acyclic,0,0,0,0,10,12,3,6,1
8216,8,3,acyclic,0,0,0,0,10,12,2,6,1
8216,16,3,acyclic,0,0,0,0,10,12,2,6,1
8216,24,3,acyclic,0,0,0,0,10,12,1,6,1
8216,8192,3,acyclic,0,0,0,0,10,12,2,4,1
8216,8200,3,acyclic,0,0,0,0,10,12,1,4,1
8216,8208,3,acyclic,0,0,0,0,10,12,1,2,1
8216,8216,3,acyclic,0,0,0,0,10,12,0,0,1
16408,0,3,acyclic,0,0,0,0,10,12,3,5,1
16408,8,3,acyclic,0,0,0,0,10,12,2,5,1
16408,16,3,acyclic,0,0,0,0,10,12,2,3,1
16408,24,3,acyclic,0,0,0,0,10,12,1,2,1
16408,16384,3,acyclic,0,0,0,0,10,12,2,5,1
16408,16392,3,acyclic,0,0,0,0,10,12,1,5,1
16408,16400,3,acyclic,0,0,0,0,10,12,1,2,1
16408,16408,3,acyclic,0,0,0,0,10,12,0,0,1
32792,0,3,layered,0,0,0,0,23,35,3,14,1
32792,8,3,layered,0,0,0,0,23,35,2,14,1
32792,16,3,layered,0,0,0,0,23,35,2,12,1
32792,24,3,layered,0,0,0,0,23,35,1,12,1
32792,32768,3,layered,0,0,0,0,23,35,2,12,1
32792,32776,3,layered,0,0,0,0,23,35,1,12,1
32792,32784,3,layered,0,0,0,0,23,35,1,2,1
32792,32792,3,layered,0,0,0,0,23,35,0,0,1
65560,0,3,layered,0,0,0,0,23,35,3,14,1
65560,8,3,layered,0,0,0,0,23,35,2,14,1
65560,16,3,layered,0,0,0,0,23,35,2,12,1
65560,24,3,layered,0,0,0,0,23,35,1,12,1
65560,65536,3,layered,0,0,0,0,23,35,2,12,1
65560,65544,3,layered,0,0,0,0,23,35,1,12,1
65560,65552,3,layered,0,0,0,0,23,35,1,2,1
65560,65560,3,layered,0,0,0,0,23,35,0,0,1
131096,0,3,acyclic,0,0,0,0,9,10,3,4,1
131096,8,3,acyclic,0,0,0,0,9,10,2,4,1
131096,16,3,acyclic,0,0,0,0,9,10,2,3,1
131096,24,3,acyclic,0,0,0,0,9,10,1,3,1
131096,131072,3,acyclic,0,0,0,0,9,10,2,4,1
131096,131080,3,acyclic,0,0,0,0,9,10,1,4,1
131096,131088,3,acyclic,0,0,0,0,9,10,1,2,1
131096,131096,3,acyclic,0,0,0,0,9,10,0,0,1
262168,0,3,acyclic,0,0,0,0,9,10,3,5,1
262168,8,3,acyclic,0,0,0,0,9,10,2,5,1
262168,16,3,acyclic,0,0,0,0,9,10,2,5,1
262168,24,3,acyclic,0,0,0,0,9,10,1,5,1
262168,262144,3,acyclic,0,0,0,0,9,10,2,4,1
262168,262152,3,acyclic,0,0,0,0,9,10,1,4,1
262168,262160,3,acyclic,0,0,0,0,9,10,1,2,1
262168,262168,3,acyclic,0,0,0,0,9,10,0,0,1
524312,0,3,acyclic,0,0,0,0,9,10,3,5,1
524312,8,3,acyclic,0,0,0,0,9,10,2,5,1
524312,16,3,acyclic,0,0,0,0,9,10,2,5,1
524312,24,3,acyclic,0,0,0,0,9,10,1,5,1
524312,524288,3,acyclic,0,0,0,0,9,10,2,4,1
524312,524296,3,acyclic,0,0,0,0,9,10,1,4,1
524312,524304,3,acyclic,0,0,0,0,9,10,1,2,1
524312,524312,3,acyclic,0,0,0,0,9,10,0,0,1
104,0,3,acyclic,0,0,0,0,10,13,3,5,1
104,8,3,acyclic,0,0,0,0,10,13,2,5,1
104,32,3,acyclic,0,0,0,0,10,13,2,4,1
104,40,3,acyclic,0,0,0,0,10,13,1,4,1
104,64,3,acyclic,0,0,0,0,10,13,2,3,1
104,72,3,acyclic,0,0,0,0,10,13,1,2,1
104,96,3,acyclic,0,0,0,0,10,13,1,2,1
104,104,3,acyclic,0,0,0,0,10,13,0,0,1
168,0,3,acyclic,0,0,0,0,10,12,3,5,1
168,8,3,acyclic,0,0,0,0,10,12,2,5,1
168,32,3,acyclic,0,0,0,0,10,12,2,5,1
168,40,3,acyclic,0,0,0,0,10,12,1,5,1
168,128,3,acyclic,0,0,0,0,10,12,2,3,1
168,136,3,acyclic,0,0,0,0,10,12,1,2,1
168,160,3,acyclic,0,0,0,0,10,12,1,2,1
168,168,3,acyclic,0,0,0,0,10,12,0,0,1
296,0,3,acyclic,0,0,0,0,10,12,3,5,1
296,8,3,acyclic,0,0,0,0,10,12,2,5,1
296,32,3,acyclic,0,0,0,0,10,12,2,4,1
296,40,3,acyclic,0,0,0,0,10,12,1,4,1
296,256,3,acyclic,0,0,0,0,10,12,2,3,1
296,264,3,acyclic,0,0,0,0,10,12,1,2,1
296,288,3,acyclic,0,0,0,0,10,12,1,2,1
296,296,3,acyclic,0,0,0,0,10,12,0,0,1
552,0,3,acyclic,0,0,0,0,10,12,3,4,1
552,8,3,acyclic,0,0,0,0,10,12,2,3,1
552,32,3,acyclic,0,0,0,0,10,12,2,3,1
552,40,3,acyclic,0,0,0,0,10,12,1,2,1
552,512,3,acyclic,0,0,0,0,10,12,2,3,1
552,520,3,acyclic,0,0,0,0,10,12,1,2,1
552,544,3,acyclic,0,0,0,0,10,12,1,2,1
552,552,3,acyclic,0,0,0,0,10,12,0,0,1
1064,0,3,acyclic,0,0,0,0,10,13,3,4,1
1064,8,3,acyclic,0,0,0,0,10,13,2,3,1
1064,32,3,acyclic,0,0,0,0,10,13,2,3,1
1064,40,3,acyclic,0,0,0,0,10,13,1,2,1
1064,1024,3,acyclic,0,0,0,0,10,13,2,3,1
1064,1032,3,acyclic,0,0,0,0,10,13,1,2,1
1064,1056,3,acyclic,0,0,0,0,10,13,1,2,1
1064,1064,3,acyclic,0,0,0,0,10,13,0,0,1
2088,0,3,acyclic,0,0,0,0,10,13,3,5,1
2088,8,3,acyclic,0,0,0,0,10,13,2,5,1
2088,32,3,acyclic,0,0,0,0,10,13,2,5,1
2088,40,3,acyclic,0,0,0,0,10,13,1,5,1
2088,2048,3,acyclic,0,0,0,0,10,13,2,3,1
2088,2056,3,acyclic,0,0,0,0,10,13,1,2,1
2088,2080,3,acyclic,0,0,0,0,10,13,1,2,1
2088,2088,3,acyclic,0,0,0,0,10,13,0,0,1
4136,0,3,acyclic,0,0,0,0,10,12,3,5,1
4136,8,3,acyclic,0,0,0,0,10,12,2,5,1
4136,32,3,acyclic,0,0,0,0,10,12,2,5,1
4136,40,3,acyclic,0,0,0,0,10,12,1,5,1
4136,4096,3,acyclic,0,0,0,0,10,12,2,3,1
4136,4104,3,acyclic,0,0,0,0,10,12,1,2,1
4136,4128,3,acyclic,0,0,0,0,10,12,1,2,1
4136,4136,3,acyclic,0,0,0,0,10,12,0,0,1
8232,0,3,acyclic,0,0,0,0,10,12,3,5,1
8232,8,3,acyclic,0,0,0,0,10,12,2,5,1
8232,32,3,acyclic,0,0,0,0,10,12,2,5,1
8232,40,3,acyclic,0,0,0,0,10,12,1,5,1
8232,8192,3,acyclic,0,0,0,0,10,12,2,3,1
8232,8200,3,acyclic,0,0,0,0,10,12,1,2,1
8232,8224,3,acyclic,0,0,0,0,10,12,1,2,1
8232,8232,3,acyclic,0,0,0,0,10,12,0,0,1
16424,0,3,acyclic,0,0,0,0,10,12,3,4,1
16424,8,3,acyclic,0,0,0,0,10,12,2,3,1
16424,32,3,acyclic,0,0,0,0,10,12,2,3,1
16424,40,3,acyclic,0,0,0,0,10,12,1,2,1
16424,16384,3,acyclic,0,0,0,0,10,12,2,3,1
16424,16392,3,acyclic,0,0,0,0,10,12,1,2,1
16424,16416,3,acyclic,0,0,0,0,10,12,1,2,1
16424,16424,3,acyclic,0,0,0,0,10,12,0,0,1
32808,0,3,acyclic,0,0,0,0,10,12,3,5,1
32808,8,3,acyclic,0,0,0,0,10,12,2,5,1
32808,32,3,acyclic,0,0,0,0,10,12,2,4,1
32808,40,3,acyclic,0,0,0,0,10,12,1,4,1
32808,32768,3,acyclic,0,0,0,0,10,12,2,3,1
32808,32776,3,acyclic,0,0,0,0,10,12,1,2,1
32808,32800,3,acyclic,0,0,0,0,10,12,1,2,1
32808,32808,3,acyclic,0,0,0,0,10,12,0,0,1
65576,0,3,acyclic,0,0,0,0,10,12,3,5,1
65576,8,3,acyclic,0,0,0,0,10,12,2,5,1
65576,32,3,acyclic,0,0,0,0,10,12,2,5,1
65576,40,3,acyclic,0,0,0,0,10,12,1,5,1
65576,65536,3,acyclic,0,0,0,0,10,12,2,3,1
65576,65544,3,acyclic,0,0,0,0,10,12,1,2,1
65576,65568,3,acyclic,0,0,0,0,10,12,1,2,1
65576,65576,3,acyclic,0,0,0,0,10,12,0,0,1
131112,0,3,acyclic,0,0,0,0,9,10,3,4,1
131112,8,3,acyclic,0,0,0,0,9,10,2,4,1
131112,32,3,acyclic,0,0,0,0,9,10,2,4,1
131112,40,3,acyclic,0,0,0,0,9,10,1,4,1
131112,131072,3,acyclic,0,0,0,0,9,10,2,3,1
131112,131080,3,acyclic,0,0,0,0,9,10,1,2,1
131112,131104,3,acyclic,0,0,0,0,9,10,1,2,1
131112,131112,3,acyclic,0,0,0,0,9,10,0,0,1
262184,0,3,acyclic,0,0,0,0,9,10,3,4,1
262184,8,3,acyclic,0,0,0,0,9,10,2,4,1
262184,32,3,acyclic,0,0,0,0,9,10,2,3,1
262184,40,3,acyclic,0,0,0,0,9,10,1,3,1
262184,262144,3,acyclic,0,0,0,0,9,10,2,3,1
262184,262152,3,acyclic,0,0,0,0,9,10,1,2,1
262184,262176,3,acyclic,0,0,0,0,9,10,1,2,1
262184,262184,3,acyclic,0,0,0,0,9,10,0,0,1
524328,0,3,acyclic,0,0,0,0,9,10,3,4,1
524328,8,3,acyclic,0,0,0,0,9,10,2,4,1
524328,32,3,acyclic,0,0,0,0,9,10,2,4,1
524328,40,3,acyclic,0,0,0,0,9,10,1,4,1
524328,524288,3,acyclic,0,0,0,0,9,10,2,3,1
524328,524296,3,acyclic,0,0,0,0,9,10,1,2,1
524328,524320,3,acyclic,0,0,0,0,9,10,1,2,1
524328,524328,3,acyclic,0,0,0,0,9,10,0,0,1
200,0,3,acyclic,0,0,0,0,10,12,3,6,1
200,8,3,acyclic,0,0,0,0,10,12,2,6,1
200,64,3,acyclic,0,0,0,0,10,12,2,6,1
200,72,3,acyclic,0,0,0,0,10,12,1,6,1
200,128,3,acyclic,0,0,0,0,10,12,2,4,1
200,136,3,acyclic,0,0,0,0,10,12,1,4,1
200,192,3,acyclic,0,0,0,0,10,12,1,2,1
200,200,3,acyclic,0,0,0,0,10,12,0,0,1
328,0,3,acyclic,0,0,0,0,10,12,3,5,1
328,8,3,acyclic,0,0,0,0,10,12,2,5,1
328,64,3,acyclic,0,0,0,0,10,12,2,4,1
328,72,3,acyclic,0,0,0,0,10,12,1,4,1
328,256,3,acyclic,0,0,0,0,10,12,2,4,1
328,264,3,acyclic,0,0,0,0,10,12,1,4,1
328,320,3,acyclic,0,0,0,0,10,12,1,2,1
328,328,3,acyclic,0,0,0,0,10,12,0,0,1
584,0,3,acyclic,0,0,0,0,10,12,3,5,1
584,8,3,acyclic,0,0,0,0,10,12,2,5,1
584,64,3,acyclic,0,0,0,0,10,12,2,3,1
584,72,3,acyclic,0,0,0,0,10,12,1,2,1
584,512,3,acyclic,0,0,0,0,10,12,2,5,1
584,520,3,acyclic,0,0,0,0,10,12,1,5,1
584,576,3,acyclic,0,0,0,0,10,12,1,2,1
584,584,3,acyclic,0,0,0,0,10,12,0,0,1
1096,0,3,acyclic,0,0,0,0,10,13,3,5,1
1096,8,3,acyclic,0,0,0,0,10,13,2,5,1
1096,64,3,acyclic,0,0,0,0,10,13,2,3,1
1096,72,3,acyclic,0,0,0,0,10,13,1,2,1
1096,1024,3,acyclic,0,0,0,0,10,13,2,5,1
1096,1032,3,acyclic,0,0,0,0,10,13,1,5,1
1096,1088,3,acyclic,0,0,0,0,10,13,1,2,1
1096,1096,3,acyclic,0,0,0,0,10,13,0,0,1
2120,0,3,layered,0,0,0,0,23,38,3,14,1
2120,8,3,layered,0,0,0,0,23,38,2,14,1
2120,64,3,layered,0,0,0,0,23,38,2,12,1
2120,72,3,layered,0,0,0,0,23,38,1,12,1
2120,2048,3,layered,0,0,0,0,23,38,2,12,1
2120,2056,3,layered,0,0,0,0,23,38,1,12,1
2120,2112,3,layered,0,0,0,0,23,38,1,2,1
2120,2120,3,layered,0,0,0,0,23,38,0,0,1
4168,0,3,layered,0,0,0,0,23,35,3,14,1
4168,8,3,layered,0,0,0,0,23,35,2,14,1
4168,64,3,layered,0,0,0,0,23,35,2,12,1
4168,72,3,layered,0,0,0,0,23,35,1,12,1
4168,4096,3,layered,0,0,0,0,23,35,2,12,1
4168,4104,3,layered,0,0,0,0,23,35,1,12,1
4168,4160,3,layered,0,0,0,0,23,35,1,2,1
4168,4168,3,layered,0,0,0,0,23,35,0,0,1
8264,0,3,layered,0,0,0,0,23,35,3,14,1
8264,8,3,layered,0,0,0,0,23,35,2,14,1
8264,64,3,layered,0,0,0,0,23,35,2,12,1
8264,72,3,layered,0,0,0,0,23,35,1,12,1
8264,8192,3,layered,0,0,0,0,23,35,2,12,1
8264,8200,3,layered,0,0,0,0,23,35,1,12,1
8264,8256,3,layered,0,0,0,0,23,35,1,2,1
8264,8264,3,layered,0,0,0,0,23,35,0,0,1
16456,0,3,acyclic,0,0,0,0,10,12,3,5,1
16456,8,3,acyclic,0,0,0,0,10,12,2,5,1
16456,64,3,acyclic,0,0,0,0,10,12,2,3,1
16456,72,3,acyclic,0,0,0,0,10,12,1,2,1
16456,16384,3,acyclic,0,0,0,0,10,12,2,4,1
16456,16392,3,acyclic,0,0,0,0,10,12,1,4,1
16456,16448,3,acyclic,0,0,0,0,10,12,1,2,1
16456,16456,3,acyclic,0,0,0,0,10,12,0,0,1
32840,0,3,acyclic,0,0,0,0,10,12,3,5,1
32840,8,3,acyclic,0,0,0,0,10,12,2,5,1
32840,64,3,acyclic,0,0,0,0,10,12,2,4,1
32840,72,3,acyclic,0,0,0,0,10,12,1,4,1
32840,32768,3,acyclic,0,0,0,0,10,12,2,4,1
32840,32776,3,acyclic,0,0,0,0,10,12,1,4,1
32840,32832,3,acyclic,0,0,0,0,10,12,1,2,1
32840,32840,3,acyclic,0,0,0,0,10,12,0,0,1
65608,0,3,acyclic,0,0,0,0,10,12,3,6,1
65608,8,3,acyclic,0,0,0,0,10,12,2,6,1
65608,64,3,acyclic,0,0,0,0,10,12,2,6,1
65608,72,3,acyclic,0,0,0,0,10,12,1,6,1
65608,65536,3,acyclic,0,0,0,0,10,12,2,4,1
65608,65544,3,acyclic,0,0,0,0,10,12,1,4,1
65608,65600,3,acyclic,0,0,0,0,10,12,1,2,1
65608,65608,3,acyclic,0,0,0,0,10,12,0,0,1
131144,0,3,acyclic,0,0,0,0,9,10,3,5,1
131144,8,3,acyclic,0,0,0,0,9,10,2,5,1
131144,64,3,acyclic,0,0,0,0,9,10,2,5,1
131144,72,3,acyclic,0,0,0,0,9,10,1,5,1
131144,131072,3,acyclic,0,0,0,0,9,10,2,4,1
131144,131080,3,acyclic,0,0,0,0,9,10,1,4,1
131144,131136,3,acyclic,0,0,0,0,9,10,1,2,1
131144,131144,3,acyclic,0,0,0,0,9,10,0,0,1
262216,0,3,acyclic,0,0,0,0,9,10,3,4,1
262216,8,3,acyclic,0,0,0,0,9,10,2,4,1
262216,64,3,acyclic,0,0,0,0,9,10,2,3,1
262216,72,3,acyclic,0,0,0,0,9,10,1,3,1
262216,262144,3,acyclic,0,0,0,0,9,10,2,4,1
262216,262152,3,acyclic,0,0,0,0,9,10,1,4,1
262216,262208,3,acyclic,0,0,0,0,9,10,1,2,1
262216,262216,3,acyclic,0,0,0,0,9,10,0,0,1
524360,0,3,acyclic,0,0,0,0,9,10,3,5,1
524360,8,3,acyclic,0,0,0,0,9,10,2,5,1
524360,64,3,acyclic,0,0,0,0,9,10,2,5,1
524360,72,3,acyclic,0,0,0,0,9,10,1,5,1
524360,524288,3,acyclic,0,0,0,0,9,10,2,4,1
524360,524296,3,acyclic,0,0,0,0,9,10,1,4,1
524360,524352,3,acyclic,0,0,0,0,9,10,1,2,1
524360,524360,3,acyclic,0,0,0,0,9,10,0,0,1
392,0,3,acyclic,0,0,0,0,10,11,3,6,1
392,8,3,acyclic,0,0,0,0,10,11,2,6,1
392,128,3,acyclic,0,0,0,0,10,11,2,4,1
392,136,3,acyclic,0,0,0,0,10,11,1,4,1
392,256,3,acyclic,0,0,0,0,10,11,2,4,1
392,264,3,acyclic,0,0,0,0,10,11,1,4,1
392,384,3,acyclic,0,0,0,0,10,11,1,2,1
392,392,3,acyclic,0,0,0,0,10,11,0,0,1
648,0,3,acyclic,0,0,0,0,10,11,3,5,1
648,8,3,acyclic,0,0,0,0,10,11,2,5,1
648,128,3,acyclic,0,0,0,0,10,11,2,3,1
648,136,3,acyclic,0,0,0,0,10,11,1,2,1
648,512,3,acyclic,0,0,0,0,10,11,2,4,1
648,520,3,acyclic,0,0,0,0,10,11,1,4,1
648,640,3,acyclic,0,0,0,0,10,11,1,2,1
648,648,3,acyclic,0,0,0,0,10,11,0,0,1
1160,0,3,acyclic,0,0,0,0,10,12,3,5,1
1160,8,3,acyclic,0,0,0,0,10,12,2,5,1
1160,128,3,acyclic,0,0,0,0,10,12,2,3,1
1160,136,3,acyclic,0,0,0,0,10,12,1,2,1
1160,1024,3,acyclic,0,0,0,0,10,12,2,5,1
1160,1032,3,acyclic,0,0,0,0,10,12,1,5,1
1160,1152,3,acyclic,0,0,0,0,10,12,1,2,1
1160,1160,3,acyclic,0,0,0,0,10,12,0,0,1
2184,0,3,layered,0,0,0,0,23,35,3,14,1
2184,8,3,layered,0,0,0,0,23,35,2,14,1
2184,128,3,layered,0,0,0,0,23,35,2,12,1
2184,136,3,layered,0,0,0,0,23,35,1,12,1
2184,2048,3,layered,0,0,0,0,23,35,2,12,1
2184,2056,3,layered,0,0,0,0,23,35,1,12,1
2184,2176,3,layered,0,0,0,0,23,35,1,2,1
2184,2184,3,layered,0,0,0,0,23,35,0,0,1
4232,0,3,acyclic,0,0,0,0,10,11,3,5,1
4232,8,3,acyclic,0,0,0,0,10,11,2,5,1
4232,128,3,acyclic,0,0,0,0,10,11,2,4,1
4232,136,3,acyclic,0,0,0,0,10,11,1,4,1
4232,4096,3,acyclic,0,0,0,0,10,11,2,4,1
4232,4104,3,acyclic,0,0,0,0,10,11,1,4,1
4232,4224,3,acyclic,0,0,0,0,10,11,1,2,1
4232,4232,3,acyclic,0,0,0,0,10,11,0,0,1
8328,0,3,acyclic,0,0,0,0,10,11,3,6,1
8328,8,3,acyclic,0,0,0,0,10,11,2,6,1
8328,128,3,acyclic,0,0,0,0,10,11,2,6,1
8328,136,3,acyclic,0,0,0,0,10,11,1,6,1
8328,8192,3,acyclic,0,0,0,0,10,11,2,4,1
8328,8200,3,acyclic,0,0,0,0,10,11,1,4,1
8328,8320,3,acyclic,0,0,0,0,10,11,1,2,1
8328,8328,3,acyclic,0,0,0,0,10,11,0,0,1
16520,0,3,acyclic,0,0,0,0,10,11,3,5,1
16520,8,3,acyclic,0,0,0,0,10,11,2,5,1
16520,128,3,acyclic,0,0,0,0,10,11,2,3,1
16520,136,3,acyclic,0,0,0,0,10,11,1,2,1
16520,16384,3,acyclic,0,0,0,0,10,11,2,5,1
16520,16392,3,acyclic,0,0,0,0,10,11,1,5,1
16520,16512,3,acyclic,0,0,0,0,10,11,1,2,1
16520,16520,3,acyclic,0,0,0,0,10,11,0,0,1
32904,0,3,acyclic,0,0,0,0,10,11,3,6,1
32904,8,3,acyclic,0,0,0,0,10,11,2,6,1
32904,128,3,acyclic,0,0,0,0,10,11,2,4,1
32904,136,3,acyclic,0,0,0,0,10,11,1,4,1
32904,32768,3,acyclic,0,0,0,0,10,11,2,6,1
32904,32776,3,acyclic,0,0,0,0,10,11,1,6,1
32904,32896,3,acyclic,0,0,0,0,10,11,1,2,1
32904,32904,3,acyclic,0,0,0,0,10,11,0,0,1
65672,0,3,layered,0,0,0,0,23,32,3,14,1
65672,8,3,layered,0,0,0,0,23,32,2,14,1
65672,128,3,layered,0,0,0,0,23,32,2,12,1
65672,136,3,layered,0,0,0,0,23,32,1,12,1
65672,65536,3,layered,0,0,0,0,23,32,2,12,1
65672,65544,3,layered,0,0,0,0,23,32,1,12,1
65672,65664,3,layered,0,0,0,0,23,32,1,2,1
65672,65672,3,layered,0,0,0,0,23,32,0,0,1
131208,0,3,acyclic,0,0,0,0,9,9,3,4,1
131208,8,3,acyclic,0,0,0,0,9,9,2,4,1
131208,128,3,acyclic,0,0,0,0,9,9,2,3,1
131208,136,3,acyclic,0,0,0,0,9,9,1,3,1
131208,131072,3,acyclic,0,0,0,0,9,9,2,4,1
131208,131080,3,acyclic,0,0,0,0,9,9,1,4,1
131208,131200,3,acyclic,0,0,0,0,9,9,1,2,1
131208,131208,3,acyclic,0,0,0,0,9,9,0,0,1
262280,0,3,acyclic,0,0,0,0,9,9,3,5,1
262280,8,3,acyclic,0,0,0,0,9,9,2,5,1
262280,128,3,acyclic,0,0,0,0,9,9,2,3,1
262280,136,3,acyclic,0,0,0,0,9,9,1,3,1
262280,262144,3,acyclic,0,0,0,0,9,9,2,4,1
262280,262152,3,acyclic,0,0,0,0,9,9,1,4,1
262280,262272,3,acyclic,0,0,0,0,9,9,1,2,1
262280,262280,3,acyclic,0,0,0,0,9,9,0,0,1
524424,0,3,acyclic,0,0,0,0,9,9,3,5,1
524424,8,3,acyclic,0,0,0,0,9,9,2,5,1
524424,128,3,acyclic,0,0,0,0,9,9,2,5,1
524424,136,3,acyclic,0,0,0,0,9,9,1,5,1
524424,524288,3,acyclic,0,0,0,0,9,9,2,4,1
524424,524296,3,acyclic,0,0,0,0,9,9,1,4,1
524424,524416,3,acyclic,0,0,0,0,9,9,1,2,1
524424,524424,3,acyclic,0,0,0,0,9,9,0,0,1
776,0,3,acyclic,0,0,0,0,10,11,3,5,1
776,8,3,acyclic,0,0,0,0,10,11,2,5,1
776,256,3,acyclic,0,0,0,0,10,11,2,3,1
776,264,3,acyclic,0,0,0,0,10,11,1,2,1
776,512,3,acyclic,0,0,0,0,10,11,2,5,1
776,520,3,acyclic,0,0,0,0,10,11,1,5,1
776,768,3,acyclic,0,0,0,0,10,11,1,2,1
776,776,3,acyclic,0,0,0,0,10,11,0,0,1
1288,0,3,acyclic,0,0,0,0,10,12,3,5,1
1288,8,3,acyclic,0,0,0,0,10,12,2,5,1
1288,256,3,acyclic,0,0,0,0,10,12,2,3,1
1288,264,3,acyclic,0,0,0,0,10,12,1,2,1
1288,1024,3,acyclic,0,0,0,0,10,12,2,5,1
1288,1032,3,acyclic,0,0,0,0,10,12,1,5,1
1288,1280,3,acyclic,0,0,0,0,10,12,1,2,1
1288,1288,3,acyclic,0,0,0,0,10,12,0,0,1
2312,0,3,layered,0,0,0,0,23,35,3,14,1
2312,8,3,layered,0,0,0,0,23,35,2,14,1
2312,256,3,layered,0,0,0,0,23,35,2,12,1
2312,264,3,layered,0,0,0,0,23,35,1,12,1
2312,2048,3,layered,0,0,0,0,23,35,2,12,1
2312,2056,3,layered,0,0,0,0,23,35,1,12,1
2312,2304,3,layered,0,0,0,0,23,35,1,2,1
2312,2312,3,layered,0,0,0,0,23,35,0,0,1
4360,0,3,acyclic,0,0,0,0,10,11,3,6,1
4360,8,3,acyclic,0,0,0,0,10,11,2,6,1
4360,256,3,acyclic,0,0,0,0,10,11,2,4,1
4360,264,3,acyclic,0,0,0,0,10,11,1,4,1
4360,4096,3,acyclic,0,0,0,0,10,11,2,6,1
4360,4104,3,acyclic,0,0,0,0,10,11,1,6,1
4360,4352,3,acyclic,0,0,0,0,10,11,1,2,1
4360,4360,3,acyclic,0,0,0,0,10,11,0,0,1
8456,0,3,layered,0,0,0,0,23,32,3,14,1
8456,8,3,layered,0,0,0,0,23,32,2,14,1
8456,256,3,layered,0,0,0,0,23,32,2,12,1
8456,264,3,layered,0,0,0,0,23,32,1,12,1
8456,8192,3,layered,0,0,0,0,23,32,2,12,1
8456,8200,3,layered,0,0,0,0,23,32,1,12,1
8456,8448,3,layered,0,0,0,0,23,32,1,2,1
8456,8456,3,layered,0,0,0,0,23,32,0,0,1
16648,0,3,acyclic,0,0,0,0,10,11,3,5,1
16648,8,3,acyclic,0,0,0,0,10,11,2,5,1
16648,256,3,acyclic,0,0,0,0,10,11,2,3,1
16648,264,3,acyclic,0,0,0,0,10,11,1,2,1
16648,16384,3,acyclic,0,0,0,0,10,11,2,4,1
16648,16392,3,acyclic,0,0,0,0,10,11,1,4,1
16648,16640,3,acyclic,0,0,0,0,10,11,1,2,1
16648,16648,3,acyclic,0,0,0,0,10,11,0,0,1
33032,0,3,acyclic,0,0,0,0,10,11,3,5,1
33032,8,3,acyclic,0,0,0,0,10,11,2,5,1
33032,256,3,acyclic,0,0,0,0,10,11,2,4,1
33032,264,3,acyclic,0,0,0,0,10,11,1,4,1
33032,32768,3,acyclic,0,0,0,0,10,11,2,4,1
33032,32776,3,acyclic,0,0,0,0,10,11,1,4,1
33032,33024,3,acyclic,0,0,0,0,10,11,1,2,1
33032,33032,3,acyclic,0,0,0,0,10,11,0,0,1
65800,0,3,acyclic,0,0,0,0,10,11,3,6,1
65800,8,3,acyclic,0,0,0,0,10,11,2,6,1
65800,256,3,acyclic,0,0,0,0,10,11,2,6,1
65800,264,3,acyclic,0,0,0,0,10,11,1,6,1
65800,65536,3,acyclic,0,0,0,0,10,11,2,4,1
65800,65544,3,acyclic,0,0,0,0,10,11,1,4,1
65800,65792,3,acyclic,0,0,0,0,10,11,1,2,1
65800,65800,3,acyclic,0,0,0,0,10,11,0,0,1
131336,0,3,acyclic,0,0,0,0,9,9,3,5,1
131336,8,3,acyclic,0,0,0,0,9,9,2,5,1
131336,256,3,acyclic,0,0,0,0,9,9,2,3,1
131336,264,3,acyclic,0,0,0,0,9,9,1,3,1
131336,131072,3,acyclic,0,0,0,0,9,9,2,4,1
131336,131080,3,acyclic,0,0,0,0,9,9,1,4,1
131336,131328,3,acyclic,0,0,0,0,9,9,1,2,1
131336,131336,3,acyclic,0,0,0,0,9,9,0,0,1
262408,0,3,acyclic,0,0,0,0,9,9,3,4,1
262408,8,3,acyclic,0,0,0,0,9,9,2,4,1
262408,256,3,acyclic,0,0,0,0,9,9,2,3,1
262408,264,3,acyclic,0,0,0,0,9,9,1,3,1
262408,262144,3,acyclic,0,0,0,0,9,9,2,4,1
262408,262152,3,acyclic,0,0,0,0,9,9,1,4,1
262408,262400,3,acyclic,0,0,0,0,9,9,1,2,1
262408,262408,3,acyclic,0,0,0,0,9,9,0,0,1
524552,0,3,acyclic,0,0,0,0,9,9,3,5,1
524552,8,3,acyclic,0,0,0,0,9,9,2,5,1
524552,256,3,acyclic,0,0,0,0,9,9,2,5,1
524552,264,3,acyclic,0,0,0,0,9,9,1,5,1
524552,524288,3,acyclic,0,0,0,0,9,9,2,4,1
524552,524296,3,acyclic,0,0,0,0,9,9,1,4,1
524552,524544,3,acyclic,0,0,0,0,9,9,1,2,1
524552,524552,3,acyclic,0,0,0,0,9,9,0,0,1
1544,0,3,acyclic,0,0,0,0,10,12,3,4,1
1544,8,3,acyclic,0,0,0,0,10,12,2,3,1
1544,512,3,acyclic,0,0,0,0,10,12,2,3,1
1544,520,3,acyclic,0,0,0,0,10,12,1,2,1
1544,1024,3,acyclic,0,0,0,0,10,12,2,3,1
1544,1032,3,acyclic,0,0,0,0,10,12,1,2,1
1544,1536,3,acyclic,0,0,0,0,10,12,1,2,1
1544,1544,3,acyclic,0,0,0,0,10,12,0,0,1
2568,0,3,acyclic,0,0,0,0,10,12,3,5,1
2568,8,3,acyclic,0,0,0,0,10,12,2,5,1
2568,512,3,acyclic,0,0,0,0,10,12,2,4,1
2568,520,3,acyclic,0,0,0,0,10,12,1,4,1
2568,2048,3,acyclic,0,0,0,0,10,12,2,3,1
2568,2056,3,acyclic,0,0,0,0,10,12,1,2,1
2568,2560,3,acyclic,0,0,0,0,10,12,1,2,1
2568,2568,3,acyclic,0,0,0,0,10,12,0,0,1
4616,0,3,acyclic,0,0,0,0,10,11,3,5,1
4616,8,3,acyclic,0,0,0,0,10,11,2,5,1
4616,512,3,acyclic,0,0,0,0,10,11,2,4,1
4616,520,3,acyclic,0,0,0,0,10,11,1,4,1
4616,4096,3,acyclic,0,0,0,0,10,11,2,3,1
4616,4104,3,acyclic,0,0,0,0,10,11,1,2,1
4616,4608,3,acyclic,0,0,0,0,10,11,1,2,1
4616,4616,3,acyclic,0,0,0,0,10,11,0,0,1
8712,0,3,acyclic,0,0,0,0,10,11,3,5,1
8712,8,3,acyclic,0,0,0,0,10,11,2,5,1
8712,512,3,acyclic,0,0,0,0,10,11,2,4,1
8712,520,3,acyclic,0,0,0,0,10,11,1,4,1
8712,8192,3,acyclic,0,0,0,0,10,11,2,3,1
8712,8200,3,acyclic,0,0,0,0,10,11,1,2,1
8712,8704,3,acyclic,0,0,0,0,10,11,1,2,1
8712,8712,3,acyclic,0,0,0,0,10,11,0,0,1
16904,0,3,acyclic,0,0,0,0,10,11,3,4,1
16904,8,3,acyclic,0,0,0,0,10,11,2,3,1
16904,512,3,acyclic,0,0,0,0,10,11,2,3,1
16904,520,3,acyclic,0,0,0,0,10,11,1,2,1
16904,16384,3,acyclic,0,0,0,0,10,11,2,3,1
16904,16392,3,acyclic,0,0,0,0,10,11,1,2,1
16904,16896,3,acyclic,0,0,0,0,10,11,1,2,1
16904,16904,3,acyclic,0,0,0,0,10,11,0,0,1
33288,0,3,acyclic,0,0,0,0,10,11,3,5,1
33288,8,3,acyclic,0,0,0,0,10,11,2,5,1
33288,512,3,acyclic,0,0,0,0,10,11,2,5,1
33288,520,3,acyclic,0,0,0,0,10,11,1,5,1
33288,32768,3,acyclic,0,0,0,0,10,11,2,3,1
33288,32776,3,acyclic,0,0,0,0,10,11,1,2,1
33288,33280,3,acyclic,0,0,0,0,10,11,1,2,1
33288,33288,3,acyclic,0,0,0,0,10,11,0,0,1
66056,0,3,acyclic,0,0,0,0,10,11,3,5,1
66056,8,3,acyclic,0,0,0,0,10,11,2,5,1
66056,512,3,acyclic,0,0,0,0,10,11,2,4,1
66056,520,3,acyclic,0,0,0,0,10,11,1,4,1
66056,65536,3,acyclic,0,0,0,0,10,11,2,3,1
66056,65544,3,acyclic,0,0,0,0,10,11,1,2,1
66056,66048,3,acyclic,0,0,0,0,10,11,1,2,1
66056,66056,3,acyclic,0,0,0,0,10,11,0,0,1
131592,0,3,acyclic,0,0,0,0,9,9,3,4,1
131592,8,3,acyclic,0,0,0,0,9,9,2,4,1
131592,512,3,acyclic,0,0,0,0,9,9,2,3,1
131592,520,3,acyclic,0,0,0,0,9,9,1,3,1
131592,131072,3,acyclic,0,0,0,0,9,9,2,3,1
131592,131080,3,acyclic,0,0,0,0,9,9,1,2,1
131592,131584,3,acyclic,0,0,0,0,9,9,1,2,1
131592,131592,3,acyclic,0,0,0,0,9,9,0,0,1
262664,0,3,acyclic,1,0,0,0,9,9,3,4,1
262664,8,3,acyclic,1,0,0,0,9,9,2,4,1
262664,512,3,acyclic,1,0,0,0,9,9,2,4,1
262664,520,3,acyclic,1,0,0,0,9,9,1,4,1
262664,262144,3,acyclic,1,0,0,0,9,9,2,3,1
262664,262152,3,acyclic,1,0,0,0,9,9,1,2,1
262664,262656,3,acyclic,1,1,1,1,9,9,1,2,1
262664,262664,3,acyclic,1,1,1,1,9,9,0,0,1
524808,0,3,acyclic,0,0,0,0,9,9,3,4,1
524808,8,3,acyclic,0,0,0,0,9,9,2,4,1
524808,512,3,acyclic,0,0,0,0,9,9,2,3,1
524808,520,3,acyclic,0,0,0,0,9,9,1,3,1
524808,524288,3,acyclic,0,0,0,0,9,9,2,3,1
524808,524296,3,acyclic,0,0,0,0,9,9,1,2,1
524808,524800,3,acyclic,0,0,0,0,9,9,1,2,1
524808,524808,3,acyclic,0,0,0,0,9,9,0,0,1
3080,0,3,acyclic,0,0,0,0,10,13,3,5,1
3080,8,3,acyclic,0,0,0,0,10,13,2,5,1
3080,1024,3,acyclic,0,0,0,0,10,13,2,4,1
3080,1032,3,acyclic,0,0,0,0,10,13,1,4,1
3080,2048,3,acyclic,0,0,0,0,10,13,2,3,1
3080,2056,3,acyclic,0,0,0,0,10,13,1,2,1
3080,3072,3,acyclic,0,0,0,0,10,13,1,2,1
3080,3080,3,acyclic,0,0,0,0,10,13,0,0,1
5128,0,3,acyclic,0,0,0,0,10,12,3,5,1
5128,8,3,acyclic,0,0,0,0,10,12,2,5,1
5128,1024,3,acyclic,0,0,0,0,10,12,2,5,1
5128,1032,3,acyclic,0,0,0,0,10,12,1,5,1
5128,4096,3,acyclic,0,0,0,0,10,12,2,3,1
5128,4104,3,acyclic,0,0,0,0,10,12,1,2,1
5128,5120,3,acyclic,0,0,0,0,10,12,1,2,1
5128,5128,3,acyclic,0,0,0,0,10,12,0,0,1
9224,0,3,acyclic,0,0,0,0,10,12,3,5,1
9224,8,3,acyclic,0,0,0,0,10,12,2,5,1
9224,1024,3,acyclic,0,0,0,0,10,12,2,4,1
9224,1032,3,acyclic,0,0,0,0,10,12,1,4,1
9224,8192,3,acyclic,0,0,0,0,10,12,2,3,1
9224,8200,3,acyclic,0,0,0,0,10,12,1,2,1
9224,9216,3,acyclic,0,0,0,0,10,12,1,2,1
9224,9224,3,acyclic,0,0,0,0,10,12,0,0,1
17416,0,3,acyclic,0,0,0,0,10,12,3,4,1
17416,8,3,acyclic,0,0,0,0,10,12,2,3,1
17416,1024,3,acyclic,0,0,0,0,10,12,2,3,1
17416,1032,3,acyclic,0,0,0,0,10,12,1,2,1
17416,16384,3,acyclic,0,0,0,0,10,12,2,3,1
17416,16392,3,acyclic,0,0,0,0,10,12,1,2,1
17416,17408,3,acyclic,0,0,0,0,10,12,1,2,1
17416,17416,3,acyclic,0,0,0,0,10,12,0,0,1
33800,0,3,acyclic,0,0,0,0,10,12,3,5,1
33800,8,3,acyclic,0,0,0,0,10,12,2,5,1
33800,1024,3,acyclic,0,0,0,0,10,12,2,5,1
33800,1032,3,acyclic,0,0,0,0,10,12,1,5,1
33800,32768,3,acyclic,0,0,0,0,10,12,2,3,1
33800,32776,3,acyclic,0,0,0,0,10,12,1,2,1
33800,33792,3,acyclic,0,0,0,0,10,12,1,2,1
33800,33800,3,acyclic,0,0,0,0,10,12,0,0,1
66568,0,3,acyclic,0,0,0,0,10,12,3,5,1
66568,8,3,acyclic,0,0,0,0,10,12,2,5,1
66568,1024,3,acyclic,0,0,0,0,10,12,2,4,1
66568,1032,3,acyclic,0,0,0,0,10,12,1,4,1
66568,65536,3,acyclic,0,0,0,0,10,12,2,3,1
66568,65544,3,acyclic,0,0,0,0,10,12,1,2,1
66568,66560,3,acyclic,0,0,0,0,10,12,1,2,1
66568,66568,3,acyclic,0,0,0,0,10,12,0,0,1
132104,0,3,acyclic,0,0,0,0,9,10,3,4,1
132104,8,3,acyclic,0,0,0,0,9,10,2,4,1
132104,1024,3,acyclic,0,0,0,0,9,10,2,4,1
132104,1032,3,acyclic,0,0,0,0,9,10,1,4,1
132104,131072,3,acyclic,0,0,0,0,9,10,2,3,1
132104,131080,3,acyclic,0,0,0,0,9,10,1,2,1
132104,132096,3,acyclic,0,0,0,0,9,10,1,2,1
132104,132104,3,acyclic,0,0,0,0,9,10,0,0,1
263176,0,3,acyclic,0,0,0,0,9,10,3,4,1
263176,8,3,acyclic,0,0,0,0,9,10,2,4,1
263176,1024,3,acyclic,0,0,0,0,9,10,2,4,1
263176,1032,3,acyclic,0,0,0,0,9,10,1,4,1
263176,262144,3,acyclic,0,0,0,0,9,10,2,3,1
263176,262152,3,acyclic,0,0,0,0,9,10,1,2,1
263176,263168,3,acyclic,0,0,0,0,9,10,1,2,1
263176,263176,3,acyclic,0,0,0,0,9,10,0,0,1
525320,0,3,acyclic,0,0,0,0,9,10,3,4,1
525320,8,3,acyclic,0,0,0,0,9,10,2,4,1
525320,1024,3,acyclic,0,0,0,0,9,10,2,3,1
525320,1032,3,acyclic,0,0,0,0,9,10,1,3,1
525320,524288,3,acyclic,0,0,0,0,9,10,2,3,1
525320,524296,3,acyclic,0,0,0,0,9,10,1,2,1
525320,525312,3,acyclic,0,0,0,0,9,10,1,2,1
525320,525320,3,acyclic,0,0,0,0,9,10,0,0,1
6152,0,3,acyclic,0,0,0,0,10,12,3,6,1
6152,8,3,acyclic,0,0,0,0,10,12,2,6,1
6152,2048,3,acyclic,0,0,0,0,10,12,2,6,1
6152,2056,3,acyclic,0,0,0,0,10,12,1,6,1
6152,4096,3,acyclic,0,0,0,0,10,12,2,4,1
6152,4104,3,acyclic,0,0,0,0,10,12,1,4,1
6152,6144,3,acyclic,0,0,0,0,10,12,1,2,1
6152,6152,3,acyclic,0,0,0,0,10,12,0,0,1
10248,0,3,acyclic,0,0,0,0,10,12,3,5,1
10248,8,3,acyclic,0,0,0,0,10,12,2,5,1
10248,2048,3,acyclic,0,0,0,0,10,12,2,4,1
10248,2056,3,acyclic,0,0,0,0,10,12,1,4,1
10248,8192,3,acyclic,0,0,0,0,10,12,2,4,1
10248,8200,3,acyclic,0,0,0,0,10,12,1,4,1
10248,10240,3,acyclic,0,0,0,0,10,12,1,2,1
10248,10248,3,acyclic,0,0,0,0,10,12,0,0,1
18440,0,3,acyclic,0,0,0,0,10,12,3,5,1
18440,8,3,acyclic,0,0,0,0,10,12,2,5,1
18440,2048,3,acyclic,0,0,0,0,10,12,2,3,1
18440,2056,3,acyclic,0,0,0,0,10,12,1,2,1
18440,16384,3,acyclic,0,0,0,0,10,12,2,4,1
18440,16392,3,acyclic,0,0,0,0,10,12,1,4,1
18440,18432,3,acyclic,0,0,0,0,10,12,1,2,1
18440,18440,3,acyclic,0,0,0,0,10,12,0,0,1
34824,0,3,acyclic,0,0,0,0,10,12,3,6,1
34824,8,3,acyclic,0,0,0,0,10,12,2,6,1
34824,2048,3,acyclic,0,0,0,0,10,12,2,6,1
34824,2056,3,acyclic,0,0,0,0,10,12,1,6,1
34824,32768,3,acyclic,0,0,0,0,10,12,2,4,1
34824,32776,3,acyclic,0,0,0,0,10,12,1,4,1
34824,34816,3,acyclic,0,0,0,0,10,12,1,2,1
34824,34824,3,acyclic,0,0,0,0,10,12,0,0,1
67592,0,3,acyclic,0,0,0,0,10,12,3,5,1
67592,8,3,acyclic,0,0,0,0,10,12,2,5,1
67592,2048,3,acyclic,0,0,0,0,10,12,2,4,1
67592,2056,3,acyclic,0,0,0,0,10,12,1,4,1
67592,65536,3,acyclic,0,0,0,0,10,12,2,4,1
67592,65544,3,acyclic,0,0,0,0,10,12,1,4,1
67592,67584,3,acyclic,0,0,0,0,10,12,1,2,1
67592,67592,3,acyclic,0,0,0,0,10,12,0,0,1
133128,0,3,acyclic,0,0,0,0,9,10,3,5,1
133128,8,3,acyclic,0,0,0,0,9,10,2,5,1
133128,2048,3,acyclic,0,0,0,0,9,10,2,5,1
133128,2056,3,acyclic,0,0,0,0,9,10,1,5,1
133128,131072,3,acyclic,0,0,0,0,9,10,2,4,1
133128,131080,3,acyclic,0,0,0,0,9,10,1,4,1
133128,133120,3,acyclic,0,0,0,0,9,10,1,2,1
133128,133128,3,acyclic,0,0,0,0,9,10,0,0,1
264200,0,3,acyclic,0,0,0,0,9,10,3,5,1
264200,8,3,acyclic,0,0,0,0,9,10,2,5,1
264200,2048,3,acyclic,0,0,0,0,9,10,2,5,1
264200,2056,3,acyclic,0,0,0,0,9,10,1,5,1
264200,262144,3,acyclic,0,0,0,0,9,10,2,4,1
264200,262152,3,acyclic,0,0,0,0,9,10,1,4,1
264200,264192,3,acyclic,0,0,0,0,9,10,1,2,1
264200,264200,3,acyclic,0,0,0,0,9,10,0,0,1
526344,0,3,acyclic,0,0,0,0,9,10,3,4,1
526344,8,3,acyclic,0,0,0,0,9,10,2,4,1
526344,2048,3,acyclic,0,0,0,0,9,10,2,3,1
526344,2056,3,acyclic,0,0,0,0,9,10,1,3,1
526344,524288,3,acyclic,0,0,0,0,9,10,2,4,1
526344,524296,3,acyclic,0,0,0,0,9,10,1,4,1
526344,526336,3,acyclic,0,0,0,0,9,10,1,2,1
526344,526344,3,acyclic,0,0,0,0,9,10,0,0,1
12296,0,3,acyclic,0,0,0,0,10,11,3,6,1
12296,8,3,acyclic,0,0,0,0,10,11,2,6,1
12296,4096,3,acyclic,0,0,0,0,10,11,2,4,1
12296,4104,3,acyclic,0,0,0,0,10,11,1,4,1
12296,8192,3,acyclic,0,0,0,0,10,11,2,4,1
12296,8200,3,acyclic,0,0,0,0,10,11,1,4,1
12296,12288,3,acyclic,0,0,0,0,10,11,1,2,1
12296,12296,3,acyclic,0,0,0,0,10,11,0,0,1
20488,0,3,acyclic,0,0,0,0,10,11,3,5,1
20488,8,3,acyclic,0,0,0,0,10,11,2,5,1
20488,4096,3,acyclic,0,0,0,0,10,11,2,3,1
20488,4104,3,acyclic,0,0,0,0,10,11,1,2,1
20488,16384,3,acyclic,0,0,0,0,10,11,2,5,1
20488,16392,3,acyclic,0,0,0,0,10,11,1,5,1
20488,20480,3,acyclic,0,0,0,0,10,11,1,2,1
20488,20488,3,acyclic,0,0,0,0,10,11,0,0,1
36872,0,3,layered,0,0,0,0,23,32,3,14,1
36872,8,3,layered,0,0,0,0,23,32,2,14,1
36872,4096,3,layered,0,0,0,0,23,32,2,12,1
36872,4104,3,layered,0,0,0,0,23,32,1,12,1
36872,32768,3,layered,0,0,0,0,23,32,2,12,1
36872,32776,3,layered,0,0,0,0,23,32,1,12,1
36872,36864,3,layered,0,0,0,0,23,32,1,2,1
36872,36872,3,layered,0,0,0,0,23,32,0,0,1
69640,0,3,acyclic,0,0,0,0,10,11,3,6,1
69640,8,3,acyclic,0,0,0,0,10,11,2,6,1
69640,4096,3,acyclic,0,0,0,0,10,11,2,4,1
69640,4104,3,acyclic,0,0,0,0,10,11,1,4,1
69640,65536,3,acyclic,0,0,0,0,10,11,2,6,1
69640,65544,3,acyclic,0,0,0,0,10,11,1,6,1
69640,69632,3,acyclic,0,0,0,0,10,11,1,2,1
69640,69640,3,acyclic,0,0,0,0,10,11,0,0,1
135176,0,3,acyclic,0,0,0,0,9,9,3,4,1
135176,8,3,acyclic,0,0,0,0,9,9,2,4,1
135176,4096,3,acyclic,0,0,0,0,9,9,2,3,1
135176,4104,3,acyclic,0,0,0,0,9,9,1,3,1
135176,131072,3,acyclic,0,0,0,0,9,9,2,4,1
135176,131080,3,acyclic,0,0,0,0,9,9,1,4,1
135176,135168,3,acyclic,0,0,0,0,9,9,1,2,1
135176,135176,3,acyclic,0,0,0,0,9,9,0,0,1
266248,0,3,acyclic,0,0,0,0,9,9,3,5,1
266248,8,3,acyclic,0,0,0,0,9,9,2,5,1
266248,4096,3,acyclic,0,0,0,0,9,9,2,5,1
266248,4104,3,acyclic,0,0,0,0,9,9,1,5,1
266248,262144,3,acyclic,0,0,0,0,9,9,2,4,1
266248,262152,3,acyclic,0,0,0,0,9,9,1,4,1
266248,266240,3,acyclic,0,0,0,0,9,9,1,2,1
266248,266248,3,acyclic,0,0,0,0,9,9,0,0,1
528392,0,3,acyclic,0,0,0,0,9,9,3,5,1
528392,8,3,acyclic,0,0,0,0,9,9,2,5,1
528392,4096,3,acyclic,0,0,0,0,9,9,2,3,1
528392,4104,3,acyclic,0,0,0,0,9,9,1,3,1
528392,524288,3,acyclic,0,0,0,0,9,9,2,4,1
528392,524296,3,acyclic,0,0,0,0,9,9,1,4,1
528392,528384,3,acyclic,0,0,0,0,9,9,1,2,1
528392,528392,3,acyclic,0,0,0,0,9,9,0,0,1
24584,0,3,acyclic,0,0,0,0,10,11,3,5,1
24584,8,3,acyclic,0,0,0,0,10,11,2,5,1
24584,8192,3,acyclic,0,0,0,0,10,11,2,3,1
24584,8200,3,acyclic,0,0,0,0,10,11,1,2,1
24584,16384,3,acyclic,0,0,0,0,10,11,2,4,1
24584,16392,3,acyclic,0,0,0,0,10,11,1,4,1
24584,24576,3,acyclic,0,0,0,0,10,11,1,2,1
24584,24584,3,acyclic,0,0,0,0,10,11,0,0,1
40968,0,3,acyclic,0,0,0,0,10,11,3,6,1
40968,8,3,acyclic,0,0,0,0,10,11,2,6,1
40968,8192,3,acyclic,0,0,0,0,10,11,2,6,1
40968,8200,3,acyclic,0,0,0,0,10,11,1,6,1
40968,32768,3,acyclic,0,0,0,0,10,11,2,4,1
40968,32776,3,acyclic,0,0,0,0,10,11,1,4,1
40968,40960,3,acyclic,0,0,0,0,10,11,1,2,1
40968,40968,3,acyclic,0,0,0,0,10,11,0,0,1
73736,0,3,acyclic,0,0,0,0,10,11,3,5,1
73736,8,3,acyclic,0,0,0,0,10,11,2,5,1
73736,8192,3,acyclic,0,0,0,0,10,11,2,4,1
73736,8200,3,acyclic,0,0,0,0,10,11,1,4,1
73736,65536,3,acyclic,0,0,0,0,10,11,2,4,1
73736,65544,3,acyclic,0,0,0,0,10,11,1,4,1
73736,73728,3,acyclic,0,0,0,0,10,11,1,2,1
73736,73736,3,acyclic,0,0,0,0,10,11,0,0,1
139272,0,3,acyclic,0,0,0,0,9,9,3,5,1
139272,8,3,acyclic,0,0,0,0,9,9,2,5,1
139272,8192,3,acyclic,0,0,0,0,9,9,2,3,1
139272,8200,3,acyclic,0,0,0,0,9,9,1,3,1
139272,131072,3,acyclic,0,0,0,0,9,9,2,4,1
139272,131080,3,acyclic,0,0,0,0,9,9,1,4,1
139272,139264,3,acyclic,0,0,0,0,9,9,1,2,1
139272,139272,3,acyclic,0,0,0,0,9,9,0,0,1
270344,0,3,acyclic,0,0,0,0,9,9,3,5,1
270344,8,3,acyclic,0,0,0,0,9,9,2,5,1
270344,8192,3,acyclic,0,0,0,0,9,9,2,5,1
270344,8200,3,acyclic,0,0,0,0,9,9,1,5,1
270344,262144,3,acyclic,0,0,0,0,9,9,2,4,1
270344,262152,3,acyclic,0,0,0,0,9,9,1,4,1
270344,270336,3,acyclic,0,0,0,0,9,9,1,2,1
270344,270344,3,acyclic,0,0,0,0,9,9,0,0,1
532488,0,3,acyclic,0,0,0,0,9,9,3,4,1
532488,8,3,acyclic,0,0,0,0,9,9,2,4,1
532488,8192,3,acyclic,0,0,0,0,9,9,2,3,1
532488,8200,3,acyclic,0,0,0,0,9,9,1,3,1
532488,524288,3,acyclic,0,0,0,0,9,9,2,4,1
532488,524296,3,acyclic,0,0,0,0,9,9,1,4,1
532488,532480,3,acyclic,0,0,0,0,9,9,1,2,1
532488,532488,3,acyclic,0,0,0,0,9,9,0,0,1
49160,0,3,acyclic,0,0,0,0,10,11,3,5,1
49160,8,3,acyclic,0,0,0,0,10,11,2,5,1
49160,16384,3,acyclic,0,0,0,0,10,11,2,4,1
49160,16392,3,acyclic,0,0,0,0,10,11,1,4,1
49160,32768,3,acyclic,0,0,0,0,10,11,2,3,1
49160,32776,3,acyclic,0,0,0,0,10,11,1,2,1
49160,49152,3,acyclic,0,0,0,0,10,11,1,2,1
49160,49160,3,acyclic,0,0,0,0,10,11,0,0,1
81928,0,3,acyclic,0,0,0,0,10,11,3,5,1
81928,8,3,acyclic,0,0,0,0,10,11,2,5,1
81928,16384,3,acyclic,0,0,0,0,10,11,2,4,1
81928,16392,3,acyclic,0,0,0,0,10,11,1,4,1
81928,65536,3,acyclic,0,0,0,0,10,11,2,3,1
81928,65544,3,acyclic,0,0,0,0,10,11,1,2,1
81928,81920,3,acyclic,0,0,0,0,10,11,1,2,1
81928,81928,3,acyclic,0,0,0,0,10,11,0,0,1
147464,0,3,acyclic,1,0,0,0,9,9,3,4,1
147464,8,3,acyclic,1,0,0,0,9,9,2,4,1
147464,16384,3,acyclic,1,0,0,0,9,9,2,4,1
147464,16392,3,acyclic,1,0,0,0,9,9,1,4,1
147464,131072,3,acyclic,1,0,0,0,9,9,2,3,1
147464,131080,3,acyclic,1,0,0,0,9,9,1,2,1
147464,147456,3,acyclic,1,1,1,1,9,9,1,2,1
147464,147464,3,acyclic,1,1,1,1,9,9,0,0,1
278536,0,3,acyclic,0,0,0,0,9,9,3,4,1
278536,8,3,acyclic,0,0,0,0,9,9,2,4,1
278536,16384,3,acyclic,0,0,0,0,9,9,2,3,1
278536,16392,3,acyclic,0,0,0,0,9,9,1,3,1
278536,262144,3,acyclic,0,0,0,0,9,9,2,3,1
278536,262152,3,acyclic,0,0,0,0,9,9,1,2,1
278536,278528,3,acyclic,0,0,0,0,9,9,1,2,1
278536,278536,3,acyclic,0,0,0,0,9,9,0,0,1
540680,0,3,acyclic,0,0,0,0,9,9,3,4,1
540680,8,3,acyclic,0,0,0,0,9,9,2,4,1
540680,16384,3,acyclic,0,0,0,0,9,9,2,3,1
540680,16392,3,acyclic,0,0,0,0,9,9,1,3,1
540680,524288,3,acyclic,0,0,0,0,9,9,2,3,1
540680,524296,3,acyclic,0,0,0,0,9,9,1,2,1
540680,540672,3,acyclic,0,0,0,0,9,9,1,2,1
540680,540680,3,acyclic,0,0,0,0,9,9,0,0,1
98312,0,3,acyclic,0,0,0,0,10,11,3,6,1
98312,8,3,acyclic,0,0,0,0,10,11,2,6,1
98312,32768,3,acyclic,0,0,0,0,10,11,2,4,1
98312,32776,3,acyclic,0,0,0,0,10,11,1,4,1
98312,65536,3,acyclic,0,0,0,0,10,11,2,4,1
98312,65544,3,acyclic,0,0,0,0,10,11,1,4,1
98312,98304,3,acyclic,0,0,0,0,10,11,1,2,1
98312,98312,3,acyclic,0,0,0,0,10,11,0,0,1
163848,0,3,acyclic,0,0,0,0,9,9,3,5,1
163848,8,3,acyclic,0,0,0,0,9,9,2,5,1
163848,32768,3,acyclic,0,0,0,0,9,9,2,5,1
163848,32776,3,acyclic,0,0,0,0,9,9,1,5,1
163848,131072,3,acyclic,0,0,0,0,9,9,2,4,1
163848,131080,3,acyclic,0,0,0,0,9,9,1,4,1
163848,163840,3,acyclic,0,0,0,0,9,9,1,2,1
163848,163848,3,acyclic,0,0,0,0,9,9,0,0,1
294920,0,3,acyclic,0,0,0,0,9,9,3,4,1
294920,8,3,acyclic,0,0,0,0,9,9,2,4,1
294920,32768,3,acyclic,0,0,0,0,9,9,2,3,1
294920,32776,3,acyclic,0,0,0,0,9,9,1,3,1
294920,262144,3,acyclic,0,0,0,0,9,9,2,4,1
294920,262152,3,acyclic,0,0,0,0,9,9,1,4,1
294920,294912,3,acyclic,0,0,0,0,9,9,1,2,1
294920,294920,3,acyclic,0,0,0,0,9,9,0,0,1
557064,0,3,acyclic,0,0,0,0,9,9,3,5,1
557064,8,3,acyclic,0,0,0,0,9,9,2,5,1
557064,32768,3,acyclic,0,0,0,0,9,9,2,3,1
557064,32776,3,acyclic,0,0,0,0,9,9,1,3,1
557064,524288,3,acyclic,0,0,0,0,9,9,2,4,1
557064,524296,3,acyclic,0,0,0,0,9,9,1,4,1
557064,557056,3,acyclic,0,0,0,0,9,9,1,2,1
557064,557064,3,acyclic,0,0,0,0,9,9,0,0,1
196616,0,3,acyclic,0,0,0,0,9,9,3,5,1
196616,8,3,acyclic,0,0,0,0,9,9,2,5,1
196616,65536,3,acyclic,0,0,0,0,9,9,2,5,1
196616,65544,3,acyclic,0,0,0,0,9,9,1,5,1
196616,131072,3,acyclic,0,0,0,0,9,9,2,4,1
196616,131080,3,acyclic,0,0,0,0,9,9,1,4,1
196616,196608,3,acyclic,0,0,0,0,9,9,1,2,1
196616,196616,3,acyclic,0,0,0,0,9,9,0,0,1
327688,0,3,acyclic,0,0,0,0,9,9,3,5,1
327688,8,3,acyclic,0,0,0,0,9,9,2,5,1
327688,65536,3,acyclic,0,0,0,0,9,9,2,3,1
327688,65544,3,acyclic,0,0,0,0,9,9,1,3,1
327688,262144,3,acyclic,0,0,0,0,9,9,2,4,1
327688,262152,3,acyclic,0,0,0,0,9,9,1,4,1
327688,327680,3,acyclic,0,0,0,0,9,9,1,2,1
327688,327688,3,acyclic,0,0,0,0,9,9,0,0,1
589832,0,3,acyclic,0,0,0,0,9,9,3,4,1
589832,8,3,acyclic,0,0,0,0,9,9,2,4,1
589832,65536,3,acyclic,0,0,0,0,9,9,2,3,1
589832,65544,3,acyclic,0,0,0,0,9,9,1,3,1
589832,524288,3,acyclic,0,0,0,0,9,9,2,4,1
589832,524296,3,acyclic,0,0,0,0,9,9,1,4,1
589832,589824,3,acyclic,0,0,0,0,9,9,1,2,1
589832,589832,3,acyclic,0,0,0,0,9,9,0,0,1
393224,0,3,acyclic,0,0,0,0,8,7,3,4,1
393224,8,3,acyclic,0,0,0,0,8,7,2,4,1
393224,131072,3,acyclic,0,0,0,0,8,7,2,3,1
393224,131080,3,acyclic,0,0,0,0,8,7,1,3,1
393224,262144,3,acyclic,0,0,0,0,8,7,2,3,1
393224,262152,3,acyclic,0,0,0,0,8,7,1,3,1
393224,393216,3,acyclic,0,0,0,0,8,7,1,2,1
393224,393224,3,acyclic,0,0,0,0,8,7,0,0,1
655368,0,3,acyclic,0,0,0,0,8,7,3,4,1
655368,8,3,acyclic,0,0,0,0,8,7,2,4,1
655368,131072,3,acyclic,0,0,0,0,8,7,2,3,1
655368,131080,3,acyclic,0,0,0,0,8,7,1,3,1
655368,524288,3,acyclic,0,0,0,0,8,7,2,3,1
655368,524296,3,acyclic,0,0,0,0,8,7,1,3,1
655368,655360,3,acyclic,0,0,0,0,8,7,1,2,1
655368,655368,3,acyclic,0,0,0,0,8,7,0,0,1
786440,0,3,acyclic,0,0,0,0,8,7,3,4,1
786440,8,3,acyclic,0,0,0,0,8,7,2,4,1
786440,262144,3,acyclic,0,0,0,0,8,7,2,3,1
786440,262152,3,acyclic,0,0,0,0,8,7,1,3,1
786440,524288,3,acyclic,0,0,0,0,8,7,2,3,1
786440,524296,3,acyclic,0,0,0,0,8,7,1,3,1
786440,786432,3,acyclic,0,0,0,0,8,7,1,2,1
786440,786440,3,acyclic,0,0,0,0,8,7,0,0,1
112,0,3,layered,0,0,0,0,23,37,3,14,1
112,16,3,layered,0,0,0,0,23,37,2,12,1
112,32,3,layered,0,0,0,0,23,37,2,14,1
112,48,3,layered,0,0,0,0,23,37,1,12,1
112,64,3,layered,0,0,0,0,23,37,2,12,1
112,80,3,layered,0,0,0,0,23,37,1,2,1
112,96,3,layered,0,0,0,0,23,37,1,12,1
112,112,3,layered,0,0,0,0,23,37,0,0,1
176,0,3,acyclic,0,0,0,0,10,11,3,5,1
176,16,3,acyclic,0,0,0,0,10,11,2,4,1
176,32,3,acyclic,0,0,0,0,10,11,2,5,1
176,48,3,acyclic,0,0,0,0,10,11,1,4,1
176,128,3,acyclic,0,0,0,0,10,11,2,4,1
176,144,3,acyclic,0,0,0,0,10,11,1,2,1
176,160,3,acyclic,0,0,0,0,10,11,1,4,1
176,176,3,acyclic,0,0,0,0,10,11,0,0,1
304,0,3,acyclic,0,0,0,0,10,11,3,6,1
304,16,3,acyclic,0,0,0,0,10,11,2,6,1
304,32,3,acyclic,0,0,0,0,10,11,2,6,1
304,48,3,acyclic,0,0,0,0,10,11,1,6,1
304,256,3,acyclic,0,0,0,0,10,11,2,4,1
304,272,3,acyclic,0,0,0,0,10,11,1,2,1
304,288,3,acyclic,0,0,0,0,10,11,1,4,1
304,304,3,acyclic,0,0,0,0,10,11,0,0,1
560,0,3,acyclic,0,0,0,0,10,11,3,5,1
560,16,3,acyclic,0,0,0,0,10,11,2,3,1
560,32,3,acyclic,0,0,0,0,10,11,2,5,1
560,48,3,acyclic,0,0,0,0,10,11,1,2,1
560,512,3,acyclic,0,0,0,0,10,11,2,4,1
560,528,3,acyclic,0,0,0,0,10,11,1,2,1
560,544,3,acyclic,0,0,0,0,10,11,1,4,1
560,560,3,acyclic,0,0,0,0,10,11,0,0,1
1072,0,3,acyclic,0,0,0,0,10,12,3,5,1
1072,16,3,acyclic,0,0,0,0,10,12,2,3,1
1072,32,3,acyclic,0,0,0,0,10,12,2,5,1
1072,48,3,acyclic,0,0,0,0,10,12,1,2,1
1072,1024,3,acyclic,0,0,0,0,10,12,2,5,1
1072,1040,3,acyclic,0,0,0,0,10,12,1,2,1
1072,1056,3,acyclic,0,0,0,0,10,12,1,5,1
1072,1072,3,acyclic,0,0,0,0,10,12,0,0,1
2096,0,3,layered,0,0,0,0,23,37,3,14,1
2096,16,3,layered,0,0,0,0,23,37,2,12,1
2096,32,3,layered,0,0,0,0,23,37,2,14,1
2096,48,3,layered,0,0,0,0,23,37,1,12,1
2096,2048,3,layered,0,0,0,0,23,37,2,12,1
2096,2064,3,layered,0,0,0,0,23,37,1,2,1
2096,2080,3,layered,0,0,0,0,23,37,1,12,1
2096,2096,3,layered,0,0,0,0,23,37,0,0,1
4144,0,3,acyclic,0,0,0,0,10,11,3,5,1
4144,16,3,acyclic,0,0,0,0,10,11,2,4,1
4144,32,3,acyclic,0,0,0,0,10,11,2,5,1
4144,48,3,acyclic,0,0,0,0,10,11,1,4,1
4144,4096,3,acyclic,0,0,0,0,10,11,2,4,1
4144,4112,3,acyclic,0,0,0,0,10,11,1,2,1
4144,4128,3,acyclic,0,0,0,0,10,11,1,4,1
4144,4144,3,acyclic,0,0,0,0,10,11,0,0,1
8240,0,3,acyclic,0,0,0,0,10,11,3,6,1
8240,16,3,acyclic,0,0,0,0,10,11,2,6,1
8240,32,3,acyclic,0,0,0,0,10,11,2,6,1
8240,48,3,acyclic,0,0,0,0,10,11,1,6,1
8240,8192,3,acyclic,0,0,0,0,10,11,2,4,1
8240,8208,3,acyclic,0,0,0,0,10,11,1,2,1
8240,8224,3,acyclic,0,0,0,0,10,11,1,4,1
8240,8240,3,acyclic,0,0,0,0,10,11,0,0,1
16432,0,3,acyclic,0,0,0,0,10,11,3,5,1
16432,16,3,acyclic,0,0,0,0,10,11,2,3,1
16432,32,3,acyclic,0,0,0,0,10,11,2,5,1
16432,48,3,acyclic,0,0,0,0,10,11,1,2,1
16432,16384,3,acyclic,0,0,0,0,10,11,2,5,1
16432,16400,3,acyclic,0,0,0,0,10,11,1,2,1
16432,16416,3,acyclic,0,0,0,0,10,11,1,5,1
16432,16432,3,acyclic,0,0,0,0,10,11,0,0,1
32816,0,3,layered,0,0,0,0,23,34,3,14,1
32816,16,3,layered,0,0,0,0,23,34,2,12,1
32816,32,3,layered,0,0,0,0,23,34,2,14,1
32816,48,3,layered,0,0,0,0,23,34,1,12,1
32816,32768,3,layered,0,0,0,0,23,34,2,12,1
32816,32784,3,layered,0,0,0,0,23,34,1,2,1
32816,32800,3,layered,0,0,0,0,23,34,1,12,1
32816,32816,3,layered,0,0,0,0,23,34,0,0,1
65584,0,3,layered,0,0,0,0,23,34,3,14,1
65584,16,3,layered,0,0,0,0,23,34,2,12,1
65584,32,3,layered,0,0,0,0,23,34,2,14,1
65584,48,3,layered,0,0,0,0,23,34,1,12,1
65584,65536,3,layered,0,0,0,0,23,34,2,12,1
65584,65552,3,layered,0,0,0,0,23,34,1,2,1
65584,65568,3,layered,0,0,0,0,23,34,1,12,1
65584,65584,3,layered,0,0,0,0,23,34,0,0,1
131120,0,3,acyclic,0,0,0,0,9,9,3,4,1
131120,16,3,acyclic,0,0,0,0,9,9,2,3,1
131120,32,3,acyclic,0,0,0,0,9,9,2,4,1
131120,48,3,acyclic,0,0,0,0,9,9,1,3,1
131120,131072,3,acyclic,0,0,0,0,9,9,2,4,1
131120,131088,3,acyclic,0,0,0,0,9,9,1,2,1
131120,131104,3,acyclic,0,0,0,0,9,9,1,4,1
131120,131120,3,acyclic,0,0,0,0,9,9,0,0,1
262192,0,3,acyclic,0,0,0,0,9,9,3,5,1
262192,16,3,acyclic,0,0,0,0,9,9,2,5,1
262192,32,3,acyclic,0,0,0,0,9,9,2,5,1
262192,48,3,acyclic,0,0,0,0,9,9,1,5,1
262192,262144,3,acyclic,0,0,0,0,9,9,2,4,1
262192,262160,3,acyclic,0,0,0,0,9,9,1,2,1
262192,262176,3,acyclic,0,0,0,0,9,9,1,4,1
262192,262192,3,acyclic,0,0,0,0,9,9,0,0,1
524336,0,3,acyclic,0,0,0,0,9,9,3,5,1
524336,16,3,acyclic,0,0,0,0,9,9,2,5,1
524336,32,3,acyclic,0,0,0,0,9,9,2,5,1
524336,48,3,acyclic,0,0,0,0,9,9,1,5,1
524336,524288,3,acyclic,0,0,0,0,9,9,2,4,1
524336,524304,3,acyclic,0,0,0,0,9,9,1,2,1
524336,524320,3,acyclic,0,0,0,0,9,9,1,4,1
524336,524336,3,acyclic,0,0,0,0,9,9,0,0,1
208,0,3,layered,0,0,0,0,25,42,3,15,1
208,16,3,layered,0,0,0,0,25,42,2,14,1
208,64,3,layered,0,0,0,0,25,42,2,13,1
208,80,3,layered,0,0,0,0,25,42,1,11,1
208,128,3,layered,0,0,0,0,25,42,2,12,1
208,144,3,layered,0,0,0,0,25,42,1,10,1
208,192,3,layered,0,0,0,0,25,42,1,10,1
208,208,3,layered,0,0,0,0,25,42,0,0,1
336,0,3,layered,0,0,0,0,25,42,3,15,1
336,16,3,layered,0,0,0,0,25,42,2,13,1
336,64,3,layered,0,0,0,0,25,42,2,14,1
336,80,3,layered,0,0,0,0,25,42,1,11,1
336,256,3,layered,0,0,0,0,25,42,2,12,1
336,272,3,layered,0,0,0,0,25,42,1,10,1
336,320,3,layered,0,0,0,0,25,42,1,10,1
336,336,3,layered,0,0,0,0,25,42,0,0,1
592,0,3,layered,0,0,0,0,23,36,3,14,1
592,16,3,layered,0,0,0,0,23,36,2,12,1
592,64,3,layered,0,0,0,0,23,36,2,12,1
592,80,3,layered,0,0,0,0,23,36,1,2,1
592,512,3,layered,0,0,0,0,23,36,2,14,1
592,528,3,layered,0,0,0,0,23,36,1,12,1
592,576,3,layered,0,0,0,0,23,36,1,12,1
592,592,3,layered,0,0,0,0,23,36,0,0,1
1104,0,3,layered,0,0,0,0,23,37,3,14,1
1104,16,3,layered,0,0,0,0,23,37,2,12,1
1104,64,3,layered,0,0,0,0,23,37,2,12,1
1104,80,3,layered,0,0,0,0,23,37,1,2,1
1104,1024,3,layered,0,0,0,0,23,37,2,14,1
1104,1040,3,layered,0,0,0,0,23,37,1,12,1
1104,1088,3,layered,0,0,0,0,23,37,1,12,1
1104,1104,3,layered,0,0,0,0,23,37,0,0,1
2128,0,3,layered,0,0,0,0,25,45,3,18,1
2128,16,3,layered,0,0,0,0,25,45,2,16,1
2128,64,3,layered,0,0,0,0,25,45,2,16,1
2128,80,3,layered,0,0,0,0,25,45,1,14,1
2128,2048,3,layered,0,0,0,0,25,45,2,16,1
2128,2064,3,layered,0,0,0,0,25,45,1,14,1
2128,2112,3,layered,0,0,0,0,25,45,1,14,1
2128,2128,3,layered,0,0,0,0,25,45,0,0,1
4176,0,3,layered,0,0,0,0,25,42,3,15,1
4176,16,3,layered,0,0,0,0,25,42,2,14,1
4176,64,3,layered,0,0,0,0,25,42,2,13,1
4176,80,3,layered,0,0,0,0,25,42,1,11,1
4176,4096,3,layered,0,0,0,0,25,42,2,14,1
4176,4112,3,layered,0,0,0,0,25,42,1,12,1
4176,4160,3,layered,0,0,0,0,25,42,1,11,1
4176,4176,3,layered,0,0,0,0,25,42,0,0,1
8272,0,3,layered,0,0,0,0,25,42,3,18,1
8272,16,3,layered,0,0,0,0,25,42,2,16,1
8272,64,3,layered,0,0,0,0,25,42,2,16,1
8272,80,3,layered,0,0,0,0,25,42,1,14,1
8272,8192,3,layered,0,0,0,0,25,42,2,16,1
8272,8208,3,layered,0,0,0,0,25,42,1,14,1
8272,8256,3,layered,0,0,0,0,25,42,1,12,1
8272,8272,3,layered,0,0,0,0,25,42,0,0,1
16464,0,3,layered,0,0,0,0,23,36,3,14,1
16464,16,3,layered,0,0,0,0,23,36,2,12,1
16464,64,3,layered,0,0,0,0,23,36,2,12,1
16464,80,3,layered,0,0,0,0,23,36,1,2,1
16464,16384,3,layered,0,0,0,0,23,36,2,14,1
16464,16400,3,layered,0,0,0,0,23,36,1,12,1
16464,16448,3,layered,0,0,0,0,23,36,1,12,1
16464,16464,3,layered,0,0,0,0,23,36,0,0,1
32848,0,3,layered,0,0,0,0,25,42,3,15,1
32848,16,3,layered,0,0,0,0,25,42,2,13,1
32848,64,3,layered,0,0,0,0,25,42,2,14,1
32848,80,3,layered,0,0,0,0,25,42,1,11,1
32848,32768,3,layered,0,0,0,0,25,42,2,14,1
32848,32784,3,layered,0,0,0,0,25,42,1,11,1
32848,32832,3,layered,0,0,0,0,25,42,1,12,1
32848,32848,3,layered,0,0,0,0,25,42,0,0,1
65616,0,3,layered,0,0,0,0,25,42,3,18,1
65616,16,3,layered,0,0,0,0,25,42,2,16,1
65616,64,3,layered,0,0,0,0,25,42,2,16,1
65616,80,3,layered,0,0,0,0,25,42,1,14,1
65616,65536,3,layered,0,0,0,0,25,42,2,16,1
65616,65552,3,layered,0,0,0,0,25,42,1,12,1
65616,65600,3,layered,0,0,0,0,25,42,1,14,1
65616,65616,3,layered,0,0,0,0,25,42,0,0,1
131152,0,3,layered,0,0,0,0,22,34,3,13,1
131152,16,3,layered,0,0,0,0,22,34,2,12,1
131152,64,3,layered,0,0,0,0,22,34,2,13,1
131152,80,3,layered,0,0,0,0,22,34,1,12,1
131152,131072,3,layered,0,0,0,0,22,34,2,12,1
131152,131088,3,layered,0,0,0,0,22,34,1,10,1
131152,131136,3,layered,0,0,0,0,22,34,1,10,1
131152,131152,3,layered,0,0,0,0,22,34,0,0,1
262224,0,3,layered,0,0,0,0,22,34,3,13,1
262224,16,3,layered,0,0,0,0,22,34,2,13,1
262224,64,3,layered,0,0,0,0,22,34,2,12,1
262224,80,3,layered,0,0,0,0,22,34,1,12,1
262224,262144,3,layered,0,0,0,0,22,34,2,12,1
262224,262160,3,layered,0,0,0,0,22,34,1,10,1
262224,262208,3,layered,0,0,0,0,22,34,1,10,1
262224,262224,3,layered,0,0,0,0,22,34,0,0,1
524368,0,3,layered,0,0,0,0,22,34,3,16,1
524368,16,3,layered,0,0,0,0,22,34,2,16,1
524368,64,3,layered,0,0,0,0,22,34,2,16,1
524368,80,3,layered,0,0,0,0,22,34,1,16,1
524368,524288,3,layered,0,0,0,0,22,34,2,12,1
524368,524304,3,layered,0,0,0,0,22,34,1,10,1
524368,524352,3,layered,0,0,0,0,22,34,1,10,1
524368,524368,3,layered,0,0,0,0,22,34,0,0,1
400,0,3,acyclic,0,0,0,0,10,10,3,5,1
400,16,3,acyclic,0,0,0,0,10,10,2,5,1
400,128,3,acyclic,0,0,0,0,10,10,2,4,1
400,144,3,acyclic,0,0,0,0,10,10,1,4,1
400,256,3,acyclic,0,0,0,0,10,10,2,3,1
400,272,3,acyclic,0,0,0,0,10,10,1,2,1
400,384,3,acyclic,0,0,0,0,10,10,1,2,1
400,400,3,acyclic,0,0,0,0,10,10,0,0,1
656,0,3,acyclic,0,0,0,0,10,10,3,5,1
656,16,3,acyclic,0,0,0,0,10,10,2,4,1
656,128,3,acyclic,0,0,0,0,10,10,2,4,1
656,144,3,acyclic,0,0,0,0,10,10,1,2,1
656,512,3,acyclic,0,0,0,0,10,10,2,3,1
656,528,3,acyclic,0,0,0,0,10,10,1,2,1
656,640,3,acyclic,0,0,0,0,10,10,1,2,1
656,656,3,acyclic,0,0,0,0,10,10,0,0,1
1168,0,3,acyclic,0,0,0,0,10,11,3,5,1
1168,16,3,acyclic,0,0,0,0,10,11,2,4,1
1168,128,3,acyclic,0,0,0,0,10,11,2,4,1
1168,144,3,acyclic,0,0,0,0,10,11,1,2,1
1168,1024,3,acyclic,0,0,0,0,10,11,2,5,1
1168,1040,3,acyclic,0,0,0,0,10,11,1,4,1
1168,1152,3,acyclic,0,0,0,0,10,11,1,4,1
1168,1168,3,acyclic,0,0,0,0,10,11,0,0,1
2192,0,3,layered,0,0,0,0,25,42,3,15,1
2192,16,3,layered,0,0,0,0,25,42,2,14,1
2192,128,3,layered,0,0,0,0,25,42,2,14,1
2192,144,3,layered,0,0,0,0,25,42,1,12,1
2192,2048,3,layered,0,0,0,0,25,42,2,13,1
2192,2064,3,layered,0,0,0,0,25,42,1,11,1
2192,2176,3,layered,0,0,0,0,25,42,1,11,1
2192,2192,3,layered,0,0,0,0,25,42,0,0,1
4240,0,3,acyclic,0,0,0,0,10,10,3,4,1
4240,16,3,acyclic,0,0,0,0,10,10,2,3,1
4240,128,3,acyclic,0,0,0,0,10,10,2,3,1
4240,144,3,acyclic,0,0,0,0,10,10,1,2,1
4240,4096,3,acyclic,0,0,0,0,10,10,2,3,1
4240,4112,3,acyclic,0,0,0,0,10,10,1,2,1
4240,4224,3,acyclic,0,0,0,0,10,10,1,2,1
4240,4240,3,acyclic,0,0,0,0,10,10,0,0,1
8336,0,3,acyclic,0,0,0,0,10,10,3,5,1
8336,16,3,acyclic,0,0,0,0,10,10,2,5,1
8336,128,3,acyclic,0,0,0,0,10,10,2,5,1
8336,144,3,acyclic,0,0,0,0,10,10,1,5,1
8336,8192,3,acyclic,0,0,0,0,10,10,2,3,1
8336,8208,3,acyclic,0,0,0,0,10,10,1,2,1
8336,8320,3,acyclic,0,0,0,0,10,10,1,2,1
8336,8336,3,acyclic,0,0,0,0,10,10,0,0,1
16528,0,3,acyclic,0,0,0,0,10,10,3,5,1
16528,16,3,acyclic,0,0,0,0,10,10,2,4,1
16528,128,3,acyclic,0,0,0,0,10,10,2,4,1
16528,144,3,acyclic,0,0,0,0,10,10,1,2,1
16528,16384,3,acyclic,0,0,0,0,10,10,2,5,1
16528,16400,3,acyclic,0,0,0,0,10,10,1,4,1
16528,16512,3,acyclic,0,0,0,0,10,10,1,4,1
16528,16528,3,acyclic,0,0,0,0,10,10,0,0,1
32912,0,3,layered,0,0,0,0,25,39,3,15,1
32912,16,3,layered,0,0,0,0,25,39,2,14,1
32912,128,3,layered,0,0,0,0,25,39,2,12,1
32912,144,3,layered,0,0,0,0,25,39,1,10,1
32912,32768,3,layered,0,0,0,0,25,39,2,13,1
32912,32784,3,layered,0,0,0,0,25,39,1,11,1
32912,32896,3,layered,0,0,0,0,25,39,1,10,1
32912,32912,3,layered,0,0,0,0,25,39,0,0,1
65680,0,3,layered,0,0,0,0,25,39,3,15,1
65680,16,3,layered,0,0,0,0,25,39,2,14,1
65680,128,3,layered,0,0,0,0,25,39,2,14,1
65680,144,3,layered,0,0,0,0,25,39,1,12,1
65680,65536,3,layered,0,0,0,0,25,39,2,13,1
65680,65552,3,layered,0,0,0,0,25,39,1,11,1
65680,65664,3,layered,0,0,0,0,25,39,1,11,1
65680,65680,3,layered,0,0,0,0,25,39,0,0,1
131216,0,3,acyclic,0,0,0,0,9,8,3,3,1
131216,16,3,acyclic,0,0,0,0,9,8,2,2,1
131216,128,3,acyclic,0,0,0,0,9,8,2,2,1
131216,144,3,acyclic,0,0,0,0,9,8,1,1,1
131216,131072,3,acyclic,0,0,0,0,9,8,2,3,1
131216,131088,3,acyclic,0,0,0,0,9,8,1,2,1
131216,131200,3,acyclic,0,0,0,0,9,8,1,2,1
131216,131216,3,acyclic,0,0,0,0,9,8,0,0,1
262288,0,3,acyclic,0,0,0,0,9,8,3,4,1
262288,16,3,acyclic,0,0,0,0,9,8,2,4,1
262288,128,3,acyclic,0,0,0,0,9,8,2,3,1
262288,144,3,acyclic,0,0,0,0,9,8,1,3,1
262288,262144,3,acyclic,0,0,0,0,9,8,2,3,1
262288,262160,3,acyclic,0,0,0,0,9,8,1,2,1
262288,262272,3,acyclic,0,0,0,0,9,8,1,2,1
262288,262288,3,acyclic,0,0,0,0,9,8,0,0,1
524432,0,3,acyclic,0,0,0,0,9,8,3,4,1
524432,16,3,acyclic,0,0,0,0,9,8,2,4,1
524432,128,3,acyclic,0,0,0,0,9,8,2,4,1
524432,144,3,acyclic,0,0,0,0,9,8,1,4,1
524432,524288,3,acyclic,0,0,0,0,9,8,2,3,1
524432,524304,3,acyclic,0,0,0,0,9,8,1,2,1
524432,524416,3,acyclic,0,0,0,0,9,8,1,2,1
524432,524432,3,acyclic,0,0,0,0,9,8,0,0,1
784,0,3,acyclic,0,0,0,0,10,10,3,6,1
784,16,3,acyclic,0,0,0,0,10,10,2,6,1
784,256,3,acyclic,0,0,0,0,10,10,2,4,1
784,272,3,acyclic,0,0,0,0,10,10,1,2,1
784,512,3,acyclic,0,0,0,0,10,10,2,6,1
784,528,3,acyclic,0,0,0,0,10,10,1,6,1
784,768,3,acyclic,0,0,0,0,10,10,1,2,1
784,784,3,acyclic,0,0,0,0,10,10,0,0,1
1296,0,3,acyclic,0,0,0,0,10,11,3,6,1
1296,16,3,acyclic,0,0,0,0,10,11,2,6,1
1296,256,3,acyclic,0,0,0,0,10,11,2,4,1
1296,272,3,acyclic,0,0,0,0,10,11,1,2,1
1296,1024,3,acyclic,0,0,0,0,10,11,2,6,1
1296,1040,3,acyclic,0,0,0,0,10,11,1,6,1
1296,1280,3,acyclic,0,0,0,0,10,11,1,4,1
1296,1296,3,acyclic,0,0,0,0,10,11,0,0,1
2320,0,3,layered,0,0,0,0,25,42,3,18,1
2320,16,3,layered,0,0,0,0,25,42,2,16,1
2320,256,3,layered,0,0,0,0,25,42,2,16,1
2320,272,3,layered,0,0,0,0,25,42,1,14,1
2320,2048,3,layered,0,0,0,0,25,42,2,16,1
2320,2064,3,layered,0,0,0,0,25,42,1,14,1
2320,2304,3,layered,0,0,0,0,25,42,1,12,1
2320,2320,3,layered,0,0,0,0,25,42,0,0,1
4368,0,3,acyclic,0,0,0,0,10,10,3,5,1
4368,16,3,acyclic,0,0,0,0,10,10,2,5,1
4368,256,3,acyclic,0,0,0,0,10,10,2,3,1
4368,272,3,acyclic,0,0,0,0,10,10,1,2,1
4368,4096,3,acyclic,0,0,0,0,10,10,2,5,1
4368,4112,3,acyclic,0,0,0,0,10,10,1,5,1
4368,4352,3,acyclic,0,0,0,0,10,10,1,2,1
4368,4368,3,acyclic,0,0,0,0,10,10,0,0,1
8464,0,3,layered,0,0,0,0,25,39,3,18,1
8464,16,3,layered,0,0,0,0,25,39,2,16,1
8464,256,3,layered,0,0,0,0,25,39,2,16,1
8464,272,3,layered,0,0,0,0,25,39,1,14,1
8464,8192,3,layered,0,0,0,0,25,39,2,16,1
8464,8208,3,layered,0,0,0,0,25,39,1,14,1
8464,8448,3,layered,0,0,0,0,25,39,1,6,1
8464,8464,3,layered,0,0,0,0,25,39,0,0,1
16656,0,3,acyclic,0,0,0,0,10,10,3,6,1
16656,16,3,acyclic,0,0,0,0,10,10,2,6,1
16656,256,3,acyclic,0,0,0,0,10,10,2,4,1
16656,272,3,acyclic,0,0,0,0,10,10,1,2,1
16656,16384,3,acyclic,0,0,0,0,10,10,2,6,1
16656,16400,3,acyclic,0,0,0,0,10,10,1,6,1
16656,16640,3,acyclic,0,0,0,0,10,10,1,4,1
16656,16656,3,acyclic,0,0,0,0,10,10,0,0,1
33040,0,3,layered,0,0,0,0,25,39,3,15,1
33040,16,3,layered,0,0,0,0,25,39,2,13,1
33040,256,3,layered,0,0,0,0,25,39,2,12,1
33040,272,3,layered,0,0,0,0,25,39,1,10,1
33040,32768,3,layered,0,0,0,0,25,39,2,14,1
33040,32784,3,layered,0,0,0,0,25,39,1,11,1
33040,33024,3,layered,0,0,0,0,25,39,1,10,1
33040,33040,3,layered,0,0,0,0,25,39,0,0,1
65808,0,3,layered,0,0,0,0,25,39,3,18,1
65808,16,3,layered,0,0,0,0,25,39,2,16,1
65808,256,3,layered,0,0,0,0,25,39,2,16,1
65808,272,3,layered,0,0,0,0,25,39,1,14,1
65808,65536,3,layered,0,0,0,0,25,39,2,16,1
65808,65552,3,layered,0,0,0,0,25,39,1,12,1
65808,65792,3,layered,0,0,0,0,25,39,1,12,1
65808,65808,3,layered,0,0,0,0,25,39,0,0,1
131344,0,3,acyclic,0,0,0,0,9,8,3,4,1
131344,16,3,acyclic,0,0,0,0,9,8,2,4,1
131344,256,3,acyclic,0,0,0,0,9,8,2,2,1
131344,272,3,acyclic,0,0,0,0,9,8,1,1,1
131344,131072,3,acyclic,0,0,0,0,9,8,2,4,1
131344,131088,3,acyclic,0,0,0,0,9,8,1,4,1
131344,131328,3,acyclic,0,0,0,0,9,8,1,2,1
131344,131344,3,acyclic,0,0,0,0,9,8,0,0,1
262416,0,3,acyclic,0,0,0,0,9,8,3,4,1
262416,16,3,acyclic,0,0,0,0,9,8,2,4,1
262416,256,3,acyclic,0,0,0,0,9,8,2,3,1
262416,272,3,acyclic,0,0,0,0,9,8,1,3,1
262416,262144,3,acyclic,0,0,0,0,9,8,2,4,1
262416,262160,3,acyclic,0,0,0,0,9,8,1,4,1
262416,262400,3,acyclic,0,0,0,0,9,8,1,2,1
262416,262416,3,acyclic,0,0,0,0,9,8,0,0,1
524560,0,3,acyclic,0,0,0,0,9,8,3,5,1
524560,16,3,acyclic,0,0,0,0,9,8,2,5,1
524560,256,3,acyclic,0,0,0,0,9,8,2,5,1
524560,272,3,acyclic,0,0,0,0,9,8,1,5,1
524560,524288,3,acyclic,0,0,0,0,9,8,2,4,1
524560,524304,3,acyclic,0,0,0,0,9,8,1,4,1
524560,524544,3,acyclic,0,0,0,0,9,8,1,2,1
524560,524560,3,acyclic,0,0,0,0,9,8,0,0,1
1552,0,3,acyclic,0,0,0,0,10,11,3,5,1
1552,16,3,acyclic,0,0,0,0,10,11,2,3,1
1552,512,3,acyclic,0,0,0,0,10,11,2,4,1
1552,528,3,acyclic,0,0,0,0,10,11,1,2,1
1552,1024,3,acyclic,0,0,0,0,10,11,2,5,1
1552,1040,3,acyclic,0,0,0,0,10,11,1,2,1
1552,1536,3,acyclic,0,0,0,0,10,11,1,4,1
1552,1552,3,acyclic,0,0,0,0,10,11,0,0,1
2576,0,3,layered,0,0,0,0,23,36,3,14,1
2576,16,3,layered,0,0,0,0,23,36,2,12,1
2576,512,3,layered,0,0,0,0,23,36,2,12,1
2576,528,3,layered,0,0,0,0,23,36,1,10,1
2576,2048,3,layered,0,0,0,0,23,36,2,12,1
2576,2064,3,layered,0,0,0,0,23,36,1,2,1
2576,2560,3,layered,0,0,0,0,23,36,1,10,1
2576,2576,3,layered,0,0,0,0,23,36,0,0,1
4624,0,3,acyclic,0,0,0,0,10,10,3,5,1
4624,16,3,acyclic,0,0,0,0,10,10,2,4,1
4624,512,3,acyclic,0,0,0,0,10,10,2,3,1
4624,528,3,acyclic,0,0,0,0,10,10,1,2,1
4624,4096,3,acyclic,0,0,0,0,10,10,2,4,1
4624,4112,3,acyclic,0,0,0,0,10,10,1,2,1
4624,4608,3,acyclic,0,0,0,0,10,10,1,2,1
4624,4624,3,acyclic,0,0,0,0,10,10,0,0,1
8720,0,3,acyclic,0,0,0,0,10,10,3,6,1
8720,16,3,acyclic,0,0,0,0,10,10,2,6,1
8720,512,3,acyclic,0,0,0,0,10,10,2,4,1
8720,528,3,acyclic,0,0,0,0,10,10,1,4,1
8720,8192,3,acyclic,0,0,0,0,10,10,2,4,1
8720,8208,3,acyclic,0,0,0,0,10,10,1,2,1
8720,8704,3,acyclic,0,0,0,0,10,10,1,2,1
8720,8720,3,acyclic,0,0,0,0,10,10,0,0,1
16912,0,3,acyclic,0,0,0,0,10,10,3,5,1
16912,16,3,acyclic,0,0,0,0,10,10,2,3,1
16912,512,3,acyclic,0,0,0,0,10,10,2,4,1
16912,528,3,acyclic,0,0,0,0,10,10,1,2,1
16912,16384,3,acyclic,0,0,0,0,10,10,2,5,1
16912,16400,3,acyclic,0,0,0,0,10,10,1,2,1
16912,16896,3,acyclic,0,0,0,0,10,10,1,4,1
16912,16912,3,acyclic,0,0,0,0,10,10,0,0,1
33296,0,3,layered,0,0,0,0,23,33,3,14,1
33296,16,3,layered,0,0,0,0,23,33,2,12,1
33296,512,3,layered,0,0,0,0,23,33,2,14,1
33296,528,3,layered,0,0,0,0,23,33,1,12,1
33296,32768,3,layered,0,0,0,0,23,33,2,12,1
33296,32784,3,layered,0,0,0,0,23,33,1,2,1
33296,33280,3,layered,0,0,0,0,23,33,1,12,1
33296,33296,3,layered,0,0,0,0,23,33,0,0,1
66064,0,3,layered,0,0,0,0,23,33,3,14,1
66064,16,3,layered,0,0,0,0,23,33,2,12,1
66064,512,3,layered,0,0,0,0,23,33,2,12,1
66064,528,3,layered,0,0,0,0,23,33,1,10,1
66064,65536,3,layered,0,0,0,0,23,33,2,12,1
66064,65552,3,layered,0,0,0,0,23,33,1,2,1
66064,66048,3,layered,0,0,0,0,23,33,1,10,1
66064,66064,3,layered,0,0,0,0,23,33,0,0,1
131600,0,3,acyclic,0,0,0,0,9,8,3,4,1
131600,16,3,acyclic,0,0,0,0,9,8,2,3,1
131600,512,3,acyclic,0,0,0,0,9,8,2,2,1
131600,528,3,acyclic,0,0,0,0,9,8,1,1,1
131600,131072,3,acyclic,0,0,0,0,9,8,2,4,1
131600,131088,3,acyclic,0,0,0,0,9,8,1,2,1
131600,131584,3,acyclic,0,0,0,0,9,8,1,2,1
131600,131600,3,acyclic,0,0,0,0,9,8,0,0,1
262672,0,3,acyclic,1,0,0,0,9,8,3,5,1
262672,16,3,acyclic,1,0,0,0,9,8,2,5,1
262672,512,3,acyclic,1,0,0,0,9,8,2,5,1
262672,528,3,acyclic,1,0,0,0,9,8,1,5,1
262672,262144,3,acyclic,1,0,0,0,9,8,2,4,1
262672,262160,3,acyclic,1,0,0,0,9,8,1,2,1
262672,262656,3,acyclic,1,1,1,1,9,8,1,2,1
262672,262672,3,acyclic,1,1,1,1,9,8,0,0,1
524816,0,3,acyclic,0,0,0,0,9,8,3,5,1
524816,16,3,acyclic,0,0,0,0,9,8,2,5,1
524816,512,3,acyclic,0,0,0,0,9,8,2,3,1
524816,528,3,acyclic,0,0,0,0,9,8,1,3,1
524816,524288,3,acyclic,0,0,0,0,9,8,2,4,1
524816,524304,3,acyclic,0,0,0,0,9,8,1,2,1
524816,524800,3,acyclic,0,0,0,0,9,8,1,2,1
524816,524816,3,acyclic,0,0,0,0,9,8,0,0,1
3088,0,3,layered,0,0,0,0,23,37,3,14,1
3088,16,3,layered,0,0,0,0,23,37,2,12,1
3088,1024,3,layered,0,0,0,0,23,37,2,14,1
3088,1040,3,layered,0,0,0,0,23,37,1,12,1
3088,2048,3,layered,0,0,0,0,23,37,2,12,1
3088,2064,3,layered,0,0,0,0,23,37,1,2,1
3088,3072,3,layered,0,0,0,0,23,37,1,12,1
3088,3088,3,layered,0,0,0,0,23,37,0,0,1
5136,0,3,acyclic,0,0,0,0,10,11,3,5,1
5136,16,3,acyclic,0,0,0,0,10,11,2,4,1
5136,1024,3,acyclic,0,0,0,0,10,11,2,5,1
5136,1040,3,acyclic,0,0,0,0,10,11,1,4,1
5136,4096,3,acyclic,0,0,0,0,10,11,2,4,1
5136,4112,3,acyclic,0,0,0,0,10,11,1,2,1
5136,5120,3,acyclic,0,0,0,0,10,11,1,4,1
5136,5136,3,acyclic,0,0,0,0,10,11,0,0,1
9232,0,3,acyclic,0,0,0,0,10,11,3,6,1
9232,16,3,acyclic,0,0,0,0,10,11,2,6,1
9232,1024,3,acyclic,0,0,0,0,10,11,2,6,1
9232,1040,3,acyclic,0,0,0,0,10,11,1,6,1
9232,8192,3,acyclic,0,0,0,0,10,11,2,4,1
9232,8208,3,acyclic,0,0,0,0,10,11,1,2,1
9232,9216,3,acyclic,0,0,0,0,10,11,1,4,1
9232,9232,3,acyclic,0,0,0,0,10,11,0,0,1
17424,0,3,acyclic,0,0,0,0,10,11,3,5,1
17424,16,3,acyclic,0,0,0,0,10,11,2,3,1
17424,1024,3,acyclic,0,0,0,0,10,11,2,5,1
17424,1040,3,acyclic,0,0,0,0,10,11,1,2,1
17424,16384,3,acyclic,0,0,0,0,10,11,2,5,1
17424,16400,3,acyclic,0,0,0,0,10,11,1,2,1
17424,17408,3,acyclic,0,0,0,0,10,11,1,5,1
17424,17424,3,acyclic,0,0,0,0,10,11,0,0,1
33808,0,3,layered,0,0,0,0,23,34,3,14,1
33808,16,3,layered,0,0,0,0,23,34,2,12,1
33808,1024,3,layered,0,0,0,0,23,34,2,14,1
33808,1040,3,layered,0,0,0,0,23,34,1,12,1
33808,32768,3,layered,0,0,0,0,23,34,2,12,1
33808,32784,3,layered,0,0,0,0,23,34,1,2,1
33808,33792,3,layered,0,0,0,0,23,34,1,12,1
33808,33808,3,layered,0,0,0,0,23,34,0,0,1
66576,0,3,layered,0,0,0,0,23,34,3,14,1
66576,16,3,layered,0,0,0,0,23,34,2,12,1
66576,1024,3,layered,0,0,0,0,23,34,2,14,1
66576,1040,3,layered,0,0,0,0,23,34,1,12,1
66576,65536,3,layered,0,0,0,0,23,34,2,12,1
66576,65552,3,layered,0,0,0,0,23,34,1,2,1
66576,66560,3,layered,0,0,0,0,23,34,1,12,1
66576,66576,3,layered,0,0,0,0,23,34,0,0,1
132112,0,3,acyclic,0,0,0,0,9,9,3,4,1
132112,16,3,acyclic,0,0,0,0,9,9,2,3,1
132112,1024,3,acyclic,0,0,0,0,9,9,2,4,1
132112,1040,3,acyclic,0,0,0,0,9,9,1,3,1
132112,131072,3,acyclic,0,0,0,0,9,9,2,4,1
132112,131088,3,acyclic,0,0,0,0,9,9,1,2,1
132112,132096,3,acyclic,0,0,0,0,9,9,1,4,1
132112,132112,3,acyclic,0,0,0,0,9,9,0,0,1
263184,0,3,acyclic,0,0,0,0,9,9,3,5,1
263184,16,3,acyclic,0,0,0,0,9,9,2,5,1
263184,1024,3,acyclic,0,0,0,0,9,9,2,5,1
263184,1040,3,acyclic,0,0,0,0,9,9,1,5,1
263184,262144,3,acyclic,0,0,0,0,9,9,2,4,1
263184,262160,3,acyclic,0,0,0,0,9,9,1,2,1
263184,263168,3,acyclic,0,0,0,0,9,9,1,4,1
263184,263184,3,acyclic,0,0,0,0,9,9,0,0,1
525328,0,3,acyclic,0,0,0,0,9,9,3,5,1
525328,16,3,acyclic,0,0,0,0,9,9,2,5,1
525328,1024,3,acyclic,0,0,0,0,9,9,2,5,1
525328,1040,3,acyclic,0,0,0,0,9,9,1,5,1
525328,524288,3,acyclic,0,0,0,0,9,9,2,4,1
525328,524304,3,acyclic,0,0,0,0,9,9,1,2,1
525328,525312,3,acyclic,0,0,0,0,9,9,1,4,1
525328,525328,3,acyclic,0,0,0,0,9,9,0,0,1
6160,0,3,layered,0,0,0,0,25,42,3,15,1
6160,16,3,layered,0,0,0,0,25,42,2,14,1
6160,2048,3,layered,0,0,0,0,25,42,2,13,1
6160,2064,3,layered,0,0,0,0,25,42,1,11,1
6160,4096,3,layered,0,0,0,0,25,42,2,12,1
6160,4112,3,layered,0,0,0,0,25,42,1,10,1
6160,6144,3,layered,0,0,0,0,25,42,1,10,1
6160,6160,3,layered,0,0,0,0,25,42,0,0,1
10256,0,3,layered,0,0,0,0,25,42,3,15,1
10256,16,3,layered,0,0,0,0,25,42,2,13,1
10256,2048,3,layered,0,0,0,0,25,42,2,14,1
10256,2064,3,layered,0,0,0,0,25,42,1,11,1
10256,8192,3,layered,0,0,0,0,25,42,2,12,1
10256,8208,3,layered,0,0,0,0,25,42,1,10,1
10256,10240,3,layered,0,0,0,0,25,42,1,10,1
10256,10256,3,layered,0,0,0,0,25,42,0,0,1
18448,0,3,layered,0,0,0,0,23,36,3,14,1
18448,16,3,layered,0,0,0,0,23,36,2,12,1
18448,2048,3,layered,0,0,0,0,23,36,2,12,1
18448,2064,3,layered,0,0,0,0,23,36,1,2,1
18448,16384,3,layered,0,0,0,0,23,36,2,14,1
18448,16400,3,layered,0,0,0,0,23,36,1,12,1
18448,18432,3,layered,0,0,0,0,23,36,1,12,1
18448,18448,3,layered,0,0,0,0,23,36,0,0,1
34832,0,3,layered,0,0,0,0,25,42,3,18,1
34832,16,3,layered,0,0,0,0,25,42,2,16,1
34832,2048,3,layered,0,0,0,0,25,42,2,16,1
34832,2064,3,layered,0,0,0,0,25,42,1,14,1
34832,32768,3,layered,0,0,0,0,25,42,2,16,1
34832,32784,3,layered,0,0,0,0,25,42,1,12,1
34832,34816,3,layered,0,0,0,0,25,42,1,14,1
34832,34832,3,layered,0,0,0,0,25,42,0,0,1
67600,0,3,layered,0,0,0,0,25,42,3,15,1
67600,16,3,layered,0,0,0,0,25,42,2,13,1
67600,2048,3,layered,0,0,0,0,25,42,2,14,1
67600,2064,3,layered,0,0,0,0,25,42,1,11,1
67600,65536,3,layered,0,0,0,0,25,42,2,14,1
67600,65552,3,layered,0,0,0,0,25,42,1,11,1
67600,67584,3,layered,0,0,0,0,25,42,1,12,1
67600,67600,3,layered,0,0,0,0,25,42,0,0,1
133136,0,3,layered,0,0,0,0,22,34,3,13,1
133136,16,3,layered,0,0,0,0,22,34,2,12,1
133136,2048,3,layered,0,0,0,0,22,34,2,13,1
133136,2064,3,layered,0,0,0,0,22,34,1,12,1
133136,131072,3,layered,0,0,0,0,22,34,2,12,1
133136,131088,3,layered,0,0,0,0,22,34,1,10,1
133136,133120,3,layered,0,0,0,0,22,34,1,10,1
133136,133136,3,layered,0,0,0,0,22,34,0,0,1
264208,0,3,layered,0,0,0,0,22,34,3,16,1
264208,16,3,layered,0,0,0,0,22,34,2,16,1
264208,2048,3,layered,0,0,0,0,22,34,2,16,1
264208,2064,3,layered,0,0,0,0,22,34,1,16,1
264208,262144,3,layered,0,0,0,0,22,34,2,12,1
264208,262160,3,layered,0,0,0,0,22,34,1,10,1
264208,264192,3,layered,0,0,0,0,22,34,1,10,1
264208,264208,3,layered,0,0,0,0,22,34,0,0,1
526352,0,3,layered,0,0,0,0,22,34,3,13,1
526352,16,3,layered,0,0,0,0,22,34,2,13,1
526352,2048,3,layered,0,0,0,0,22,34,2,12,1
526352,2064,3,layered,0,0,0,0,22,34,1,12,1
526352,524288,3,layered,0,0,0,0,22,34,2,12,1
526352,524304,3,layered,0,0,0,0,22,34,1,10,1
526352,526336,3,layered,0,0,0,0,22,34,1,10,1
526352,526352,3,layered,0,0,0,0,22,34,0,0,1
12304,0,3,acyclic,0,0,0,0,10,10,3,5,1
12304,16,3,acyclic,0,0,0,0,10,10,2,5,1
12304,4096,3,acyclic,0,0,0,0,10,10,2,4,1
12304,4112,3,acyclic,0,0,0,0,10,10,1,4,1
12304,8192,3,acyclic,0,0,0,0,10,10,2,3,1
12304,8208,3,acyclic,0,0,0,0,10,10,1,2,1
12304,12288,3,acyclic,0,0,0,0,10,10,1,2,1
12304,12304,3,acyclic,0,0,0,0,10,10,0,0,1
20496,0,3,acyclic,0,0,0,0,10,10,3,5,1
20496,16,3,acyclic,0,0,0,0,10,10,2,4,1
20496,4096,3,acyclic,0,0,0,0,10,10,2,4,1
20496,4112,3,acyclic,0,0,0,0,10,10,1,2,1
20496,16384,3,acyclic,0,0,0,0,10,10,2,5,1
20496,16400,3,acyclic,0,0,0,0,10,10,1,4,1
20496,20480,3,acyclic,0,0,0,0,10,10,1,4,1
20496,20496,3,acyclic,0,0,0,0,10,10,0,0,1
36880,0,3,layered,0,0,0,0,25,39,3,15,1
36880,16,3,layered,0,0,0,0,25,39,2,14,1
36880,4096,3,layered,0,0,0,0,25,39,2,14,1
36880,4112,3,layered,0,0,0,0,25,39,1,12,1
36880,32768,3,layered,0,0,0,0,25,39,2,13,1
36880,32784,3,layered,0,0,0,0,25,39,1,11,1
36880,36864,3,layered,0,0,0,0,25,39,1,11,1
36880,36880,3,layered,0,0,0,0,25,39,0,0,1
69648,0,3,layered,0,0,0,0,25,39,3,15,1
69648,16,3,layered,0,0,0,0,25,39,2,14,1
69648,4096,3,layered,0,0,0,0,25,39,2,12,1
69648,4112,3,layered,0,0,0,0,25,39,1,10,1
69648,65536,3,layered,0,0,0,0,25,39,2,13,1
69648,65552,3,layered,0,0,0,0,25,39,1,11,1
69648,69632,3,layered,0,0,0,0,25,39,1,10,1
69648,69648,3,layered,0,0,0,0,25,39,0,0,1
135184,0,3,acyclic,0,0,0,0,9,8,3,3,1
135184,16,3,acyclic,0,0,0,0,9,8,2,2,1
135184,4096,3,acyclic,0,0,0,0,9,8,2,2,1
135184,4112,3,acyclic,0,0,0,0,9,8,1,1,1
135184,131072,3,acyclic,0,0,0,0,9,8,2,3,1
135184,131088,3,acyclic,0,0,0,0,9,8,1,2,1
135184,135168,3,acyclic,0,0,0,0,9,8,1,2,1
135184,135184,3,acyclic,0,0,0,0,9,8,0,0,1
266256,0,3,acyclic,0,0,0,0,9,8,3,4,1
266256,16,3,acyclic,0,0,0,0,9,8,2,4,1
266256,4096,3,acyclic,0,0,0,0,9,8,2,4,1
266256,4112,3,acyclic,0,0,0,0,9,8,1,4,1
266256,262144,3,acyclic,0,0,0,0,9,8,2,3,1
266256,262160,3,acyclic,0,0,0,0,9,8,1,2,1
266256,266240,3,acyclic,0,0,0,0,9,8,1,2,1
266256,266256,3,acyclic,0,0,0,0,9,8,0,0,1
528400,0,3,acyclic,0,0,0,0,9,8,3,4,1
528400,16,3,acyclic,0,0,0,0,9,8,2,4,1
528400,4096,3,acyclic,0,0,0,0,9,8,2,3,1
528400,4112,3,acyclic,0,0,0,0,9,8,1,3,1
528400,524288,3,acyclic,0,0,0,0,9,8,2,3,1
528400,524304,3,acyclic,0,0,0,0,9,8,1,2,1
528400,528384,3,acyclic,0,0,0,0,9,8,1,2,1
528400,528400,3,acyclic,0,0,0,0,9,8,0,0,1
24592,0,3,acyclic,0,0,0,0,10,10,3,6,1
24592,16,3,acyclic,0,0,0,0,10,10,2,6,1
24592,8192,3,acyclic,0,0,0,0,10,10,2,4,1
24592,8208,3,acyclic,0,0,0,0,10,10,1,2,1
24592,16384,3,acyclic,0,0,0,0,10,10,2,6,1
24592,16400,3,acyclic,0,0,0,0,10,10,1,6,1
24592,24576,3,acyclic,0,0,0,0,10,10,1,4,1
24592,24592,3,acyclic,0,0,0,0,10,10,0,0,1
40976,0,3,layered,0,0,0,0,25,39,3,18,1
40976,16,3,layered,0,0,0,0,25,39,2,16,1
40976,8192,3,layered,0,0,0,0,25,39,2,16,1
40976,8208,3,layered,0,0,0,0,25,39,1,14,1
40976,32768,3,layered,0,0,0,0,25,39,2,16,1
40976,32784,3,layered,0,0,0,0,25,39,1,12,1
40976,40960,3,layered,0,0,0,0,25,39,1,12,1
40976,40976,3,layered,0,0,0,0,25,39,0,0,1
73744,0,3,layered,0,0,0,0,25,39,3,15,1
73744,16,3,layered,0,0,0,0,25,39,2,13,1
73744,8192,3,layered,0,0,0,0,25,39,2,12,1
73744,8208,3,layered,0,0,0,0,25,39,1,10,1
73744,65536,3,layered,0,0,0,0,25,39,2,14,1
73744,65552,3,layered,0,0,0,0,25,39,1,11,1
73744,73728,3,layered,0,0,0,0,25,39,1,10,1
73744,73744,3,layered,0,0,0,0,25,39,0,0,1
139280,0,3,acyclic,0,0,0,0,9,8,3,4,1
139280,16,3,acyclic,0,0,0,0,9,8,2,4,1
139280,8192,3,acyclic,0,0,0,0,9,8,2,2,1
139280,8208,3,acyclic,0,0,0,0,9,8,1,1,1
139280,131072,3,acyclic,0,0,0,0,9,8,2,4,1
139280,131088,3,acyclic,0,0,0,0,9,8,1,4,1
139280,139264,3,acyclic,0,0,0,0,9,8,1,2,1
139280,139280,3,acyclic,0,0,0,0,9,8,0,0,1
270352,0,3,acyclic,0,0,0,0,9,8,3,5,1
270352,16,3,acyclic,0,0,0,0,9,8,2,5,1
270352,8192,3,acyclic,0,0,0,0,9,8,2,5,1
270352,8208,3,acyclic,0,0,0,0,9,8,1,5,1
270352,262144,3,acyclic,0,0,0,0,9,8,2,4,1
270352,262160,3,acyclic,0,0,0,0,9,8,1,4,1
270352,270336,3,acyclic,0,0,0,0,9,8,1,2,1
270352,270352,3,acyclic,0,0,0,0,9,8,0,0,1
532496,0,3,acyclic,0,0,0,0,9,8,3,4,1
532496,16,3,acyclic,0,0,0,0,9,8,2,4,1
532496,8192,3,acyclic,0,0,0,0,9,8,2,3,1
532496,8208,3,acyclic,0,0,0,0,9,8,1,3,1
532496,524288,3,acyclic,0,0,0,0,9,8,2,4,1
532496,524304,3,acyclic,0,0,0,0,9,8,1,4,1
532496,532480,3,acyclic,0,0,0,0,9,8,1,2,1
532496,532496,3,acyclic,0,0,0,0,9,8,0,0,1
49168,0,3,layered,0,0,0,0,23,33,3,14,1
49168,16,3,layered,0,0,0,0,23,33,2,12,1
49168,16384,3,layered,0,0,0,0,23,33,2,14,1
49168,16400,3,layered,0,0,0,0,23,33,1,12,1
49168,32768,3,layered,0,0,0,0,23,33,2,12,1
49168,32784,3,layered,0,0,0,0,23,33,1,2,1
49168,49152,3,layered,0,0,0,0,23,33,1,12,1
49168,49168,3,layered,0,0,0,0,23,33,0,0,1
81936,0,3,layered,0,0,0,0,23,33,3,14,1
81936,16,3,layered,0,0,0,0,23,33,2,12,1
81936,16384,3,layered,0,0,0,0,23,33,2,14,1
81936,16400,3,layered,0,0,0,0,23,33,1,12,1
81936,65536,3,layered,0,0,0,0,23,33,2,12,1
81936,65552,3,layered,0,0,0,0,23,33,1,2,1
81936,81920,3,layered,0,0,0,0,23,33,1,12,1
81936,81936,3,layered,0,0,0,0,23,33,0,0,1
147472,0,3,acyclic,1,0,0,0,9,8,3,4,1
147472,16,3,acyclic,1,0,0,0,9,8,2,3,1
147472,16384,3,acyclic,1,0,0,0,9,8,2,4,1
147472,16400,3,acyclic,1,0,0,0,9,8,1,3,1
147472,131072,3,acyclic,1,0,0,0,9,8,2,4,1
147472,131088,3,acyclic,1,0,0,0,9,8,1,2,1
147472,147456,3,acyclic,1,1,1,1,9,8,1,4,1
147472,147472,3,acyclic,1,1,1,1,9,8,0,0,1
278544,0,3,acyclic,0,0,0,0,9,8,3,5,1
278544,16,3,acyclic,0,0,0,0,9,8,2,5,1
278544,16384,3,acyclic,0,0,0,0,9,8,2,5,1
278544,16400,3,acyclic,0,0,0,0,9,8,1,5,1
278544,262144,3,acyclic,0,0,0,0,9,8,2,4,1
278544,262160,3,acyclic,0,0,0,0,9,8,1,2,1
278544,278528,3,acyclic,0,0,0,0,9,8,1,4,1
278544,278544,3,acyclic,0,0,0,0,9,8,0,0,1
540688,0,3,acyclic,0,0,0,0,9,8,3,5,1
540688,16,3,acyclic,0,0,0,0,9,8,2,5,1
540688,16384,3,acyclic,0,0,0,0,9,8,2,5,1
540688,16400,3,acyclic,0,0,0,0,9,8,1,5,1
540688,524288,3,acyclic,0,0,0,0,9,8,2,4,1
540688,524304,3,acyclic,0,0,0,0,9,8,1,2,1
540688,540672,3,acyclic,0,0,0,0,9,8,1,4,1
540688,540688,3,acyclic,0,0,0,0,9,8,0,0,1
98320,0,3,layered,0,0,0,0,25,39,3,18,1
98320,16,3,layered,0,0,0,0,25,39,2,16,1
98320,32768,3,layered,0,0,0,0,25,39,2,16,1
98320,32784,3,layered,0,0,0,0,25,39,1,12,1
98320,65536,3,layered,0,0,0,0,25,39,2,16,1
98320,65552,3,layered,0,0,0,0,25,39,1,12,1
98320,98304,3,layered,0,0,0,0,25,39,1,14,1
98320,98320,3,layered,0,0,0,0,25,39,0,0,1
163856,0,3,layered,0,0,0,0,22,31,3,13,1
163856,16,3,layered,0,0,0,0,22,31,2,12,1
163856,32768,3,layered,0,0,0,0,22,31,2,13,1
163856,32784,3,layered,0,0,0,0,22,31,1,12,1
163856,131072,3,layered,0,0,0,0,22,31,2,12,1
163856,131088,3,layered,0,0,0,0,22,31,1,10,1
163856,163840,3,layered,0,0,0,0,22,31,1,10,1
163856,163856,3,layered,0,0,0,0,22,31,0,0,1
294928,0,3,layered,0,0,0,0,22,31,3,13,1
294928,16,3,layered,0,0,0,0,22,31,2,13,1
294928,32768,3,layered,0,0,0,0,22,31,2,12,1
294928,32784,3,layered,0,0,0,0,22,31,1,12,1
294928,262144,3,layered,0,0,0,0,22,31,2,12,1
294928,262160,3,layered,0,0,0,0,22,31,1,10,1
294928,294912,3,layered,0,0,0,0,22,31,1,10,1
294928,294928,3,layered,0,0,0,0,22,31,0,0,1
557072,0,3,layered,0,0,0,0,22,31,3,16,1
557072,16,3,layered,0,0,0,0,22,31,2,16,1
557072,32768,3,layered,0,0,0,0,22,31,2,14,1
557072,32784,3,layered,0,0,0,0,22,31,1,14,1
557072,524288,3,layered,0,0,0,0,22,31,2,12,1
557072,524304,3,layered,0,0,0,0,22,31,1,10,1
557072,557056,3,layered,0,0,0,0,22,31,1,10,1
557072,557072,3,layered,0,0,0,0,22,31,0,0,1
196624,0,3,layered,0,0,0,0,22,31,3,13,1
196624,16,3,layered,0,0,0,0,22,31,2,12,1
196624,65536,3,layered,0,0,0,0,22,31,2,13,1
196624,65552,3,layered,0,0,0,0,22,31,1,12,1
196624,131072,3,layered,0,0,0,0,22,31,2,12,1
196624,131088,3,layered,0,0,0,0,22,31,1,10,1
196624,196608,3,layered,0,0,0,0,22,31,1,10,1
196624,196624,3,layered,0,0,0,0,22,31,0,0,1
327696,0,3,layered,0,0,0,0,22,31,3,16,1
327696,16,3,layered,0,0,0,0,22,31,2,16,1
327696,65536,3,layered,0,0,0,0,22,31,2,14,1
327696,65552,3,layered,0,0,0,0,22,31,1,14,1
327696,262144,3,layered,0,0,0,0,22,31,2,12,1
327696,262160,3,layered,0,0,0,0,22,31,1,10,1
327696,327680,3,layered,0,0,0,0,22,31,1,10,1
327696,327696,3,layered,0,0,0,0,22,31,0,0,1
589840,0,3,layered,0,0,0,0,22,31,3,13,1
589840,16,3,layered,0,0,0,0,22,31,2,13,1
589840,65536,3,layered,0,0,0,0,22,31,2,12,1
589840,65552,3,layered,0,0,0,0,22,31,1,12,1
589840,524288,3,layered,0,0,0,0,22,31,2,12,1
589840,524304,3,layered,0,0,0,0,22,31,1,10,1
589840,589824,3,layered,0,0,0,0,22,31,1,10,1
589840,589840,3,layered,0,0,0,0,22,31,0,0,1
393232,0,3,acyclic,0,0,0,0,8,6,3,3,1
393232,16,3,acyclic,0,0,0,0,8,6,2,3,1
393232,131072,3,acyclic,0,0,0,0,8,6,2,3,1
393232,131088,3,acyclic,0,0,0,0,8,6,1,3,1
393232,262144,3,acyclic,0,0,0,0,8,6,2,2,1
393232,262160,3,acyclic,0,0,0,0,8,6,1,1,1
393232,393216,3,acyclic,0,0,0,0,8,6,1,2,1
393232,393232,3,acyclic,0,0,0,0,8,6,0,0,1
655376,0,3,acyclic,0,0,0,0,8,6,3,3,1
655376,16,3,acyclic,0,0,0,0,8,6,2,3,1
655376,131072,3,acyclic,0,0,0,0,8,6,2,3,1
655376,131088,3,acyclic,0,0,0,0,8,6,1,3,1
655376,524288,3,acyclic,0,0,0,0,8,6,2,2,1
655376,524304,3,acyclic,0,0,0,0,8,6,1,1,1
655376,655360,3,acyclic,0,0,0,0,8,6,1,2,1
655376,655376,3,acyclic,0,0,0,0,8,6,0,0,1
786448,0,3,acyclic,0,0,0,0,8,6,3,4,1
786448,16,3,acyclic,0,0,0,0,8,6,2,4,1
786448,262144,3,acyclic,0,0,0,0,8,6,2,3,1
786448,262160,3,acyclic,0,0,0,0,8,6,1,3,1
786448,524288,3,acyclic,0,0,0,0,8,6,2,3,1
786448,524304,3,acyclic,0,0,0,0,8,6,1,3,1
786448,786432,3,acyclic,0,0,0,0,8,6,1,2,1
786448,786448,3,acyclic,0,0,0,0,8,6,0,0,1
224,0,3,acyclic,0,0,0,0,10,11,3,6,1
224,32,3,acyclic,0,0,0,0,10,11,2,6,1
224,64,3,acyclic,0,0,0,0,10,11,2,6,1
224,96,3,acyclic,0,0,0,0,10,11,1,6,1
224,128,3,acyclic,0,0,0,0,10,11,2,4,1
224,160,3,acyclic,0,0,0,0,10,11,1,2,1
224,192,3,acyclic,0,0,0,0,10,11,1,2,1
224,224,3,acyclic,0,0,0,0,10,11,0,0,1
352,0,3,acyclic,0,0,0,0,10,11,3,5,1
352,32,3,acyclic,0,0,0,0,10,11,2,3,1
352,64,3,acyclic,0,0,0,0,10,11,2,4,1
352,96,3,acyclic,0,0,0,0,10,11,1,2,1
352,256,3,acyclic,0,0,0,0,10,11,2,4,1
352,288,3,acyclic,0,0,0,0,10,11,1,2,1
352,320,3,acyclic,0,0,0,0,10,11,1,2,1
352,352,3,acyclic,0,0,0,0,10,11,0,0,1
608,0,3,acyclic,0,0,0,0,10,11,3,5,1
608,32,3,acyclic,0,0,0,0,10,11,2,4,1
608,64,3,acyclic,0,0,0,0,10,11,2,3,1
608,96,3,acyclic,0,0,0,0,10,11,1,2,1
608,512,3,acyclic,0,0,0,0,10,11,2,5,1
608,544,3,acyclic,0,0,0,0,10,11,1,4,1
608,576,3,acyclic,0,0,0,0,10,11,1,2,1
608,608,3,acyclic,0,0,0,0,10,11,0,0,1
1120,0,3,acyclic,0,0,0,0,10,12,3,5,1
1120,32,3,acyclic,0,0,0,0,10,12,2,4,1
1120,64,3,acyclic,0,0,0,0,10,12,2,3,1
1120,96,3,acyclic,0,0,0,0,10,12,1,2,1
1120,1024,3,acyclic,0,0,0,0,10,12,2,5,1
1120,1056,3,acyclic,0,0,0,0,10,12,1,4,1
1120,1088,3,acyclic,0,0,0,0,10,12,1,2,1
1120,1120,3,acyclic,0,0,0,0,10,12,0,0,1
2144,0,3,layered,0,0,0,0,23,37,3,14,1
2144,32,3,layered,0,0,0,0,23,37,2,14,1
2144,64,3,layered,0,0,0,0,23,37,2,12,1
2144,96,3,layered,0,0,0,0,23,37,1,12,1
2144,2048,3,layered,0,0,0,0,23,37,2,12,1
2144,2080,3,layered,0,0,0,0,23,37,1,12,1
2144,2112,3,layered,0,0,0,0,23,37,1,2,1
2144,2144,3,layered,0,0,0,0,23,37,0,0,1
4192,0,3,layered,0,0,0,0,23,34,3,14,1
4192,32,3,layered,0,0,0,0,23,34,2,14,1
4192,64,3,layered,0,0,0,0,23,34,2,12,1
4192,96,3,layered,0,0,0,0,23,34,1,12,1
4192,4096,3,layered,0,0,0,0,23,34,2,12,1
4192,4128,3,layered,0,0,0,0,23,34,1,12,1
4192,4160,3,layered,0,0,0,0,23,34,1,2,1
4192,4192,3,layered,0,0,0,0,23,34,0,0,1
8288,0,3,layered,0,0,0,0,23,34,3,14,1
8288,32,3,layered,0,0,0,0,23,34,2,14,1
8288,64,3,layered,0,0,0,0,23,34,2,12,1
8288,96,3,layered,0,0,0,0,23,34,1,12,1
8288,8192,3,layered,0,0,0,0,23,34,2,12,1
8288,8224,3,layered,0,0,0,0,23,34,1,12,1
8288,8256,3,layered,0,0,0,0,23,34,1,2,1
8288,8288,3,layered,0,0,0,0,23,34,0,0,1
16480,0,3,acyclic,0,0,0,0,10,11,3,5,1
16480,32,3,acyclic,0,0,0,0,10,11,2,4,1
16480,64,3,acyclic,0,0,0,0,10,11,2,3,1
16480,96,3,acyclic,0,0,0,0,10,11,1,2,1
16480,16384,3,acyclic,0,0,0,0,10,11,2,4,1
16480,16416,3,acyclic,0,0,0,0,10,11,1,2,1
16480,16448,3,acyclic,0,0,0,0,10,11,1,2,1
16480,16480,3,acyclic,0,0,0,0,10,11,0,0,1
32864,0,3,acyclic,0,0,0,0,10,11,3,5,1
32864,32,3,acyclic,0,0,0,0,10,11,2,3,1
32864,64,3,acyclic,0,0,0,0,10,11,2,4,1
32864,96,3,acyclic,0,0,0,0,10,11,1,2,1
32864,32768,3,acyclic,0,0,0,0,10,11,2,4,1
32864,32800,3,acyclic,0,0,0,0,10,11,1,2,1
32864,32832,3,acyclic,0,0,0,0,10,11,1,2,1
32864,32864,3,acyclic,0,0,0,0,10,11,0,0,1
65632,0,3,acyclic,0,0,0,0,10,11,3,6,1
65632,32,3,acyclic,0,0,0,0,10,11,2,6,1
65632,64,3,acyclic,0,0,0,0,10,11,2,6,1
65632,96,3,acyclic,0,0,0,0,10,11,1,6,1
65632,65536,3,acyclic,0,0,0,0,10,11,2,4,1
65632,65568,3,acyclic,0,0,0,0,10,11,1,2,1
65632,65600,3,acyclic,0,0,0,0,10,11,1,2,1
65632,65632,3,acyclic,0,0,0,0,10,11,0,0,1
131168,0,3,acyclic,0,0,0,0,9,9,3,5,1
131168,32,3,acyclic,0,0,0,0,9,9,2,5,1
131168,64,3,acyclic,0,0,0,0,9,9,2,5,1
131168,96,3,acyclic,0,0,0,0,9,9,1,5,1
131168,131072,3,acyclic,0,0,0,0,9,9,2,4,1
131168,131104,3,acyclic,0,0,0,0,9,9,1,2,1
131168,131136,3,acyclic,0,0,0,0,9,9,1,2,1
131168,131168,3,acyclic,0,0,0,0,9,9,0,0,1
262240,0,3,acyclic,0,0,0,0,9,9,3,4,1
262240,32,3,acyclic,0,0,0,0,9,9,2,2,1
262240,64,3,acyclic,0,0,0,0,9,9,2,3,1
262240,96,3,acyclic,0,0,0,0,9,9,1,1,1
262240,262144,3,acyclic,0,0,0,0,9,9,2,4,1
262240,262176,3,acyclic,0,0,0,0,9,9,1,2,1
262240,262208,3,acyclic,0,0,0,0,9,9,1,2,1
262240,262240,3,acyclic,0,0,0,0,9,9,0,0,1
524384,0,3,acyclic,0,0,0,0,9,9,3,5,1
524384,32,3,acyclic,0,0,0,0,9,9,2,5,1
524384,64,3,acyclic,0,0,0,0,9,9,2,5,1
524384,96,3,acyclic,0,0,0,0,9,9,1,5,1
524384,524288,3,acyclic,0,0,0,0,9,9,2,4,1
524384,524320,3,acyclic,0,0,0,0,9,9,1,2,1
524384,524352,3,acyclic,0,0,0,0,9,9,1,2,1
524384,524384,3,acyclic,0,0,0,0,9,9,0,0,1
416,0,3,acyclic,0,0,0,0,10,10,3,6,1
416,32,3,acyclic,0,0,0,0,10,10,2,6,1
416,128,3,acyclic,0,0,0,0,10,10,2,4,1
416,160,3,acyclic,0,0,0,0,10,10,1,2,1
416,256,3,acyclic,0,0,0,0,10,10,2,4,1
416,288,3,acyclic,0,0,0,0,10,10,1,4,1
416,384,3,acyclic,0,0,0,0,10,10,1,2,1
416,416,3,acyclic,0,0,0,0,10,10,0,0,1
672,0,3,acyclic,0,0,0,0,10,10,3,5,1
672,32,3,acyclic,0,0,0,0,10,10,2,5,1
672,128,3,acyclic,0,0,0,0,10,10,2,3,1
672,160,3,acyclic,0,0,0,0,10,10,1,2,1
672,512,3,acyclic,0,0,0,0,10,10,2,4,1
672,544,3,acyclic,0,0,0,0,10,10,1,4,1
672,640,3,acyclic,0,0,0,0,10,10,1,2,1
672,672,3,acyclic,0,0,0,0,10,10,0,0,1
1184,0,3,acyclic,0,0,0,0,10,11,3,5,1
1184,32,3,acyclic,0,0,0,0,10,11,2,5,1
1184,128,3,acyclic,0,0,0,0,10,11,2,3,1
1184,160,3,acyclic,0,0,0,0,10,11,1,2,1
1184,1024,3,acyclic,0,0,0,0,10,11,2,5,1
1184,1056,3,acyclic,0,0,0,0,10,11,1,5,1
1184,1152,3,acyclic,0,0,0,0,10,11,1,2,1
1184,1184,3,acyclic,0,0,0,0,10,11,0,0,1
2208,0,3,layered,0,0,0,0,23,34,3,14,1
2208,32,3,layered,0,0,0,0,23,34,2,14,1
2208,128,3,layered,0,0,0,0,23,34,2,12,1
2208,160,3,layered,0,0,0,0,23,34,1,12,1
2208,2048,3,layered,0,0,0,0,23,34,2,12,1
2208,2080,3,layered,0,0,0,0,23,34,1,12,1
2208,2176,3,layered,0,0,0,0,23,34,1,2,1
2208,2208,3,layered,0,0,0,0,23,34,0,0,1
4256,0,3,acyclic,0,0,0,0,10,10,3,5,1
4256,32,3,acyclic,0,0,0,0,10,10,2,5,1
4256,128,3,acyclic,0,0,0,0,10,10,2,4,1
4256,160,3,acyclic,0,0,0,0,10,10,1,4,1
4256,4096,3,acyclic,0,0,0,0,10,10,2,4,1
4256,4128,3,acyclic,0,0,0,0,10,10,1,4,1
4256,4224,3,acyclic,0,0,0,0,10,10,1,2,1
4256,4256,3,acyclic,0,0,0,0,10,10,0,0,1
8352,0,3,acyclic,0,0,0,0,10,10,3,6,1
8352,32,3,acyclic,0,0,0,0,10,10,2,6,1
8352,128,3,acyclic,0,0,0,0,10,10,2,6,1
8352,160,3,acyclic,0,0,0,0,10,10,1,6,1
8352,8192,3,acyclic,0,0,0,0,10,10,2,4,1
8352,8224,3,acyclic,0,0,0,0,10,10,1,4,1
8352,8320,3,acyclic,0,0,0,0,10,10,1,2,1
8352,8352,3,acyclic,0,0,0,0,10,10,0,0,1
16544,0,3,acyclic,0,0,0,0,9,10,3,5,1
16544,32,3,acyclic,0,0,0,0,9,10,2,5,1
16544,128,3,acyclic,0,0,0,0,9,10,2,3,1
16544,160,3,acyclic,0,0,0,0,9,10,1,2,1
16544,16384,3,acyclic,0,0,0,0,9,10,2,5,1
16544,16416,3,acyclic,0,0,0,0,9,10,1,5,1
16544,16512,3,acyclic,0,0,0,0,9,10,1,2,1
16544,16544,3,acyclic,0,0,0,0,9,10,0,0,1
32928,0,3,acyclic,0,0,0,0,10,10,3,6,1
32928,32,3,acyclic,0,0,0,0,10,10,2,6,1
32928,128,3,acyclic,0,0,0,0,10,10,2,4,1
32928,160,3,acyclic,0,0,0,0,10,10,1,2,1
32928,32768,3,acyclic,0,0,0,0,10,10,2,6,1
32928,32800,3,acyclic,0,0,0,0,10,10,1,6,1
32928,32896,3,acyclic,0,0,0,0,10,10,1,2,1
32928,32928,3,acyclic,0,0,0,0,10,10,0,0,1
65696,0,3,layered,0,0,0,0,15,20,3,10,1
65696,32,3,layered,0,0,0,0,15,20,2,10,1
65696,128,3,layered,0,0,0,0,15,20,2,8,1
65696,160,3,layered,0,0,0,0,15,20,1,8,1
65696,65536,3,layered,0,0,0,0,15,20,2,8,1
65696,65568,3,layered,0,0,0,0,15,20,1,8,1
65696,65664,3,layered,0,0,0,0,15,20,1,2,1
65696,65696,3,layered,0,0,0,0,15,20,0,0,1
131232,0,3,acyclic,0,0,0,0,8,8,3,4,1
131232,32,3,acyclic,0,0,0,0,8,8,2,4,1
131232,128,3,acyclic,0,0,0,0,8,8,2,3,1
131232,160,3,acyclic,0,0,0,0,8,8,1,3,1
131232,131072,3,acyclic,0,0,0,0,8,8,2,4,1
131232,131104,3,acyclic,0,0,0,0,8,8,1,4,1
131232,131200,3,acyclic,0,0,0,0,8,8,1,2,1
131232,131232,3,acyclic,0,0,0,0,8,8,0,0,1
262304,0,3,acyclic,0,0,0,0,9,8,3,5,1
262304,32,3,acyclic,0,0,0,0,9,8,2,5,1
262304,128,3,acyclic,0,0,0,0,9,8,2,3,1
262304,160,3,acyclic,0,0,0,0,9,8,1,1,1
262304,262144,3,acyclic,0,0,0,0,9,8,2,4,1
262304,262176,3,acyclic,0,0,0,0,9,8,1,4,1
262304,262272,3,acyclic,0,0,0,0,9,8,1,2,1
262304,262304,3,acyclic,0,0,0,0,9,8,0,0,1
524448,0,3,acyclic,1,0,0,0,8,8,3,5,1
524448,32,3,acyclic,1,0,0,0,8,8,2,5,1
524448,128,3,acyclic,1,0,0,0,8,8,2,5,1
524448,160,3,acyclic,1,0,0,0,8,8,1,5,1
524448,524288,3,acyclic,1,0,0,0,8,8,2,4,1
524448,524320,3,acyclic,1,0,0,0,8,8,1,4,1
524448,524416,3,acyclic,1,0,0,0,8,8,1,2,1
524448,524448,3,acyclic,1,1,1,1,8,8,0,0,1
800,0,3,acyclic,0,0,0,0,10,10,3,5,1
800,32,3,acyclic,0,0,0,0,10,10,2,4,1
800,256,3,acyclic,0,0,0,0,10,10,2,3,1
800,288,3,acyclic,0,0,0,0,10,10,1,2,1
800,512,3,acyclic,0,0,0,0,10,10,2,5,1
800,544,3,acyclic,0,0,0,0,10,10,1,4,1
800,768,3,acyclic,0,0,0,0,10,10,1,2,1
800,800,3,acyclic,0,0,0,0,10,10,0,0,1
1312,0,3,acyclic,0,0,0,0,10,11,3,5,1
1312,32,3,acyclic,0,0,0,0,10,11,2,4,1
1312,256,3,acyclic,0,0,0,0,10,11,2,3,1
1312,288,3,acyclic,0,0,0,0,10,11,1,2,1
1312,1024,3,acyclic,0,0,0,0,10,11,2,5,1
1312,1056,3,acyclic,0,0,0,0,10,11,1,4,1
1312,1280,3,acyclic,0,0,0,0,10,11,1,2,1
1312,1312,3,acyclic,0,0,0,0,10,11,0,0,1
2336,0,3,layered,0,0,0,0,23,34,3,14,1
2336,32,3,layered,0,0,0,0,23,34,2,14,1
2336,256,3,layered,0,0,0,0,23,34,2,12,1
2336,288,3,layered,0,0,0,0,23,34,1,12,1
2336,2048,3,layered,0,0,0,0,23,34,2,12,1
2336,2080,3,layered,0,0,0,0,23,34,1,12,1
2336,2304,3,layered,0,0,0,0,23,34,1,2,1
2336,2336,3,layered,0,0,0,0,23,34,0,0,1
4384,0,3,acyclic,0,0,0,0,10,10,3,6,1
4384,32,3,acyclic,0,0,0,0,10,10,2,6,1
4384,256,3,acyclic,0,0,0,0,10,10,2,4,1
4384,288,3,acyclic,0,0,0,0,10,10,1,4,1
4384,4096,3,acyclic,0,0,0,0,10,10,2,6,1
4384,4128,3,acyclic,0,0,0,0,10,10,1,6,1
4384,4352,3,acyclic,0,0,0,0,10,10,1,2,1
4384,4384,3,acyclic,0,0,0,0,10,10,0,0,1
8480,0,3,layered,0,0,0,0,23,31,3,14,1
8480,32,3,layered,0,0,0,0,23,31,2,14,1
8480,256,3,layered,0,0,0,0,23,31,2,12,1
8480,288,3,layered,0,0,0,0,23,31,1,12,1
8480,8192,3,layered,0,0,0,0,23,31,2,12,1
8480,8224,3,layered,0,0,0,0,23,31,1,12,1
8480,8448,3,layered,0,0,0,0,23,31,1,2,1
8480,8480,3,layered,0,0,0,0,23,31,0,0,1
16672,0,3,acyclic,0,0,0,0,10,10,3,5,1
16672,32,3,acyclic,0,0,0,0,10,10,2,4,1
16672,256,3,acyclic,0,0,0,0,10,10,2,3,1
16672,288,3,acyclic,0,0,0,0,10,10,1,2,1
16672,16384,3,acyclic,0,0,0,0,10,10,2,4,1
16672,16416,3,acyclic,0,0,0,0,10,10,1,2,1
16672,16640,3,acyclic,0,0,0,0,10,10,1,2,1
16672,16672,3,acyclic,0,0,0,0,10,10,0,0,1
33056,0,3,acyclic,0,0,0,0,10,10,3,5,1
33056,32,3,acyclic,0,0,0,0,10,10,2,3,1
33056,256,3,acyclic,0,0,0,0,10,10,2,4,1
33056,288,3,acyclic,0,0,0,0,10,10,1,2,1
33056,32768,3,acyclic,0,0,0,0,10,10,2,4,1
33056,32800,3,acyclic,0,0,0,0,10,10,1,2,1
33056,33024,3,acyclic,0,0,0,0,10,10,1,2,1
33056,33056,3,acyclic,0,0,0,0,10,10,0,0,1
65824,0,3,acyclic,0,0,0,0,10,10,3,6,1
65824,32,3,acyclic,0,0,0,0,10,10,2,6,1
65824,256,3,acyclic,0,0,0,0,10,10,2,6,1
65824,288,3,acyclic,0,0,0,0,10,10,1,6,1
65824,65536,3,acyclic,0,0,0,0,10,10,2,4,1
65824,65568,3,acyclic,0,0,0,0,10,10,1,2,1
65824,65792,3,acyclic,0,0,0,0,10,10,1,2,1
65824,65824,3,acyclic,0,0,0,0,10,10,0,0,1
131360,0,3,acyclic,0,0,0,0,9,8,3,5,1
131360,32,3,acyclic,0,0,0,0,9,8,2,5,1
131360,256,3,acyclic,0,0,0,0,9,8,2,3,1
131360,288,3,acyclic,0,0,0,0,9,8,1,3,1
131360,131072,3,acyclic,0,0,0,0,9,8,2,4,1
131360,131104,3,acyclic,0,0,0,0,9,8,1,2,1
131360,131328,3,acyclic,0,0,0,0,9,8,1,2,1
131360,131360,3,acyclic,0,0,0,0,9,8,0,0,1
262432,0,3,acyclic,0,0,0,0,9,8,3,4,1
262432,32,3,acyclic,0,0,0,0,9,8,2,2,1
262432,256,3,acyclic,0,0,0,0,9,8,2,3,1
262432,288,3,acyclic,0,0,0,0,9,8,1,1,1
262432,262144,3,acyclic,0,0,0,0,9,8,2,4,1
262432,262176,3,acyclic,0,0,0,0,9,8,1,2,1
262432,262400,3,acyclic,0,0,0,0,9,8,1,2,1
262432,262432,3,acyclic,0,0,0,0,9,8,0,0,1
524576,0,3,acyclic,0,0,0,0,9,8,3,5,1
524576,32,3,acyclic,0,0,0,0,9,8,2,5,1
524576,256,3,acyclic,0,0,0,0,9,8,2,5,1
524576,288,3,acyclic,0,0,0,0,9,8,1,5,1
524576,524288,3,acyclic,0,0,0,0,9,8,2,4,1
524576,524320,3,acyclic,0,0,0,0,9,8,1,2,1
524576,524544,3,acyclic,0,0,0,0,9,8,1,2,1
524576,524576,3,acyclic,0,0,0,0,9,8,0,0,1
1568,0,3,acyclic,0,0,0,0,10,11,3,4,1
1568,32,3,acyclic,0,0,0,0,10,11,2,3,1
1568,512,3,acyclic,0,0,0,0,10,11,2,3,1
1568,544,3,acyclic,0,0,0,0,10,11,1,2,1
1568,1024,3,acyclic,0,0,0,0,10,11,2,3,1
1568,1056,3,acyclic,0,0,0,0,10,11,1,2,1
1568,1536,3,acyclic,0,0,0,0,10,11,1,2,1
1568,1568,3,acyclic,0,0,0,0,10,11,0,0,1
2592,0,3,acyclic,0,0,0,0,10,11,3,5,1
2592,32,3,acyclic,0,0,0,0,10,11,2,5,1
2592,512,3,acyclic,0,0,0,0,10,11,2,4,1
2592,544,3,acyclic,0,0,0,0,10,11,1,4,1
2592,2048,3,acyclic,0,0,0,0,10,11,2,3,1
2592,2080,3,acyclic,0,0,0,0,10,11,1,2,1
2592,2560,3,acyclic,0,0,0,0,10,11,1,2,1
2592,2592,3,acyclic,0,0,0,0,10,11,0,0,1
4640,0,3,acyclic,0,0,0,0,10,10,3,5,1
4640,32,3,acyclic,0,0,0,0,10,10,2,5,1
4640,512,3,acyclic,0,0,0,0,10,10,2,4,1
4640,544,3,acyclic,0,0,0,0,10,10,1,4,1
4640,4096,3,acyclic,0,0,0,0,10,10,2,3,1
4640,4128,3,acyclic,0,0,0,0,10,10,1,2,1
4640,4608,3,acyclic,0,0,0,0,10,10,1,2,1
4640,4640,3,acyclic,0,0,0,0,10,10,0,0,1
8736,0,3,acyclic,0,0,0,0,10,10,3,5,1
8736,32,3,acyclic,0,0,0,0,10,10,2,5,1
8736,512,3,acyclic,0,0,0,0,10,10,2,4,1
8736,544,3,acyclic,0,0,0,0,10,10,1,4,1
8736,8192,3,acyclic,0,0,0,0,10,10,2,3,1
8736,8224,3,acyclic,0,0,0,0,10,10,1,2,1
8736,8704,3,acyclic,0,0,0,0,10,10,1,2,1
8736,8736,3,acyclic,0,0,0,0,10,10,0,0,1
16928,0,3,acyclic,0,0,0,0,10,10,3,4,1
16928,32,3,acyclic,0,0,0,0,10,10,2,3,1
16928,512,3,acyclic,0,0,0,0,10,10,2,3,1
16928,544,3,acyclic,0,0,0,0,10,10,1,2,1
16928,16384,3,acyclic,0,0,0,0,10,10,2,3,1
16928,16416,3,acyclic,0,0,0,0,10,10,1,2,1
16928,16896,3,acyclic,0,0,0,0,10,10,1,2,1
16928,16928,3,acyclic,0,0,0,0,10,10,0,0,1
33312,0,3,acyclic,0,0,0,0,10,10,3,5,1
33312,32,3,acyclic,0,0,0,0,10,10,2,4,1
33312,512,3,acyclic,0,0,0,0,10,10,2,5,1
33312,544,3,acyclic,0,0,0,0,10,10,1,4,1
33312,32768,3,acyclic,0,0,0,0,10,10,2,3,1
33312,32800,3,acyclic,0,0,0,0,10,10,1,2,1
33312,33280,3,acyclic,0,0,0,0,10,10,1,2,1
33312,33312,3,acyclic,0,0,0,0,10,10,0,0,1
66080,0,3,acyclic,0,0,0,0,10,10,3,5,1
66080,32,3,acyclic,0,0,0,0,10,10,2,5,1
66080,512,3,acyclic,0,0,0,0,10,10,2,4,1
66080,544,3,acyclic,0,0,0,0,10,10,1,4,1
66080,65536,3,acyclic,0,0,0,0,10,10,2,3,1
66080,65568,3,acyclic,0,0,0,0,10,10,1,2,1
66080,66048,3,acyclic,0,0,0,0,10,10,1,2,1
66080,66080,3,acyclic,0,0,0,0,10,10,0,0,1
131616,0,3,acyclic,0,0,0,0,9,8,3,4,1
131616,32,3,acyclic,0,0,0,0,9,8,2,4,1
131616,512,3,acyclic,0,0,0,0,9,8,2,3,1
131616,544,3,acyclic,0,0,0,0,9,8,1,3,1
131616,131072,3,acyclic,0,0,0,0,9,8,2,3,1
131616,131104,3,acyclic,0,0,0,0,9,8,1,2,1
131616,131584,3,acyclic,0,0,0,0,9,8,1,2,1
131616,131616,3,acyclic,0,0,0,0,9,8,0,0,1
262688,0,3,acyclic,1,0,0,0,9,8,3,4,1
262688,32,3,acyclic,1,0,0,0,9,8,2,3,1
262688,512,3,acyclic,1,0,0,0,9,8,2,4,1
262688,544,3,acyclic,1,0,0,0,9,8,1,3,1
262688,262144,3,acyclic,1,0,0,0,9,8,2,3,1
262688,262176,3,acyclic,1,0,0,0,9,8,1,2,1
262688,262656,3,acyclic,1,1,1,1,9,8,1,2,1
262688,262688,3,acyclic,1,1,1,1,9,8,0,0,1
524832,0,3,acyclic,0,0,0,0,9,8,3,4,1
524832,32,3,acyclic,0,0,0,0,9,8,2,4,1
524832,512,3,acyclic,0,0,0,0,9,8,2,3,1
524832,544,3,acyclic,0,0,0,0,9,8,1,3,1
524832,524288,3,acyclic,0,0,0,0,9,8,2,3,1
524832,524320,3,acyclic,0,0,0,0,9,8,1,2,1
524832,524800,3,acyclic,0,0,0,0,9,8,1,2,1
524832,524832,3,acyclic,0,0,0,0,9,8,0,0,1
3104,0,3,acyclic,0,0,0,0,10,12,3,5,1
3104,32,3,acyclic,0,0,0,0,10,12,2,5,1
3104,1024,3,acyclic,0,0,0,0,10,12,2,4,1
3104,1056,3,acyclic,0,0,0,0,10,12,1,4,1
3104,2048,3,acyclic,0,0,0,0,10,12,2,3,1
3104,2080,3,acyclic,0,0,0,0,10,12,1,2,1
3104,3072,3,acyclic,0,0,0,0,10,12,1,2,1
3104,3104,3,acyclic,0,0,0,0,10,12,0,0,1
5152,0,3,acyclic,0,0,0,0,10,11,3,5,1
5152,32,3,acyclic,0,0,0,0,10,11,2,5,1
5152,1024,3,acyclic,0,0,0,0,10,11,2,5,1
5152,1056,3,acyclic,0,0,0,0,10,11,1,5,1
5152,4096,3,acyclic,0,0,0,0,10,11,2,3,1
5152,4128,3,acyclic,0,0,0,0,10,11,1,2,1
5152,5120,3,acyclic,0,0,0,0,10,11,1,2,1
5152,5152,3,acyclic,0,0,0,0,10,11,0,0,1
9248,0,3,acyclic,0,0,0,0,10,11,3,5,1
9248,32,3,acyclic,0,0,0,0,10,11,2,5,1
9248,1024,3,acyclic,0,0,0,0,10,11,2,4,1
9248,1056,3,acyclic,0,0,0,0,10,11,1,4,1
9248,8192,3,acyclic,0,0,0,0,10,11,2,3,1
9248,8224,3,acyclic,0,0,0,0,10,11,1,2,1
9248,9216,3,acyclic,0,0,0,0,10,11,1,2,1
9248,9248,3,acyclic,0,0,0,0,10,11,0,0,1
17440,0,3,acyclic,0,0,0,0,10,11,3,4,1
17440,32,3,acyclic,0,0,0,0,10,11,2,3,1
17440,1024,3,acyclic,0,0,0,0,10,11,2,3,1
17440,1056,3,acyclic,0,0,0,0,10,11,1,2,1
17440,16384,3,acyclic,0,0,0,0,10,11,2,3,1
17440,16416,3,acyclic,0,0,0,0,10,11,1,2,1
17440,17408,3,acyclic,0,0,0,0,10,11,1,2,1
17440,17440,3,acyclic,0,0,0,0,10,11,0,0,1
33824,0,3,acyclic,0,0,0,0,10,11,3,5,1
33824,32,3,acyclic,0,0,0,0,10,11,2,4,1
33824,1024,3,acyclic,0,0,0,0,10,11,2,5,1
33824,1056,3,acyclic,0,0,0,0,10,11,1,4,1
33824,32768,3,acyclic,0,0,0,0,10,11,2,3,1
33824,32800,3,acyclic,0,0,0,0,10,11,1,2,1
33824,33792,3,acyclic,0,0,0,0,10,11,1,2,1
33824,33824,3,acyclic,0,0,0,0,10,11,0,0,1
66592,0,3,acyclic,0,0,0,0,10,11,3,5,1
66592,32,3,acyclic,0,0,0,0,10,11,2,5,1
66592,1024,3,acyclic,0,0,0,0,10,11,2,4,1
66592,1056,3,acyclic,0,0,0,0,10,11,1,4,1
66592,65536,3,acyclic,0,0,0,0,10,11,2,3,1
66592,65568,3,acyclic,0,0,0,0,10,11,1,2,1
66592,66560,3,acyclic,0,0,0,0,10,11,1,2,1
66592,66592,3,acyclic,0,0,0,0,10,11,0,0,1
132128,0,3,acyclic,0,0,0,0,9,9,3,4,1
132128,32,3,acyclic,0,0,0,0,9,9,2,4,1
132128,1024,3,acyclic,0,0,0,0,9,9,2,4,1
132128,1056,3,acyclic,0,0,0,0,9,9,1,4,1
132128,131072,3,acyclic,0,0,0,0,9,9,2,3,1
132128,131104,3,acyclic,0,0,0,0,9,9,1,2,1
132128,132096,3,acyclic,0,0,0,0,9,9,1,2,1
132128,132128,3,acyclic,0,0,0,0,9,9,0,0,1
263200,0,3,acyclic,0,0,0,0,9,9,3,4,1
263200,32,3,acyclic,0,0,0,0,9,9,2,3,1
263200,1024,3,acyclic,0,0,0,0,9,9,2,4,1
263200,1056,3,acyclic,0,0,0,0,9,9,1,3,1
263200,262144,3,acyclic,0,0,0,0,9,9,2,3,1
263200,262176,3,acyclic,0,0,0,0,9,9,1,2,1
263200,263168,3,acyclic,0,0,0,0,9,9,1,2,1
263200,263200,3,acyclic,0,0,0,0,9,9,0,0,1
525344,0,3,acyclic,0,0,0,0,9,9,3,4,1
525344,32,3,acyclic,0,0,0,0,9,9,2,4,1
525344,1024,3,acyclic,0,0,0,0,9,9,2,3,1
525344,1056,3,acyclic,0,0,0,0,9,9,1,3,1
525344,524288,3,acyclic,0,0,0,0,9,9,2,3,1
525344,524320,3,acyclic,0,0,0,0,9,9,1,2,1
525344,525312,3,acyclic,0,0,0,0,9,9,1,2,1
525344,525344,3,acyclic,0,0,0,0,9,9,0,0,1
6176,0,3,acyclic,0,0,0,0,10,11,3,6,1
6176,32,3,acyclic,0,0,0,0,10,11,2,6,1
6176,2048,3,acyclic,0,0,0,0,10,11,2,6,1
6176,2080,3,acyclic,0,0,0,0,10,11,1,6,1
6176,4096,3,acyclic,0,0,0,0,10,11,2,4,1
6176,4128,3,acyclic,0,0,0,0,10,11,1,4,1
6176,6144,3,acyclic,0,0,0,0,10,11,1,2,1
6176,6176,3,acyclic,0,0,0,0,10,11,0,0,1
10272,0,3,acyclic,0,0,0,0,10,11,3,5,1
10272,32,3,acyclic,0,0,0,0,10,11,2,5,1
10272,2048,3,acyclic,0,0,0,0,10,11,2,4,1
10272,2080,3,acyclic,0,0,0,0,10,11,1,4,1
10272,8192,3,acyclic,0,0,0,0,10,11,2,4,1
10272,8224,3,acyclic,0,0,0,0,10,11,1,4,1
10272,10240,3,acyclic,0,0,0,0,10,11,1,2,1
10272,10272,3,acyclic,0,0,0,0,10,11,0,0,1
18464,0,3,acyclic,0,0,0,0,10,11,3,5,1
18464,32,3,acyclic,0,0,0,0,10,11,2,5,1
18464,2048,3,acyclic,0,0,0,0,10,11,2,3,1
18464,2080,3,acyclic,0,0,0,0,10,11,1,2,1
18464,16384,3,acyclic,0,0,0,0,10,11,2,4,1
18464,16416,3,acyclic,0,0,0,0,10,11,1,4,1
18464,18432,3,acyclic,0,0,0,0,10,11,1,2,1
18464,18464,3,acyclic,0,0,0,0,10,11,0,0,1
34848,0,3,acyclic,0,0,0,0,10,11,3,6,1
34848,32,3,acyclic,0,0,0,0,10,11,2,6,1
34848,2048,3,acyclic,0,0,0,0,10,11,2,6,1
34848,2080,3,acyclic,0,0,0,0,10,11,1,6,1
34848,32768,3,acyclic,0,0,0,0,10,11,2,4,1
34848,32800,3,acyclic,0,0,0,0,10,11,1,4,1
34848,34816,3,acyclic,0,0,0,0,10,11,1,2,1
34848,34848,3,acyclic,0,0,0,0,10,11,0,0,1
67616,0,3,acyclic,0,0,0,0,10,11,3,5,1
67616,32,3,acyclic,0,0,0,0,10,11,2,5,1
67616,2048,3,acyclic,0,0,0,0,10,11,2,4,1
67616,2080,3,acyclic,0,0,0,0,10,11,1,4,1
67616,65536,3,acyclic,0,0,0,0,10,11,2,4,1
67616,65568,3,acyclic,0,0,0,0,10,11,1,4,1
67616,67584,3,acyclic,0,0,0,0,10,11,1,2,1
67616,67616,3,acyclic,0,0,0,0,10,11,0,0,1
133152,0,3,acyclic,0,0,0,0,9,9,3,5,1
133152,32,3,acyclic,0,0,0,0,9,9,2,5,1
133152,2048,3,acyclic,0,0,0,0,9,9,2,5,1
133152,2080,3,acyclic,0,0,0,0,9,9,1,5,1
133152,131072,3,acyclic,0,0,0,0,9,9,2,4,1
133152,131104,3,acyclic,0,0,0,0,9,9,1,4,1
133152,133120,3,acyclic,0,0,0,0,9,9,1,2,1
133152,133152,3,acyclic,0,0,0,0,9,9,0,0,1
264224,0,3,acyclic,0,0,0,0,9,9,3,5,1
264224,32,3,acyclic,0,0,0,0,9,9,2,5,1
264224,2048,3,acyclic,0,0,0,0,9,9,2,5,1
264224,2080,3,acyclic,0,0,0,0,9,9,1,5,1
264224,262144,3,acyclic,0,0,0,0,9,9,2,4,1
264224,262176,3,acyclic,0,0,0,0,9,9,1,4,1
264224,264192,3,acyclic,0,0,0,0,9,9,1,2,1
264224,264224,3,acyclic,0,0,0,0,9,9,0,0,1
526368,0,3,acyclic,0,0,0,0,9,9,3,4,1
526368,32,3,acyclic,0,0,0,0,9,9,2,4,1
526368,2048,3,acyclic,0,0,0,0,9,9,2,3,1
526368,2080,3,acyclic,0,0,0,0,9,9,1,3,1
526368,524288,3,acyclic,0,0,0,0,9,9,2,4,1
526368,524320,3,acyclic,0,0,0,0,9,9,1,4,1
526368,526336,3,acyclic,0,0,0,0,9,9,1,2,1
526368,526368,3,acyclic,0,0,0,0,9,9,0,0,1
12320,0,3,acyclic,0,0,0,0,10,10,3,6,1
12320,32,3,acyclic,0,0,0,0,10,10,2,6,1
12320,4096,3,acyclic,0,0,0,0,10,10,2,4,1
12320,4128,3,acyclic,0,0,0,0,10,10,1,4,1
12320,8192,3,acyclic,0,0,0,0,10,10,2,4,1
12320,8224,3,acyclic,0,0,0,0,10,10,1,4,1
12320,12288,3,acyclic,0,0,0,0,10,10,1,2,1
12320,12320,3,acyclic,0,0,0,0,10,10,0,0,1
20512,0,3,acyclic,0,0,0,0,10,10,3,5,1
20512,32,3,acyclic,0,0,0,0,10,10,2,5,1
20512,4096,3,acyclic,0,0,0,0,10,10,2,3,1
20512,4128,3,acyclic,0,0,0,0,10,10,1,2,1
20512,16384,3,acyclic,0,0,0,0,10,10,2,5,1
20512,16416,3,acyclic,0,0,0,0,10,10,1,5,1
20512,20480,3,acyclic,0,0,0,0,10,10,1,2,1
20512,20512,3,acyclic,0,0,0,0,10,10,0,0,1
36896,0,3,layered,0,0,0,0,23,31,3,14,1
36896,32,3,layered,0,0,0,0,23,31,2,14,1
36896,4096,3,layered,0,0,0,0,23,31,2,12,1
36896,4128,3,layered,0,0,0,0,23,31,1,12,1
36896,32768,3,layered,0,0,0,0,23,31,2,12,1
36896,32800,3,layered,0,0,0,0,23,31,1,12,1
36896,36864,3,layered,0,0,0,0,23,31,1,2,1
36896,36896,3,layered,0,0,0,0,23,31,0,0,1
69664,0,3,acyclic,0,0,0,0,10,10,3,6,1
69664,32,3,acyclic,0,0,0,0,10,10,2,6,1
69664,4096,3,acyclic,0,0,0,0,10,10,2,4,1
69664,4128,3,acyclic,0,0,0,0,10,10,1,4,1
69664,65536,3,acyclic,0,0,0,0,10,10,2,6,1
69664,65568,3,acyclic,0,0,0,0,10,10,1,6,1
69664,69632,3,acyclic,0,0,0,0,10,10,1,2,1
69664,69664,3,acyclic,0,0,0,0,10,10,0,0,1
135200,0,3,acyclic,0,0,0,0,9,8,3,4,1
135200,32,3,acyclic,0,0,0,0,9,8,2,4,1
135200,4096,3,acyclic,0,0,0,0,9,8,2,3,1
135200,4128,3,acyclic,0,0,0,0,9,8,1,3,1
135200,131072,3,acyclic,0,0,0,0,9,8,2,4,1
135200,131104,3,acyclic,0,0,0,0,9,8,1,4,1
135200,135168,3,acyclic,0,0,0,0,9,8,1,2,1
135200,135200,3,acyclic,0,0,0,0,9,8,0,0,1
266272,0,3,acyclic,0,0,0,0,9,8,3,5,1
266272,32,3,acyclic,0,0,0,0,9,8,2,5,1
266272,4096,3,acyclic,0,0,0,0,9,8,2,5,1
266272,4128,3,acyclic,0,0,0,0,9,8,1,5,1
266272,262144,3,acyclic,0,0,0,0,9,8,2,4,1
266272,262176,3,acyclic,0,0,0,0,9,8,1,4,1
266272,266240,3,acyclic,0,0,0,0,9,8,1,2,1
266272,266272,3,acyclic,0,0,0,0,9,8,0,0,1
528416,0,3,acyclic,0,0,0,0,9,8,3,5,1
528416,32,3,acyclic,0,0,0,0,9,8,2,5,1
528416,4096,3,acyclic,0,0,0,0,9,8,2,3,1
528416,4128,3,acyclic,0,0,0,0,9,8,1,3,1
528416,524288,3,acyclic,0,0,0,0,9,8,2,4,1
528416,524320,3,acyclic,0,0,0,0,9,8,1,4,1
528416,528384,3,acyclic,0,0,0,0,9,8,1,2,1
528416,528416,3,acyclic,0,0,0,0,9,8,0,0,1
24608,0,3,acyclic,0,0,0,0,10,10,3,5,1
24608,32,3,acyclic,0,0,0,0,10,10,2,5,1
24608,8192,3,acyclic,0,0,0,0,10,10,2,3,1
24608,8224,3,acyclic,0,0,0,0,10,10,1,2,1
24608,16384,3,acyclic,0,0,0,0,10,10,2,4,1
24608,16416,3,acyclic,0,0,0,0,10,10,1,4,1
24608,24576,3,acyclic,0,0,0,0,10,10,1,2,1
24608,24608,3,acyclic,0,0,0,0,10,10,0,0,1
40992,0,3,acyclic,0,0,0,0,10,10,3,6,1
40992,32,3,acyclic,0,0,0,0,10,10,2,6,1
40992,8192,3,acyclic,0,0,0,0,10,10,2,6,1
40992,8224,3,acyclic,0,0,0,0,10,10,1,6,1
40992,32768,3,acyclic,0,0,0,0,10,10,2,4,1
40992,32800,3,acyclic,0,0,0,0,10,10,1,4,1
40992,40960,3,acyclic,0,0,0,0,10,10,1,2,1
40992,40992,3,acyclic,0,0,0,0,10,10,0,0,1
73760,0,3,acyclic,0,0,0,0,10,10,3,5,1
73760,32,3,acyclic,0,0,0,0,10,10,2,5,1
73760,8192,3,acyclic,0,0,0,0,10,10,2,4,1
73760,8224,3,acyclic,0,0,0,0,10,10,1,4,1
73760,65536,3,acyclic,0,0,0,0,10,10,2,4,1
73760,65568,3,acyclic,0,0,0,0,10,10,1,4,1
73760,73728,3,acyclic,0,0,0,0,10,10,1,2,1
73760,73760,3,acyclic,0,0,0,0,10,10,0,0,1
139296,0,3,acyclic,0,0,0,0,9,8,3,5,1
139296,32,3,acyclic,0,0,0,0,9,8,2,5,1
139296,8192,3,acyclic,0,0,0,0,9,8,2,3,1
139296,8224,3,acyclic,0,0,0,0,9,8,1,3,1
139296,131072,3,acyclic,0,0,0,0,9,8,2,4,1
139296,131104,3,acyclic,0,0,0,0,9,8,1,4,1
139296,139264,3,acyclic,0,0,0,0,9,8,1,2,1
139296,139296,3,acyclic,0,0,0,0,9,8,0,0,1
270368,0,3,acyclic,0,0,0,0,9,8,3,5,1
270368,32,3,acyclic,0,0,0,0,9,8,2,5,1
270368,8192,3,acyclic,0,0,0,0,9,8,2,5,1
270368,8224,3,acyclic,0,0,0,0,9,8,1,5,1
270368,262144,3,acyclic,0,0,0,0,9,8,2,4,1
270368,262176,3,acyclic,0,0,0,0,9,8,1,4,1
270368,270336,3,acyclic,0,0,0,0,9,8,1,2,1
270368,270368,3,acyclic,0,0,0,0,9,8,0,0,1
532512,0,3,acyclic,0,0,0,0,9,8,3,4,1
532512,32,3,acyclic,0,0,0,0,9,8,2,4,1
532512,8192,3,acyclic,0,0,0,0,9,8,2,3,1
532512,8224,3,acyclic,0,0,0,0,9,8,1,3,1
532512,524288,3,acyclic,0,0,0,0,9,8,2,4,1
532512,524320,3,acyclic,0,0,0,0,9,8,1,4,1
532512,532480,3,acyclic,0,0,0,0,9,8,1,2,1
532512,532512,3,acyclic,0,0,0,0,9,8,0,0,1
49184,0,3,acyclic,0,0,0,0,10,10,3,5,1
49184,32,3,acyclic,0,0,0,0,10,10,2,4,1
49184,16384,3,acyclic,0,0,0,0,10,10,2,4,1
49184,16416,3,acyclic,0,0,0,0,10,10,1,2,1
49184,32768,3,acyclic,0,0,0,0,10,10,2,3,1
49184,32800,3,acyclic,0,0,0,0,10,10,1,2,1
49184,49152,3,acyclic,0,0,0,0,10,10,1,2,1
49184,49184,3,acyclic,0,0,0,0,10,10,0,0,1
81952,0,3,acyclic,0,0,0,0,9,10,3,5,1
81952,32,3,acyclic,0,0,0,0,9,10,2,5,1
81952,16384,3,acyclic,0,0,0,0,9,10,2,4,1
81952,16416,3,acyclic,0,0,0,0,9,10,1,4,1
81952,65536,3,acyclic,0,0,0,0,9,10,2,3,1
81952,65568,3,acyclic,0,0,0,0,9,10,1,2,1
81952,81920,3,acyclic,0,0,0,0,9,10,1,2,1
81952,81952,3,acyclic,0,0,0,0,9,10,0,0,1
147488,0,3,acyclic,1,0,0,0,8,8,3,4,1
147488,32,3,acyclic,1,0,0,0,8,8,2,4,1
147488,16384,3,acyclic,1,0,0,0,8,8,2,4,1
147488,16416,3,acyclic,1,0,0,0,8,8,1,4,1
147488,131072,3,acyclic,1,0,0,0,8,8,2,3,1
147488,131104,3,acyclic,1,0,0,0,8,8,1,2,1
147488,147456,3,acyclic,1,1,1,1,8,8,1,2,1
147488,147488,3,acyclic,1,1,1,1,8,8,0,0,1
278560,0,3,acyclic,0,0,0,0,9,8,3,4,1
278560,32,3,acyclic,0,0,0,0,9,8,2,3,1
278560,16384,3,acyclic,0,0,0,0,9,8,2,3,1
278560,16416,3,acyclic,0,0,0,0,9,8,1,1,1
278560,262144,3,acyclic,0,0,0,0,9,8,2,3,1
278560,262176,3,acyclic,0,0,0,0,9,8,1,2,1
278560,278528,3,acyclic,0,0,0,0,9,8,1,2,1
278560,278560,3,acyclic,0,0,0,0,9,8,0,0,1
540704,0,3,acyclic,0,0,0,0,8,8,3,4,1
540704,32,3,acyclic,0,0,0,0,8,8,2,4,1
540704,16384,3,acyclic,0,0,0,0,8,8,2,3,1
540704,16416,3,acyclic,0,0,0,0,8,8,1,3,1
540704,524288,3,acyclic,0,0,0,0,8,8,2,3,1
540704,524320,3,acyclic,0,0,0,0,8,8,1,2,1
540704,540672,3,acyclic,0,0,0,0,8,8,1,2,1
540704,540704,3,acyclic,0,0,0,0,8,8,0,0,1
98336,0,3,acyclic,0,0,0,0,10,10,3,6,1
98336,32,3,acyclic,0,0,0,0,10,10,2,6,1
98336,32768,3,acyclic,0,0,0,0,10,10,2,4,1
98336,32800,3,acyclic,0,0,0,0,10,10,1,4,1
98336,65536,3,acyclic,0,0,0,0,10,10,2,4,1
98336,65568,3,acyclic,0,0,0,0,10,10,1,2,1
98336,98304,3,acyclic,0,0,0,0,10,10,1,2,1
98336,98336,3,acyclic,0,0,0,0,10,10,0,0,1
163872,0,3,acyclic,0,0,0,0,9,8,3,5,1
163872,32,3,acyclic,0,0,0,0,9,8,2,5,1
163872,32768,3,acyclic,0,0,0,0,9,8,2,5,1
163872,32800,3,acyclic,0,0,0,0,9,8,1,5,1
163872,131072,3,acyclic,0,0,0,0,9,8,2,4,1
163872,131104,3,acyclic,0,0,0,0,9,8,1,2,1
163872,163840,3,acyclic,0,0,0,0,9,8,1,2,1
163872,163872,3,acyclic,0,0,0,0,9,8,0,0,1
294944,0,3,acyclic,0,0,0,0,9,8,3,4,1
294944,32,3,acyclic,0,0,0,0,9,8,2,2,1
294944,32768,3,acyclic,0,0,0,0,9,8,2,3,1
294944,32800,3,acyclic,0,0,0,0,9,8,1,1,1
294944,262144,3,acyclic,0,0,0,0,9,8,2,4,1
294944,262176,3,acyclic,0,0,0,0,9,8,1,2,1
294944,294912,3,acyclic,0,0,0,0,9,8,1,2,1
294944,294944,3,acyclic,0,0,0,0,9,8,0,0,1
557088,0,3,acyclic,0,0,0,0,9,8,3,5,1
557088,32,3,acyclic,0,0,0,0,9,8,2,5,1
557088,32768,3,acyclic,0,0,0,0,9,8,2,3,1
557088,32800,3,acyclic,0,0,0,0,9,8,1,3,1
557088,524288,3,acyclic,0,0,0,0,9,8,2,4,1
557088,524320,3,acyclic,0,0,0,0,9,8,1,2,1
557088,557056,3,acyclic,0,0,0,0,9,8,1,2,1
557088,557088,3,acyclic,0,0,0,0,9,8,0,0,1
196640,0,3,acyclic,1,0,0,0,8,8,3,5,1
196640,32,3,acyclic,1,0,0,0,8,8,2,5,1
196640,65536,3,acyclic,1,0,0,0,8,8,2,5,1
196640,65568,3,acyclic,1,0,0,0,8,8,1,5,1
196640,131072,3,acyclic,1,0,0,0,8,8,2,4,1
196640,131104,3,acyclic,1,0,0,0,8,8,1,4,1
196640,196608,3,acyclic,1,0,0,0,8,8,1,2,1
196640,196640,3,acyclic,1,1,1,1,8,8,0,0,1
327712,0,3,acyclic,0,0,0,0,9,8,3,5,1
327712,32,3,acyclic,0,0,0,0,9,8,2,5,1
327712,65536,3,acyclic,0,0,0,0,9,8,2,3,1
327712,65568,3,acyclic,0,0,0,0,9,8,1,1,1
327712,262144,3,acyclic,0,0,0,0,9,8,2,4,1
327712,262176,3,acyclic,0,0,0,0,9,8,1,4,1
327712,327680,3,acyclic,0,0,0,0,9,8,1,2,1
327712,327712,3,acyclic,0,0,0,0,9,8,0,0,1
589856,0,3,acyclic,0,0,0,0,8,8,3,4,1
589856,32,3,acyclic,0,0,0,0,8,8,2,4,1
589856,65536,3,acyclic,0,0,0,0,8,8,2,3,1
589856,65568,3,acyclic,0,0,0,0,8,8,1,3,1
589856,524288,3,acyclic,0,0,0,0,8,8,2,4,1
589856,524320,3,acyclic,0,0,0,0,8,8,1,4,1
589856,589824,3,acyclic,0,0,0,0,8,8,1,2,1
589856,589856,3,acyclic,0,0,0,0,8,8,0,0,1
393248,0,3,acyclic,0,0,0,0,8,6,3,4,1
393248,32,3,acyclic,0,0,0,0,8,6,2,4,1
393248,131072,3,acyclic,0,0,0,0,8,6,2,3,1
393248,131104,3,acyclic,0,0,0,0,8,6,1,1,1
393248,262144,3,acyclic,0,0,0,0,8,6,2,3,1
393248,262176,3,acyclic,0,0,0,0,8,6,1,3,1
393248,393216,3,acyclic,0,0,0,0,8,6,1,2,1
393248,393248,3,acyclic,0,0,0,0,8,6,0,0,1
655392,0,3,acyclic,1,0,0,0,7,6,3,4,1
655392,32,3,acyclic,1,0,0,0,7,6,2,4,1
655392,131072,3,acyclic,1,0,0,0,7,6,2,3,1
655392,131104,3,acyclic,1,0,0,0,7,6,1,3,1
655392,524288,3,acyclic,1,0,0,0,7,6,2,3,1
655392,524320,3,acyclic,1,0,0,0,7,6,1,3,1
655392,655360,3,acyclic,1,0,0,0,7,6,1,2,1
655392,655392,3,acyclic,1,1,1,1,7,6,0,0,1
786464,0,3,acyclic,0,0,0,0,8,6,3,4,1
786464,32,3,acyclic,0,0,0,0,8,6,2,4,1
786464,262144,3,acyclic,0,0,0,0,8,6,2,3,1
786464,262176,3,acyclic,0,0,0,0,8,6,1,3,1
786464,524288,3,acyclic,0,0,0,0,8,6,2,3,1
786464,524320,3,acyclic,0,0,0,0,8,6,1,1,1
786464,786432,3,acyclic,0,0,0,0,8,6,1,2,1
786464,786464,3,acyclic,0,0,0,0,8,6,0,0,1
448,0,3,acyclic,0,0,0,0,10,10,3,5,1
448,64,3,acyclic,0,0,0,0,10,10,2,5,1
448,128,3,acyclic,0,0,0,0,10,10,2,3,1
448,192,3,acyclic,0,0,0,0,10,10,1,2,1
448,256,3,acyclic,0,0,0,0,10,10,2,4,1
448,320,3,acyclic,0,0,0,0,10,10,1,4,1
448,384,3,acyclic,0,0,0,0,10,10,1,2,1
448,448,3,acyclic,0,0,0,0,10,10,0,0,1
704,0,3,acyclic,0,0,0,0,10,10,3,6,1
704,64,3,acyclic,0,0,0,0,10,10,2,6,1
704,128,3,acyclic,0,0,0,0,10,10,2,4,1
704,192,3,acyclic,0,0,0,0,10,10,1,2,1
704,512,3,acyclic,0,0,0,0,10,10,2,6,1
704,576,3,acyclic,0,0,0,0,10,10,1,6,1
704,640,3,acyclic,0,0,0,0,10,10,1,4,1
704,704,3,acyclic,0,0,0,0,10,10,0,0,1
1216,0,3,acyclic,0,0,0,0,10,11,3,6,1
1216,64,3,acyclic,0,0,0,0,10,11,2,6,1
1216,128,3,acyclic,0,0,0,0,10,11,2,4,1
1216,192,3,acyclic,0,0,0,0,10,11,1,2,1
1216,1024,3,acyclic,0,0,0,0,10,11,2,6,1
1216,1088,3,acyclic,0,0,0,0,10,11,1,6,1
1216,1152,3,acyclic,0,0,0,0,10,11,1,4,1
1216,1216,3,acyclic,0,0,0,0,10,11,0,0,1
2240,0,3,layered,0,0,0,0,25,42,3,18,1
2240,64,3,layered,0,0,0,0,25,42,2,16,1
2240,128,3,layered,0,0,0,0,25,42,2,16,1
2240,192,3,layered,0,0,0,0,25,42,1,14,1
2240,2048,3,layered,0,0,0,0,25,42,2,16,1
2240,2112,3,layered,0,0,0,0,25,42,1,14,1
2240,2176,3,layered,0,0,0,0,25,42,1,12,1
2240,2240,3,layered,0,0,0,0,25,42,0,0,1
4288,0,3,layered,0,0,0,0,25,39,3,15,1
4288,64,3,layered,0,0,0,0,25,39,2,13,1
4288,128,3,layered,0,0,0,0,25,39,2,12,1
4288,192,3,layered,0,0,0,0,25,39,1,10,1
4288,4096,3,layered,0,0,0,0,25,39,2,14,1
4288,4160,3,layered,0,0,0,0,25,39,1,11,1
4288,4224,3,layered,0,0,0,0,25,39,1,10,1
4288,4288,3,layered,0,0,0,0,25,39,0,0,1
8384,0,3,layered,0,0,0,0,25,39,3,18,1
8384,64,3,layered,0,0,0,0,25,39,2,16,1
8384,128,3,layered,0,0,0,0,25,39,2,16,1
8384,192,3,layered,0,0,0,0,25,39,1,14,1
8384,8192,3,layered,0,0,0,0,25,39,2,16,1
8384,8256,3,layered,0,0,0,0,25,39,1,12,1
8384,8320,3,layered,0,0,0,0,25,39,1,12,1
8384,8384,3,layered,0,0,0,0,25,39,0,0,1
16576,0,3,acyclic,0,0,0,0,10,10,3,6,1
16576,64,3,acyclic,0,0,0,0,10,10,2,6,1
16576,128,3,acyclic,0,0,0,0,10,10,2,4,1
16576,192,3,acyclic,0,0,0,0,10,10,1,2,1
16576,16384,3,acyclic,0,0,0,0,10,10,2,6,1
16576,16448,3,acyclic,0,0,0,0,10,10,1,6,1
16576,16512,3,acyclic,0,0,0,0,10,10,1,2,1
16576,16576,3,acyclic,0,0,0,0,10,10,0,0,1
32960,0,3,acyclic,0,0,0,0,10,10,3,5,1
32960,64,3,acyclic,0,0,0,0,10,10,2,5,1
32960,128,3,acyclic,0,0,0,0,10,10,2,3,1
32960,192,3,acyclic,0,0,0,0,10,10,1,2,1
32960,32768,3,acyclic,0,0,0,0,10,10,2,5,1
32960,32832,3,acyclic,0,0,0,0,10,10,1,5,1
32960,32896,3,acyclic,0,0,0,0,10,10,1,2,1
32960,32960,3,acyclic,0,0,0,0,10,10,0,0,1
65728,0,3,layered,0,0,0,0,25,39,3,18,1
65728,64,3,layered,0,0,0,0,25,39,2,16,1
65728,128,3,layered,0,0,0,0,25,39,2,16,1
65728,192,3,layered,0,0,0,0,25,39,1,14,1
65728,65536,3,layered,0,0,0,0,25,39,2,16,1
65728,65600,3,layered,0,0,0,0,25,39,1,14,1
65728,65664,3,layered,0,0,0,0,25,39,1,6,1
65728,65728,3,layered,0,0,0,0,25,39,0,0,1
131264,0,3,acyclic,0,0,0,0,9,8,3,4,1
131264,64,3,acyclic,0,0,0,0,9,8,2,4,1
131264,128,3,acyclic,0,0,0,0,9,8,2,3,1
131264,192,3,acyclic,0,0,0,0,9,8,1,3,1
131264,131072,3,acyclic,0,0,0,0,9,8,2,4,1
131264,131136,3,acyclic,0,0,0,0,9,8,1,4,1
131264,131200,3,acyclic,0,0,0,0,9,8,1,2,1
131264,131264,3,acyclic,0,0,0,0,9,8,0,0,1
262336,0,3,acyclic,0,0,0,0,9,8,3,4,1
262336,64,3,acyclic,0,0,0,0,9,8,2,4,1
262336,128,3,acyclic,0,0,0,0,9,8,2,2,1
262336,192,3,acyclic,0,0,0,0,9,8,1,1,1
262336,262144,3,acyclic,0,0,0,0,9,8,2,4,1
262336,262208,3,acyclic,0,0,0,0,9,8,1,4,1
262336,262272,3,acyclic,0,0,0,0,9,8,1,2,1
262336,262336,3,acyclic,0,0,0,0,9,8,0,0,1
524480,0,3,acyclic,0,0,0,0,9,8,3,5,1
524480,64,3,acyclic,0,0,0,0,9,8,2,5,1
524480,128,3,acyclic,0,0,0,0,9,8,2,5,1
524480,192,3,acyclic,0,0,0,0,9,8,1,5,1
524480,524288,3,acyclic,0,0,0,0,9,8,2,4,1
524480,524352,3,acyclic,0,0,0,0,9,8,1,4,1
524480,524416,3,acyclic,0,0,0,0,9,8,1,2,1
524480,524480,3,acyclic,0,0,0,0,9,8,0,0,1
832,0,3,acyclic,0,0,0,0,10,10,3,5,1
832,64,3,acyclic,0,0,0,0,10,10,2,4,1
832,256,3,acyclic,0,0,0,0,10,10,2,4,1
832,320,3,acyclic,0,0,0,0,10,10,1,2,1
832,512,3,acyclic,0,0,0,0,10,10,2,5,1
832,576,3,acyclic,0,0,0,0,10,10,1,4,1
832,768,3,acyclic,0,0,0,0,10,10,1,4,1
832,832,3,acyclic,0,0,0,0,10,10,0,0,1
1344,0,3,acyclic,0,0,0,0,10,11,3,5,1
1344,64,3,acyclic,0,0,0,0,10,11,2,4,1
1344,256,3,acyclic,0,0,0,0,10,11,2,4,1
1344,320,3,acyclic,0,0,0,0,10,11,1,2,1
1344,1024,3,acyclic,0,0,0,0,10,11,2,5,1
1344,1088,3,acyclic,0,0,0,0,10,11,1,4,1
1344,1280,3,acyclic,0,0,0,0,10,11,1,4,1
1344,1344,3,acyclic,0,0,0,0,10,11,0,0,1
2368,0,3,layered,0,0,0,0,25,42,3,15,1
2368,64,3,layered,0,0,0,0,25,42,2,14,1
2368,256,3,layered,0,0,0,0,25,42,2,14,1
2368,320,3,layered,0,0,0,0,25,42,1,12,1
2368,2048,3,layered,0,0,0,0,25,42,2,13,1
2368,2112,3,layered,0,0,0,0,25,42,1,11,1
2368,2304,3,layered,0,0,0,0,25,42,1,11,1
2368,2368,3,layered,0,0,0,0,25,42,0,0,1
4416,0,3,layered,0,0,0,0,25,39,3,15,1
4416,64,3,layered,0,0,0,0,25,39,2,14,1
4416,256,3,layered,0,0,0,0,25,39,2,12,1
4416,320,3,layered,0,0,0,0,25,39,1,10,1
4416,4096,3,layered,0,0,0,0,25,39,2,13,1
4416,4160,3,layered,0,0,0,0,25,39,1,11,1
4416,4352,3,layered,0,0,0,0,25,39,1,10,1
4416,4416,3,layered,0,0,0,0,25,39,0,0,1
8512,0,3,layered,0,0,0,0,25,39,3,15,1
8512,64,3,layered,0,0,0,0,25,39,2,14,1
8512,256,3,layered,0,0,0,0,25,39,2,14,1
8512,320,3,layered,0,0,0,0,25,39,1,12,1
8512,8192,3,layered,0,0,0,0,25,39,2,13,1
8512,8256,3,layered,0,0,0,0,25,39,1,11,1
8512,8448,3,layered,0,0,0,0,25,39,1,11,1
8512,8512,3,layered,0,0,0,0,25,39,0,0,1
16704,0,3,acyclic,0,0,0,0,10,10,3,5,1
16704,64,3,acyclic,0,0,0,0,10,10,2,4,1
16704,256,3,acyclic,0,0,0,0,10,10,2,4,1
16704,320,3,acyclic,0,0,0,0,10,10,1,2,1
16704,16384,3,acyclic,0,0,0,0,10,10,2,3,1
16704,16448,3,acyclic,0,0,0,0,10,10,1,2,1
16704,16640,3,acyclic,0,0,0,0,10,10,1,2,1
16704,16704,3,acyclic,0,0,0,0,10,10,0,0,1
33088,0,3,acyclic,0,0,0,0,10,10,3,4,1
33088,64,3,acyclic,0,0,0,0,10,10,2,3,1
33088,256,3,acyclic,0,0,0,0,10,10,2,3,1
33088,320,3,acyclic,0,0,0,0,10,10,1,2,1
33088,32768,3,acyclic,0,0,0,0,10,10,2,3,1
33088,32832,3,acyclic,0,0,0,0,10,10,1,2,1
33088,33024,3,acyclic,0,0,0,0,10,10,1,2,1
33088,33088,3,acyclic,0,0,0,0,10,10,0,0,1
65856,0,3,acyclic,0,0,0,0,10,10,3,5,1
65856,64,3,acyclic,0,0,0,0,10,10,2,5,1
65856,256,3,acyclic,0,0,0,0,10,10,2,5,1
65856,320,3,acyclic,0,0,0,0,10,10,1,5,1
65856,65536,3,acyclic,0,0,0,0,10,10,2,3,1
65856,65600,3,acyclic,0,0,0,0,10,10,1,2,1
65856,65792,3,acyclic,0,0,0,0,10,10,1,2,1
65856,65856,3,acyclic,0,0,0,0,10,10,0,0,1
131392,0,3,acyclic,0,0,0,0,9,8,3,4,1
131392,64,3,acyclic,0,0,0,0,9,8,2,4,1
131392,256,3,acyclic,0,0,0,0,9,8,2,3,1
131392,320,3,acyclic,0,0,0,0,9,8,1,3,1
131392,131072,3,acyclic,0,0,0,0,9,8,2,3,1
131392,131136,3,acyclic,0,0,0,0,9,8,1,2,1
131392,131328,3,acyclic,0,0,0,0,9,8,1,2,1
131392,131392,3,acyclic,0,0,0,0,9,8,0,0,1
262464,0,3,acyclic,0,0,0,0,9,8,3,3,1
262464,64,3,acyclic,0,0,0,0,9,8,2,2,1
262464,256,3,acyclic,0,0,0,0,9,8,2,2,1
262464,320,3,acyclic,0,0,0,0,9,8,1,1,1
262464,262144,3,acyclic,0,0,0,0,9,8,2,3,1
262464,262208,3,acyclic,0,0,0,0,9,8,1,2,1
262464,262400,3,acyclic,0,0,0,0,9,8,1,2,1
262464,262464,3,acyclic,0,0,0,0,9,8,0,0,1
524608,0,3,acyclic,0,0,0,0,9,8,3,4,1
524608,64,3,acyclic,0,0,0,0,9,8,2,4,1
524608,256,3,acyclic,0,0,0,0,9,8,2,4,1
524608,320,3,acyclic,0,0,0,0,9,8,1,4,1
524608,524288,3,acyclic,0,0,0,0,9,8,2,3,1
524608,524352,3,acyclic,0,0,0,0,9,8,1,2,1
524608,524544,3,acyclic,0,0,0,0,9,8,1,2,1
524608,524608,3,acyclic,0,0,0,0,9,8,0,0,1
1600,0,3,acyclic,0,0,0,0,10,11,3,5,1
1600,64,3,acyclic,0,0,0,0,10,11,2,3,1
1600,512,3,acyclic,0,0,0,0,10,11,2,5,1
1600,576,3,acyclic,0,0,0,0,10,11,1,2,1
1600,1024,3,acyclic,0,0,0,0,10,11,2,5,1
1600,1088,3,acyclic,0,0,0,0,10,11,1,2,1
1600,1536,3,acyclic,0,0,0,0,10,11,1,5,1
1600,1600,3,acyclic,0,0,0,0,10,11,0,0,1
2624,0,3,layered,0,0,0,0,23,36,3,14,1
2624,64,3,layered,0,0,0,0,23,36,2,12,1
2624,512,3,layered,0,0,0,0,23,36,2,14,1
2624,576,3,layered,0,0,0,0,23,36,1,12,1
2624,2048,3,layered,0,0,0,0,23,36,2,12,1
2624,2112,3,layered,0,0,0,0,23,36,1,2,1
2624,2560,3,layered,0,0,0,0,23,36,1,12,1
2624,2624,3,layered,0,0,0,0,23,36,0,0,1
4672,0,3,layered,0,0,0,0,23,33,3,14,1
4672,64,3,layered,0,0,0,0,23,33,2,12,1
4672,512,3,layered,0,0,0,0,23,33,2,14,1
4672,576,3,layered,0,0,0,0,23,33,1,12,1
4672,4096,3,layered,0,0,0,0,23,33,2,12,1
4672,4160,3,layered,0,0,0,0,23,33,1,2,1
4672,4608,3,layered,0,0,0,0,23,33,1,12,1
4672,4672,3,layered,0,0,0,0,23,33,0,0,1
8768,0,3,layered,0,0,0,0,23,33,3,14,1
8768,64,3,layered,0,0,0,0,23,33,2,12,1
8768,512,3,layered,0,0,0,0,23,33,2,14,1
8768,576,3,layered,0,0,0,0,23,33,1,12,1
8768,8192,3,layered,0,0,0,0,23,33,2,12,1
8768,8256,3,layered,0,0,0,0,23,33,1,2,1
8768,8704,3,layered,0,0,0,0,23,33,1,12,1
8768,8768,3,layered,0,0,0,0,23,33,0,0,1
16960,0,3,acyclic,0,0,0,0,10,10,3,5,1
16960,64,3,acyclic,0,0,0,0,10,10,2,3,1
16960,512,3,acyclic,0,0,0,0,10,10,2,5,1
16960,576,3,acyclic,0,0,0,0,10,10,1,2,1
16960,16384,3,acyclic,0,0,0,0,10,10,2,4,1
16960,16448,3,acyclic,0,0,0,0,10,10,1,2,1
16960,16896,3,acyclic,0,0,0,0,10,10,1,4,1
16960,16960,3,acyclic,0,0,0,0,10,10,0,0,1
33344,0,3,acyclic,0,0,0,0,10,10,3,5,1
33344,64,3,acyclic,0,0,0,0,10,10,2,4,1
33344,512,3,acyclic,0,0,0,0,10,10,2,5,1
33344,576,3,acyclic,0,0,0,0,10,10,1,4,1
33344,32768,3,acyclic,0,0,0,0,10,10,2,4,1
33344,32832,3,acyclic,0,0,0,0,10,10,1,2,1
33344,33280,3,acyclic,0,0,0,0,10,10,1,4,1
33344,33344,3,acyclic,0,0,0,0,10,10,0,0,1
66112,0,3,acyclic,0,0,0,0,10,10,3,6,1
66112,64,3,acyclic,0,0,0,0,10,10,2,6,1
66112,512,3,acyclic,0,0,0,0,10,10,2,6,1
66112,576,3,acyclic,0,0,0,0,10,10,1,6,1
66112,65536,3,acyclic,0,0,0,0,10,10,2,4,1
66112,65600,3,acyclic,0,0,0,0,10,10,1,2,1
66112,66048,3,acyclic,0,0,0,0,10,10,1,4,1
66112,66112,3,acyclic,0,0,0,0,10,10,0,0,1
131648,0,3,acyclic,0,0,0,0,9,8,3,5,1
131648,64,3,acyclic,0,0,0,0,9,8,2,5,1
131648,512,3,acyclic,0,0,0,0,9,8,2,5,1
131648,576,3,acyclic,0,0,0,0,9,8,1,5,1
131648,131072,3,acyclic,0,0,0,0,9,8,2,4,1
131648,131136,3,acyclic,0,0,0,0,9,8,1,2,1
131648,131584,3,acyclic,0,0,0,0,9,8,1,4,1
131648,131648,3,acyclic,0,0,0,0,9,8,0,0,1
262720,0,3,acyclic,1,0,0,0,9,8,3,4,1
262720,64,3,acyclic,1,0,0,0,9,8,2,3,1
262720,512,3,acyclic,1,0,0,0,9,8,2,4,1
262720,576,3,acyclic,1,0,0,0,9,8,1,3,1
262720,262144,3,acyclic,1,0,0,0,9,8,2,4,1
262720,262208,3,acyclic,1,0,0,0,9,8,1,2,1
262720,262656,3,acyclic,1,1,1,1,9,8,1,4,1
262720,262720,3,acyclic,1,1,1,1,9,8,0,0,1
524864,0,3,acyclic,0,0,0,0,9,8,3,5,1
524864,64,3,acyclic,0,0,0,0,9,8,2,5,1
524864,512,3,acyclic,0,0,0,0,9,8,2,5,1
524864,576,3,acyclic,0,0,0,0,9,8,1,5,1
524864,524288,3,acyclic,0,0,0,0,9,8,2,4,1
524864,524352,3,acyclic,0,0,0,0,9,8,1,2,1
524864,524800,3,acyclic,0,0,0,0,9,8,1,4,1
524864,524864,3,acyclic,0,0,0,0,9,8,0,0,1
3136,0,3,layered,0,0,0,0,23,37,3,14,1
3136,64,3,layered,0,0,0,0,23,37,2,12,1
3136,1024,3,layered,0,0,0,0,23,37,2,14,1
3136,1088,3,layered,0,0,0,0,23,37,1,12,1
3136,2048,3,layered,0,0,0,0,23,37,2,12,1
3136,2112,3,layered,0,0,0,0,23,37,1,2,1
3136,3072,3,layered,0,0,0,0,23,37,1,12,1
3136,3136,3,layered,0,0,0,0,23,37,0,0,1
5184,0,3,layered,0,0,0,0,23,34,3,14,1
5184,64,3,layered,0,0,0,0,23,34,2,12,1
5184,1024,3,layered,0,0,0,0,23,34,2,14,1
5184,1088,3,layered,0,0,0,0,23,34,1,12,1
5184,4096,3,layered,0,0,0,0,23,34,2,12,1
5184,4160,3,layered,0,0,0,0,23,34,1,2,1
5184,5120,3,layered,0,0,0,0,23,34,1,12,1
5184,5184,3,layered,0,0,0,0,23,34,0,0,1
9280,0,3,layered,0,0,0,0,23,34,3,14,1
9280,64,3,layered,0,0,0,0,23,34,2,12,1
9280,1024,3,layered,0,0,0,0,23,34,2,14,1
9280,1088,3,layered,0,0,0,0,23,34,1,12,1
9280,8192,3,layered,0,0,0,0,23,34,2,12,1
9280,8256,3,layered,0,0,0,0,23,34,1,2,1
9280,9216,3,layered,0,0,0,0,23,34,1,12,1
9280,9280,3,layered,0,0,0,0,23,34,0,0,1
17472,0,3,acyclic,0,0,0,0,10,11,3,5,1
17472,64,3,acyclic,0,0,0,0,10,11,2,3,1
17472,1024,3,acyclic,0,0,0,0,10,11,2,5,1
17472,1088,3,acyclic,0,0,0,0,10,11,1,2,1
17472,16384,3,acyclic,0,0,0,0,10,11,2,4,1
17472,16448,3,acyclic,0,0,0,0,10,11,1,2,1
17472,17408,3,acyclic,0,0,0,0,10,11,1,4,1
17472,17472,3,acyclic,0,0,0,0,10,11,0,0,1
33856,0,3,acyclic,0,0,0,0,10,11,3,5,1
33856,64,3,acyclic,0,0,0,0,10,11,2,4,1
33856,1024,3,acyclic,0,0,0,0,10,11,2,5,1
33856,1088,3,acyclic,0,0,0,0,10,11,1,4,1
33856,32768,3,acyclic,0,0,0,0,10,11,2,4,1
33856,32832,3,acyclic,0,0,0,0,10,11,1,2,1
33856,33792,3,acyclic,0,0,0,0,10,11,1,4,1
33856,33856,3,acyclic,0,0,0,0,10,11,0,0,1
66624,0,3,acyclic,0,0,0,0,10,11,3,6,1
66624,64,3,acyclic,0,0,0,0,10,11,2,6,1
66624,1024,3,acyclic,0,0,0,0,10,11,2,6,1
66624,1088,3,acyclic,0,0,0,0,10,11,1,6,1
66624,65536,3,acyclic,0,0,0,0,10,11,2,4,1
66624,65600,3,acyclic,0,0,0,0,10,11,1,2,1
66624,66560,3,acyclic,0,0,0,0,10,11,1,4,1
66624,66624,3,acyclic,0,0,0,0,10,11,0,0,1
132160,0,3,acyclic,0,0,0,0,9,9,3,5,1
132160,64,3,acyclic,0,0,0,0,9,9,2,5,1
132160,1024,3,acyclic,0,0,0,0,9,9,2,5,1
132160,1088,3,acyclic,0,0,0,0,9,9,1,5,1
132160,131072,3,acyclic,0,0,0,0,9,9,2,4,1
132160,131136,3,acyclic,0,0,0,0,9,9,1,2,1
132160,132096,3,acyclic,0,0,0,0,9,9,1,4,1
132160,132160,3,acyclic,0,0,0,0,9,9,0,0,1
263232,0,3,acyclic,0,0,0,0,9,9,3,4,1
263232,64,3,acyclic,0,0,0,0,9,9,2,3,1
263232,1024,3,acyclic,0,0,0,0,9,9,2,4,1
263232,1088,3,acyclic,0,0,0,0,9,9,1,3,1
263232,262144,3,acyclic,0,0,0,0,9,9,2,4,1
263232,262208,3,acyclic,0,0,0,0,9,9,1,2,1
263232,263168,3,acyclic,0,0,0,0,9,9,1,4,1
263232,263232,3,acyclic,0,0,0,0,9,9,0,0,1
525376,0,3,acyclic,0,0,0,0,9,9,3,5,1
525376,64,3,acyclic,0,0,0,0,9,9,2,5,1
525376,1024,3,acyclic,0,0,0,0,9,9,2,5,1
525376,1088,3,acyclic,0,0,0,0,9,9,1,5,1
525376,524288,3,acyclic,0,0,0,0,9,9,2,4,1
525376,524352,3,acyclic,0,0,0,0,9,9,1,2,1
525376,525312,3,acyclic,0,0,0,0,9,9,1,4,1
525376,525376,3,acyclic,0,0,0,0,9,9,0,0,1
6208,0,3,layered,0,0,0,0,25,42,3,18,1
6208,64,3,layered,0,0,0,0,25,42,2,16,1
6208,2048,3,layered,0,0,0,0,25,42,2,16,1
6208,2112,3,layered,0,0,0,0,25,42,1,14,1
6208,4096,3,layered,0,0,0,0,25,42,2,16,1
6208,4160,3,layered,0,0,0,0,25,42,1,12,1
6208,6144,3,layered,0,0,0,0,25,42,1,14,1
6208,6208,3,layered,0,0,0,0,25,42,0,0,1
10304,0,3,layered,0,0,0,0,25,42,3,15,1
10304,64,3,layered,0,0,0,0,25,42,2,13,1
10304,2048,3,layered,0,0,0,0,25,42,2,14,1
10304,2112,3,layered,0,0,0,0,25,42,1,11,1
10304,8192,3,layered,0,0,0,0,25,42,2,14,1
10304,8256,3,layered,0,0,0,0,25,42,1,11,1
10304,10240,3,layered,0,0,0,0,25,42,1,12,1
10304,10304,3,layered,0,0,0,0,25,42,0,0,1
18496,0,3,layered,0,0,0,0,23,36,3,14,1
18496,64,3,layered,0,0,0,0,23,36,2,12,1
18496,2048,3,layered,0,0,0,0,23,36,2,12,1
18496,2112,3,layered,0,0,0,0,23,36,1,2,1
18496,16384,3,layered,0,0,0,0,23,36,2,12,1
18496,16448,3,layered,0,0,0,0,23,36,1,10,1
18496,18432,3,layered,0,0,0,0,23,36,1,10,1
18496,18496,3,layered,0,0,0,0,23,36,0,0,1
34880,0,3,layered,0,0,0,0,25,42,3,15,1
34880,64,3,layered,0,0,0,0,25,42,2,14,1
34880,2048,3,layered,0,0,0,0,25,42,2,13,1
34880,2112,3,layered,0,0,0,0,25,42,1,11,1
34880,32768,3,layered,0,0,0,0,25,42,2,12,1
34880,32832,3,layered,0,0,0,0,25,42,1,10,1
34880,34816,3,layered,0,0,0,0,25,42,1,10,1
34880,34880,3,layered,0,0,0,0,25,42,0,0,1
67648,0,3,layered,0,0,0,0,25,42,3,15,1
67648,64,3,layered,0,0,0,0,25,42,2,13,1
67648,2048,3,layered,0,0,0,0,25,42,2,14,1
67648,2112,3,layered,0,0,0,0,25,42,1,11,1
67648,65536,3,layered,0,0,0,0,25,42,2,12,1
67648,65600,3,layered,0,0,0,0,25,42,1,10,1
67648,67584,3,layered,0,0,0,0,25,42,1,10,1
67648,67648,3,layered,0,0,0,0,25,42,0,0,1
133184,0,3,layered,0,0,0,0,22,34,3,16,1
133184,64,3,layered,0,0,0,0,22,34,2,16,1
133184,2048,3,layered,0,0,0,0,22,34,2,16,1
133184,2112,3,layered,0,0,0,0,22,34,1,16,1
133184,131072,3,layered,0,0,0,0,22,34,2,12,1
133184,131136,3,layered,0,0,0,0,22,34,1,10,1
133184,133120,3,layered,0,0,0,0,22,34,1,10,1
133184,133184,3,layered,0,0,0,0,22,34,0,0,1
264256,0,3,layered,0,0,0,0,22,34,3,13,1
264256,64,3,layered,0,0,0,0,22,34,2,12,1
264256,2048,3,layered,0,0,0,0,22,34,2,13,1
264256,2112,3,layered,0,0,0,0,22,34,1,12,1
264256,262144,3,layered,0,0,0,0,22,34,2,12,1
264256,262208,3,layered,0,0,0,0,22,34,1,10,1
264256,264192,3,layered,0,0,0,0,22,34,1,10,1
264256,264256,3,layered,0,0,0,0,22,34,0,0,1
526400,0,3,layered,0,0,0,0,22,34,3,13,1
526400,64,3,layered,0,0,0,0,22,34,2,13,1
526400,2048,3,layered,0,0,0,0,22,34,2,12,1
526400,2112,3,layered,0,0,0,0,22,34,1,12,1
526400,524288,3,layered,0,0,0,0,22,34,2,12,1
526400,524352,3,layered,0,0,0,0,22,34,1,10,1
526400,526336,3,layered,0,0,0,0,22,34,1,10,1
526400,526400,3,layered,0,0,0,0,22,34,0,0,1
12352,0,3,layered,0,0,0,0,25,39,3,18,1
12352,64,3,layered,0,0,0,0,25,39,2,16,1
12352,4096,3,layered,0,0,0,0,25,39,2,16,1
12352,4160,3,layered,0,0,0,0,25,39,1,12,1
12352,8192,3,layered,0,0,0,0,25,39,2,16,1
12352,8256,3,layered,0,0,0,0,25,39,1,12,1
12352,12288,3,layered,0,0,0,0,25,39,1,14,1
12352,12352,3,layered,0,0,0,0,25,39,0,0,1
20544,0,3,layered,0,0,0,0,23,33,3,14,1
20544,64,3,layered,0,0,0,0,23,33,2,12,1
20544,4096,3,layered,0,0,0,0,23,33,2,12,1
20544,4160,3,layered,0,0,0,0,23,33,1,2,1
20544,16384,3,layered,0,0,0,0,23,33,2,14,1
20544,16448,3,layered,0,0,0,0,23,33,1,12,1
20544,20480,3,layered,0,0,0,0,23,33,1,12,1
20544,20544,3,layered,0,0,0,0,23,33,0,0,1
36928,0,3,layered,0,0,0,0,25,39,3,15,1
36928,64,3,layered,0,0,0,0,25,39,2,14,1
36928,4096,3,layered,0,0,0,0,25,39,2,13,1
36928,4160,3,layered,0,0,0,0,25,39,1,11,1
36928,32768,3,layered,0,0,0,0,25,39,2,14,1
36928,32832,3,layered,0,0,0,0,25,39,1,12,1
36928,36864,3,layered,0,0,0,0,25,39,1,11,1
36928,36928,3,layered,0,0,0,0,25,39,0,0,1
69696,0,3,layered,0,0,0,0,25,39,3,18,1
69696,64,3,layered,0,0,0,0,25,39,2,16,1
69696,4096,3,layered,0,0,0,0,25,39,2,16,1
69696,4160,3,layered,0,0,0,0,25,39,1,12,1
69696,65536,3,layered,0,0,0,0,25,39,2,16,1
69696,65600,3,layered,0,0,0,0,25,39,1,14,1
69696,69632,3,layered,0,0,0,0,25,39,1,12,1
69696,69696,3,layered,0,0,0,0,25,39,0,0,1
135232,0,3,layered,0,0,0,0,22,31,3,13,1
135232,64,3,layered,0,0,0,0,22,31,2,13,1
135232,4096,3,layered,0,0,0,0,22,31,2,12,1
135232,4160,3,layered,0,0,0,0,22,31,1,12,1
135232,131072,3,layered,0,0,0,0,22,31,2,12,1
135232,131136,3,layered,0,0,0,0,22,31,1,10,1
135232,135168,3,layered,0,0,0,0,22,31,1,10,1
135232,135232,3,layered,0,0,0,0,22,31,0,0,1
266304,0,3,layered,0,0,0,0,22,31,3,13,1
266304,64,3,layered,0,0,0,0,22,31,2,12,1
266304,4096,3,layered,0,0,0,0,22,31,2,13,1
266304,4160,3,layered,0,0,0,0,22,31,1,12,1
266304,262144,3,layered,0,0,0,0,22,31,2,12,1
266304,262208,3,layered,0,0,0,0,22,31,1,10,1
266304,266240,3,layered,0,0,0,0,22,31,1,10,1
266304,266304,3,layered,0,0,0,0,22,31,0,0,1
528448,0,3,layered,0,0,0,0,22,31,3,16,1
528448,64,3,layered,0,0,0,0,22,31,2,16,1
528448,4096,3,layered,0,0,0,0,22,31,2,14,1
528448,4160,3,layered,0,0,0,0,22,31,1,14,1
528448,524288,3,layered,0,0,0,0,22,31,2,12,1
528448,524352,3,layered,0,0,0,0,22,31,1,10,1
528448,528384,3,layered,0,0,0,0,22,31,1,10,1
528448,528448,3,layered,0,0,0,0,22,31,0,0,1
24640,0,3,layered,0,0,0,0,23,33,3,14,1
24640,64,3,layered,0,0,0,0,23,33,2,12,1
24640,8192,3,layered,0,0,0,0,23,33,2,12,1
24640,8256,3,layered,0,0,0,0,23,33,1,2,1
24640,16384,3,layered,0,0,0,0,23,33,2,12,1
24640,16448,3,layered,0,0,0,0,23,33,1,10,1
24640,24576,3,layered,0,0,0,0,23,33,1,10,1
24640,24640,3,layered,0,0,0,0,23,33,0,0,1
41024,0,3,layered,0,0,0,0,25,39,3,15,1
41024,64,3,layered,0,0,0,0,25,39,2,14,1
41024,8192,3,layered,0,0,0,0,25,39,2,13,1
41024,8256,3,layered,0,0,0,0,25,39,1,11,1
41024,32768,3,layered,0,0,0,0,25,39,2,12,1
41024,32832,3,layered,0,0,0,0,25,39,1,10,1
41024,40960,3,layered,0,0,0,0,25,39,1,10,1
41024,41024,3,layered,0,0,0,0,25,39,0,0,1
73792,0,3,layered,0,0,0,0,25,39,3,15,1
73792,64,3,layered,0,0,0,0,25,39,2,13,1
73792,8192,3,layered,0,0,0,0,25,39,2,14,1
73792,8256,3,layered,0,0,0,0,25,39,1,11,1
73792,65536,3,layered,0,0,0,0,25,39,2,12,1
73792,65600,3,layered,0,0,0,0,25,39,1,10,1
73792,73728,3,layered,0,0,0,0,25,39,1,10,1
73792,73792,3,layered,0,0,0,0,25,39,0,0,1
139328,0,3,layered,0,0,0,0,22,31,3,16,1
139328,64,3,layered,0,0,0,0,22,31,2,16,1
139328,8192,3,layered,0,0,0,0,22,31,2,14,1
139328,8256,3,layered,0,0,0,0,22,31,1,14,1
139328,131072,3,layered,0,0,0,0,22,31,2,12,1
139328,131136,3,layered,0,0,0,0,22,31,1,10,1
139328,139264,3,layered,0,0,0,0,22,31,1,10,1
139328,139328,3,layered,0,0,0,0,22,31,0,0,1
270400,0,3,layered,0,0,0,0,22,31,3,13,1
270400,64,3,layered,0,0,0,0,22,31,2,12,1
270400,8192,3,layered,0,0,0,0,22,31,2,13,1
270400,8256,3,layered,0,0,0,0,22,31,1,12,1
270400,262144,3,layered,0,0,0,0,22,31,2,12,1
270400,262208,3,layered,0,0,0,0,22,31,1,10,1
270400,270336,3,layered,0,0,0,0,22,31,1,10,1
270400,270400,3,layered,0,0,0,0,22,31,0,0,1
532544,0,3,layered,0,0,0,0,22,31,3,13,1
532544,64,3,layered,0,0,0,0,22,31,2,13,1
532544,8192,3,layered,0,0,0,0,22,31,2,12,1
532544,8256,3,layered,0,0,0,0,22,31,1,12,1
532544,524288,3,layered,0,0,0,0,22,31,2,12,1
532544,524352,3,layered,0,0,0,0,22,31,1,10,1
532544,532480,3,layered,0,0,0,0,22,31,1,10,1
532544,532544,3,layered,0,0,0,0,22,31,0,0,1
49216,0,3,acyclic,0,0,0,0,10,10,3,5,1
49216,64,3,acyclic,0,0,0,0,10,10,2,4,1
49216,16384,3,acyclic,0,0,0,0,10,10,2,3,1
49216,16448,3,acyclic,0,0,0,0,10,10,1,2,1
49216,32768,3,acyclic,0,0,0,0,10,10,2,4,1
49216,32832,3,acyclic,0,0,0,0,10,10,1,2,1
49216,49152,3,acyclic,0,0,0,0,10,10,1,2,1
49216,49216,3,acyclic,0,0,0,0,10,10,0,0,1
81984,0,3,acyclic,0,0,0,0,10,10,3,6,1
81984,64,3,acyclic,0,0,0,0,10,10,2,6,1
81984,16384,3,acyclic,0,0,0,0,10,10,2,4,1
81984,16448,3,acyclic,0,0,0,0,10,10,1,4,1
81984,65536,3,acyclic,0,0,0,0,10,10,2,4,1
81984,65600,3,acyclic,0,0,0,0,10,10,1,2,1
81984,81920,3,acyclic,0,0,0,0,10,10,1,2,1
81984,81984,3,acyclic,0,0,0,0,10,10,0,0,1
147520,0,3,acyclic,1,0,0,0,9,8,3,5,1
147520,64,3,acyclic,1,0,0,0,9,8,2,5,1
147520,16384,3,acyclic,1,0,0,0,9,8,2,5,1
147520,16448,3,acyclic,1,0,0,0,9,8,1,5,1
147520,131072,3,acyclic,1,0,0,0,9,8,2,4,1
147520,131136,3,acyclic,1,0,0,0,9,8,1,2,1
147520,147456,3,acyclic,1,1,1,1,9,8,1,2,1
147520,147520,3,acyclic,1,1,1,1,9,8,0,0,1
278592,0,3,acyclic,0,0,0,0,9,8,3,4,1
278592,64,3,acyclic,0,0,0,0,9,8,2,3,1
278592,16384,3,acyclic,0,0,0,0,9,8,2,2,1
278592,16448,3,acyclic,0,0,0,0,9,8,1,1,1
278592,262144,3,acyclic,0,0,0,0,9,8,2,4,1
278592,262208,3,acyclic,0,0,0,0,9,8,1,2,1
278592,278528,3,acyclic,0,0,0,0,9,8,1,2,1
278592,278592,3,acyclic,0,0,0,0,9,8,0,0,1
540736,0,3,acyclic,0,0,0,0,9,8,3,5,1
540736,64,3,acyclic,0,0,0,0,9,8,2,5,1
540736,16384,3,acyclic,0,0,0,0,9,8,2,3,1
540736,16448,3,acyclic,0,0,0,0,9,8,1,3,1
540736,524288,3,acyclic,0,0,0,0,9,8,2,4,1
540736,524352,3,acyclic,0,0,0,0,9,8,1,2,1
540736,540672,3,acyclic,0,0,0,0,9,8,1,2,1
540736,540736,3,acyclic,0,0,0,0,9,8,0,0,1
98368,0,3,acyclic,0,0,0,0,10,10,3,5,1
98368,64,3,acyclic,0,0,0,0,10,10,2,5,1
98368,32768,3,acyclic,0,0,0,0,10,10,2,4,1
98368,32832,3,acyclic,0,0,0,0,10,10,1,4,1
98368,65536,3,acyclic,0,0,0,0,10,10,2,3,1
98368,65600,3,acyclic,0,0,0,0,10,10,1,2,1
98368,98304,3,acyclic,0,0,0,0,10,10,1,2,1
98368,98368,3,acyclic,0,0,0,0,10,10,0,0,1
163904,0,3,acyclic,0,0,0,0,9,8,3,4,1
163904,64,3,acyclic,0,0,0,0,9,8,2,4,1
163904,32768,3,acyclic,0,0,0,0,9,8,2,4,1
163904,32832,3,acyclic,0,0,0,0,9,8,1,4,1
163904,131072,3,acyclic,0,0,0,0,9,8,2,3,1
163904,131136,3,acyclic,0,0,0,0,9,8,1,2,1
163904,163840,3,acyclic,0,0,0,0,9,8,1,2,1
163904,163904,3,acyclic,0,0,0,0,9,8,0,0,1
294976,0,3,acyclic,0,0,0,0,9,8,3,3,1
294976,64,3,acyclic,0,0,0,0,9,8,2,2,1
294976,32768,3,acyclic,0,0,0,0,9,8,2,2,1
294976,32832,3,acyclic,0,0,0,0,9,8,1,1,1
294976,262144,3,acyclic,0,0,0,0,9,8,2,3,1
294976,262208,3,acyclic,0,0,0,0,9,8,1,2,1
294976,294912,3,acyclic,0,0,0,0,9,8,1,2,1
294976,294976,3,acyclic,0,0,0,0,9,8,0,0,1
557120,0,3,acyclic,0,0,0,0,9,8,3,4,1
557120,64,3,acyclic,0,0,0,0,9,8,2,4,1
557120,32768,3,acyclic,0,0,0,0,9,8,2,3,1
557120,32832,3,acyclic,0,0,0,0,9,8,1,3,1
557120,524288,3,acyclic,0,0,0,0,9,8,2,3,1
557120,524352,3,acyclic,0,0,0,0,9,8,1,2,1
557120,557056,3,acyclic,0,0,0,0,9,8,1,2,1
557120,557120,3,acyclic,0,0,0,0,9,8,0,0,1
196672,0,3,acyclic,0,0,0,0,9,8,3,5,1
196672,64,3,acyclic,0,0,0,0,9,8,2,5,1
196672,65536,3,acyclic,0,0,0,0,9,8,2,5,1
196672,65600,3,acyclic,0,0,0,0,9,8,1,5,1
196672,131072,3,acyclic,0,0,0,0,9,8,2,4,1
196672,131136,3,acyclic,0,0,0,0,9,8,1,4,1
196672,196608,3,acyclic,0,0,0,0,9,8,1,2,1
196672,196672,3,acyclic,0,0,0,0,9,8,0,0,1
327744,0,3,acyclic,0,0,0,0,9,8,3,4,1
327744,64,3,acyclic,0,0,0,0,9,8,2,4,1
327744,65536,3,acyclic,0,0,0,0,9,8,2,2,1
327744,65600,3,acyclic,0,0,0,0,9,8,1,1,1
327744,262144,3,acyclic,0,0,0,0,9,8,2,4,1
327744,262208,3,acyclic,0,0,0,0,9,8,1,4,1
327744,327680,3,acyclic,0,0,0,0,9,8,1,2,1
327744,327744,3,acyclic,0,0,0,0,9,8,0,0,1
589888,0,3,acyclic,0,0,0,0,9,8,3,4,1
589888,64,3,acyclic,0,0,0,0,9,8,2,4,1
589888,65536,3,acyclic,0,0,0,0,9,8,2,3,1
589888,65600,3,acyclic,0,0,0,0,9,8,1,3,1
589888,524288,3,acyclic,0,0,0,0,9,8,2,4,1
589888,524352,3,acyclic,0,0,0,0,9,8,1,4,1
589888,589824,3,acyclic,0,0,0,0,9,8,1,2,1
589888,589888,3,acyclic,0,0,0,0,9,8,0,0,1
393280,0,3,acyclic,0,0,0,0,8,6,3,3,1
393280,64,3,acyclic,0,0,0,0,8,6,2,3,1
393280,131072,3,acyclic,0,0,0,0,8,6,2,2,1
393280,131136,3,acyclic,0,0,0,0,8,6,1,1,1
393280,262144,3,acyclic,0,0,0,0,8,6,2,3,1
393280,262208,3,acyclic,0,0,0,0,8,6,1,3,1
393280,393216,3,acyclic,0,0,0,0,8,6,1,2,1
393280,393280,3,acyclic,0,0,0,0,8,6,0,0,1
655424,0,3,acyclic,0,0,0,0,8,6,3,4,1
655424,64,3,acyclic,0,0,0,0,8,6,2,4,1
655424,131072,3,acyclic,0,0,0,0,8,6,2,3,1
655424,131136,3,acyclic,0,0,0,0,8,6,1,3,1
655424,524288,3,acyclic,0,0,0,0,8,6,2,3,1
655424,524352,3,acyclic,0,0,0,0,8,6,1,3,1
655424,655360,3,acyclic,0,0,0,0,8,6,1,2,1
655424,655424,3,acyclic,0,0,0,0,8,6,0,0,1
786496,0,3,acyclic,0,0,0,0,8,6,3,3,1
786496,64,3,acyclic,0,0,0,0,8,6,2,3,1
786496,262144,3,acyclic,0,0,0,0,8,6,2,3,1
786496,262208,3,acyclic,0,0,0,0,8,6,1,3,1
786496,524288,3,acyclic,0,0,0,0,8,6,2,2,1
786496,524352,3,acyclic,0,0,0,0,8,6,1,1,1
786496,786432,3,acyclic,0,0,0,0,8,6,1,2,1
786496,786496,3,acyclic,0,0,0,0,8,6,0,0,1
896,0,3,acyclic,0,0,0,0,10,9,3,6,1
896,128,3,acyclic,0,0,0,0,10,9,2,4,1
896,256,3,acyclic,0,0,0,0,10,9,2,4,1
896,384,3,acyclic,0,0,0,0,10,9,1,2,1
896,512,3,acyclic,0,0,0,0,10,9,2,6,1
896,640,3,acyclic,0,0,0,0,10,9,1,4,1
896,768,3,acyclic,0,0,0,0,10,9,1,2,1
896,896,3,acyclic,0,0,0,0,10,9,0,0,1
1408,0,3,acyclic,0,0,0,0,10,10,3,6,1
1408,128,3,acyclic,0,0,0,0,10,10,2,4,1
1408,256,3,acyclic,0,0,0,0,10,10,2,4,1
1408,384,3,acyclic,0,0,0,0,10,10,1,2,1
1408,1024,3,acyclic,0,0,0,0,10,10,2,6,1
1408,1152,3,acyclic,0,0,0,0,10,10,1,4,1
1408,1280,3,acyclic,0,0,0,0,10,10,1,4,1
1408,1408,3,acyclic,0,0,0,0,10,10,0,0,1
2432,0,3,layered,0,0,0,0,25,39,3,18,1
2432,128,3,layered,0,0,0,0,25,39,2,16,1
2432,256,3,layered,0,0,0,0,25,39,2,16,1
2432,384,3,layered,0,0,0,0,25,39,1,14,1
2432,2048,3,layered,0,0,0,0,25,39,2,16,1
2432,2176,3,layered,0,0,0,0,25,39,1,12,1
2432,2304,3,layered,0,0,0,0,25,39,1,12,1
2432,2432,3,layered,0,0,0,0,25,39,0,0,1
4480,0,3,acyclic,0,0,0,0,10,9,3,5,1
4480,128,3,acyclic,0,0,0,0,10,9,2,4,1
4480,256,3,acyclic,0,0,0,0,10,9,2,3,1
4480,384,3,acyclic,0,0,0,0,10,9,1,2,1
4480,4096,3,acyclic,0,0,0,0,10,9,2,5,1
4480,4224,3,acyclic,0,0,0,0,10,9,1,4,1
4480,4352,3,acyclic,0,0,0,0,10,9,1,2,1
4480,4480,3,acyclic,0,0,0,0,10,9,0,0,1
8576,0,3,layered,0,0,0,0,25,36,3,18,1
8576,128,3,layered,0,0,0,0,25,36,2,16,1
8576,256,3,layered,0,0,0,0,25,36,2,16,1
8576,384,3,layered,0,0,0,0,25,36,1,14,1
8576,8192,3,layered,0,0,0,0,25,36,2,16,1
8576,8320,3,layered,0,0,0,0,25,36,1,12,1
8576,8448,3,layered,0,0,0,0,25,36,1,6,1
8576,8576,3,layered,0,0,0,0,25,36,0,0,1
16768,0,3,acyclic,0,0,0,0,10,9,3,6,1
16768,128,3,acyclic,0,0,0,0,10,9,2,4,1
16768,256,3,acyclic,0,0,0,0,10,9,2,4,1
16768,384,3,acyclic,0,0,0,0,10,9,1,2,1
16768,16384,3,acyclic,0,0,0,0,10,9,2,6,1
16768,16512,3,acyclic,0,0,0,0,10,9,1,2,1
16768,16640,3,acyclic,0,0,0,0,10,9,1,4,1
16768,16768,3,acyclic,0,0,0,0,10,9,0,0,1
33152,0,3,acyclic,0,0,0,0,10,9,3,5,1
33152,128,3,acyclic,0,0,0,0,10,9,2,3,1
33152,256,3,acyclic,0,0,0,0,10,9,2,4,1
33152,384,3,acyclic,0,0,0,0,10,9,1,2,1
33152,32768,3,acyclic,0,0,0,0,10,9,2,5,1
33152,32896,3,acyclic,0,0,0,0,10,9,1,2,1
33152,33024,3,acyclic,0,0,0,0,10,9,1,4,1
33152,33152,3,acyclic,0,0,0,0,10,9,0,0,1
65920,0,3,layered,0,0,0,0,25,36,3,18,1
65920,128,3,layered,0,0,0,0,25,36,2,16,1
65920,256,3,layered,0,0,0,0,25,36,2,16,1
65920,384,3,layered,0,0,0,0,25,36,1,14,1
65920,65536,3,layered,0,0,0,0,25,36,2,16,1
65920,65664,3,layered,0,0,0,0,25,36,1,6,1
65920,65792,3,layered,0,0,0,0,25,36,1,12,1
65920,65920,3,layered,0,0,0,0,25,36,0,0,1
131456,0,3,acyclic,0,0,0,0,9,7,3,4,1
131456,128,3,acyclic,0,0,0,0,9,7,2,3,1
131456,256,3,acyclic,0,0,0,0,9,7,2,2,1
131456,384,3,acyclic,0,0,0,0,9,7,1,1,1
131456,131072,3,acyclic,0,0,0,0,9,7,2,4,1
131456,131200,3,acyclic,0,0,0,0,9,7,1,2,1
131456,131328,3,acyclic,0,0,0,0,9,7,1,2,1
131456,131456,3,acyclic,0,0,0,0,9,7,0,0,1
262528,0,3,acyclic,0,0,0,0,9,7,3,4,1
262528,128,3,acyclic,0,0,0,0,9,7,2,2,1
262528,256,3,acyclic,0,0,0,0,9,7,2,3,1
262528,384,3,acyclic,0,0,0,0,9,7,1,1,1
262528,262144,3,acyclic,0,0,0,0,9,7,2,4,1
262528,262272,3,acyclic,0,0,0,0,9,7,1,2,1
262528,262400,3,acyclic,0,0,0,0,9,7,1,2,1
262528,262528,3,acyclic,0,0,0,0,9,7,0,0,1
524672,0,3,acyclic,0,0,0,0,9,7,3,5,1
524672,128,3,acyclic,0,0,0,0,9,7,2,5,1
524672,256,3,acyclic,0,0,0,0,9,7,2,5,1
524672,384,3,acyclic,0,0,0,0,9,7,1,5,1
524672,524288,3,acyclic,0,0,0,0,9,7,2,4,1
524672,524416,3,acyclic,0,0,0,0,9,7,1,2,1
524672,524544,3,acyclic,0,0,0,0,9,7,1,2,1
524672,524672,3,acyclic,0,0,0,0,9,7,0,0,1
1664,0,3,acyclic,0,0,0,0,10,10,3,5,1
1664,128,3,acyclic,0,0,0,0,10,10,2,3,1
1664,512,3,acyclic,0,0,0,0,10,10,2,4,1
1664,640,3,acyclic,0,0,0,0,10,10,1,2,1
1664,1024,3,acyclic,0,0,0,0,10,10,2,5,1
1664,1152,3,acyclic,0,0,0,0,10,10,1,2,1
1664,1536,3,acyclic,0,0,0,0,10,10,1,4,1
1664,1664,3,acyclic,0,0,0,0,10,10,0,0,1
2688,0,3,layered,0,0,0,0,23,33,3,14,1
2688,128,3,layered,0,0,0,0,23,33,2,12,1
2688,512,3,layered,0,0,0,0,23,33,2,12,1
2688,640,3,layered,0,0,0,0,23,33,1,10,1
2688,2048,3,layered,0,0,0,0,23,33,2,12,1
2688,2176,3,layered,0,0,0,0,23,33,1,2,1
2688,2560,3,layered,0,0,0,0,23,33,1,10,1
2688,2688,3,layered,0,0,0,0,23,33,0,0,1
4736,0,3,acyclic,0,0,0,0,10,9,3,5,1
4736,128,3,acyclic,0,0,0,0,10,9,2,4,1
4736,512,3,acyclic,0,0,0,0,10,9,2,3,1
4736,640,3,acyclic,0,0,0,0,10,9,1,2,1
4736,4096,3,acyclic,0,0,0,0,10,9,2,4,1
4736,4224,3,acyclic,0,0,0,0,10,9,1,2,1
4736,4608,3,acyclic,0,0,0,0,10,9,1,2,1
4736,4736,3,acyclic,0,0,0,0,10,9,0,0,1
8832,0,3,acyclic,0,0,0,0,10,9,3,6,1
8832,128,3,acyclic,0,0,0,0,10,9,2,6,1
8832,512,3,acyclic,0,0,0,0,10,9,2,4,1
8832,640,3,acyclic,0,0,0,0,10,9,1,4,1
8832,8192,3,acyclic,0,0,0,0,10,9,2,4,1
8832,8320,3,acyclic,0,0,0,0,10,9,1,2,1
8832,8704,3,acyclic,0,0,0,0,10,9,1,2,1
8832,8832,3,acyclic,0,0,0,0,10,9,0,0,1
17024,0,3,acyclic,0,0,0,0,10,9,3,5,1
17024,128,3,acyclic,0,0,0,0,10,9,2,3,1
17024,512,3,acyclic,0,0,0,0,10,9,2,4,1
17024,640,3,acyclic,0,0,0,0,10,9,1,2,1
17024,16384,3,acyclic,0,0,0,0,10,9,2,5,1
17024,16512,3,acyclic,0,0,0,0,10,9,1,2,1
17024,16896,3,acyclic,0,0,0,0,10,9,1,4,1
17024,17024,3,acyclic,0,0,0,0,10,9,0,0,1
33408,0,3,acyclic,0,0,0,0,10,9,3,6,1
33408,128,3,acyclic,0,0,0,0,10,9,2,4,1
33408,512,3,acyclic,0,0,0,0,10,9,2,6,1
33408,640,3,acyclic,0,0,0,0,10,9,1,4,1
33408,32768,3,acyclic,0,0,0,0,10,9,2,6,1
33408,32896,3,acyclic,0,0,0,0,10,9,1,2,1
33408,33280,3,acyclic,0,0,0,0,10,9,1,6,1
33408,33408,3,acyclic,0,0,0,0,10,9,0,0,1
66176,0,3,layered,0,0,0,0,23,30,3,14,1
66176,128,3,layered,0,0,0,0,23,30,2,12,1
66176,512,3,layered,0,0,0,0,23,30,2,12,1
66176,640,3,layered,0,0,0,0,23,30,1,10,1
66176,65536,3,layered,0,0,0,0,23,30,2,12,1
66176,65664,3,layered,0,0,0,0,23,30,1,2,1
66176,66048,3,layered,0,0,0,0,23,30,1,10,1
66176,66176,3,layered,0,0,0,0,23,30,0,0,1
131712,0,3,acyclic,0,0,0,0,9,7,3,4,1
131712,128,3,acyclic,0,0,0,0,9,7,2,3,1
131712,512,3,acyclic,0,0,0,0,9,7,2,2,1
131712,640,3,acyclic,0,0,0,0,9,7,1,1,1
131712,131072,3,acyclic,0,0,0,0,9,7,2,4,1
131712,131200,3,acyclic,0,0,0,0,9,7,1,2,1
131712,131584,3,acyclic,0,0,0,0,9,7,1,2,1
131712,131712,3,acyclic,0,0,0,0,9,7,0,0,1
262784,0,3,acyclic,1,0,0,0,9,7,3,5,1
262784,128,3,acyclic,1,0,0,0,9,7,2,3,1
262784,512,3,acyclic,1,0,0,0,9,7,2,5,1
262784,640,3,acyclic,1,0,0,0,9,7,1,3,1
262784,262144,3,acyclic,1,0,0,0,9,7,2,4,1
262784,262272,3,acyclic,1,0,0,0,9,7,1,2,1
262784,262656,3,acyclic,1,1,1,1,9,7,1,2,1
262784,262784,3,acyclic,1,1,1,1,9,7,0,0,1
524928,0,3,acyclic,0,0,0,0,9,7,3,5,1
524928,128,3,acyclic,0,0,0,0,9,7,2,5,1
524928,512,3,acyclic,0,0,0,0,9,7,2,3,1
524928,640,3,acyclic,0,0,0,0,9,7,1,3,1
524928,524288,3,acyclic,0,0,0,0,9,7,2,4,1
524928,524416,3,acyclic,0,0,0,0,9,7,1,2,1
524928,524800,3,acyclic,0,0,0,0,9,7,1,2,1
524928,524928,3,acyclic,0,0,0,0,9,7,0,0,1
3200,0,3,layered,0,0,0,0,23,34,3,14,1
3200,128,3,layered,0,0,0,0,23,34,2,12,1
3200,1024,3,layered,0,0,0,0,23,34,2,14,1
3200,1152,3,layered,0,0,0,0,23,34,1,12,1
3200,2048,3,layered,0,0,0,0,23,34,2,12,1
3200,2176,3,layered,0,0,0,0,23,34,1,2,1
3200,3072,3,layered,0,0,0,0,23,34,1,12,1
3200,3200,3,layered,0,0,0,0,23,34,0,0,1
5248,0,3,acyclic,0,0,0,0,10,10,3,5,1
5248,128,3,acyclic,0,0,0,0,10,10,2,4,1
5248,1024,3,acyclic,0,0,0,0,10,10,2,5,1
5248,1152,3,acyclic,0,0,0,0,10,10,1,4,1
5248,4096,3,acyclic,0,0,0,0,10,10,2,4,1
5248,4224,3,acyclic,0,0,0,0,10,10,1,2,1
5248,5120,3,acyclic,0,0,0,0,10,10,1,4,1
5248,5248,3,acyclic,0,0,0,0,10,10,0,0,1
9344,0,3,acyclic,0,0,0,0,10,10,3,6,1
9344,128,3,acyclic,0,0,0,0,10,10,2,6,1
9344,1024,3,acyclic,0,0,0,0,10,10,2,6,1
9344,1152,3,acyclic,0,0,0,0,10,10,1,6,1
9344,8192,3,acyclic,0,0,0,0,10,10,2,4,1
9344,8320,3,acyclic,0,0,0,0,10,10,1,2,1
9344,9216,3,acyclic,0,0,0,0,10,10,1,4,1
9344,9344,3,acyclic,0,0,0,0,10,10,0,0,1
17536,0,3,acyclic,0,0,0,0,10,10,3,5,1
17536,128,3,acyclic,0,0,0,0,10,10,2,3,1
17536,1024,3,acyclic,0,0,0,0,10,10,2,5,1
17536,1152,3,acyclic,0,0,0,0,10,10,1,2,1
17536,16384,3,acyclic,0,0,0,0,10,10,2,5,1
17536,16512,3,acyclic,0,0,0,0,10,10,1,2,1
17536,17408,3,acyclic,0,0,0,0,10,10,1,5,1
17536,17536,3,acyclic,0,0,0,0,10,10,0,0,1
33920,0,3,acyclic,0,0,0,0,10,10,3,6,1
33920,128,3,acyclic,0,0,0,0,10,10,2,4,1
33920,1024,3,acyclic,0,0,0,0,10,10,2,6,1
33920,1152,3,acyclic,0,0,0,0,10,10,1,4,1
33920,32768,3,acyclic,0,0,0,0,10,10,2,6,1
33920,32896,3,acyclic,0,0,0,0,10,10,1,2,1
33920,33792,3,acyclic,0,0,0,0,10,10,1,6,1
33920,33920,3,acyclic,0,0,0,0,10,10,0,0,1
66688,0,3,layered,0,0,0,0,23,31,3,14,1
66688,128,3,layered,0,0,0,0,23,31,2,12,1
66688,1024,3,layered,0,0,0,0,23,31,2,14,1
66688,1152,3,layered,0,0,0,0,23,31,1,12,1
66688,65536,3,layered,0,0,0,0,23,31,2,12,1
66688,65664,3,layered,0,0,0,0,23,31,1,2,1
66688,66560,3,layered,0,0,0,0,23,31,1,12,1
66688,66688,3,layered,0,0,0,0,23,31,0,0,1
132224,0,3,acyclic,0,0,0,0,9,8,3,4,1
132224,128,3,acyclic,0,0,0,0,9,8,2,3,1
132224,1024,3,acyclic,0,0,0,0,9,8,2,4,1
132224,1152,3,acyclic,0,0,0,0,9,8,1,3,1
132224,131072,3,acyclic,0,0,0,0,9,8,2,4,1
132224,131200,3,acyclic,0,0,0,0,9,8,1,2,1
132224,132096,3,acyclic,0,0,0,0,9,8,1,4,1
132224,132224,3,acyclic,0,0,0,0,9,8,0,0,1
263296,0,3,acyclic,0,0,0,0,9,8,3,5,1
263296,128,3,acyclic,0,0,0,0,9,8,2,3,1
263296,1024,3,acyclic,0,0,0,0,9,8,2,5,1
263296,1152,3,acyclic,0,0,0,0,9,8,1,3,1
263296,262144,3,acyclic,0,0,0,0,9,8,2,4,1
263296,262272,3,acyclic,0,0,0,0,9,8,1,2,1
263296,263168,3,acyclic,0,0,0,0,9,8,1,4,1
263296,263296,3,acyclic,0,0,0,0,9,8,0,0,1
525440,0,3,acyclic,0,0,0,0,9,8,3,5,1
525440,128,3,acyclic,0,0,0,0,9,8,2,5,1
525440,1024,3,acyclic,0,0,0,0,9,8,2,5,1
525440,1152,3,acyclic,0,0,0,0,9,8,1,5,1
525440,524288,3,acyclic,0,0,0,0,9,8,2,4,1
525440,524416,3,acyclic,0,0,0,0,9,8,1,2,1
525440,525312,3,acyclic,0,0,0,0,9,8,1,4,1
525440,525440,3,acyclic,0,0,0,0,9,8,0,0,1
6272,0,3,layered,0,0,0,0,25,39,3,15,1
6272,128,3,layered,0,0,0,0,25,39,2,14,1
6272,2048,3,layered,0,0,0,0,25,39,2,13,1
6272,2176,3,layered,0,0,0,0,25,39,1,11,1
6272,4096,3,layered,0,0,0,0,25,39,2,12,1
6272,4224,3,layered,0,0,0,0,25,39,1,10,1
6272,6144,3,layered,0,0,0,0,25,39,1,10,1
6272,6272,3,layered,0,0,0,0,25,39,0,0,1
10368,0,3,layered,0,0,0,0,25,39,3,15,1
10368,128,3,layered,0,0,0,0,25,39,2,13,1
10368,2048,3,layered,0,0,0,0,25,39,2,14,1
10368,2176,3,layered,0,0,0,0,25,39,1,11,1
10368,8192,3,layered,0,0,0,0,25,39,2,12,1
10368,8320,3,layered,0,0,0,0,25,39,1,10,1
10368,10240,3,layered,0,0,0,0,25,39,1,10,1
10368,10368,3,layered,0,0,0,0,25,39,0,0,1
18560,0,3,layered,0,0,0,0,23,33,3,14,1
18560,128,3,layered,0,0,0,0,23,33,2,12,1
18560,2048,3,layered,0,0,0,0,23,33,2,12,1
18560,2176,3,layered,0,0,0,0,23,33,1,2,1
18560,16384,3,layered,0,0,0,0,23,33,2,14,1
18560,16512,3,layered,0,0,0,0,23,33,1,12,1
18560,18432,3,layered,0,0,0,0,23,33,1,12,1
18560,18560,3,layered,0,0,0,0,23,33,0,0,1
34944,0,3,layered,0,0,0,0,25,39,3,18,1
34944,128,3,layered,0,0,0,0,25,39,2,16,1
34944,2048,3,layered,0,0,0,0,25,39,2,16,1
34944,2176,3,layered,0,0,0,0,25,39,1,12,1
34944,32768,3,layered,0,0,0,0,25,39,2,16,1
34944,32896,3,layered,0,0,0,0,25,39,1,12,1
34944,34816,3,layered,0,0,0,0,25,39,1,14,1
34944,34944,3,layered,0,0,0,0,25,39,0,0,1
67712,0,3,layered,0,0,0,0,25,39,3,15,1
67712,128,3,layered,0,0,0,0,25,39,2,13,1
67712,2048,3,layered,0,0,0,0,25,39,2,14,1
67712,2176,3,layered,0,0,0,0,25,39,1,11,1
67712,65536,3,layered,0,0,0,0,25,39,2,14,1
67712,65664,3,layered,0,0,0,0,25,39,1,11,1
67712,67584,3,layered,0,0,0,0,25,39,1,12,1
67712,67712,3,layered,0,0,0,0,25,39,0,0,1
133248,0,3,layered,0,0,0,0,22,31,3,13,1
133248,128,3,layered,0,0,0,0,22,31,2,12,1
133248,2048,3,layered,0,0,0,0,22,31,2,13,1
133248,2176,3,layered,0,0,0,0,22,31,1,12,1
133248,131072,3,layered,0,0,0,0,22,31,2,12,1
133248,131200,3,layered,0,0,0,0,22,31,1,10,1
133248,133120,3,layered,0,0,0,0,22,31,1,10,1
133248,133248,3,layered,0,0,0,0,22,31,0,0,1
264320,0,3,layered,0,0,0,0,22,31,3,16,1
264320,128,3,layered,0,0,0,0,22,31,2,14,1
264320,2048,3,layered,0,0,0,0,22,31,2,16,1
264320,2176,3,layered,0,0,0,0,22,31,1,14,1
264320,262144,3,layered,0,0,0,0,22,31,2,12,1
264320,262272,3,layered,0,0,0,0,22,31,1,10,1
264320,264192,3,layered,0,0,0,0,22,31,1,10,1
264320,264320,3,layered,0,0,0,0,22,31,0,0,1
526464,0,3,layered,0,0,0,0,22,31,3,13,1
526464,128,3,layered,0,0,0,0,22,31,2,13,1
526464,2048,3,layered,0,0,0,0,22,31,2,12,1
526464,2176,3,layered,0,0,0,0,22,31,1,12,1
526464,524288,3,layered,0,0,0,0,22,31,2,12,1
526464,524416,3,layered,0,0,0,0,22,31,1,10,1
526464,526336,3,layered,0,0,0,0,22,31,1,10,1
526464,526464,3,layered,0,0,0,0,22,31,0,0,1
12416,0,3,acyclic,0,0,0,0,10,9,3,5,1
12416,128,3,acyclic,0,0,0,0,10,9,2,5,1
12416,4096,3,acyclic,0,0,0,0,10,9,2,4,1
12416,4224,3,acyclic,0,0,0,0,10,9,1,4,1
12416,8192,3,acyclic,0,0,0,0,10,9,2,3,1
12416,8320,3,acyclic,0,0,0,0,10,9,1,2,1
12416,12288,3,acyclic,0,0,0,0,10,9,1,2,1
12416,12416,3,acyclic,0,0,0,0,10,9,0,0,1
20608,0,3,acyclic,0,0,0,0,10,9,3,5,1
20608,128,3,acyclic,0,0,0,0,10,9,2,4,1
20608,4096,3,acyclic,0,0,0,0,10,9,2,4,1
20608,4224,3,acyclic,0,0,0,0,10,9,1,2,1
20608,16384,3,acyclic,0,0,0,0,10,9,2,5,1
20608,16512,3,acyclic,0,0,0,0,10,9,1,4,1
20608,20480,3,acyclic,0,0,0,0,10,9,1,4,1
20608,20608,3,acyclic,0,0,0,0,10,9,0,0,1
36992,0,3,layered,0,0,0,0,25,36,3,15,1
36992,128,3,layered,0,0,0,0,25,36,2,12,1
36992,4096,3,layered,0,0,0,0,25,36,2,14,1
36992,4224,3,layered,0,0,0,0,25,36,1,10,1
36992,32768,3,layered,0,0,0,0,25,36,2,13,1
36992,32896,3,layered,0,0,0,0,25,36,1,10,1
36992,36864,3,layered,0,0,0,0,25,36,1,11,1
36992,36992,3,layered,0,0,0,0,25,36,0,0,1
69760,0,3,layered,0,0,0,0,25,36,3,15,1
69760,128,3,layered,0,0,0,0,25,36,2,14,1
69760,4096,3,layered,0,0,0,0,25,36,2,12,1
69760,4224,3,layered,0,0,0,0,25,36,1,10,1
69760,65536,3,layered,0,0,0,0,25,36,2,13,1
69760,65664,3,layered,0,0,0,0,25,36,1,11,1
69760,69632,3,layered,0,0,0,0,25,36,1,10,1
69760,69760,3,layered,0,0,0,0,25,36,0,0,1
135296,0,3,acyclic,0,0,0,0,9,7,3,3,1
135296,128,3,acyclic,0,0,0,0,9,7,2,2,1
135296,4096,3,acyclic,0,0,0,0,9,7,2,2,1
135296,4224,3,acyclic,0,0,0,0,9,7,1,1,1
135296,131072,3,acyclic,0,0,0,0,9,7,2,3,1
135296,131200,3,acyclic,0,0,0,0,9,7,1,2,1
135296,135168,3,acyclic,0,0,0,0,9,7,1,2,1
135296,135296,3,acyclic,0,0,0,0,9,7,0,0,1
266368,0,3,acyclic,0,0,0,0,9,7,3,4,1
266368,128,3,acyclic,0,0,0,0,9,7,2,3,1
266368,4096,3,acyclic,0,0,0,0,9,7,2,4,1
266368,4224,3,acyclic,0,0,0,0,9,7,1,3,1
266368,262144,3,acyclic,0,0,0,0,9,7,2,3,1
266368,262272,3,acyclic,0,0,0,0,9,7,1,2,1
266368,266240,3,acyclic,0,0,0,0,9,7,1,2,1
266368,266368,3,acyclic,0,0,0,0,9,7,0,0,1
528512,0,3,acyclic,0,0,0,0,9,7,3,4,1
528512,128,3,acyclic,0,0,0,0,9,7,2,4,1
528512,4096,3,acyclic,0,0,0,0,9,7,2,3,1
528512,4224,3,acyclic,0,0,0,0,9,7,1,3,1
528512,524288,3,acyclic,0,0,0,0,9,7,2,3,1
528512,524416,3,acyclic,0,0,0,0,9,7,1,2,1
528512,528384,3,acyclic,0,0,0,0,9,7,1,2,1
528512,528512,3,acyclic,0,0,0,0,9,7,0,0,1
24704,0,3,acyclic,0,0,0,0,10,9,3,6,1
24704,128,3,acyclic,0,0,0,0,10,9,2,6,1
24704,8192,3,acyclic,0,0,0,0,10,9,2,4,1
24704,8320,3,acyclic,0,0,0,0,10,9,1,2,1
24704,16384,3,acyclic,0,0,0,0,10,9,2,6,1
24704,16512,3,acyclic,0,0,0,0,10,9,1,6,1
24704,24576,3,acyclic,0,0,0,0,10,9,1,4,1
24704,24704,3,acyclic,0,0,0,0,10,9,0,0,1
41088,0,3,layered,0,0,0,0,25,36,3,18,1
41088,128,3,layered,0,0,0,0,25,36,2,16,1
41088,8192,3,layered,0,0,0,0,25,36,2,16,1
41088,8320,3,layered,0,0,0,0,25,36,1,12,1
41088,32768,3,layered,0,0,0,0,25,36,2,16,1
41088,32896,3,layered,0,0,0,0,25,36,1,12,1
41088,40960,3,layered,0,0,0,0,25,36,1,12,1
41088,41088,3,layered,0,0,0,0,25,36,0,0,1
73856,0,3,layered,0,0,0,0,25,36,3,15,1
73856,128,3,layered,0,0,0,0,25,36,2,13,1
73856,8192,3,layered,0,0,0,0,25,36,2,12,1
73856,8320,3,layered,0,0,0,0,25,36,1,10,1
73856,65536,3,layered,0,0,0,0,25,36,2,14,1
73856,65664,3,layered,0,0,0,0,25,36,1,11,1
73856,73728,3,layered,0,0,0,0,25,36,1,10,1
73856,73856,3,layered,0,0,0,0,25,36,0,0,1
139392,0,3,acyclic,0,0,0,0,9,7,3,4,1
139392,128,3,acyclic,0,0,0,0,9,7,2,4,1
139392,8192,3,acyclic,0,0,0,0,9,7,2,2,1
139392,8320,3,acyclic,0,0,0,0,9,7,1,1,1
139392,131072,3,acyclic,0,0,0,0,9,7,2,4,1
139392,131200,3,acyclic,0,0,0,0,9,7,1,4,1
139392,139264,3,acyclic,0,0,0,0,9,7,1,2,1
139392,139392,3,acyclic,0,0,0,0,9,7,0,0,1
270464,0,3,acyclic,0,0,0,0,9,7,3,5,1
270464,128,3,acyclic,0,0,0,0,9,7,2,5,1
270464,8192,3,acyclic,0,0,0,0,9,7,2,5,1
270464,8320,3,acyclic,0,0,0,0,9,7,1,5,1
270464,262144,3,acyclic,0,0,0,0,9,7,2,4,1
270464,262272,3,acyclic,0,0,0,0,9,7,1,4,1
270464,270336,3,acyclic,0,0,0,0,9,7,1,2,1
270464,270464,3,acyclic,0,0,0,0,9,7,0,0,1
532608,0,3,acyclic,0,0,0,0,9,7,3,4,1
532608,128,3,acyclic,0,0,0,0,9,7,2,4,1
532608,8192,3,acyclic,0,0,0,0,9,7,2,3,1
532608,8320,3,acyclic,0,0,0,0,9,7,1,3,1
532608,524288,3,acyclic,0,0,0,0,9,7,2,4,1
532608,524416,3,acyclic,0,0,0,0,9,7,1,4,1
532608,532480,3,acyclic,0,0,0,0,9,7,1,2,1
532608,532608,3,acyclic,0,0,0,0,9,7,0,0,1
49280,0,3,acyclic,0,0,0,0,10,9,3,6,1
49280,128,3,acyclic,0,0,0,0,10,9,2,4,1
49280,16384,3,acyclic,0,0,0,0,10,9,2,6,1
49280,16512,3,acyclic,0,0,0,0,10,9,1,2,1
49280,32768,3,acyclic,0,0,0,0,10,9,2,6,1
49280,32896,3,acyclic,0,0,0,0,10,9,1,2,1
49280,49152,3,acyclic,0,0,0,0,10,9,1,6,1
49280,49280,3,acyclic,0,0,0,0,10,9,0,0,1
82048,0,3,layered,0,0,0,0,15,19,3,10,1
82048,128,3,layered,0,0,0,0,15,19,2,8,1
82048,16384,3,layered,0,0,0,0,15,19,2,10,1
82048,16512,3,layered,0,0,0,0,15,19,1,8,1
82048,65536,3,layered,0,0,0,0,15,19,2,8,1
82048,65664,3,layered,0,0,0,0,15,19,1,2,1
82048,81920,3,layered,0,0,0,0,15,19,1,8,1
82048,82048,3,layered,0,0,0,0,15,19,0,0,1
147584,0,3,acyclic,1,0,0,0,8,7,3,4,1
147584,128,3,acyclic,1,0,0,0,8,7,2,3,1
147584,16384,3,acyclic,1,0,0,0,8,7,2,4,1
147584,16512,3,acyclic,1,0,0,0,8,7,1,3,1
147584,131072,3,acyclic,1,0,0,0,8,7,2,4,1
147584,131200,3,acyclic,1,0,0,0,8,7,1,2,1
147584,147456,3,acyclic,1,1,1,1,8,7,1,4,1
147584,147584,3,acyclic,1,1,1,1,8,7,0,0,1
278656,0,3,acyclic,0,0,0,0,9,7,3,5,1
278656,128,3,acyclic,0,0,0,0,9,7,2,3,1
278656,16384,3,acyclic,0,0,0,0,9,7,2,5,1
278656,16512,3,acyclic,0,0,0,0,9,7,1,1,1
278656,262144,3,acyclic,0,0,0,0,9,7,2,4,1
278656,262272,3,acyclic,0,0,0,0,9,7,1,2,1
278656,278528,3,acyclic,0,0,0,0,9,7,1,4,1
278656,278656,3,acyclic,0,0,0,0,9,7,0,0,1
540800,0,3,acyclic,1,0,0,0,8,7,3,5,1
540800,128,3,acyclic,1,0,0,0,8,7,2,5,1
540800,16384,3,acyclic,1,0,0,0,8,7,2,5,1
540800,16512,3,acyclic,1,0,0,0,8,7,1,5,1
540800,524288,3,acyclic,1,0,0,0,8,7,2,4,1
540800,524416,3,acyclic,1,0,0,0,8,7,1,2,1
540800,540672,3,acyclic,1,0,0,0,8,7,1,4,1
540800,540800,3,acyclic,1,1,1,1,8,7,0,0,1
98432,0,3,layered,0,0,0,0,25,36,3,18,1
98432,128,3,layered,0,0,0,0,25,36,2,16,1
98432,32768,3,layered,0,0,0,0,25,36,2,16,1
98432,32896,3,layered,0,0,0,0,25,36,1,12,1
98432,65536,3,layered,0,0,0,0,25,36,2,16,1
98432,65664,3,layered,0,0,0,0,25,36,1,6,1
98432,98304,3,layered,0,0,0,0,25,36,1,14,1
98432,98432,3,layered,0,0,0,0,25,36,0,0,1
163968,0,3,acyclic,0,0,0,0,9,7,3,4,1
163968,128,3,acyclic,0,0,0,0,9,7,2,3,1
163968,32768,3,acyclic,0,0,0,0,9,7,2,4,1
163968,32896,3,acyclic,0,0,0,0,9,7,1,3,1
163968,131072,3,acyclic,0,0,0,0,9,7,2,4,1
163968,131200,3,acyclic,0,0,0,0,9,7,1,2,1
163968,163840,3,acyclic,0,0,0,0,9,7,1,4,1
163968,163968,3,acyclic,0,0,0,0,9,7,0,0,1
295040,0,3,acyclic,0,0,0,0,9,7,3,4,1
295040,128,3,acyclic,0,0,0,0,9,7,2,2,1
295040,32768,3,acyclic,0,0,0,0,9,7,2,4,1
295040,32896,3,acyclic,0,0,0,0,9,7,1,1,1
295040,262144,3,acyclic,0,0,0,0,9,7,2,4,1
295040,262272,3,acyclic,0,0,0,0,9,7,1,2,1
295040,294912,3,acyclic,0,0,0,0,9,7,1,4,1
295040,295040,3,acyclic,0,0,0,0,9,7,0,0,1
557184,0,3,acyclic,0,0,0,0,9,7,3,5,1
557184,128,3,acyclic,0,0,0,0,9,7,2,5,1
557184,32768,3,acyclic,0,0,0,0,9,7,2,5,1
557184,32896,3,acyclic,0,0,0,0,9,7,1,5,1
557184,524288,3,acyclic,0,0,0,0,9,7,2,4,1
557184,524416,3,acyclic,0,0,0,0,9,7,1,2,1
557184,557056,3,acyclic,0,0,0,0,9,7,1,4,1
557184,557184,3,acyclic,0,0,0,0,9,7,0,0,1
196736,0,3,layered,0,0,0,0,14,17,3,9,1
196736,128,3,layered,0,0,0,0,14,17,2,8,1
196736,65536,3,layered,0,0,0,0,14,17,2,9,1
196736,65664,3,layered,0,0,0,0,14,17,1,8,1
196736,131072,3,layered,0,0,0,0,14,17,2,8,1
196736,131200,3,layered,0,0,0,0,14,17,1,6,1
196736,196608,3,layered,0,0,0,0,14,17,1,6,1
196736,196736,3,layered,0,0,0,0,14,17,0,0,1
327808,0,3,layered,0,0,0,0,22,28,3,16,1
327808,128,3,layered,0,0,0,0,22,28,2,14,1
327808,65536,3,layered,0,0,0,0,22,28,2,14,1
327808,65664,3,layered,0,0,0,0,22,28,1,4,1
327808,262144,3,layered,0,0,0,0,22,28,2,12,1
327808,262272,3,layered,0,0,0,0,22,28,1,10,1
327808,327680,3,layered,0,0,0,0,22,28,1,10,1
327808,327808,3,layered,0,0,0,0,22,28,0,0,1
589952,0,3,layered,0,0,0,0,14,17,3,9,1
589952,128,3,layered,0,0,0,0,14,17,2,9,1
589952,65536,3,layered,0,0,0,0,14,17,2,8,1
589952,65664,3,layered,0,0,0,0,14,17,1,8,1
589952,524288,3,layered,0,0,0,0,14,17,2,8,1
589952,524416,3,layered,0,0,0,0,14,17,1,6,1
589952,589824,3,layered,0,0,0,0,14,17,1,6,1
589952,589952,3,layered,0,0,0,0,14,17,0,0,1
393344,0,3,acyclic,0,0,0,0,8,5,3,3,1
393344,128,3,acyclic,0,0,0,0,8,5,2,2,1
393344,131072,3,acyclic,0,0,0,0,8,5,2,3,1
393344,131200,3,acyclic,0,0,0,0,8,5,1,1,1
393344,262144,3,acyclic,0,0,0,0,8,5,2,2,1
393344,262272,3,acyclic,0,0,0,0,8,5,1,1,1
393344,393216,3,acyclic,0,0,0,0,8,5,1,2,1
393344,393344,3,acyclic,0,0,0,0,8,5,0,0,1
655488,0,3,acyclic,0,0,0,0,7,5,3,3,1
655488,128,3,acyclic,0,0,0,0,7,5,2,3,1
655488,131072,3,acyclic,0,0,0,0,7,5,2,3,1
655488,131200,3,acyclic,0,0,0,0,7,5,1,3,1
655488,524288,3,acyclic,0,0,0,0,7,5,2,2,1
655488,524416,3,acyclic,0,0,0,0,7,5,1,1,1
655488,655360,3,acyclic,0,0,0,0,7,5,1,2,1
655488,655488,3,acyclic,0,0,0,0,7,5,0,0,1
786560,0,3,acyclic,0,0,0,0,8,5,3,4,1
786560,128,3,acyclic,0,0,0,0,8,5,2,4,1
786560,262144,3,acyclic,0,0,0,0,8,5,2,3,1
786560,262272,3,acyclic,0,0,0,0,8,5,1,3,1
786560,524288,3,acyclic,0,0,0,0,8,5,2,3,1
786560,524416,3,acyclic,0,0,0,0,8,5,1,1,1
786560,786432,3,acyclic,0,0,0,0,8,5,1,2,1
786560,786560,3,acyclic,0,0,0,0,8,5,0,0,1
1792,0,3,acyclic,0,0,0,0,10,10,3,5,1
1792,256,3,acyclic,0,0,0,0,10,10,2,3,1
1792,512,3,acyclic,0,0,0,0,10,10,2,5,1
1792,768,3,acyclic,0,0,0,0,10,10,1,2,1
1792,1024,3,acyclic,0,0,0,0,10,10,2,5,1
1792,1280,3,acyclic,0,0,0,0,10,10,1,2,1
1792,1536,3,acyclic,0,0,0,0,10,10,1,5,1
1792,1792,3,acyclic,0,0,0,0,10,10,0,0,1
2816,0,3,layered,0,0,0,0,23,33,3,14,1
2816,256,3,layered,0,0,0,0,23,33,2,12,1
2816,512,3,layered,0,0,0,0,23,33,2,14,1
2816,768,3,layered,0,0,0,0,23,33,1,12,1
2816,2048,3,layered,0,0,0,0,23,33,2,12,1
2816,2304,3,layered,0,0,0,0,23,33,1,2,1
2816,2560,3,layered,0,0,0,0,23,33,1,12,1
2816,2816,3,layered,0,0,0,0,23,33,0,0,1
4864,0,3,acyclic,0,0,0,0,10,9,3,6,1
4864,256,3,acyclic,0,0,0,0,10,9,2,4,1
4864,512,3,acyclic,0,0,0,0,10,9,2,6,1
4864,768,3,acyclic,0,0,0,0,10,9,1,2,1
4864,4096,3,acyclic,0,0,0,0,10,9,2,6,1
4864,4352,3,acyclic,0,0,0,0,10,9,1,2,1
4864,4608,3,acyclic,0,0,0,0,10,9,1,6,1
4864,4864,3,acyclic,0,0,0,0,10,9,0,0,1
8960,0,3,layered,0,0,0,0,15,19,3,10,1
8960,256,3,layered,0,0,0,0,15,19,2,8,1
8960,512,3,layered,0,0,0,0,15,19,2,10,1
8960,768,3,layered,0,0,0,0,15,19,1,8,1
8960,8192,3,layered,0,0,0,0,15,19,2,8,1
8960,8448,3,layered,0,0,0,0,15,19,1,2,1
8960,8704,3,layered,0,0,0,0,15,19,1,8,1
8960,8960,3,layered,0,0,0,0,15,19,0,0,1
17152,0,3,acyclic,0,0,0,0,10,9,3,5,1
17152,256,3,acyclic,0,0,0,0,10,9,2,3,1
17152,512,3,acyclic,0,0,0,0,10,9,2,5,1
17152,768,3,acyclic,0,0,0,0,10,9,1,2,1
17152,16384,3,acyclic,0,0,0,0,10,9,2,4,1
17152,16640,3,acyclic,0,0,0,0,10,9,1,2,1
17152,16896,3,acyclic,0,0,0,0,10,9,1,4,1
17152,17152,3,acyclic,0,0,0,0,10,9,0,0,1
33536,0,3,acyclic,0,0,0,0,10,9,3,5,1
33536,256,3,acyclic,0,0,0,0,10,9,2,4,1
33536,512,3,acyclic,0,0,0,0,10,9,2,5,1
33536,768,3,acyclic,0,0,0,0,10,9,1,4,1
33536,32768,3,acyclic,0,0,0,0,10,9,2,4,1
33536,33024,3,acyclic,0,0,0,0,10,9,1,2,1
33536,33280,3,acyclic,0,0,0,0,10,9,1,4,1
33536,33536,3,acyclic,0,0,0,0,10,9,0,0,1
66304,0,3,acyclic,0,0,0,0,10,9,3,6,1
66304,256,3,acyclic,0,0,0,0,10,9,2,6,1
66304,512,3,acyclic,0,0,0,0,10,9,2,6,1
66304,768,3,acyclic,0,0,0,0,10,9,1,6,1
66304,65536,3,acyclic,0,0,0,0,10,9,2,4,1
66304,65792,3,acyclic,0,0,0,0,10,9,1,2,1
66304,66048,3,acyclic,0,0,0,0,10,9,1,4,1
66304,66304,3,acyclic,0,0,0,0,10,9,0,0,1
131840,0,3,acyclic,0,0,0,0,9,7,3,5,1
131840,256,3,acyclic,0,0,0,0,9,7,2,3,1
131840,512,3,acyclic,0,0,0,0,9,7,2,5,1
131840,768,3,acyclic,0,0,0,0,9,7,1,1,1
131840,131072,3,acyclic,0,0,0,0,9,7,2,4,1
131840,131328,3,acyclic,0,0,0,0,9,7,1,2,1
131840,131584,3,acyclic,0,0,0,0,9,7,1,4,1
131840,131840,3,acyclic,0,0,0,0,9,7,0,0,1
262912,0,3,acyclic,1,0,0,0,8,7,3,4,1
262912,256,3,acyclic,1,0,0,0,8,7,2,3,1
262912,512,3,acyclic,1,0,0,0,8,7,2,4,1
262912,768,3,acyclic,1,0,0,0,8,7,1,3,1
262912,262144,3,acyclic,1,0,0,0,8,7,2,4,1
262912,262400,3,acyclic,1,0,0,0,8,7,1,2,1
262912,262656,3,acyclic,1,1,1,1,8,7,1,4,1
262912,262912,3,acyclic,1,1,1,1,8,7,0,0,1
525056,0,3,acyclic,1,0,0,0,8,7,3,5,1
525056,256,3,acyclic,1,0,0,0,8,7,2,5,1
525056,512,3,acyclic,1,0,0,0,8,7,2,5,1
525056,768,3,acyclic,1,0,0,0,8,7,1,5,1
525056,524288,3,acyclic,1,0,0,0,8,7,2,4,1
525056,524544,3,acyclic,1,0,0,0,8,7,1,2,1
525056,524800,3,acyclic,1,0,0,0,8,7,1,4,1
525056,525056,3,acyclic,1,1,1,1,8,7,0,0,1
3328,0,3,layered,0,0,0,0,23,34,3,14,1
3328,256,3,layered,0,0,0,0,23,34,2,12,1
3328,1024,3,layered,0,0,0,0,23,34,2,14,1
3328,1280,3,layered,0,0,0,0,23,34,1,12,1
3328,2048,3,layered,0,0,0,0,23,34,2,12,1
3328,2304,3,layered,0,0,0,0,23,34,1,2,1
3328,3072,3,layered,0,0,0,0,23,34,1,12,1
3328,3328,3,layered,0,0,0,0,23,34,0,0,1
5376,0,3,acyclic,0,0,0,0,10,10,3,6,1
5376,256,3,acyclic,0,0,0,0,10,10,2,4,1
5376,1024,3,acyclic,0,0,0,0,10,10,2,6,1
5376,1280,3,acyclic,0,0,0,0,10,10,1,4,1
5376,4096,3,acyclic,0,0,0,0,10,10,2,6,1
5376,4352,3,acyclic,0,0,0,0,10,10,1,2,1
5376,5120,3,acyclic,0,0,0,0,10,10,1,6,1
5376,5376,3,acyclic,0,0,0,0,10,10,0,0,1
9472,0,3,layered,0,0,0,0,23,31,3,14,1
9472,256,3,layered,0,0,0,0,23,31,2,12,1
9472,1024,3,layered,0,0,0,0,23,31,2,14,1
9472,1280,3,layered,0,0,0,0,23,31,1,12,1
9472,8192,3,layered,0,0,0,0,23,31,2,12,1
9472,8448,3,layered,0,0,0,0,23,31,1,2,1
9472,9216,3,layered,0,0,0,0,23,31,1,12,1
9472,9472,3,layered,0,0,0,0,23,31,0,0,1
17664,0,3,acyclic,0,0,0,0,10,10,3,5,1
17664,256,3,acyclic,0,0,0,0,10,10,2,3,1
17664,1024,3,acyclic,0,0,0,0,10,10,2,5,1
17664,1280,3,acyclic,0,0,0,0,10,10,1,2,1
17664,16384,3,acyclic,0,0,0,0,10,10,2,4,1
17664,16640,3,acyclic,0,0,0,0,10,10,1,2,1
17664,17408,3,acyclic,0,0,0,0,10,10,1,4,1
17664,17664,3,acyclic,0,0,0,0,10,10,0,0,1
34048,0,3,acyclic,0,0,0,0,10,10,3,5,1
34048,256,3,acyclic,0,0,0,0,10,10,2,4,1
34048,1024,3,acyclic,0,0,0,0,10,10,2,5,1
34048,1280,3,acyclic,0,0,0,0,10,10,1,4,1
34048,32768,3,acyclic,0,0,0,0,10,10,2,4,1
34048,33024,3,acyclic,0,0,0,0,10,10,1,2,1
34048,33792,3,acyclic,0,0,0,0,10,10,1,4,1
34048,34048,3,acyclic,0,0,0,0,10,10,0,0,1
66816,0,3,acyclic,0,0,0,0,10,10,3,6,1
66816,256,3,acyclic,0,0,0,0,10,10,2,6,1
66816,1024,3,acyclic,0,0,0,0,10,10,2,6,1
66816,1280,3,acyclic,0,0,0,0,10,10,1,6,1
66816,65536,3,acyclic,0,0,0,0,10,10,2,4,1
66816,65792,3,acyclic,0,0,0,0,10,10,1,2,1
66816,66560,3,acyclic,0,0,0,0,10,10,1,4,1
66816,66816,3,acyclic,0,0,0,0,10,10,0,0,1
132352,0,3,acyclic,0,0,0,0,9,8,3,5,1
132352,256,3,acyclic,0,0,0,0,9,8,2,3,1
132352,1024,3,acyclic,0,0,0,0,9,8,2,5,1
132352,1280,3,acyclic,0,0,0,0,9,8,1,3,1
132352,131072,3,acyclic,0,0,0,0,9,8,2,4,1
132352,131328,3,acyclic,0,0,0,0,9,8,1,2,1
132352,132096,3,acyclic,0,0,0,0,9,8,1,4,1
132352,132352,3,acyclic,0,0,0,0,9,8,0,0,1
263424,0,3,acyclic,0,0,0,0,9,8,3,4,1
263424,256,3,acyclic,0,0,0,0,9,8,2,3,1
263424,1024,3,acyclic,0,0,0,0,9,8,2,4,1
263424,1280,3,acyclic,0,0,0,0,9,8,1,3,1
263424,262144,3,acyclic,0,0,0,0,9,8,2,4,1
263424,262400,3,acyclic,0,0,0,0,9,8,1,2,1
263424,263168,3,acyclic,0,0,0,0,9,8,1,4,1
263424,263424,3,acyclic,0,0,0,0,9,8,0,0,1
525568,0,3,acyclic,0,0,0,0,9,8,3,5,1
525568,256,3,acyclic,0,0,0,0,9,8,2,5,1
525568,1024,3,acyclic,0,0,0,0,9,8,2,5,1
525568,1280,3,acyclic,0,0,0,0,9,8,1,5,1
525568,524288,3,acyclic,0,0,0,0,9,8,2,4,1
525568,524544,3,acyclic,0,0,0,0,9,8,1,2,1
525568,525312,3,acyclic,0,0,0,0,9,8,1,4,1
525568,525568,3,acyclic,0,0,0,0,9,8,0,0,1
6400,0,3,layered,0,0,0,0,25,39,3,18,1
6400,256,3,layered,0,0,0,0,25,39,2,16,1
6400,2048,3,layered,0,0,0,0,25,39,2,16,1
6400,2304,3,layered,0,0,0,0,25,39,1,12,1
6400,4096,3,layered,0,0,0,0,25,39,2,16,1
6400,4352,3,layered,0,0,0,0,25,39,1,12,1
6400,6144,3,layered,0,0,0,0,25,39,1,14,1
6400,6400,3,layered,0,0,0,0,25,39,0,0,1
10496,0,3,layered,0,0,0,0,25,39,3,15,1
10496,256,3,layered,0,0,0,0,25,39,2,13,1
10496,2048,3,layered,0,0,0,0,25,39,2,14,1
10496,2304,3,layered,0,0,0,0,25,39,1,11,1
10496,8192,3,layered,0,0,0,0,25,39,2,14,1
10496,8448,3,layered,0,0,0,0,25,39,1,11,1
10496,10240,3,layered,0,0,0,0,25,39,1,12,1
10496,10496,3,layered,0,0,0,0,25,39,0,0,1
18688,0,3,layered,0,0,0,0,23,33,3,14,1
18688,256,3,layered,0,0,0,0,23,33,2,12,1
18688,2048,3,layered,0,0,0,0,23,33,2,12,1
18688,2304,3,layered,0,0,0,0,23,33,1,2,1
18688,16384,3,layered,0,0,0,0,23,33,2,12,1
18688,16640,3,layered,0,0,0,0,23,33,1,10,1
18688,18432,3,layered,0,0,0,0,23,33,1,10,1
18688,18688,3,layered,0,0,0,0,23,33,0,0,1
35072,0,3,layered,0,0,0,0,25,39,3,15,1
35072,256,3,layered,0,0,0,0,25,39,2,14,1
35072,2048,3,layered,0,0,0,0,25,39,2,13,1
35072,2304,3,layered,0,0,0,0,25,39,1,11,1
35072,32768,3,layered,0,0,0,0,25,39,2,12,1
35072,33024,3,layered,0,0,0,0,25,39,1,10,1
35072,34816,3,layered,0,0,0,0,25,39,1,10,1
35072,35072,3,layered,0,0,0,0,25,39,0,0,1
67840,0,3,layered,0,0,0,0,25,39,3,15,1
67840,256,3,layered,0,0,0,0,25,39,2,13,1
67840,2048,3,layered,0,0,0,0,25,39,2,14,1
67840,2304,3,layered,0,0,0,0,25,39,1,11,1
67840,65536,3,layered,0,0,0,0,25,39,2,12,1
67840,65792,3,layered,0,0,0,0,25,39,1,10,1
67840,67584,3,layered,0,0,0,0,25,39,1,10,1
67840,67840,3,layered,0,0,0,0,25,39,0,0,1
133376,0,3,layered,0,0,0,0,22,31,3,16,1
133376,256,3,layered,0,0,0,0,22,31,2,14,1
133376,2048,3,layered,0,0,0,0,22,31,2,16,1
133376,2304,3,layered,0,0,0,0,22,31,1,14,1
133376,131072,3,layered,0,0,0,0,22,31,2,12,1
133376,131328,3,layered,0,0,0,0,22,31,1,10,1
133376,133120,3,layered,0,0,0,0,22,31,1,10,1
133376,133376,3,layered,0,0,0,0,22,31,0,0,1
264448,0,3,layered,0,0,0,0,22,31,3,13,1
264448,256,3,layered,0,0,0,0,22,31,2,12,1
264448,2048,3,layered,0,0,0,0,22,31,2,13,1
264448,2304,3,layered,0,0,0,0,22,31,1,12,1
264448,262144,3,layered,0,0,0,0,22,31,2,12,1
264448,262400,3,layered,0,0,0,0,22,31,1,10,1
264448,264192,3,layered,0,0,0,0,22,31,1,10,1
264448,264448,3,layered,0,0,0,0,22,31,0,0,1
526592,0,3,layered,0,0,0,0,22,31,3,13,1
526592,256,3,layered,0,0,0,0,22,31,2,13,1
526592,2048,3,layered,0,0,0,0,22,31,2,12,1
526592,2304,3,layered,0,0,0,0,22,31,1,12,1
526592,524288,3,layered,0,0,0,0,22,31,2,12,1
526592,524544,3,layered,0,0,0,0,22,31,1,10,1
526592,526336,3,layered,0,0,0,0,22,31,1,10,1
526592,526592,3,layered,0,0,0,0,22,31,0,0,1
12544,0,3,layered,0,0,0,0,25,36,3,18,1
12544,256,3,layered,0,0,0,0,25,36,2,16,1
12544,4096,3,layered,0,0,0,0,25,36,2,16,1
12544,4352,3,layered,0,0,0,0,25,36,1,12,1
12544,8192,3,layered,0,0,0,0,25,36,2,16,1
12544,8448,3,layered,0,0,0,0,25,36,1,6,1
12544,12288,3,layered,0,0,0,0,25,36,1,14,1
12544,12544,3,layered,0,0,0,0,25,36,0,0,1
20736,0,3,acyclic,0,0,0,0,10,9,3,6,1
20736,256,3,acyclic,0,0,0,0,10,9,2,4,1
20736,4096,3,acyclic,0,0,0,0,10,9,2,6,1
20736,4352,3,acyclic,0,0,0,0,10,9,1,2,1
20736,16384,3,acyclic,0,0,0,0,10,9,2,6,1
20736,16640,3,acyclic,0,0,0,0,10,9,1,4,1
20736,20480,3,acyclic,0,0,0,0,10,9,1,6,1
20736,20736,3,acyclic,0,0,0,0,10,9,0,0,1
37120,0,3,layered,0,0,0,0,25,36,3,15,1
37120,256,3,layered,0,0,0,0,25,36,2,12,1
37120,4096,3,layered,0,0,0,0,25,36,2,13,1
37120,4352,3,layered,0,0,0,0,25,36,1,10,1
37120,32768,3,layered,0,0,0,0,25,36,2,14,1
37120,33024,3,layered,0,0,0,0,25,36,1,10,1
37120,36864,3,layered,0,0,0,0,25,36,1,11,1
37120,37120,3,layered,0,0,0,0,25,36,0,0,1
69888,0,3,layered,0,0,0,0,25,36,3,18,1
69888,256,3,layered,0,0,0,0,25,36,2,16,1
69888,4096,3,layered,0,0,0,0,25,36,2,16,1
69888,4352,3,layered,0,0,0,0,25,36,1,12,1
69888,65536,3,layered,0,0,0,0,25,36,2,16,1
69888,65792,3,layered,0,0,0,0,25,36,1,12,1
69888,69632,3,layered,0,0,0,0,25,36,1,12,1
69888,69888,3,layered,0,0,0,0,25,36,0,0,1
135424,0,3,acyclic,0,0,0,0,9,7,3,4,1
135424,256,3,acyclic,0,0,0,0,9,7,2,2,1
135424,4096,3,acyclic,0,0,0,0,9,7,2,4,1
135424,4352,3,acyclic,0,0,0,0,9,7,1,1,1
135424,131072,3,acyclic,0,0,0,0,9,7,2,4,1
135424,131328,3,acyclic,0,0,0,0,9,7,1,2,1
135424,135168,3,acyclic,0,0,0,0,9,7,1,4,1
135424,135424,3,acyclic,0,0,0,0,9,7,0,0,1
266496,0,3,acyclic,0,0,0,0,9,7,3,4,1
266496,256,3,acyclic,0,0,0,0,9,7,2,3,1
266496,4096,3,acyclic,0,0,0,0,9,7,2,4,1
266496,4352,3,acyclic,0,0,0,0,9,7,1,3,1
266496,262144,3,acyclic,0,0,0,0,9,7,2,4,1
266496,262400,3,acyclic,0,0,0,0,9,7,1,2,1
266496,266240,3,acyclic,0,0,0,0,9,7,1,4,1
266496,266496,3,acyclic,0,0,0,0,9,7,0,0,1
528640,0,3,acyclic,0,0,0,0,9,7,3,5,1
528640,256,3,acyclic,0,0,0,0,9,7,2,5,1
528640,4096,3,acyclic,0,0,0,0,9,7,2,5,1
528640,4352,3,acyclic,0,0,0,0,9,7,1,5,1
528640,524288,3,acyclic,0,0,0,0,9,7,2,4,1
528640,524544,3,acyclic,0,0,0,0,9,7,1,2,1
528640,528384,3,acyclic,0,0,0,0,9,7,1,4,1
528640,528640,3,acyclic,0,0,0,0,9,7,0,0,1
24832,0,3,layered,0,0,0,0,23,30,3,14,1
24832,256,3,layered,0,0,0,0,23,30,2,12,1
24832,8192,3,layered,0,0,0,0,23,30,2,12,1
24832,8448,3,layered,0,0,0,0,23,30,1,2,1
24832,16384,3,layered,0,0,0,0,23,30,2,12,1
24832,16640,3,layered,0,0,0,0,23,30,1,10,1
24832,24576,3,layered,0,0,0,0,23,30,1,10,1
24832,24832,3,layered,0,0,0,0,23,30,0,0,1
41216,0,3,layered,0,0,0,0,25,36,3,15,1
41216,256,3,layered,0,0,0,0,25,36,2,14,1
41216,8192,3,layered,0,0,0,0,25,36,2,13,1
41216,8448,3,layered,0,0,0,0,25,36,1,11,1
41216,32768,3,layered,0,0,0,0,25,36,2,12,1
41216,33024,3,layered,0,0,0,0,25,36,1,10,1
41216,40960,3,layered,0,0,0,0,25,36,1,10,1
41216,41216,3,layered,0,0,0,0,25,36,0,0,1
73984,0,3,layered,0,0,0,0,25,36,3,15,1
73984,256,3,layered,0,0,0,0,25,36,2,13,1
73984,8192,3,layered,0,0,0,0,25,36,2,14,1
73984,8448,3,layered,0,0,0,0,25,36,1,11,1
73984,65536,3,layered,0,0,0,0,25,36,2,12,1
73984,65792,3,layered,0,0,0,0,25,36,1,10,1
73984,73728,3,layered,0,0,0,0,25,36,1,10,1
73984,73984,3,layered,0,0,0,0,25,36,0,0,1
139520,0,3,layered,0,0,0,0,22,28,3,16,1
139520,256,3,layered,0,0,0,0,22,28,2,14,1
139520,8192,3,layered,0,0,0,0,22,28,2,14,1
139520,8448,3,layered,0,0,0,0,22,28,1,4,1
139520,131072,3,layered,0,0,0,0,22,28,2,12,1
139520,131328,3,layered,0,0,0,0,22,28,1,10,1
139520,139264,3,layered,0,0,0,0,22,28,1,10,1
139520,139520,3,layered,0,0,0,0,22,28,0,0,1
270592,0,3,layered,0,0,0,0,14,17,3,9,1
270592,256,3,layered,0,0,0,0,14,17,2,8,1
270592,8192,3,layered,0,0,0,0,14,17,2,9,1
270592,8448,3,layered,0,0,0,0,14,17,1,8,1
270592,262144,3,layered,0,0,0,0,14,17,2,8,1
270592,262400,3,layered,0,0,0,0,14,17,1,6,1
270592,270336,3,layered,0,0,0,0,14,17,1,6,1
270592,270592,3,layered,0,0,0,0,14,17,0,0,1
532736,0,3,layered,0,0,0,0,14,17,3,9,1
532736,256,3,layered,0,0,0,0,14,17,2,9,1
532736,8192,3,layered,0,0,0,0,14,17,2,8,1
532736,8448,3,layered,0,0,0,0,14,17,1,8,1
532736,524288,3,layered,0,0,0,0,14,17,2,8,1
532736,524544,3,layered,0,0,0,0,14,17,1,6,1
532736,532480,3,layered,0,0,0,0,14,17,1,6,1
532736,532736,3,layered,0,0,0,0,14,17,0,0,1
49408,0,3,acyclic,0,0,0,0,10,9,3,5,1
49408,256,3,acyclic,0,0,0,0,10,9,2,4,1
49408,16384,3,acyclic,0,0,0,0,10,9,2,3,1
49408,16640,3,acyclic,0,0,0,0,10,9,1,2,1
49408,32768,3,acyclic,0,0,0,0,10,9,2,4,1
49408,33024,3,acyclic,0,0,0,0,10,9,1,2,1
49408,49152,3,acyclic,0,0,0,0,10,9,1,2,1
49408,49408,3,acyclic,0,0,0,0,10,9,0,0,1
82176,0,3,acyclic,0,0,0,0,10,9,3,6,1
82176,256,3,acyclic,0,0,0,0,10,9,2,6,1
82176,16384,3,acyclic,0,0,0,0,10,9,2,4,1
82176,16640,3,acyclic,0,0,0,0,10,9,1,4,1
82176,65536,3,acyclic,0,0,0,0,10,9,2,4,1
82176,65792,3,acyclic,0,0,0,0,10,9,1,2,1
82176,81920,3,acyclic,0,0,0,0,10,9,1,2,1
82176,82176,3,acyclic,0,0,0,0,10,9,0,0,1
147712,0,3,acyclic,1,0,0,0,9,7,3,5,1
147712,256,3,acyclic,1,0,0,0,9,7,2,3,1
147712,16384,3,acyclic,1,0,0,0,9,7,2,5,1
147712,16640,3,acyclic,1,0,0,0,9,7,1,3,1
147712,131072,3,acyclic,1,0,0,0,9,7,2,4,1
147712,131328,3,acyclic,1,0,0,0,9,7,1,2,1
147712,147456,3,acyclic,1,1,1,1,9,7,1,2,1
147712,147712,3,acyclic,1,1,1,1,9,7,0,0,1
278784,0,3,acyclic,0,0,0,0,9,7,3,4,1
278784,256,3,acyclic,0,0,0,0,9,7,2,3,1
278784,16384,3,acyclic,0,0,0,0,9,7,2,2,1
278784,16640,3,acyclic,0,0,0,0,9,7,1,1,1
278784,262144,3,acyclic,0,0,0,0,9,7,2,4,1
278784,262400,3,acyclic,0,0,0,0,9,7,1,2,1
278784,278528,3,acyclic,0,0,0,0,9,7,1,2,1
278784,278784,3,acyclic,0,0,0,0,9,7,0,0,1
540928,0,3,acyclic,0,0,0,0,9,7,3,5,1
540928,256,3,acyclic,0,0,0,0,9,7,2,5,1
540928,16384,3,acyclic,0,0,0,0,9,7,2,3,1
540928,16640,3,acyclic,0,0,0,0,9,7,1,3,1
540928,524288,3,acyclic,0,0,0,0,9,7,2,4,1
540928,524544,3,acyclic,0,0,0,0,9,7,1,2,1
540928,540672,3,acyclic,0,0,0,0,9,7,1,2,1
540928,540928,3,acyclic,0,0,0,0,9,7,0,0,1
98560,0,3,acyclic,0,0,0,0,10,9,3,5,1
98560,256,3,acyclic,0,0,0,0,10,9,2,5,1
98560,32768,3,acyclic,0,0,0,0,10,9,2,4,1
98560,33024,3,acyclic,0,0,0,0,10,9,1,4,1
98560,65536,3,acyclic,0,0,0,0,10,9,2,3,1
98560,65792,3,acyclic,0,0,0,0,10,9,1,2,1
98560,98304,3,acyclic,0,0,0,0,10,9,1,2,1
98560,98560,3,acyclic,0,0,0,0,10,9,0,0,1
164096,0,3,acyclic,0,0,0,0,9,7,3,4,1
164096,256,3,acyclic,0,0,0,0,9,7,2,3,1
164096,32768,3,acyclic,0,0,0,0,9,7,2,4,1
164096,33024,3,acyclic,0,0,0,0,9,7,1,3,1
164096,131072,3,acyclic,0,0,0,0,9,7,2,3,1
164096,131328,3,acyclic,0,0,0,0,9,7,1,2,1
164096,163840,3,acyclic,0,0,0,0,9,7,1,2,1
164096,164096,3,acyclic,0,0,0,0,9,7,0,0,1
295168,0,3,acyclic,0,0,0,0,9,7,3,3,1
295168,256,3,acyclic,0,0,0,0,9,7,2,2,1
295168,32768,3,acyclic,0,0,0,0,9,7,2,2,1
295168,33024,3,acyclic,0,0,0,0,9,7,1,1,1
295168,262144,3,acyclic,0,0,0,0,9,7,2,3,1
295168,262400,3,acyclic,0,0,0,0,9,7,1,2,1
295168,294912,3,acyclic,0,0,0,0,9,7,1,2,1
295168,295168,3,acyclic,0,0,0,0,9,7,0,0,1
557312,0,3,acyclic,0,0,0,0,9,7,3,4,1
557312,256,3,acyclic,0,0,0,0,9,7,2,4,1
557312,32768,3,acyclic,0,0,0,0,9,7,2,3,1
557312,33024,3,acyclic,0,0,0,0,9,7,1,3,1
557312,524288,3,acyclic,0,0,0,0,9,7,2,3,1
557312,524544,3,acyclic,0,0,0,0,9,7,1,2,1
557312,557056,3,acyclic,0,0,0,0,9,7,1,2,1
557312,557312,3,acyclic,0,0,0,0,9,7,0,0,1
196864,0,3,acyclic,0,0,0,0,9,7,3,5,1
196864,256,3,acyclic,0,0,0,0,9,7,2,5,1
196864,65536,3,acyclic,0,0,0,0,9,7,2,5,1
196864,65792,3,acyclic,0,0,0,0,9,7,1,5,1
196864,131072,3,acyclic,0,0,0,0,9,7,2,4,1
196864,131328,3,acyclic,0,0,0,0,9,7,1,4,1
196864,196608,3,acyclic,0,0,0,0,9,7,1,2,1
196864,196864,3,acyclic,0,0,0,0,9,7,0,0,1
327936,0,3,acyclic,0,0,0,0,9,7,3,4,1
327936,256,3,acyclic,0,0,0,0,9,7,2,4,1
327936,65536,3,acyclic,0,0,0,0,9,7,2,2,1
327936,65792,3,acyclic,0,0,0,0,9,7,1,1,1
327936,262144,3,acyclic,0,0,0,0,9,7,2,4,1
327936,262400,3,acyclic,0,0,0,0,9,7,1,4,1
327936,327680,3,acyclic,0,0,0,0,9,7,1,2,1
327936,327936,3,acyclic,0,0,0,0,9,7,0,0,1
590080,0,3,acyclic,0,0,0,0,9,7,3,4,1
590080,256,3,acyclic,0,0,0,0,9,7,2,4,1
590080,65536,3,acyclic,0,0,0,0,9,7,2,3,1
590080,65792,3,acyclic,0,0,0,0,9,7,1,3,1
590080,524288,3,acyclic,0,0,0,0,9,7,2,4,1
590080,524544,3,acyclic,0,0,0,0,9,7,1,4,1
590080,589824,3,acyclic,0,0,0,0,9,7,1,2,1
590080,590080,3,acyclic,0,0,0,0,9,7,0,0,1
393472,0,3,acyclic,0,0,0,0,8,5,3,3,1
393472,256,3,acyclic,0,0,0,0,8,5,2,2,1
393472,131072,3,acyclic,0,0,0,0,8,5,2,2,1
393472,131328,3,acyclic,0,0,0,0,8,5,1,1,1
393472,262144,3,acyclic,0,0,0,0,8,5,2,3,1
393472,262400,3,acyclic,0,0,0,0,8,5,1,1,1
393472,393216,3,acyclic,0,0,0,0,8,5,1,2,1
393472,393472,3,acyclic,0,0,0,0,8,5,0,0,1
655616,0,3,acyclic,0,0,0,0,8,5,3,4,1
655616,256,3,acyclic,0,0,0,0,8,5,2,4,1
655616,131072,3,acyclic,0,0,0,0,8,5,2,3,1
655616,131328,3,acyclic,0,0,0,0,8,5,1,3,1
655616,524288,3,acyclic,0,0,0,0,8,5,2,3,1
655616,524544,3,acyclic,0,0,0,0,8,5,1,1,1
655616,655360,3,acyclic,0,0,0,0,8,5,1,2,1
655616,655616,3,acyclic,0,0,0,0,8,5,0,0,1
786688,0,3,acyclic,0,0,0,0,7,5,3,3,1
786688,256,3,acyclic,0,0,0,0,7,5,2,3,1
786688,262144,3,acyclic,0,0,0,0,7,5,2,3,1
786688,262400,3,acyclic,0,0,0,0,7,5,1,3,1
786688,524288,3,acyclic,0,0,0,0,7,5,2,2,1
786688,524544,3,acyclic,0,0,0,0,7,5,1,1,1
786688,786432,3,acyclic,0,0,0,0,7,5,1,2,1
786688,786688,3,acyclic,0,0,0,0,7,5,0,0,1
3584,0,3,acyclic,0,0,0,0,10,11,3,5,1
3584,512,3,acyclic,0,0,0,0,10,11,2,4,1
3584,1024,3,acyclic,0,0,0,0,10,11,2,4,1
3584,1536,3,acyclic,0,0,0,0,10,11,1,2,1
3584,2048,3,acyclic,0,0,0,0,10,11,2,3,1
3584,2560,3,acyclic,0,0,0,0,10,11,1,2,1
3584,3072,3,acyclic,0,0,0,0,10,11,1,2,1
3584,3584,3,acyclic,0,0,0,0,10,11,0,0,1
5632,0,3,acyclic,0,0,0,0,9,10,3,5,1
5632,512,3,acyclic,0,0,0,0,9,10,2,4,1
5632,1024,3,acyclic,0,0,0,0,9,10,2,5,1
5632,1536,3,acyclic,0,0,0,0,9,10,1,4,1
5632,4096,3,acyclic,0,0,0,0,9,10,2,3,1
5632,4608,3,acyclic,0,0,0,0,9,10,1,2,1
5632,5120,3,acyclic,0,0,0,0,9,10,1,2,1
5632,5632,3,acyclic,0,0,0,0,9,10,0,0,1
9728,0,3,acyclic,0,0,0,0,10,10,3,5,1
9728,512,3,acyclic,0,0,0,0,10,10,2,4,1
9728,1024,3,acyclic,0,0,0,0,10,10,2,4,1
9728,1536,3,acyclic,0,0,0,0,10,10,1,2,1
9728,8192,3,acyclic,0,0,0,0,10,10,2,3,1
9728,8704,3,acyclic,0,0,0,0,10,10,1,2,1
9728,9216,3,acyclic,0,0,0,0,10,10,1,2,1
9728,9728,3,acyclic,0,0,0,0,10,10,0,0,1
17920,0,3,acyclic,0,0,0,0,9,10,3,4,1
17920,512,3,acyclic,0,0,0,0,9,10,2,3,1
17920,1024,3,acyclic,0,0,0,0,9,10,2,3,1
17920,1536,3,acyclic,0,0,0,0,9,10,1,2,1
17920,16384,3,acyclic,0,0,0,0,9,10,2,3,1
17920,16896,3,acyclic,0,0,0,0,9,10,1,2,1
17920,17408,3,acyclic,0,0,0,0,9,10,1,2,1
17920,17920,3,acyclic,0,0,0,0,9,10,0,0,1
34304,0,3,acyclic,0,0,0,0,9,10,3,5,1
34304,512,3,acyclic,0,0,0,0,9,10,2,5,1
34304,1024,3,acyclic,0,0,0,0,9,10,2,5,1
34304,1536,3,acyclic,0,0,0,0,9,10,1,5,1
34304,32768,3,acyclic,0,0,0,0,9,10,2,3,1
34304,33280,3,acyclic,0,0,0,0,9,10,1,2,1
34304,33792,3,acyclic,0,0,0,0,9,10,1,2,1
34304,34304,3,acyclic,0,0,0,0,9,10,0,0,1
67072,0,3,acyclic,0,0,0,0,10,10,3,5,1
67072,512,3,acyclic,0,0,0,0,10,10,2,4,1
67072,1024,3,acyclic,0,0,0,0,10,10,2,4,1
67072,1536,3,acyclic,0,0,0,0,10,10,1,2,1
67072,65536,3,acyclic,0,0,0,0,10,10,2,3,1
67072,66048,3,acyclic,0,0,0,0,10,10,1,2,1
67072,66560,3,acyclic,0,0,0,0,10,10,1,2,1
67072,67072,3,acyclic,0,0,0,0,10,10,0,0,1
132608,0,3,acyclic,0,0,0,0,8,8,3,4,1
132608,512,3,acyclic,0,0,0,0,8,8,2,3,1
132608,1024,3,acyclic,0,0,0,0,8,8,2,4,1
132608,1536,3,acyclic,0,0,0,0,8,8,1,3,1
132608,131072,3,acyclic,0,0,0,0,8,8,2,3,1
132608,131584,3,acyclic,0,0,0,0,8,8,1,2,1
132608,132096,3,acyclic,0,0,0,0,8,8,1,2,1
132608,132608,3,acyclic,0,0,0,0,8,8,0,0,1
263680,0,3,acyclic,1,0,0,0,8,8,3,4,1
263680,512,3,acyclic,1,0,0,0,8,8,2,4,1
263680,1024,3,acyclic,1,0,0,0,8,8,2,4,1
263680,1536,3,acyclic,1,0,0,0,8,8,1,4,1
263680,262144,3,acyclic,1,0,0,0,8,8,2,3,1
263680,262656,3,acyclic,1,1,1,1,8,8,1,2,1
263680,263168,3,acyclic,1,0,0,0,8,8,1,2,1
263680,263680,3,acyclic,1,1,1,1,8,8,0,0,1
525824,0,3,acyclic,0,0,0,0,9,8,3,4,1
525824,512,3,acyclic,0,0,0,0,9,8,2,3,1
525824,1024,3,acyclic,0,0,0,0,9,8,2,3,1
525824,1536,3,acyclic,0,0,0,0,9,8,1,1,1
525824,524288,3,acyclic,0,0,0,0,9,8,2,3,1
525824,524800,3,acyclic,0,0,0,0,9,8,1,2,1
525824,525312,3,acyclic,0,0,0,0,9,8,1,2,1
525824,525824,3,acyclic,0,0,0,0,9,8,0,0,1
6656,0,3,acyclic,0,0,0,0,10,10,3,6,1
6656,512,3,acyclic,0,0,0,0,10,10,2,4,1
6656,2048,3,acyclic,0,0,0,0,10,10,2,6,1
6656,2560,3,acyclic,0,0,0,0,10,10,1,4,1
6656,4096,3,acyclic,0,0,0,0,10,10,2,4,1
6656,4608,3,acyclic,0,0,0,0,10,10,1,2,1
6656,6144,3,acyclic,0,0,0,0,10,10,1,2,1
6656,6656,3,acyclic,0,0,0,0,10,10,0,0,1
10752,0,3,acyclic,0,0,0,0,10,10,3,5,1
10752,512,3,acyclic,0,0,0,0,10,10,2,3,1
10752,2048,3,acyclic,0,0,0,0,10,10,2,4,1
10752,2560,3,acyclic,0,0,0,0,10,10,1,2,1
10752,8192,3,acyclic,0,0,0,0,10,10,2,4,1
10752,8704,3,acyclic,0,0,0,0,10,10,1,2,1
10752,10240,3,acyclic,0,0,0,0,10,10,1,2,1
10752,10752,3,acyclic,0,0,0,0,10,10,0,0,1
18944,0,3,acyclic,0,0,0,0,10,10,3,5,1
18944,512,3,acyclic,0,0,0,0,10,10,2,4,1
18944,2048,3,acyclic,0,0,0,0,10,10,2,3,1
18944,2560,3,acyclic,0,0,0,0,10,10,1,2,1
18944,16384,3,acyclic,0,0,0,0,10,10,2,4,1
18944,16896,3,acyclic,0,0,0,0,10,10,1,2,1
18944,18432,3,acyclic,0,0,0,0,10,10,1,2,1
18944,18944,3,acyclic,0,0,0,0,10,10,0,0,1
35328,0,3,acyclic,0,0,0,0,10,10,3,6,1
35328,512,3,acyclic,0,0,0,0,10,10,2,6,1
35328,2048,3,acyclic,0,0,0,0,10,10,2,6,1
35328,2560,3,acyclic,0,0,0,0,10,10,1,6,1
35328,32768,3,acyclic,0,0,0,0,10,10,2,4,1
35328,33280,3,acyclic,0,0,0,0,10,10,1,2,1
35328,34816,3,acyclic,0,0,0,0,10,10,1,2,1
35328,35328,3,acyclic,0,0,0,0,10,10,0,0,1
68096,0,3,acyclic,0,0,0,0,10,10,3,5,1
68096,512,3,acyclic,0,0,0,0,10,10,2,3,1
68096,2048,3,acyclic,0,0,0,0,10,10,2,4,1
68096,2560,3,acyclic,0,0,0,0,10,10,1,2,1
68096,65536,3,acyclic,0,0,0,0,10,10,2,4,1
68096,66048,3,acyclic,0,0,0,0,10,10,1,2,1
68096,67584,3,acyclic,0,0,0,0,10,10,1,2,1
68096,68096,3,acyclic,0,0,0,0,10,10,0,0,1
133632,0,3,acyclic,0,0,0,0,9,8,3,5,1
133632,512,3,acyclic,0,0,0,0,9,8,2,3,1
133632,2048,3,acyclic,0,0,0,0,9,8,2,5,1
133632,2560,3,acyclic,0,0,0,0,9,8,1,3,1
133632,131072,3,acyclic,0,0,0,0,9,8,2,4,1
133632,131584,3,acyclic,0,0,0,0,9,8,1,2,1
133632,133120,3,acyclic,0,0,0,0,9,8,1,2,1
133632,133632,3,acyclic,0,0,0,0,9,8,0,0,1
264704,0,3,acyclic,1,0,0,0,9,8,3,5,1
264704,512,3,acyclic,1,0,0,0,9,8,2,5,1
264704,2048,3,acyclic,1,0,0,0,9,8,2,5,1
264704,2560,3,acyclic,1,0,0,0,9,8,1,5,1
264704,262144,3,acyclic,1,0,0,0,9,8,2,4,1
264704,262656,3,acyclic,1,1,1,1,9,8,1,2,1
264704,264192,3,acyclic,1,0,0,0,9,8,1,2,1
264704,264704,3,acyclic,1,1,1,1,9,8,0,0,1
526848,0,3,acyclic,0,0,0,0,9,8,3,4,1
526848,512,3,acyclic,0,0,0,0,9,8,2,2,1
526848,2048,3,acyclic,0,0,0,0,9,8,2,3,1
526848,2560,3,acyclic,0,0,0,0,9,8,1,1,1
526848,524288,3,acyclic,0,0,0,0,9,8,2,4,1
526848,524800,3,acyclic,0,0,0,0,9,8,1,2,1
526848,526336,3,acyclic,0,0,0,0,9,8,1,2,1
526848,526848,3,acyclic,0,0,0,0,9,8,0,0,1
12800,0,3,acyclic,0,0,0,0,10,9,3,6,1
12800,512,3,acyclic,0,0,0,0,10,9,2,4,1
12800,4096,3,acyclic,0,0,0,0,10,9,2,4,1
12800,4608,3,acyclic,0,0,0,0,10,9,1,2,1
12800,8192,3,acyclic,0,0,0,0,10,9,2,4,1
12800,8704,3,acyclic,0,0,0,0,10,9,1,2,1
12800,12288,3,acyclic,0,0,0,0,10,9,1,2,1
12800,12800,3,acyclic,0,0,0,0,10,9,0,0,1
20992,0,3,acyclic,0,0,0,0,9,9,3,5,1
20992,512,3,acyclic,0,0,0,0,9,9,2,4,1
20992,4096,3,acyclic,0,0,0,0,9,9,2,3,1
20992,4608,3,acyclic,0,0,0,0,9,9,1,2,1
20992,16384,3,acyclic,0,0,0,0,9,9,2,5,1
20992,16896,3,acyclic,0,0,0,0,9,9,1,4,1
20992,20480,3,acyclic,0,0,0,0,9,9,1,2,1
20992,20992,3,acyclic,0,0,0,0,9,9,0,0,1
37376,0,3,layered,0,0,0,0,15,19,3,10,1
37376,512,3,layered,0,0,0,0,15,19,2,10,1
37376,4096,3,layered,0,0,0,0,15,19,2,8,1
37376,4608,3,layered,0,0,0,0,15,19,1,8,1
37376,32768,3,layered,0,0,0,0,15,19,2,8,1
37376,33280,3,layered,0,0,0,0,15,19,1,8,1
37376,36864,3,layered,0,0,0,0,15,19,1,2,1
37376,37376,3,layered,0,0,0,0,15,19,0,0,1
70144,0,3,acyclic,0,0,0,0,10,9,3,6,1
70144,512,3,acyclic,0,0,0,0,10,9,2,4,1
70144,4096,3,acyclic,0,0,0,0,10,9,2,4,1
70144,4608,3,acyclic,0,0,0,0,10,9,1,2,1
70144,65536,3,acyclic,0,0,0,0,10,9,2,6,1
70144,66048,3,acyclic,0,0,0,0,10,9,1,4,1
70144,69632,3,acyclic,0,0,0,0,10,9,1,2,1
70144,70144,3,acyclic,0,0,0,0,10,9,0,0,1
135680,0,3,acyclic,0,0,0,0,8,7,3,4,1
135680,512,3,acyclic,0,0,0,0,8,7,2,2,1
135680,4096,3,acyclic,0,0,0,0,8,7,2,3,1
135680,4608,3,acyclic,0,0,0,0,8,7,1,1,1
135680,131072,3,acyclic,0,0,0,0,8,7,2,4,1
135680,131584,3,acyclic,0,0,0,0,8,7,1,2,1
135680,135168,3,acyclic,0,0,0,0,8,7,1,2,1
135680,135680,3,acyclic,0,0,0,0,8,7,0,0,1
266752,0,3,acyclic,1,0,0,0,8,7,3,5,1
266752,512,3,acyclic,1,0,0,0,8,7,2,5,1
266752,4096,3,acyclic,1,0,0,0,8,7,2,5,1
266752,4608,3,acyclic,1,0,0,0,8,7,1,5,1
266752,262144,3,acyclic,1,0,0,0,8,7,2,4,1
266752,262656,3,acyclic,1,1,1,1,8,7,1,2,1
266752,266240,3,acyclic,1,0,0,0,8,7,1,2,1
266752,266752,3,acyclic,1,1,1,1,8,7,0,0,1
528896,0,3,acyclic,0,0,0,0,9,7,3,5,1
528896,512,3,acyclic,0,0,0,0,9,7,2,3,1
528896,4096,3,acyclic,0,0,0,0,9,7,2,3,1
528896,4608,3,acyclic,0,0,0,0,9,7,1,1,1
528896,524288,3,acyclic,0,0,0,0,9,7,2,4,1
528896,524800,3,acyclic,0,0,0,0,9,7,1,2,1
528896,528384,3,acyclic,0,0,0,0,9,7,1,2,1
528896,528896,3,acyclic,0,0,0,0,9,7,0,0,1
25088,0,3,acyclic,0,0,0,0,10,9,3,5,1
25088,512,3,acyclic,0,0,0,0,10,9,2,4,1
25088,8192,3,acyclic,0,0,0,0,10,9,2,3,1
25088,8704,3,acyclic,0,0,0,0,10,9,1,2,1
25088,16384,3,acyclic,0,0,0,0,10,9,2,4,1
25088,16896,3,acyclic,0,0,0,0,10,9,1,2,1
25088,24576,3,acyclic,0,0,0,0,10,9,1,2,1
25088,25088,3,acyclic,0,0,0,0,10,9,0,0,1
41472,0,3,acyclic,0,0,0,0,10,9,3,6,1
41472,512,3,acyclic,0,0,0,0,10,9,2,6,1
41472,8192,3,acyclic,0,0,0,0,10,9,2,6,1
41472,8704,3,acyclic,0,0,0,0,10,9,1,6,1
41472,32768,3,acyclic,0,0,0,0,10,9,2,4,1
41472,33280,3,acyclic,0,0,0,0,10,9,1,2,1
41472,40960,3,acyclic,0,0,0,0,10,9,1,2,1
41472,41472,3,acyclic,0,0,0,0,10,9,0,0,1
74240,0,3,acyclic,0,0,0,0,10,9,3,5,1
74240,512,3,acyclic,0,0,0,0,10,9,2,3,1
74240,8192,3,acyclic,0,0,0,0,10,9,2,4,1
74240,8704,3,acyclic,0,0,0,0,10,9,1,2,1
74240,65536,3,acyclic,0,0,0,0,10,9,2,4,1
74240,66048,3,acyclic,0,0,0,0,10,9,1,2,1
74240,73728,3,acyclic,0,0,0,0,10,9,1,2,1
74240,74240,3,acyclic,0,0,0,0,10,9,0,0,1
139776,0,3,acyclic,0,0,0,0,9,7,3,5,1
139776,512,3,acyclic,0,0,0,0,9,7,2,3,1
139776,8192,3,acyclic,0,0,0,0,9,7,2,3,1
139776,8704,3,acyclic,0,0,0,0,9,7,1,1,1
139776,131072,3,acyclic,0,0,0,0,9,7,2,4,1
139776,131584,3,acyclic,0,0,0,0,9,7,1,2,1
139776,139264,3,acyclic,0,0,0,0,9,7,1,2,1
139776,139776,3,acyclic,0,0,0,0,9,7,0,0,1
270848,0,3,acyclic,1,0,0,0,8,7,3,5,1
270848,512,3,acyclic,1,0,0,0,8,7,2,5,1
270848,8192,3,acyclic,1,0,0,0,8,7,2,5,1
270848,8704,3,acyclic,1,0,0,0,8,7,1,5,1
270848,262144,3,acyclic,1,0,0,0,8,7,2,4,1
270848,262656,3,acyclic,1,1,1,1,8,7,1,2,1
270848,270336,3,acyclic,1,0,0,0,8,7,1,2,1
270848,270848,3,acyclic,1,1,1,1,8,7,0,0,1
532992,0,3,acyclic,0,0,0,0,8,7,3,4,1
532992,512,3,acyclic,0,0,0,0,8,7,2,2,1
532992,8192,3,acyclic,0,0,0,0,8,7,2,3,1
532992,8704,3,acyclic,0,0,0,0,8,7,1,1,1
532992,524288,3,acyclic,0,0,0,0,8,7,2,4,1
532992,524800,3,acyclic,0,0,0,0,8,7,1,2,1
532992,532480,3,acyclic,0,0,0,0,8,7,1,2,1
532992,532992,3,acyclic,0,0,0,0,8,7,0,0,1
49664,0,3,acyclic,0,0,0,0,9,9,3,5,1
49664,512,3,acyclic,0,0,0,0,9,9,2,5,1
49664,16384,3,acyclic,0,0,0,0,9,9,2,4,1
49664,16896,3,acyclic,0,0,0,0,9,9,1,4,1
49664,32768,3,acyclic,0,0,0,0,9,9,2,3,1
49664,33280,3,acyclic,0,0,0,0,9,9,1,2,1
49664,49152,3,acyclic,0,0,0,0,9,9,1,2,1
49664,49664,3,acyclic,0,0,0,0,9,9,0,0,1
82432,0,3,acyclic,0,0,0,0,10,9,3,5,1
82432,512,3,acyclic,0,0,0,0,10,9,2,4,1
82432,16384,3,acyclic,0,0,0,0,10,9,2,4,1
82432,16896,3,acyclic,0,0,0,0,10,9,1,2,1
82432,65536,3,acyclic,0,0,0,0,10,9,2,3,1
82432,66048,3,acyclic,0,0,0,0,10,9,1,2,1
82432,81920,3,acyclic,0,0,0,0,10,9,1,2,1
82432,82432,3,acyclic,0,0,0,0,10,9,0,0,1
147968,0,3,acyclic,1,0,0,0,8,7,3,4,1
147968,512,3,acyclic,1,0,0,0,8,7,2,3,1
147968,16384,3,acyclic,1,0,0,0,8,7,2,4,1
147968,16896,3,acyclic,1,0,0,0,8,7,1,3,1
147968,131072,3,acyclic,1,0,0,0,8,7,2,3,1
147968,131584,3,acyclic,1,0,0,0,8,7,1,2,1
147968,147456,3,acyclic,1,1,1,1,8,7,1,2,1
147968,147968,3,acyclic,1,1,1,1,8,7,0,0,1
279040,0,3,acyclic,1,0,0,0,8,7,3,4,1
279040,512,3,acyclic,1,0,0,0,8,7,2,4,1
279040,16384,3,acyclic,1,0,0,0,8,7,2,3,1
279040,16896,3,acyclic,1,0,0,0,8,7,1,3,1
279040,262144,3,acyclic,1,0,0,0,8,7,2,3,1
279040,262656,3,acyclic,1,1,1,1,8,7,1,2,1
279040,278528,3,acyclic,1,0,0,0,8,7,1,2,1
279040,279040,3,acyclic,1,1,1,1,8,7,0,0,1
541184,0,3,acyclic,0,0,0,0,9,7,3,4,1
541184,512,3,acyclic,0,0,0,0,9,7,2,3,1
541184,16384,3,acyclic,0,0,0,0,9,7,2,3,1
541184,16896,3,acyclic,0,0,0,0,9,7,1,1,1
541184,524288,3,acyclic,0,0,0,0,9,7,2,3,1
541184,524800,3,acyclic,0,0,0,0,9,7,1,2,1
541184,540672,3,acyclic,0,0,0,0,9,7,1,2,1
541184,541184,3,acyclic,0,0,0,0,9,7,0,0,1
98816,0,3,acyclic,0,0,0,0,10,9,3,6,1
98816,512,3,acyclic,0,0,0,0,10,9,2,6,1
98816,32768,3,acyclic,0,0,0,0,10,9,2,4,1
98816,33280,3,acyclic,0,0,0,0,10,9,1,2,1
98816,65536,3,acyclic,0,0,0,0,10,9,2,4,1
98816,66048,3,acyclic,0,0,0,0,10,9,1,4,1
98816,98304,3,acyclic,0,0,0,0,10,9,1,2,1
98816,98816,3,acyclic,0,0,0,0,10,9,0,0,1
164352,0,3,acyclic,1,0,0,0,8,7,3,5,1
164352,512,3,acyclic,1,0,0,0,8,7,2,5,1
164352,32768,3,acyclic,1,0,0,0,8,7,2,5,1
164352,33280,3,acyclic,1,0,0,0,8,7,1,5,1
164352,131072,3,acyclic,1,0,0,0,8,7,2,4,1
164352,131584,3,acyclic,1,0,0,0,8,7,1,4,1
164352,163840,3,acyclic,1,0,0,0,8,7,1,2,1
164352,164352,3,acyclic,1,1,1,1,8,7,0,0,1
295424,0,3,acyclic,1,0,0,0,8,7,3,4,1
295424,512,3,acyclic,1,0,0,0,8,7,2,4,1
295424,32768,3,acyclic,1,0,0,0,8,7,2,3,1
295424,33280,3,acyclic,1,0,0,0,8,7,1,3,1
295424,262144,3,acyclic,1,0,0,0,8,7,2,4,1
295424,262656,3,acyclic,1,1,1,1,8,7,1,4,1
295424,294912,3,acyclic,1,0,0,0,8,7,1,2,1
295424,295424,3,acyclic,1,1,1,1,8,7,0,0,1
557568,0,3,acyclic,0,0,0,0,9,7,3,5,1
557568,512,3,acyclic,0,0,0,0,9,7,2,5,1
557568,32768,3,acyclic,0,0,0,0,9,7,2,3,1
557568,33280,3,acyclic,0,0,0,0,9,7,1,1,1
557568,524288,3,acyclic,0,0,0,0,9,7,2,4,1
557568,524800,3,acyclic,0,0,0,0,9,7,1,4,1
557568,557056,3,acyclic,0,0,0,0,9,7,1,2,1
557568,557568,3,acyclic,0,0,0,0,9,7,0,0,1
197120,0,3,acyclic,0,0,0,0,9,7,3,5,1
197120,512,3,acyclic,0,0,0,0,9,7,2,3,1
197120,65536,3,acyclic,0,0,0,0,9,7,2,5,1
197120,66048,3,acyclic,0,0,0,0,9,7,1,3,1
197120,131072,3,acyclic,0,0,0,0,9,7,2,4,1
197120,131584,3,acyclic,0,0,0,0,9,7,1,2,1
197120,196608,3,acyclic,0,0,0,0,9,7,1,2,1
197120,197120,3,acyclic,0,0,0,0,9,7,0,0,1
328192,0,3,acyclic,1,0,0,0,9,7,3,5,1
328192,512,3,acyclic,1,0,0,0,9,7,2,5,1
328192,65536,3,acyclic,1,0,0,0,9,7,2,3,1
328192,66048,3,acyclic,1,0,0,0,9,7,1,3,1
328192,262144,3,acyclic,1,0,0,0,9,7,2,4,1
328192,262656,3,acyclic,1,1,1,1,9,7,1,2,1
328192,327680,3,acyclic,1,0,0,0,9,7,1,2,1
328192,328192,3,acyclic,1,1,1,1,9,7,0,0,1
590336,0,3,acyclic,0,0,0,0,9,7,3,4,1
590336,512,3,acyclic,0,0,0,0,9,7,2,2,1
590336,65536,3,acyclic,0,0,0,0,9,7,2,3,1
590336,66048,3,acyclic,0,0,0,0,9,7,1,1,1
590336,524288,3,acyclic,0,0,0,0,9,7,2,4,1
590336,524800,3,acyclic,0,0,0,0,9,7,1,2,1
590336,589824,3,acyclic,0,0,0,0,9,7,1,2,1
590336,590336,3,acyclic,0,0,0,0,9,7,0,0,1
393728,0,3,acyclic,1,0,0,0,7,5,3,4,1
393728,512,3,acyclic,1,0,0,0,7,5,2,4,1
393728,131072,3,acyclic,1,0,0,0,7,5,2,3,1
393728,131584,3,acyclic,1,0,0,0,7,5,1,3,1
393728,262144,3,acyclic,1,0,0,0,7,5,2,3,1
393728,262656,3,acyclic,1,1,1,1,7,5,1,1,1
393728,393216,3,acyclic,1,0,0,0,7,5,1,2,1
393728,393728,3,acyclic,1,1,1,1,7,5,0,0,1
655872,0,3,acyclic,0,0,0,0,8,5,3,4,1
655872,512,3,acyclic,0,0,0,0,8,5,2,2,1
655872,131072,3,acyclic,0,0,0,0,8,5,2,3,1
655872,131584,3,acyclic,0,0,0,0,8,5,1,1,1
655872,524288,3,acyclic,0,0,0,0,8,5,2,3,1
655872,524800,3,acyclic,0,0,0,0,8,5,1,1,1
655872,655360,3,acyclic,0,0,0,0,8,5,1,2,1
655872,655872,3,acyclic,0,0,0,0,8,5,0,0,1
786944,0,3,acyclic,1,0,0,0,7,5,3,4,1
786944,512,3,acyclic,1,0,0,0,7,5,2,4,1
786944,262144,3,acyclic,1,0,0,0,7,5,2,3,1
786944,262656,3,acyclic,1,1,1,1,7,5,1,1,1
786944,524288,3,acyclic,1,0,0,0,7,5,2,3,1
786944,524800,3,acyclic,1,0,0,0,7,5,1,3,1
786944,786432,3,acyclic,1,0,0,0,7,5,1,2,1
786944,786944,3,acyclic,1,1,1,1,7,5,0,0,1
7168,0,3,acyclic,0,0,0,0,10,11,3,6,1
7168,1024,3,acyclic,0,0,0,0,10,11,2,6,1
7168,2048,3,acyclic,0,0,0,0,10,11,2,6,1
7168,3072,3,acyclic,0,0,0,0,10,11,1,6,1
7168,4096,3,acyclic,0,0,0,0,10,11,2,4,1
7168,5120,3,acyclic,0,0,0,0,10,11,1,2,1
7168,6144,3,acyclic,0,0,0,0,10,11,1,2,1
7168,7168,3,acyclic,0,0,0,0,10,11,0,0,1
11264,0,3,acyclic,0,0,0,0,10,11,3,5,1
11264,1024,3,acyclic,0,0,0,0,10,11,2,3,1
11264,2048,3,acyclic,0,0,0,0,10,11,2,4,1
11264,3072,3,acyclic,0,0,0,0,10,11,1,2,1
11264,8192,3,acyclic,0,0,0,0,10,11,2,4,1
11264,9216,3,acyclic,0,0,0,0,10,11,1,2,1
11264,10240,3,acyclic,0,0,0,0,10,11,1,2,1
11264,11264,3,acyclic,0,0,0,0,10,11,0,0,1
19456,0,3,acyclic,0,0,0,0,10,11,3,5,1
19456,1024,3,acyclic,0,0,0,0,10,11,2,4,1
19456,2048,3,acyclic,0,0,0,0,10,11,2,3,1
19456,3072,3,acyclic,0,0,0,0,10,11,1,2,1
19456,16384,3,acyclic,0,0,0,0,10,11,2,4,1
19456,17408,3,acyclic,0,0,0,0,10,11,1,2,1
19456,18432,3,acyclic,0,0,0,0,10,11,1,2,1
19456,19456,3,acyclic,0,0,0,0,10,11,0,0,1
35840,0,3,acyclic,0,0,0,0,10,11,3,6,1
35840,1024,3,acyclic,0,0,0,0,10,11,2,6,1
35840,2048,3,acyclic,0,0,0,0,10,11,2,6,1
35840,3072,3,acyclic,0,0,0,0,10,11,1,6,1
35840,32768,3,acyclic,0,0,0,0,10,11,2,4,1
35840,33792,3,acyclic,0,0,0,0,10,11,1,2,1
35840,34816,3,acyclic,0,0,0,0,10,11,1,2,1
35840,35840,3,acyclic,0,0,0,0,10,11,0,0,1
68608,0,3,acyclic,0,0,0,0,10,11,3,5,1
68608,1024,3,acyclic,0,0,0,0,10,11,2,3,1
68608,2048,3,acyclic,0,0,0,0,10,11,2,4,1
68608,3072,3,acyclic,0,0,0,0,10,11,1,2,1
68608,65536,3,acyclic,0,0,0,0,10,11,2,4,1
68608,66560,3,acyclic,0,0,0,0,10,11,1,2,1
68608,67584,3,acyclic,0,0,0,0,10,11,1,2,1
68608,68608,3,acyclic,0,0,0,0,10,11,0,0,1
134144,0,3,acyclic,0,0,0,0,9,9,3,5,1
134144,1024,3,acyclic,0,0,0,0,9,9,2,5,1
134144,2048,3,acyclic,0,0,0,0,9,9,2,5,1
134144,3072,3,acyclic,0,0,0,0,9,9,1,5,1
134144,131072,3,acyclic,0,0,0,0,9,9,2,4,1
134144,132096,3,acyclic,0,0,0,0,9,9,1,2,1
134144,133120,3,acyclic,0,0,0,0,9,9,1,2,1
134144,134144,3,acyclic,0,0,0,0,9,9,0,0,1
265216,0,3,acyclic,0,0,0,0,9,9,3,5,1
265216,1024,3,acyclic,0,0,0,0,9,9,2,5,1
265216,2048,3,acyclic,0,0,0,0,9,9,2,5,1
265216,3072,3,acyclic,0,0,0,0,9,9,1,5,1
265216,262144,3,acyclic,0,0,0,0,9,9,2,4,1
265216,263168,3,acyclic,0,0,0,0,9,9,1,2,1
265216,264192,3,acyclic,0,0,0,0,9,9,1,2,1
265216,265216,3,acyclic,0,0,0,0,9,9,0,0,1
527360,0,3,acyclic,0,0,0,0,9,9,3,4,1
527360,1024,3,acyclic,0,0,0,0,9,9,2,2,1
527360,2048,3,acyclic,0,0,0,0,9,9,2,3,1
527360,3072,3,acyclic,0,0,0,0,9,9,1,1,1
527360,524288,3,acyclic,0,0,0,0,9,9,2,4,1
527360,525312,3,acyclic,0,0,0,0,9,9,1,2,1
527360,526336,3,acyclic,0,0,0,0,9,9,1,2,1
527360,527360,3,acyclic,0,0,0,0,9,9,0,0,1
13312,0,3,acyclic,0,0,0,0,10,10,3,6,1
13312,1024,3,acyclic,0,0,0,0,10,10,2,6,1
13312,4096,3,acyclic,0,0,0,0,10,10,2,4,1
13312,5120,3,acyclic,0,0,0,0,10,10,1,2,1
13312,8192,3,acyclic,0,0,0,0,10,10,2,4,1
13312,9216,3,acyclic,0,0,0,0,10,10,1,4,1
13312,12288,3,acyclic,0,0,0,0,10,10,1,2,1
13312,13312,3,acyclic,0,0,0,0,10,10,0,0,1
21504,0,3,acyclic,0,0,0,0,9,10,3,5,1
21504,1024,3,acyclic,0,0,0,0,9,10,2,5,1
21504,4096,3,acyclic,0,0,0,0,9,10,2,3,1
21504,5120,3,acyclic,0,0,0,0,9,10,1,2,1
21504,16384,3,acyclic,0,0,0,0,9,10,2,5,1
21504,17408,3,acyclic,0,0,0,0,9,10,1,5,1
21504,20480,3,acyclic,0,0,0,0,9,10,1,2,1
21504,21504,3,acyclic,0,0,0,0,9,10,0,0,1
37888,0,3,layered,0,0,0,0,15,20,3,10,1
37888,1024,3,layered,0,0,0,0,15,20,2,10,1
37888,4096,3,layered,0,0,0,0,15,20,2,8,1
37888,5120,3,layered,0,0,0,0,15,20,1,8,1
37888,32768,3,layered,0,0,0,0,15,20,2,8,1
37888,33792,3,layered,0,0,0,0,15,20,1,8,1
37888,36864,3,layered,0,0,0,0,15,20,1,2,1
37888,37888,3,layered,0,0,0,0,15,20,0,0,1
70656,0,3,acyclic,0,0,0,0,10,10,3,6,1
70656,1024,3,acyclic,0,0,0,0,10,10,2,6,1
70656,4096,3,acyclic,0,0,0,0,10,10,2,4,1
70656,5120,3,acyclic,0,0,0,0,10,10,1,2,1
70656,65536,3,acyclic,0,0,0,0,10,10,2,6,1
70656,66560,3,acyclic,0,0,0,0,10,10,1,6,1
70656,69632,3,acyclic,0,0,0,0,10,10,1,2,1
70656,70656,3,acyclic,0,0,0,0,10,10,0,0,1
136192,0,3,acyclic,0,0,0,0,8,8,3,4,1
136192,1024,3,acyclic,0,0,0,0,8,8,2,4,1
136192,4096,3,acyclic,0,0,0,0,8,8,2,3,1
136192,5120,3,acyclic,0,0,0,0,8,8,1,3,1
136192,131072,3,acyclic,0,0,0,0,8,8,2,4,1
136192,132096,3,acyclic,0,0,0,0,8,8,1,4,1
136192,135168,3,acyclic,0,0,0,0,8,8,1,2,1
136192,136192,3,acyclic,0,0,0,0,8,8,0,0,1
267264,0,3,acyclic,1,0,0,0,8,8,3,5,1
267264,1024,3,acyclic,1,0,0,0,8,8,2,5,1
267264,4096,3,acyclic,1,0,0,0,8,8,2,5,1
267264,5120,3,acyclic,1,0,0,0,8,8,1,5,1
267264,262144,3,acyclic,1,0,0,0,8,8,2,4,1
267264,263168,3,acyclic,1,0,0,0,8,8,1,4,1
267264,266240,3,acyclic,1,0,0,0,8,8,1,2,1
267264,267264,3,acyclic,1,1,1,1,8,8,0,0,1
529408,0,3,acyclic,0,0,0,0,9,8,3,5,1
529408,1024,3,acyclic,0,0,0,0,9,8,2,5,1
529408,4096,3,acyclic,0,0,0,0,9,8,2,3,1
529408,5120,3,acyclic,0,0,0,0,9,8,1,1,1
529408,524288,3,acyclic,0,0,0,0,9,8,2,4,1
529408,525312,3,acyclic,0,0,0,0,9,8,1,4,1
529408,528384,3,acyclic,0,0,0,0,9,8,1,2,1
529408,529408,3,acyclic,0,0,0,0,9,8,0,0,1
25600,0,3,acyclic,0,0,0,0,10,10,3,5,1
25600,1024,3,acyclic,0,0,0,0,10,10,2,4,1
25600,8192,3,acyclic,0,0,0,0,10,10,2,3,1
25600,9216,3,acyclic,0,0,0,0,10,10,1,2,1
25600,16384,3,acyclic,0,0,0,0,10,10,2,4,1
25600,17408,3,acyclic,0,0,0,0,10,10,1,2,1
25600,24576,3,acyclic,0,0,0,0,10,10,1,2,1
25600,25600,3,acyclic,0,0,0,0,10,10,0,0,1
41984,0,3,acyclic,0,0,0,0,10,10,3,6,1
41984,1024,3,acyclic,0,0,0,0,10,10,2,6,1
41984,8192,3,acyclic,0,0,0,0,10,10,2,6,1
41984,9216,3,acyclic,0,0,0,0,10,10,1,6,1
41984,32768,3,acyclic,0,0,0,0,10,10,2,4,1
41984,33792,3,acyclic,0,0,0,0,10,10,1,2,1
41984,40960,3,acyclic,0,0,0,0,10,10,1,2,1
41984,41984,3,acyclic,0,0,0,0,10,10,0,0,1
74752,0,3,acyclic,0,0,0,0,10,10,3,5,1
74752,1024,3,acyclic,0,0,0,0,10,10,2,3,1
74752,8192,3,acyclic,0,0,0,0,10,10,2,4,1
74752,9216,3,acyclic,0,0,0,0,10,10,1,2,1
74752,65536,3,acyclic,0,0,0,0,10,10,2,4,1
74752,66560,3,acyclic,0,0,0,0,10,10,1,2,1
74752,73728,3,acyclic,0,0,0,0,10,10,1,2,1
74752,74752,3,acyclic,0,0,0,0,10,10,0,0,1
140288,0,3,acyclic,0,0,0,0,9,8,3,5,1
140288,1024,3,acyclic,0,0,0,0,9,8,2,5,1
140288,8192,3,acyclic,0,0,0,0,9,8,2,3,1
140288,9216,3,acyclic,0,0,0,0,9,8,1,3,1
140288,131072,3,acyclic,0,0,0,0,9,8,2,4,1
140288,132096,3,acyclic,0,0,0,0,9,8,1,2,1
140288,139264,3,acyclic,0,0,0,0,9,8,1,2,1
140288,140288,3,acyclic,0,0,0,0,9,8,0,0,1
271360,0,3,acyclic,0,0,0,0,9,8,3,5,1
271360,1024,3,acyclic,0,0,0,0,9,8,2,5,1
271360,8192,3,acyclic,0,0,0,0,9,8,2,5,1
271360,9216,3,acyclic,0,0,0,0,9,8,1,5,1
271360,262144,3,acyclic,0,0,0,0,9,8,2,4,1
271360,263168,3,acyclic,0,0,0,0,9,8,1,2,1
271360,270336,3,acyclic,0,0,0,0,9,8,1,2,1
271360,271360,3,acyclic,0,0,0,0,9,8,0,0,1
533504,0,3,acyclic,0,0,0,0,9,8,3,4,1
533504,1024,3,acyclic,0,0,0,0,9,8,2,2,1
533504,8192,3,acyclic,0,0,0,0,9,8,2,3,1
533504,9216,3,acyclic,0,0,0,0,9,8,1,1,1
533504,524288,3,acyclic,0,0,0,0,9,8,2,4,1
533504,525312,3,acyclic,0,0,0,0,9,8,1,2,1
533504,532480,3,acyclic,0,0,0,0,9,8,1,2,1
533504,533504,3,acyclic,0,0,0,0,9,8,0,0,1
50176,0,3,acyclic,0,0,0,0,9,10,3,5,1
50176,1024,3,acyclic,0,0,0,0,9,10,2,5,1
50176,16384,3,acyclic,0,0,0,0,9,10,2,4,1
50176,17408,3,acyclic,0,0,0,0,9,10,1,4,1
50176,32768,3,acyclic,0,0,0,0,9,10,2,3,1
50176,33792,3,acyclic,0,0,0,0,9,10,1,2,1
50176,49152,3,acyclic,0,0,0,0,9,10,1,2,1
50176,50176,3,acyclic,0,0,0,0,9,10,0,0,1
82944,0,3,acyclic,0,0,0,0,10,10,3,5,1
82944,1024,3,acyclic,0,0,0,0,10,10,2,4,1
82944,16384,3,acyclic,0,0,0,0,10,10,2,4,1
82944,17408,3,acyclic,0,0,0,0,10,10,1,2,1
82944,65536,3,acyclic,0,0,0,0,10,10,2,3,1
82944,66560,3,acyclic,0,0,0,0,10,10,1,2,1
82944,81920,3,acyclic,0,0,0,0,10,10,1,2,1
82944,82944,3,acyclic,0,0,0,0,10,10,0,0,1
148480,0,3,acyclic,1,0,0,0,8,8,3,4,1
148480,1024,3,acyclic,1,0,0,0,8,8,2,4,1
148480,16384,3,acyclic,1,0,0,0,8,8,2,4,1
148480,17408,3,acyclic,1,0,0,0,8,8,1,4,1
148480,131072,3,acyclic,1,0,0,0,8,8,2,3,1
148480,132096,3,acyclic,1,0,0,0,8,8,1,2,1
148480,147456,3,acyclic,1,1,1,1,8,8,1,2,1
148480,148480,3,acyclic,1,1,1,1,8,8,0,0,1
279552,0,3,acyclic,0,0,0,0,8,8,3,4,1
279552,1024,3,acyclic,0,0,0,0,8,8,2,4,1
279552,16384,3,acyclic,0,0,0,0,8,8,2,3,1
279552,17408,3,acyclic,0,0,0,0,8,8,1,3,1
279552,262144,3,acyclic,0,0,0,0,8,8,2,3,1
279552,263168,3,acyclic,0,0,0,0,8,8,1,2,1
279552,278528,3,acyclic,0,0,0,0,8,8,1,2,1
279552,279552,3,acyclic,0,0,0,0,8,8,0,0,1
541696,0,3,acyclic,0,0,0,0,9,8,3,4,1
541696,1024,3,acyclic,0,0,0,0,9,8,2,3,1
541696,16384,3,acyclic,0,0,0,0,9,8,2,3,1
541696,17408,3,acyclic,0,0,0,0,9,8,1,1,1
541696,524288,3,acyclic,0,0,0,0,9,8,2,3,1
541696,525312,3,acyclic,0,0,0,0,9,8,1,2,1
541696,540672,3,acyclic,0,0,0,0,9,8,1,2,1
541696,541696,3,acyclic,0,0,0,0,9,8,0,0,1
99328,0,3,acyclic,0,0,0,0,10,10,3,6,1
99328,1024,3,acyclic,0,0,0,0,10,10,2,6,1
99328,32768,3,acyclic,0,0,0,0,10,10,2,4,1
99328,33792,3,acyclic,0,0,0,0,10,10,1,2,1
99328,65536,3,acyclic,0,0,0,0,10,10,2,4,1
99328,66560,3,acyclic,0,0,0,0,10,10,1,4,1
99328,98304,3,acyclic,0,0,0,0,10,10,1,2,1
99328,99328,3,acyclic,0,0,0,0,10,10,0,0,1
164864,0,3,acyclic,1,0,0,0,8,8,3,5,1
164864,1024,3,acyclic,1,0,0,0,8,8,2,5,1
164864,32768,3,acyclic,1,0,0,0,8,8,2,5,1
164864,33792,3,acyclic,1,0,0,0,8,8,1,5,1
164864,131072,3,acyclic,1,0,0,0,8,8,2,4,1
164864,132096,3,acyclic,1,0,0,0,8,8,1,4,1
164864,163840,3,acyclic,1,0,0,0,8,8,1,2,1
164864,164864,3,acyclic,1,1,1,1,8,8,0,0,1
295936,0,3,acyclic,0,0,0,0,8,8,3,4,1
295936,1024,3,acyclic,0,0,0,0,8,8,2,4,1
295936,32768,3,acyclic,0,0,0,0,8,8,2,3,1
295936,33792,3,acyclic,0,0,0,0,8,8,1,3,1
295936,262144,3,acyclic,0,0,0,0,8,8,2,4,1
295936,263168,3,acyclic,0,0,0,0,8,8,1,4,1
295936,294912,3,acyclic,0,0,0,0,8,8,1,2,1
295936,295936,3,acyclic,0,0,0,0,8,8,0,0,1
558080,0,3,acyclic,0,0,0,0,9,8,3,5,1
558080,1024,3,acyclic,0,0,0,0,9,8,2,5,1
558080,32768,3,acyclic,0,0,0,0,9,8,2,3,1
558080,33792,3,acyclic,0,0,0,0,9,8,1,1,1
558080,524288,3,acyclic,0,0,0,0,9,8,2,4,1
558080,525312,3,acyclic,0,0,0,0,9,8,1,4,1
558080,557056,3,acyclic,0,0,0,0,9,8,1,2,1
558080,558080,3,acyclic,0,0,0,0,9,8,0,0,1
197632,0,3,acyclic,0,0,0,0,9,8,3,5,1
197632,1024,3,acyclic,0,0,0,0,9,8,2,5,1
197632,65536,3,acyclic,0,0,0,0,9,8,2,5,1
197632,66560,3,acyclic,0,0,0,0,9,8,1,5,1
197632,131072,3,acyclic,0,0,0,0,9,8,2,4,1
197632,132096,3,acyclic,0,0,0,0,9,8,1,2,1
197632,196608,3,acyclic,0,0,0,0,9,8,1,2,1
197632,197632,3,acyclic,0,0,0,0,9,8,0,0,1
328704,0,3,acyclic,0,0,0,0,9,8,3,5,1
328704,1024,3,acyclic,0,0,0,0,9,8,2,5,1
328704,65536,3,acyclic,0,0,0,0,9,8,2,3,1
328704,66560,3,acyclic,0,0,0,0,9,8,1,3,1
328704,262144,3,acyclic,0,0,0,0,9,8,2,4,1
328704,263168,3,acyclic,0,0,0,0,9,8,1,2,1
328704,327680,3,acyclic,0,0,0,0,9,8,1,2,1
328704,328704,3,acyclic,0,0,0,0,9,8,0,0,1
590848,0,3,acyclic,0,0,0,0,9,8,3,4,1
590848,1024,3,acyclic,0,0,0,0,9,8,2,2,1
590848,65536,3,acyclic,0,0,0,0,9,8,2,3,1
590848,66560,3,acyclic,0,0,0,0,9,8,1,1,1
590848,524288,3,acyclic,0,0,0,0,9,8,2,4,1
590848,525312,3,acyclic,0,0,0,0,9,8,1,2,1
590848,589824,3,acyclic,0,0,0,0,9,8,1,2,1
590848,590848,3,acyclic,0,0,0,0,9,8,0,0,1
394240,0,3,acyclic,1,0,0,0,7,6,3,4,1
394240,1024,3,acyclic,1,0,0,0,7,6,2,4,1
394240,131072,3,acyclic,1,0,0,0,7,6,2,3,1
394240,132096,3,acyclic,1,0,0,0,7,6,1,3,1
394240,262144,3,acyclic,1,0,0,0,7,6,2,3,1
394240,263168,3,acyclic,1,0,0,0,7,6,1,3,1
394240,393216,3,acyclic,1,0,0,0,7,6,1,2,1
394240,394240,3,acyclic,1,1,1,1,7,6,0,0,1
656384,0,3,acyclic,0,0,0,0,8,6,3,4,1
656384,1024,3,acyclic,0,0,0,0,8,6,2,4,1
656384,131072,3,acyclic,0,0,0,0,8,6,2,3,1
656384,132096,3,acyclic,0,0,0,0,8,6,1,1,1
656384,524288,3,acyclic,0,0,0,0,8,6,2,3,1
656384,525312,3,acyclic,0,0,0,0,8,6,1,3,1
656384,655360,3,acyclic,0,0,0,0,8,6,1,2,1
656384,656384,3,acyclic,0,0,0,0,8,6,0,0,1
787456,0,3,acyclic,0,0,0,0,8,6,3,4,1
787456,1024,3,acyclic,0,0,0,0,8,6,2,4,1
787456,262144,3,acyclic,0,0,0,0,8,6,2,3,1
787456,263168,3,acyclic,0,0,0,0,8,6,1,1,1
787456,524288,3,acyclic,0,0,0,0,8,6,2,3,1
787456,525312,3,acyclic,0,0,0,0,8,6,1,3,1
787456,786432,3,acyclic,0,0,0,0,8,6,1,2,1
787456,787456,3,acyclic,0,0,0,0,8,6,0,0,1
14336,0,3,acyclic,0,0,0,0,10,10,3,5,1
14336,2048,3,acyclic,0,0,0,0,10,10,2,5,1
14336,4096,3,acyclic,0,0,0,0,10,10,2,3,1
14336,6144,3,acyclic,0,0,0,0,10,10,1,2,1
14336,8192,3,acyclic,0,0,0,0,10,10,2,4,1
14336,10240,3,acyclic,0,0,0,0,10,10,1,4,1
14336,12288,3,acyclic,0,0,0,0,10,10,1,2,1
14336,14336,3,acyclic,0,0,0,0,10,10,0,0,1
22528,0,3,acyclic,0,0,0,0,10,10,3,6,1
22528,2048,3,acyclic,0,0,0,0,10,10,2,6,1
22528,4096,3,acyclic,0,0,0,0,10,10,2,4,1
22528,6144,3,acyclic,0,0,0,0,10,10,1,2,1
22528,16384,3,acyclic,0,0,0,0,10,10,2,6,1
22528,18432,3,acyclic,0,0,0,0,10,10,1,6,1
22528,20480,3,acyclic,0,0,0,0,10,10,1,2,1
22528,22528,3,acyclic,0,0,0,0,10,10,0,0,1
38912,0,3,layered,0,0,0,0,25,39,3,18,1
38912,2048,3,layered,0,0,0,0,25,39,2,16,1
38912,4096,3,layered,0,0,0,0,25,39,2,16,1
38912,6144,3,layered,0,0,0,0,25,39,1,14,1
38912,32768,3,layered,0,0,0,0,25,39,2,16,1
38912,34816,3,layered,0,0,0,0,25,39,1,14,1
38912,36864,3,layered,0,0,0,0,25,39,1,6,1
38912,38912,3,layered,0,0,0,0,25,39,0,0,1
71680,0,3,acyclic,0,0,0,0,10,10,3,5,1
71680,2048,3,acyclic,0,0,0,0,10,10,2,5,1
71680,4096,3,acyclic,0,0,0,0,10,10,2,3,1
71680,6144,3,acyclic,0,0,0,0,10,10,1,2,1
71680,65536,3,acyclic,0,0,0,0,10,10,2,5,1
71680,67584,3,acyclic,0,0,0,0,10,10,1,5,1
71680,69632,3,acyclic,0,0,0,0,10,10,1,2,1
71680,71680,3,acyclic,0,0,0,0,10,10,0,0,1
137216,0,3,acyclic,0,0,0,0,9,8,3,4,1
137216,2048,3,acyclic,0,0,0,0,9,8,2,4,1
137216,4096,3,acyclic,0,0,0,0,9,8,2,3,1
137216,6144,3,acyclic,0,0,0,0,9,8,1,3,1
137216,131072,3,acyclic,0,0,0,0,9,8,2,4,1
137216,133120,3,acyclic,0,0,0,0,9,8,1,4,1
137216,135168,3,acyclic,0,0,0,0,9,8,1,2,1
137216,137216,3,acyclic,0,0,0,0,9,8,0,0,1
268288,0,3,acyclic,0,0,0,0,9,8,3,5,1
268288,2048,3,acyclic,0,0,0,0,9,8,2,5,1
268288,4096,3,acyclic,0,0,0,0,9,8,2,5,1
268288,6144,3,acyclic,0,0,0,0,9,8,1,5,1
268288,262144,3,acyclic,0,0,0,0,9,8,2,4,1
268288,264192,3,acyclic,0,0,0,0,9,8,1,4,1
268288,266240,3,acyclic,0,0,0,0,9,8,1,2,1
268288,268288,3,acyclic,0,0,0,0,9,8,0,0,1
530432,0,3,acyclic,0,0,0,0,9,8,3,4,1
530432,2048,3,acyclic,0,0,0,0,9,8,2,4,1
530432,4096,3,acyclic,0,0,0,0,9,8,2,2,1
530432,6144,3,acyclic,0,0,0,0,9,8,1,1,1
530432,524288,3,acyclic,0,0,0,0,9,8,2,4,1
530432,526336,3,acyclic,0,0,0,0,9,8,1,4,1
530432,528384,3,acyclic,0,0,0,0,9,8,1,2,1
530432,530432,3,acyclic,0,0,0,0,9,8,0,0,1
26624,0,3,acyclic,0,0,0,0,10,10,3,5,1
26624,2048,3,acyclic,0,0,0,0,10,10,2,4,1
26624,8192,3,acyclic,0,0,0,0,10,10,2,4,1
26624,10240,3,acyclic,0,0,0,0,10,10,1,2,1
26624,16384,3,acyclic,0,0,0,0,10,10,2,3,1
26624,18432,3,acyclic,0,0,0,0,10,10,1,2,1
26624,24576,3,acyclic,0,0,0,0,10,10,1,2,1
26624,26624,3,acyclic,0,0,0,0,10,10,0,0,1
43008,0,3,acyclic,0,0,0,0,10,10,3,5,1
43008,2048,3,acyclic,0,0,0,0,10,10,2,5,1
43008,8192,3,acyclic,0,0,0,0,10,10,2,5,1
43008,10240,3,acyclic,0,0,0,0,10,10,1,5,1
43008,32768,3,acyclic,0,0,0,0,10,10,2,3,1
43008,34816,3,acyclic,0,0,0,0,10,10,1,2,1
43008,40960,3,acyclic,0,0,0,0,10,10,1,2,1
43008,43008,3,acyclic,0,0,0,0,10,10,0,0,1
75776,0,3,acyclic,0,0,0,0,10,10,3,4,1
75776,2048,3,acyclic,0,0,0,0,10,10,2,3,1
75776,8192,3,acyclic,0,0,0,0,10,10,2,3,1
75776,10240,3,acyclic,0,0,0,0,10,10,1,2,1
75776,65536,3,acyclic,0,0,0,0,10,10,2,3,1
75776,67584,3,acyclic,0,0,0,0,10,10,1,2,1
75776,73728,3,acyclic,0,0,0,0,10,10,1,2,1
75776,75776,3,acyclic,0,0,0,0,10,10,0,0,1
141312,0,3,acyclic,0,0,0,0,9,8,3,4,1
141312,2048,3,acyclic,0,0,0,0,9,8,2,4,1
141312,8192,3,acyclic,0,0,0,0,9,8,2,3,1
141312,10240,3,acyclic,0,0,0,0,9,8,1,3,1
141312,131072,3,acyclic,0,0,0,0,9,8,2,3,1
141312,133120,3,acyclic,0,0,0,0,9,8,1,2,1
141312,139264,3,acyclic,0,0,0,0,9,8,1,2,1
141312,141312,3,acyclic,0,0,0,0,9,8,0,0,1
272384,0,3,acyclic,0,0,0,0,9,8,3,4,1
272384,2048,3,acyclic,0,0,0,0,9,8,2,4,1
272384,8192,3,acyclic,0,0,0,0,9,8,2,4,1
272384,10240,3,acyclic,0,0,0,0,9,8,1,4,1
272384,262144,3,acyclic,0,0,0,0,9,8,2,3,1
272384,264192,3,acyclic,0,0,0,0,9,8,1,2,1
272384,270336,3,acyclic,0,0,0,0,9,8,1,2,1
272384,272384,3,acyclic,0,0,0,0,9,8,0,0,1
534528,0,3,acyclic,0,0,0,0,9,8,3,3,1
534528,2048,3,acyclic,0,0,0,0,9,8,2,2,1
534528,8192,3,acyclic,0,0,0,0,9,8,2,2,1
534528,10240,3,acyclic,0,0,0,0,9,8,1,1,1
534528,524288,3,acyclic,0,0,0,0,9,8,2,3,1
534528,526336,3,acyclic,0,0,0,0,9,8,1,2,1
534528,532480,3,acyclic,0,0,0,0,9,8,1,2,1
534528,534528,3,acyclic,0,0,0,0,9,8,0,0,1
51200,0,3,acyclic,0,0,0,0,10,10,3,6,1
51200,2048,3,acyclic,0,0,0,0,10,10,2,6,1
51200,16384,3,acyclic,0,0,0,0,10,10,2,4,1
51200,18432,3,acyclic,0,0,0,0,10,10,1,4,1
51200,32768,3,acyclic,0,0,0,0,10,10,2,4,1
51200,34816,3,acyclic,0,0,0,0,10,10,1,2,1
51200,49152,3,acyclic,0,0,0,0,10,10,1,2,1
51200,51200,3,acyclic,0,0,0,0,10,10,0,0,1
83968,0,3,acyclic,0,0,0,0,10,10,3,5,1
83968,2048,3,acyclic,0,0,0,0,10,10,2,4,1
83968,16384,3,acyclic,0,0,0,0,10,10,2,3,1
83968,18432,3,acyclic,0,0,0,0,10,10,1,2,1
83968,65536,3,acyclic,0,0,0,0,10,10,2,4,1
83968,67584,3,acyclic,0,0,0,0,10,10,1,2,1
83968,81920,3,acyclic,0,0,0,0,10,10,1,2,1
83968,83968,3,acyclic,0,0,0,0,10,10,0,0,1
149504,0,3,acyclic,1,0,0,0,9,8,3,5,1
149504,2048,3,acyclic,1,0,0,0,9,8,2,5,1
149504,16384,3,acyclic,1,0,0,0,9,8,2,5,1
149504,18432,3,acyclic,1,0,0,0,9,8,1,5,1
149504,131072,3,acyclic,1,0,0,0,9,8,2,4,1
149504,133120,3,acyclic,1,0,0,0,9,8,1,2,1
149504,147456,3,acyclic,1,1,1,1,9,8,1,2,1
149504,149504,3,acyclic,1,1,1,1,9,8,0,0,1
280576,0,3,acyclic,0,0,0,0,9,8,3,5,1
280576,2048,3,acyclic,0,0,0,0,9,8,2,5,1
280576,16384,3,acyclic,0,0,0,0,9,8,2,3,1
280576,18432,3,acyclic,0,0,0,0,9,8,1,3,1
280576,262144,3,acyclic,0,0,0,0,9,8,2,4,1
280576,264192,3,acyclic,0,0,0,0,9,8,1,2,1
280576,278528,3,acyclic,0,0,0,0,9,8,1,2,1
280576,280576,3,acyclic,0,0,0,0,9,8,0,0,1
542720,0,3,acyclic,0,0,0,0,9,8,3,4,1
542720,2048,3,acyclic,0,0,0,0,9,8,2,3,1
542720,16384,3,acyclic,0,0,0,0,9,8,2,2,1
542720,18432,3,acyclic,0,0,0,0,9,8,1,1,1
542720,524288,3,acyclic,0,0,0,0,9,8,2,4,1
542720,526336,3,acyclic,0,0,0,0,9,8,1,2,1
542720,540672,3,acyclic,0,0,0,0,9,8,1,2,1
542720,542720,3,acyclic,0,0,0,0,9,8,0,0,1
100352,0,3,acyclic,0,0,0,0,10,10,3,5,1
100352,2048,3,acyclic,0,0,0,0,10,10,2,5,1
100352,32768,3,acyclic,0,0,0,0,10,10,2,3,1
100352,34816,3,acyclic,0,0,0,0,10,10,1,2,1
100352,65536,3,acyclic,0,0,0,0,10,10,2,4,1
100352,67584,3,acyclic,0,0,0,0,10,10,1,4,1
100352,98304,3,acyclic,0,0,0,0,10,10,1,2,1
100352,100352,3,acyclic,0,0,0,0,10,10,0,0,1
165888,0,3,acyclic,0,0,0,0,9,8,3,5,1
165888,2048,3,acyclic,0,0,0,0,9,8,2,5,1
165888,32768,3,acyclic,0,0,0,0,9,8,2,5,1
165888,34816,3,acyclic,0,0,0,0,9,8,1,5,1
165888,131072,3,acyclic,0,0,0,0,9,8,2,4,1
165888,133120,3,acyclic,0,0,0,0,9,8,1,4,1
165888,163840,3,acyclic,0,0,0,0,9,8,1,2,1
165888,165888,3,acyclic,0,0,0,0,9,8,0,0,1
296960,0,3,acyclic,0,0,0,0,9,8,3,4,1
296960,2048,3,acyclic,0,0,0,0,9,8,2,4,1
296960,32768,3,acyclic,0,0,0,0,9,8,2,3,1
296960,34816,3,acyclic,0,0,0,0,9,8,1,3,1
296960,262144,3,acyclic,0,0,0,0,9,8,2,4,1
296960,264192,3,acyclic,0,0,0,0,9,8,1,4,1
296960,294912,3,acyclic,0,0,0,0,9,8,1,2,1
296960,296960,3,acyclic,0,0,0,0,9,8,0,0,1
559104,0,3,acyclic,0,0,0,0,9,8,3,4,1
559104,2048,3,acyclic,0,0,0,0,9,8,2,4,1
559104,32768,3,acyclic,0,0,0,0,9,8,2,2,1
559104,34816,3,acyclic,0,0,0,0,9,8,1,1,1
559104,524288,3,acyclic,0,0,0,0,9,8,2,4,1
559104,526336,3,acyclic,0,0,0,0,9,8,1,4,1
559104,557056,3,acyclic,0,0,0,0,9,8,1,2,1
559104,559104,3,acyclic,0,0,0,0,9,8,0,0,1
198656,0,3,acyclic,0,0,0,0,9,8,3,4,1
198656,2048,3,acyclic,0,0,0,0,9,8,2,4,1
198656,65536,3,acyclic,0,0,0,0,9,8,2,4,1
198656,67584,3,acyclic,0,0,0,0,9,8,1,4,1
198656,131072,3,acyclic,0,0,0,0,9,8,2,3,1
198656,133120,3,acyclic,0,0,0,0,9,8,1,2,1
198656,196608,3,acyclic,0,0,0,0,9,8,1,2,1
198656,198656,3,acyclic,0,0,0,0,9,8,0,0,1
329728,0,3,acyclic,0,0,0,0,9,8,3,4,1
329728,2048,3,acyclic,0,0,0,0,9,8,2,4,1
329728,65536,3,acyclic,0,0,0,0,9,8,2,3,1
329728,67584,3,acyclic,0,0,0,0,9,8,1,3,1
329728,262144,3,acyclic,0,0,0,0,9,8,2,3,1
329728,264192,3,acyclic,0,0,0,0,9,8,1,2,1
329728,327680,3,acyclic,0,0,0,0,9,8,1,2,1
329728,329728,3,acyclic,0,0,0,0,9,8,0,0,1
591872,0,3,acyclic,0,0,0,0,9,8,3,3,1
591872,2048,3,acyclic,0,0,0,0,9,8,2,2,1
591872,65536,3,acyclic,0,0,0,0,9,8,2,2,1
591872,67584,3,acyclic,0,0,0,0,9,8,1,1,1
591872,524288,3,acyclic,0,0,0,0,9,8,2,3,1
591872,526336,3,acyclic,0,0,0,0,9,8,1,2,1
591872,589824,3,acyclic,0,0,0,0,9,8,1,2,1
591872,591872,3,acyclic,0,0,0,0,9,8,0,0,1
395264,0,3,acyclic,0,0,0,0,8,6,3,4,1
395264,2048,3,acyclic,0,0,0,0,8,6,2,4,1
395264,131072,3,acyclic,0,0,0,0,8,6,2,3,1
395264,133120,3,acyclic,0,0,0,0,8,6,1,3,1
395264,262144,3,acyclic,0,0,0,0,8,6,2,3,1
395264,264192,3,acyclic,0,0,0,0,8,6,1,3,1
395264,393216,3,acyclic,0,0,0,0,8,6,1,2,1
395264,395264,3,acyclic,0,0,0,0,8,6,0,0,1
657408,0,3,acyclic,0,0,0,0,8,6,3,3,1
657408,2048,3,acyclic,0,0,0,0,8,6,2,3,1
657408,131072,3,acyclic,0,0,0,0,8,6,2,2,1
657408,133120,3,acyclic,0,0,0,0,8,6,1,1,1
657408,524288,3,acyclic,0,0,0,0,8,6,2,3,1
657408,526336,3,acyclic,0,0,0,0,8,6,1,3,1
657408,655360,3,acyclic,0,0,0,0,8,6,1,2,1
657408,657408,3,acyclic,0,0,0,0,8,6,0,0,1
788480,0,3,acyclic,0,0,0,0,8,6,3,3,1
788480,2048,3,acyclic,0,0,0,0,8,6,2,3,1
788480,262144,3,acyclic,0,0,0,0,8,6,2,2,1
788480,264192,3,acyclic,0,0,0,0,8,6,1,1,1
788480,524288,3,acyclic,0,0,0,0,8,6,2,3,1
788480,526336,3,acyclic,0,0,0,0,8,6,1,3,1
788480,786432,3,acyclic,0,0,0,0,8,6,1,2,1
788480,788480,3,acyclic,0,0,0,0,8,6,0,0,1
28672,0,3,acyclic,0,0,0,0,10,9,3,6,1
28672,4096,3,acyclic,0,0,0,0,10,9,2,4,1
28672,8192,3,acyclic,0,0,0,0,10,9,2,4,1
28672,12288,3,acyclic,0,0,0,0,10,9,1,2,1
28672,16384,3,acyclic,0,0,0,0,10,9,2,6,1
28672,20480,3,acyclic,0,0,0,0,10,9,1,2,1
28672,24576,3,acyclic,0,0,0,0,10,9,1,4,1
28672,28672,3,acyclic,0,0,0,0,10,9,0,0,1
45056,0,3,layered,0,0,0,0,25,36,3,18,1
45056,4096,3,layered,0,0,0,0,25,36,2,16,1
45056,8192,3,layered,0,0,0,0,25,36,2,16,1
45056,12288,3,layered,0,0,0,0,25,36,1,14,1
45056,32768,3,layered,0,0,0,0,25,36,2,16,1
45056,36864,3,layered,0,0,0,0,25,36,1,6,1
45056,40960,3,layered,0,0,0,0,25,36,1,12,1
45056,45056,3,layered,0,0,0,0,25,36,0,0,1
77824,0,3,acyclic,0,0,0,0,10,9,3,5,1
77824,4096,3,acyclic,0,0,0,0,10,9,2,3,1
77824,8192,3,acyclic,0,0,0,0,10,9,2,4,1
77824,12288,3,acyclic,0,0,0,0,10,9,1,2,1
77824,65536,3,acyclic,0,0,0,0,10,9,2,5,1
77824,69632,3,acyclic,0,0,0,0,10,9,1,2,1
77824,73728,3,acyclic,0,0,0,0,10,9,1,4,1
77824,77824,3,acyclic,0,0,0,0,10,9,0,0,1
143360,0,3,acyclic,0,0,0,0,9,7,3,4,1
143360,4096,3,acyclic,0,0,0,0,9,7,2,3,1
143360,8192,3,acyclic,0,0,0,0,9,7,2,2,1
143360,12288,3,acyclic,0,0,0,0,9,7,1,1,1
143360,131072,3,acyclic,0,0,0,0,9,7,2,4,1
143360,135168,3,acyclic,0,0,0,0,9,7,1,2,1
143360,139264,3,acyclic,0,0,0,0,9,7,1,2,1
143360,143360,3,acyclic,0,0,0,0,9,7,0,0,1
274432,0,3,acyclic,0,0,0,0,9,7,3,5,1
274432,4096,3,acyclic,0,0,0,0,9,7,2,5,1
274432,8192,3,acyclic,0,0,0,0,9,7,2,5,1
274432,12288,3,acyclic,0,0,0,0,9,7,1,5,1
274432,262144,3,acyclic,0,0,0,0,9,7,2,4,1
274432,266240,3,acyclic,0,0,0,0,9,7,1,2,1
274432,270336,3,acyclic,0,0,0,0,9,7,1,2,1
274432,274432,3,acyclic,0,0,0,0,9,7,0,0,1
536576,0,3,acyclic,0,0,0,0,9,7,3,4,1
536576,4096,3,acyclic,0,0,0,0,9,7,2,2,1
536576,8192,3,acyclic,0,0,0,0,9,7,2,3,1
536576,12288,3,acyclic,0,0,0,0,9,7,1,1,1
536576,524288,3,acyclic,0,0,0,0,9,7,2,4,1
536576,528384,3,acyclic,0,0,0,0,9,7,1,2,1
536576,532480,3,acyclic,0,0,0,0,9,7,1,2,1
536576,536576,3,acyclic,0,0,0,0,9,7,0,0,1
53248,0,3,layered,0,0,0,0,15,19,3,10,1
53248,4096,3,layered,0,0,0,0,15,19,2,8,1
53248,16384,3,layered,0,0,0,0,15,19,2,10,1
53248,20480,3,layered,0,0,0,0,15,19,1,8,1
53248,32768,3,layered,0,0,0,0,15,19,2,8,1
53248,36864,3,layered,0,0,0,0,15,19,1,2,1
53248,49152,3,layered,0,0,0,0,15,19,1,8,1
53248,53248,3,layered,0,0,0,0,15,19,0,0,1
86016,0,3,acyclic,0,0,0,0,10,9,3,6,1
86016,4096,3,acyclic,0,0,0,0,10,9,2,4,1
86016,16384,3,acyclic,0,0,0,0,10,9,2,6,1
86016,20480,3,acyclic,0,0,0,0,10,9,1,2,1
86016,65536,3,acyclic,0,0,0,0,10,9,2,6,1
86016,69632,3,acyclic,0,0,0,0,10,9,1,2,1
86016,81920,3,acyclic,0,0,0,0,10,9,1,6,1
86016,86016,3,acyclic,0,0,0,0,10,9,0,0,1
151552,0,3,acyclic,1,0,0,0,8,7,3,4,1
151552,4096,3,acyclic,1,0,0,0,8,7,2,3,1
151552,16384,3,acyclic,1,0,0,0,8,7,2,4,1
151552,20480,3,acyclic,1,0,0,0,8,7,1,3,1
151552,131072,3,acyclic,1,0,0,0,8,7,2,4,1
151552,135168,3,acyclic,1,0,0,0,8,7,1,2,1
151552,147456,3,acyclic,1,1,1,1,8,7,1,4,1
151552,151552,3,acyclic,1,1,1,1,8,7,0,0,1
282624,0,3,acyclic,1,0,0,0,8,7,3,5,1
282624,4096,3,acyclic,1,0,0,0,8,7,2,5,1
282624,16384,3,acyclic,1,0,0,0,8,7,2,5,1
282624,20480,3,acyclic,1,0,0,0,8,7,1,5,1
282624,262144,3,acyclic,1,0,0,0,8,7,2,4,1
282624,266240,3,acyclic,1,0,0,0,8,7,1,2,1
282624,278528,3,acyclic,1,0,0,0,8,7,1,4,1
282624,282624,3,acyclic,1,1,1,1,8,7,0,0,1
544768,0,3,acyclic,0,0,0,0,9,7,3,5,1
544768,4096,3,acyclic,0,0,0,0,9,7,2,3,1
544768,16384,3,acyclic,0,0,0,0,9,7,2,5,1
544768,20480,3,acyclic,0,0,0,0,9,7,1,1,1
544768,524288,3,acyclic,0,0,0,0,9,7,2,4,1
544768,528384,3,acyclic,0,0,0,0,9,7,1,2,1
544768,540672,3,acyclic,0,0,0,0,9,7,1,4,1
544768,544768,3,acyclic,0,0,0,0,9,7,0,0,1
102400,0,3,layered,0,0,0,0,25,36,3,18,1
102400,4096,3,layered,0,0,0,0,25,36,2,16,1
102400,32768,3,layered,0,0,0,0,25,36,2,16,1
102400,36864,3,layered,0,0,0,0,25,36,1,6,1
102400,65536,3,layered,0,0,0,0,25,36,2,16,1
102400,69632,3,layered,0,0,0,0,25,36,1,12,1
102400,98304,3,layered,0,0,0,0,25,36,1,14,1
102400,102400,3,layered,0,0,0,0,25,36,0,0,1
167936,0,3,layered,0,0,0,0,14,17,3,9,1
167936,4096,3,layered,0,0,0,0,14,17,2,8,1
167936,32768,3,layered,0,0,0,0,14,17,2,9,1
167936,36864,3,layered,0,0,0,0,14,17,1,8,1
167936,131072,3,layered,0,0,0,0,14,17,2,8,1
167936,135168,3,layered,0,0,0,0,14,17,1,6,1
167936,163840,3,layered,0,0,0,0,14,17,1,6,1
167936,167936,3,layered,0,0,0,0,14,17,0,0,1
299008,0,3,layered,0,0,0,0,14,17,3,9,1
299008,4096,3,layered,0,0,0,0,14,17,2,9,1
299008,32768,3,layered,0,0,0,0,14,17,2,8,1
299008,36864,3,layered,0,0,0,0,14,17,1,8,1
299008,262144,3,layered,0,0,0,0,14,17,2,8,1
299008,266240,3,layered,0,0,0,0,14,17,1,6,1
299008,294912,3,layered,0,0,0,0,14,17,1,6,1
299008,299008,3,layered,0,0,0,0,14,17,0,0,1
561152,0,3,layered,0,0,0,0,22,28,3,16,1
561152,4096,3,layered,0,0,0,0,22,28,2,14,1
561152,32768,3,layered,0,0,0,0,22,28,2,14,1
561152,36864,3,layered,0,0,0,0,22,28,1,4,1
561152,524288,3,layered,0,0,0,0,22,28,2,12,1
561152,528384,3,layered,0,0,0,0,22,28,1,10,1
561152,557056,3,layered,0,0,0,0,22,28,1,10,1
561152,561152,3,layered,0,0,0,0,22,28,0,0,1
200704,0,3,acyclic,0,0,0,0,9,7,3,4,1
200704,4096,3,acyclic,0,0,0,0,9,7,2,3,1
200704,65536,3,acyclic,0,0,0,0,9,7,2,4,1
200704,69632,3,acyclic,0,0,0,0,9,7,1,3,1
200704,131072,3,acyclic,0,0,0,0,9,7,2,4,1
200704,135168,3,acyclic,0,0,0,0,9,7,1,2,1
200704,196608,3,acyclic,0,0,0,0,9,7,1,4,1
200704,200704,3,acyclic,0,0,0,0,9,7,0,0,1
331776,0,3,acyclic,0,0,0,0,9,7,3,5,1
331776,4096,3,acyclic,0,0,0,0,9,7,2,5,1
331776,65536,3,acyclic,0,0,0,0,9,7,2,5,1
331776,69632,3,acyclic,0,0,0,0,9,7,1,5,1
331776,262144,3,acyclic,0,0,0,0,9,7,2,4,1
331776,266240,3,acyclic,0,0,0,0,9,7,1,2,1
331776,327680,3,acyclic,0,0,0,0,9,7,1,4,1
331776,331776,3,acyclic,0,0,0,0,9,7,0,0,1
593920,0,3,acyclic,0,0,0,0,9,7,3,4,1
593920,4096,3,acyclic,0,0,0,0,9,7,2,2,1
593920,65536,3,acyclic,0,0,0,0,9,7,2,4,1
593920,69632,3,acyclic,0,0,0,0,9,7,1,1,1
593920,524288,3,acyclic,0,0,0,0,9,7,2,4,1
593920,528384,3,acyclic,0,0,0,0,9,7,1,2,1
593920,589824,3,acyclic,0,0,0,0,9,7,1,4,1
593920,593920,3,acyclic,0,0,0,0,9,7,0,0,1
397312,0,3,acyclic,0,0,0,0,7,5,3,3,1
397312,4096,3,acyclic,0,0,0,0,7,5,2,3,1
397312,131072,3,acyclic,0,0,0,0,7,5,2,3,1
397312,135168,3,acyclic,0,0,0,0,7,5,1,3,1
397312,262144,3,acyclic,0,0,0,0,7,5,2,2,1
397312,266240,3,acyclic,0,0,0,0,7,5,1,1,1
397312,393216,3,acyclic,0,0,0,0,7,5,1,2,1
397312,397312,3,acyclic,0,0,0,0,7,5,0,0,1
659456,0,3,acyclic,0,0,0,0,8,5,3,3,1
659456,4096,3,acyclic,0,0,0,0,8,5,2,2,1
659456,131072,3,acyclic,0,0,0,0,8,5,2,3,1
659456,135168,3,acyclic,0,0,0,0,8,5,1,1,1
659456,524288,3,acyclic,0,0,0,0,8,5,2,2,1
659456,528384,3,acyclic,0,0,0,0,8,5,1,1,1
659456,655360,3,acyclic,0,0,0,0,8,5,1,2,1
659456,659456,3,acyclic,0,0,0,0,8,5,0,0,1
790528,0,3,acyclic,0,0,0,0,8,5,3,4,1
790528,4096,3,acyclic,0,0,0,0,8,5,2,4,1
790528,262144,3,acyclic,0,0,0,0,8,5,2,3,1
790528,266240,3,acyclic,0,0,0,0,8,5,1,1,1
790528,524288,3,acyclic,0,0,0,0,8,5,2,3,1
790528,528384,3,acyclic,0,0,0,0,8,5,1,3,1
790528,786432,3,acyclic,0,0,0,0,8,5,1,2,1
790528,790528,3,acyclic,0,0,0,0,8,5,0,0,1
57344,0,3,acyclic,0,0,0,0,10,9,3,6,1
57344,8192,3,acyclic,0,0,0,0,10,9,2,6,1
57344,16384,3,acyclic,0,0,0,0,10,9,2,4,1
57344,24576,3,acyclic,0,0,0,0,10,9,1,4,1
57344,32768,3,acyclic,0,0,0,0,10,9,2,4,1
57344,40960,3,acyclic,0,0,0,0,10,9,1,2,1
57344,49152,3,acyclic,0,0,0,0,10,9,1,2,1
57344,57344,3,acyclic,0,0,0,0,10,9,0,0,1
90112,0,3,acyclic,0,0,0,0,10,9,3,5,1
90112,8192,3,acyclic,0,0,0,0,10,9,2,4,1
90112,16384,3,acyclic,0,0,0,0,10,9,2,3,1
90112,24576,3,acyclic,0,0,0,0,10,9,1,2,1
90112,65536,3,acyclic,0,0,0,0,10,9,2,4,1
90112,73728,3,acyclic,0,0,0,0,10,9,1,2,1
90112,81920,3,acyclic,0,0,0,0,10,9,1,2,1
90112,90112,3,acyclic,0,0,0,0,10,9,0,0,1
155648,0,3,acyclic,1,0,0,0,9,7,3,5,1
155648,8192,3,acyclic,1,0,0,0,9,7,2,3,1
155648,16384,3,acyclic,1,0,0,0,9,7,2,5,1
155648,24576,3,acyclic,1,0,0,0,9,7,1,3,1
155648,131072,3,acyclic,1,0,0,0,9,7,2,4,1
155648,139264,3,acyclic,1,0,0,0,9,7,1,2,1
155648,147456,3,acyclic,1,1,1,1,9,7,1,2,1
155648,155648,3,acyclic,1,1,1,1,9,7,0,0,1
286720,0,3,acyclic,0,0,0,0,9,7,3,5,1
286720,8192,3,acyclic,0,0,0,0,9,7,2,5,1
286720,16384,3,acyclic,0,0,0,0,9,7,2,3,1
286720,24576,3,acyclic,0,0,0,0,9,7,1,3,1
286720,262144,3,acyclic,0,0,0,0,9,7,2,4,1
286720,270336,3,acyclic,0,0,0,0,9,7,1,2,1
286720,278528,3,acyclic,0,0,0,0,9,7,1,2,1
286720,286720,3,acyclic,0,0,0,0,9,7,0,0,1
548864,0,3,acyclic,0,0,0,0,9,7,3,4,1
548864,8192,3,acyclic,0,0,0,0,9,7,2,3,1
548864,16384,3,acyclic,0,0,0,0,9,7,2,2,1
548864,24576,3,acyclic,0,0,0,0,9,7,1,1,1
548864,524288,3,acyclic,0,0,0,0,9,7,2,4,1
548864,532480,3,acyclic,0,0,0,0,9,7,1,2,1
548864,540672,3,acyclic,0,0,0,0,9,7,1,2,1
548864,548864,3,acyclic,0,0,0,0,9,7,0,0,1
106496,0,3,acyclic,0,0,0,0,10,9,3,5,1
106496,8192,3,acyclic,0,0,0,0,10,9,2,5,1
106496,32768,3,acyclic,0,0,0,0,10,9,2,3,1
106496,40960,3,acyclic,0,0,0,0,10,9,1,2,1
106496,65536,3,acyclic,0,0,0,0,10,9,2,4,1
106496,73728,3,acyclic,0,0,0,0,10,9,1,4,1
106496,98304,3,acyclic,0,0,0,0,10,9,1,2,1
106496,106496,3,acyclic,0,0,0,0,10,9,0,0,1
172032,0,3,acyclic,0,0,0,0,9,7,3,5,1
172032,8192,3,acyclic,0,0,0,0,9,7,2,5,1
172032,32768,3,acyclic,0,0,0,0,9,7,2,5,1
172032,40960,3,acyclic,0,0,0,0,9,7,1,5,1
172032,131072,3,acyclic,0,0,0,0,9,7,2,4,1
172032,139264,3,acyclic,0,0,0,0,9,7,1,4,1
172032,163840,3,acyclic,0,0,0,0,9,7,1,2,1
172032,172032,3,acyclic,0,0,0,0,9,7,0,0,1
303104,0,3,acyclic,0,0,0,0,9,7,3,4,1
303104,8192,3,acyclic,0,0,0,0,9,7,2,4,1
303104,32768,3,acyclic,0,0,0,0,9,7,2,3,1
303104,40960,3,acyclic,0,0,0,0,9,7,1,3,1
303104,262144,3,acyclic,0,0,0,0,9,7,2,4,1
303104,270336,3,acyclic,0,0,0,0,9,7,1,4,1
303104,294912,3,acyclic,0,0,0,0,9,7,1,2,1
303104,303104,3,acyclic,0,0,0,0,9,7,0,0,1
565248,0,3,acyclic,0,0,0,0,9,7,3,4,1
565248,8192,3,acyclic,0,0,0,0,9,7,2,4,1
565248,32768,3,acyclic,0,0,0,0,9,7,2,2,1
565248,40960,3,acyclic,0,0,0,0,9,7,1,1,1
565248,524288,3,acyclic,0,0,0,0,9,7,2,4,1
565248,532480,3,acyclic,0,0,0,0,9,7,1,4,1
565248,557056,3,acyclic,0,0,0,0,9,7,1,2,1
565248,565248,3,acyclic,0,0,0,0,9,7,0,0,1
204800,0,3,acyclic,0,0,0,0,9,7,3,4,1
204800,8192,3,acyclic,0,0,0,0,9,7,2,3,1
204800,65536,3,acyclic,0,0,0,0,9,7,2,4,1
204800,73728,3,acyclic,0,0,0,0,9,7,1,3,1
204800,131072,3,acyclic,0,0,0,0,9,7,2,3,1
204800,139264,3,acyclic,0,0,0,0,9,7,1,2,1
204800,196608,3,acyclic,0,0,0,0,9,7,1,2,1
204800,204800,3,acyclic,0,0,0,0,9,7,0,0,1
335872,0,3,acyclic,0,0,0,0,9,7,3,4,1
335872,8192,3,acyclic,0,0,0,0,9,7,2,4,1
335872,65536,3,acyclic,0,0,0,0,9,7,2,3,1
335872,73728,3,acyclic,0,0,0,0,9,7,1,3,1
335872,262144,3,acyclic,0,0,0,0,9,7,2,3,1
335872,270336,3,acyclic,0,0,0,0,9,7,1,2,1
335872,327680,3,acyclic,0,0,0,0,9,7,1,2,1
335872,335872,3,acyclic,0,0,0,0,9,7,0,0,1
598016,0,3,acyclic,0,0,0,0,9,7,3,3,1
598016,8192,3,acyclic,0,0,0,0,9,7,2,2,1
598016,65536,3,acyclic,0,0,0,0,9,7,2,2,1
598016,73728,3,acyclic,0,0,0,0,9,7,1,1,1
598016,524288,3,acyclic,0,0,0,0,9,7,2,3,1
598016,532480,3,acyclic,0,0,0,0,9,7,1,2,1
598016,589824,3,acyclic,0,0,0,0,9,7,1,2,1
598016,598016,3,acyclic,0,0,0,0,9,7,0,0,1
401408,0,3,acyclic,0,0,0,0,8,5,3,4,1
401408,8192,3,acyclic,0,0,0,0,8,5,2,4,1
401408,131072,3,acyclic,0,0,0,0,8,5,2,3,1
401408,139264,3,acyclic,0,0,0,0,8,5,1,3,1
401408,262144,3,acyclic,0,0,0,0,8,5,2,3,1
401408,270336,3,acyclic,0,0,0,0,8,5,1,1,1
401408,393216,3,acyclic,0,0,0,0,8,5,1,2,1
401408,401408,3,acyclic,0,0,0,0,8,5,0,0,1
663552,0,3,acyclic,0,0,0,0,8,5,3,3,1
663552,8192,3,acyclic,0,0,0,0,8,5,2,2,1
663552,131072,3,acyclic,0,0,0,0,8,5,2,2,1
663552,139264,3,acyclic,0,0,0,0,8,5,1,1,1
663552,524288,3,acyclic,0,0,0,0,8,5,2,3,1
663552,532480,3,acyclic,0,0,0,0,8,5,1,1,1
663552,655360,3,acyclic,0,0,0,0,8,5,1,2,1
663552,663552,3,acyclic,0,0,0,0,8,5,0,0,1
794624,0,3,acyclic,0,0,0,0,7,5,3,3,1
794624,8192,3,acyclic,0,0,0,0,7,5,2,3,1
794624,262144,3,acyclic,0,0,0,0,7,5,2,2,1
794624,270336,3,acyclic,0,0,0,0,7,5,1,1,1
794624,524288,3,acyclic,0,0,0,0,7,5,2,3,1
794624,532480,3,acyclic,0,0,0,0,7,5,1,3,1
794624,786432,3,acyclic,0,0,0,0,7,5,1,2,1
794624,794624,3,acyclic,0,0,0,0,7,5,0,0,1
114688,0,3,acyclic,0,0,0,0,10,9,3,6,1
114688,16384,3,acyclic,0,0,0,0,10,9,2,4,1
114688,32768,3,acyclic,0,0,0,0,10,9,2,4,1
114688,49152,3,acyclic,0,0,0,0,10,9,1,2,1
114688,65536,3,acyclic,0,0,0,0,10,9,2,4,1
114688,81920,3,acyclic,0,0,0,0,10,9,1,2,1
114688,98304,3,acyclic,0,0,0,0,10,9,1,2,1
114688,114688,3,acyclic,0,0,0,0,10,9,0,0,1
180224,0,3,acyclic,1,0,0,0,8,7,3,5,1
180224,16384,3,acyclic,1,0,0,0,8,7,2,5,1
180224,32768,3,acyclic,1,0,0,0,8,7,2,5,1
180224,49152,3,acyclic,1,0,0,0,8,7,1,5,1
180224,131072,3,acyclic,1,0,0,0,8,7,2,4,1
180224,147456,3,acyclic,1,1,1,1,8,7,1,2,1
180224,163840,3,acyclic,1,0,0,0,8,7,1,2,1
180224,180224,3,acyclic,1,1,1,1,8,7,0,0,1
311296,0,3,acyclic,0,0,0,0,8,7,3,4,1
311296,16384,3,acyclic,0,0,0,0,8,7,2,2,1
311296,32768,3,acyclic,0,0,0,0,8,7,2,3,1
311296,49152,3,acyclic,0,0,0,0,8,7,1,1,1
311296,262144,3,acyclic,0,0,0,0,8,7,2,4,1
311296,278528,3,acyclic,0,0,0,0,8,7,1,2,1
311296,294912,3,acyclic,0,0,0,0,8,7,1,2,1
311296,311296,3,acyclic,0,0,0,0,8,7,0,0,1
573440,0,3,acyclic,0,0,0,0,9,7,3,5,1
573440,16384,3,acyclic,0,0,0,0,9,7,2,3,1
573440,32768,3,acyclic,0,0,0,0,9,7,2,3,1
573440,49152,3,acyclic,0,0,0,0,9,7,1,1,1
573440,524288,3,acyclic,0,0,0,0,9,7,2,4,1
573440,540672,3,acyclic,0,0,0,0,9,7,1,2,1
573440,557056,3,acyclic,0,0,0,0,9,7,1,2,1
573440,573440,3,acyclic,0,0,0,0,9,7,0,0,1
212992,0,3,acyclic,1,0,0,0,8,7,3,5,1
212992,16384,3,acyclic,1,0,0,0,8,7,2,5,1
212992,65536,3,acyclic,1,0,0,0,8,7,2,5,1
212992,81920,3,acyclic,1,0,0,0,8,7,1,5,1
212992,131072,3,acyclic,1,0,0,0,8,7,2,4,1
212992,147456,3,acyclic,1,1,1,1,8,7,1,2,1
212992,196608,3,acyclic,1,0,0,0,8,7,1,2,1
212992,212992,3,acyclic,1,1,1,1,8,7,0,0,1
344064,0,3,acyclic,0,0,0,0,9,7,3,5,1
344064,16384,3,acyclic,0,0,0,0,9,7,2,3,1
344064,65536,3,acyclic,0,0,0,0,9,7,2,3,1
344064,81920,3,acyclic,0,0,0,0,9,7,1,1,1
344064,262144,3,acyclic,0,0,0,0,9,7,2,4,1
344064,278528,3,acyclic,0,0,0,0,9,7,1,2,1
344064,327680,3,acyclic,0,0,0,0,9,7,1,2,1
344064,344064,3,acyclic,0,0,0,0,9,7,0,0,1
606208,0,3,acyclic,0,0,0,0,8,7,3,4,1
606208,16384,3,acyclic,0,0,0,0,8,7,2,2,1
606208,65536,3,acyclic,0,0,0,0,8,7,2,3,1
606208,81920,3,acyclic,0,0,0,0,8,7,1,1,1
606208,524288,3,acyclic,0,0,0,0,8,7,2,4,1
606208,540672,3,acyclic,0,0,0,0,8,7,1,2,1
606208,589824,3,acyclic,0,0,0,0,8,7,1,2,1
606208,606208,3,acyclic,0,0,0,0,8,7,0,0,1
409600,0,3,acyclic,1,0,0,0,7,5,3,4,1
409600,16384,3,acyclic,1,0,0,0,7,5,2,4,1
409600,131072,3,acyclic,1,0,0,0,7,5,2,3,1
409600,147456,3,acyclic,1,1,1,1,7,5,1,1,1
409600,262144,3,acyclic,1,0,0,0,7,5,2,3,1
409600,278528,3,acyclic,1,0,0,0,7,5,1,3,1
409600,393216,3,acyclic,1,0,0,0,7,5,1,2,1
409600,409600,3,acyclic,1,1,1,1,7,5,0,0,1
671744,0,3,acyclic,1,0,0,0,7,5,3,4,1
671744,16384,3,acyclic,1,0,0,0,7,5,2,4,1
671744,131072,3,acyclic,1,0,0,0,7,5,2,3,1
671744,147456,3,acyclic,1,1,1,1,7,5,1,1,1
671744,524288,3,acyclic,1,0,0,0,7,5,2,3,1
671744,540672,3,acyclic,1,0,0,0,7,5,1,3,1
671744,655360,3,acyclic,1,0,0,0,7,5,1,2,1
671744,671744,3,acyclic,1,1,1,1,7,5,0,0,1
802816,0,3,acyclic,0,0,0,0,8,5,3,4,1
802816,16384,3,acyclic,0,0,0,0,8,5,2,2,1
802816,262144,3,acyclic,0,0,0,0,8,5,2,3,1
802816,278528,3,acyclic,0,0,0,0,8,5,1,1,1
802816,524288,3,acyclic,0,0,0,0,8,5,2,3,1
802816,540672,3,acyclic,0,0,0,0,8,5,1,1,1
802816,786432,3,acyclic,0,0,0,0,8,5,1,2,1
802816,802816,3,acyclic,0,0,0,0,8,5,0,0,1
229376,0,3,acyclic,0,0,0,0,9,7,3,5,1
229376,32768,3,acyclic,0,0,0,0,9,7,2,5,1
229376,65536,3,acyclic,0,0,0,0,9,7,2,5,1
229376,98304,3,acyclic,0,0,0,0,9,7,1,5,1
229376,131072,3,acyclic,0,0,0,0,9,7,2,4,1
229376,163840,3,acyclic,0,0,0,0,9,7,1,2,1
229376,196608,3,acyclic,0,0,0,0,9,7,1,2,1
229376,229376,3,acyclic,0,0,0,0,9,7,0,0,1
360448,0,3,acyclic,0,0,0,0,9,7,3,4,1
360448,32768,3,acyclic,0,0,0,0,9,7,2,3,1
360448,65536,3,acyclic,0,0,0,0,9,7,2,2,1
360448,98304,3,acyclic,0,0,0,0,9,7,1,1,1
360448,262144,3,acyclic,0,0,0,0,9,7,2,4,1
360448,294912,3,acyclic,0,0,0,0,9,7,1,2,1
360448,327680,3,acyclic,0,0,0,0,9,7,1,2,1
360448,360448,3,acyclic,0,0,0,0,9,7,0,0,1
622592,0,3,acyclic,0,0,0,0,9,7,3,4,1
622592,32768,3,acyclic,0,0,0,0,9,7,2,2,1
622592,65536,3,acyclic,0,0,0,0,9,7,2,3,1
622592,98304,3,acyclic,0,0,0,0,9,7,1,1,1
622592,524288,3,acyclic,0,0,0,0,9,7,2,4,1
622592,557056,3,acyclic,0,0,0,0,9,7,1,2,1
622592,589824,3,acyclic,0,0,0,0,9,7,1,2,1
622592,622592,3,acyclic,0,0,0,0,9,7,0,0,1
425984,0,3,acyclic,0,0,0,0,7,5,3,3,1
425984,32768,3,acyclic,0,0,0,0,7,5,2,3,1
425984,131072,3,acyclic,0,0,0,0,7,5,2,2,1
425984,163840,3,acyclic,0,0,0,0,7,5,1,1,1
425984,262144,3,acyclic,0,0,0,0,7,5,2,3,1
425984,294912,3,acyclic,0,0,0,0,7,5,1,3,1
425984,393216,3,acyclic,0,0,0,0,7,5,1,2,1
425984,425984,3,acyclic,0,0,0,0,7,5,0,0,1
688128,0,3,acyclic,0,0,0,0,8,5,3,4,1
688128,32768,3,acyclic,0,0,0,0,8,5,2,4,1
688128,131072,3,acyclic,0,0,0,0,8,5,2,3,1
688128,163840,3,acyclic,0,0,0,0,8,5,1,1,1
688128,524288,3,acyclic,0,0,0,0,8,5,2,3,1
688128,557056,3,acyclic,0,0,0,0,8,5,1,3,1
688128,655360,3,acyclic,0,0,0,0,8,5,1,2,1
688128,688128,3,acyclic,0,0,0,0,8,5,0,0,1
819200,0,3,acyclic,0,0,0,0,8,5,3,3,1
819200,32768,3,acyclic,0,0,0,0,8,5,2,2,1
819200,262144,3,acyclic,0,0,0,0,8,5,2,3,1
819200,294912,3,acyclic,0,0,0,0,8,5,1,1,1
819200,524288,3,acyclic,0,0,0,0,8,5,2,2,1
819200,557056,3,acyclic,0,0,0,0,8,5,1,1,1
819200,786432,3,acyclic,0,0,0,0,8,5,1,2,1
819200,819200,3,acyclic,0,0,0,0,8,5,0,0,1
458752,0,3,acyclic,0,0,0,0,8,5,3,4,1
458752,65536,3,acyclic,0,0,0,0,8,5,2,4,1
458752,131072,3,acyclic,0,0,0,0,8,5,2,3,1
458752,196608,3,acyclic,0,0,0,0,8,5,1,1,1
458752,262144,3,acyclic,0,0,0,0,8,5,2,3,1
458752,327680,3,acyclic,0,0,0,0,8,5,1,3,1
458752,393216,3,acyclic,0,0,0,0,8,5,1,2,1
458752,458752,3,acyclic,0,0,0,0,8,5,0,0,1
720896,0,3,acyclic,0,0,0,0,7,5,3,3,1
720896,65536,3,acyclic,0,0,0,0,7,5,2,3,1
720896,131072,3,acyclic,0,0,0,0,7,5,2,2,1
720896,196608,3,acyclic,0,0,0,0,7,5,1,1,1
720896,524288,3,acyclic,0,0,0,0,7,5,2,3,1
720896,589824,3,acyclic,0,0,0,0,7,5,1,3,1
720896,655360,3,acyclic,0,0,0,0,7,5,1,2,1
720896,720896,3,acyclic,0,0,0,0,7,5,0,0,1
851968,0,3,acyclic,0,0,0,0,8,5,3,3,1
851968,65536,3,acyclic,0,0,0,0,8,5,2,2,1
851968,262144,3,acyclic,0,0,0,0,8,5,2,2,1
851968,327680,3,acyclic,0,0,0,0,8,5,1,1,1
851968,524288,3,acyclic,0,0,0,0,8,5,2,3,1
851968,589824,3,acyclic,0,0,0,0,8,5,1,1,1
851968,786432,3,acyclic,0,0,0,0,8,5,1,2,1
851968,851968,3,acyclic,0,0,0,0,8,5,0,0,1
917504,0,3,acyclic,0,0,0,0,7,3,3,3,1
917504,131072,3,acyclic,0,0,0,0,7,3,2,2,1
917504,262144,3,acyclic,0,0,0,0,7,3,2,2,1
917504,393216,3,acyclic,0,0,0,0,7,3,1,1,1
917504,524288,3,acyclic,0,0,0,0,7,3,2,2,1
917504,655360,3,acyclic,0,0,0,0,7,3,1,1,1
917504,786432,3,acyclic,0,0,0,0,7,3,1,1,1
917504,917504,3,acyclic,0,0,0,0,7,3,0,0,1
