source_mask,target_mask,edit_distance,target_unsat,retained_source_unsat,stale_accept,single_accept,trace_accept,closed_accept,trace_gain_over_single,closed_gain_over_trace,single_miss,trace_miss,closed_miss,closed_recomputed_gates,closed_total_gates
16,16,0,1,1,1,1,1,1,0,0,0,0,0,0,3
16,17,1,1,1,1,1,1,1,0,0,0,0,0,0,3
16,18,1,1,1,1,1,1,1,0,0,0,0,0,0,3
16,20,1,1,1,1,1,1,1,0,0,0,0,0,0,3
16,24,1,1,1,1,1,1,1,0,0,0,0,0,0,3
16,0,1,0,0,1,0,0,0,0,0,0,0,0,2,3
16,48,1,1,1,1,1,1,1,0,0,0,0,0,0,3
16,80,1,1,1,1,1,1,1,0,0,0,0,0,0,3
16,144,1,1,1,1,1,1,1,0,0,0,0,0,0,3
16,272,1,1,1,1,1,1,1,0,0,0,0,0,0,3
16,19,2,1,1,1,1,1,1,0,0,0,0,0,0,3
16,21,2,1,1,1,1,1,1,0,0,0,0,0,0,3
16,25,2,1,1,1,1,1,1,0,0,0,0,0,0,3
16,1,2,0,0,1,0,0,0,0,0,0,0,0,2,3
16,49,2,1,1,1,1,1,1,0,0,0,0,0,0,3
16,81,2,1,1,1,1,1,1,0,0,0,0,0,0,3
16,145,2,1,1,1,1,1,1,0,0,0,0,0,0,3
16,273,2,1,1,1,1,1,1,0,0,0,0,0,0,3
16,22,2,1,1,1,1,1,1,0,0,0,0,0,0,3
16,26,2,1,1,1,1,1,1,0,0,0,0,0,0,3
16,2,2,0,0,1,0,0,0,0,0,0,0,0,2,3
16,50,2,1,1,1,1,1,1,0,0,0,0,0,0,3
16,82,2,1,1,1,1,1,1,0,0,0,0,0,0,3
16,146,2,1,1,1,1,1,1,0,0,0,0,0,0,3
16,274,2,1,1,1,1,1,1,0,0,0,0,0,0,3
16,28,2,1,1,1,1,1,1,0,0,0,0,0,0,3
16,4,2,0,0,1,0,0,0,0,0,0,0,0,2,3
16,52,2,1,1,1,1,1,1,0,0,0,0,0,0,3
16,84,2,1,1,1,1,1,1,0,0,0,0,0,0,3
16,148,2,1,1,1,1,1,1,0,0,0,0,0,0,3
16,276,2,1,1,1,1,1,1,0,0,0,0,0,0,3
16,8,2,0,0,1,0,0,0,0,0,0,0,0,2,3
16,56,2,1,1,1,1,1,1,0,0,0,0,0,0,3
16,88,2,1,1,1,1,1,1,0,0,0,0,0,0,3
16,152,2,1,1,1,1,1,1,0,0,0,0,0,0,3
16,280,2,1,1,1,1,1,1,0,0,0,0,0,0,3
16,32,2,0,0,1,0,0,0,0,0,0,0,0,2,3
16,64,2,0,0,1,0,0,0,0,0,0,0,0,2,3
16,128,2,0,0,1,0,0,0,0,0,0,0,0,2,3
16,256,2,0,0,1,0,0,0,0,0,0,0,0,2,3
16,112,2,1,1,1,1,1,1,0,0,0,0,0,0,3
16,176,2,1,1,1,1,1,1,0,0,0,0,0,0,3
16,304,2,1,1,1,1,1,1,0,0,0,0,0,0,3
16,208,2,1,1,1,1,1,1,0,0,0,0,0,0,3
16,336,2,1,1,1,1,1,1,0,0,0,0,0,0,3
16,400,2,1,1,1,1,1,1,0,0,0,0,0,0,3
17,17,0,1,1,1,1,1,1,0,0,0,0,0,0,8
17,16,1,1,1,1,1,1,1,0,0,0,0,0,3,8
17,19,1,1,1,1,1,1,1,0,0,0,0,0,0,8
17,21,1,1,1,1,1,1,1,0,0,0,0,0,0,8
17,25,1,1,1,1,1,1,1,0,0,0,0,0,0,8
17,1,1,0,0,1,0,0,0,0,0,0,0,0,3,8
17,49,1,1,1,1,1,1,1,0,0,0,0,0,0,8
17,81,1,1,1,1,1,1,1,0,0,0,0,0,0,8
17,145,1,1,1,1,1,1,1,0,0,0,0,0,0,8
17,273,1,1,1,1,1,1,1,0,0,0,0,0,0,8
17,18,2,1,1,1,1,1,1,0,0,0,0,0,3,8
17,20,2,1,1,1,1,1,1,0,0,0,0,0,3,8
17,24,2,1,1,1,1,1,1,0,0,0,0,0,3,8
17,0,2,0,0,1,0,0,0,0,0,0,0,0,6,8
17,48,2,1,1,1,1,1,1,0,0,0,0,0,3,8
17,80,2,1,1,1,1,1,1,0,0,0,0,0,3,8
17,144,2,1,1,1,1,1,1,0,0,0,0,0,3,8
17,272,2,1,1,1,1,1,1,0,0,0,0,0,3,8
17,23,2,1,1,1,1,1,1,0,0,0,0,0,0,8
17,27,2,1,1,1,1,1,1,0,0,0,0,0,0,8
17,3,2,0,0,1,0,0,0,0,0,0,0,0,3,8
17,51,2,1,1,1,1,1,1,0,0,0,0,0,0,8
17,83,2,1,1,1,1,1,1,0,0,0,0,0,0,8
17,147,2,1,1,1,1,1,1,0,0,0,0,0,0,8
17,275,2,1,1,1,1,1,1,0,0,0,0,0,0,8
17,29,2,1,1,1,1,1,1,0,0,0,0,0,0,8
17,5,2,0,0,1,0,0,0,0,0,0,0,0,3,8
17,53,2,1,1,1,1,1,1,0,0,0,0,0,0,8
17,85,2,1,1,1,1,1,1,0,0,0,0,0,0,8
17,149,2,1,1,1,1,1,1,0,0,0,0,0,0,8
17,277,2,1,1,1,1,1,1,0,0,0,0,0,0,8
17,9,2,0,0,1,0,0,0,0,0,0,0,0,3,8
17,57,2,1,1,1,1,1,1,0,0,0,0,0,0,8
17,89,2,1,1,1,1,1,1,0,0,0,0,0,0,8
17,153,2,1,1,1,1,1,1,0,0,0,0,0,0,8
17,281,2,1,1,1,1,1,1,0,0,0,0,0,0,8
17,33,2,0,0,1,0,0,0,0,0,0,0,0,3,8
17,65,2,0,0,1,0,0,0,0,0,0,0,0,3,8
17,129,2,0,0,1,0,0,0,0,0,0,0,0,3,8
17,257,2,0,0,1,0,0,0,0,0,0,0,0,3,8
17,113,2,1,1,1,1,1,1,0,0,0,0,0,0,8
17,177,2,1,1,1,1,1,1,0,0,0,0,0,0,8
17,305,2,1,1,1,1,1,1,0,0,0,0,0,0,8
17,209,2,1,1,1,1,1,1,0,0,0,0,0,0,8
17,337,2,1,1,1,1,1,1,0,0,0,0,0,0,8
17,401,2,1,1,1,1,1,1,0,0,0,0,0,0,8
18,18,0,1,1,1,1,1,1,0,0,0,0,0,0,8
18,19,1,1,1,1,1,1,1,0,0,0,0,0,0,8
18,16,1,1,1,1,1,1,1,0,0,0,0,0,3,8
18,22,1,1,1,1,1,1,1,0,0,0,0,0,0,8
18,26,1,1,1,1,1,1,1,0,0,0,0,0,0,8
18,2,1,0,0,1,0,0,0,0,0,0,0,0,3,8
18,50,1,1,1,1,1,1,1,0,0,0,0,0,0,8
18,82,1,1,1,1,1,1,1,0,0,0,0,0,0,8
18,146,1,1,1,1,1,1,1,0,0,0,0,0,0,8
18,274,1,1,1,1,1,1,1,0,0,0,0,0,0,8
18,17,2,1,1,1,1,1,1,0,0,0,0,0,3,8
18,23,2,1,1,1,1,1,1,0,0,0,0,0,0,8
18,27,2,1,1,1,1,1,1,0,0,0,0,0,0,8
18,3,2,0,0,1,0,0,0,0,0,0,0,0,3,8
18,51,2,1,1,1,1,1,1,0,0,0,0,0,0,8
18,83,2,1,1,1,1,1,1,0,0,0,0,0,0,8
18,147,2,1,1,1,1,1,1,0,0,0,0,0,0,8
18,275,2,1,1,1,1,1,1,0,0,0,0,0,0,8
18,20,2,1,1,1,1,1,1,0,0,0,0,0,3,8
18,24,2,1,1,1,1,1,1,0,0,0,0,0,3,8
18,0,2,0,0,1,0,0,0,0,0,0,0,0,6,8
18,48,2,1,1,1,1,1,1,0,0,0,0,0,3,8
18,80,2,1,1,1,1,1,1,0,0,0,0,0,3,8
18,144,2,1,1,1,1,1,1,0,0,0,0,0,3,8
18,272,2,1,1,1,1,1,1,0,0,0,0,0,3,8
18,30,2,1,1,1,1,1,1,0,0,0,0,0,0,8
18,6,2,0,0,1,0,0,0,0,0,0,0,0,3,8
18,54,2,1,1,1,1,1,1,0,0,0,0,0,0,8
18,86,2,1,1,1,1,1,1,0,0,0,0,0,0,8
18,150,2,1,1,1,1,1,1,0,0,0,0,0,0,8
18,278,2,1,1,1,1,1,1,0,0,0,0,0,0,8
18,10,2,0,0,1,0,0,0,0,0,0,0,0,3,8
18,58,2,1,1,1,1,1,1,0,0,0,0,0,0,8
18,90,2,1,1,1,1,1,1,0,0,0,0,0,0,8
18,154,2,1,1,1,1,1,1,0,0,0,0,0,0,8
18,282,2,1,1,1,1,1,1,0,0,0,0,0,0,8
18,34,2,0,0,1,0,0,0,0,0,0,0,0,3,8
18,66,2,0,0,1,0,0,0,0,0,0,0,0,3,8
18,130,2,1,0,1,0,0,0,0,0,0,0,0,3,8
18,258,2,0,0,1,0,0,0,0,0,0,0,0,3,8
18,114,2,1,1,1,1,1,1,0,0,0,0,0,0,8
18,178,2,1,1,1,1,1,1,0,0,0,0,0,0,8
18,306,2,1,1,1,1,1,1,0,0,0,0,0,0,8
18,210,2,1,1,1,1,1,1,0,0,0,0,0,0,8
18,338,2,1,1,1,1,1,1,0,0,0,0,0,0,8
18,402,2,1,1,1,1,1,1,0,0,0,0,0,0,8
19,19,0,1,1,1,1,1,1,0,0,0,0,0,0,15
19,18,1,1,1,1,1,1,1,0,0,0,0,0,4,15
19,17,1,1,1,1,1,1,1,0,0,0,0,0,4,15
19,23,1,1,1,1,1,1,1,0,0,0,0,0,0,15
19,27,1,1,1,1,1,1,1,0,0,0,0,0,0,15
19,3,1,0,0,1,0,0,0,0,0,0,0,0,4,15
19,51,1,1,1,1,1,1,1,0,0,0,0,0,0,15
19,83,1,1,1,1,1,1,1,0,0,0,0,0,0,15
19,147,1,1,1,1,1,1,1,0,0,0,0,0,0,15
19,275,1,1,1,1,1,1,1,0,0,0,0,0,0,15
19,16,2,1,1,1,1,1,1,0,0,0,0,0,8,15
19,22,2,1,1,1,1,1,1,0,0,0,0,0,4,15
19,26,2,1,1,1,1,1,1,0,0,0,0,0,4,15
19,2,2,0,0,1,0,0,0,0,0,0,0,0,8,15
19,50,2,1,1,1,1,1,1,0,0,0,0,0,4,15
19,82,2,1,1,1,1,1,1,0,0,0,0,0,4,15
19,146,2,1,1,1,1,1,1,0,0,0,0,0,4,15
19,274,2,1,1,1,1,1,1,0,0,0,0,0,4,15
19,21,2,1,1,1,1,1,1,0,0,0,0,0,4,15
19,25,2,1,1,1,1,1,1,0,0,0,0,0,4,15
19,1,2,0,0,1,0,0,0,0,0,0,0,0,8,15
19,49,2,1,1,1,1,1,1,0,0,0,0,0,4,15
19,81,2,1,1,1,1,1,1,0,0,0,0,0,4,15
19,145,2,1,1,1,1,1,1,0,0,0,0,0,4,15
19,273,2,1,1,1,1,1,1,0,0,0,0,0,4,15
19,31,2,1,1,1,1,1,1,0,0,0,0,0,0,15
19,7,2,0,0,1,0,0,0,0,0,0,0,0,4,15
19,55,2,1,1,1,1,1,1,0,0,0,0,0,0,15
19,87,2,1,1,1,1,1,1,0,0,0,0,0,0,15
19,151,2,1,1,1,1,1,1,0,0,0,0,0,0,15
19,279,2,1,1,1,1,1,1,0,0,0,0,0,0,15
19,11,2,0,0,1,0,0,0,0,0,0,0,0,4,15
19,59,2,1,1,1,1,1,1,0,0,0,0,0,0,15
19,91,2,1,1,1,1,1,1,0,0,0,0,0,0,15
19,155,2,1,1,1,1,1,1,0,0,0,0,0,0,15
19,283,2,1,1,1,1,1,1,0,0,0,0,0,0,15
19,35,2,0,0,1,0,0,0,0,0,0,0,0,4,15
19,67,2,0,0,1,0,0,0,0,0,0,0,0,4,15
19,131,2,1,0,1,0,0,0,0,0,0,0,0,4,15
19,259,2,0,0,1,0,0,0,0,0,0,0,0,4,15
19,115,2,1,1,1,1,1,1,0,0,0,0,0,0,15
19,179,2,1,1,1,1,1,1,0,0,0,0,0,0,15
19,307,2,1,1,1,1,1,1,0,0,0,0,0,0,15
19,211,2,1,1,1,1,1,1,0,0,0,0,0,0,15
19,339,2,1,1,1,1,1,1,0,0,0,0,0,0,15
19,403,2,1,1,1,1,1,1,0,0,0,0,0,0,15
20,20,0,1,1,1,1,1,1,0,0,0,0,0,0,8
20,21,1,1,1,1,1,1,1,0,0,0,0,0,0,8
20,22,1,1,1,1,1,1,1,0,0,0,0,0,0,8
20,16,1,1,1,1,1,1,1,0,0,0,0,0,3,8
20,28,1,1,1,1,1,1,1,0,0,0,0,0,0,8
20,4,1,0,0,1,0,0,0,0,0,0,0,0,3,8
20,52,1,1,1,1,1,1,1,0,0,0,0,0,0,8
20,84,1,1,1,1,1,1,1,0,0,0,0,0,0,8
20,148,1,1,1,1,1,1,1,0,0,0,0,0,0,8
20,276,1,1,1,1,1,1,1,0,0,0,0,0,0,8
20,23,2,1,1,1,1,1,1,0,0,0,0,0,0,8
20,17,2,1,1,1,1,1,1,0,0,0,0,0,3,8
20,29,2,1,1,1,1,1,1,0,0,0,0,0,0,8
20,5,2,0,0,1,0,0,0,0,0,0,0,0,3,8
20,53,2,1,1,1,1,1,1,0,0,0,0,0,0,8
20,85,2,1,1,1,1,1,1,0,0,0,0,0,0,8
20,149,2,1,1,1,1,1,1,0,0,0,0,0,0,8
20,277,2,1,1,1,1,1,1,0,0,0,0,0,0,8
20,18,2,1,1,1,1,1,1,0,0,0,0,0,3,8
20,30,2,1,1,1,1,1,1,0,0,0,0,0,0,8
20,6,2,0,0,1,0,0,0,0,0,0,0,0,3,8
20,54,2,1,1,1,1,1,1,0,0,0,0,0,0,8
20,86,2,1,1,1,1,1,1,0,0,0,0,0,0,8
20,150,2,1,1,1,1,1,1,0,0,0,0,0,0,8
20,278,2,1,1,1,1,1,1,0,0,0,0,0,0,8
20,24,2,1,1,1,1,1,1,0,0,0,0,0,3,8
20,0,2,0,0,1,0,0,0,0,0,0,0,0,6,8
20,48,2,1,1,1,1,1,1,0,0,0,0,0,3,8
20,80,2,1,1,1,1,1,1,0,0,0,0,0,3,8
20,144,2,1,1,1,1,1,1,0,0,0,0,0,3,8
20,272,2,1,1,1,1,1,1,0,0,0,0,0,3,8
20,12,2,0,0,1,0,0,0,0,0,0,0,0,3,8
20,60,2,1,1,1,1,1,1,0,0,0,0,0,0,8
20,92,2,1,1,1,1,1,1,0,0,0,0,0,0,8
20,156,2,1,1,1,1,1,1,0,0,0,0,0,0,8
20,284,2,1,1,1,1,1,1,0,0,0,0,0,0,8
20,36,2,0,0,1,0,0,0,0,0,0,0,0,3,8
20,68,2,0,0,1,0,0,0,0,0,0,0,0,3,8
20,132,2,0,0,1,0,0,0,0,0,0,0,0,3,8
20,260,2,0,0,1,0,0,0,0,0,0,0,0,3,8
20,116,2,1,1,1,1,1,1,0,0,0,0,0,0,8
20,180,2,1,1,1,1,1,1,0,0,0,0,0,0,8
20,308,2,1,1,1,1,1,1,0,0,0,0,0,0,8
20,212,2,1,1,1,1,1,1,0,0,0,0,0,0,8
20,340,2,1,1,1,1,1,1,0,0,0,0,0,0,8
20,404,2,1,1,1,1,1,1,0,0,0,0,0,0,8
21,21,0,1,1,1,1,1,1,0,0,0,0,0,0,27
21,20,1,1,1,1,1,1,1,0,0,0,0,0,13,27
21,23,1,1,1,1,1,1,1,0,0,0,0,0,0,27
21,17,1,1,1,1,1,1,1,0,0,0,0,0,13,27
21,29,1,1,1,1,1,1,1,0,0,0,0,0,0,27
21,5,1,0,0,1,0,0,0,0,0,0,0,0,5,27
21,53,1,1,1,1,1,1,1,0,0,0,0,0,0,27
21,85,1,1,1,1,1,1,1,0,0,0,0,0,0,27
21,149,1,1,1,1,1,1,1,0,0,0,0,0,0,27
21,277,1,1,1,1,1,1,1,0,0,0,0,0,0,27
21,22,2,1,1,1,1,1,1,0,0,0,0,0,13,27
21,16,2,1,1,1,1,1,1,0,0,0,0,0,18,27
21,28,2,1,1,1,1,1,1,0,0,0,0,0,13,27
21,4,2,0,0,1,0,0,0,0,0,0,0,0,18,27
21,52,2,1,1,1,1,1,1,0,0,0,0,0,13,27
21,84,2,1,1,1,1,1,1,0,0,0,0,0,13,27
21,148,2,1,1,1,1,1,1,0,0,0,0,0,13,27
21,276,2,1,1,1,1,1,1,0,0,0,0,0,13,27
21,19,2,1,1,1,1,1,1,0,0,0,0,0,13,27
21,31,2,1,1,1,1,1,1,0,0,0,0,0,0,27
21,7,2,0,0,1,0,0,0,0,0,0,0,0,5,27
21,55,2,1,1,1,1,1,1,0,0,0,0,0,0,27
21,87,2,1,1,1,1,1,1,0,0,0,0,0,0,27
21,151,2,1,1,1,1,1,1,0,0,0,0,0,0,27
21,279,2,1,1,1,1,1,1,0,0,0,0,0,0,27
21,25,2,1,1,1,1,1,1,0,0,0,0,0,13,27
21,1,2,0,0,1,0,0,0,0,0,0,0,0,18,27
21,49,2,1,1,1,1,1,1,0,0,0,0,0,13,27
21,81,2,1,1,1,1,1,1,0,0,0,0,0,13,27
21,145,2,1,1,1,1,1,1,0,0,0,0,0,13,27
21,273,2,1,1,1,1,1,1,0,0,0,0,0,13,27
21,13,2,0,0,1,0,0,0,0,0,0,0,0,5,27
21,61,2,1,1,1,1,1,1,0,0,0,0,0,0,27
21,93,2,1,1,1,1,1,1,0,0,0,0,0,0,27
21,157,2,1,1,1,1,1,1,0,0,0,0,0,0,27
21,285,2,1,1,1,1,1,1,0,0,0,0,0,0,27
21,37,2,0,0,1,0,0,0,0,0,0,0,0,5,27
21,69,2,0,0,1,0,0,0,0,0,0,0,0,5,27
21,133,2,1,0,1,0,0,0,0,0,0,0,0,5,27
21,261,2,0,0,1,0,0,0,0,0,0,0,0,5,27
21,117,2,1,1,1,1,1,1,0,0,0,0,0,0,27
21,181,2,1,1,1,1,1,1,0,0,0,0,0,0,27
21,309,2,1,1,1,1,1,1,0,0,0,0,0,0,27
21,213,2,1,1,1,1,1,1,0,0,0,0,0,0,27
21,341,2,1,1,1,1,1,1,0,0,0,0,0,0,27
21,405,2,1,1,1,1,1,1,0,0,0,0,0,0,27
22,22,0,1,1,1,1,1,1,0,0,0,0,0,0,15
22,23,1,1,1,1,1,1,1,0,0,0,0,0,0,15
22,20,1,1,1,1,1,1,1,0,0,0,0,0,4,15
22,18,1,1,1,1,1,1,1,0,0,0,0,0,4,15
22,30,1,1,1,1,1,1,1,0,0,0,0,0,0,15
22,6,1,0,0,1,0,0,0,0,0,0,0,0,4,15
22,54,1,1,1,1,1,1,1,0,0,0,0,0,0,15
22,86,1,1,1,1,1,1,1,0,0,0,0,0,0,15
22,150,1,1,1,1,1,1,1,0,0,0,0,0,0,15
22,278,1,1,1,1,1,1,1,0,0,0,0,0,0,15
22,21,2,1,1,1,1,1,1,0,0,0,0,0,4,15
22,19,2,1,1,1,1,1,1,0,0,0,0,0,4,15
22,31,2,1,1,1,1,1,1,0,0,0,0,0,0,15
22,7,2,0,0,1,0,0,0,0,0,0,0,0,4,15
22,55,2,1,1,1,1,1,1,0,0,0,0,0,0,15
22,87,2,1,1,1,1,1,1,0,0,0,0,0,0,15
22,151,2,1,1,1,1,1,1,0,0,0,0,0,0,15
22,279,2,1,1,1,1,1,1,0,0,0,0,0,0,15
22,16,2,1,1,1,1,1,1,0,0,0,0,0,8,15
22,28,2,1,1,1,1,1,1,0,0,0,0,0,4,15
22,4,2,0,0,1,0,0,0,0,0,0,0,0,8,15
22,52,2,1,1,1,1,1,1,0,0,0,0,0,4,15
22,84,2,1,1,1,1,1,1,0,0,0,0,0,4,15
22,148,2,1,1,1,1,1,1,0,0,0,0,0,4,15
22,276,2,1,1,1,1,1,1,0,0,0,0,0,4,15
22,26,2,1,1,1,1,1,1,0,0,0,0,0,4,15
22,2,2,0,0,1,0,0,0,0,0,0,0,0,8,15
22,50,2,1,1,1,1,1,1,0,0,0,0,0,4,15
22,82,2,1,1,1,1,1,1,0,0,0,0,0,4,15
22,146,2,1,1,1,1,1,1,0,0,0,0,0,4,15
22,274,2,1,1,1,1,1,1,0,0,0,0,0,4,15
22,14,2,0,0,1,0,0,0,0,0,0,0,0,4,15
22,62,2,1,1,1,1,1,1,0,0,0,0,0,0,15
22,94,2,1,1,1,1,1,1,0,0,0,0,0,0,15
22,158,2,1,1,1,1,1,1,0,0,0,0,0,0,15
22,286,2,1,1,1,1,1,1,0,0,0,0,0,0,15
22,38,2,0,0,1,0,0,0,0,0,0,0,0,4,15
22,70,2,0,0,1,0,0,0,0,0,0,0,0,4,15
22,134,2,1,0,1,0,0,0,0,0,0,0,0,4,15
22,262,2,0,0,1,0,0,0,0,0,0,0,0,4,15
22,118,2,1,1,1,1,1,1,0,0,0,0,0,0,15
22,182,2,1,1,1,1,1,1,0,0,0,0,0,0,15
22,310,2,1,1,1,1,1,1,0,0,0,0,0,0,15
22,214,2,1,1,1,1,1,1,0,0,0,0,0,0,15
22,342,2,1,1,1,1,1,1,0,0,0,0,0,0,15
22,406,2,1,1,1,1,1,1,0,0,0,0,0,0,15
23,23,0,1,1,1,1,1,1,0,0,0,0,0,0,28
23,22,1,1,1,1,1,1,1,0,0,0,0,0,13,28
23,21,1,1,1,1,1,1,1,0,0,0,0,0,5,28
23,19,1,1,1,1,1,1,1,0,0,0,0,0,13,28
23,31,1,1,1,1,1,1,1,0,0,0,0,0,0,28
23,7,1,0,0,1,0,0,0,0,0,0,0,0,5,28
23,55,1,1,1,1,1,1,1,0,0,0,0,0,0,28
23,87,1,1,1,1,1,1,1,0,0,0,0,0,0,28
23,151,1,1,1,1,1,1,1,0,0,0,0,0,0,28
23,279,1,1,1,1,1,1,1,0,0,0,0,0,0,28
23,20,2,1,1,1,1,1,1,0,0,0,0,0,14,28
23,18,2,1,1,1,1,1,1,0,0,0,0,0,18,28
23,30,2,1,1,1,1,1,1,0,0,0,0,0,13,28
23,6,2,0,0,1,0,0,0,0,0,0,0,0,18,28
23,54,2,1,1,1,1,1,1,0,0,0,0,0,13,28
23,86,2,1,1,1,1,1,1,0,0,0,0,0,13,28
23,150,2,1,1,1,1,1,1,0,0,0,0,0,13,28
23,278,2,1,1,1,1,1,1,0,0,0,0,0,13,28
23,17,2,1,1,1,1,1,1,0,0,0,0,0,14,28
23,29,2,1,1,1,1,1,1,0,0,0,0,0,5,28
23,5,2,0,0,1,0,0,0,0,0,0,0,0,10,28
23,53,2,1,1,1,1,1,1,0,0,0,0,0,5,28
23,85,2,1,1,1,1,1,1,0,0,0,0,0,5,28
23,149,2,1,1,1,1,1,1,0,0,0,0,0,5,28
23,277,2,1,1,1,1,1,1,0,0,0,0,0,5,28
23,27,2,1,1,1,1,1,1,0,0,0,0,0,13,28
23,3,2,0,0,1,0,0,0,0,0,0,0,0,18,28
23,51,2,1,1,1,1,1,1,0,0,0,0,0,13,28
23,83,2,1,1,1,1,1,1,0,0,0,0,0,13,28
23,147,2,1,1,1,1,1,1,0,0,0,0,0,13,28
23,275,2,1,1,1,1,1,1,0,0,0,0,0,13,28
23,15,2,0,0,1,0,0,0,0,0,0,0,0,5,28
23,63,2,1,1,1,1,1,1,0,0,0,0,0,0,28
23,95,2,1,1,1,1,1,1,0,0,0,0,0,0,28
23,159,2,1,1,1,1,1,1,0,0,0,0,0,0,28
23,287,2,1,1,1,1,1,1,0,0,0,0,0,0,28
23,39,2,0,0,1,0,0,0,0,0,0,0,0,5,28
23,71,2,0,0,1,0,0,0,0,0,0,0,0,5,28
23,135,2,1,0,1,0,0,0,0,0,0,0,0,5,28
23,263,2,0,0,1,0,0,0,0,0,0,0,0,5,28
23,119,2,1,1,1,1,1,1,0,0,0,0,0,0,28
23,183,2,1,1,1,1,1,1,0,0,0,0,0,0,28
23,311,2,1,1,1,1,1,1,0,0,0,0,0,0,28
23,215,2,1,1,1,1,1,1,0,0,0,0,0,0,28
23,343,2,1,1,1,1,1,1,0,0,0,0,0,0,28
23,407,2,1,1,1,1,1,1,0,0,0,0,0,0,28
24,24,0,1,1,1,1,1,1,0,0,0,0,0,0,8
24,25,1,1,1,1,1,1,1,0,0,0,0,0,0,8
24,26,1,1,1,1,1,1,1,0,0,0,0,0,0,8
24,28,1,1,1,1,1,1,1,0,0,0,0,0,0,8
24,16,1,1,1,1,1,1,1,0,0,0,0,0,3,8
24,8,1,0,0,1,0,0,0,0,0,0,0,0,3,8
24,56,1,1,1,1,1,1,1,0,0,0,0,0,0,8
24,88,1,1,1,1,1,1,1,0,0,0,0,0,0,8
24,152,1,1,1,1,1,1,1,0,0,0,0,0,0,8
24,280,1,1,1,1,1,1,1,0,0,0,0,0,0,8
24,27,2,1,1,1,1,1,1,0,0,0,0,0,0,8
24,29,2,1,1,1,1,1,1,0,0,0,0,0,0,8
24,17,2,1,1,1,1,1,1,0,0,0,0,0,3,8
24,9,2,0,0,1,0,0,0,0,0,0,0,0,3,8
24,57,2,1,1,1,1,1,1,0,0,0,0,0,0,8
24,89,2,1,1,1,1,1,1,0,0,0,0,0,0,8
24,153,2,1,1,1,1,1,1,0,0,0,0,0,0,8
24,281,2,1,1,1,1,1,1,0,0,0,0,0,0,8
24,30,2,1,1,1,1,1,1,0,0,0,0,0,0,8
24,18,2,1,1,1,1,1,1,0,0,0,0,0,3,8
24,10,2,0,0,1,0,0,0,0,0,0,0,0,3,8
24,58,2,1,1,1,1,1,1,0,0,0,0,0,0,8
24,90,2,1,1,1,1,1,1,0,0,0,0,0,0,8
24,154,2,1,1,1,1,1,1,0,0,0,0,0,0,8
24,282,2,1,1,1,1,1,1,0,0,0,0,0,0,8
24,20,2,1,1,1,1,1,1,0,0,0,0,0,3,8
24,12,2,0,0,1,0,0,0,0,0,0,0,0,3,8
24,60,2,1,1,1,1,1,1,0,0,0,0,0,0,8
24,92,2,1,1,1,1,1,1,0,0,0,0,0,0,8
24,156,2,1,1,1,1,1,1,0,0,0,0,0,0,8
24,284,2,1,1,1,1,1,1,0,0,0,0,0,0,8
24,0,2,0,0,1,0,0,0,0,0,0,0,0,6,8
24,48,2,1,1,1,1,1,1,0,0,0,0,0,3,8
24,80,2,1,1,1,1,1,1,0,0,0,0,0,3,8
24,144,2,1,1,1,1,1,1,0,0,0,0,0,3,8
24,272,2,1,1,1,1,1,1,0,0,0,0,0,3,8
24,40,2,1,0,1,0,0,0,0,0,0,0,0,3,8
24,72,2,0,0,1,0,0,0,0,0,0,0,0,3,8
24,136,2,0,0,1,0,0,0,0,0,0,0,0,3,8
24,264,2,0,0,1,0,0,0,0,0,0,0,0,3,8
24,120,2,1,1,1,1,1,1,0,0,0,0,0,0,8
24,184,2,1,1,1,1,1,1,0,0,0,0,0,0,8
24,312,2,1,1,1,1,1,1,0,0,0,0,0,0,8
24,216,2,1,1,1,1,1,1,0,0,0,0,0,0,8
24,344,2,1,1,1,1,1,1,0,0,0,0,0,0,8
24,408,2,1,1,1,1,1,1,0,0,0,0,0,0,8
25,25,0,1,1,1,1,1,1,0,0,0,0,0,0,15
25,24,1,1,1,1,1,1,1,0,0,0,0,0,4,15
25,27,1,1,1,1,1,1,1,0,0,0,0,0,0,15
25,29,1,1,1,1,1,1,1,0,0,0,0,0,0,15
25,17,1,1,1,1,1,1,1,0,0,0,0,0,4,15
25,9,1,0,0,1,0,0,0,0,0,0,0,0,4,15
25,57,1,1,1,1,1,1,1,0,0,0,0,0,0,15
25,89,1,1,1,1,1,1,1,0,0,0,0,0,0,15
25,153,1,1,1,1,1,1,1,0,0,0,0,0,0,15
25,281,1,1,1,1,1,1,1,0,0,0,0,0,0,15
25,26,2,1,1,1,1,1,1,0,0,0,0,0,4,15
25,28,2,1,1,1,1,1,1,0,0,0,0,0,4,15
25,16,2,1,1,1,1,1,1,0,0,0,0,0,8,15
25,8,2,0,0,1,0,0,0,0,0,0,0,0,8,15
25,56,2,1,1,1,1,1,1,0,0,0,0,0,4,15
25,88,2,1,1,1,1,1,1,0,0,0,0,0,4,15
25,152,2,1,1,1,1,1,1,0,0,0,0,0,4,15
25,280,2,1,1,1,1,1,1,0,0,0,0,0,4,15
25,31,2,1,1,1,1,1,1,0,0,0,0,0,0,15
25,19,2,1,1,1,1,1,1,0,0,0,0,0,4,15
25,11,2,0,0,1,0,0,0,0,0,0,0,0,4,15
25,59,2,1,1,1,1,1,1,0,0,0,0,0,0,15
25,91,2,1,1,1,1,1,1,0,0,0,0,0,0,15
25,155,2,1,1,1,1,1,1,0,0,0,0,0,0,15
25,283,2,1,1,1,1,1,1,0,0,0,0,0,0,15
25,21,2,1,1,1,1,1,1,0,0,0,0,0,4,15
25,13,2,0,0,1,0,0,0,0,0,0,0,0,4,15
25,61,2,1,1,1,1,1,1,0,0,0,0,0,0,15
25,93,2,1,1,1,1,1,1,0,0,0,0,0,0,15
25,157,2,1,1,1,1,1,1,0,0,0,0,0,0,15
25,285,2,1,1,1,1,1,1,0,0,0,0,0,0,15
25,1,2,0,0,1,0,0,0,0,0,0,0,0,8,15
25,49,2,1,1,1,1,1,1,0,0,0,0,0,4,15
25,81,2,1,1,1,1,1,1,0,0,0,0,0,4,15
25,145,2,1,1,1,1,1,1,0,0,0,0,0,4,15
25,273,2,1,1,1,1,1,1,0,0,0,0,0,4,15
25,41,2,1,0,1,0,0,0,0,0,0,0,0,4,15
25,73,2,0,0,1,0,0,0,0,0,0,0,0,4,15
25,137,2,0,0,1,0,0,0,0,0,0,0,0,4,15
25,265,2,0,0,1,0,0,0,0,0,0,0,0,4,15
25,121,2,1,1,1,1,1,1,0,0,0,0,0,0,15
25,185,2,1,1,1,1,1,1,0,0,0,0,0,0,15
25,313,2,1,1,1,1,1,1,0,0,0,0,0,0,15
25,217,2,1,1,1,1,1,1,0,0,0,0,0,0,15
25,345,2,1,1,1,1,1,1,0,0,0,0,0,0,15
25,409,2,1,1,1,1,1,1,0,0,0,0,0,0,15
26,26,0,1,1,1,1,1,1,0,0,0,0,0,0,15
26,27,1,1,1,1,1,1,1,0,0,0,0,0,0,15
26,24,1,1,1,1,1,1,1,0,0,0,0,0,4,15
26,30,1,1,1,1,1,1,1,0,0,0,0,0,0,15
26,18,1,1,1,1,1,1,1,0,0,0,0,0,4,15
26,10,1,0,0,1,0,0,0,0,0,0,0,0,4,15
26,58,1,1,1,1,1,1,1,0,0,0,0,0,0,15
26,90,1,1,1,1,1,1,1,0,0,0,0,0,0,15
26,154,1,1,1,1,1,1,1,0,0,0,0,0,0,15
26,282,1,1,1,1,1,1,1,0,0,0,0,0,0,15
26,25,2,1,1,1,1,1,1,0,0,0,0,0,4,15
26,31,2,1,1,1,1,1,1,0,0,0,0,0,0,15
26,19,2,1,1,1,1,1,1,0,0,0,0,0,4,15
26,11,2,0,0,1,0,0,0,0,0,0,0,0,4,15
26,59,2,1,1,1,1,1,1,0,0,0,0,0,0,15
26,91,2,1,1,1,1,1,1,0,0,0,0,0,0,15
26,155,2,1,1,1,1,1,1,0,0,0,0,0,0,15
26,283,2,1,1,1,1,1,1,0,0,0,0,0,0,15
26,28,2,1,1,1,1,1,1,0,0,0,0,0,4,15
26,16,2,1,1,1,1,1,1,0,0,0,0,0,8,15
26,8,2,0,0,1,0,0,0,0,0,0,0,0,8,15
26,56,2,1,1,1,1,1,1,0,0,0,0,0,4,15
26,88,2,1,1,1,1,1,1,0,0,0,0,0,4,15
26,152,2,1,1,1,1,1,1,0,0,0,0,0,4,15
26,280,2,1,1,1,1,1,1,0,0,0,0,0,4,15
26,22,2,1,1,1,1,1,1,0,0,0,0,0,4,15
26,14,2,0,0,1,0,0,0,0,0,0,0,0,4,15
26,62,2,1,1,1,1,1,1,0,0,0,0,0,0,15
26,94,2,1,1,1,1,1,1,0,0,0,0,0,0,15
26,158,2,1,1,1,1,1,1,0,0,0,0,0,0,15
26,286,2,1,1,1,1,1,1,0,0,0,0,0,0,15
26,2,2,0,0,1,0,0,0,0,0,0,0,0,8,15
26,50,2,1,1,1,1,1,1,0,0,0,0,0,4,15
26,82,2,1,1,1,1,1,1,0,0,0,0,0,4,15
26,146,2,1,1,1,1,1,1,0,0,0,0,0,4,15
26,274,2,1,1,1,1,1,1,0,0,0,0,0,4,15
26,42,2,1,0,1,0,0,0,0,0,0,0,0,4,15
26,74,2,0,0,1,0,0,0,0,0,0,0,0,4,15
26,138,2,1,0,1,0,0,0,0,0,0,0,0,4,15
26,266,2,1,0,1,0,0,0,0,0,0,0,0,4,15
26,122,2,1,1,1,1,1,1,0,0,0,0,0,0,15
26,186,2,1,1,1,1,1,1,0,0,0,0,0,0,15
26,314,2,1,1,1,1,1,1,0,0,0,0,0,0,15
26,218,2,1,1,1,1,1,1,0,0,0,0,0,0,15
26,346,2,1,1,1,1,1,1,0,0,0,0,0,0,15
26,410,2,1,1,1,1,1,1,0,0,0,0,0,0,15
27,27,0,1,1,1,1,1,1,0,0,0,0,0,0,24
27,26,1,1,1,1,1,1,1,0,0,0,0,0,5,24
27,25,1,1,1,1,1,1,1,0,0,0,0,0,5,24
27,31,1,1,1,1,1,1,1,0,0,0,0,0,0,24
27,19,1,1,1,1,1,1,1,0,0,0,0,0,5,24
27,11,1,0,0,1,0,0,0,0,0,0,0,0,5,24
27,59,1,1,1,1,1,1,1,0,0,0,0,0,0,24
27,91,1,1,1,1,1,1,1,0,0,0,0,0,0,24
27,155,1,1,1,1,1,1,1,0,0,0,0,0,0,24
27,283,1,1,1,1,1,1,1,0,0,0,0,0,0,24
27,24,2,1,1,1,1,1,1,0,0,0,0,0,10,24
27,30,2,1,1,1,1,1,1,0,0,0,0,0,5,24
27,18,2,1,1,1,1,1,1,0,0,0,0,0,10,24
27,10,2,0,0,1,0,0,0,0,0,0,0,0,10,24
27,58,2,1,1,1,1,1,1,0,0,0,0,0,5,24
27,90,2,1,1,1,1,1,1,0,0,0,0,0,5,24
27,154,2,1,1,1,1,1,1,0,0,0,0,0,5,24
27,282,2,1,1,1,1,1,1,0,0,0,0,0,5,24
27,29,2,1,1,1,1,1,1,0,0,0,0,0,5,24
27,17,2,1,1,1,1,1,1,0,0,0,0,0,10,24
27,9,2,0,0,1,0,0,0,0,0,0,0,0,10,24
27,57,2,1,1,1,1,1,1,0,0,0,0,0,5,24
27,89,2,1,1,1,1,1,1,0,0,0,0,0,5,24
27,153,2,1,1,1,1,1,1,0,0,0,0,0,5,24
27,281,2,1,1,1,1,1,1,0,0,0,0,0,5,24
27,23,2,1,1,1,1,1,1,0,0,0,0,0,5,24
27,15,2,0,0,1,0,0,0,0,0,0,0,0,5,24
27,63,2,1,1,1,1,1,1,0,0,0,0,0,0,24
27,95,2,1,1,1,1,1,1,0,0,0,0,0,0,24
27,159,2,1,1,1,1,1,1,0,0,0,0,0,0,24
27,287,2,1,1,1,1,1,1,0,0,0,0,0,0,24
27,3,2,0,0,1,0,0,0,0,0,0,0,0,10,24
27,51,2,1,1,1,1,1,1,0,0,0,0,0,5,24
27,83,2,1,1,1,1,1,1,0,0,0,0,0,5,24
27,147,2,1,1,1,1,1,1,0,0,0,0,0,5,24
27,275,2,1,1,1,1,1,1,0,0,0,0,0,5,24
27,43,2,1,0,1,0,0,0,0,0,0,0,0,5,24
27,75,2,0,0,1,0,0,0,0,0,0,0,0,5,24
27,139,2,1,0,1,0,0,0,0,0,0,0,0,5,24
27,267,2,1,0,1,0,0,0,0,0,0,0,0,5,24
27,123,2,1,1,1,1,1,1,0,0,0,0,0,0,24
27,187,2,1,1,1,1,1,1,0,0,0,0,0,0,24
27,315,2,1,1,1,1,1,1,0,0,0,0,0,0,24
27,219,2,1,1,1,1,1,1,0,0,0,0,0,0,24
27,347,2,1,1,1,1,1,1,0,0,0,0,0,0,24
27,411,2,1,1,1,1,1,1,0,0,0,0,0,0,24
28,28,0,1,1,1,1,1,1,0,0,0,0,0,0,27
28,29,1,1,1,1,1,1,1,0,0,0,0,0,0,27
28,30,1,1,1,1,1,1,1,0,0,0,0,0,0,27
28,24,1,1,1,1,1,1,1,0,0,0,0,0,13,27
28,20,1,1,1,1,1,1,1,0,0,0,0,0,13,27
28,12,1,0,0,1,0,0,0,0,0,0,0,0,5,27
28,60,1,1,1,1,1,1,1,0,0,0,0,0,0,27
28,92,1,1,1,1,1,1,1,0,0,0,0,0,0,27
28,156,1,1,1,1,1,1,1,0,0,0,0,0,0,27
28,284,1,1,1,1,1,1,1,0,0,0,0,0,0,27
28,31,2,1,1,1,1,1,1,0,0,0,0,0,0,27
28,25,2,1,1,1,1,1,1,0,0,0,0,0,13,27
28,21,2,1,1,1,1,1,1,0,0,0,0,0,13,27
28,13,2,0,0,1,0,0,0,0,0,0,0,0,5,27
28,61,2,1,1,1,1,1,1,0,0,0,0,0,0,27
28,93,2,1,1,1,1,1,1,0,0,0,0,0,0,27
28,157,2,1,1,1,1,1,1,0,0,0,0,0,0,27
28,285,2,1,1,1,1,1,1,0,0,0,0,0,0,27
28,26,2,1,1,1,1,1,1,0,0,0,0,0,13,27
28,22,2,1,1,1,1,1,1,0,0,0,0,0,13,27
28,14,2,0,0,1,0,0,0,0,0,0,0,0,5,27
28,62,2,1,1,1,1,1,1,0,0,0,0,0,0,27
28,94,2,1,1,1,1,1,1,0,0,0,0,0,0,27
28,158,2,1,1,1,1,1,1,0,0,0,0,0,0,27
28,286,2,1,1,1,1,1,1,0,0,0,0,0,0,27
28,16,2,1,1,1,1,1,1,0,0,0,0,0,18,27
28,8,2,0,0,1,0,0,0,0,0,0,0,0,18,27
28,56,2,1,1,1,1,1,1,0,0,0,0,0,13,27
28,88,2,1,1,1,1,1,1,0,0,0,0,0,13,27
28,152,2,1,1,1,1,1,1,0,0,0,0,0,13,27
28,280,2,1,1,1,1,1,1,0,0,0,0,0,13,27
28,4,2,0,0,1,0,0,0,0,0,0,0,0,18,27
28,52,2,1,1,1,1,1,1,0,0,0,0,0,13,27
28,84,2,1,1,1,1,1,1,0,0,0,0,0,13,27
28,148,2,1,1,1,1,1,1,0,0,0,0,0,13,27
28,276,2,1,1,1,1,1,1,0,0,0,0,0,13,27
28,44,2,1,0,1,0,0,0,0,0,0,0,0,5,27
28,76,2,0,0,1,0,0,0,0,0,0,0,0,5,27
28,140,2,1,0,1,0,0,0,0,0,0,0,0,5,27
28,268,2,1,0,1,0,0,0,0,0,0,0,0,5,27
28,124,2,1,1,1,1,1,1,0,0,0,0,0,0,27
28,188,2,1,1,1,1,1,1,0,0,0,0,0,0,27
28,316,2,1,1,1,1,1,1,0,0,0,0,0,0,27
28,220,2,1,1,1,1,1,1,0,0,0,0,0,0,27
28,348,2,1,1,1,1,1,1,0,0,0,0,0,0,27
28,412,2,1,1,1,1,1,1,0,0,0,0,0,0,27
29,29,0,1,1,1,1,1,1,0,0,0,0,0,0,44
29,28,1,1,1,1,1,1,1,0,0,0,0,0,16,44
29,31,1,1,1,1,1,1,1,0,0,0,0,0,0,44
29,25,1,1,1,1,1,1,1,0,0,0,0,0,21,44
29,21,1,1,1,1,1,1,1,0,0,0,0,0,16,44
29,13,1,0,0,1,0,0,0,0,0,0,0,0,6,44
29,61,1,1,1,1,1,1,1,0,0,0,0,0,0,44
29,93,1,1,1,1,1,1,1,0,0,0,0,0,0,44
29,157,1,1,1,1,1,1,1,0,0,0,0,0,0,44
29,285,1,1,1,1,1,1,1,0,0,0,0,0,0,44
29,30,2,1,1,1,1,1,1,0,0,0,0,0,16,44
29,24,2,1,1,1,1,1,1,0,0,0,0,0,27,44
29,20,2,1,1,1,1,1,1,0,0,0,0,0,27,44
29,12,2,0,0,1,0,0,0,0,0,0,0,0,22,44
29,60,2,1,1,1,1,1,1,0,0,0,0,0,16,44
29,92,2,1,1,1,1,1,1,0,0,0,0,0,16,44
29,156,2,1,1,1,1,1,1,0,0,0,0,0,16,44
29,284,2,1,1,1,1,1,1,0,0,0,0,0,16,44
29,27,2,1,1,1,1,1,1,0,0,0,0,0,21,44
29,23,2,1,1,1,1,1,1,0,0,0,0,0,16,44
29,15,2,0,0,1,0,0,0,0,0,0,0,0,6,44
29,63,2,1,1,1,1,1,1,0,0,0,0,0,0,44
29,95,2,1,1,1,1,1,1,0,0,0,0,0,0,44
29,159,2,1,1,1,1,1,1,0,0,0,0,0,0,44
29,287,2,1,1,1,1,1,1,0,0,0,0,0,0,44
29,17,2,1,1,1,1,1,1,0,0,0,0,0,27,44
29,9,2,0,0,1,0,0,0,0,0,0,0,0,27,44
29,57,2,1,1,1,1,1,1,0,0,0,0,0,21,44
29,89,2,1,1,1,1,1,1,0,0,0,0,0,21,44
29,153,2,1,1,1,1,1,1,0,0,0,0,0,21,44
29,281,2,1,1,1,1,1,1,0,0,0,0,0,21,44
29,5,2,0,0,1,0,0,0,0,0,0,0,0,22,44
29,53,2,1,1,1,1,1,1,0,0,0,0,0,16,44
29,85,2,1,1,1,1,1,1,0,0,0,0,0,16,44
29,149,2,1,1,1,1,1,1,0,0,0,0,0,16,44
29,277,2,1,1,1,1,1,1,0,0,0,0,0,16,44
29,45,2,1,0,1,0,0,0,0,0,0,0,0,6,44
29,77,2,0,0,1,0,0,0,0,0,0,0,0,6,44
29,141,2,1,0,1,0,0,0,0,0,0,0,0,6,44
29,269,2,1,0,1,0,0,0,0,0,0,0,0,6,44
29,125,2,1,1,1,1,1,1,0,0,0,0,0,0,44
29,189,2,1,1,1,1,1,1,0,0,0,0,0,0,44
29,317,2,1,1,1,1,1,1,0,0,0,0,0,0,44
29,221,2,1,1,1,1,1,1,0,0,0,0,0,0,44
29,349,2,1,1,1,1,1,1,0,0,0,0,0,0,44
29,413,2,1,1,1,1,1,1,0,0,0,0,0,0,44
30,30,0,1,1,1,1,1,1,0,0,0,0,0,0,28
30,31,1,1,1,1,1,1,1,0,0,0,0,0,0,28
30,28,1,1,1,1,1,1,1,0,0,0,0,0,5,28
30,26,1,1,1,1,1,1,1,0,0,0,0,0,13,28
30,22,1,1,1,1,1,1,1,0,0,0,0,0,13,28
30,14,1,0,0,1,0,0,0,0,0,0,0,0,5,28
30,62,1,1,1,1,1,1,1,0,0,0,0,0,0,28
30,94,1,1,1,1,1,1,1,0,0,0,0,0,0,28
30,158,1,1,1,1,1,1,1,0,0,0,0,0,0,28
30,286,1,1,1,1,1,1,1,0,0,0,0,0,0,28
30,29,2,1,1,1,1,1,1,0,0,0,0,0,5,28
30,27,2,1,1,1,1,1,1,0,0,0,0,0,13,28
30,23,2,1,1,1,1,1,1,0,0,0,0,0,13,28
30,15,2,0,0,1,0,0,0,0,0,0,0,0,5,28
30,63,2,1,1,1,1,1,1,0,0,0,0,0,0,28
30,95,2,1,1,1,1,1,1,0,0,0,0,0,0,28
30,159,2,1,1,1,1,1,1,0,0,0,0,0,0,28
30,287,2,1,1,1,1,1,1,0,0,0,0,0,0,28
30,24,2,1,1,1,1,1,1,0,0,0,0,0,14,28
30,20,2,1,1,1,1,1,1,0,0,0,0,0,14,28
30,12,2,0,0,1,0,0,0,0,0,0,0,0,10,28
30,60,2,1,1,1,1,1,1,0,0,0,0,0,5,28
30,92,2,1,1,1,1,1,1,0,0,0,0,0,5,28
30,156,2,1,1,1,1,1,1,0,0,0,0,0,5,28
30,284,2,1,1,1,1,1,1,0,0,0,0,0,5,28
30,18,2,1,1,1,1,1,1,0,0,0,0,0,18,28
30,10,2,0,0,1,0,0,0,0,0,0,0,0,18,28
30,58,2,1,1,1,1,1,1,0,0,0,0,0,13,28
30,90,2,1,1,1,1,1,1,0,0,0,0,0,13,28
30,154,2,1,1,1,1,1,1,0,0,0,0,0,13,28
30,282,2,1,1,1,1,1,1,0,0,0,0,0,13,28
30,6,2,0,0,1,0,0,0,0,0,0,0,0,18,28
30,54,2,1,1,1,1,1,1,0,0,0,0,0,13,28
30,86,2,1,1,1,1,1,1,0,0,0,0,0,13,28
30,150,2,1,1,1,1,1,1,0,0,0,0,0,13,28
30,278,2,1,1,1,1,1,1,0,0,0,0,0,13,28
30,46,2,1,0,1,0,0,0,0,0,0,0,0,5,28
30,78,2,0,0,1,0,0,0,0,0,0,0,0,5,28
30,142,2,1,0,1,0,0,0,0,0,0,0,0,5,28
30,270,2,1,0,1,0,0,0,0,0,0,0,0,5,28
30,126,2,1,1,1,1,1,1,0,0,0,0,0,0,28
30,190,2,1,1,1,1,1,1,0,0,0,0,0,0,28
30,318,2,1,1,1,1,1,1,0,0,0,0,0,0,28
30,222,2,1,1,1,1,1,1,0,0,0,0,0,0,28
30,350,2,1,1,1,1,1,1,0,0,0,0,0,0,28
30,414,2,1,1,1,1,1,1,0,0,0,0,0,0,28
31,31,0,1,1,1,1,1,1,0,0,0,0,0,0,45
31,30,1,1,1,1,1,1,1,0,0,0,0,0,16,45
31,29,1,1,1,1,1,1,1,0,0,0,0,0,6,45
31,27,1,1,1,1,1,1,1,0,0,0,0,0,21,45
31,23,1,1,1,1,1,1,1,0,0,0,0,0,16,45
31,15,1,0,0,1,0,0,0,0,0,0,0,0,6,45
31,63,1,1,1,1,1,1,1,0,0,0,0,0,0,45
31,95,1,1,1,1,1,1,1,0,0,0,0,0,0,45
31,159,1,1,1,1,1,1,1,0,0,0,0,0,0,45
31,287,1,1,1,1,1,1,1,0,0,0,0,0,0,45
31,28,2,1,1,1,1,1,1,0,0,0,0,0,17,45
31,26,2,1,1,1,1,1,1,0,0,0,0,0,27,45
31,22,2,1,1,1,1,1,1,0,0,0,0,0,27,45
31,14,2,0,0,1,0,0,0,0,0,0,0,0,22,45
31,62,2,1,1,1,1,1,1,0,0,0,0,0,16,45
31,94,2,1,1,1,1,1,1,0,0,0,0,0,16,45
31,158,2,1,1,1,1,1,1,0,0,0,0,0,16,45
31,286,2,1,1,1,1,1,1,0,0,0,0,0,16,45
31,25,2,1,1,1,1,1,1,0,0,0,0,0,22,45
31,21,2,1,1,1,1,1,1,0,0,0,0,0,17,45
31,13,2,0,0,1,0,0,0,0,0,0,0,0,12,45
31,61,2,1,1,1,1,1,1,0,0,0,0,0,6,45
31,93,2,1,1,1,1,1,1,0,0,0,0,0,6,45
31,157,2,1,1,1,1,1,1,0,0,0,0,0,6,45
31,285,2,1,1,1,1,1,1,0,0,0,0,0,6,45
31,19,2,1,1,1,1,1,1,0,0,0,0,0,27,45
31,11,2,0,0,1,0,0,0,0,0,0,0,0,27,45
31,59,2,1,1,1,1,1,1,0,0,0,0,0,21,45
31,91,2,1,1,1,1,1,1,0,0,0,0,0,21,45
31,155,2,1,1,1,1,1,1,0,0,0,0,0,21,45
31,283,2,1,1,1,1,1,1,0,0,0,0,0,21,45
31,7,2,0,0,1,0,0,0,0,0,0,0,0,22,45
31,55,2,1,1,1,1,1,1,0,0,0,0,0,16,45
31,87,2,1,1,1,1,1,1,0,0,0,0,0,16,45
31,151,2,1,1,1,1,1,1,0,0,0,0,0,16,45
31,279,2,1,1,1,1,1,1,0,0,0,0,0,16,45
31,47,2,1,0,1,0,0,0,0,0,0,0,0,6,45
31,79,2,0,0,1,0,0,0,0,0,0,0,0,6,45
31,143,2,1,0,1,0,0,0,0,0,0,0,0,6,45
31,271,2,1,0,1,0,0,0,0,0,0,0,0,6,45
31,127,2,1,1,1,1,1,1,0,0,0,0,0,0,45
31,191,2,1,1,1,1,1,1,0,0,0,0,0,0,45
31,319,2,1,1,1,1,1,1,0,0,0,0,0,0,45
31,223,2,1,1,1,1,1,1,0,0,0,0,0,0,45
31,351,2,1,1,1,1,1,1,0,0,0,0,0,0,45
31,415,2,1,1,1,1,1,1,0,0,0,0,0,0,45
40,40,0,1,1,1,1,1,1,0,0,0,0,0,0,17
40,41,1,1,1,1,1,1,1,0,0,0,0,0,0,17
40,42,1,1,1,1,1,1,1,0,0,0,0,0,0,17
40,44,1,1,1,1,1,1,1,0,0,0,0,0,0,17
40,32,1,0,0,1,0,0,0,0,0,0,0,0,10,17
40,56,1,1,1,1,1,1,1,0,0,0,0,0,0,17
40,8,1,0,0,1,0,0,0,0,0,0,0,0,10,17
40,104,1,1,1,1,1,1,1,0,0,0,0,0,0,17
40,168,1,1,1,1,1,1,1,0,0,0,0,0,0,17
40,296,1,1,1,1,1,1,1,0,0,0,0,0,0,17
40,43,2,1,1,1,1,1,1,0,0,0,0,0,0,17
40,45,2,1,1,1,1,1,1,0,0,0,0,0,0,17
40,33,2,0,0,1,0,0,0,0,0,0,0,0,10,17
40,57,2,1,1,1,1,1,1,0,0,0,0,0,0,17
40,9,2,0,0,1,0,0,0,0,0,0,0,0,10,17
40,105,2,1,1,1,1,1,1,0,0,0,0,0,0,17
40,169,2,1,1,1,1,1,1,0,0,0,0,0,0,17
40,297,2,1,1,1,1,1,1,0,0,0,0,0,0,17
40,46,2,1,1,1,1,1,1,0,0,0,0,0,0,17
40,34,2,0,0,1,0,0,0,0,0,0,0,0,10,17
40,58,2,1,1,1,1,1,1,0,0,0,0,0,0,17
40,10,2,0,0,1,0,0,0,0,0,0,0,0,10,17
40,106,2,1,1,1,1,1,1,0,0,0,0,0,0,17
40,170,2,1,1,1,1,1,1,0,0,0,0,0,0,17
40,298,2,1,1,1,1,1,1,0,0,0,0,0,0,17
40,36,2,0,0,1,0,0,0,0,0,0,0,0,10,17
40,60,2,1,1,1,1,1,1,0,0,0,0,0,0,17
40,12,2,0,0,1,0,0,0,0,0,0,0,0,10,17
40,108,2,1,1,1,1,1,1,0,0,0,0,0,0,17
40,172,2,1,1,1,1,1,1,0,0,0,0,0,0,17
40,300,2,1,1,1,1,1,1,0,0,0,0,0,0,17
40,48,2,1,0,1,0,0,0,0,0,0,0,0,10,17
40,0,2,0,0,1,0,0,0,0,0,0,0,0,14,17
40,96,2,0,0,1,0,0,0,0,0,0,0,0,10,17
40,160,2,0,0,1,0,0,0,0,0,0,0,0,10,17
40,288,2,0,0,1,0,0,0,0,0,0,0,0,10,17
40,24,2,1,0,1,0,0,0,0,0,0,0,0,10,17
40,120,2,1,1,1,1,1,1,0,0,0,0,0,0,17
40,184,2,1,1,1,1,1,1,0,0,0,0,0,0,17
40,312,2,1,1,1,1,1,1,0,0,0,0,0,0,17
40,72,2,0,0,1,0,0,0,0,0,0,0,0,10,17
40,136,2,0,0,1,0,0,0,0,0,0,0,0,10,17
40,264,2,0,0,1,0,0,0,0,0,0,0,0,10,17
40,232,2,1,1,1,1,1,1,0,0,0,0,0,0,17
40,360,2,1,1,1,1,1,1,0,0,0,0,0,0,17
40,424,2,1,1,1,1,1,1,0,0,0,0,0,0,17
41,41,0,1,1,1,1,1,1,0,0,0,0,0,0,43
41,40,1,1,1,1,1,1,1,0,0,0,0,0,16,43
41,43,1,1,1,1,1,1,1,0,0,0,0,0,0,43
41,45,1,1,1,1,1,1,1,0,0,0,0,0,0,43
41,33,1,0,0,1,0,0,0,0,0,0,0,0,16,43
41,57,1,1,1,1,1,1,1,0,0,0,0,0,0,43
41,9,1,0,0,1,0,0,0,0,0,0,0,0,26,43
41,105,1,1,1,1,1,1,1,0,0,0,0,0,0,43
41,169,1,1,1,1,1,1,1,0,0,0,0,0,0,43
41,297,1,1,1,1,1,1,1,0,0,0,0,0,0,43
41,42,2,1,1,1,1,1,1,0,0,0,0,0,16,43
41,44,2,1,1,1,1,1,1,0,0,0,0,0,16,43
41,32,2,0,0,1,0,0,0,0,0,0,0,0,32,43
41,56,2,1,1,1,1,1,1,0,0,0,0,0,16,43
41,8,2,0,0,1,0,0,0,0,0,0,0,0,32,43
41,104,2,1,1,1,1,1,1,0,0,0,0,0,16,43
41,168,2,1,1,1,1,1,1,0,0,0,0,0,16,43
41,296,2,1,1,1,1,1,1,0,0,0,0,0,16,43
41,47,2,1,1,1,1,1,1,0,0,0,0,0,0,43
41,35,2,0,0,1,0,0,0,0,0,0,0,0,16,43
41,59,2,1,1,1,1,1,1,0,0,0,0,0,0,43
41,11,2,0,0,1,0,0,0,0,0,0,0,0,26,43
41,107,2,1,1,1,1,1,1,0,0,0,0,0,0,43
41,171,2,1,1,1,1,1,1,0,0,0,0,0,0,43
41,299,2,1,1,1,1,1,1,0,0,0,0,0,0,43
41,37,2,0,0,1,0,0,0,0,0,0,0,0,16,43
41,61,2,1,1,1,1,1,1,0,0,0,0,0,0,43
41,13,2,0,0,1,0,0,0,0,0,0,0,0,26,43
41,109,2,1,1,1,1,1,1,0,0,0,0,0,0,43
41,173,2,1,1,1,1,1,1,0,0,0,0,0,0,43
41,301,2,1,1,1,1,1,1,0,0,0,0,0,0,43
41,49,2,1,0,1,0,0,0,0,0,0,0,0,16,43
41,1,2,0,0,1,0,0,0,0,0,0,0,0,32,43
41,97,2,1,0,1,0,0,0,0,0,0,0,0,16,43
41,161,2,1,0,1,0,0,0,0,0,0,0,0,16,43
41,289,2,0,0,1,0,0,0,0,0,0,0,0,16,43
41,25,2,1,0,1,0,0,0,0,0,0,0,0,26,43
41,121,2,1,1,1,1,1,1,0,0,0,0,0,0,43
41,185,2,1,1,1,1,1,1,0,0,0,0,0,0,43
41,313,2,1,1,1,1,1,1,0,0,0,0,0,0,43
41,73,2,0,0,1,0,0,0,0,0,0,0,0,26,43
41,137,2,0,0,1,0,0,0,0,0,0,0,0,26,43
41,265,2,0,0,1,0,0,0,0,0,0,0,0,26,43
41,233,2,1,1,1,1,1,1,0,0,0,0,0,0,43
41,361,2,1,1,1,1,1,1,0,0,0,0,0,0,43
41,425,2,1,1,1,1,1,1,0,0,0,0,0,0,43
42,42,0,1,1,1,1,1,1,0,0,0,0,0,0,27
42,43,1,1,1,1,1,1,1,0,0,0,0,0,0,27
42,40,1,1,1,1,1,1,1,0,0,0,0,0,5,27
42,46,1,1,1,1,1,1,1,0,0,0,0,0,0,27
42,34,1,0,0,1,0,0,0,0,0,0,0,0,13,27
42,58,1,1,1,1,1,1,1,0,0,0,0,0,0,27
42,10,1,0,0,1,0,0,0,0,0,0,0,0,13,27
42,106,1,1,1,1,1,1,1,0,0,0,0,0,0,27
42,170,1,1,1,1,1,1,1,0,0,0,0,0,0,27
42,298,1,1,1,1,1,1,1,0,0,0,0,0,0,27
42,41,2,1,1,1,1,1,1,0,0,0,0,0,5,27
42,47,2,1,1,1,1,1,1,0,0,0,0,0,0,27
42,35,2,0,0,1,0,0,0,0,0,0,0,0,13,27
42,59,2,1,1,1,1,1,1,0,0,0,0,0,0,27
42,11,2,0,0,1,0,0,0,0,0,0,0,0,13,27
42,107,2,1,1,1,1,1,1,0,0,0,0,0,0,27
42,171,2,1,1,1,1,1,1,0,0,0,0,0,0,27
42,299,2,1,1,1,1,1,1,0,0,0,0,0,0,27
42,44,2,1,1,1,1,1,1,0,0,0,0,0,5,27
42,32,2,0,0,1,0,0,0,0,0,0,0,0,18,27
42,56,2,1,1,1,1,1,1,0,0,0,0,0,5,27
42,8,2,0,0,1,0,0,0,0,0,0,0,0,18,27
42,104,2,1,1,1,1,1,1,0,0,0,0,0,5,27
42,168,2,1,1,1,1,1,1,0,0,0,0,0,5,27
42,296,2,1,1,1,1,1,1,0,0,0,0,0,5,27
42,38,2,0,0,1,0,0,0,0,0,0,0,0,13,27
42,62,2,1,1,1,1,1,1,0,0,0,0,0,0,27
42,14,2,0,0,1,0,0,0,0,0,0,0,0,13,27
42,110,2,1,1,1,1,1,1,0,0,0,0,0,0,27
42,174,2,1,1,1,1,1,1,0,0,0,0,0,0,27
42,302,2,1,1,1,1,1,1,0,0,0,0,0,0,27
42,50,2,1,0,1,0,0,0,0,0,0,0,0,13,27
42,2,2,0,0,1,0,0,0,0,0,0,0,0,18,27
42,98,2,1,0,1,0,0,0,0,0,0,0,0,13,27
42,162,2,1,0,1,0,0,0,0,0,0,0,0,13,27
42,290,2,0,0,1,0,0,0,0,0,0,0,0,13,27
42,26,2,1,0,1,0,0,0,0,0,0,0,0,13,27
42,122,2,1,1,1,1,1,1,0,0,0,0,0,0,27
42,186,2,1,1,1,1,1,1,0,0,0,0,0,0,27
42,314,2,1,1,1,1,1,1,0,0,0,0,0,0,27
42,74,2,0,0,1,0,0,0,0,0,0,0,0,13,27
42,138,2,1,0,1,0,0,0,0,0,0,0,0,13,27
42,266,2,1,0,1,0,0,0,0,0,0,0,0,13,27
42,234,2,1,1,1,1,1,1,0,0,0,0,0,0,27
42,362,2,1,1,1,1,1,1,0,0,0,0,0,0,27
42,426,2,1,1,1,1,1,1,0,0,0,0,0,0,27
43,43,0,1,1,1,1,1,1,0,0,0,0,0,0,44
43,42,1,1,1,1,1,1,1,0,0,0,0,0,16,44
43,41,1,1,1,1,1,1,1,0,0,0,0,0,6,44
43,47,1,1,1,1,1,1,1,0,0,0,0,0,0,44
43,35,1,0,0,1,0,0,0,0,0,0,0,0,16,44
43,59,1,1,1,1,1,1,1,0,0,0,0,0,0,44
43,11,1,0,0,1,0,0,0,0,0,0,0,0,26,44
43,107,1,1,1,1,1,1,1,0,0,0,0,0,0,44
43,171,1,1,1,1,1,1,1,0,0,0,0,0,0,44
43,299,1,1,1,1,1,1,1,0,0,0,0,0,0,44
43,40,2,1,1,1,1,1,1,0,0,0,0,0,17,44
43,46,2,1,1,1,1,1,1,0,0,0,0,0,16,44
43,34,2,0,0,1,0,0,0,0,0,0,0,0,32,44
43,58,2,1,1,1,1,1,1,0,0,0,0,0,16,44
43,10,2,0,0,1,0,0,0,0,0,0,0,0,32,44
43,106,2,1,1,1,1,1,1,0,0,0,0,0,16,44
43,170,2,1,1,1,1,1,1,0,0,0,0,0,16,44
43,298,2,1,1,1,1,1,1,0,0,0,0,0,16,44
43,45,2,1,1,1,1,1,1,0,0,0,0,0,6,44
43,33,2,0,0,1,0,0,0,0,0,0,0,0,22,44
43,57,2,1,1,1,1,1,1,0,0,0,0,0,6,44
43,9,2,0,0,1,0,0,0,0,0,0,0,0,27,44
43,105,2,1,1,1,1,1,1,0,0,0,0,0,6,44
43,169,2,1,1,1,1,1,1,0,0,0,0,0,6,44
43,297,2,1,1,1,1,1,1,0,0,0,0,0,6,44
43,39,2,0,0,1,0,0,0,0,0,0,0,0,16,44
43,63,2,1,1,1,1,1,1,0,0,0,0,0,0,44
43,15,2,0,0,1,0,0,0,0,0,0,0,0,26,44
43,111,2,1,1,1,1,1,1,0,0,0,0,0,0,44
43,175,2,1,1,1,1,1,1,0,0,0,0,0,0,44
43,303,2,1,1,1,1,1,1,0,0,0,0,0,0,44
43,51,2,1,0,1,0,0,0,0,0,0,0,0,16,44
43,3,2,0,0,1,0,0,0,0,0,0,0,0,32,44
43,99,2,1,0,1,0,0,0,0,0,0,0,0,16,44
43,163,2,1,0,1,0,0,0,0,0,0,0,0,16,44
43,291,2,0,0,1,0,0,0,0,0,0,0,0,16,44
43,27,2,1,0,1,0,0,0,0,0,0,0,0,26,44
43,123,2,1,1,1,1,1,1,0,0,0,0,0,0,44
43,187,2,1,1,1,1,1,1,0,0,0,0,0,0,44
43,315,2,1,1,1,1,1,1,0,0,0,0,0,0,44
43,75,2,0,0,1,0,0,0,0,0,0,0,0,26,44
43,139,2,1,0,1,0,0,0,0,0,0,0,0,26,44
43,267,2,1,0,1,0,0,0,0,0,0,0,0,26,44
43,235,2,1,1,1,1,1,1,0,0,0,0,0,0,44
43,363,2,1,1,1,1,1,1,0,0,0,0,0,0,44
43,427,2,1,1,1,1,1,1,0,0,0,0,0,0,44
44,44,0,1,1,1,1,1,1,0,0,0,0,0,0,43
44,45,1,1,1,1,1,1,1,0,0,0,0,0,0,43
44,46,1,1,1,1,1,1,1,0,0,0,0,0,0,43
44,40,1,1,1,1,1,1,1,0,0,0,0,0,16,43
44,36,1,0,0,1,0,0,0,0,0,0,0,0,26,43
44,60,1,1,1,1,1,1,1,0,0,0,0,0,0,43
44,12,1,0,0,1,0,0,0,0,0,0,0,0,16,43
44,108,1,1,1,1,1,1,1,0,0,0,0,0,0,43
44,172,1,1,1,1,1,1,1,0,0,0,0,0,0,43
44,300,1,1,1,1,1,1,1,0,0,0,0,0,0,43
44,47,2,1,1,1,1,1,1,0,0,0,0,0,0,43
44,41,2,1,1,1,1,1,1,0,0,0,0,0,16,43
44,37,2,0,0,1,0,0,0,0,0,0,0,0,26,43
44,61,2,1,1,1,1,1,1,0,0,0,0,0,0,43
44,13,2,0,0,1,0,0,0,0,0,0,0,0,16,43
44,109,2,1,1,1,1,1,1,0,0,0,0,0,0,43
44,173,2,1,1,1,1,1,1,0,0,0,0,0,0,43
44,301,2,1,1,1,1,1,1,0,0,0,0,0,0,43
44,42,2,1,1,1,1,1,1,0,0,0,0,0,16,43
44,38,2,0,0,1,0,0,0,0,0,0,0,0,26,43
44,62,2,1,1,1,1,1,1,0,0,0,0,0,0,43
44,14,2,0,0,1,0,0,0,0,0,0,0,0,16,43
44,110,2,1,1,1,1,1,1,0,0,0,0,0,0,43
44,174,2,1,1,1,1,1,1,0,0,0,0,0,0,43
44,302,2,1,1,1,1,1,1,0,0,0,0,0,0,43
44,32,2,0,0,1,0,0,0,0,0,0,0,0,32,43
44,56,2,1,1,1,1,1,1,0,0,0,0,0,16,43
44,8,2,0,0,1,0,0,0,0,0,0,0,0,32,43
44,104,2,1,1,1,1,1,1,0,0,0,0,0,16,43
44,168,2,1,1,1,1,1,1,0,0,0,0,0,16,43
44,296,2,1,1,1,1,1,1,0,0,0,0,0,16,43
44,52,2,1,0,1,0,0,0,0,0,0,0,0,26,43
44,4,2,0,0,1,0,0,0,0,0,0,0,0,32,43
44,100,2,0,0,1,0,0,0,0,0,0,0,0,26,43
44,164,2,0,0,1,0,0,0,0,0,0,0,0,26,43
44,292,2,0,0,1,0,0,0,0,0,0,0,0,26,43
44,28,2,1,0,1,0,0,0,0,0,0,0,0,16,43
44,124,2,1,1,1,1,1,1,0,0,0,0,0,0,43
44,188,2,1,1,1,1,1,1,0,0,0,0,0,0,43
44,316,2,1,1,1,1,1,1,0,0,0,0,0,0,43
44,76,2,0,0,1,0,0,0,0,0,0,0,0,16,43
44,140,2,1,0,1,0,0,0,0,0,0,0,0,16,43
44,268,2,1,0,1,0,0,0,0,0,0,0,0,16,43
44,236,2,1,1,1,1,1,1,0,0,0,0,0,0,43
44,364,2,1,1,1,1,1,1,0,0,0,0,0,0,43
44,428,2,1,1,1,1,1,1,0,0,0,0,0,0,43
45,45,0,1,1,1,1,1,1,0,0,0,0,0,0,70
45,44,1,1,1,1,1,1,1,0,0,0,0,0,25,70
45,47,1,1,1,1,1,1,1,0,0,0,0,0,0,70
45,41,1,1,1,1,1,1,1,0,0,0,0,0,25,70
45,37,1,0,0,1,0,0,0,0,0,0,0,0,31,70
45,61,1,1,1,1,1,1,1,0,0,0,0,0,0,70
45,13,1,0,0,1,0,0,0,0,0,0,0,0,31,70
45,109,1,1,1,1,1,1,1,0,0,0,0,0,0,70
45,173,1,1,1,1,1,1,1,0,0,0,0,0,0,70
45,301,1,1,1,1,1,1,1,0,0,0,0,0,0,70
45,46,2,1,1,1,1,1,1,0,0,0,0,0,25,70
45,40,2,1,1,1,1,1,1,0,0,0,0,0,38,70
45,36,2,0,0,1,0,0,0,0,0,0,0,0,50,70
45,60,2,1,1,1,1,1,1,0,0,0,0,0,25,70
45,12,2,0,0,1,0,0,0,0,0,0,0,0,44,70
45,108,2,1,1,1,1,1,1,0,0,0,0,0,25,70
45,172,2,1,1,1,1,1,1,0,0,0,0,0,25,70
45,300,2,1,1,1,1,1,1,0,0,0,0,0,25,70
45,43,2,1,1,1,1,1,1,0,0,0,0,0,25,70
45,39,2,0,0,1,0,0,0,0,0,0,0,0,31,70
45,63,2,1,1,1,1,1,1,0,0,0,0,0,0,70
45,15,2,0,0,1,0,0,0,0,0,0,0,0,31,70
45,111,2,1,1,1,1,1,1,0,0,0,0,0,0,70
45,175,2,1,1,1,1,1,1,0,0,0,0,0,0,70
45,303,2,1,1,1,1,1,1,0,0,0,0,0,0,70
45,33,2,0,0,1,0,0,0,0,0,0,0,0,44,70
45,57,2,1,1,1,1,1,1,0,0,0,0,0,25,70
45,9,2,0,0,1,0,0,0,0,0,0,0,0,50,70
45,105,2,1,1,1,1,1,1,0,0,0,0,0,25,70
45,169,2,1,1,1,1,1,1,0,0,0,0,0,25,70
45,297,2,1,1,1,1,1,1,0,0,0,0,0,25,70
45,53,2,1,0,1,0,0,0,0,0,0,0,0,31,70
45,5,2,0,0,1,0,0,0,0,0,0,0,0,44,70
45,101,2,1,0,1,0,0,0,0,0,0,0,0,31,70
45,165,2,1,0,1,0,0,0,0,0,0,0,0,31,70
45,293,2,0,0,1,0,0,0,0,0,0,0,0,31,70
45,29,2,1,0,1,0,0,0,0,0,0,0,0,31,70
45,125,2,1,1,1,1,1,1,0,0,0,0,0,0,70
45,189,2,1,1,1,1,1,1,0,0,0,0,0,0,70
45,317,2,1,1,1,1,1,1,0,0,0,0,0,0,70
45,77,2,0,0,1,0,0,0,0,0,0,0,0,31,70
45,141,2,1,0,1,0,0,0,0,0,0,0,0,31,70
45,269,2,1,0,1,0,0,0,0,0,0,0,0,31,70
45,237,2,1,1,1,1,1,1,0,0,0,0,0,0,70
45,365,2,1,1,1,1,1,1,0,0,0,0,0,0,70
45,429,2,1,1,1,1,1,1,0,0,0,0,0,0,70
46,46,0,1,1,1,1,1,1,0,0,0,0,0,0,44
46,47,1,1,1,1,1,1,1,0,0,0,0,0,0,44
46,44,1,1,1,1,1,1,1,0,0,0,0,0,6,44
46,42,1,1,1,1,1,1,1,0,0,0,0,0,16,44
46,38,1,0,0,1,0,0,0,0,0,0,0,0,26,44
46,62,1,1,1,1,1,1,1,0,0,0,0,0,0,44
46,14,1,0,0,1,0,0,0,0,0,0,0,0,16,44
46,110,1,1,1,1,1,1,1,0,0,0,0,0,0,44
46,174,1,1,1,1,1,1,1,0,0,0,0,0,0,44
46,302,1,1,1,1,1,1,1,0,0,0,0,0,0,44
46,45,2,1,1,1,1,1,1,0,0,0,0,0,6,44
46,43,2,1,1,1,1,1,1,0,0,0,0,0,16,44
46,39,2,0,0,1,0,0,0,0,0,0,0,0,26,44
46,63,2,1,1,1,1,1,1,0,0,0,0,0,0,44
46,15,2,0,0,1,0,0,0,0,0,0,0,0,16,44
46,111,2,1,1,1,1,1,1,0,0,0,0,0,0,44
46,175,2,1,1,1,1,1,1,0,0,0,0,0,0,44
46,303,2,1,1,1,1,1,1,0,0,0,0,0,0,44
46,40,2,1,1,1,1,1,1,0,0,0,0,0,17,44
46,36,2,0,0,1,0,0,0,0,0,0,0,0,27,44
46,60,2,1,1,1,1,1,1,0,0,0,0,0,6,44
46,12,2,0,0,1,0,0,0,0,0,0,0,0,22,44
46,108,2,1,1,1,1,1,1,0,0,0,0,0,6,44
46,172,2,1,1,1,1,1,1,0,0,0,0,0,6,44
46,300,2,1,1,1,1,1,1,0,0,0,0,0,6,44
46,34,2,0,0,1,0,0,0,0,0,0,0,0,32,44
46,58,2,1,1,1,1,1,1,0,0,0,0,0,16,44
46,10,2,0,0,1,0,0,0,0,0,0,0,0,32,44
46,106,2,1,1,1,1,1,1,0,0,0,0,0,16,44
46,170,2,1,1,1,1,1,1,0,0,0,0,0,16,44
46,298,2,1,1,1,1,1,1,0,0,0,0,0,16,44
46,54,2,1,0,1,0,0,0,0,0,0,0,0,26,44
46,6,2,0,0,1,0,0,0,0,0,0,0,0,32,44
46,102,2,1,0,1,0,0,0,0,0,0,0,0,26,44
46,166,2,1,0,1,0,0,0,0,0,0,0,0,26,44
46,294,2,0,0,1,0,0,0,0,0,0,0,0,26,44
46,30,2,1,0,1,0,0,0,0,0,0,0,0,16,44
46,126,2,1,1,1,1,1,1,0,0,0,0,0,0,44
46,190,2,1,1,1,1,1,1,0,0,0,0,0,0,44
46,318,2,1,1,1,1,1,1,0,0,0,0,0,0,44
46,78,2,0,0,1,0,0,0,0,0,0,0,0,16,44
46,142,2,1,0,1,0,0,0,0,0,0,0,0,16,44
46,270,2,1,0,1,0,0,0,0,0,0,0,0,16,44
46,238,2,1,1,1,1,1,1,0,0,0,0,0,0,44
46,366,2,1,1,1,1,1,1,0,0,0,0,0,0,44
46,430,2,1,1,1,1,1,1,0,0,0,0,0,0,44
47,47,0,1,1,1,1,1,1,0,0,0,0,0,0,71
47,46,1,1,1,1,1,1,1,0,0,0,0,0,25,71
47,45,1,1,1,1,1,1,1,0,0,0,0,0,7,71
47,43,1,1,1,1,1,1,1,0,0,0,0,0,25,71
47,39,1,0,0,1,0,0,0,0,0,0,0,0,31,71
47,63,1,1,1,1,1,1,1,0,0,0,0,0,0,71
47,15,1,0,0,1,0,0,0,0,0,0,0,0,31,71
47,111,1,1,1,1,1,1,1,0,0,0,0,0,0,71
47,175,1,1,1,1,1,1,1,0,0,0,0,0,0,71
47,303,1,1,1,1,1,1,1,0,0,0,0,0,0,71
47,44,2,1,1,1,1,1,1,0,0,0,0,0,26,71
47,42,2,1,1,1,1,1,1,0,0,0,0,0,38,71
47,38,2,0,0,1,0,0,0,0,0,0,0,0,50,71
47,62,2,1,1,1,1,1,1,0,0,0,0,0,25,71
47,14,2,0,0,1,0,0,0,0,0,0,0,0,44,71
47,110,2,1,1,1,1,1,1,0,0,0,0,0,25,71
47,174,2,1,1,1,1,1,1,0,0,0,0,0,25,71
47,302,2,1,1,1,1,1,1,0,0,0,0,0,25,71
47,41,2,1,1,1,1,1,1,0,0,0,0,0,26,71
47,37,2,0,0,1,0,0,0,0,0,0,0,0,32,71
47,61,2,1,1,1,1,1,1,0,0,0,0,0,7,71
47,13,2,0,0,1,0,0,0,0,0,0,0,0,32,71
47,109,2,1,1,1,1,1,1,0,0,0,0,0,7,71
47,173,2,1,1,1,1,1,1,0,0,0,0,0,7,71
47,301,2,1,1,1,1,1,1,0,0,0,0,0,7,71
47,35,2,0,0,1,0,0,0,0,0,0,0,0,44,71
47,59,2,1,1,1,1,1,1,0,0,0,0,0,25,71
47,11,2,0,0,1,0,0,0,0,0,0,0,0,50,71
47,107,2,1,1,1,1,1,1,0,0,0,0,0,25,71
47,171,2,1,1,1,1,1,1,0,0,0,0,0,25,71
47,299,2,1,1,1,1,1,1,0,0,0,0,0,25,71
47,55,2,1,0,1,0,0,0,0,0,0,0,0,31,71
47,7,2,0,0,1,0,0,0,0,0,0,0,0,44,71
47,103,2,1,0,1,0,0,0,0,0,0,0,0,31,71
47,167,2,1,0,1,0,0,0,0,0,0,0,0,31,71
47,295,2,0,0,1,0,0,0,0,0,0,0,0,31,71
47,31,2,1,0,1,0,0,0,0,0,0,0,0,31,71
47,127,2,1,1,1,1,1,1,0,0,0,0,0,0,71
47,191,2,1,1,1,1,1,1,0,0,0,0,0,0,71
47,319,2,1,1,1,1,1,1,0,0,0,0,0,0,71
47,79,2,0,0,1,0,0,0,0,0,0,0,0,31,71
47,143,2,1,0,1,0,0,0,0,0,0,0,0,31,71
47,271,2,1,0,1,0,0,0,0,0,0,0,0,31,71
47,239,2,1,1,1,1,1,1,0,0,0,0,0,0,71
47,367,2,1,1,1,1,1,1,0,0,0,0,0,0,71
47,431,2,1,1,1,1,1,1,0,0,0,0,0,0,71
48,48,0,1,1,1,1,1,1,0,0,0,0,0,0,8
48,49,1,1,1,1,1,1,1,0,0,0,0,0,0,8
48,50,1,1,1,1,1,1,1,0,0,0,0,0,0,8
48,52,1,1,1,1,1,1,1,0,0,0,0,0,0,8
48,56,1,1,1,1,1,1,1,0,0,0,0,0,0,8
48,32,1,0,0,1,0,0,0,0,0,0,0,0,3,8
48,16,1,1,1,1,1,1,1,0,0,0,0,0,3,8
48,112,1,1,1,1,1,1,1,0,0,0,0,0,0,8
48,176,1,1,1,1,1,1,1,0,0,0,0,0,0,8
48,304,1,1,1,1,1,1,1,0,0,0,0,0,0,8
48,51,2,1,1,1,1,1,1,0,0,0,0,0,0,8
48,53,2,1,1,1,1,1,1,0,0,0,0,0,0,8
48,57,2,1,1,1,1,1,1,0,0,0,0,0,0,8
48,33,2,0,0,1,0,0,0,0,0,0,0,0,3,8
48,17,2,1,1,1,1,1,1,0,0,0,0,0,3,8
48,113,2,1,1,1,1,1,1,0,0,0,0,0,0,8
48,177,2,1,1,1,1,1,1,0,0,0,0,0,0,8
48,305,2,1,1,1,1,1,1,0,0,0,0,0,0,8
48,54,2,1,1,1,1,1,1,0,0,0,0,0,0,8
48,58,2,1,1,1,1,1,1,0,0,0,0,0,0,8
48,34,2,0,0,1,0,0,0,0,0,0,0,0,3,8
48,18,2,1,1,1,1,1,1,0,0,0,0,0,3,8
48,114,2,1,1,1,1,1,1,0,0,0,0,0,0,8
48,178,2,1,1,1,1,1,1,0,0,0,0,0,0,8
48,306,2,1,1,1,1,1,1,0,0,0,0,0,0,8
48,60,2,1,1,1,1,1,1,0,0,0,0,0,0,8
48,36,2,0,0,1,0,0,0,0,0,0,0,0,3,8
48,20,2,1,1,1,1,1,1,0,0,0,0,0,3,8
48,116,2,1,1,1,1,1,1,0,0,0,0,0,0,8
48,180,2,1,1,1,1,1,1,0,0,0,0,0,0,8
48,308,2,1,1,1,1,1,1,0,0,0,0,0,0,8
48,40,2,1,0,1,0,0,0,0,0,0,0,0,3,8
48,24,2,1,1,1,1,1,1,0,0,0,0,0,3,8
48,120,2,1,1,1,1,1,1,0,0,0,0,0,0,8
48,184,2,1,1,1,1,1,1,0,0,0,0,0,0,8
48,312,2,1,1,1,1,1,1,0,0,0,0,0,0,8
48,0,2,0,0,1,0,0,0,0,0,0,0,0,6,8
48,96,2,0,0,1,0,0,0,0,0,0,0,0,3,8
48,160,2,0,0,1,0,0,0,0,0,0,0,0,3,8
48,288,2,0,0,1,0,0,0,0,0,0,0,0,3,8
48,80,2,1,1,1,1,1,1,0,0,0,0,0,3,8
48,144,2,1,1,1,1,1,1,0,0,0,0,0,3,8
48,272,2,1,1,1,1,1,1,0,0,0,0,0,3,8
48,240,2,1,1,1,1,1,1,0,0,0,0,0,0,8
48,368,2,1,1,1,1,1,1,0,0,0,0,0,0,8
48,432,2,1,1,1,1,1,1,0,0,0,0,0,0,8
49,49,0,1,1,1,1,1,1,0,0,0,0,0,0,27
49,48,1,1,1,1,1,1,1,0,0,0,0,0,13,27
49,51,1,1,1,1,1,1,1,0,0,0,0,0,0,27
49,53,1,1,1,1,1,1,1,0,0,0,0,0,0,27
49,57,1,1,1,1,1,1,1,0,0,0,0,0,0,27
49,33,1,0,0,1,0,0,0,0,0,0,0,0,5,27
49,17,1,1,1,1,1,1,1,0,0,0,0,0,13,27
49,113,1,1,1,1,1,1,1,0,0,0,0,0,0,27
49,177,1,1,1,1,1,1,1,0,0,0,0,0,0,27
49,305,1,1,1,1,1,1,1,0,0,0,0,0,0,27
49,50,2,1,1,1,1,1,1,0,0,0,0,0,13,27
49,52,2,1,1,1,1,1,1,0,0,0,0,0,13,27
49,56,2,1,1,1,1,1,1,0,0,0,0,0,13,27
49,32,2,0,0,1,0,0,0,0,0,0,0,0,18,27
49,16,2,1,1,1,1,1,1,0,0,0,0,0,18,27
49,112,2,1,1,1,1,1,1,0,0,0,0,0,13,27
49,176,2,1,1,1,1,1,1,0,0,0,0,0,13,27
49,304,2,1,1,1,1,1,1,0,0,0,0,0,13,27
49,55,2,1,1,1,1,1,1,0,0,0,0,0,0,27
49,59,2,1,1,1,1,1,1,0,0,0,0,0,0,27
49,35,2,0,0,1,0,0,0,0,0,0,0,0,5,27
49,19,2,1,1,1,1,1,1,0,0,0,0,0,13,27
49,115,2,1,1,1,1,1,1,0,0,0,0,0,0,27
49,179,2,1,1,1,1,1,1,0,0,0,0,0,0,27
49,307,2,1,1,1,1,1,1,0,0,0,0,0,0,27
49,61,2,1,1,1,1,1,1,0,0,0,0,0,0,27
49,37,2,0,0,1,0,0,0,0,0,0,0,0,5,27
49,21,2,1,1,1,1,1,1,0,0,0,0,0,13,27
49,117,2,1,1,1,1,1,1,0,0,0,0,0,0,27
49,181,2,1,1,1,1,1,1,0,0,0,0,0,0,27
49,309,2,1,1,1,1,1,1,0,0,0,0,0,0,27
49,41,2,1,0,1,0,0,0,0,0,0,0,0,5,27
49,25,2,1,1,1,1,1,1,0,0,0,0,0,13,27
49,121,2,1,1,1,1,1,1,0,0,0,0,0,0,27
49,185,2,1,1,1,1,1,1,0,0,0,0,0,0,27
49,313,2,1,1,1,1,1,1,0,0,0,0,0,0,27
49,1,2,0,0,1,0,0,0,0,0,0,0,0,18,27
49,97,2,1,0,1,0,0,0,0,0,0,0,0,5,27
49,161,2,1,0,1,0,0,0,0,0,0,0,0,5,27
49,289,2,0,0,1,0,0,0,0,0,0,0,0,5,27
49,81,2,1,1,1,1,1,1,0,0,0,0,0,13,27
49,145,2,1,1,1,1,1,1,0,0,0,0,0,13,27
49,273,2,1,1,1,1,1,1,0,0,0,0,0,13,27
49,241,2,1,1,1,1,1,1,0,0,0,0,0,0,27
49,369,2,1,1,1,1,1,1,0,0,0,0,0,0,27
49,433,2,1,1,1,1,1,1,0,0,0,0,0,0,27
50,50,0,1,1,1,1,1,1,0,0,0,0,0,0,15
50,51,1,1,1,1,1,1,1,0,0,0,0,0,0,15
50,48,1,1,1,1,1,1,1,0,0,0,0,0,4,15
50,54,1,1,1,1,1,1,1,0,0,0,0,0,0,15
50,58,1,1,1,1,1,1,1,0,0,0,0,0,0,15
50,34,1,0,0,1,0,0,0,0,0,0,0,0,4,15
50,18,1,1,1,1,1,1,1,0,0,0,0,0,4,15
50,114,1,1,1,1,1,1,1,0,0,0,0,0,0,15
50,178,1,1,1,1,1,1,1,0,0,0,0,0,0,15
50,306,1,1,1,1,1,1,1,0,0,0,0,0,0,15
50,49,2,1,1,1,1,1,1,0,0,0,0,0,4,15
50,55,2,1,1,1,1,1,1,0,0,0,0,0,0,15
50,59,2,1,1,1,1,1,1,0,0,0,0,0,0,15
50,35,2,0,0,1,0,0,0,0,0,0,0,0,4,15
50,19,2,1,1,1,1,1,1,0,0,0,0,0,4,15
50,115,2,1,1,1,1,1,1,0,0,0,0,0,0,15
50,179,2,1,1,1,1,1,1,0,0,0,0,0,0,15
50,307,2,1,1,1,1,1,1,0,0,0,0,0,0,15
50,52,2,1,1,1,1,1,1,0,0,0,0,0,4,15
50,56,2,1,1,1,1,1,1,0,0,0,0,0,4,15
50,32,2,0,0,1,0,0,0,0,0,0,0,0,8,15
50,16,2,1,1,1,1,1,1,0,0,0,0,0,8,15
50,112,2,1,1,1,1,1,1,0,0,0,0,0,4,15
50,176,2,1,1,1,1,1,1,0,0,0,0,0,4,15
50,304,2,1,1,1,1,1,1,0,0,0,0,0,4,15
50,62,2,1,1,1,1,1,1,0,0,0,0,0,0,15
50,38,2,0,0,1,0,0,0,0,0,0,0,0,4,15
50,22,2,1,1,1,1,1,1,0,0,0,0,0,4,15
50,118,2,1,1,1,1,1,1,0,0,0,0,0,0,15
50,182,2,1,1,1,1,1,1,0,0,0,0,0,0,15
50,310,2,1,1,1,1,1,1,0,0,0,0,0,0,15
50,42,2,1,0,1,0,0,0,0,0,0,0,0,4,15
50,26,2,1,1,1,1,1,1,0,0,0,0,0,4,15
50,122,2,1,1,1,1,1,1,0,0,0,0,0,0,15
50,186,2,1,1,1,1,1,1,0,0,0,0,0,0,15
50,314,2,1,1,1,1,1,1,0,0,0,0,0,0,15
50,2,2,0,0,1,0,0,0,0,0,0,0,0,8,15
50,98,2,1,0,1,0,0,0,0,0,0,0,0,4,15
50,162,2,1,0,1,0,0,0,0,0,0,0,0,4,15
50,290,2,0,0,1,0,0,0,0,0,0,0,0,4,15
50,82,2,1,1,1,1,1,1,0,0,0,0,0,4,15
50,146,2,1,1,1,1,1,1,0,0,0,0,0,4,15
50,274,2,1,1,1,1,1,1,0,0,0,0,0,4,15
50,242,2,1,1,1,1,1,1,0,0,0,0,0,0,15
50,370,2,1,1,1,1,1,1,0,0,0,0,0,0,15
50,434,2,1,1,1,1,1,1,0,0,0,0,0,0,15
51,51,0,1,1,1,1,1,1,0,0,0,0,0,0,28
51,50,1,1,1,1,1,1,1,0,0,0,0,0,13,28
51,49,1,1,1,1,1,1,1,0,0,0,0,0,5,28
51,55,1,1,1,1,1,1,1,0,0,0,0,0,0,28
51,59,1,1,1,1,1,1,1,0,0,0,0,0,0,28
51,35,1,0,0,1,0,0,0,0,0,0,0,0,5,28
51,19,1,1,1,1,1,1,1,0,0,0,0,0,13,28
51,115,1,1,1,1,1,1,1,0,0,0,0,0,0,28
51,179,1,1,1,1,1,1,1,0,0,0,0,0,0,28
51,307,1,1,1,1,1,1,1,0,0,0,0,0,0,28
51,48,2,1,1,1,1,1,1,0,0,0,0,0,14,28
51,54,2,1,1,1,1,1,1,0,0,0,0,0,13,28
51,58,2,1,1,1,1,1,1,0,0,0,0,0,13,28
51,34,2,0,0,1,0,0,0,0,0,0,0,0,18,28
51,18,2,1,1,1,1,1,1,0,0,0,0,0,18,28
51,114,2,1,1,1,1,1,1,0,0,0,0,0,13,28
51,178,2,1,1,1,1,1,1,0,0,0,0,0,13,28
51,306,2,1,1,1,1,1,1,0,0,0,0,0,13,28
51,53,2,1,1,1,1,1,1,0,0,0,0,0,5,28
51,57,2,1,1,1,1,1,1,0,0,0,0,0,5,28
51,33,2,0,0,1,0,0,0,0,0,0,0,0,10,28
51,17,2,1,1,1,1,1,1,0,0,0,0,0,14,28
51,113,2,1,1,1,1,1,1,0,0,0,0,0,5,28
51,177,2,1,1,1,1,1,1,0,0,0,0,0,5,28
51,305,2,1,1,1,1,1,1,0,0,0,0,0,5,28
51,63,2,1,1,1,1,1,1,0,0,0,0,0,0,28
51,39,2,0,0,1,0,0,0,0,0,0,0,0,5,28
51,23,2,1,1,1,1,1,1,0,0,0,0,0,13,28
51,119,2,1,1,1,1,1,1,0,0,0,0,0,0,28
51,183,2,1,1,1,1,1,1,0,0,0,0,0,0,28
51,311,2,1,1,1,1,1,1,0,0,0,0,0,0,28
51,43,2,1,0,1,0,0,0,0,0,0,0,0,5,28
51,27,2,1,1,1,1,1,1,0,0,0,0,0,13,28
51,123,2,1,1,1,1,1,1,0,0,0,0,0,0,28
51,187,2,1,1,1,1,1,1,0,0,0,0,0,0,28
51,315,2,1,1,1,1,1,1,0,0,0,0,0,0,28
51,3,2,0,0,1,0,0,0,0,0,0,0,0,18,28
51,99,2,1,0,1,0,0,0,0,0,0,0,0,5,28
51,163,2,1,0,1,0,0,0,0,0,0,0,0,5,28
51,291,2,0,0,1,0,0,0,0,0,0,0,0,5,28
51,83,2,1,1,1,1,1,1,0,0,0,0,0,13,28
51,147,2,1,1,1,1,1,1,0,0,0,0,0,13,28
51,275,2,1,1,1,1,1,1,0,0,0,0,0,13,28
51,243,2,1,1,1,1,1,1,0,0,0,0,0,0,28
51,371,2,1,1,1,1,1,1,0,0,0,0,0,0,28
51,435,2,1,1,1,1,1,1,0,0,0,0,0,0,28
52,52,0,1,1,1,1,1,1,0,0,0,0,0,0,15
52,53,1,1,1,1,1,1,1,0,0,0,0,0,0,15
52,54,1,1,1,1,1,1,1,0,0,0,0,0,0,15
52,48,1,1,1,1,1,1,1,0,0,0,0,0,4,15
52,60,1,1,1,1,1,1,1,0,0,0,0,0,0,15
52,36,1,0,0,1,0,0,0,0,0,0,0,0,4,15
52,20,1,1,1,1,1,1,1,0,0,0,0,0,4,15
52,116,1,1,1,1,1,1,1,0,0,0,0,0,0,15
52,180,1,1,1,1,1,1,1,0,0,0,0,0,0,15
52,308,1,1,1,1,1,1,1,0,0,0,0,0,0,15
52,55,2,1,1,1,1,1,1,0,0,0,0,0,0,15
52,49,2,1,1,1,1,1,1,0,0,0,0,0,4,15
52,61,2,1,1,1,1,1,1,0,0,0,0,0,0,15
52,37,2,0,0,1,0,0,0,0,0,0,0,0,4,15
52,21,2,1,1,1,1,1,1,0,0,0,0,0,4,15
52,117,2,1,1,1,1,1,1,0,0,0,0,0,0,15
52,181,2,1,1,1,1,1,1,0,0,0,0,0,0,15
52,309,2,1,1,1,1,1,1,0,0,0,0,0,0,15
52,50,2,1,1,1,1,1,1,0,0,0,0,0,4,15
52,62,2,1,1,1,1,1,1,0,0,0,0,0,0,15
52,38,2,0,0,1,0,0,0,0,0,0,0,0,4,15
52,22,2,1,1,1,1,1,1,0,0,0,0,0,4,15
52,118,2,1,1,1,1,1,1,0,0,0,0,0,0,15
52,182,2,1,1,1,1,1,1,0,0,0,0,0,0,15
52,310,2,1,1,1,1,1,1,0,0,0,0,0,0,15
52,56,2,1,1,1,1,1,1,0,0,0,0,0,4,15
52,32,2,0,0,1,0,0,0,0,0,0,0,0,8,15
52,16,2,1,1,1,1,1,1,0,0,0,0,0,8,15
52,112,2,1,1,1,1,1,1,0,0,0,0,0,4,15
52,176,2,1,1,1,1,1,1,0,0,0,0,0,4,15
52,304,2,1,1,1,1,1,1,0,0,0,0,0,4,15
52,44,2,1,0,1,0,0,0,0,0,0,0,0,4,15
52,28,2,1,1,1,1,1,1,0,0,0,0,0,4,15
52,124,2,1,1,1,1,1,1,0,0,0,0,0,0,15
52,188,2,1,1,1,1,1,1,0,0,0,0,0,0,15
52,316,2,1,1,1,1,1,1,0,0,0,0,0,0,15
52,4,2,0,0,1,0,0,0,0,0,0,0,0,8,15
52,100,2,0,0,1,0,0,0,0,0,0,0,0,4,15
52,164,2,0,0,1,0,0,0,0,0,0,0,0,4,15
52,292,2,0,0,1,0,0,0,0,0,0,0,0,4,15
52,84,2,1,1,1,1,1,1,0,0,0,0,0,4,15
52,148,2,1,1,1,1,1,1,0,0,0,0,0,4,15
52,276,2,1,1,1,1,1,1,0,0,0,0,0,4,15
52,244,2,1,1,1,1,1,1,0,0,0,0,0,0,15
52,372,2,1,1,1,1,1,1,0,0,0,0,0,0,15
52,436,2,1,1,1,1,1,1,0,0,0,0,0,0,15
53,53,0,1,1,1,1,1,1,0,0,0,0,0,0,44
53,52,1,1,1,1,1,1,1,0,0,0,0,0,21,44
53,55,1,1,1,1,1,1,1,0,0,0,0,0,0,44
53,49,1,1,1,1,1,1,1,0,0,0,0,0,16,44
53,61,1,1,1,1,1,1,1,0,0,0,0,0,0,44
53,37,1,0,0,1,0,0,0,0,0,0,0,0,6,44
53,21,1,1,1,1,1,1,1,0,0,0,0,0,16,44
53,117,1,1,1,1,1,1,1,0,0,0,0,0,0,44
53,181,1,1,1,1,1,1,1,0,0,0,0,0,0,44
53,309,1,1,1,1,1,1,1,0,0,0,0,0,0,44
53,54,2,1,1,1,1,1,1,0,0,0,0,0,21,44
53,48,2,1,1,1,1,1,1,0,0,0,0,0,27,44
53,60,2,1,1,1,1,1,1,0,0,0,0,0,21,44
53,36,2,0,0,1,0,0,0,0,0,0,0,0,27,44
53,20,2,1,1,1,1,1,1,0,0,0,0,0,27,44
53,116,2,1,1,1,1,1,1,0,0,0,0,0,21,44
53,180,2,1,1,1,1,1,1,0,0,0,0,0,21,44
53,308,2,1,1,1,1,1,1,0,0,0,0,0,21,44
53,51,2,1,1,1,1,1,1,0,0,0,0,0,16,44
53,63,2,1,1,1,1,1,1,0,0,0,0,0,0,44
53,39,2,0,0,1,0,0,0,0,0,0,0,0,6,44
53,23,2,1,1,1,1,1,1,0,0,0,0,0,16,44
53,119,2,1,1,1,1,1,1,0,0,0,0,0,0,44
53,183,2,1,1,1,1,1,1,0,0,0,0,0,0,44
53,311,2,1,1,1,1,1,1,0,0,0,0,0,0,44
53,57,2,1,1,1,1,1,1,0,0,0,0,0,16,44
53,33,2,0,0,1,0,0,0,0,0,0,0,0,22,44
53,17,2,1,1,1,1,1,1,0,0,0,0,0,27,44
53,113,2,1,1,1,1,1,1,0,0,0,0,0,16,44
53,177,2,1,1,1,1,1,1,0,0,0,0,0,16,44
53,305,2,1,1,1,1,1,1,0,0,0,0,0,16,44
53,45,2,1,0,1,0,0,0,0,0,0,0,0,6,44
53,29,2,1,1,1,1,1,1,0,0,0,0,0,16,44
53,125,2,1,1,1,1,1,1,0,0,0,0,0,0,44
53,189,2,1,1,1,1,1,1,0,0,0,0,0,0,44
53,317,2,1,1,1,1,1,1,0,0,0,0,0,0,44
53,5,2,0,0,1,0,0,0,0,0,0,0,0,22,44
53,101,2,1,0,1,0,0,0,0,0,0,0,0,6,44
53,165,2,1,0,1,0,0,0,0,0,0,0,0,6,44
53,293,2,0,0,1,0,0,0,0,0,0,0,0,6,44
53,85,2,1,1,1,1,1,1,0,0,0,0,0,16,44
53,149,2,1,1,1,1,1,1,0,0,0,0,0,16,44
53,277,2,1,1,1,1,1,1,0,0,0,0,0,16,44
53,245,2,1,1,1,1,1,1,0,0,0,0,0,0,44
53,373,2,1,1,1,1,1,1,0,0,0,0,0,0,44
53,437,2,1,1,1,1,1,1,0,0,0,0,0,0,44
54,54,0,1,1,1,1,1,1,0,0,0,0,0,0,24
54,55,1,1,1,1,1,1,1,0,0,0,0,0,0,24
54,52,1,1,1,1,1,1,1,0,0,0,0,0,5,24
54,50,1,1,1,1,1,1,1,0,0,0,0,0,5,24
54,62,1,1,1,1,1,1,1,0,0,0,0,0,0,24
54,38,1,0,0,1,0,0,0,0,0,0,0,0,5,24
54,22,1,1,1,1,1,1,1,0,0,0,0,0,5,24
54,118,1,1,1,1,1,1,1,0,0,0,0,0,0,24
54,182,1,1,1,1,1,1,1,0,0,0,0,0,0,24
54,310,1,1,1,1,1,1,1,0,0,0,0,0,0,24
54,53,2,1,1,1,1,1,1,0,0,0,0,0,5,24
54,51,2,1,1,1,1,1,1,0,0,0,0,0,5,24
54,63,2,1,1,1,1,1,1,0,0,0,0,0,0,24
54,39,2,0,0,1,0,0,0,0,0,0,0,0,5,24
54,23,2,1,1,1,1,1,1,0,0,0,0,0,5,24
54,119,2,1,1,1,1,1,1,0,0,0,0,0,0,24
54,183,2,1,1,1,1,1,1,0,0,0,0,0,0,24
54,311,2,1,1,1,1,1,1,0,0,0,0,0,0,24
54,48,2,1,1,1,1,1,1,0,0,0,0,0,10,24
54,60,2,1,1,1,1,1,1,0,0,0,0,0,5,24
54,36,2,0,0,1,0,0,0,0,0,0,0,0,10,24
54,20,2,1,1,1,1,1,1,0,0,0,0,0,10,24
54,116,2,1,1,1,1,1,1,0,0,0,0,0,5,24
54,180,2,1,1,1,1,1,1,0,0,0,0,0,5,24
54,308,2,1,1,1,1,1,1,0,0,0,0,0,5,24
54,58,2,1,1,1,1,1,1,0,0,0,0,0,5,24
54,34,2,0,0,1,0,0,0,0,0,0,0,0,10,24
54,18,2,1,1,1,1,1,1,0,0,0,0,0,10,24
54,114,2,1,1,1,1,1,1,0,0,0,0,0,5,24
54,178,2,1,1,1,1,1,1,0,0,0,0,0,5,24
54,306,2,1,1,1,1,1,1,0,0,0,0,0,5,24
54,46,2,1,0,1,0,0,0,0,0,0,0,0,5,24
54,30,2,1,1,1,1,1,1,0,0,0,0,0,5,24
54,126,2,1,1,1,1,1,1,0,0,0,0,0,0,24
54,190,2,1,1,1,1,1,1,0,0,0,0,0,0,24
54,318,2,1,1,1,1,1,1,0,0,0,0,0,0,24
54,6,2,0,0,1,0,0,0,0,0,0,0,0,10,24
54,102,2,1,0,1,0,0,0,0,0,0,0,0,5,24
54,166,2,1,0,1,0,0,0,0,0,0,0,0,5,24
54,294,2,0,0,1,0,0,0,0,0,0,0,0,5,24
54,86,2,1,1,1,1,1,1,0,0,0,0,0,5,24
54,150,2,1,1,1,1,1,1,0,0,0,0,0,5,24
54,278,2,1,1,1,1,1,1,0,0,0,0,0,5,24
54,246,2,1,1,1,1,1,1,0,0,0,0,0,0,24
54,374,2,1,1,1,1,1,1,0,0,0,0,0,0,24
54,438,2,1,1,1,1,1,1,0,0,0,0,0,0,24
55,55,0,1,1,1,1,1,1,0,0,0,0,0,0,45
55,54,1,1,1,1,1,1,1,0,0,0,0,0,21,45
55,53,1,1,1,1,1,1,1,0,0,0,0,0,6,45
55,51,1,1,1,1,1,1,1,0,0,0,0,0,16,45
55,63,1,1,1,1,1,1,1,0,0,0,0,0,0,45
55,39,1,0,0,1,0,0,0,0,0,0,0,0,6,45
55,23,1,1,1,1,1,1,1,0,0,0,0,0,16,45
55,119,1,1,1,1,1,1,1,0,0,0,0,0,0,45
55,183,1,1,1,1,1,1,1,0,0,0,0,0,0,45
55,311,1,1,1,1,1,1,1,0,0,0,0,0,0,45
55,52,2,1,1,1,1,1,1,0,0,0,0,0,22,45
55,50,2,1,1,1,1,1,1,0,0,0,0,0,27,45
55,62,2,1,1,1,1,1,1,0,0,0,0,0,21,45
55,38,2,0,0,1,0,0,0,0,0,0,0,0,27,45
55,22,2,1,1,1,1,1,1,0,0,0,0,0,27,45
55,118,2,1,1,1,1,1,1,0,0,0,0,0,21,45
55,182,2,1,1,1,1,1,1,0,0,0,0,0,21,45
55,310,2,1,1,1,1,1,1,0,0,0,0,0,21,45
55,49,2,1,1,1,1,1,1,0,0,0,0,0,17,45
55,61,2,1,1,1,1,1,1,0,0,0,0,0,6,45
55,37,2,0,0,1,0,0,0,0,0,0,0,0,12,45
55,21,2,1,1,1,1,1,1,0,0,0,0,0,17,45
55,117,2,1,1,1,1,1,1,0,0,0,0,0,6,45
55,181,2,1,1,1,1,1,1,0,0,0,0,0,6,45
55,309,2,1,1,1,1,1,1,0,0,0,0,0,6,45
55,59,2,1,1,1,1,1,1,0,0,0,0,0,16,45
55,35,2,0,0,1,0,0,0,0,0,0,0,0,22,45
55,19,2,1,1,1,1,1,1,0,0,0,0,0,27,45
55,115,2,1,1,1,1,1,1,0,0,0,0,0,16,45
55,179,2,1,1,1,1,1,1,0,0,0,0,0,16,45
55,307,2,1,1,1,1,1,1,0,0,0,0,0,16,45
55,47,2,1,0,1,0,0,0,0,0,0,0,0,6,45
55,31,2,1,1,1,1,1,1,0,0,0,0,0,16,45
55,127,2,1,1,1,1,1,1,0,0,0,0,0,0,45
55,191,2,1,1,1,1,1,1,0,0,0,0,0,0,45
55,319,2,1,1,1,1,1,1,0,0,0,0,0,0,45
55,7,2,0,0,1,0,0,0,0,0,0,0,0,22,45
55,103,2,1,0,1,0,0,0,0,0,0,0,0,6,45
55,167,2,1,0,1,0,0,0,0,0,0,0,0,6,45
55,295,2,0,0,1,0,0,0,0,0,0,0,0,6,45
55,87,2,1,1,1,1,1,1,0,0,0,0,0,16,45
55,151,2,1,1,1,1,1,1,0,0,0,0,0,16,45
55,279,2,1,1,1,1,1,1,0,0,0,0,0,16,45
55,247,2,1,1,1,1,1,1,0,0,0,0,0,0,45
55,375,2,1,1,1,1,1,1,0,0,0,0,0,0,45
55,439,2,1,1,1,1,1,1,0,0,0,0,0,0,45
56,56,0,1,1,1,1,1,1,0,0,0,0,0,0,18
56,57,1,1,1,1,1,1,1,0,0,0,0,0,0,18
56,58,1,1,1,1,1,1,1,0,0,0,0,0,0,18
56,60,1,1,1,1,1,1,1,0,0,0,0,0,0,18
56,48,1,1,1,1,1,1,1,0,0,0,0,0,10,18
56,40,1,1,1,1,0,0,1,0,1,1,1,0,4,18
56,24,1,1,1,1,1,1,1,0,0,0,0,0,10,18
56,120,1,1,1,1,1,1,1,0,0,0,0,0,0,18
56,184,1,1,1,1,1,1,1,0,0,0,0,0,0,18
56,312,1,1,1,1,1,1,1,0,0,0,0,0,0,18
56,59,2,1,1,1,1,1,1,0,0,0,0,0,0,18
56,61,2,1,1,1,1,1,1,0,0,0,0,0,0,18
56,49,2,1,1,1,1,1,1,0,0,0,0,0,10,18
56,41,2,1,1,1,0,0,1,0,1,1,1,0,4,18
56,25,2,1,1,1,1,1,1,0,0,0,0,0,10,18
56,121,2,1,1,1,1,1,1,0,0,0,0,0,0,18
56,185,2,1,1,1,1,1,1,0,0,0,0,0,0,18
56,313,2,1,1,1,1,1,1,0,0,0,0,0,0,18
56,62,2,1,1,1,1,1,1,0,0,0,0,0,0,18
56,50,2,1,1,1,1,1,1,0,0,0,0,0,10,18
56,42,2,1,1,1,0,0,1,0,1,1,1,0,4,18
56,26,2,1,1,1,1,1,1,0,0,0,0,0,10,18
56,122,2,1,1,1,1,1,1,0,0,0,0,0,0,18
56,186,2,1,1,1,1,1,1,0,0,0,0,0,0,18
56,314,2,1,1,1,1,1,1,0,0,0,0,0,0,18
56,52,2,1,1,1,1,1,1,0,0,0,0,0,10,18
56,44,2,1,1,1,0,0,1,0,1,1,1,0,4,18
56,28,2,1,1,1,1,1,1,0,0,0,0,0,10,18
56,124,2,1,1,1,1,1,1,0,0,0,0,0,0,18
56,188,2,1,1,1,1,1,1,0,0,0,0,0,0,18
56,316,2,1,1,1,1,1,1,0,0,0,0,0,0,18
56,32,2,0,0,1,0,0,0,0,0,0,0,0,11,18
56,16,2,1,1,1,1,1,1,0,0,0,0,0,14,18
56,112,2,1,1,1,1,1,1,0,0,0,0,0,10,18
56,176,2,1,1,1,1,1,1,0,0,0,0,0,10,18
56,304,2,1,1,1,1,1,1,0,0,0,0,0,10,18
56,8,2,0,0,1,0,0,0,0,0,0,0,0,11,18
56,104,2,1,1,1,0,0,1,0,1,1,1,0,4,18
56,168,2,1,1,1,0,0,1,0,1,1,1,0,4,18
56,296,2,1,1,1,0,0,1,0,1,1,1,0,4,18
56,88,2,1,1,1,1,1,1,0,0,0,0,0,10,18
56,152,2,1,1,1,1,1,1,0,0,0,0,0,10,18
56,280,2,1,1,1,1,1,1,0,0,0,0,0,10,18
56,248,2,1,1,1,1,1,1,0,0,0,0,0,0,18
56,376,2,1,1,1,1,1,1,0,0,0,0,0,0,18
56,440,2,1,1,1,1,1,1,0,0,0,0,0,0,18
57,57,0,1,1,1,1,1,1,0,0,0,0,0,0,44
57,56,1,1,1,1,1,1,1,0,0,0,0,0,16,44
57,59,1,1,1,1,1,1,1,0,0,0,0,0,0,44
57,61,1,1,1,1,1,1,1,0,0,0,0,0,0,44
57,49,1,1,1,1,1,1,1,0,0,0,0,0,16,44
57,41,1,1,1,1,0,0,1,0,1,1,1,0,6,44
57,25,1,1,1,1,1,1,1,0,0,0,0,0,26,44
57,121,1,1,1,1,1,1,1,0,0,0,0,0,0,44
57,185,1,1,1,1,1,1,1,0,0,0,0,0,0,44
57,313,1,1,1,1,1,1,1,0,0,0,0,0,0,44
57,58,2,1,1,1,1,1,1,0,0,0,0,0,16,44
57,60,2,1,1,1,1,1,1,0,0,0,0,0,16,44
57,48,2,1,1,1,1,1,1,0,0,0,0,0,32,44
57,40,2,1,1,1,0,0,1,0,1,1,1,0,22,44
57,24,2,1,1,1,1,1,1,0,0,0,0,0,32,44
57,120,2,1,1,1,1,1,1,0,0,0,0,0,16,44
57,184,2,1,1,1,1,1,1,0,0,0,0,0,16,44
57,312,2,1,1,1,1,1,1,0,0,0,0,0,16,44
57,63,2,1,1,1,1,1,1,0,0,0,0,0,0,44
57,51,2,1,1,1,1,1,1,0,0,0,0,0,16,44
57,43,2,1,1,1,0,0,1,0,1,1,1,0,6,44
57,27,2,1,1,1,1,1,1,0,0,0,0,0,26,44
57,123,2,1,1,1,1,1,1,0,0,0,0,0,0,44
57,187,2,1,1,1,1,1,1,0,0,0,0,0,0,44
57,315,2,1,1,1,1,1,1,0,0,0,0,0,0,44
57,53,2,1,1,1,1,1,1,0,0,0,0,0,16,44
57,45,2,1,1,1,0,0,1,0,1,1,1,0,6,44
57,29,2,1,1,1,1,1,1,0,0,0,0,0,26,44
57,125,2,1,1,1,1,1,1,0,0,0,0,0,0,44
57,189,2,1,1,1,1,1,1,0,0,0,0,0,0,44
57,317,2,1,1,1,1,1,1,0,0,0,0,0,0,44
57,33,2,0,0,1,0,0,0,0,0,0,0,0,17,44
57,17,2,1,1,1,1,1,1,0,0,0,0,0,32,44
57,113,2,1,1,1,1,1,1,0,0,0,0,0,16,44
57,177,2,1,1,1,1,1,1,0,0,0,0,0,16,44
57,305,2,1,1,1,1,1,1,0,0,0,0,0,16,44
57,9,2,0,0,1,0,0,0,0,0,0,0,0,27,44
57,105,2,1,1,1,0,0,1,0,1,1,1,0,6,44
57,169,2,1,1,1,0,0,1,0,1,1,1,0,6,44
57,297,2,1,1,1,0,0,1,0,1,1,1,0,6,44
57,89,2,1,1,1,1,1,1,0,0,0,0,0,26,44
57,153,2,1,1,1,1,1,1,0,0,0,0,0,26,44
57,281,2,1,1,1,1,1,1,0,0,0,0,0,26,44
57,249,2,1,1,1,1,1,1,0,0,0,0,0,0,44
57,377,2,1,1,1,1,1,1,0,0,0,0,0,0,44
57,441,2,1,1,1,1,1,1,0,0,0,0,0,0,44
58,58,0,1,1,1,1,1,1,0,0,0,0,0,0,28
58,59,1,1,1,1,1,1,1,0,0,0,0,0,0,28
58,56,1,1,1,1,1,1,1,0,0,0,0,0,5,28
58,62,1,1,1,1,1,1,1,0,0,0,0,0,0,28
58,50,1,1,1,1,1,1,1,0,0,0,0,0,13,28
58,42,1,1,1,1,0,0,1,0,1,1,1,0,5,28
58,26,1,1,1,1,1,1,1,0,0,0,0,0,13,28
58,122,1,1,1,1,1,1,1,0,0,0,0,0,0,28
58,186,1,1,1,1,1,1,1,0,0,0,0,0,0,28
58,314,1,1,1,1,1,1,1,0,0,0,0,0,0,28
58,57,2,1,1,1,1,1,1,0,0,0,0,0,5,28
58,63,2,1,1,1,1,1,1,0,0,0,0,0,0,28
58,51,2,1,1,1,1,1,1,0,0,0,0,0,13,28
58,43,2,1,1,1,0,0,1,0,1,1,1,0,5,28
58,27,2,1,1,1,1,1,1,0,0,0,0,0,13,28
58,123,2,1,1,1,1,1,1,0,0,0,0,0,0,28
58,187,2,1,1,1,1,1,1,0,0,0,0,0,0,28
58,315,2,1,1,1,1,1,1,0,0,0,0,0,0,28
58,60,2,1,1,1,1,1,1,0,0,0,0,0,5,28
58,48,2,1,1,1,1,1,1,0,0,0,0,0,18,28
58,40,2,1,1,1,0,0,1,0,1,1,1,0,10,28
58,24,2,1,1,1,1,1,1,0,0,0,0,0,18,28
58,120,2,1,1,1,1,1,1,0,0,0,0,0,5,28
58,184,2,1,1,1,1,1,1,0,0,0,0,0,5,28
58,312,2,1,1,1,1,1,1,0,0,0,0,0,5,28
58,54,2,1,1,1,1,1,1,0,0,0,0,0,13,28
58,46,2,1,1,1,0,0,1,0,1,1,1,0,5,28
58,30,2,1,1,1,1,1,1,0,0,0,0,0,13,28
58,126,2,1,1,1,1,1,1,0,0,0,0,0,0,28
58,190,2,1,1,1,1,1,1,0,0,0,0,0,0,28
58,318,2,1,1,1,1,1,1,0,0,0,0,0,0,28
58,34,2,0,0,1,0,0,0,0,0,0,0,0,14,28
58,18,2,1,1,1,1,1,1,0,0,0,0,0,18,28
58,114,2,1,1,1,1,1,1,0,0,0,0,0,13,28
58,178,2,1,1,1,1,1,1,0,0,0,0,0,13,28
58,306,2,1,1,1,1,1,1,0,0,0,0,0,13,28
58,10,2,0,0,1,0,0,0,0,0,0,0,0,14,28
58,106,2,1,1,1,0,0,1,0,1,1,1,0,5,28
58,170,2,1,1,1,0,0,1,0,1,1,1,0,5,28
58,298,2,1,1,1,0,0,1,0,1,1,1,0,5,28
58,90,2,1,1,1,1,1,1,0,0,0,0,0,13,28
58,154,2,1,1,1,1,1,1,0,0,0,0,0,13,28
58,282,2,1,1,1,1,1,1,0,0,0,0,0,13,28
58,250,2,1,1,1,1,1,1,0,0,0,0,0,0,28
58,378,2,1,1,1,1,1,1,0,0,0,0,0,0,28
58,442,2,1,1,1,1,1,1,0,0,0,0,0,0,28
59,59,0,1,1,1,1,1,1,0,0,0,0,0,0,45
59,58,1,1,1,1,1,1,1,0,0,0,0,0,16,45
59,57,1,1,1,1,1,1,1,0,0,0,0,0,6,45
59,63,1,1,1,1,1,1,1,0,0,0,0,0,0,45
59,51,1,1,1,1,1,1,1,0,0,0,0,0,16,45
59,43,1,1,1,1,0,0,1,0,1,1,1,0,6,45
59,27,1,1,1,1,1,1,1,0,0,0,0,0,26,45
59,123,1,1,1,1,1,1,1,0,0,0,0,0,0,45
59,187,1,1,1,1,1,1,1,0,0,0,0,0,0,45
59,315,1,1,1,1,1,1,1,0,0,0,0,0,0,45
59,56,2,1,1,1,1,1,1,0,0,0,0,0,17,45
59,62,2,1,1,1,1,1,1,0,0,0,0,0,16,45
59,50,2,1,1,1,1,1,1,0,0,0,0,0,32,45
59,42,2,1,1,1,0,0,1,0,1,1,1,0,22,45
59,26,2,1,1,1,1,1,1,0,0,0,0,0,32,45
59,122,2,1,1,1,1,1,1,0,0,0,0,0,16,45
59,186,2,1,1,1,1,1,1,0,0,0,0,0,16,45
59,314,2,1,1,1,1,1,1,0,0,0,0,0,16,45
59,61,2,1,1,1,1,1,1,0,0,0,0,0,6,45
59,49,2,1,1,1,1,1,1,0,0,0,0,0,22,45
59,41,2,1,1,1,0,0,1,0,1,1,1,0,12,45
59,25,2,1,1,1,1,1,1,0,0,0,0,0,27,45
59,121,2,1,1,1,1,1,1,0,0,0,0,0,6,45
59,185,2,1,1,1,1,1,1,0,0,0,0,0,6,45
59,313,2,1,1,1,1,1,1,0,0,0,0,0,6,45
59,55,2,1,1,1,1,1,1,0,0,0,0,0,16,45
59,47,2,1,1,1,0,0,1,0,1,1,1,0,6,45
59,31,2,1,1,1,1,1,1,0,0,0,0,0,26,45
59,127,2,1,1,1,1,1,1,0,0,0,0,0,0,45
59,191,2,1,1,1,1,1,1,0,0,0,0,0,0,45
59,319,2,1,1,1,1,1,1,0,0,0,0,0,0,45
59,35,2,0,0,1,0,0,0,0,0,0,0,0,17,45
59,19,2,1,1,1,1,1,1,0,0,0,0,0,32,45
59,115,2,1,1,1,1,1,1,0,0,0,0,0,16,45
59,179,2,1,1,1,1,1,1,0,0,0,0,0,16,45
59,307,2,1,1,1,1,1,1,0,0,0,0,0,16,45
59,11,2,0,0,1,0,0,0,0,0,0,0,0,27,45
59,107,2,1,1,1,0,0,1,0,1,1,1,0,6,45
59,171,2,1,1,1,0,0,1,0,1,1,1,0,6,45
59,299,2,1,1,1,0,0,1,0,1,1,1,0,6,45
59,91,2,1,1,1,1,1,1,0,0,0,0,0,26,45
59,155,2,1,1,1,1,1,1,0,0,0,0,0,26,45
59,283,2,1,1,1,1,1,1,0,0,0,0,0,26,45
59,251,2,1,1,1,1,1,1,0,0,0,0,0,0,45
59,379,2,1,1,1,1,1,1,0,0,0,0,0,0,45
59,443,2,1,1,1,1,1,1,0,0,0,0,0,0,45
60,60,0,1,1,1,1,1,1,0,0,0,0,0,0,44
60,61,1,1,1,1,1,1,1,0,0,0,0,0,0,44
60,62,1,1,1,1,1,1,1,0,0,0,0,0,0,44
60,56,1,1,1,1,1,1,1,0,0,0,0,0,16,44
60,52,1,1,1,1,1,1,1,0,0,0,0,0,26,44
60,44,1,1,1,1,0,0,1,0,1,1,1,0,6,44
60,28,1,1,1,1,1,1,1,0,0,0,0,0,16,44
60,124,1,1,1,1,1,1,1,0,0,0,0,0,0,44
60,188,1,1,1,1,1,1,1,0,0,0,0,0,0,44
60,316,1,1,1,1,1,1,1,0,0,0,0,0,0,44
60,63,2,1,1,1,1,1,1,0,0,0,0,0,0,44
60,57,2,1,1,1,1,1,1,0,0,0,0,0,16,44
60,53,2,1,1,1,1,1,1,0,0,0,0,0,26,44
60,45,2,1,1,1,0,0,1,0,1,1,1,0,6,44
60,29,2,1,1,1,1,1,1,0,0,0,0,0,16,44
60,125,2,1,1,1,1,1,1,0,0,0,0,0,0,44
60,189,2,1,1,1,1,1,1,0,0,0,0,0,0,44
60,317,2,1,1,1,1,1,1,0,0,0,0,0,0,44
60,58,2,1,1,1,1,1,1,0,0,0,0,0,16,44
60,54,2,1,1,1,1,1,1,0,0,0,0,0,26,44
60,46,2,1,1,1,0,0,1,0,1,1,1,0,6,44
60,30,2,1,1,1,1,1,1,0,0,0,0,0,16,44
60,126,2,1,1,1,1,1,1,0,0,0,0,0,0,44
60,190,2,1,1,1,1,1,1,0,0,0,0,0,0,44
60,318,2,1,1,1,1,1,1,0,0,0,0,0,0,44
60,48,2,1,1,1,1,1,1,0,0,0,0,0,32,44
60,40,2,1,1,1,0,0,1,0,1,1,1,0,22,44
60,24,2,1,1,1,1,1,1,0,0,0,0,0,32,44
60,120,2,1,1,1,1,1,1,0,0,0,0,0,16,44
60,184,2,1,1,1,1,1,1,0,0,0,0,0,16,44
60,312,2,1,1,1,1,1,1,0,0,0,0,0,16,44
60,36,2,0,0,1,0,0,0,0,0,0,0,0,27,44
60,20,2,1,1,1,1,1,1,0,0,0,0,0,32,44
60,116,2,1,1,1,1,1,1,0,0,0,0,0,26,44
60,180,2,1,1,1,1,1,1,0,0,0,0,0,26,44
60,308,2,1,1,1,1,1,1,0,0,0,0,0,26,44
60,12,2,0,0,1,0,0,0,0,0,0,0,0,17,44
60,108,2,1,1,1,0,0,1,0,1,1,1,0,6,44
60,172,2,1,1,1,0,0,1,0,1,1,1,0,6,44
60,300,2,1,1,1,0,0,1,0,1,1,1,0,6,44
60,92,2,1,1,1,1,1,1,0,0,0,0,0,16,44
60,156,2,1,1,1,1,1,1,0,0,0,0,0,16,44
60,284,2,1,1,1,1,1,1,0,0,0,0,0,16,44
60,252,2,1,1,1,1,1,1,0,0,0,0,0,0,44
60,380,2,1,1,1,1,1,1,0,0,0,0,0,0,44
60,444,2,1,1,1,1,1,1,0,0,0,0,0,0,44
61,61,0,1,1,1,1,1,1,0,0,0,0,0,0,71
61,60,1,1,1,1,1,1,1,0,0,0,0,0,25,71
61,63,1,1,1,1,1,1,1,0,0,0,0,0,0,71
61,57,1,1,1,1,1,1,1,0,0,0,0,0,25,71
61,53,1,1,1,1,1,1,1,0,0,0,0,0,31,71
61,45,1,1,1,1,0,0,1,0,1,1,1,0,7,71
61,29,1,1,1,1,1,1,1,0,0,0,0,0,31,71
61,125,1,1,1,1,1,1,1,0,0,0,0,0,0,71
61,189,1,1,1,1,1,1,1,0,0,0,0,0,0,71
61,317,1,1,1,1,1,1,1,0,0,0,0,0,0,71
61,62,2,1,1,1,1,1,1,0,0,0,0,0,25,71
61,56,2,1,1,1,1,1,1,0,0,0,0,0,38,71
61,52,2,1,1,1,1,1,1,0,0,0,0,0,50,71
61,44,2,1,1,1,0,0,1,0,1,1,1,0,32,71
61,28,2,1,1,1,1,1,1,0,0,0,0,0,44,71
61,124,2,1,1,1,1,1,1,0,0,0,0,0,25,71
61,188,2,1,1,1,1,1,1,0,0,0,0,0,25,71
61,316,2,1,1,1,1,1,1,0,0,0,0,0,25,71
61,59,2,1,1,1,1,1,1,0,0,0,0,0,25,71
61,55,2,1,1,1,1,1,1,0,0,0,0,0,31,71
61,47,2,1,1,1,0,0,1,0,1,1,1,0,7,71
61,31,2,1,1,1,1,1,1,0,0,0,0,0,31,71
61,127,2,1,1,1,1,1,1,0,0,0,0,0,0,71
61,191,2,1,1,1,1,1,1,0,0,0,0,0,0,71
61,319,2,1,1,1,1,1,1,0,0,0,0,0,0,71
61,49,2,1,1,1,1,1,1,0,0,0,0,0,44,71
61,41,2,1,1,1,0,0,1,0,1,1,1,0,32,71
61,25,2,1,1,1,1,1,1,0,0,0,0,0,50,71
61,121,2,1,1,1,1,1,1,0,0,0,0,0,25,71
61,185,2,1,1,1,1,1,1,0,0,0,0,0,25,71
61,313,2,1,1,1,1,1,1,0,0,0,0,0,25,71
61,37,2,0,0,1,0,0,0,0,0,0,0,0,32,71
61,21,2,1,1,1,1,1,1,0,0,0,0,0,44,71
61,117,2,1,1,1,1,1,1,0,0,0,0,0,31,71
61,181,2,1,1,1,1,1,1,0,0,0,0,0,31,71
61,309,2,1,1,1,1,1,1,0,0,0,0,0,31,71
61,13,2,0,0,1,0,0,0,0,0,0,0,0,32,71
61,109,2,1,1,1,0,0,1,0,1,1,1,0,7,71
61,173,2,1,1,1,0,0,1,0,1,1,1,0,7,71
61,301,2,1,1,1,0,0,1,0,1,1,1,0,7,71
61,93,2,1,1,1,1,1,1,0,0,0,0,0,31,71
61,157,2,1,1,1,1,1,1,0,0,0,0,0,31,71
61,285,2,1,1,1,1,1,1,0,0,0,0,0,31,71
61,253,2,1,1,1,1,1,1,0,0,0,0,0,0,71
61,381,2,1,1,1,1,1,1,0,0,0,0,0,0,71
61,445,2,1,1,1,1,1,1,0,0,0,0,0,0,71
62,62,0,1,1,1,1,1,1,0,0,0,0,0,0,45
62,63,1,1,1,1,1,1,1,0,0,0,0,0,0,45
62,60,1,1,1,1,1,1,1,0,0,0,0,0,6,45
62,58,1,1,1,1,1,1,1,0,0,0,0,0,16,45
62,54,1,1,1,1,1,1,1,0,0,0,0,0,26,45
62,46,1,1,1,1,0,0,1,0,1,1,1,0,6,45
62,30,1,1,1,1,1,1,1,0,0,0,0,0,16,45
62,126,1,1,1,1,1,1,1,0,0,0,0,0,0,45
62,190,1,1,1,1,1,1,1,0,0,0,0,0,0,45
62,318,1,1,1,1,1,1,1,0,0,0,0,0,0,45
62,61,2,1,1,1,1,1,1,0,0,0,0,0,6,45
62,59,2,1,1,1,1,1,1,0,0,0,0,0,16,45
62,55,2,1,1,1,1,1,1,0,0,0,0,0,26,45
62,47,2,1,1,1,0,0,1,0,1,1,1,0,6,45
62,31,2,1,1,1,1,1,1,0,0,0,0,0,16,45
62,127,2,1,1,1,1,1,1,0,0,0,0,0,0,45
62,191,2,1,1,1,1,1,1,0,0,0,0,0,0,45
62,319,2,1,1,1,1,1,1,0,0,0,0,0,0,45
62,56,2,1,1,1,1,1,1,0,0,0,0,0,17,45
62,52,2,1,1,1,1,1,1,0,0,0,0,0,27,45
62,44,2,1,1,1,0,0,1,0,1,1,1,0,12,45
62,28,2,1,1,1,1,1,1,0,0,0,0,0,22,45
62,124,2,1,1,1,1,1,1,0,0,0,0,0,6,45
62,188,2,1,1,1,1,1,1,0,0,0,0,0,6,45
62,316,2,1,1,1,1,1,1,0,0,0,0,0,6,45
62,50,2,1,1,1,1,1,1,0,0,0,0,0,32,45
62,42,2,1,1,1,0,0,1,0,1,1,1,0,22,45
62,26,2,1,1,1,1,1,1,0,0,0,0,0,32,45
62,122,2,1,1,1,1,1,1,0,0,0,0,0,16,45
62,186,2,1,1,1,1,1,1,0,0,0,0,0,16,45
62,314,2,1,1,1,1,1,1,0,0,0,0,0,16,45
62,38,2,0,0,1,0,0,0,0,0,0,0,0,27,45
62,22,2,1,1,1,1,1,1,0,0,0,0,0,32,45
62,118,2,1,1,1,1,1,1,0,0,0,0,0,26,45
62,182,2,1,1,1,1,1,1,0,0,0,0,0,26,45
62,310,2,1,1,1,1,1,1,0,0,0,0,0,26,45
62,14,2,0,0,1,0,0,0,0,0,0,0,0,17,45
62,110,2,1,1,1,0,0,1,0,1,1,1,0,6,45
62,174,2,1,1,1,0,0,1,0,1,1,1,0,6,45
62,302,2,1,1,1,0,0,1,0,1,1,1,0,6,45
62,94,2,1,1,1,1,1,1,0,0,0,0,0,16,45
62,158,2,1,1,1,1,1,1,0,0,0,0,0,16,45
62,286,2,1,1,1,1,1,1,0,0,0,0,0,16,45
62,254,2,1,1,1,1,1,1,0,0,0,0,0,0,45
62,382,2,1,1,1,1,1,1,0,0,0,0,0,0,45
62,446,2,1,1,1,1,1,1,0,0,0,0,0,0,45
63,63,0,1,1,1,1,1,1,0,0,0,0,0,0,72
63,62,1,1,1,1,1,1,1,0,0,0,0,0,25,72
63,61,1,1,1,1,1,1,1,0,0,0,0,0,7,72
63,59,1,1,1,1,1,1,1,0,0,0,0,0,25,72
63,55,1,1,1,1,1,1,1,0,0,0,0,0,31,72
63,47,1,1,1,1,0,0,1,0,1,1,1,0,7,72
63,31,1,1,1,1,1,1,1,0,0,0,0,0,31,72
63,127,1,1,1,1,1,1,1,0,0,0,0,0,0,72
63,191,1,1,1,1,1,1,1,0,0,0,0,0,0,72
63,319,1,1,1,1,1,1,1,0,0,0,0,0,0,72
63,60,2,1,1,1,1,1,1,0,0,0,0,0,26,72
63,58,2,1,1,1,1,1,1,0,0,0,0,0,38,72
63,54,2,1,1,1,1,1,1,0,0,0,0,0,50,72
63,46,2,1,1,1,0,0,1,0,1,1,1,0,32,72
63,30,2,1,1,1,1,1,1,0,0,0,0,0,44,72
63,126,2,1,1,1,1,1,1,0,0,0,0,0,25,72
63,190,2,1,1,1,1,1,1,0,0,0,0,0,25,72
63,318,2,1,1,1,1,1,1,0,0,0,0,0,25,72
63,57,2,1,1,1,1,1,1,0,0,0,0,0,26,72
63,53,2,1,1,1,1,1,1,0,0,0,0,0,32,72
63,45,2,1,1,1,0,0,1,0,1,1,1,0,14,72
63,29,2,1,1,1,1,1,1,0,0,0,0,0,32,72
63,125,2,1,1,1,1,1,1,0,0,0,0,0,7,72
63,189,2,1,1,1,1,1,1,0,0,0,0,0,7,72
63,317,2,1,1,1,1,1,1,0,0,0,0,0,7,72
63,51,2,1,1,1,1,1,1,0,0,0,0,0,44,72
63,43,2,1,1,1,0,0,1,0,1,1,1,0,32,72
63,27,2,1,1,1,1,1,1,0,0,0,0,0,50,72
63,123,2,1,1,1,1,1,1,0,0,0,0,0,25,72
63,187,2,1,1,1,1,1,1,0,0,0,0,0,25,72
63,315,2,1,1,1,1,1,1,0,0,0,0,0,25,72
63,39,2,0,0,1,0,0,0,0,0,0,0,0,32,72
63,23,2,1,1,1,1,1,1,0,0,0,0,0,44,72
63,119,2,1,1,1,1,1,1,0,0,0,0,0,31,72
63,183,2,1,1,1,1,1,1,0,0,0,0,0,31,72
63,311,2,1,1,1,1,1,1,0,0,0,0,0,31,72
63,15,2,0,0,1,0,0,0,0,0,0,0,0,32,72
63,111,2,1,1,1,0,0,1,0,1,1,1,0,7,72
63,175,2,1,1,1,0,0,1,0,1,1,1,0,7,72
63,303,2,1,1,1,0,0,1,0,1,1,1,0,7,72
63,95,2,1,1,1,1,1,1,0,0,0,0,0,31,72
63,159,2,1,1,1,1,1,1,0,0,0,0,0,31,72
63,287,2,1,1,1,1,1,1,0,0,0,0,0,31,72
63,255,2,1,1,1,1,1,1,0,0,0,0,0,0,72
63,383,2,1,1,1,1,1,1,0,0,0,0,0,0,72
63,447,2,1,1,1,1,1,1,0,0,0,0,0,0,72
80,80,0,1,1,1,1,1,1,0,0,0,0,0,0,8
80,81,1,1,1,1,1,1,1,0,0,0,0,0,0,8
80,82,1,1,1,1,1,1,1,0,0,0,0,0,0,8
80,84,1,1,1,1,1,1,1,0,0,0,0,0,0,8
80,88,1,1,1,1,1,1,1,0,0,0,0,0,0,8
80,64,1,0,0,1,0,0,0,0,0,0,0,0,3,8
80,112,1,1,1,1,1,1,1,0,0,0,0,0,0,8
80,16,1,1,1,1,1,1,1,0,0,0,0,0,3,8
80,208,1,1,1,1,1,1,1,0,0,0,0,0,0,8
80,336,1,1,1,1,1,1,1,0,0,0,0,0,0,8
80,83,2,1,1,1,1,1,1,0,0,0,0,0,0,8
80,85,2,1,1,1,1,1,1,0,0,0,0,0,0,8
80,89,2,1,1,1,1,1,1,0,0,0,0,0,0,8
80,65,2,0,0,1,0,0,0,0,0,0,0,0,3,8
80,113,2,1,1,1,1,1,1,0,0,0,0,0,0,8
80,17,2,1,1,1,1,1,1,0,0,0,0,0,3,8
80,209,2,1,1,1,1,1,1,0,0,0,0,0,0,8
80,337,2,1,1,1,1,1,1,0,0,0,0,0,0,8
80,86,2,1,1,1,1,1,1,0,0,0,0,0,0,8
80,90,2,1,1,1,1,1,1,0,0,0,0,0,0,8
80,66,2,0,0,1,0,0,0,0,0,0,0,0,3,8
80,114,2,1,1,1,1,1,1,0,0,0,0,0,0,8
80,18,2,1,1,1,1,1,1,0,0,0,0,0,3,8
80,210,2,1,1,1,1,1,1,0,0,0,0,0,0,8
80,338,2,1,1,1,1,1,1,0,0,0,0,0,0,8
80,92,2,1,1,1,1,1,1,0,0,0,0,0,0,8
80,68,2,0,0,1,0,0,0,0,0,0,0,0,3,8
80,116,2,1,1,1,1,1,1,0,0,0,0,0,0,8
80,20,2,1,1,1,1,1,1,0,0,0,0,0,3,8
80,212,2,1,1,1,1,1,1,0,0,0,0,0,0,8
80,340,2,1,1,1,1,1,1,0,0,0,0,0,0,8
80,72,2,0,0,1,0,0,0,0,0,0,0,0,3,8
80,120,2,1,1,1,1,1,1,0,0,0,0,0,0,8
80,24,2,1,1,1,1,1,1,0,0,0,0,0,3,8
80,216,2,1,1,1,1,1,1,0,0,0,0,0,0,8
80,344,2,1,1,1,1,1,1,0,0,0,0,0,0,8
80,96,2,0,0,1,0,0,0,0,0,0,0,0,3,8
80,0,2,0,0,1,0,0,0,0,0,0,0,0,6,8
80,192,2,0,0,1,0,0,0,0,0,0,0,0,3,8
80,320,2,0,0,1,0,0,0,0,0,0,0,0,3,8
80,48,2,1,1,1,1,1,1,0,0,0,0,0,3,8
80,240,2,1,1,1,1,1,1,0,0,0,0,0,0,8
80,368,2,1,1,1,1,1,1,0,0,0,0,0,0,8
80,144,2,1,1,1,1,1,1,0,0,0,0,0,3,8
80,272,2,1,1,1,1,1,1,0,0,0,0,0,3,8
80,464,2,1,1,1,1,1,1,0,0,0,0,0,0,8
81,81,0,1,1,1,1,1,1,0,0,0,0,0,0,27
81,80,1,1,1,1,1,1,1,0,0,0,0,0,13,27
81,83,1,1,1,1,1,1,1,0,0,0,0,0,0,27
81,85,1,1,1,1,1,1,1,0,0,0,0,0,0,27
81,89,1,1,1,1,1,1,1,0,0,0,0,0,0,27
81,65,1,0,0,1,0,0,0,0,0,0,0,0,5,27
81,113,1,1,1,1,1,1,1,0,0,0,0,0,0,27
81,17,1,1,1,1,1,1,1,0,0,0,0,0,13,27
81,209,1,1,1,1,1,1,1,0,0,0,0,0,0,27
81,337,1,1,1,1,1,1,1,0,0,0,0,0,0,27
81,82,2,1,1,1,1,1,1,0,0,0,0,0,13,27
81,84,2,1,1,1,1,1,1,0,0,0,0,0,13,27
81,88,2,1,1,1,1,1,1,0,0,0,0,0,13,27
81,64,2,0,0,1,0,0,0,0,0,0,0,0,18,27
81,112,2,1,1,1,1,1,1,0,0,0,0,0,13,27
81,16,2,1,1,1,1,1,1,0,0,0,0,0,18,27
81,208,2,1,1,1,1,1,1,0,0,0,0,0,13,27
81,336,2,1,1,1,1,1,1,0,0,0,0,0,13,27
81,87,2,1,1,1,1,1,1,0,0,0,0,0,0,27
81,91,2,1,1,1,1,1,1,0,0,0,0,0,0,27
81,67,2,0,0,1,0,0,0,0,0,0,0,0,5,27
81,115,2,1,1,1,1,1,1,0,0,0,0,0,0,27
81,19,2,1,1,1,1,1,1,0,0,0,0,0,13,27
81,211,2,1,1,1,1,1,1,0,0,0,0,0,0,27
81,339,2,1,1,1,1,1,1,0,0,0,0,0,0,27
81,93,2,1,1,1,1,1,1,0,0,0,0,0,0,27
81,69,2,0,0,1,0,0,0,0,0,0,0,0,5,27
81,117,2,1,1,1,1,1,1,0,0,0,0,0,0,27
81,21,2,1,1,1,1,1,1,0,0,0,0,0,13,27
81,213,2,1,1,1,1,1,1,0,0,0,0,0,0,27
81,341,2,1,1,1,1,1,1,0,0,0,0,0,0,27
81,73,2,0,0,1,0,0,0,0,0,0,0,0,5,27
81,121,2,1,1,1,1,1,1,0,0,0,0,0,0,27
81,25,2,1,1,1,1,1,1,0,0,0,0,0,13,27
81,217,2,1,1,1,1,1,1,0,0,0,0,0,0,27
81,345,2,1,1,1,1,1,1,0,0,0,0,0,0,27
81,97,2,1,0,1,0,0,0,0,0,0,0,0,5,27
81,1,2,0,0,1,0,0,0,0,0,0,0,0,18,27
81,193,2,0,0,1,0,0,0,0,0,0,0,0,5,27
81,321,2,0,0,1,0,0,0,0,0,0,0,0,5,27
81,49,2,1,1,1,1,1,1,0,0,0,0,0,13,27
81,241,2,1,1,1,1,1,1,0,0,0,0,0,0,27
81,369,2,1,1,1,1,1,1,0,0,0,0,0,0,27
81,145,2,1,1,1,1,1,1,0,0,0,0,0,13,27
81,273,2,1,1,1,1,1,1,0,0,0,0,0,13,27
81,465,2,1,1,1,1,1,1,0,0,0,0,0,0,27
82,82,0,1,1,1,1,1,1,0,0,0,0,0,0,27
82,83,1,1,1,1,1,1,1,0,0,0,0,0,0,27
82,80,1,1,1,1,1,1,1,0,0,0,0,0,13,27
82,86,1,1,1,1,1,1,1,0,0,0,0,0,0,27
82,90,1,1,1,1,1,1,1,0,0,0,0,0,0,27
82,66,1,0,0,1,0,0,0,0,0,0,0,0,5,27
82,114,1,1,1,1,1,1,1,0,0,0,0,0,0,27
82,18,1,1,1,1,1,1,1,0,0,0,0,0,13,27
82,210,1,1,1,1,1,1,1,0,0,0,0,0,0,27
82,338,1,1,1,1,1,1,1,0,0,0,0,0,0,27
82,81,2,1,1,1,1,1,1,0,0,0,0,0,13,27
82,87,2,1,1,1,1,1,1,0,0,0,0,0,0,27
82,91,2,1,1,1,1,1,1,0,0,0,0,0,0,27
82,67,2,0,0,1,0,0,0,0,0,0,0,0,5,27
82,115,2,1,1,1,1,1,1,0,0,0,0,0,0,27
82,19,2,1,1,1,1,1,1,0,0,0,0,0,13,27
82,211,2,1,1,1,1,1,1,0,0,0,0,0,0,27
82,339,2,1,1,1,1,1,1,0,0,0,0,0,0,27
82,84,2,1,1,1,1,1,1,0,0,0,0,0,13,27
82,88,2,1,1,1,1,1,1,0,0,0,0,0,13,27
82,64,2,0,0,1,0,0,0,0,0,0,0,0,18,27
82,112,2,1,1,1,1,1,1,0,0,0,0,0,13,27
82,16,2,1,1,1,1,1,1,0,0,0,0,0,18,27
82,208,2,1,1,1,1,1,1,0,0,0,0,0,13,27
82,336,2,1,1,1,1,1,1,0,0,0,0,0,13,27
82,94,2,1,1,1,1,1,1,0,0,0,0,0,0,27
82,70,2,0,0,1,0,0,0,0,0,0,0,0,5,27
82,118,2,1,1,1,1,1,1,0,0,0,0,0,0,27
82,22,2,1,1,1,1,1,1,0,0,0,0,0,13,27
82,214,2,1,1,1,1,1,1,0,0,0,0,0,0,27
82,342,2,1,1,1,1,1,1,0,0,0,0,0,0,27
82,74,2,0,0,1,0,0,0,0,0,0,0,0,5,27
82,122,2,1,1,1,1,1,1,0,0,0,0,0,0,27
82,26,2,1,1,1,1,1,1,0,0,0,0,0,13,27
82,218,2,1,1,1,1,1,1,0,0,0,0,0,0,27
82,346,2,1,1,1,1,1,1,0,0,0,0,0,0,27
82,98,2,1,0,1,0,0,0,0,0,0,0,0,5,27
82,2,2,0,0,1,0,0,0,0,0,0,0,0,18,27
82,194,2,1,0,1,0,0,0,0,0,0,0,0,5,27
82,322,2,1,0,1,0,0,0,0,0,0,0,0,5,27
82,50,2,1,1,1,1,1,1,0,0,0,0,0,13,27
82,242,2,1,1,1,1,1,1,0,0,0,0,0,0,27
82,370,2,1,1,1,1,1,1,0,0,0,0,0,0,27
82,146,2,1,1,1,1,1,1,0,0,0,0,0,13,27
82,274,2,1,1,1,1,1,1,0,0,0,0,0,13,27
82,466,2,1,1,1,1,1,1,0,0,0,0,0,0,27
83,83,0,1,1,1,1,1,1,0,0,0,0,0,0,44
83,82,1,1,1,1,1,1,1,0,0,0,0,0,16,44
83,81,1,1,1,1,1,1,1,0,0,0,0,0,16,44
83,87,1,1,1,1,1,1,1,0,0,0,0,0,0,44
83,91,1,1,1,1,1,1,1,0,0,0,0,0,0,44
83,67,1,0,0,1,0,0,0,0,0,0,0,0,6,44
83,115,1,1,1,1,1,1,1,0,0,0,0,0,0,44
83,19,1,1,1,1,1,1,1,0,0,0,0,0,21,44
83,211,1,1,1,1,1,1,1,0,0,0,0,0,0,44
83,339,1,1,1,1,1,1,1,0,0,0,0,0,0,44
83,80,2,1,1,1,1,1,1,0,0,0,0,0,27,44
83,86,2,1,1,1,1,1,1,0,0,0,0,0,16,44
83,90,2,1,1,1,1,1,1,0,0,0,0,0,16,44
83,66,2,0,0,1,0,0,0,0,0,0,0,0,22,44
83,114,2,1,1,1,1,1,1,0,0,0,0,0,16,44
83,18,2,1,1,1,1,1,1,0,0,0,0,0,27,44
83,210,2,1,1,1,1,1,1,0,0,0,0,0,16,44
83,338,2,1,1,1,1,1,1,0,0,0,0,0,16,44
83,85,2,1,1,1,1,1,1,0,0,0,0,0,16,44
83,89,2,1,1,1,1,1,1,0,0,0,0,0,16,44
83,65,2,0,0,1,0,0,0,0,0,0,0,0,22,44
83,113,2,1,1,1,1,1,1,0,0,0,0,0,16,44
83,17,2,1,1,1,1,1,1,0,0,0,0,0,27,44
83,209,2,1,1,1,1,1,1,0,0,0,0,0,16,44
83,337,2,1,1,1,1,1,1,0,0,0,0,0,16,44
83,95,2,1,1,1,1,1,1,0,0,0,0,0,0,44
83,71,2,0,0,1,0,0,0,0,0,0,0,0,6,44
83,119,2,1,1,1,1,1,1,0,0,0,0,0,0,44
83,23,2,1,1,1,1,1,1,0,0,0,0,0,21,44
83,215,2,1,1,1,1,1,1,0,0,0,0,0,0,44
83,343,2,1,1,1,1,1,1,0,0,0,0,0,0,44
83,75,2,0,0,1,0,0,0,0,0,0,0,0,6,44
83,123,2,1,1,1,1,1,1,0,0,0,0,0,0,44
83,27,2,1,1,1,1,1,1,0,0,0,0,0,21,44
83,219,2,1,1,1,1,1,1,0,0,0,0,0,0,44
83,347,2,1,1,1,1,1,1,0,0,0,0,0,0,44
83,99,2,1,0,1,0,0,0,0,0,0,0,0,6,44
83,3,2,0,0,1,0,0,0,0,0,0,0,0,27,44
83,195,2,1,0,1,0,0,0,0,0,0,0,0,6,44
83,323,2,1,0,1,0,0,0,0,0,0,0,0,6,44
83,51,2,1,1,1,1,1,1,0,0,0,0,0,21,44
83,243,2,1,1,1,1,1,1,0,0,0,0,0,0,44
83,371,2,1,1,1,1,1,1,0,0,0,0,0,0,44
83,147,2,1,1,1,1,1,1,0,0,0,0,0,21,44
83,275,2,1,1,1,1,1,1,0,0,0,0,0,21,44
83,467,2,1,1,1,1,1,1,0,0,0,0,0,0,44
84,84,0,1,1,1,1,1,1,0,0,0,0,0,0,15
84,85,1,1,1,1,1,1,1,0,0,0,0,0,0,15
84,86,1,1,1,1,1,1,1,0,0,0,0,0,0,15
84,80,1,1,1,1,1,1,1,0,0,0,0,0,4,15
84,92,1,1,1,1,1,1,1,0,0,0,0,0,0,15
84,68,1,0,0,1,0,0,0,0,0,0,0,0,4,15
84,116,1,1,1,1,1,1,1,0,0,0,0,0,0,15
84,20,1,1,1,1,1,1,1,0,0,0,0,0,4,15
84,212,1,1,1,1,1,1,1,0,0,0,0,0,0,15
84,340,1,1,1,1,1,1,1,0,0,0,0,0,0,15
84,87,2,1,1,1,1,1,1,0,0,0,0,0,0,15
84,81,2,1,1,1,1,1,1,0,0,0,0,0,4,15
84,93,2,1,1,1,1,1,1,0,0,0,0,0,0,15
84,69,2,0,0,1,0,0,0,0,0,0,0,0,4,15
84,117,2,1,1,1,1,1,1,0,0,0,0,0,0,15
84,21,2,1,1,1,1,1,1,0,0,0,0,0,4,15
84,213,2,1,1,1,1,1,1,0,0,0,0,0,0,15
84,341,2,1,1,1,1,1,1,0,0,0,0,0,0,15
84,82,2,1,1,1,1,1,1,0,0,0,0,0,4,15
84,94,2,1,1,1,1,1,1,0,0,0,0,0,0,15
84,70,2,0,0,1,0,0,0,0,0,0,0,0,4,15
84,118,2,1,1,1,1,1,1,0,0,0,0,0,0,15
84,22,2,1,1,1,1,1,1,0,0,0,0,0,4,15
84,214,2,1,1,1,1,1,1,0,0,0,0,0,0,15
84,342,2,1,1,1,1,1,1,0,0,0,0,0,0,15
84,88,2,1,1,1,1,1,1,0,0,0,0,0,4,15
84,64,2,0,0,1,0,0,0,0,0,0,0,0,8,15
84,112,2,1,1,1,1,1,1,0,0,0,0,0,4,15
84,16,2,1,1,1,1,1,1,0,0,0,0,0,8,15
84,208,2,1,1,1,1,1,1,0,0,0,0,0,4,15
84,336,2,1,1,1,1,1,1,0,0,0,0,0,4,15
84,76,2,0,0,1,0,0,0,0,0,0,0,0,4,15
84,124,2,1,1,1,1,1,1,0,0,0,0,0,0,15
84,28,2,1,1,1,1,1,1,0,0,0,0,0,4,15
84,220,2,1,1,1,1,1,1,0,0,0,0,0,0,15
84,348,2,1,1,1,1,1,1,0,0,0,0,0,0,15
84,100,2,0,0,1,0,0,0,0,0,0,0,0,4,15
84,4,2,0,0,1,0,0,0,0,0,0,0,0,8,15
84,196,2,0,0,1,0,0,0,0,0,0,0,0,4,15
84,324,2,0,0,1,0,0,0,0,0,0,0,0,4,15
84,52,2,1,1,1,1,1,1,0,0,0,0,0,4,15
84,244,2,1,1,1,1,1,1,0,0,0,0,0,0,15
84,372,2,1,1,1,1,1,1,0,0,0,0,0,0,15
84,148,2,1,1,1,1,1,1,0,0,0,0,0,4,15
84,276,2,1,1,1,1,1,1,0,0,0,0,0,4,15
84,468,2,1,1,1,1,1,1,0,0,0,0,0,0,15
85,85,0,1,1,1,1,1,1,0,0,0,0,0,0,70
85,84,1,1,1,1,1,1,1,0,0,0,0,0,41,70
85,87,1,1,1,1,1,1,1,0,0,0,0,0,0,70
85,81,1,1,1,1,1,1,1,0,0,0,0,0,35,70
85,93,1,1,1,1,1,1,1,0,0,0,0,0,0,70
85,69,1,0,0,1,0,0,0,0,0,0,0,0,7,70
85,117,1,1,1,1,1,1,1,0,0,0,0,0,0,70
85,21,1,1,1,1,1,1,1,0,0,0,0,0,35,70
85,213,1,1,1,1,1,1,1,0,0,0,0,0,0,70
85,341,1,1,1,1,1,1,1,0,0,0,0,0,0,70
85,86,2,1,1,1,1,1,1,0,0,0,0,0,41,70
85,80,2,1,1,1,1,1,1,0,0,0,0,0,49,70
85,92,2,1,1,1,1,1,1,0,0,0,0,0,41,70
85,68,2,0,0,1,0,0,0,0,0,0,0,0,48,70
85,116,2,1,1,1,1,1,1,0,0,0,0,0,41,70
85,20,2,1,1,1,1,1,1,0,0,0,0,0,49,70
85,212,2,1,1,1,1,1,1,0,0,0,0,0,41,70
85,340,2,1,1,1,1,1,1,0,0,0,0,0,41,70
85,83,2,1,1,1,1,1,1,0,0,0,0,0,35,70
85,95,2,1,1,1,1,1,1,0,0,0,0,0,0,70
85,71,2,0,0,1,0,0,0,0,0,0,0,0,7,70
85,119,2,1,1,1,1,1,1,0,0,0,0,0,0,70
85,23,2,1,1,1,1,1,1,0,0,0,0,0,35,70
85,215,2,1,1,1,1,1,1,0,0,0,0,0,0,70
85,343,2,1,1,1,1,1,1,0,0,0,0,0,0,70
85,89,2,1,1,1,1,1,1,0,0,0,0,0,35,70
85,65,2,0,0,1,0,0,0,0,0,0,0,0,42,70
85,113,2,1,1,1,1,1,1,0,0,0,0,0,35,70
85,17,2,1,1,1,1,1,1,0,0,0,0,0,50,70
85,209,2,1,1,1,1,1,1,0,0,0,0,0,35,70
85,337,2,1,1,1,1,1,1,0,0,0,0,0,35,70
85,77,2,0,0,1,0,0,0,0,0,0,0,0,7,70
85,125,2,1,1,1,1,1,1,0,0,0,0,0,0,70
85,29,2,1,1,1,1,1,1,0,0,0,0,0,35,70
85,221,2,1,1,1,1,1,1,0,0,0,0,0,0,70
85,349,2,1,1,1,1,1,1,0,0,0,0,0,0,70
85,101,2,1,0,1,0,0,0,0,0,0,0,0,7,70
85,5,2,0,0,1,0,0,0,0,0,0,0,0,42,70
85,197,2,1,0,1,0,0,0,0,0,0,0,0,7,70
85,325,2,1,0,1,0,0,0,0,0,0,0,0,7,70
85,53,2,1,1,1,1,1,1,0,0,0,0,0,35,70
85,245,2,1,1,1,1,1,1,0,0,0,0,0,0,70
85,373,2,1,1,1,1,1,1,0,0,0,0,0,0,70
85,149,2,1,1,1,1,1,1,0,0,0,0,0,35,70
85,277,2,1,1,1,1,1,1,0,0,0,0,0,35,70
85,469,2,1,1,1,1,1,1,0,0,0,0,0,0,70
86,86,0,1,1,1,1,1,1,0,0,0,0,0,0,44
86,87,1,1,1,1,1,1,1,0,0,0,0,0,0,44
86,84,1,1,1,1,1,1,1,0,0,0,0,0,20,44
86,82,1,1,1,1,1,1,1,0,0,0,0,0,24,44
86,94,1,1,1,1,1,1,1,0,0,0,0,0,0,44
86,70,1,0,0,1,0,0,0,0,0,0,0,0,6,44
86,118,1,1,1,1,1,1,1,0,0,0,0,0,0,44
86,22,1,1,1,1,1,1,1,0,0,0,0,0,24,44
86,214,1,1,1,1,1,1,1,0,0,0,0,0,0,44
86,342,1,1,1,1,1,1,1,0,0,0,0,0,0,44
86,85,2,1,1,1,1,1,1,0,0,0,0,0,20,44
86,83,2,1,1,1,1,1,1,0,0,0,0,0,24,44
86,95,2,1,1,1,1,1,1,0,0,0,0,0,0,44
86,71,2,0,0,1,0,0,0,0,0,0,0,0,6,44
86,119,2,1,1,1,1,1,1,0,0,0,0,0,0,44
86,23,2,1,1,1,1,1,1,0,0,0,0,0,24,44
86,215,2,1,1,1,1,1,1,0,0,0,0,0,0,44
86,343,2,1,1,1,1,1,1,0,0,0,0,0,0,44
86,80,2,1,1,1,1,1,1,0,0,0,0,0,27,44
86,92,2,1,1,1,1,1,1,0,0,0,0,0,20,44
86,68,2,0,0,1,0,0,0,0,0,0,0,0,26,44
86,116,2,1,1,1,1,1,1,0,0,0,0,0,20,44
86,20,2,1,1,1,1,1,1,0,0,0,0,0,26,44
86,212,2,1,1,1,1,1,1,0,0,0,0,0,20,44
86,340,2,1,1,1,1,1,1,0,0,0,0,0,20,44
86,90,2,1,1,1,1,1,1,0,0,0,0,0,24,44
86,66,2,0,0,1,0,0,0,0,0,0,0,0,30,44
86,114,2,1,1,1,1,1,1,0,0,0,0,0,24,44
86,18,2,1,1,1,1,1,1,0,0,0,0,0,32,44
86,210,2,1,1,1,1,1,1,0,0,0,0,0,24,44
86,338,2,1,1,1,1,1,1,0,0,0,0,0,24,44
86,78,2,0,0,1,0,0,0,0,0,0,0,0,6,44
86,126,2,1,1,1,1,1,1,0,0,0,0,0,0,44
86,30,2,1,1,1,1,1,1,0,0,0,0,0,24,44
86,222,2,1,1,1,1,1,1,0,0,0,0,0,0,44
86,350,2,1,1,1,1,1,1,0,0,0,0,0,0,44
86,102,2,1,0,1,0,0,0,0,0,0,0,0,6,44
86,6,2,0,0,1,0,0,0,0,0,0,0,0,30,44
86,198,2,1,0,1,0,0,0,0,0,0,0,0,6,44
86,326,2,1,0,1,0,0,0,0,0,0,0,0,6,44
86,54,2,1,1,1,1,1,1,0,0,0,0,0,24,44
86,246,2,1,1,1,1,1,1,0,0,0,0,0,0,44
86,374,2,1,1,1,1,1,1,0,0,0,0,0,0,44
86,150,2,1,1,1,1,1,1,0,0,0,0,0,24,44
86,278,2,1,1,1,1,1,1,0,0,0,0,0,24,44
86,470,2,1,1,1,1,1,1,0,0,0,0,0,0,44
87,87,0,1,1,1,1,1,1,0,0,0,0,0,0,71
87,86,1,1,1,1,1,1,1,0,0,0,0,0,41,71
87,85,1,1,1,1,1,1,1,0,0,0,0,0,24,71
87,83,1,1,1,1,1,1,1,0,0,0,0,0,35,71
87,95,1,1,1,1,1,1,1,0,0,0,0,0,0,71
87,71,1,0,0,1,0,0,0,0,0,0,0,0,7,71
87,119,1,1,1,1,1,1,1,0,0,0,0,0,0,71
87,23,1,1,1,1,1,1,1,0,0,0,0,0,35,71
87,215,1,1,1,1,1,1,1,0,0,0,0,0,0,71
87,343,1,1,1,1,1,1,1,0,0,0,0,0,0,71
87,84,2,1,1,1,1,1,1,0,0,0,0,0,43,71
87,82,2,1,1,1,1,1,1,0,0,0,0,0,49,71
87,94,2,1,1,1,1,1,1,0,0,0,0,0,41,71
87,70,2,0,0,1,0,0,0,0,0,0,0,0,48,71
87,118,2,1,1,1,1,1,1,0,0,0,0,0,41,71
87,22,2,1,1,1,1,1,1,0,0,0,0,0,49,71
87,214,2,1,1,1,1,1,1,0,0,0,0,0,41,71
87,342,2,1,1,1,1,1,1,0,0,0,0,0,41,71
87,81,2,1,1,1,1,1,1,0,0,0,0,0,38,71
87,93,2,1,1,1,1,1,1,0,0,0,0,0,24,71
87,69,2,0,0,1,0,0,0,0,0,0,0,0,31,71
87,117,2,1,1,1,1,1,1,0,0,0,0,0,24,71
87,21,2,1,1,1,1,1,1,0,0,0,0,0,37,71
87,213,2,1,1,1,1,1,1,0,0,0,0,0,24,71
87,341,2,1,1,1,1,1,1,0,0,0,0,0,24,71
87,91,2,1,1,1,1,1,1,0,0,0,0,0,35,71
87,67,2,0,0,1,0,0,0,0,0,0,0,0,42,71
87,115,2,1,1,1,1,1,1,0,0,0,0,0,35,71
87,19,2,1,1,1,1,1,1,0,0,0,0,0,50,71
87,211,2,1,1,1,1,1,1,0,0,0,0,0,35,71
87,339,2,1,1,1,1,1,1,0,0,0,0,0,35,71
87,79,2,0,0,1,0,0,0,0,0,0,0,0,7,71
87,127,2,1,1,1,1,1,1,0,0,0,0,0,0,71
87,31,2,1,1,1,1,1,1,0,0,0,0,0,35,71
87,223,2,1,1,1,1,1,1,0,0,0,0,0,0,71
87,351,2,1,1,1,1,1,1,0,0,0,0,0,0,71
87,103,2,1,0,1,0,0,0,0,0,0,0,0,7,71
87,7,2,0,0,1,0,0,0,0,0,0,0,0,42,71
87,199,2,1,0,1,0,0,0,0,0,0,0,0,7,71
87,327,2,1,0,1,0,0,0,0,0,0,0,0,7,71
87,55,2,1,1,1,1,1,1,0,0,0,0,0,35,71
87,247,2,1,1,1,1,1,1,0,0,0,0,0,0,71
87,375,2,1,1,1,1,1,1,0,0,0,0,0,0,71
87,151,2,1,1,1,1,1,1,0,0,0,0,0,35,71
87,279,2,1,1,1,1,1,1,0,0,0,0,0,35,71
87,471,2,1,1,1,1,1,1,0,0,0,0,0,0,71
88,88,0,1,1,1,1,1,1,0,0,0,0,0,0,15
88,89,1,1,1,1,1,1,1,0,0,0,0,0,0,15
88,90,1,1,1,1,1,1,1,0,0,0,0,0,0,15
88,92,1,1,1,1,1,1,1,0,0,0,0,0,0,15
88,80,1,1,1,1,1,1,1,0,0,0,0,0,4,15
88,72,1,0,0,1,0,0,0,0,0,0,0,0,4,15
88,120,1,1,1,1,1,1,1,0,0,0,0,0,0,15
88,24,1,1,1,1,1,1,1,0,0,0,0,0,4,15
88,216,1,1,1,1,1,1,1,0,0,0,0,0,0,15
88,344,1,1,1,1,1,1,1,0,0,0,0,0,0,15
88,91,2,1,1,1,1,1,1,0,0,0,0,0,0,15
88,93,2,1,1,1,1,1,1,0,0,0,0,0,0,15
88,81,2,1,1,1,1,1,1,0,0,0,0,0,4,15
88,73,2,0,0,1,0,0,0,0,0,0,0,0,4,15
88,121,2,1,1,1,1,1,1,0,0,0,0,0,0,15
88,25,2,1,1,1,1,1,1,0,0,0,0,0,4,15
88,217,2,1,1,1,1,1,1,0,0,0,0,0,0,15
88,345,2,1,1,1,1,1,1,0,0,0,0,0,0,15
88,94,2,1,1,1,1,1,1,0,0,0,0,0,0,15
88,82,2,1,1,1,1,1,1,0,0,0,0,0,4,15
88,74,2,0,0,1,0,0,0,0,0,0,0,0,4,15
88,122,2,1,1,1,1,1,1,0,0,0,0,0,0,15
88,26,2,1,1,1,1,1,1,0,0,0,0,0,4,15
88,218,2,1,1,1,1,1,1,0,0,0,0,0,0,15
88,346,2,1,1,1,1,1,1,0,0,0,0,0,0,15
88,84,2,1,1,1,1,1,1,0,0,0,0,0,4,15
88,76,2,0,0,1,0,0,0,0,0,0,0,0,4,15
88,124,2,1,1,1,1,1,1,0,0,0,0,0,0,15
88,28,2,1,1,1,1,1,1,0,0,0,0,0,4,15
88,220,2,1,1,1,1,1,1,0,0,0,0,0,0,15
88,348,2,1,1,1,1,1,1,0,0,0,0,0,0,15
88,64,2,0,0,1,0,0,0,0,0,0,0,0,8,15
88,112,2,1,1,1,1,1,1,0,0,0,0,0,4,15
88,16,2,1,1,1,1,1,1,0,0,0,0,0,8,15
88,208,2,1,1,1,1,1,1,0,0,0,0,0,4,15
88,336,2,1,1,1,1,1,1,0,0,0,0,0,4,15
88,104,2,1,0,1,0,0,0,0,0,0,0,0,4,15
88,8,2,0,0,1,0,0,0,0,0,0,0,0,8,15
88,200,2,0,0,1,0,0,0,0,0,0,0,0,4,15
88,328,2,0,0,1,0,0,0,0,0,0,0,0,4,15
88,56,2,1,1,1,1,1,1,0,0,0,0,0,4,15
88,248,2,1,1,1,1,1,1,0,0,0,0,0,0,15
88,376,2,1,1,1,1,1,1,0,0,0,0,0,0,15
88,152,2,1,1,1,1,1,1,0,0,0,0,0,4,15
88,280,2,1,1,1,1,1,1,0,0,0,0,0,4,15
88,472,2,1,1,1,1,1,1,0,0,0,0,0,0,15
89,89,0,1,1,1,1,1,1,0,0,0,0,0,0,28
89,88,1,1,1,1,1,1,1,0,0,0,0,0,13,28
89,91,1,1,1,1,1,1,1,0,0,0,0,0,0,28
89,93,1,1,1,1,1,1,1,0,0,0,0,0,0,28
89,81,1,1,1,1,1,1,1,0,0,0,0,0,5,28
89,73,1,0,0,1,0,0,0,0,0,0,0,0,5,28
89,121,1,1,1,1,1,1,1,0,0,0,0,0,0,28
89,25,1,1,1,1,1,1,1,0,0,0,0,0,13,28
89,217,1,1,1,1,1,1,1,0,0,0,0,0,0,28
89,345,1,1,1,1,1,1,1,0,0,0,0,0,0,28
89,90,2,1,1,1,1,1,1,0,0,0,0,0,13,28
89,92,2,1,1,1,1,1,1,0,0,0,0,0,13,28
89,80,2,1,1,1,1,1,1,0,0,0,0,0,14,28
89,72,2,0,0,1,0,0,0,0,0,0,0,0,18,28
89,120,2,1,1,1,1,1,1,0,0,0,0,0,13,28
89,24,2,1,1,1,1,1,1,0,0,0,0,0,18,28
89,216,2,1,1,1,1,1,1,0,0,0,0,0,13,28
89,344,2,1,1,1,1,1,1,0,0,0,0,0,13,28
89,95,2,1,1,1,1,1,1,0,0,0,0,0,0,28
89,83,2,1,1,1,1,1,1,0,0,0,0,0,5,28
89,75,2,0,0,1,0,0,0,0,0,0,0,0,5,28
89,123,2,1,1,1,1,1,1,0,0,0,0,0,0,28
89,27,2,1,1,1,1,1,1,0,0,0,0,0,13,28
89,219,2,1,1,1,1,1,1,0,0,0,0,0,0,28
89,347,2,1,1,1,1,1,1,0,0,0,0,0,0,28
89,85,2,1,1,1,1,1,1,0,0,0,0,0,5,28
89,77,2,0,0,1,0,0,0,0,0,0,0,0,5,28
89,125,2,1,1,1,1,1,1,0,0,0,0,0,0,28
89,29,2,1,1,1,1,1,1,0,0,0,0,0,13,28
89,221,2,1,1,1,1,1,1,0,0,0,0,0,0,28
89,349,2,1,1,1,1,1,1,0,0,0,0,0,0,28
89,65,2,0,0,1,0,0,0,0,0,0,0,0,10,28
89,113,2,1,1,1,1,1,1,0,0,0,0,0,5,28
89,17,2,1,1,1,1,1,1,0,0,0,0,0,14,28
89,209,2,1,1,1,1,1,1,0,0,0,0,0,5,28
89,337,2,1,1,1,1,1,1,0,0,0,0,0,5,28
89,105,2,1,0,1,0,0,0,0,0,0,0,0,5,28
89,9,2,0,0,1,0,0,0,0,0,0,0,0,18,28
89,201,2,0,0,1,0,0,0,0,0,0,0,0,5,28
89,329,2,0,0,1,0,0,0,0,0,0,0,0,5,28
89,57,2,1,1,1,1,1,1,0,0,0,0,0,13,28
89,249,2,1,1,1,1,1,1,0,0,0,0,0,0,28
89,377,2,1,1,1,1,1,1,0,0,0,0,0,0,28
89,153,2,1,1,1,1,1,1,0,0,0,0,0,13,28
89,281,2,1,1,1,1,1,1,0,0,0,0,0,13,28
89,473,2,1,1,1,1,1,1,0,0,0,0,0,0,28
90,90,0,1,1,1,1,1,1,0,0,0,0,0,0,28
90,91,1,1,1,1,1,1,1,0,0,0,0,0,0,28
90,88,1,1,1,1,1,1,1,0,0,0,0,0,13,28
90,94,1,1,1,1,1,1,1,0,0,0,0,0,0,28
90,82,1,1,1,1,1,1,1,0,0,0,0,0,5,28
90,74,1,0,0,1,0,0,0,0,0,0,0,0,5,28
90,122,1,1,1,1,1,1,1,0,0,0,0,0,0,28
90,26,1,1,1,1,1,1,1,0,0,0,0,0,13,28
90,218,1,1,1,1,1,1,1,0,0,0,0,0,0,28
90,346,1,1,1,1,1,1,1,0,0,0,0,0,0,28
90,89,2,1,1,1,1,1,1,0,0,0,0,0,13,28
90,95,2,1,1,1,1,1,1,0,0,0,0,0,0,28
90,83,2,1,1,1,1,1,1,0,0,0,0,0,5,28
90,75,2,0,0,1,0,0,0,0,0,0,0,0,5,28
90,123,2,1,1,1,1,1,1,0,0,0,0,0,0,28
90,27,2,1,1,1,1,1,1,0,0,0,0,0,13,28
90,219,2,1,1,1,1,1,1,0,0,0,0,0,0,28
90,347,2,1,1,1,1,1,1,0,0,0,0,0,0,28
90,92,2,1,1,1,1,1,1,0,0,0,0,0,13,28
90,80,2,1,1,1,1,1,1,0,0,0,0,0,14,28
90,72,2,0,0,1,0,0,0,0,0,0,0,0,18,28
90,120,2,1,1,1,1,1,1,0,0,0,0,0,13,28
90,24,2,1,1,1,1,1,1,0,0,0,0,0,18,28
90,216,2,1,1,1,1,1,1,0,0,0,0,0,13,28
90,344,2,1,1,1,1,1,1,0,0,0,0,0,13,28
90,86,2,1,1,1,1,1,1,0,0,0,0,0,5,28
90,78,2,0,0,1,0,0,0,0,0,0,0,0,5,28
90,126,2,1,1,1,1,1,1,0,0,0,0,0,0,28
90,30,2,1,1,1,1,1,1,0,0,0,0,0,13,28
90,222,2,1,1,1,1,1,1,0,0,0,0,0,0,28
90,350,2,1,1,1,1,1,1,0,0,0,0,0,0,28
90,66,2,0,0,1,0,0,0,0,0,0,0,0,10,28
90,114,2,1,1,1,1,1,1,0,0,0,0,0,5,28
90,18,2,1,1,1,1,1,1,0,0,0,0,0,14,28
90,210,2,1,1,1,1,1,1,0,0,0,0,0,5,28
90,338,2,1,1,1,1,1,1,0,0,0,0,0,5,28
90,106,2,1,0,1,0,0,0,0,0,0,0,0,5,28
90,10,2,0,0,1,0,0,0,0,0,0,0,0,18,28
90,202,2,1,0,1,0,0,0,0,0,0,0,0,5,28
90,330,2,1,0,1,0,0,0,0,0,0,0,0,5,28
90,58,2,1,1,1,1,1,1,0,0,0,0,0,13,28
90,250,2,1,1,1,1,1,1,0,0,0,0,0,0,28
90,378,2,1,1,1,1,1,1,0,0,0,0,0,0,28
90,154,2,1,1,1,1,1,1,0,0,0,0,0,13,28
90,282,2,1,1,1,1,1,1,0,0,0,0,0,13,28
90,474,2,1,1,1,1,1,1,0,0,0,0,0,0,28
91,91,0,1,1,1,1,1,1,0,0,0,0,0,0,45
91,90,1,1,1,1,1,1,1,0,0,0,0,0,16,45
91,89,1,1,1,1,1,1,1,0,0,0,0,0,16,45
91,95,1,1,1,1,1,1,1,0,0,0,0,0,0,45
91,83,1,1,1,1,1,1,1,0,0,0,0,0,6,45
91,75,1,0,0,1,0,0,0,0,0,0,0,0,6,45
91,123,1,1,1,1,1,1,1,0,0,0,0,0,0,45
91,27,1,1,1,1,1,1,1,0,0,0,0,0,21,45
91,219,1,1,1,1,1,1,1,0,0,0,0,0,0,45
91,347,1,1,1,1,1,1,1,0,0,0,0,0,0,45
91,88,2,1,1,1,1,1,1,0,0,0,0,0,27,45
91,94,2,1,1,1,1,1,1,0,0,0,0,0,16,45
91,82,2,1,1,1,1,1,1,0,0,0,0,0,17,45
91,74,2,0,0,1,0,0,0,0,0,0,0,0,22,45
91,122,2,1,1,1,1,1,1,0,0,0,0,0,16,45
91,26,2,1,1,1,1,1,1,0,0,0,0,0,27,45
91,218,2,1,1,1,1,1,1,0,0,0,0,0,16,45
91,346,2,1,1,1,1,1,1,0,0,0,0,0,16,45
91,93,2,1,1,1,1,1,1,0,0,0,0,0,16,45
91,81,2,1,1,1,1,1,1,0,0,0,0,0,17,45
91,73,2,0,0,1,0,0,0,0,0,0,0,0,22,45
91,121,2,1,1,1,1,1,1,0,0,0,0,0,16,45
91,25,2,1,1,1,1,1,1,0,0,0,0,0,27,45
91,217,2,1,1,1,1,1,1,0,0,0,0,0,16,45
91,345,2,1,1,1,1,1,1,0,0,0,0,0,16,45
91,87,2,1,1,1,1,1,1,0,0,0,0,0,6,45
91,79,2,0,0,1,0,0,0,0,0,0,0,0,6,45
91,127,2,1,1,1,1,1,1,0,0,0,0,0,0,45
91,31,2,1,1,1,1,1,1,0,0,0,0,0,21,45
91,223,2,1,1,1,1,1,1,0,0,0,0,0,0,45
91,351,2,1,1,1,1,1,1,0,0,0,0,0,0,45
91,67,2,0,0,1,0,0,0,0,0,0,0,0,12,45
91,115,2,1,1,1,1,1,1,0,0,0,0,0,6,45
91,19,2,1,1,1,1,1,1,0,0,0,0,0,22,45
91,211,2,1,1,1,1,1,1,0,0,0,0,0,6,45
91,339,2,1,1,1,1,1,1,0,0,0,0,0,6,45
91,107,2,1,0,1,0,0,0,0,0,0,0,0,6,45
91,11,2,0,0,1,0,0,0,0,0,0,0,0,27,45
91,203,2,1,0,1,0,0,0,0,0,0,0,0,6,45
91,331,2,1,0,1,0,0,0,0,0,0,0,0,6,45
91,59,2,1,1,1,1,1,1,0,0,0,0,0,21,45
91,251,2,1,1,1,1,1,1,0,0,0,0,0,0,45
91,379,2,1,1,1,1,1,1,0,0,0,0,0,0,45
91,155,2,1,1,1,1,1,1,0,0,0,0,0,21,45
91,283,2,1,1,1,1,1,1,0,0,0,0,0,21,45
91,475,2,1,1,1,1,1,1,0,0,0,0,0,0,45
92,92,0,1,1,1,1,1,1,0,0,0,0,0,0,44
92,93,1,1,1,1,1,1,1,0,0,0,0,0,0,44
92,94,1,1,1,1,1,1,1,0,0,0,0,0,0,44
92,88,1,1,1,1,1,1,1,0,0,0,0,0,24,44
92,84,1,1,1,1,1,1,1,0,0,0,0,0,20,44
92,76,1,0,0,1,0,0,0,0,0,0,0,0,6,44
92,124,1,1,1,1,1,1,1,0,0,0,0,0,0,44
92,28,1,1,1,1,1,1,1,0,0,0,0,0,24,44
92,220,1,1,1,1,1,1,1,0,0,0,0,0,0,44
92,348,1,1,1,1,1,1,1,0,0,0,0,0,0,44
92,95,2,1,1,1,1,1,1,0,0,0,0,0,0,44
92,89,2,1,1,1,1,1,1,0,0,0,0,0,24,44
92,85,2,1,1,1,1,1,1,0,0,0,0,0,20,44
92,77,2,0,0,1,0,0,0,0,0,0,0,0,6,44
92,125,2,1,1,1,1,1,1,0,0,0,0,0,0,44
92,29,2,1,1,1,1,1,1,0,0,0,0,0,24,44
92,221,2,1,1,1,1,1,1,0,0,0,0,0,0,44
92,349,2,1,1,1,1,1,1,0,0,0,0,0,0,44
92,90,2,1,1,1,1,1,1,0,0,0,0,0,24,44
92,86,2,1,1,1,1,1,1,0,0,0,0,0,20,44
92,78,2,0,0,1,0,0,0,0,0,0,0,0,6,44
92,126,2,1,1,1,1,1,1,0,0,0,0,0,0,44
92,30,2,1,1,1,1,1,1,0,0,0,0,0,24,44
92,222,2,1,1,1,1,1,1,0,0,0,0,0,0,44
92,350,2,1,1,1,1,1,1,0,0,0,0,0,0,44
92,80,2,1,1,1,1,1,1,0,0,0,0,0,26,44
92,72,2,0,0,1,0,0,0,0,0,0,0,0,30,44
92,120,2,1,1,1,1,1,1,0,0,0,0,0,24,44
92,24,2,1,1,1,1,1,1,0,0,0,0,0,32,44
92,216,2,1,1,1,1,1,1,0,0,0,0,0,24,44
92,344,2,1,1,1,1,1,1,0,0,0,0,0,24,44
92,68,2,0,0,1,0,0,0,0,0,0,0,0,26,44
92,116,2,1,1,1,1,1,1,0,0,0,0,0,20,44
92,20,2,1,1,1,1,1,1,0,0,0,0,0,27,44
92,212,2,1,1,1,1,1,1,0,0,0,0,0,20,44
92,340,2,1,1,1,1,1,1,0,0,0,0,0,20,44
92,108,2,1,0,1,0,0,0,0,0,0,0,0,6,44
92,12,2,0,0,1,0,0,0,0,0,0,0,0,30,44
92,204,2,1,0,1,0,0,0,0,0,0,0,0,6,44
92,332,2,1,0,1,0,0,0,0,0,0,0,0,6,44
92,60,2,1,1,1,1,1,1,0,0,0,0,0,24,44
92,252,2,1,1,1,1,1,1,0,0,0,0,0,0,44
92,380,2,1,1,1,1,1,1,0,0,0,0,0,0,44
92,156,2,1,1,1,1,1,1,0,0,0,0,0,24,44
92,284,2,1,1,1,1,1,1,0,0,0,0,0,24,44
92,476,2,1,1,1,1,1,1,0,0,0,0,0,0,44
93,93,0,1,1,1,1,1,1,0,0,0,0,0,0,71
93,92,1,1,1,1,1,1,1,0,0,0,0,0,41,71
93,95,1,1,1,1,1,1,1,0,0,0,0,0,0,71
93,89,1,1,1,1,1,1,1,0,0,0,0,0,35,71
93,85,1,1,1,1,1,1,1,0,0,0,0,0,24,71
93,77,1,0,0,1,0,0,0,0,0,0,0,0,7,71
93,125,1,1,1,1,1,1,1,0,0,0,0,0,0,71
93,29,1,1,1,1,1,1,1,0,0,0,0,0,35,71
93,221,1,1,1,1,1,1,1,0,0,0,0,0,0,71
93,349,1,1,1,1,1,1,1,0,0,0,0,0,0,71
93,94,2,1,1,1,1,1,1,0,0,0,0,0,41,71
93,88,2,1,1,1,1,1,1,0,0,0,0,0,49,71
93,84,2,1,1,1,1,1,1,0,0,0,0,0,43,71
93,76,2,0,0,1,0,0,0,0,0,0,0,0,48,71
93,124,2,1,1,1,1,1,1,0,0,0,0,0,41,71
93,28,2,1,1,1,1,1,1,0,0,0,0,0,49,71
93,220,2,1,1,1,1,1,1,0,0,0,0,0,41,71
93,348,2,1,1,1,1,1,1,0,0,0,0,0,41,71
93,91,2,1,1,1,1,1,1,0,0,0,0,0,35,71
93,87,2,1,1,1,1,1,1,0,0,0,0,0,24,71
93,79,2,0,0,1,0,0,0,0,0,0,0,0,7,71
93,127,2,1,1,1,1,1,1,0,0,0,0,0,0,71
93,31,2,1,1,1,1,1,1,0,0,0,0,0,35,71
93,223,2,1,1,1,1,1,1,0,0,0,0,0,0,71
93,351,2,1,1,1,1,1,1,0,0,0,0,0,0,71
93,81,2,1,1,1,1,1,1,0,0,0,0,0,37,71
93,73,2,0,0,1,0,0,0,0,0,0,0,0,42,71
93,121,2,1,1,1,1,1,1,0,0,0,0,0,35,71
93,25,2,1,1,1,1,1,1,0,0,0,0,0,50,71
93,217,2,1,1,1,1,1,1,0,0,0,0,0,35,71
93,345,2,1,1,1,1,1,1,0,0,0,0,0,35,71
93,69,2,0,0,1,0,0,0,0,0,0,0,0,31,71
93,117,2,1,1,1,1,1,1,0,0,0,0,0,24,71
93,21,2,1,1,1,1,1,1,0,0,0,0,0,38,71
93,213,2,1,1,1,1,1,1,0,0,0,0,0,24,71
93,341,2,1,1,1,1,1,1,0,0,0,0,0,24,71
93,109,2,1,0,1,0,0,0,0,0,0,0,0,7,71
93,13,2,0,0,1,0,0,0,0,0,0,0,0,42,71
93,205,2,1,0,1,0,0,0,0,0,0,0,0,7,71
93,333,2,1,0,1,0,0,0,0,0,0,0,0,7,71
93,61,2,1,1,1,1,1,1,0,0,0,0,0,35,71
93,253,2,1,1,1,1,1,1,0,0,0,0,0,0,71
93,381,2,1,1,1,1,1,1,0,0,0,0,0,0,71
93,157,2,1,1,1,1,1,1,0,0,0,0,0,35,71
93,285,2,1,1,1,1,1,1,0,0,0,0,0,35,71
93,477,2,1,1,1,1,1,1,0,0,0,0,0,0,71
94,94,0,1,1,1,1,1,1,0,0,0,0,0,0,45
94,95,1,1,1,1,1,1,1,0,0,0,0,0,0,45
94,92,1,1,1,1,1,1,1,0,0,0,0,0,20,45
94,90,1,1,1,1,1,1,1,0,0,0,0,0,24,45
94,86,1,1,1,1,1,1,1,0,0,0,0,0,20,45
94,78,1,0,0,1,0,0,0,0,0,0,0,0,6,45
94,126,1,1,1,1,1,1,1,0,0,0,0,0,0,45
94,30,1,1,1,1,1,1,1,0,0,0,0,0,24,45
94,222,1,1,1,1,1,1,1,0,0,0,0,0,0,45
94,350,1,1,1,1,1,1,1,0,0,0,0,0,0,45
94,93,2,1,1,1,1,1,1,0,0,0,0,0,20,45
94,91,2,1,1,1,1,1,1,0,0,0,0,0,24,45
94,87,2,1,1,1,1,1,1,0,0,0,0,0,20,45
94,79,2,0,0,1,0,0,0,0,0,0,0,0,6,45
94,127,2,1,1,1,1,1,1,0,0,0,0,0,0,45
94,31,2,1,1,1,1,1,1,0,0,0,0,0,24,45
94,223,2,1,1,1,1,1,1,0,0,0,0,0,0,45
94,351,2,1,1,1,1,1,1,0,0,0,0,0,0,45
94,88,2,1,1,1,1,1,1,0,0,0,0,0,27,45
94,84,2,1,1,1,1,1,1,0,0,0,0,0,22,45
94,76,2,0,0,1,0,0,0,0,0,0,0,0,26,45
94,124,2,1,1,1,1,1,1,0,0,0,0,0,20,45
94,28,2,1,1,1,1,1,1,0,0,0,0,0,26,45
94,220,2,1,1,1,1,1,1,0,0,0,0,0,20,45
94,348,2,1,1,1,1,1,1,0,0,0,0,0,20,45
94,82,2,1,1,1,1,1,1,0,0,0,0,0,26,45
94,74,2,0,0,1,0,0,0,0,0,0,0,0,30,45
94,122,2,1,1,1,1,1,1,0,0,0,0,0,24,45
94,26,2,1,1,1,1,1,1,0,0,0,0,0,32,45
94,218,2,1,1,1,1,1,1,0,0,0,0,0,24,45
94,346,2,1,1,1,1,1,1,0,0,0,0,0,24,45
94,70,2,0,0,1,0,0,0,0,0,0,0,0,26,45
94,118,2,1,1,1,1,1,1,0,0,0,0,0,20,45
94,22,2,1,1,1,1,1,1,0,0,0,0,0,27,45
94,214,2,1,1,1,1,1,1,0,0,0,0,0,20,45
94,342,2,1,1,1,1,1,1,0,0,0,0,0,20,45
94,110,2,1,0,1,0,0,0,0,0,0,0,0,6,45
94,14,2,0,0,1,0,0,0,0,0,0,0,0,30,45
94,206,2,1,0,1,0,0,0,0,0,0,0,0,6,45
94,334,2,1,0,1,0,0,0,0,0,0,0,0,6,45
94,62,2,1,1,1,1,1,1,0,0,0,0,0,24,45
94,254,2,1,1,1,1,1,1,0,0,0,0,0,0,45
94,382,2,1,1,1,1,1,1,0,0,0,0,0,0,45
94,158,2,1,1,1,1,1,1,0,0,0,0,0,24,45
94,286,2,1,1,1,1,1,1,0,0,0,0,0,24,45
94,478,2,1,1,1,1,1,1,0,0,0,0,0,0,45
95,95,0,1,1,1,1,1,1,0,0,0,0,0,0,72
95,94,1,1,1,1,1,1,1,0,0,0,0,0,41,72
95,93,1,1,1,1,1,1,1,0,0,0,0,0,24,72
95,91,1,1,1,1,1,1,1,0,0,0,0,0,35,72
95,87,1,1,1,1,1,1,1,0,0,0,0,0,24,72
95,79,1,0,0,1,0,0,0,0,0,0,0,0,7,72
95,127,1,1,1,1,1,1,1,0,0,0,0,0,0,72
95,31,1,1,1,1,1,1,1,0,0,0,0,0,35,72
95,223,1,1,1,1,1,1,1,0,0,0,0,0,0,72
95,351,1,1,1,1,1,1,1,0,0,0,0,0,0,72
95,92,2,1,1,1,1,1,1,0,0,0,0,0,43,72
95,90,2,1,1,1,1,1,1,0,0,0,0,0,49,72
95,86,2,1,1,1,1,1,1,0,0,0,0,0,43,72
95,78,2,0,0,1,0,0,0,0,0,0,0,0,48,72
95,126,2,1,1,1,1,1,1,0,0,0,0,0,41,72
95,30,2,1,1,1,1,1,1,0,0,0,0,0,49,72
95,222,2,1,1,1,1,1,1,0,0,0,0,0,41,72
95,350,2,1,1,1,1,1,1,0,0,0,0,0,41,72
95,89,2,1,1,1,1,1,1,0,0,0,0,0,38,72
95,85,2,1,1,1,1,1,1,0,0,0,0,0,26,72
95,77,2,0,0,1,0,0,0,0,0,0,0,0,31,72
95,125,2,1,1,1,1,1,1,0,0,0,0,0,24,72
95,29,2,1,1,1,1,1,1,0,0,0,0,0,37,72
95,221,2,1,1,1,1,1,1,0,0,0,0,0,24,72
95,349,2,1,1,1,1,1,1,0,0,0,0,0,24,72
95,83,2,1,1,1,1,1,1,0,0,0,0,0,37,72
95,75,2,0,0,1,0,0,0,0,0,0,0,0,42,72
95,123,2,1,1,1,1,1,1,0,0,0,0,0,35,72
95,27,2,1,1,1,1,1,1,0,0,0,0,0,50,72
95,219,2,1,1,1,1,1,1,0,0,0,0,0,35,72
95,347,2,1,1,1,1,1,1,0,0,0,0,0,35,72
95,71,2,0,0,1,0,0,0,0,0,0,0,0,31,72
95,119,2,1,1,1,1,1,1,0,0,0,0,0,24,72
95,23,2,1,1,1,1,1,1,0,0,0,0,0,38,72
95,215,2,1,1,1,1,1,1,0,0,0,0,0,24,72
95,343,2,1,1,1,1,1,1,0,0,0,0,0,24,72
95,111,2,1,0,1,0,0,0,0,0,0,0,0,7,72
95,15,2,0,0,1,0,0,0,0,0,0,0,0,42,72
95,207,2,1,0,1,0,0,0,0,0,0,0,0,7,72
95,335,2,1,0,1,0,0,0,0,0,0,0,0,7,72
95,63,2,1,1,1,1,1,1,0,0,0,0,0,35,72
95,255,2,1,1,1,1,1,1,0,0,0,0,0,0,72
95,383,2,1,1,1,1,1,1,0,0,0,0,0,0,72
95,159,2,1,1,1,1,1,1,0,0,0,0,0,35,72
95,287,2,1,1,1,1,1,1,0,0,0,0,0,35,72
95,479,2,1,1,1,1,1,1,0,0,0,0,0,0,72
97,97,0,1,1,1,1,1,1,0,0,0,0,0,0,108
97,96,1,0,0,1,0,0,0,0,0,0,0,0,67,108
97,99,1,1,1,1,1,1,1,0,0,0,0,0,0,108
97,101,1,1,1,1,1,1,1,0,0,0,0,0,0,108
97,105,1,1,1,1,1,1,1,0,0,0,0,0,0,108
97,113,1,1,1,1,1,1,1,0,0,0,0,0,0,108
97,65,1,0,0,1,0,0,0,0,0,0,0,0,74,108
97,33,1,0,0,1,0,0,0,0,0,0,0,0,67,108
97,225,1,1,1,1,1,1,1,0,0,0,0,0,0,108
97,353,1,1,1,1,1,1,1,0,0,0,0,0,0,108
97,98,2,1,0,1,0,0,0,0,0,0,0,0,67,108
97,100,2,0,0,1,0,0,0,0,0,0,0,0,67,108
97,104,2,1,0,1,0,0,0,0,0,0,0,0,67,108
97,112,2,1,0,1,0,0,0,0,0,0,0,0,67,108
97,64,2,0,0,1,0,0,0,0,0,0,0,0,91,108
97,32,2,0,0,1,0,0,0,0,0,0,0,0,90,108
97,224,2,0,0,1,0,0,0,0,0,0,0,0,67,108
97,352,2,0,0,1,0,0,0,0,0,0,0,0,67,108
97,103,2,1,1,1,1,1,1,0,0,0,0,0,0,108
97,107,2,1,1,1,1,1,1,0,0,0,0,0,0,108
97,115,2,1,1,1,1,1,1,0,0,0,0,0,0,108
97,67,2,0,0,1,0,0,0,0,0,0,0,0,74,108
97,35,2,0,0,1,0,0,0,0,0,0,0,0,67,108
97,227,2,1,1,1,1,1,1,0,0,0,0,0,0,108
97,355,2,1,1,1,1,1,1,0,0,0,0,0,0,108
97,109,2,1,1,1,1,1,1,0,0,0,0,0,0,108
97,117,2,1,1,1,1,1,1,0,0,0,0,0,0,108
97,69,2,0,0,1,0,0,0,0,0,0,0,0,74,108
97,37,2,0,0,1,0,0,0,0,0,0,0,0,67,108
97,229,2,1,1,1,1,1,1,0,0,0,0,0,0,108
97,357,2,1,1,1,1,1,1,0,0,0,0,0,0,108
97,121,2,1,1,1,1,1,1,0,0,0,0,0,0,108
97,73,2,0,0,1,0,0,0,0,0,0,0,0,74,108
97,41,2,1,0,1,0,0,0,0,0,0,0,0,67,108
97,233,2,1,1,1,1,1,1,0,0,0,0,0,0,108
97,361,2,1,1,1,1,1,1,0,0,0,0,0,0,108
97,81,2,1,0,1,0,0,0,0,0,0,0,0,74,108
97,49,2,1,0,1,0,0,0,0,0,0,0,0,67,108
97,241,2,1,1,1,1,1,1,0,0,0,0,0,0,108
97,369,2,1,1,1,1,1,1,0,0,0,0,0,0,108
97,1,2,0,0,1,0,0,0,0,0,0,0,0,91,108
97,193,2,0,0,1,0,0,0,0,0,0,0,0,74,108
97,321,2,0,0,1,0,0,0,0,0,0,0,0,74,108
97,161,2,1,0,1,0,0,0,0,0,0,0,0,67,108
97,289,2,0,0,1,0,0,0,0,0,0,0,0,67,108
97,481,2,1,1,1,1,1,1,0,0,0,0,0,0,108
98,98,0,1,1,1,1,1,1,0,0,0,0,0,0,69
98,99,1,1,1,1,1,1,1,0,0,0,0,0,0,69
98,96,1,0,0,1,0,0,0,0,0,0,0,0,36,69
98,102,1,1,1,1,1,1,1,0,0,0,0,0,0,69
98,106,1,1,1,1,1,1,1,0,0,0,0,0,0,69
98,114,1,1,1,1,1,1,1,0,0,0,0,0,0,69
98,66,1,0,0,1,0,0,0,0,0,0,0,0,36,69
98,34,1,0,0,1,0,0,0,0,0,0,0,0,46,69
98,226,1,1,1,1,1,1,1,0,0,0,0,0,0,69
98,354,1,1,1,1,1,1,1,0,0,0,0,0,0,69
98,97,2,1,0,1,0,0,0,0,0,0,0,0,36,69
98,103,2,1,1,1,1,1,1,0,0,0,0,0,0,69
98,107,2,1,1,1,1,1,1,0,0,0,0,0,0,69
98,115,2,1,1,1,1,1,1,0,0,0,0,0,0,69
98,67,2,0,0,1,0,0,0,0,0,0,0,0,36,69
98,35,2,0,0,1,0,0,0,0,0,0,0,0,46,69
98,227,2,1,1,1,1,1,1,0,0,0,0,0,0,69
98,355,2,1,1,1,1,1,1,0,0,0,0,0,0,69
98,100,2,0,0,1,0,0,0,0,0,0,0,0,36,69
98,104,2,1,0,1,0,0,0,0,0,0,0,0,36,69
98,112,2,1,0,1,0,0,0,0,0,0,0,0,36,69
98,64,2,0,0,1,0,0,0,0,0,0,0,0,56,69
98,32,2,0,0,1,0,0,0,0,0,0,0,0,55,69
98,224,2,0,0,1,0,0,0,0,0,0,0,0,36,69
98,352,2,0,0,1,0,0,0,0,0,0,0,0,36,69
98,110,2,1,1,1,1,1,1,0,0,0,0,0,0,69
98,118,2,1,1,1,1,1,1,0,0,0,0,0,0,69
98,70,2,0,0,1,0,0,0,0,0,0,0,0,36,69
98,38,2,0,0,1,0,0,0,0,0,0,0,0,46,69
98,230,2,1,1,1,1,1,1,0,0,0,0,0,0,69
98,358,2,1,1,1,1,1,1,0,0,0,0,0,0,69
98,122,2,1,1,1,1,1,1,0,0,0,0,0,0,69
98,74,2,0,0,1,0,0,0,0,0,0,0,0,36,69
98,42,2,1,0,1,0,0,0,0,0,0,0,0,46,69
98,234,2,1,1,1,1,1,1,0,0,0,0,0,0,69
98,362,2,1,1,1,1,1,1,0,0,0,0,0,0,69
98,82,2,1,0,1,0,0,0,0,0,0,0,0,36,69
98,50,2,1,0,1,0,0,0,0,0,0,0,0,46,69
98,242,2,1,1,1,1,1,1,0,0,0,0,0,0,69
98,370,2,1,1,1,1,1,1,0,0,0,0,0,0,69
98,2,2,0,0,1,0,0,0,0,0,0,0,0,55,69
98,194,2,1,0,1,0,0,0,0,0,0,0,0,36,69
98,322,2,1,0,1,0,0,0,0,0,0,0,0,36,69
98,162,2,1,0,1,0,0,0,0,0,0,0,0,46,69
98,290,2,0,0,1,0,0,0,0,0,0,0,0,46,69
98,482,2,1,1,1,1,1,1,0,0,0,0,0,0,69
99,99,0,1,1,1,1,1,1,0,0,0,0,0,0,109
99,98,1,1,1,1,1,1,1,0,0,0,0,0,67,109
99,97,1,1,1,1,0,0,1,0,1,1,1,0,42,109
99,103,1,1,1,1,1,1,1,0,0,0,0,0,0,109
99,107,1,1,1,1,1,1,1,0,0,0,0,0,0,109
99,115,1,1,1,1,1,1,1,0,0,0,0,0,0,109
99,67,1,0,0,1,0,0,0,0,0,0,0,0,74,109
99,35,1,0,0,1,0,0,0,0,0,0,0,0,67,109
99,227,1,1,1,1,1,1,1,0,0,0,0,0,0,109
99,355,1,1,1,1,1,1,1,0,0,0,0,0,0,109
99,96,2,0,0,1,0,0,0,0,0,0,0,0,71,109
99,102,2,1,1,1,1,1,1,0,0,0,0,0,67,109
99,106,2,1,1,1,1,1,1,0,0,0,0,0,67,109
99,114,2,1,1,1,1,1,1,0,0,0,0,0,67,109
99,66,2,0,0,1,0,0,0,0,0,0,0,0,91,109
99,34,2,0,0,1,0,0,0,0,0,0,0,0,90,109
99,226,2,1,1,1,1,1,1,0,0,0,0,0,67,109
99,354,2,1,1,1,1,1,1,0,0,0,0,0,67,109
99,101,2,1,1,1,0,0,1,0,1,1,1,0,42,109
99,105,2,1,1,1,0,0,1,0,1,1,1,0,42,109
99,113,2,1,1,1,0,0,1,0,1,1,1,0,42,109
99,65,2,0,0,1,0,0,0,0,0,0,0,0,78,109
99,33,2,0,0,1,0,0,0,0,0,0,0,0,77,109
99,225,2,1,1,1,0,0,1,0,1,1,1,0,42,109
99,353,2,1,1,1,0,0,1,0,1,1,1,0,42,109
99,111,2,1,1,1,1,1,1,0,0,0,0,0,0,109
99,119,2,1,1,1,1,1,1,0,0,0,0,0,0,109
99,71,2,0,0,1,0,0,0,0,0,0,0,0,74,109
99,39,2,0,0,1,0,0,0,0,0,0,0,0,67,109
99,231,2,1,1,1,1,1,1,0,0,0,0,0,0,109
99,359,2,1,1,1,1,1,1,0,0,0,0,0,0,109
99,123,2,1,1,1,1,1,1,0,0,0,0,0,0,109
99,75,2,0,0,1,0,0,0,0,0,0,0,0,74,109
99,43,2,1,0,1,0,0,0,0,0,0,0,0,67,109
99,235,2,1,1,1,1,1,1,0,0,0,0,0,0,109
99,363,2,1,1,1,1,1,1,0,0,0,0,0,0,109
99,83,2,1,0,1,0,0,0,0,0,0,0,0,74,109
99,51,2,1,0,1,0,0,0,0,0,0,0,0,67,109
99,243,2,1,1,1,1,1,1,0,0,0,0,0,0,109
99,371,2,1,1,1,1,1,1,0,0,0,0,0,0,109
99,3,2,0,0,1,0,0,0,0,0,0,0,0,91,109
99,195,2,1,0,1,0,0,0,0,0,0,0,0,74,109
99,323,2,1,0,1,0,0,0,0,0,0,0,0,74,109
99,163,2,1,0,1,0,0,0,0,0,0,0,0,67,109
99,291,2,0,0,1,0,0,0,0,0,0,0,0,67,109
99,483,2,1,1,1,1,1,1,0,0,0,0,0,0,109
101,101,0,1,1,1,1,1,1,0,0,0,0,0,0,156
101,100,1,0,0,1,0,0,0,0,0,0,0,0,92,156
101,103,1,1,1,1,1,1,1,0,0,0,0,0,0,156
101,97,1,1,1,1,0,0,1,0,1,1,1,0,111,156
101,109,1,1,1,1,1,1,1,0,0,0,0,0,0,156
101,117,1,1,1,1,1,1,1,0,0,0,0,0,0,156
101,69,1,0,0,1,0,0,0,0,0,0,0,0,98,156
101,37,1,0,0,1,0,0,0,0,0,0,0,0,111,156
101,229,1,1,1,1,1,1,1,0,0,0,0,0,0,156
101,357,1,1,1,1,1,1,1,0,0,0,0,0,0,156
101,102,2,1,0,1,0,0,0,0,0,0,0,0,92,156
101,96,2,0,0,1,0,0,0,0,0,0,0,0,132,156
101,108,2,1,0,1,0,0,0,0,0,0,0,0,92,156
101,116,2,1,0,1,0,0,0,0,0,0,0,0,92,156
101,68,2,0,0,1,0,0,0,0,0,0,0,0,126,156
101,36,2,0,0,1,0,0,0,0,0,0,0,0,132,156
101,228,2,0,0,1,0,0,0,0,0,0,0,0,92,156
101,356,2,0,0,1,0,0,0,0,0,0,0,0,92,156
101,99,2,1,1,1,0,0,1,0,1,1,1,0,111,156
101,111,2,1,1,1,1,1,1,0,0,0,0,0,0,156
101,119,2,1,1,1,1,1,1,0,0,0,0,0,0,156
101,71,2,0,0,1,0,0,0,0,0,0,0,0,98,156
101,39,2,0,0,1,0,0,0,0,0,0,0,0,111,156
101,231,2,1,1,1,1,1,1,0,0,0,0,0,0,156
101,359,2,1,1,1,1,1,1,0,0,0,0,0,0,156
101,105,2,1,1,1,0,0,1,0,1,1,1,0,111,156
101,113,2,1,1,1,0,0,1,0,1,1,1,0,111,156
101,65,2,0,0,1,0,0,0,0,0,0,0,0,118,156
101,33,2,0,0,1,0,0,0,0,0,0,0,0,133,156
101,225,2,1,1,1,0,0,1,0,1,1,1,0,111,156
101,353,2,1,1,1,0,0,1,0,1,1,1,0,111,156
101,125,2,1,1,1,1,1,1,0,0,0,0,0,0,156
101,77,2,0,0,1,0,0,0,0,0,0,0,0,98,156
101,45,2,1,0,1,0,0,0,0,0,0,0,0,111,156
101,237,2,1,1,1,1,1,1,0,0,0,0,0,0,156
101,365,2,1,1,1,1,1,1,0,0,0,0,0,0,156
101,85,2,1,0,1,0,0,0,0,0,0,0,0,98,156
101,53,2,1,0,1,0,0,0,0,0,0,0,0,111,156
101,245,2,1,1,1,1,1,1,0,0,0,0,0,0,156
101,373,2,1,1,1,1,1,1,0,0,0,0,0,0,156
101,5,2,0,0,1,0,0,0,0,0,0,0,0,118,156
101,197,2,1,0,1,0,0,0,0,0,0,0,0,98,156
101,325,2,1,0,1,0,0,0,0,0,0,0,0,98,156
101,165,2,1,0,1,0,0,0,0,0,0,0,0,111,156
101,293,2,0,0,1,0,0,0,0,0,0,0,0,111,156
101,485,2,1,1,1,1,1,1,0,0,0,0,0,0,156
102,102,0,1,1,1,1,1,1,0,0,0,0,0,0,102
102,103,1,1,1,1,1,1,1,0,0,0,0,0,0,102
102,100,1,0,0,1,0,0,0,0,0,0,0,0,48,102
102,98,1,1,1,1,1,1,1,0,0,0,0,0,78,102
102,110,1,1,1,1,1,1,1,0,0,0,0,0,0,102
102,118,1,1,1,1,1,1,1,0,0,0,0,0,0,102
102,70,1,0,0,1,0,0,0,0,0,0,0,0,48,102
102,38,1,0,0,1,0,0,0,0,0,0,0,0,78,102
102,230,1,1,1,1,1,1,1,0,0,0,0,0,0,102
102,358,1,1,1,1,1,1,1,0,0,0,0,0,0,102
102,101,2,1,0,1,0,0,0,0,0,0,0,0,48,102
102,99,2,1,1,1,1,1,1,0,0,0,0,0,78,102
102,111,2,1,1,1,1,1,1,0,0,0,0,0,0,102
102,119,2,1,1,1,1,1,1,0,0,0,0,0,0,102
102,71,2,0,0,1,0,0,0,0,0,0,0,0,48,102
102,39,2,0,0,1,0,0,0,0,0,0,0,0,78,102
102,231,2,1,1,1,1,1,1,0,0,0,0,0,0,102
102,359,2,1,1,1,1,1,1,0,0,0,0,0,0,102
102,96,2,0,0,1,0,0,0,0,0,0,0,0,83,102
102,108,2,1,0,1,0,0,0,0,0,0,0,0,48,102
102,116,2,1,0,1,0,0,0,0,0,0,0,0,48,102
102,68,2,0,0,1,0,0,0,0,0,0,0,0,77,102
102,36,2,0,0,1,0,0,0,0,0,0,0,0,82,102
102,228,2,0,0,1,0,0,0,0,0,0,0,0,48,102
102,356,2,0,0,1,0,0,0,0,0,0,0,0,48,102
102,106,2,1,1,1,1,1,1,0,0,0,0,0,78,102
102,114,2,1,1,1,1,1,1,0,0,0,0,0,78,102
102,66,2,0,0,1,0,0,0,0,0,0,0,0,83,102
102,34,2,0,0,1,0,0,0,0,0,0,0,0,90,102
102,226,2,1,1,1,1,1,1,0,0,0,0,0,78,102
102,354,2,1,1,1,1,1,1,0,0,0,0,0,78,102
102,126,2,1,1,1,1,1,1,0,0,0,0,0,0,102
102,78,2,0,0,1,0,0,0,0,0,0,0,0,48,102
102,46,2,1,0,1,0,0,0,0,0,0,0,0,78,102
102,238,2,1,1,1,1,1,1,0,0,0,0,0,0,102
102,366,2,1,1,1,1,1,1,0,0,0,0,0,0,102
102,86,2,1,0,1,0,0,0,0,0,0,0,0,48,102
102,54,2,1,0,1,0,0,0,0,0,0,0,0,78,102
102,246,2,1,1,1,1,1,1,0,0,0,0,0,0,102
102,374,2,1,1,1,1,1,1,0,0,0,0,0,0,102
102,6,2,0,0,1,0,0,0,0,0,0,0,0,82,102
102,198,2,1,0,1,0,0,0,0,0,0,0,0,48,102
102,326,2,1,0,1,0,0,0,0,0,0,0,0,48,102
102,166,2,1,0,1,0,0,0,0,0,0,0,0,78,102
102,294,2,0,0,1,0,0,0,0,0,0,0,0,78,102
102,486,2,1,1,1,1,1,1,0,0,0,0,0,0,102
103,103,0,1,1,1,1,1,1,0,0,0,0,0,0,157
103,102,1,1,1,1,1,1,1,0,0,0,0,0,92,157
103,101,1,1,1,1,0,0,1,0,1,1,1,0,55,157
103,99,1,1,1,1,1,1,1,0,0,0,0,0,111,157
103,111,1,1,1,1,1,1,1,0,0,0,0,0,0,157
103,119,1,1,1,1,1,1,1,0,0,0,0,0,0,157
103,71,1,0,0,1,0,0,0,0,0,0,0,0,98,157
103,39,1,0,0,1,0,0,0,0,0,0,0,0,111,157
103,231,1,1,1,1,1,1,1,0,0,0,0,0,0,157
103,359,1,1,1,1,1,1,1,0,0,0,0,0,0,157
103,100,2,0,0,1,0,0,0,0,0,0,0,0,96,157
103,98,2,1,1,1,1,1,1,0,0,0,0,0,132,157
103,110,2,1,1,1,1,1,1,0,0,0,0,0,92,157
103,118,2,1,1,1,1,1,1,0,0,0,0,0,92,157
103,70,2,0,0,1,0,0,0,0,0,0,0,0,126,157
103,38,2,0,0,1,0,0,0,0,0,0,0,0,132,157
103,230,2,1,1,1,1,1,1,0,0,0,0,0,92,157
103,358,2,1,1,1,1,1,1,0,0,0,0,0,92,157
103,97,2,1,1,1,0,0,1,0,1,1,1,0,116,157
103,109,2,1,1,1,0,0,1,0,1,1,1,0,55,157
103,117,2,1,1,1,0,0,1,0,1,1,1,0,55,157
103,69,2,0,0,1,0,0,0,0,0,0,0,0,103,157
103,37,2,0,0,1,0,0,0,0,0,0,0,0,115,157
103,229,2,1,1,1,0,0,1,0,1,1,1,0,55,157
103,357,2,1,1,1,0,0,1,0,1,1,1,0,55,157
103,107,2,1,1,1,1,1,1,0,0,0,0,0,111,157
103,115,2,1,1,1,1,1,1,0,0,0,0,0,111,157
103,67,2,0,0,1,0,0,0,0,0,0,0,0,118,157
103,35,2,0,0,1,0,0,0,0,0,0,0,0,133,157
103,227,2,1,1,1,1,1,1,0,0,0,0,0,111,157
103,355,2,1,1,1,1,1,1,0,0,0,0,0,111,157
103,127,2,1,1,1,1,1,1,0,0,0,0,0,0,157
103,79,2,0,0,1,0,0,0,0,0,0,0,0,98,157
103,47,2,1,0,1,0,0,0,0,0,0,0,0,111,157
103,239,2,1,1,1,1,1,1,0,0,0,0,0,0,157
103,367,2,1,1,1,1,1,1,0,0,0,0,0,0,157
103,87,2,1,0,1,0,0,0,0,0,0,0,0,98,157
103,55,2,1,0,1,0,0,0,0,0,0,0,0,111,157
103,247,2,1,1,1,1,1,1,0,0,0,0,0,0,157
103,375,2,1,1,1,1,1,1,0,0,0,0,0,0,157
103,7,2,0,0,1,0,0,0,0,0,0,0,0,118,157
103,199,2,1,0,1,0,0,0,0,0,0,0,0,98,157
103,327,2,1,0,1,0,0,0,0,0,0,0,0,98,157
103,167,2,1,0,1,0,0,0,0,0,0,0,0,111,157
103,295,2,0,0,1,0,0,0,0,0,0,0,0,111,157
103,487,2,1,1,1,1,1,1,0,0,0,0,0,0,157
104,104,0,1,1,1,1,1,1,0,0,0,0,0,0,43
104,105,1,1,1,1,1,1,1,0,0,0,0,0,0,43
104,106,1,1,1,1,1,1,1,0,0,0,0,0,0,43
104,108,1,1,1,1,1,1,1,0,0,0,0,0,0,43
104,96,1,0,0,1,0,0,0,0,0,0,0,0,16,43
104,120,1,1,1,1,1,1,1,0,0,0,0,0,0,43
104,72,1,0,0,1,0,0,0,0,0,0,0,0,26,43
104,40,1,1,1,1,1,1,1,0,0,0,0,0,16,43
104,232,1,1,1,1,1,1,1,0,0,0,0,0,0,43
104,360,1,1,1,1,1,1,1,0,0,0,0,0,0,43
104,107,2,1,1,1,1,1,1,0,0,0,0,0,0,43
104,109,2,1,1,1,1,1,1,0,0,0,0,0,0,43
104,97,2,1,0,1,0,0,0,0,0,0,0,0,16,43
104,121,2,1,1,1,1,1,1,0,0,0,0,0,0,43
104,73,2,0,0,1,0,0,0,0,0,0,0,0,26,43
104,41,2,1,1,1,1,1,1,0,0,0,0,0,16,43
104,233,2,1,1,1,1,1,1,0,0,0,0,0,0,43
104,361,2,1,1,1,1,1,1,0,0,0,0,0,0,43
104,110,2,1,1,1,1,1,1,0,0,0,0,0,0,43
104,98,2,1,0,1,0,0,0,0,0,0,0,0,16,43
104,122,2,1,1,1,1,1,1,0,0,0,0,0,0,43
104,74,2,0,0,1,0,0,0,0,0,0,0,0,26,43
104,42,2,1,1,1,1,1,1,0,0,0,0,0,16,43
104,234,2,1,1,1,1,1,1,0,0,0,0,0,0,43
104,362,2,1,1,1,1,1,1,0,0,0,0,0,0,43
104,100,2,0,0,1,0,0,0,0,0,0,0,0,16,43
104,124,2,1,1,1,1,1,1,0,0,0,0,0,0,43
104,76,2,0,0,1,0,0,0,0,0,0,0,0,26,43
104,44,2,1,1,1,1,1,1,0,0,0,0,0,16,43
104,236,2,1,1,1,1,1,1,0,0,0,0,0,0,43
104,364,2,1,1,1,1,1,1,0,0,0,0,0,0,43
104,112,2,1,0,1,0,0,0,0,0,0,0,0,16,43
104,64,2,0,0,1,0,0,0,0,0,0,0,0,32,43
104,32,2,0,0,1,0,0,0,0,0,0,0,0,32,43
104,224,2,0,0,1,0,0,0,0,0,0,0,0,16,43
104,352,2,0,0,1,0,0,0,0,0,0,0,0,16,43
104,88,2,1,0,1,0,0,0,0,0,0,0,0,26,43
104,56,2,1,1,1,1,1,1,0,0,0,0,0,16,43
104,248,2,1,1,1,1,1,1,0,0,0,0,0,0,43
104,376,2,1,1,1,1,1,1,0,0,0,0,0,0,43
104,8,2,0,0,1,0,0,0,0,0,0,0,0,32,43
104,200,2,0,0,1,0,0,0,0,0,0,0,0,26,43
104,328,2,0,0,1,0,0,0,0,0,0,0,0,26,43
104,168,2,1,1,1,1,1,1,0,0,0,0,0,16,43
104,296,2,1,1,1,1,1,1,0,0,0,0,0,16,43
104,488,2,1,1,1,1,1,1,0,0,0,0,0,0,43
105,105,0,1,1,1,1,1,1,0,0,0,0,0,0,109
105,104,1,1,1,1,1,1,1,0,0,0,0,0,67,109
105,107,1,1,1,1,1,1,1,0,0,0,0,0,0,109
105,109,1,1,1,1,1,1,1,0,0,0,0,0,0,109
105,97,1,1,1,1,0,0,1,0,1,1,1,0,22,109
105,121,1,1,1,1,1,1,1,0,0,0,0,0,0,109
105,73,1,0,0,1,0,0,0,0,0,0,0,0,74,109
105,41,1,1,1,1,1,1,1,0,0,0,0,0,67,109
105,233,1,1,1,1,1,1,1,0,0,0,0,0,0,109
105,361,1,1,1,1,1,1,1,0,0,0,0,0,0,109
105,106,2,1,1,1,1,1,1,0,0,0,0,0,67,109
105,108,2,1,1,1,1,1,1,0,0,0,0,0,67,109
105,96,2,0,0,1,0,0,0,0,0,0,0,0,70,109
105,120,2,1,1,1,1,1,1,0,0,0,0,0,67,109
105,72,2,0,0,1,0,0,0,0,0,0,0,0,91,109
105,40,2,1,1,1,1,1,1,0,0,0,0,0,90,109
105,232,2,1,1,1,1,1,1,0,0,0,0,0,67,109
105,360,2,1,1,1,1,1,1,0,0,0,0,0,67,109
105,111,2,1,1,1,1,1,1,0,0,0,0,0,0,109
105,99,2,1,1,1,0,0,1,0,1,1,1,0,22,109
105,123,2,1,1,1,1,1,1,0,0,0,0,0,0,109
105,75,2,0,0,1,0,0,0,0,0,0,0,0,74,109
105,43,2,1,1,1,1,1,1,0,0,0,0,0,67,109
105,235,2,1,1,1,1,1,1,0,0,0,0,0,0,109
105,363,2,1,1,1,1,1,1,0,0,0,0,0,0,109
105,101,2,1,1,1,0,0,1,0,1,1,1,0,22,109
105,125,2,1,1,1,1,1,1,0,0,0,0,0,0,109
105,77,2,0,0,1,0,0,0,0,0,0,0,0,74,109
105,45,2,1,1,1,1,1,1,0,0,0,0,0,67,109
105,237,2,1,1,1,1,1,1,0,0,0,0,0,0,109
105,365,2,1,1,1,1,1,1,0,0,0,0,0,0,109
105,113,2,1,1,1,0,0,1,0,1,1,1,0,22,109
105,65,2,0,0,1,0,0,0,0,0,0,0,0,76,109
105,33,2,0,0,1,0,0,0,0,0,0,0,0,70,109
105,225,2,1,1,1,0,0,1,0,1,1,1,0,22,109
105,353,2,1,1,1,0,0,1,0,1,1,1,0,22,109
105,89,2,1,0,1,0,0,0,0,0,0,0,0,74,109
105,57,2,1,1,1,1,1,1,0,0,0,0,0,67,109
105,249,2,1,1,1,1,1,1,0,0,0,0,0,0,109
105,377,2,1,1,1,1,1,1,0,0,0,0,0,0,109
105,9,2,0,0,1,0,0,0,0,0,0,0,0,91,109
105,201,2,0,0,1,0,0,0,0,0,0,0,0,74,109
105,329,2,0,0,1,0,0,0,0,0,0,0,0,74,109
105,169,2,1,1,1,1,1,1,0,0,0,0,0,67,109
105,297,2,1,1,1,1,1,1,0,0,0,0,0,67,109
105,489,2,1,1,1,1,1,1,0,0,0,0,0,0,109
106,106,0,1,1,1,1,1,1,0,0,0,0,0,0,70
106,107,1,1,1,1,1,1,1,0,0,0,0,0,0,70
106,104,1,1,1,1,1,1,1,0,0,0,0,0,36,70
106,110,1,1,1,1,1,1,1,0,0,0,0,0,0,70
106,98,1,1,1,1,0,0,1,0,1,1,1,0,19,70
106,122,1,1,1,1,1,1,1,0,0,0,0,0,0,70
106,74,1,0,0,1,0,0,0,0,0,0,0,0,36,70
106,42,1,1,1,1,1,1,1,0,0,0,0,0,46,70
106,234,1,1,1,1,1,1,1,0,0,0,0,0,0,70
106,362,1,1,1,1,1,1,1,0,0,0,0,0,0,70
106,105,2,1,1,1,1,1,1,0,0,0,0,0,36,70
106,111,2,1,1,1,1,1,1,0,0,0,0,0,0,70
106,99,2,1,1,1,0,0,1,0,1,1,1,0,19,70
106,123,2,1,1,1,1,1,1,0,0,0,0,0,0,70
106,75,2,0,0,1,0,0,0,0,0,0,0,0,36,70
106,43,2,1,1,1,1,1,1,0,0,0,0,0,46,70
106,235,2,1,1,1,1,1,1,0,0,0,0,0,0,70
106,363,2,1,1,1,1,1,1,0,0,0,0,0,0,70
106,108,2,1,1,1,1,1,1,0,0,0,0,0,36,70
106,96,2,0,0,1,0,0,0,0,0,0,0,0,38,70
106,120,2,1,1,1,1,1,1,0,0,0,0,0,36,70
106,72,2,0,0,1,0,0,0,0,0,0,0,0,56,70
106,40,2,1,1,1,1,1,1,0,0,0,0,0,55,70
106,232,2,1,1,1,1,1,1,0,0,0,0,0,36,70
106,360,2,1,1,1,1,1,1,0,0,0,0,0,36,70
106,102,2,1,1,1,0,0,1,0,1,1,1,0,19,70
106,126,2,1,1,1,1,1,1,0,0,0,0,0,0,70
106,78,2,0,0,1,0,0,0,0,0,0,0,0,36,70
106,46,2,1,1,1,1,1,1,0,0,0,0,0,46,70
106,238,2,1,1,1,1,1,1,0,0,0,0,0,0,70
106,366,2,1,1,1,1,1,1,0,0,0,0,0,0,70
106,114,2,1,1,1,0,0,1,0,1,1,1,0,19,70
106,66,2,0,0,1,0,0,0,0,0,0,0,0,43,70
106,34,2,0,0,1,0,0,0,0,0,0,0,0,49,70
106,226,2,1,1,1,0,0,1,0,1,1,1,0,19,70
106,354,2,1,1,1,0,0,1,0,1,1,1,0,19,70
106,90,2,1,0,1,0,0,0,0,0,0,0,0,36,70
106,58,2,1,1,1,1,1,1,0,0,0,0,0,46,70
106,250,2,1,1,1,1,1,1,0,0,0,0,0,0,70
106,378,2,1,1,1,1,1,1,0,0,0,0,0,0,70
106,10,2,0,0,1,0,0,0,0,0,0,0,0,55,70
106,202,2,1,0,1,0,0,0,0,0,0,0,0,36,70
106,330,2,1,0,1,0,0,0,0,0,0,0,0,36,70
106,170,2,1,1,1,1,1,1,0,0,0,0,0,46,70
106,298,2,1,1,1,1,1,1,0,0,0,0,0,46,70
106,490,2,1,1,1,1,1,1,0,0,0,0,0,0,70
107,107,0,1,1,1,1,1,1,0,0,0,0,0,0,110
107,106,1,1,1,1,1,1,1,0,0,0,0,0,67,110
107,105,1,1,1,1,1,1,1,0,0,0,0,0,42,110
107,111,1,1,1,1,1,1,1,0,0,0,0,0,0,110
107,99,1,1,1,1,0,0,1,0,1,1,1,0,22,110
107,123,1,1,1,1,1,1,1,0,0,0,0,0,0,110
107,75,1,0,0,1,0,0,0,0,0,0,0,0,74,110
107,43,1,1,1,1,1,1,1,0,0,0,0,0,67,110
107,235,1,1,1,1,1,1,1,0,0,0,0,0,0,110
107,363,1,1,1,1,1,1,1,0,0,0,0,0,0,110
107,104,2,1,1,1,1,1,1,0,0,0,0,0,71,110
107,110,2,1,1,1,1,1,1,0,0,0,0,0,67,110
107,98,2,1,1,1,0,0,1,0,1,1,1,0,70,110
107,122,2,1,1,1,1,1,1,0,0,0,0,0,67,110
107,74,2,0,0,1,0,0,0,0,0,0,0,0,91,110
107,42,2,1,1,1,1,1,1,0,0,0,0,0,90,110
107,234,2,1,1,1,1,1,1,0,0,0,0,0,67,110
107,362,2,1,1,1,1,1,1,0,0,0,0,0,67,110
107,109,2,1,1,1,1,1,1,0,0,0,0,0,42,110
107,97,2,1,1,1,0,0,1,0,1,1,1,0,44,110
107,121,2,1,1,1,1,1,1,0,0,0,0,0,42,110
107,73,2,0,0,1,0,0,0,0,0,0,0,0,78,110
107,41,2,1,1,1,1,1,1,0,0,0,0,0,77,110
107,233,2,1,1,1,1,1,1,0,0,0,0,0,42,110
107,361,2,1,1,1,1,1,1,0,0,0,0,0,42,110
107,103,2,1,1,1,0,0,1,0,1,1,1,0,22,110
107,127,2,1,1,1,1,1,1,0,0,0,0,0,0,110
107,79,2,0,0,1,0,0,0,0,0,0,0,0,74,110
107,47,2,1,1,1,1,1,1,0,0,0,0,0,67,110
107,239,2,1,1,1,1,1,1,0,0,0,0,0,0,110
107,367,2,1,1,1,1,1,1,0,0,0,0,0,0,110
107,115,2,1,1,1,0,0,1,0,1,1,1,0,22,110
107,67,2,0,0,1,0,0,0,0,0,0,0,0,76,110
107,35,2,0,0,1,0,0,0,0,0,0,0,0,70,110
107,227,2,1,1,1,0,0,1,0,1,1,1,0,22,110
107,355,2,1,1,1,0,0,1,0,1,1,1,0,22,110
107,91,2,1,0,1,0,0,0,0,0,0,0,0,74,110
107,59,2,1,1,1,1,1,1,0,0,0,0,0,67,110
107,251,2,1,1,1,1,1,1,0,0,0,0,0,0,110
107,379,2,1,1,1,1,1,1,0,0,0,0,0,0,110
107,11,2,0,0,1,0,0,0,0,0,0,0,0,91,110
107,203,2,1,0,1,0,0,0,0,0,0,0,0,74,110
107,331,2,1,0,1,0,0,0,0,0,0,0,0,74,110
107,171,2,1,1,1,1,1,1,0,0,0,0,0,67,110
107,299,2,1,1,1,1,1,1,0,0,0,0,0,67,110
107,491,2,1,1,1,1,1,1,0,0,0,0,0,0,110
108,108,0,1,1,1,1,1,1,0,0,0,0,0,0,102
108,109,1,1,1,1,1,1,1,0,0,0,0,0,0,102
108,110,1,1,1,1,1,1,1,0,0,0,0,0,0,102
108,104,1,1,1,1,1,1,1,0,0,0,0,0,78,102
108,100,1,0,0,1,0,0,0,0,0,0,0,0,48,102
108,124,1,1,1,1,1,1,1,0,0,0,0,0,0,102
108,76,1,0,0,1,0,0,0,0,0,0,0,0,48,102
108,44,1,1,1,1,1,1,1,0,0,0,0,0,78,102
108,236,1,1,1,1,1,1,1,0,0,0,0,0,0,102
108,364,1,1,1,1,1,1,1,0,0,0,0,0,0,102
108,111,2,1,1,1,1,1,1,0,0,0,0,0,0,102
108,105,2,1,1,1,1,1,1,0,0,0,0,0,78,102
108,101,2,1,0,1,0,0,0,0,0,0,0,0,48,102
108,125,2,1,1,1,1,1,1,0,0,0,0,0,0,102
108,77,2,0,0,1,0,0,0,0,0,0,0,0,48,102
108,45,2,1,1,1,1,1,1,0,0,0,0,0,78,102
108,237,2,1,1,1,1,1,1,0,0,0,0,0,0,102
108,365,2,1,1,1,1,1,1,0,0,0,0,0,0,102
108,106,2,1,1,1,1,1,1,0,0,0,0,0,78,102
108,102,2,1,0,1,0,0,0,0,0,0,0,0,48,102
108,126,2,1,1,1,1,1,1,0,0,0,0,0,0,102
108,78,2,0,0,1,0,0,0,0,0,0,0,0,48,102
108,46,2,1,1,1,1,1,1,0,0,0,0,0,78,102
108,238,2,1,1,1,1,1,1,0,0,0,0,0,0,102
108,366,2,1,1,1,1,1,1,0,0,0,0,0,0,102
108,96,2,0,0,1,0,0,0,0,0,0,0,0,82,102
108,120,2,1,1,1,1,1,1,0,0,0,0,0,78,102
108,72,2,0,0,1,0,0,0,0,0,0,0,0,83,102
108,40,2,1,1,1,1,1,1,0,0,0,0,0,90,102
108,232,2,1,1,1,1,1,1,0,0,0,0,0,78,102
108,360,2,1,1,1,1,1,1,0,0,0,0,0,78,102
108,116,2,1,0,1,0,0,0,0,0,0,0,0,48,102
108,68,2,0,0,1,0,0,0,0,0,0,0,0,76,102
108,36,2,0,0,1,0,0,0,0,0,0,0,0,83,102
108,228,2,0,0,1,0,0,0,0,0,0,0,0,48,102
108,356,2,0,0,1,0,0,0,0,0,0,0,0,48,102
108,92,2,1,0,1,0,0,0,0,0,0,0,0,48,102
108,60,2,1,1,1,1,1,1,0,0,0,0,0,78,102
108,252,2,1,1,1,1,1,1,0,0,0,0,0,0,102
108,380,2,1,1,1,1,1,1,0,0,0,0,0,0,102
108,12,2,0,0,1,0,0,0,0,0,0,0,0,82,102
108,204,2,1,0,1,0,0,0,0,0,0,0,0,48,102
108,332,2,1,0,1,0,0,0,0,0,0,0,0,48,102
108,172,2,1,1,1,1,1,1,0,0,0,0,0,78,102
108,300,2,1,1,1,1,1,1,0,0,0,0,0,78,102
108,492,2,1,1,1,1,1,1,0,0,0,0,0,0,102
109,109,0,1,1,1,1,1,1,0,0,0,0,0,0,157
109,108,1,1,1,1,1,1,1,0,0,0,0,0,92,157
109,111,1,1,1,1,1,1,1,0,0,0,0,0,0,157
109,105,1,1,1,1,1,1,1,0,0,0,0,0,111,157
109,101,1,1,1,1,0,0,1,0,1,1,1,0,55,157
109,125,1,1,1,1,1,1,1,0,0,0,0,0,0,157
109,77,1,0,0,1,0,0,0,0,0,0,0,0,98,157
109,45,1,1,1,1,1,1,1,0,0,0,0,0,111,157
109,237,1,1,1,1,1,1,1,0,0,0,0,0,0,157
109,365,1,1,1,1,1,1,1,0,0,0,0,0,0,157
109,110,2,1,1,1,1,1,1,0,0,0,0,0,92,157
109,104,2,1,1,1,1,1,1,0,0,0,0,0,132,157
109,100,2,0,0,1,0,0,0,0,0,0,0,0,96,157
109,124,2,1,1,1,1,1,1,0,0,0,0,0,92,157
109,76,2,0,0,1,0,0,0,0,0,0,0,0,126,157
109,44,2,1,1,1,1,1,1,0,0,0,0,0,132,157
109,236,2,1,1,1,1,1,1,0,0,0,0,0,92,157
109,364,2,1,1,1,1,1,1,0,0,0,0,0,92,157
109,107,2,1,1,1,1,1,1,0,0,0,0,0,111,157
109,103,2,1,1,1,0,0,1,0,1,1,1,0,55,157
109,127,2,1,1,1,1,1,1,0,0,0,0,0,0,157
109,79,2,0,0,1,0,0,0,0,0,0,0,0,98,157
109,47,2,1,1,1,1,1,1,0,0,0,0,0,111,157
109,239,2,1,1,1,1,1,1,0,0,0,0,0,0,157
109,367,2,1,1,1,1,1,1,0,0,0,0,0,0,157
109,97,2,1,1,1,0,0,1,0,1,1,1,0,115,157
109,121,2,1,1,1,1,1,1,0,0,0,0,0,111,157
109,73,2,0,0,1,0,0,0,0,0,0,0,0,118,157
109,41,2,1,1,1,1,1,1,0,0,0,0,0,133,157
109,233,2,1,1,1,1,1,1,0,0,0,0,0,111,157
109,361,2,1,1,1,1,1,1,0,0,0,0,0,111,157
109,117,2,1,1,1,0,0,1,0,1,1,1,0,55,157
109,69,2,0,0,1,0,0,0,0,0,0,0,0,102,157
109,37,2,0,0,1,0,0,0,0,0,0,0,0,116,157
109,229,2,1,1,1,0,0,1,0,1,1,1,0,55,157
109,357,2,1,1,1,0,0,1,0,1,1,1,0,55,157
109,93,2,1,0,1,0,0,0,0,0,0,0,0,98,157
109,61,2,1,1,1,1,1,1,0,0,0,0,0,111,157
109,253,2,1,1,1,1,1,1,0,0,0,0,0,0,157
109,381,2,1,1,1,1,1,1,0,0,0,0,0,0,157
109,13,2,0,0,1,0,0,0,0,0,0,0,0,118,157
109,205,2,1,0,1,0,0,0,0,0,0,0,0,98,157
109,333,2,1,0,1,0,0,0,0,0,0,0,0,98,157
109,173,2,1,1,1,1,1,1,0,0,0,0,0,111,157
109,301,2,1,1,1,1,1,1,0,0,0,0,0,111,157
109,493,2,1,1,1,1,1,1,0,0,0,0,0,0,157
110,110,0,1,1,1,1,1,1,0,0,0,0,0,0,103
110,111,1,1,1,1,1,1,1,0,0,0,0,0,0,103
110,108,1,1,1,1,1,1,1,0,0,0,0,0,48,103
110,106,1,1,1,1,1,1,1,0,0,0,0,0,78,103
110,102,1,1,1,1,0,0,1,0,1,1,1,0,48,103
110,126,1,1,1,1,1,1,1,0,0,0,0,0,0,103
110,78,1,0,0,1,0,0,0,0,0,0,0,0,48,103
110,46,1,1,1,1,1,1,1,0,0,0,0,0,78,103
110,238,1,1,1,1,1,1,1,0,0,0,0,0,0,103
110,366,1,1,1,1,1,1,1,0,0,0,0,0,0,103
110,109,2,1,1,1,1,1,1,0,0,0,0,0,48,103
110,107,2,1,1,1,1,1,1,0,0,0,0,0,78,103
110,103,2,1,1,1,0,0,1,0,1,1,1,0,48,103
110,127,2,1,1,1,1,1,1,0,0,0,0,0,0,103
110,79,2,0,0,1,0,0,0,0,0,0,0,0,48,103
110,47,2,1,1,1,1,1,1,0,0,0,0,0,78,103
110,239,2,1,1,1,1,1,1,0,0,0,0,0,0,103
110,367,2,1,1,1,1,1,1,0,0,0,0,0,0,103
110,104,2,1,1,1,1,1,1,0,0,0,0,0,83,103
110,100,2,0,0,1,0,0,0,0,0,0,0,0,51,103
110,124,2,1,1,1,1,1,1,0,0,0,0,0,48,103
110,76,2,0,0,1,0,0,0,0,0,0,0,0,77,103
110,44,2,1,1,1,1,1,1,0,0,0,0,0,82,103
110,236,2,1,1,1,1,1,1,0,0,0,0,0,48,103
110,364,2,1,1,1,1,1,1,0,0,0,0,0,48,103
110,98,2,1,1,1,0,0,1,0,1,1,1,0,82,103
110,122,2,1,1,1,1,1,1,0,0,0,0,0,78,103
110,74,2,0,0,1,0,0,0,0,0,0,0,0,83,103
110,42,2,1,1,1,1,1,1,0,0,0,0,0,90,103
110,234,2,1,1,1,1,1,1,0,0,0,0,0,78,103
110,362,2,1,1,1,1,1,1,0,0,0,0,0,78,103
110,118,2,1,1,1,0,0,1,0,1,1,1,0,48,103
110,70,2,0,0,1,0,0,0,0,0,0,0,0,76,103
110,38,2,0,0,1,0,0,0,0,0,0,0,0,83,103
110,230,2,1,1,1,0,0,1,0,1,1,1,0,48,103
110,358,2,1,1,1,0,0,1,0,1,1,1,0,48,103
110,94,2,1,0,1,0,0,0,0,0,0,0,0,48,103
110,62,2,1,1,1,1,1,1,0,0,0,0,0,78,103
110,254,2,1,1,1,1,1,1,0,0,0,0,0,0,103
110,382,2,1,1,1,1,1,1,0,0,0,0,0,0,103
110,14,2,0,0,1,0,0,0,0,0,0,0,0,82,103
110,206,2,1,0,1,0,0,0,0,0,0,0,0,48,103
110,334,2,1,0,1,0,0,0,0,0,0,0,0,48,103
110,174,2,1,1,1,1,1,1,0,0,0,0,0,78,103
110,302,2,1,1,1,1,1,1,0,0,0,0,0,78,103
110,494,2,1,1,1,1,1,1,0,0,0,0,0,0,103
111,111,0,1,1,1,1,1,1,0,0,0,0,0,0,158
111,110,1,1,1,1,1,1,1,0,0,0,0,0,92,158
111,109,1,1,1,1,1,1,1,0,0,0,0,0,55,158
111,107,1,1,1,1,1,1,1,0,0,0,0,0,111,158
111,103,1,1,1,1,0,0,1,0,1,1,1,0,55,158
111,127,1,1,1,1,1,1,1,0,0,0,0,0,0,158
111,79,1,0,0,1,0,0,0,0,0,0,0,0,98,158
111,47,1,1,1,1,1,1,1,0,0,0,0,0,111,158
111,239,1,1,1,1,1,1,1,0,0,0,0,0,0,158
111,367,1,1,1,1,1,1,1,0,0,0,0,0,0,158
111,108,2,1,1,1,1,1,1,0,0,0,0,0,96,158
111,106,2,1,1,1,1,1,1,0,0,0,0,0,132,158
111,102,2,1,1,1,0,0,1,0,1,1,1,0,96,158
111,126,2,1,1,1,1,1,1,0,0,0,0,0,92,158
111,78,2,0,0,1,0,0,0,0,0,0,0,0,126,158
111,46,2,1,1,1,1,1,1,0,0,0,0,0,132,158
111,238,2,1,1,1,1,1,1,0,0,0,0,0,92,158
111,366,2,1,1,1,1,1,1,0,0,0,0,0,92,158
111,105,2,1,1,1,1,1,1,0,0,0,0,0,116,158
111,101,2,1,1,1,0,0,1,0,1,1,1,0,58,158
111,125,2,1,1,1,1,1,1,0,0,0,0,0,55,158
111,77,2,0,0,1,0,0,0,0,0,0,0,0,103,158
111,45,2,1,1,1,1,1,1,0,0,0,0,0,115,158
111,237,2,1,1,1,1,1,1,0,0,0,0,0,55,158
111,365,2,1,1,1,1,1,1,0,0,0,0,0,55,158
111,99,2,1,1,1,0,0,1,0,1,1,1,0,115,158
111,123,2,1,1,1,1,1,1,0,0,0,0,0,111,158
111,75,2,0,0,1,0,0,0,0,0,0,0,0,118,158
111,43,2,1,1,1,1,1,1,0,0,0,0,0,133,158
111,235,2,1,1,1,1,1,1,0,0,0,0,0,111,158
111,363,2,1,1,1,1,1,1,0,0,0,0,0,111,158
111,119,2,1,1,1,0,0,1,0,1,1,1,0,55,158
111,71,2,0,0,1,0,0,0,0,0,0,0,0,102,158
111,39,2,0,0,1,0,0,0,0,0,0,0,0,116,158
111,231,2,1,1,1,0,0,1,0,1,1,1,0,55,158
111,359,2,1,1,1,0,0,1,0,1,1,1,0,55,158
111,95,2,1,0,1,0,0,0,0,0,0,0,0,98,158
111,63,2,1,1,1,1,1,1,0,0,0,0,0,111,158
111,255,2,1,1,1,1,1,1,0,0,0,0,0,0,158
111,383,2,1,1,1,1,1,1,0,0,0,0,0,0,158
111,15,2,0,0,1,0,0,0,0,0,0,0,0,118,158
111,207,2,1,0,1,0,0,0,0,0,0,0,0,98,158
111,335,2,1,0,1,0,0,0,0,0,0,0,0,98,158
111,175,2,1,1,1,1,1,1,0,0,0,0,0,111,158
111,303,2,1,1,1,1,1,1,0,0,0,0,0,111,158
111,495,2,1,1,1,1,1,1,0,0,0,0,0,0,158
112,112,0,1,1,1,1,1,1,0,0,0,0,0,0,27
112,113,1,1,1,1,1,1,1,0,0,0,0,0,0,27
112,114,1,1,1,1,1,1,1,0,0,0,0,0,0,27
112,116,1,1,1,1,1,1,1,0,0,0,0,0,0,27
112,120,1,1,1,1,1,1,1,0,0,0,0,0,0,27
112,96,1,0,0,1,0,0,0,0,0,0,0,0,5,27
112,80,1,1,1,1,1,1,1,0,0,0,0,0,13,27
112,48,1,1,1,1,1,1,1,0,0,0,0,0,13,27
112,240,1,1,1,1,1,1,1,0,0,0,0,0,0,27
112,368,1,1,1,1,1,1,1,0,0,0,0,0,0,27
112,115,2,1,1,1,1,1,1,0,0,0,0,0,0,27
112,117,2,1,1,1,1,1,1,0,0,0,0,0,0,27
112,121,2,1,1,1,1,1,1,0,0,0,0,0,0,27
112,97,2,1,0,1,0,0,0,0,0,0,0,0,5,27
112,81,2,1,1,1,1,1,1,0,0,0,0,0,13,27
112,49,2,1,1,1,1,1,1,0,0,0,0,0,13,27
112,241,2,1,1,1,1,1,1,0,0,0,0,0,0,27
112,369,2,1,1,1,1,1,1,0,0,0,0,0,0,27
112,118,2,1,1,1,1,1,1,0,0,0,0,0,0,27
112,122,2,1,1,1,1,1,1,0,0,0,0,0,0,27
112,98,2,1,0,1,0,0,0,0,0,0,0,0,5,27
112,82,2,1,1,1,1,1,1,0,0,0,0,0,13,27
112,50,2,1,1,1,1,1,1,0,0,0,0,0,13,27
112,242,2,1,1,1,1,1,1,0,0,0,0,0,0,27
112,370,2,1,1,1,1,1,1,0,0,0,0,0,0,27
112,124,2,1,1,1,1,1,1,0,0,0,0,0,0,27
112,100,2,0,0,1,0,0,0,0,0,0,0,0,5,27
112,84,2,1,1,1,1,1,1,0,0,0,0,0,13,27
112,52,2,1,1,1,1,1,1,0,0,0,0,0,13,27
112,244,2,1,1,1,1,1,1,0,0,0,0,0,0,27
112,372,2,1,1,1,1,1,1,0,0,0,0,0,0,27
112,104,2,1,0,1,0,0,0,0,0,0,0,0,5,27
112,88,2,1,1,1,1,1,1,0,0,0,0,0,13,27
112,56,2,1,1,1,1,1,1,0,0,0,0,0,13,27
112,248,2,1,1,1,1,1,1,0,0,0,0,0,0,27
112,376,2,1,1,1,1,1,1,0,0,0,0,0,0,27
112,64,2,0,0,1,0,0,0,0,0,0,0,0,18,27
112,32,2,0,0,1,0,0,0,0,0,0,0,0,18,27
112,224,2,0,0,1,0,0,0,0,0,0,0,0,5,27
112,352,2,0,0,1,0,0,0,0,0,0,0,0,5,27
112,16,2,1,1,1,1,1,1,0,0,0,0,0,18,27
112,208,2,1,1,1,1,1,1,0,0,0,0,0,13,27
112,336,2,1,1,1,1,1,1,0,0,0,0,0,13,27
112,176,2,1,1,1,1,1,1,0,0,0,0,0,13,27
112,304,2,1,1,1,1,1,1,0,0,0,0,0,13,27
112,496,2,1,1,1,1,1,1,0,0,0,0,0,0,27
113,113,0,1,1,1,1,1,1,0,0,0,0,0,0,109
113,112,1,1,1,1,1,1,1,0,0,0,0,0,67,109
113,115,1,1,1,1,1,1,1,0,0,0,0,0,0,109
113,117,1,1,1,1,1,1,1,0,0,0,0,0,0,109
113,121,1,1,1,1,1,1,1,0,0,0,0,0,0,109
113,97,1,1,1,1,0,0,1,0,1,1,1,0,8,109
113,81,1,1,1,1,1,1,1,0,0,0,0,0,74,109
113,49,1,1,1,1,1,1,1,0,0,0,0,0,67,109
113,241,1,1,1,1,1,1,1,0,0,0,0,0,0,109
113,369,1,1,1,1,1,1,1,0,0,0,0,0,0,109
113,114,2,1,1,1,1,1,1,0,0,0,0,0,67,109
113,116,2,1,1,1,1,1,1,0,0,0,0,0,67,109
113,120,2,1,1,1,1,1,1,0,0,0,0,0,67,109
113,96,2,0,0,1,0,0,0,0,0,0,0,0,69,109
113,80,2,1,1,1,1,1,1,0,0,0,0,0,91,109
113,48,2,1,1,1,1,1,1,0,0,0,0,0,90,109
113,240,2,1,1,1,1,1,1,0,0,0,0,0,67,109
113,368,2,1,1,1,1,1,1,0,0,0,0,0,67,109
113,119,2,1,1,1,1,1,1,0,0,0,0,0,0,109
113,123,2,1,1,1,1,1,1,0,0,0,0,0,0,109
113,99,2,1,1,1,0,0,1,0,1,1,1,0,8,109
113,83,2,1,1,1,1,1,1,0,0,0,0,0,74,109
113,51,2,1,1,1,1,1,1,0,0,0,0,0,67,109
113,243,2,1,1,1,1,1,1,0,0,0,0,0,0,109
113,371,2,1,1,1,1,1,1,0,0,0,0,0,0,109
113,125,2,1,1,1,1,1,1,0,0,0,0,0,0,109
113,101,2,1,1,1,0,0,1,0,1,1,1,0,8,109
113,85,2,1,1,1,1,1,1,0,0,0,0,0,74,109
113,53,2,1,1,1,1,1,1,0,0,0,0,0,67,109
113,245,2,1,1,1,1,1,1,0,0,0,0,0,0,109
113,373,2,1,1,1,1,1,1,0,0,0,0,0,0,109
113,105,2,1,1,1,0,0,1,0,1,1,1,0,8,109
113,89,2,1,1,1,1,1,1,0,0,0,0,0,74,109
113,57,2,1,1,1,1,1,1,0,0,0,0,0,67,109
113,249,2,1,1,1,1,1,1,0,0,0,0,0,0,109
113,377,2,1,1,1,1,1,1,0,0,0,0,0,0,109
113,65,2,0,0,1,0,0,0,0,0,0,0,0,75,109
113,33,2,0,0,1,0,0,0,0,0,0,0,0,69,109
113,225,2,1,1,1,0,0,1,0,1,1,1,0,8,109
113,353,2,1,1,1,0,0,1,0,1,1,1,0,8,109
113,17,2,1,1,1,1,1,1,0,0,0,0,0,91,109
113,209,2,1,1,1,1,1,1,0,0,0,0,0,74,109
113,337,2,1,1,1,1,1,1,0,0,0,0,0,74,109
113,177,2,1,1,1,1,1,1,0,0,0,0,0,67,109
113,305,2,1,1,1,1,1,1,0,0,0,0,0,67,109
113,497,2,1,1,1,1,1,1,0,0,0,0,0,0,109
114,114,0,1,1,1,1,1,1,0,0,0,0,0,0,70
114,115,1,1,1,1,1,1,1,0,0,0,0,0,0,70
114,112,1,1,1,1,1,1,1,0,0,0,0,0,36,70
114,118,1,1,1,1,1,1,1,0,0,0,0,0,0,70
114,122,1,1,1,1,1,1,1,0,0,0,0,0,0,70
114,98,1,1,1,1,0,0,1,0,1,1,1,0,7,70
114,82,1,1,1,1,1,1,1,0,0,0,0,0,36,70
114,50,1,1,1,1,1,1,1,0,0,0,0,0,46,70
114,242,1,1,1,1,1,1,1,0,0,0,0,0,0,70
114,370,1,1,1,1,1,1,1,0,0,0,0,0,0,70
114,113,2,1,1,1,1,1,1,0,0,0,0,0,36,70
114,119,2,1,1,1,1,1,1,0,0,0,0,0,0,70
114,123,2,1,1,1,1,1,1,0,0,0,0,0,0,70
114,99,2,1,1,1,0,0,1,0,1,1,1,0,7,70
114,83,2,1,1,1,1,1,1,0,0,0,0,0,36,70
114,51,2,1,1,1,1,1,1,0,0,0,0,0,46,70
114,243,2,1,1,1,1,1,1,0,0,0,0,0,0,70
114,371,2,1,1,1,1,1,1,0,0,0,0,0,0,70
114,116,2,1,1,1,1,1,1,0,0,0,0,0,36,70
114,120,2,1,1,1,1,1,1,0,0,0,0,0,36,70
114,96,2,0,0,1,0,0,0,0,0,0,0,0,37,70
114,80,2,1,1,1,1,1,1,0,0,0,0,0,56,70
114,48,2,1,1,1,1,1,1,0,0,0,0,0,55,70
114,240,2,1,1,1,1,1,1,0,0,0,0,0,36,70
114,368,2,1,1,1,1,1,1,0,0,0,0,0,36,70
114,126,2,1,1,1,1,1,1,0,0,0,0,0,0,70
114,102,2,1,1,1,0,0,1,0,1,1,1,0,7,70
114,86,2,1,1,1,1,1,1,0,0,0,0,0,36,70
114,54,2,1,1,1,1,1,1,0,0,0,0,0,46,70
114,246,2,1,1,1,1,1,1,0,0,0,0,0,0,70
114,374,2,1,1,1,1,1,1,0,0,0,0,0,0,70
114,106,2,1,1,1,0,0,1,0,1,1,1,0,7,70
114,90,2,1,1,1,1,1,1,0,0,0,0,0,36,70
114,58,2,1,1,1,1,1,1,0,0,0,0,0,46,70
114,250,2,1,1,1,1,1,1,0,0,0,0,0,0,70
114,378,2,1,1,1,1,1,1,0,0,0,0,0,0,70
114,66,2,0,0,1,0,0,0,0,0,0,0,0,37,70
114,34,2,0,0,1,0,0,0,0,0,0,0,0,48,70
114,226,2,1,1,1,0,0,1,0,1,1,1,0,7,70
114,354,2,1,1,1,0,0,1,0,1,1,1,0,7,70
114,18,2,1,1,1,1,1,1,0,0,0,0,0,55,70
114,210,2,1,1,1,1,1,1,0,0,0,0,0,36,70
114,338,2,1,1,1,1,1,1,0,0,0,0,0,36,70
114,178,2,1,1,1,1,1,1,0,0,0,0,0,46,70
114,306,2,1,1,1,1,1,1,0,0,0,0,0,46,70
114,498,2,1,1,1,1,1,1,0,0,0,0,0,0,70
115,115,0,1,1,1,1,1,1,0,0,0,0,0,0,110
115,114,1,1,1,1,1,1,1,0,0,0,0,0,67,110
115,113,1,1,1,1,1,1,1,0,0,0,0,0,42,110
115,119,1,1,1,1,1,1,1,0,0,0,0,0,0,110
115,123,1,1,1,1,1,1,1,0,0,0,0,0,0,110
115,99,1,1,1,1,0,0,1,0,1,1,1,0,8,110
115,83,1,1,1,1,1,1,1,0,0,0,0,0,74,110
115,51,1,1,1,1,1,1,1,0,0,0,0,0,67,110
115,243,1,1,1,1,1,1,1,0,0,0,0,0,0,110
115,371,1,1,1,1,1,1,1,0,0,0,0,0,0,110
115,112,2,1,1,1,1,1,1,0,0,0,0,0,71,110
115,118,2,1,1,1,1,1,1,0,0,0,0,0,67,110
115,122,2,1,1,1,1,1,1,0,0,0,0,0,67,110
115,98,2,1,1,1,0,0,1,0,1,1,1,0,69,110
115,82,2,1,1,1,1,1,1,0,0,0,0,0,91,110
115,50,2,1,1,1,1,1,1,0,0,0,0,0,90,110
115,242,2,1,1,1,1,1,1,0,0,0,0,0,67,110
115,370,2,1,1,1,1,1,1,0,0,0,0,0,67,110
115,117,2,1,1,1,1,1,1,0,0,0,0,0,42,110
115,121,2,1,1,1,1,1,1,0,0,0,0,0,42,110
115,97,2,1,1,1,0,0,1,0,1,1,1,0,43,110
115,81,2,1,1,1,1,1,1,0,0,0,0,0,78,110
115,49,2,1,1,1,1,1,1,0,0,0,0,0,77,110
115,241,2,1,1,1,1,1,1,0,0,0,0,0,42,110
115,369,2,1,1,1,1,1,1,0,0,0,0,0,42,110
115,127,2,1,1,1,1,1,1,0,0,0,0,0,0,110
115,103,2,1,1,1,0,0,1,0,1,1,1,0,8,110
115,87,2,1,1,1,1,1,1,0,0,0,0,0,74,110
115,55,2,1,1,1,1,1,1,0,0,0,0,0,67,110
115,247,2,1,1,1,1,1,1,0,0,0,0,0,0,110
115,375,2,1,1,1,1,1,1,0,0,0,0,0,0,110
115,107,2,1,1,1,0,0,1,0,1,1,1,0,8,110
115,91,2,1,1,1,1,1,1,0,0,0,0,0,74,110
115,59,2,1,1,1,1,1,1,0,0,0,0,0,67,110
115,251,2,1,1,1,1,1,1,0,0,0,0,0,0,110
115,379,2,1,1,1,1,1,1,0,0,0,0,0,0,110
115,67,2,0,0,1,0,0,0,0,0,0,0,0,75,110
115,35,2,0,0,1,0,0,0,0,0,0,0,0,69,110
115,227,2,1,1,1,0,0,1,0,1,1,1,0,8,110
115,355,2,1,1,1,0,0,1,0,1,1,1,0,8,110
115,19,2,1,1,1,1,1,1,0,0,0,0,0,91,110
115,211,2,1,1,1,1,1,1,0,0,0,0,0,74,110
115,339,2,1,1,1,1,1,1,0,0,0,0,0,74,110
115,179,2,1,1,1,1,1,1,0,0,0,0,0,67,110
115,307,2,1,1,1,1,1,1,0,0,0,0,0,67,110
115,499,2,1,1,1,1,1,1,0,0,0,0,0,0,110
116,116,0,1,1,1,1,1,1,0,0,0,0,0,0,44
116,117,1,1,1,1,1,1,1,0,0,0,0,0,0,44
116,118,1,1,1,1,1,1,1,0,0,0,0,0,0,44
116,112,1,1,1,1,1,1,1,0,0,0,0,0,24,44
116,124,1,1,1,1,1,1,1,0,0,0,0,0,0,44
116,100,1,0,0,1,0,0,0,0,0,0,0,0,6,44
116,84,1,1,1,1,1,1,1,0,0,0,0,0,20,44
116,52,1,1,1,1,1,1,1,0,0,0,0,0,24,44
116,244,1,1,1,1,1,1,1,0,0,0,0,0,0,44
116,372,1,1,1,1,1,1,1,0,0,0,0,0,0,44
116,119,2,1,1,1,1,1,1,0,0,0,0,0,0,44
116,113,2,1,1,1,1,1,1,0,0,0,0,0,24,44
116,125,2,1,1,1,1,1,1,0,0,0,0,0,0,44
116,101,2,1,0,1,0,0,0,0,0,0,0,0,6,44
116,85,2,1,1,1,1,1,1,0,0,0,0,0,20,44
116,53,2,1,1,1,1,1,1,0,0,0,0,0,24,44
116,245,2,1,1,1,1,1,1,0,0,0,0,0,0,44
116,373,2,1,1,1,1,1,1,0,0,0,0,0,0,44
116,114,2,1,1,1,1,1,1,0,0,0,0,0,24,44
116,126,2,1,1,1,1,1,1,0,0,0,0,0,0,44
116,102,2,1,0,1,0,0,0,0,0,0,0,0,6,44
116,86,2,1,1,1,1,1,1,0,0,0,0,0,20,44
116,54,2,1,1,1,1,1,1,0,0,0,0,0,24,44
116,246,2,1,1,1,1,1,1,0,0,0,0,0,0,44
116,374,2,1,1,1,1,1,1,0,0,0,0,0,0,44
116,120,2,1,1,1,1,1,1,0,0,0,0,0,24,44
116,96,2,0,0,1,0,0,0,0,0,0,0,0,30,44
116,80,2,1,1,1,1,1,1,0,0,0,0,0,27,44
116,48,2,1,1,1,1,1,1,0,0,0,0,0,32,44
116,240,2,1,1,1,1,1,1,0,0,0,0,0,24,44
116,368,2,1,1,1,1,1,1,0,0,0,0,0,24,44
116,108,2,1,0,1,0,0,0,0,0,0,0,0,6,44
116,92,2,1,1,1,1,1,1,0,0,0,0,0,20,44
116,60,2,1,1,1,1,1,1,0,0,0,0,0,24,44
116,252,2,1,1,1,1,1,1,0,0,0,0,0,0,44
116,380,2,1,1,1,1,1,1,0,0,0,0,0,0,44
116,68,2,0,0,1,0,0,0,0,0,0,0,0,26,44
116,36,2,0,0,1,0,0,0,0,0,0,0,0,30,44
116,228,2,0,0,1,0,0,0,0,0,0,0,0,6,44
116,356,2,0,0,1,0,0,0,0,0,0,0,0,6,44
116,20,2,1,1,1,1,1,1,0,0,0,0,0,26,44
116,212,2,1,1,1,1,1,1,0,0,0,0,0,20,44
116,340,2,1,1,1,1,1,1,0,0,0,0,0,20,44
116,180,2,1,1,1,1,1,1,0,0,0,0,0,24,44
116,308,2,1,1,1,1,1,1,0,0,0,0,0,24,44
116,500,2,1,1,1,1,1,1,0,0,0,0,0,0,44
117,117,0,1,1,1,1,1,1,0,0,0,0,0,0,157
117,116,1,1,1,1,1,1,1,0,0,0,0,0,92,157
117,119,1,1,1,1,1,1,1,0,0,0,0,0,0,157
117,113,1,1,1,1,1,1,1,0,0,0,0,0,111,157
117,125,1,1,1,1,1,1,1,0,0,0,0,0,0,157
117,101,1,1,1,1,0,0,1,0,1,1,1,0,9,157
117,85,1,1,1,1,1,1,1,0,0,0,0,0,98,157
117,53,1,1,1,1,1,1,1,0,0,0,0,0,111,157
117,245,1,1,1,1,1,1,1,0,0,0,0,0,0,157
117,373,1,1,1,1,1,1,1,0,0,0,0,0,0,157
117,118,2,1,1,1,1,1,1,0,0,0,0,0,92,157
117,112,2,1,1,1,1,1,1,0,0,0,0,0,132,157
117,124,2,1,1,1,1,1,1,0,0,0,0,0,92,157
117,100,2,0,0,1,0,0,0,0,0,0,0,0,94,157
117,84,2,1,1,1,1,1,1,0,0,0,0,0,126,157
117,52,2,1,1,1,1,1,1,0,0,0,0,0,132,157
117,244,2,1,1,1,1,1,1,0,0,0,0,0,92,157
117,372,2,1,1,1,1,1,1,0,0,0,0,0,92,157
117,115,2,1,1,1,1,1,1,0,0,0,0,0,111,157
117,127,2,1,1,1,1,1,1,0,0,0,0,0,0,157
117,103,2,1,1,1,0,0,1,0,1,1,1,0,9,157
117,87,2,1,1,1,1,1,1,0,0,0,0,0,98,157
117,55,2,1,1,1,1,1,1,0,0,0,0,0,111,157
117,247,2,1,1,1,1,1,1,0,0,0,0,0,0,157
117,375,2,1,1,1,1,1,1,0,0,0,0,0,0,157
117,121,2,1,1,1,1,1,1,0,0,0,0,0,111,157
117,97,2,1,1,1,0,0,1,0,1,1,1,0,113,157
117,81,2,1,1,1,1,1,1,0,0,0,0,0,118,157
117,49,2,1,1,1,1,1,1,0,0,0,0,0,133,157
117,241,2,1,1,1,1,1,1,0,0,0,0,0,111,157
117,369,2,1,1,1,1,1,1,0,0,0,0,0,111,157
117,109,2,1,1,1,0,0,1,0,1,1,1,0,9,157
117,93,2,1,1,1,1,1,1,0,0,0,0,0,98,157
117,61,2,1,1,1,1,1,1,0,0,0,0,0,111,157
117,253,2,1,1,1,1,1,1,0,0,0,0,0,0,157
117,381,2,1,1,1,1,1,1,0,0,0,0,0,0,157
117,69,2,0,0,1,0,0,0,0,0,0,0,0,99,157
117,37,2,0,0,1,0,0,0,0,0,0,0,0,113,157
117,229,2,1,1,1,0,0,1,0,1,1,1,0,9,157
117,357,2,1,1,1,0,0,1,0,1,1,1,0,9,157
117,21,2,1,1,1,1,1,1,0,0,0,0,0,118,157
117,213,2,1,1,1,1,1,1,0,0,0,0,0,98,157
117,341,2,1,1,1,1,1,1,0,0,0,0,0,98,157
117,181,2,1,1,1,1,1,1,0,0,0,0,0,111,157
117,309,2,1,1,1,1,1,1,0,0,0,0,0,111,157
117,501,2,1,1,1,1,1,1,0,0,0,0,0,0,157
118,118,0,1,1,1,1,1,1,0,0,0,0,0,0,103
118,119,1,1,1,1,1,1,1,0,0,0,0,0,0,103
118,116,1,1,1,1,1,1,1,0,0,0,0,0,48,103
118,114,1,1,1,1,1,1,1,0,0,0,0,0,78,103
118,126,1,1,1,1,1,1,1,0,0,0,0,0,0,103
118,102,1,1,1,1,0,0,1,0,1,1,1,0,8,103
118,86,1,1,1,1,1,1,1,0,0,0,0,0,48,103
118,54,1,1,1,1,1,1,1,0,0,0,0,0,78,103
118,246,1,1,1,1,1,1,1,0,0,0,0,0,0,103
118,374,1,1,1,1,1,1,1,0,0,0,0,0,0,103
118,117,2,1,1,1,1,1,1,0,0,0,0,0,48,103
118,115,2,1,1,1,1,1,1,0,0,0,0,0,78,103
118,127,2,1,1,1,1,1,1,0,0,0,0,0,0,103
118,103,2,1,1,1,0,0,1,0,1,1,1,0,8,103
118,87,2,1,1,1,1,1,1,0,0,0,0,0,48,103
118,55,2,1,1,1,1,1,1,0,0,0,0,0,78,103
118,247,2,1,1,1,1,1,1,0,0,0,0,0,0,103
118,375,2,1,1,1,1,1,1,0,0,0,0,0,0,103
118,112,2,1,1,1,1,1,1,0,0,0,0,0,83,103
118,124,2,1,1,1,1,1,1,0,0,0,0,0,48,103
118,100,2,0,0,1,0,0,0,0,0,0,0,0,49,103
118,84,2,1,1,1,1,1,1,0,0,0,0,0,77,103
118,52,2,1,1,1,1,1,1,0,0,0,0,0,82,103
118,244,2,1,1,1,1,1,1,0,0,0,0,0,48,103
118,372,2,1,1,1,1,1,1,0,0,0,0,0,48,103
118,122,2,1,1,1,1,1,1,0,0,0,0,0,78,103
118,98,2,1,1,1,0,0,1,0,1,1,1,0,80,103
118,82,2,1,1,1,1,1,1,0,0,0,0,0,83,103
118,50,2,1,1,1,1,1,1,0,0,0,0,0,90,103
118,242,2,1,1,1,1,1,1,0,0,0,0,0,78,103
118,370,2,1,1,1,1,1,1,0,0,0,0,0,78,103
118,110,2,1,1,1,0,0,1,0,1,1,1,0,8,103
118,94,2,1,1,1,1,1,1,0,0,0,0,0,48,103
118,62,2,1,1,1,1,1,1,0,0,0,0,0,78,103
118,254,2,1,1,1,1,1,1,0,0,0,0,0,0,103
118,382,2,1,1,1,1,1,1,0,0,0,0,0,0,103
118,70,2,0,0,1,0,0,0,0,0,0,0,0,49,103
118,38,2,0,0,1,0,0,0,0,0,0,0,0,80,103
118,230,2,1,1,1,0,0,1,0,1,1,1,0,8,103
118,358,2,1,1,1,0,0,1,0,1,1,1,0,8,103
118,22,2,1,1,1,1,1,1,0,0,0,0,0,82,103
118,214,2,1,1,1,1,1,1,0,0,0,0,0,48,103
118,342,2,1,1,1,1,1,1,0,0,0,0,0,48,103
118,182,2,1,1,1,1,1,1,0,0,0,0,0,78,103
118,310,2,1,1,1,1,1,1,0,0,0,0,0,78,103
118,502,2,1,1,1,1,1,1,0,0,0,0,0,0,103
119,119,0,1,1,1,1,1,1,0,0,0,0,0,0,158
119,118,1,1,1,1,1,1,1,0,0,0,0,0,92,158
119,117,1,1,1,1,1,1,1,0,0,0,0,0,55,158
119,115,1,1,1,1,1,1,1,0,0,0,0,0,111,158
119,127,1,1,1,1,1,1,1,0,0,0,0,0,0,158
119,103,1,1,1,1,0,0,1,0,1,1,1,0,9,158
119,87,1,1,1,1,1,1,1,0,0,0,0,0,98,158
119,55,1,1,1,1,1,1,1,0,0,0,0,0,111,158
119,247,1,1,1,1,1,1,1,0,0,0,0,0,0,158
119,375,1,1,1,1,1,1,1,0,0,0,0,0,0,158
119,116,2,1,1,1,1,1,1,0,0,0,0,0,96,158
119,114,2,1,1,1,1,1,1,0,0,0,0,0,132,158
119,126,2,1,1,1,1,1,1,0,0,0,0,0,92,158
119,102,2,1,1,1,0,0,1,0,1,1,1,0,94,158
119,86,2,1,1,1,1,1,1,0,0,0,0,0,126,158
119,54,2,1,1,1,1,1,1,0,0,0,0,0,132,158
119,246,2,1,1,1,1,1,1,0,0,0,0,0,92,158
119,374,2,1,1,1,1,1,1,0,0,0,0,0,92,158
119,113,2,1,1,1,1,1,1,0,0,0,0,0,116,158
119,125,2,1,1,1,1,1,1,0,0,0,0,0,55,158
119,101,2,1,1,1,0,0,1,0,1,1,1,0,56,158
119,85,2,1,1,1,1,1,1,0,0,0,0,0,103,158
119,53,2,1,1,1,1,1,1,0,0,0,0,0,115,158
119,245,2,1,1,1,1,1,1,0,0,0,0,0,55,158
119,373,2,1,1,1,1,1,1,0,0,0,0,0,55,158
119,123,2,1,1,1,1,1,1,0,0,0,0,0,111,158
119,99,2,1,1,1,0,0,1,0,1,1,1,0,113,158
119,83,2,1,1,1,1,1,1,0,0,0,0,0,118,158
119,51,2,1,1,1,1,1,1,0,0,0,0,0,133,158
119,243,2,1,1,1,1,1,1,0,0,0,0,0,111,158
119,371,2,1,1,1,1,1,1,0,0,0,0,0,111,158
119,111,2,1,1,1,0,0,1,0,1,1,1,0,9,158
119,95,2,1,1,1,1,1,1,0,0,0,0,0,98,158
119,63,2,1,1,1,1,1,1,0,0,0,0,0,111,158
119,255,2,1,1,1,1,1,1,0,0,0,0,0,0,158
119,383,2,1,1,1,1,1,1,0,0,0,0,0,0,158
119,71,2,0,0,1,0,0,0,0,0,0,0,0,99,158
119,39,2,0,0,1,0,0,0,0,0,0,0,0,113,158
119,231,2,1,1,1,0,0,1,0,1,1,1,0,9,158
119,359,2,1,1,1,0,0,1,0,1,1,1,0,9,158
119,23,2,1,1,1,1,1,1,0,0,0,0,0,118,158
119,215,2,1,1,1,1,1,1,0,0,0,0,0,98,158
119,343,2,1,1,1,1,1,1,0,0,0,0,0,98,158
119,183,2,1,1,1,1,1,1,0,0,0,0,0,111,158
119,311,2,1,1,1,1,1,1,0,0,0,0,0,111,158
119,503,2,1,1,1,1,1,1,0,0,0,0,0,0,158
120,120,0,1,1,1,1,1,1,0,0,0,0,0,0,44
120,121,1,1,1,1,1,1,1,0,0,0,0,0,0,44
120,122,1,1,1,1,1,1,1,0,0,0,0,0,0,44
120,124,1,1,1,1,1,1,1,0,0,0,0,0,0,44
120,112,1,1,1,1,1,1,1,0,0,0,0,0,16,44
120,104,1,1,1,1,0,0,1,0,1,1,1,0,6,44
120,88,1,1,1,1,1,1,1,0,0,0,0,0,26,44
120,56,1,1,1,1,1,1,1,0,0,0,0,0,16,44
120,248,1,1,1,1,1,1,1,0,0,0,0,0,0,44
120,376,1,1,1,1,1,1,1,0,0,0,0,0,0,44
120,123,2,1,1,1,1,1,1,0,0,0,0,0,0,44
120,125,2,1,1,1,1,1,1,0,0,0,0,0,0,44
120,113,2,1,1,1,1,1,1,0,0,0,0,0,16,44
120,105,2,1,1,1,0,0,1,0,1,1,1,0,6,44
120,89,2,1,1,1,1,1,1,0,0,0,0,0,26,44
120,57,2,1,1,1,1,1,1,0,0,0,0,0,16,44
120,249,2,1,1,1,1,1,1,0,0,0,0,0,0,44
120,377,2,1,1,1,1,1,1,0,0,0,0,0,0,44
120,126,2,1,1,1,1,1,1,0,0,0,0,0,0,44
120,114,2,1,1,1,1,1,1,0,0,0,0,0,16,44
120,106,2,1,1,1,0,0,1,0,1,1,1,0,6,44
120,90,2,1,1,1,1,1,1,0,0,0,0,0,26,44
120,58,2,1,1,1,1,1,1,0,0,0,0,0,16,44
120,250,2,1,1,1,1,1,1,0,0,0,0,0,0,44
120,378,2,1,1,1,1,1,1,0,0,0,0,0,0,44
120,116,2,1,1,1,1,1,1,0,0,0,0,0,16,44
120,108,2,1,1,1,0,0,1,0,1,1,1,0,6,44
120,92,2,1,1,1,1,1,1,0,0,0,0,0,26,44
120,60,2,1,1,1,1,1,1,0,0,0,0,0,16,44
120,252,2,1,1,1,1,1,1,0,0,0,0,0,0,44
120,380,2,1,1,1,1,1,1,0,0,0,0,0,0,44
120,96,2,0,0,1,0,0,0,0,0,0,0,0,17,44
120,80,2,1,1,1,1,1,1,0,0,0,0,0,32,44
120,48,2,1,1,1,1,1,1,0,0,0,0,0,32,44
120,240,2,1,1,1,1,1,1,0,0,0,0,0,16,44
120,368,2,1,1,1,1,1,1,0,0,0,0,0,16,44
120,72,2,0,0,1,0,0,0,0,0,0,0,0,27,44
120,40,2,1,1,1,0,0,1,0,1,1,1,0,22,44
120,232,2,1,1,1,0,0,1,0,1,1,1,0,6,44
120,360,2,1,1,1,0,0,1,0,1,1,1,0,6,44
120,24,2,1,1,1,1,1,1,0,0,0,0,0,32,44
120,216,2,1,1,1,1,1,1,0,0,0,0,0,26,44
120,344,2,1,1,1,1,1,1,0,0,0,0,0,26,44
120,184,2,1,1,1,1,1,1,0,0,0,0,0,16,44
120,312,2,1,1,1,1,1,1,0,0,0,0,0,16,44
120,504,2,1,1,1,1,1,1,0,0,0,0,0,0,44
121,121,0,1,1,1,1,1,1,0,0,0,0,0,0,110
121,120,1,1,1,1,1,1,1,0,0,0,0,0,67,110
121,123,1,1,1,1,1,1,1,0,0,0,0,0,0,110
121,125,1,1,1,1,1,1,1,0,0,0,0,0,0,110
121,113,1,1,1,1,1,1,1,0,0,0,0,0,22,110
121,105,1,1,1,1,0,0,1,0,1,1,1,0,8,110
121,89,1,1,1,1,1,1,1,0,0,0,0,0,74,110
121,57,1,1,1,1,1,1,1,0,0,0,0,0,67,110
121,249,1,1,1,1,1,1,1,0,0,0,0,0,0,110
121,377,1,1,1,1,1,1,1,0,0,0,0,0,0,110
121,122,2,1,1,1,1,1,1,0,0,0,0,0,67,110
121,124,2,1,1,1,1,1,1,0,0,0,0,0,67,110
121,112,2,1,1,1,1,1,1,0,0,0,0,0,70,110
121,104,2,1,1,1,0,0,1,0,1,1,1,0,69,110
121,88,2,1,1,1,1,1,1,0,0,0,0,0,91,110
121,56,2,1,1,1,1,1,1,0,0,0,0,0,90,110
121,248,2,1,1,1,1,1,1,0,0,0,0,0,67,110
121,376,2,1,1,1,1,1,1,0,0,0,0,0,67,110
121,127,2,1,1,1,1,1,1,0,0,0,0,0,0,110
121,115,2,1,1,1,1,1,1,0,0,0,0,0,22,110
121,107,2,1,1,1,0,0,1,0,1,1,1,0,8,110
121,91,2,1,1,1,1,1,1,0,0,0,0,0,74,110
121,59,2,1,1,1,1,1,1,0,0,0,0,0,67,110
121,251,2,1,1,1,1,1,1,0,0,0,0,0,0,110
121,379,2,1,1,1,1,1,1,0,0,0,0,0,0,110
121,117,2,1,1,1,1,1,1,0,0,0,0,0,22,110
121,109,2,1,1,1,0,0,1,0,1,1,1,0,8,110
121,93,2,1,1,1,1,1,1,0,0,0,0,0,74,110
121,61,2,1,1,1,1,1,1,0,0,0,0,0,67,110
121,253,2,1,1,1,1,1,1,0,0,0,0,0,0,110
121,381,2,1,1,1,1,1,1,0,0,0,0,0,0,110
121,97,2,1,1,1,0,0,1,0,1,1,1,0,23,110
121,81,2,1,1,1,1,1,1,0,0,0,0,0,76,110
121,49,2,1,1,1,1,1,1,0,0,0,0,0,70,110
121,241,2,1,1,1,1,1,1,0,0,0,0,0,22,110
121,369,2,1,1,1,1,1,1,0,0,0,0,0,22,110
121,73,2,0,0,1,0,0,0,0,0,0,0,0,75,110
121,41,2,1,1,1,0,0,1,0,1,1,1,0,69,110
121,233,2,1,1,1,0,0,1,0,1,1,1,0,8,110
121,361,2,1,1,1,0,0,1,0,1,1,1,0,8,110
121,25,2,1,1,1,1,1,1,0,0,0,0,0,91,110
121,217,2,1,1,1,1,1,1,0,0,0,0,0,74,110
121,345,2,1,1,1,1,1,1,0,0,0,0,0,74,110
121,185,2,1,1,1,1,1,1,0,0,0,0,0,67,110
121,313,2,1,1,1,1,1,1,0,0,0,0,0,67,110
121,505,2,1,1,1,1,1,1,0,0,0,0,0,0,110
122,122,0,1,1,1,1,1,1,0,0,0,0,0,0,71
122,123,1,1,1,1,1,1,1,0,0,0,0,0,0,71
122,120,1,1,1,1,1,1,1,0,0,0,0,0,36,71
122,126,1,1,1,1,1,1,1,0,0,0,0,0,0,71
122,114,1,1,1,1,1,1,1,0,0,0,0,0,19,71
122,106,1,1,1,1,0,0,1,0,1,1,1,0,7,71
122,90,1,1,1,1,1,1,1,0,0,0,0,0,36,71
122,58,1,1,1,1,1,1,1,0,0,0,0,0,46,71
122,250,1,1,1,1,1,1,1,0,0,0,0,0,0,71
122,378,1,1,1,1,1,1,1,0,0,0,0,0,0,71
122,121,2,1,1,1,1,1,1,0,0,0,0,0,36,71
122,127,2,1,1,1,1,1,1,0,0,0,0,0,0,71
122,115,2,1,1,1,1,1,1,0,0,0,0,0,19,71
122,107,2,1,1,1,0,0,1,0,1,1,1,0,7,71
122,91,2,1,1,1,1,1,1,0,0,0,0,0,36,71
122,59,2,1,1,1,1,1,1,0,0,0,0,0,46,71
122,251,2,1,1,1,1,1,1,0,0,0,0,0,0,71
122,379,2,1,1,1,1,1,1,0,0,0,0,0,0,71
122,124,2,1,1,1,1,1,1,0,0,0,0,0,36,71
122,112,2,1,1,1,1,1,1,0,0,0,0,0,38,71
122,104,2,1,1,1,0,0,1,0,1,1,1,0,37,71
122,88,2,1,1,1,1,1,1,0,0,0,0,0,56,71
122,56,2,1,1,1,1,1,1,0,0,0,0,0,55,71
122,248,2,1,1,1,1,1,1,0,0,0,0,0,36,71
122,376,2,1,1,1,1,1,1,0,0,0,0,0,36,71
122,118,2,1,1,1,1,1,1,0,0,0,0,0,19,71
122,110,2,1,1,1,0,0,1,0,1,1,1,0,7,71
122,94,2,1,1,1,1,1,1,0,0,0,0,0,36,71
122,62,2,1,1,1,1,1,1,0,0,0,0,0,46,71
122,254,2,1,1,1,1,1,1,0,0,0,0,0,0,71
122,382,2,1,1,1,1,1,1,0,0,0,0,0,0,71
122,98,2,1,1,1,0,0,1,0,1,1,1,0,20,71
122,82,2,1,1,1,1,1,1,0,0,0,0,0,43,71
122,50,2,1,1,1,1,1,1,0,0,0,0,0,49,71
122,242,2,1,1,1,1,1,1,0,0,0,0,0,19,71
122,370,2,1,1,1,1,1,1,0,0,0,0,0,19,71
122,74,2,0,0,1,0,0,0,0,0,0,0,0,37,71
122,42,2,1,1,1,0,0,1,0,1,1,1,0,48,71
122,234,2,1,1,1,0,0,1,0,1,1,1,0,7,71
122,362,2,1,1,1,0,0,1,0,1,1,1,0,7,71
122,26,2,1,1,1,1,1,1,0,0,0,0,0,55,71
122,218,2,1,1,1,1,1,1,0,0,0,0,0,36,71
122,346,2,1,1,1,1,1,1,0,0,0,0,0,36,71
122,186,2,1,1,1,1,1,1,0,0,0,0,0,46,71
122,314,2,1,1,1,1,1,1,0,0,0,0,0,46,71
122,506,2,1,1,1,1,1,1,0,0,0,0,0,0,71
123,123,0,1,1,1,1,1,1,0,0,0,0,0,0,111
123,122,1,1,1,1,1,1,1,0,0,0,0,0,67,111
123,121,1,1,1,1,1,1,1,0,0,0,0,0,42,111
123,127,1,1,1,1,1,1,1,0,0,0,0,0,0,111
123,115,1,1,1,1,1,1,1,0,0,0,0,0,22,111
123,107,1,1,1,1,0,0,1,0,1,1,1,0,8,111
123,91,1,1,1,1,1,1,1,0,0,0,0,0,74,111
123,59,1,1,1,1,1,1,1,0,0,0,0,0,67,111
123,251,1,1,1,1,1,1,1,0,0,0,0,0,0,111
123,379,1,1,1,1,1,1,1,0,0,0,0,0,0,111
123,120,2,1,1,1,1,1,1,0,0,0,0,0,71,111
123,126,2,1,1,1,1,1,1,0,0,0,0,0,67,111
123,114,2,1,1,1,1,1,1,0,0,0,0,0,70,111
123,106,2,1,1,1,0,0,1,0,1,1,1,0,69,111
123,90,2,1,1,1,1,1,1,0,0,0,0,0,91,111
123,58,2,1,1,1,1,1,1,0,0,0,0,0,90,111
123,250,2,1,1,1,1,1,1,0,0,0,0,0,67,111
123,378,2,1,1,1,1,1,1,0,0,0,0,0,67,111
123,125,2,1,1,1,1,1,1,0,0,0,0,0,42,111
123,113,2,1,1,1,1,1,1,0,0,0,0,0,44,111
123,105,2,1,1,1,0,0,1,0,1,1,1,0,43,111
123,89,2,1,1,1,1,1,1,0,0,0,0,0,78,111
123,57,2,1,1,1,1,1,1,0,0,0,0,0,77,111
123,249,2,1,1,1,1,1,1,0,0,0,0,0,42,111
123,377,2,1,1,1,1,1,1,0,0,0,0,0,42,111
123,119,2,1,1,1,1,1,1,0,0,0,0,0,22,111
123,111,2,1,1,1,0,0,1,0,1,1,1,0,8,111
123,95,2,1,1,1,1,1,1,0,0,0,0,0,74,111
123,63,2,1,1,1,1,1,1,0,0,0,0,0,67,111
123,255,2,1,1,1,1,1,1,0,0,0,0,0,0,111
123,383,2,1,1,1,1,1,1,0,0,0,0,0,0,111
123,99,2,1,1,1,0,0,1,0,1,1,1,0,23,111
123,83,2,1,1,1,1,1,1,0,0,0,0,0,76,111
123,51,2,1,1,1,1,1,1,0,0,0,0,0,70,111
123,243,2,1,1,1,1,1,1,0,0,0,0,0,22,111
123,371,2,1,1,1,1,1,1,0,0,0,0,0,22,111
123,75,2,0,0,1,0,0,0,0,0,0,0,0,75,111
123,43,2,1,1,1,0,0,1,0,1,1,1,0,69,111
123,235,2,1,1,1,0,0,1,0,1,1,1,0,8,111
123,363,2,1,1,1,0,0,1,0,1,1,1,0,8,111
123,27,2,1,1,1,1,1,1,0,0,0,0,0,91,111
123,219,2,1,1,1,1,1,1,0,0,0,0,0,74,111
123,347,2,1,1,1,1,1,1,0,0,0,0,0,74,111
123,187,2,1,1,1,1,1,1,0,0,0,0,0,67,111
123,315,2,1,1,1,1,1,1,0,0,0,0,0,67,111
123,507,2,1,1,1,1,1,1,0,0,0,0,0,0,111
124,124,0,1,1,1,1,1,1,0,0,0,0,0,0,103
124,125,1,1,1,1,1,1,1,0,0,0,0,0,0,103
124,126,1,1,1,1,1,1,1,0,0,0,0,0,0,103
124,120,1,1,1,1,1,1,1,0,0,0,0,0,78,103
124,116,1,1,1,1,1,1,1,0,0,0,0,0,48,103
124,108,1,1,1,1,0,0,1,0,1,1,1,0,8,103
124,92,1,1,1,1,1,1,1,0,0,0,0,0,48,103
124,60,1,1,1,1,1,1,1,0,0,0,0,0,78,103
124,252,1,1,1,1,1,1,1,0,0,0,0,0,0,103
124,380,1,1,1,1,1,1,1,0,0,0,0,0,0,103
124,127,2,1,1,1,1,1,1,0,0,0,0,0,0,103
124,121,2,1,1,1,1,1,1,0,0,0,0,0,78,103
124,117,2,1,1,1,1,1,1,0,0,0,0,0,48,103
124,109,2,1,1,1,0,0,1,0,1,1,1,0,8,103
124,93,2,1,1,1,1,1,1,0,0,0,0,0,48,103
124,61,2,1,1,1,1,1,1,0,0,0,0,0,78,103
124,253,2,1,1,1,1,1,1,0,0,0,0,0,0,103
124,381,2,1,1,1,1,1,1,0,0,0,0,0,0,103
124,122,2,1,1,1,1,1,1,0,0,0,0,0,78,103
124,118,2,1,1,1,1,1,1,0,0,0,0,0,48,103
124,110,2,1,1,1,0,0,1,0,1,1,1,0,8,103
124,94,2,1,1,1,1,1,1,0,0,0,0,0,48,103
124,62,2,1,1,1,1,1,1,0,0,0,0,0,78,103
124,254,2,1,1,1,1,1,1,0,0,0,0,0,0,103
124,382,2,1,1,1,1,1,1,0,0,0,0,0,0,103
124,112,2,1,1,1,1,1,1,0,0,0,0,0,82,103
124,104,2,1,1,1,0,0,1,0,1,1,1,0,80,103
124,88,2,1,1,1,1,1,1,0,0,0,0,0,83,103
124,56,2,1,1,1,1,1,1,0,0,0,0,0,90,103
124,248,2,1,1,1,1,1,1,0,0,0,0,0,78,103
124,376,2,1,1,1,1,1,1,0,0,0,0,0,78,103
124,100,2,0,0,1,0,0,0,0,0,0,0,0,49,103
124,84,2,1,1,1,1,1,1,0,0,0,0,0,76,103
124,52,2,1,1,1,1,1,1,0,0,0,0,0,83,103
124,244,2,1,1,1,1,1,1,0,0,0,0,0,48,103
124,372,2,1,1,1,1,1,1,0,0,0,0,0,48,103
124,76,2,0,0,1,0,0,0,0,0,0,0,0,49,103
124,44,2,1,1,1,0,0,1,0,1,1,1,0,80,103
124,236,2,1,1,1,0,0,1,0,1,1,1,0,8,103
124,364,2,1,1,1,0,0,1,0,1,1,1,0,8,103
124,28,2,1,1,1,1,1,1,0,0,0,0,0,82,103
124,220,2,1,1,1,1,1,1,0,0,0,0,0,48,103
124,348,2,1,1,1,1,1,1,0,0,0,0,0,48,103
124,188,2,1,1,1,1,1,1,0,0,0,0,0,78,103
124,316,2,1,1,1,1,1,1,0,0,0,0,0,78,103
124,508,2,1,1,1,1,1,1,0,0,0,0,0,0,103
125,125,0,1,1,1,1,1,1,0,0,0,0,0,0,158
125,124,1,1,1,1,1,1,1,0,0,0,0,0,92,158
125,127,1,1,1,1,1,1,1,0,0,0,0,0,0,158
125,121,1,1,1,1,1,1,1,0,0,0,0,0,111,158
125,117,1,1,1,1,1,1,1,0,0,0,0,0,55,158
125,109,1,1,1,1,0,0,1,0,1,1,1,0,9,158
125,93,1,1,1,1,1,1,1,0,0,0,0,0,98,158
125,61,1,1,1,1,1,1,1,0,0,0,0,0,111,158
125,253,1,1,1,1,1,1,1,0,0,0,0,0,0,158
125,381,1,1,1,1,1,1,1,0,0,0,0,0,0,158
125,126,2,1,1,1,1,1,1,0,0,0,0,0,92,158
125,120,2,1,1,1,1,1,1,0,0,0,0,0,132,158
125,116,2,1,1,1,1,1,1,0,0,0,0,0,96,158
125,108,2,1,1,1,0,0,1,0,1,1,1,0,94,158
125,92,2,1,1,1,1,1,1,0,0,0,0,0,126,158
125,60,2,1,1,1,1,1,1,0,0,0,0,0,132,158
125,252,2,1,1,1,1,1,1,0,0,0,0,0,92,158
125,380,2,1,1,1,1,1,1,0,0,0,0,0,92,158
125,123,2,1,1,1,1,1,1,0,0,0,0,0,111,158
125,119,2,1,1,1,1,1,1,0,0,0,0,0,55,158
125,111,2,1,1,1,0,0,1,0,1,1,1,0,9,158
125,95,2,1,1,1,1,1,1,0,0,0,0,0,98,158
125,63,2,1,1,1,1,1,1,0,0,0,0,0,111,158
125,255,2,1,1,1,1,1,1,0,0,0,0,0,0,158
125,383,2,1,1,1,1,1,1,0,0,0,0,0,0,158
125,113,2,1,1,1,1,1,1,0,0,0,0,0,115,158
125,105,2,1,1,1,0,0,1,0,1,1,1,0,113,158
125,89,2,1,1,1,1,1,1,0,0,0,0,0,118,158
125,57,2,1,1,1,1,1,1,0,0,0,0,0,133,158
125,249,2,1,1,1,1,1,1,0,0,0,0,0,111,158
125,377,2,1,1,1,1,1,1,0,0,0,0,0,111,158
125,101,2,1,1,1,0,0,1,0,1,1,1,0,56,158
125,85,2,1,1,1,1,1,1,0,0,0,0,0,102,158
125,53,2,1,1,1,1,1,1,0,0,0,0,0,116,158
125,245,2,1,1,1,1,1,1,0,0,0,0,0,55,158
125,373,2,1,1,1,1,1,1,0,0,0,0,0,55,158
125,77,2,0,0,1,0,0,0,0,0,0,0,0,99,158
125,45,2,1,1,1,0,0,1,0,1,1,1,0,113,158
125,237,2,1,1,1,0,0,1,0,1,1,1,0,9,158
125,365,2,1,1,1,0,0,1,0,1,1,1,0,9,158
125,29,2,1,1,1,1,1,1,0,0,0,0,0,118,158
125,221,2,1,1,1,1,1,1,0,0,0,0,0,98,158
125,349,2,1,1,1,1,1,1,0,0,0,0,0,98,158
125,189,2,1,1,1,1,1,1,0,0,0,0,0,111,158
125,317,2,1,1,1,1,1,1,0,0,0,0,0,111,158
125,509,2,1,1,1,1,1,1,0,0,0,0,0,0,158
126,126,0,1,1,1,1,1,1,0,0,0,0,0,0,104
126,127,1,1,1,1,1,1,1,0,0,0,0,0,0,104
126,124,1,1,1,1,1,1,1,0,0,0,0,0,48,104
126,122,1,1,1,1,1,1,1,0,0,0,0,0,78,104
126,118,1,1,1,1,1,1,1,0,0,0,0,0,48,104
126,110,1,1,1,1,0,0,1,0,1,1,1,0,8,104
126,94,1,1,1,1,1,1,1,0,0,0,0,0,48,104
126,62,1,1,1,1,1,1,1,0,0,0,0,0,78,104
126,254,1,1,1,1,1,1,1,0,0,0,0,0,0,104
126,382,1,1,1,1,1,1,1,0,0,0,0,0,0,104
126,125,2,1,1,1,1,1,1,0,0,0,0,0,48,104
126,123,2,1,1,1,1,1,1,0,0,0,0,0,78,104
126,119,2,1,1,1,1,1,1,0,0,0,0,0,48,104
126,111,2,1,1,1,0,0,1,0,1,1,1,0,8,104
126,95,2,1,1,1,1,1,1,0,0,0,0,0,48,104
126,63,2,1,1,1,1,1,1,0,0,0,0,0,78,104
126,255,2,1,1,1,1,1,1,0,0,0,0,0,0,104
126,383,2,1,1,1,1,1,1,0,0,0,0,0,0,104
126,120,2,1,1,1,1,1,1,0,0,0,0,0,83,104
126,116,2,1,1,1,1,1,1,0,0,0,0,0,51,104
126,108,2,1,1,1,0,0,1,0,1,1,1,0,49,104
126,92,2,1,1,1,1,1,1,0,0,0,0,0,77,104
126,60,2,1,1,1,1,1,1,0,0,0,0,0,82,104
126,252,2,1,1,1,1,1,1,0,0,0,0,0,48,104
126,380,2,1,1,1,1,1,1,0,0,0,0,0,48,104
126,114,2,1,1,1,1,1,1,0,0,0,0,0,82,104
126,106,2,1,1,1,0,0,1,0,1,1,1,0,80,104
126,90,2,1,1,1,1,1,1,0,0,0,0,0,83,104
126,58,2,1,1,1,1,1,1,0,0,0,0,0,90,104
126,250,2,1,1,1,1,1,1,0,0,0,0,0,78,104
126,378,2,1,1,1,1,1,1,0,0,0,0,0,78,104
126,102,2,1,1,1,0,0,1,0,1,1,1,0,49,104
126,86,2,1,1,1,1,1,1,0,0,0,0,0,76,104
126,54,2,1,1,1,1,1,1,0,0,0,0,0,83,104
126,246,2,1,1,1,1,1,1,0,0,0,0,0,48,104
126,374,2,1,1,1,1,1,1,0,0,0,0,0,48,104
126,78,2,0,0,1,0,0,0,0,0,0,0,0,49,104
126,46,2,1,1,1,0,0,1,0,1,1,1,0,80,104
126,238,2,1,1,1,0,0,1,0,1,1,1,0,8,104
126,366,2,1,1,1,0,0,1,0,1,1,1,0,8,104
126,30,2,1,1,1,1,1,1,0,0,0,0,0,82,104
126,222,2,1,1,1,1,1,1,0,0,0,0,0,48,104
126,350,2,1,1,1,1,1,1,0,0,0,0,0,48,104
126,190,2,1,1,1,1,1,1,0,0,0,0,0,78,104
126,318,2,1,1,1,1,1,1,0,0,0,0,0,78,104
126,510,2,1,1,1,1,1,1,0,0,0,0,0,0,104
127,127,0,1,1,1,1,1,1,0,0,0,0,0,0,159
127,126,1,1,1,1,1,1,1,0,0,0,0,0,92,159
127,125,1,1,1,1,1,1,1,0,0,0,0,0,55,159
127,123,1,1,1,1,1,1,1,0,0,0,0,0,111,159
127,119,1,1,1,1,1,1,1,0,0,0,0,0,55,159
127,111,1,1,1,1,0,0,1,0,1,1,1,0,9,159
127,95,1,1,1,1,1,1,1,0,0,0,0,0,98,159
127,63,1,1,1,1,1,1,1,0,0,0,0,0,111,159
127,255,1,1,1,1,1,1,1,0,0,0,0,0,0,159
127,383,1,1,1,1,1,1,1,0,0,0,0,0,0,159
127,124,2,1,1,1,1,1,1,0,0,0,0,0,96,159
127,122,2,1,1,1,1,1,1,0,0,0,0,0,132,159
127,118,2,1,1,1,1,1,1,0,0,0,0,0,96,159
127,110,2,1,1,1,0,0,1,0,1,1,1,0,94,159
127,94,2,1,1,1,1,1,1,0,0,0,0,0,126,159
127,62,2,1,1,1,1,1,1,0,0,0,0,0,132,159
127,254,2,1,1,1,1,1,1,0,0,0,0,0,92,159
127,382,2,1,1,1,1,1,1,0,0,0,0,0,92,159
127,121,2,1,1,1,1,1,1,0,0,0,0,0,116,159
127,117,2,1,1,1,1,1,1,0,0,0,0,0,58,159
127,109,2,1,1,1,0,0,1,0,1,1,1,0,56,159
127,93,2,1,1,1,1,1,1,0,0,0,0,0,103,159
127,61,2,1,1,1,1,1,1,0,0,0,0,0,115,159
127,253,2,1,1,1,1,1,1,0,0,0,0,0,55,159
127,381,2,1,1,1,1,1,1,0,0,0,0,0,55,159
127,115,2,1,1,1,1,1,1,0,0,0,0,0,115,159
127,107,2,1,1,1,0,0,1,0,1,1,1,0,113,159
127,91,2,1,1,1,1,1,1,0,0,0,0,0,118,159
127,59,2,1,1,1,1,1,1,0,0,0,0,0,133,159
127,251,2,1,1,1,1,1,1,0,0,0,0,0,111,159
127,379,2,1,1,1,1,1,1,0,0,0,0,0,111,159
127,103,2,1,1,1,0,0,1,0,1,1,1,0,56,159
127,87,2,1,1,1,1,1,1,0,0,0,0,0,102,159
127,55,2,1,1,1,1,1,1,0,0,0,0,0,116,159
127,247,2,1,1,1,1,1,1,0,0,0,0,0,55,159
127,375,2,1,1,1,1,1,1,0,0,0,0,0,55,159
127,79,2,0,0,1,0,0,0,0,0,0,0,0,99,159
127,47,2,1,1,1,0,0,1,0,1,1,1,0,113,159
127,239,2,1,1,1,0,0,1,0,1,1,1,0,9,159
127,367,2,1,1,1,0,0,1,0,1,1,1,0,9,159
127,31,2,1,1,1,1,1,1,0,0,0,0,0,118,159
127,223,2,1,1,1,1,1,1,0,0,0,0,0,98,159
127,351,2,1,1,1,1,1,1,0,0,0,0,0,98,159
127,191,2,1,1,1,1,1,1,0,0,0,0,0,111,159
127,319,2,1,1,1,1,1,1,0,0,0,0,0,111,159
127,511,2,1,1,1,1,1,1,0,0,0,0,0,0,159
130,130,0,1,1,1,1,1,1,0,0,0,0,0,0,17
130,131,1,1,1,1,1,1,1,0,0,0,0,0,0,17
130,128,1,0,0,1,0,0,0,0,0,0,0,0,10,17
130,134,1,1,1,1,1,1,1,0,0,0,0,0,0,17
130,138,1,1,1,1,1,1,1,0,0,0,0,0,0,17
130,146,1,1,1,1,1,1,1,0,0,0,0,0,0,17
130,162,1,1,1,1,1,1,1,0,0,0,0,0,0,17
130,194,1,1,1,1,1,1,1,0,0,0,0,0,0,17
130,2,1,0,0,1,0,0,0,0,0,0,0,0,10,17
130,386,1,1,1,1,1,1,1,0,0,0,0,0,0,17
130,129,2,0,0,1,0,0,0,0,0,0,0,0,10,17
130,135,2,1,1,1,1,1,1,0,0,0,0,0,0,17
130,139,2,1,1,1,1,1,1,0,0,0,0,0,0,17
130,147,2,1,1,1,1,1,1,0,0,0,0,0,0,17
130,163,2,1,1,1,1,1,1,0,0,0,0,0,0,17
130,195,2,1,1,1,1,1,1,0,0,0,0,0,0,17
130,3,2,0,0,1,0,0,0,0,0,0,0,0,10,17
130,387,2,1,1,1,1,1,1,0,0,0,0,0,0,17
130,132,2,0,0,1,0,0,0,0,0,0,0,0,10,17
130,136,2,0,0,1,0,0,0,0,0,0,0,0,10,17
130,144,2,1,0,1,0,0,0,0,0,0,0,0,10,17
130,160,2,0,0,1,0,0,0,0,0,0,0,0,10,17
130,192,2,0,0,1,0,0,0,0,0,0,0,0,10,17
130,0,2,0,0,1,0,0,0,0,0,0,0,0,14,17
130,384,2,0,0,1,0,0,0,0,0,0,0,0,10,17
130,142,2,1,1,1,1,1,1,0,0,0,0,0,0,17
130,150,2,1,1,1,1,1,1,0,0,0,0,0,0,17
130,166,2,1,1,1,1,1,1,0,0,0,0,0,0,17
130,198,2,1,1,1,1,1,1,0,0,0,0,0,0,17
130,6,2,0,0,1,0,0,0,0,0,0,0,0,10,17
130,390,2,1,1,1,1,1,1,0,0,0,0,0,0,17
130,154,2,1,1,1,1,1,1,0,0,0,0,0,0,17
130,170,2,1,1,1,1,1,1,0,0,0,0,0,0,17
130,202,2,1,1,1,1,1,1,0,0,0,0,0,0,17
130,10,2,0,0,1,0,0,0,0,0,0,0,0,10,17
130,394,2,1,1,1,1,1,1,0,0,0,0,0,0,17
130,178,2,1,1,1,1,1,1,0,0,0,0,0,0,17
130,210,2,1,1,1,1,1,1,0,0,0,0,0,0,17
130,18,2,1,0,1,0,0,0,0,0,0,0,0,10,17
130,402,2,1,1,1,1,1,1,0,0,0,0,0,0,17
130,226,2,1,1,1,1,1,1,0,0,0,0,0,0,17
130,34,2,0,0,1,0,0,0,0,0,0,0,0,10,17
130,418,2,1,1,1,1,1,1,0,0,0,0,0,0,17
130,66,2,0,0,1,0,0,0,0,0,0,0,0,10,17
130,450,2,1,1,1,1,1,1,0,0,0,0,0,0,17
130,258,2,0,0,1,0,0,0,0,0,0,0,0,10,17
131,131,0,1,1,1,1,1,1,0,0,0,0,0,0,43
131,130,1,1,1,1,1,1,1,0,0,0,0,0,16,43
131,129,1,0,0,1,0,0,0,0,0,0,0,0,16,43
131,135,1,1,1,1,1,1,1,0,0,0,0,0,0,43
131,139,1,1,1,1,1,1,1,0,0,0,0,0,0,43
131,147,1,1,1,1,1,1,1,0,0,0,0,0,0,43
131,163,1,1,1,1,1,1,1,0,0,0,0,0,0,43
131,195,1,1,1,1,1,1,1,0,0,0,0,0,0,43
131,3,1,0,0,1,0,0,0,0,0,0,0,0,26,43
131,387,1,1,1,1,1,1,1,0,0,0,0,0,0,43
131,128,2,0,0,1,0,0,0,0,0,0,0,0,32,43
131,134,2,1,1,1,1,1,1,0,0,0,0,0,16,43
131,138,2,1,1,1,1,1,1,0,0,0,0,0,16,43
131,146,2,1,1,1,1,1,1,0,0,0,0,0,16,43
131,162,2,1,1,1,1,1,1,0,0,0,0,0,16,43
131,194,2,1,1,1,1,1,1,0,0,0,0,0,16,43
131,2,2,0,0,1,0,0,0,0,0,0,0,0,32,43
131,386,2,1,1,1,1,1,1,0,0,0,0,0,16,43
131,133,2,1,0,1,0,0,0,0,0,0,0,0,16,43
131,137,2,0,0,1,0,0,0,0,0,0,0,0,16,43
131,145,2,1,0,1,0,0,0,0,0,0,0,0,16,43
131,161,2,1,0,1,0,0,0,0,0,0,0,0,16,43
131,193,2,0,0,1,0,0,0,0,0,0,0,0,16,43
131,1,2,0,0,1,0,0,0,0,0,0,0,0,32,43
131,385,2,0,0,1,0,0,0,0,0,0,0,0,16,43
131,143,2,1,1,1,1,1,1,0,0,0,0,0,0,43
131,151,2,1,1,1,1,1,1,0,0,0,0,0,0,43
131,167,2,1,1,1,1,1,1,0,0,0,0,0,0,43
131,199,2,1,1,1,1,1,1,0,0,0,0,0,0,43
131,7,2,0,0,1,0,0,0,0,0,0,0,0,26,43
131,391,2,1,1,1,1,1,1,0,0,0,0,0,0,43
131,155,2,1,1,1,1,1,1,0,0,0,0,0,0,43
131,171,2,1,1,1,1,1,1,0,0,0,0,0,0,43
131,203,2,1,1,1,1,1,1,0,0,0,0,0,0,43
131,11,2,0,0,1,0,0,0,0,0,0,0,0,26,43
131,395,2,1,1,1,1,1,1,0,0,0,0,0,0,43
131,179,2,1,1,1,1,1,1,0,0,0,0,0,0,43
131,211,2,1,1,1,1,1,1,0,0,0,0,0,0,43
131,19,2,1,0,1,0,0,0,0,0,0,0,0,26,43
131,403,2,1,1,1,1,1,1,0,0,0,0,0,0,43
131,227,2,1,1,1,1,1,1,0,0,0,0,0,0,43
131,35,2,0,0,1,0,0,0,0,0,0,0,0,26,43
131,419,2,1,1,1,1,1,1,0,0,0,0,0,0,43
131,67,2,0,0,1,0,0,0,0,0,0,0,0,26,43
131,451,2,1,1,1,1,1,1,0,0,0,0,0,0,43
131,259,2,0,0,1,0,0,0,0,0,0,0,0,26,43
133,133,0,1,1,1,1,1,1,0,0,0,0,0,0,108
133,132,1,0,0,1,0,0,0,0,0,0,0,0,67,108
133,135,1,1,1,1,1,1,1,0,0,0,0,0,0,108
133,129,1,0,0,1,0,0,0,0,0,0,0,0,67,108
133,141,1,1,1,1,1,1,1,0,0,0,0,0,0,108
133,149,1,1,1,1,1,1,1,0,0,0,0,0,0,108
133,165,1,1,1,1,1,1,1,0,0,0,0,0,0,108
133,197,1,1,1,1,1,1,1,0,0,0,0,0,0,108
133,5,1,0,0,1,0,0,0,0,0,0,0,0,74,108
133,389,1,1,1,1,1,1,1,0,0,0,0,0,0,108
133,134,2,1,0,1,0,0,0,0,0,0,0,0,67,108
133,128,2,0,0,1,0,0,0,0,0,0,0,0,90,108
133,140,2,1,0,1,0,0,0,0,0,0,0,0,67,108
133,148,2,1,0,1,0,0,0,0,0,0,0,0,67,108
133,164,2,0,0,1,0,0,0,0,0,0,0,0,67,108
133,196,2,0,0,1,0,0,0,0,0,0,0,0,67,108
133,4,2,0,0,1,0,0,0,0,0,0,0,0,91,108
133,388,2,0,0,1,0,0,0,0,0,0,0,0,67,108
133,131,2,1,0,1,0,0,0,0,0,0,0,0,67,108
133,143,2,1,1,1,1,1,1,0,0,0,0,0,0,108
133,151,2,1,1,1,1,1,1,0,0,0,0,0,0,108
133,167,2,1,1,1,1,1,1,0,0,0,0,0,0,108
133,199,2,1,1,1,1,1,1,0,0,0,0,0,0,108
133,7,2,0,0,1,0,0,0,0,0,0,0,0,74,108
133,391,2,1,1,1,1,1,1,0,0,0,0,0,0,108
133,137,2,0,0,1,0,0,0,0,0,0,0,0,67,108
133,145,2,1,0,1,0,0,0,0,0,0,0,0,67,108
133,161,2,1,0,1,0,0,0,0,0,0,0,0,67,108
133,193,2,0,0,1,0,0,0,0,0,0,0,0,67,108
133,1,2,0,0,1,0,0,0,0,0,0,0,0,91,108
133,385,2,0,0,1,0,0,0,0,0,0,0,0,67,108
133,157,2,1,1,1,1,1,1,0,0,0,0,0,0,108
133,173,2,1,1,1,1,1,1,0,0,0,0,0,0,108
133,205,2,1,1,1,1,1,1,0,0,0,0,0,0,108
133,13,2,0,0,1,0,0,0,0,0,0,0,0,74,108
133,397,2,1,1,1,1,1,1,0,0,0,0,0,0,108
133,181,2,1,1,1,1,1,1,0,0,0,0,0,0,108
133,213,2,1,1,1,1,1,1,0,0,0,0,0,0,108
133,21,2,1,0,1,0,0,0,0,0,0,0,0,74,108
133,405,2,1,1,1,1,1,1,0,0,0,0,0,0,108
133,229,2,1,1,1,1,1,1,0,0,0,0,0,0,108
133,37,2,0,0,1,0,0,0,0,0,0,0,0,74,108
133,421,2,1,1,1,1,1,1,0,0,0,0,0,0,108
133,69,2,0,0,1,0,0,0,0,0,0,0,0,74,108
133,453,2,1,1,1,1,1,1,0,0,0,0,0,0,108
133,261,2,0,0,1,0,0,0,0,0,0,0,0,74,108
134,134,0,1,1,1,1,1,1,0,0,0,0,0,0,43
134,135,1,1,1,1,1,1,1,0,0,0,0,0,0,43
134,132,1,0,0,1,0,0,0,0,0,0,0,0,16,43
134,130,1,1,1,1,1,1,1,0,0,0,0,0,16,43
134,142,1,1,1,1,1,1,1,0,0,0,0,0,0,43
134,150,1,1,1,1,1,1,1,0,0,0,0,0,0,43
134,166,1,1,1,1,1,1,1,0,0,0,0,0,0,43
134,198,1,1,1,1,1,1,1,0,0,0,0,0,0,43
134,6,1,0,0,1,0,0,0,0,0,0,0,0,26,43
134,390,1,1,1,1,1,1,1,0,0,0,0,0,0,43
134,133,2,1,0,1,0,0,0,0,0,0,0,0,16,43
134,131,2,1,1,1,1,1,1,0,0,0,0,0,16,43
134,143,2,1,1,1,1,1,1,0,0,0,0,0,0,43
134,151,2,1,1,1,1,1,1,0,0,0,0,0,0,43
134,167,2,1,1,1,1,1,1,0,0,0,0,0,0,43
134,199,2,1,1,1,1,1,1,0,0,0,0,0,0,43
134,7,2,0,0,1,0,0,0,0,0,0,0,0,26,43
134,391,2,1,1,1,1,1,1,0,0,0,0,0,0,43
134,128,2,0,0,1,0,0,0,0,0,0,0,0,32,43
134,140,2,1,0,1,0,0,0,0,0,0,0,0,16,43
134,148,2,1,0,1,0,0,0,0,0,0,0,0,16,43
134,164,2,0,0,1,0,0,0,0,0,0,0,0,16,43
134,196,2,0,0,1,0,0,0,0,0,0,0,0,16,43
134,4,2,0,0,1,0,0,0,0,0,0,0,0,32,43
134,388,2,0,0,1,0,0,0,0,0,0,0,0,16,43
134,138,2,1,1,1,1,1,1,0,0,0,0,0,16,43
134,146,2,1,1,1,1,1,1,0,0,0,0,0,16,43
134,162,2,1,1,1,1,1,1,0,0,0,0,0,16,43
134,194,2,1,1,1,1,1,1,0,0,0,0,0,16,43
134,2,2,0,0,1,0,0,0,0,0,0,0,0,32,43
134,386,2,1,1,1,1,1,1,0,0,0,0,0,16,43
134,158,2,1,1,1,1,1,1,0,0,0,0,0,0,43
134,174,2,1,1,1,1,1,1,0,0,0,0,0,0,43
134,206,2,1,1,1,1,1,1,0,0,0,0,0,0,43
134,14,2,0,0,1,0,0,0,0,0,0,0,0,26,43
134,398,2,1,1,1,1,1,1,0,0,0,0,0,0,43
134,182,2,1,1,1,1,1,1,0,0,0,0,0,0,43
134,214,2,1,1,1,1,1,1,0,0,0,0,0,0,43
134,22,2,1,0,1,0,0,0,0,0,0,0,0,26,43
134,406,2,1,1,1,1,1,1,0,0,0,0,0,0,43
134,230,2,1,1,1,1,1,1,0,0,0,0,0,0,43
134,38,2,0,0,1,0,0,0,0,0,0,0,0,26,43
134,422,2,1,1,1,1,1,1,0,0,0,0,0,0,43
134,70,2,0,0,1,0,0,0,0,0,0,0,0,26,43
134,454,2,1,1,1,1,1,1,0,0,0,0,0,0,43
134,262,2,0,0,1,0,0,0,0,0,0,0,0,26,43
135,135,0,1,1,1,1,1,1,0,0,0,0,0,0,109
135,134,1,1,1,1,1,1,1,0,0,0,0,0,67,109
135,133,1,1,1,1,0,0,1,0,1,1,1,0,22,109
135,131,1,1,1,1,1,1,1,0,0,0,0,0,67,109
135,143,1,1,1,1,1,1,1,0,0,0,0,0,0,109
135,151,1,1,1,1,1,1,1,0,0,0,0,0,0,109
135,167,1,1,1,1,1,1,1,0,0,0,0,0,0,109
135,199,1,1,1,1,1,1,1,0,0,0,0,0,0,109
135,7,1,0,0,1,0,0,0,0,0,0,0,0,74,109
135,391,1,1,1,1,1,1,1,0,0,0,0,0,0,109
135,132,2,0,0,1,0,0,0,0,0,0,0,0,70,109
135,130,2,1,1,1,1,1,1,0,0,0,0,0,90,109
135,142,2,1,1,1,1,1,1,0,0,0,0,0,67,109
135,150,2,1,1,1,1,1,1,0,0,0,0,0,67,109
135,166,2,1,1,1,1,1,1,0,0,0,0,0,67,109
135,198,2,1,1,1,1,1,1,0,0,0,0,0,67,109
135,6,2,0,0,1,0,0,0,0,0,0,0,0,91,109
135,390,2,1,1,1,1,1,1,0,0,0,0,0,67,109
135,129,2,0,0,1,0,0,0,0,0,0,0,0,70,109
135,141,2,1,1,1,0,0,1,0,1,1,1,0,22,109
135,149,2,1,1,1,0,0,1,0,1,1,1,0,22,109
135,165,2,1,1,1,0,0,1,0,1,1,1,0,22,109
135,197,2,1,1,1,0,0,1,0,1,1,1,0,22,109
135,5,2,0,0,1,0,0,0,0,0,0,0,0,76,109
135,389,2,1,1,1,0,0,1,0,1,1,1,0,22,109
135,139,2,1,1,1,1,1,1,0,0,0,0,0,67,109
135,147,2,1,1,1,1,1,1,0,0,0,0,0,67,109
135,163,2,1,1,1,1,1,1,0,0,0,0,0,67,109
135,195,2,1,1,1,1,1,1,0,0,0,0,0,67,109
135,3,2,0,0,1,0,0,0,0,0,0,0,0,91,109
135,387,2,1,1,1,1,1,1,0,0,0,0,0,67,109
135,159,2,1,1,1,1,1,1,0,0,0,0,0,0,109
135,175,2,1,1,1,1,1,1,0,0,0,0,0,0,109
135,207,2,1,1,1,1,1,1,0,0,0,0,0,0,109
135,15,2,0,0,1,0,0,0,0,0,0,0,0,74,109
135,399,2,1,1,1,1,1,1,0,0,0,0,0,0,109
135,183,2,1,1,1,1,1,1,0,0,0,0,0,0,109
135,215,2,1,1,1,1,1,1,0,0,0,0,0,0,109
135,23,2,1,0,1,0,0,0,0,0,0,0,0,74,109
135,407,2,1,1,1,1,1,1,0,0,0,0,0,0,109
135,231,2,1,1,1,1,1,1,0,0,0,0,0,0,109
135,39,2,0,0,1,0,0,0,0,0,0,0,0,74,109
135,423,2,1,1,1,1,1,1,0,0,0,0,0,0,109
135,71,2,0,0,1,0,0,0,0,0,0,0,0,74,109
135,455,2,1,1,1,1,1,1,0,0,0,0,0,0,109
135,263,2,0,0,1,0,0,0,0,0,0,0,0,74,109
138,138,0,1,1,1,1,1,1,0,0,0,0,0,0,27
138,139,1,1,1,1,1,1,1,0,0,0,0,0,0,27
138,136,1,0,0,1,0,0,0,0,0,0,0,0,13,27
138,142,1,1,1,1,1,1,1,0,0,0,0,0,0,27
138,130,1,1,1,1,1,1,1,0,0,0,0,0,5,27
138,154,1,1,1,1,1,1,1,0,0,0,0,0,0,27
138,170,1,1,1,1,1,1,1,0,0,0,0,0,0,27
138,202,1,1,1,1,1,1,1,0,0,0,0,0,0,27
138,10,1,0,0,1,0,0,0,0,0,0,0,0,13,27
138,394,1,1,1,1,1,1,1,0,0,0,0,0,0,27
138,137,2,0,0,1,0,0,0,0,0,0,0,0,13,27
138,143,2,1,1,1,1,1,1,0,0,0,0,0,0,27
138,131,2,1,1,1,1,1,1,0,0,0,0,0,5,27
138,155,2,1,1,1,1,1,1,0,0,0,0,0,0,27
138,171,2,1,1,1,1,1,1,0,0,0,0,0,0,27
138,203,2,1,1,1,1,1,1,0,0,0,0,0,0,27
138,11,2,0,0,1,0,0,0,0,0,0,0,0,13,27
138,395,2,1,1,1,1,1,1,0,0,0,0,0,0,27
138,140,2,1,0,1,0,0,0,0,0,0,0,0,13,27
138,128,2,0,0,1,0,0,0,0,0,0,0,0,18,27
138,152,2,1,0,1,0,0,0,0,0,0,0,0,13,27
138,168,2,1,0,1,0,0,0,0,0,0,0,0,13,27
138,200,2,0,0,1,0,0,0,0,0,0,0,0,13,27
138,8,2,0,0,1,0,0,0,0,0,0,0,0,18,27
138,392,2,0,0,1,0,0,0,0,0,0,0,0,13,27
138,134,2,1,1,1,1,1,1,0,0,0,0,0,5,27
138,158,2,1,1,1,1,1,1,0,0,0,0,0,0,27
138,174,2,1,1,1,1,1,1,0,0,0,0,0,0,27
138,206,2,1,1,1,1,1,1,0,0,0,0,0,0,27
138,14,2,0,0,1,0,0,0,0,0,0,0,0,13,27
138,398,2,1,1,1,1,1,1,0,0,0,0,0,0,27
138,146,2,1,1,1,1,1,1,0,0,0,0,0,5,27
138,162,2,1,1,1,1,1,1,0,0,0,0,0,5,27
138,194,2,1,1,1,1,1,1,0,0,0,0,0,5,27
138,2,2,0,0,1,0,0,0,0,0,0,0,0,18,27
138,386,2,1,1,1,1,1,1,0,0,0,0,0,5,27
138,186,2,1,1,1,1,1,1,0,0,0,0,0,0,27
138,218,2,1,1,1,1,1,1,0,0,0,0,0,0,27
138,26,2,1,0,1,0,0,0,0,0,0,0,0,13,27
138,410,2,1,1,1,1,1,1,0,0,0,0,0,0,27
138,234,2,1,1,1,1,1,1,0,0,0,0,0,0,27
138,42,2,1,0,1,0,0,0,0,0,0,0,0,13,27
138,426,2,1,1,1,1,1,1,0,0,0,0,0,0,27
138,74,2,0,0,1,0,0,0,0,0,0,0,0,13,27
138,458,2,1,1,1,1,1,1,0,0,0,0,0,0,27
138,266,2,1,0,1,0,0,0,0,0,0,0,0,13,27
139,139,0,1,1,1,1,1,1,0,0,0,0,0,0,44
139,138,1,1,1,1,1,1,1,0,0,0,0,0,16,44
139,137,1,0,0,1,0,0,0,0,0,0,0,0,16,44
139,143,1,1,1,1,1,1,1,0,0,0,0,0,0,44
139,131,1,1,1,1,1,1,1,0,0,0,0,0,6,44
139,155,1,1,1,1,1,1,1,0,0,0,0,0,0,44
139,171,1,1,1,1,1,1,1,0,0,0,0,0,0,44
139,203,1,1,1,1,1,1,1,0,0,0,0,0,0,44
139,11,1,0,0,1,0,0,0,0,0,0,0,0,26,44
139,395,1,1,1,1,1,1,1,0,0,0,0,0,0,44
139,136,2,0,0,1,0,0,0,0,0,0,0,0,32,44
139,142,2,1,1,1,1,1,1,0,0,0,0,0,16,44
139,130,2,1,1,1,1,1,1,0,0,0,0,0,17,44
139,154,2,1,1,1,1,1,1,0,0,0,0,0,16,44
139,170,2,1,1,1,1,1,1,0,0,0,0,0,16,44
139,202,2,1,1,1,1,1,1,0,0,0,0,0,16,44
139,10,2,0,0,1,0,0,0,0,0,0,0,0,32,44
139,394,2,1,1,1,1,1,1,0,0,0,0,0,16,44
139,141,2,1,0,1,0,0,0,0,0,0,0,0,16,44
139,129,2,0,0,1,0,0,0,0,0,0,0,0,22,44
139,153,2,1,0,1,0,0,0,0,0,0,0,0,16,44
139,169,2,1,0,1,0,0,0,0,0,0,0,0,16,44
139,201,2,0,0,1,0,0,0,0,0,0,0,0,16,44
139,9,2,0,0,1,0,0,0,0,0,0,0,0,32,44
139,393,2,0,0,1,0,0,0,0,0,0,0,0,16,44
139,135,2,1,1,1,1,1,1,0,0,0,0,0,6,44
139,159,2,1,1,1,1,1,1,0,0,0,0,0,0,44
139,175,2,1,1,1,1,1,1,0,0,0,0,0,0,44
139,207,2,1,1,1,1,1,1,0,0,0,0,0,0,44
139,15,2,0,0,1,0,0,0,0,0,0,0,0,26,44
139,399,2,1,1,1,1,1,1,0,0,0,0,0,0,44
139,147,2,1,1,1,1,1,1,0,0,0,0,0,6,44
139,163,2,1,1,1,1,1,1,0,0,0,0,0,6,44
139,195,2,1,1,1,1,1,1,0,0,0,0,0,6,44
139,3,2,0,0,1,0,0,0,0,0,0,0,0,27,44
139,387,2,1,1,1,1,1,1,0,0,0,0,0,6,44
139,187,2,1,1,1,1,1,1,0,0,0,0,0,0,44
139,219,2,1,1,1,1,1,1,0,0,0,0,0,0,44
139,27,2,1,0,1,0,0,0,0,0,0,0,0,26,44
139,411,2,1,1,1,1,1,1,0,0,0,0,0,0,44
139,235,2,1,1,1,1,1,1,0,0,0,0,0,0,44
139,43,2,1,0,1,0,0,0,0,0,0,0,0,26,44
139,427,2,1,1,1,1,1,1,0,0,0,0,0,0,44
139,75,2,0,0,1,0,0,0,0,0,0,0,0,26,44
139,459,2,1,1,1,1,1,1,0,0,0,0,0,0,44
139,267,2,1,0,1,0,0,0,0,0,0,0,0,26,44
140,140,0,1,1,1,1,1,1,0,0,0,0,0,0,69
140,141,1,1,1,1,1,1,1,0,0,0,0,0,0,69
140,142,1,1,1,1,1,1,1,0,0,0,0,0,0,69
140,136,1,0,0,1,0,0,0,0,0,0,0,0,46,69
140,132,1,0,0,1,0,0,0,0,0,0,0,0,36,69
140,156,1,1,1,1,1,1,1,0,0,0,0,0,0,69
140,172,1,1,1,1,1,1,1,0,0,0,0,0,0,69
140,204,1,1,1,1,1,1,1,0,0,0,0,0,0,69
140,12,1,0,0,1,0,0,0,0,0,0,0,0,36,69
140,396,1,1,1,1,1,1,1,0,0,0,0,0,0,69
140,143,2,1,1,1,1,1,1,0,0,0,0,0,0,69
140,137,2,0,0,1,0,0,0,0,0,0,0,0,46,69
140,133,2,1,0,1,0,0,0,0,0,0,0,0,36,69
140,157,2,1,1,1,1,1,1,0,0,0,0,0,0,69
140,173,2,1,1,1,1,1,1,0,0,0,0,0,0,69
140,205,2,1,1,1,1,1,1,0,0,0,0,0,0,69
140,13,2,0,0,1,0,0,0,0,0,0,0,0,36,69
140,397,2,1,1,1,1,1,1,0,0,0,0,0,0,69
140,138,2,1,0,1,0,0,0,0,0,0,0,0,46,69
140,134,2,1,0,1,0,0,0,0,0,0,0,0,36,69
140,158,2,1,1,1,1,1,1,0,0,0,0,0,0,69
140,174,2,1,1,1,1,1,1,0,0,0,0,0,0,69
140,206,2,1,1,1,1,1,1,0,0,0,0,0,0,69
140,14,2,0,0,1,0,0,0,0,0,0,0,0,36,69
140,398,2,1,1,1,1,1,1,0,0,0,0,0,0,69
140,128,2,0,0,1,0,0,0,0,0,0,0,0,55,69
140,152,2,1,0,1,0,0,0,0,0,0,0,0,46,69
140,168,2,1,0,1,0,0,0,0,0,0,0,0,46,69
140,200,2,0,0,1,0,0,0,0,0,0,0,0,46,69
140,8,2,0,0,1,0,0,0,0,0,0,0,0,55,69
140,392,2,0,0,1,0,0,0,0,0,0,0,0,46,69
140,148,2,1,0,1,0,0,0,0,0,0,0,0,36,69
140,164,2,0,0,1,0,0,0,0,0,0,0,0,36,69
140,196,2,0,0,1,0,0,0,0,0,0,0,0,36,69
140,4,2,0,0,1,0,0,0,0,0,0,0,0,56,69
140,388,2,0,0,1,0,0,0,0,0,0,0,0,36,69
140,188,2,1,1,1,1,1,1,0,0,0,0,0,0,69
140,220,2,1,1,1,1,1,1,0,0,0,0,0,0,69
140,28,2,1,0,1,0,0,0,0,0,0,0,0,36,69
140,412,2,1,1,1,1,1,1,0,0,0,0,0,0,69
140,236,2,1,1,1,1,1,1,0,0,0,0,0,0,69
140,44,2,1,0,1,0,0,0,0,0,0,0,0,36,69
140,428,2,1,1,1,1,1,1,0,0,0,0,0,0,69
140,76,2,0,0,1,0,0,0,0,0,0,0,0,36,69
140,460,2,1,1,1,1,1,1,0,0,0,0,0,0,69
140,268,2,1,0,1,0,0,0,0,0,0,0,0,36,69
141,141,0,1,1,1,1,1,1,0,0,0,0,0,0,109
141,140,1,1,1,1,0,0,1,0,1,1,1,0,67,109
141,143,1,1,1,1,1,1,1,0,0,0,0,0,0,109
141,137,1,0,0,1,0,0,0,0,0,0,0,0,67,109
141,133,1,1,1,1,1,1,1,0,0,0,0,0,42,109
141,157,1,1,1,1,1,1,1,0,0,0,0,0,0,109
141,173,1,1,1,1,1,1,1,0,0,0,0,0,0,109
141,205,1,1,1,1,1,1,1,0,0,0,0,0,0,109
141,13,1,0,0,1,0,0,0,0,0,0,0,0,74,109
141,397,1,1,1,1,1,1,1,0,0,0,0,0,0,109
141,142,2,1,1,1,0,0,1,0,1,1,1,0,67,109
141,136,2,0,0,1,0,0,0,0,0,0,0,0,90,109
141,132,2,0,0,1,0,0,0,0,0,0,0,0,71,109
141,156,2,1,1,1,0,0,1,0,1,1,1,0,67,109
141,172,2,1,1,1,0,0,1,0,1,1,1,0,67,109
141,204,2,1,1,1,0,0,1,0,1,1,1,0,67,109
141,12,2,0,0,1,0,0,0,0,0,0,0,0,91,109
141,396,2,1,1,1,0,0,1,0,1,1,1,0,67,109
141,139,2,1,0,1,0,0,0,0,0,0,0,0,67,109
141,135,2,1,1,1,1,1,1,0,0,0,0,0,42,109
141,159,2,1,1,1,1,1,1,0,0,0,0,0,0,109
141,175,2,1,1,1,1,1,1,0,0,0,0,0,0,109
141,207,2,1,1,1,1,1,1,0,0,0,0,0,0,109
141,15,2,0,0,1,0,0,0,0,0,0,0,0,74,109
141,399,2,1,1,1,1,1,1,0,0,0,0,0,0,109
141,129,2,0,0,1,0,0,0,0,0,0,0,0,77,109
141,153,2,1,0,1,0,0,0,0,0,0,0,0,67,109
141,169,2,1,0,1,0,0,0,0,0,0,0,0,67,109
141,201,2,0,0,1,0,0,0,0,0,0,0,0,67,109
141,9,2,0,0,1,0,0,0,0,0,0,0,0,91,109
141,393,2,0,0,1,0,0,0,0,0,0,0,0,67,109
141,149,2,1,1,1,1,1,1,0,0,0,0,0,42,109
141,165,2,1,1,1,1,1,1,0,0,0,0,0,42,109
141,197,2,1,1,1,1,1,1,0,0,0,0,0,42,109
141,5,2,0,0,1,0,0,0,0,0,0,0,0,78,109
141,389,2,1,1,1,1,1,1,0,0,0,0,0,42,109
141,189,2,1,1,1,1,1,1,0,0,0,0,0,0,109
141,221,2,1,1,1,1,1,1,0,0,0,0,0,0,109
141,29,2,1,0,1,0,0,0,0,0,0,0,0,74,109
141,413,2,1,1,1,1,1,1,0,0,0,0,0,0,109
141,237,2,1,1,1,1,1,1,0,0,0,0,0,0,109
141,45,2,1,0,1,0,0,0,0,0,0,0,0,74,109
141,429,2,1,1,1,1,1,1,0,0,0,0,0,0,109
141,77,2,0,0,1,0,0,0,0,0,0,0,0,74,109
141,461,2,1,1,1,1,1,1,0,0,0,0,0,0,109
141,269,2,1,0,1,0,0,0,0,0,0,0,0,74,109
142,142,0,1,1,1,1,1,1,0,0,0,0,0,0,70
142,143,1,1,1,1,1,1,1,0,0,0,0,0,0,70
142,140,1,1,1,1,0,0,1,0,1,1,1,0,19,70
142,138,1,1,1,1,1,1,1,0,0,0,0,0,46,70
142,134,1,1,1,1,1,1,1,0,0,0,0,0,36,70
142,158,1,1,1,1,1,1,1,0,0,0,0,0,0,70
142,174,1,1,1,1,1,1,1,0,0,0,0,0,0,70
142,206,1,1,1,1,1,1,1,0,0,0,0,0,0,70
142,14,1,0,0,1,0,0,0,0,0,0,0,0,36,70
142,398,1,1,1,1,1,1,1,0,0,0,0,0,0,70
142,141,2,1,1,1,0,0,1,0,1,1,1,0,19,70
142,139,2,1,1,1,1,1,1,0,0,0,0,0,46,70
142,135,2,1,1,1,1,1,1,0,0,0,0,0,36,70
142,159,2,1,1,1,1,1,1,0,0,0,0,0,0,70
142,175,2,1,1,1,1,1,1,0,0,0,0,0,0,70
142,207,2,1,1,1,1,1,1,0,0,0,0,0,0,70
142,15,2,0,0,1,0,0,0,0,0,0,0,0,36,70
142,399,2,1,1,1,1,1,1,0,0,0,0,0,0,70
142,136,2,0,0,1,0,0,0,0,0,0,0,0,49,70
142,132,2,0,0,1,0,0,0,0,0,0,0,0,38,70
142,156,2,1,1,1,0,0,1,0,1,1,1,0,19,70
142,172,2,1,1,1,0,0,1,0,1,1,1,0,19,70
142,204,2,1,1,1,0,0,1,0,1,1,1,0,19,70
142,12,2,0,0,1,0,0,0,0,0,0,0,0,43,70
142,396,2,1,1,1,0,0,1,0,1,1,1,0,19,70
142,130,2,1,1,1,1,1,1,0,0,0,0,0,55,70
142,154,2,1,1,1,1,1,1,0,0,0,0,0,46,70
142,170,2,1,1,1,1,1,1,0,0,0,0,0,46,70
142,202,2,1,1,1,1,1,1,0,0,0,0,0,46,70
142,10,2,0,0,1,0,0,0,0,0,0,0,0,55,70
142,394,2,1,1,1,1,1,1,0,0,0,0,0,46,70
142,150,2,1,1,1,1,1,1,0,0,0,0,0,36,70
142,166,2,1,1,1,1,1,1,0,0,0,0,0,36,70
142,198,2,1,1,1,1,1,1,0,0,0,0,0,36,70
142,6,2,0,0,1,0,0,0,0,0,0,0,0,56,70
142,390,2,1,1,1,1,1,1,0,0,0,0,0,36,70
142,190,2,1,1,1,1,1,1,0,0,0,0,0,0,70
142,222,2,1,1,1,1,1,1,0,0,0,0,0,0,70
142,30,2,1,0,1,0,0,0,0,0,0,0,0,36,70
142,414,2,1,1,1,1,1,1,0,0,0,0,0,0,70
142,238,2,1,1,1,1,1,1,0,0,0,0,0,0,70
142,46,2,1,0,1,0,0,0,0,0,0,0,0,36,70
142,430,2,1,1,1,1,1,1,0,0,0,0,0,0,70
142,78,2,0,0,1,0,0,0,0,0,0,0,0,36,70
142,462,2,1,1,1,1,1,1,0,0,0,0,0,0,70
142,270,2,1,0,1,0,0,0,0,0,0,0,0,36,70
143,143,0,1,1,1,1,1,1,0,0,0,0,0,0,110
143,142,1,1,1,1,1,1,1,0,0,0,0,0,67,110
143,141,1,1,1,1,0,0,1,0,1,1,1,0,22,110
143,139,1,1,1,1,1,1,1,0,0,0,0,0,67,110
143,135,1,1,1,1,1,1,1,0,0,0,0,0,42,110
143,159,1,1,1,1,1,1,1,0,0,0,0,0,0,110
143,175,1,1,1,1,1,1,1,0,0,0,0,0,0,110
143,207,1,1,1,1,1,1,1,0,0,0,0,0,0,110
143,15,1,0,0,1,0,0,0,0,0,0,0,0,74,110
143,399,1,1,1,1,1,1,1,0,0,0,0,0,0,110
143,140,2,1,1,1,0,0,1,0,1,1,1,0,70,110
143,138,2,1,1,1,1,1,1,0,0,0,0,0,90,110
143,134,2,1,1,1,1,1,1,0,0,0,0,0,71,110
143,158,2,1,1,1,1,1,1,0,0,0,0,0,67,110
143,174,2,1,1,1,1,1,1,0,0,0,0,0,67,110
143,206,2,1,1,1,1,1,1,0,0,0,0,0,67,110
143,14,2,0,0,1,0,0,0,0,0,0,0,0,91,110
143,398,2,1,1,1,1,1,1,0,0,0,0,0,67,110
143,137,2,0,0,1,0,0,0,0,0,0,0,0,70,110
143,133,2,1,1,1,0,0,1,0,1,1,1,0,44,110
143,157,2,1,1,1,0,0,1,0,1,1,1,0,22,110
143,173,2,1,1,1,0,0,1,0,1,1,1,0,22,110
143,205,2,1,1,1,0,0,1,0,1,1,1,0,22,110
143,13,2,0,0,1,0,0,0,0,0,0,0,0,76,110
143,397,2,1,1,1,0,0,1,0,1,1,1,0,22,110
143,131,2,1,1,1,1,1,1,0,0,0,0,0,77,110
143,155,2,1,1,1,1,1,1,0,0,0,0,0,67,110
143,171,2,1,1,1,1,1,1,0,0,0,0,0,67,110
143,203,2,1,1,1,1,1,1,0,0,0,0,0,67,110
143,11,2,0,0,1,0,0,0,0,0,0,0,0,91,110
143,395,2,1,1,1,1,1,1,0,0,0,0,0,67,110
143,151,2,1,1,1,1,1,1,0,0,0,0,0,42,110
143,167,2,1,1,1,1,1,1,0,0,0,0,0,42,110
143,199,2,1,1,1,1,1,1,0,0,0,0,0,42,110
143,7,2,0,0,1,0,0,0,0,0,0,0,0,78,110
143,391,2,1,1,1,1,1,1,0,0,0,0,0,42,110
143,191,2,1,1,1,1,1,1,0,0,0,0,0,0,110
143,223,2,1,1,1,1,1,1,0,0,0,0,0,0,110
143,31,2,1,0,1,0,0,0,0,0,0,0,0,74,110
143,415,2,1,1,1,1,1,1,0,0,0,0,0,0,110
143,239,2,1,1,1,1,1,1,0,0,0,0,0,0,110
143,47,2,1,0,1,0,0,0,0,0,0,0,0,74,110
143,431,2,1,1,1,1,1,1,0,0,0,0,0,0,110
143,79,2,0,0,1,0,0,0,0,0,0,0,0,74,110
143,463,2,1,1,1,1,1,1,0,0,0,0,0,0,110
143,271,2,1,0,1,0,0,0,0,0,0,0,0,74,110
144,144,0,1,1,1,1,1,1,0,0,0,0,0,0,8
144,145,1,1,1,1,1,1,1,0,0,0,0,0,0,8
144,146,1,1,1,1,1,1,1,0,0,0,0,0,0,8
144,148,1,1,1,1,1,1,1,0,0,0,0,0,0,8
144,152,1,1,1,1,1,1,1,0,0,0,0,0,0,8
144,128,1,0,0,1,0,0,0,0,0,0,0,0,3,8
144,176,1,1,1,1,1,1,1,0,0,0,0,0,0,8
144,208,1,1,1,1,1,1,1,0,0,0,0,0,0,8
144,16,1,1,1,1,1,1,1,0,0,0,0,0,3,8
144,400,1,1,1,1,1,1,1,0,0,0,0,0,0,8
144,147,2,1,1,1,1,1,1,0,0,0,0,0,0,8
144,149,2,1,1,1,1,1,1,0,0,0,0,0,0,8
144,153,2,1,1,1,1,1,1,0,0,0,0,0,0,8
144,129,2,0,0,1,0,0,0,0,0,0,0,0,3,8
144,177,2,1,1,1,1,1,1,0,0,0,0,0,0,8
144,209,2,1,1,1,1,1,1,0,0,0,0,0,0,8
144,17,2,1,1,1,1,1,1,0,0,0,0,0,3,8
144,401,2,1,1,1,1,1,1,0,0,0,0,0,0,8
144,150,2,1,1,1,1,1,1,0,0,0,0,0,0,8
144,154,2,1,1,1,1,1,1,0,0,0,0,0,0,8
144,130,2,1,0,1,0,0,0,0,0,0,0,0,3,8
144,178,2,1,1,1,1,1,1,0,0,0,0,0,0,8
144,210,2,1,1,1,1,1,1,0,0,0,0,0,0,8
144,18,2,1,1,1,1,1,1,0,0,0,0,0,3,8
144,402,2,1,1,1,1,1,1,0,0,0,0,0,0,8
144,156,2,1,1,1,1,1,1,0,0,0,0,0,0,8
144,132,2,0,0,1,0,0,0,0,0,0,0,0,3,8
144,180,2,1,1,1,1,1,1,0,0,0,0,0,0,8
144,212,2,1,1,1,1,1,1,0,0,0,0,0,0,8
144,20,2,1,1,1,1,1,1,0,0,0,0,0,3,8
144,404,2,1,1,1,1,1,1,0,0,0,0,0,0,8
144,136,2,0,0,1,0,0,0,0,0,0,0,0,3,8
144,184,2,1,1,1,1,1,1,0,0,0,0,0,0,8
144,216,2,1,1,1,1,1,1,0,0,0,0,0,0,8
144,24,2,1,1,1,1,1,1,0,0,0,0,0,3,8
144,408,2,1,1,1,1,1,1,0,0,0,0,0,0,8
144,160,2,0,0,1,0,0,0,0,0,0,0,0,3,8
144,192,2,0,0,1,0,0,0,0,0,0,0,0,3,8
144,0,2,0,0,1,0,0,0,0,0,0,0,0,6,8
144,384,2,0,0,1,0,0,0,0,0,0,0,0,3,8
144,240,2,1,1,1,1,1,1,0,0,0,0,0,0,8
144,48,2,1,1,1,1,1,1,0,0,0,0,0,3,8
144,432,2,1,1,1,1,1,1,0,0,0,0,0,0,8
144,80,2,1,1,1,1,1,1,0,0,0,0,0,3,8
144,464,2,1,1,1,1,1,1,0,0,0,0,0,0,8
144,272,2,1,1,1,1,1,1,0,0,0,0,0,3,8
145,145,0,1,1,1,1,1,1,0,0,0,0,0,0,27
145,144,1,1,1,1,1,1,1,0,0,0,0,0,13,27
145,147,1,1,1,1,1,1,1,0,0,0,0,0,0,27
145,149,1,1,1,1,1,1,1,0,0,0,0,0,0,27
145,153,1,1,1,1,1,1,1,0,0,0,0,0,0,27
145,129,1,0,0,1,0,0,0,0,0,0,0,0,5,27
145,177,1,1,1,1,1,1,1,0,0,0,0,0,0,27
145,209,1,1,1,1,1,1,1,0,0,0,0,0,0,27
145,17,1,1,1,1,1,1,1,0,0,0,0,0,13,27
145,401,1,1,1,1,1,1,1,0,0,0,0,0,0,27
145,146,2,1,1,1,1,1,1,0,0,0,0,0,13,27
145,148,2,1,1,1,1,1,1,0,0,0,0,0,13,27
145,152,2,1,1,1,1,1,1,0,0,0,0,0,13,27
145,128,2,0,0,1,0,0,0,0,0,0,0,0,18,27
145,176,2,1,1,1,1,1,1,0,0,0,0,0,13,27
145,208,2,1,1,1,1,1,1,0,0,0,0,0,13,27
145,16,2,1,1,1,1,1,1,0,0,0,0,0,18,27
145,400,2,1,1,1,1,1,1,0,0,0,0,0,13,27
145,151,2,1,1,1,1,1,1,0,0,0,0,0,0,27
145,155,2,1,1,1,1,1,1,0,0,0,0,0,0,27
145,131,2,1,0,1,0,0,0,0,0,0,0,0,5,27
145,179,2,1,1,1,1,1,1,0,0,0,0,0,0,27
145,211,2,1,1,1,1,1,1,0,0,0,0,0,0,27
145,19,2,1,1,1,1,1,1,0,0,0,0,0,13,27
145,403,2,1,1,1,1,1,1,0,0,0,0,0,0,27
145,157,2,1,1,1,1,1,1,0,0,0,0,0,0,27
145,133,2,1,0,1,0,0,0,0,0,0,0,0,5,27
145,181,2,1,1,1,1,1,1,0,0,0,0,0,0,27
145,213,2,1,1,1,1,1,1,0,0,0,0,0,0,27
145,21,2,1,1,1,1,1,1,0,0,0,0,0,13,27
145,405,2,1,1,1,1,1,1,0,0,0,0,0,0,27
145,137,2,0,0,1,0,0,0,0,0,0,0,0,5,27
145,185,2,1,1,1,1,1,1,0,0,0,0,0,0,27
145,217,2,1,1,1,1,1,1,0,0,0,0,0,0,27
145,25,2,1,1,1,1,1,1,0,0,0,0,0,13,27
145,409,2,1,1,1,1,1,1,0,0,0,0,0,0,27
145,161,2,1,0,1,0,0,0,0,0,0,0,0,5,27
145,193,2,0,0,1,0,0,0,0,0,0,0,0,5,27
145,1,2,0,0,1,0,0,0,0,0,0,0,0,18,27
145,385,2,0,0,1,0,0,0,0,0,0,0,0,5,27
145,241,2,1,1,1,1,1,1,0,0,0,0,0,0,27
145,49,2,1,1,1,1,1,1,0,0,0,0,0,13,27
145,433,2,1,1,1,1,1,1,0,0,0,0,0,0,27
145,81,2,1,1,1,1,1,1,0,0,0,0,0,13,27
145,465,2,1,1,1,1,1,1,0,0,0,0,0,0,27
145,273,2,1,1,1,1,1,1,0,0,0,0,0,13,27
146,146,0,1,1,1,1,1,1,0,0,0,0,0,0,18
146,147,1,1,1,1,1,1,1,0,0,0,0,0,0,18
146,144,1,1,1,1,1,1,1,0,0,0,0,0,10,18
146,150,1,1,1,1,1,1,1,0,0,0,0,0,0,18
146,154,1,1,1,1,1,1,1,0,0,0,0,0,0,18
146,130,1,1,1,1,0,0,1,0,1,1,1,0,4,18
146,178,1,1,1,1,1,1,1,0,0,0,0,0,0,18
146,210,1,1,1,1,1,1,1,0,0,0,0,0,0,18
146,18,1,1,1,1,1,1,1,0,0,0,0,0,10,18
146,402,1,1,1,1,1,1,1,0,0,0,0,0,0,18
146,145,2,1,1,1,1,1,1,0,0,0,0,0,10,18
146,151,2,1,1,1,1,1,1,0,0,0,0,0,0,18
146,155,2,1,1,1,1,1,1,0,0,0,0,0,0,18
146,131,2,1,1,1,0,0,1,0,1,1,1,0,4,18
146,179,2,1,1,1,1,1,1,0,0,0,0,0,0,18
146,211,2,1,1,1,1,1,1,0,0,0,0,0,0,18
146,19,2,1,1,1,1,1,1,0,0,0,0,0,10,18
146,403,2,1,1,1,1,1,1,0,0,0,0,0,0,18
146,148,2,1,1,1,1,1,1,0,0,0,0,0,10,18
146,152,2,1,1,1,1,1,1,0,0,0,0,0,10,18
146,128,2,0,0,1,0,0,0,0,0,0,0,0,11,18
146,176,2,1,1,1,1,1,1,0,0,0,0,0,10,18
146,208,2,1,1,1,1,1,1,0,0,0,0,0,10,18
146,16,2,1,1,1,1,1,1,0,0,0,0,0,14,18
146,400,2,1,1,1,1,1,1,0,0,0,0,0,10,18
146,158,2,1,1,1,1,1,1,0,0,0,0,0,0,18
146,134,2,1,1,1,0,0,1,0,1,1,1,0,4,18
146,182,2,1,1,1,1,1,1,0,0,0,0,0,0,18
146,214,2,1,1,1,1,1,1,0,0,0,0,0,0,18
146,22,2,1,1,1,1,1,1,0,0,0,0,0,10,18
146,406,2,1,1,1,1,1,1,0,0,0,0,0,0,18
146,138,2,1,1,1,0,0,1,0,1,1,1,0,4,18
146,186,2,1,1,1,1,1,1,0,0,0,0,0,0,18
146,218,2,1,1,1,1,1,1,0,0,0,0,0,0,18
146,26,2,1,1,1,1,1,1,0,0,0,0,0,10,18
146,410,2,1,1,1,1,1,1,0,0,0,0,0,0,18
146,162,2,1,1,1,0,0,1,0,1,1,1,0,4,18
146,194,2,1,1,1,0,0,1,0,1,1,1,0,4,18
146,2,2,0,0,1,0,0,0,0,0,0,0,0,11,18
146,386,2,1,1,1,0,0,1,0,1,1,1,0,4,18
146,242,2,1,1,1,1,1,1,0,0,0,0,0,0,18
146,50,2,1,1,1,1,1,1,0,0,0,0,0,10,18
146,434,2,1,1,1,1,1,1,0,0,0,0,0,0,18
146,82,2,1,1,1,1,1,1,0,0,0,0,0,10,18
146,466,2,1,1,1,1,1,1,0,0,0,0,0,0,18
146,274,2,1,1,1,1,1,1,0,0,0,0,0,10,18
147,147,0,1,1,1,1,1,1,0,0,0,0,0,0,44
147,146,1,1,1,1,1,1,1,0,0,0,0,0,16,44
147,145,1,1,1,1,1,1,1,0,0,0,0,0,16,44
147,151,1,1,1,1,1,1,1,0,0,0,0,0,0,44
147,155,1,1,1,1,1,1,1,0,0,0,0,0,0,44
147,131,1,1,1,1,0,0,1,0,1,1,1,0,6,44
147,179,1,1,1,1,1,1,1,0,0,0,0,0,0,44
147,211,1,1,1,1,1,1,1,0,0,0,0,0,0,44
147,19,1,1,1,1,1,1,1,0,0,0,0,0,26,44
147,403,1,1,1,1,1,1,1,0,0,0,0,0,0,44
147,144,2,1,1,1,1,1,1,0,0,0,0,0,32,44
147,150,2,1,1,1,1,1,1,0,0,0,0,0,16,44
147,154,2,1,1,1,1,1,1,0,0,0,0,0,16,44
147,130,2,1,1,1,0,0,1,0,1,1,1,0,22,44
147,178,2,1,1,1,1,1,1,0,0,0,0,0,16,44
147,210,2,1,1,1,1,1,1,0,0,0,0,0,16,44
147,18,2,1,1,1,1,1,1,0,0,0,0,0,32,44
147,402,2,1,1,1,1,1,1,0,0,0,0,0,16,44
147,149,2,1,1,1,1,1,1,0,0,0,0,0,16,44
147,153,2,1,1,1,1,1,1,0,0,0,0,0,16,44
147,129,2,0,0,1,0,0,0,0,0,0,0,0,17,44
147,177,2,1,1,1,1,1,1,0,0,0,0,0,16,44
147,209,2,1,1,1,1,1,1,0,0,0,0,0,16,44
147,17,2,1,1,1,1,1,1,0,0,0,0,0,32,44
147,401,2,1,1,1,1,1,1,0,0,0,0,0,16,44
147,159,2,1,1,1,1,1,1,0,0,0,0,0,0,44
147,135,2,1,1,1,0,0,1,0,1,1,1,0,6,44
147,183,2,1,1,1,1,1,1,0,0,0,0,0,0,44
147,215,2,1,1,1,1,1,1,0,0,0,0,0,0,44
147,23,2,1,1,1,1,1,1,0,0,0,0,0,26,44
147,407,2,1,1,1,1,1,1,0,0,0,0,0,0,44
147,139,2,1,1,1,0,0,1,0,1,1,1,0,6,44
147,187,2,1,1,1,1,1,1,0,0,0,0,0,0,44
147,219,2,1,1,1,1,1,1,0,0,0,0,0,0,44
147,27,2,1,1,1,1,1,1,0,0,0,0,0,26,44
147,411,2,1,1,1,1,1,1,0,0,0,0,0,0,44
147,163,2,1,1,1,0,0,1,0,1,1,1,0,6,44
147,195,2,1,1,1,0,0,1,0,1,1,1,0,6,44
147,3,2,0,0,1,0,0,0,0,0,0,0,0,27,44
147,387,2,1,1,1,0,0,1,0,1,1,1,0,6,44
147,243,2,1,1,1,1,1,1,0,0,0,0,0,0,44
147,51,2,1,1,1,1,1,1,0,0,0,0,0,26,44
147,435,2,1,1,1,1,1,1,0,0,0,0,0,0,44
147,83,2,1,1,1,1,1,1,0,0,0,0,0,26,44
147,467,2,1,1,1,1,1,1,0,0,0,0,0,0,44
147,275,2,1,1,1,1,1,1,0,0,0,0,0,26,44
148,148,0,1,1,1,1,1,1,0,0,0,0,0,0,27
148,149,1,1,1,1,1,1,1,0,0,0,0,0,0,27
148,150,1,1,1,1,1,1,1,0,0,0,0,0,0,27
148,144,1,1,1,1,1,1,1,0,0,0,0,0,13,27
148,156,1,1,1,1,1,1,1,0,0,0,0,0,0,27
148,132,1,0,0,1,0,0,0,0,0,0,0,0,5,27
148,180,1,1,1,1,1,1,1,0,0,0,0,0,0,27
148,212,1,1,1,1,1,1,1,0,0,0,0,0,0,27
148,20,1,1,1,1,1,1,1,0,0,0,0,0,13,27
148,404,1,1,1,1,1,1,1,0,0,0,0,0,0,27
148,151,2,1,1,1,1,1,1,0,0,0,0,0,0,27
148,145,2,1,1,1,1,1,1,0,0,0,0,0,13,27
148,157,2,1,1,1,1,1,1,0,0,0,0,0,0,27
148,133,2,1,0,1,0,0,0,0,0,0,0,0,5,27
148,181,2,1,1,1,1,1,1,0,0,0,0,0,0,27
148,213,2,1,1,1,1,1,1,0,0,0,0,0,0,27
148,21,2,1,1,1,1,1,1,0,0,0,0,0,13,27
148,405,2,1,1,1,1,1,1,0,0,0,0,0,0,27
148,146,2,1,1,1,1,1,1,0,0,0,0,0,13,27
148,158,2,1,1,1,1,1,1,0,0,0,0,0,0,27
148,134,2,1,0,1,0,0,0,0,0,0,0,0,5,27
148,182,2,1,1,1,1,1,1,0,0,0,0,0,0,27
148,214,2,1,1,1,1,1,1,0,0,0,0,0,0,27
148,22,2,1,1,1,1,1,1,0,0,0,0,0,13,27
148,406,2,1,1,1,1,1,1,0,0,0,0,0,0,27
148,152,2,1,1,1,1,1,1,0,0,0,0,0,13,27
148,128,2,0,0,1,0,0,0,0,0,0,0,0,18,27
148,176,2,1,1,1,1,1,1,0,0,0,0,0,13,27
148,208,2,1,1,1,1,1,1,0,0,0,0,0,13,27
148,16,2,1,1,1,1,1,1,0,0,0,0,0,18,27
148,400,2,1,1,1,1,1,1,0,0,0,0,0,13,27
148,140,2,1,0,1,0,0,0,0,0,0,0,0,5,27
148,188,2,1,1,1,1,1,1,0,0,0,0,0,0,27
148,220,2,1,1,1,1,1,1,0,0,0,0,0,0,27
148,28,2,1,1,1,1,1,1,0,0,0,0,0,13,27
148,412,2,1,1,1,1,1,1,0,0,0,0,0,0,27
148,164,2,0,0,1,0,0,0,0,0,0,0,0,5,27
148,196,2,0,0,1,0,0,0,0,0,0,0,0,5,27
148,4,2,0,0,1,0,0,0,0,0,0,0,0,18,27
148,388,2,0,0,1,0,0,0,0,0,0,0,0,5,27
148,244,2,1,1,1,1,1,1,0,0,0,0,0,0,27
148,52,2,1,1,1,1,1,1,0,0,0,0,0,13,27
148,436,2,1,1,1,1,1,1,0,0,0,0,0,0,27
148,84,2,1,1,1,1,1,1,0,0,0,0,0,13,27
148,468,2,1,1,1,1,1,1,0,0,0,0,0,0,27
148,276,2,1,1,1,1,1,1,0,0,0,0,0,13,27
149,149,0,1,1,1,1,1,1,0,0,0,0,0,0,109
149,148,1,1,1,1,1,1,1,0,0,0,0,0,67,109
149,151,1,1,1,1,1,1,1,0,0,0,0,0,0,109
149,145,1,1,1,1,1,1,1,0,0,0,0,0,67,109
149,157,1,1,1,1,1,1,1,0,0,0,0,0,0,109
149,133,1,1,1,1,0,0,1,0,1,1,1,0,8,109
149,181,1,1,1,1,1,1,1,0,0,0,0,0,0,109
149,213,1,1,1,1,1,1,1,0,0,0,0,0,0,109
149,21,1,1,1,1,1,1,1,0,0,0,0,0,74,109
149,405,1,1,1,1,1,1,1,0,0,0,0,0,0,109
149,150,2,1,1,1,1,1,1,0,0,0,0,0,67,109
149,144,2,1,1,1,1,1,1,0,0,0,0,0,90,109
149,156,2,1,1,1,1,1,1,0,0,0,0,0,67,109
149,132,2,0,0,1,0,0,0,0,0,0,0,0,69,109
149,180,2,1,1,1,1,1,1,0,0,0,0,0,67,109
149,212,2,1,1,1,1,1,1,0,0,0,0,0,67,109
149,20,2,1,1,1,1,1,1,0,0,0,0,0,91,109
149,404,2,1,1,1,1,1,1,0,0,0,0,0,67,109
149,147,2,1,1,1,1,1,1,0,0,0,0,0,67,109
149,159,2,1,1,1,1,1,1,0,0,0,0,0,0,109
149,135,2,1,1,1,0,0,1,0,1,1,1,0,8,109
149,183,2,1,1,1,1,1,1,0,0,0,0,0,0,109
149,215,2,1,1,1,1,1,1,0,0,0,0,0,0,109
149,23,2,1,1,1,1,1,1,0,0,0,0,0,74,109
149,407,2,1,1,1,1,1,1,0,0,0,0,0,0,109
149,153,2,1,1,1,1,1,1,0,0,0,0,0,67,109
149,129,2,0,0,1,0,0,0,0,0,0,0,0,69,109
149,177,2,1,1,1,1,1,1,0,0,0,0,0,67,109
149,209,2,1,1,1,1,1,1,0,0,0,0,0,67,109
149,17,2,1,1,1,1,1,1,0,0,0,0,0,91,109
149,401,2,1,1,1,1,1,1,0,0,0,0,0,67,109
149,141,2,1,1,1,0,0,1,0,1,1,1,0,8,109
149,189,2,1,1,1,1,1,1,0,0,0,0,0,0,109
149,221,2,1,1,1,1,1,1,0,0,0,0,0,0,109
149,29,2,1,1,1,1,1,1,0,0,0,0,0,74,109
149,413,2,1,1,1,1,1,1,0,0,0,0,0,0,109
149,165,2,1,1,1,0,0,1,0,1,1,1,0,8,109
149,197,2,1,1,1,0,0,1,0,1,1,1,0,8,109
149,5,2,0,0,1,0,0,0,0,0,0,0,0,75,109
149,389,2,1,1,1,0,0,1,0,1,1,1,0,8,109
149,245,2,1,1,1,1,1,1,0,0,0,0,0,0,109
149,53,2,1,1,1,1,1,1,0,0,0,0,0,74,109
149,437,2,1,1,1,1,1,1,0,0,0,0,0,0,109
149,85,2,1,1,1,1,1,1,0,0,0,0,0,74,109
149,469,2,1,1,1,1,1,1,0,0,0,0,0,0,109
149,277,2,1,1,1,1,1,1,0,0,0,0,0,74,109
150,150,0,1,1,1,1,1,1,0,0,0,0,0,0,44
150,151,1,1,1,1,1,1,1,0,0,0,0,0,0,44
150,148,1,1,1,1,1,1,1,0,0,0,0,0,16,44
150,146,1,1,1,1,1,1,1,0,0,0,0,0,16,44
150,158,1,1,1,1,1,1,1,0,0,0,0,0,0,44
150,134,1,1,1,1,0,0,1,0,1,1,1,0,6,44
150,182,1,1,1,1,1,1,1,0,0,0,0,0,0,44
150,214,1,1,1,1,1,1,1,0,0,0,0,0,0,44
150,22,1,1,1,1,1,1,1,0,0,0,0,0,26,44
150,406,1,1,1,1,1,1,1,0,0,0,0,0,0,44
150,149,2,1,1,1,1,1,1,0,0,0,0,0,16,44
150,147,2,1,1,1,1,1,1,0,0,0,0,0,16,44
150,159,2,1,1,1,1,1,1,0,0,0,0,0,0,44
150,135,2,1,1,1,0,0,1,0,1,1,1,0,6,44
150,183,2,1,1,1,1,1,1,0,0,0,0,0,0,44
150,215,2,1,1,1,1,1,1,0,0,0,0,0,0,44
150,23,2,1,1,1,1,1,1,0,0,0,0,0,26,44
150,407,2,1,1,1,1,1,1,0,0,0,0,0,0,44
150,144,2,1,1,1,1,1,1,0,0,0,0,0,32,44
150,156,2,1,1,1,1,1,1,0,0,0,0,0,16,44
150,132,2,0,0,1,0,0,0,0,0,0,0,0,17,44
150,180,2,1,1,1,1,1,1,0,0,0,0,0,16,44
150,212,2,1,1,1,1,1,1,0,0,0,0,0,16,44
150,20,2,1,1,1,1,1,1,0,0,0,0,0,32,44
150,404,2,1,1,1,1,1,1,0,0,0,0,0,16,44
150,154,2,1,1,1,1,1,1,0,0,0,0,0,16,44
150,130,2,1,1,1,0,0,1,0,1,1,1,0,22,44
150,178,2,1,1,1,1,1,1,0,0,0,0,0,16,44
150,210,2,1,1,1,1,1,1,0,0,0,0,0,16,44
150,18,2,1,1,1,1,1,1,0,0,0,0,0,32,44
150,402,2,1,1,1,1,1,1,0,0,0,0,0,16,44
150,142,2,1,1,1,0,0,1,0,1,1,1,0,6,44
150,190,2,1,1,1,1,1,1,0,0,0,0,0,0,44
150,222,2,1,1,1,1,1,1,0,0,0,0,0,0,44
150,30,2,1,1,1,1,1,1,0,0,0,0,0,26,44
150,414,2,1,1,1,1,1,1,0,0,0,0,0,0,44
150,166,2,1,1,1,0,0,1,0,1,1,1,0,6,44
150,198,2,1,1,1,0,0,1,0,1,1,1,0,6,44
150,6,2,0,0,1,0,0,0,0,0,0,0,0,27,44
150,390,2,1,1,1,0,0,1,0,1,1,1,0,6,44
150,246,2,1,1,1,1,1,1,0,0,0,0,0,0,44
150,54,2,1,1,1,1,1,1,0,0,0,0,0,26,44
150,438,2,1,1,1,1,1,1,0,0,0,0,0,0,44
150,86,2,1,1,1,1,1,1,0,0,0,0,0,26,44
150,470,2,1,1,1,1,1,1,0,0,0,0,0,0,44
150,278,2,1,1,1,1,1,1,0,0,0,0,0,26,44
151,151,0,1,1,1,1,1,1,0,0,0,0,0,0,110
151,150,1,1,1,1,1,1,1,0,0,0,0,0,67,110
151,149,1,1,1,1,1,1,1,0,0,0,0,0,22,110
151,147,1,1,1,1,1,1,1,0,0,0,0,0,67,110
151,159,1,1,1,1,1,1,1,0,0,0,0,0,0,110
151,135,1,1,1,1,0,0,1,0,1,1,1,0,8,110
151,183,1,1,1,1,1,1,1,0,0,0,0,0,0,110
151,215,1,1,1,1,1,1,1,0,0,0,0,0,0,110
151,23,1,1,1,1,1,1,1,0,0,0,0,0,74,110
151,407,1,1,1,1,1,1,1,0,0,0,0,0,0,110
151,148,2,1,1,1,1,1,1,0,0,0,0,0,70,110
151,146,2,1,1,1,1,1,1,0,0,0,0,0,90,110
151,158,2,1,1,1,1,1,1,0,0,0,0,0,67,110
151,134,2,1,1,1,0,0,1,0,1,1,1,0,69,110
151,182,2,1,1,1,1,1,1,0,0,0,0,0,67,110
151,214,2,1,1,1,1,1,1,0,0,0,0,0,67,110
151,22,2,1,1,1,1,1,1,0,0,0,0,0,91,110
151,406,2,1,1,1,1,1,1,0,0,0,0,0,67,110
151,145,2,1,1,1,1,1,1,0,0,0,0,0,70,110
151,157,2,1,1,1,1,1,1,0,0,0,0,0,22,110
151,133,2,1,1,1,0,0,1,0,1,1,1,0,23,110
151,181,2,1,1,1,1,1,1,0,0,0,0,0,22,110
151,213,2,1,1,1,1,1,1,0,0,0,0,0,22,110
151,21,2,1,1,1,1,1,1,0,0,0,0,0,76,110
151,405,2,1,1,1,1,1,1,0,0,0,0,0,22,110
151,155,2,1,1,1,1,1,1,0,0,0,0,0,67,110
151,131,2,1,1,1,0,0,1,0,1,1,1,0,69,110
151,179,2,1,1,1,1,1,1,0,0,0,0,0,67,110
151,211,2,1,1,1,1,1,1,0,0,0,0,0,67,110
151,19,2,1,1,1,1,1,1,0,0,0,0,0,91,110
151,403,2,1,1,1,1,1,1,0,0,0,0,0,67,110
151,143,2,1,1,1,0,0,1,0,1,1,1,0,8,110
151,191,2,1,1,1,1,1,1,0,0,0,0,0,0,110
151,223,2,1,1,1,1,1,1,0,0,0,0,0,0,110
151,31,2,1,1,1,1,1,1,0,0,0,0,0,74,110
151,415,2,1,1,1,1,1,1,0,0,0,0,0,0,110
151,167,2,1,1,1,0,0,1,0,1,1,1,0,8,110
151,199,2,1,1,1,0,0,1,0,1,1,1,0,8,110
151,7,2,0,0,1,0,0,0,0,0,0,0,0,75,110
151,391,2,1,1,1,0,0,1,0,1,1,1,0,8,110
151,247,2,1,1,1,1,1,1,0,0,0,0,0,0,110
151,55,2,1,1,1,1,1,1,0,0,0,0,0,74,110
151,439,2,1,1,1,1,1,1,0,0,0,0,0,0,110
151,87,2,1,1,1,1,1,1,0,0,0,0,0,74,110
151,471,2,1,1,1,1,1,1,0,0,0,0,0,0,110
151,279,2,1,1,1,1,1,1,0,0,0,0,0,74,110
152,152,0,1,1,1,1,1,1,0,0,0,0,0,0,15
152,153,1,1,1,1,1,1,1,0,0,0,0,0,0,15
152,154,1,1,1,1,1,1,1,0,0,0,0,0,0,15
152,156,1,1,1,1,1,1,1,0,0,0,0,0,0,15
152,144,1,1,1,1,1,1,1,0,0,0,0,0,4,15
152,136,1,0,0,1,0,0,0,0,0,0,0,0,4,15
152,184,1,1,1,1,1,1,1,0,0,0,0,0,0,15
152,216,1,1,1,1,1,1,1,0,0,0,0,0,0,15
152,24,1,1,1,1,1,1,1,0,0,0,0,0,4,15
152,408,1,1,1,1,1,1,1,0,0,0,0,0,0,15
152,155,2,1,1,1,1,1,1,0,0,0,0,0,0,15
152,157,2,1,1,1,1,1,1,0,0,0,0,0,0,15
152,145,2,1,1,1,1,1,1,0,0,0,0,0,4,15
152,137,2,0,0,1,0,0,0,0,0,0,0,0,4,15
152,185,2,1,1,1,1,1,1,0,0,0,0,0,0,15
152,217,2,1,1,1,1,1,1,0,0,0,0,0,0,15
152,25,2,1,1,1,1,1,1,0,0,0,0,0,4,15
152,409,2,1,1,1,1,1,1,0,0,0,0,0,0,15
152,158,2,1,1,1,1,1,1,0,0,0,0,0,0,15
152,146,2,1,1,1,1,1,1,0,0,0,0,0,4,15
152,138,2,1,0,1,0,0,0,0,0,0,0,0,4,15
152,186,2,1,1,1,1,1,1,0,0,0,0,0,0,15
152,218,2,1,1,1,1,1,1,0,0,0,0,0,0,15
152,26,2,1,1,1,1,1,1,0,0,0,0,0,4,15
152,410,2,1,1,1,1,1,1,0,0,0,0,0,0,15
152,148,2,1,1,1,1,1,1,0,0,0,0,0,4,15
152,140,2,1,0,1,0,0,0,0,0,0,0,0,4,15
152,188,2,1,1,1,1,1,1,0,0,0,0,0,0,15
152,220,2,1,1,1,1,1,1,0,0,0,0,0,0,15
152,28,2,1,1,1,1,1,1,0,0,0,0,0,4,15
152,412,2,1,1,1,1,1,1,0,0,0,0,0,0,15
152,128,2,0,0,1,0,0,0,0,0,0,0,0,8,15
152,176,2,1,1,1,1,1,1,0,0,0,0,0,4,15
152,208,2,1,1,1,1,1,1,0,0,0,0,0,4,15
152,16,2,1,1,1,1,1,1,0,0,0,0,0,8,15
152,400,2,1,1,1,1,1,1,0,0,0,0,0,4,15
152,168,2,1,0,1,0,0,0,0,0,0,0,0,4,15
152,200,2,0,0,1,0,0,0,0,0,0,0,0,4,15
152,8,2,0,0,1,0,0,0,0,0,0,0,0,8,15
152,392,2,0,0,1,0,0,0,0,0,0,0,0,4,15
152,248,2,1,1,1,1,1,1,0,0,0,0,0,0,15
152,56,2,1,1,1,1,1,1,0,0,0,0,0,4,15
152,440,2,1,1,1,1,1,1,0,0,0,0,0,0,15
152,88,2,1,1,1,1,1,1,0,0,0,0,0,4,15
152,472,2,1,1,1,1,1,1,0,0,0,0,0,0,15
152,280,2,1,1,1,1,1,1,0,0,0,0,0,4,15
153,153,0,1,1,1,1,1,1,0,0,0,0,0,0,28
153,152,1,1,1,1,1,1,1,0,0,0,0,0,13,28
153,155,1,1,1,1,1,1,1,0,0,0,0,0,0,28
153,157,1,1,1,1,1,1,1,0,0,0,0,0,0,28
153,145,1,1,1,1,1,1,1,0,0,0,0,0,5,28
153,137,1,0,0,1,0,0,0,0,0,0,0,0,5,28
153,185,1,1,1,1,1,1,1,0,0,0,0,0,0,28
153,217,1,1,1,1,1,1,1,0,0,0,0,0,0,28
153,25,1,1,1,1,1,1,1,0,0,0,0,0,13,28
153,409,1,1,1,1,1,1,1,0,0,0,0,0,0,28
153,154,2,1,1,1,1,1,1,0,0,0,0,0,13,28
153,156,2,1,1,1,1,1,1,0,0,0,0,0,13,28
153,144,2,1,1,1,1,1,1,0,0,0,0,0,14,28
153,136,2,0,0,1,0,0,0,0,0,0,0,0,18,28
153,184,2,1,1,1,1,1,1,0,0,0,0,0,13,28
153,216,2,1,1,1,1,1,1,0,0,0,0,0,13,28
153,24,2,1,1,1,1,1,1,0,0,0,0,0,18,28
153,408,2,1,1,1,1,1,1,0,0,0,0,0,13,28
153,159,2,1,1,1,1,1,1,0,0,0,0,0,0,28
153,147,2,1,1,1,1,1,1,0,0,0,0,0,5,28
153,139,2,1,0,1,0,0,0,0,0,0,0,0,5,28
153,187,2,1,1,1,1,1,1,0,0,0,0,0,0,28
153,219,2,1,1,1,1,1,1,0,0,0,0,0,0,28
153,27,2,1,1,1,1,1,1,0,0,0,0,0,13,28
153,411,2,1,1,1,1,1,1,0,0,0,0,0,0,28
153,149,2,1,1,1,1,1,1,0,0,0,0,0,5,28
153,141,2,1,0,1,0,0,0,0,0,0,0,0,5,28
153,189,2,1,1,1,1,1,1,0,0,0,0,0,0,28
153,221,2,1,1,1,1,1,1,0,0,0,0,0,0,28
153,29,2,1,1,1,1,1,1,0,0,0,0,0,13,28
153,413,2,1,1,1,1,1,1,0,0,0,0,0,0,28
153,129,2,0,0,1,0,0,0,0,0,0,0,0,10,28
153,177,2,1,1,1,1,1,1,0,0,0,0,0,5,28
153,209,2,1,1,1,1,1,1,0,0,0,0,0,5,28
153,17,2,1,1,1,1,1,1,0,0,0,0,0,14,28
153,401,2,1,1,1,1,1,1,0,0,0,0,0,5,28
153,169,2,1,0,1,0,0,0,0,0,0,0,0,5,28
153,201,2,0,0,1,0,0,0,0,0,0,0,0,5,28
153,9,2,0,0,1,0,0,0,0,0,0,0,0,18,28
153,393,2,0,0,1,0,0,0,0,0,0,0,0,5,28
153,249,2,1,1,1,1,1,1,0,0,0,0,0,0,28
153,57,2,1,1,1,1,1,1,0,0,0,0,0,13,28
153,441,2,1,1,1,1,1,1,0,0,0,0,0,0,28
153,89,2,1,1,1,1,1,1,0,0,0,0,0,13,28
153,473,2,1,1,1,1,1,1,0,0,0,0,0,0,28
153,281,2,1,1,1,1,1,1,0,0,0,0,0,13,28
154,154,0,1,1,1,1,1,1,0,0,0,0,0,0,28
154,155,1,1,1,1,1,1,1,0,0,0,0,0,0,28
154,152,1,1,1,1,1,1,1,0,0,0,0,0,13,28
154,158,1,1,1,1,1,1,1,0,0,0,0,0,0,28
154,146,1,1,1,1,1,1,1,0,0,0,0,0,5,28
154,138,1,1,1,1,0,0,1,0,1,1,1,0,5,28
154,186,1,1,1,1,1,1,1,0,0,0,0,0,0,28
154,218,1,1,1,1,1,1,1,0,0,0,0,0,0,28
154,26,1,1,1,1,1,1,1,0,0,0,0,0,13,28
154,410,1,1,1,1,1,1,1,0,0,0,0,0,0,28
154,153,2,1,1,1,1,1,1,0,0,0,0,0,13,28
154,159,2,1,1,1,1,1,1,0,0,0,0,0,0,28
154,147,2,1,1,1,1,1,1,0,0,0,0,0,5,28
154,139,2,1,1,1,0,0,1,0,1,1,1,0,5,28
154,187,2,1,1,1,1,1,1,0,0,0,0,0,0,28
154,219,2,1,1,1,1,1,1,0,0,0,0,0,0,28
154,27,2,1,1,1,1,1,1,0,0,0,0,0,13,28
154,411,2,1,1,1,1,1,1,0,0,0,0,0,0,28
154,156,2,1,1,1,1,1,1,0,0,0,0,0,13,28
154,144,2,1,1,1,1,1,1,0,0,0,0,0,18,28
154,136,2,0,0,1,0,0,0,0,0,0,0,0,14,28
154,184,2,1,1,1,1,1,1,0,0,0,0,0,13,28
154,216,2,1,1,1,1,1,1,0,0,0,0,0,13,28
154,24,2,1,1,1,1,1,1,0,0,0,0,0,18,28
154,408,2,1,1,1,1,1,1,0,0,0,0,0,13,28
154,150,2,1,1,1,1,1,1,0,0,0,0,0,5,28
154,142,2,1,1,1,0,0,1,0,1,1,1,0,5,28
154,190,2,1,1,1,1,1,1,0,0,0,0,0,0,28
154,222,2,1,1,1,1,1,1,0,0,0,0,0,0,28
154,30,2,1,1,1,1,1,1,0,0,0,0,0,13,28
154,414,2,1,1,1,1,1,1,0,0,0,0,0,0,28
154,130,2,1,1,1,0,0,1,0,1,1,1,0,10,28
154,178,2,1,1,1,1,1,1,0,0,0,0,0,5,28
154,210,2,1,1,1,1,1,1,0,0,0,0,0,5,28
154,18,2,1,1,1,1,1,1,0,0,0,0,0,18,28
154,402,2,1,1,1,1,1,1,0,0,0,0,0,5,28
154,170,2,1,1,1,0,0,1,0,1,1,1,0,5,28
154,202,2,1,1,1,0,0,1,0,1,1,1,0,5,28
154,10,2,0,0,1,0,0,0,0,0,0,0,0,14,28
154,394,2,1,1,1,0,0,1,0,1,1,1,0,5,28
154,250,2,1,1,1,1,1,1,0,0,0,0,0,0,28
154,58,2,1,1,1,1,1,1,0,0,0,0,0,13,28
154,442,2,1,1,1,1,1,1,0,0,0,0,0,0,28
154,90,2,1,1,1,1,1,1,0,0,0,0,0,13,28
154,474,2,1,1,1,1,1,1,0,0,0,0,0,0,28
154,282,2,1,1,1,1,1,1,0,0,0,0,0,13,28
155,155,0,1,1,1,1,1,1,0,0,0,0,0,0,45
155,154,1,1,1,1,1,1,1,0,0,0,0,0,16,45
155,153,1,1,1,1,1,1,1,0,0,0,0,0,16,45
155,159,1,1,1,1,1,1,1,0,0,0,0,0,0,45
155,147,1,1,1,1,1,1,1,0,0,0,0,0,6,45
155,139,1,1,1,1,0,0,1,0,1,1,1,0,6,45
155,187,1,1,1,1,1,1,1,0,0,0,0,0,0,45
155,219,1,1,1,1,1,1,1,0,0,0,0,0,0,45
155,27,1,1,1,1,1,1,1,0,0,0,0,0,26,45
155,411,1,1,1,1,1,1,1,0,0,0,0,0,0,45
155,152,2,1,1,1,1,1,1,0,0,0,0,0,32,45
155,158,2,1,1,1,1,1,1,0,0,0,0,0,16,45
155,146,2,1,1,1,1,1,1,0,0,0,0,0,17,45
155,138,2,1,1,1,0,0,1,0,1,1,1,0,22,45
155,186,2,1,1,1,1,1,1,0,0,0,0,0,16,45
155,218,2,1,1,1,1,1,1,0,0,0,0,0,16,45
155,26,2,1,1,1,1,1,1,0,0,0,0,0,32,45
155,410,2,1,1,1,1,1,1,0,0,0,0,0,16,45
155,157,2,1,1,1,1,1,1,0,0,0,0,0,16,45
155,145,2,1,1,1,1,1,1,0,0,0,0,0,22,45
155,137,2,0,0,1,0,0,0,0,0,0,0,0,17,45
155,185,2,1,1,1,1,1,1,0,0,0,0,0,16,45
155,217,2,1,1,1,1,1,1,0,0,0,0,0,16,45
155,25,2,1,1,1,1,1,1,0,0,0,0,0,32,45
155,409,2,1,1,1,1,1,1,0,0,0,0,0,16,45
155,151,2,1,1,1,1,1,1,0,0,0,0,0,6,45
155,143,2,1,1,1,0,0,1,0,1,1,1,0,6,45
155,191,2,1,1,1,1,1,1,0,0,0,0,0,0,45
155,223,2,1,1,1,1,1,1,0,0,0,0,0,0,45
155,31,2,1,1,1,1,1,1,0,0,0,0,0,26,45
155,415,2,1,1,1,1,1,1,0,0,0,0,0,0,45
155,131,2,1,1,1,0,0,1,0,1,1,1,0,12,45
155,179,2,1,1,1,1,1,1,0,0,0,0,0,6,45
155,211,2,1,1,1,1,1,1,0,0,0,0,0,6,45
155,19,2,1,1,1,1,1,1,0,0,0,0,0,27,45
155,403,2,1,1,1,1,1,1,0,0,0,0,0,6,45
155,171,2,1,1,1,0,0,1,0,1,1,1,0,6,45
155,203,2,1,1,1,0,0,1,0,1,1,1,0,6,45
155,11,2,0,0,1,0,0,0,0,0,0,0,0,27,45
155,395,2,1,1,1,0,0,1,0,1,1,1,0,6,45
155,251,2,1,1,1,1,1,1,0,0,0,0,0,0,45
155,59,2,1,1,1,1,1,1,0,0,0,0,0,26,45
155,443,2,1,1,1,1,1,1,0,0,0,0,0,0,45
155,91,2,1,1,1,1,1,1,0,0,0,0,0,26,45
155,475,2,1,1,1,1,1,1,0,0,0,0,0,0,45
155,283,2,1,1,1,1,1,1,0,0,0,0,0,26,45
156,156,0,1,1,1,1,1,1,0,0,0,0,0,0,70
156,157,1,1,1,1,1,1,1,0,0,0,0,0,0,70
156,158,1,1,1,1,1,1,1,0,0,0,0,0,0,70
156,152,1,1,1,1,1,1,1,0,0,0,0,0,46,70
156,148,1,1,1,1,1,1,1,0,0,0,0,0,36,70
156,140,1,1,1,1,0,0,1,0,1,1,1,0,7,70
156,188,1,1,1,1,1,1,1,0,0,0,0,0,0,70
156,220,1,1,1,1,1,1,1,0,0,0,0,0,0,70
156,28,1,1,1,1,1,1,1,0,0,0,0,0,36,70
156,412,1,1,1,1,1,1,1,0,0,0,0,0,0,70
156,159,2,1,1,1,1,1,1,0,0,0,0,0,0,70
156,153,2,1,1,1,1,1,1,0,0,0,0,0,46,70
156,149,2,1,1,1,1,1,1,0,0,0,0,0,36,70
156,141,2,1,1,1,0,0,1,0,1,1,1,0,7,70
156,189,2,1,1,1,1,1,1,0,0,0,0,0,0,70
156,221,2,1,1,1,1,1,1,0,0,0,0,0,0,70
156,29,2,1,1,1,1,1,1,0,0,0,0,0,36,70
156,413,2,1,1,1,1,1,1,0,0,0,0,0,0,70
156,154,2,1,1,1,1,1,1,0,0,0,0,0,46,70
156,150,2,1,1,1,1,1,1,0,0,0,0,0,36,70
156,142,2,1,1,1,0,0,1,0,1,1,1,0,7,70
156,190,2,1,1,1,1,1,1,0,0,0,0,0,0,70
156,222,2,1,1,1,1,1,1,0,0,0,0,0,0,70
156,30,2,1,1,1,1,1,1,0,0,0,0,0,36,70
156,414,2,1,1,1,1,1,1,0,0,0,0,0,0,70
156,144,2,1,1,1,1,1,1,0,0,0,0,0,55,70
156,136,2,0,0,1,0,0,0,0,0,0,0,0,48,70
156,184,2,1,1,1,1,1,1,0,0,0,0,0,46,70
156,216,2,1,1,1,1,1,1,0,0,0,0,0,46,70
156,24,2,1,1,1,1,1,1,0,0,0,0,0,55,70
156,408,2,1,1,1,1,1,1,0,0,0,0,0,46,70
156,132,2,0,0,1,0,0,0,0,0,0,0,0,37,70
156,180,2,1,1,1,1,1,1,0,0,0,0,0,36,70
156,212,2,1,1,1,1,1,1,0,0,0,0,0,36,70
156,20,2,1,1,1,1,1,1,0,0,0,0,0,56,70
156,404,2,1,1,1,1,1,1,0,0,0,0,0,36,70
156,172,2,1,1,1,0,0,1,0,1,1,1,0,7,70
156,204,2,1,1,1,0,0,1,0,1,1,1,0,7,70
156,12,2,0,0,1,0,0,0,0,0,0,0,0,37,70
156,396,2,1,1,1,0,0,1,0,1,1,1,0,7,70
156,252,2,1,1,1,1,1,1,0,0,0,0,0,0,70
156,60,2,1,1,1,1,1,1,0,0,0,0,0,36,70
156,444,2,1,1,1,1,1,1,0,0,0,0,0,0,70
156,92,2,1,1,1,1,1,1,0,0,0,0,0,36,70
156,476,2,1,1,1,1,1,1,0,0,0,0,0,0,70
156,284,2,1,1,1,1,1,1,0,0,0,0,0,36,70
157,157,0,1,1,1,1,1,1,0,0,0,0,0,0,110
157,156,1,1,1,1,1,1,1,0,0,0,0,0,67,110
157,159,1,1,1,1,1,1,1,0,0,0,0,0,0,110
157,153,1,1,1,1,1,1,1,0,0,0,0,0,67,110
157,149,1,1,1,1,1,1,1,0,0,0,0,0,42,110
157,141,1,1,1,1,0,0,1,0,1,1,1,0,8,110
157,189,1,1,1,1,1,1,1,0,0,0,0,0,0,110
157,221,1,1,1,1,1,1,1,0,0,0,0,0,0,110
157,29,1,1,1,1,1,1,1,0,0,0,0,0,74,110
157,413,1,1,1,1,1,1,1,0,0,0,0,0,0,110
157,158,2,1,1,1,1,1,1,0,0,0,0,0,67,110
157,152,2,1,1,1,1,1,1,0,0,0,0,0,90,110
157,148,2,1,1,1,1,1,1,0,0,0,0,0,71,110
157,140,2,1,1,1,0,0,1,0,1,1,1,0,69,110
157,188,2,1,1,1,1,1,1,0,0,0,0,0,67,110
157,220,2,1,1,1,1,1,1,0,0,0,0,0,67,110
157,28,2,1,1,1,1,1,1,0,0,0,0,0,91,110
157,412,2,1,1,1,1,1,1,0,0,0,0,0,67,110
157,155,2,1,1,1,1,1,1,0,0,0,0,0,67,110
157,151,2,1,1,1,1,1,1,0,0,0,0,0,42,110
157,143,2,1,1,1,0,0,1,0,1,1,1,0,8,110
157,191,2,1,1,1,1,1,1,0,0,0,0,0,0,110
157,223,2,1,1,1,1,1,1,0,0,0,0,0,0,110
157,31,2,1,1,1,1,1,1,0,0,0,0,0,74,110
157,415,2,1,1,1,1,1,1,0,0,0,0,0,0,110
157,145,2,1,1,1,1,1,1,0,0,0,0,0,77,110
157,137,2,0,0,1,0,0,0,0,0,0,0,0,69,110
157,185,2,1,1,1,1,1,1,0,0,0,0,0,67,110
157,217,2,1,1,1,1,1,1,0,0,0,0,0,67,110
157,25,2,1,1,1,1,1,1,0,0,0,0,0,91,110
157,409,2,1,1,1,1,1,1,0,0,0,0,0,67,110
157,133,2,1,1,1,0,0,1,0,1,1,1,0,43,110
157,181,2,1,1,1,1,1,1,0,0,0,0,0,42,110
157,213,2,1,1,1,1,1,1,0,0,0,0,0,42,110
157,21,2,1,1,1,1,1,1,0,0,0,0,0,78,110
157,405,2,1,1,1,1,1,1,0,0,0,0,0,42,110
157,173,2,1,1,1,0,0,1,0,1,1,1,0,8,110
157,205,2,1,1,1,0,0,1,0,1,1,1,0,8,110
157,13,2,0,0,1,0,0,0,0,0,0,0,0,75,110
157,397,2,1,1,1,0,0,1,0,1,1,1,0,8,110
157,253,2,1,1,1,1,1,1,0,0,0,0,0,0,110
157,61,2,1,1,1,1,1,1,0,0,0,0,0,74,110
157,445,2,1,1,1,1,1,1,0,0,0,0,0,0,110
157,93,2,1,1,1,1,1,1,0,0,0,0,0,74,110
157,477,2,1,1,1,1,1,1,0,0,0,0,0,0,110
157,285,2,1,1,1,1,1,1,0,0,0,0,0,74,110
158,158,0,1,1,1,1,1,1,0,0,0,0,0,0,71
158,159,1,1,1,1,1,1,1,0,0,0,0,0,0,71
158,156,1,1,1,1,1,1,1,0,0,0,0,0,19,71
158,154,1,1,1,1,1,1,1,0,0,0,0,0,46,71
158,150,1,1,1,1,1,1,1,0,0,0,0,0,36,71
158,142,1,1,1,1,0,0,1,0,1,1,1,0,7,71
158,190,1,1,1,1,1,1,1,0,0,0,0,0,0,71
158,222,1,1,1,1,1,1,1,0,0,0,0,0,0,71
158,30,1,1,1,1,1,1,1,0,0,0,0,0,36,71
158,414,1,1,1,1,1,1,1,0,0,0,0,0,0,71
158,157,2,1,1,1,1,1,1,0,0,0,0,0,19,71
158,155,2,1,1,1,1,1,1,0,0,0,0,0,46,71
158,151,2,1,1,1,1,1,1,0,0,0,0,0,36,71
158,143,2,1,1,1,0,0,1,0,1,1,1,0,7,71
158,191,2,1,1,1,1,1,1,0,0,0,0,0,0,71
158,223,2,1,1,1,1,1,1,0,0,0,0,0,0,71
158,31,2,1,1,1,1,1,1,0,0,0,0,0,36,71
158,415,2,1,1,1,1,1,1,0,0,0,0,0,0,71
158,152,2,1,1,1,1,1,1,0,0,0,0,0,49,71
158,148,2,1,1,1,1,1,1,0,0,0,0,0,38,71
158,140,2,1,1,1,0,0,1,0,1,1,1,0,20,71
158,188,2,1,1,1,1,1,1,0,0,0,0,0,19,71
158,220,2,1,1,1,1,1,1,0,0,0,0,0,19,71
158,28,2,1,1,1,1,1,1,0,0,0,0,0,43,71
158,412,2,1,1,1,1,1,1,0,0,0,0,0,19,71
158,146,2,1,1,1,1,1,1,0,0,0,0,0,55,71
158,138,2,1,1,1,0,0,1,0,1,1,1,0,48,71
158,186,2,1,1,1,1,1,1,0,0,0,0,0,46,71
158,218,2,1,1,1,1,1,1,0,0,0,0,0,46,71
158,26,2,1,1,1,1,1,1,0,0,0,0,0,55,71
158,410,2,1,1,1,1,1,1,0,0,0,0,0,46,71
158,134,2,1,1,1,0,0,1,0,1,1,1,0,37,71
158,182,2,1,1,1,1,1,1,0,0,0,0,0,36,71
158,214,2,1,1,1,1,1,1,0,0,0,0,0,36,71
158,22,2,1,1,1,1,1,1,0,0,0,0,0,56,71
158,406,2,1,1,1,1,1,1,0,0,0,0,0,36,71
158,174,2,1,1,1,0,0,1,0,1,1,1,0,7,71
158,206,2,1,1,1,0,0,1,0,1,1,1,0,7,71
158,14,2,0,0,1,0,0,0,0,0,0,0,0,37,71
158,398,2,1,1,1,0,0,1,0,1,1,1,0,7,71
158,254,2,1,1,1,1,1,1,0,0,0,0,0,0,71
158,62,2,1,1,1,1,1,1,0,0,0,0,0,36,71
158,446,2,1,1,1,1,1,1,0,0,0,0,0,0,71
158,94,2,1,1,1,1,1,1,0,0,0,0,0,36,71
158,478,2,1,1,1,1,1,1,0,0,0,0,0,0,71
158,286,2,1,1,1,1,1,1,0,0,0,0,0,36,71
159,159,0,1,1,1,1,1,1,0,0,0,0,0,0,111
159,158,1,1,1,1,1,1,1,0,0,0,0,0,67,111
159,157,1,1,1,1,1,1,1,0,0,0,0,0,22,111
159,155,1,1,1,1,1,1,1,0,0,0,0,0,67,111
159,151,1,1,1,1,1,1,1,0,0,0,0,0,42,111
159,143,1,1,1,1,0,0,1,0,1,1,1,0,8,111
159,191,1,1,1,1,1,1,1,0,0,0,0,0,0,111
159,223,1,1,1,1,1,1,1,0,0,0,0,0,0,111
159,31,1,1,1,1,1,1,1,0,0,0,0,0,74,111
159,415,1,1,1,1,1,1,1,0,0,0,0,0,0,111
159,156,2,1,1,1,1,1,1,0,0,0,0,0,70,111
159,154,2,1,1,1,1,1,1,0,0,0,0,0,90,111
159,150,2,1,1,1,1,1,1,0,0,0,0,0,71,111
159,142,2,1,1,1,0,0,1,0,1,1,1,0,69,111
159,190,2,1,1,1,1,1,1,0,0,0,0,0,67,111
159,222,2,1,1,1,1,1,1,0,0,0,0,0,67,111
159,30,2,1,1,1,1,1,1,0,0,0,0,0,91,111
159,414,2,1,1,1,1,1,1,0,0,0,0,0,67,111
159,153,2,1,1,1,1,1,1,0,0,0,0,0,70,111
159,149,2,1,1,1,1,1,1,0,0,0,0,0,44,111
159,141,2,1,1,1,0,0,1,0,1,1,1,0,23,111
159,189,2,1,1,1,1,1,1,0,0,0,0,0,22,111
159,221,2,1,1,1,1,1,1,0,0,0,0,0,22,111
159,29,2,1,1,1,1,1,1,0,0,0,0,0,76,111
159,413,2,1,1,1,1,1,1,0,0,0,0,0,22,111
159,147,2,1,1,1,1,1,1,0,0,0,0,0,77,111
159,139,2,1,1,1,0,0,1,0,1,1,1,0,69,111
159,187,2,1,1,1,1,1,1,0,0,0,0,0,67,111
159,219,2,1,1,1,1,1,1,0,0,0,0,0,67,111
159,27,2,1,1,1,1,1,1,0,0,0,0,0,91,111
159,411,2,1,1,1,1,1,1,0,0,0,0,0,67,111
159,135,2,1,1,1,0,0,1,0,1,1,1,0,43,111
159,183,2,1,1,1,1,1,1,0,0,0,0,0,42,111
159,215,2,1,1,1,1,1,1,0,0,0,0,0,42,111
159,23,2,1,1,1,1,1,1,0,0,0,0,0,78,111
159,407,2,1,1,1,1,1,1,0,0,0,0,0,42,111
159,175,2,1,1,1,0,0,1,0,1,1,1,0,8,111
159,207,2,1,1,1,0,0,1,0,1,1,1,0,8,111
159,15,2,0,0,1,0,0,0,0,0,0,0,0,75,111
159,399,2,1,1,1,0,0,1,0,1,1,1,0,8,111
159,255,2,1,1,1,1,1,1,0,0,0,0,0,0,111
159,63,2,1,1,1,1,1,1,0,0,0,0,0,74,111
159,447,2,1,1,1,1,1,1,0,0,0,0,0,0,111
159,95,2,1,1,1,1,1,1,0,0,0,0,0,74,111
159,479,2,1,1,1,1,1,1,0,0,0,0,0,0,111
159,287,2,1,1,1,1,1,1,0,0,0,0,0,74,111
161,161,0,1,1,1,1,1,1,0,0,0,0,0,0,69
161,160,1,0,0,1,0,0,0,0,0,0,0,0,46,69
161,163,1,1,1,1,1,1,1,0,0,0,0,0,0,69
161,165,1,1,1,1,1,1,1,0,0,0,0,0,0,69
161,169,1,1,1,1,1,1,1,0,0,0,0,0,0,69
161,177,1,1,1,1,1,1,1,0,0,0,0,0,0,69
161,129,1,0,0,1,0,0,0,0,0,0,0,0,36,69
161,225,1,1,1,1,1,1,1,0,0,0,0,0,0,69
161,33,1,0,0,1,0,0,0,0,0,0,0,0,36,69
161,417,1,1,1,1,1,1,1,0,0,0,0,0,0,69
161,162,2,1,0,1,0,0,0,0,0,0,0,0,46,69
161,164,2,0,0,1,0,0,0,0,0,0,0,0,46,69
161,168,2,1,0,1,0,0,0,0,0,0,0,0,46,69
161,176,2,1,0,1,0,0,0,0,0,0,0,0,46,69
161,128,2,0,0,1,0,0,0,0,0,0,0,0,55,69
161,224,2,0,0,1,0,0,0,0,0,0,0,0,46,69
161,32,2,0,0,1,0,0,0,0,0,0,0,0,55,69
161,416,2,0,0,1,0,0,0,0,0,0,0,0,46,69
161,167,2,1,1,1,1,1,1,0,0,0,0,0,0,69
161,171,2,1,1,1,1,1,1,0,0,0,0,0,0,69
161,179,2,1,1,1,1,1,1,0,0,0,0,0,0,69
161,131,2,1,0,1,0,0,0,0,0,0,0,0,36,69
161,227,2,1,1,1,1,1,1,0,0,0,0,0,0,69
161,35,2,0,0,1,0,0,0,0,0,0,0,0,36,69
161,419,2,1,1,1,1,1,1,0,0,0,0,0,0,69
161,173,2,1,1,1,1,1,1,0,0,0,0,0,0,69
161,181,2,1,1,1,1,1,1,0,0,0,0,0,0,69
161,133,2,1,0,1,0,0,0,0,0,0,0,0,36,69
161,229,2,1,1,1,1,1,1,0,0,0,0,0,0,69
161,37,2,0,0,1,0,0,0,0,0,0,0,0,36,69
161,421,2,1,1,1,1,1,1,0,0,0,0,0,0,69
161,185,2,1,1,1,1,1,1,0,0,0,0,0,0,69
161,137,2,0,0,1,0,0,0,0,0,0,0,0,36,69
161,233,2,1,1,1,1,1,1,0,0,0,0,0,0,69
161,41,2,1,0,1,0,0,0,0,0,0,0,0,36,69
161,425,2,1,1,1,1,1,1,0,0,0,0,0,0,69
161,145,2,1,0,1,0,0,0,0,0,0,0,0,36,69
161,241,2,1,1,1,1,1,1,0,0,0,0,0,0,69
161,49,2,1,0,1,0,0,0,0,0,0,0,0,36,69
161,433,2,1,1,1,1,1,1,0,0,0,0,0,0,69
161,193,2,0,0,1,0,0,0,0,0,0,0,0,36,69
161,1,2,0,0,1,0,0,0,0,0,0,0,0,56,69
161,385,2,0,0,1,0,0,0,0,0,0,0,0,36,69
161,97,2,1,0,1,0,0,0,0,0,0,0,0,36,69
161,481,2,1,1,1,1,1,1,0,0,0,0,0,0,69
161,289,2,0,0,1,0,0,0,0,0,0,0,0,36,69
162,162,0,1,1,1,1,1,1,0,0,0,0,0,0,27
162,163,1,1,1,1,1,1,1,0,0,0,0,0,0,27
162,160,1,0,0,1,0,0,0,0,0,0,0,0,13,27
162,166,1,1,1,1,1,1,1,0,0,0,0,0,0,27
162,170,1,1,1,1,1,1,1,0,0,0,0,0,0,27
162,178,1,1,1,1,1,1,1,0,0,0,0,0,0,27
162,130,1,1,1,1,1,1,1,0,0,0,0,0,5,27
162,226,1,1,1,1,1,1,1,0,0,0,0,0,0,27
162,34,1,0,0,1,0,0,0,0,0,0,0,0,13,27
162,418,1,1,1,1,1,1,1,0,0,0,0,0,0,27
162,161,2,1,0,1,0,0,0,0,0,0,0,0,13,27
162,167,2,1,1,1,1,1,1,0,0,0,0,0,0,27
162,171,2,1,1,1,1,1,1,0,0,0,0,0,0,27
162,179,2,1,1,1,1,1,1,0,0,0,0,0,0,27
162,131,2,1,1,1,1,1,1,0,0,0,0,0,5,27
162,227,2,1,1,1,1,1,1,0,0,0,0,0,0,27
162,35,2,0,0,1,0,0,0,0,0,0,0,0,13,27
162,419,2,1,1,1,1,1,1,0,0,0,0,0,0,27
162,164,2,0,0,1,0,0,0,0,0,0,0,0,13,27
162,168,2,1,0,1,0,0,0,0,0,0,0,0,13,27
162,176,2,1,0,1,0,0,0,0,0,0,0,0,13,27
162,128,2,0,0,1,0,0,0,0,0,0,0,0,18,27
162,224,2,0,0,1,0,0,0,0,0,0,0,0,13,27
162,32,2,0,0,1,0,0,0,0,0,0,0,0,18,27
162,416,2,0,0,1,0,0,0,0,0,0,0,0,13,27
162,174,2,1,1,1,1,1,1,0,0,0,0,0,0,27
162,182,2,1,1,1,1,1,1,0,0,0,0,0,0,27
162,134,2,1,1,1,1,1,1,0,0,0,0,0,5,27
162,230,2,1,1,1,1,1,1,0,0,0,0,0,0,27
162,38,2,0,0,1,0,0,0,0,0,0,0,0,13,27
162,422,2,1,1,1,1,1,1,0,0,0,0,0,0,27
162,186,2,1,1,1,1,1,1,0,0,0,0,0,0,27
162,138,2,1,1,1,1,1,1,0,0,0,0,0,5,27
162,234,2,1,1,1,1,1,1,0,0,0,0,0,0,27
162,42,2,1,0,1,0,0,0,0,0,0,0,0,13,27
162,426,2,1,1,1,1,1,1,0,0,0,0,0,0,27
162,146,2,1,1,1,1,1,1,0,0,0,0,0,5,27
162,242,2,1,1,1,1,1,1,0,0,0,0,0,0,27
162,50,2,1,0,1,0,0,0,0,0,0,0,0,13,27
162,434,2,1,1,1,1,1,1,0,0,0,0,0,0,27
162,194,2,1,1,1,1,1,1,0,0,0,0,0,5,27
162,2,2,0,0,1,0,0,0,0,0,0,0,0,18,27
162,386,2,1,1,1,1,1,1,0,0,0,0,0,5,27
162,98,2,1,0,1,0,0,0,0,0,0,0,0,13,27
162,482,2,1,1,1,1,1,1,0,0,0,0,0,0,27
162,290,2,0,0,1,0,0,0,0,0,0,0,0,13,27
163,163,0,1,1,1,1,1,1,0,0,0,0,0,0,70
163,162,1,1,1,1,1,1,1,0,0,0,0,0,46,70
163,161,1,1,1,1,0,0,1,0,1,1,1,0,19,70
163,167,1,1,1,1,1,1,1,0,0,0,0,0,0,70
163,171,1,1,1,1,1,1,1,0,0,0,0,0,0,70
163,179,1,1,1,1,1,1,1,0,0,0,0,0,0,70
163,131,1,1,1,1,1,1,1,0,0,0,0,0,36,70
163,227,1,1,1,1,1,1,1,0,0,0,0,0,0,70
163,35,1,0,0,1,0,0,0,0,0,0,0,0,36,70
163,419,1,1,1,1,1,1,1,0,0,0,0,0,0,70
163,160,2,0,0,1,0,0,0,0,0,0,0,0,49,70
163,166,2,1,1,1,1,1,1,0,0,0,0,0,46,70
163,170,2,1,1,1,1,1,1,0,0,0,0,0,46,70
163,178,2,1,1,1,1,1,1,0,0,0,0,0,46,70
163,130,2,1,1,1,1,1,1,0,0,0,0,0,55,70
163,226,2,1,1,1,1,1,1,0,0,0,0,0,46,70
163,34,2,0,0,1,0,0,0,0,0,0,0,0,55,70
163,418,2,1,1,1,1,1,1,0,0,0,0,0,46,70
163,165,2,1,1,1,0,0,1,0,1,1,1,0,19,70
163,169,2,1,1,1,0,0,1,0,1,1,1,0,19,70
163,177,2,1,1,1,0,0,1,0,1,1,1,0,19,70
163,129,2,0,0,1,0,0,0,0,0,0,0,0,38,70
163,225,2,1,1,1,0,0,1,0,1,1,1,0,19,70
163,33,2,0,0,1,0,0,0,0,0,0,0,0,43,70
163,417,2,1,1,1,0,0,1,0,1,1,1,0,19,70
163,175,2,1,1,1,1,1,1,0,0,0,0,0,0,70
163,183,2,1,1,1,1,1,1,0,0,0,0,0,0,70
163,135,2,1,1,1,1,1,1,0,0,0,0,0,36,70
163,231,2,1,1,1,1,1,1,0,0,0,0,0,0,70
163,39,2,0,0,1,0,0,0,0,0,0,0,0,36,70
163,423,2,1,1,1,1,1,1,0,0,0,0,0,0,70
163,187,2,1,1,1,1,1,1,0,0,0,0,0,0,70
163,139,2,1,1,1,1,1,1,0,0,0,0,0,36,70
163,235,2,1,1,1,1,1,1,0,0,0,0,0,0,70
163,43,2,1,0,1,0,0,0,0,0,0,0,0,36,70
163,427,2,1,1,1,1,1,1,0,0,0,0,0,0,70
163,147,2,1,1,1,1,1,1,0,0,0,0,0,36,70
163,243,2,1,1,1,1,1,1,0,0,0,0,0,0,70
163,51,2,1,0,1,0,0,0,0,0,0,0,0,36,70
163,435,2,1,1,1,1,1,1,0,0,0,0,0,0,70
163,195,2,1,1,1,1,1,1,0,0,0,0,0,36,70
163,3,2,0,0,1,0,0,0,0,0,0,0,0,56,70
163,387,2,1,1,1,1,1,1,0,0,0,0,0,36,70
163,99,2,1,0,1,0,0,0,0,0,0,0,0,36,70
163,483,2,1,1,1,1,1,1,0,0,0,0,0,0,70
163,291,2,0,0,1,0,0,0,0,0,0,0,0,36,70
165,165,0,1,1,1,1,1,1,0,0,0,0,0,0,109
165,164,1,0,0,1,0,0,0,0,0,0,0,0,67,109
165,167,1,1,1,1,1,1,1,0,0,0,0,0,0,109
165,161,1,1,1,1,0,0,1,0,1,1,1,0,67,109
165,173,1,1,1,1,1,1,1,0,0,0,0,0,0,109
165,181,1,1,1,1,1,1,1,0,0,0,0,0,0,109
165,133,1,1,1,1,1,1,1,0,0,0,0,0,42,109
165,229,1,1,1,1,1,1,1,0,0,0,0,0,0,109
165,37,1,0,0,1,0,0,0,0,0,0,0,0,74,109
165,421,1,1,1,1,1,1,1,0,0,0,0,0,0,109
165,166,2,1,0,1,0,0,0,0,0,0,0,0,67,109
165,160,2,0,0,1,0,0,0,0,0,0,0,0,90,109
165,172,2,1,0,1,0,0,0,0,0,0,0,0,67,109
165,180,2,1,0,1,0,0,0,0,0,0,0,0,67,109
165,132,2,0,0,1,0,0,0,0,0,0,0,0,77,109
165,228,2,0,0,1,0,0,0,0,0,0,0,0,67,109
165,36,2,0,0,1,0,0,0,0,0,0,0,0,91,109
165,420,2,0,0,1,0,0,0,0,0,0,0,0,67,109
165,163,2,1,1,1,0,0,1,0,1,1,1,0,67,109
165,175,2,1,1,1,1,1,1,0,0,0,0,0,0,109
165,183,2,1,1,1,1,1,1,0,0,0,0,0,0,109
165,135,2,1,1,1,1,1,1,0,0,0,0,0,42,109
165,231,2,1,1,1,1,1,1,0,0,0,0,0,0,109
165,39,2,0,0,1,0,0,0,0,0,0,0,0,74,109
165,423,2,1,1,1,1,1,1,0,0,0,0,0,0,109
165,169,2,1,1,1,0,0,1,0,1,1,1,0,67,109
165,177,2,1,1,1,0,0,1,0,1,1,1,0,67,109
165,129,2,0,0,1,0,0,0,0,0,0,0,0,71,109
165,225,2,1,1,1,0,0,1,0,1,1,1,0,67,109
165,33,2,0,0,1,0,0,0,0,0,0,0,0,91,109
165,417,2,1,1,1,0,0,1,0,1,1,1,0,67,109
165,189,2,1,1,1,1,1,1,0,0,0,0,0,0,109
165,141,2,1,1,1,1,1,1,0,0,0,0,0,42,109
165,237,2,1,1,1,1,1,1,0,0,0,0,0,0,109
165,45,2,1,0,1,0,0,0,0,0,0,0,0,74,109
165,429,2,1,1,1,1,1,1,0,0,0,0,0,0,109
165,149,2,1,1,1,1,1,1,0,0,0,0,0,42,109
165,245,2,1,1,1,1,1,1,0,0,0,0,0,0,109
165,53,2,1,0,1,0,0,0,0,0,0,0,0,74,109
165,437,2,1,1,1,1,1,1,0,0,0,0,0,0,109
165,197,2,1,1,1,1,1,1,0,0,0,0,0,42,109
165,5,2,0,0,1,0,0,0,0,0,0,0,0,78,109
165,389,2,1,1,1,1,1,1,0,0,0,0,0,42,109
165,101,2,1,0,1,0,0,0,0,0,0,0,0,74,109
165,485,2,1,1,1,1,1,1,0,0,0,0,0,0,109
165,293,2,0,0,1,0,0,0,0,0,0,0,0,74,109
166,166,0,1,1,1,1,1,1,0,0,0,0,0,0,44
166,167,1,1,1,1,1,1,1,0,0,0,0,0,0,44
166,164,1,0,0,1,0,0,0,0,0,0,0,0,16,44
166,162,1,1,1,1,1,1,1,0,0,0,0,0,16,44
166,174,1,1,1,1,1,1,1,0,0,0,0,0,0,44
166,182,1,1,1,1,1,1,1,0,0,0,0,0,0,44
166,134,1,1,1,1,1,1,1,0,0,0,0,0,6,44
166,230,1,1,1,1,1,1,1,0,0,0,0,0,0,44
166,38,1,0,0,1,0,0,0,0,0,0,0,0,26,44
166,422,1,1,1,1,1,1,1,0,0,0,0,0,0,44
166,165,2,1,0,1,0,0,0,0,0,0,0,0,16,44
166,163,2,1,1,1,1,1,1,0,0,0,0,0,16,44
166,175,2,1,1,1,1,1,1,0,0,0,0,0,0,44
166,183,2,1,1,1,1,1,1,0,0,0,0,0,0,44
166,135,2,1,1,1,1,1,1,0,0,0,0,0,6,44
166,231,2,1,1,1,1,1,1,0,0,0,0,0,0,44
166,39,2,0,0,1,0,0,0,0,0,0,0,0,26,44
166,423,2,1,1,1,1,1,1,0,0,0,0,0,0,44
166,160,2,0,0,1,0,0,0,0,0,0,0,0,32,44
166,172,2,1,0,1,0,0,0,0,0,0,0,0,16,44
166,180,2,1,0,1,0,0,0,0,0,0,0,0,16,44
166,132,2,0,0,1,0,0,0,0,0,0,0,0,22,44
166,228,2,0,0,1,0,0,0,0,0,0,0,0,16,44
166,36,2,0,0,1,0,0,0,0,0,0,0,0,32,44
166,420,2,0,0,1,0,0,0,0,0,0,0,0,16,44
166,170,2,1,1,1,1,1,1,0,0,0,0,0,16,44
166,178,2,1,1,1,1,1,1,0,0,0,0,0,16,44
166,130,2,1,1,1,1,1,1,0,0,0,0,0,17,44
166,226,2,1,1,1,1,1,1,0,0,0,0,0,16,44
166,34,2,0,0,1,0,0,0,0,0,0,0,0,32,44
166,418,2,1,1,1,1,1,1,0,0,0,0,0,16,44
166,190,2,1,1,1,1,1,1,0,0,0,0,0,0,44
166,142,2,1,1,1,1,1,1,0,0,0,0,0,6,44
166,238,2,1,1,1,1,1,1,0,0,0,0,0,0,44
166,46,2,1,0,1,0,0,0,0,0,0,0,0,26,44
166,430,2,1,1,1,1,1,1,0,0,0,0,0,0,44
166,150,2,1,1,1,1,1,1,0,0,0,0,0,6,44
166,246,2,1,1,1,1,1,1,0,0,0,0,0,0,44
166,54,2,1,0,1,0,0,0,0,0,0,0,0,26,44
166,438,2,1,1,1,1,1,1,0,0,0,0,0,0,44
166,198,2,1,1,1,1,1,1,0,0,0,0,0,6,44
166,6,2,0,0,1,0,0,0,0,0,0,0,0,27,44
166,390,2,1,1,1,1,1,1,0,0,0,0,0,6,44
166,102,2,1,0,1,0,0,0,0,0,0,0,0,26,44
166,486,2,1,1,1,1,1,1,0,0,0,0,0,0,44
166,294,2,0,0,1,0,0,0,0,0,0,0,0,26,44
167,167,0,1,1,1,1,1,1,0,0,0,0,0,0,110
167,166,1,1,1,1,1,1,1,0,0,0,0,0,67,110
167,165,1,1,1,1,0,0,1,0,1,1,1,0,22,110
167,163,1,1,1,1,1,1,1,0,0,0,0,0,67,110
167,175,1,1,1,1,1,1,1,0,0,0,0,0,0,110
167,183,1,1,1,1,1,1,1,0,0,0,0,0,0,110
167,135,1,1,1,1,1,1,1,0,0,0,0,0,42,110
167,231,1,1,1,1,1,1,1,0,0,0,0,0,0,110
167,39,1,0,0,1,0,0,0,0,0,0,0,0,74,110
167,423,1,1,1,1,1,1,1,0,0,0,0,0,0,110
167,164,2,0,0,1,0,0,0,0,0,0,0,0,70,110
167,162,2,1,1,1,1,1,1,0,0,0,0,0,90,110
167,174,2,1,1,1,1,1,1,0,0,0,0,0,67,110
167,182,2,1,1,1,1,1,1,0,0,0,0,0,67,110
167,134,2,1,1,1,1,1,1,0,0,0,0,0,77,110
167,230,2,1,1,1,1,1,1,0,0,0,0,0,67,110
167,38,2,0,0,1,0,0,0,0,0,0,0,0,91,110
167,422,2,1,1,1,1,1,1,0,0,0,0,0,67,110
167,161,2,1,1,1,0,0,1,0,1,1,1,0,70,110
167,173,2,1,1,1,0,0,1,0,1,1,1,0,22,110
167,181,2,1,1,1,0,0,1,0,1,1,1,0,22,110
167,133,2,1,1,1,0,0,1,0,1,1,1,0,44,110
167,229,2,1,1,1,0,0,1,0,1,1,1,0,22,110
167,37,2,0,0,1,0,0,0,0,0,0,0,0,76,110
167,421,2,1,1,1,0,0,1,0,1,1,1,0,22,110
167,171,2,1,1,1,1,1,1,0,0,0,0,0,67,110
167,179,2,1,1,1,1,1,1,0,0,0,0,0,67,110
167,131,2,1,1,1,1,1,1,0,0,0,0,0,71,110
167,227,2,1,1,1,1,1,1,0,0,0,0,0,67,110
167,35,2,0,0,1,0,0,0,0,0,0,0,0,91,110
167,419,2,1,1,1,1,1,1,0,0,0,0,0,67,110
167,191,2,1,1,1,1,1,1,0,0,0,0,0,0,110
167,143,2,1,1,1,1,1,1,0,0,0,0,0,42,110
167,239,2,1,1,1,1,1,1,0,0,0,0,0,0,110
167,47,2,1,0,1,0,0,0,0,0,0,0,0,74,110
167,431,2,1,1,1,1,1,1,0,0,0,0,0,0,110
167,151,2,1,1,1,1,1,1,0,0,0,0,0,42,110
167,247,2,1,1,1,1,1,1,0,0,0,0,0,0,110
167,55,2,1,0,1,0,0,0,0,0,0,0,0,74,110
167,439,2,1,1,1,1,1,1,0,0,0,0,0,0,110
167,199,2,1,1,1,1,1,1,0,0,0,0,0,42,110
167,7,2,0,0,1,0,0,0,0,0,0,0,0,78,110
167,391,2,1,1,1,1,1,1,0,0,0,0,0,42,110
167,103,2,1,0,1,0,0,0,0,0,0,0,0,74,110
167,487,2,1,1,1,1,1,1,0,0,0,0,0,0,110
167,295,2,0,0,1,0,0,0,0,0,0,0,0,74,110
168,168,0,1,1,1,1,1,1,0,0,0,0,0,0,27
168,169,1,1,1,1,1,1,1,0,0,0,0,0,0,27
168,170,1,1,1,1,1,1,1,0,0,0,0,0,0,27
168,172,1,1,1,1,1,1,1,0,0,0,0,0,0,27
168,160,1,0,0,1,0,0,0,0,0,0,0,0,13,27
168,184,1,1,1,1,1,1,1,0,0,0,0,0,0,27
168,136,1,0,0,1,0,0,0,0,0,0,0,0,13,27
168,232,1,1,1,1,1,1,1,0,0,0,0,0,0,27
168,40,1,1,1,1,1,1,1,0,0,0,0,0,5,27
168,424,1,1,1,1,1,1,1,0,0,0,0,0,0,27
168,171,2,1,1,1,1,1,1,0,0,0,0,0,0,27
168,173,2,1,1,1,1,1,1,0,0,0,0,0,0,27
168,161,2,1,0,1,0,0,0,0,0,0,0,0,13,27
168,185,2,1,1,1,1,1,1,0,0,0,0,0,0,27
168,137,2,0,0,1,0,0,0,0,0,0,0,0,13,27
168,233,2,1,1,1,1,1,1,0,0,0,0,0,0,27
168,41,2,1,1,1,1,1,1,0,0,0,0,0,5,27
168,425,2,1,1,1,1,1,1,0,0,0,0,0,0,27
168,174,2,1,1,1,1,1,1,0,0,0,0,0,0,27
168,162,2,1,0,1,0,0,0,0,0,0,0,0,13,27
168,186,2,1,1,1,1,1,1,0,0,0,0,0,0,27
168,138,2,1,0,1,0,0,0,0,0,0,0,0,13,27
168,234,2,1,1,1,1,1,1,0,0,0,0,0,0,27
168,42,2,1,1,1,1,1,1,0,0,0,0,0,5,27
168,426,2,1,1,1,1,1,1,0,0,0,0,0,0,27
168,164,2,0,0,1,0,0,0,0,0,0,0,0,13,27
168,188,2,1,1,1,1,1,1,0,0,0,0,0,0,27
168,140,2,1,0,1,0,0,0,0,0,0,0,0,13,27
168,236,2,1,1,1,1,1,1,0,0,0,0,0,0,27
168,44,2,1,1,1,1,1,1,0,0,0,0,0,5,27
168,428,2,1,1,1,1,1,1,0,0,0,0,0,0,27
168,176,2,1,0,1,0,0,0,0,0,0,0,0,13,27
168,128,2,0,0,1,0,0,0,0,0,0,0,0,18,27
168,224,2,0,0,1,0,0,0,0,0,0,0,0,13,27
168,32,2,0,0,1,0,0,0,0,0,0,0,0,18,27
168,416,2,0,0,1,0,0,0,0,0,0,0,0,13,27
168,152,2,1,0,1,0,0,0,0,0,0,0,0,13,27
168,248,2,1,1,1,1,1,1,0,0,0,0,0,0,27
168,56,2,1,1,1,1,1,1,0,0,0,0,0,5,27
168,440,2,1,1,1,1,1,1,0,0,0,0,0,0,27
168,200,2,0,0,1,0,0,0,0,0,0,0,0,13,27
168,8,2,0,0,1,0,0,0,0,0,0,0,0,18,27
168,392,2,0,0,1,0,0,0,0,0,0,0,0,13,27
168,104,2,1,1,1,1,1,1,0,0,0,0,0,5,27
168,488,2,1,1,1,1,1,1,0,0,0,0,0,0,27
168,296,2,1,1,1,1,1,1,0,0,0,0,0,5,27
169,169,0,1,1,1,1,1,1,0,0,0,0,0,0,70
169,168,1,1,1,1,0,0,1,0,1,1,1,0,46,70
169,171,1,1,1,1,1,1,1,0,0,0,0,0,0,70
169,173,1,1,1,1,1,1,1,0,0,0,0,0,0,70
169,161,1,1,1,1,1,1,1,0,0,0,0,0,19,70
169,185,1,1,1,1,1,1,1,0,0,0,0,0,0,70
169,137,1,0,0,1,0,0,0,0,0,0,0,0,36,70
169,233,1,1,1,1,1,1,1,0,0,0,0,0,0,70
169,41,1,1,1,1,0,0,1,0,1,1,1,0,36,70
169,425,1,1,1,1,1,1,1,0,0,0,0,0,0,70
169,170,2,1,1,1,0,0,1,0,1,1,1,0,46,70
169,172,2,1,1,1,0,0,1,0,1,1,1,0,46,70
169,160,2,0,0,1,0,0,0,0,0,0,0,0,49,70
169,184,2,1,1,1,0,0,1,0,1,1,1,0,46,70
169,136,2,0,0,1,0,0,0,0,0,0,0,0,55,70
169,232,2,1,1,1,0,0,1,0,1,1,1,0,46,70
169,40,2,1,1,1,0,0,1,0,1,1,1,0,55,70
169,424,2,1,1,1,0,0,1,0,1,1,1,0,46,70
169,175,2,1,1,1,1,1,1,0,0,0,0,0,0,70
169,163,2,1,1,1,1,1,1,0,0,0,0,0,19,70
169,187,2,1,1,1,1,1,1,0,0,0,0,0,0,70
169,139,2,1,0,1,0,0,0,0,0,0,0,0,36,70
169,235,2,1,1,1,1,1,1,0,0,0,0,0,0,70
169,43,2,1,1,1,0,0,1,0,1,1,1,0,36,70
169,427,2,1,1,1,1,1,1,0,0,0,0,0,0,70
169,165,2,1,1,1,1,1,1,0,0,0,0,0,19,70
169,189,2,1,1,1,1,1,1,0,0,0,0,0,0,70
169,141,2,1,0,1,0,0,0,0,0,0,0,0,36,70
169,237,2,1,1,1,1,1,1,0,0,0,0,0,0,70
169,45,2,1,1,1,0,0,1,0,1,1,1,0,36,70
169,429,2,1,1,1,1,1,1,0,0,0,0,0,0,70
169,177,2,1,1,1,1,1,1,0,0,0,0,0,19,70
169,129,2,0,0,1,0,0,0,0,0,0,0,0,43,70
169,225,2,1,1,1,1,1,1,0,0,0,0,0,19,70
169,33,2,0,0,1,0,0,0,0,0,0,0,0,38,70
169,417,2,1,1,1,1,1,1,0,0,0,0,0,19,70
169,153,2,1,0,1,0,0,0,0,0,0,0,0,36,70
169,249,2,1,1,1,1,1,1,0,0,0,0,0,0,70
169,57,2,1,1,1,0,0,1,0,1,1,1,0,36,70
169,441,2,1,1,1,1,1,1,0,0,0,0,0,0,70
169,201,2,0,0,1,0,0,0,0,0,0,0,0,36,70
169,9,2,0,0,1,0,0,0,0,0,0,0,0,56,70
169,393,2,0,0,1,0,0,0,0,0,0,0,0,36,70
169,105,2,1,1,1,0,0,1,0,1,1,1,0,36,70
169,489,2,1,1,1,1,1,1,0,0,0,0,0,0,70
169,297,2,1,1,1,0,0,1,0,1,1,1,0,36,70
170,170,0,1,1,1,1,1,1,0,0,0,0,0,0,44
170,171,1,1,1,1,1,1,1,0,0,0,0,0,0,44
170,168,1,1,1,1,0,0,1,0,1,1,1,0,16,44
170,174,1,1,1,1,1,1,1,0,0,0,0,0,0,44
170,162,1,1,1,1,1,1,1,0,0,0,0,0,16,44
170,186,1,1,1,1,1,1,1,0,0,0,0,0,0,44
170,138,1,1,1,1,1,1,1,0,0,0,0,0,16,44
170,234,1,1,1,1,1,1,1,0,0,0,0,0,0,44
170,42,1,1,1,1,0,0,1,0,1,1,1,0,16,44
170,426,1,1,1,1,1,1,1,0,0,0,0,0,0,44
170,169,2,1,1,1,0,0,1,0,1,1,1,0,16,44
170,175,2,1,1,1,1,1,1,0,0,0,0,0,0,44
170,163,2,1,1,1,1,1,1,0,0,0,0,0,16,44
170,187,2,1,1,1,1,1,1,0,0,0,0,0,0,44
170,139,2,1,1,1,1,1,1,0,0,0,0,0,16,44
170,235,2,1,1,1,1,1,1,0,0,0,0,0,0,44
170,43,2,1,1,1,0,0,1,0,1,1,1,0,16,44
170,427,2,1,1,1,1,1,1,0,0,0,0,0,0,44
170,172,2,1,1,1,0,0,1,0,1,1,1,0,16,44
170,160,2,0,0,1,0,0,0,0,0,0,0,0,27,44
170,184,2,1,1,1,0,0,1,0,1,1,1,0,16,44
170,136,2,0,0,1,0,0,0,0,0,0,0,0,27,44
170,232,2,1,1,1,0,0,1,0,1,1,1,0,16,44
170,40,2,1,1,1,0,0,1,0,1,1,1,0,22,44
170,424,2,1,1,1,0,0,1,0,1,1,1,0,16,44
170,166,2,1,1,1,1,1,1,0,0,0,0,0,16,44
170,190,2,1,1,1,1,1,1,0,0,0,0,0,0,44
170,142,2,1,1,1,1,1,1,0,0,0,0,0,16,44
170,238,2,1,1,1,1,1,1,0,0,0,0,0,0,44
170,46,2,1,1,1,0,0,1,0,1,1,1,0,16,44
170,430,2,1,1,1,1,1,1,0,0,0,0,0,0,44
170,178,2,1,1,1,1,1,1,0,0,0,0,0,16,44
170,130,2,1,1,1,1,1,1,0,0,0,0,0,22,44
170,226,2,1,1,1,1,1,1,0,0,0,0,0,16,44
170,34,2,0,0,1,0,0,0,0,0,0,0,0,27,44
170,418,2,1,1,1,1,1,1,0,0,0,0,0,16,44
170,154,2,1,1,1,1,1,1,0,0,0,0,0,16,44
170,250,2,1,1,1,1,1,1,0,0,0,0,0,0,44
170,58,2,1,1,1,0,0,1,0,1,1,1,0,16,44
170,442,2,1,1,1,1,1,1,0,0,0,0,0,0,44
170,202,2,1,1,1,1,1,1,0,0,0,0,0,16,44
170,10,2,0,0,1,0,0,0,0,0,0,0,0,27,44
170,394,2,1,1,1,1,1,1,0,0,0,0,0,16,44
170,106,2,1,1,1,0,0,1,0,1,1,1,0,16,44
170,490,2,1,1,1,1,1,1,0,0,0,0,0,0,44
170,298,2,1,1,1,0,0,1,0,1,1,1,0,16,44
171,171,0,1,1,1,1,1,1,0,0,0,0,0,0,71
171,170,1,1,1,1,1,1,1,0,0,0,0,0,46,71
171,169,1,1,1,1,0,0,1,0,1,1,1,0,19,71
171,175,1,1,1,1,1,1,1,0,0,0,0,0,0,71
171,163,1,1,1,1,1,1,1,0,0,0,0,0,19,71
171,187,1,1,1,1,1,1,1,0,0,0,0,0,0,71
171,139,1,1,1,1,1,1,1,0,0,0,0,0,36,71
171,235,1,1,1,1,1,1,1,0,0,0,0,0,0,71
171,43,1,1,1,1,0,0,1,0,1,1,1,0,36,71
171,427,1,1,1,1,1,1,1,0,0,0,0,0,0,71
171,168,2,1,1,1,0,0,1,0,1,1,1,0,49,71
171,174,2,1,1,1,1,1,1,0,0,0,0,0,46,71
171,162,2,1,1,1,1,1,1,0,0,0,0,0,49,71
171,186,2,1,1,1,1,1,1,0,0,0,0,0,46,71
171,138,2,1,1,1,1,1,1,0,0,0,0,0,55,71
171,234,2,1,1,1,1,1,1,0,0,0,0,0,46,71
171,42,2,1,1,1,0,0,1,0,1,1,1,0,55,71
171,426,2,1,1,1,1,1,1,0,0,0,0,0,46,71
171,173,2,1,1,1,0,0,1,0,1,1,1,0,19,71
171,161,2,1,1,1,0,0,1,0,1,1,1,0,32,71
171,185,2,1,1,1,0,0,1,0,1,1,1,0,19,71
171,137,2,0,0,1,0,0,0,0,0,0,0,0,38,71
171,233,2,1,1,1,0,0,1,0,1,1,1,0,19,71
171,41,2,1,1,1,0,0,1,0,1,1,1,0,43,71
171,425,2,1,1,1,0,0,1,0,1,1,1,0,19,71
171,167,2,1,1,1,1,1,1,0,0,0,0,0,19,71
171,191,2,1,1,1,1,1,1,0,0,0,0,0,0,71
171,143,2,1,1,1,1,1,1,0,0,0,0,0,36,71
171,239,2,1,1,1,1,1,1,0,0,0,0,0,0,71
171,47,2,1,1,1,0,0,1,0,1,1,1,0,36,71
171,431,2,1,1,1,1,1,1,0,0,0,0,0,0,71
171,179,2,1,1,1,1,1,1,0,0,0,0,0,19,71
171,131,2,1,1,1,1,1,1,0,0,0,0,0,43,71
171,227,2,1,1,1,1,1,1,0,0,0,0,0,19,71
171,35,2,0,0,1,0,0,0,0,0,0,0,0,38,71
171,419,2,1,1,1,1,1,1,0,0,0,0,0,19,71
171,155,2,1,1,1,1,1,1,0,0,0,0,0,36,71
171,251,2,1,1,1,1,1,1,0,0,0,0,0,0,71
171,59,2,1,1,1,0,0,1,0,1,1,1,0,36,71
171,443,2,1,1,1,1,1,1,0,0,0,0,0,0,71
171,203,2,1,1,1,1,1,1,0,0,0,0,0,36,71
171,11,2,0,0,1,0,0,0,0,0,0,0,0,56,71
171,395,2,1,1,1,1,1,1,0,0,0,0,0,36,71
171,107,2,1,1,1,0,0,1,0,1,1,1,0,36,71
171,491,2,1,1,1,1,1,1,0,0,0,0,0,0,71
171,299,2,1,1,1,0,0,1,0,1,1,1,0,36,71
172,172,0,1,1,1,1,1,1,0,0,0,0,0,0,70
172,173,1,1,1,1,1,1,1,0,0,0,0,0,0,70
172,174,1,1,1,1,1,1,1,0,0,0,0,0,0,70
172,168,1,1,1,1,0,0,1,0,1,1,1,0,46,70
172,164,1,0,0,1,0,0,0,0,0,0,0,0,36,70
172,188,1,1,1,1,1,1,1,0,0,0,0,0,0,70
172,140,1,1,1,1,1,1,1,0,0,0,0,0,19,70
172,236,1,1,1,1,1,1,1,0,0,0,0,0,0,70
172,44,1,1,1,1,0,0,1,0,1,1,1,0,36,70
172,428,1,1,1,1,1,1,1,0,0,0,0,0,0,70
172,175,2,1,1,1,1,1,1,0,0,0,0,0,0,70
172,169,2,1,1,1,0,0,1,0,1,1,1,0,46,70
172,165,2,1,0,1,0,0,0,0,0,0,0,0,36,70
172,189,2,1,1,1,1,1,1,0,0,0,0,0,0,70
172,141,2,1,1,1,1,1,1,0,0,0,0,0,19,70
172,237,2,1,1,1,1,1,1,0,0,0,0,0,0,70
172,45,2,1,1,1,0,0,1,0,1,1,1,0,36,70
172,429,2,1,1,1,1,1,1,0,0,0,0,0,0,70
172,170,2,1,1,1,0,0,1,0,1,1,1,0,46,70
172,166,2,1,0,1,0,0,0,0,0,0,0,0,36,70
172,190,2,1,1,1,1,1,1,0,0,0,0,0,0,70
172,142,2,1,1,1,1,1,1,0,0,0,0,0,19,70
172,238,2,1,1,1,1,1,1,0,0,0,0,0,0,70
172,46,2,1,1,1,0,0,1,0,1,1,1,0,36,70
172,430,2,1,1,1,1,1,1,0,0,0,0,0,0,70
172,160,2,0,0,1,0,0,0,0,0,0,0,0,55,70
172,184,2,1,1,1,0,0,1,0,1,1,1,0,46,70
172,136,2,0,0,1,0,0,0,0,0,0,0,0,49,70
172,232,2,1,1,1,0,0,1,0,1,1,1,0,46,70
172,40,2,1,1,1,0,0,1,0,1,1,1,0,55,70
172,424,2,1,1,1,0,0,1,0,1,1,1,0,46,70
172,180,2,1,0,1,0,0,0,0,0,0,0,0,36,70
172,132,2,0,0,1,0,0,0,0,0,0,0,0,43,70
172,228,2,0,0,1,0,0,0,0,0,0,0,0,36,70
172,36,2,0,0,1,0,0,0,0,0,0,0,0,56,70
172,420,2,0,0,1,0,0,0,0,0,0,0,0,36,70
172,156,2,1,1,1,1,1,1,0,0,0,0,0,19,70
172,252,2,1,1,1,1,1,1,0,0,0,0,0,0,70
172,60,2,1,1,1,0,0,1,0,1,1,1,0,36,70
172,444,2,1,1,1,1,1,1,0,0,0,0,0,0,70
172,204,2,1,1,1,1,1,1,0,0,0,0,0,19,70
172,12,2,0,0,1,0,0,0,0,0,0,0,0,38,70
172,396,2,1,1,1,1,1,1,0,0,0,0,0,19,70
172,108,2,1,1,1,0,0,1,0,1,1,1,0,36,70
172,492,2,1,1,1,1,1,1,0,0,0,0,0,0,70
172,300,2,1,1,1,0,0,1,0,1,1,1,0,36,70
173,173,0,1,1,1,1,1,1,0,0,0,0,0,0,110
173,172,1,1,1,1,0,0,1,0,1,1,1,0,67,110
173,175,1,1,1,1,1,1,1,0,0,0,0,0,0,110
173,169,1,1,1,1,0,0,1,0,1,1,1,0,67,110
173,165,1,1,1,1,1,1,1,0,0,0,0,0,42,110
173,189,1,1,1,1,1,1,1,0,0,0,0,0,0,110
173,141,1,1,1,1,1,1,1,0,0,0,0,0,42,110
173,237,1,1,1,1,1,1,1,0,0,0,0,0,0,110
173,45,1,1,1,1,0,0,1,0,1,1,1,0,74,110
173,429,1,1,1,1,1,1,1,0,0,0,0,0,0,110
173,174,2,1,1,1,0,0,1,0,1,1,1,0,67,110
173,168,2,1,1,1,0,0,1,0,1,1,1,0,90,110
173,164,2,0,0,1,0,0,0,0,0,0,0,0,71,110
173,188,2,1,1,1,0,0,1,0,1,1,1,0,67,110
173,140,2,1,1,1,0,0,1,0,1,1,1,0,77,110
173,236,2,1,1,1,0,0,1,0,1,1,1,0,67,110
173,44,2,1,1,1,0,0,1,0,1,1,1,0,91,110
173,428,2,1,1,1,0,0,1,0,1,1,1,0,67,110
173,171,2,1,1,1,0,0,1,0,1,1,1,0,67,110
173,167,2,1,1,1,1,1,1,0,0,0,0,0,42,110
173,191,2,1,1,1,1,1,1,0,0,0,0,0,0,110
173,143,2,1,1,1,1,1,1,0,0,0,0,0,42,110
173,239,2,1,1,1,1,1,1,0,0,0,0,0,0,110
173,47,2,1,1,1,0,0,1,0,1,1,1,0,74,110
173,431,2,1,1,1,1,1,1,0,0,0,0,0,0,110
173,161,2,1,1,1,0,0,1,0,1,1,1,0,77,110
173,185,2,1,1,1,0,0,1,0,1,1,1,0,67,110
173,137,2,0,0,1,0,0,0,0,0,0,0,0,71,110
173,233,2,1,1,1,0,0,1,0,1,1,1,0,67,110
173,41,2,1,1,1,0,0,1,0,1,1,1,0,91,110
173,425,2,1,1,1,0,0,1,0,1,1,1,0,67,110
173,181,2,1,1,1,1,1,1,0,0,0,0,0,42,110
173,133,2,1,1,1,1,1,1,0,0,0,0,0,57,110
173,229,2,1,1,1,1,1,1,0,0,0,0,0,42,110
173,37,2,0,0,1,0,0,0,0,0,0,0,0,78,110
173,421,2,1,1,1,1,1,1,0,0,0,0,0,42,110
173,157,2,1,1,1,1,1,1,0,0,0,0,0,42,110
173,253,2,1,1,1,1,1,1,0,0,0,0,0,0,110
173,61,2,1,1,1,0,0,1,0,1,1,1,0,74,110
173,445,2,1,1,1,1,1,1,0,0,0,0,0,0,110
173,205,2,1,1,1,1,1,1,0,0,0,0,0,42,110
173,13,2,0,0,1,0,0,0,0,0,0,0,0,78,110
173,397,2,1,1,1,1,1,1,0,0,0,0,0,42,110
173,109,2,1,1,1,0,0,1,0,1,1,1,0,74,110
173,493,2,1,1,1,1,1,1,0,0,0,0,0,0,110
173,301,2,1,1,1,0,0,1,0,1,1,1,0,74,110
174,174,0,1,1,1,1,1,1,0,0,0,0,0,0,71
174,175,1,1,1,1,1,1,1,0,0,0,0,0,0,71
174,172,1,1,1,1,0,0,1,0,1,1,1,0,19,71
174,170,1,1,1,1,1,1,1,0,0,0,0,0,46,71
174,166,1,1,1,1,1,1,1,0,0,0,0,0,36,71
174,190,1,1,1,1,1,1,1,0,0,0,0,0,0,71
174,142,1,1,1,1,1,1,1,0,0,0,0,0,19,71
174,238,1,1,1,1,1,1,1,0,0,0,0,0,0,71
174,46,1,1,1,1,0,0,1,0,1,1,1,0,36,71
174,430,1,1,1,1,1,1,1,0,0,0,0,0,0,71
174,173,2,1,1,1,0,0,1,0,1,1,1,0,19,71
174,171,2,1,1,1,1,1,1,0,0,0,0,0,46,71
174,167,2,1,1,1,1,1,1,0,0,0,0,0,36,71
174,191,2,1,1,1,1,1,1,0,0,0,0,0,0,71
174,143,2,1,1,1,1,1,1,0,0,0,0,0,19,71
174,239,2,1,1,1,1,1,1,0,0,0,0,0,0,71
174,47,2,1,1,1,0,0,1,0,1,1,1,0,36,71
174,431,2,1,1,1,1,1,1,0,0,0,0,0,0,71
174,168,2,1,1,1,0,0,1,0,1,1,1,0,49,71
174,164,2,0,0,1,0,0,0,0,0,0,0,0,38,71
174,188,2,1,1,1,0,0,1,0,1,1,1,0,19,71
174,140,2,1,1,1,0,0,1,0,1,1,1,0,32,71
174,236,2,1,1,1,0,0,1,0,1,1,1,0,19,71
174,44,2,1,1,1,0,0,1,0,1,1,1,0,43,71
174,428,2,1,1,1,0,0,1,0,1,1,1,0,19,71
174,162,2,1,1,1,1,1,1,0,0,0,0,0,55,71
174,186,2,1,1,1,1,1,1,0,0,0,0,0,46,71
174,138,2,1,1,1,1,1,1,0,0,0,0,0,49,71
174,234,2,1,1,1,1,1,1,0,0,0,0,0,46,71
174,42,2,1,1,1,0,0,1,0,1,1,1,0,55,71
174,426,2,1,1,1,1,1,1,0,0,0,0,0,46,71
174,182,2,1,1,1,1,1,1,0,0,0,0,0,36,71
174,134,2,1,1,1,1,1,1,0,0,0,0,0,43,71
174,230,2,1,1,1,1,1,1,0,0,0,0,0,36,71
174,38,2,0,0,1,0,0,0,0,0,0,0,0,56,71
174,422,2,1,1,1,1,1,1,0,0,0,0,0,36,71
174,158,2,1,1,1,1,1,1,0,0,0,0,0,19,71
174,254,2,1,1,1,1,1,1,0,0,0,0,0,0,71
174,62,2,1,1,1,0,0,1,0,1,1,1,0,36,71
174,446,2,1,1,1,1,1,1,0,0,0,0,0,0,71
174,206,2,1,1,1,1,1,1,0,0,0,0,0,19,71
174,14,2,0,0,1,0,0,0,0,0,0,0,0,38,71
174,398,2,1,1,1,1,1,1,0,0,0,0,0,19,71
174,110,2,1,1,1,0,0,1,0,1,1,1,0,36,71
174,494,2,1,1,1,1,1,1,0,0,0,0,0,0,71
174,302,2,1,1,1,0,0,1,0,1,1,1,0,36,71
175,175,0,1,1,1,1,1,1,0,0,0,0,0,0,111
175,174,1,1,1,1,1,1,1,0,0,0,0,0,67,111
175,173,1,1,1,1,0,0,1,0,1,1,1,0,22,111
175,171,1,1,1,1,1,1,1,0,0,0,0,0,67,111
175,167,1,1,1,1,1,1,1,0,0,0,0,0,42,111
175,191,1,1,1,1,1,1,1,0,0,0,0,0,0,111
175,143,1,1,1,1,1,1,1,0,0,0,0,0,42,111
175,239,1,1,1,1,1,1,1,0,0,0,0,0,0,111
175,47,1,1,1,1,0,0,1,0,1,1,1,0,74,111
175,431,1,1,1,1,1,1,1,0,0,0,0,0,0,111
175,172,2,1,1,1,0,0,1,0,1,1,1,0,70,111
175,170,2,1,1,1,1,1,1,0,0,0,0,0,90,111
175,166,2,1,1,1,1,1,1,0,0,0,0,0,71,111
175,190,2,1,1,1,1,1,1,0,0,0,0,0,67,111
175,142,2,1,1,1,1,1,1,0,0,0,0,0,77,111
175,238,2,1,1,1,1,1,1,0,0,0,0,0,67,111
175,46,2,1,1,1,0,0,1,0,1,1,1,0,91,111
175,430,2,1,1,1,1,1,1,0,0,0,0,0,67,111
175,169,2,1,1,1,0,0,1,0,1,1,1,0,70,111
175,165,2,1,1,1,0,0,1,0,1,1,1,0,44,111
175,189,2,1,1,1,0,0,1,0,1,1,1,0,22,111
175,141,2,1,1,1,0,0,1,0,1,1,1,0,44,111
175,237,2,1,1,1,0,0,1,0,1,1,1,0,22,111
175,45,2,1,1,1,0,0,1,0,1,1,1,0,76,111
175,429,2,1,1,1,0,0,1,0,1,1,1,0,22,111
175,163,2,1,1,1,1,1,1,0,0,0,0,0,77,111
175,187,2,1,1,1,1,1,1,0,0,0,0,0,67,111
175,139,2,1,1,1,1,1,1,0,0,0,0,0,71,111
175,235,2,1,1,1,1,1,1,0,0,0,0,0,67,111
175,43,2,1,1,1,0,0,1,0,1,1,1,0,91,111
175,427,2,1,1,1,1,1,1,0,0,0,0,0,67,111
175,183,2,1,1,1,1,1,1,0,0,0,0,0,42,111
175,135,2,1,1,1,1,1,1,0,0,0,0,0,57,111
175,231,2,1,1,1,1,1,1,0,0,0,0,0,42,111
175,39,2,0,0,1,0,0,0,0,0,0,0,0,78,111
175,423,2,1,1,1,1,1,1,0,0,0,0,0,42,111
175,159,2,1,1,1,1,1,1,0,0,0,0,0,42,111
175,255,2,1,1,1,1,1,1,0,0,0,0,0,0,111
175,63,2,1,1,1,0,0,1,0,1,1,1,0,74,111
175,447,2,1,1,1,1,1,1,0,0,0,0,0,0,111
175,207,2,1,1,1,1,1,1,0,0,0,0,0,42,111
175,15,2,0,0,1,0,0,0,0,0,0,0,0,78,111
175,399,2,1,1,1,1,1,1,0,0,0,0,0,42,111
175,111,2,1,1,1,0,0,1,0,1,1,1,0,74,111
175,495,2,1,1,1,1,1,1,0,0,0,0,0,0,111
175,303,2,1,1,1,0,0,1,0,1,1,1,0,74,111
176,176,0,1,1,1,1,1,1,0,0,0,0,0,0,15
176,177,1,1,1,1,1,1,1,0,0,0,0,0,0,15
176,178,1,1,1,1,1,1,1,0,0,0,0,0,0,15
176,180,1,1,1,1,1,1,1,0,0,0,0,0,0,15
176,184,1,1,1,1,1,1,1,0,0,0,0,0,0,15
176,160,1,0,0,1,0,0,0,0,0,0,0,0,4,15
176,144,1,1,1,1,1,1,1,0,0,0,0,0,4,15
176,240,1,1,1,1,1,1,1,0,0,0,0,0,0,15
176,48,1,1,1,1,1,1,1,0,0,0,0,0,4,15
176,432,1,1,1,1,1,1,1,0,0,0,0,0,0,15
176,179,2,1,1,1,1,1,1,0,0,0,0,0,0,15
176,181,2,1,1,1,1,1,1,0,0,0,0,0,0,15
176,185,2,1,1,1,1,1,1,0,0,0,0,0,0,15
176,161,2,1,0,1,0,0,0,0,0,0,0,0,4,15
176,145,2,1,1,1,1,1,1,0,0,0,0,0,4,15
176,241,2,1,1,1,1,1,1,0,0,0,0,0,0,15
176,49,2,1,1,1,1,1,1,0,0,0,0,0,4,15
176,433,2,1,1,1,1,1,1,0,0,0,0,0,0,15
176,182,2,1,1,1,1,1,1,0,0,0,0,0,0,15
176,186,2,1,1,1,1,1,1,0,0,0,0,0,0,15
176,162,2,1,0,1,0,0,0,0,0,0,0,0,4,15
176,146,2,1,1,1,1,1,1,0,0,0,0,0,4,15
176,242,2,1,1,1,1,1,1,0,0,0,0,0,0,15
176,50,2,1,1,1,1,1,1,0,0,0,0,0,4,15
176,434,2,1,1,1,1,1,1,0,0,0,0,0,0,15
176,188,2,1,1,1,1,1,1,0,0,0,0,0,0,15
176,164,2,0,0,1,0,0,0,0,0,0,0,0,4,15
176,148,2,1,1,1,1,1,1,0,0,0,0,0,4,15
176,244,2,1,1,1,1,1,1,0,0,0,0,0,0,15
176,52,2,1,1,1,1,1,1,0,0,0,0,0,4,15
176,436,2,1,1,1,1,1,1,0,0,0,0,0,0,15
176,168,2,1,0,1,0,0,0,0,0,0,0,0,4,15
176,152,2,1,1,1,1,1,1,0,0,0,0,0,4,15
176,248,2,1,1,1,1,1,1,0,0,0,0,0,0,15
176,56,2,1,1,1,1,1,1,0,0,0,0,0,4,15
176,440,2,1,1,1,1,1,1,0,0,0,0,0,0,15
176,128,2,0,0,1,0,0,0,0,0,0,0,0,8,15
176,224,2,0,0,1,0,0,0,0,0,0,0,0,4,15
176,32,2,0,0,1,0,0,0,0,0,0,0,0,8,15
176,416,2,0,0,1,0,0,0,0,0,0,0,0,4,15
176,208,2,1,1,1,1,1,1,0,0,0,0,0,4,15
176,16,2,1,1,1,1,1,1,0,0,0,0,0,8,15
176,400,2,1,1,1,1,1,1,0,0,0,0,0,4,15
176,112,2,1,1,1,1,1,1,0,0,0,0,0,4,15
176,496,2,1,1,1,1,1,1,0,0,0,0,0,0,15
176,304,2,1,1,1,1,1,1,0,0,0,0,0,4,15
177,177,0,1,1,1,1,1,1,0,0,0,0,0,0,70
177,176,1,1,1,1,1,1,1,0,0,0,0,0,46,70
177,179,1,1,1,1,1,1,1,0,0,0,0,0,0,70
177,181,1,1,1,1,1,1,1,0,0,0,0,0,0,70
177,185,1,1,1,1,1,1,1,0,0,0,0,0,0,70
177,161,1,1,1,1,0,0,1,0,1,1,1,0,7,70
177,145,1,1,1,1,1,1,1,0,0,0,0,0,36,70
177,241,1,1,1,1,1,1,1,0,0,0,0,0,0,70
177,49,1,1,1,1,1,1,1,0,0,0,0,0,36,70
177,433,1,1,1,1,1,1,1,0,0,0,0,0,0,70
177,178,2,1,1,1,1,1,1,0,0,0,0,0,46,70
177,180,2,1,1,1,1,1,1,0,0,0,0,0,46,70
177,184,2,1,1,1,1,1,1,0,0,0,0,0,46,70
177,160,2,0,0,1,0,0,0,0,0,0,0,0,48,70
177,144,2,1,1,1,1,1,1,0,0,0,0,0,55,70
177,240,2,1,1,1,1,1,1,0,0,0,0,0,46,70
177,48,2,1,1,1,1,1,1,0,0,0,0,0,55,70
177,432,2,1,1,1,1,1,1,0,0,0,0,0,46,70
177,183,2,1,1,1,1,1,1,0,0,0,0,0,0,70
177,187,2,1,1,1,1,1,1,0,0,0,0,0,0,70
177,163,2,1,1,1,0,0,1,0,1,1,1,0,7,70
177,147,2,1,1,1,1,1,1,0,0,0,0,0,36,70
177,243,2,1,1,1,1,1,1,0,0,0,0,0,0,70
177,51,2,1,1,1,1,1,1,0,0,0,0,0,36,70
177,435,2,1,1,1,1,1,1,0,0,0,0,0,0,70
177,189,2,1,1,1,1,1,1,0,0,0,0,0,0,70
177,165,2,1,1,1,0,0,1,0,1,1,1,0,7,70
177,149,2,1,1,1,1,1,1,0,0,0,0,0,36,70
177,245,2,1,1,1,1,1,1,0,0,0,0,0,0,70
177,53,2,1,1,1,1,1,1,0,0,0,0,0,36,70
177,437,2,1,1,1,1,1,1,0,0,0,0,0,0,70
177,169,2,1,1,1,0,0,1,0,1,1,1,0,7,70
177,153,2,1,1,1,1,1,1,0,0,0,0,0,36,70
177,249,2,1,1,1,1,1,1,0,0,0,0,0,0,70
177,57,2,1,1,1,1,1,1,0,0,0,0,0,36,70
177,441,2,1,1,1,1,1,1,0,0,0,0,0,0,70
177,129,2,0,0,1,0,0,0,0,0,0,0,0,37,70
177,225,2,1,1,1,0,0,1,0,1,1,1,0,7,70
177,33,2,0,0,1,0,0,0,0,0,0,0,0,37,70
177,417,2,1,1,1,0,0,1,0,1,1,1,0,7,70
177,209,2,1,1,1,1,1,1,0,0,0,0,0,36,70
177,17,2,1,1,1,1,1,1,0,0,0,0,0,56,70
177,401,2,1,1,1,1,1,1,0,0,0,0,0,36,70
177,113,2,1,1,1,1,1,1,0,0,0,0,0,36,70
177,497,2,1,1,1,1,1,1,0,0,0,0,0,0,70
177,305,2,1,1,1,1,1,1,0,0,0,0,0,36,70
178,178,0,1,1,1,1,1,1,0,0,0,0,0,0,28
178,179,1,1,1,1,1,1,1,0,0,0,0,0,0,28
178,176,1,1,1,1,1,1,1,0,0,0,0,0,13,28
178,182,1,1,1,1,1,1,1,0,0,0,0,0,0,28
178,186,1,1,1,1,1,1,1,0,0,0,0,0,0,28
178,162,1,1,1,1,0,0,1,0,1,1,1,0,5,28
178,146,1,1,1,1,1,1,1,0,0,0,0,0,5,28
178,242,1,1,1,1,1,1,1,0,0,0,0,0,0,28
178,50,1,1,1,1,1,1,1,0,0,0,0,0,13,28
178,434,1,1,1,1,1,1,1,0,0,0,0,0,0,28
178,177,2,1,1,1,1,1,1,0,0,0,0,0,13,28
178,183,2,1,1,1,1,1,1,0,0,0,0,0,0,28
178,187,2,1,1,1,1,1,1,0,0,0,0,0,0,28
178,163,2,1,1,1,0,0,1,0,1,1,1,0,5,28
178,147,2,1,1,1,1,1,1,0,0,0,0,0,5,28
178,243,2,1,1,1,1,1,1,0,0,0,0,0,0,28
178,51,2,1,1,1,1,1,1,0,0,0,0,0,13,28
178,435,2,1,1,1,1,1,1,0,0,0,0,0,0,28
178,180,2,1,1,1,1,1,1,0,0,0,0,0,13,28
178,184,2,1,1,1,1,1,1,0,0,0,0,0,13,28
178,160,2,0,0,1,0,0,0,0,0,0,0,0,14,28
178,144,2,1,1,1,1,1,1,0,0,0,0,0,18,28
178,240,2,1,1,1,1,1,1,0,0,0,0,0,13,28
178,48,2,1,1,1,1,1,1,0,0,0,0,0,18,28
178,432,2,1,1,1,1,1,1,0,0,0,0,0,13,28
178,190,2,1,1,1,1,1,1,0,0,0,0,0,0,28
178,166,2,1,1,1,0,0,1,0,1,1,1,0,5,28
178,150,2,1,1,1,1,1,1,0,0,0,0,0,5,28
178,246,2,1,1,1,1,1,1,0,0,0,0,0,0,28
178,54,2,1,1,1,1,1,1,0,0,0,0,0,13,28
178,438,2,1,1,1,1,1,1,0,0,0,0,0,0,28
178,170,2,1,1,1,0,0,1,0,1,1,1,0,5,28
178,154,2,1,1,1,1,1,1,0,0,0,0,0,5,28
178,250,2,1,1,1,1,1,1,0,0,0,0,0,0,28
178,58,2,1,1,1,1,1,1,0,0,0,0,0,13,28
178,442,2,1,1,1,1,1,1,0,0,0,0,0,0,28
178,130,2,1,1,1,0,0,1,0,1,1,1,0,10,28
178,226,2,1,1,1,0,0,1,0,1,1,1,0,5,28
178,34,2,0,0,1,0,0,0,0,0,0,0,0,14,28
178,418,2,1,1,1,0,0,1,0,1,1,1,0,5,28
178,210,2,1,1,1,1,1,1,0,0,0,0,0,5,28
178,18,2,1,1,1,1,1,1,0,0,0,0,0,18,28
178,402,2,1,1,1,1,1,1,0,0,0,0,0,5,28
178,114,2,1,1,1,1,1,1,0,0,0,0,0,13,28
178,498,2,1,1,1,1,1,1,0,0,0,0,0,0,28
178,306,2,1,1,1,1,1,1,0,0,0,0,0,13,28
179,179,0,1,1,1,1,1,1,0,0,0,0,0,0,71
179,178,1,1,1,1,1,1,1,0,0,0,0,0,46,71
179,177,1,1,1,1,1,1,1,0,0,0,0,0,19,71
179,183,1,1,1,1,1,1,1,0,0,0,0,0,0,71
179,187,1,1,1,1,1,1,1,0,0,0,0,0,0,71
179,163,1,1,1,1,0,0,1,0,1,1,1,0,7,71
179,147,1,1,1,1,1,1,1,0,0,0,0,0,36,71
179,243,1,1,1,1,1,1,1,0,0,0,0,0,0,71
179,51,1,1,1,1,1,1,1,0,0,0,0,0,36,71
179,435,1,1,1,1,1,1,1,0,0,0,0,0,0,71
179,176,2,1,1,1,1,1,1,0,0,0,0,0,49,71
179,182,2,1,1,1,1,1,1,0,0,0,0,0,46,71
179,186,2,1,1,1,1,1,1,0,0,0,0,0,46,71
179,162,2,1,1,1,0,0,1,0,1,1,1,0,48,71
179,146,2,1,1,1,1,1,1,0,0,0,0,0,55,71
179,242,2,1,1,1,1,1,1,0,0,0,0,0,46,71
179,50,2,1,1,1,1,1,1,0,0,0,0,0,55,71
179,434,2,1,1,1,1,1,1,0,0,0,0,0,46,71
179,181,2,1,1,1,1,1,1,0,0,0,0,0,19,71
179,185,2,1,1,1,1,1,1,0,0,0,0,0,19,71
179,161,2,1,1,1,0,0,1,0,1,1,1,0,20,71
179,145,2,1,1,1,1,1,1,0,0,0,0,0,38,71
179,241,2,1,1,1,1,1,1,0,0,0,0,0,19,71
179,49,2,1,1,1,1,1,1,0,0,0,0,0,43,71
179,433,2,1,1,1,1,1,1,0,0,0,0,0,19,71
179,191,2,1,1,1,1,1,1,0,0,0,0,0,0,71
179,167,2,1,1,1,0,0,1,0,1,1,1,0,7,71
179,151,2,1,1,1,1,1,1,0,0,0,0,0,36,71
179,247,2,1,1,1,1,1,1,0,0,0,0,0,0,71
179,55,2,1,1,1,1,1,1,0,0,0,0,0,36,71
179,439,2,1,1,1,1,1,1,0,0,0,0,0,0,71
179,171,2,1,1,1,0,0,1,0,1,1,1,0,7,71
179,155,2,1,1,1,1,1,1,0,0,0,0,0,36,71
179,251,2,1,1,1,1,1,1,0,0,0,0,0,0,71
179,59,2,1,1,1,1,1,1,0,0,0,0,0,36,71
179,443,2,1,1,1,1,1,1,0,0,0,0,0,0,71
179,131,2,1,1,1,0,0,1,0,1,1,1,0,37,71
179,227,2,1,1,1,0,0,1,0,1,1,1,0,7,71
179,35,2,0,0,1,0,0,0,0,0,0,0,0,37,71
179,419,2,1,1,1,0,0,1,0,1,1,1,0,7,71
179,211,2,1,1,1,1,1,1,0,0,0,0,0,36,71
179,19,2,1,1,1,1,1,1,0,0,0,0,0,56,71
179,403,2,1,1,1,1,1,1,0,0,0,0,0,36,71
179,115,2,1,1,1,1,1,1,0,0,0,0,0,36,71
179,499,2,1,1,1,1,1,1,0,0,0,0,0,0,71
179,307,2,1,1,1,1,1,1,0,0,0,0,0,36,71
180,180,0,1,1,1,1,1,1,0,0,0,0,0,0,28
180,181,1,1,1,1,1,1,1,0,0,0,0,0,0,28
180,182,1,1,1,1,1,1,1,0,0,0,0,0,0,28
180,176,1,1,1,1,1,1,1,0,0,0,0,0,13,28
180,188,1,1,1,1,1,1,1,0,0,0,0,0,0,28
180,164,1,0,0,1,0,0,0,0,0,0,0,0,5,28
180,148,1,1,1,1,1,1,1,0,0,0,0,0,5,28
180,244,1,1,1,1,1,1,1,0,0,0,0,0,0,28
180,52,1,1,1,1,1,1,1,0,0,0,0,0,13,28
180,436,1,1,1,1,1,1,1,0,0,0,0,0,0,28
180,183,2,1,1,1,1,1,1,0,0,0,0,0,0,28
180,177,2,1,1,1,1,1,1,0,0,0,0,0,13,28
180,189,2,1,1,1,1,1,1,0,0,0,0,0,0,28
180,165,2,1,0,1,0,0,0,0,0,0,0,0,5,28
180,149,2,1,1,1,1,1,1,0,0,0,0,0,5,28
180,245,2,1,1,1,1,1,1,0,0,0,0,0,0,28
180,53,2,1,1,1,1,1,1,0,0,0,0,0,13,28
180,437,2,1,1,1,1,1,1,0,0,0,0,0,0,28
180,178,2,1,1,1,1,1,1,0,0,0,0,0,13,28
180,190,2,1,1,1,1,1,1,0,0,0,0,0,0,28
180,166,2,1,0,1,0,0,0,0,0,0,0,0,5,28
180,150,2,1,1,1,1,1,1,0,0,0,0,0,5,28
180,246,2,1,1,1,1,1,1,0,0,0,0,0,0,28
180,54,2,1,1,1,1,1,1,0,0,0,0,0,13,28
180,438,2,1,1,1,1,1,1,0,0,0,0,0,0,28
180,184,2,1,1,1,1,1,1,0,0,0,0,0,13,28
180,160,2,0,0,1,0,0,0,0,0,0,0,0,18,28
180,144,2,1,1,1,1,1,1,0,0,0,0,0,14,28
180,240,2,1,1,1,1,1,1,0,0,0,0,0,13,28
180,48,2,1,1,1,1,1,1,0,0,0,0,0,18,28
180,432,2,1,1,1,1,1,1,0,0,0,0,0,13,28
180,172,2,1,0,1,0,0,0,0,0,0,0,0,5,28
180,156,2,1,1,1,1,1,1,0,0,0,0,0,5,28
180,252,2,1,1,1,1,1,1,0,0,0,0,0,0,28
180,60,2,1,1,1,1,1,1,0,0,0,0,0,13,28
180,444,2,1,1,1,1,1,1,0,0,0,0,0,0,28
180,132,2,0,0,1,0,0,0,0,0,0,0,0,10,28
180,228,2,0,0,1,0,0,0,0,0,0,0,0,5,28
180,36,2,0,0,1,0,0,0,0,0,0,0,0,18,28
180,420,2,0,0,1,0,0,0,0,0,0,0,0,5,28
180,212,2,1,1,1,1,1,1,0,0,0,0,0,5,28
180,20,2,1,1,1,1,1,1,0,0,0,0,0,14,28
180,404,2,1,1,1,1,1,1,0,0,0,0,0,5,28
180,116,2,1,1,1,1,1,1,0,0,0,0,0,13,28
180,500,2,1,1,1,1,1,1,0,0,0,0,0,0,28
180,308,2,1,1,1,1,1,1,0,0,0,0,0,13,28
181,181,0,1,1,1,1,1,1,0,0,0,0,0,0,110
181,180,1,1,1,1,1,1,1,0,0,0,0,0,67,110
181,183,1,1,1,1,1,1,1,0,0,0,0,0,0,110
181,177,1,1,1,1,1,1,1,0,0,0,0,0,67,110
181,189,1,1,1,1,1,1,1,0,0,0,0,0,0,110
181,165,1,1,1,1,0,0,1,0,1,1,1,0,8,110
181,149,1,1,1,1,1,1,1,0,0,0,0,0,42,110
181,245,1,1,1,1,1,1,1,0,0,0,0,0,0,110
181,53,1,1,1,1,1,1,1,0,0,0,0,0,74,110
181,437,1,1,1,1,1,1,1,0,0,0,0,0,0,110
181,182,2,1,1,1,1,1,1,0,0,0,0,0,67,110
181,176,2,1,1,1,1,1,1,0,0,0,0,0,90,110
181,188,2,1,1,1,1,1,1,0,0,0,0,0,67,110
181,164,2,0,0,1,0,0,0,0,0,0,0,0,69,110
181,148,2,1,1,1,1,1,1,0,0,0,0,0,77,110
181,244,2,1,1,1,1,1,1,0,0,0,0,0,67,110
181,52,2,1,1,1,1,1,1,0,0,0,0,0,91,110
181,436,2,1,1,1,1,1,1,0,0,0,0,0,67,110
181,179,2,1,1,1,1,1,1,0,0,0,0,0,67,110
181,191,2,1,1,1,1,1,1,0,0,0,0,0,0,110
181,167,2,1,1,1,0,0,1,0,1,1,1,0,8,110
181,151,2,1,1,1,1,1,1,0,0,0,0,0,42,110
181,247,2,1,1,1,1,1,1,0,0,0,0,0,0,110
181,55,2,1,1,1,1,1,1,0,0,0,0,0,74,110
181,439,2,1,1,1,1,1,1,0,0,0,0,0,0,110
181,185,2,1,1,1,1,1,1,0,0,0,0,0,67,110
181,161,2,1,1,1,0,0,1,0,1,1,1,0,69,110
181,145,2,1,1,1,1,1,1,0,0,0,0,0,71,110
181,241,2,1,1,1,1,1,1,0,0,0,0,0,67,110
181,49,2,1,1,1,1,1,1,0,0,0,0,0,91,110
181,433,2,1,1,1,1,1,1,0,0,0,0,0,67,110
181,173,2,1,1,1,0,0,1,0,1,1,1,0,8,110
181,157,2,1,1,1,1,1,1,0,0,0,0,0,42,110
181,253,2,1,1,1,1,1,1,0,0,0,0,0,0,110
181,61,2,1,1,1,1,1,1,0,0,0,0,0,74,110
181,445,2,1,1,1,1,1,1,0,0,0,0,0,0,110
181,133,2,1,1,1,0,0,1,0,1,1,1,0,43,110
181,229,2,1,1,1,0,0,1,0,1,1,1,0,8,110
181,37,2,0,0,1,0,0,0,0,0,0,0,0,75,110
181,421,2,1,1,1,0,0,1,0,1,1,1,0,8,110
181,213,2,1,1,1,1,1,1,0,0,0,0,0,42,110
181,21,2,1,1,1,1,1,1,0,0,0,0,0,78,110
181,405,2,1,1,1,1,1,1,0,0,0,0,0,42,110
181,117,2,1,1,1,1,1,1,0,0,0,0,0,74,110
181,501,2,1,1,1,1,1,1,0,0,0,0,0,0,110
181,309,2,1,1,1,1,1,1,0,0,0,0,0,74,110
182,182,0,1,1,1,1,1,1,0,0,0,0,0,0,45
182,183,1,1,1,1,1,1,1,0,0,0,0,0,0,45
182,180,1,1,1,1,1,1,1,0,0,0,0,0,16,45
182,178,1,1,1,1,1,1,1,0,0,0,0,0,16,45
182,190,1,1,1,1,1,1,1,0,0,0,0,0,0,45
182,166,1,1,1,1,0,0,1,0,1,1,1,0,6,45
182,150,1,1,1,1,1,1,1,0,0,0,0,0,6,45
182,246,1,1,1,1,1,1,1,0,0,0,0,0,0,45
182,54,1,1,1,1,1,1,1,0,0,0,0,0,26,45
182,438,1,1,1,1,1,1,1,0,0,0,0,0,0,45
182,181,2,1,1,1,1,1,1,0,0,0,0,0,16,45
182,179,2,1,1,1,1,1,1,0,0,0,0,0,16,45
182,191,2,1,1,1,1,1,1,0,0,0,0,0,0,45
182,167,2,1,1,1,0,0,1,0,1,1,1,0,6,45
182,151,2,1,1,1,1,1,1,0,0,0,0,0,6,45
182,247,2,1,1,1,1,1,1,0,0,0,0,0,0,45
182,55,2,1,1,1,1,1,1,0,0,0,0,0,26,45
182,439,2,1,1,1,1,1,1,0,0,0,0,0,0,45
182,176,2,1,1,1,1,1,1,0,0,0,0,0,32,45
182,188,2,1,1,1,1,1,1,0,0,0,0,0,16,45
182,164,2,0,0,1,0,0,0,0,0,0,0,0,17,45
182,148,2,1,1,1,1,1,1,0,0,0,0,0,22,45
182,244,2,1,1,1,1,1,1,0,0,0,0,0,16,45
182,52,2,1,1,1,1,1,1,0,0,0,0,0,32,45
182,436,2,1,1,1,1,1,1,0,0,0,0,0,16,45
182,186,2,1,1,1,1,1,1,0,0,0,0,0,16,45
182,162,2,1,1,1,0,0,1,0,1,1,1,0,22,45
182,146,2,1,1,1,1,1,1,0,0,0,0,0,17,45
182,242,2,1,1,1,1,1,1,0,0,0,0,0,16,45
182,50,2,1,1,1,1,1,1,0,0,0,0,0,32,45
182,434,2,1,1,1,1,1,1,0,0,0,0,0,16,45
182,174,2,1,1,1,0,0,1,0,1,1,1,0,6,45
182,158,2,1,1,1,1,1,1,0,0,0,0,0,6,45
182,254,2,1,1,1,1,1,1,0,0,0,0,0,0,45
182,62,2,1,1,1,1,1,1,0,0,0,0,0,26,45
182,446,2,1,1,1,1,1,1,0,0,0,0,0,0,45
182,134,2,1,1,1,0,0,1,0,1,1,1,0,12,45
182,230,2,1,1,1,0,0,1,0,1,1,1,0,6,45
182,38,2,0,0,1,0,0,0,0,0,0,0,0,27,45
182,422,2,1,1,1,0,0,1,0,1,1,1,0,6,45
182,214,2,1,1,1,1,1,1,0,0,0,0,0,6,45
182,22,2,1,1,1,1,1,1,0,0,0,0,0,27,45
182,406,2,1,1,1,1,1,1,0,0,0,0,0,6,45
182,118,2,1,1,1,1,1,1,0,0,0,0,0,26,45
182,502,2,1,1,1,1,1,1,0,0,0,0,0,0,45
182,310,2,1,1,1,1,1,1,0,0,0,0,0,26,45
183,183,0,1,1,1,1,1,1,0,0,0,0,0,0,111
183,182,1,1,1,1,1,1,1,0,0,0,0,0,67,111
183,181,1,1,1,1,1,1,1,0,0,0,0,0,22,111
183,179,1,1,1,1,1,1,1,0,0,0,0,0,67,111
183,191,1,1,1,1,1,1,1,0,0,0,0,0,0,111
183,167,1,1,1,1,0,0,1,0,1,1,1,0,8,111
183,151,1,1,1,1,1,1,1,0,0,0,0,0,42,111
183,247,1,1,1,1,1,1,1,0,0,0,0,0,0,111
183,55,1,1,1,1,1,1,1,0,0,0,0,0,74,111
183,439,1,1,1,1,1,1,1,0,0,0,0,0,0,111
183,180,2,1,1,1,1,1,1,0,0,0,0,0,70,111
183,178,2,1,1,1,1,1,1,0,0,0,0,0,90,111
183,190,2,1,1,1,1,1,1,0,0,0,0,0,67,111
183,166,2,1,1,1,0,0,1,0,1,1,1,0,69,111
183,150,2,1,1,1,1,1,1,0,0,0,0,0,77,111
183,246,2,1,1,1,1,1,1,0,0,0,0,0,67,111
183,54,2,1,1,1,1,1,1,0,0,0,0,0,91,111
183,438,2,1,1,1,1,1,1,0,0,0,0,0,67,111
183,177,2,1,1,1,1,1,1,0,0,0,0,0,70,111
183,189,2,1,1,1,1,1,1,0,0,0,0,0,22,111
183,165,2,1,1,1,0,0,1,0,1,1,1,0,23,111
183,149,2,1,1,1,1,1,1,0,0,0,0,0,44,111
183,245,2,1,1,1,1,1,1,0,0,0,0,0,22,111
183,53,2,1,1,1,1,1,1,0,0,0,0,0,76,111
183,437,2,1,1,1,1,1,1,0,0,0,0,0,22,111
183,187,2,1,1,1,1,1,1,0,0,0,0,0,67,111
183,163,2,1,1,1,0,0,1,0,1,1,1,0,69,111
183,147,2,1,1,1,1,1,1,0,0,0,0,0,71,111
183,243,2,1,1,1,1,1,1,0,0,0,0,0,67,111
183,51,2,1,1,1,1,1,1,0,0,0,0,0,91,111
183,435,2,1,1,1,1,1,1,0,0,0,0,0,67,111
183,175,2,1,1,1,0,0,1,0,1,1,1,0,8,111
183,159,2,1,1,1,1,1,1,0,0,0,0,0,42,111
183,255,2,1,1,1,1,1,1,0,0,0,0,0,0,111
183,63,2,1,1,1,1,1,1,0,0,0,0,0,74,111
183,447,2,1,1,1,1,1,1,0,0,0,0,0,0,111
183,135,2,1,1,1,0,0,1,0,1,1,1,0,43,111
183,231,2,1,1,1,0,0,1,0,1,1,1,0,8,111
183,39,2,0,0,1,0,0,0,0,0,0,0,0,75,111
183,423,2,1,1,1,0,0,1,0,1,1,1,0,8,111
183,215,2,1,1,1,1,1,1,0,0,0,0,0,42,111
183,23,2,1,1,1,1,1,1,0,0,0,0,0,78,111
183,407,2,1,1,1,1,1,1,0,0,0,0,0,42,111
183,119,2,1,1,1,1,1,1,0,0,0,0,0,74,111
183,503,2,1,1,1,1,1,1,0,0,0,0,0,0,111
183,311,2,1,1,1,1,1,1,0,0,0,0,0,74,111
184,184,0,1,1,1,1,1,1,0,0,0,0,0,0,28
184,185,1,1,1,1,1,1,1,0,0,0,0,0,0,28
184,186,1,1,1,1,1,1,1,0,0,0,0,0,0,28
184,188,1,1,1,1,1,1,1,0,0,0,0,0,0,28
184,176,1,1,1,1,1,1,1,0,0,0,0,0,13,28
184,168,1,1,1,1,0,0,1,0,1,1,1,0,5,28
184,152,1,1,1,1,1,1,1,0,0,0,0,0,13,28
184,248,1,1,1,1,1,1,1,0,0,0,0,0,0,28
184,56,1,1,1,1,1,1,1,0,0,0,0,0,5,28
184,440,1,1,1,1,1,1,1,0,0,0,0,0,0,28
184,187,2,1,1,1,1,1,1,0,0,0,0,0,0,28
184,189,2,1,1,1,1,1,1,0,0,0,0,0,0,28
184,177,2,1,1,1,1,1,1,0,0,0,0,0,13,28
184,169,2,1,1,1,0,0,1,0,1,1,1,0,5,28
184,153,2,1,1,1,1,1,1,0,0,0,0,0,13,28
184,249,2,1,1,1,1,1,1,0,0,0,0,0,0,28
184,57,2,1,1,1,1,1,1,0,0,0,0,0,5,28
184,441,2,1,1,1,1,1,1,0,0,0,0,0,0,28
184,190,2,1,1,1,1,1,1,0,0,0,0,0,0,28
184,178,2,1,1,1,1,1,1,0,0,0,0,0,13,28
184,170,2,1,1,1,0,0,1,0,1,1,1,0,5,28
184,154,2,1,1,1,1,1,1,0,0,0,0,0,13,28
184,250,2,1,1,1,1,1,1,0,0,0,0,0,0,28
184,58,2,1,1,1,1,1,1,0,0,0,0,0,5,28
184,442,2,1,1,1,1,1,1,0,0,0,0,0,0,28
184,180,2,1,1,1,1,1,1,0,0,0,0,0,13,28
184,172,2,1,1,1,0,0,1,0,1,1,1,0,5,28
184,156,2,1,1,1,1,1,1,0,0,0,0,0,13,28
184,252,2,1,1,1,1,1,1,0,0,0,0,0,0,28
184,60,2,1,1,1,1,1,1,0,0,0,0,0,5,28
184,444,2,1,1,1,1,1,1,0,0,0,0,0,0,28
184,160,2,0,0,1,0,0,0,0,0,0,0,0,14,28
184,144,2,1,1,1,1,1,1,0,0,0,0,0,18,28
184,240,2,1,1,1,1,1,1,0,0,0,0,0,13,28
184,48,2,1,1,1,1,1,1,0,0,0,0,0,18,28
184,432,2,1,1,1,1,1,1,0,0,0,0,0,13,28
184,136,2,0,0,1,0,0,0,0,0,0,0,0,14,28
184,232,2,1,1,1,0,0,1,0,1,1,1,0,5,28
184,40,2,1,1,1,0,0,1,0,1,1,1,0,10,28
184,424,2,1,1,1,0,0,1,0,1,1,1,0,5,28
184,216,2,1,1,1,1,1,1,0,0,0,0,0,13,28
184,24,2,1,1,1,1,1,1,0,0,0,0,0,18,28
184,408,2,1,1,1,1,1,1,0,0,0,0,0,13,28
184,120,2,1,1,1,1,1,1,0,0,0,0,0,5,28
184,504,2,1,1,1,1,1,1,0,0,0,0,0,0,28
184,312,2,1,1,1,1,1,1,0,0,0,0,0,5,28
185,185,0,1,1,1,1,1,1,0,0,0,0,0,0,71
185,184,1,1,1,1,1,1,1,0,0,0,0,0,46,71
185,187,1,1,1,1,1,1,1,0,0,0,0,0,0,71
185,189,1,1,1,1,1,1,1,0,0,0,0,0,0,71
185,177,1,1,1,1,1,1,1,0,0,0,0,0,19,71
185,169,1,1,1,1,0,0,1,0,1,1,1,0,7,71
185,153,1,1,1,1,1,1,1,0,0,0,0,0,36,71
185,249,1,1,1,1,1,1,1,0,0,0,0,0,0,71
185,57,1,1,1,1,1,1,1,0,0,0,0,0,36,71
185,441,1,1,1,1,1,1,1,0,0,0,0,0,0,71
185,186,2,1,1,1,1,1,1,0,0,0,0,0,46,71
185,188,2,1,1,1,1,1,1,0,0,0,0,0,46,71
185,176,2,1,1,1,1,1,1,0,0,0,0,0,49,71
185,168,2,1,1,1,0,0,1,0,1,1,1,0,48,71
185,152,2,1,1,1,1,1,1,0,0,0,0,0,55,71
185,248,2,1,1,1,1,1,1,0,0,0,0,0,46,71
185,56,2,1,1,1,1,1,1,0,0,0,0,0,55,71
185,440,2,1,1,1,1,1,1,0,0,0,0,0,46,71
185,191,2,1,1,1,1,1,1,0,0,0,0,0,0,71
185,179,2,1,1,1,1,1,1,0,0,0,0,0,19,71
185,171,2,1,1,1,0,0,1,0,1,1,1,0,7,71
185,155,2,1,1,1,1,1,1,0,0,0,0,0,36,71
185,251,2,1,1,1,1,1,1,0,0,0,0,0,0,71
185,59,2,1,1,1,1,1,1,0,0,0,0,0,36,71
185,443,2,1,1,1,1,1,1,0,0,0,0,0,0,71
185,181,2,1,1,1,1,1,1,0,0,0,0,0,19,71
185,173,2,1,1,1,0,0,1,0,1,1,1,0,7,71
185,157,2,1,1,1,1,1,1,0,0,0,0,0,36,71
185,253,2,1,1,1,1,1,1,0,0,0,0,0,0,71
185,61,2,1,1,1,1,1,1,0,0,0,0,0,36,71
185,445,2,1,1,1,1,1,1,0,0,0,0,0,0,71
185,161,2,1,1,1,0,0,1,0,1,1,1,0,20,71
185,145,2,1,1,1,1,1,1,0,0,0,0,0,43,71
185,241,2,1,1,1,1,1,1,0,0,0,0,0,19,71
185,49,2,1,1,1,1,1,1,0,0,0,0,0,38,71
185,433,2,1,1,1,1,1,1,0,0,0,0,0,19,71
185,137,2,0,0,1,0,0,0,0,0,0,0,0,37,71
185,233,2,1,1,1,0,0,1,0,1,1,1,0,7,71
185,41,2,1,1,1,0,0,1,0,1,1,1,0,37,71
185,425,2,1,1,1,0,0,1,0,1,1,1,0,7,71
185,217,2,1,1,1,1,1,1,0,0,0,0,0,36,71
185,25,2,1,1,1,1,1,1,0,0,0,0,0,56,71
185,409,2,1,1,1,1,1,1,0,0,0,0,0,36,71
185,121,2,1,1,1,1,1,1,0,0,0,0,0,36,71
185,505,2,1,1,1,1,1,1,0,0,0,0,0,0,71
185,313,2,1,1,1,1,1,1,0,0,0,0,0,36,71
186,186,0,1,1,1,1,1,1,0,0,0,0,0,0,45
186,187,1,1,1,1,1,1,1,0,0,0,0,0,0,45
186,184,1,1,1,1,1,1,1,0,0,0,0,0,16,45
186,190,1,1,1,1,1,1,1,0,0,0,0,0,0,45
186,178,1,1,1,1,1,1,1,0,0,0,0,0,16,45
186,170,1,1,1,1,0,0,1,0,1,1,1,0,6,45
186,154,1,1,1,1,1,1,1,0,0,0,0,0,16,45
186,250,1,1,1,1,1,1,1,0,0,0,0,0,0,45
186,58,1,1,1,1,1,1,1,0,0,0,0,0,16,45
186,442,1,1,1,1,1,1,1,0,0,0,0,0,0,45
186,185,2,1,1,1,1,1,1,0,0,0,0,0,16,45
186,191,2,1,1,1,1,1,1,0,0,0,0,0,0,45
186,179,2,1,1,1,1,1,1,0,0,0,0,0,16,45
186,171,2,1,1,1,0,0,1,0,1,1,1,0,6,45
186,155,2,1,1,1,1,1,1,0,0,0,0,0,16,45
186,251,2,1,1,1,1,1,1,0,0,0,0,0,0,45
186,59,2,1,1,1,1,1,1,0,0,0,0,0,16,45
186,443,2,1,1,1,1,1,1,0,0,0,0,0,0,45
186,188,2,1,1,1,1,1,1,0,0,0,0,0,16,45
186,176,2,1,1,1,1,1,1,0,0,0,0,0,27,45
186,168,2,1,1,1,0,0,1,0,1,1,1,0,17,45
186,152,2,1,1,1,1,1,1,0,0,0,0,0,27,45
186,248,2,1,1,1,1,1,1,0,0,0,0,0,16,45
186,56,2,1,1,1,1,1,1,0,0,0,0,0,22,45
186,440,2,1,1,1,1,1,1,0,0,0,0,0,16,45
186,182,2,1,1,1,1,1,1,0,0,0,0,0,16,45
186,174,2,1,1,1,0,0,1,0,1,1,1,0,6,45
186,158,2,1,1,1,1,1,1,0,0,0,0,0,16,45
186,254,2,1,1,1,1,1,1,0,0,0,0,0,0,45
186,62,2,1,1,1,1,1,1,0,0,0,0,0,16,45
186,446,2,1,1,1,1,1,1,0,0,0,0,0,0,45
186,162,2,1,1,1,0,0,1,0,1,1,1,0,17,45
186,146,2,1,1,1,1,1,1,0,0,0,0,0,22,45
186,242,2,1,1,1,1,1,1,0,0,0,0,0,16,45
186,50,2,1,1,1,1,1,1,0,0,0,0,0,27,45
186,434,2,1,1,1,1,1,1,0,0,0,0,0,16,45
186,138,2,1,1,1,0,0,1,0,1,1,1,0,17,45
186,234,2,1,1,1,0,0,1,0,1,1,1,0,6,45
186,42,2,1,1,1,0,0,1,0,1,1,1,0,17,45
186,426,2,1,1,1,0,0,1,0,1,1,1,0,6,45
186,218,2,1,1,1,1,1,1,0,0,0,0,0,16,45
186,26,2,1,1,1,1,1,1,0,0,0,0,0,27,45
186,410,2,1,1,1,1,1,1,0,0,0,0,0,16,45
186,122,2,1,1,1,1,1,1,0,0,0,0,0,16,45
186,506,2,1,1,1,1,1,1,0,0,0,0,0,0,45
186,314,2,1,1,1,1,1,1,0,0,0,0,0,16,45
187,187,0,1,1,1,1,1,1,0,0,0,0,0,0,72
187,186,1,1,1,1,1,1,1,0,0,0,0,0,46,72
187,185,1,1,1,1,1,1,1,0,0,0,0,0,19,72
187,191,1,1,1,1,1,1,1,0,0,0,0,0,0,72
187,179,1,1,1,1,1,1,1,0,0,0,0,0,19,72
187,171,1,1,1,1,0,0,1,0,1,1,1,0,7,72
187,155,1,1,1,1,1,1,1,0,0,0,0,0,36,72
187,251,1,1,1,1,1,1,1,0,0,0,0,0,0,72
187,59,1,1,1,1,1,1,1,0,0,0,0,0,36,72
187,443,1,1,1,1,1,1,1,0,0,0,0,0,0,72
187,184,2,1,1,1,1,1,1,0,0,0,0,0,49,72
187,190,2,1,1,1,1,1,1,0,0,0,0,0,46,72
187,178,2,1,1,1,1,1,1,0,0,0,0,0,49,72
187,170,2,1,1,1,0,0,1,0,1,1,1,0,48,72
187,154,2,1,1,1,1,1,1,0,0,0,0,0,55,72
187,250,2,1,1,1,1,1,1,0,0,0,0,0,46,72
187,58,2,1,1,1,1,1,1,0,0,0,0,0,55,72
187,442,2,1,1,1,1,1,1,0,0,0,0,0,46,72
187,189,2,1,1,1,1,1,1,0,0,0,0,0,19,72
187,177,2,1,1,1,1,1,1,0,0,0,0,0,32,72
187,169,2,1,1,1,0,0,1,0,1,1,1,0,20,72
187,153,2,1,1,1,1,1,1,0,0,0,0,0,38,72
187,249,2,1,1,1,1,1,1,0,0,0,0,0,19,72
187,57,2,1,1,1,1,1,1,0,0,0,0,0,43,72
187,441,2,1,1,1,1,1,1,0,0,0,0,0,19,72
187,183,2,1,1,1,1,1,1,0,0,0,0,0,19,72
187,175,2,1,1,1,0,0,1,0,1,1,1,0,7,72
187,159,2,1,1,1,1,1,1,0,0,0,0,0,36,72
187,255,2,1,1,1,1,1,1,0,0,0,0,0,0,72
187,63,2,1,1,1,1,1,1,0,0,0,0,0,36,72
187,447,2,1,1,1,1,1,1,0,0,0,0,0,0,72
187,163,2,1,1,1,0,0,1,0,1,1,1,0,20,72
187,147,2,1,1,1,1,1,1,0,0,0,0,0,43,72
187,243,2,1,1,1,1,1,1,0,0,0,0,0,19,72
187,51,2,1,1,1,1,1,1,0,0,0,0,0,38,72
187,435,2,1,1,1,1,1,1,0,0,0,0,0,19,72
187,139,2,1,1,1,0,0,1,0,1,1,1,0,37,72
187,235,2,1,1,1,0,0,1,0,1,1,1,0,7,72
187,43,2,1,1,1,0,0,1,0,1,1,1,0,37,72
187,427,2,1,1,1,0,0,1,0,1,1,1,0,7,72
187,219,2,1,1,1,1,1,1,0,0,0,0,0,36,72
187,27,2,1,1,1,1,1,1,0,0,0,0,0,56,72
187,411,2,1,1,1,1,1,1,0,0,0,0,0,36,72
187,123,2,1,1,1,1,1,1,0,0,0,0,0,36,72
187,507,2,1,1,1,1,1,1,0,0,0,0,0,0,72
187,315,2,1,1,1,1,1,1,0,0,0,0,0,36,72
188,188,0,1,1,1,1,1,1,0,0,0,0,0,0,71
188,189,1,1,1,1,1,1,1,0,0,0,0,0,0,71
188,190,1,1,1,1,1,1,1,0,0,0,0,0,0,71
188,184,1,1,1,1,1,1,1,0,0,0,0,0,46,71
188,180,1,1,1,1,1,1,1,0,0,0,0,0,36,71
188,172,1,1,1,1,0,0,1,0,1,1,1,0,7,71
188,156,1,1,1,1,1,1,1,0,0,0,0,0,19,71
188,252,1,1,1,1,1,1,1,0,0,0,0,0,0,71
188,60,1,1,1,1,1,1,1,0,0,0,0,0,36,71
188,444,1,1,1,1,1,1,1,0,0,0,0,0,0,71
188,191,2,1,1,1,1,1,1,0,0,0,0,0,0,71
188,185,2,1,1,1,1,1,1,0,0,0,0,0,46,71
188,181,2,1,1,1,1,1,1,0,0,0,0,0,36,71
188,173,2,1,1,1,0,0,1,0,1,1,1,0,7,71
188,157,2,1,1,1,1,1,1,0,0,0,0,0,19,71
188,253,2,1,1,1,1,1,1,0,0,0,0,0,0,71
188,61,2,1,1,1,1,1,1,0,0,0,0,0,36,71
188,445,2,1,1,1,1,1,1,0,0,0,0,0,0,71
188,186,2,1,1,1,1,1,1,0,0,0,0,0,46,71
188,182,2,1,1,1,1,1,1,0,0,0,0,0,36,71
188,174,2,1,1,1,0,0,1,0,1,1,1,0,7,71
188,158,2,1,1,1,1,1,1,0,0,0,0,0,19,71
188,254,2,1,1,1,1,1,1,0,0,0,0,0,0,71
188,62,2,1,1,1,1,1,1,0,0,0,0,0,36,71
188,446,2,1,1,1,1,1,1,0,0,0,0,0,0,71
188,176,2,1,1,1,1,1,1,0,0,0,0,0,55,71
188,168,2,1,1,1,0,0,1,0,1,1,1,0,48,71
188,152,2,1,1,1,1,1,1,0,0,0,0,0,49,71
188,248,2,1,1,1,1,1,1,0,0,0,0,0,46,71
188,56,2,1,1,1,1,1,1,0,0,0,0,0,55,71
188,440,2,1,1,1,1,1,1,0,0,0,0,0,46,71
188,164,2,0,0,1,0,0,0,0,0,0,0,0,37,71
188,148,2,1,1,1,1,1,1,0,0,0,0,0,43,71
188,244,2,1,1,1,1,1,1,0,0,0,0,0,36,71
188,52,2,1,1,1,1,1,1,0,0,0,0,0,56,71
188,436,2,1,1,1,1,1,1,0,0,0,0,0,36,71
188,140,2,1,1,1,0,0,1,0,1,1,1,0,20,71
188,236,2,1,1,1,0,0,1,0,1,1,1,0,7,71
188,44,2,1,1,1,0,0,1,0,1,1,1,0,37,71
188,428,2,1,1,1,0,0,1,0,1,1,1,0,7,71
188,220,2,1,1,1,1,1,1,0,0,0,0,0,19,71
188,28,2,1,1,1,1,1,1,0,0,0,0,0,38,71
188,412,2,1,1,1,1,1,1,0,0,0,0,0,19,71
188,124,2,1,1,1,1,1,1,0,0,0,0,0,36,71
188,508,2,1,1,1,1,1,1,0,0,0,0,0,0,71
188,316,2,1,1,1,1,1,1,0,0,0,0,0,36,71
189,189,0,1,1,1,1,1,1,0,0,0,0,0,0,111
189,188,1,1,1,1,1,1,1,0,0,0,0,0,67,111
189,191,1,1,1,1,1,1,1,0,0,0,0,0,0,111
189,185,1,1,1,1,1,1,1,0,0,0,0,0,67,111
189,181,1,1,1,1,1,1,1,0,0,0,0,0,42,111
189,173,1,1,1,1,0,0,1,0,1,1,1,0,8,111
189,157,1,1,1,1,1,1,1,0,0,0,0,0,42,111
189,253,1,1,1,1,1,1,1,0,0,0,0,0,0,111
189,61,1,1,1,1,1,1,1,0,0,0,0,0,74,111
189,445,1,1,1,1,1,1,1,0,0,0,0,0,0,111
189,190,2,1,1,1,1,1,1,0,0,0,0,0,67,111
189,184,2,1,1,1,1,1,1,0,0,0,0,0,90,111
189,180,2,1,1,1,1,1,1,0,0,0,0,0,71,111
189,172,2,1,1,1,0,0,1,0,1,1,1,0,69,111
189,156,2,1,1,1,1,1,1,0,0,0,0,0,77,111
189,252,2,1,1,1,1,1,1,0,0,0,0,0,67,111
189,60,2,1,1,1,1,1,1,0,0,0,0,0,91,111
189,444,2,1,1,1,1,1,1,0,0,0,0,0,67,111
189,187,2,1,1,1,1,1,1,0,0,0,0,0,67,111
189,183,2,1,1,1,1,1,1,0,0,0,0,0,42,111
189,175,2,1,1,1,0,0,1,0,1,1,1,0,8,111
189,159,2,1,1,1,1,1,1,0,0,0,0,0,42,111
189,255,2,1,1,1,1,1,1,0,0,0,0,0,0,111
189,63,2,1,1,1,1,1,1,0,0,0,0,0,74,111
189,447,2,1,1,1,1,1,1,0,0,0,0,0,0,111
189,177,2,1,1,1,1,1,1,0,0,0,0,0,77,111
189,169,2,1,1,1,0,0,1,0,1,1,1,0,69,111
189,153,2,1,1,1,1,1,1,0,0,0,0,0,71,111
189,249,2,1,1,1,1,1,1,0,0,0,0,0,67,111
189,57,2,1,1,1,1,1,1,0,0,0,0,0,91,111
189,441,2,1,1,1,1,1,1,0,0,0,0,0,67,111
189,165,2,1,1,1,0,0,1,0,1,1,1,0,43,111
189,149,2,1,1,1,1,1,1,0,0,0,0,0,57,111
189,245,2,1,1,1,1,1,1,0,0,0,0,0,42,111
189,53,2,1,1,1,1,1,1,0,0,0,0,0,78,111
189,437,2,1,1,1,1,1,1,0,0,0,0,0,42,111
189,141,2,1,1,1,0,0,1,0,1,1,1,0,43,111
189,237,2,1,1,1,0,0,1,0,1,1,1,0,8,111
189,45,2,1,1,1,0,0,1,0,1,1,1,0,75,111
189,429,2,1,1,1,0,0,1,0,1,1,1,0,8,111
189,221,2,1,1,1,1,1,1,0,0,0,0,0,42,111
189,29,2,1,1,1,1,1,1,0,0,0,0,0,78,111
189,413,2,1,1,1,1,1,1,0,0,0,0,0,42,111
189,125,2,1,1,1,1,1,1,0,0,0,0,0,74,111
189,509,2,1,1,1,1,1,1,0,0,0,0,0,0,111
189,317,2,1,1,1,1,1,1,0,0,0,0,0,74,111
190,190,0,1,1,1,1,1,1,0,0,0,0,0,0,72
190,191,1,1,1,1,1,1,1,0,0,0,0,0,0,72
190,188,1,1,1,1,1,1,1,0,0,0,0,0,19,72
190,186,1,1,1,1,1,1,1,0,0,0,0,0,46,72
190,182,1,1,1,1,1,1,1,0,0,0,0,0,36,72
190,174,1,1,1,1,0,0,1,0,1,1,1,0,7,72
190,158,1,1,1,1,1,1,1,0,0,0,0,0,19,72
190,254,1,1,1,1,1,1,1,0,0,0,0,0,0,72
190,62,1,1,1,1,1,1,1,0,0,0,0,0,36,72
190,446,1,1,1,1,1,1,1,0,0,0,0,0,0,72
190,189,2,1,1,1,1,1,1,0,0,0,0,0,19,72
190,187,2,1,1,1,1,1,1,0,0,0,0,0,46,72
190,183,2,1,1,1,1,1,1,0,0,0,0,0,36,72
190,175,2,1,1,1,0,0,1,0,1,1,1,0,7,72
190,159,2,1,1,1,1,1,1,0,0,0,0,0,19,72
190,255,2,1,1,1,1,1,1,0,0,0,0,0,0,72
190,63,2,1,1,1,1,1,1,0,0,0,0,0,36,72
190,447,2,1,1,1,1,1,1,0,0,0,0,0,0,72
190,184,2,1,1,1,1,1,1,0,0,0,0,0,49,72
190,180,2,1,1,1,1,1,1,0,0,0,0,0,38,72
190,172,2,1,1,1,0,0,1,0,1,1,1,0,20,72
190,156,2,1,1,1,1,1,1,0,0,0,0,0,32,72
190,252,2,1,1,1,1,1,1,0,0,0,0,0,19,72
190,60,2,1,1,1,1,1,1,0,0,0,0,0,43,72
190,444,2,1,1,1,1,1,1,0,0,0,0,0,19,72
190,178,2,1,1,1,1,1,1,0,0,0,0,0,55,72
190,170,2,1,1,1,0,0,1,0,1,1,1,0,48,72
190,154,2,1,1,1,1,1,1,0,0,0,0,0,49,72
190,250,2,1,1,1,1,1,1,0,0,0,0,0,46,72
190,58,2,1,1,1,1,1,1,0,0,0,0,0,55,72
190,442,2,1,1,1,1,1,1,0,0,0,0,0,46,72
190,166,2,1,1,1,0,0,1,0,1,1,1,0,37,72
190,150,2,1,1,1,1,1,1,0,0,0,0,0,43,72
190,246,2,1,1,1,1,1,1,0,0,0,0,0,36,72
190,54,2,1,1,1,1,1,1,0,0,0,0,0,56,72
190,438,2,1,1,1,1,1,1,0,0,0,0,0,36,72
190,142,2,1,1,1,0,0,1,0,1,1,1,0,20,72
190,238,2,1,1,1,0,0,1,0,1,1,1,0,7,72
190,46,2,1,1,1,0,0,1,0,1,1,1,0,37,72
190,430,2,1,1,1,0,0,1,0,1,1,1,0,7,72
190,222,2,1,1,1,1,1,1,0,0,0,0,0,19,72
190,30,2,1,1,1,1,1,1,0,0,0,0,0,38,72
190,414,2,1,1,1,1,1,1,0,0,0,0,0,19,72
190,126,2,1,1,1,1,1,1,0,0,0,0,0,36,72
190,510,2,1,1,1,1,1,1,0,0,0,0,0,0,72
190,318,2,1,1,1,1,1,1,0,0,0,0,0,36,72
191,191,0,1,1,1,1,1,1,0,0,0,0,0,0,112
191,190,1,1,1,1,1,1,1,0,0,0,0,0,67,112
191,189,1,1,1,1,1,1,1,0,0,0,0,0,22,112
191,187,1,1,1,1,1,1,1,0,0,0,0,0,67,112
191,183,1,1,1,1,1,1,1,0,0,0,0,0,42,112
191,175,1,1,1,1,0,0,1,0,1,1,1,0,8,112
191,159,1,1,1,1,1,1,1,0,0,0,0,0,42,112
191,255,1,1,1,1,1,1,1,0,0,0,0,0,0,112
191,63,1,1,1,1,1,1,1,0,0,0,0,0,74,112
191,447,1,1,1,1,1,1,1,0,0,0,0,0,0,112
191,188,2,1,1,1,1,1,1,0,0,0,0,0,70,112
191,186,2,1,1,1,1,1,1,0,0,0,0,0,90,112
191,182,2,1,1,1,1,1,1,0,0,0,0,0,71,112
191,174,2,1,1,1,0,0,1,0,1,1,1,0,69,112
191,158,2,1,1,1,1,1,1,0,0,0,0,0,77,112
191,254,2,1,1,1,1,1,1,0,0,0,0,0,67,112
191,62,2,1,1,1,1,1,1,0,0,0,0,0,91,112
191,446,2,1,1,1,1,1,1,0,0,0,0,0,67,112
191,185,2,1,1,1,1,1,1,0,0,0,0,0,70,112
191,181,2,1,1,1,1,1,1,0,0,0,0,0,44,112
191,173,2,1,1,1,0,0,1,0,1,1,1,0,23,112
191,157,2,1,1,1,1,1,1,0,0,0,0,0,44,112
191,253,2,1,1,1,1,1,1,0,0,0,0,0,22,112
191,61,2,1,1,1,1,1,1,0,0,0,0,0,76,112
191,445,2,1,1,1,1,1,1,0,0,0,0,0,22,112
191,179,2,1,1,1,1,1,1,0,0,0,0,0,77,112
191,171,2,1,1,1,0,0,1,0,1,1,1,0,69,112
191,155,2,1,1,1,1,1,1,0,0,0,0,0,71,112
191,251,2,1,1,1,1,1,1,0,0,0,0,0,67,112
191,59,2,1,1,1,1,1,1,0,0,0,0,0,91,112
191,443,2,1,1,1,1,1,1,0,0,0,0,0,67,112
191,167,2,1,1,1,0,0,1,0,1,1,1,0,43,112
191,151,2,1,1,1,1,1,1,0,0,0,0,0,57,112
191,247,2,1,1,1,1,1,1,0,0,0,0,0,42,112
191,55,2,1,1,1,1,1,1,0,0,0,0,0,78,112
191,439,2,1,1,1,1,1,1,0,0,0,0,0,42,112
191,143,2,1,1,1,0,0,1,0,1,1,1,0,43,112
191,239,2,1,1,1,0,0,1,0,1,1,1,0,8,112
191,47,2,1,1,1,0,0,1,0,1,1,1,0,75,112
191,431,2,1,1,1,0,0,1,0,1,1,1,0,8,112
191,223,2,1,1,1,1,1,1,0,0,0,0,0,42,112
191,31,2,1,1,1,1,1,1,0,0,0,0,0,78,112
191,415,2,1,1,1,1,1,1,0,0,0,0,0,42,112
191,127,2,1,1,1,1,1,1,0,0,0,0,0,74,112
191,511,2,1,1,1,1,1,1,0,0,0,0,0,0,112
191,319,2,1,1,1,1,1,1,0,0,0,0,0,74,112
194,194,0,1,1,1,1,1,1,0,0,0,0,0,0,43
194,195,1,1,1,1,1,1,1,0,0,0,0,0,0,43
194,192,1,0,0,1,0,0,0,0,0,0,0,0,26,43
194,198,1,1,1,1,1,1,1,0,0,0,0,0,0,43
194,202,1,1,1,1,1,1,1,0,0,0,0,0,0,43
194,210,1,1,1,1,1,1,1,0,0,0,0,0,0,43
194,226,1,1,1,1,1,1,1,0,0,0,0,0,0,43
194,130,1,1,1,1,1,1,1,0,0,0,0,0,16,43
194,66,1,0,0,1,0,0,0,0,0,0,0,0,16,43
194,450,1,1,1,1,1,1,1,0,0,0,0,0,0,43
194,193,2,0,0,1,0,0,0,0,0,0,0,0,26,43
194,199,2,1,1,1,1,1,1,0,0,0,0,0,0,43
194,203,2,1,1,1,1,1,1,0,0,0,0,0,0,43
194,211,2,1,1,1,1,1,1,0,0,0,0,0,0,43
194,227,2,1,1,1,1,1,1,0,0,0,0,0,0,43
194,131,2,1,1,1,1,1,1,0,0,0,0,0,16,43
194,67,2,0,0,1,0,0,0,0,0,0,0,0,16,43
194,451,2,1,1,1,1,1,1,0,0,0,0,0,0,43
194,196,2,0,0,1,0,0,0,0,0,0,0,0,26,43
194,200,2,0,0,1,0,0,0,0,0,0,0,0,26,43
194,208,2,1,0,1,0,0,0,0,0,0,0,0,26,43
194,224,2,0,0,1,0,0,0,0,0,0,0,0,26,43
194,128,2,0,0,1,0,0,0,0,0,0,0,0,32,43
194,64,2,0,0,1,0,0,0,0,0,0,0,0,32,43
194,448,2,0,0,1,0,0,0,0,0,0,0,0,26,43
194,206,2,1,1,1,1,1,1,0,0,0,0,0,0,43
194,214,2,1,1,1,1,1,1,0,0,0,0,0,0,43
194,230,2,1,1,1,1,1,1,0,0,0,0,0,0,43
194,134,2,1,1,1,1,1,1,0,0,0,0,0,16,43
194,70,2,0,0,1,0,0,0,0,0,0,0,0,16,43
194,454,2,1,1,1,1,1,1,0,0,0,0,0,0,43
194,218,2,1,1,1,1,1,1,0,0,0,0,0,0,43
194,234,2,1,1,1,1,1,1,0,0,0,0,0,0,43
194,138,2,1,1,1,1,1,1,0,0,0,0,0,16,43
194,74,2,0,0,1,0,0,0,0,0,0,0,0,16,43
194,458,2,1,1,1,1,1,1,0,0,0,0,0,0,43
194,242,2,1,1,1,1,1,1,0,0,0,0,0,0,43
194,146,2,1,1,1,1,1,1,0,0,0,0,0,16,43
194,82,2,1,0,1,0,0,0,0,0,0,0,0,16,43
194,466,2,1,1,1,1,1,1,0,0,0,0,0,0,43
194,162,2,1,1,1,1,1,1,0,0,0,0,0,16,43
194,98,2,1,0,1,0,0,0,0,0,0,0,0,16,43
194,482,2,1,1,1,1,1,1,0,0,0,0,0,0,43
194,2,2,0,0,1,0,0,0,0,0,0,0,0,32,43
194,386,2,1,1,1,1,1,1,0,0,0,0,0,16,43
194,322,2,1,0,1,0,0,0,0,0,0,0,0,16,43
195,195,0,1,1,1,1,1,1,0,0,0,0,0,0,70
195,194,1,1,1,1,1,1,1,0,0,0,0,0,25,70
195,193,1,0,0,1,0,0,0,0,0,0,0,0,31,70
195,199,1,1,1,1,1,1,1,0,0,0,0,0,0,70
195,203,1,1,1,1,1,1,1,0,0,0,0,0,0,70
195,211,1,1,1,1,1,1,1,0,0,0,0,0,0,70
195,227,1,1,1,1,1,1,1,0,0,0,0,0,0,70
195,131,1,1,1,1,1,1,1,0,0,0,0,0,25,70
195,67,1,0,0,1,0,0,0,0,0,0,0,0,31,70
195,451,1,1,1,1,1,1,1,0,0,0,0,0,0,70
195,192,2,0,0,1,0,0,0,0,0,0,0,0,50,70
195,198,2,1,1,1,1,1,1,0,0,0,0,0,25,70
195,202,2,1,1,1,1,1,1,0,0,0,0,0,25,70
195,210,2,1,1,1,1,1,1,0,0,0,0,0,25,70
195,226,2,1,1,1,1,1,1,0,0,0,0,0,25,70
195,130,2,1,1,1,1,1,1,0,0,0,0,0,38,70
195,66,2,0,0,1,0,0,0,0,0,0,0,0,44,70
195,450,2,1,1,1,1,1,1,0,0,0,0,0,25,70
195,197,2,1,0,1,0,0,0,0,0,0,0,0,31,70
195,201,2,0,0,1,0,0,0,0,0,0,0,0,31,70
195,209,2,1,0,1,0,0,0,0,0,0,0,0,31,70
195,225,2,1,0,1,0,0,0,0,0,0,0,0,31,70
195,129,2,0,0,1,0,0,0,0,0,0,0,0,44,70
195,65,2,0,0,1,0,0,0,0,0,0,0,0,44,70
195,449,2,0,0,1,0,0,0,0,0,0,0,0,31,70
195,207,2,1,1,1,1,1,1,0,0,0,0,0,0,70
195,215,2,1,1,1,1,1,1,0,0,0,0,0,0,70
195,231,2,1,1,1,1,1,1,0,0,0,0,0,0,70
195,135,2,1,1,1,1,1,1,0,0,0,0,0,25,70
195,71,2,0,0,1,0,0,0,0,0,0,0,0,31,70
195,455,2,1,1,1,1,1,1,0,0,0,0,0,0,70
195,219,2,1,1,1,1,1,1,0,0,0,0,0,0,70
195,235,2,1,1,1,1,1,1,0,0,0,0,0,0,70
195,139,2,1,1,1,1,1,1,0,0,0,0,0,25,70
195,75,2,0,0,1,0,0,0,0,0,0,0,0,31,70
195,459,2,1,1,1,1,1,1,0,0,0,0,0,0,70
195,243,2,1,1,1,1,1,1,0,0,0,0,0,0,70
195,147,2,1,1,1,1,1,1,0,0,0,0,0,25,70
195,83,2,1,0,1,0,0,0,0,0,0,0,0,31,70
195,467,2,1,1,1,1,1,1,0,0,0,0,0,0,70
195,163,2,1,1,1,1,1,1,0,0,0,0,0,25,70
195,99,2,1,0,1,0,0,0,0,0,0,0,0,31,70
195,483,2,1,1,1,1,1,1,0,0,0,0,0,0,70
195,3,2,0,0,1,0,0,0,0,0,0,0,0,50,70
195,387,2,1,1,1,1,1,1,0,0,0,0,0,25,70
195,323,2,1,0,1,0,0,0,0,0,0,0,0,31,70
197,197,0,1,1,1,1,1,1,0,0,0,0,0,0,156
197,196,1,0,0,1,0,0,0,0,0,0,0,0,92,156
197,199,1,1,1,1,1,1,1,0,0,0,0,0,0,156
197,193,1,0,0,1,0,0,0,0,0,0,0,0,111,156
197,205,1,1,1,1,1,1,1,0,0,0,0,0,0,156
197,213,1,1,1,1,1,1,1,0,0,0,0,0,0,156
197,229,1,1,1,1,1,1,1,0,0,0,0,0,0,156
197,133,1,1,1,1,1,1,1,0,0,0,0,0,111,156
197,69,1,0,0,1,0,0,0,0,0,0,0,0,98,156
197,453,1,1,1,1,1,1,1,0,0,0,0,0,0,156
197,198,2,1,0,1,0,0,0,0,0,0,0,0,92,156
197,192,2,0,0,1,0,0,0,0,0,0,0,0,132,156
197,204,2,1,0,1,0,0,0,0,0,0,0,0,92,156
197,212,2,1,0,1,0,0,0,0,0,0,0,0,92,156
197,228,2,0,0,1,0,0,0,0,0,0,0,0,92,156
197,132,2,0,0,1,0,0,0,0,0,0,0,0,132,156
197,68,2,0,0,1,0,0,0,0,0,0,0,0,126,156
197,452,2,0,0,1,0,0,0,0,0,0,0,0,92,156
197,195,2,1,0,1,0,0,0,0,0,0,0,0,111,156
197,207,2,1,1,1,1,1,1,0,0,0,0,0,0,156
197,215,2,1,1,1,1,1,1,0,0,0,0,0,0,156
197,231,2,1,1,1,1,1,1,0,0,0,0,0,0,156
197,135,2,1,1,1,1,1,1,0,0,0,0,0,111,156
197,71,2,0,0,1,0,0,0,0,0,0,0,0,98,156
197,455,2,1,1,1,1,1,1,0,0,0,0,0,0,156
197,201,2,0,0,1,0,0,0,0,0,0,0,0,111,156
197,209,2,1,0,1,0,0,0,0,0,0,0,0,111,156
197,225,2,1,0,1,0,0,0,0,0,0,0,0,111,156
197,129,2,0,0,1,0,0,0,0,0,0,0,0,133,156
197,65,2,0,0,1,0,0,0,0,0,0,0,0,118,156
197,449,2,0,0,1,0,0,0,0,0,0,0,0,111,156
197,221,2,1,1,1,1,1,1,0,0,0,0,0,0,156
197,237,2,1,1,1,1,1,1,0,0,0,0,0,0,156
197,141,2,1,1,1,1,1,1,0,0,0,0,0,111,156
197,77,2,0,0,1,0,0,0,0,0,0,0,0,98,156
197,461,2,1,1,1,1,1,1,0,0,0,0,0,0,156
197,245,2,1,1,1,1,1,1,0,0,0,0,0,0,156
197,149,2,1,1,1,1,1,1,0,0,0,0,0,111,156
197,85,2,1,0,1,0,0,0,0,0,0,0,0,98,156
197,469,2,1,1,1,1,1,1,0,0,0,0,0,0,156
197,165,2,1,1,1,1,1,1,0,0,0,0,0,111,156
197,101,2,1,0,1,0,0,0,0,0,0,0,0,98,156
197,485,2,1,1,1,1,1,1,0,0,0,0,0,0,156
197,5,2,0,0,1,0,0,0,0,0,0,0,0,118,156
197,389,2,1,1,1,1,1,1,0,0,0,0,0,111,156
197,325,2,1,0,1,0,0,0,0,0,0,0,0,98,156
198,198,0,1,1,1,1,1,1,0,0,0,0,0,0,102
198,199,1,1,1,1,1,1,1,0,0,0,0,0,0,102
198,196,1,0,0,1,0,0,0,0,0,0,0,0,48,102
198,194,1,1,1,1,1,1,1,0,0,0,0,0,78,102
198,206,1,1,1,1,1,1,1,0,0,0,0,0,0,102
198,214,1,1,1,1,1,1,1,0,0,0,0,0,0,102
198,230,1,1,1,1,1,1,1,0,0,0,0,0,0,102
198,134,1,1,1,1,1,1,1,0,0,0,0,0,78,102
198,70,1,0,0,1,0,0,0,0,0,0,0,0,48,102
198,454,1,1,1,1,1,1,1,0,0,0,0,0,0,102
198,197,2,1,0,1,0,0,0,0,0,0,0,0,48,102
198,195,2,1,1,1,1,1,1,0,0,0,0,0,78,102
198,207,2,1,1,1,1,1,1,0,0,0,0,0,0,102
198,215,2,1,1,1,1,1,1,0,0,0,0,0,0,102
198,231,2,1,1,1,1,1,1,0,0,0,0,0,0,102
198,135,2,1,1,1,1,1,1,0,0,0,0,0,78,102
198,71,2,0,0,1,0,0,0,0,0,0,0,0,48,102
198,455,2,1,1,1,1,1,1,0,0,0,0,0,0,102
198,192,2,0,0,1,0,0,0,0,0,0,0,0,83,102
198,204,2,1,0,1,0,0,0,0,0,0,0,0,48,102
198,212,2,1,0,1,0,0,0,0,0,0,0,0,48,102
198,228,2,0,0,1,0,0,0,0,0,0,0,0,48,102
198,132,2,0,0,1,0,0,0,0,0,0,0,0,82,102
198,68,2,0,0,1,0,0,0,0,0,0,0,0,76,102
198,452,2,0,0,1,0,0,0,0,0,0,0,0,48,102
198,202,2,1,1,1,1,1,1,0,0,0,0,0,78,102
198,210,2,1,1,1,1,1,1,0,0,0,0,0,78,102
198,226,2,1,1,1,1,1,1,0,0,0,0,0,78,102
198,130,2,1,1,1,1,1,1,0,0,0,0,0,90,102
198,66,2,0,0,1,0,0,0,0,0,0,0,0,82,102
198,450,2,1,1,1,1,1,1,0,0,0,0,0,78,102
198,222,2,1,1,1,1,1,1,0,0,0,0,0,0,102
198,238,2,1,1,1,1,1,1,0,0,0,0,0,0,102
198,142,2,1,1,1,1,1,1,0,0,0,0,0,78,102
198,78,2,0,0,1,0,0,0,0,0,0,0,0,48,102
198,462,2,1,1,1,1,1,1,0,0,0,0,0,0,102
198,246,2,1,1,1,1,1,1,0,0,0,0,0,0,102
198,150,2,1,1,1,1,1,1,0,0,0,0,0,78,102
198,86,2,1,0,1,0,0,0,0,0,0,0,0,48,102
198,470,2,1,1,1,1,1,1,0,0,0,0,0,0,102
198,166,2,1,1,1,1,1,1,0,0,0,0,0,78,102
198,102,2,1,0,1,0,0,0,0,0,0,0,0,48,102
198,486,2,1,1,1,1,1,1,0,0,0,0,0,0,102
198,6,2,0,0,1,0,0,0,0,0,0,0,0,83,102
198,390,2,1,1,1,1,1,1,0,0,0,0,0,78,102
198,326,2,1,0,1,0,0,0,0,0,0,0,0,48,102
199,199,0,1,1,1,1,1,1,0,0,0,0,0,0,157
199,198,1,1,1,1,1,1,1,0,0,0,0,0,92,157
199,197,1,1,1,1,0,0,1,0,1,1,1,0,55,157
199,195,1,1,1,1,1,1,1,0,0,0,0,0,111,157
199,207,1,1,1,1,1,1,1,0,0,0,0,0,0,157
199,215,1,1,1,1,1,1,1,0,0,0,0,0,0,157
199,231,1,1,1,1,1,1,1,0,0,0,0,0,0,157
199,135,1,1,1,1,1,1,1,0,0,0,0,0,111,157
199,71,1,0,0,1,0,0,0,0,0,0,0,0,98,157
199,455,1,1,1,1,1,1,1,0,0,0,0,0,0,157
199,196,2,0,0,1,0,0,0,0,0,0,0,0,96,157
199,194,2,1,1,1,1,1,1,0,0,0,0,0,132,157
199,206,2,1,1,1,1,1,1,0,0,0,0,0,92,157
199,214,2,1,1,1,1,1,1,0,0,0,0,0,92,157
199,230,2,1,1,1,1,1,1,0,0,0,0,0,92,157
199,134,2,1,1,1,1,1,1,0,0,0,0,0,132,157
199,70,2,0,0,1,0,0,0,0,0,0,0,0,126,157
199,454,2,1,1,1,1,1,1,0,0,0,0,0,92,157
199,193,2,0,0,1,0,0,0,0,0,0,0,0,116,157
199,205,2,1,1,1,0,0,1,0,1,1,1,0,55,157
199,213,2,1,1,1,0,0,1,0,1,1,1,0,55,157
199,229,2,1,1,1,0,0,1,0,1,1,1,0,55,157
199,133,2,1,1,1,0,0,1,0,1,1,1,0,115,157
199,69,2,0,0,1,0,0,0,0,0,0,0,0,102,157
199,453,2,1,1,1,0,0,1,0,1,1,1,0,55,157
199,203,2,1,1,1,1,1,1,0,0,0,0,0,111,157
199,211,2,1,1,1,1,1,1,0,0,0,0,0,111,157
199,227,2,1,1,1,1,1,1,0,0,0,0,0,111,157
199,131,2,1,1,1,1,1,1,0,0,0,0,0,133,157
199,67,2,0,0,1,0,0,0,0,0,0,0,0,118,157
199,451,2,1,1,1,1,1,1,0,0,0,0,0,111,157
199,223,2,1,1,1,1,1,1,0,0,0,0,0,0,157
199,239,2,1,1,1,1,1,1,0,0,0,0,0,0,157
199,143,2,1,1,1,1,1,1,0,0,0,0,0,111,157
199,79,2,0,0,1,0,0,0,0,0,0,0,0,98,157
199,463,2,1,1,1,1,1,1,0,0,0,0,0,0,157
199,247,2,1,1,1,1,1,1,0,0,0,0,0,0,157
199,151,2,1,1,1,1,1,1,0,0,0,0,0,111,157
199,87,2,1,0,1,0,0,0,0,0,0,0,0,98,157
199,471,2,1,1,1,1,1,1,0,0,0,0,0,0,157
199,167,2,1,1,1,1,1,1,0,0,0,0,0,111,157
199,103,2,1,0,1,0,0,0,0,0,0,0,0,98,157
199,487,2,1,1,1,1,1,1,0,0,0,0,0,0,157
199,7,2,0,0,1,0,0,0,0,0,0,0,0,118,157
199,391,2,1,1,1,1,1,1,0,0,0,0,0,111,157
199,327,2,1,0,1,0,0,0,0,0,0,0,0,98,157
202,202,0,1,1,1,1,1,1,0,0,0,0,0,0,44
202,203,1,1,1,1,1,1,1,0,0,0,0,0,0,44
202,200,1,0,0,1,0,0,0,0,0,0,0,0,26,44
202,206,1,1,1,1,1,1,1,0,0,0,0,0,0,44
202,194,1,1,1,1,1,1,1,0,0,0,0,0,6,44
202,218,1,1,1,1,1,1,1,0,0,0,0,0,0,44
202,234,1,1,1,1,1,1,1,0,0,0,0,0,0,44
202,138,1,1,1,1,1,1,1,0,0,0,0,0,16,44
202,74,1,0,0,1,0,0,0,0,0,0,0,0,16,44
202,458,1,1,1,1,1,1,1,0,0,0,0,0,0,44
202,201,2,0,0,1,0,0,0,0,0,0,0,0,26,44
202,207,2,1,1,1,1,1,1,0,0,0,0,0,0,44
202,195,2,1,1,1,1,1,1,0,0,0,0,0,6,44
202,219,2,1,1,1,1,1,1,0,0,0,0,0,0,44
202,235,2,1,1,1,1,1,1,0,0,0,0,0,0,44
202,139,2,1,1,1,1,1,1,0,0,0,0,0,16,44
202,75,2,0,0,1,0,0,0,0,0,0,0,0,16,44
202,459,2,1,1,1,1,1,1,0,0,0,0,0,0,44
202,204,2,1,0,1,0,0,0,0,0,0,0,0,26,44
202,192,2,0,0,1,0,0,0,0,0,0,0,0,27,44
202,216,2,1,0,1,0,0,0,0,0,0,0,0,26,44
202,232,2,1,0,1,0,0,0,0,0,0,0,0,26,44
202,136,2,0,0,1,0,0,0,0,0,0,0,0,32,44
202,72,2,0,0,1,0,0,0,0,0,0,0,0,32,44
202,456,2,0,0,1,0,0,0,0,0,0,0,0,26,44
202,198,2,1,1,1,1,1,1,0,0,0,0,0,6,44
202,222,2,1,1,1,1,1,1,0,0,0,0,0,0,44
202,238,2,1,1,1,1,1,1,0,0,0,0,0,0,44
202,142,2,1,1,1,1,1,1,0,0,0,0,0,16,44
202,78,2,0,0,1,0,0,0,0,0,0,0,0,16,44
202,462,2,1,1,1,1,1,1,0,0,0,0,0,0,44
202,210,2,1,1,1,1,1,1,0,0,0,0,0,6,44
202,226,2,1,1,1,1,1,1,0,0,0,0,0,6,44
202,130,2,1,1,1,1,1,1,0,0,0,0,0,17,44
202,66,2,0,0,1,0,0,0,0,0,0,0,0,22,44
202,450,2,1,1,1,1,1,1,0,0,0,0,0,6,44
202,250,2,1,1,1,1,1,1,0,0,0,0,0,0,44
202,154,2,1,1,1,1,1,1,0,0,0,0,0,16,44
202,90,2,1,0,1,0,0,0,0,0,0,0,0,16,44
202,474,2,1,1,1,1,1,1,0,0,0,0,0,0,44
202,170,2,1,1,1,1,1,1,0,0,0,0,0,16,44
202,106,2,1,0,1,0,0,0,0,0,0,0,0,16,44
202,490,2,1,1,1,1,1,1,0,0,0,0,0,0,44
202,10,2,0,0,1,0,0,0,0,0,0,0,0,32,44
202,394,2,1,1,1,1,1,1,0,0,0,0,0,16,44
202,330,2,1,0,1,0,0,0,0,0,0,0,0,16,44
203,203,0,1,1,1,1,1,1,0,0,0,0,0,0,71
203,202,1,1,1,1,1,1,1,0,0,0,0,0,25,71
203,201,1,0,0,1,0,0,0,0,0,0,0,0,31,71
203,207,1,1,1,1,1,1,1,0,0,0,0,0,0,71
203,195,1,1,1,1,1,1,1,0,0,0,0,0,7,71
203,219,1,1,1,1,1,1,1,0,0,0,0,0,0,71
203,235,1,1,1,1,1,1,1,0,0,0,0,0,0,71
203,139,1,1,1,1,1,1,1,0,0,0,0,0,25,71
203,75,1,0,0,1,0,0,0,0,0,0,0,0,31,71
203,459,1,1,1,1,1,1,1,0,0,0,0,0,0,71
203,200,2,0,0,1,0,0,0,0,0,0,0,0,50,71
203,206,2,1,1,1,1,1,1,0,0,0,0,0,25,71
203,194,2,1,1,1,1,1,1,0,0,0,0,0,26,71
203,218,2,1,1,1,1,1,1,0,0,0,0,0,25,71
203,234,2,1,1,1,1,1,1,0,0,0,0,0,25,71
203,138,2,1,1,1,1,1,1,0,0,0,0,0,38,71
203,74,2,0,0,1,0,0,0,0,0,0,0,0,44,71
203,458,2,1,1,1,1,1,1,0,0,0,0,0,25,71
203,205,2,1,0,1,0,0,0,0,0,0,0,0,31,71
203,193,2,0,0,1,0,0,0,0,0,0,0,0,32,71
203,217,2,1,0,1,0,0,0,0,0,0,0,0,31,71
203,233,2,1,0,1,0,0,0,0,0,0,0,0,31,71
203,137,2,0,0,1,0,0,0,0,0,0,0,0,44,71
203,73,2,0,0,1,0,0,0,0,0,0,0,0,44,71
203,457,2,0,0,1,0,0,0,0,0,0,0,0,31,71
203,199,2,1,1,1,1,1,1,0,0,0,0,0,7,71
203,223,2,1,1,1,1,1,1,0,0,0,0,0,0,71
203,239,2,1,1,1,1,1,1,0,0,0,0,0,0,71
203,143,2,1,1,1,1,1,1,0,0,0,0,0,25,71
203,79,2,0,0,1,0,0,0,0,0,0,0,0,31,71
203,463,2,1,1,1,1,1,1,0,0,0,0,0,0,71
203,211,2,1,1,1,1,1,1,0,0,0,0,0,7,71
203,227,2,1,1,1,1,1,1,0,0,0,0,0,7,71
203,131,2,1,1,1,1,1,1,0,0,0,0,0,26,71
203,67,2,0,0,1,0,0,0,0,0,0,0,0,32,71
203,451,2,1,1,1,1,1,1,0,0,0,0,0,7,71
203,251,2,1,1,1,1,1,1,0,0,0,0,0,0,71
203,155,2,1,1,1,1,1,1,0,0,0,0,0,25,71
203,91,2,1,0,1,0,0,0,0,0,0,0,0,31,71
203,475,2,1,1,1,1,1,1,0,0,0,0,0,0,71
203,171,2,1,1,1,1,1,1,0,0,0,0,0,25,71
203,107,2,1,0,1,0,0,0,0,0,0,0,0,31,71
203,491,2,1,1,1,1,1,1,0,0,0,0,0,0,71
203,11,2,0,0,1,0,0,0,0,0,0,0,0,50,71
203,395,2,1,1,1,1,1,1,0,0,0,0,0,25,71
203,331,2,1,0,1,0,0,0,0,0,0,0,0,31,71
204,204,0,1,1,1,1,1,1,0,0,0,0,0,0,102
204,205,1,1,1,1,1,1,1,0,0,0,0,0,0,102
204,206,1,1,1,1,1,1,1,0,0,0,0,0,0,102
204,200,1,0,0,1,0,0,0,0,0,0,0,0,78,102
204,196,1,0,0,1,0,0,0,0,0,0,0,0,48,102
204,220,1,1,1,1,1,1,1,0,0,0,0,0,0,102
204,236,1,1,1,1,1,1,1,0,0,0,0,0,0,102
204,140,1,1,1,1,1,1,1,0,0,0,0,0,78,102
204,76,1,0,0,1,0,0,0,0,0,0,0,0,48,102
204,460,1,1,1,1,1,1,1,0,0,0,0,0,0,102
204,207,2,1,1,1,1,1,1,0,0,0,0,0,0,102
204,201,2,0,0,1,0,0,0,0,0,0,0,0,78,102
204,197,2,1,0,1,0,0,0,0,0,0,0,0,48,102
204,221,2,1,1,1,1,1,1,0,0,0,0,0,0,102
204,237,2,1,1,1,1,1,1,0,0,0,0,0,0,102
204,141,2,1,1,1,1,1,1,0,0,0,0,0,78,102
204,77,2,0,0,1,0,0,0,0,0,0,0,0,48,102
204,461,2,1,1,1,1,1,1,0,0,0,0,0,0,102
204,202,2,1,0,1,0,0,0,0,0,0,0,0,78,102
204,198,2,1,0,1,0,0,0,0,0,0,0,0,48,102
204,222,2,1,1,1,1,1,1,0,0,0,0,0,0,102
204,238,2,1,1,1,1,1,1,0,0,0,0,0,0,102
204,142,2,1,1,1,1,1,1,0,0,0,0,0,78,102
204,78,2,0,0,1,0,0,0,0,0,0,0,0,48,102
204,462,2,1,1,1,1,1,1,0,0,0,0,0,0,102
204,192,2,0,0,1,0,0,0,0,0,0,0,0,82,102
204,216,2,1,0,1,0,0,0,0,0,0,0,0,78,102
204,232,2,1,0,1,0,0,0,0,0,0,0,0,78,102
204,136,2,0,0,1,0,0,0,0,0,0,0,0,90,102
204,72,2,0,0,1,0,0,0,0,0,0,0,0,82,102
204,456,2,0,0,1,0,0,0,0,0,0,0,0,78,102
204,212,2,1,0,1,0,0,0,0,0,0,0,0,48,102
204,228,2,0,0,1,0,0,0,0,0,0,0,0,48,102
204,132,2,0,0,1,0,0,0,0,0,0,0,0,83,102
204,68,2,0,0,1,0,0,0,0,0,0,0,0,77,102
204,452,2,0,0,1,0,0,0,0,0,0,0,0,48,102
204,252,2,1,1,1,1,1,1,0,0,0,0,0,0,102
204,156,2,1,1,1,1,1,1,0,0,0,0,0,78,102
204,92,2,1,0,1,0,0,0,0,0,0,0,0,48,102
204,476,2,1,1,1,1,1,1,0,0,0,0,0,0,102
204,172,2,1,1,1,1,1,1,0,0,0,0,0,78,102
204,108,2,1,0,1,0,0,0,0,0,0,0,0,48,102
204,492,2,1,1,1,1,1,1,0,0,0,0,0,0,102
204,12,2,0,0,1,0,0,0,0,0,0,0,0,83,102
204,396,2,1,1,1,1,1,1,0,0,0,0,0,78,102
204,332,2,1,0,1,0,0,0,0,0,0,0,0,48,102
205,205,0,1,1,1,1,1,1,0,0,0,0,0,0,157
205,204,1,1,1,1,0,0,1,0,1,1,1,0,92,157
205,207,1,1,1,1,1,1,1,0,0,0,0,0,0,157
205,201,1,0,0,1,0,0,0,0,0,0,0,0,111,157
205,197,1,1,1,1,1,1,1,0,0,0,0,0,55,157
205,221,1,1,1,1,1,1,1,0,0,0,0,0,0,157
205,237,1,1,1,1,1,1,1,0,0,0,0,0,0,157
205,141,1,1,1,1,1,1,1,0,0,0,0,0,111,157
205,77,1,0,0,1,0,0,0,0,0,0,0,0,98,157
205,461,1,1,1,1,1,1,1,0,0,0,0,0,0,157
205,206,2,1,1,1,0,0,1,0,1,1,1,0,92,157
205,200,2,0,0,1,0,0,0,0,0,0,0,0,132,157
205,196,2,0,0,1,0,0,0,0,0,0,0,0,96,157
205,220,2,1,1,1,0,0,1,0,1,1,1,0,92,157
205,236,2,1,1,1,0,0,1,0,1,1,1,0,92,157
205,140,2,1,1,1,0,0,1,0,1,1,1,0,132,157
205,76,2,0,0,1,0,0,0,0,0,0,0,0,126,157
205,460,2,1,1,1,0,0,1,0,1,1,1,0,92,157
205,203,2,1,0,1,0,0,0,0,0,0,0,0,111,157
205,199,2,1,1,1,1,1,1,0,0,0,0,0,55,157
205,223,2,1,1,1,1,1,1,0,0,0,0,0,0,157
205,239,2,1,1,1,1,1,1,0,0,0,0,0,0,157
205,143,2,1,1,1,1,1,1,0,0,0,0,0,111,157
205,79,2,0,0,1,0,0,0,0,0,0,0,0,98,157
205,463,2,1,1,1,1,1,1,0,0,0,0,0,0,157
205,193,2,0,0,1,0,0,0,0,0,0,0,0,115,157
205,217,2,1,0,1,0,0,0,0,0,0,0,0,111,157
205,233,2,1,0,1,0,0,0,0,0,0,0,0,111,157
205,137,2,0,0,1,0,0,0,0,0,0,0,0,133,157
205,73,2,0,0,1,0,0,0,0,0,0,0,0,118,157
205,457,2,0,0,1,0,0,0,0,0,0,0,0,111,157
205,213,2,1,1,1,1,1,1,0,0,0,0,0,55,157
205,229,2,1,1,1,1,1,1,0,0,0,0,0,55,157
205,133,2,1,1,1,1,1,1,0,0,0,0,0,116,157
205,69,2,0,0,1,0,0,0,0,0,0,0,0,103,157
205,453,2,1,1,1,1,1,1,0,0,0,0,0,55,157
205,253,2,1,1,1,1,1,1,0,0,0,0,0,0,157
205,157,2,1,1,1,1,1,1,0,0,0,0,0,111,157
205,93,2,1,0,1,0,0,0,0,0,0,0,0,98,157
205,477,2,1,1,1,1,1,1,0,0,0,0,0,0,157
205,173,2,1,1,1,1,1,1,0,0,0,0,0,111,157
205,109,2,1,0,1,0,0,0,0,0,0,0,0,98,157
205,493,2,1,1,1,1,1,1,0,0,0,0,0,0,157
205,13,2,0,0,1,0,0,0,0,0,0,0,0,118,157
205,397,2,1,1,1,1,1,1,0,0,0,0,0,111,157
205,333,2,1,0,1,0,0,0,0,0,0,0,0,98,157
206,206,0,1,1,1,1,1,1,0,0,0,0,0,0,103
206,207,1,1,1,1,1,1,1,0,0,0,0,0,0,103
206,204,1,1,1,1,0,0,1,0,1,1,1,0,48,103
206,202,1,1,1,1,1,1,1,0,0,0,0,0,78,103
206,198,1,1,1,1,1,1,1,0,0,0,0,0,48,103
206,222,1,1,1,1,1,1,1,0,0,0,0,0,0,103
206,238,1,1,1,1,1,1,1,0,0,0,0,0,0,103
206,142,1,1,1,1,1,1,1,0,0,0,0,0,78,103
206,78,1,0,0,1,0,0,0,0,0,0,0,0,48,103
206,462,1,1,1,1,1,1,1,0,0,0,0,0,0,103
206,205,2,1,1,1,0,0,1,0,1,1,1,0,48,103
206,203,2,1,1,1,1,1,1,0,0,0,0,0,78,103
206,199,2,1,1,1,1,1,1,0,0,0,0,0,48,103
206,223,2,1,1,1,1,1,1,0,0,0,0,0,0,103
206,239,2,1,1,1,1,1,1,0,0,0,0,0,0,103
206,143,2,1,1,1,1,1,1,0,0,0,0,0,78,103
206,79,2,0,0,1,0,0,0,0,0,0,0,0,48,103
206,463,2,1,1,1,1,1,1,0,0,0,0,0,0,103
206,200,2,0,0,1,0,0,0,0,0,0,0,0,83,103
206,196,2,0,0,1,0,0,0,0,0,0,0,0,51,103
206,220,2,1,1,1,0,0,1,0,1,1,1,0,48,103
206,236,2,1,1,1,0,0,1,0,1,1,1,0,48,103
206,140,2,1,1,1,0,0,1,0,1,1,1,0,82,103
206,76,2,0,0,1,0,0,0,0,0,0,0,0,76,103
206,460,2,1,1,1,0,0,1,0,1,1,1,0,48,103
206,194,2,1,1,1,1,1,1,0,0,0,0,0,82,103
206,218,2,1,1,1,1,1,1,0,0,0,0,0,78,103
206,234,2,1,1,1,1,1,1,0,0,0,0,0,78,103
206,138,2,1,1,1,1,1,1,0,0,0,0,0,90,103
206,74,2,0,0,1,0,0,0,0,0,0,0,0,82,103
206,458,2,1,1,1,1,1,1,0,0,0,0,0,78,103
206,214,2,1,1,1,1,1,1,0,0,0,0,0,48,103
206,230,2,1,1,1,1,1,1,0,0,0,0,0,48,103
206,134,2,1,1,1,1,1,1,0,0,0,0,0,83,103
206,70,2,0,0,1,0,0,0,0,0,0,0,0,77,103
206,454,2,1,1,1,1,1,1,0,0,0,0,0,48,103
206,254,2,1,1,1,1,1,1,0,0,0,0,0,0,103
206,158,2,1,1,1,1,1,1,0,0,0,0,0,78,103
206,94,2,1,0,1,0,0,0,0,0,0,0,0,48,103
206,478,2,1,1,1,1,1,1,0,0,0,0,0,0,103
206,174,2,1,1,1,1,1,1,0,0,0,0,0,78,103
206,110,2,1,0,1,0,0,0,0,0,0,0,0,48,103
206,494,2,1,1,1,1,1,1,0,0,0,0,0,0,103
206,14,2,0,0,1,0,0,0,0,0,0,0,0,83,103
206,398,2,1,1,1,1,1,1,0,0,0,0,0,78,103
206,334,2,1,0,1,0,0,0,0,0,0,0,0,48,103
207,207,0,1,1,1,1,1,1,0,0,0,0,0,0,158
207,206,1,1,1,1,1,1,1,0,0,0,0,0,92,158
207,205,1,1,1,1,0,0,1,0,1,1,1,0,55,158
207,203,1,1,1,1,1,1,1,0,0,0,0,0,111,158
207,199,1,1,1,1,1,1,1,0,0,0,0,0,55,158
207,223,1,1,1,1,1,1,1,0,0,0,0,0,0,158
207,239,1,1,1,1,1,1,1,0,0,0,0,0,0,158
207,143,1,1,1,1,1,1,1,0,0,0,0,0,111,158
207,79,1,0,0,1,0,0,0,0,0,0,0,0,98,158
207,463,1,1,1,1,1,1,1,0,0,0,0,0,0,158
207,204,2,1,1,1,0,0,1,0,1,1,1,0,96,158
207,202,2,1,1,1,1,1,1,0,0,0,0,0,132,158
207,198,2,1,1,1,1,1,1,0,0,0,0,0,96,158
207,222,2,1,1,1,1,1,1,0,0,0,0,0,92,158
207,238,2,1,1,1,1,1,1,0,0,0,0,0,92,158
207,142,2,1,1,1,1,1,1,0,0,0,0,0,132,158
207,78,2,0,0,1,0,0,0,0,0,0,0,0,126,158
207,462,2,1,1,1,1,1,1,0,0,0,0,0,92,158
207,201,2,0,0,1,0,0,0,0,0,0,0,0,116,158
207,197,2,1,1,1,0,0,1,0,1,1,1,0,58,158
207,221,2,1,1,1,0,0,1,0,1,1,1,0,55,158
207,237,2,1,1,1,0,0,1,0,1,1,1,0,55,158
207,141,2,1,1,1,0,0,1,0,1,1,1,0,115,158
207,77,2,0,0,1,0,0,0,0,0,0,0,0,102,158
207,461,2,1,1,1,0,0,1,0,1,1,1,0,55,158
207,195,2,1,1,1,1,1,1,0,0,0,0,0,115,158
207,219,2,1,1,1,1,1,1,0,0,0,0,0,111,158
207,235,2,1,1,1,1,1,1,0,0,0,0,0,111,158
207,139,2,1,1,1,1,1,1,0,0,0,0,0,133,158
207,75,2,0,0,1,0,0,0,0,0,0,0,0,118,158
207,459,2,1,1,1,1,1,1,0,0,0,0,0,111,158
207,215,2,1,1,1,1,1,1,0,0,0,0,0,55,158
207,231,2,1,1,1,1,1,1,0,0,0,0,0,55,158
207,135,2,1,1,1,1,1,1,0,0,0,0,0,116,158
207,71,2,0,0,1,0,0,0,0,0,0,0,0,103,158
207,455,2,1,1,1,1,1,1,0,0,0,0,0,55,158
207,255,2,1,1,1,1,1,1,0,0,0,0,0,0,158
207,159,2,1,1,1,1,1,1,0,0,0,0,0,111,158
207,95,2,1,0,1,0,0,0,0,0,0,0,0,98,158
207,479,2,1,1,1,1,1,1,0,0,0,0,0,0,158
207,175,2,1,1,1,1,1,1,0,0,0,0,0,111,158
207,111,2,1,0,1,0,0,0,0,0,0,0,0,98,158
207,495,2,1,1,1,1,1,1,0,0,0,0,0,0,158
207,15,2,0,0,1,0,0,0,0,0,0,0,0,118,158
207,399,2,1,1,1,1,1,1,0,0,0,0,0,111,158
207,335,2,1,0,1,0,0,0,0,0,0,0,0,98,158
208,208,0,1,1,1,1,1,1,0,0,0,0,0,0,15
208,209,1,1,1,1,1,1,1,0,0,0,0,0,0,15
208,210,1,1,1,1,1,1,1,0,0,0,0,0,0,15
208,212,1,1,1,1,1,1,1,0,0,0,0,0,0,15
208,216,1,1,1,1,1,1,1,0,0,0,0,0,0,15
208,192,1,0,0,1,0,0,0,0,0,0,0,0,4,15
208,240,1,1,1,1,1,1,1,0,0,0,0,0,0,15
208,144,1,1,1,1,1,1,1,0,0,0,0,0,4,15
208,80,1,1,1,1,1,1,1,0,0,0,0,0,4,15
208,464,1,1,1,1,1,1,1,0,0,0,0,0,0,15
208,211,2,1,1,1,1,1,1,0,0,0,0,0,0,15
208,213,2,1,1,1,1,1,1,0,0,0,0,0,0,15
208,217,2,1,1,1,1,1,1,0,0,0,0,0,0,15
208,193,2,0,0,1,0,0,0,0,0,0,0,0,4,15
208,241,2,1,1,1,1,1,1,0,0,0,0,0,0,15
208,145,2,1,1,1,1,1,1,0,0,0,0,0,4,15
208,81,2,1,1,1,1,1,1,0,0,0,0,0,4,15
208,465,2,1,1,1,1,1,1,0,0,0,0,0,0,15
208,214,2,1,1,1,1,1,1,0,0,0,0,0,0,15
208,218,2,1,1,1,1,1,1,0,0,0,0,0,0,15
208,194,2,1,0,1,0,0,0,0,0,0,0,0,4,15
208,242,2,1,1,1,1,1,1,0,0,0,0,0,0,15
208,146,2,1,1,1,1,1,1,0,0,0,0,0,4,15
208,82,2,1,1,1,1,1,1,0,0,0,0,0,4,15
208,466,2,1,1,1,1,1,1,0,0,0,0,0,0,15
208,220,2,1,1,1,1,1,1,0,0,0,0,0,0,15
208,196,2,0,0,1,0,0,0,0,0,0,0,0,4,15
208,244,2,1,1,1,1,1,1,0,0,0,0,0,0,15
208,148,2,1,1,1,1,1,1,0,0,0,0,0,4,15
208,84,2,1,1,1,1,1,1,0,0,0,0,0,4,15
208,468,2,1,1,1,1,1,1,0,0,0,0,0,0,15
208,200,2,0,0,1,0,0,0,0,0,0,0,0,4,15
208,248,2,1,1,1,1,1,1,0,0,0,0,0,0,15
208,152,2,1,1,1,1,1,1,0,0,0,0,0,4,15
208,88,2,1,1,1,1,1,1,0,0,0,0,0,4,15
208,472,2,1,1,1,1,1,1,0,0,0,0,0,0,15
208,224,2,0,0,1,0,0,0,0,0,0,0,0,4,15
208,128,2,0,0,1,0,0,0,0,0,0,0,0,8,15
208,64,2,0,0,1,0,0,0,0,0,0,0,0,8,15
208,448,2,0,0,1,0,0,0,0,0,0,0,0,4,15
208,176,2,1,1,1,1,1,1,0,0,0,0,0,4,15
208,112,2,1,1,1,1,1,1,0,0,0,0,0,4,15
208,496,2,1,1,1,1,1,1,0,0,0,0,0,0,15
208,16,2,1,1,1,1,1,1,0,0,0,0,0,8,15
208,400,2,1,1,1,1,1,1,0,0,0,0,0,4,15
208,336,2,1,1,1,1,1,1,0,0,0,0,0,4,15
209,209,0,1,1,1,1,1,1,0,0,0,0,0,0,44
209,208,1,1,1,1,1,1,1,0,0,0,0,0,21,44
209,211,1,1,1,1,1,1,1,0,0,0,0,0,0,44
209,213,1,1,1,1,1,1,1,0,0,0,0,0,0,44
209,217,1,1,1,1,1,1,1,0,0,0,0,0,0,44
209,193,1,0,0,1,0,0,0,0,0,0,0,0,6,44
209,241,1,1,1,1,1,1,1,0,0,0,0,0,0,44
209,145,1,1,1,1,1,1,1,0,0,0,0,0,16,44
209,81,1,1,1,1,1,1,1,0,0,0,0,0,16,44
209,465,1,1,1,1,1,1,1,0,0,0,0,0,0,44
209,210,2,1,1,1,1,1,1,0,0,0,0,0,21,44
209,212,2,1,1,1,1,1,1,0,0,0,0,0,21,44
209,216,2,1,1,1,1,1,1,0,0,0,0,0,21,44
209,192,2,0,0,1,0,0,0,0,0,0,0,0,27,44
209,240,2,1,1,1,1,1,1,0,0,0,0,0,21,44
209,144,2,1,1,1,1,1,1,0,0,0,0,0,27,44
209,80,2,1,1,1,1,1,1,0,0,0,0,0,27,44
209,464,2,1,1,1,1,1,1,0,0,0,0,0,21,44
209,215,2,1,1,1,1,1,1,0,0,0,0,0,0,44
209,219,2,1,1,1,1,1,1,0,0,0,0,0,0,44
209,195,2,1,0,1,0,0,0,0,0,0,0,0,6,44
209,243,2,1,1,1,1,1,1,0,0,0,0,0,0,44
209,147,2,1,1,1,1,1,1,0,0,0,0,0,16,44
209,83,2,1,1,1,1,1,1,0,0,0,0,0,16,44
209,467,2,1,1,1,1,1,1,0,0,0,0,0,0,44
209,221,2,1,1,1,1,1,1,0,0,0,0,0,0,44
209,197,2,1,0,1,0,0,0,0,0,0,0,0,6,44
209,245,2,1,1,1,1,1,1,0,0,0,0,0,0,44
209,149,2,1,1,1,1,1,1,0,0,0,0,0,16,44
209,85,2,1,1,1,1,1,1,0,0,0,0,0,16,44
209,469,2,1,1,1,1,1,1,0,0,0,0,0,0,44
209,201,2,0,0,1,0,0,0,0,0,0,0,0,6,44
209,249,2,1,1,1,1,1,1,0,0,0,0,0,0,44
209,153,2,1,1,1,1,1,1,0,0,0,0,0,16,44
209,89,2,1,1,1,1,1,1,0,0,0,0,0,16,44
209,473,2,1,1,1,1,1,1,0,0,0,0,0,0,44
209,225,2,1,0,1,0,0,0,0,0,0,0,0,6,44
209,129,2,0,0,1,0,0,0,0,0,0,0,0,22,44
209,65,2,0,0,1,0,0,0,0,0,0,0,0,22,44
209,449,2,0,0,1,0,0,0,0,0,0,0,0,6,44
209,177,2,1,1,1,1,1,1,0,0,0,0,0,16,44
209,113,2,1,1,1,1,1,1,0,0,0,0,0,16,44
209,497,2,1,1,1,1,1,1,0,0,0,0,0,0,44
209,17,2,1,1,1,1,1,1,0,0,0,0,0,27,44
209,401,2,1,1,1,1,1,1,0,0,0,0,0,16,44
209,337,2,1,1,1,1,1,1,0,0,0,0,0,16,44
210,210,0,1,1,1,1,1,1,0,0,0,0,0,0,44
210,211,1,1,1,1,1,1,1,0,0,0,0,0,0,44
210,208,1,1,1,1,1,1,1,0,0,0,0,0,26,44
210,214,1,1,1,1,1,1,1,0,0,0,0,0,0,44
210,218,1,1,1,1,1,1,1,0,0,0,0,0,0,44
210,194,1,1,1,1,0,0,1,0,1,1,1,0,6,44
210,242,1,1,1,1,1,1,1,0,0,0,0,0,0,44
210,146,1,1,1,1,1,1,1,0,0,0,0,0,16,44
210,82,1,1,1,1,1,1,1,0,0,0,0,0,16,44
210,466,1,1,1,1,1,1,1,0,0,0,0,0,0,44
210,209,2,1,1,1,1,1,1,0,0,0,0,0,26,44
210,215,2,1,1,1,1,1,1,0,0,0,0,0,0,44
210,219,2,1,1,1,1,1,1,0,0,0,0,0,0,44
210,195,2,1,1,1,0,0,1,0,1,1,1,0,6,44
210,243,2,1,1,1,1,1,1,0,0,0,0,0,0,44
210,147,2,1,1,1,1,1,1,0,0,0,0,0,16,44
210,83,2,1,1,1,1,1,1,0,0,0,0,0,16,44
210,467,2,1,1,1,1,1,1,0,0,0,0,0,0,44
210,212,2,1,1,1,1,1,1,0,0,0,0,0,26,44
210,216,2,1,1,1,1,1,1,0,0,0,0,0,26,44
210,192,2,0,0,1,0,0,0,0,0,0,0,0,27,44
210,240,2,1,1,1,1,1,1,0,0,0,0,0,26,44
210,144,2,1,1,1,1,1,1,0,0,0,0,0,32,44
210,80,2,1,1,1,1,1,1,0,0,0,0,0,32,44
210,464,2,1,1,1,1,1,1,0,0,0,0,0,26,44
210,222,2,1,1,1,1,1,1,0,0,0,0,0,0,44
210,198,2,1,1,1,0,0,1,0,1,1,1,0,6,44
210,246,2,1,1,1,1,1,1,0,0,0,0,0,0,44
210,150,2,1,1,1,1,1,1,0,0,0,0,0,16,44
210,86,2,1,1,1,1,1,1,0,0,0,0,0,16,44
210,470,2,1,1,1,1,1,1,0,0,0,0,0,0,44
210,202,2,1,1,1,0,0,1,0,1,1,1,0,6,44
210,250,2,1,1,1,1,1,1,0,0,0,0,0,0,44
210,154,2,1,1,1,1,1,1,0,0,0,0,0,16,44
210,90,2,1,1,1,1,1,1,0,0,0,0,0,16,44
210,474,2,1,1,1,1,1,1,0,0,0,0,0,0,44
210,226,2,1,1,1,0,0,1,0,1,1,1,0,6,44
210,130,2,1,1,1,0,0,1,0,1,1,1,0,22,44
210,66,2,0,0,1,0,0,0,0,0,0,0,0,17,44
210,450,2,1,1,1,0,0,1,0,1,1,1,0,6,44
210,178,2,1,1,1,1,1,1,0,0,0,0,0,16,44
210,114,2,1,1,1,1,1,1,0,0,0,0,0,16,44
210,498,2,1,1,1,1,1,1,0,0,0,0,0,0,44
210,18,2,1,1,1,1,1,1,0,0,0,0,0,32,44
210,402,2,1,1,1,1,1,1,0,0,0,0,0,16,44
210,338,2,1,1,1,1,1,1,0,0,0,0,0,16,44
211,211,0,1,1,1,1,1,1,0,0,0,0,0,0,71
211,210,1,1,1,1,1,1,1,0,0,0,0,0,25,71
211,209,1,1,1,1,1,1,1,0,0,0,0,0,31,71
211,215,1,1,1,1,1,1,1,0,0,0,0,0,0,71
211,219,1,1,1,1,1,1,1,0,0,0,0,0,0,71
211,195,1,1,1,1,0,0,1,0,1,1,1,0,7,71
211,243,1,1,1,1,1,1,1,0,0,0,0,0,0,71
211,147,1,1,1,1,1,1,1,0,0,0,0,0,25,71
211,83,1,1,1,1,1,1,1,0,0,0,0,0,31,71
211,467,1,1,1,1,1,1,1,0,0,0,0,0,0,71
211,208,2,1,1,1,1,1,1,0,0,0,0,0,50,71
211,214,2,1,1,1,1,1,1,0,0,0,0,0,25,71
211,218,2,1,1,1,1,1,1,0,0,0,0,0,25,71
211,194,2,1,1,1,0,0,1,0,1,1,1,0,32,71
211,242,2,1,1,1,1,1,1,0,0,0,0,0,25,71
211,146,2,1,1,1,1,1,1,0,0,0,0,0,38,71
211,82,2,1,1,1,1,1,1,0,0,0,0,0,44,71
211,466,2,1,1,1,1,1,1,0,0,0,0,0,25,71
211,213,2,1,1,1,1,1,1,0,0,0,0,0,31,71
211,217,2,1,1,1,1,1,1,0,0,0,0,0,31,71
211,193,2,0,0,1,0,0,0,0,0,0,0,0,32,71
211,241,2,1,1,1,1,1,1,0,0,0,0,0,31,71
211,145,2,1,1,1,1,1,1,0,0,0,0,0,44,71
211,81,2,1,1,1,1,1,1,0,0,0,0,0,44,71
211,465,2,1,1,1,1,1,1,0,0,0,0,0,31,71
211,223,2,1,1,1,1,1,1,0,0,0,0,0,0,71
211,199,2,1,1,1,0,0,1,0,1,1,1,0,7,71
211,247,2,1,1,1,1,1,1,0,0,0,0,0,0,71
211,151,2,1,1,1,1,1,1,0,0,0,0,0,25,71
211,87,2,1,1,1,1,1,1,0,0,0,0,0,31,71
211,471,2,1,1,1,1,1,1,0,0,0,0,0,0,71
211,203,2,1,1,1,0,0,1,0,1,1,1,0,7,71
211,251,2,1,1,1,1,1,1,0,0,0,0,0,0,71
211,155,2,1,1,1,1,1,1,0,0,0,0,0,25,71
211,91,2,1,1,1,1,1,1,0,0,0,0,0,31,71
211,475,2,1,1,1,1,1,1,0,0,0,0,0,0,71
211,227,2,1,1,1,0,0,1,0,1,1,1,0,7,71
211,131,2,1,1,1,0,0,1,0,1,1,1,0,32,71
211,67,2,0,0,1,0,0,0,0,0,0,0,0,32,71
211,451,2,1,1,1,0,0,1,0,1,1,1,0,7,71
211,179,2,1,1,1,1,1,1,0,0,0,0,0,25,71
211,115,2,1,1,1,1,1,1,0,0,0,0,0,31,71
211,499,2,1,1,1,1,1,1,0,0,0,0,0,0,71
211,19,2,1,1,1,1,1,1,0,0,0,0,0,50,71
211,403,2,1,1,1,1,1,1,0,0,0,0,0,25,71
211,339,2,1,1,1,1,1,1,0,0,0,0,0,31,71
212,212,0,1,1,1,1,1,1,0,0,0,0,0,0,44
212,213,1,1,1,1,1,1,1,0,0,0,0,0,0,44
212,214,1,1,1,1,1,1,1,0,0,0,0,0,0,44
212,208,1,1,1,1,1,1,1,0,0,0,0,0,24,44
212,220,1,1,1,1,1,1,1,0,0,0,0,0,0,44
212,196,1,0,0,1,0,0,0,0,0,0,0,0,6,44
212,244,1,1,1,1,1,1,1,0,0,0,0,0,0,44
212,148,1,1,1,1,1,1,1,0,0,0,0,0,24,44
212,84,1,1,1,1,1,1,1,0,0,0,0,0,20,44
212,468,1,1,1,1,1,1,1,0,0,0,0,0,0,44
212,215,2,1,1,1,1,1,1,0,0,0,0,0,0,44
212,209,2,1,1,1,1,1,1,0,0,0,0,0,24,44
212,221,2,1,1,1,1,1,1,0,0,0,0,0,0,44
212,197,2,1,0,1,0,0,0,0,0,0,0,0,6,44
212,245,2,1,1,1,1,1,1,0,0,0,0,0,0,44
212,149,2,1,1,1,1,1,1,0,0,0,0,0,24,44
212,85,2,1,1,1,1,1,1,0,0,0,0,0,20,44
212,469,2,1,1,1,1,1,1,0,0,0,0,0,0,44
212,210,2,1,1,1,1,1,1,0,0,0,0,0,24,44
212,222,2,1,1,1,1,1,1,0,0,0,0,0,0,44
212,198,2,1,0,1,0,0,0,0,0,0,0,0,6,44
212,246,2,1,1,1,1,1,1,0,0,0,0,0,0,44
212,150,2,1,1,1,1,1,1,0,0,0,0,0,24,44
212,86,2,1,1,1,1,1,1,0,0,0,0,0,20,44
212,470,2,1,1,1,1,1,1,0,0,0,0,0,0,44
212,216,2,1,1,1,1,1,1,0,0,0,0,0,24,44
212,192,2,0,0,1,0,0,0,0,0,0,0,0,30,44
212,240,2,1,1,1,1,1,1,0,0,0,0,0,24,44
212,144,2,1,1,1,1,1,1,0,0,0,0,0,32,44
212,80,2,1,1,1,1,1,1,0,0,0,0,0,26,44
212,464,2,1,1,1,1,1,1,0,0,0,0,0,24,44
212,204,2,1,0,1,0,0,0,0,0,0,0,0,6,44
212,252,2,1,1,1,1,1,1,0,0,0,0,0,0,44
212,156,2,1,1,1,1,1,1,0,0,0,0,0,24,44
212,92,2,1,1,1,1,1,1,0,0,0,0,0,20,44
212,476,2,1,1,1,1,1,1,0,0,0,0,0,0,44
212,228,2,0,0,1,0,0,0,0,0,0,0,0,6,44
212,132,2,0,0,1,0,0,0,0,0,0,0,0,30,44
212,68,2,0,0,1,0,0,0,0,0,0,0,0,26,44
212,452,2,0,0,1,0,0,0,0,0,0,0,0,6,44
212,180,2,1,1,1,1,1,1,0,0,0,0,0,24,44
212,116,2,1,1,1,1,1,1,0,0,0,0,0,20,44
212,500,2,1,1,1,1,1,1,0,0,0,0,0,0,44
212,20,2,1,1,1,1,1,1,0,0,0,0,0,27,44
212,404,2,1,1,1,1,1,1,0,0,0,0,0,24,44
212,340,2,1,1,1,1,1,1,0,0,0,0,0,20,44
213,213,0,1,1,1,1,1,1,0,0,0,0,0,0,157
213,212,1,1,1,1,1,1,1,0,0,0,0,0,92,157
213,215,1,1,1,1,1,1,1,0,0,0,0,0,0,157
213,209,1,1,1,1,1,1,1,0,0,0,0,0,111,157
213,221,1,1,1,1,1,1,1,0,0,0,0,0,0,157
213,197,1,1,1,1,0,0,1,0,1,1,1,0,9,157
213,245,1,1,1,1,1,1,1,0,0,0,0,0,0,157
213,149,1,1,1,1,1,1,1,0,0,0,0,0,111,157
213,85,1,1,1,1,1,1,1,0,0,0,0,0,98,157
213,469,1,1,1,1,1,1,1,0,0,0,0,0,0,157
213,214,2,1,1,1,1,1,1,0,0,0,0,0,92,157
213,208,2,1,1,1,1,1,1,0,0,0,0,0,132,157
213,220,2,1,1,1,1,1,1,0,0,0,0,0,92,157
213,196,2,0,0,1,0,0,0,0,0,0,0,0,94,157
213,244,2,1,1,1,1,1,1,0,0,0,0,0,92,157
213,148,2,1,1,1,1,1,1,0,0,0,0,0,132,157
213,84,2,1,1,1,1,1,1,0,0,0,0,0,126,157
213,468,2,1,1,1,1,1,1,0,0,0,0,0,92,157
213,211,2,1,1,1,1,1,1,0,0,0,0,0,111,157
213,223,2,1,1,1,1,1,1,0,0,0,0,0,0,157
213,199,2,1,1,1,0,0,1,0,1,1,1,0,9,157
213,247,2,1,1,1,1,1,1,0,0,0,0,0,0,157
213,151,2,1,1,1,1,1,1,0,0,0,0,0,111,157
213,87,2,1,1,1,1,1,1,0,0,0,0,0,98,157
213,471,2,1,1,1,1,1,1,0,0,0,0,0,0,157
213,217,2,1,1,1,1,1,1,0,0,0,0,0,111,157
213,193,2,0,0,1,0,0,0,0,0,0,0,0,113,157
213,241,2,1,1,1,1,1,1,0,0,0,0,0,111,157
213,145,2,1,1,1,1,1,1,0,0,0,0,0,133,157
213,81,2,1,1,1,1,1,1,0,0,0,0,0,118,157
213,465,2,1,1,1,1,1,1,0,0,0,0,0,111,157
213,205,2,1,1,1,0,0,1,0,1,1,1,0,9,157
213,253,2,1,1,1,1,1,1,0,0,0,0,0,0,157
213,157,2,1,1,1,1,1,1,0,0,0,0,0,111,157
213,93,2,1,1,1,1,1,1,0,0,0,0,0,98,157
213,477,2,1,1,1,1,1,1,0,0,0,0,0,0,157
213,229,2,1,1,1,0,0,1,0,1,1,1,0,9,157
213,133,2,1,1,1,0,0,1,0,1,1,1,0,113,157
213,69,2,0,0,1,0,0,0,0,0,0,0,0,99,157
213,453,2,1,1,1,0,0,1,0,1,1,1,0,9,157
213,181,2,1,1,1,1,1,1,0,0,0,0,0,111,157
213,117,2,1,1,1,1,1,1,0,0,0,0,0,98,157
213,501,2,1,1,1,1,1,1,0,0,0,0,0,0,157
213,21,2,1,1,1,1,1,1,0,0,0,0,0,118,157
213,405,2,1,1,1,1,1,1,0,0,0,0,0,111,157
213,341,2,1,1,1,1,1,1,0,0,0,0,0,98,157
214,214,0,1,1,1,1,1,1,0,0,0,0,0,0,103
214,215,1,1,1,1,1,1,1,0,0,0,0,0,0,103
214,212,1,1,1,1,1,1,1,0,0,0,0,0,48,103
214,210,1,1,1,1,1,1,1,0,0,0,0,0,78,103
214,222,1,1,1,1,1,1,1,0,0,0,0,0,0,103
214,198,1,1,1,1,0,0,1,0,1,1,1,0,8,103
214,246,1,1,1,1,1,1,1,0,0,0,0,0,0,103
214,150,1,1,1,1,1,1,1,0,0,0,0,0,78,103
214,86,1,1,1,1,1,1,1,0,0,0,0,0,48,103
214,470,1,1,1,1,1,1,1,0,0,0,0,0,0,103
214,213,2,1,1,1,1,1,1,0,0,0,0,0,48,103
214,211,2,1,1,1,1,1,1,0,0,0,0,0,78,103
214,223,2,1,1,1,1,1,1,0,0,0,0,0,0,103
214,199,2,1,1,1,0,0,1,0,1,1,1,0,8,103
214,247,2,1,1,1,1,1,1,0,0,0,0,0,0,103
214,151,2,1,1,1,1,1,1,0,0,0,0,0,78,103
214,87,2,1,1,1,1,1,1,0,0,0,0,0,48,103
214,471,2,1,1,1,1,1,1,0,0,0,0,0,0,103
214,208,2,1,1,1,1,1,1,0,0,0,0,0,83,103
214,220,2,1,1,1,1,1,1,0,0,0,0,0,48,103
214,196,2,0,0,1,0,0,0,0,0,0,0,0,49,103
214,244,2,1,1,1,1,1,1,0,0,0,0,0,48,103
214,148,2,1,1,1,1,1,1,0,0,0,0,0,82,103
214,84,2,1,1,1,1,1,1,0,0,0,0,0,76,103
214,468,2,1,1,1,1,1,1,0,0,0,0,0,48,103
214,218,2,1,1,1,1,1,1,0,0,0,0,0,78,103
214,194,2,1,1,1,0,0,1,0,1,1,1,0,80,103
214,242,2,1,1,1,1,1,1,0,0,0,0,0,78,103
214,146,2,1,1,1,1,1,1,0,0,0,0,0,90,103
214,82,2,1,1,1,1,1,1,0,0,0,0,0,82,103
214,466,2,1,1,1,1,1,1,0,0,0,0,0,78,103
214,206,2,1,1,1,0,0,1,0,1,1,1,0,8,103
214,254,2,1,1,1,1,1,1,0,0,0,0,0,0,103
214,158,2,1,1,1,1,1,1,0,0,0,0,0,78,103
214,94,2,1,1,1,1,1,1,0,0,0,0,0,48,103
214,478,2,1,1,1,1,1,1,0,0,0,0,0,0,103
214,230,2,1,1,1,0,0,1,0,1,1,1,0,8,103
214,134,2,1,1,1,0,0,1,0,1,1,1,0,80,103
214,70,2,0,0,1,0,0,0,0,0,0,0,0,49,103
214,454,2,1,1,1,0,0,1,0,1,1,1,0,8,103
214,182,2,1,1,1,1,1,1,0,0,0,0,0,78,103
214,118,2,1,1,1,1,1,1,0,0,0,0,0,48,103
214,502,2,1,1,1,1,1,1,0,0,0,0,0,0,103
214,22,2,1,1,1,1,1,1,0,0,0,0,0,83,103
214,406,2,1,1,1,1,1,1,0,0,0,0,0,78,103
214,342,2,1,1,1,1,1,1,0,0,0,0,0,48,103
215,215,0,1,1,1,1,1,1,0,0,0,0,0,0,158
215,214,1,1,1,1,1,1,1,0,0,0,0,0,92,158
215,213,1,1,1,1,1,1,1,0,0,0,0,0,55,158
215,211,1,1,1,1,1,1,1,0,0,0,0,0,111,158
215,223,1,1,1,1,1,1,1,0,0,0,0,0,0,158
215,199,1,1,1,1,0,0,1,0,1,1,1,0,9,158
215,247,1,1,1,1,1,1,1,0,0,0,0,0,0,158
215,151,1,1,1,1,1,1,1,0,0,0,0,0,111,158
215,87,1,1,1,1,1,1,1,0,0,0,0,0,98,158
215,471,1,1,1,1,1,1,1,0,0,0,0,0,0,158
215,212,2,1,1,1,1,1,1,0,0,0,0,0,96,158
215,210,2,1,1,1,1,1,1,0,0,0,0,0,132,158
215,222,2,1,1,1,1,1,1,0,0,0,0,0,92,158
215,198,2,1,1,1,0,0,1,0,1,1,1,0,94,158
215,246,2,1,1,1,1,1,1,0,0,0,0,0,92,158
215,150,2,1,1,1,1,1,1,0,0,0,0,0,132,158
215,86,2,1,1,1,1,1,1,0,0,0,0,0,126,158
215,470,2,1,1,1,1,1,1,0,0,0,0,0,92,158
215,209,2,1,1,1,1,1,1,0,0,0,0,0,116,158
215,221,2,1,1,1,1,1,1,0,0,0,0,0,55,158
215,197,2,1,1,1,0,0,1,0,1,1,1,0,56,158
215,245,2,1,1,1,1,1,1,0,0,0,0,0,55,158
215,149,2,1,1,1,1,1,1,0,0,0,0,0,115,158
215,85,2,1,1,1,1,1,1,0,0,0,0,0,102,158
215,469,2,1,1,1,1,1,1,0,0,0,0,0,55,158
215,219,2,1,1,1,1,1,1,0,0,0,0,0,111,158
215,195,2,1,1,1,0,0,1,0,1,1,1,0,113,158
215,243,2,1,1,1,1,1,1,0,0,0,0,0,111,158
215,147,2,1,1,1,1,1,1,0,0,0,0,0,133,158
215,83,2,1,1,1,1,1,1,0,0,0,0,0,118,158
215,467,2,1,1,1,1,1,1,0,0,0,0,0,111,158
215,207,2,1,1,1,0,0,1,0,1,1,1,0,9,158
215,255,2,1,1,1,1,1,1,0,0,0,0,0,0,158
215,159,2,1,1,1,1,1,1,0,0,0,0,0,111,158
215,95,2,1,1,1,1,1,1,0,0,0,0,0,98,158
215,479,2,1,1,1,1,1,1,0,0,0,0,0,0,158
215,231,2,1,1,1,0,0,1,0,1,1,1,0,9,158
215,135,2,1,1,1,0,0,1,0,1,1,1,0,113,158
215,71,2,0,0,1,0,0,0,0,0,0,0,0,99,158
215,455,2,1,1,1,0,0,1,0,1,1,1,0,9,158
215,183,2,1,1,1,1,1,1,0,0,0,0,0,111,158
215,119,2,1,1,1,1,1,1,0,0,0,0,0,98,158
215,503,2,1,1,1,1,1,1,0,0,0,0,0,0,158
215,23,2,1,1,1,1,1,1,0,0,0,0,0,118,158
215,407,2,1,1,1,1,1,1,0,0,0,0,0,111,158
215,343,2,1,1,1,1,1,1,0,0,0,0,0,98,158
216,216,0,1,1,1,1,1,1,0,0,0,0,0,0,24
216,217,1,1,1,1,1,1,1,0,0,0,0,0,0,24
216,218,1,1,1,1,1,1,1,0,0,0,0,0,0,24
216,220,1,1,1,1,1,1,1,0,0,0,0,0,0,24
216,208,1,1,1,1,1,1,1,0,0,0,0,0,5,24
216,200,1,0,0,1,0,0,0,0,0,0,0,0,5,24
216,248,1,1,1,1,1,1,1,0,0,0,0,0,0,24
216,152,1,1,1,1,1,1,1,0,0,0,0,0,5,24
216,88,1,1,1,1,1,1,1,0,0,0,0,0,5,24
216,472,1,1,1,1,1,1,1,0,0,0,0,0,0,24
216,219,2,1,1,1,1,1,1,0,0,0,0,0,0,24
216,221,2,1,1,1,1,1,1,0,0,0,0,0,0,24
216,209,2,1,1,1,1,1,1,0,0,0,0,0,5,24
216,201,2,0,0,1,0,0,0,0,0,0,0,0,5,24
216,249,2,1,1,1,1,1,1,0,0,0,0,0,0,24
216,153,2,1,1,1,1,1,1,0,0,0,0,0,5,24
216,89,2,1,1,1,1,1,1,0,0,0,0,0,5,24
216,473,2,1,1,1,1,1,1,0,0,0,0,0,0,24
216,222,2,1,1,1,1,1,1,0,0,0,0,0,0,24
216,210,2,1,1,1,1,1,1,0,0,0,0,0,5,24
216,202,2,1,0,1,0,0,0,0,0,0,0,0,5,24
216,250,2,1,1,1,1,1,1,0,0,0,0,0,0,24
216,154,2,1,1,1,1,1,1,0,0,0,0,0,5,24
216,90,2,1,1,1,1,1,1,0,0,0,0,0,5,24
216,474,2,1,1,1,1,1,1,0,0,0,0,0,0,24
216,212,2,1,1,1,1,1,1,0,0,0,0,0,5,24
216,204,2,1,0,1,0,0,0,0,0,0,0,0,5,24
216,252,2,1,1,1,1,1,1,0,0,0,0,0,0,24
216,156,2,1,1,1,1,1,1,0,0,0,0,0,5,24
216,92,2,1,1,1,1,1,1,0,0,0,0,0,5,24
216,476,2,1,1,1,1,1,1,0,0,0,0,0,0,24
216,192,2,0,0,1,0,0,0,0,0,0,0,0,10,24
216,240,2,1,1,1,1,1,1,0,0,0,0,0,5,24
216,144,2,1,1,1,1,1,1,0,0,0,0,0,10,24
216,80,2,1,1,1,1,1,1,0,0,0,0,0,10,24
216,464,2,1,1,1,1,1,1,0,0,0,0,0,5,24
216,232,2,1,0,1,0,0,0,0,0,0,0,0,5,24
216,136,2,0,0,1,0,0,0,0,0,0,0,0,10,24
216,72,2,0,0,1,0,0,0,0,0,0,0,0,10,24
216,456,2,0,0,1,0,0,0,0,0,0,0,0,5,24
216,184,2,1,1,1,1,1,1,0,0,0,0,0,5,24
216,120,2,1,1,1,1,1,1,0,0,0,0,0,5,24
216,504,2,1,1,1,1,1,1,0,0,0,0,0,0,24
216,24,2,1,1,1,1,1,1,0,0,0,0,0,10,24
216,408,2,1,1,1,1,1,1,0,0,0,0,0,5,24
216,344,2,1,1,1,1,1,1,0,0,0,0,0,5,24
217,217,0,1,1,1,1,1,1,0,0,0,0,0,0,45
217,216,1,1,1,1,1,1,1,0,0,0,0,0,21,45
217,219,1,1,1,1,1,1,1,0,0,0,0,0,0,45
217,221,1,1,1,1,1,1,1,0,0,0,0,0,0,45
217,209,1,1,1,1,1,1,1,0,0,0,0,0,6,45
217,201,1,0,0,1,0,0,0,0,0,0,0,0,6,45
217,249,1,1,1,1,1,1,1,0,0,0,0,0,0,45
217,153,1,1,1,1,1,1,1,0,0,0,0,0,16,45
217,89,1,1,1,1,1,1,1,0,0,0,0,0,16,45
217,473,1,1,1,1,1,1,1,0,0,0,0,0,0,45
217,218,2,1,1,1,1,1,1,0,0,0,0,0,21,45
217,220,2,1,1,1,1,1,1,0,0,0,0,0,21,45
217,208,2,1,1,1,1,1,1,0,0,0,0,0,22,45
217,200,2,0,0,1,0,0,0,0,0,0,0,0,27,45
217,248,2,1,1,1,1,1,1,0,0,0,0,0,21,45
217,152,2,1,1,1,1,1,1,0,0,0,0,0,27,45
217,88,2,1,1,1,1,1,1,0,0,0,0,0,27,45
217,472,2,1,1,1,1,1,1,0,0,0,0,0,21,45
217,223,2,1,1,1,1,1,1,0,0,0,0,0,0,45
217,211,2,1,1,1,1,1,1,0,0,0,0,0,6,45
217,203,2,1,0,1,0,0,0,0,0,0,0,0,6,45
217,251,2,1,1,1,1,1,1,0,0,0,0,0,0,45
217,155,2,1,1,1,1,1,1,0,0,0,0,0,16,45
217,91,2,1,1,1,1,1,1,0,0,0,0,0,16,45
217,475,2,1,1,1,1,1,1,0,0,0,0,0,0,45
217,213,2,1,1,1,1,1,1,0,0,0,0,0,6,45
217,205,2,1,0,1,0,0,0,0,0,0,0,0,6,45
217,253,2,1,1,1,1,1,1,0,0,0,0,0,0,45
217,157,2,1,1,1,1,1,1,0,0,0,0,0,16,45
217,93,2,1,1,1,1,1,1,0,0,0,0,0,16,45
217,477,2,1,1,1,1,1,1,0,0,0,0,0,0,45
217,193,2,0,0,1,0,0,0,0,0,0,0,0,12,45
217,241,2,1,1,1,1,1,1,0,0,0,0,0,6,45
217,145,2,1,1,1,1,1,1,0,0,0,0,0,17,45
217,81,2,1,1,1,1,1,1,0,0,0,0,0,17,45
217,465,2,1,1,1,1,1,1,0,0,0,0,0,6,45
217,233,2,1,0,1,0,0,0,0,0,0,0,0,6,45
217,137,2,0,0,1,0,0,0,0,0,0,0,0,22,45
217,73,2,0,0,1,0,0,0,0,0,0,0,0,22,45
217,457,2,0,0,1,0,0,0,0,0,0,0,0,6,45
217,185,2,1,1,1,1,1,1,0,0,0,0,0,16,45
217,121,2,1,1,1,1,1,1,0,0,0,0,0,16,45
217,505,2,1,1,1,1,1,1,0,0,0,0,0,0,45
217,25,2,1,1,1,1,1,1,0,0,0,0,0,27,45
217,409,2,1,1,1,1,1,1,0,0,0,0,0,16,45
217,345,2,1,1,1,1,1,1,0,0,0,0,0,16,45
218,218,0,1,1,1,1,1,1,0,0,0,0,0,0,45
218,219,1,1,1,1,1,1,1,0,0,0,0,0,0,45
218,216,1,1,1,1,1,1,1,0,0,0,0,0,26,45
218,222,1,1,1,1,1,1,1,0,0,0,0,0,0,45
218,210,1,1,1,1,1,1,1,0,0,0,0,0,6,45
218,202,1,1,1,1,0,0,1,0,1,1,1,0,6,45
218,250,1,1,1,1,1,1,1,0,0,0,0,0,0,45
218,154,1,1,1,1,1,1,1,0,0,0,0,0,16,45
218,90,1,1,1,1,1,1,1,0,0,0,0,0,16,45
218,474,1,1,1,1,1,1,1,0,0,0,0,0,0,45
218,217,2,1,1,1,1,1,1,0,0,0,0,0,26,45
218,223,2,1,1,1,1,1,1,0,0,0,0,0,0,45
218,211,2,1,1,1,1,1,1,0,0,0,0,0,6,45
218,203,2,1,1,1,0,0,1,0,1,1,1,0,6,45
218,251,2,1,1,1,1,1,1,0,0,0,0,0,0,45
218,155,2,1,1,1,1,1,1,0,0,0,0,0,16,45
218,91,2,1,1,1,1,1,1,0,0,0,0,0,16,45
218,475,2,1,1,1,1,1,1,0,0,0,0,0,0,45
218,220,2,1,1,1,1,1,1,0,0,0,0,0,26,45
218,208,2,1,1,1,1,1,1,0,0,0,0,0,27,45
218,200,2,0,0,1,0,0,0,0,0,0,0,0,27,45
218,248,2,1,1,1,1,1,1,0,0,0,0,0,26,45
218,152,2,1,1,1,1,1,1,0,0,0,0,0,32,45
218,88,2,1,1,1,1,1,1,0,0,0,0,0,32,45
218,472,2,1,1,1,1,1,1,0,0,0,0,0,26,45
218,214,2,1,1,1,1,1,1,0,0,0,0,0,6,45
218,206,2,1,1,1,0,0,1,0,1,1,1,0,6,45
218,254,2,1,1,1,1,1,1,0,0,0,0,0,0,45
218,158,2,1,1,1,1,1,1,0,0,0,0,0,16,45
218,94,2,1,1,1,1,1,1,0,0,0,0,0,16,45
218,478,2,1,1,1,1,1,1,0,0,0,0,0,0,45
218,194,2,1,1,1,0,0,1,0,1,1,1,0,12,45
218,242,2,1,1,1,1,1,1,0,0,0,0,0,6,45
218,146,2,1,1,1,1,1,1,0,0,0,0,0,17,45
218,82,2,1,1,1,1,1,1,0,0,0,0,0,22,45
218,466,2,1,1,1,1,1,1,0,0,0,0,0,6,45
218,234,2,1,1,1,0,0,1,0,1,1,1,0,6,45
218,138,2,1,1,1,0,0,1,0,1,1,1,0,22,45
218,74,2,0,0,1,0,0,0,0,0,0,0,0,17,45
218,458,2,1,1,1,0,0,1,0,1,1,1,0,6,45
218,186,2,1,1,1,1,1,1,0,0,0,0,0,16,45
218,122,2,1,1,1,1,1,1,0,0,0,0,0,16,45
218,506,2,1,1,1,1,1,1,0,0,0,0,0,0,45
218,26,2,1,1,1,1,1,1,0,0,0,0,0,32,45
218,410,2,1,1,1,1,1,1,0,0,0,0,0,16,45
218,346,2,1,1,1,1,1,1,0,0,0,0,0,16,45
219,219,0,1,1,1,1,1,1,0,0,0,0,0,0,72
219,218,1,1,1,1,1,1,1,0,0,0,0,0,25,72
219,217,1,1,1,1,1,1,1,0,0,0,0,0,31,72
219,223,1,1,1,1,1,1,1,0,0,0,0,0,0,72
219,211,1,1,1,1,1,1,1,0,0,0,0,0,7,72
219,203,1,1,1,1,0,0,1,0,1,1,1,0,7,72
219,251,1,1,1,1,1,1,1,0,0,0,0,0,0,72
219,155,1,1,1,1,1,1,1,0,0,0,0,0,25,72
219,91,1,1,1,1,1,1,1,0,0,0,0,0,31,72
219,475,1,1,1,1,1,1,1,0,0,0,0,0,0,72
219,216,2,1,1,1,1,1,1,0,0,0,0,0,50,72
219,222,2,1,1,1,1,1,1,0,0,0,0,0,25,72
219,210,2,1,1,1,1,1,1,0,0,0,0,0,26,72
219,202,2,1,1,1,0,0,1,0,1,1,1,0,32,72
219,250,2,1,1,1,1,1,1,0,0,0,0,0,25,72
219,154,2,1,1,1,1,1,1,0,0,0,0,0,38,72
219,90,2,1,1,1,1,1,1,0,0,0,0,0,44,72
219,474,2,1,1,1,1,1,1,0,0,0,0,0,25,72
219,221,2,1,1,1,1,1,1,0,0,0,0,0,31,72
219,209,2,1,1,1,1,1,1,0,0,0,0,0,32,72
219,201,2,0,0,1,0,0,0,0,0,0,0,0,32,72
219,249,2,1,1,1,1,1,1,0,0,0,0,0,31,72
219,153,2,1,1,1,1,1,1,0,0,0,0,0,44,72
219,89,2,1,1,1,1,1,1,0,0,0,0,0,44,72
219,473,2,1,1,1,1,1,1,0,0,0,0,0,31,72
219,215,2,1,1,1,1,1,1,0,0,0,0,0,7,72
219,207,2,1,1,1,0,0,1,0,1,1,1,0,7,72
219,255,2,1,1,1,1,1,1,0,0,0,0,0,0,72
219,159,2,1,1,1,1,1,1,0,0,0,0,0,25,72
219,95,2,1,1,1,1,1,1,0,0,0,0,0,31,72
219,479,2,1,1,1,1,1,1,0,0,0,0,0,0,72
219,195,2,1,1,1,0,0,1,0,1,1,1,0,14,72
219,243,2,1,1,1,1,1,1,0,0,0,0,0,7,72
219,147,2,1,1,1,1,1,1,0,0,0,0,0,26,72
219,83,2,1,1,1,1,1,1,0,0,0,0,0,32,72
219,467,2,1,1,1,1,1,1,0,0,0,0,0,7,72
219,235,2,1,1,1,0,0,1,0,1,1,1,0,7,72
219,139,2,1,1,1,0,0,1,0,1,1,1,0,32,72
219,75,2,0,0,1,0,0,0,0,0,0,0,0,32,72
219,459,2,1,1,1,0,0,1,0,1,1,1,0,7,72
219,187,2,1,1,1,1,1,1,0,0,0,0,0,25,72
219,123,2,1,1,1,1,1,1,0,0,0,0,0,31,72
219,507,2,1,1,1,1,1,1,0,0,0,0,0,0,72
219,27,2,1,1,1,1,1,1,0,0,0,0,0,50,72
219,411,2,1,1,1,1,1,1,0,0,0,0,0,25,72
219,347,2,1,1,1,1,1,1,0,0,0,0,0,31,72
220,220,0,1,1,1,1,1,1,0,0,0,0,0,0,103
220,221,1,1,1,1,1,1,1,0,0,0,0,0,0,103
220,222,1,1,1,1,1,1,1,0,0,0,0,0,0,103
220,216,1,1,1,1,1,1,1,0,0,0,0,0,78,103
220,212,1,1,1,1,1,1,1,0,0,0,0,0,48,103
220,204,1,1,1,1,0,0,1,0,1,1,1,0,8,103
220,252,1,1,1,1,1,1,1,0,0,0,0,0,0,103
220,156,1,1,1,1,1,1,1,0,0,0,0,0,78,103
220,92,1,1,1,1,1,1,1,0,0,0,0,0,48,103
220,476,1,1,1,1,1,1,1,0,0,0,0,0,0,103
220,223,2,1,1,1,1,1,1,0,0,0,0,0,0,103
220,217,2,1,1,1,1,1,1,0,0,0,0,0,78,103
220,213,2,1,1,1,1,1,1,0,0,0,0,0,48,103
220,205,2,1,1,1,0,0,1,0,1,1,1,0,8,103
220,253,2,1,1,1,1,1,1,0,0,0,0,0,0,103
220,157,2,1,1,1,1,1,1,0,0,0,0,0,78,103
220,93,2,1,1,1,1,1,1,0,0,0,0,0,48,103
220,477,2,1,1,1,1,1,1,0,0,0,0,0,0,103
220,218,2,1,1,1,1,1,1,0,0,0,0,0,78,103
220,214,2,1,1,1,1,1,1,0,0,0,0,0,48,103
220,206,2,1,1,1,0,0,1,0,1,1,1,0,8,103
220,254,2,1,1,1,1,1,1,0,0,0,0,0,0,103
220,158,2,1,1,1,1,1,1,0,0,0,0,0,78,103
220,94,2,1,1,1,1,1,1,0,0,0,0,0,48,103
220,478,2,1,1,1,1,1,1,0,0,0,0,0,0,103
220,208,2,1,1,1,1,1,1,0,0,0,0,0,82,103
220,200,2,0,0,1,0,0,0,0,0,0,0,0,80,103
220,248,2,1,1,1,1,1,1,0,0,0,0,0,78,103
220,152,2,1,1,1,1,1,1,0,0,0,0,0,90,103
220,88,2,1,1,1,1,1,1,0,0,0,0,0,82,103
220,472,2,1,1,1,1,1,1,0,0,0,0,0,78,103
220,196,2,0,0,1,0,0,0,0,0,0,0,0,49,103
220,244,2,1,1,1,1,1,1,0,0,0,0,0,48,103
220,148,2,1,1,1,1,1,1,0,0,0,0,0,83,103
220,84,2,1,1,1,1,1,1,0,0,0,0,0,77,103
220,468,2,1,1,1,1,1,1,0,0,0,0,0,48,103
220,236,2,1,1,1,0,0,1,0,1,1,1,0,8,103
220,140,2,1,1,1,0,0,1,0,1,1,1,0,80,103
220,76,2,0,0,1,0,0,0,0,0,0,0,0,49,103
220,460,2,1,1,1,0,0,1,0,1,1,1,0,8,103
220,188,2,1,1,1,1,1,1,0,0,0,0,0,78,103
220,124,2,1,1,1,1,1,1,0,0,0,0,0,48,103
220,508,2,1,1,1,1,1,1,0,0,0,0,0,0,103
220,28,2,1,1,1,1,1,1,0,0,0,0,0,83,103
220,412,2,1,1,1,1,1,1,0,0,0,0,0,78,103
220,348,2,1,1,1,1,1,1,0,0,0,0,0,48,103
221,221,0,1,1,1,1,1,1,0,0,0,0,0,0,158
221,220,1,1,1,1,1,1,1,0,0,0,0,0,92,158
221,223,1,1,1,1,1,1,1,0,0,0,0,0,0,158
221,217,1,1,1,1,1,1,1,0,0,0,0,0,111,158
221,213,1,1,1,1,1,1,1,0,0,0,0,0,55,158
221,205,1,1,1,1,0,0,1,0,1,1,1,0,9,158
221,253,1,1,1,1,1,1,1,0,0,0,0,0,0,158
221,157,1,1,1,1,1,1,1,0,0,0,0,0,111,158
221,93,1,1,1,1,1,1,1,0,0,0,0,0,98,158
221,477,1,1,1,1,1,1,1,0,0,0,0,0,0,158
221,222,2,1,1,1,1,1,1,0,0,0,0,0,92,158
221,216,2,1,1,1,1,1,1,0,0,0,0,0,132,158
221,212,2,1,1,1,1,1,1,0,0,0,0,0,96,158
221,204,2,1,1,1,0,0,1,0,1,1,1,0,94,158
221,252,2,1,1,1,1,1,1,0,0,0,0,0,92,158
221,156,2,1,1,1,1,1,1,0,0,0,0,0,132,158
221,92,2,1,1,1,1,1,1,0,0,0,0,0,126,158
221,476,2,1,1,1,1,1,1,0,0,0,0,0,92,158
221,219,2,1,1,1,1,1,1,0,0,0,0,0,111,158
221,215,2,1,1,1,1,1,1,0,0,0,0,0,55,158
221,207,2,1,1,1,0,0,1,0,1,1,1,0,9,158
221,255,2,1,1,1,1,1,1,0,0,0,0,0,0,158
221,159,2,1,1,1,1,1,1,0,0,0,0,0,111,158
221,95,2,1,1,1,1,1,1,0,0,0,0,0,98,158
221,479,2,1,1,1,1,1,1,0,0,0,0,0,0,158
221,209,2,1,1,1,1,1,1,0,0,0,0,0,115,158
221,201,2,0,0,1,0,0,0,0,0,0,0,0,113,158
221,249,2,1,1,1,1,1,1,0,0,0,0,0,111,158
221,153,2,1,1,1,1,1,1,0,0,0,0,0,133,158
221,89,2,1,1,1,1,1,1,0,0,0,0,0,118,158
221,473,2,1,1,1,1,1,1,0,0,0,0,0,111,158
221,197,2,1,1,1,0,0,1,0,1,1,1,0,56,158
221,245,2,1,1,1,1,1,1,0,0,0,0,0,55,158
221,149,2,1,1,1,1,1,1,0,0,0,0,0,116,158
221,85,2,1,1,1,1,1,1,0,0,0,0,0,103,158
221,469,2,1,1,1,1,1,1,0,0,0,0,0,55,158
221,237,2,1,1,1,0,0,1,0,1,1,1,0,9,158
221,141,2,1,1,1,0,0,1,0,1,1,1,0,113,158
221,77,2,0,0,1,0,0,0,0,0,0,0,0,99,158
221,461,2,1,1,1,0,0,1,0,1,1,1,0,9,158
221,189,2,1,1,1,1,1,1,0,0,0,0,0,111,158
221,125,2,1,1,1,1,1,1,0,0,0,0,0,98,158
221,509,2,1,1,1,1,1,1,0,0,0,0,0,0,158
221,29,2,1,1,1,1,1,1,0,0,0,0,0,118,158
221,413,2,1,1,1,1,1,1,0,0,0,0,0,111,158
221,349,2,1,1,1,1,1,1,0,0,0,0,0,98,158
222,222,0,1,1,1,1,1,1,0,0,0,0,0,0,104
222,223,1,1,1,1,1,1,1,0,0,0,0,0,0,104
222,220,1,1,1,1,1,1,1,0,0,0,0,0,48,104
222,218,1,1,1,1,1,1,1,0,0,0,0,0,78,104
222,214,1,1,1,1,1,1,1,0,0,0,0,0,48,104
222,206,1,1,1,1,0,0,1,0,1,1,1,0,8,104
222,254,1,1,1,1,1,1,1,0,0,0,0,0,0,104
222,158,1,1,1,1,1,1,1,0,0,0,0,0,78,104
222,94,1,1,1,1,1,1,1,0,0,0,0,0,48,104
222,478,1,1,1,1,1,1,1,0,0,0,0,0,0,104
222,221,2,1,1,1,1,1,1,0,0,0,0,0,48,104
222,219,2,1,1,1,1,1,1,0,0,0,0,0,78,104
222,215,2,1,1,1,1,1,1,0,0,0,0,0,48,104
222,207,2,1,1,1,0,0,1,0,1,1,1,0,8,104
222,255,2,1,1,1,1,1,1,0,0,0,0,0,0,104
222,159,2,1,1,1,1,1,1,0,0,0,0,0,78,104
222,95,2,1,1,1,1,1,1,0,0,0,0,0,48,104
222,479,2,1,1,1,1,1,1,0,0,0,0,0,0,104
222,216,2,1,1,1,1,1,1,0,0,0,0,0,83,104
222,212,2,1,1,1,1,1,1,0,0,0,0,0,51,104
222,204,2,1,1,1,0,0,1,0,1,1,1,0,49,104
222,252,2,1,1,1,1,1,1,0,0,0,0,0,48,104
222,156,2,1,1,1,1,1,1,0,0,0,0,0,82,104
222,92,2,1,1,1,1,1,1,0,0,0,0,0,76,104
222,476,2,1,1,1,1,1,1,0,0,0,0,0,48,104
222,210,2,1,1,1,1,1,1,0,0,0,0,0,82,104
222,202,2,1,1,1,0,0,1,0,1,1,1,0,80,104
222,250,2,1,1,1,1,1,1,0,0,0,0,0,78,104
222,154,2,1,1,1,1,1,1,0,0,0,0,0,90,104
222,90,2,1,1,1,1,1,1,0,0,0,0,0,82,104
222,474,2,1,1,1,1,1,1,0,0,0,0,0,78,104
222,198,2,1,1,1,0,0,1,0,1,1,1,0,49,104
222,246,2,1,1,1,1,1,1,0,0,0,0,0,48,104
222,150,2,1,1,1,1,1,1,0,0,0,0,0,83,104
222,86,2,1,1,1,1,1,1,0,0,0,0,0,77,104
222,470,2,1,1,1,1,1,1,0,0,0,0,0,48,104
222,238,2,1,1,1,0,0,1,0,1,1,1,0,8,104
222,142,2,1,1,1,0,0,1,0,1,1,1,0,80,104
222,78,2,0,0,1,0,0,0,0,0,0,0,0,49,104
222,462,2,1,1,1,0,0,1,0,1,1,1,0,8,104
222,190,2,1,1,1,1,1,1,0,0,0,0,0,78,104
222,126,2,1,1,1,1,1,1,0,0,0,0,0,48,104
222,510,2,1,1,1,1,1,1,0,0,0,0,0,0,104
222,30,2,1,1,1,1,1,1,0,0,0,0,0,83,104
222,414,2,1,1,1,1,1,1,0,0,0,0,0,78,104
222,350,2,1,1,1,1,1,1,0,0,0,0,0,48,104
223,223,0,1,1,1,1,1,1,0,0,0,0,0,0,159
223,222,1,1,1,1,1,1,1,0,0,0,0,0,92,159
223,221,1,1,1,1,1,1,1,0,0,0,0,0,55,159
223,219,1,1,1,1,1,1,1,0,0,0,0,0,111,159
223,215,1,1,1,1,1,1,1,0,0,0,0,0,55,159
223,207,1,1,1,1,0,0,1,0,1,1,1,0,9,159
223,255,1,1,1,1,1,1,1,0,0,0,0,0,0,159
223,159,1,1,1,1,1,1,1,0,0,0,0,0,111,159
223,95,1,1,1,1,1,1,1,0,0,0,0,0,98,159
223,479,1,1,1,1,1,1,1,0,0,0,0,0,0,159
223,220,2,1,1,1,1,1,1,0,0,0,0,0,96,159
223,218,2,1,1,1,1,1,1,0,0,0,0,0,132,159
223,214,2,1,1,1,1,1,1,0,0,0,0,0,96,159
223,206,2,1,1,1,0,0,1,0,1,1,1,0,94,159
223,254,2,1,1,1,1,1,1,0,0,0,0,0,92,159
223,158,2,1,1,1,1,1,1,0,0,0,0,0,132,159
223,94,2,1,1,1,1,1,1,0,0,0,0,0,126,159
223,478,2,1,1,1,1,1,1,0,0,0,0,0,92,159
223,217,2,1,1,1,1,1,1,0,0,0,0,0,116,159
223,213,2,1,1,1,1,1,1,0,0,0,0,0,58,159
223,205,2,1,1,1,0,0,1,0,1,1,1,0,56,159
223,253,2,1,1,1,1,1,1,0,0,0,0,0,55,159
223,157,2,1,1,1,1,1,1,0,0,0,0,0,115,159
223,93,2,1,1,1,1,1,1,0,0,0,0,0,102,159
223,477,2,1,1,1,1,1,1,0,0,0,0,0,55,159
223,211,2,1,1,1,1,1,1,0,0,0,0,0,115,159
223,203,2,1,1,1,0,0,1,0,1,1,1,0,113,159
223,251,2,1,1,1,1,1,1,0,0,0,0,0,111,159
223,155,2,1,1,1,1,1,1,0,0,0,0,0,133,159
223,91,2,1,1,1,1,1,1,0,0,0,0,0,118,159
223,475,2,1,1,1,1,1,1,0,0,0,0,0,111,159
223,199,2,1,1,1,0,0,1,0,1,1,1,0,56,159
223,247,2,1,1,1,1,1,1,0,0,0,0,0,55,159
223,151,2,1,1,1,1,1,1,0,0,0,0,0,116,159
223,87,2,1,1,1,1,1,1,0,0,0,0,0,103,159
223,471,2,1,1,1,1,1,1,0,0,0,0,0,55,159
223,239,2,1,1,1,0,0,1,0,1,1,1,0,9,159
223,143,2,1,1,1,0,0,1,0,1,1,1,0,113,159
223,79,2,0,0,1,0,0,0,0,0,0,0,0,99,159
223,463,2,1,1,1,0,0,1,0,1,1,1,0,9,159
223,191,2,1,1,1,1,1,1,0,0,0,0,0,111,159
223,127,2,1,1,1,1,1,1,0,0,0,0,0,98,159
223,511,2,1,1,1,1,1,1,0,0,0,0,0,0,159
223,31,2,1,1,1,1,1,1,0,0,0,0,0,118,159
223,415,2,1,1,1,1,1,1,0,0,0,0,0,111,159
223,351,2,1,1,1,1,1,1,0,0,0,0,0,98,159
225,225,0,1,1,1,1,1,1,0,0,0,0,0,0,109
225,224,1,0,0,1,0,0,0,0,0,0,0,0,67,109
225,227,1,1,1,1,1,1,1,0,0,0,0,0,0,109
225,229,1,1,1,1,1,1,1,0,0,0,0,0,0,109
225,233,1,1,1,1,1,1,1,0,0,0,0,0,0,109
225,241,1,1,1,1,1,1,1,0,0,0,0,0,0,109
225,193,1,0,0,1,0,0,0,0,0,0,0,0,74,109
225,161,1,1,1,1,1,1,1,0,0,0,0,0,67,109
225,97,1,1,1,1,0,0,1,0,1,1,1,0,42,109
225,481,1,1,1,1,1,1,1,0,0,0,0,0,0,109
225,226,2,1,0,1,0,0,0,0,0,0,0,0,67,109
225,228,2,0,0,1,0,0,0,0,0,0,0,0,67,109
225,232,2,1,0,1,0,0,0,0,0,0,0,0,67,109
225,240,2,1,0,1,0,0,0,0,0,0,0,0,67,109
225,192,2,0,0,1,0,0,0,0,0,0,0,0,91,109
225,160,2,0,0,1,0,0,0,0,0,0,0,0,90,109
225,96,2,0,0,1,0,0,0,0,0,0,0,0,77,109
225,480,2,0,0,1,0,0,0,0,0,0,0,0,67,109
225,231,2,1,1,1,1,1,1,0,0,0,0,0,0,109
225,235,2,1,1,1,1,1,1,0,0,0,0,0,0,109
225,243,2,1,1,1,1,1,1,0,0,0,0,0,0,109
225,195,2,1,0,1,0,0,0,0,0,0,0,0,74,109
225,163,2,1,1,1,1,1,1,0,0,0,0,0,67,109
225,99,2,1,1,1,0,0,1,0,1,1,1,0,42,109
225,483,2,1,1,1,1,1,1,0,0,0,0,0,0,109
225,237,2,1,1,1,1,1,1,0,0,0,0,0,0,109
225,245,2,1,1,1,1,1,1,0,0,0,0,0,0,109
225,197,2,1,0,1,0,0,0,0,0,0,0,0,74,109
225,165,2,1,1,1,1,1,1,0,0,0,0,0,67,109
225,101,2,1,1,1,0,0,1,0,1,1,1,0,42,109
225,485,2,1,1,1,1,1,1,0,0,0,0,0,0,109
225,249,2,1,1,1,1,1,1,0,0,0,0,0,0,109
225,201,2,0,0,1,0,0,0,0,0,0,0,0,74,109
225,169,2,1,1,1,1,1,1,0,0,0,0,0,67,109
225,105,2,1,1,1,0,0,1,0,1,1,1,0,42,109
225,489,2,1,1,1,1,1,1,0,0,0,0,0,0,109
225,209,2,1,0,1,0,0,0,0,0,0,0,0,74,109
225,177,2,1,1,1,1,1,1,0,0,0,0,0,67,109
225,113,2,1,1,1,0,0,1,0,1,1,1,0,42,109
225,497,2,1,1,1,1,1,1,0,0,0,0,0,0,109
225,129,2,0,0,1,0,0,0,0,0,0,0,0,91,109
225,65,2,0,0,1,0,0,0,0,0,0,0,0,78,109
225,449,2,0,0,1,0,0,0,0,0,0,0,0,74,109
225,33,2,0,0,1,0,0,0,0,0,0,0,0,71,109
225,417,2,1,1,1,1,1,1,0,0,0,0,0,67,109
225,353,2,1,1,1,0,0,1,0,1,1,1,0,42,109
226,226,0,1,1,1,1,1,1,0,0,0,0,0,0,70
226,227,1,1,1,1,1,1,1,0,0,0,0,0,0,70
226,224,1,0,0,1,0,0,0,0,0,0,0,0,36,70
226,230,1,1,1,1,1,1,1,0,0,0,0,0,0,70
226,234,1,1,1,1,1,1,1,0,0,0,0,0,0,70
226,242,1,1,1,1,1,1,1,0,0,0,0,0,0,70
226,194,1,1,1,1,1,1,1,0,0,0,0,0,36,70
226,162,1,1,1,1,1,1,1,0,0,0,0,0,46,70
226,98,1,1,1,1,0,0,1,0,1,1,1,0,19,70
226,482,1,1,1,1,1,1,1,0,0,0,0,0,0,70
226,225,2,1,0,1,0,0,0,0,0,0,0,0,36,70
226,231,2,1,1,1,1,1,1,0,0,0,0,0,0,70
226,235,2,1,1,1,1,1,1,0,0,0,0,0,0,70
226,243,2,1,1,1,1,1,1,0,0,0,0,0,0,70
226,195,2,1,1,1,1,1,1,0,0,0,0,0,36,70
226,163,2,1,1,1,1,1,1,0,0,0,0,0,46,70
226,99,2,1,1,1,0,0,1,0,1,1,1,0,19,70
226,483,2,1,1,1,1,1,1,0,0,0,0,0,0,70
226,228,2,0,0,1,0,0,0,0,0,0,0,0,36,70
226,232,2,1,0,1,0,0,0,0,0,0,0,0,36,70
226,240,2,1,0,1,0,0,0,0,0,0,0,0,36,70
226,192,2,0,0,1,0,0,0,0,0,0,0,0,56,70
226,160,2,0,0,1,0,0,0,0,0,0,0,0,55,70
226,96,2,0,0,1,0,0,0,0,0,0,0,0,43,70
226,480,2,0,0,1,0,0,0,0,0,0,0,0,36,70
226,238,2,1,1,1,1,1,1,0,0,0,0,0,0,70
226,246,2,1,1,1,1,1,1,0,0,0,0,0,0,70
226,198,2,1,1,1,1,1,1,0,0,0,0,0,36,70
226,166,2,1,1,1,1,1,1,0,0,0,0,0,46,70
226,102,2,1,1,1,0,0,1,0,1,1,1,0,19,70
226,486,2,1,1,1,1,1,1,0,0,0,0,0,0,70
226,250,2,1,1,1,1,1,1,0,0,0,0,0,0,70
226,202,2,1,1,1,1,1,1,0,0,0,0,0,36,70
226,170,2,1,1,1,1,1,1,0,0,0,0,0,46,70
226,106,2,1,1,1,0,0,1,0,1,1,1,0,19,70
226,490,2,1,1,1,1,1,1,0,0,0,0,0,0,70
226,210,2,1,1,1,1,1,1,0,0,0,0,0,36,70
226,178,2,1,1,1,1,1,1,0,0,0,0,0,46,70
226,114,2,1,1,1,0,0,1,0,1,1,1,0,19,70
226,498,2,1,1,1,1,1,1,0,0,0,0,0,0,70
226,130,2,1,1,1,1,1,1,0,0,0,0,0,55,70
226,66,2,0,0,1,0,0,0,0,0,0,0,0,38,70
226,450,2,1,1,1,1,1,1,0,0,0,0,0,36,70
226,34,2,0,0,1,0,0,0,0,0,0,0,0,49,70
226,418,2,1,1,1,1,1,1,0,0,0,0,0,46,70
226,354,2,1,1,1,0,0,1,0,1,1,1,0,19,70
227,227,0,1,1,1,1,1,1,0,0,0,0,0,0,110
227,226,1,1,1,1,1,1,1,0,0,0,0,0,67,110
227,225,1,1,1,1,0,0,1,0,1,1,1,0,42,110
227,231,1,1,1,1,1,1,1,0,0,0,0,0,0,110
227,235,1,1,1,1,1,1,1,0,0,0,0,0,0,110
227,243,1,1,1,1,1,1,1,0,0,0,0,0,0,110
227,195,1,1,1,1,1,1,1,0,0,0,0,0,74,110
227,163,1,1,1,1,1,1,1,0,0,0,0,0,67,110
227,99,1,1,1,1,0,0,1,0,1,1,1,0,42,110
227,483,1,1,1,1,1,1,1,0,0,0,0,0,0,110
227,224,2,0,0,1,0,0,0,0,0,0,0,0,71,110
227,230,2,1,1,1,1,1,1,0,0,0,0,0,67,110
227,234,2,1,1,1,1,1,1,0,0,0,0,0,67,110
227,242,2,1,1,1,1,1,1,0,0,0,0,0,67,110
227,194,2,1,1,1,1,1,1,0,0,0,0,0,91,110
227,162,2,1,1,1,1,1,1,0,0,0,0,0,90,110
227,98,2,1,1,1,0,0,1,0,1,1,1,0,77,110
227,482,2,1,1,1,1,1,1,0,0,0,0,0,67,110
227,229,2,1,1,1,0,0,1,0,1,1,1,0,42,110
227,233,2,1,1,1,0,0,1,0,1,1,1,0,42,110
227,241,2,1,1,1,0,0,1,0,1,1,1,0,42,110
227,193,2,0,0,1,0,0,0,0,0,0,0,0,78,110
227,161,2,1,1,1,0,0,1,0,1,1,1,0,77,110
227,97,2,1,1,1,0,0,1,0,1,1,1,0,57,110
227,481,2,1,1,1,0,0,1,0,1,1,1,0,42,110
227,239,2,1,1,1,1,1,1,0,0,0,0,0,0,110
227,247,2,1,1,1,1,1,1,0,0,0,0,0,0,110
227,199,2,1,1,1,1,1,1,0,0,0,0,0,74,110
227,167,2,1,1,1,1,1,1,0,0,0,0,0,67,110
227,103,2,1,1,1,0,0,1,0,1,1,1,0,42,110
227,487,2,1,1,1,1,1,1,0,0,0,0,0,0,110
227,251,2,1,1,1,1,1,1,0,0,0,0,0,0,110
227,203,2,1,1,1,1,1,1,0,0,0,0,0,74,110
227,171,2,1,1,1,1,1,1,0,0,0,0,0,67,110
227,107,2,1,1,1,0,0,1,0,1,1,1,0,42,110
227,491,2,1,1,1,1,1,1,0,0,0,0,0,0,110
227,211,2,1,1,1,1,1,1,0,0,0,0,0,74,110
227,179,2,1,1,1,1,1,1,0,0,0,0,0,67,110
227,115,2,1,1,1,0,0,1,0,1,1,1,0,42,110
227,499,2,1,1,1,1,1,1,0,0,0,0,0,0,110
227,131,2,1,1,1,1,1,1,0,0,0,0,0,91,110
227,67,2,0,0,1,0,0,0,0,0,0,0,0,78,110
227,451,2,1,1,1,1,1,1,0,0,0,0,0,74,110
227,35,2,0,0,1,0,0,0,0,0,0,0,0,71,110
227,419,2,1,1,1,1,1,1,0,0,0,0,0,67,110
227,355,2,1,1,1,0,0,1,0,1,1,1,0,42,110
229,229,0,1,1,1,1,1,1,0,0,0,0,0,0,157
229,228,1,0,0,1,0,0,0,0,0,0,0,0,92,157
229,231,1,1,1,1,1,1,1,0,0,0,0,0,0,157
229,225,1,1,1,1,0,0,1,0,1,1,1,0,111,157
229,237,1,1,1,1,1,1,1,0,0,0,0,0,0,157
229,245,1,1,1,1,1,1,1,0,0,0,0,0,0,157
229,197,1,1,1,1,1,1,1,0,0,0,0,0,98,157
229,165,1,1,1,1,1,1,1,0,0,0,0,0,111,157
229,101,1,1,1,1,0,0,1,0,1,1,1,0,98,157
229,485,1,1,1,1,1,1,1,0,0,0,0,0,0,157
229,230,2,1,0,1,0,0,0,0,0,0,0,0,92,157
229,224,2,0,0,1,0,0,0,0,0,0,0,0,132,157
229,236,2,1,0,1,0,0,0,0,0,0,0,0,92,157
229,244,2,1,0,1,0,0,0,0,0,0,0,0,92,157
229,196,2,0,0,1,0,0,0,0,0,0,0,0,126,157
229,164,2,0,0,1,0,0,0,0,0,0,0,0,132,157
229,100,2,0,0,1,0,0,0,0,0,0,0,0,126,157
229,484,2,0,0,1,0,0,0,0,0,0,0,0,92,157
229,227,2,1,1,1,0,0,1,0,1,1,1,0,111,157
229,239,2,1,1,1,1,1,1,0,0,0,0,0,0,157
229,247,2,1,1,1,1,1,1,0,0,0,0,0,0,157
229,199,2,1,1,1,1,1,1,0,0,0,0,0,98,157
229,167,2,1,1,1,1,1,1,0,0,0,0,0,111,157
229,103,2,1,1,1,0,0,1,0,1,1,1,0,98,157
229,487,2,1,1,1,1,1,1,0,0,0,0,0,0,157
229,233,2,1,1,1,0,0,1,0,1,1,1,0,111,157
229,241,2,1,1,1,0,0,1,0,1,1,1,0,111,157
229,193,2,0,0,1,0,0,0,0,0,0,0,0,118,157
229,161,2,1,1,1,0,0,1,0,1,1,1,0,133,157
229,97,2,1,1,1,0,0,1,0,1,1,1,0,118,157
229,481,2,1,1,1,0,0,1,0,1,1,1,0,111,157
229,253,2,1,1,1,1,1,1,0,0,0,0,0,0,157
229,205,2,1,1,1,1,1,1,0,0,0,0,0,98,157
229,173,2,1,1,1,1,1,1,0,0,0,0,0,111,157
229,109,2,1,1,1,0,0,1,0,1,1,1,0,98,157
229,493,2,1,1,1,1,1,1,0,0,0,0,0,0,157
229,213,2,1,1,1,1,1,1,0,0,0,0,0,98,157
229,181,2,1,1,1,1,1,1,0,0,0,0,0,111,157
229,117,2,1,1,1,0,0,1,0,1,1,1,0,98,157
229,501,2,1,1,1,1,1,1,0,0,0,0,0,0,157
229,133,2,1,1,1,1,1,1,0,0,0,0,0,118,157
229,69,2,0,0,1,0,0,0,0,0,0,0,0,104,157
229,453,2,1,1,1,1,1,1,0,0,0,0,0,98,157
229,37,2,0,0,1,0,0,0,0,0,0,0,0,118,157
229,421,2,1,1,1,1,1,1,0,0,0,0,0,111,157
229,357,2,1,1,1,0,0,1,0,1,1,1,0,98,157
230,230,0,1,1,1,1,1,1,0,0,0,0,0,0,103
230,231,1,1,1,1,1,1,1,0,0,0,0,0,0,103
230,228,1,0,0,1,0,0,0,0,0,0,0,0,48,103
230,226,1,1,1,1,1,1,1,0,0,0,0,0,78,103
230,238,1,1,1,1,1,1,1,0,0,0,0,0,0,103
230,246,1,1,1,1,1,1,1,0,0,0,0,0,0,103
230,198,1,1,1,1,1,1,1,0,0,0,0,0,48,103
230,166,1,1,1,1,1,1,1,0,0,0,0,0,78,103
230,102,1,1,1,1,0,0,1,0,1,1,1,0,48,103
230,486,1,1,1,1,1,1,1,0,0,0,0,0,0,103
230,229,2,1,0,1,0,0,0,0,0,0,0,0,48,103
230,227,2,1,1,1,1,1,1,0,0,0,0,0,78,103
230,239,2,1,1,1,1,1,1,0,0,0,0,0,0,103
230,247,2,1,1,1,1,1,1,0,0,0,0,0,0,103
230,199,2,1,1,1,1,1,1,0,0,0,0,0,48,103
230,167,2,1,1,1,1,1,1,0,0,0,0,0,78,103
230,103,2,1,1,1,0,0,1,0,1,1,1,0,48,103
230,487,2,1,1,1,1,1,1,0,0,0,0,0,0,103
230,224,2,0,0,1,0,0,0,0,0,0,0,0,83,103
230,236,2,1,0,1,0,0,0,0,0,0,0,0,48,103
230,244,2,1,0,1,0,0,0,0,0,0,0,0,48,103
230,196,2,0,0,1,0,0,0,0,0,0,0,0,77,103
230,164,2,0,0,1,0,0,0,0,0,0,0,0,82,103
230,100,2,0,0,1,0,0,0,0,0,0,0,0,76,103
230,484,2,0,0,1,0,0,0,0,0,0,0,0,48,103
230,234,2,1,1,1,1,1,1,0,0,0,0,0,78,103
230,242,2,1,1,1,1,1,1,0,0,0,0,0,78,103
230,194,2,1,1,1,1,1,1,0,0,0,0,0,83,103
230,162,2,1,1,1,1,1,1,0,0,0,0,0,90,103
230,98,2,1,1,1,0,0,1,0,1,1,1,0,82,103
230,482,2,1,1,1,1,1,1,0,0,0,0,0,78,103
230,254,2,1,1,1,1,1,1,0,0,0,0,0,0,103
230,206,2,1,1,1,1,1,1,0,0,0,0,0,48,103
230,174,2,1,1,1,1,1,1,0,0,0,0,0,78,103
230,110,2,1,1,1,0,0,1,0,1,1,1,0,48,103
230,494,2,1,1,1,1,1,1,0,0,0,0,0,0,103
230,214,2,1,1,1,1,1,1,0,0,0,0,0,48,103
230,182,2,1,1,1,1,1,1,0,0,0,0,0,78,103
230,118,2,1,1,1,0,0,1,0,1,1,1,0,48,103
230,502,2,1,1,1,1,1,1,0,0,0,0,0,0,103
230,134,2,1,1,1,1,1,1,0,0,0,0,0,82,103
230,70,2,0,0,1,0,0,0,0,0,0,0,0,51,103
230,454,2,1,1,1,1,1,1,0,0,0,0,0,48,103
230,38,2,0,0,1,0,0,0,0,0,0,0,0,83,103
230,422,2,1,1,1,1,1,1,0,0,0,0,0,78,103
230,358,2,1,1,1,0,0,1,0,1,1,1,0,48,103
231,231,0,1,1,1,1,1,1,0,0,0,0,0,0,158
231,230,1,1,1,1,1,1,1,0,0,0,0,0,92,158
231,229,1,1,1,1,0,0,1,0,1,1,1,0,55,158
231,227,1,1,1,1,1,1,1,0,0,0,0,0,111,158
231,239,1,1,1,1,1,1,1,0,0,0,0,0,0,158
231,247,1,1,1,1,1,1,1,0,0,0,0,0,0,158
231,199,1,1,1,1,1,1,1,0,0,0,0,0,98,158
231,167,1,1,1,1,1,1,1,0,0,0,0,0,111,158
231,103,1,1,1,1,0,0,1,0,1,1,1,0,98,158
231,487,1,1,1,1,1,1,1,0,0,0,0,0,0,158
231,228,2,0,0,1,0,0,0,0,0,0,0,0,96,158
231,226,2,1,1,1,1,1,1,0,0,0,0,0,132,158
231,238,2,1,1,1,1,1,1,0,0,0,0,0,92,158
231,246,2,1,1,1,1,1,1,0,0,0,0,0,92,158
231,198,2,1,1,1,1,1,1,0,0,0,0,0,126,158
231,166,2,1,1,1,1,1,1,0,0,0,0,0,132,158
231,102,2,1,1,1,0,0,1,0,1,1,1,0,126,158
231,486,2,1,1,1,1,1,1,0,0,0,0,0,92,158
231,225,2,1,1,1,0,0,1,0,1,1,1,0,116,158
231,237,2,1,1,1,0,0,1,0,1,1,1,0,55,158
231,245,2,1,1,1,0,0,1,0,1,1,1,0,55,158
231,197,2,1,1,1,0,0,1,0,1,1,1,0,103,158
231,165,2,1,1,1,0,0,1,0,1,1,1,0,115,158
231,101,2,1,1,1,0,0,1,0,1,1,1,0,102,158
231,485,2,1,1,1,0,0,1,0,1,1,1,0,55,158
231,235,2,1,1,1,1,1,1,0,0,0,0,0,111,158
231,243,2,1,1,1,1,1,1,0,0,0,0,0,111,158
231,195,2,1,1,1,1,1,1,0,0,0,0,0,118,158
231,163,2,1,1,1,1,1,1,0,0,0,0,0,133,158
231,99,2,1,1,1,0,0,1,0,1,1,1,0,118,158
231,483,2,1,1,1,1,1,1,0,0,0,0,0,111,158
231,255,2,1,1,1,1,1,1,0,0,0,0,0,0,158
231,207,2,1,1,1,1,1,1,0,0,0,0,0,98,158
231,175,2,1,1,1,1,1,1,0,0,0,0,0,111,158
231,111,2,1,1,1,0,0,1,0,1,1,1,0,98,158
231,495,2,1,1,1,1,1,1,0,0,0,0,0,0,158
231,215,2,1,1,1,1,1,1,0,0,0,0,0,98,158
231,183,2,1,1,1,1,1,1,0,0,0,0,0,111,158
231,119,2,1,1,1,0,0,1,0,1,1,1,0,98,158
231,503,2,1,1,1,1,1,1,0,0,0,0,0,0,158
231,135,2,1,1,1,1,1,1,0,0,0,0,0,118,158
231,71,2,0,0,1,0,0,0,0,0,0,0,0,104,158
231,455,2,1,1,1,1,1,1,0,0,0,0,0,98,158
231,39,2,0,0,1,0,0,0,0,0,0,0,0,118,158
231,423,2,1,1,1,1,1,1,0,0,0,0,0,111,158
231,359,2,1,1,1,0,0,1,0,1,1,1,0,98,158
232,232,0,1,1,1,1,1,1,0,0,0,0,0,0,44
232,233,1,1,1,1,1,1,1,0,0,0,0,0,0,44
232,234,1,1,1,1,1,1,1,0,0,0,0,0,0,44
232,236,1,1,1,1,1,1,1,0,0,0,0,0,0,44
232,224,1,0,0,1,0,0,0,0,0,0,0,0,16,44
232,248,1,1,1,1,1,1,1,0,0,0,0,0,0,44
232,200,1,0,0,1,0,0,0,0,0,0,0,0,26,44
232,168,1,1,1,1,1,1,1,0,0,0,0,0,16,44
232,104,1,1,1,1,1,1,1,0,0,0,0,0,6,44
232,488,1,1,1,1,1,1,1,0,0,0,0,0,0,44
232,235,2,1,1,1,1,1,1,0,0,0,0,0,0,44
232,237,2,1,1,1,1,1,1,0,0,0,0,0,0,44
232,225,2,1,0,1,0,0,0,0,0,0,0,0,16,44
232,249,2,1,1,1,1,1,1,0,0,0,0,0,0,44
232,201,2,0,0,1,0,0,0,0,0,0,0,0,26,44
232,169,2,1,1,1,1,1,1,0,0,0,0,0,16,44
232,105,2,1,1,1,1,1,1,0,0,0,0,0,6,44
232,489,2,1,1,1,1,1,1,0,0,0,0,0,0,44
232,238,2,1,1,1,1,1,1,0,0,0,0,0,0,44
232,226,2,1,0,1,0,0,0,0,0,0,0,0,16,44
232,250,2,1,1,1,1,1,1,0,0,0,0,0,0,44
232,202,2,1,0,1,0,0,0,0,0,0,0,0,26,44
232,170,2,1,1,1,1,1,1,0,0,0,0,0,16,44
232,106,2,1,1,1,1,1,1,0,0,0,0,0,6,44
232,490,2,1,1,1,1,1,1,0,0,0,0,0,0,44
232,228,2,0,0,1,0,0,0,0,0,0,0,0,16,44
232,252,2,1,1,1,1,1,1,0,0,0,0,0,0,44
232,204,2,1,0,1,0,0,0,0,0,0,0,0,26,44
232,172,2,1,1,1,1,1,1,0,0,0,0,0,16,44
232,108,2,1,1,1,1,1,1,0,0,0,0,0,6,44
232,492,2,1,1,1,1,1,1,0,0,0,0,0,0,44
232,240,2,1,0,1,0,0,0,0,0,0,0,0,16,44
232,192,2,0,0,1,0,0,0,0,0,0,0,0,32,44
232,160,2,0,0,1,0,0,0,0,0,0,0,0,32,44
232,96,2,0,0,1,0,0,0,0,0,0,0,0,22,44
232,480,2,0,0,1,0,0,0,0,0,0,0,0,16,44
232,216,2,1,0,1,0,0,0,0,0,0,0,0,26,44
232,184,2,1,1,1,1,1,1,0,0,0,0,0,16,44
232,120,2,1,1,1,1,1,1,0,0,0,0,0,6,44
232,504,2,1,1,1,1,1,1,0,0,0,0,0,0,44
232,136,2,0,0,1,0,0,0,0,0,0,0,0,32,44
232,72,2,0,0,1,0,0,0,0,0,0,0,0,27,44
232,456,2,0,0,1,0,0,0,0,0,0,0,0,26,44
232,40,2,1,1,1,1,1,1,0,0,0,0,0,17,44
232,424,2,1,1,1,1,1,1,0,0,0,0,0,16,44
232,360,2,1,1,1,1,1,1,0,0,0,0,0,6,44
233,233,0,1,1,1,1,1,1,0,0,0,0,0,0,110
233,232,1,1,1,1,0,0,1,0,1,1,1,0,67,110
233,235,1,1,1,1,1,1,1,0,0,0,0,0,0,110
233,237,1,1,1,1,1,1,1,0,0,0,0,0,0,110
233,225,1,1,1,1,1,1,1,0,0,0,0,0,22,110
233,249,1,1,1,1,1,1,1,0,0,0,0,0,0,110
233,201,1,0,0,1,0,0,0,0,0,0,0,0,74,110
233,169,1,1,1,1,1,1,1,0,0,0,0,0,67,110
233,105,1,1,1,1,0,0,1,0,1,1,1,0,42,110
233,489,1,1,1,1,1,1,1,0,0,0,0,0,0,110
233,234,2,1,1,1,0,0,1,0,1,1,1,0,67,110
233,236,2,1,1,1,0,0,1,0,1,1,1,0,67,110
233,224,2,0,0,1,0,0,0,0,0,0,0,0,70,110
233,248,2,1,1,1,0,0,1,0,1,1,1,0,67,110
233,200,2,0,0,1,0,0,0,0,0,0,0,0,91,110
233,168,2,1,1,1,0,0,1,0,1,1,1,0,90,110
233,104,2,1,1,1,0,0,1,0,1,1,1,0,77,110
233,488,2,1,1,1,0,0,1,0,1,1,1,0,67,110
233,239,2,1,1,1,1,1,1,0,0,0,0,0,0,110
233,227,2,1,1,1,1,1,1,0,0,0,0,0,22,110
233,251,2,1,1,1,1,1,1,0,0,0,0,0,0,110
233,203,2,1,0,1,0,0,0,0,0,0,0,0,74,110
233,171,2,1,1,1,1,1,1,0,0,0,0,0,67,110
233,107,2,1,1,1,0,0,1,0,1,1,1,0,42,110
233,491,2,1,1,1,1,1,1,0,0,0,0,0,0,110
233,229,2,1,1,1,1,1,1,0,0,0,0,0,22,110
233,253,2,1,1,1,1,1,1,0,0,0,0,0,0,110
233,205,2,1,0,1,0,0,0,0,0,0,0,0,74,110
233,173,2,1,1,1,1,1,1,0,0,0,0,0,67,110
233,109,2,1,1,1,0,0,1,0,1,1,1,0,42,110
233,493,2,1,1,1,1,1,1,0,0,0,0,0,0,110
233,241,2,1,1,1,1,1,1,0,0,0,0,0,22,110
233,193,2,0,0,1,0,0,0,0,0,0,0,0,76,110
233,161,2,1,1,1,1,1,1,0,0,0,0,0,70,110
233,97,2,1,1,1,0,0,1,0,1,1,1,0,44,110
233,481,2,1,1,1,1,1,1,0,0,0,0,0,22,110
233,217,2,1,0,1,0,0,0,0,0,0,0,0,74,110
233,185,2,1,1,1,1,1,1,0,0,0,0,0,67,110
233,121,2,1,1,1,0,0,1,0,1,1,1,0,42,110
233,505,2,1,1,1,1,1,1,0,0,0,0,0,0,110
233,137,2,0,0,1,0,0,0,0,0,0,0,0,91,110
233,73,2,0,0,1,0,0,0,0,0,0,0,0,78,110
233,457,2,0,0,1,0,0,0,0,0,0,0,0,74,110
233,41,2,1,1,1,0,0,1,0,1,1,1,0,71,110
233,425,2,1,1,1,1,1,1,0,0,0,0,0,67,110
233,361,2,1,1,1,0,0,1,0,1,1,1,0,42,110
234,234,0,1,1,1,1,1,1,0,0,0,0,0,0,71
234,235,1,1,1,1,1,1,1,0,0,0,0,0,0,71
234,232,1,1,1,1,0,0,1,0,1,1,1,0,36,71
234,238,1,1,1,1,1,1,1,0,0,0,0,0,0,71
234,226,1,1,1,1,1,1,1,0,0,0,0,0,19,71
234,250,1,1,1,1,1,1,1,0,0,0,0,0,0,71
234,202,1,1,1,1,1,1,1,0,0,0,0,0,36,71
234,170,1,1,1,1,1,1,1,0,0,0,0,0,46,71
234,106,1,1,1,1,0,0,1,0,1,1,1,0,19,71
234,490,1,1,1,1,1,1,1,0,0,0,0,0,0,71
234,233,2,1,1,1,0,0,1,0,1,1,1,0,36,71
234,239,2,1,1,1,1,1,1,0,0,0,0,0,0,71
234,227,2,1,1,1,1,1,1,0,0,0,0,0,19,71
234,251,2,1,1,1,1,1,1,0,0,0,0,0,0,71
234,203,2,1,1,1,1,1,1,0,0,0,0,0,36,71
234,171,2,1,1,1,1,1,1,0,0,0,0,0,46,71
234,107,2,1,1,1,0,0,1,0,1,1,1,0,19,71
234,491,2,1,1,1,1,1,1,0,0,0,0,0,0,71
234,236,2,1,1,1,0,0,1,0,1,1,1,0,36,71
234,224,2,0,0,1,0,0,0,0,0,0,0,0,38,71
234,248,2,1,1,1,0,0,1,0,1,1,1,0,36,71
234,200,2,0,0,1,0,0,0,0,0,0,0,0,56,71
234,168,2,1,1,1,0,0,1,0,1,1,1,0,55,71
234,104,2,1,1,1,0,0,1,0,1,1,1,0,43,71
234,488,2,1,1,1,0,0,1,0,1,1,1,0,36,71
234,230,2,1,1,1,1,1,1,0,0,0,0,0,19,71
234,254,2,1,1,1,1,1,1,0,0,0,0,0,0,71
234,206,2,1,1,1,1,1,1,0,0,0,0,0,36,71
234,174,2,1,1,1,1,1,1,0,0,0,0,0,46,71
234,110,2,1,1,1,0,0,1,0,1,1,1,0,19,71
234,494,2,1,1,1,1,1,1,0,0,0,0,0,0,71
234,242,2,1,1,1,1,1,1,0,0,0,0,0,19,71
234,194,2,1,1,1,1,1,1,0,0,0,0,0,43,71
234,162,2,1,1,1,1,1,1,0,0,0,0,0,49,71
234,98,2,1,1,1,0,0,1,0,1,1,1,0,32,71
234,482,2,1,1,1,1,1,1,0,0,0,0,0,19,71
234,218,2,1,1,1,1,1,1,0,0,0,0,0,36,71
234,186,2,1,1,1,1,1,1,0,0,0,0,0,46,71
234,122,2,1,1,1,0,0,1,0,1,1,1,0,19,71
234,506,2,1,1,1,1,1,1,0,0,0,0,0,0,71
234,138,2,1,1,1,1,1,1,0,0,0,0,0,55,71
234,74,2,0,0,1,0,0,0,0,0,0,0,0,38,71
234,458,2,1,1,1,1,1,1,0,0,0,0,0,36,71
234,42,2,1,1,1,0,0,1,0,1,1,1,0,49,71
234,426,2,1,1,1,1,1,1,0,0,0,0,0,46,71
234,362,2,1,1,1,0,0,1,0,1,1,1,0,19,71
235,235,0,1,1,1,1,1,1,0,0,0,0,0,0,111
235,234,1,1,1,1,1,1,1,0,0,0,0,0,67,111
235,233,1,1,1,1,0,0,1,0,1,1,1,0,42,111
235,239,1,1,1,1,1,1,1,0,0,0,0,0,0,111
235,227,1,1,1,1,1,1,1,0,0,0,0,0,22,111
235,251,1,1,1,1,1,1,1,0,0,0,0,0,0,111
235,203,1,1,1,1,1,1,1,0,0,0,0,0,74,111
235,171,1,1,1,1,1,1,1,0,0,0,0,0,67,111
235,107,1,1,1,1,0,0,1,0,1,1,1,0,42,111
235,491,1,1,1,1,1,1,1,0,0,0,0,0,0,111
235,232,2,1,1,1,0,0,1,0,1,1,1,0,71,111
235,238,2,1,1,1,1,1,1,0,0,0,0,0,67,111
235,226,2,1,1,1,1,1,1,0,0,0,0,0,70,111
235,250,2,1,1,1,1,1,1,0,0,0,0,0,67,111
235,202,2,1,1,1,1,1,1,0,0,0,0,0,91,111
235,170,2,1,1,1,1,1,1,0,0,0,0,0,90,111
235,106,2,1,1,1,0,0,1,0,1,1,1,0,77,111
235,490,2,1,1,1,1,1,1,0,0,0,0,0,67,111
235,237,2,1,1,1,0,0,1,0,1,1,1,0,42,111
235,225,2,1,1,1,0,0,1,0,1,1,1,0,44,111
235,249,2,1,1,1,0,0,1,0,1,1,1,0,42,111
235,201,2,0,0,1,0,0,0,0,0,0,0,0,78,111
235,169,2,1,1,1,0,0,1,0,1,1,1,0,77,111
235,105,2,1,1,1,0,0,1,0,1,1,1,0,57,111
235,489,2,1,1,1,0,0,1,0,1,1,1,0,42,111
235,231,2,1,1,1,1,1,1,0,0,0,0,0,22,111
235,255,2,1,1,1,1,1,1,0,0,0,0,0,0,111
235,207,2,1,1,1,1,1,1,0,0,0,0,0,74,111
235,175,2,1,1,1,1,1,1,0,0,0,0,0,67,111
235,111,2,1,1,1,0,0,1,0,1,1,1,0,42,111
235,495,2,1,1,1,1,1,1,0,0,0,0,0,0,111
235,243,2,1,1,1,1,1,1,0,0,0,0,0,22,111
235,195,2,1,1,1,1,1,1,0,0,0,0,0,76,111
235,163,2,1,1,1,1,1,1,0,0,0,0,0,70,111
235,99,2,1,1,1,0,0,1,0,1,1,1,0,44,111
235,483,2,1,1,1,1,1,1,0,0,0,0,0,22,111
235,219,2,1,1,1,1,1,1,0,0,0,0,0,74,111
235,187,2,1,1,1,1,1,1,0,0,0,0,0,67,111
235,123,2,1,1,1,0,0,1,0,1,1,1,0,42,111
235,507,2,1,1,1,1,1,1,0,0,0,0,0,0,111
235,139,2,1,1,1,1,1,1,0,0,0,0,0,91,111
235,75,2,0,0,1,0,0,0,0,0,0,0,0,78,111
235,459,2,1,1,1,1,1,1,0,0,0,0,0,74,111
235,43,2,1,1,1,0,0,1,0,1,1,1,0,71,111
235,427,2,1,1,1,1,1,1,0,0,0,0,0,67,111
235,363,2,1,1,1,0,0,1,0,1,1,1,0,42,111
236,236,0,1,1,1,1,1,1,0,0,0,0,0,0,103
236,237,1,1,1,1,1,1,1,0,0,0,0,0,0,103
236,238,1,1,1,1,1,1,1,0,0,0,0,0,0,103
236,232,1,1,1,1,0,0,1,0,1,1,1,0,78,103
236,228,1,0,0,1,0,0,0,0,0,0,0,0,48,103
236,252,1,1,1,1,1,1,1,0,0,0,0,0,0,103
236,204,1,1,1,1,1,1,1,0,0,0,0,0,48,103
236,172,1,1,1,1,1,1,1,0,0,0,0,0,78,103
236,108,1,1,1,1,0,0,1,0,1,1,1,0,48,103
236,492,1,1,1,1,1,1,1,0,0,0,0,0,0,103
236,239,2,1,1,1,1,1,1,0,0,0,0,0,0,103
236,233,2,1,1,1,0,0,1,0,1,1,1,0,78,103
236,229,2,1,0,1,0,0,0,0,0,0,0,0,48,103
236,253,2,1,1,1,1,1,1,0,0,0,0,0,0,103
236,205,2,1,1,1,1,1,1,0,0,0,0,0,48,103
236,173,2,1,1,1,1,1,1,0,0,0,0,0,78,103
236,109,2,1,1,1,0,0,1,0,1,1,1,0,48,103
236,493,2,1,1,1,1,1,1,0,0,0,0,0,0,103
236,234,2,1,1,1,0,0,1,0,1,1,1,0,78,103
236,230,2,1,0,1,0,0,0,0,0,0,0,0,48,103
236,254,2,1,1,1,1,1,1,0,0,0,0,0,0,103
236,206,2,1,1,1,1,1,1,0,0,0,0,0,48,103
236,174,2,1,1,1,1,1,1,0,0,0,0,0,78,103
236,110,2,1,1,1,0,0,1,0,1,1,1,0,48,103
236,494,2,1,1,1,1,1,1,0,0,0,0,0,0,103
236,224,2,0,0,1,0,0,0,0,0,0,0,0,82,103
236,248,2,1,1,1,0,0,1,0,1,1,1,0,78,103
236,200,2,0,0,1,0,0,0,0,0,0,0,0,83,103
236,168,2,1,1,1,0,0,1,0,1,1,1,0,90,103
236,104,2,1,1,1,0,0,1,0,1,1,1,0,82,103
236,488,2,1,1,1,0,0,1,0,1,1,1,0,78,103
236,244,2,1,0,1,0,0,0,0,0,0,0,0,48,103
236,196,2,0,0,1,0,0,0,0,0,0,0,0,76,103
236,164,2,0,0,1,0,0,0,0,0,0,0,0,83,103
236,100,2,0,0,1,0,0,0,0,0,0,0,0,77,103
236,484,2,0,0,1,0,0,0,0,0,0,0,0,48,103
236,220,2,1,1,1,1,1,1,0,0,0,0,0,48,103
236,188,2,1,1,1,1,1,1,0,0,0,0,0,78,103
236,124,2,1,1,1,0,0,1,0,1,1,1,0,48,103
236,508,2,1,1,1,1,1,1,0,0,0,0,0,0,103
236,140,2,1,1,1,1,1,1,0,0,0,0,0,82,103
236,76,2,0,0,1,0,0,0,0,0,0,0,0,51,103
236,460,2,1,1,1,1,1,1,0,0,0,0,0,48,103
236,44,2,1,1,1,0,0,1,0,1,1,1,0,83,103
236,428,2,1,1,1,1,1,1,0,0,0,0,0,78,103
236,364,2,1,1,1,0,0,1,0,1,1,1,0,48,103
237,237,0,1,1,1,1,1,1,0,0,0,0,0,0,158
237,236,1,1,1,1,0,0,1,0,1,1,1,0,92,158
237,239,1,1,1,1,1,1,1,0,0,0,0,0,0,158
237,233,1,1,1,1,0,0,1,0,1,1,1,0,111,158
237,229,1,1,1,1,1,1,1,0,0,0,0,0,55,158
237,253,1,1,1,1,1,1,1,0,0,0,0,0,0,158
237,205,1,1,1,1,1,1,1,0,0,0,0,0,98,158
237,173,1,1,1,1,1,1,1,0,0,0,0,0,111,158
237,109,1,1,1,1,0,0,1,0,1,1,1,0,98,158
237,493,1,1,1,1,1,1,1,0,0,0,0,0,0,158
237,238,2,1,1,1,0,0,1,0,1,1,1,0,92,158
237,232,2,1,1,1,0,0,1,0,1,1,1,0,132,158
237,228,2,0,0,1,0,0,0,0,0,0,0,0,96,158
237,252,2,1,1,1,0,0,1,0,1,1,1,0,92,158
237,204,2,1,1,1,0,0,1,0,1,1,1,0,126,158
237,172,2,1,1,1,0,0,1,0,1,1,1,0,132,158
237,108,2,1,1,1,0,0,1,0,1,1,1,0,126,158
237,492,2,1,1,1,0,0,1,0,1,1,1,0,92,158
237,235,2,1,1,1,0,0,1,0,1,1,1,0,111,158
237,231,2,1,1,1,1,1,1,0,0,0,0,0,55,158
237,255,2,1,1,1,1,1,1,0,0,0,0,0,0,158
237,207,2,1,1,1,1,1,1,0,0,0,0,0,98,158
237,175,2,1,1,1,1,1,1,0,0,0,0,0,111,158
237,111,2,1,1,1,0,0,1,0,1,1,1,0,98,158
237,495,2,1,1,1,1,1,1,0,0,0,0,0,0,158
237,225,2,1,1,1,0,0,1,0,1,1,1,0,115,158
237,249,2,1,1,1,0,0,1,0,1,1,1,0,111,158
237,201,2,0,0,1,0,0,0,0,0,0,0,0,118,158
237,169,2,1,1,1,0,0,1,0,1,1,1,0,133,158
237,105,2,1,1,1,0,0,1,0,1,1,1,0,118,158
237,489,2,1,1,1,0,0,1,0,1,1,1,0,111,158
237,245,2,1,1,1,1,1,1,0,0,0,0,0,55,158
237,197,2,1,1,1,1,1,1,0,0,0,0,0,102,158
237,165,2,1,1,1,1,1,1,0,0,0,0,0,116,158
237,101,2,1,1,1,0,0,1,0,1,1,1,0,103,158
237,485,2,1,1,1,1,1,1,0,0,0,0,0,55,158
237,221,2,1,1,1,1,1,1,0,0,0,0,0,98,158
237,189,2,1,1,1,1,1,1,0,0,0,0,0,111,158
237,125,2,1,1,1,0,0,1,0,1,1,1,0,98,158
237,509,2,1,1,1,1,1,1,0,0,0,0,0,0,158
237,141,2,1,1,1,1,1,1,0,0,0,0,0,118,158
237,77,2,0,0,1,0,0,0,0,0,0,0,0,104,158
237,461,2,1,1,1,1,1,1,0,0,0,0,0,98,158
237,45,2,1,1,1,0,0,1,0,1,1,1,0,118,158
237,429,2,1,1,1,1,1,1,0,0,0,0,0,111,158
237,365,2,1,1,1,0,0,1,0,1,1,1,0,98,158
238,238,0,1,1,1,1,1,1,0,0,0,0,0,0,104
238,239,1,1,1,1,1,1,1,0,0,0,0,0,0,104
238,236,1,1,1,1,0,0,1,0,1,1,1,0,48,104
238,234,1,1,1,1,1,1,1,0,0,0,0,0,78,104
238,230,1,1,1,1,1,1,1,0,0,0,0,0,48,104
238,254,1,1,1,1,1,1,1,0,0,0,0,0,0,104
238,206,1,1,1,1,1,1,1,0,0,0,0,0,48,104
238,174,1,1,1,1,1,1,1,0,0,0,0,0,78,104
238,110,1,1,1,1,0,0,1,0,1,1,1,0,48,104
238,494,1,1,1,1,1,1,1,0,0,0,0,0,0,104
238,237,2,1,1,1,0,0,1,0,1,1,1,0,48,104
238,235,2,1,1,1,1,1,1,0,0,0,0,0,78,104
238,231,2,1,1,1,1,1,1,0,0,0,0,0,48,104
238,255,2,1,1,1,1,1,1,0,0,0,0,0,0,104
238,207,2,1,1,1,1,1,1,0,0,0,0,0,48,104
238,175,2,1,1,1,1,1,1,0,0,0,0,0,78,104
238,111,2,1,1,1,0,0,1,0,1,1,1,0,48,104
238,495,2,1,1,1,1,1,1,0,0,0,0,0,0,104
238,232,2,1,1,1,0,0,1,0,1,1,1,0,83,104
238,228,2,0,0,1,0,0,0,0,0,0,0,0,51,104
238,252,2,1,1,1,0,0,1,0,1,1,1,0,48,104
238,204,2,1,1,1,0,0,1,0,1,1,1,0,77,104
238,172,2,1,1,1,0,0,1,0,1,1,1,0,82,104
238,108,2,1,1,1,0,0,1,0,1,1,1,0,76,104
238,492,2,1,1,1,0,0,1,0,1,1,1,0,48,104
238,226,2,1,1,1,1,1,1,0,0,0,0,0,82,104
238,250,2,1,1,1,1,1,1,0,0,0,0,0,78,104
238,202,2,1,1,1,1,1,1,0,0,0,0,0,83,104
238,170,2,1,1,1,1,1,1,0,0,0,0,0,90,104
238,106,2,1,1,1,0,0,1,0,1,1,1,0,82,104
238,490,2,1,1,1,1,1,1,0,0,0,0,0,78,104
238,246,2,1,1,1,1,1,1,0,0,0,0,0,48,104
238,198,2,1,1,1,1,1,1,0,0,0,0,0,76,104
238,166,2,1,1,1,1,1,1,0,0,0,0,0,83,104
238,102,2,1,1,1,0,0,1,0,1,1,1,0,77,104
238,486,2,1,1,1,1,1,1,0,0,0,0,0,48,104
238,222,2,1,1,1,1,1,1,0,0,0,0,0,48,104
238,190,2,1,1,1,1,1,1,0,0,0,0,0,78,104
238,126,2,1,1,1,0,0,1,0,1,1,1,0,48,104
238,510,2,1,1,1,1,1,1,0,0,0,0,0,0,104
238,142,2,1,1,1,1,1,1,0,0,0,0,0,82,104
238,78,2,0,0,1,0,0,0,0,0,0,0,0,51,104
238,462,2,1,1,1,1,1,1,0,0,0,0,0,48,104
238,46,2,1,1,1,0,0,1,0,1,1,1,0,83,104
238,430,2,1,1,1,1,1,1,0,0,0,0,0,78,104
238,366,2,1,1,1,0,0,1,0,1,1,1,0,48,104
239,239,0,1,1,1,1,1,1,0,0,0,0,0,0,159
239,238,1,1,1,1,1,1,1,0,0,0,0,0,92,159
239,237,1,1,1,1,0,0,1,0,1,1,1,0,55,159
239,235,1,1,1,1,1,1,1,0,0,0,0,0,111,159
239,231,1,1,1,1,1,1,1,0,0,0,0,0,55,159
239,255,1,1,1,1,1,1,1,0,0,0,0,0,0,159
239,207,1,1,1,1,1,1,1,0,0,0,0,0,98,159
239,175,1,1,1,1,1,1,1,0,0,0,0,0,111,159
239,111,1,1,1,1,0,0,1,0,1,1,1,0,98,159
239,495,1,1,1,1,1,1,1,0,0,0,0,0,0,159
239,236,2,1,1,1,0,0,1,0,1,1,1,0,96,159
239,234,2,1,1,1,1,1,1,0,0,0,0,0,132,159
239,230,2,1,1,1,1,1,1,0,0,0,0,0,96,159
239,254,2,1,1,1,1,1,1,0,0,0,0,0,92,159
239,206,2,1,1,1,1,1,1,0,0,0,0,0,126,159
239,174,2,1,1,1,1,1,1,0,0,0,0,0,132,159
239,110,2,1,1,1,0,0,1,0,1,1,1,0,126,159
239,494,2,1,1,1,1,1,1,0,0,0,0,0,92,159
239,233,2,1,1,1,0,0,1,0,1,1,1,0,116,159
239,229,2,1,1,1,0,0,1,0,1,1,1,0,58,159
239,253,2,1,1,1,0,0,1,0,1,1,1,0,55,159
239,205,2,1,1,1,0,0,1,0,1,1,1,0,103,159
239,173,2,1,1,1,0,0,1,0,1,1,1,0,115,159
239,109,2,1,1,1,0,0,1,0,1,1,1,0,102,159
239,493,2,1,1,1,0,0,1,0,1,1,1,0,55,159
239,227,2,1,1,1,1,1,1,0,0,0,0,0,115,159
239,251,2,1,1,1,1,1,1,0,0,0,0,0,111,159
239,203,2,1,1,1,1,1,1,0,0,0,0,0,118,159
239,171,2,1,1,1,1,1,1,0,0,0,0,0,133,159
239,107,2,1,1,1,0,0,1,0,1,1,1,0,118,159
239,491,2,1,1,1,1,1,1,0,0,0,0,0,111,159
239,247,2,1,1,1,1,1,1,0,0,0,0,0,55,159
239,199,2,1,1,1,1,1,1,0,0,0,0,0,102,159
239,167,2,1,1,1,1,1,1,0,0,0,0,0,116,159
239,103,2,1,1,1,0,0,1,0,1,1,1,0,103,159
239,487,2,1,1,1,1,1,1,0,0,0,0,0,55,159
239,223,2,1,1,1,1,1,1,0,0,0,0,0,98,159
239,191,2,1,1,1,1,1,1,0,0,0,0,0,111,159
239,127,2,1,1,1,0,0,1,0,1,1,1,0,98,159
239,511,2,1,1,1,1,1,1,0,0,0,0,0,0,159
239,143,2,1,1,1,1,1,1,0,0,0,0,0,118,159
239,79,2,0,0,1,0,0,0,0,0,0,0,0,104,159
239,463,2,1,1,1,1,1,1,0,0,0,0,0,98,159
239,47,2,1,1,1,0,0,1,0,1,1,1,0,118,159
239,431,2,1,1,1,1,1,1,0,0,0,0,0,111,159
239,367,2,1,1,1,0,0,1,0,1,1,1,0,98,159
240,240,0,1,1,1,1,1,1,0,0,0,0,0,0,28
240,241,1,1,1,1,1,1,1,0,0,0,0,0,0,28
240,242,1,1,1,1,1,1,1,0,0,0,0,0,0,28
240,244,1,1,1,1,1,1,1,0,0,0,0,0,0,28
240,248,1,1,1,1,1,1,1,0,0,0,0,0,0,28
240,224,1,0,0,1,0,0,0,0,0,0,0,0,5,28
240,208,1,1,1,1,1,1,1,0,0,0,0,0,13,28
240,176,1,1,1,1,1,1,1,0,0,0,0,0,13,28
240,112,1,1,1,1,1,1,1,0,0,0,0,0,5,28
240,496,1,1,1,1,1,1,1,0,0,0,0,0,0,28
240,243,2,1,1,1,1,1,1,0,0,0,0,0,0,28
240,245,2,1,1,1,1,1,1,0,0,0,0,0,0,28
240,249,2,1,1,1,1,1,1,0,0,0,0,0,0,28
240,225,2,1,0,1,0,0,0,0,0,0,0,0,5,28
240,209,2,1,1,1,1,1,1,0,0,0,0,0,13,28
240,177,2,1,1,1,1,1,1,0,0,0,0,0,13,28
240,113,2,1,1,1,1,1,1,0,0,0,0,0,5,28
240,497,2,1,1,1,1,1,1,0,0,0,0,0,0,28
240,246,2,1,1,1,1,1,1,0,0,0,0,0,0,28
240,250,2,1,1,1,1,1,1,0,0,0,0,0,0,28
240,226,2,1,0,1,0,0,0,0,0,0,0,0,5,28
240,210,2,1,1,1,1,1,1,0,0,0,0,0,13,28
240,178,2,1,1,1,1,1,1,0,0,0,0,0,13,28
240,114,2,1,1,1,1,1,1,0,0,0,0,0,5,28
240,498,2,1,1,1,1,1,1,0,0,0,0,0,0,28
240,252,2,1,1,1,1,1,1,0,0,0,0,0,0,28
240,228,2,0,0,1,0,0,0,0,0,0,0,0,5,28
240,212,2,1,1,1,1,1,1,0,0,0,0,0,13,28
240,180,2,1,1,1,1,1,1,0,0,0,0,0,13,28
240,116,2,1,1,1,1,1,1,0,0,0,0,0,5,28
240,500,2,1,1,1,1,1,1,0,0,0,0,0,0,28
240,232,2,1,0,1,0,0,0,0,0,0,0,0,5,28
240,216,2,1,1,1,1,1,1,0,0,0,0,0,13,28
240,184,2,1,1,1,1,1,1,0,0,0,0,0,13,28
240,120,2,1,1,1,1,1,1,0,0,0,0,0,5,28
240,504,2,1,1,1,1,1,1,0,0,0,0,0,0,28
240,192,2,0,0,1,0,0,0,0,0,0,0,0,18,28
240,160,2,0,0,1,0,0,0,0,0,0,0,0,18,28
240,96,2,0,0,1,0,0,0,0,0,0,0,0,10,28
240,480,2,0,0,1,0,0,0,0,0,0,0,0,5,28
240,144,2,1,1,1,1,1,1,0,0,0,0,0,18,28
240,80,2,1,1,1,1,1,1,0,0,0,0,0,14,28
240,464,2,1,1,1,1,1,1,0,0,0,0,0,13,28
240,48,2,1,1,1,1,1,1,0,0,0,0,0,14,28
240,432,2,1,1,1,1,1,1,0,0,0,0,0,13,28
240,368,2,1,1,1,1,1,1,0,0,0,0,0,5,28
241,241,0,1,1,1,1,1,1,0,0,0,0,0,0,110
241,240,1,1,1,1,1,1,1,0,0,0,0,0,67,110
241,243,1,1,1,1,1,1,1,0,0,0,0,0,0,110
241,245,1,1,1,1,1,1,1,0,0,0,0,0,0,110
241,249,1,1,1,1,1,1,1,0,0,0,0,0,0,110
241,225,1,1,1,1,0,0,1,0,1,1,1,0,8,110
241,209,1,1,1,1,1,1,1,0,0,0,0,0,74,110
241,177,1,1,1,1,1,1,1,0,0,0,0,0,67,110
241,113,1,1,1,1,1,1,1,0,0,0,0,0,42,110
241,497,1,1,1,1,1,1,1,0,0,0,0,0,0,110
241,242,2,1,1,1,1,1,1,0,0,0,0,0,67,110
241,244,2,1,1,1,1,1,1,0,0,0,0,0,67,110
241,248,2,1,1,1,1,1,1,0,0,0,0,0,67,110
241,224,2,0,0,1,0,0,0,0,0,0,0,0,69,110
241,208,2,1,1,1,1,1,1,0,0,0,0,0,91,110
241,176,2,1,1,1,1,1,1,0,0,0,0,0,90,110
241,112,2,1,1,1,1,1,1,0,0,0,0,0,77,110
241,496,2,1,1,1,1,1,1,0,0,0,0,0,67,110
241,247,2,1,1,1,1,1,1,0,0,0,0,0,0,110
241,251,2,1,1,1,1,1,1,0,0,0,0,0,0,110
241,227,2,1,1,1,0,0,1,0,1,1,1,0,8,110
241,211,2,1,1,1,1,1,1,0,0,0,0,0,74,110
241,179,2,1,1,1,1,1,1,0,0,0,0,0,67,110
241,115,2,1,1,1,1,1,1,0,0,0,0,0,42,110
241,499,2,1,1,1,1,1,1,0,0,0,0,0,0,110
241,253,2,1,1,1,1,1,1,0,0,0,0,0,0,110
241,229,2,1,1,1,0,0,1,0,1,1,1,0,8,110
241,213,2,1,1,1,1,1,1,0,0,0,0,0,74,110
241,181,2,1,1,1,1,1,1,0,0,0,0,0,67,110
241,117,2,1,1,1,1,1,1,0,0,0,0,0,42,110
241,501,2,1,1,1,1,1,1,0,0,0,0,0,0,110
241,233,2,1,1,1,0,0,1,0,1,1,1,0,8,110
241,217,2,1,1,1,1,1,1,0,0,0,0,0,74,110
241,185,2,1,1,1,1,1,1,0,0,0,0,0,67,110
241,121,2,1,1,1,1,1,1,0,0,0,0,0,42,110
241,505,2,1,1,1,1,1,1,0,0,0,0,0,0,110
241,193,2,0,0,1,0,0,0,0,0,0,0,0,75,110
241,161,2,1,1,1,0,0,1,0,1,1,1,0,69,110
241,97,2,1,1,1,0,0,1,0,1,1,1,0,43,110
241,481,2,1,1,1,0,0,1,0,1,1,1,0,8,110
241,145,2,1,1,1,1,1,1,0,0,0,0,0,91,110
241,81,2,1,1,1,1,1,1,0,0,0,0,0,78,110
241,465,2,1,1,1,1,1,1,0,0,0,0,0,74,110
241,49,2,1,1,1,1,1,1,0,0,0,0,0,71,110
241,433,2,1,1,1,1,1,1,0,0,0,0,0,67,110
241,369,2,1,1,1,1,1,1,0,0,0,0,0,42,110
242,242,0,1,1,1,1,1,1,0,0,0,0,0,0,71
242,243,1,1,1,1,1,1,1,0,0,0,0,0,0,71
242,240,1,1,1,1,1,1,1,0,0,0,0,0,36,71
242,246,1,1,1,1,1,1,1,0,0,0,0,0,0,71
242,250,1,1,1,1,1,1,1,0,0,0,0,0,0,71
242,226,1,1,1,1,0,0,1,0,1,1,1,0,7,71
242,210,1,1,1,1,1,1,1,0,0,0,0,0,36,71
242,178,1,1,1,1,1,1,1,0,0,0,0,0,46,71
242,114,1,1,1,1,1,1,1,0,0,0,0,0,19,71
242,498,1,1,1,1,1,1,1,0,0,0,0,0,0,71
242,241,2,1,1,1,1,1,1,0,0,0,0,0,36,71
242,247,2,1,1,1,1,1,1,0,0,0,0,0,0,71
242,251,2,1,1,1,1,1,1,0,0,0,0,0,0,71
242,227,2,1,1,1,0,0,1,0,1,1,1,0,7,71
242,211,2,1,1,1,1,1,1,0,0,0,0,0,36,71
242,179,2,1,1,1,1,1,1,0,0,0,0,0,46,71
242,115,2,1,1,1,1,1,1,0,0,0,0,0,19,71
242,499,2,1,1,1,1,1,1,0,0,0,0,0,0,71
242,244,2,1,1,1,1,1,1,0,0,0,0,0,36,71
242,248,2,1,1,1,1,1,1,0,0,0,0,0,36,71
242,224,2,0,0,1,0,0,0,0,0,0,0,0,37,71
242,208,2,1,1,1,1,1,1,0,0,0,0,0,56,71
242,176,2,1,1,1,1,1,1,0,0,0,0,0,55,71
242,112,2,1,1,1,1,1,1,0,0,0,0,0,43,71
242,496,2,1,1,1,1,1,1,0,0,0,0,0,36,71
242,254,2,1,1,1,1,1,1,0,0,0,0,0,0,71
242,230,2,1,1,1,0,0,1,0,1,1,1,0,7,71
242,214,2,1,1,1,1,1,1,0,0,0,0,0,36,71
242,182,2,1,1,1,1,1,1,0,0,0,0,0,46,71
242,118,2,1,1,1,1,1,1,0,0,0,0,0,19,71
242,502,2,1,1,1,1,1,1,0,0,0,0,0,0,71
242,234,2,1,1,1,0,0,1,0,1,1,1,0,7,71
242,218,2,1,1,1,1,1,1,0,0,0,0,0,36,71
242,186,2,1,1,1,1,1,1,0,0,0,0,0,46,71
242,122,2,1,1,1,1,1,1,0,0,0,0,0,19,71
242,506,2,1,1,1,1,1,1,0,0,0,0,0,0,71
242,194,2,1,1,1,0,0,1,0,1,1,1,0,37,71
242,162,2,1,1,1,0,0,1,0,1,1,1,0,48,71
242,98,2,1,1,1,0,0,1,0,1,1,1,0,20,71
242,482,2,1,1,1,0,0,1,0,1,1,1,0,7,71
242,146,2,1,1,1,1,1,1,0,0,0,0,0,55,71
242,82,2,1,1,1,1,1,1,0,0,0,0,0,38,71
242,466,2,1,1,1,1,1,1,0,0,0,0,0,36,71
242,50,2,1,1,1,1,1,1,0,0,0,0,0,49,71
242,434,2,1,1,1,1,1,1,0,0,0,0,0,46,71
242,370,2,1,1,1,1,1,1,0,0,0,0,0,19,71
243,243,0,1,1,1,1,1,1,0,0,0,0,0,0,111
243,242,1,1,1,1,1,1,1,0,0,0,0,0,67,111
243,241,1,1,1,1,1,1,1,0,0,0,0,0,42,111
243,247,1,1,1,1,1,1,1,0,0,0,0,0,0,111
243,251,1,1,1,1,1,1,1,0,0,0,0,0,0,111
243,227,1,1,1,1,0,0,1,0,1,1,1,0,8,111
243,211,1,1,1,1,1,1,1,0,0,0,0,0,74,111
243,179,1,1,1,1,1,1,1,0,0,0,0,0,67,111
243,115,1,1,1,1,1,1,1,0,0,0,0,0,42,111
243,499,1,1,1,1,1,1,1,0,0,0,0,0,0,111
243,240,2,1,1,1,1,1,1,0,0,0,0,0,71,111
243,246,2,1,1,1,1,1,1,0,0,0,0,0,67,111
243,250,2,1,1,1,1,1,1,0,0,0,0,0,67,111
243,226,2,1,1,1,0,0,1,0,1,1,1,0,69,111
243,210,2,1,1,1,1,1,1,0,0,0,0,0,91,111
243,178,2,1,1,1,1,1,1,0,0,0,0,0,90,111
243,114,2,1,1,1,1,1,1,0,0,0,0,0,77,111
243,498,2,1,1,1,1,1,1,0,0,0,0,0,67,111
243,245,2,1,1,1,1,1,1,0,0,0,0,0,42,111
243,249,2,1,1,1,1,1,1,0,0,0,0,0,42,111
243,225,2,1,1,1,0,0,1,0,1,1,1,0,43,111
243,209,2,1,1,1,1,1,1,0,0,0,0,0,78,111
243,177,2,1,1,1,1,1,1,0,0,0,0,0,77,111
243,113,2,1,1,1,1,1,1,0,0,0,0,0,57,111
243,497,2,1,1,1,1,1,1,0,0,0,0,0,42,111
243,255,2,1,1,1,1,1,1,0,0,0,0,0,0,111
243,231,2,1,1,1,0,0,1,0,1,1,1,0,8,111
243,215,2,1,1,1,1,1,1,0,0,0,0,0,74,111
243,183,2,1,1,1,1,1,1,0,0,0,0,0,67,111
243,119,2,1,1,1,1,1,1,0,0,0,0,0,42,111
243,503,2,1,1,1,1,1,1,0,0,0,0,0,0,111
243,235,2,1,1,1,0,0,1,0,1,1,1,0,8,111
243,219,2,1,1,1,1,1,1,0,0,0,0,0,74,111
243,187,2,1,1,1,1,1,1,0,0,0,0,0,67,111
243,123,2,1,1,1,1,1,1,0,0,0,0,0,42,111
243,507,2,1,1,1,1,1,1,0,0,0,0,0,0,111
243,195,2,1,1,1,0,0,1,0,1,1,1,0,75,111
243,163,2,1,1,1,0,0,1,0,1,1,1,0,69,111
243,99,2,1,1,1,0,0,1,0,1,1,1,0,43,111
243,483,2,1,1,1,0,0,1,0,1,1,1,0,8,111
243,147,2,1,1,1,1,1,1,0,0,0,0,0,91,111
243,83,2,1,1,1,1,1,1,0,0,0,0,0,78,111
243,467,2,1,1,1,1,1,1,0,0,0,0,0,74,111
243,51,2,1,1,1,1,1,1,0,0,0,0,0,71,111
243,435,2,1,1,1,1,1,1,0,0,0,0,0,67,111
243,371,2,1,1,1,1,1,1,0,0,0,0,0,42,111
244,244,0,1,1,1,1,1,1,0,0,0,0,0,0,45
244,245,1,1,1,1,1,1,1,0,0,0,0,0,0,45
244,246,1,1,1,1,1,1,1,0,0,0,0,0,0,45
244,240,1,1,1,1,1,1,1,0,0,0,0,0,24,45
244,252,1,1,1,1,1,1,1,0,0,0,0,0,0,45
244,228,1,0,0,1,0,0,0,0,0,0,0,0,6,45
244,212,1,1,1,1,1,1,1,0,0,0,0,0,20,45
244,180,1,1,1,1,1,1,1,0,0,0,0,0,24,45
244,116,1,1,1,1,1,1,1,0,0,0,0,0,20,45
244,500,1,1,1,1,1,1,1,0,0,0,0,0,0,45
244,247,2,1,1,1,1,1,1,0,0,0,0,0,0,45
244,241,2,1,1,1,1,1,1,0,0,0,0,0,24,45
244,253,2,1,1,1,1,1,1,0,0,0,0,0,0,45
244,229,2,1,0,1,0,0,0,0,0,0,0,0,6,45
244,213,2,1,1,1,1,1,1,0,0,0,0,0,20,45
244,181,2,1,1,1,1,1,1,0,0,0,0,0,24,45
244,117,2,1,1,1,1,1,1,0,0,0,0,0,20,45
244,501,2,1,1,1,1,1,1,0,0,0,0,0,0,45
244,242,2,1,1,1,1,1,1,0,0,0,0,0,24,45
244,254,2,1,1,1,1,1,1,0,0,0,0,0,0,45
244,230,2,1,0,1,0,0,0,0,0,0,0,0,6,45
244,214,2,1,1,1,1,1,1,0,0,0,0,0,20,45
244,182,2,1,1,1,1,1,1,0,0,0,0,0,24,45
244,118,2,1,1,1,1,1,1,0,0,0,0,0,20,45
244,502,2,1,1,1,1,1,1,0,0,0,0,0,0,45
244,248,2,1,1,1,1,1,1,0,0,0,0,0,24,45
244,224,2,0,0,1,0,0,0,0,0,0,0,0,30,45
244,208,2,1,1,1,1,1,1,0,0,0,0,0,27,45
244,176,2,1,1,1,1,1,1,0,0,0,0,0,32,45
244,112,2,1,1,1,1,1,1,0,0,0,0,0,26,45
244,496,2,1,1,1,1,1,1,0,0,0,0,0,24,45
244,236,2,1,0,1,0,0,0,0,0,0,0,0,6,45
244,220,2,1,1,1,1,1,1,0,0,0,0,0,20,45
244,188,2,1,1,1,1,1,1,0,0,0,0,0,24,45
244,124,2,1,1,1,1,1,1,0,0,0,0,0,20,45
244,508,2,1,1,1,1,1,1,0,0,0,0,0,0,45
244,196,2,0,0,1,0,0,0,0,0,0,0,0,26,45
244,164,2,0,0,1,0,0,0,0,0,0,0,0,30,45
244,100,2,0,0,1,0,0,0,0,0,0,0,0,26,45
244,484,2,0,0,1,0,0,0,0,0,0,0,0,6,45
244,148,2,1,1,1,1,1,1,0,0,0,0,0,26,45
244,84,2,1,1,1,1,1,1,0,0,0,0,0,22,45
244,468,2,1,1,1,1,1,1,0,0,0,0,0,20,45
244,52,2,1,1,1,1,1,1,0,0,0,0,0,27,45
244,436,2,1,1,1,1,1,1,0,0,0,0,0,24,45
244,372,2,1,1,1,1,1,1,0,0,0,0,0,20,45
245,245,0,1,1,1,1,1,1,0,0,0,0,0,0,158
245,244,1,1,1,1,1,1,1,0,0,0,0,0,92,158
245,247,1,1,1,1,1,1,1,0,0,0,0,0,0,158
245,241,1,1,1,1,1,1,1,0,0,0,0,0,111,158
245,253,1,1,1,1,1,1,1,0,0,0,0,0,0,158
245,229,1,1,1,1,0,0,1,0,1,1,1,0,9,158
245,213,1,1,1,1,1,1,1,0,0,0,0,0,98,158
245,181,1,1,1,1,1,1,1,0,0,0,0,0,111,158
245,117,1,1,1,1,1,1,1,0,0,0,0,0,98,158
245,501,1,1,1,1,1,1,1,0,0,0,0,0,0,158
245,246,2,1,1,1,1,1,1,0,0,0,0,0,92,158
245,240,2,1,1,1,1,1,1,0,0,0,0,0,132,158
245,252,2,1,1,1,1,1,1,0,0,0,0,0,92,158
245,228,2,0,0,1,0,0,0,0,0,0,0,0,94,158
245,212,2,1,1,1,1,1,1,0,0,0,0,0,126,158
245,180,2,1,1,1,1,1,1,0,0,0,0,0,132,158
245,116,2,1,1,1,1,1,1,0,0,0,0,0,126,158
245,500,2,1,1,1,1,1,1,0,0,0,0,0,92,158
245,243,2,1,1,1,1,1,1,0,0,0,0,0,111,158
245,255,2,1,1,1,1,1,1,0,0,0,0,0,0,158
245,231,2,1,1,1,0,0,1,0,1,1,1,0,9,158
245,215,2,1,1,1,1,1,1,0,0,0,0,0,98,158
245,183,2,1,1,1,1,1,1,0,0,0,0,0,111,158
245,119,2,1,1,1,1,1,1,0,0,0,0,0,98,158
245,503,2,1,1,1,1,1,1,0,0,0,0,0,0,158
245,249,2,1,1,1,1,1,1,0,0,0,0,0,111,158
245,225,2,1,1,1,0,0,1,0,1,1,1,0,113,158
245,209,2,1,1,1,1,1,1,0,0,0,0,0,118,158
245,177,2,1,1,1,1,1,1,0,0,0,0,0,133,158
245,113,2,1,1,1,1,1,1,0,0,0,0,0,118,158
245,497,2,1,1,1,1,1,1,0,0,0,0,0,111,158
245,237,2,1,1,1,0,0,1,0,1,1,1,0,9,158
245,221,2,1,1,1,1,1,1,0,0,0,0,0,98,158
245,189,2,1,1,1,1,1,1,0,0,0,0,0,111,158
245,125,2,1,1,1,1,1,1,0,0,0,0,0,98,158
245,509,2,1,1,1,1,1,1,0,0,0,0,0,0,158
245,197,2,1,1,1,0,0,1,0,1,1,1,0,99,158
245,165,2,1,1,1,0,0,1,0,1,1,1,0,113,158
245,101,2,1,1,1,0,0,1,0,1,1,1,0,99,158
245,485,2,1,1,1,0,0,1,0,1,1,1,0,9,158
245,149,2,1,1,1,1,1,1,0,0,0,0,0,118,158
245,85,2,1,1,1,1,1,1,0,0,0,0,0,104,158
245,469,2,1,1,1,1,1,1,0,0,0,0,0,98,158
245,53,2,1,1,1,1,1,1,0,0,0,0,0,118,158
245,437,2,1,1,1,1,1,1,0,0,0,0,0,111,158
245,373,2,1,1,1,1,1,1,0,0,0,0,0,98,158
246,246,0,1,1,1,1,1,1,0,0,0,0,0,0,104
246,247,1,1,1,1,1,1,1,0,0,0,0,0,0,104
246,244,1,1,1,1,1,1,1,0,0,0,0,0,48,104
246,242,1,1,1,1,1,1,1,0,0,0,0,0,78,104
246,254,1,1,1,1,1,1,1,0,0,0,0,0,0,104
246,230,1,1,1,1,0,0,1,0,1,1,1,0,8,104
246,214,1,1,1,1,1,1,1,0,0,0,0,0,48,104
246,182,1,1,1,1,1,1,1,0,0,0,0,0,78,104
246,118,1,1,1,1,1,1,1,0,0,0,0,0,48,104
246,502,1,1,1,1,1,1,1,0,0,0,0,0,0,104
246,245,2,1,1,1,1,1,1,0,0,0,0,0,48,104
246,243,2,1,1,1,1,1,1,0,0,0,0,0,78,104
246,255,2,1,1,1,1,1,1,0,0,0,0,0,0,104
246,231,2,1,1,1,0,0,1,0,1,1,1,0,8,104
246,215,2,1,1,1,1,1,1,0,0,0,0,0,48,104
246,183,2,1,1,1,1,1,1,0,0,0,0,0,78,104
246,119,2,1,1,1,1,1,1,0,0,0,0,0,48,104
246,503,2,1,1,1,1,1,1,0,0,0,0,0,0,104
246,240,2,1,1,1,1,1,1,0,0,0,0,0,83,104
246,252,2,1,1,1,1,1,1,0,0,0,0,0,48,104
246,228,2,0,0,1,0,0,0,0,0,0,0,0,49,104
246,212,2,1,1,1,1,1,1,0,0,0,0,0,77,104
246,180,2,1,1,1,1,1,1,0,0,0,0,0,82,104
246,116,2,1,1,1,1,1,1,0,0,0,0,0,76,104
246,500,2,1,1,1,1,1,1,0,0,0,0,0,48,104
246,250,2,1,1,1,1,1,1,0,0,0,0,0,78,104
246,226,2,1,1,1,0,0,1,0,1,1,1,0,80,104
246,210,2,1,1,1,1,1,1,0,0,0,0,0,83,104
246,178,2,1,1,1,1,1,1,0,0,0,0,0,90,104
246,114,2,1,1,1,1,1,1,0,0,0,0,0,82,104
246,498,2,1,1,1,1,1,1,0,0,0,0,0,78,104
246,238,2,1,1,1,0,0,1,0,1,1,1,0,8,104
246,222,2,1,1,1,1,1,1,0,0,0,0,0,48,104
246,190,2,1,1,1,1,1,1,0,0,0,0,0,78,104
246,126,2,1,1,1,1,1,1,0,0,0,0,0,48,104
246,510,2,1,1,1,1,1,1,0,0,0,0,0,0,104
246,198,2,1,1,1,0,0,1,0,1,1,1,0,49,104
246,166,2,1,1,1,0,0,1,0,1,1,1,0,80,104
246,102,2,1,1,1,0,0,1,0,1,1,1,0,49,104
246,486,2,1,1,1,0,0,1,0,1,1,1,0,8,104
246,150,2,1,1,1,1,1,1,0,0,0,0,0,82,104
246,86,2,1,1,1,1,1,1,0,0,0,0,0,51,104
246,470,2,1,1,1,1,1,1,0,0,0,0,0,48,104
246,54,2,1,1,1,1,1,1,0,0,0,0,0,83,104
246,438,2,1,1,1,1,1,1,0,0,0,0,0,78,104
246,374,2,1,1,1,1,1,1,0,0,0,0,0,48,104
247,247,0,1,1,1,1,1,1,0,0,0,0,0,0,159
247,246,1,1,1,1,1,1,1,0,0,0,0,0,92,159
247,245,1,1,1,1,1,1,1,0,0,0,0,0,55,159
247,243,1,1,1,1,1,1,1,0,0,0,0,0,111,159
247,255,1,1,1,1,1,1,1,0,0,0,0,0,0,159
247,231,1,1,1,1,0,0,1,0,1,1,1,0,9,159
247,215,1,1,1,1,1,1,1,0,0,0,0,0,98,159
247,183,1,1,1,1,1,1,1,0,0,0,0,0,111,159
247,119,1,1,1,1,1,1,1,0,0,0,0,0,98,159
247,503,1,1,1,1,1,1,1,0,0,0,0,0,0,159
247,244,2,1,1,1,1,1,1,0,0,0,0,0,96,159
247,242,2,1,1,1,1,1,1,0,0,0,0,0,132,159
247,254,2,1,1,1,1,1,1,0,0,0,0,0,92,159
247,230,2,1,1,1,0,0,1,0,1,1,1,0,94,159
247,214,2,1,1,1,1,1,1,0,0,0,0,0,126,159
247,182,2,1,1,1,1,1,1,0,0,0,0,0,132,159
247,118,2,1,1,1,1,1,1,0,0,0,0,0,126,159
247,502,2,1,1,1,1,1,1,0,0,0,0,0,92,159
247,241,2,1,1,1,1,1,1,0,0,0,0,0,116,159
247,253,2,1,1,1,1,1,1,0,0,0,0,0,55,159
247,229,2,1,1,1,0,0,1,0,1,1,1,0,56,159
247,213,2,1,1,1,1,1,1,0,0,0,0,0,103,159
247,181,2,1,1,1,1,1,1,0,0,0,0,0,115,159
247,117,2,1,1,1,1,1,1,0,0,0,0,0,102,159
247,501,2,1,1,1,1,1,1,0,0,0,0,0,55,159
247,251,2,1,1,1,1,1,1,0,0,0,0,0,111,159
247,227,2,1,1,1,0,0,1,0,1,1,1,0,113,159
247,211,2,1,1,1,1,1,1,0,0,0,0,0,118,159
247,179,2,1,1,1,1,1,1,0,0,0,0,0,133,159
247,115,2,1,1,1,1,1,1,0,0,0,0,0,118,159
247,499,2,1,1,1,1,1,1,0,0,0,0,0,111,159
247,239,2,1,1,1,0,0,1,0,1,1,1,0,9,159
247,223,2,1,1,1,1,1,1,0,0,0,0,0,98,159
247,191,2,1,1,1,1,1,1,0,0,0,0,0,111,159
247,127,2,1,1,1,1,1,1,0,0,0,0,0,98,159
247,511,2,1,1,1,1,1,1,0,0,0,0,0,0,159
247,199,2,1,1,1,0,0,1,0,1,1,1,0,99,159
247,167,2,1,1,1,0,0,1,0,1,1,1,0,113,159
247,103,2,1,1,1,0,0,1,0,1,1,1,0,99,159
247,487,2,1,1,1,0,0,1,0,1,1,1,0,9,159
247,151,2,1,1,1,1,1,1,0,0,0,0,0,118,159
247,87,2,1,1,1,1,1,1,0,0,0,0,0,104,159
247,471,2,1,1,1,1,1,1,0,0,0,0,0,98,159
247,55,2,1,1,1,1,1,1,0,0,0,0,0,118,159
247,439,2,1,1,1,1,1,1,0,0,0,0,0,111,159
247,375,2,1,1,1,1,1,1,0,0,0,0,0,98,159
248,248,0,1,1,1,1,1,1,0,0,0,0,0,0,45
248,249,1,1,1,1,1,1,1,0,0,0,0,0,0,45
248,250,1,1,1,1,1,1,1,0,0,0,0,0,0,45
248,252,1,1,1,1,1,1,1,0,0,0,0,0,0,45
248,240,1,1,1,1,1,1,1,0,0,0,0,0,16,45
248,232,1,1,1,1,0,0,1,0,1,1,1,0,6,45
248,216,1,1,1,1,1,1,1,0,0,0,0,0,26,45
248,184,1,1,1,1,1,1,1,0,0,0,0,0,16,45
248,120,1,1,1,1,1,1,1,0,0,0,0,0,6,45
248,504,1,1,1,1,1,1,1,0,0,0,0,0,0,45
248,251,2,1,1,1,1,1,1,0,0,0,0,0,0,45
248,253,2,1,1,1,1,1,1,0,0,0,0,0,0,45
248,241,2,1,1,1,1,1,1,0,0,0,0,0,16,45
248,233,2,1,1,1,0,0,1,0,1,1,1,0,6,45
248,217,2,1,1,1,1,1,1,0,0,0,0,0,26,45
248,185,2,1,1,1,1,1,1,0,0,0,0,0,16,45
248,121,2,1,1,1,1,1,1,0,0,0,0,0,6,45
248,505,2,1,1,1,1,1,1,0,0,0,0,0,0,45
248,254,2,1,1,1,1,1,1,0,0,0,0,0,0,45
248,242,2,1,1,1,1,1,1,0,0,0,0,0,16,45
248,234,2,1,1,1,0,0,1,0,1,1,1,0,6,45
248,218,2,1,1,1,1,1,1,0,0,0,0,0,26,45
248,186,2,1,1,1,1,1,1,0,0,0,0,0,16,45
248,122,2,1,1,1,1,1,1,0,0,0,0,0,6,45
248,506,2,1,1,1,1,1,1,0,0,0,0,0,0,45
248,244,2,1,1,1,1,1,1,0,0,0,0,0,16,45
248,236,2,1,1,1,0,0,1,0,1,1,1,0,6,45
248,220,2,1,1,1,1,1,1,0,0,0,0,0,26,45
248,188,2,1,1,1,1,1,1,0,0,0,0,0,16,45
248,124,2,1,1,1,1,1,1,0,0,0,0,0,6,45
248,508,2,1,1,1,1,1,1,0,0,0,0,0,0,45
248,224,2,0,0,1,0,0,0,0,0,0,0,0,17,45
248,208,2,1,1,1,1,1,1,0,0,0,0,0,32,45
248,176,2,1,1,1,1,1,1,0,0,0,0,0,32,45
248,112,2,1,1,1,1,1,1,0,0,0,0,0,22,45
248,496,2,1,1,1,1,1,1,0,0,0,0,0,16,45
248,200,2,0,0,1,0,0,0,0,0,0,0,0,27,45
248,168,2,1,1,1,0,0,1,0,1,1,1,0,22,45
248,104,2,1,1,1,0,0,1,0,1,1,1,0,12,45
248,488,2,1,1,1,0,0,1,0,1,1,1,0,6,45
248,152,2,1,1,1,1,1,1,0,0,0,0,0,32,45
248,88,2,1,1,1,1,1,1,0,0,0,0,0,27,45
248,472,2,1,1,1,1,1,1,0,0,0,0,0,26,45
248,56,2,1,1,1,1,1,1,0,0,0,0,0,17,45
248,440,2,1,1,1,1,1,1,0,0,0,0,0,16,45
248,376,2,1,1,1,1,1,1,0,0,0,0,0,6,45
249,249,0,1,1,1,1,1,1,0,0,0,0,0,0,111
249,248,1,1,1,1,1,1,1,0,0,0,0,0,67,111
249,251,1,1,1,1,1,1,1,0,0,0,0,0,0,111
249,253,1,1,1,1,1,1,1,0,0,0,0,0,0,111
249,241,1,1,1,1,1,1,1,0,0,0,0,0,22,111
249,233,1,1,1,1,0,0,1,0,1,1,1,0,8,111
249,217,1,1,1,1,1,1,1,0,0,0,0,0,74,111
249,185,1,1,1,1,1,1,1,0,0,0,0,0,67,111
249,121,1,1,1,1,1,1,1,0,0,0,0,0,42,111
249,505,1,1,1,1,1,1,1,0,0,0,0,0,0,111
249,250,2,1,1,1,1,1,1,0,0,0,0,0,67,111
249,252,2,1,1,1,1,1,1,0,0,0,0,0,67,111
249,240,2,1,1,1,1,1,1,0,0,0,0,0,70,111
249,232,2,1,1,1,0,0,1,0,1,1,1,0,69,111
249,216,2,1,1,1,1,1,1,0,0,0,0,0,91,111
249,184,2,1,1,1,1,1,1,0,0,0,0,0,90,111
249,120,2,1,1,1,1,1,1,0,0,0,0,0,77,111
249,504,2,1,1,1,1,1,1,0,0,0,0,0,67,111
249,255,2,1,1,1,1,1,1,0,0,0,0,0,0,111
249,243,2,1,1,1,1,1,1,0,0,0,0,0,22,111
249,235,2,1,1,1,0,0,1,0,1,1,1,0,8,111
249,219,2,1,1,1,1,1,1,0,0,0,0,0,74,111
249,187,2,1,1,1,1,1,1,0,0,0,0,0,67,111
249,123,2,1,1,1,1,1,1,0,0,0,0,0,42,111
249,507,2,1,1,1,1,1,1,0,0,0,0,0,0,111
249,245,2,1,1,1,1,1,1,0,0,0,0,0,22,111
249,237,2,1,1,1,0,0,1,0,1,1,1,0,8,111
249,221,2,1,1,1,1,1,1,0,0,0,0,0,74,111
249,189,2,1,1,1,1,1,1,0,0,0,0,0,67,111
249,125,2,1,1,1,1,1,1,0,0,0,0,0,42,111
249,509,2,1,1,1,1,1,1,0,0,0,0,0,0,111
249,225,2,1,1,1,0,0,1,0,1,1,1,0,23,111
249,209,2,1,1,1,1,1,1,0,0,0,0,0,76,111
249,177,2,1,1,1,1,1,1,0,0,0,0,0,70,111
249,113,2,1,1,1,1,1,1,0,0,0,0,0,44,111
249,497,2,1,1,1,1,1,1,0,0,0,0,0,22,111
249,201,2,0,0,1,0,0,0,0,0,0,0,0,75,111
249,169,2,1,1,1,0,0,1,0,1,1,1,0,69,111
249,105,2,1,1,1,0,0,1,0,1,1,1,0,43,111
249,489,2,1,1,1,0,0,1,0,1,1,1,0,8,111
249,153,2,1,1,1,1,1,1,0,0,0,0,0,91,111
249,89,2,1,1,1,1,1,1,0,0,0,0,0,78,111
249,473,2,1,1,1,1,1,1,0,0,0,0,0,74,111
249,57,2,1,1,1,1,1,1,0,0,0,0,0,71,111
249,441,2,1,1,1,1,1,1,0,0,0,0,0,67,111
249,377,2,1,1,1,1,1,1,0,0,0,0,0,42,111
250,250,0,1,1,1,1,1,1,0,0,0,0,0,0,72
250,251,1,1,1,1,1,1,1,0,0,0,0,0,0,72
250,248,1,1,1,1,1,1,1,0,0,0,0,0,36,72
250,254,1,1,1,1,1,1,1,0,0,0,0,0,0,72
250,242,1,1,1,1,1,1,1,0,0,0,0,0,19,72
250,234,1,1,1,1,0,0,1,0,1,1,1,0,7,72
250,218,1,1,1,1,1,1,1,0,0,0,0,0,36,72
250,186,1,1,1,1,1,1,1,0,0,0,0,0,46,72
250,122,1,1,1,1,1,1,1,0,0,0,0,0,19,72
250,506,1,1,1,1,1,1,1,0,0,0,0,0,0,72
250,249,2,1,1,1,1,1,1,0,0,0,0,0,36,72
250,255,2,1,1,1,1,1,1,0,0,0,0,0,0,72
250,243,2,1,1,1,1,1,1,0,0,0,0,0,19,72
250,235,2,1,1,1,0,0,1,0,1,1,1,0,7,72
250,219,2,1,1,1,1,1,1,0,0,0,0,0,36,72
250,187,2,1,1,1,1,1,1,0,0,0,0,0,46,72
250,123,2,1,1,1,1,1,1,0,0,0,0,0,19,72
250,507,2,1,1,1,1,1,1,0,0,0,0,0,0,72
250,252,2,1,1,1,1,1,1,0,0,0,0,0,36,72
250,240,2,1,1,1,1,1,1,0,0,0,0,0,38,72
250,232,2,1,1,1,0,0,1,0,1,1,1,0,37,72
250,216,2,1,1,1,1,1,1,0,0,0,0,0,56,72
250,184,2,1,1,1,1,1,1,0,0,0,0,0,55,72
250,120,2,1,1,1,1,1,1,0,0,0,0,0,43,72
250,504,2,1,1,1,1,1,1,0,0,0,0,0,36,72
250,246,2,1,1,1,1,1,1,0,0,0,0,0,19,72
250,238,2,1,1,1,0,0,1,0,1,1,1,0,7,72
250,222,2,1,1,1,1,1,1,0,0,0,0,0,36,72
250,190,2,1,1,1,1,1,1,0,0,0,0,0,46,72
250,126,2,1,1,1,1,1,1,0,0,0,0,0,19,72
250,510,2,1,1,1,1,1,1,0,0,0,0,0,0,72
250,226,2,1,1,1,0,0,1,0,1,1,1,0,20,72
250,210,2,1,1,1,1,1,1,0,0,0,0,0,43,72
250,178,2,1,1,1,1,1,1,0,0,0,0,0,49,72
250,114,2,1,1,1,1,1,1,0,0,0,0,0,32,72
250,498,2,1,1,1,1,1,1,0,0,0,0,0,19,72
250,202,2,1,1,1,0,0,1,0,1,1,1,0,37,72
250,170,2,1,1,1,0,0,1,0,1,1,1,0,48,72
250,106,2,1,1,1,0,0,1,0,1,1,1,0,20,72
250,490,2,1,1,1,0,0,1,0,1,1,1,0,7,72
250,154,2,1,1,1,1,1,1,0,0,0,0,0,55,72
250,90,2,1,1,1,1,1,1,0,0,0,0,0,38,72
250,474,2,1,1,1,1,1,1,0,0,0,0,0,36,72
250,58,2,1,1,1,1,1,1,0,0,0,0,0,49,72
250,442,2,1,1,1,1,1,1,0,0,0,0,0,46,72
250,378,2,1,1,1,1,1,1,0,0,0,0,0,19,72
251,251,0,1,1,1,1,1,1,0,0,0,0,0,0,112
251,250,1,1,1,1,1,1,1,0,0,0,0,0,67,112
251,249,1,1,1,1,1,1,1,0,0,0,0,0,42,112
251,255,1,1,1,1,1,1,1,0,0,0,0,0,0,112
251,243,1,1,1,1,1,1,1,0,0,0,0,0,22,112
251,235,1,1,1,1,0,0,1,0,1,1,1,0,8,112
251,219,1,1,1,1,1,1,1,0,0,0,0,0,74,112
251,187,1,1,1,1,1,1,1,0,0,0,0,0,67,112
251,123,1,1,1,1,1,1,1,0,0,0,0,0,42,112
251,507,1,1,1,1,1,1,1,0,0,0,0,0,0,112
251,248,2,1,1,1,1,1,1,0,0,0,0,0,71,112
251,254,2,1,1,1,1,1,1,0,0,0,0,0,67,112
251,242,2,1,1,1,1,1,1,0,0,0,0,0,70,112
251,234,2,1,1,1,0,0,1,0,1,1,1,0,69,112
251,218,2,1,1,1,1,1,1,0,0,0,0,0,91,112
251,186,2,1,1,1,1,1,1,0,0,0,0,0,90,112
251,122,2,1,1,1,1,1,1,0,0,0,0,0,77,112
251,506,2,1,1,1,1,1,1,0,0,0,0,0,67,112
251,253,2,1,1,1,1,1,1,0,0,0,0,0,42,112
251,241,2,1,1,1,1,1,1,0,0,0,0,0,44,112
251,233,2,1,1,1,0,0,1,0,1,1,1,0,43,112
251,217,2,1,1,1,1,1,1,0,0,0,0,0,78,112
251,185,2,1,1,1,1,1,1,0,0,0,0,0,77,112
251,121,2,1,1,1,1,1,1,0,0,0,0,0,57,112
251,505,2,1,1,1,1,1,1,0,0,0,0,0,42,112
251,247,2,1,1,1,1,1,1,0,0,0,0,0,22,112
251,239,2,1,1,1,0,0,1,0,1,1,1,0,8,112
251,223,2,1,1,1,1,1,1,0,0,0,0,0,74,112
251,191,2,1,1,1,1,1,1,0,0,0,0,0,67,112
251,127,2,1,1,1,1,1,1,0,0,0,0,0,42,112
251,511,2,1,1,1,1,1,1,0,0,0,0,0,0,112
251,227,2,1,1,1,0,0,1,0,1,1,1,0,23,112
251,211,2,1,1,1,1,1,1,0,0,0,0,0,76,112
251,179,2,1,1,1,1,1,1,0,0,0,0,0,70,112
251,115,2,1,1,1,1,1,1,0,0,0,0,0,44,112
251,499,2,1,1,1,1,1,1,0,0,0,0,0,22,112
251,203,2,1,1,1,0,0,1,0,1,1,1,0,75,112
251,171,2,1,1,1,0,0,1,0,1,1,1,0,69,112
251,107,2,1,1,1,0,0,1,0,1,1,1,0,43,112
251,491,2,1,1,1,0,0,1,0,1,1,1,0,8,112
251,155,2,1,1,1,1,1,1,0,0,0,0,0,91,112
251,91,2,1,1,1,1,1,1,0,0,0,0,0,78,112
251,475,2,1,1,1,1,1,1,0,0,0,0,0,74,112
251,59,2,1,1,1,1,1,1,0,0,0,0,0,71,112
251,443,2,1,1,1,1,1,1,0,0,0,0,0,67,112
251,379,2,1,1,1,1,1,1,0,0,0,0,0,42,112
252,252,0,1,1,1,1,1,1,0,0,0,0,0,0,104
252,253,1,1,1,1,1,1,1,0,0,0,0,0,0,104
252,254,1,1,1,1,1,1,1,0,0,0,0,0,0,104
252,248,1,1,1,1,1,1,1,0,0,0,0,0,78,104
252,244,1,1,1,1,1,1,1,0,0,0,0,0,48,104
252,236,1,1,1,1,0,0,1,0,1,1,1,0,8,104
252,220,1,1,1,1,1,1,1,0,0,0,0,0,48,104
252,188,1,1,1,1,1,1,1,0,0,0,0,0,78,104
252,124,1,1,1,1,1,1,1,0,0,0,0,0,48,104
252,508,1,1,1,1,1,1,1,0,0,0,0,0,0,104
252,255,2,1,1,1,1,1,1,0,0,0,0,0,0,104
252,249,2,1,1,1,1,1,1,0,0,0,0,0,78,104
252,245,2,1,1,1,1,1,1,0,0,0,0,0,48,104
252,237,2,1,1,1,0,0,1,0,1,1,1,0,8,104
252,221,2,1,1,1,1,1,1,0,0,0,0,0,48,104
252,189,2,1,1,1,1,1,1,0,0,0,0,0,78,104
252,125,2,1,1,1,1,1,1,0,0,0,0,0,48,104
252,509,2,1,1,1,1,1,1,0,0,0,0,0,0,104
252,250,2,1,1,1,1,1,1,0,0,0,0,0,78,104
252,246,2,1,1,1,1,1,1,0,0,0,0,0,48,104
252,238,2,1,1,1,0,0,1,0,1,1,1,0,8,104
252,222,2,1,1,1,1,1,1,0,0,0,0,0,48,104
252,190,2,1,1,1,1,1,1,0,0,0,0,0,78,104
252,126,2,1,1,1,1,1,1,0,0,0,0,0,48,104
252,510,2,1,1,1,1,1,1,0,0,0,0,0,0,104
252,240,2,1,1,1,1,1,1,0,0,0,0,0,82,104
252,232,2,1,1,1,0,0,1,0,1,1,1,0,80,104
252,216,2,1,1,1,1,1,1,0,0,0,0,0,83,104
252,184,2,1,1,1,1,1,1,0,0,0,0,0,90,104
252,120,2,1,1,1,1,1,1,0,0,0,0,0,82,104
252,504,2,1,1,1,1,1,1,0,0,0,0,0,78,104
252,228,2,0,0,1,0,0,0,0,0,0,0,0,49,104
252,212,2,1,1,1,1,1,1,0,0,0,0,0,76,104
252,180,2,1,1,1,1,1,1,0,0,0,0,0,83,104
252,116,2,1,1,1,1,1,1,0,0,0,0,0,77,104
252,500,2,1,1,1,1,1,1,0,0,0,0,0,48,104
252,204,2,1,1,1,0,0,1,0,1,1,1,0,49,104
252,172,2,1,1,1,0,0,1,0,1,1,1,0,80,104
252,108,2,1,1,1,0,0,1,0,1,1,1,0,49,104
252,492,2,1,1,1,0,0,1,0,1,1,1,0,8,104
252,156,2,1,1,1,1,1,1,0,0,0,0,0,82,104
252,92,2,1,1,1,1,1,1,0,0,0,0,0,51,104
252,476,2,1,1,1,1,1,1,0,0,0,0,0,48,104
252,60,2,1,1,1,1,1,1,0,0,0,0,0,83,104
252,444,2,1,1,1,1,1,1,0,0,0,0,0,78,104
252,380,2,1,1,1,1,1,1,0,0,0,0,0,48,104
253,253,0,1,1,1,1,1,1,0,0,0,0,0,0,159
253,252,1,1,1,1,1,1,1,0,0,0,0,0,92,159
253,255,1,1,1,1,1,1,1,0,0,0,0,0,0,159
253,249,1,1,1,1,1,1,1,0,0,0,0,0,111,159
253,245,1,1,1,1,1,1,1,0,0,0,0,0,55,159
253,237,1,1,1,1,0,0,1,0,1,1,1,0,9,159
253,221,1,1,1,1,1,1,1,0,0,0,0,0,98,159
253,189,1,1,1,1,1,1,1,0,0,0,0,0,111,159
253,125,1,1,1,1,1,1,1,0,0,0,0,0,98,159
253,509,1,1,1,1,1,1,1,0,0,0,0,0,0,159
253,254,2,1,1,1,1,1,1,0,0,0,0,0,92,159
253,248,2,1,1,1,1,1,1,0,0,0,0,0,132,159
253,244,2,1,1,1,1,1,1,0,0,0,0,0,96,159
253,236,2,1,1,1,0,0,1,0,1,1,1,0,94,159
253,220,2,1,1,1,1,1,1,0,0,0,0,0,126,159
253,188,2,1,1,1,1,1,1,0,0,0,0,0,132,159
253,124,2,1,1,1,1,1,1,0,0,0,0,0,126,159
253,508,2,1,1,1,1,1,1,0,0,0,0,0,92,159
253,251,2,1,1,1,1,1,1,0,0,0,0,0,111,159
253,247,2,1,1,1,1,1,1,0,0,0,0,0,55,159
253,239,2,1,1,1,0,0,1,0,1,1,1,0,9,159
253,223,2,1,1,1,1,1,1,0,0,0,0,0,98,159
253,191,2,1,1,1,1,1,1,0,0,0,0,0,111,159
253,127,2,1,1,1,1,1,1,0,0,0,0,0,98,159
253,511,2,1,1,1,1,1,1,0,0,0,0,0,0,159
253,241,2,1,1,1,1,1,1,0,0,0,0,0,115,159
253,233,2,1,1,1,0,0,1,0,1,1,1,0,113,159
253,217,2,1,1,1,1,1,1,0,0,0,0,0,118,159
253,185,2,1,1,1,1,1,1,0,0,0,0,0,133,159
253,121,2,1,1,1,1,1,1,0,0,0,0,0,118,159
253,505,2,1,1,1,1,1,1,0,0,0,0,0,111,159
253,229,2,1,1,1,0,0,1,0,1,1,1,0,56,159
253,213,2,1,1,1,1,1,1,0,0,0,0,0,102,159
253,181,2,1,1,1,1,1,1,0,0,0,0,0,116,159
253,117,2,1,1,1,1,1,1,0,0,0,0,0,103,159
253,501,2,1,1,1,1,1,1,0,0,0,0,0,55,159
253,205,2,1,1,1,0,0,1,0,1,1,1,0,99,159
253,173,2,1,1,1,0,0,1,0,1,1,1,0,113,159
253,109,2,1,1,1,0,0,1,0,1,1,1,0,99,159
253,493,2,1,1,1,0,0,1,0,1,1,1,0,9,159
253,157,2,1,1,1,1,1,1,0,0,0,0,0,118,159
253,93,2,1,1,1,1,1,1,0,0,0,0,0,104,159
253,477,2,1,1,1,1,1,1,0,0,0,0,0,98,159
253,61,2,1,1,1,1,1,1,0,0,0,0,0,118,159
253,445,2,1,1,1,1,1,1,0,0,0,0,0,111,159
253,381,2,1,1,1,1,1,1,0,0,0,0,0,98,159
254,254,0,1,1,1,1,1,1,0,0,0,0,0,0,105
254,255,1,1,1,1,1,1,1,0,0,0,0,0,0,105
254,252,1,1,1,1,1,1,1,0,0,0,0,0,48,105
254,250,1,1,1,1,1,1,1,0,0,0,0,0,78,105
254,246,1,1,1,1,1,1,1,0,0,0,0,0,48,105
254,238,1,1,1,1,0,0,1,0,1,1,1,0,8,105
254,222,1,1,1,1,1,1,1,0,0,0,0,0,48,105
254,190,1,1,1,1,1,1,1,0,0,0,0,0,78,105
254,126,1,1,1,1,1,1,1,0,0,0,0,0,48,105
254,510,1,1,1,1,1,1,1,0,0,0,0,0,0,105
254,253,2,1,1,1,1,1,1,0,0,0,0,0,48,105
254,251,2,1,1,1,1,1,1,0,0,0,0,0,78,105
254,247,2,1,1,1,1,1,1,0,0,0,0,0,48,105
254,239,2,1,1,1,0,0,1,0,1,1,1,0,8,105
254,223,2,1,1,1,1,1,1,0,0,0,0,0,48,105
254,191,2,1,1,1,1,1,1,0,0,0,0,0,78,105
254,127,2,1,1,1,1,1,1,0,0,0,0,0,48,105
254,511,2,1,1,1,1,1,1,0,0,0,0,0,0,105
254,248,2,1,1,1,1,1,1,0,0,0,0,0,83,105
254,244,2,1,1,1,1,1,1,0,0,0,0,0,51,105
254,236,2,1,1,1,0,0,1,0,1,1,1,0,49,105
254,220,2,1,1,1,1,1,1,0,0,0,0,0,77,105
254,188,2,1,1,1,1,1,1,0,0,0,0,0,82,105
254,124,2,1,1,1,1,1,1,0,0,0,0,0,76,105
254,508,2,1,1,1,1,1,1,0,0,0,0,0,48,105
254,242,2,1,1,1,1,1,1,0,0,0,0,0,82,105
254,234,2,1,1,1,0,0,1,0,1,1,1,0,80,105
254,218,2,1,1,1,1,1,1,0,0,0,0,0,83,105
254,186,2,1,1,1,1,1,1,0,0,0,0,0,90,105
254,122,2,1,1,1,1,1,1,0,0,0,0,0,82,105
254,506,2,1,1,1,1,1,1,0,0,0,0,0,78,105
254,230,2,1,1,1,0,0,1,0,1,1,1,0,49,105
254,214,2,1,1,1,1,1,1,0,0,0,0,0,76,105
254,182,2,1,1,1,1,1,1,0,0,0,0,0,83,105
254,118,2,1,1,1,1,1,1,0,0,0,0,0,77,105
254,502,2,1,1,1,1,1,1,0,0,0,0,0,48,105
254,206,2,1,1,1,0,0,1,0,1,1,1,0,49,105
254,174,2,1,1,1,0,0,1,0,1,1,1,0,80,105
254,110,2,1,1,1,0,0,1,0,1,1,1,0,49,105
254,494,2,1,1,1,0,0,1,0,1,1,1,0,8,105
254,158,2,1,1,1,1,1,1,0,0,0,0,0,82,105
254,94,2,1,1,1,1,1,1,0,0,0,0,0,51,105
254,478,2,1,1,1,1,1,1,0,0,0,0,0,48,105
254,62,2,1,1,1,1,1,1,0,0,0,0,0,83,105
254,446,2,1,1,1,1,1,1,0,0,0,0,0,78,105
254,382,2,1,1,1,1,1,1,0,0,0,0,0,48,105
255,255,0,1,1,1,1,1,1,0,0,0,0,0,0,160
255,254,1,1,1,1,1,1,1,0,0,0,0,0,92,160
255,253,1,1,1,1,1,1,1,0,0,0,0,0,55,160
255,251,1,1,1,1,1,1,1,0,0,0,0,0,111,160
255,247,1,1,1,1,1,1,1,0,0,0,0,0,55,160
255,239,1,1,1,1,0,0,1,0,1,1,1,0,9,160
255,223,1,1,1,1,1,1,1,0,0,0,0,0,98,160
255,191,1,1,1,1,1,1,1,0,0,0,0,0,111,160
255,127,1,1,1,1,1,1,1,0,0,0,0,0,98,160
255,511,1,1,1,1,1,1,1,0,0,0,0,0,0,160
255,252,2,1,1,1,1,1,1,0,0,0,0,0,96,160
255,250,2,1,1,1,1,1,1,0,0,0,0,0,132,160
255,246,2,1,1,1,1,1,1,0,0,0,0,0,96,160
255,238,2,1,1,1,0,0,1,0,1,1,1,0,94,160
255,222,2,1,1,1,1,1,1,0,0,0,0,0,126,160
255,190,2,1,1,1,1,1,1,0,0,0,0,0,132,160
255,126,2,1,1,1,1,1,1,0,0,0,0,0,126,160
255,510,2,1,1,1,1,1,1,0,0,0,0,0,92,160
255,249,2,1,1,1,1,1,1,0,0,0,0,0,116,160
255,245,2,1,1,1,1,1,1,0,0,0,0,0,58,160
255,237,2,1,1,1,0,0,1,0,1,1,1,0,56,160
255,221,2,1,1,1,1,1,1,0,0,0,0,0,103,160
255,189,2,1,1,1,1,1,1,0,0,0,0,0,115,160
255,125,2,1,1,1,1,1,1,0,0,0,0,0,102,160
255,509,2,1,1,1,1,1,1,0,0,0,0,0,55,160
255,243,2,1,1,1,1,1,1,0,0,0,0,0,115,160
255,235,2,1,1,1,0,0,1,0,1,1,1,0,113,160
255,219,2,1,1,1,1,1,1,0,0,0,0,0,118,160
255,187,2,1,1,1,1,1,1,0,0,0,0,0,133,160
255,123,2,1,1,1,1,1,1,0,0,0,0,0,118,160
255,507,2,1,1,1,1,1,1,0,0,0,0,0,111,160
255,231,2,1,1,1,0,0,1,0,1,1,1,0,56,160
255,215,2,1,1,1,1,1,1,0,0,0,0,0,102,160
255,183,2,1,1,1,1,1,1,0,0,0,0,0,116,160
255,119,2,1,1,1,1,1,1,0,0,0,0,0,103,160
255,503,2,1,1,1,1,1,1,0,0,0,0,0,55,160
255,207,2,1,1,1,0,0,1,0,1,1,1,0,99,160
255,175,2,1,1,1,0,0,1,0,1,1,1,0,113,160
255,111,2,1,1,1,0,0,1,0,1,1,1,0,99,160
255,495,2,1,1,1,0,0,1,0,1,1,1,0,9,160
255,159,2,1,1,1,1,1,1,0,0,0,0,0,118,160
255,95,2,1,1,1,1,1,1,0,0,0,0,0,104,160
255,479,2,1,1,1,1,1,1,0,0,0,0,0,98,160
255,63,2,1,1,1,1,1,1,0,0,0,0,0,118,160
255,447,2,1,1,1,1,1,1,0,0,0,0,0,111,160
255,383,2,1,1,1,1,1,1,0,0,0,0,0,98,160
266,266,0,1,1,1,1,1,1,0,0,0,0,0,0,69
266,267,1,1,1,1,1,1,1,0,0,0,0,0,0,69
266,264,1,0,0,1,0,0,0,0,0,0,0,0,36,69
266,270,1,1,1,1,1,1,1,0,0,0,0,0,0,69
266,258,1,0,0,1,0,0,0,0,0,0,0,0,36,69
266,282,1,1,1,1,1,1,1,0,0,0,0,0,0,69
266,298,1,1,1,1,1,1,1,0,0,0,0,0,0,69
266,330,1,1,1,1,1,1,1,0,0,0,0,0,0,69
266,394,1,1,1,1,1,1,1,0,0,0,0,0,0,69
266,10,1,0,0,1,0,0,0,0,0,0,0,0,46,69
266,265,2,0,0,1,0,0,0,0,0,0,0,0,36,69
266,271,2,1,1,1,1,1,1,0,0,0,0,0,0,69
266,259,2,0,0,1,0,0,0,0,0,0,0,0,36,69
266,283,2,1,1,1,1,1,1,0,0,0,0,0,0,69
266,299,2,1,1,1,1,1,1,0,0,0,0,0,0,69
266,331,2,1,1,1,1,1,1,0,0,0,0,0,0,69
266,395,2,1,1,1,1,1,1,0,0,0,0,0,0,69
266,11,2,0,0,1,0,0,0,0,0,0,0,0,46,69
266,268,2,1,0,1,0,0,0,0,0,0,0,0,36,69
266,256,2,0,0,1,0,0,0,0,0,0,0,0,56,69
266,280,2,1,0,1,0,0,0,0,0,0,0,0,36,69
266,296,2,1,0,1,0,0,0,0,0,0,0,0,36,69
266,328,2,0,0,1,0,0,0,0,0,0,0,0,36,69
266,392,2,0,0,1,0,0,0,0,0,0,0,0,36,69
266,8,2,0,0,1,0,0,0,0,0,0,0,0,55,69
266,262,2,0,0,1,0,0,0,0,0,0,0,0,36,69
266,286,2,1,1,1,1,1,1,0,0,0,0,0,0,69
266,302,2,1,1,1,1,1,1,0,0,0,0,0,0,69
266,334,2,1,1,1,1,1,1,0,0,0,0,0,0,69
266,398,2,1,1,1,1,1,1,0,0,0,0,0,0,69
266,14,2,0,0,1,0,0,0,0,0,0,0,0,46,69
266,274,2,1,0,1,0,0,0,0,0,0,0,0,36,69
266,290,2,0,0,1,0,0,0,0,0,0,0,0,36,69
266,322,2,1,0,1,0,0,0,0,0,0,0,0,36,69
266,386,2,1,0,1,0,0,0,0,0,0,0,0,36,69
266,2,2,0,0,1,0,0,0,0,0,0,0,0,55,69
266,314,2,1,1,1,1,1,1,0,0,0,0,0,0,69
266,346,2,1,1,1,1,1,1,0,0,0,0,0,0,69
266,410,2,1,1,1,1,1,1,0,0,0,0,0,0,69
266,26,2,1,0,1,0,0,0,0,0,0,0,0,46,69
266,362,2,1,1,1,1,1,1,0,0,0,0,0,0,69
266,426,2,1,1,1,1,1,1,0,0,0,0,0,0,69
266,42,2,1,0,1,0,0,0,0,0,0,0,0,46,69
266,458,2,1,1,1,1,1,1,0,0,0,0,0,0,69
266,74,2,0,0,1,0,0,0,0,0,0,0,0,46,69
266,138,2,1,0,1,0,0,0,0,0,0,0,0,46,69
267,267,0,1,1,1,1,1,1,0,0,0,0,0,0,102
267,266,1,1,1,1,1,1,1,0,0,0,0,0,78,102
267,265,1,0,0,1,0,0,0,0,0,0,0,0,48,102
267,271,1,1,1,1,1,1,1,0,0,0,0,0,0,102
267,259,1,0,0,1,0,0,0,0,0,0,0,0,48,102
267,283,1,1,1,1,1,1,1,0,0,0,0,0,0,102
267,299,1,1,1,1,1,1,1,0,0,0,0,0,0,102
267,331,1,1,1,1,1,1,1,0,0,0,0,0,0,102
267,395,1,1,1,1,1,1,1,0,0,0,0,0,0,102
267,11,1,0,0,1,0,0,0,0,0,0,0,0,78,102
267,264,2,0,0,1,0,0,0,0,0,0,0,0,83,102
267,270,2,1,1,1,1,1,1,0,0,0,0,0,78,102
267,258,2,0,0,1,0,0,0,0,0,0,0,0,83,102
267,282,2,1,1,1,1,1,1,0,0,0,0,0,78,102
267,298,2,1,1,1,1,1,1,0,0,0,0,0,78,102
267,330,2,1,1,1,1,1,1,0,0,0,0,0,78,102
267,394,2,1,1,1,1,1,1,0,0,0,0,0,78,102
267,10,2,0,0,1,0,0,0,0,0,0,0,0,90,102
267,269,2,1,0,1,0,0,0,0,0,0,0,0,48,102
267,257,2,0,0,1,0,0,0,0,0,0,0,0,77,102
267,281,2,1,0,1,0,0,0,0,0,0,0,0,48,102
267,297,2,1,0,1,0,0,0,0,0,0,0,0,48,102
267,329,2,0,0,1,0,0,0,0,0,0,0,0,48,102
267,393,2,0,0,1,0,0,0,0,0,0,0,0,48,102
267,9,2,0,0,1,0,0,0,0,0,0,0,0,82,102
267,263,2,0,0,1,0,0,0,0,0,0,0,0,48,102
267,287,2,1,1,1,1,1,1,0,0,0,0,0,0,102
267,303,2,1,1,1,1,1,1,0,0,0,0,0,0,102
267,335,2,1,1,1,1,1,1,0,0,0,0,0,0,102
267,399,2,1,1,1,1,1,1,0,0,0,0,0,0,102
267,15,2,0,0,1,0,0,0,0,0,0,0,0,78,102
267,275,2,1,0,1,0,0,0,0,0,0,0,0,48,102
267,291,2,0,0,1,0,0,0,0,0,0,0,0,48,102
267,323,2,1,0,1,0,0,0,0,0,0,0,0,48,102
267,387,2,1,0,1,0,0,0,0,0,0,0,0,48,102
267,3,2,0,0,1,0,0,0,0,0,0,0,0,82,102
267,315,2,1,1,1,1,1,1,0,0,0,0,0,0,102
267,347,2,1,1,1,1,1,1,0,0,0,0,0,0,102
267,411,2,1,1,1,1,1,1,0,0,0,0,0,0,102
267,27,2,1,0,1,0,0,0,0,0,0,0,0,78,102
267,363,2,1,1,1,1,1,1,0,0,0,0,0,0,102
267,427,2,1,1,1,1,1,1,0,0,0,0,0,0,102
267,43,2,1,0,1,0,0,0,0,0,0,0,0,78,102
267,459,2,1,1,1,1,1,1,0,0,0,0,0,0,102
267,75,2,0,0,1,0,0,0,0,0,0,0,0,78,102
267,139,2,1,0,1,0,0,0,0,0,0,0,0,78,102
268,268,0,1,1,1,1,1,1,0,0,0,0,0,0,108
268,269,1,1,1,1,1,1,1,0,0,0,0,0,0,108
268,270,1,1,1,1,1,1,1,0,0,0,0,0,0,108
268,264,1,0,0,1,0,0,0,0,0,0,0,0,67,108
268,260,1,0,0,1,0,0,0,0,0,0,0,0,74,108
268,284,1,1,1,1,1,1,1,0,0,0,0,0,0,108
268,300,1,1,1,1,1,1,1,0,0,0,0,0,0,108
268,332,1,1,1,1,1,1,1,0,0,0,0,0,0,108
268,396,1,1,1,1,1,1,1,0,0,0,0,0,0,108
268,12,1,0,0,1,0,0,0,0,0,0,0,0,67,108
268,271,2,1,1,1,1,1,1,0,0,0,0,0,0,108
268,265,2,0,0,1,0,0,0,0,0,0,0,0,67,108
268,261,2,0,0,1,0,0,0,0,0,0,0,0,74,108
268,285,2,1,1,1,1,1,1,0,0,0,0,0,0,108
268,301,2,1,1,1,1,1,1,0,0,0,0,0,0,108
268,333,2,1,1,1,1,1,1,0,0,0,0,0,0,108
268,397,2,1,1,1,1,1,1,0,0,0,0,0,0,108
268,13,2,0,0,1,0,0,0,0,0,0,0,0,67,108
268,266,2,1,0,1,0,0,0,0,0,0,0,0,67,108
268,262,2,0,0,1,0,0,0,0,0,0,0,0,74,108
268,286,2,1,1,1,1,1,1,0,0,0,0,0,0,108
268,302,2,1,1,1,1,1,1,0,0,0,0,0,0,108
268,334,2,1,1,1,1,1,1,0,0,0,0,0,0,108
268,398,2,1,1,1,1,1,1,0,0,0,0,0,0,108
268,14,2,0,0,1,0,0,0,0,0,0,0,0,67,108
268,256,2,0,0,1,0,0,0,0,0,0,0,0,91,108
268,280,2,1,0,1,0,0,0,0,0,0,0,0,67,108
268,296,2,1,0,1,0,0,0,0,0,0,0,0,67,108
268,328,2,0,0,1,0,0,0,0,0,0,0,0,67,108
268,392,2,0,0,1,0,0,0,0,0,0,0,0,67,108
268,8,2,0,0,1,0,0,0,0,0,0,0,0,90,108
268,276,2,1,0,1,0,0,0,0,0,0,0,0,74,108
268,292,2,0,0,1,0,0,0,0,0,0,0,0,74,108
268,324,2,0,0,1,0,0,0,0,0,0,0,0,74,108
268,388,2,0,0,1,0,0,0,0,0,0,0,0,74,108
268,4,2,0,0,1,0,0,0,0,0,0,0,0,91,108
268,316,2,1,1,1,1,1,1,0,0,0,0,0,0,108
268,348,2,1,1,1,1,1,1,0,0,0,0,0,0,108
268,412,2,1,1,1,1,1,1,0,0,0,0,0,0,108
268,28,2,1,0,1,0,0,0,0,0,0,0,0,67,108
268,364,2,1,1,1,1,1,1,0,0,0,0,0,0,108
268,428,2,1,1,1,1,1,1,0,0,0,0,0,0,108
268,44,2,1,0,1,0,0,0,0,0,0,0,0,67,108
268,460,2,1,1,1,1,1,1,0,0,0,0,0,0,108
268,76,2,0,0,1,0,0,0,0,0,0,0,0,67,108
268,140,2,1,0,1,0,0,0,0,0,0,0,0,67,108
269,269,0,1,1,1,1,1,1,0,0,0,0,0,0,156
269,268,1,1,1,1,0,0,1,0,1,1,1,0,111,156
269,271,1,1,1,1,1,1,1,0,0,0,0,0,0,156
269,265,1,0,0,1,0,0,0,0,0,0,0,0,92,156
269,261,1,0,0,1,0,0,0,0,0,0,0,0,98,156
269,285,1,1,1,1,1,1,1,0,0,0,0,0,0,156
269,301,1,1,1,1,1,1,1,0,0,0,0,0,0,156
269,333,1,1,1,1,1,1,1,0,0,0,0,0,0,156
269,397,1,1,1,1,1,1,1,0,0,0,0,0,0,156
269,13,1,0,0,1,0,0,0,0,0,0,0,0,111,156
269,270,2,1,1,1,0,0,1,0,1,1,1,0,111,156
269,264,2,0,0,1,0,0,0,0,0,0,0,0,132,156
269,260,2,0,0,1,0,0,0,0,0,0,0,0,118,156
269,284,2,1,1,1,0,0,1,0,1,1,1,0,111,156
269,300,2,1,1,1,0,0,1,0,1,1,1,0,111,156
269,332,2,1,1,1,0,0,1,0,1,1,1,0,111,156
269,396,2,1,1,1,0,0,1,0,1,1,1,0,111,156
269,12,2,0,0,1,0,0,0,0,0,0,0,0,133,156
269,267,2,1,0,1,0,0,0,0,0,0,0,0,92,156
269,263,2,0,0,1,0,0,0,0,0,0,0,0,98,156
269,287,2,1,1,1,1,1,1,0,0,0,0,0,0,156
269,303,2,1,1,1,1,1,1,0,0,0,0,0,0,156
269,335,2,1,1,1,1,1,1,0,0,0,0,0,0,156
269,399,2,1,1,1,1,1,1,0,0,0,0,0,0,156
269,15,2,0,0,1,0,0,0,0,0,0,0,0,111,156
269,257,2,0,0,1,0,0,0,0,0,0,0,0,126,156
269,281,2,1,0,1,0,0,0,0,0,0,0,0,92,156
269,297,2,1,0,1,0,0,0,0,0,0,0,0,92,156
269,329,2,0,0,1,0,0,0,0,0,0,0,0,92,156
269,393,2,0,0,1,0,0,0,0,0,0,0,0,92,156
269,9,2,0,0,1,0,0,0,0,0,0,0,0,132,156
269,277,2,1,0,1,0,0,0,0,0,0,0,0,98,156
269,293,2,0,0,1,0,0,0,0,0,0,0,0,98,156
269,325,2,1,0,1,0,0,0,0,0,0,0,0,98,156
269,389,2,1,0,1,0,0,0,0,0,0,0,0,98,156
269,5,2,0,0,1,0,0,0,0,0,0,0,0,118,156
269,317,2,1,1,1,1,1,1,0,0,0,0,0,0,156
269,349,2,1,1,1,1,1,1,0,0,0,0,0,0,156
269,413,2,1,1,1,1,1,1,0,0,0,0,0,0,156
269,29,2,1,0,1,0,0,0,0,0,0,0,0,111,156
269,365,2,1,1,1,1,1,1,0,0,0,0,0,0,156
269,429,2,1,1,1,1,1,1,0,0,0,0,0,0,156
269,45,2,1,0,1,0,0,0,0,0,0,0,0,111,156
269,461,2,1,1,1,1,1,1,0,0,0,0,0,0,156
269,77,2,0,0,1,0,0,0,0,0,0,0,0,111,156
269,141,2,1,0,1,0,0,0,0,0,0,0,0,111,156
270,270,0,1,1,1,1,1,1,0,0,0,0,0,0,109
270,271,1,1,1,1,1,1,1,0,0,0,0,0,0,109
270,268,1,1,1,1,0,0,1,0,1,1,1,0,42,109
270,266,1,1,1,1,1,1,1,0,0,0,0,0,67,109
270,262,1,0,0,1,0,0,0,0,0,0,0,0,74,109
270,286,1,1,1,1,1,1,1,0,0,0,0,0,0,109
270,302,1,1,1,1,1,1,1,0,0,0,0,0,0,109
270,334,1,1,1,1,1,1,1,0,0,0,0,0,0,109
270,398,1,1,1,1,1,1,1,0,0,0,0,0,0,109
270,14,1,0,0,1,0,0,0,0,0,0,0,0,67,109
270,269,2,1,1,1,0,0,1,0,1,1,1,0,42,109
270,267,2,1,1,1,1,1,1,0,0,0,0,0,67,109
270,263,2,0,0,1,0,0,0,0,0,0,0,0,74,109
270,287,2,1,1,1,1,1,1,0,0,0,0,0,0,109
270,303,2,1,1,1,1,1,1,0,0,0,0,0,0,109
270,335,2,1,1,1,1,1,1,0,0,0,0,0,0,109
270,399,2,1,1,1,1,1,1,0,0,0,0,0,0,109
270,15,2,0,0,1,0,0,0,0,0,0,0,0,67,109
270,264,2,0,0,1,0,0,0,0,0,0,0,0,71,109
270,260,2,0,0,1,0,0,0,0,0,0,0,0,78,109
270,284,2,1,1,1,0,0,1,0,1,1,1,0,42,109
270,300,2,1,1,1,0,0,1,0,1,1,1,0,42,109
270,332,2,1,1,1,0,0,1,0,1,1,1,0,42,109
270,396,2,1,1,1,0,0,1,0,1,1,1,0,42,109
270,12,2,0,0,1,0,0,0,0,0,0,0,0,77,109
270,258,2,0,0,1,0,0,0,0,0,0,0,0,91,109
270,282,2,1,1,1,1,1,1,0,0,0,0,0,67,109
270,298,2,1,1,1,1,1,1,0,0,0,0,0,67,109
270,330,2,1,1,1,1,1,1,0,0,0,0,0,67,109
270,394,2,1,1,1,1,1,1,0,0,0,0,0,67,109
270,10,2,0,0,1,0,0,0,0,0,0,0,0,90,109
270,278,2,1,0,1,0,0,0,0,0,0,0,0,74,109
270,294,2,0,0,1,0,0,0,0,0,0,0,0,74,109
270,326,2,1,0,1,0,0,0,0,0,0,0,0,74,109
270,390,2,1,0,1,0,0,0,0,0,0,0,0,74,109
270,6,2,0,0,1,0,0,0,0,0,0,0,0,91,109
270,318,2,1,1,1,1,1,1,0,0,0,0,0,0,109
270,350,2,1,1,1,1,1,1,0,0,0,0,0,0,109
270,414,2,1,1,1,1,1,1,0,0,0,0,0,0,109
270,30,2,1,0,1,0,0,0,0,0,0,0,0,67,109
270,366,2,1,1,1,1,1,1,0,0,0,0,0,0,109
270,430,2,1,1,1,1,1,1,0,0,0,0,0,0,109
270,46,2,1,0,1,0,0,0,0,0,0,0,0,67,109
270,462,2,1,1,1,1,1,1,0,0,0,0,0,0,109
270,78,2,0,0,1,0,0,0,0,0,0,0,0,67,109
270,142,2,1,0,1,0,0,0,0,0,0,0,0,67,109
271,271,0,1,1,1,1,1,1,0,0,0,0,0,0,157
271,270,1,1,1,1,1,1,1,0,0,0,0,0,111,157
271,269,1,1,1,1,0,0,1,0,1,1,1,0,55,157
271,267,1,1,1,1,1,1,1,0,0,0,0,0,92,157
271,263,1,0,0,1,0,0,0,0,0,0,0,0,98,157
271,287,1,1,1,1,1,1,1,0,0,0,0,0,0,157
271,303,1,1,1,1,1,1,1,0,0,0,0,0,0,157
271,335,1,1,1,1,1,1,1,0,0,0,0,0,0,157
271,399,1,1,1,1,1,1,1,0,0,0,0,0,0,157
271,15,1,0,0,1,0,0,0,0,0,0,0,0,111,157
271,268,2,1,1,1,0,0,1,0,1,1,1,0,116,157
271,266,2,1,1,1,1,1,1,0,0,0,0,0,132,157
271,262,2,0,0,1,0,0,0,0,0,0,0,0,118,157
271,286,2,1,1,1,1,1,1,0,0,0,0,0,111,157
271,302,2,1,1,1,1,1,1,0,0,0,0,0,111,157
271,334,2,1,1,1,1,1,1,0,0,0,0,0,111,157
271,398,2,1,1,1,1,1,1,0,0,0,0,0,111,157
271,14,2,0,0,1,0,0,0,0,0,0,0,0,133,157
271,265,2,0,0,1,0,0,0,0,0,0,0,0,96,157
271,261,2,0,0,1,0,0,0,0,0,0,0,0,103,157
271,285,2,1,1,1,0,0,1,0,1,1,1,0,55,157
271,301,2,1,1,1,0,0,1,0,1,1,1,0,55,157
271,333,2,1,1,1,0,0,1,0,1,1,1,0,55,157
271,397,2,1,1,1,0,0,1,0,1,1,1,0,55,157
271,13,2,0,0,1,0,0,0,0,0,0,0,0,115,157
271,259,2,0,0,1,0,0,0,0,0,0,0,0,126,157
271,283,2,1,1,1,1,1,1,0,0,0,0,0,92,157
271,299,2,1,1,1,1,1,1,0,0,0,0,0,92,157
271,331,2,1,1,1,1,1,1,0,0,0,0,0,92,157
271,395,2,1,1,1,1,1,1,0,0,0,0,0,92,157
271,11,2,0,0,1,0,0,0,0,0,0,0,0,132,157
271,279,2,1,0,1,0,0,0,0,0,0,0,0,98,157
271,295,2,0,0,1,0,0,0,0,0,0,0,0,98,157
271,327,2,1,0,1,0,0,0,0,0,0,0,0,98,157
271,391,2,1,0,1,0,0,0,0,0,0,0,0,98,157
271,7,2,0,0,1,0,0,0,0,0,0,0,0,118,157
271,319,2,1,1,1,1,1,1,0,0,0,0,0,0,157
271,351,2,1,1,1,1,1,1,0,0,0,0,0,0,157
271,415,2,1,1,1,1,1,1,0,0,0,0,0,0,157
271,31,2,1,0,1,0,0,0,0,0,0,0,0,111,157
271,367,2,1,1,1,1,1,1,0,0,0,0,0,0,157
271,431,2,1,1,1,1,1,1,0,0,0,0,0,0,157
271,47,2,1,0,1,0,0,0,0,0,0,0,0,111,157
271,463,2,1,1,1,1,1,1,0,0,0,0,0,0,157
271,79,2,0,0,1,0,0,0,0,0,0,0,0,111,157
271,143,2,1,0,1,0,0,0,0,0,0,0,0,111,157
272,272,0,1,1,1,1,1,1,0,0,0,0,0,0,8
272,273,1,1,1,1,1,1,1,0,0,0,0,0,0,8
272,274,1,1,1,1,1,1,1,0,0,0,0,0,0,8
272,276,1,1,1,1,1,1,1,0,0,0,0,0,0,8
272,280,1,1,1,1,1,1,1,0,0,0,0,0,0,8
272,256,1,0,0,1,0,0,0,0,0,0,0,0,3,8
272,304,1,1,1,1,1,1,1,0,0,0,0,0,0,8
272,336,1,1,1,1,1,1,1,0,0,0,0,0,0,8
272,400,1,1,1,1,1,1,1,0,0,0,0,0,0,8
272,16,1,1,1,1,1,1,1,0,0,0,0,0,3,8
272,275,2,1,1,1,1,1,1,0,0,0,0,0,0,8
272,277,2,1,1,1,1,1,1,0,0,0,0,0,0,8
272,281,2,1,1,1,1,1,1,0,0,0,0,0,0,8
272,257,2,0,0,1,0,0,0,0,0,0,0,0,3,8
272,305,2,1,1,1,1,1,1,0,0,0,0,0,0,8
272,337,2,1,1,1,1,1,1,0,0,0,0,0,0,8
272,401,2,1,1,1,1,1,1,0,0,0,0,0,0,8
272,17,2,1,1,1,1,1,1,0,0,0,0,0,3,8
272,278,2,1,1,1,1,1,1,0,0,0,0,0,0,8
272,282,2,1,1,1,1,1,1,0,0,0,0,0,0,8
272,258,2,0,0,1,0,0,0,0,0,0,0,0,3,8
272,306,2,1,1,1,1,1,1,0,0,0,0,0,0,8
272,338,2,1,1,1,1,1,1,0,0,0,0,0,0,8
272,402,2,1,1,1,1,1,1,0,0,0,0,0,0,8
272,18,2,1,1,1,1,1,1,0,0,0,0,0,3,8
272,284,2,1,1,1,1,1,1,0,0,0,0,0,0,8
272,260,2,0,0,1,0,0,0,0,0,0,0,0,3,8
272,308,2,1,1,1,1,1,1,0,0,0,0,0,0,8
272,340,2,1,1,1,1,1,1,0,0,0,0,0,0,8
272,404,2,1,1,1,1,1,1,0,0,0,0,0,0,8
272,20,2,1,1,1,1,1,1,0,0,0,0,0,3,8
272,264,2,0,0,1,0,0,0,0,0,0,0,0,3,8
272,312,2,1,1,1,1,1,1,0,0,0,0,0,0,8
272,344,2,1,1,1,1,1,1,0,0,0,0,0,0,8
272,408,2,1,1,1,1,1,1,0,0,0,0,0,0,8
272,24,2,1,1,1,1,1,1,0,0,0,0,0,3,8
272,288,2,0,0,1,0,0,0,0,0,0,0,0,3,8
272,320,2,0,0,1,0,0,0,0,0,0,0,0,3,8
272,384,2,0,0,1,0,0,0,0,0,0,0,0,3,8
272,0,2,0,0,1,0,0,0,0,0,0,0,0,6,8
272,368,2,1,1,1,1,1,1,0,0,0,0,0,0,8
272,432,2,1,1,1,1,1,1,0,0,0,0,0,0,8
272,48,2,1,1,1,1,1,1,0,0,0,0,0,3,8
272,464,2,1,1,1,1,1,1,0,0,0,0,0,0,8
272,80,2,1,1,1,1,1,1,0,0,0,0,0,3,8
272,144,2,1,1,1,1,1,1,0,0,0,0,0,3,8
273,273,0,1,1,1,1,1,1,0,0,0,0,0,0,15
273,272,1,1,1,1,1,1,1,0,0,0,0,0,4,15
273,275,1,1,1,1,1,1,1,0,0,0,0,0,0,15
273,277,1,1,1,1,1,1,1,0,0,0,0,0,0,15
273,281,1,1,1,1,1,1,1,0,0,0,0,0,0,15
273,257,1,0,0,1,0,0,0,0,0,0,0,0,4,15
273,305,1,1,1,1,1,1,1,0,0,0,0,0,0,15
273,337,1,1,1,1,1,1,1,0,0,0,0,0,0,15
273,401,1,1,1,1,1,1,1,0,0,0,0,0,0,15
273,17,1,1,1,1,1,1,1,0,0,0,0,0,4,15
273,274,2,1,1,1,1,1,1,0,0,0,0,0,4,15
273,276,2,1,1,1,1,1,1,0,0,0,0,0,4,15
273,280,2,1,1,1,1,1,1,0,0,0,0,0,4,15
273,256,2,0,0,1,0,0,0,0,0,0,0,0,8,15
273,304,2,1,1,1,1,1,1,0,0,0,0,0,4,15
273,336,2,1,1,1,1,1,1,0,0,0,0,0,4,15
273,400,2,1,1,1,1,1,1,0,0,0,0,0,4,15
273,16,2,1,1,1,1,1,1,0,0,0,0,0,8,15
273,279,2,1,1,1,1,1,1,0,0,0,0,0,0,15
273,283,2,1,1,1,1,1,1,0,0,0,0,0,0,15
273,259,2,0,0,1,0,0,0,0,0,0,0,0,4,15
273,307,2,1,1,1,1,1,1,0,0,0,0,0,0,15
273,339,2,1,1,1,1,1,1,0,0,0,0,0,0,15
273,403,2,1,1,1,1,1,1,0,0,0,0,0,0,15
273,19,2,1,1,1,1,1,1,0,0,0,0,0,4,15
273,285,2,1,1,1,1,1,1,0,0,0,0,0,0,15
273,261,2,0,0,1,0,0,0,0,0,0,0,0,4,15
273,309,2,1,1,1,1,1,1,0,0,0,0,0,0,15
273,341,2,1,1,1,1,1,1,0,0,0,0,0,0,15
273,405,2,1,1,1,1,1,1,0,0,0,0,0,0,15
273,21,2,1,1,1,1,1,1,0,0,0,0,0,4,15
273,265,2,0,0,1,0,0,0,0,0,0,0,0,4,15
273,313,2,1,1,1,1,1,1,0,0,0,0,0,0,15
273,345,2,1,1,1,1,1,1,0,0,0,0,0,0,15
273,409,2,1,1,1,1,1,1,0,0,0,0,0,0,15
273,25,2,1,1,1,1,1,1,0,0,0,0,0,4,15
273,289,2,0,0,1,0,0,0,0,0,0,0,0,4,15
273,321,2,0,0,1,0,0,0,0,0,0,0,0,4,15
273,385,2,0,0,1,0,0,0,0,0,0,0,0,4,15
273,1,2,0,0,1,0,0,0,0,0,0,0,0,8,15
273,369,2,1,1,1,1,1,1,0,0,0,0,0,0,15
273,433,2,1,1,1,1,1,1,0,0,0,0,0,0,15
273,49,2,1,1,1,1,1,1,0,0,0,0,0,4,15
273,465,2,1,1,1,1,1,1,0,0,0,0,0,0,15
273,81,2,1,1,1,1,1,1,0,0,0,0,0,4,15
273,145,2,1,1,1,1,1,1,0,0,0,0,0,4,15
274,274,0,1,1,1,1,1,1,0,0,0,0,0,0,27
274,275,1,1,1,1,1,1,1,0,0,0,0,0,0,27
274,272,1,1,1,1,1,1,1,0,0,0,0,0,13,27
274,278,1,1,1,1,1,1,1,0,0,0,0,0,0,27
274,282,1,1,1,1,1,1,1,0,0,0,0,0,0,27
274,258,1,0,0,1,0,0,0,0,0,0,0,0,5,27
274,306,1,1,1,1,1,1,1,0,0,0,0,0,0,27
274,338,1,1,1,1,1,1,1,0,0,0,0,0,0,27
274,402,1,1,1,1,1,1,1,0,0,0,0,0,0,27
274,18,1,1,1,1,1,1,1,0,0,0,0,0,13,27
274,273,2,1,1,1,1,1,1,0,0,0,0,0,13,27
274,279,2,1,1,1,1,1,1,0,0,0,0,0,0,27
274,283,2,1,1,1,1,1,1,0,0,0,0,0,0,27
274,259,2,0,0,1,0,0,0,0,0,0,0,0,5,27
274,307,2,1,1,1,1,1,1,0,0,0,0,0,0,27
274,339,2,1,1,1,1,1,1,0,0,0,0,0,0,27
274,403,2,1,1,1,1,1,1,0,0,0,0,0,0,27
274,19,2,1,1,1,1,1,1,0,0,0,0,0,13,27
274,276,2,1,1,1,1,1,1,0,0,0,0,0,13,27
274,280,2,1,1,1,1,1,1,0,0,0,0,0,13,27
274,256,2,0,0,1,0,0,0,0,0,0,0,0,18,27
274,304,2,1,1,1,1,1,1,0,0,0,0,0,13,27
274,336,2,1,1,1,1,1,1,0,0,0,0,0,13,27
274,400,2,1,1,1,1,1,1,0,0,0,0,0,13,27
274,16,2,1,1,1,1,1,1,0,0,0,0,0,18,27
274,286,2,1,1,1,1,1,1,0,0,0,0,0,0,27
274,262,2,0,0,1,0,0,0,0,0,0,0,0,5,27
274,310,2,1,1,1,1,1,1,0,0,0,0,0,0,27
274,342,2,1,1,1,1,1,1,0,0,0,0,0,0,27
274,406,2,1,1,1,1,1,1,0,0,0,0,0,0,27
274,22,2,1,1,1,1,1,1,0,0,0,0,0,13,27
274,266,2,1,0,1,0,0,0,0,0,0,0,0,5,27
274,314,2,1,1,1,1,1,1,0,0,0,0,0,0,27
274,346,2,1,1,1,1,1,1,0,0,0,0,0,0,27
274,410,2,1,1,1,1,1,1,0,0,0,0,0,0,27
274,26,2,1,1,1,1,1,1,0,0,0,0,0,13,27
274,290,2,0,0,1,0,0,0,0,0,0,0,0,5,27
274,322,2,1,0,1,0,0,0,0,0,0,0,0,5,27
274,386,2,1,0,1,0,0,0,0,0,0,0,0,5,27
274,2,2,0,0,1,0,0,0,0,0,0,0,0,18,27
274,370,2,1,1,1,1,1,1,0,0,0,0,0,0,27
274,434,2,1,1,1,1,1,1,0,0,0,0,0,0,27
274,50,2,1,1,1,1,1,1,0,0,0,0,0,13,27
274,466,2,1,1,1,1,1,1,0,0,0,0,0,0,27
274,82,2,1,1,1,1,1,1,0,0,0,0,0,13,27
274,146,2,1,1,1,1,1,1,0,0,0,0,0,13,27
275,275,0,1,1,1,1,1,1,0,0,0,0,0,0,44
275,274,1,1,1,1,1,1,1,0,0,0,0,0,24,44
275,273,1,1,1,1,1,1,1,0,0,0,0,0,20,44
275,279,1,1,1,1,1,1,1,0,0,0,0,0,0,44
275,283,1,1,1,1,1,1,1,0,0,0,0,0,0,44
275,259,1,0,0,1,0,0,0,0,0,0,0,0,6,44
275,307,1,1,1,1,1,1,1,0,0,0,0,0,0,44
275,339,1,1,1,1,1,1,1,0,0,0,0,0,0,44
275,403,1,1,1,1,1,1,1,0,0,0,0,0,0,44
275,19,1,1,1,1,1,1,1,0,0,0,0,0,24,44
275,272,2,1,1,1,1,1,1,0,0,0,0,0,27,44
275,278,2,1,1,1,1,1,1,0,0,0,0,0,24,44
275,282,2,1,1,1,1,1,1,0,0,0,0,0,24,44
275,258,2,0,0,1,0,0,0,0,0,0,0,0,30,44
275,306,2,1,1,1,1,1,1,0,0,0,0,0,24,44
275,338,2,1,1,1,1,1,1,0,0,0,0,0,24,44
275,402,2,1,1,1,1,1,1,0,0,0,0,0,24,44
275,18,2,1,1,1,1,1,1,0,0,0,0,0,32,44
275,277,2,1,1,1,1,1,1,0,0,0,0,0,20,44
275,281,2,1,1,1,1,1,1,0,0,0,0,0,20,44
275,257,2,0,0,1,0,0,0,0,0,0,0,0,26,44
275,305,2,1,1,1,1,1,1,0,0,0,0,0,20,44
275,337,2,1,1,1,1,1,1,0,0,0,0,0,20,44
275,401,2,1,1,1,1,1,1,0,0,0,0,0,20,44
275,17,2,1,1,1,1,1,1,0,0,0,0,0,26,44
275,287,2,1,1,1,1,1,1,0,0,0,0,0,0,44
275,263,2,0,0,1,0,0,0,0,0,0,0,0,6,44
275,311,2,1,1,1,1,1,1,0,0,0,0,0,0,44
275,343,2,1,1,1,1,1,1,0,0,0,0,0,0,44
275,407,2,1,1,1,1,1,1,0,0,0,0,0,0,44
275,23,2,1,1,1,1,1,1,0,0,0,0,0,24,44
275,267,2,1,0,1,0,0,0,0,0,0,0,0,6,44
275,315,2,1,1,1,1,1,1,0,0,0,0,0,0,44
275,347,2,1,1,1,1,1,1,0,0,0,0,0,0,44
275,411,2,1,1,1,1,1,1,0,0,0,0,0,0,44
275,27,2,1,1,1,1,1,1,0,0,0,0,0,24,44
275,291,2,0,0,1,0,0,0,0,0,0,0,0,6,44
275,323,2,1,0,1,0,0,0,0,0,0,0,0,6,44
275,387,2,1,0,1,0,0,0,0,0,0,0,0,6,44
275,3,2,0,0,1,0,0,0,0,0,0,0,0,30,44
275,371,2,1,1,1,1,1,1,0,0,0,0,0,0,44
275,435,2,1,1,1,1,1,1,0,0,0,0,0,0,44
275,51,2,1,1,1,1,1,1,0,0,0,0,0,24,44
275,467,2,1,1,1,1,1,1,0,0,0,0,0,0,44
275,83,2,1,1,1,1,1,1,0,0,0,0,0,24,44
275,147,2,1,1,1,1,1,1,0,0,0,0,0,24,44
276,276,0,1,1,1,1,1,1,0,0,0,0,0,0,27
276,277,1,1,1,1,1,1,1,0,0,0,0,0,0,27
276,278,1,1,1,1,1,1,1,0,0,0,0,0,0,27
276,272,1,1,1,1,1,1,1,0,0,0,0,0,13,27
276,284,1,1,1,1,1,1,1,0,0,0,0,0,0,27
276,260,1,0,0,1,0,0,0,0,0,0,0,0,5,27
276,308,1,1,1,1,1,1,1,0,0,0,0,0,0,27
276,340,1,1,1,1,1,1,1,0,0,0,0,0,0,27
276,404,1,1,1,1,1,1,1,0,0,0,0,0,0,27
276,20,1,1,1,1,1,1,1,0,0,0,0,0,13,27
276,279,2,1,1,1,1,1,1,0,0,0,0,0,0,27
276,273,2,1,1,1,1,1,1,0,0,0,0,0,13,27
276,285,2,1,1,1,1,1,1,0,0,0,0,0,0,27
276,261,2,0,0,1,0,0,0,0,0,0,0,0,5,27
276,309,2,1,1,1,1,1,1,0,0,0,0,0,0,27
276,341,2,1,1,1,1,1,1,0,0,0,0,0,0,27
276,405,2,1,1,1,1,1,1,0,0,0,0,0,0,27
276,21,2,1,1,1,1,1,1,0,0,0,0,0,13,27
276,274,2,1,1,1,1,1,1,0,0,0,0,0,13,27
276,286,2,1,1,1,1,1,1,0,0,0,0,0,0,27
276,262,2,0,0,1,0,0,0,0,0,0,0,0,5,27
276,310,2,1,1,1,1,1,1,0,0,0,0,0,0,27
276,342,2,1,1,1,1,1,1,0,0,0,0,0,0,27
276,406,2,1,1,1,1,1,1,0,0,0,0,0,0,27
276,22,2,1,1,1,1,1,1,0,0,0,0,0,13,27
276,280,2,1,1,1,1,1,1,0,0,0,0,0,13,27
276,256,2,0,0,1,0,0,0,0,0,0,0,0,18,27
276,304,2,1,1,1,1,1,1,0,0,0,0,0,13,27
276,336,2,1,1,1,1,1,1,0,0,0,0,0,13,27
276,400,2,1,1,1,1,1,1,0,0,0,0,0,13,27
276,16,2,1,1,1,1,1,1,0,0,0,0,0,18,27
276,268,2,1,0,1,0,0,0,0,0,0,0,0,5,27
276,316,2,1,1,1,1,1,1,0,0,0,0,0,0,27
276,348,2,1,1,1,1,1,1,0,0,0,0,0,0,27
276,412,2,1,1,1,1,1,1,0,0,0,0,0,0,27
276,28,2,1,1,1,1,1,1,0,0,0,0,0,13,27
276,292,2,0,0,1,0,0,0,0,0,0,0,0,5,27
276,324,2,0,0,1,0,0,0,0,0,0,0,0,5,27
276,388,2,0,0,1,0,0,0,0,0,0,0,0,5,27
276,4,2,0,0,1,0,0,0,0,0,0,0,0,18,27
276,372,2,1,1,1,1,1,1,0,0,0,0,0,0,27
276,436,2,1,1,1,1,1,1,0,0,0,0,0,0,27
276,52,2,1,1,1,1,1,1,0,0,0,0,0,13,27
276,468,2,1,1,1,1,1,1,0,0,0,0,0,0,27
276,84,2,1,1,1,1,1,1,0,0,0,0,0,13,27
276,148,2,1,1,1,1,1,1,0,0,0,0,0,13,27
277,277,0,1,1,1,1,1,1,0,0,0,0,0,0,70
277,276,1,1,1,1,1,1,1,0,0,0,0,0,35,70
277,279,1,1,1,1,1,1,1,0,0,0,0,0,0,70
277,273,1,1,1,1,1,1,1,0,0,0,0,0,41,70
277,285,1,1,1,1,1,1,1,0,0,0,0,0,0,70
277,261,1,0,0,1,0,0,0,0,0,0,0,0,7,70
277,309,1,1,1,1,1,1,1,0,0,0,0,0,0,70
277,341,1,1,1,1,1,1,1,0,0,0,0,0,0,70
277,405,1,1,1,1,1,1,1,0,0,0,0,0,0,70
277,21,1,1,1,1,1,1,1,0,0,0,0,0,35,70
277,278,2,1,1,1,1,1,1,0,0,0,0,0,35,70
277,272,2,1,1,1,1,1,1,0,0,0,0,0,49,70
277,284,2,1,1,1,1,1,1,0,0,0,0,0,35,70
277,260,2,0,0,1,0,0,0,0,0,0,0,0,42,70
277,308,2,1,1,1,1,1,1,0,0,0,0,0,35,70
277,340,2,1,1,1,1,1,1,0,0,0,0,0,35,70
277,404,2,1,1,1,1,1,1,0,0,0,0,0,35,70
277,20,2,1,1,1,1,1,1,0,0,0,0,0,50,70
277,275,2,1,1,1,1,1,1,0,0,0,0,0,41,70
277,287,2,1,1,1,1,1,1,0,0,0,0,0,0,70
277,263,2,0,0,1,0,0,0,0,0,0,0,0,7,70
277,311,2,1,1,1,1,1,1,0,0,0,0,0,0,70
277,343,2,1,1,1,1,1,1,0,0,0,0,0,0,70
277,407,2,1,1,1,1,1,1,0,0,0,0,0,0,70
277,23,2,1,1,1,1,1,1,0,0,0,0,0,35,70
277,281,2,1,1,1,1,1,1,0,0,0,0,0,41,70
277,257,2,0,0,1,0,0,0,0,0,0,0,0,48,70
277,305,2,1,1,1,1,1,1,0,0,0,0,0,41,70
277,337,2,1,1,1,1,1,1,0,0,0,0,0,41,70
277,401,2,1,1,1,1,1,1,0,0,0,0,0,41,70
277,17,2,1,1,1,1,1,1,0,0,0,0,0,49,70
277,269,2,1,0,1,0,0,0,0,0,0,0,0,7,70
277,317,2,1,1,1,1,1,1,0,0,0,0,0,0,70
277,349,2,1,1,1,1,1,1,0,0,0,0,0,0,70
277,413,2,1,1,1,1,1,1,0,0,0,0,0,0,70
277,29,2,1,1,1,1,1,1,0,0,0,0,0,35,70
277,293,2,0,0,1,0,0,0,0,0,0,0,0,7,70
277,325,2,1,0,1,0,0,0,0,0,0,0,0,7,70
277,389,2,1,0,1,0,0,0,0,0,0,0,0,7,70
277,5,2,0,0,1,0,0,0,0,0,0,0,0,42,70
277,373,2,1,1,1,1,1,1,0,0,0,0,0,0,70
277,437,2,1,1,1,1,1,1,0,0,0,0,0,0,70
277,53,2,1,1,1,1,1,1,0,0,0,0,0,35,70
277,469,2,1,1,1,1,1,1,0,0,0,0,0,0,70
277,85,2,1,1,1,1,1,1,0,0,0,0,0,35,70
277,149,2,1,1,1,1,1,1,0,0,0,0,0,35,70
278,278,0,1,1,1,1,1,1,0,0,0,0,0,0,44
278,279,1,1,1,1,1,1,1,0,0,0,0,0,0,44
278,276,1,1,1,1,1,1,1,0,0,0,0,0,16,44
278,274,1,1,1,1,1,1,1,0,0,0,0,0,16,44
278,286,1,1,1,1,1,1,1,0,0,0,0,0,0,44
278,262,1,0,0,1,0,0,0,0,0,0,0,0,6,44
278,310,1,1,1,1,1,1,1,0,0,0,0,0,0,44
278,342,1,1,1,1,1,1,1,0,0,0,0,0,0,44
278,406,1,1,1,1,1,1,1,0,0,0,0,0,0,44
278,22,1,1,1,1,1,1,1,0,0,0,0,0,21,44
278,277,2,1,1,1,1,1,1,0,0,0,0,0,16,44
278,275,2,1,1,1,1,1,1,0,0,0,0,0,16,44
278,287,2,1,1,1,1,1,1,0,0,0,0,0,0,44
278,263,2,0,0,1,0,0,0,0,0,0,0,0,6,44
278,311,2,1,1,1,1,1,1,0,0,0,0,0,0,44
278,343,2,1,1,1,1,1,1,0,0,0,0,0,0,44
278,407,2,1,1,1,1,1,1,0,0,0,0,0,0,44
278,23,2,1,1,1,1,1,1,0,0,0,0,0,21,44
278,272,2,1,1,1,1,1,1,0,0,0,0,0,27,44
278,284,2,1,1,1,1,1,1,0,0,0,0,0,16,44
278,260,2,0,0,1,0,0,0,0,0,0,0,0,22,44
278,308,2,1,1,1,1,1,1,0,0,0,0,0,16,44
278,340,2,1,1,1,1,1,1,0,0,0,0,0,16,44
278,404,2,1,1,1,1,1,1,0,0,0,0,0,16,44
278,20,2,1,1,1,1,1,1,0,0,0,0,0,27,44
278,282,2,1,1,1,1,1,1,0,0,0,0,0,16,44
278,258,2,0,0,1,0,0,0,0,0,0,0,0,22,44
278,306,2,1,1,1,1,1,1,0,0,0,0,0,16,44
278,338,2,1,1,1,1,1,1,0,0,0,0,0,16,44
278,402,2,1,1,1,1,1,1,0,0,0,0,0,16,44
278,18,2,1,1,1,1,1,1,0,0,0,0,0,27,44
278,270,2,1,0,1,0,0,0,0,0,0,0,0,6,44
278,318,2,1,1,1,1,1,1,0,0,0,0,0,0,44
278,350,2,1,1,1,1,1,1,0,0,0,0,0,0,44
278,414,2,1,1,1,1,1,1,0,0,0,0,0,0,44
278,30,2,1,1,1,1,1,1,0,0,0,0,0,21,44
278,294,2,0,0,1,0,0,0,0,0,0,0,0,6,44
278,326,2,1,0,1,0,0,0,0,0,0,0,0,6,44
278,390,2,1,0,1,0,0,0,0,0,0,0,0,6,44
278,6,2,0,0,1,0,0,0,0,0,0,0,0,27,44
278,374,2,1,1,1,1,1,1,0,0,0,0,0,0,44
278,438,2,1,1,1,1,1,1,0,0,0,0,0,0,44
278,54,2,1,1,1,1,1,1,0,0,0,0,0,21,44
278,470,2,1,1,1,1,1,1,0,0,0,0,0,0,44
278,86,2,1,1,1,1,1,1,0,0,0,0,0,21,44
278,150,2,1,1,1,1,1,1,0,0,0,0,0,21,44
279,279,0,1,1,1,1,1,1,0,0,0,0,0,0,71
279,278,1,1,1,1,1,1,1,0,0,0,0,0,35,71
279,277,1,1,1,1,1,1,1,0,0,0,0,0,24,71
279,275,1,1,1,1,1,1,1,0,0,0,0,0,41,71
279,287,1,1,1,1,1,1,1,0,0,0,0,0,0,71
279,263,1,0,0,1,0,0,0,0,0,0,0,0,7,71
279,311,1,1,1,1,1,1,1,0,0,0,0,0,0,71
279,343,1,1,1,1,1,1,1,0,0,0,0,0,0,71
279,407,1,1,1,1,1,1,1,0,0,0,0,0,0,71
279,23,1,1,1,1,1,1,1,0,0,0,0,0,35,71
279,276,2,1,1,1,1,1,1,0,0,0,0,0,38,71
279,274,2,1,1,1,1,1,1,0,0,0,0,0,49,71
279,286,2,1,1,1,1,1,1,0,0,0,0,0,35,71
279,262,2,0,0,1,0,0,0,0,0,0,0,0,42,71
279,310,2,1,1,1,1,1,1,0,0,0,0,0,35,71
279,342,2,1,1,1,1,1,1,0,0,0,0,0,35,71
279,406,2,1,1,1,1,1,1,0,0,0,0,0,35,71
279,22,2,1,1,1,1,1,1,0,0,0,0,0,50,71
279,273,2,1,1,1,1,1,1,0,0,0,0,0,43,71
279,285,2,1,1,1,1,1,1,0,0,0,0,0,24,71
279,261,2,0,0,1,0,0,0,0,0,0,0,0,31,71
279,309,2,1,1,1,1,1,1,0,0,0,0,0,24,71
279,341,2,1,1,1,1,1,1,0,0,0,0,0,24,71
279,405,2,1,1,1,1,1,1,0,0,0,0,0,24,71
279,21,2,1,1,1,1,1,1,0,0,0,0,0,37,71
279,283,2,1,1,1,1,1,1,0,0,0,0,0,41,71
279,259,2,0,0,1,0,0,0,0,0,0,0,0,48,71
279,307,2,1,1,1,1,1,1,0,0,0,0,0,41,71
279,339,2,1,1,1,1,1,1,0,0,0,0,0,41,71
279,403,2,1,1,1,1,1,1,0,0,0,0,0,41,71
279,19,2,1,1,1,1,1,1,0,0,0,0,0,49,71
279,271,2,1,0,1,0,0,0,0,0,0,0,0,7,71
279,319,2,1,1,1,1,1,1,0,0,0,0,0,0,71
279,351,2,1,1,1,1,1,1,0,0,0,0,0,0,71
279,415,2,1,1,1,1,1,1,0,0,0,0,0,0,71
279,31,2,1,1,1,1,1,1,0,0,0,0,0,35,71
279,295,2,0,0,1,0,0,0,0,0,0,0,0,7,71
279,327,2,1,0,1,0,0,0,0,0,0,0,0,7,71
279,391,2,1,0,1,0,0,0,0,0,0,0,0,7,71
279,7,2,0,0,1,0,0,0,0,0,0,0,0,42,71
279,375,2,1,1,1,1,1,1,0,0,0,0,0,0,71
279,439,2,1,1,1,1,1,1,0,0,0,0,0,0,71
279,55,2,1,1,1,1,1,1,0,0,0,0,0,35,71
279,471,2,1,1,1,1,1,1,0,0,0,0,0,0,71
279,87,2,1,1,1,1,1,1,0,0,0,0,0,35,71
279,151,2,1,1,1,1,1,1,0,0,0,0,0,35,71
280,280,0,1,1,1,1,1,1,0,0,0,0,0,0,27
280,281,1,1,1,1,1,1,1,0,0,0,0,0,0,27
280,282,1,1,1,1,1,1,1,0,0,0,0,0,0,27
280,284,1,1,1,1,1,1,1,0,0,0,0,0,0,27
280,272,1,1,1,1,1,1,1,0,0,0,0,0,13,27
280,264,1,0,0,1,0,0,0,0,0,0,0,0,5,27
280,312,1,1,1,1,1,1,1,0,0,0,0,0,0,27
280,344,1,1,1,1,1,1,1,0,0,0,0,0,0,27
280,408,1,1,1,1,1,1,1,0,0,0,0,0,0,27
280,24,1,1,1,1,1,1,1,0,0,0,0,0,13,27
280,283,2,1,1,1,1,1,1,0,0,0,0,0,0,27
280,285,2,1,1,1,1,1,1,0,0,0,0,0,0,27
280,273,2,1,1,1,1,1,1,0,0,0,0,0,13,27
280,265,2,0,0,1,0,0,0,0,0,0,0,0,5,27
280,313,2,1,1,1,1,1,1,0,0,0,0,0,0,27
280,345,2,1,1,1,1,1,1,0,0,0,0,0,0,27
280,409,2,1,1,1,1,1,1,0,0,0,0,0,0,27
280,25,2,1,1,1,1,1,1,0,0,0,0,0,13,27
280,286,2,1,1,1,1,1,1,0,0,0,0,0,0,27
280,274,2,1,1,1,1,1,1,0,0,0,0,0,13,27
280,266,2,1,0,1,0,0,0,0,0,0,0,0,5,27
280,314,2,1,1,1,1,1,1,0,0,0,0,0,0,27
280,346,2,1,1,1,1,1,1,0,0,0,0,0,0,27
280,410,2,1,1,1,1,1,1,0,0,0,0,0,0,27
280,26,2,1,1,1,1,1,1,0,0,0,0,0,13,27
280,276,2,1,1,1,1,1,1,0,0,0,0,0,13,27
280,268,2,1,0,1,0,0,0,0,0,0,0,0,5,27
280,316,2,1,1,1,1,1,1,0,0,0,0,0,0,27
280,348,2,1,1,1,1,1,1,0,0,0,0,0,0,27
280,412,2,1,1,1,1,1,1,0,0,0,0,0,0,27
280,28,2,1,1,1,1,1,1,0,0,0,0,0,13,27
280,256,2,0,0,1,0,0,0,0,0,0,0,0,18,27
280,304,2,1,1,1,1,1,1,0,0,0,0,0,13,27
280,336,2,1,1,1,1,1,1,0,0,0,0,0,13,27
280,400,2,1,1,1,1,1,1,0,0,0,0,0,13,27
280,16,2,1,1,1,1,1,1,0,0,0,0,0,18,27
280,296,2,1,0,1,0,0,0,0,0,0,0,0,5,27
280,328,2,0,0,1,0,0,0,0,0,0,0,0,5,27
280,392,2,0,0,1,0,0,0,0,0,0,0,0,5,27
280,8,2,0,0,1,0,0,0,0,0,0,0,0,18,27
280,376,2,1,1,1,1,1,1,0,0,0,0,0,0,27
280,440,2,1,1,1,1,1,1,0,0,0,0,0,0,27
280,56,2,1,1,1,1,1,1,0,0,0,0,0,13,27
280,472,2,1,1,1,1,1,1,0,0,0,0,0,0,27
280,88,2,1,1,1,1,1,1,0,0,0,0,0,13,27
280,152,2,1,1,1,1,1,1,0,0,0,0,0,13,27
281,281,0,1,1,1,1,1,1,0,0,0,0,0,0,44
281,280,1,1,1,1,1,1,1,0,0,0,0,0,24,44
281,283,1,1,1,1,1,1,1,0,0,0,0,0,0,44
281,285,1,1,1,1,1,1,1,0,0,0,0,0,0,44
281,273,1,1,1,1,1,1,1,0,0,0,0,0,20,44
281,265,1,0,0,1,0,0,0,0,0,0,0,0,6,44
281,313,1,1,1,1,1,1,1,0,0,0,0,0,0,44
281,345,1,1,1,1,1,1,1,0,0,0,0,0,0,44
281,409,1,1,1,1,1,1,1,0,0,0,0,0,0,44
281,25,1,1,1,1,1,1,1,0,0,0,0,0,24,44
281,282,2,1,1,1,1,1,1,0,0,0,0,0,24,44
281,284,2,1,1,1,1,1,1,0,0,0,0,0,24,44
281,272,2,1,1,1,1,1,1,0,0,0,0,0,27,44
281,264,2,0,0,1,0,0,0,0,0,0,0,0,30,44
281,312,2,1,1,1,1,1,1,0,0,0,0,0,24,44
281,344,2,1,1,1,1,1,1,0,0,0,0,0,24,44
281,408,2,1,1,1,1,1,1,0,0,0,0,0,24,44
281,24,2,1,1,1,1,1,1,0,0,0,0,0,32,44
281,287,2,1,1,1,1,1,1,0,0,0,0,0,0,44
281,275,2,1,1,1,1,1,1,0,0,0,0,0,20,44
281,267,2,1,0,1,0,0,0,0,0,0,0,0,6,44
281,315,2,1,1,1,1,1,1,0,0,0,0,0,0,44
281,347,2,1,1,1,1,1,1,0,0,0,0,0,0,44
281,411,2,1,1,1,1,1,1,0,0,0,0,0,0,44
281,27,2,1,1,1,1,1,1,0,0,0,0,0,24,44
281,277,2,1,1,1,1,1,1,0,0,0,0,0,20,44
281,269,2,1,0,1,0,0,0,0,0,0,0,0,6,44
281,317,2,1,1,1,1,1,1,0,0,0,0,0,0,44
281,349,2,1,1,1,1,1,1,0,0,0,0,0,0,44
281,413,2,1,1,1,1,1,1,0,0,0,0,0,0,44
281,29,2,1,1,1,1,1,1,0,0,0,0,0,24,44
281,257,2,0,0,1,0,0,0,0,0,0,0,0,26,44
281,305,2,1,1,1,1,1,1,0,0,0,0,0,20,44
281,337,2,1,1,1,1,1,1,0,0,0,0,0,20,44
281,401,2,1,1,1,1,1,1,0,0,0,0,0,20,44
281,17,2,1,1,1,1,1,1,0,0,0,0,0,26,44
281,297,2,1,0,1,0,0,0,0,0,0,0,0,6,44
281,329,2,0,0,1,0,0,0,0,0,0,0,0,6,44
281,393,2,0,0,1,0,0,0,0,0,0,0,0,6,44
281,9,2,0,0,1,0,0,0,0,0,0,0,0,30,44
281,377,2,1,1,1,1,1,1,0,0,0,0,0,0,44
281,441,2,1,1,1,1,1,1,0,0,0,0,0,0,44
281,57,2,1,1,1,1,1,1,0,0,0,0,0,24,44
281,473,2,1,1,1,1,1,1,0,0,0,0,0,0,44
281,89,2,1,1,1,1,1,1,0,0,0,0,0,24,44
281,153,2,1,1,1,1,1,1,0,0,0,0,0,24,44
282,282,0,1,1,1,1,1,1,0,0,0,0,0,0,70
282,283,1,1,1,1,1,1,1,0,0,0,0,0,0,70
282,280,1,1,1,1,1,1,1,0,0,0,0,0,36,70
282,286,1,1,1,1,1,1,1,0,0,0,0,0,0,70
282,274,1,1,1,1,1,1,1,0,0,0,0,0,36,70
282,266,1,1,1,1,0,0,1,0,1,1,1,0,7,70
282,314,1,1,1,1,1,1,1,0,0,0,0,0,0,70
282,346,1,1,1,1,1,1,1,0,0,0,0,0,0,70
282,410,1,1,1,1,1,1,1,0,0,0,0,0,0,70
282,26,1,1,1,1,1,1,1,0,0,0,0,0,46,70
282,281,2,1,1,1,1,1,1,0,0,0,0,0,36,70
282,287,2,1,1,1,1,1,1,0,0,0,0,0,0,70
282,275,2,1,1,1,1,1,1,0,0,0,0,0,36,70
282,267,2,1,1,1,0,0,1,0,1,1,1,0,7,70
282,315,2,1,1,1,1,1,1,0,0,0,0,0,0,70
282,347,2,1,1,1,1,1,1,0,0,0,0,0,0,70
282,411,2,1,1,1,1,1,1,0,0,0,0,0,0,70
282,27,2,1,1,1,1,1,1,0,0,0,0,0,46,70
282,284,2,1,1,1,1,1,1,0,0,0,0,0,36,70
282,272,2,1,1,1,1,1,1,0,0,0,0,0,56,70
282,264,2,0,0,1,0,0,0,0,0,0,0,0,37,70
282,312,2,1,1,1,1,1,1,0,0,0,0,0,36,70
282,344,2,1,1,1,1,1,1,0,0,0,0,0,36,70
282,408,2,1,1,1,1,1,1,0,0,0,0,0,36,70
282,24,2,1,1,1,1,1,1,0,0,0,0,0,55,70
282,278,2,1,1,1,1,1,1,0,0,0,0,0,36,70
282,270,2,1,1,1,0,0,1,0,1,1,1,0,7,70
282,318,2,1,1,1,1,1,1,0,0,0,0,0,0,70
282,350,2,1,1,1,1,1,1,0,0,0,0,0,0,70
282,414,2,1,1,1,1,1,1,0,0,0,0,0,0,70
282,30,2,1,1,1,1,1,1,0,0,0,0,0,46,70
282,258,2,0,0,1,0,0,0,0,0,0,0,0,37,70
282,306,2,1,1,1,1,1,1,0,0,0,0,0,36,70
282,338,2,1,1,1,1,1,1,0,0,0,0,0,36,70
282,402,2,1,1,1,1,1,1,0,0,0,0,0,36,70
282,18,2,1,1,1,1,1,1,0,0,0,0,0,55,70
282,298,2,1,1,1,0,0,1,0,1,1,1,0,7,70
282,330,2,1,1,1,0,0,1,0,1,1,1,0,7,70
282,394,2,1,1,1,0,0,1,0,1,1,1,0,7,70
282,10,2,0,0,1,0,0,0,0,0,0,0,0,48,70
282,378,2,1,1,1,1,1,1,0,0,0,0,0,0,70
282,442,2,1,1,1,1,1,1,0,0,0,0,0,0,70
282,58,2,1,1,1,1,1,1,0,0,0,0,0,46,70
282,474,2,1,1,1,1,1,1,0,0,0,0,0,0,70
282,90,2,1,1,1,1,1,1,0,0,0,0,0,46,70
282,154,2,1,1,1,1,1,1,0,0,0,0,0,46,70
283,283,0,1,1,1,1,1,1,0,0,0,0,0,0,103
283,282,1,1,1,1,1,1,1,0,0,0,0,0,78,103
283,281,1,1,1,1,1,1,1,0,0,0,0,0,48,103
283,287,1,1,1,1,1,1,1,0,0,0,0,0,0,103
283,275,1,1,1,1,1,1,1,0,0,0,0,0,48,103
283,267,1,1,1,1,0,0,1,0,1,1,1,0,8,103
283,315,1,1,1,1,1,1,1,0,0,0,0,0,0,103
283,347,1,1,1,1,1,1,1,0,0,0,0,0,0,103
283,411,1,1,1,1,1,1,1,0,0,0,0,0,0,103
283,27,1,1,1,1,1,1,1,0,0,0,0,0,78,103
283,280,2,1,1,1,1,1,1,0,0,0,0,0,83,103
283,286,2,1,1,1,1,1,1,0,0,0,0,0,78,103
283,274,2,1,1,1,1,1,1,0,0,0,0,0,83,103
283,266,2,1,1,1,0,0,1,0,1,1,1,0,80,103
283,314,2,1,1,1,1,1,1,0,0,0,0,0,78,103
283,346,2,1,1,1,1,1,1,0,0,0,0,0,78,103
283,410,2,1,1,1,1,1,1,0,0,0,0,0,78,103
283,26,2,1,1,1,1,1,1,0,0,0,0,0,90,103
283,285,2,1,1,1,1,1,1,0,0,0,0,0,48,103
283,273,2,1,1,1,1,1,1,0,0,0,0,0,77,103
283,265,2,0,0,1,0,0,0,0,0,0,0,0,49,103
283,313,2,1,1,1,1,1,1,0,0,0,0,0,48,103
283,345,2,1,1,1,1,1,1,0,0,0,0,0,48,103
283,409,2,1,1,1,1,1,1,0,0,0,0,0,48,103
283,25,2,1,1,1,1,1,1,0,0,0,0,0,82,103
283,279,2,1,1,1,1,1,1,0,0,0,0,0,48,103
283,271,2,1,1,1,0,0,1,0,1,1,1,0,8,103
283,319,2,1,1,1,1,1,1,0,0,0,0,0,0,103
283,351,2,1,1,1,1,1,1,0,0,0,0,0,0,103
283,415,2,1,1,1,1,1,1,0,0,0,0,0,0,103
283,31,2,1,1,1,1,1,1,0,0,0,0,0,78,103
283,259,2,0,0,1,0,0,0,0,0,0,0,0,49,103
283,307,2,1,1,1,1,1,1,0,0,0,0,0,48,103
283,339,2,1,1,1,1,1,1,0,0,0,0,0,48,103
283,403,2,1,1,1,1,1,1,0,0,0,0,0,48,103
283,19,2,1,1,1,1,1,1,0,0,0,0,0,82,103
283,299,2,1,1,1,0,0,1,0,1,1,1,0,8,103
283,331,2,1,1,1,0,0,1,0,1,1,1,0,8,103
283,395,2,1,1,1,0,0,1,0,1,1,1,0,8,103
283,11,2,0,0,1,0,0,0,0,0,0,0,0,80,103
283,379,2,1,1,1,1,1,1,0,0,0,0,0,0,103
283,443,2,1,1,1,1,1,1,0,0,0,0,0,0,103
283,59,2,1,1,1,1,1,1,0,0,0,0,0,78,103
283,475,2,1,1,1,1,1,1,0,0,0,0,0,0,103
283,91,2,1,1,1,1,1,1,0,0,0,0,0,78,103
283,155,2,1,1,1,1,1,1,0,0,0,0,0,78,103
284,284,0,1,1,1,1,1,1,0,0,0,0,0,0,109
284,285,1,1,1,1,1,1,1,0,0,0,0,0,0,109
284,286,1,1,1,1,1,1,1,0,0,0,0,0,0,109
284,280,1,1,1,1,1,1,1,0,0,0,0,0,67,109
284,276,1,1,1,1,1,1,1,0,0,0,0,0,74,109
284,268,1,1,1,1,0,0,1,0,1,1,1,0,8,109
284,316,1,1,1,1,1,1,1,0,0,0,0,0,0,109
284,348,1,1,1,1,1,1,1,0,0,0,0,0,0,109
284,412,1,1,1,1,1,1,1,0,0,0,0,0,0,109
284,28,1,1,1,1,1,1,1,0,0,0,0,0,67,109
284,287,2,1,1,1,1,1,1,0,0,0,0,0,0,109
284,281,2,1,1,1,1,1,1,0,0,0,0,0,67,109
284,277,2,1,1,1,1,1,1,0,0,0,0,0,74,109
284,269,2,1,1,1,0,0,1,0,1,1,1,0,8,109
284,317,2,1,1,1,1,1,1,0,0,0,0,0,0,109
284,349,2,1,1,1,1,1,1,0,0,0,0,0,0,109
284,413,2,1,1,1,1,1,1,0,0,0,0,0,0,109
284,29,2,1,1,1,1,1,1,0,0,0,0,0,67,109
284,282,2,1,1,1,1,1,1,0,0,0,0,0,67,109
284,278,2,1,1,1,1,1,1,0,0,0,0,0,74,109
284,270,2,1,1,1,0,0,1,0,1,1,1,0,8,109
284,318,2,1,1,1,1,1,1,0,0,0,0,0,0,109
284,350,2,1,1,1,1,1,1,0,0,0,0,0,0,109
284,414,2,1,1,1,1,1,1,0,0,0,0,0,0,109
284,30,2,1,1,1,1,1,1,0,0,0,0,0,67,109
284,272,2,1,1,1,1,1,1,0,0,0,0,0,91,109
284,264,2,0,0,1,0,0,0,0,0,0,0,0,69,109
284,312,2,1,1,1,1,1,1,0,0,0,0,0,67,109
284,344,2,1,1,1,1,1,1,0,0,0,0,0,67,109
284,408,2,1,1,1,1,1,1,0,0,0,0,0,67,109
284,24,2,1,1,1,1,1,1,0,0,0,0,0,90,109
284,260,2,0,0,1,0,0,0,0,0,0,0,0,75,109
284,308,2,1,1,1,1,1,1,0,0,0,0,0,74,109
284,340,2,1,1,1,1,1,1,0,0,0,0,0,74,109
284,404,2,1,1,1,1,1,1,0,0,0,0,0,74,109
284,20,2,1,1,1,1,1,1,0,0,0,0,0,91,109
284,300,2,1,1,1,0,0,1,0,1,1,1,0,8,109
284,332,2,1,1,1,0,0,1,0,1,1,1,0,8,109
284,396,2,1,1,1,0,0,1,0,1,1,1,0,8,109
284,12,2,0,0,1,0,0,0,0,0,0,0,0,69,109
284,380,2,1,1,1,1,1,1,0,0,0,0,0,0,109
284,444,2,1,1,1,1,1,1,0,0,0,0,0,0,109
284,60,2,1,1,1,1,1,1,0,0,0,0,0,67,109
284,476,2,1,1,1,1,1,1,0,0,0,0,0,0,109
284,92,2,1,1,1,1,1,1,0,0,0,0,0,67,109
284,156,2,1,1,1,1,1,1,0,0,0,0,0,67,109
285,285,0,1,1,1,1,1,1,0,0,0,0,0,0,157
285,284,1,1,1,1,1,1,1,0,0,0,0,0,111,157
285,287,1,1,1,1,1,1,1,0,0,0,0,0,0,157
285,281,1,1,1,1,1,1,1,0,0,0,0,0,92,157
285,277,1,1,1,1,1,1,1,0,0,0,0,0,98,157
285,269,1,1,1,1,0,0,1,0,1,1,1,0,9,157
285,317,1,1,1,1,1,1,1,0,0,0,0,0,0,157
285,349,1,1,1,1,1,1,1,0,0,0,0,0,0,157
285,413,1,1,1,1,1,1,1,0,0,0,0,0,0,157
285,29,1,1,1,1,1,1,1,0,0,0,0,0,111,157
285,286,2,1,1,1,1,1,1,0,0,0,0,0,111,157
285,280,2,1,1,1,1,1,1,0,0,0,0,0,132,157
285,276,2,1,1,1,1,1,1,0,0,0,0,0,118,157
285,268,2,1,1,1,0,0,1,0,1,1,1,0,113,157
285,316,2,1,1,1,1,1,1,0,0,0,0,0,111,157
285,348,2,1,1,1,1,1,1,0,0,0,0,0,111,157
285,412,2,1,1,1,1,1,1,0,0,0,0,0,111,157
285,28,2,1,1,1,1,1,1,0,0,0,0,0,133,157
285,283,2,1,1,1,1,1,1,0,0,0,0,0,92,157
285,279,2,1,1,1,1,1,1,0,0,0,0,0,98,157
285,271,2,1,1,1,0,0,1,0,1,1,1,0,9,157
285,319,2,1,1,1,1,1,1,0,0,0,0,0,0,157
285,351,2,1,1,1,1,1,1,0,0,0,0,0,0,157
285,415,2,1,1,1,1,1,1,0,0,0,0,0,0,157
285,31,2,1,1,1,1,1,1,0,0,0,0,0,111,157
285,273,2,1,1,1,1,1,1,0,0,0,0,0,126,157
285,265,2,0,0,1,0,0,0,0,0,0,0,0,94,157
285,313,2,1,1,1,1,1,1,0,0,0,0,0,92,157
285,345,2,1,1,1,1,1,1,0,0,0,0,0,92,157
285,409,2,1,1,1,1,1,1,0,0,0,0,0,92,157
285,25,2,1,1,1,1,1,1,0,0,0,0,0,132,157
285,261,2,0,0,1,0,0,0,0,0,0,0,0,99,157
285,309,2,1,1,1,1,1,1,0,0,0,0,0,98,157
285,341,2,1,1,1,1,1,1,0,0,0,0,0,98,157
285,405,2,1,1,1,1,1,1,0,0,0,0,0,98,157
285,21,2,1,1,1,1,1,1,0,0,0,0,0,118,157
285,301,2,1,1,1,0,0,1,0,1,1,1,0,9,157
285,333,2,1,1,1,0,0,1,0,1,1,1,0,9,157
285,397,2,1,1,1,0,0,1,0,1,1,1,0,9,157
285,13,2,0,0,1,0,0,0,0,0,0,0,0,113,157
285,381,2,1,1,1,1,1,1,0,0,0,0,0,0,157
285,445,2,1,1,1,1,1,1,0,0,0,0,0,0,157
285,61,2,1,1,1,1,1,1,0,0,0,0,0,111,157
285,477,2,1,1,1,1,1,1,0,0,0,0,0,0,157
285,93,2,1,1,1,1,1,1,0,0,0,0,0,111,157
285,157,2,1,1,1,1,1,1,0,0,0,0,0,111,157
286,286,0,1,1,1,1,1,1,0,0,0,0,0,0,110
286,287,1,1,1,1,1,1,1,0,0,0,0,0,0,110
286,284,1,1,1,1,1,1,1,0,0,0,0,0,42,110
286,282,1,1,1,1,1,1,1,0,0,0,0,0,67,110
286,278,1,1,1,1,1,1,1,0,0,0,0,0,74,110
286,270,1,1,1,1,0,0,1,0,1,1,1,0,8,110
286,318,1,1,1,1,1,1,1,0,0,0,0,0,0,110
286,350,1,1,1,1,1,1,1,0,0,0,0,0,0,110
286,414,1,1,1,1,1,1,1,0,0,0,0,0,0,110
286,30,1,1,1,1,1,1,1,0,0,0,0,0,67,110
286,285,2,1,1,1,1,1,1,0,0,0,0,0,42,110
286,283,2,1,1,1,1,1,1,0,0,0,0,0,67,110
286,279,2,1,1,1,1,1,1,0,0,0,0,0,74,110
286,271,2,1,1,1,0,0,1,0,1,1,1,0,8,110
286,319,2,1,1,1,1,1,1,0,0,0,0,0,0,110
286,351,2,1,1,1,1,1,1,0,0,0,0,0,0,110
286,415,2,1,1,1,1,1,1,0,0,0,0,0,0,110
286,31,2,1,1,1,1,1,1,0,0,0,0,0,67,110
286,280,2,1,1,1,1,1,1,0,0,0,0,0,71,110
286,276,2,1,1,1,1,1,1,0,0,0,0,0,78,110
286,268,2,1,1,1,0,0,1,0,1,1,1,0,43,110
286,316,2,1,1,1,1,1,1,0,0,0,0,0,42,110
286,348,2,1,1,1,1,1,1,0,0,0,0,0,42,110
286,412,2,1,1,1,1,1,1,0,0,0,0,0,42,110
286,28,2,1,1,1,1,1,1,0,0,0,0,0,77,110
286,274,2,1,1,1,1,1,1,0,0,0,0,0,91,110
286,266,2,1,1,1,0,0,1,0,1,1,1,0,69,110
286,314,2,1,1,1,1,1,1,0,0,0,0,0,67,110
286,346,2,1,1,1,1,1,1,0,0,0,0,0,67,110
286,410,2,1,1,1,1,1,1,0,0,0,0,0,67,110
286,26,2,1,1,1,1,1,1,0,0,0,0,0,90,110
286,262,2,0,0,1,0,0,0,0,0,0,0,0,75,110
286,310,2,1,1,1,1,1,1,0,0,0,0,0,74,110
286,342,2,1,1,1,1,1,1,0,0,0,0,0,74,110
286,406,2,1,1,1,1,1,1,0,0,0,0,0,74,110
286,22,2,1,1,1,1,1,1,0,0,0,0,0,91,110
286,302,2,1,1,1,0,0,1,0,1,1,1,0,8,110
286,334,2,1,1,1,0,0,1,0,1,1,1,0,8,110
286,398,2,1,1,1,0,0,1,0,1,1,1,0,8,110
286,14,2,0,0,1,0,0,0,0,0,0,0,0,69,110
286,382,2,1,1,1,1,1,1,0,0,0,0,0,0,110
286,446,2,1,1,1,1,1,1,0,0,0,0,0,0,110
286,62,2,1,1,1,1,1,1,0,0,0,0,0,67,110
286,478,2,1,1,1,1,1,1,0,0,0,0,0,0,110
286,94,2,1,1,1,1,1,1,0,0,0,0,0,67,110
286,158,2,1,1,1,1,1,1,0,0,0,0,0,67,110
287,287,0,1,1,1,1,1,1,0,0,0,0,0,0,158
287,286,1,1,1,1,1,1,1,0,0,0,0,0,111,158
287,285,1,1,1,1,1,1,1,0,0,0,0,0,55,158
287,283,1,1,1,1,1,1,1,0,0,0,0,0,92,158
287,279,1,1,1,1,1,1,1,0,0,0,0,0,98,158
287,271,1,1,1,1,0,0,1,0,1,1,1,0,9,158
287,319,1,1,1,1,1,1,1,0,0,0,0,0,0,158
287,351,1,1,1,1,1,1,1,0,0,0,0,0,0,158
287,415,1,1,1,1,1,1,1,0,0,0,0,0,0,158
287,31,1,1,1,1,1,1,1,0,0,0,0,0,111,158
287,284,2,1,1,1,1,1,1,0,0,0,0,0,116,158
287,282,2,1,1,1,1,1,1,0,0,0,0,0,132,158
287,278,2,1,1,1,1,1,1,0,0,0,0,0,118,158
287,270,2,1,1,1,0,0,1,0,1,1,1,0,113,158
287,318,2,1,1,1,1,1,1,0,0,0,0,0,111,158
287,350,2,1,1,1,1,1,1,0,0,0,0,0,111,158
287,414,2,1,1,1,1,1,1,0,0,0,0,0,111,158
287,30,2,1,1,1,1,1,1,0,0,0,0,0,133,158
287,281,2,1,1,1,1,1,1,0,0,0,0,0,96,158
287,277,2,1,1,1,1,1,1,0,0,0,0,0,103,158
287,269,2,1,1,1,0,0,1,0,1,1,1,0,56,158
287,317,2,1,1,1,1,1,1,0,0,0,0,0,55,158
287,349,2,1,1,1,1,1,1,0,0,0,0,0,55,158
287,413,2,1,1,1,1,1,1,0,0,0,0,0,55,158
287,29,2,1,1,1,1,1,1,0,0,0,0,0,115,158
287,275,2,1,1,1,1,1,1,0,0,0,0,0,126,158
287,267,2,1,1,1,0,0,1,0,1,1,1,0,94,158
287,315,2,1,1,1,1,1,1,0,0,0,0,0,92,158
287,347,2,1,1,1,1,1,1,0,0,0,0,0,92,158
287,411,2,1,1,1,1,1,1,0,0,0,0,0,92,158
287,27,2,1,1,1,1,1,1,0,0,0,0,0,132,158
287,263,2,0,0,1,0,0,0,0,0,0,0,0,99,158
287,311,2,1,1,1,1,1,1,0,0,0,0,0,98,158
287,343,2,1,1,1,1,1,1,0,0,0,0,0,98,158
287,407,2,1,1,1,1,1,1,0,0,0,0,0,98,158
287,23,2,1,1,1,1,1,1,0,0,0,0,0,118,158
287,303,2,1,1,1,0,0,1,0,1,1,1,0,9,158
287,335,2,1,1,1,0,0,1,0,1,1,1,0,9,158
287,399,2,1,1,1,0,0,1,0,1,1,1,0,9,158
287,15,2,0,0,1,0,0,0,0,0,0,0,0,113,158
287,383,2,1,1,1,1,1,1,0,0,0,0,0,0,158
287,447,2,1,1,1,1,1,1,0,0,0,0,0,0,158
287,63,2,1,1,1,1,1,1,0,0,0,0,0,111,158
287,479,2,1,1,1,1,1,1,0,0,0,0,0,0,158
287,95,2,1,1,1,1,1,1,0,0,0,0,0,111,158
287,159,2,1,1,1,1,1,1,0,0,0,0,0,111,158
296,296,0,1,1,1,1,1,1,0,0,0,0,0,0,43
296,297,1,1,1,1,1,1,1,0,0,0,0,0,0,43
296,298,1,1,1,1,1,1,1,0,0,0,0,0,0,43
296,300,1,1,1,1,1,1,1,0,0,0,0,0,0,43
296,288,1,0,0,1,0,0,0,0,0,0,0,0,26,43
296,312,1,1,1,1,1,1,1,0,0,0,0,0,0,43
296,264,1,0,0,1,0,0,0,0,0,0,0,0,16,43
296,360,1,1,1,1,1,1,1,0,0,0,0,0,0,43
296,424,1,1,1,1,1,1,1,0,0,0,0,0,0,43
296,40,1,1,1,1,1,1,1,0,0,0,0,0,16,43
296,299,2,1,1,1,1,1,1,0,0,0,0,0,0,43
296,301,2,1,1,1,1,1,1,0,0,0,0,0,0,43
296,289,2,0,0,1,0,0,0,0,0,0,0,0,26,43
296,313,2,1,1,1,1,1,1,0,0,0,0,0,0,43
296,265,2,0,0,1,0,0,0,0,0,0,0,0,16,43
296,361,2,1,1,1,1,1,1,0,0,0,0,0,0,43
296,425,2,1,1,1,1,1,1,0,0,0,0,0,0,43
296,41,2,1,1,1,1,1,1,0,0,0,0,0,16,43
296,302,2,1,1,1,1,1,1,0,0,0,0,0,0,43
296,290,2,0,0,1,0,0,0,0,0,0,0,0,26,43
296,314,2,1,1,1,1,1,1,0,0,0,0,0,0,43
296,266,2,1,0,1,0,0,0,0,0,0,0,0,16,43
296,362,2,1,1,1,1,1,1,0,0,0,0,0,0,43
296,426,2,1,1,1,1,1,1,0,0,0,0,0,0,43
296,42,2,1,1,1,1,1,1,0,0,0,0,0,16,43
296,292,2,0,0,1,0,0,0,0,0,0,0,0,26,43
296,316,2,1,1,1,1,1,1,0,0,0,0,0,0,43
296,268,2,1,0,1,0,0,0,0,0,0,0,0,16,43
296,364,2,1,1,1,1,1,1,0,0,0,0,0,0,43
296,428,2,1,1,1,1,1,1,0,0,0,0,0,0,43
296,44,2,1,1,1,1,1,1,0,0,0,0,0,16,43
296,304,2,1,0,1,0,0,0,0,0,0,0,0,26,43
296,256,2,0,0,1,0,0,0,0,0,0,0,0,32,43
296,352,2,0,0,1,0,0,0,0,0,0,0,0,26,43
296,416,2,0,0,1,0,0,0,0,0,0,0,0,26,43
296,32,2,0,0,1,0,0,0,0,0,0,0,0,32,43
296,280,2,1,0,1,0,0,0,0,0,0,0,0,16,43
296,376,2,1,1,1,1,1,1,0,0,0,0,0,0,43
296,440,2,1,1,1,1,1,1,0,0,0,0,0,0,43
296,56,2,1,1,1,1,1,1,0,0,0,0,0,16,43
296,328,2,0,0,1,0,0,0,0,0,0,0,0,16,43
296,392,2,0,0,1,0,0,0,0,0,0,0,0,16,43
296,8,2,0,0,1,0,0,0,0,0,0,0,0,32,43
296,488,2,1,1,1,1,1,1,0,0,0,0,0,0,43
296,104,2,1,1,1,1,1,1,0,0,0,0,0,16,43
296,168,2,1,1,1,1,1,1,0,0,0,0,0,16,43
297,297,0,1,1,1,1,1,1,0,0,0,0,0,0,102
297,296,1,1,1,1,1,1,1,0,0,0,0,0,78,102
297,299,1,1,1,1,1,1,1,0,0,0,0,0,0,102
297,301,1,1,1,1,1,1,1,0,0,0,0,0,0,102
297,289,1,0,0,1,0,0,0,0,0,0,0,0,48,102
297,313,1,1,1,1,1,1,1,0,0,0,0,0,0,102
297,265,1,0,0,1,0,0,0,0,0,0,0,0,48,102
297,361,1,1,1,1,1,1,1,0,0,0,0,0,0,102
297,425,1,1,1,1,1,1,1,0,0,0,0,0,0,102
297,41,1,1,1,1,1,1,1,0,0,0,0,0,78,102
297,298,2,1,1,1,1,1,1,0,0,0,0,0,78,102
297,300,2,1,1,1,1,1,1,0,0,0,0,0,78,102
297,288,2,0,0,1,0,0,0,0,0,0,0,0,83,102
297,312,2,1,1,1,1,1,1,0,0,0,0,0,78,102
297,264,2,0,0,1,0,0,0,0,0,0,0,0,82,102
297,360,2,1,1,1,1,1,1,0,0,0,0,0,78,102
297,424,2,1,1,1,1,1,1,0,0,0,0,0,78,102
297,40,2,1,1,1,1,1,1,0,0,0,0,0,90,102
297,303,2,1,1,1,1,1,1,0,0,0,0,0,0,102
297,291,2,0,0,1,0,0,0,0,0,0,0,0,48,102
297,315,2,1,1,1,1,1,1,0,0,0,0,0,0,102
297,267,2,1,0,1,0,0,0,0,0,0,0,0,48,102
297,363,2,1,1,1,1,1,1,0,0,0,0,0,0,102
297,427,2,1,1,1,1,1,1,0,0,0,0,0,0,102
297,43,2,1,1,1,1,1,1,0,0,0,0,0,78,102
297,293,2,0,0,1,0,0,0,0,0,0,0,0,48,102
297,317,2,1,1,1,1,1,1,0,0,0,0,0,0,102
297,269,2,1,0,1,0,0,0,0,0,0,0,0,48,102
297,365,2,1,1,1,1,1,1,0,0,0,0,0,0,102
297,429,2,1,1,1,1,1,1,0,0,0,0,0,0,102
297,45,2,1,1,1,1,1,1,0,0,0,0,0,78,102
297,305,2,1,0,1,0,0,0,0,0,0,0,0,48,102
297,257,2,0,0,1,0,0,0,0,0,0,0,0,76,102
297,353,2,1,0,1,0,0,0,0,0,0,0,0,48,102
297,417,2,1,0,1,0,0,0,0,0,0,0,0,48,102
297,33,2,0,0,1,0,0,0,0,0,0,0,0,82,102
297,281,2,1,0,1,0,0,0,0,0,0,0,0,48,102
297,377,2,1,1,1,1,1,1,0,0,0,0,0,0,102
297,441,2,1,1,1,1,1,1,0,0,0,0,0,0,102
297,57,2,1,1,1,1,1,1,0,0,0,0,0,78,102
297,329,2,0,0,1,0,0,0,0,0,0,0,0,48,102
297,393,2,0,0,1,0,0,0,0,0,0,0,0,48,102
297,9,2,0,0,1,0,0,0,0,0,0,0,0,83,102
297,489,2,1,1,1,1,1,1,0,0,0,0,0,0,102
297,105,2,1,1,1,1,1,1,0,0,0,0,0,78,102
297,169,2,1,1,1,1,1,1,0,0,0,0,0,78,102
298,298,0,1,1,1,1,1,1,0,0,0,0,0,0,70
298,299,1,1,1,1,1,1,1,0,0,0,0,0,0,70
298,296,1,1,1,1,1,1,1,0,0,0,0,0,36,70
298,302,1,1,1,1,1,1,1,0,0,0,0,0,0,70
298,290,1,0,0,1,0,0,0,0,0,0,0,0,36,70
298,314,1,1,1,1,1,1,1,0,0,0,0,0,0,70
298,266,1,1,1,1,0,0,1,0,1,1,1,0,19,70
298,362,1,1,1,1,1,1,1,0,0,0,0,0,0,70
298,426,1,1,1,1,1,1,1,0,0,0,0,0,0,70
298,42,1,1,1,1,1,1,1,0,0,0,0,0,46,70
298,297,2,1,1,1,1,1,1,0,0,0,0,0,36,70
298,303,2,1,1,1,1,1,1,0,0,0,0,0,0,70
298,291,2,0,0,1,0,0,0,0,0,0,0,0,36,70
298,315,2,1,1,1,1,1,1,0,0,0,0,0,0,70
298,267,2,1,1,1,0,0,1,0,1,1,1,0,19,70
298,363,2,1,1,1,1,1,1,0,0,0,0,0,0,70
298,427,2,1,1,1,1,1,1,0,0,0,0,0,0,70
298,43,2,1,1,1,1,1,1,0,0,0,0,0,46,70
298,300,2,1,1,1,1,1,1,0,0,0,0,0,36,70
298,288,2,0,0,1,0,0,0,0,0,0,0,0,56,70
298,312,2,1,1,1,1,1,1,0,0,0,0,0,36,70
298,264,2,0,0,1,0,0,0,0,0,0,0,0,38,70
298,360,2,1,1,1,1,1,1,0,0,0,0,0,36,70
298,424,2,1,1,1,1,1,1,0,0,0,0,0,36,70
298,40,2,1,1,1,1,1,1,0,0,0,0,0,55,70
298,294,2,0,0,1,0,0,0,0,0,0,0,0,36,70
298,318,2,1,1,1,1,1,1,0,0,0,0,0,0,70
298,270,2,1,1,1,0,0,1,0,1,1,1,0,19,70
298,366,2,1,1,1,1,1,1,0,0,0,0,0,0,70
298,430,2,1,1,1,1,1,1,0,0,0,0,0,0,70
298,46,2,1,1,1,1,1,1,0,0,0,0,0,46,70
298,306,2,1,0,1,0,0,0,0,0,0,0,0,36,70
298,258,2,0,0,1,0,0,0,0,0,0,0,0,43,70
298,354,2,1,0,1,0,0,0,0,0,0,0,0,36,70
298,418,2,1,0,1,0,0,0,0,0,0,0,0,36,70
298,34,2,0,0,1,0,0,0,0,0,0,0,0,55,70
298,282,2,1,1,1,0,0,1,0,1,1,1,0,19,70
298,378,2,1,1,1,1,1,1,0,0,0,0,0,0,70
298,442,2,1,1,1,1,1,1,0,0,0,0,0,0,70
298,58,2,1,1,1,1,1,1,0,0,0,0,0,46,70
298,330,2,1,1,1,0,0,1,0,1,1,1,0,19,70
298,394,2,1,1,1,0,0,1,0,1,1,1,0,19,70
298,10,2,0,0,1,0,0,0,0,0,0,0,0,49,70
298,490,2,1,1,1,1,1,1,0,0,0,0,0,0,70
298,106,2,1,1,1,1,1,1,0,0,0,0,0,46,70
298,170,2,1,1,1,1,1,1,0,0,0,0,0,46,70
299,299,0,1,1,1,1,1,1,0,0,0,0,0,0,103
299,298,1,1,1,1,1,1,1,0,0,0,0,0,78,103
299,297,1,1,1,1,1,1,1,0,0,0,0,0,48,103
299,303,1,1,1,1,1,1,1,0,0,0,0,0,0,103
299,291,1,0,0,1,0,0,0,0,0,0,0,0,48,103
299,315,1,1,1,1,1,1,1,0,0,0,0,0,0,103
299,267,1,1,1,1,0,0,1,0,1,1,1,0,48,103
299,363,1,1,1,1,1,1,1,0,0,0,0,0,0,103
299,427,1,1,1,1,1,1,1,0,0,0,0,0,0,103
299,43,1,1,1,1,1,1,1,0,0,0,0,0,78,103
299,296,2,1,1,1,1,1,1,0,0,0,0,0,83,103
299,302,2,1,1,1,1,1,1,0,0,0,0,0,78,103
299,290,2,0,0,1,0,0,0,0,0,0,0,0,83,103
299,314,2,1,1,1,1,1,1,0,0,0,0,0,78,103
299,266,2,1,1,1,0,0,1,0,1,1,1,0,82,103
299,362,2,1,1,1,1,1,1,0,0,0,0,0,78,103
299,426,2,1,1,1,1,1,1,0,0,0,0,0,78,103
299,42,2,1,1,1,1,1,1,0,0,0,0,0,90,103
299,301,2,1,1,1,1,1,1,0,0,0,0,0,48,103
299,289,2,0,0,1,0,0,0,0,0,0,0,0,77,103
299,313,2,1,1,1,1,1,1,0,0,0,0,0,48,103
299,265,2,0,0,1,0,0,0,0,0,0,0,0,51,103
299,361,2,1,1,1,1,1,1,0,0,0,0,0,48,103
299,425,2,1,1,1,1,1,1,0,0,0,0,0,48,103
299,41,2,1,1,1,1,1,1,0,0,0,0,0,82,103
299,295,2,0,0,1,0,0,0,0,0,0,0,0,48,103
299,319,2,1,1,1,1,1,1,0,0,0,0,0,0,103
299,271,2,1,1,1,0,0,1,0,1,1,1,0,48,103
299,367,2,1,1,1,1,1,1,0,0,0,0,0,0,103
299,431,2,1,1,1,1,1,1,0,0,0,0,0,0,103
299,47,2,1,1,1,1,1,1,0,0,0,0,0,78,103
299,307,2,1,0,1,0,0,0,0,0,0,0,0,48,103
299,259,2,0,0,1,0,0,0,0,0,0,0,0,76,103
299,355,2,1,0,1,0,0,0,0,0,0,0,0,48,103
299,419,2,1,0,1,0,0,0,0,0,0,0,0,48,103
299,35,2,0,0,1,0,0,0,0,0,0,0,0,82,103
299,283,2,1,1,1,0,0,1,0,1,1,1,0,48,103
299,379,2,1,1,1,1,1,1,0,0,0,0,0,0,103
299,443,2,1,1,1,1,1,1,0,0,0,0,0,0,103
299,59,2,1,1,1,1,1,1,0,0,0,0,0,78,103
299,331,2,1,1,1,0,0,1,0,1,1,1,0,48,103
299,395,2,1,1,1,0,0,1,0,1,1,1,0,48,103
299,11,2,0,0,1,0,0,0,0,0,0,0,0,83,103
299,491,2,1,1,1,1,1,1,0,0,0,0,0,0,103
299,107,2,1,1,1,1,1,1,0,0,0,0,0,78,103
299,171,2,1,1,1,1,1,1,0,0,0,0,0,78,103
300,300,0,1,1,1,1,1,1,0,0,0,0,0,0,109
300,301,1,1,1,1,1,1,1,0,0,0,0,0,0,109
300,302,1,1,1,1,1,1,1,0,0,0,0,0,0,109
300,296,1,1,1,1,1,1,1,0,0,0,0,0,67,109
300,292,1,0,0,1,0,0,0,0,0,0,0,0,74,109
300,316,1,1,1,1,1,1,1,0,0,0,0,0,0,109
300,268,1,1,1,1,0,0,1,0,1,1,1,0,22,109
300,364,1,1,1,1,1,1,1,0,0,0,0,0,0,109
300,428,1,1,1,1,1,1,1,0,0,0,0,0,0,109
300,44,1,1,1,1,1,1,1,0,0,0,0,0,67,109
300,303,2,1,1,1,1,1,1,0,0,0,0,0,0,109
300,297,2,1,1,1,1,1,1,0,0,0,0,0,67,109
300,293,2,0,0,1,0,0,0,0,0,0,0,0,74,109
300,317,2,1,1,1,1,1,1,0,0,0,0,0,0,109
300,269,2,1,1,1,0,0,1,0,1,1,1,0,22,109
300,365,2,1,1,1,1,1,1,0,0,0,0,0,0,109
300,429,2,1,1,1,1,1,1,0,0,0,0,0,0,109
300,45,2,1,1,1,1,1,1,0,0,0,0,0,67,109
300,298,2,1,1,1,1,1,1,0,0,0,0,0,67,109
300,294,2,0,0,1,0,0,0,0,0,0,0,0,74,109
300,318,2,1,1,1,1,1,1,0,0,0,0,0,0,109
300,270,2,1,1,1,0,0,1,0,1,1,1,0,22,109
300,366,2,1,1,1,1,1,1,0,0,0,0,0,0,109
300,430,2,1,1,1,1,1,1,0,0,0,0,0,0,109
300,46,2,1,1,1,1,1,1,0,0,0,0,0,67,109
300,288,2,0,0,1,0,0,0,0,0,0,0,0,91,109
300,312,2,1,1,1,1,1,1,0,0,0,0,0,67,109
300,264,2,0,0,1,0,0,0,0,0,0,0,0,70,109
300,360,2,1,1,1,1,1,1,0,0,0,0,0,67,109
300,424,2,1,1,1,1,1,1,0,0,0,0,0,67,109
300,40,2,1,1,1,1,1,1,0,0,0,0,0,90,109
300,308,2,1,0,1,0,0,0,0,0,0,0,0,74,109
300,260,2,0,0,1,0,0,0,0,0,0,0,0,76,109
300,356,2,0,0,1,0,0,0,0,0,0,0,0,74,109
300,420,2,0,0,1,0,0,0,0,0,0,0,0,74,109
300,36,2,0,0,1,0,0,0,0,0,0,0,0,91,109
300,284,2,1,1,1,0,0,1,0,1,1,1,0,22,109
300,380,2,1,1,1,1,1,1,0,0,0,0,0,0,109
300,444,2,1,1,1,1,1,1,0,0,0,0,0,0,109
300,60,2,1,1,1,1,1,1,0,0,0,0,0,67,109
300,332,2,1,1,1,0,0,1,0,1,1,1,0,22,109
300,396,2,1,1,1,0,0,1,0,1,1,1,0,22,109
300,12,2,0,0,1,0,0,0,0,0,0,0,0,70,109
300,492,2,1,1,1,1,1,1,0,0,0,0,0,0,109
300,108,2,1,1,1,1,1,1,0,0,0,0,0,67,109
300,172,2,1,1,1,1,1,1,0,0,0,0,0,67,109
301,301,0,1,1,1,1,1,1,0,0,0,0,0,0,157
301,300,1,1,1,1,1,1,1,0,0,0,0,0,111,157
301,303,1,1,1,1,1,1,1,0,0,0,0,0,0,157
301,297,1,1,1,1,1,1,1,0,0,0,0,0,92,157
301,293,1,0,0,1,0,0,0,0,0,0,0,0,98,157
301,317,1,1,1,1,1,1,1,0,0,0,0,0,0,157
301,269,1,1,1,1,0,0,1,0,1,1,1,0,55,157
301,365,1,1,1,1,1,1,1,0,0,0,0,0,0,157
301,429,1,1,1,1,1,1,1,0,0,0,0,0,0,157
301,45,1,1,1,1,1,1,1,0,0,0,0,0,111,157
301,302,2,1,1,1,1,1,1,0,0,0,0,0,111,157
301,296,2,1,1,1,1,1,1,0,0,0,0,0,132,157
301,292,2,0,0,1,0,0,0,0,0,0,0,0,118,157
301,316,2,1,1,1,1,1,1,0,0,0,0,0,111,157
301,268,2,1,1,1,0,0,1,0,1,1,1,0,115,157
301,364,2,1,1,1,1,1,1,0,0,0,0,0,111,157
301,428,2,1,1,1,1,1,1,0,0,0,0,0,111,157
301,44,2,1,1,1,1,1,1,0,0,0,0,0,133,157
301,299,2,1,1,1,1,1,1,0,0,0,0,0,92,157
301,295,2,0,0,1,0,0,0,0,0,0,0,0,98,157
301,319,2,1,1,1,1,1,1,0,0,0,0,0,0,157
301,271,2,1,1,1,0,0,1,0,1,1,1,0,55,157
301,367,2,1,1,1,1,1,1,0,0,0,0,0,0,157
301,431,2,1,1,1,1,1,1,0,0,0,0,0,0,157
301,47,2,1,1,1,1,1,1,0,0,0,0,0,111,157
301,289,2,0,0,1,0,0,0,0,0,0,0,0,126,157
301,313,2,1,1,1,1,1,1,0,0,0,0,0,92,157
301,265,2,0,0,1,0,0,0,0,0,0,0,0,96,157
301,361,2,1,1,1,1,1,1,0,0,0,0,0,92,157
301,425,2,1,1,1,1,1,1,0,0,0,0,0,92,157
301,41,2,1,1,1,1,1,1,0,0,0,0,0,132,157
301,309,2,1,0,1,0,0,0,0,0,0,0,0,98,157
301,261,2,0,0,1,0,0,0,0,0,0,0,0,102,157
301,357,2,1,0,1,0,0,0,0,0,0,0,0,98,157
301,421,2,1,0,1,0,0,0,0,0,0,0,0,98,157
301,37,2,0,0,1,0,0,0,0,0,0,0,0,118,157
301,285,2,1,1,1,0,0,1,0,1,1,1,0,55,157
301,381,2,1,1,1,1,1,1,0,0,0,0,0,0,157
301,445,2,1,1,1,1,1,1,0,0,0,0,0,0,157
301,61,2,1,1,1,1,1,1,0,0,0,0,0,111,157
301,333,2,1,1,1,0,0,1,0,1,1,1,0,55,157
301,397,2,1,1,1,0,0,1,0,1,1,1,0,55,157
301,13,2,0,0,1,0,0,0,0,0,0,0,0,116,157
301,493,2,1,1,1,1,1,1,0,0,0,0,0,0,157
301,109,2,1,1,1,1,1,1,0,0,0,0,0,111,157
301,173,2,1,1,1,1,1,1,0,0,0,0,0,111,157
302,302,0,1,1,1,1,1,1,0,0,0,0,0,0,110
302,303,1,1,1,1,1,1,1,0,0,0,0,0,0,110
302,300,1,1,1,1,1,1,1,0,0,0,0,0,42,110
302,298,1,1,1,1,1,1,1,0,0,0,0,0,67,110
302,294,1,0,0,1,0,0,0,0,0,0,0,0,74,110
302,318,1,1,1,1,1,1,1,0,0,0,0,0,0,110
302,270,1,1,1,1,0,0,1,0,1,1,1,0,22,110
302,366,1,1,1,1,1,1,1,0,0,0,0,0,0,110
302,430,1,1,1,1,1,1,1,0,0,0,0,0,0,110
302,46,1,1,1,1,1,1,1,0,0,0,0,0,67,110
302,301,2,1,1,1,1,1,1,0,0,0,0,0,42,110
302,299,2,1,1,1,1,1,1,0,0,0,0,0,67,110
302,295,2,0,0,1,0,0,0,0,0,0,0,0,74,110
302,319,2,1,1,1,1,1,1,0,0,0,0,0,0,110
302,271,2,1,1,1,0,0,1,0,1,1,1,0,22,110
302,367,2,1,1,1,1,1,1,0,0,0,0,0,0,110
302,431,2,1,1,1,1,1,1,0,0,0,0,0,0,110
302,47,2,1,1,1,1,1,1,0,0,0,0,0,67,110
302,296,2,1,1,1,1,1,1,0,0,0,0,0,71,110
302,292,2,0,0,1,0,0,0,0,0,0,0,0,78,110
302,316,2,1,1,1,1,1,1,0,0,0,0,0,42,110
302,268,2,1,1,1,0,0,1,0,1,1,1,0,44,110
302,364,2,1,1,1,1,1,1,0,0,0,0,0,42,110
302,428,2,1,1,1,1,1,1,0,0,0,0,0,42,110
302,44,2,1,1,1,1,1,1,0,0,0,0,0,77,110
302,290,2,0,0,1,0,0,0,0,0,0,0,0,91,110
302,314,2,1,1,1,1,1,1,0,0,0,0,0,67,110
302,266,2,1,1,1,0,0,1,0,1,1,1,0,70,110
302,362,2,1,1,1,1,1,1,0,0,0,0,0,67,110
302,426,2,1,1,1,1,1,1,0,0,0,0,0,67,110
302,42,2,1,1,1,1,1,1,0,0,0,0,0,90,110
302,310,2,1,0,1,0,0,0,0,0,0,0,0,74,110
302,262,2,0,0,1,0,0,0,0,0,0,0,0,76,110
302,358,2,1,0,1,0,0,0,0,0,0,0,0,74,110
302,422,2,1,0,1,0,0,0,0,0,0,0,0,74,110
302,38,2,0,0,1,0,0,0,0,0,0,0,0,91,110
302,286,2,1,1,1,0,0,1,0,1,1,1,0,22,110
302,382,2,1,1,1,1,1,1,0,0,0,0,0,0,110
302,446,2,1,1,1,1,1,1,0,0,0,0,0,0,110
302,62,2,1,1,1,1,1,1,0,0,0,0,0,67,110
302,334,2,1,1,1,0,0,1,0,1,1,1,0,22,110
302,398,2,1,1,1,0,0,1,0,1,1,1,0,22,110
302,14,2,0,0,1,0,0,0,0,0,0,0,0,70,110
302,494,2,1,1,1,1,1,1,0,0,0,0,0,0,110
302,110,2,1,1,1,1,1,1,0,0,0,0,0,67,110
302,174,2,1,1,1,1,1,1,0,0,0,0,0,67,110
303,303,0,1,1,1,1,1,1,0,0,0,0,0,0,158
303,302,1,1,1,1,1,1,1,0,0,0,0,0,111,158
303,301,1,1,1,1,1,1,1,0,0,0,0,0,55,158
303,299,1,1,1,1,1,1,1,0,0,0,0,0,92,158
303,295,1,0,0,1,0,0,0,0,0,0,0,0,98,158
303,319,1,1,1,1,1,1,1,0,0,0,0,0,0,158
303,271,1,1,1,1,0,0,1,0,1,1,1,0,55,158
303,367,1,1,1,1,1,1,1,0,0,0,0,0,0,158
303,431,1,1,1,1,1,1,1,0,0,0,0,0,0,158
303,47,1,1,1,1,1,1,1,0,0,0,0,0,111,158
303,300,2,1,1,1,1,1,1,0,0,0,0,0,116,158
303,298,2,1,1,1,1,1,1,0,0,0,0,0,132,158
303,294,2,0,0,1,0,0,0,0,0,0,0,0,118,158
303,318,2,1,1,1,1,1,1,0,0,0,0,0,111,158
303,270,2,1,1,1,0,0,1,0,1,1,1,0,115,158
303,366,2,1,1,1,1,1,1,0,0,0,0,0,111,158
303,430,2,1,1,1,1,1,1,0,0,0,0,0,111,158
303,46,2,1,1,1,1,1,1,0,0,0,0,0,133,158
303,297,2,1,1,1,1,1,1,0,0,0,0,0,96,158
303,293,2,0,0,1,0,0,0,0,0,0,0,0,103,158
303,317,2,1,1,1,1,1,1,0,0,0,0,0,55,158
303,269,2,1,1,1,0,0,1,0,1,1,1,0,58,158
303,365,2,1,1,1,1,1,1,0,0,0,0,0,55,158
303,429,2,1,1,1,1,1,1,0,0,0,0,0,55,158
303,45,2,1,1,1,1,1,1,0,0,0,0,0,115,158
303,291,2,0,0,1,0,0,0,0,0,0,0,0,126,158
303,315,2,1,1,1,1,1,1,0,0,0,0,0,92,158
303,267,2,1,1,1,0,0,1,0,1,1,1,0,96,158
303,363,2,1,1,1,1,1,1,0,0,0,0,0,92,158
303,427,2,1,1,1,1,1,1,0,0,0,0,0,92,158
303,43,2,1,1,1,1,1,1,0,0,0,0,0,132,158
303,311,2,1,0,1,0,0,0,0,0,0,0,0,98,158
303,263,2,0,0,1,0,0,0,0,0,0,0,0,102,158
303,359,2,1,0,1,0,0,0,0,0,0,0,0,98,158
303,423,2,1,0,1,0,0,0,0,0,0,0,0,98,158
303,39,2,0,0,1,0,0,0,0,0,0,0,0,118,158
303,287,2,1,1,1,0,0,1,0,1,1,1,0,55,158
303,383,2,1,1,1,1,1,1,0,0,0,0,0,0,158
303,447,2,1,1,1,1,1,1,0,0,0,0,0,0,158
303,63,2,1,1,1,1,1,1,0,0,0,0,0,111,158
303,335,2,1,1,1,0,0,1,0,1,1,1,0,55,158
303,399,2,1,1,1,0,0,1,0,1,1,1,0,55,158
303,15,2,0,0,1,0,0,0,0,0,0,0,0,116,158
303,495,2,1,1,1,1,1,1,0,0,0,0,0,0,158
303,111,2,1,1,1,1,1,1,0,0,0,0,0,111,158
303,175,2,1,1,1,1,1,1,0,0,0,0,0,111,158
304,304,0,1,1,1,1,1,1,0,0,0,0,0,0,15
304,305,1,1,1,1,1,1,1,0,0,0,0,0,0,15
304,306,1,1,1,1,1,1,1,0,0,0,0,0,0,15
304,308,1,1,1,1,1,1,1,0,0,0,0,0,0,15
304,312,1,1,1,1,1,1,1,0,0,0,0,0,0,15
304,288,1,0,0,1,0,0,0,0,0,0,0,0,4,15
304,272,1,1,1,1,1,1,1,0,0,0,0,0,4,15
304,368,1,1,1,1,1,1,1,0,0,0,0,0,0,15
304,432,1,1,1,1,1,1,1,0,0,0,0,0,0,15
304,48,1,1,1,1,1,1,1,0,0,0,0,0,4,15
304,307,2,1,1,1,1,1,1,0,0,0,0,0,0,15
304,309,2,1,1,1,1,1,1,0,0,0,0,0,0,15
304,313,2,1,1,1,1,1,1,0,0,0,0,0,0,15
304,289,2,0,0,1,0,0,0,0,0,0,0,0,4,15
304,273,2,1,1,1,1,1,1,0,0,0,0,0,4,15
304,369,2,1,1,1,1,1,1,0,0,0,0,0,0,15
304,433,2,1,1,1,1,1,1,0,0,0,0,0,0,15
304,49,2,1,1,1,1,1,1,0,0,0,0,0,4,15
304,310,2,1,1,1,1,1,1,0,0,0,0,0,0,15
304,314,2,1,1,1,1,1,1,0,0,0,0,0,0,15
304,290,2,0,0,1,0,0,0,0,0,0,0,0,4,15
304,274,2,1,1,1,1,1,1,0,0,0,0,0,4,15
304,370,2,1,1,1,1,1,1,0,0,0,0,0,0,15
304,434,2,1,1,1,1,1,1,0,0,0,0,0,0,15
304,50,2,1,1,1,1,1,1,0,0,0,0,0,4,15
304,316,2,1,1,1,1,1,1,0,0,0,0,0,0,15
304,292,2,0,0,1,0,0,0,0,0,0,0,0,4,15
304,276,2,1,1,1,1,1,1,0,0,0,0,0,4,15
304,372,2,1,1,1,1,1,1,0,0,0,0,0,0,15
304,436,2,1,1,1,1,1,1,0,0,0,0,0,0,15
304,52,2,1,1,1,1,1,1,0,0,0,0,0,4,15
304,296,2,1,0,1,0,0,0,0,0,0,0,0,4,15
304,280,2,1,1,1,1,1,1,0,0,0,0,0,4,15
304,376,2,1,1,1,1,1,1,0,0,0,0,0,0,15
304,440,2,1,1,1,1,1,1,0,0,0,0,0,0,15
304,56,2,1,1,1,1,1,1,0,0,0,0,0,4,15
304,256,2,0,0,1,0,0,0,0,0,0,0,0,8,15
304,352,2,0,0,1,0,0,0,0,0,0,0,0,4,15
304,416,2,0,0,1,0,0,0,0,0,0,0,0,4,15
304,32,2,0,0,1,0,0,0,0,0,0,0,0,8,15
304,336,2,1,1,1,1,1,1,0,0,0,0,0,4,15
304,400,2,1,1,1,1,1,1,0,0,0,0,0,4,15
304,16,2,1,1,1,1,1,1,0,0,0,0,0,8,15
304,496,2,1,1,1,1,1,1,0,0,0,0,0,0,15
304,112,2,1,1,1,1,1,1,0,0,0,0,0,4,15
304,176,2,1,1,1,1,1,1,0,0,0,0,0,4,15
305,305,0,1,1,1,1,1,1,0,0,0,0,0,0,44
305,304,1,1,1,1,1,1,1,0,0,0,0,0,24,44
305,307,1,1,1,1,1,1,1,0,0,0,0,0,0,44
305,309,1,1,1,1,1,1,1,0,0,0,0,0,0,44
305,313,1,1,1,1,1,1,1,0,0,0,0,0,0,44
305,289,1,0,0,1,0,0,0,0,0,0,0,0,6,44
305,273,1,1,1,1,1,1,1,0,0,0,0,0,20,44
305,369,1,1,1,1,1,1,1,0,0,0,0,0,0,44
305,433,1,1,1,1,1,1,1,0,0,0,0,0,0,44
305,49,1,1,1,1,1,1,1,0,0,0,0,0,24,44
305,306,2,1,1,1,1,1,1,0,0,0,0,0,24,44
305,308,2,1,1,1,1,1,1,0,0,0,0,0,24,44
305,312,2,1,1,1,1,1,1,0,0,0,0,0,24,44
305,288,2,0,0,1,0,0,0,0,0,0,0,0,30,44
305,272,2,1,1,1,1,1,1,0,0,0,0,0,26,44
305,368,2,1,1,1,1,1,1,0,0,0,0,0,24,44
305,432,2,1,1,1,1,1,1,0,0,0,0,0,24,44
305,48,2,1,1,1,1,1,1,0,0,0,0,0,32,44
305,311,2,1,1,1,1,1,1,0,0,0,0,0,0,44
305,315,2,1,1,1,1,1,1,0,0,0,0,0,0,44
305,291,2,0,0,1,0,0,0,0,0,0,0,0,6,44
305,275,2,1,1,1,1,1,1,0,0,0,0,0,20,44
305,371,2,1,1,1,1,1,1,0,0,0,0,0,0,44
305,435,2,1,1,1,1,1,1,0,0,0,0,0,0,44
305,51,2,1,1,1,1,1,1,0,0,0,0,0,24,44
305,317,2,1,1,1,1,1,1,0,0,0,0,0,0,44
305,293,2,0,0,1,0,0,0,0,0,0,0,0,6,44
305,277,2,1,1,1,1,1,1,0,0,0,0,0,20,44
305,373,2,1,1,1,1,1,1,0,0,0,0,0,0,44
305,437,2,1,1,1,1,1,1,0,0,0,0,0,0,44
305,53,2,1,1,1,1,1,1,0,0,0,0,0,24,44
305,297,2,1,0,1,0,0,0,0,0,0,0,0,6,44
305,281,2,1,1,1,1,1,1,0,0,0,0,0,20,44
305,377,2,1,1,1,1,1,1,0,0,0,0,0,0,44
305,441,2,1,1,1,1,1,1,0,0,0,0,0,0,44
305,57,2,1,1,1,1,1,1,0,0,0,0,0,24,44
305,257,2,0,0,1,0,0,0,0,0,0,0,0,26,44
305,353,2,1,0,1,0,0,0,0,0,0,0,0,6,44
305,417,2,1,0,1,0,0,0,0,0,0,0,0,6,44
305,33,2,0,0,1,0,0,0,0,0,0,0,0,30,44
305,337,2,1,1,1,1,1,1,0,0,0,0,0,20,44
305,401,2,1,1,1,1,1,1,0,0,0,0,0,20,44
305,17,2,1,1,1,1,1,1,0,0,0,0,0,27,44
305,497,2,1,1,1,1,1,1,0,0,0,0,0,0,44
305,113,2,1,1,1,1,1,1,0,0,0,0,0,24,44
305,177,2,1,1,1,1,1,1,0,0,0,0,0,24,44
306,306,0,1,1,1,1,1,1,0,0,0,0,0,0,28
306,307,1,1,1,1,1,1,1,0,0,0,0,0,0,28
306,304,1,1,1,1,1,1,1,0,0,0,0,0,13,28
306,310,1,1,1,1,1,1,1,0,0,0,0,0,0,28
306,314,1,1,1,1,1,1,1,0,0,0,0,0,0,28
306,290,1,0,0,1,0,0,0,0,0,0,0,0,5,28
306,274,1,1,1,1,1,1,1,0,0,0,0,0,5,28
306,370,1,1,1,1,1,1,1,0,0,0,0,0,0,28
306,434,1,1,1,1,1,1,1,0,0,0,0,0,0,28
306,50,1,1,1,1,1,1,1,0,0,0,0,0,13,28
306,305,2,1,1,1,1,1,1,0,0,0,0,0,13,28
306,311,2,1,1,1,1,1,1,0,0,0,0,0,0,28
306,315,2,1,1,1,1,1,1,0,0,0,0,0,0,28
306,291,2,0,0,1,0,0,0,0,0,0,0,0,5,28
306,275,2,1,1,1,1,1,1,0,0,0,0,0,5,28
306,371,2,1,1,1,1,1,1,0,0,0,0,0,0,28
306,435,2,1,1,1,1,1,1,0,0,0,0,0,0,28
306,51,2,1,1,1,1,1,1,0,0,0,0,0,13,28
306,308,2,1,1,1,1,1,1,0,0,0,0,0,13,28
306,312,2,1,1,1,1,1,1,0,0,0,0,0,13,28
306,288,2,0,0,1,0,0,0,0,0,0,0,0,18,28
306,272,2,1,1,1,1,1,1,0,0,0,0,0,14,28
306,368,2,1,1,1,1,1,1,0,0,0,0,0,13,28
306,432,2,1,1,1,1,1,1,0,0,0,0,0,13,28
306,48,2,1,1,1,1,1,1,0,0,0,0,0,18,28
306,318,2,1,1,1,1,1,1,0,0,0,0,0,0,28
306,294,2,0,0,1,0,0,0,0,0,0,0,0,5,28
306,278,2,1,1,1,1,1,1,0,0,0,0,0,5,28
306,374,2,1,1,1,1,1,1,0,0,0,0,0,0,28
306,438,2,1,1,1,1,1,1,0,0,0,0,0,0,28
306,54,2,1,1,1,1,1,1,0,0,0,0,0,13,28
306,298,2,1,0,1,0,0,0,0,0,0,0,0,5,28
306,282,2,1,1,1,1,1,1,0,0,0,0,0,5,28
306,378,2,1,1,1,1,1,1,0,0,0,0,0,0,28
306,442,2,1,1,1,1,1,1,0,0,0,0,0,0,28
306,58,2,1,1,1,1,1,1,0,0,0,0,0,13,28
306,258,2,0,0,1,0,0,0,0,0,0,0,0,10,28
306,354,2,1,0,1,0,0,0,0,0,0,0,0,5,28
306,418,2,1,0,1,0,0,0,0,0,0,0,0,5,28
306,34,2,0,0,1,0,0,0,0,0,0,0,0,18,28
306,338,2,1,1,1,1,1,1,0,0,0,0,0,5,28
306,402,2,1,1,1,1,1,1,0,0,0,0,0,5,28
306,18,2,1,1,1,1,1,1,0,0,0,0,0,14,28
306,498,2,1,1,1,1,1,1,0,0,0,0,0,0,28
306,114,2,1,1,1,1,1,1,0,0,0,0,0,13,28
306,178,2,1,1,1,1,1,1,0,0,0,0,0,13,28
307,307,0,1,1,1,1,1,1,0,0,0,0,0,0,45
307,306,1,1,1,1,1,1,1,0,0,0,0,0,24,45
307,305,1,1,1,1,1,1,1,0,0,0,0,0,20,45
307,311,1,1,1,1,1,1,1,0,0,0,0,0,0,45
307,315,1,1,1,1,1,1,1,0,0,0,0,0,0,45
307,291,1,0,0,1,0,0,0,0,0,0,0,0,6,45
307,275,1,1,1,1,1,1,1,0,0,0,0,0,20,45
307,371,1,1,1,1,1,1,1,0,0,0,0,0,0,45
307,435,1,1,1,1,1,1,1,0,0,0,0,0,0,45
307,51,1,1,1,1,1,1,1,0,0,0,0,0,24,45
307,304,2,1,1,1,1,1,1,0,0,0,0,0,27,45
307,310,2,1,1,1,1,1,1,0,0,0,0,0,24,45
307,314,2,1,1,1,1,1,1,0,0,0,0,0,24,45
307,290,2,0,0,1,0,0,0,0,0,0,0,0,30,45
307,274,2,1,1,1,1,1,1,0,0,0,0,0,26,45
307,370,2,1,1,1,1,1,1,0,0,0,0,0,24,45
307,434,2,1,1,1,1,1,1,0,0,0,0,0,24,45
307,50,2,1,1,1,1,1,1,0,0,0,0,0,32,45
307,309,2,1,1,1,1,1,1,0,0,0,0,0,20,45
307,313,2,1,1,1,1,1,1,0,0,0,0,0,20,45
307,289,2,0,0,1,0,0,0,0,0,0,0,0,26,45
307,273,2,1,1,1,1,1,1,0,0,0,0,0,22,45
307,369,2,1,1,1,1,1,1,0,0,0,0,0,20,45
307,433,2,1,1,1,1,1,1,0,0,0,0,0,20,45
307,49,2,1,1,1,1,1,1,0,0,0,0,0,26,45
307,319,2,1,1,1,1,1,1,0,0,0,0,0,0,45
307,295,2,0,0,1,0,0,0,0,0,0,0,0,6,45
307,279,2,1,1,1,1,1,1,0,0,0,0,0,20,45
307,375,2,1,1,1,1,1,1,0,0,0,0,0,0,45
307,439,2,1,1,1,1,1,1,0,0,0,0,0,0,45
307,55,2,1,1,1,1,1,1,0,0,0,0,0,24,45
307,299,2,1,0,1,0,0,0,0,0,0,0,0,6,45
307,283,2,1,1,1,1,1,1,0,0,0,0,0,20,45
307,379,2,1,1,1,1,1,1,0,0,0,0,0,0,45
307,443,2,1,1,1,1,1,1,0,0,0,0,0,0,45
307,59,2,1,1,1,1,1,1,0,0,0,0,0,24,45
307,259,2,0,0,1,0,0,0,0,0,0,0,0,26,45
307,355,2,1,0,1,0,0,0,0,0,0,0,0,6,45
307,419,2,1,0,1,0,0,0,0,0,0,0,0,6,45
307,35,2,0,0,1,0,0,0,0,0,0,0,0,30,45
307,339,2,1,1,1,1,1,1,0,0,0,0,0,20,45
307,403,2,1,1,1,1,1,1,0,0,0,0,0,20,45
307,19,2,1,1,1,1,1,1,0,0,0,0,0,27,45
307,499,2,1,1,1,1,1,1,0,0,0,0,0,0,45
307,115,2,1,1,1,1,1,1,0,0,0,0,0,24,45
307,179,2,1,1,1,1,1,1,0,0,0,0,0,24,45
308,308,0,1,1,1,1,1,1,0,0,0,0,0,0,28
308,309,1,1,1,1,1,1,1,0,0,0,0,0,0,28
308,310,1,1,1,1,1,1,1,0,0,0,0,0,0,28
308,304,1,1,1,1,1,1,1,0,0,0,0,0,13,28
308,316,1,1,1,1,1,1,1,0,0,0,0,0,0,28
308,292,1,0,0,1,0,0,0,0,0,0,0,0,5,28
308,276,1,1,1,1,1,1,1,0,0,0,0,0,5,28
308,372,1,1,1,1,1,1,1,0,0,0,0,0,0,28
308,436,1,1,1,1,1,1,1,0,0,0,0,0,0,28
308,52,1,1,1,1,1,1,1,0,0,0,0,0,13,28
308,311,2,1,1,1,1,1,1,0,0,0,0,0,0,28
308,305,2,1,1,1,1,1,1,0,0,0,0,0,13,28
308,317,2,1,1,1,1,1,1,0,0,0,0,0,0,28
308,293,2,0,0,1,0,0,0,0,0,0,0,0,5,28
308,277,2,1,1,1,1,1,1,0,0,0,0,0,5,28
308,373,2,1,1,1,1,1,1,0,0,0,0,0,0,28
308,437,2,1,1,1,1,1,1,0,0,0,0,0,0,28
308,53,2,1,1,1,1,1,1,0,0,0,0,0,13,28
308,306,2,1,1,1,1,1,1,0,0,0,0,0,13,28
308,318,2,1,1,1,1,1,1,0,0,0,0,0,0,28
308,294,2,0,0,1,0,0,0,0,0,0,0,0,5,28
308,278,2,1,1,1,1,1,1,0,0,0,0,0,5,28
308,374,2,1,1,1,1,1,1,0,0,0,0,0,0,28
308,438,2,1,1,1,1,1,1,0,0,0,0,0,0,28
308,54,2,1,1,1,1,1,1,0,0,0,0,0,13,28
308,312,2,1,1,1,1,1,1,0,0,0,0,0,13,28
308,288,2,0,0,1,0,0,0,0,0,0,0,0,18,28
308,272,2,1,1,1,1,1,1,0,0,0,0,0,14,28
308,368,2,1,1,1,1,1,1,0,0,0,0,0,13,28
308,432,2,1,1,1,1,1,1,0,0,0,0,0,13,28
308,48,2,1,1,1,1,1,1,0,0,0,0,0,18,28
308,300,2,1,0,1,0,0,0,0,0,0,0,0,5,28
308,284,2,1,1,1,1,1,1,0,0,0,0,0,5,28
308,380,2,1,1,1,1,1,1,0,0,0,0,0,0,28
308,444,2,1,1,1,1,1,1,0,0,0,0,0,0,28
308,60,2,1,1,1,1,1,1,0,0,0,0,0,13,28
308,260,2,0,0,1,0,0,0,0,0,0,0,0,10,28
308,356,2,0,0,1,0,0,0,0,0,0,0,0,5,28
308,420,2,0,0,1,0,0,0,0,0,0,0,0,5,28
308,36,2,0,0,1,0,0,0,0,0,0,0,0,18,28
308,340,2,1,1,1,1,1,1,0,0,0,0,0,5,28
308,404,2,1,1,1,1,1,1,0,0,0,0,0,5,28
308,20,2,1,1,1,1,1,1,0,0,0,0,0,14,28
308,500,2,1,1,1,1,1,1,0,0,0,0,0,0,28
308,116,2,1,1,1,1,1,1,0,0,0,0,0,13,28
308,180,2,1,1,1,1,1,1,0,0,0,0,0,13,28
309,309,0,1,1,1,1,1,1,0,0,0,0,0,0,71
309,308,1,1,1,1,1,1,1,0,0,0,0,0,35,71
309,311,1,1,1,1,1,1,1,0,0,0,0,0,0,71
309,305,1,1,1,1,1,1,1,0,0,0,0,0,41,71
309,317,1,1,1,1,1,1,1,0,0,0,0,0,0,71
309,293,1,0,0,1,0,0,0,0,0,0,0,0,7,71
309,277,1,1,1,1,1,1,1,0,0,0,0,0,24,71
309,373,1,1,1,1,1,1,1,0,0,0,0,0,0,71
309,437,1,1,1,1,1,1,1,0,0,0,0,0,0,71
309,53,1,1,1,1,1,1,1,0,0,0,0,0,35,71
309,310,2,1,1,1,1,1,1,0,0,0,0,0,35,71
309,304,2,1,1,1,1,1,1,0,0,0,0,0,49,71
309,316,2,1,1,1,1,1,1,0,0,0,0,0,35,71
309,292,2,0,0,1,0,0,0,0,0,0,0,0,42,71
309,276,2,1,1,1,1,1,1,0,0,0,0,0,37,71
309,372,2,1,1,1,1,1,1,0,0,0,0,0,35,71
309,436,2,1,1,1,1,1,1,0,0,0,0,0,35,71
309,52,2,1,1,1,1,1,1,0,0,0,0,0,50,71
309,307,2,1,1,1,1,1,1,0,0,0,0,0,41,71
309,319,2,1,1,1,1,1,1,0,0,0,0,0,0,71
309,295,2,0,0,1,0,0,0,0,0,0,0,0,7,71
309,279,2,1,1,1,1,1,1,0,0,0,0,0,24,71
309,375,2,1,1,1,1,1,1,0,0,0,0,0,0,71
309,439,2,1,1,1,1,1,1,0,0,0,0,0,0,71
309,55,2,1,1,1,1,1,1,0,0,0,0,0,35,71
309,313,2,1,1,1,1,1,1,0,0,0,0,0,41,71
309,289,2,0,0,1,0,0,0,0,0,0,0,0,48,71
309,273,2,1,1,1,1,1,1,0,0,0,0,0,43,71
309,369,2,1,1,1,1,1,1,0,0,0,0,0,41,71
309,433,2,1,1,1,1,1,1,0,0,0,0,0,41,71
309,49,2,1,1,1,1,1,1,0,0,0,0,0,49,71
309,301,2,1,0,1,0,0,0,0,0,0,0,0,7,71
309,285,2,1,1,1,1,1,1,0,0,0,0,0,24,71
309,381,2,1,1,1,1,1,1,0,0,0,0,0,0,71
309,445,2,1,1,1,1,1,1,0,0,0,0,0,0,71
309,61,2,1,1,1,1,1,1,0,0,0,0,0,35,71
309,261,2,0,0,1,0,0,0,0,0,0,0,0,31,71
309,357,2,1,0,1,0,0,0,0,0,0,0,0,7,71
309,421,2,1,0,1,0,0,0,0,0,0,0,0,7,71
309,37,2,0,0,1,0,0,0,0,0,0,0,0,42,71
309,341,2,1,1,1,1,1,1,0,0,0,0,0,24,71
309,405,2,1,1,1,1,1,1,0,0,0,0,0,24,71
309,21,2,1,1,1,1,1,1,0,0,0,0,0,38,71
309,501,2,1,1,1,1,1,1,0,0,0,0,0,0,71
309,117,2,1,1,1,1,1,1,0,0,0,0,0,35,71
309,181,2,1,1,1,1,1,1,0,0,0,0,0,35,71
310,310,0,1,1,1,1,1,1,0,0,0,0,0,0,45
310,311,1,1,1,1,1,1,1,0,0,0,0,0,0,45
310,308,1,1,1,1,1,1,1,0,0,0,0,0,16,45
310,306,1,1,1,1,1,1,1,0,0,0,0,0,16,45
310,318,1,1,1,1,1,1,1,0,0,0,0,0,0,45
310,294,1,0,0,1,0,0,0,0,0,0,0,0,6,45
310,278,1,1,1,1,1,1,1,0,0,0,0,0,6,45
310,374,1,1,1,1,1,1,1,0,0,0,0,0,0,45
310,438,1,1,1,1,1,1,1,0,0,0,0,0,0,45
310,54,1,1,1,1,1,1,1,0,0,0,0,0,21,45
310,309,2,1,1,1,1,1,1,0,0,0,0,0,16,45
310,307,2,1,1,1,1,1,1,0,0,0,0,0,16,45
310,319,2,1,1,1,1,1,1,0,0,0,0,0,0,45
310,295,2,0,0,1,0,0,0,0,0,0,0,0,6,45
310,279,2,1,1,1,1,1,1,0,0,0,0,0,6,45
310,375,2,1,1,1,1,1,1,0,0,0,0,0,0,45
310,439,2,1,1,1,1,1,1,0,0,0,0,0,0,45
310,55,2,1,1,1,1,1,1,0,0,0,0,0,21,45
310,304,2,1,1,1,1,1,1,0,0,0,0,0,27,45
310,316,2,1,1,1,1,1,1,0,0,0,0,0,16,45
310,292,2,0,0,1,0,0,0,0,0,0,0,0,22,45
310,276,2,1,1,1,1,1,1,0,0,0,0,0,17,45
310,372,2,1,1,1,1,1,1,0,0,0,0,0,16,45
310,436,2,1,1,1,1,1,1,0,0,0,0,0,16,45
310,52,2,1,1,1,1,1,1,0,0,0,0,0,27,45
310,314,2,1,1,1,1,1,1,0,0,0,0,0,16,45
310,290,2,0,0,1,0,0,0,0,0,0,0,0,22,45
310,274,2,1,1,1,1,1,1,0,0,0,0,0,17,45
310,370,2,1,1,1,1,1,1,0,0,0,0,0,16,45
310,434,2,1,1,1,1,1,1,0,0,0,0,0,16,45
310,50,2,1,1,1,1,1,1,0,0,0,0,0,27,45
310,302,2,1,0,1,0,0,0,0,0,0,0,0,6,45
310,286,2,1,1,1,1,1,1,0,0,0,0,0,6,45
310,382,2,1,1,1,1,1,1,0,0,0,0,0,0,45
310,446,2,1,1,1,1,1,1,0,0,0,0,0,0,45
310,62,2,1,1,1,1,1,1,0,0,0,0,0,21,45
310,262,2,0,0,1,0,0,0,0,0,0,0,0,12,45
310,358,2,1,0,1,0,0,0,0,0,0,0,0,6,45
310,422,2,1,0,1,0,0,0,0,0,0,0,0,6,45
310,38,2,0,0,1,0,0,0,0,0,0,0,0,27,45
310,342,2,1,1,1,1,1,1,0,0,0,0,0,6,45
310,406,2,1,1,1,1,1,1,0,0,0,0,0,6,45
310,22,2,1,1,1,1,1,1,0,0,0,0,0,22,45
310,502,2,1,1,1,1,1,1,0,0,0,0,0,0,45
310,118,2,1,1,1,1,1,1,0,0,0,0,0,21,45
310,182,2,1,1,1,1,1,1,0,0,0,0,0,21,45
311,311,0,1,1,1,1,1,1,0,0,0,0,0,0,72
311,310,1,1,1,1,1,1,1,0,0,0,0,0,35,72
311,309,1,1,1,1,1,1,1,0,0,0,0,0,24,72
311,307,1,1,1,1,1,1,1,0,0,0,0,0,41,72
311,319,1,1,1,1,1,1,1,0,0,0,0,0,0,72
311,295,1,0,0,1,0,0,0,0,0,0,0,0,7,72
311,279,1,1,1,1,1,1,1,0,0,0,0,0,24,72
311,375,1,1,1,1,1,1,1,0,0,0,0,0,0,72
311,439,1,1,1,1,1,1,1,0,0,0,0,0,0,72
311,55,1,1,1,1,1,1,1,0,0,0,0,0,35,72
311,308,2,1,1,1,1,1,1,0,0,0,0,0,38,72
311,306,2,1,1,1,1,1,1,0,0,0,0,0,49,72
311,318,2,1,1,1,1,1,1,0,0,0,0,0,35,72
311,294,2,0,0,1,0,0,0,0,0,0,0,0,42,72
311,278,2,1,1,1,1,1,1,0,0,0,0,0,37,72
311,374,2,1,1,1,1,1,1,0,0,0,0,0,35,72
311,438,2,1,1,1,1,1,1,0,0,0,0,0,35,72
311,54,2,1,1,1,1,1,1,0,0,0,0,0,50,72
311,305,2,1,1,1,1,1,1,0,0,0,0,0,43,72
311,317,2,1,1,1,1,1,1,0,0,0,0,0,24,72
311,293,2,0,0,1,0,0,0,0,0,0,0,0,31,72
311,277,2,1,1,1,1,1,1,0,0,0,0,0,26,72
311,373,2,1,1,1,1,1,1,0,0,0,0,0,24,72
311,437,2,1,1,1,1,1,1,0,0,0,0,0,24,72
311,53,2,1,1,1,1,1,1,0,0,0,0,0,37,72
311,315,2,1,1,1,1,1,1,0,0,0,0,0,41,72
311,291,2,0,0,1,0,0,0,0,0,0,0,0,48,72
311,275,2,1,1,1,1,1,1,0,0,0,0,0,43,72
311,371,2,1,1,1,1,1,1,0,0,0,0,0,41,72
311,435,2,1,1,1,1,1,1,0,0,0,0,0,41,72
311,51,2,1,1,1,1,1,1,0,0,0,0,0,49,72
311,303,2,1,0,1,0,0,0,0,0,0,0,0,7,72
311,287,2,1,1,1,1,1,1,0,0,0,0,0,24,72
311,383,2,1,1,1,1,1,1,0,0,0,0,0,0,72
311,447,2,1,1,1,1,1,1,0,0,0,0,0,0,72
311,63,2,1,1,1,1,1,1,0,0,0,0,0,35,72
311,263,2,0,0,1,0,0,0,0,0,0,0,0,31,72
311,359,2,1,0,1,0,0,0,0,0,0,0,0,7,72
311,423,2,1,0,1,0,0,0,0,0,0,0,0,7,72
311,39,2,0,0,1,0,0,0,0,0,0,0,0,42,72
311,343,2,1,1,1,1,1,1,0,0,0,0,0,24,72
311,407,2,1,1,1,1,1,1,0,0,0,0,0,24,72
311,23,2,1,1,1,1,1,1,0,0,0,0,0,38,72
311,503,2,1,1,1,1,1,1,0,0,0,0,0,0,72
311,119,2,1,1,1,1,1,1,0,0,0,0,0,35,72
311,183,2,1,1,1,1,1,1,0,0,0,0,0,35,72
312,312,0,1,1,1,1,1,1,0,0,0,0,0,0,44
312,313,1,1,1,1,1,1,1,0,0,0,0,0,0,44
312,314,1,1,1,1,1,1,1,0,0,0,0,0,0,44
312,316,1,1,1,1,1,1,1,0,0,0,0,0,0,44
312,304,1,1,1,1,1,1,1,0,0,0,0,0,26,44
312,296,1,1,1,1,0,0,1,0,1,1,1,0,6,44
312,280,1,1,1,1,1,1,1,0,0,0,0,0,16,44
312,376,1,1,1,1,1,1,1,0,0,0,0,0,0,44
312,440,1,1,1,1,1,1,1,0,0,0,0,0,0,44
312,56,1,1,1,1,1,1,1,0,0,0,0,0,16,44
312,315,2,1,1,1,1,1,1,0,0,0,0,0,0,44
312,317,2,1,1,1,1,1,1,0,0,0,0,0,0,44
312,305,2,1,1,1,1,1,1,0,0,0,0,0,26,44
312,297,2,1,1,1,0,0,1,0,1,1,1,0,6,44
312,281,2,1,1,1,1,1,1,0,0,0,0,0,16,44
312,377,2,1,1,1,1,1,1,0,0,0,0,0,0,44
312,441,2,1,1,1,1,1,1,0,0,0,0,0,0,44
312,57,2,1,1,1,1,1,1,0,0,0,0,0,16,44
312,318,2,1,1,1,1,1,1,0,0,0,0,0,0,44
312,306,2,1,1,1,1,1,1,0,0,0,0,0,26,44
312,298,2,1,1,1,0,0,1,0,1,1,1,0,6,44
312,282,2,1,1,1,1,1,1,0,0,0,0,0,16,44
312,378,2,1,1,1,1,1,1,0,0,0,0,0,0,44
312,442,2,1,1,1,1,1,1,0,0,0,0,0,0,44
312,58,2,1,1,1,1,1,1,0,0,0,0,0,16,44
312,308,2,1,1,1,1,1,1,0,0,0,0,0,26,44
312,300,2,1,1,1,0,0,1,0,1,1,1,0,6,44
312,284,2,1,1,1,1,1,1,0,0,0,0,0,16,44
312,380,2,1,1,1,1,1,1,0,0,0,0,0,0,44
312,444,2,1,1,1,1,1,1,0,0,0,0,0,0,44
312,60,2,1,1,1,1,1,1,0,0,0,0,0,16,44
312,288,2,0,0,1,0,0,0,0,0,0,0,0,27,44
312,272,2,1,1,1,1,1,1,0,0,0,0,0,32,44
312,368,2,1,1,1,1,1,1,0,0,0,0,0,26,44
312,432,2,1,1,1,1,1,1,0,0,0,0,0,26,44
312,48,2,1,1,1,1,1,1,0,0,0,0,0,32,44
312,264,2,0,0,1,0,0,0,0,0,0,0,0,17,44
312,360,2,1,1,1,0,0,1,0,1,1,1,0,6,44
312,424,2,1,1,1,0,0,1,0,1,1,1,0,6,44
312,40,2,1,1,1,0,0,1,0,1,1,1,0,22,44
312,344,2,1,1,1,1,1,1,0,0,0,0,0,16,44
312,408,2,1,1,1,1,1,1,0,0,0,0,0,16,44
312,24,2,1,1,1,1,1,1,0,0,0,0,0,32,44
312,504,2,1,1,1,1,1,1,0,0,0,0,0,0,44
312,120,2,1,1,1,1,1,1,0,0,0,0,0,16,44
312,184,2,1,1,1,1,1,1,0,0,0,0,0,16,44
313,313,0,1,1,1,1,1,1,0,0,0,0,0,0,103
313,312,1,1,1,1,1,1,1,0,0,0,0,0,78,103
313,315,1,1,1,1,1,1,1,0,0,0,0,0,0,103
313,317,1,1,1,1,1,1,1,0,0,0,0,0,0,103
313,305,1,1,1,1,1,1,1,0,0,0,0,0,48,103
313,297,1,1,1,1,0,0,1,0,1,1,1,0,8,103
313,281,1,1,1,1,1,1,1,0,0,0,0,0,48,103
313,377,1,1,1,1,1,1,1,0,0,0,0,0,0,103
313,441,1,1,1,1,1,1,1,0,0,0,0,0,0,103
313,57,1,1,1,1,1,1,1,0,0,0,0,0,78,103
313,314,2,1,1,1,1,1,1,0,0,0,0,0,78,103
313,316,2,1,1,1,1,1,1,0,0,0,0,0,78,103
313,304,2,1,1,1,1,1,1,0,0,0,0,0,83,103
313,296,2,1,1,1,0,0,1,0,1,1,1,0,80,103
313,280,2,1,1,1,1,1,1,0,0,0,0,0,82,103
313,376,2,1,1,1,1,1,1,0,0,0,0,0,78,103
313,440,2,1,1,1,1,1,1,0,0,0,0,0,78,103
313,56,2,1,1,1,1,1,1,0,0,0,0,0,90,103
313,319,2,1,1,1,1,1,1,0,0,0,0,0,0,103
313,307,2,1,1,1,1,1,1,0,0,0,0,0,48,103
313,299,2,1,1,1,0,0,1,0,1,1,1,0,8,103
313,283,2,1,1,1,1,1,1,0,0,0,0,0,48,103
313,379,2,1,1,1,1,1,1,0,0,0,0,0,0,103
313,443,2,1,1,1,1,1,1,0,0,0,0,0,0,103
313,59,2,1,1,1,1,1,1,0,0,0,0,0,78,103
313,309,2,1,1,1,1,1,1,0,0,0,0,0,48,103
313,301,2,1,1,1,0,0,1,0,1,1,1,0,8,103
313,285,2,1,1,1,1,1,1,0,0,0,0,0,48,103
313,381,2,1,1,1,1,1,1,0,0,0,0,0,0,103
313,445,2,1,1,1,1,1,1,0,0,0,0,0,0,103
313,61,2,1,1,1,1,1,1,0,0,0,0,0,78,103
313,289,2,0,0,1,0,0,0,0,0,0,0,0,49,103
313,273,2,1,1,1,1,1,1,0,0,0,0,0,76,103
313,369,2,1,1,1,1,1,1,0,0,0,0,0,48,103
313,433,2,1,1,1,1,1,1,0,0,0,0,0,48,103
313,49,2,1,1,1,1,1,1,0,0,0,0,0,82,103
313,265,2,0,0,1,0,0,0,0,0,0,0,0,49,103
313,361,2,1,1,1,0,0,1,0,1,1,1,0,8,103
313,425,2,1,1,1,0,0,1,0,1,1,1,0,8,103
313,41,2,1,1,1,0,0,1,0,1,1,1,0,80,103
313,345,2,1,1,1,1,1,1,0,0,0,0,0,48,103
313,409,2,1,1,1,1,1,1,0,0,0,0,0,48,103
313,25,2,1,1,1,1,1,1,0,0,0,0,0,83,103
313,505,2,1,1,1,1,1,1,0,0,0,0,0,0,103
313,121,2,1,1,1,1,1,1,0,0,0,0,0,78,103
313,185,2,1,1,1,1,1,1,0,0,0,0,0,78,103
314,314,0,1,1,1,1,1,1,0,0,0,0,0,0,71
314,315,1,1,1,1,1,1,1,0,0,0,0,0,0,71
314,312,1,1,1,1,1,1,1,0,0,0,0,0,36,71
314,318,1,1,1,1,1,1,1,0,0,0,0,0,0,71
314,306,1,1,1,1,1,1,1,0,0,0,0,0,36,71
314,298,1,1,1,1,0,0,1,0,1,1,1,0,7,71
314,282,1,1,1,1,1,1,1,0,0,0,0,0,19,71
314,378,1,1,1,1,1,1,1,0,0,0,0,0,0,71
314,442,1,1,1,1,1,1,1,0,0,0,0,0,0,71
314,58,1,1,1,1,1,1,1,0,0,0,0,0,46,71
314,313,2,1,1,1,1,1,1,0,0,0,0,0,36,71
314,319,2,1,1,1,1,1,1,0,0,0,0,0,0,71
314,307,2,1,1,1,1,1,1,0,0,0,0,0,36,71
314,299,2,1,1,1,0,0,1,0,1,1,1,0,7,71
314,283,2,1,1,1,1,1,1,0,0,0,0,0,19,71
314,379,2,1,1,1,1,1,1,0,0,0,0,0,0,71
314,443,2,1,1,1,1,1,1,0,0,0,0,0,0,71
314,59,2,1,1,1,1,1,1,0,0,0,0,0,46,71
314,316,2,1,1,1,1,1,1,0,0,0,0,0,36,71
314,304,2,1,1,1,1,1,1,0,0,0,0,0,56,71
314,296,2,1,1,1,0,0,1,0,1,1,1,0,37,71
314,280,2,1,1,1,1,1,1,0,0,0,0,0,38,71
314,376,2,1,1,1,1,1,1,0,0,0,0,0,36,71
314,440,2,1,1,1,1,1,1,0,0,0,0,0,36,71
314,56,2,1,1,1,1,1,1,0,0,0,0,0,55,71
314,310,2,1,1,1,1,1,1,0,0,0,0,0,36,71
314,302,2,1,1,1,0,0,1,0,1,1,1,0,7,71
314,286,2,1,1,1,1,1,1,0,0,0,0,0,19,71
314,382,2,1,1,1,1,1,1,0,0,0,0,0,0,71
314,446,2,1,1,1,1,1,1,0,0,0,0,0,0,71
314,62,2,1,1,1,1,1,1,0,0,0,0,0,46,71
314,290,2,0,0,1,0,0,0,0,0,0,0,0,37,71
314,274,2,1,1,1,1,1,1,0,0,0,0,0,43,71
314,370,2,1,1,1,1,1,1,0,0,0,0,0,36,71
314,434,2,1,1,1,1,1,1,0,0,0,0,0,36,71
314,50,2,1,1,1,1,1,1,0,0,0,0,0,55,71
314,266,2,1,1,1,0,0,1,0,1,1,1,0,20,71
314,362,2,1,1,1,0,0,1,0,1,1,1,0,7,71
314,426,2,1,1,1,0,0,1,0,1,1,1,0,7,71
314,42,2,1,1,1,0,0,1,0,1,1,1,0,48,71
314,346,2,1,1,1,1,1,1,0,0,0,0,0,19,71
314,410,2,1,1,1,1,1,1,0,0,0,0,0,19,71
314,26,2,1,1,1,1,1,1,0,0,0,0,0,49,71
314,506,2,1,1,1,1,1,1,0,0,0,0,0,0,71
314,122,2,1,1,1,1,1,1,0,0,0,0,0,46,71
314,186,2,1,1,1,1,1,1,0,0,0,0,0,46,71
315,315,0,1,1,1,1,1,1,0,0,0,0,0,0,104
315,314,1,1,1,1,1,1,1,0,0,0,0,0,78,104
315,313,1,1,1,1,1,1,1,0,0,0,0,0,48,104
315,319,1,1,1,1,1,1,1,0,0,0,0,0,0,104
315,307,1,1,1,1,1,1,1,0,0,0,0,0,48,104
315,299,1,1,1,1,0,0,1,0,1,1,1,0,8,104
315,283,1,1,1,1,1,1,1,0,0,0,0,0,48,104
315,379,1,1,1,1,1,1,1,0,0,0,0,0,0,104
315,443,1,1,1,1,1,1,1,0,0,0,0,0,0,104
315,59,1,1,1,1,1,1,1,0,0,0,0,0,78,104
315,312,2,1,1,1,1,1,1,0,0,0,0,0,83,104
315,318,2,1,1,1,1,1,1,0,0,0,0,0,78,104
315,306,2,1,1,1,1,1,1,0,0,0,0,0,83,104
315,298,2,1,1,1,0,0,1,0,1,1,1,0,80,104
315,282,2,1,1,1,1,1,1,0,0,0,0,0,82,104
315,378,2,1,1,1,1,1,1,0,0,0,0,0,78,104
315,442,2,1,1,1,1,1,1,0,0,0,0,0,78,104
315,58,2,1,1,1,1,1,1,0,0,0,0,0,90,104
315,317,2,1,1,1,1,1,1,0,0,0,0,0,48,104
315,305,2,1,1,1,1,1,1,0,0,0,0,0,77,104
315,297,2,1,1,1,0,0,1,0,1,1,1,0,49,104
315,281,2,1,1,1,1,1,1,0,0,0,0,0,51,104
315,377,2,1,1,1,1,1,1,0,0,0,0,0,48,104
315,441,2,1,1,1,1,1,1,0,0,0,0,0,48,104
315,57,2,1,1,1,1,1,1,0,0,0,0,0,82,104
315,311,2,1,1,1,1,1,1,0,0,0,0,0,48,104
315,303,2,1,1,1,0,0,1,0,1,1,1,0,8,104
315,287,2,1,1,1,1,1,1,0,0,0,0,0,48,104
315,383,2,1,1,1,1,1,1,0,0,0,0,0,0,104
315,447,2,1,1,1,1,1,1,0,0,0,0,0,0,104
315,63,2,1,1,1,1,1,1,0,0,0,0,0,78,104
315,291,2,0,0,1,0,0,0,0,0,0,0,0,49,104
315,275,2,1,1,1,1,1,1,0,0,0,0,0,76,104
315,371,2,1,1,1,1,1,1,0,0,0,0,0,48,104
315,435,2,1,1,1,1,1,1,0,0,0,0,0,48,104
315,51,2,1,1,1,1,1,1,0,0,0,0,0,82,104
315,267,2,1,1,1,0,0,1,0,1,1,1,0,49,104
315,363,2,1,1,1,0,0,1,0,1,1,1,0,8,104
315,427,2,1,1,1,0,0,1,0,1,1,1,0,8,104
315,43,2,1,1,1,0,0,1,0,1,1,1,0,80,104
315,347,2,1,1,1,1,1,1,0,0,0,0,0,48,104
315,411,2,1,1,1,1,1,1,0,0,0,0,0,48,104
315,27,2,1,1,1,1,1,1,0,0,0,0,0,83,104
315,507,2,1,1,1,1,1,1,0,0,0,0,0,0,104
315,123,2,1,1,1,1,1,1,0,0,0,0,0,78,104
315,187,2,1,1,1,1,1,1,0,0,0,0,0,78,104
316,316,0,1,1,1,1,1,1,0,0,0,0,0,0,110
316,317,1,1,1,1,1,1,1,0,0,0,0,0,0,110
316,318,1,1,1,1,1,1,1,0,0,0,0,0,0,110
316,312,1,1,1,1,1,1,1,0,0,0,0,0,67,110
316,308,1,1,1,1,1,1,1,0,0,0,0,0,74,110
316,300,1,1,1,1,0,0,1,0,1,1,1,0,8,110
316,284,1,1,1,1,1,1,1,0,0,0,0,0,22,110
316,380,1,1,1,1,1,1,1,0,0,0,0,0,0,110
316,444,1,1,1,1,1,1,1,0,0,0,0,0,0,110
316,60,1,1,1,1,1,1,1,0,0,0,0,0,67,110
316,319,2,1,1,1,1,1,1,0,0,0,0,0,0,110
316,313,2,1,1,1,1,1,1,0,0,0,0,0,67,110
316,309,2,1,1,1,1,1,1,0,0,0,0,0,74,110
316,301,2,1,1,1,0,0,1,0,1,1,1,0,8,110
316,285,2,1,1,1,1,1,1,0,0,0,0,0,22,110
316,381,2,1,1,1,1,1,1,0,0,0,0,0,0,110
316,445,2,1,1,1,1,1,1,0,0,0,0,0,0,110
316,61,2,1,1,1,1,1,1,0,0,0,0,0,67,110
316,314,2,1,1,1,1,1,1,0,0,0,0,0,67,110
316,310,2,1,1,1,1,1,1,0,0,0,0,0,74,110
316,302,2,1,1,1,0,0,1,0,1,1,1,0,8,110
316,286,2,1,1,1,1,1,1,0,0,0,0,0,22,110
316,382,2,1,1,1,1,1,1,0,0,0,0,0,0,110
316,446,2,1,1,1,1,1,1,0,0,0,0,0,0,110
316,62,2,1,1,1,1,1,1,0,0,0,0,0,67,110
316,304,2,1,1,1,1,1,1,0,0,0,0,0,91,110
316,296,2,1,1,1,0,0,1,0,1,1,1,0,69,110
316,280,2,1,1,1,1,1,1,0,0,0,0,0,70,110
316,376,2,1,1,1,1,1,1,0,0,0,0,0,67,110
316,440,2,1,1,1,1,1,1,0,0,0,0,0,67,110
316,56,2,1,1,1,1,1,1,0,0,0,0,0,90,110
316,292,2,0,0,1,0,0,0,0,0,0,0,0,75,110
316,276,2,1,1,1,1,1,1,0,0,0,0,0,76,110
316,372,2,1,1,1,1,1,1,0,0,0,0,0,74,110
316,436,2,1,1,1,1,1,1,0,0,0,0,0,74,110
316,52,2,1,1,1,1,1,1,0,0,0,0,0,91,110
316,268,2,1,1,1,0,0,1,0,1,1,1,0,23,110
316,364,2,1,1,1,0,0,1,0,1,1,1,0,8,110
316,428,2,1,1,1,0,0,1,0,1,1,1,0,8,110
316,44,2,1,1,1,0,0,1,0,1,1,1,0,69,110
316,348,2,1,1,1,1,1,1,0,0,0,0,0,22,110
316,412,2,1,1,1,1,1,1,0,0,0,0,0,22,110
316,28,2,1,1,1,1,1,1,0,0,0,0,0,70,110
316,508,2,1,1,1,1,1,1,0,0,0,0,0,0,110
316,124,2,1,1,1,1,1,1,0,0,0,0,0,67,110
316,188,2,1,1,1,1,1,1,0,0,0,0,0,67,110
317,317,0,1,1,1,1,1,1,0,0,0,0,0,0,158
317,316,1,1,1,1,1,1,1,0,0,0,0,0,111,158
317,319,1,1,1,1,1,1,1,0,0,0,0,0,0,158
317,313,1,1,1,1,1,1,1,0,0,0,0,0,92,158
317,309,1,1,1,1,1,1,1,0,0,0,0,0,98,158
317,301,1,1,1,1,0,0,1,0,1,1,1,0,9,158
317,285,1,1,1,1,1,1,1,0,0,0,0,0,55,158
317,381,1,1,1,1,1,1,1,0,0,0,0,0,0,158
317,445,1,1,1,1,1,1,1,0,0,0,0,0,0,158
317,61,1,1,1,1,1,1,1,0,0,0,0,0,111,158
317,318,2,1,1,1,1,1,1,0,0,0,0,0,111,158
317,312,2,1,1,1,1,1,1,0,0,0,0,0,132,158
317,308,2,1,1,1,1,1,1,0,0,0,0,0,118,158
317,300,2,1,1,1,0,0,1,0,1,1,1,0,113,158
317,284,2,1,1,1,1,1,1,0,0,0,0,0,115,158
317,380,2,1,1,1,1,1,1,0,0,0,0,0,111,158
317,444,2,1,1,1,1,1,1,0,0,0,0,0,111,158
317,60,2,1,1,1,1,1,1,0,0,0,0,0,133,158
317,315,2,1,1,1,1,1,1,0,0,0,0,0,92,158
317,311,2,1,1,1,1,1,1,0,0,0,0,0,98,158
317,303,2,1,1,1,0,0,1,0,1,1,1,0,9,158
317,287,2,1,1,1,1,1,1,0,0,0,0,0,55,158
317,383,2,1,1,1,1,1,1,0,0,0,0,0,0,158
317,447,2,1,1,1,1,1,1,0,0,0,0,0,0,158
317,63,2,1,1,1,1,1,1,0,0,0,0,0,111,158
317,305,2,1,1,1,1,1,1,0,0,0,0,0,126,158
317,297,2,1,1,1,0,0,1,0,1,1,1,0,94,158
317,281,2,1,1,1,1,1,1,0,0,0,0,0,96,158
317,377,2,1,1,1,1,1,1,0,0,0,0,0,92,158
317,441,2,1,1,1,1,1,1,0,0,0,0,0,92,158
317,57,2,1,1,1,1,1,1,0,0,0,0,0,132,158
317,293,2,0,0,1,0,0,0,0,0,0,0,0,99,158
317,277,2,1,1,1,1,1,1,0,0,0,0,0,102,158
317,373,2,1,1,1,1,1,1,0,0,0,0,0,98,158
317,437,2,1,1,1,1,1,1,0,0,0,0,0,98,158
317,53,2,1,1,1,1,1,1,0,0,0,0,0,118,158
317,269,2,1,1,1,0,0,1,0,1,1,1,0,56,158
317,365,2,1,1,1,0,0,1,0,1,1,1,0,9,158
317,429,2,1,1,1,0,0,1,0,1,1,1,0,9,158
317,45,2,1,1,1,0,0,1,0,1,1,1,0,113,158
317,349,2,1,1,1,1,1,1,0,0,0,0,0,55,158
317,413,2,1,1,1,1,1,1,0,0,0,0,0,55,158
317,29,2,1,1,1,1,1,1,0,0,0,0,0,116,158
317,509,2,1,1,1,1,1,1,0,0,0,0,0,0,158
317,125,2,1,1,1,1,1,1,0,0,0,0,0,111,158
317,189,2,1,1,1,1,1,1,0,0,0,0,0,111,158
318,318,0,1,1,1,1,1,1,0,0,0,0,0,0,111
318,319,1,1,1,1,1,1,1,0,0,0,0,0,0,111
318,316,1,1,1,1,1,1,1,0,0,0,0,0,42,111
318,314,1,1,1,1,1,1,1,0,0,0,0,0,67,111
318,310,1,1,1,1,1,1,1,0,0,0,0,0,74,111
318,302,1,1,1,1,0,0,1,0,1,1,1,0,8,111
318,286,1,1,1,1,1,1,1,0,0,0,0,0,22,111
318,382,1,1,1,1,1,1,1,0,0,0,0,0,0,111
318,446,1,1,1,1,1,1,1,0,0,0,0,0,0,111
318,62,1,1,1,1,1,1,1,0,0,0,0,0,67,111
318,317,2,1,1,1,1,1,1,0,0,0,0,0,42,111
318,315,2,1,1,1,1,1,1,0,0,0,0,0,67,111
318,311,2,1,1,1,1,1,1,0,0,0,0,0,74,111
318,303,2,1,1,1,0,0,1,0,1,1,1,0,8,111
318,287,2,1,1,1,1,1,1,0,0,0,0,0,22,111
318,383,2,1,1,1,1,1,1,0,0,0,0,0,0,111
318,447,2,1,1,1,1,1,1,0,0,0,0,0,0,111
318,63,2,1,1,1,1,1,1,0,0,0,0,0,67,111
318,312,2,1,1,1,1,1,1,0,0,0,0,0,71,111
318,308,2,1,1,1,1,1,1,0,0,0,0,0,78,111
318,300,2,1,1,1,0,0,1,0,1,1,1,0,43,111
318,284,2,1,1,1,1,1,1,0,0,0,0,0,44,111
318,380,2,1,1,1,1,1,1,0,0,0,0,0,42,111
318,444,2,1,1,1,1,1,1,0,0,0,0,0,42,111
318,60,2,1,1,1,1,1,1,0,0,0,0,0,77,111
318,306,2,1,1,1,1,1,1,0,0,0,0,0,91,111
318,298,2,1,1,1,0,0,1,0,1,1,1,0,69,111
318,282,2,1,1,1,1,1,1,0,0,0,0,0,70,111
318,378,2,1,1,1,1,1,1,0,0,0,0,0,67,111
318,442,2,1,1,1,1,1,1,0,0,0,0,0,67,111
318,58,2,1,1,1,1,1,1,0,0,0,0,0,90,111
318,294,2,0,0,1,0,0,0,0,0,0,0,0,75,111
318,278,2,1,1,1,1,1,1,0,0,0,0,0,76,111
318,374,2,1,1,1,1,1,1,0,0,0,0,0,74,111
318,438,2,1,1,1,1,1,1,0,0,0,0,0,74,111
318,54,2,1,1,1,1,1,1,0,0,0,0,0,91,111
318,270,2,1,1,1,0,0,1,0,1,1,1,0,23,111
318,366,2,1,1,1,0,0,1,0,1,1,1,0,8,111
318,430,2,1,1,1,0,0,1,0,1,1,1,0,8,111
318,46,2,1,1,1,0,0,1,0,1,1,1,0,69,111
318,350,2,1,1,1,1,1,1,0,0,0,0,0,22,111
318,414,2,1,1,1,1,1,1,0,0,0,0,0,22,111
318,30,2,1,1,1,1,1,1,0,0,0,0,0,70,111
318,510,2,1,1,1,1,1,1,0,0,0,0,0,0,111
318,126,2,1,1,1,1,1,1,0,0,0,0,0,67,111
318,190,2,1,1,1,1,1,1,0,0,0,0,0,67,111
319,319,0,1,1,1,1,1,1,0,0,0,0,0,0,159
319,318,1,1,1,1,1,1,1,0,0,0,0,0,111,159
319,317,1,1,1,1,1,1,1,0,0,0,0,0,55,159
319,315,1,1,1,1,1,1,1,0,0,0,0,0,92,159
319,311,1,1,1,1,1,1,1,0,0,0,0,0,98,159
319,303,1,1,1,1,0,0,1,0,1,1,1,0,9,159
319,287,1,1,1,1,1,1,1,0,0,0,0,0,55,159
319,383,1,1,1,1,1,1,1,0,0,0,0,0,0,159
319,447,1,1,1,1,1,1,1,0,0,0,0,0,0,159
319,63,1,1,1,1,1,1,1,0,0,0,0,0,111,159
319,316,2,1,1,1,1,1,1,0,0,0,0,0,116,159
319,314,2,1,1,1,1,1,1,0,0,0,0,0,132,159
319,310,2,1,1,1,1,1,1,0,0,0,0,0,118,159
319,302,2,1,1,1,0,0,1,0,1,1,1,0,113,159
319,286,2,1,1,1,1,1,1,0,0,0,0,0,115,159
319,382,2,1,1,1,1,1,1,0,0,0,0,0,111,159
319,446,2,1,1,1,1,1,1,0,0,0,0,0,111,159
319,62,2,1,1,1,1,1,1,0,0,0,0,0,133,159
319,313,2,1,1,1,1,1,1,0,0,0,0,0,96,159
319,309,2,1,1,1,1,1,1,0,0,0,0,0,103,159
319,301,2,1,1,1,0,0,1,0,1,1,1,0,56,159
319,285,2,1,1,1,1,1,1,0,0,0,0,0,58,159
319,381,2,1,1,1,1,1,1,0,0,0,0,0,55,159
319,445,2,1,1,1,1,1,1,0,0,0,0,0,55,159
319,61,2,1,1,1,1,1,1,0,0,0,0,0,115,159
319,307,2,1,1,1,1,1,1,0,0,0,0,0,126,159
319,299,2,1,1,1,0,0,1,0,1,1,1,0,94,159
319,283,2,1,1,1,1,1,1,0,0,0,0,0,96,159
319,379,2,1,1,1,1,1,1,0,0,0,0,0,92,159
319,443,2,1,1,1,1,1,1,0,0,0,0,0,92,159
319,59,2,1,1,1,1,1,1,0,0,0,0,0,132,159
319,295,2,0,0,1,0,0,0,0,0,0,0,0,99,159
319,279,2,1,1,1,1,1,1,0,0,0,0,0,102,159
319,375,2,1,1,1,1,1,1,0,0,0,0,0,98,159
319,439,2,1,1,1,1,1,1,0,0,0,0,0,98,159
319,55,2,1,1,1,1,1,1,0,0,0,0,0,118,159
319,271,2,1,1,1,0,0,1,0,1,1,1,0,56,159
319,367,2,1,1,1,0,0,1,0,1,1,1,0,9,159
319,431,2,1,1,1,0,0,1,0,1,1,1,0,9,159
319,47,2,1,1,1,0,0,1,0,1,1,1,0,113,159
319,351,2,1,1,1,1,1,1,0,0,0,0,0,55,159
319,415,2,1,1,1,1,1,1,0,0,0,0,0,55,159
319,31,2,1,1,1,1,1,1,0,0,0,0,0,116,159
319,511,2,1,1,1,1,1,1,0,0,0,0,0,0,159
319,127,2,1,1,1,1,1,1,0,0,0,0,0,111,159
319,191,2,1,1,1,1,1,1,0,0,0,0,0,111,159
322,322,0,1,1,1,1,1,1,0,0,0,0,0,0,108
322,323,1,1,1,1,1,1,1,0,0,0,0,0,0,108
322,320,1,0,0,1,0,0,0,0,0,0,0,0,74,108
322,326,1,1,1,1,1,1,1,0,0,0,0,0,0,108
322,330,1,1,1,1,1,1,1,0,0,0,0,0,0,108
322,338,1,1,1,1,1,1,1,0,0,0,0,0,0,108
322,354,1,1,1,1,1,1,1,0,0,0,0,0,0,108
322,258,1,0,0,1,0,0,0,0,0,0,0,0,67,108
322,450,1,1,1,1,1,1,1,0,0,0,0,0,0,108
322,66,1,0,0,1,0,0,0,0,0,0,0,0,67,108
322,321,2,0,0,1,0,0,0,0,0,0,0,0,74,108
322,327,2,1,1,1,1,1,1,0,0,0,0,0,0,108
322,331,2,1,1,1,1,1,1,0,0,0,0,0,0,108
322,339,2,1,1,1,1,1,1,0,0,0,0,0,0,108
322,355,2,1,1,1,1,1,1,0,0,0,0,0,0,108
322,259,2,0,0,1,0,0,0,0,0,0,0,0,67,108
322,451,2,1,1,1,1,1,1,0,0,0,0,0,0,108
322,67,2,0,0,1,0,0,0,0,0,0,0,0,67,108
322,324,2,0,0,1,0,0,0,0,0,0,0,0,74,108
322,328,2,0,0,1,0,0,0,0,0,0,0,0,74,108
322,336,2,1,0,1,0,0,0,0,0,0,0,0,74,108
322,352,2,0,0,1,0,0,0,0,0,0,0,0,74,108
322,256,2,0,0,1,0,0,0,0,0,0,0,0,91,108
322,448,2,0,0,1,0,0,0,0,0,0,0,0,74,108
322,64,2,0,0,1,0,0,0,0,0,0,0,0,91,108
322,334,2,1,1,1,1,1,1,0,0,0,0,0,0,108
322,342,2,1,1,1,1,1,1,0,0,0,0,0,0,108
322,358,2,1,1,1,1,1,1,0,0,0,0,0,0,108
322,262,2,0,0,1,0,0,0,0,0,0,0,0,67,108
322,454,2,1,1,1,1,1,1,0,0,0,0,0,0,108
322,70,2,0,0,1,0,0,0,0,0,0,0,0,67,108
322,346,2,1,1,1,1,1,1,0,0,0,0,0,0,108
322,362,2,1,1,1,1,1,1,0,0,0,0,0,0,108
322,266,2,1,0,1,0,0,0,0,0,0,0,0,67,108
322,458,2,1,1,1,1,1,1,0,0,0,0,0,0,108
322,74,2,0,0,1,0,0,0,0,0,0,0,0,67,108
322,370,2,1,1,1,1,1,1,0,0,0,0,0,0,108
322,274,2,1,0,1,0,0,0,0,0,0,0,0,67,108
322,466,2,1,1,1,1,1,1,0,0,0,0,0,0,108
322,82,2,1,0,1,0,0,0,0,0,0,0,0,67,108
322,290,2,0,0,1,0,0,0,0,0,0,0,0,67,108
322,482,2,1,1,1,1,1,1,0,0,0,0,0,0,108
322,98,2,1,0,1,0,0,0,0,0,0,0,0,67,108
322,386,2,1,0,1,0,0,0,0,0,0,0,0,67,108
322,2,2,0,0,1,0,0,0,0,0,0,0,0,90,108
322,194,2,1,0,1,0,0,0,0,0,0,0,0,67,108
323,323,0,1,1,1,1,1,1,0,0,0,0,0,0,156
323,322,1,1,1,1,1,1,1,0,0,0,0,0,111,156
323,321,1,0,0,1,0,0,0,0,0,0,0,0,98,156
323,327,1,1,1,1,1,1,1,0,0,0,0,0,0,156
323,331,1,1,1,1,1,1,1,0,0,0,0,0,0,156
323,339,1,1,1,1,1,1,1,0,0,0,0,0,0,156
323,355,1,1,1,1,1,1,1,0,0,0,0,0,0,156
323,259,1,0,0,1,0,0,0,0,0,0,0,0,92,156
323,451,1,1,1,1,1,1,1,0,0,0,0,0,0,156
323,67,1,0,0,1,0,0,0,0,0,0,0,0,111,156
323,320,2,0,0,1,0,0,0,0,0,0,0,0,118,156
323,326,2,1,1,1,1,1,1,0,0,0,0,0,111,156
323,330,2,1,1,1,1,1,1,0,0,0,0,0,111,156
323,338,2,1,1,1,1,1,1,0,0,0,0,0,111,156
323,354,2,1,1,1,1,1,1,0,0,0,0,0,111,156
323,258,2,0,0,1,0,0,0,0,0,0,0,0,132,156
323,450,2,1,1,1,1,1,1,0,0,0,0,0,111,156
323,66,2,0,0,1,0,0,0,0,0,0,0,0,133,156
323,325,2,1,0,1,0,0,0,0,0,0,0,0,98,156
323,329,2,0,0,1,0,0,0,0,0,0,0,0,98,156
323,337,2,1,0,1,0,0,0,0,0,0,0,0,98,156
323,353,2,1,0,1,0,0,0,0,0,0,0,0,98,156
323,257,2,0,0,1,0,0,0,0,0,0,0,0,126,156
323,449,2,0,0,1,0,0,0,0,0,0,0,0,98,156
323,65,2,0,0,1,0,0,0,0,0,0,0,0,118,156
323,335,2,1,1,1,1,1,1,0,0,0,0,0,0,156
323,343,2,1,1,1,1,1,1,0,0,0,0,0,0,156
323,359,2,1,1,1,1,1,1,0,0,0,0,0,0,156
323,263,2,0,0,1,0,0,0,0,0,0,0,0,92,156
323,455,2,1,1,1,1,1,1,0,0,0,0,0,0,156
323,71,2,0,0,1,0,0,0,0,0,0,0,0,111,156
323,347,2,1,1,1,1,1,1,0,0,0,0,0,0,156
323,363,2,1,1,1,1,1,1,0,0,0,0,0,0,156
323,267,2,1,0,1,0,0,0,0,0,0,0,0,92,156
323,459,2,1,1,1,1,1,1,0,0,0,0,0,0,156
323,75,2,0,0,1,0,0,0,0,0,0,0,0,111,156
323,371,2,1,1,1,1,1,1,0,0,0,0,0,0,156
323,275,2,1,0,1,0,0,0,0,0,0,0,0,92,156
323,467,2,1,1,1,1,1,1,0,0,0,0,0,0,156
323,83,2,1,0,1,0,0,0,0,0,0,0,0,111,156
323,291,2,0,0,1,0,0,0,0,0,0,0,0,92,156
323,483,2,1,1,1,1,1,1,0,0,0,0,0,0,156
323,99,2,1,0,1,0,0,0,0,0,0,0,0,111,156
323,387,2,1,0,1,0,0,0,0,0,0,0,0,92,156
323,3,2,0,0,1,0,0,0,0,0,0,0,0,132,156
323,195,2,1,0,1,0,0,0,0,0,0,0,0,111,156
325,325,0,1,1,1,1,1,1,0,0,0,0,0,0,220
325,324,1,0,0,1,0,0,0,0,0,0,0,0,150,220
325,327,1,1,1,1,1,1,1,0,0,0,0,0,0,220
325,321,1,0,0,1,0,0,0,0,0,0,0,0,150,220
325,333,1,1,1,1,1,1,1,0,0,0,0,0,0,220
325,341,1,1,1,1,1,1,1,0,0,0,0,0,0,220
325,357,1,1,1,1,1,1,1,0,0,0,0,0,0,220
325,261,1,0,0,1,0,0,0,0,0,0,0,0,150,220
325,453,1,1,1,1,1,1,1,0,0,0,0,0,0,220
325,69,1,0,0,1,0,0,0,0,0,0,0,0,150,220
325,326,2,1,0,1,0,0,0,0,0,0,0,0,150,220
325,320,2,0,0,1,0,0,0,0,0,0,0,0,174,220
325,332,2,1,0,1,0,0,0,0,0,0,0,0,150,220
325,340,2,1,0,1,0,0,0,0,0,0,0,0,150,220
325,356,2,0,0,1,0,0,0,0,0,0,0,0,150,220
325,260,2,0,0,1,0,0,0,0,0,0,0,0,174,220
325,452,2,0,0,1,0,0,0,0,0,0,0,0,150,220
325,68,2,0,0,1,0,0,0,0,0,0,0,0,184,220
325,323,2,1,0,1,0,0,0,0,0,0,0,0,150,220
325,335,2,1,1,1,1,1,1,0,0,0,0,0,0,220
325,343,2,1,1,1,1,1,1,0,0,0,0,0,0,220
325,359,2,1,1,1,1,1,1,0,0,0,0,0,0,220
325,263,2,0,0,1,0,0,0,0,0,0,0,0,150,220
325,455,2,1,1,1,1,1,1,0,0,0,0,0,0,220
325,71,2,0,0,1,0,0,0,0,0,0,0,0,150,220
325,329,2,0,0,1,0,0,0,0,0,0,0,0,150,220
325,337,2,1,0,1,0,0,0,0,0,0,0,0,150,220
325,353,2,1,0,1,0,0,0,0,0,0,0,0,150,220
325,257,2,0,0,1,0,0,0,0,0,0,0,0,184,220
325,449,2,0,0,1,0,0,0,0,0,0,0,0,150,220
325,65,2,0,0,1,0,0,0,0,0,0,0,0,174,220
325,349,2,1,1,1,1,1,1,0,0,0,0,0,0,220
325,365,2,1,1,1,1,1,1,0,0,0,0,0,0,220
325,269,2,1,0,1,0,0,0,0,0,0,0,0,150,220
325,461,2,1,1,1,1,1,1,0,0,0,0,0,0,220
325,77,2,0,0,1,0,0,0,0,0,0,0,0,150,220
325,373,2,1,1,1,1,1,1,0,0,0,0,0,0,220
325,277,2,1,0,1,0,0,0,0,0,0,0,0,150,220
325,469,2,1,1,1,1,1,1,0,0,0,0,0,0,220
325,85,2,1,0,1,0,0,0,0,0,0,0,0,150,220
325,293,2,0,0,1,0,0,0,0,0,0,0,0,150,220
325,485,2,1,1,1,1,1,1,0,0,0,0,0,0,220
325,101,2,1,0,1,0,0,0,0,0,0,0,0,150,220
325,389,2,1,0,1,0,0,0,0,0,0,0,0,150,220
325,5,2,0,0,1,0,0,0,0,0,0,0,0,174,220
325,197,2,1,0,1,0,0,0,0,0,0,0,0,150,220
326,326,0,1,1,1,1,1,1,0,0,0,0,0,0,156
326,327,1,1,1,1,1,1,1,0,0,0,0,0,0,156
326,324,1,0,0,1,0,0,0,0,0,0,0,0,98,156
326,322,1,1,1,1,1,1,1,0,0,0,0,0,111,156
326,334,1,1,1,1,1,1,1,0,0,0,0,0,0,156
326,342,1,1,1,1,1,1,1,0,0,0,0,0,0,156
326,358,1,1,1,1,1,1,1,0,0,0,0,0,0,156
326,262,1,0,0,1,0,0,0,0,0,0,0,0,111,156
326,454,1,1,1,1,1,1,1,0,0,0,0,0,0,156
326,70,1,0,0,1,0,0,0,0,0,0,0,0,92,156
326,325,2,1,0,1,0,0,0,0,0,0,0,0,98,156
326,323,2,1,1,1,1,1,1,0,0,0,0,0,111,156
326,335,2,1,1,1,1,1,1,0,0,0,0,0,0,156
326,343,2,1,1,1,1,1,1,0,0,0,0,0,0,156
326,359,2,1,1,1,1,1,1,0,0,0,0,0,0,156
326,263,2,0,0,1,0,0,0,0,0,0,0,0,111,156
326,455,2,1,1,1,1,1,1,0,0,0,0,0,0,156
326,71,2,0,0,1,0,0,0,0,0,0,0,0,92,156
326,320,2,0,0,1,0,0,0,0,0,0,0,0,118,156
326,332,2,1,0,1,0,0,0,0,0,0,0,0,98,156
326,340,2,1,0,1,0,0,0,0,0,0,0,0,98,156
326,356,2,0,0,1,0,0,0,0,0,0,0,0,98,156
326,260,2,0,0,1,0,0,0,0,0,0,0,0,118,156
326,452,2,0,0,1,0,0,0,0,0,0,0,0,98,156
326,68,2,0,0,1,0,0,0,0,0,0,0,0,126,156
326,330,2,1,1,1,1,1,1,0,0,0,0,0,111,156
326,338,2,1,1,1,1,1,1,0,0,0,0,0,111,156
326,354,2,1,1,1,1,1,1,0,0,0,0,0,111,156
326,258,2,0,0,1,0,0,0,0,0,0,0,0,133,156
326,450,2,1,1,1,1,1,1,0,0,0,0,0,111,156
326,66,2,0,0,1,0,0,0,0,0,0,0,0,132,156
326,350,2,1,1,1,1,1,1,0,0,0,0,0,0,156
326,366,2,1,1,1,1,1,1,0,0,0,0,0,0,156
326,270,2,1,0,1,0,0,0,0,0,0,0,0,111,156
326,462,2,1,1,1,1,1,1,0,0,0,0,0,0,156
326,78,2,0,0,1,0,0,0,0,0,0,0,0,92,156
326,374,2,1,1,1,1,1,1,0,0,0,0,0,0,156
326,278,2,1,0,1,0,0,0,0,0,0,0,0,111,156
326,470,2,1,1,1,1,1,1,0,0,0,0,0,0,156
326,86,2,1,0,1,0,0,0,0,0,0,0,0,92,156
326,294,2,0,0,1,0,0,0,0,0,0,0,0,111,156
326,486,2,1,1,1,1,1,1,0,0,0,0,0,0,156
326,102,2,1,0,1,0,0,0,0,0,0,0,0,92,156
326,390,2,1,0,1,0,0,0,0,0,0,0,0,111,156
326,6,2,0,0,1,0,0,0,0,0,0,0,0,132,156
326,198,2,1,0,1,0,0,0,0,0,0,0,0,92,156
327,327,0,1,1,1,1,1,1,0,0,0,0,0,0,221
327,326,1,1,1,1,1,1,1,0,0,0,0,0,150,221
327,325,1,1,1,1,0,0,1,0,1,1,1,0,126,221
327,323,1,1,1,1,1,1,1,0,0,0,0,0,150,221
327,335,1,1,1,1,1,1,1,0,0,0,0,0,0,221
327,343,1,1,1,1,1,1,1,0,0,0,0,0,0,221
327,359,1,1,1,1,1,1,1,0,0,0,0,0,0,221
327,263,1,0,0,1,0,0,0,0,0,0,0,0,150,221
327,455,1,1,1,1,1,1,1,0,0,0,0,0,0,221
327,71,1,0,0,1,0,0,0,0,0,0,0,0,150,221
327,324,2,0,0,1,0,0,0,0,0,0,0,0,157,221
327,322,2,1,1,1,1,1,1,0,0,0,0,0,174,221
327,334,2,1,1,1,1,1,1,0,0,0,0,0,150,221
327,342,2,1,1,1,1,1,1,0,0,0,0,0,150,221
327,358,2,1,1,1,1,1,1,0,0,0,0,0,150,221
327,262,2,0,0,1,0,0,0,0,0,0,0,0,174,221
327,454,2,1,1,1,1,1,1,0,0,0,0,0,150,221
327,70,2,0,0,1,0,0,0,0,0,0,0,0,184,221
327,321,2,0,0,1,0,0,0,0,0,0,0,0,157,221
327,333,2,1,1,1,0,0,1,0,1,1,1,0,126,221
327,341,2,1,1,1,0,0,1,0,1,1,1,0,126,221
327,357,2,1,1,1,0,0,1,0,1,1,1,0,126,221
327,261,2,0,0,1,0,0,0,0,0,0,0,0,158,221
327,453,2,1,1,1,0,0,1,0,1,1,1,0,126,221
327,69,2,0,0,1,0,0,0,0,0,0,0,0,158,221
327,331,2,1,1,1,1,1,1,0,0,0,0,0,150,221
327,339,2,1,1,1,1,1,1,0,0,0,0,0,150,221
327,355,2,1,1,1,1,1,1,0,0,0,0,0,150,221
327,259,2,0,0,1,0,0,0,0,0,0,0,0,184,221
327,451,2,1,1,1,1,1,1,0,0,0,0,0,150,221
327,67,2,0,0,1,0,0,0,0,0,0,0,0,174,221
327,351,2,1,1,1,1,1,1,0,0,0,0,0,0,221
327,367,2,1,1,1,1,1,1,0,0,0,0,0,0,221
327,271,2,1,0,1,0,0,0,0,0,0,0,0,150,221
327,463,2,1,1,1,1,1,1,0,0,0,0,0,0,221
327,79,2,0,0,1,0,0,0,0,0,0,0,0,150,221
327,375,2,1,1,1,1,1,1,0,0,0,0,0,0,221
327,279,2,1,0,1,0,0,0,0,0,0,0,0,150,221
327,471,2,1,1,1,1,1,1,0,0,0,0,0,0,221
327,87,2,1,0,1,0,0,0,0,0,0,0,0,150,221
327,295,2,0,0,1,0,0,0,0,0,0,0,0,150,221
327,487,2,1,1,1,1,1,1,0,0,0,0,0,0,221
327,103,2,1,0,1,0,0,0,0,0,0,0,0,150,221
327,391,2,1,0,1,0,0,0,0,0,0,0,0,150,221
327,7,2,0,0,1,0,0,0,0,0,0,0,0,174,221
327,199,2,1,0,1,0,0,0,0,0,0,0,0,150,221
330,330,0,1,1,1,1,1,1,0,0,0,0,0,0,109
330,331,1,1,1,1,1,1,1,0,0,0,0,0,0,109
330,328,1,0,0,1,0,0,0,0,0,0,0,0,74,109
330,334,1,1,1,1,1,1,1,0,0,0,0,0,0,109
330,322,1,1,1,1,0,0,1,0,1,1,1,0,42,109
330,346,1,1,1,1,1,1,1,0,0,0,0,0,0,109
330,362,1,1,1,1,1,1,1,0,0,0,0,0,0,109
330,266,1,1,1,1,1,1,1,0,0,0,0,0,67,109
330,458,1,1,1,1,1,1,1,0,0,0,0,0,0,109
330,74,1,0,0,1,0,0,0,0,0,0,0,0,67,109
330,329,2,0,0,1,0,0,0,0,0,0,0,0,74,109
330,335,2,1,1,1,1,1,1,0,0,0,0,0,0,109
330,323,2,1,1,1,0,0,1,0,1,1,1,0,42,109
330,347,2,1,1,1,1,1,1,0,0,0,0,0,0,109
330,363,2,1,1,1,1,1,1,0,0,0,0,0,0,109
330,267,2,1,1,1,1,1,1,0,0,0,0,0,67,109
330,459,2,1,1,1,1,1,1,0,0,0,0,0,0,109
330,75,2,0,0,1,0,0,0,0,0,0,0,0,67,109
330,332,2,1,0,1,0,0,0,0,0,0,0,0,74,109
330,320,2,0,0,1,0,0,0,0,0,0,0,0,78,109
330,344,2,1,0,1,0,0,0,0,0,0,0,0,74,109
330,360,2,1,0,1,0,0,0,0,0,0,0,0,74,109
330,264,2,0,0,1,0,0,0,0,0,0,0,0,91,109
330,456,2,0,0,1,0,0,0,0,0,0,0,0,74,109
330,72,2,0,0,1,0,0,0,0,0,0,0,0,91,109
330,326,2,1,1,1,0,0,1,0,1,1,1,0,42,109
330,350,2,1,1,1,1,1,1,0,0,0,0,0,0,109
330,366,2,1,1,1,1,1,1,0,0,0,0,0,0,109
330,270,2,1,1,1,1,1,1,0,0,0,0,0,67,109
330,462,2,1,1,1,1,1,1,0,0,0,0,0,0,109
330,78,2,0,0,1,0,0,0,0,0,0,0,0,67,109
330,338,2,1,1,1,0,0,1,0,1,1,1,0,42,109
330,354,2,1,1,1,0,0,1,0,1,1,1,0,42,109
330,258,2,0,0,1,0,0,0,0,0,0,0,0,71,109
330,450,2,1,1,1,0,0,1,0,1,1,1,0,42,109
330,66,2,0,0,1,0,0,0,0,0,0,0,0,77,109
330,378,2,1,1,1,1,1,1,0,0,0,0,0,0,109
330,282,2,1,1,1,1,1,1,0,0,0,0,0,67,109
330,474,2,1,1,1,1,1,1,0,0,0,0,0,0,109
330,90,2,1,0,1,0,0,0,0,0,0,0,0,67,109
330,298,2,1,1,1,1,1,1,0,0,0,0,0,67,109
330,490,2,1,1,1,1,1,1,0,0,0,0,0,0,109
330,106,2,1,0,1,0,0,0,0,0,0,0,0,67,109
330,394,2,1,1,1,1,1,1,0,0,0,0,0,67,109
330,10,2,0,0,1,0,0,0,0,0,0,0,0,90,109
330,202,2,1,0,1,0,0,0,0,0,0,0,0,67,109
331,331,0,1,1,1,1,1,1,0,0,0,0,0,0,157
331,330,1,1,1,1,1,1,1,0,0,0,0,0,111,157
331,329,1,0,0,1,0,0,0,0,0,0,0,0,98,157
331,335,1,1,1,1,1,1,1,0,0,0,0,0,0,157
331,323,1,1,1,1,0,0,1,0,1,1,1,0,55,157
331,347,1,1,1,1,1,1,1,0,0,0,0,0,0,157
331,363,1,1,1,1,1,1,1,0,0,0,0,0,0,157
331,267,1,1,1,1,1,1,1,0,0,0,0,0,92,157
331,459,1,1,1,1,1,1,1,0,0,0,0,0,0,157
331,75,1,0,0,1,0,0,0,0,0,0,0,0,111,157
331,328,2,0,0,1,0,0,0,0,0,0,0,0,118,157
331,334,2,1,1,1,1,1,1,0,0,0,0,0,111,157
331,322,2,1,1,1,0,0,1,0,1,1,1,0,116,157
331,346,2,1,1,1,1,1,1,0,0,0,0,0,111,157
331,362,2,1,1,1,1,1,1,0,0,0,0,0,111,157
331,266,2,1,1,1,1,1,1,0,0,0,0,0,132,157
331,458,2,1,1,1,1,1,1,0,0,0,0,0,111,157
331,74,2,0,0,1,0,0,0,0,0,0,0,0,133,157
331,333,2,1,0,1,0,0,0,0,0,0,0,0,98,157
331,321,2,0,0,1,0,0,0,0,0,0,0,0,103,157
331,345,2,1,0,1,0,0,0,0,0,0,0,0,98,157
331,361,2,1,0,1,0,0,0,0,0,0,0,0,98,157
331,265,2,0,0,1,0,0,0,0,0,0,0,0,126,157
331,457,2,0,0,1,0,0,0,0,0,0,0,0,98,157
331,73,2,0,0,1,0,0,0,0,0,0,0,0,118,157
331,327,2,1,1,1,0,0,1,0,1,1,1,0,55,157
331,351,2,1,1,1,1,1,1,0,0,0,0,0,0,157
331,367,2,1,1,1,1,1,1,0,0,0,0,0,0,157
331,271,2,1,1,1,1,1,1,0,0,0,0,0,92,157
331,463,2,1,1,1,1,1,1,0,0,0,0,0,0,157
331,79,2,0,0,1,0,0,0,0,0,0,0,0,111,157
331,339,2,1,1,1,0,0,1,0,1,1,1,0,55,157
331,355,2,1,1,1,0,0,1,0,1,1,1,0,55,157
331,259,2,0,0,1,0,0,0,0,0,0,0,0,96,157
331,451,2,1,1,1,0,0,1,0,1,1,1,0,55,157
331,67,2,0,0,1,0,0,0,0,0,0,0,0,115,157
331,379,2,1,1,1,1,1,1,0,0,0,0,0,0,157
331,283,2,1,1,1,1,1,1,0,0,0,0,0,92,157
331,475,2,1,1,1,1,1,1,0,0,0,0,0,0,157
331,91,2,1,0,1,0,0,0,0,0,0,0,0,111,157
331,299,2,1,1,1,1,1,1,0,0,0,0,0,92,157
331,491,2,1,1,1,1,1,1,0,0,0,0,0,0,157
331,107,2,1,0,1,0,0,0,0,0,0,0,0,111,157
331,395,2,1,1,1,1,1,1,0,0,0,0,0,92,157
331,11,2,0,0,1,0,0,0,0,0,0,0,0,132,157
331,203,2,1,0,1,0,0,0,0,0,0,0,0,111,157
332,332,0,1,1,1,1,1,1,0,0,0,0,0,0,156
332,333,1,1,1,1,1,1,1,0,0,0,0,0,0,156
332,334,1,1,1,1,1,1,1,0,0,0,0,0,0,156
332,328,1,0,0,1,0,0,0,0,0,0,0,0,111,156
332,324,1,0,0,1,0,0,0,0,0,0,0,0,98,156
332,348,1,1,1,1,1,1,1,0,0,0,0,0,0,156
332,364,1,1,1,1,1,1,1,0,0,0,0,0,0,156
332,268,1,1,1,1,1,1,1,0,0,0,0,0,111,156
332,460,1,1,1,1,1,1,1,0,0,0,0,0,0,156
332,76,1,0,0,1,0,0,0,0,0,0,0,0,92,156
332,335,2,1,1,1,1,1,1,0,0,0,0,0,0,156
332,329,2,0,0,1,0,0,0,0,0,0,0,0,111,156
332,325,2,1,0,1,0,0,0,0,0,0,0,0,98,156
332,349,2,1,1,1,1,1,1,0,0,0,0,0,0,156
332,365,2,1,1,1,1,1,1,0,0,0,0,0,0,156
332,269,2,1,1,1,1,1,1,0,0,0,0,0,111,156
332,461,2,1,1,1,1,1,1,0,0,0,0,0,0,156
332,77,2,0,0,1,0,0,0,0,0,0,0,0,92,156
332,330,2,1,0,1,0,0,0,0,0,0,0,0,111,156
332,326,2,1,0,1,0,0,0,0,0,0,0,0,98,156
332,350,2,1,1,1,1,1,1,0,0,0,0,0,0,156
332,366,2,1,1,1,1,1,1,0,0,0,0,0,0,156
332,270,2,1,1,1,1,1,1,0,0,0,0,0,111,156
332,462,2,1,1,1,1,1,1,0,0,0,0,0,0,156
332,78,2,0,0,1,0,0,0,0,0,0,0,0,92,156
332,320,2,0,0,1,0,0,0,0,0,0,0,0,118,156
332,344,2,1,0,1,0,0,0,0,0,0,0,0,111,156
332,360,2,1,0,1,0,0,0,0,0,0,0,0,111,156
332,264,2,0,0,1,0,0,0,0,0,0,0,0,133,156
332,456,2,0,0,1,0,0,0,0,0,0,0,0,111,156
332,72,2,0,0,1,0,0,0,0,0,0,0,0,132,156
332,340,2,1,0,1,0,0,0,0,0,0,0,0,98,156
332,356,2,0,0,1,0,0,0,0,0,0,0,0,98,156
332,260,2,0,0,1,0,0,0,0,0,0,0,0,118,156
332,452,2,0,0,1,0,0,0,0,0,0,0,0,98,156
332,68,2,0,0,1,0,0,0,0,0,0,0,0,126,156
332,380,2,1,1,1,1,1,1,0,0,0,0,0,0,156
332,284,2,1,1,1,1,1,1,0,0,0,0,0,111,156
332,476,2,1,1,1,1,1,1,0,0,0,0,0,0,156
332,92,2,1,0,1,0,0,0,0,0,0,0,0,92,156
332,300,2,1,1,1,1,1,1,0,0,0,0,0,111,156
332,492,2,1,1,1,1,1,1,0,0,0,0,0,0,156
332,108,2,1,0,1,0,0,0,0,0,0,0,0,92,156
332,396,2,1,1,1,1,1,1,0,0,0,0,0,111,156
332,12,2,0,0,1,0,0,0,0,0,0,0,0,132,156
332,204,2,1,0,1,0,0,0,0,0,0,0,0,92,156
333,333,0,1,1,1,1,1,1,0,0,0,0,0,0,221
333,332,1,1,1,1,0,0,1,0,1,1,1,0,150,221
333,335,1,1,1,1,1,1,1,0,0,0,0,0,0,221
333,329,1,0,0,1,0,0,0,0,0,0,0,0,150,221
333,325,1,1,1,1,0,0,1,0,1,1,1,0,126,221
333,349,1,1,1,1,1,1,1,0,0,0,0,0,0,221
333,365,1,1,1,1,1,1,1,0,0,0,0,0,0,221
333,269,1,1,1,1,1,1,1,0,0,0,0,0,150,221
333,461,1,1,1,1,1,1,1,0,0,0,0,0,0,221
333,77,1,0,0,1,0,0,0,0,0,0,0,0,150,221
333,334,2,1,1,1,0,0,1,0,1,1,1,0,150,221
333,328,2,0,0,1,0,0,0,0,0,0,0,0,174,221
333,324,2,0,0,1,0,0,0,0,0,0,0,0,157,221
333,348,2,1,1,1,0,0,1,0,1,1,1,0,150,221
333,364,2,1,1,1,0,0,1,0,1,1,1,0,150,221
333,268,2,1,1,1,0,0,1,0,1,1,1,0,174,221
333,460,2,1,1,1,0,0,1,0,1,1,1,0,150,221
333,76,2,0,0,1,0,0,0,0,0,0,0,0,184,221
333,331,2,1,0,1,0,0,0,0,0,0,0,0,150,221
333,327,2,1,1,1,0,0,1,0,1,1,1,0,126,221
333,351,2,1,1,1,1,1,1,0,0,0,0,0,0,221
333,367,2,1,1,1,1,1,1,0,0,0,0,0,0,221
333,271,2,1,1,1,1,1,1,0,0,0,0,0,150,221
333,463,2,1,1,1,1,1,1,0,0,0,0,0,0,221
333,79,2,0,0,1,0,0,0,0,0,0,0,0,150,221
333,321,2,0,0,1,0,0,0,0,0,0,0,0,158,221
333,345,2,1,0,1,0,0,0,0,0,0,0,0,150,221
333,361,2,1,0,1,0,0,0,0,0,0,0,0,150,221
333,265,2,0,0,1,0,0,0,0,0,0,0,0,184,221
333,457,2,0,0,1,0,0,0,0,0,0,0,0,150,221
333,73,2,0,0,1,0,0,0,0,0,0,0,0,174,221
333,341,2,1,1,1,0,0,1,0,1,1,1,0,126,221
333,357,2,1,1,1,0,0,1,0,1,1,1,0,126,221
333,261,2,0,0,1,0,0,0,0,0,0,0,0,157,221
333,453,2,1,1,1,0,0,1,0,1,1,1,0,126,221
333,69,2,0,0,1,0,0,0,0,0,0,0,0,158,221
333,381,2,1,1,1,1,1,1,0,0,0,0,0,0,221
333,285,2,1,1,1,1,1,1,0,0,0,0,0,150,221
333,477,2,1,1,1,1,1,1,0,0,0,0,0,0,221
333,93,2,1,0,1,0,0,0,0,0,0,0,0,150,221
333,301,2,1,1,1,1,1,1,0,0,0,0,0,150,221
333,493,2,1,1,1,1,1,1,0,0,0,0,0,0,221
333,109,2,1,0,1,0,0,0,0,0,0,0,0,150,221
333,397,2,1,1,1,1,1,1,0,0,0,0,0,150,221
333,13,2,0,0,1,0,0,0,0,0,0,0,0,174,221
333,205,2,1,0,1,0,0,0,0,0,0,0,0,150,221
334,334,0,1,1,1,1,1,1,0,0,0,0,0,0,157
334,335,1,1,1,1,1,1,1,0,0,0,0,0,0,157
334,332,1,1,1,1,0,0,1,0,1,1,1,0,98,157
334,330,1,1,1,1,1,1,1,0,0,0,0,0,111,157
334,326,1,1,1,1,0,0,1,0,1,1,1,0,98,157
334,350,1,1,1,1,1,1,1,0,0,0,0,0,0,157
334,366,1,1,1,1,1,1,1,0,0,0,0,0,0,157
334,270,1,1,1,1,1,1,1,0,0,0,0,0,111,157
334,462,1,1,1,1,1,1,1,0,0,0,0,0,0,157
334,78,1,0,0,1,0,0,0,0,0,0,0,0,92,157
334,333,2,1,1,1,0,0,1,0,1,1,1,0,98,157
334,331,2,1,1,1,1,1,1,0,0,0,0,0,111,157
334,327,2,1,1,1,0,0,1,0,1,1,1,0,98,157
334,351,2,1,1,1,1,1,1,0,0,0,0,0,0,157
334,367,2,1,1,1,1,1,1,0,0,0,0,0,0,157
334,271,2,1,1,1,1,1,1,0,0,0,0,0,111,157
334,463,2,1,1,1,1,1,1,0,0,0,0,0,0,157
334,79,2,0,0,1,0,0,0,0,0,0,0,0,92,157
334,328,2,0,0,1,0,0,0,0,0,0,0,0,118,157
334,324,2,0,0,1,0,0,0,0,0,0,0,0,104,157
334,348,2,1,1,1,0,0,1,0,1,1,1,0,98,157
334,364,2,1,1,1,0,0,1,0,1,1,1,0,98,157
334,268,2,1,1,1,0,0,1,0,1,1,1,0,118,157
334,460,2,1,1,1,0,0,1,0,1,1,1,0,98,157
334,76,2,0,0,1,0,0,0,0,0,0,0,0,126,157
334,322,2,1,1,1,0,0,1,0,1,1,1,0,118,157
334,346,2,1,1,1,1,1,1,0,0,0,0,0,111,157
334,362,2,1,1,1,1,1,1,0,0,0,0,0,111,157
334,266,2,1,1,1,1,1,1,0,0,0,0,0,133,157
334,458,2,1,1,1,1,1,1,0,0,0,0,0,111,157
334,74,2,0,0,1,0,0,0,0,0,0,0,0,132,157
334,342,2,1,1,1,0,0,1,0,1,1,1,0,98,157
334,358,2,1,1,1,0,0,1,0,1,1,1,0,98,157
334,262,2,0,0,1,0,0,0,0,0,0,0,0,118,157
334,454,2,1,1,1,0,0,1,0,1,1,1,0,98,157
334,70,2,0,0,1,0,0,0,0,0,0,0,0,126,157
334,382,2,1,1,1,1,1,1,0,0,0,0,0,0,157
334,286,2,1,1,1,1,1,1,0,0,0,0,0,111,157
334,478,2,1,1,1,1,1,1,0,0,0,0,0,0,157
334,94,2,1,0,1,0,0,0,0,0,0,0,0,92,157
334,302,2,1,1,1,1,1,1,0,0,0,0,0,111,157
334,494,2,1,1,1,1,1,1,0,0,0,0,0,0,157
334,110,2,1,0,1,0,0,0,0,0,0,0,0,92,157
334,398,2,1,1,1,1,1,1,0,0,0,0,0,111,157
334,14,2,0,0,1,0,0,0,0,0,0,0,0,132,157
334,206,2,1,0,1,0,0,0,0,0,0,0,0,92,157
335,335,0,1,1,1,1,1,1,0,0,0,0,0,0,222
335,334,1,1,1,1,1,1,1,0,0,0,0,0,150,222
335,333,1,1,1,1,0,0,1,0,1,1,1,0,126,222
335,331,1,1,1,1,1,1,1,0,0,0,0,0,150,222
335,327,1,1,1,1,0,0,1,0,1,1,1,0,126,222
335,351,1,1,1,1,1,1,1,0,0,0,0,0,0,222
335,367,1,1,1,1,1,1,1,0,0,0,0,0,0,222
335,271,1,1,1,1,1,1,1,0,0,0,0,0,150,222
335,463,1,1,1,1,1,1,1,0,0,0,0,0,0,222
335,79,1,0,0,1,0,0,0,0,0,0,0,0,150,222
335,332,2,1,1,1,0,0,1,0,1,1,1,0,157,222
335,330,2,1,1,1,1,1,1,0,0,0,0,0,174,222
335,326,2,1,1,1,0,0,1,0,1,1,1,0,157,222
335,350,2,1,1,1,1,1,1,0,0,0,0,0,150,222
335,366,2,1,1,1,1,1,1,0,0,0,0,0,150,222
335,270,2,1,1,1,1,1,1,0,0,0,0,0,174,222
335,462,2,1,1,1,1,1,1,0,0,0,0,0,150,222
335,78,2,0,0,1,0,0,0,0,0,0,0,0,184,222
335,329,2,0,0,1,0,0,0,0,0,0,0,0,157,222
335,325,2,1,1,1,0,0,1,0,1,1,1,0,133,222
335,349,2,1,1,1,0,0,1,0,1,1,1,0,126,222
335,365,2,1,1,1,0,0,1,0,1,1,1,0,126,222
335,269,2,1,1,1,0,0,1,0,1,1,1,0,158,222
335,461,2,1,1,1,0,0,1,0,1,1,1,0,126,222
335,77,2,0,0,1,0,0,0,0,0,0,0,0,158,222
335,323,2,1,1,1,0,0,1,0,1,1,1,0,158,222
335,347,2,1,1,1,1,1,1,0,0,0,0,0,150,222
335,363,2,1,1,1,1,1,1,0,0,0,0,0,150,222
335,267,2,1,1,1,1,1,1,0,0,0,0,0,184,222
335,459,2,1,1,1,1,1,1,0,0,0,0,0,150,222
335,75,2,0,0,1,0,0,0,0,0,0,0,0,174,222
335,343,2,1,1,1,0,0,1,0,1,1,1,0,126,222
335,359,2,1,1,1,0,0,1,0,1,1,1,0,126,222
335,263,2,0,0,1,0,0,0,0,0,0,0,0,157,222
335,455,2,1,1,1,0,0,1,0,1,1,1,0,126,222
335,71,2,0,0,1,0,0,0,0,0,0,0,0,158,222
335,383,2,1,1,1,1,1,1,0,0,0,0,0,0,222
335,287,2,1,1,1,1,1,1,0,0,0,0,0,150,222
335,479,2,1,1,1,1,1,1,0,0,0,0,0,0,222
335,95,2,1,0,1,0,0,0,0,0,0,0,0,150,222
335,303,2,1,1,1,1,1,1,0,0,0,0,0,150,222
335,495,2,1,1,1,1,1,1,0,0,0,0,0,0,222
335,111,2,1,0,1,0,0,0,0,0,0,0,0,150,222
335,399,2,1,1,1,1,1,1,0,0,0,0,0,150,222
335,15,2,0,0,1,0,0,0,0,0,0,0,0,174,222
335,207,2,1,0,1,0,0,0,0,0,0,0,0,150,222
336,336,0,1,1,1,1,1,1,0,0,0,0,0,0,27
336,337,1,1,1,1,1,1,1,0,0,0,0,0,0,27
336,338,1,1,1,1,1,1,1,0,0,0,0,0,0,27
336,340,1,1,1,1,1,1,1,0,0,0,0,0,0,27
336,344,1,1,1,1,1,1,1,0,0,0,0,0,0,27
336,320,1,0,0,1,0,0,0,0,0,0,0,0,5,27
336,368,1,1,1,1,1,1,1,0,0,0,0,0,0,27
336,272,1,1,1,1,1,1,1,0,0,0,0,0,13,27
336,464,1,1,1,1,1,1,1,0,0,0,0,0,0,27
336,80,1,1,1,1,1,1,1,0,0,0,0,0,13,27
336,339,2,1,1,1,1,1,1,0,0,0,0,0,0,27
336,341,2,1,1,1,1,1,1,0,0,0,0,0,0,27
336,345,2,1,1,1,1,1,1,0,0,0,0,0,0,27
336,321,2,0,0,1,0,0,0,0,0,0,0,0,5,27
336,369,2,1,1,1,1,1,1,0,0,0,0,0,0,27
336,273,2,1,1,1,1,1,1,0,0,0,0,0,13,27
336,465,2,1,1,1,1,1,1,0,0,0,0,0,0,27
336,81,2,1,1,1,1,1,1,0,0,0,0,0,13,27
336,342,2,1,1,1,1,1,1,0,0,0,0,0,0,27
336,346,2,1,1,1,1,1,1,0,0,0,0,0,0,27
336,322,2,1,0,1,0,0,0,0,0,0,0,0,5,27
336,370,2,1,1,1,1,1,1,0,0,0,0,0,0,27
336,274,2,1,1,1,1,1,1,0,0,0,0,0,13,27
336,466,2,1,1,1,1,1,1,0,0,0,0,0,0,27
336,82,2,1,1,1,1,1,1,0,0,0,0,0,13,27
336,348,2,1,1,1,1,1,1,0,0,0,0,0,0,27
336,324,2,0,0,1,0,0,0,0,0,0,0,0,5,27
336,372,2,1,1,1,1,1,1,0,0,0,0,0,0,27
336,276,2,1,1,1,1,1,1,0,0,0,0,0,13,27
336,468,2,1,1,1,1,1,1,0,0,0,0,0,0,27
336,84,2,1,1,1,1,1,1,0,0,0,0,0,13,27
336,328,2,0,0,1,0,0,0,0,0,0,0,0,5,27
336,376,2,1,1,1,1,1,1,0,0,0,0,0,0,27
336,280,2,1,1,1,1,1,1,0,0,0,0,0,13,27
336,472,2,1,1,1,1,1,1,0,0,0,0,0,0,27
336,88,2,1,1,1,1,1,1,0,0,0,0,0,13,27
336,352,2,0,0,1,0,0,0,0,0,0,0,0,5,27
336,256,2,0,0,1,0,0,0,0,0,0,0,0,18,27
336,448,2,0,0,1,0,0,0,0,0,0,0,0,5,27
336,64,2,0,0,1,0,0,0,0,0,0,0,0,18,27
336,304,2,1,1,1,1,1,1,0,0,0,0,0,13,27
336,496,2,1,1,1,1,1,1,0,0,0,0,0,0,27
336,112,2,1,1,1,1,1,1,0,0,0,0,0,13,27
336,400,2,1,1,1,1,1,1,0,0,0,0,0,13,27
336,16,2,1,1,1,1,1,1,0,0,0,0,0,18,27
336,208,2,1,1,1,1,1,1,0,0,0,0,0,13,27
337,337,0,1,1,1,1,1,1,0,0,0,0,0,0,70
337,336,1,1,1,1,1,1,1,0,0,0,0,0,35,70
337,339,1,1,1,1,1,1,1,0,0,0,0,0,0,70
337,341,1,1,1,1,1,1,1,0,0,0,0,0,0,70
337,345,1,1,1,1,1,1,1,0,0,0,0,0,0,70
337,321,1,0,0,1,0,0,0,0,0,0,0,0,7,70
337,369,1,1,1,1,1,1,1,0,0,0,0,0,0,70
337,273,1,1,1,1,1,1,1,0,0,0,0,0,41,70
337,465,1,1,1,1,1,1,1,0,0,0,0,0,0,70
337,81,1,1,1,1,1,1,1,0,0,0,0,0,35,70
337,338,2,1,1,1,1,1,1,0,0,0,0,0,35,70
337,340,2,1,1,1,1,1,1,0,0,0,0,0,35,70
337,344,2,1,1,1,1,1,1,0,0,0,0,0,35,70
337,320,2,0,0,1,0,0,0,0,0,0,0,0,42,70
337,368,2,1,1,1,1,1,1,0,0,0,0,0,35,70
337,272,2,1,1,1,1,1,1,0,0,0,0,0,49,70
337,464,2,1,1,1,1,1,1,0,0,0,0,0,35,70
337,80,2,1,1,1,1,1,1,0,0,0,0,0,50,70
337,343,2,1,1,1,1,1,1,0,0,0,0,0,0,70
337,347,2,1,1,1,1,1,1,0,0,0,0,0,0,70
337,323,2,1,0,1,0,0,0,0,0,0,0,0,7,70
337,371,2,1,1,1,1,1,1,0,0,0,0,0,0,70
337,275,2,1,1,1,1,1,1,0,0,0,0,0,41,70
337,467,2,1,1,1,1,1,1,0,0,0,0,0,0,70
337,83,2,1,1,1,1,1,1,0,0,0,0,0,35,70
337,349,2,1,1,1,1,1,1,0,0,0,0,0,0,70
337,325,2,1,0,1,0,0,0,0,0,0,0,0,7,70
337,373,2,1,1,1,1,1,1,0,0,0,0,0,0,70
337,277,2,1,1,1,1,1,1,0,0,0,0,0,41,70
337,469,2,1,1,1,1,1,1,0,0,0,0,0,0,70
337,85,2,1,1,1,1,1,1,0,0,0,0,0,35,70
337,329,2,0,0,1,0,0,0,0,0,0,0,0,7,70
337,377,2,1,1,1,1,1,1,0,0,0,0,0,0,70
337,281,2,1,1,1,1,1,1,0,0,0,0,0,41,70
337,473,2,1,1,1,1,1,1,0,0,0,0,0,0,70
337,89,2,1,1,1,1,1,1,0,0,0,0,0,35,70
337,353,2,1,0,1,0,0,0,0,0,0,0,0,7,70
337,257,2,0,0,1,0,0,0,0,0,0,0,0,48,70
337,449,2,0,0,1,0,0,0,0,0,0,0,0,7,70
337,65,2,0,0,1,0,0,0,0,0,0,0,0,42,70
337,305,2,1,1,1,1,1,1,0,0,0,0,0,41,70
337,497,2,1,1,1,1,1,1,0,0,0,0,0,0,70
337,113,2,1,1,1,1,1,1,0,0,0,0,0,35,70
337,401,2,1,1,1,1,1,1,0,0,0,0,0,41,70
337,17,2,1,1,1,1,1,1,0,0,0,0,0,49,70
337,209,2,1,1,1,1,1,1,0,0,0,0,0,35,70
338,338,0,1,1,1,1,1,1,0,0,0,0,0,0,109
338,339,1,1,1,1,1,1,1,0,0,0,0,0,0,109
338,336,1,1,1,1,1,1,1,0,0,0,0,0,74,109
338,342,1,1,1,1,1,1,1,0,0,0,0,0,0,109
338,346,1,1,1,1,1,1,1,0,0,0,0,0,0,109
338,322,1,1,1,1,0,0,1,0,1,1,1,0,8,109
338,370,1,1,1,1,1,1,1,0,0,0,0,0,0,109
338,274,1,1,1,1,1,1,1,0,0,0,0,0,67,109
338,466,1,1,1,1,1,1,1,0,0,0,0,0,0,109
338,82,1,1,1,1,1,1,1,0,0,0,0,0,67,109
338,337,2,1,1,1,1,1,1,0,0,0,0,0,74,109
338,343,2,1,1,1,1,1,1,0,0,0,0,0,0,109
338,347,2,1,1,1,1,1,1,0,0,0,0,0,0,109
338,323,2,1,1,1,0,0,1,0,1,1,1,0,8,109
338,371,2,1,1,1,1,1,1,0,0,0,0,0,0,109
338,275,2,1,1,1,1,1,1,0,0,0,0,0,67,109
338,467,2,1,1,1,1,1,1,0,0,0,0,0,0,109
338,83,2,1,1,1,1,1,1,0,0,0,0,0,67,109
338,340,2,1,1,1,1,1,1,0,0,0,0,0,74,109
338,344,2,1,1,1,1,1,1,0,0,0,0,0,74,109
338,320,2,0,0,1,0,0,0,0,0,0,0,0,75,109
338,368,2,1,1,1,1,1,1,0,0,0,0,0,74,109
338,272,2,1,1,1,1,1,1,0,0,0,0,0,91,109
338,464,2,1,1,1,1,1,1,0,0,0,0,0,74,109
338,80,2,1,1,1,1,1,1,0,0,0,0,0,91,109
338,350,2,1,1,1,1,1,1,0,0,0,0,0,0,109
338,326,2,1,1,1,0,0,1,0,1,1,1,0,8,109
338,374,2,1,1,1,1,1,1,0,0,0,0,0,0,109
338,278,2,1,1,1,1,1,1,0,0,0,0,0,67,109
338,470,2,1,1,1,1,1,1,0,0,0,0,0,0,109
338,86,2,1,1,1,1,1,1,0,0,0,0,0,67,109
338,330,2,1,1,1,0,0,1,0,1,1,1,0,8,109
338,378,2,1,1,1,1,1,1,0,0,0,0,0,0,109
338,282,2,1,1,1,1,1,1,0,0,0,0,0,67,109
338,474,2,1,1,1,1,1,1,0,0,0,0,0,0,109
338,90,2,1,1,1,1,1,1,0,0,0,0,0,67,109
338,354,2,1,1,1,0,0,1,0,1,1,1,0,8,109
338,258,2,0,0,1,0,0,0,0,0,0,0,0,69,109
338,450,2,1,1,1,0,0,1,0,1,1,1,0,8,109
338,66,2,0,0,1,0,0,0,0,0,0,0,0,69,109
338,306,2,1,1,1,1,1,1,0,0,0,0,0,67,109
338,498,2,1,1,1,1,1,1,0,0,0,0,0,0,109
338,114,2,1,1,1,1,1,1,0,0,0,0,0,67,109
338,402,2,1,1,1,1,1,1,0,0,0,0,0,67,109
338,18,2,1,1,1,1,1,1,0,0,0,0,0,90,109
338,210,2,1,1,1,1,1,1,0,0,0,0,0,67,109
339,339,0,1,1,1,1,1,1,0,0,0,0,0,0,157
339,338,1,1,1,1,1,1,1,0,0,0,0,0,111,157
339,337,1,1,1,1,1,1,1,0,0,0,0,0,98,157
339,343,1,1,1,1,1,1,1,0,0,0,0,0,0,157
339,347,1,1,1,1,1,1,1,0,0,0,0,0,0,157
339,323,1,1,1,1,0,0,1,0,1,1,1,0,9,157
339,371,1,1,1,1,1,1,1,0,0,0,0,0,0,157
339,275,1,1,1,1,1,1,1,0,0,0,0,0,92,157
339,467,1,1,1,1,1,1,1,0,0,0,0,0,0,157
339,83,1,1,1,1,1,1,1,0,0,0,0,0,111,157
339,336,2,1,1,1,1,1,1,0,0,0,0,0,118,157
339,342,2,1,1,1,1,1,1,0,0,0,0,0,111,157
339,346,2,1,1,1,1,1,1,0,0,0,0,0,111,157
339,322,2,1,1,1,0,0,1,0,1,1,1,0,113,157
339,370,2,1,1,1,1,1,1,0,0,0,0,0,111,157
339,274,2,1,1,1,1,1,1,0,0,0,0,0,132,157
339,466,2,1,1,1,1,1,1,0,0,0,0,0,111,157
339,82,2,1,1,1,1,1,1,0,0,0,0,0,133,157
339,341,2,1,1,1,1,1,1,0,0,0,0,0,98,157
339,345,2,1,1,1,1,1,1,0,0,0,0,0,98,157
339,321,2,0,0,1,0,0,0,0,0,0,0,0,99,157
339,369,2,1,1,1,1,1,1,0,0,0,0,0,98,157
339,273,2,1,1,1,1,1,1,0,0,0,0,0,126,157
339,465,2,1,1,1,1,1,1,0,0,0,0,0,98,157
339,81,2,1,1,1,1,1,1,0,0,0,0,0,118,157
339,351,2,1,1,1,1,1,1,0,0,0,0,0,0,157
339,327,2,1,1,1,0,0,1,0,1,1,1,0,9,157
339,375,2,1,1,1,1,1,1,0,0,0,0,0,0,157
339,279,2,1,1,1,1,1,1,0,0,0,0,0,92,157
339,471,2,1,1,1,1,1,1,0,0,0,0,0,0,157
339,87,2,1,1,1,1,1,1,0,0,0,0,0,111,157
339,331,2,1,1,1,0,0,1,0,1,1,1,0,9,157
339,379,2,1,1,1,1,1,1,0,0,0,0,0,0,157
339,283,2,1,1,1,1,1,1,0,0,0,0,0,92,157
339,475,2,1,1,1,1,1,1,0,0,0,0,0,0,157
339,91,2,1,1,1,1,1,1,0,0,0,0,0,111,157
339,355,2,1,1,1,0,0,1,0,1,1,1,0,9,157
339,259,2,0,0,1,0,0,0,0,0,0,0,0,94,157
339,451,2,1,1,1,0,0,1,0,1,1,1,0,9,157
339,67,2,0,0,1,0,0,0,0,0,0,0,0,113,157
339,307,2,1,1,1,1,1,1,0,0,0,0,0,92,157
339,499,2,1,1,1,1,1,1,0,0,0,0,0,0,157
339,115,2,1,1,1,1,1,1,0,0,0,0,0,111,157
339,403,2,1,1,1,1,1,1,0,0,0,0,0,92,157
339,19,2,1,1,1,1,1,1,0,0,0,0,0,132,157
339,211,2,1,1,1,1,1,1,0,0,0,0,0,111,157
340,340,0,1,1,1,1,1,1,0,0,0,0,0,0,70
340,341,1,1,1,1,1,1,1,0,0,0,0,0,0,70
340,342,1,1,1,1,1,1,1,0,0,0,0,0,0,70
340,336,1,1,1,1,1,1,1,0,0,0,0,0,35,70
340,348,1,1,1,1,1,1,1,0,0,0,0,0,0,70
340,324,1,0,0,1,0,0,0,0,0,0,0,0,7,70
340,372,1,1,1,1,1,1,1,0,0,0,0,0,0,70
340,276,1,1,1,1,1,1,1,0,0,0,0,0,35,70
340,468,1,1,1,1,1,1,1,0,0,0,0,0,0,70
340,84,1,1,1,1,1,1,1,0,0,0,0,0,41,70
340,343,2,1,1,1,1,1,1,0,0,0,0,0,0,70
340,337,2,1,1,1,1,1,1,0,0,0,0,0,35,70
340,349,2,1,1,1,1,1,1,0,0,0,0,0,0,70
340,325,2,1,0,1,0,0,0,0,0,0,0,0,7,70
340,373,2,1,1,1,1,1,1,0,0,0,0,0,0,70
340,277,2,1,1,1,1,1,1,0,0,0,0,0,35,70
340,469,2,1,1,1,1,1,1,0,0,0,0,0,0,70
340,85,2,1,1,1,1,1,1,0,0,0,0,0,41,70
340,338,2,1,1,1,1,1,1,0,0,0,0,0,35,70
340,350,2,1,1,1,1,1,1,0,0,0,0,0,0,70
340,326,2,1,0,1,0,0,0,0,0,0,0,0,7,70
340,374,2,1,1,1,1,1,1,0,0,0,0,0,0,70
340,278,2,1,1,1,1,1,1,0,0,0,0,0,35,70
340,470,2,1,1,1,1,1,1,0,0,0,0,0,0,70
340,86,2,1,1,1,1,1,1,0,0,0,0,0,41,70
340,344,2,1,1,1,1,1,1,0,0,0,0,0,35,70
340,320,2,0,0,1,0,0,0,0,0,0,0,0,42,70
340,368,2,1,1,1,1,1,1,0,0,0,0,0,35,70
340,272,2,1,1,1,1,1,1,0,0,0,0,0,50,70
340,464,2,1,1,1,1,1,1,0,0,0,0,0,35,70
340,80,2,1,1,1,1,1,1,0,0,0,0,0,49,70
340,332,2,1,0,1,0,0,0,0,0,0,0,0,7,70
340,380,2,1,1,1,1,1,1,0,0,0,0,0,0,70
340,284,2,1,1,1,1,1,1,0,0,0,0,0,35,70
340,476,2,1,1,1,1,1,1,0,0,0,0,0,0,70
340,92,2,1,1,1,1,1,1,0,0,0,0,0,41,70
340,356,2,0,0,1,0,0,0,0,0,0,0,0,7,70
340,260,2,0,0,1,0,0,0,0,0,0,0,0,42,70
340,452,2,0,0,1,0,0,0,0,0,0,0,0,7,70
340,68,2,0,0,1,0,0,0,0,0,0,0,0,48,70
340,308,2,1,1,1,1,1,1,0,0,0,0,0,35,70
340,500,2,1,1,1,1,1,1,0,0,0,0,0,0,70
340,116,2,1,1,1,1,1,1,0,0,0,0,0,41,70
340,404,2,1,1,1,1,1,1,0,0,0,0,0,35,70
340,20,2,1,1,1,1,1,1,0,0,0,0,0,49,70
340,212,2,1,1,1,1,1,1,0,0,0,0,0,41,70
341,341,0,1,1,1,1,1,1,0,0,0,0,0,0,221
341,340,1,1,1,1,1,1,1,0,0,0,0,0,150,221
341,343,1,1,1,1,1,1,1,0,0,0,0,0,0,221
341,337,1,1,1,1,1,1,1,0,0,0,0,0,150,221
341,349,1,1,1,1,1,1,1,0,0,0,0,0,0,221
341,325,1,1,1,1,0,0,1,0,1,1,1,0,10,221
341,373,1,1,1,1,1,1,1,0,0,0,0,0,0,221
341,277,1,1,1,1,1,1,1,0,0,0,0,0,150,221
341,469,1,1,1,1,1,1,1,0,0,0,0,0,0,221
341,85,1,1,1,1,1,1,1,0,0,0,0,0,150,221
341,342,2,1,1,1,1,1,1,0,0,0,0,0,150,221
341,336,2,1,1,1,1,1,1,0,0,0,0,0,174,221
341,348,2,1,1,1,1,1,1,0,0,0,0,0,150,221
341,324,2,0,0,1,0,0,0,0,0,0,0,0,152,221
341,372,2,1,1,1,1,1,1,0,0,0,0,0,150,221
341,276,2,1,1,1,1,1,1,0,0,0,0,0,174,221
341,468,2,1,1,1,1,1,1,0,0,0,0,0,150,221
341,84,2,1,1,1,1,1,1,0,0,0,0,0,184,221
341,339,2,1,1,1,1,1,1,0,0,0,0,0,150,221
341,351,2,1,1,1,1,1,1,0,0,0,0,0,0,221
341,327,2,1,1,1,0,0,1,0,1,1,1,0,10,221
341,375,2,1,1,1,1,1,1,0,0,0,0,0,0,221
341,279,2,1,1,1,1,1,1,0,0,0,0,0,150,221
341,471,2,1,1,1,1,1,1,0,0,0,0,0,0,221
341,87,2,1,1,1,1,1,1,0,0,0,0,0,150,221
341,345,2,1,1,1,1,1,1,0,0,0,0,0,150,221
341,321,2,0,0,1,0,0,0,0,0,0,0,0,152,221
341,369,2,1,1,1,1,1,1,0,0,0,0,0,150,221
341,273,2,1,1,1,1,1,1,0,0,0,0,0,184,221
341,465,2,1,1,1,1,1,1,0,0,0,0,0,150,221
341,81,2,1,1,1,1,1,1,0,0,0,0,0,174,221
341,333,2,1,1,1,0,0,1,0,1,1,1,0,10,221
341,381,2,1,1,1,1,1,1,0,0,0,0,0,0,221
341,285,2,1,1,1,1,1,1,0,0,0,0,0,150,221
341,477,2,1,1,1,1,1,1,0,0,0,0,0,0,221
341,93,2,1,1,1,1,1,1,0,0,0,0,0,150,221
341,357,2,1,1,1,0,0,1,0,1,1,1,0,10,221
341,261,2,0,0,1,0,0,0,0,0,0,0,0,152,221
341,453,2,1,1,1,0,0,1,0,1,1,1,0,10,221
341,69,2,0,0,1,0,0,0,0,0,0,0,0,152,221
341,309,2,1,1,1,1,1,1,0,0,0,0,0,150,221
341,501,2,1,1,1,1,1,1,0,0,0,0,0,0,221
341,117,2,1,1,1,1,1,1,0,0,0,0,0,150,221
341,405,2,1,1,1,1,1,1,0,0,0,0,0,150,221
341,21,2,1,1,1,1,1,1,0,0,0,0,0,174,221
341,213,2,1,1,1,1,1,1,0,0,0,0,0,150,221
342,342,0,1,1,1,1,1,1,0,0,0,0,0,0,157
342,343,1,1,1,1,1,1,1,0,0,0,0,0,0,157
342,340,1,1,1,1,1,1,1,0,0,0,0,0,98,157
342,338,1,1,1,1,1,1,1,0,0,0,0,0,111,157
342,350,1,1,1,1,1,1,1,0,0,0,0,0,0,157
342,326,1,1,1,1,0,0,1,0,1,1,1,0,9,157
342,374,1,1,1,1,1,1,1,0,0,0,0,0,0,157
342,278,1,1,1,1,1,1,1,0,0,0,0,0,111,157
342,470,1,1,1,1,1,1,1,0,0,0,0,0,0,157
342,86,1,1,1,1,1,1,1,0,0,0,0,0,92,157
342,341,2,1,1,1,1,1,1,0,0,0,0,0,98,157
342,339,2,1,1,1,1,1,1,0,0,0,0,0,111,157
342,351,2,1,1,1,1,1,1,0,0,0,0,0,0,157
342,327,2,1,1,1,0,0,1,0,1,1,1,0,9,157
342,375,2,1,1,1,1,1,1,0,0,0,0,0,0,157
342,279,2,1,1,1,1,1,1,0,0,0,0,0,111,157
342,471,2,1,1,1,1,1,1,0,0,0,0,0,0,157
342,87,2,1,1,1,1,1,1,0,0,0,0,0,92,157
342,336,2,1,1,1,1,1,1,0,0,0,0,0,118,157
342,348,2,1,1,1,1,1,1,0,0,0,0,0,98,157
342,324,2,0,0,1,0,0,0,0,0,0,0,0,99,157
342,372,2,1,1,1,1,1,1,0,0,0,0,0,98,157
342,276,2,1,1,1,1,1,1,0,0,0,0,0,118,157
342,468,2,1,1,1,1,1,1,0,0,0,0,0,98,157
342,84,2,1,1,1,1,1,1,0,0,0,0,0,126,157
342,346,2,1,1,1,1,1,1,0,0,0,0,0,111,157
342,322,2,1,1,1,0,0,1,0,1,1,1,0,113,157
342,370,2,1,1,1,1,1,1,0,0,0,0,0,111,157
342,274,2,1,1,1,1,1,1,0,0,0,0,0,133,157
342,466,2,1,1,1,1,1,1,0,0,0,0,0,111,157
342,82,2,1,1,1,1,1,1,0,0,0,0,0,132,157
342,334,2,1,1,1,0,0,1,0,1,1,1,0,9,157
342,382,2,1,1,1,1,1,1,0,0,0,0,0,0,157
342,286,2,1,1,1,1,1,1,0,0,0,0,0,111,157
342,478,2,1,1,1,1,1,1,0,0,0,0,0,0,157
342,94,2,1,1,1,1,1,1,0,0,0,0,0,92,157
342,358,2,1,1,1,0,0,1,0,1,1,1,0,9,157
342,262,2,0,0,1,0,0,0,0,0,0,0,0,113,157
342,454,2,1,1,1,0,0,1,0,1,1,1,0,9,157
342,70,2,0,0,1,0,0,0,0,0,0,0,0,94,157
342,310,2,1,1,1,1,1,1,0,0,0,0,0,111,157
342,502,2,1,1,1,1,1,1,0,0,0,0,0,0,157
342,118,2,1,1,1,1,1,1,0,0,0,0,0,92,157
342,406,2,1,1,1,1,1,1,0,0,0,0,0,111,157
342,22,2,1,1,1,1,1,1,0,0,0,0,0,132,157
342,214,2,1,1,1,1,1,1,0,0,0,0,0,92,157
343,343,0,1,1,1,1,1,1,0,0,0,0,0,0,222
343,342,1,1,1,1,1,1,1,0,0,0,0,0,150,222
343,341,1,1,1,1,1,1,1,0,0,0,0,0,126,222
343,339,1,1,1,1,1,1,1,0,0,0,0,0,150,222
343,351,1,1,1,1,1,1,1,0,0,0,0,0,0,222
343,327,1,1,1,1,0,0,1,0,1,1,1,0,10,222
343,375,1,1,1,1,1,1,1,0,0,0,0,0,0,222
343,279,1,1,1,1,1,1,1,0,0,0,0,0,150,222
343,471,1,1,1,1,1,1,1,0,0,0,0,0,0,222
343,87,1,1,1,1,1,1,1,0,0,0,0,0,150,222
343,340,2,1,1,1,1,1,1,0,0,0,0,0,157,222
343,338,2,1,1,1,1,1,1,0,0,0,0,0,174,222
343,350,2,1,1,1,1,1,1,0,0,0,0,0,150,222
343,326,2,1,1,1,0,0,1,0,1,1,1,0,152,222
343,374,2,1,1,1,1,1,1,0,0,0,0,0,150,222
343,278,2,1,1,1,1,1,1,0,0,0,0,0,174,222
343,470,2,1,1,1,1,1,1,0,0,0,0,0,150,222
343,86,2,1,1,1,1,1,1,0,0,0,0,0,184,222
343,337,2,1,1,1,1,1,1,0,0,0,0,0,157,222
343,349,2,1,1,1,1,1,1,0,0,0,0,0,126,222
343,325,2,1,1,1,0,0,1,0,1,1,1,0,127,222
343,373,2,1,1,1,1,1,1,0,0,0,0,0,126,222
343,277,2,1,1,1,1,1,1,0,0,0,0,0,158,222
343,469,2,1,1,1,1,1,1,0,0,0,0,0,126,222
343,85,2,1,1,1,1,1,1,0,0,0,0,0,158,222
343,347,2,1,1,1,1,1,1,0,0,0,0,0,150,222
343,323,2,1,1,1,0,0,1,0,1,1,1,0,152,222
343,371,2,1,1,1,1,1,1,0,0,0,0,0,150,222
343,275,2,1,1,1,1,1,1,0,0,0,0,0,184,222
343,467,2,1,1,1,1,1,1,0,0,0,0,0,150,222
343,83,2,1,1,1,1,1,1,0,0,0,0,0,174,222
343,335,2,1,1,1,0,0,1,0,1,1,1,0,10,222
343,383,2,1,1,1,1,1,1,0,0,0,0,0,0,222
343,287,2,1,1,1,1,1,1,0,0,0,0,0,150,222
343,479,2,1,1,1,1,1,1,0,0,0,0,0,0,222
343,95,2,1,1,1,1,1,1,0,0,0,0,0,150,222
343,359,2,1,1,1,0,0,1,0,1,1,1,0,10,222
343,263,2,0,0,1,0,0,0,0,0,0,0,0,152,222
343,455,2,1,1,1,0,0,1,0,1,1,1,0,10,222
343,71,2,0,0,1,0,0,0,0,0,0,0,0,152,222
343,311,2,1,1,1,1,1,1,0,0,0,0,0,150,222
343,503,2,1,1,1,1,1,1,0,0,0,0,0,0,222
343,119,2,1,1,1,1,1,1,0,0,0,0,0,150,222
343,407,2,1,1,1,1,1,1,0,0,0,0,0,150,222
343,23,2,1,1,1,1,1,1,0,0,0,0,0,174,222
343,215,2,1,1,1,1,1,1,0,0,0,0,0,150,222
344,344,0,1,1,1,1,1,1,0,0,0,0,0,0,44
344,345,1,1,1,1,1,1,1,0,0,0,0,0,0,44
344,346,1,1,1,1,1,1,1,0,0,0,0,0,0,44
344,348,1,1,1,1,1,1,1,0,0,0,0,0,0,44
344,336,1,1,1,1,1,1,1,0,0,0,0,0,16,44
344,328,1,0,0,1,0,0,0,0,0,0,0,0,6,44
344,376,1,1,1,1,1,1,1,0,0,0,0,0,0,44
344,280,1,1,1,1,1,1,1,0,0,0,0,0,16,44
344,472,1,1,1,1,1,1,1,0,0,0,0,0,0,44
344,88,1,1,1,1,1,1,1,0,0,0,0,0,21,44
344,347,2,1,1,1,1,1,1,0,0,0,0,0,0,44
344,349,2,1,1,1,1,1,1,0,0,0,0,0,0,44
344,337,2,1,1,1,1,1,1,0,0,0,0,0,16,44
344,329,2,0,0,1,0,0,0,0,0,0,0,0,6,44
344,377,2,1,1,1,1,1,1,0,0,0,0,0,0,44
344,281,2,1,1,1,1,1,1,0,0,0,0,0,16,44
344,473,2,1,1,1,1,1,1,0,0,0,0,0,0,44
344,89,2,1,1,1,1,1,1,0,0,0,0,0,21,44
344,350,2,1,1,1,1,1,1,0,0,0,0,0,0,44
344,338,2,1,1,1,1,1,1,0,0,0,0,0,16,44
344,330,2,1,0,1,0,0,0,0,0,0,0,0,6,44
344,378,2,1,1,1,1,1,1,0,0,0,0,0,0,44
344,282,2,1,1,1,1,1,1,0,0,0,0,0,16,44
344,474,2,1,1,1,1,1,1,0,0,0,0,0,0,44
344,90,2,1,1,1,1,1,1,0,0,0,0,0,21,44
344,340,2,1,1,1,1,1,1,0,0,0,0,0,16,44
344,332,2,1,0,1,0,0,0,0,0,0,0,0,6,44
344,380,2,1,1,1,1,1,1,0,0,0,0,0,0,44
344,284,2,1,1,1,1,1,1,0,0,0,0,0,16,44
344,476,2,1,1,1,1,1,1,0,0,0,0,0,0,44
344,92,2,1,1,1,1,1,1,0,0,0,0,0,21,44
344,320,2,0,0,1,0,0,0,0,0,0,0,0,22,44
344,368,2,1,1,1,1,1,1,0,0,0,0,0,16,44
344,272,2,1,1,1,1,1,1,0,0,0,0,0,27,44
344,464,2,1,1,1,1,1,1,0,0,0,0,0,16,44
344,80,2,1,1,1,1,1,1,0,0,0,0,0,27,44
344,360,2,1,0,1,0,0,0,0,0,0,0,0,6,44
344,264,2,0,0,1,0,0,0,0,0,0,0,0,22,44
344,456,2,0,0,1,0,0,0,0,0,0,0,0,6,44
344,72,2,0,0,1,0,0,0,0,0,0,0,0,27,44
344,312,2,1,1,1,1,1,1,0,0,0,0,0,16,44
344,504,2,1,1,1,1,1,1,0,0,0,0,0,0,44
344,120,2,1,1,1,1,1,1,0,0,0,0,0,21,44
344,408,2,1,1,1,1,1,1,0,0,0,0,0,16,44
344,24,2,1,1,1,1,1,1,0,0,0,0,0,27,44
344,216,2,1,1,1,1,1,1,0,0,0,0,0,21,44
345,345,0,1,1,1,1,1,1,0,0,0,0,0,0,71
345,344,1,1,1,1,1,1,1,0,0,0,0,0,35,71
345,347,1,1,1,1,1,1,1,0,0,0,0,0,0,71
345,349,1,1,1,1,1,1,1,0,0,0,0,0,0,71
345,337,1,1,1,1,1,1,1,0,0,0,0,0,24,71
345,329,1,0,0,1,0,0,0,0,0,0,0,0,7,71
345,377,1,1,1,1,1,1,1,0,0,0,0,0,0,71
345,281,1,1,1,1,1,1,1,0,0,0,0,0,41,71
345,473,1,1,1,1,1,1,1,0,0,0,0,0,0,71
345,89,1,1,1,1,1,1,1,0,0,0,0,0,35,71
345,346,2,1,1,1,1,1,1,0,0,0,0,0,35,71
345,348,2,1,1,1,1,1,1,0,0,0,0,0,35,71
345,336,2,1,1,1,1,1,1,0,0,0,0,0,38,71
345,328,2,0,0,1,0,0,0,0,0,0,0,0,42,71
345,376,2,1,1,1,1,1,1,0,0,0,0,0,35,71
345,280,2,1,1,1,1,1,1,0,0,0,0,0,49,71
345,472,2,1,1,1,1,1,1,0,0,0,0,0,35,71
345,88,2,1,1,1,1,1,1,0,0,0,0,0,50,71
345,351,2,1,1,1,1,1,1,0,0,0,0,0,0,71
345,339,2,1,1,1,1,1,1,0,0,0,0,0,24,71
345,331,2,1,0,1,0,0,0,0,0,0,0,0,7,71
345,379,2,1,1,1,1,1,1,0,0,0,0,0,0,71
345,283,2,1,1,1,1,1,1,0,0,0,0,0,41,71
345,475,2,1,1,1,1,1,1,0,0,0,0,0,0,71
345,91,2,1,1,1,1,1,1,0,0,0,0,0,35,71
345,341,2,1,1,1,1,1,1,0,0,0,0,0,24,71
345,333,2,1,0,1,0,0,0,0,0,0,0,0,7,71
345,381,2,1,1,1,1,1,1,0,0,0,0,0,0,71
345,285,2,1,1,1,1,1,1,0,0,0,0,0,41,71
345,477,2,1,1,1,1,1,1,0,0,0,0,0,0,71
345,93,2,1,1,1,1,1,1,0,0,0,0,0,35,71
345,321,2,0,0,1,0,0,0,0,0,0,0,0,31,71
345,369,2,1,1,1,1,1,1,0,0,0,0,0,24,71
345,273,2,1,1,1,1,1,1,0,0,0,0,0,43,71
345,465,2,1,1,1,1,1,1,0,0,0,0,0,24,71
345,81,2,1,1,1,1,1,1,0,0,0,0,0,37,71
345,361,2,1,0,1,0,0,0,0,0,0,0,0,7,71
345,265,2,0,0,1,0,0,0,0,0,0,0,0,48,71
345,457,2,0,0,1,0,0,0,0,0,0,0,0,7,71
345,73,2,0,0,1,0,0,0,0,0,0,0,0,42,71
345,313,2,1,1,1,1,1,1,0,0,0,0,0,41,71
345,505,2,1,1,1,1,1,1,0,0,0,0,0,0,71
345,121,2,1,1,1,1,1,1,0,0,0,0,0,35,71
345,409,2,1,1,1,1,1,1,0,0,0,0,0,41,71
345,25,2,1,1,1,1,1,1,0,0,0,0,0,49,71
345,217,2,1,1,1,1,1,1,0,0,0,0,0,35,71
346,346,0,1,1,1,1,1,1,0,0,0,0,0,0,110
346,347,1,1,1,1,1,1,1,0,0,0,0,0,0,110
346,344,1,1,1,1,1,1,1,0,0,0,0,0,74,110
346,350,1,1,1,1,1,1,1,0,0,0,0,0,0,110
346,338,1,1,1,1,1,1,1,0,0,0,0,0,42,110
346,330,1,1,1,1,0,0,1,0,1,1,1,0,8,110
346,378,1,1,1,1,1,1,1,0,0,0,0,0,0,110
346,282,1,1,1,1,1,1,1,0,0,0,0,0,67,110
346,474,1,1,1,1,1,1,1,0,0,0,0,0,0,110
346,90,1,1,1,1,1,1,1,0,0,0,0,0,67,110
346,345,2,1,1,1,1,1,1,0,0,0,0,0,74,110
346,351,2,1,1,1,1,1,1,0,0,0,0,0,0,110
346,339,2,1,1,1,1,1,1,0,0,0,0,0,42,110
346,331,2,1,1,1,0,0,1,0,1,1,1,0,8,110
346,379,2,1,1,1,1,1,1,0,0,0,0,0,0,110
346,283,2,1,1,1,1,1,1,0,0,0,0,0,67,110
346,475,2,1,1,1,1,1,1,0,0,0,0,0,0,110
346,91,2,1,1,1,1,1,1,0,0,0,0,0,67,110
346,348,2,1,1,1,1,1,1,0,0,0,0,0,74,110
346,336,2,1,1,1,1,1,1,0,0,0,0,0,78,110
346,328,2,0,0,1,0,0,0,0,0,0,0,0,75,110
346,376,2,1,1,1,1,1,1,0,0,0,0,0,74,110
346,280,2,1,1,1,1,1,1,0,0,0,0,0,91,110
346,472,2,1,1,1,1,1,1,0,0,0,0,0,74,110
346,88,2,1,1,1,1,1,1,0,0,0,0,0,91,110
346,342,2,1,1,1,1,1,1,0,0,0,0,0,42,110
346,334,2,1,1,1,0,0,1,0,1,1,1,0,8,110
346,382,2,1,1,1,1,1,1,0,0,0,0,0,0,110
346,286,2,1,1,1,1,1,1,0,0,0,0,0,67,110
346,478,2,1,1,1,1,1,1,0,0,0,0,0,0,110
346,94,2,1,1,1,1,1,1,0,0,0,0,0,67,110
346,322,2,1,1,1,0,0,1,0,1,1,1,0,43,110
346,370,2,1,1,1,1,1,1,0,0,0,0,0,42,110
346,274,2,1,1,1,1,1,1,0,0,0,0,0,71,110
346,466,2,1,1,1,1,1,1,0,0,0,0,0,42,110
346,82,2,1,1,1,1,1,1,0,0,0,0,0,77,110
346,362,2,1,1,1,0,0,1,0,1,1,1,0,8,110
346,266,2,1,1,1,0,0,1,0,1,1,1,0,69,110
346,458,2,1,1,1,0,0,1,0,1,1,1,0,8,110
346,74,2,0,0,1,0,0,0,0,0,0,0,0,69,110
346,314,2,1,1,1,1,1,1,0,0,0,0,0,67,110
346,506,2,1,1,1,1,1,1,0,0,0,0,0,0,110
346,122,2,1,1,1,1,1,1,0,0,0,0,0,67,110
346,410,2,1,1,1,1,1,1,0,0,0,0,0,67,110
346,26,2,1,1,1,1,1,1,0,0,0,0,0,90,110
346,218,2,1,1,1,1,1,1,0,0,0,0,0,67,110
347,347,0,1,1,1,1,1,1,0,0,0,0,0,0,158
347,346,1,1,1,1,1,1,1,0,0,0,0,0,111,158
347,345,1,1,1,1,1,1,1,0,0,0,0,0,98,158
347,351,1,1,1,1,1,1,1,0,0,0,0,0,0,158
347,339,1,1,1,1,1,1,1,0,0,0,0,0,55,158
347,331,1,1,1,1,0,0,1,0,1,1,1,0,9,158
347,379,1,1,1,1,1,1,1,0,0,0,0,0,0,158
347,283,1,1,1,1,1,1,1,0,0,0,0,0,92,158
347,475,1,1,1,1,1,1,1,0,0,0,0,0,0,158
347,91,1,1,1,1,1,1,1,0,0,0,0,0,111,158
347,344,2,1,1,1,1,1,1,0,0,0,0,0,118,158
347,350,2,1,1,1,1,1,1,0,0,0,0,0,111,158
347,338,2,1,1,1,1,1,1,0,0,0,0,0,116,158
347,330,2,1,1,1,0,0,1,0,1,1,1,0,113,158
347,378,2,1,1,1,1,1,1,0,0,0,0,0,111,158
347,282,2,1,1,1,1,1,1,0,0,0,0,0,132,158
347,474,2,1,1,1,1,1,1,0,0,0,0,0,111,158
347,90,2,1,1,1,1,1,1,0,0,0,0,0,133,158
347,349,2,1,1,1,1,1,1,0,0,0,0,0,98,158
347,337,2,1,1,1,1,1,1,0,0,0,0,0,103,158
347,329,2,0,0,1,0,0,0,0,0,0,0,0,99,158
347,377,2,1,1,1,1,1,1,0,0,0,0,0,98,158
347,281,2,1,1,1,1,1,1,0,0,0,0,0,126,158
347,473,2,1,1,1,1,1,1,0,0,0,0,0,98,158
347,89,2,1,1,1,1,1,1,0,0,0,0,0,118,158
347,343,2,1,1,1,1,1,1,0,0,0,0,0,55,158
347,335,2,1,1,1,0,0,1,0,1,1,1,0,9,158
347,383,2,1,1,1,1,1,1,0,0,0,0,0,0,158
347,287,2,1,1,1,1,1,1,0,0,0,0,0,92,158
347,479,2,1,1,1,1,1,1,0,0,0,0,0,0,158
347,95,2,1,1,1,1,1,1,0,0,0,0,0,111,158
347,323,2,1,1,1,0,0,1,0,1,1,1,0,56,158
347,371,2,1,1,1,1,1,1,0,0,0,0,0,55,158
347,275,2,1,1,1,1,1,1,0,0,0,0,0,96,158
347,467,2,1,1,1,1,1,1,0,0,0,0,0,55,158
347,83,2,1,1,1,1,1,1,0,0,0,0,0,115,158
347,363,2,1,1,1,0,0,1,0,1,1,1,0,9,158
347,267,2,1,1,1,0,0,1,0,1,1,1,0,94,158
347,459,2,1,1,1,0,0,1,0,1,1,1,0,9,158
347,75,2,0,0,1,0,0,0,0,0,0,0,0,113,158
347,315,2,1,1,1,1,1,1,0,0,0,0,0,92,158
347,507,2,1,1,1,1,1,1,0,0,0,0,0,0,158
347,123,2,1,1,1,1,1,1,0,0,0,0,0,111,158
347,411,2,1,1,1,1,1,1,0,0,0,0,0,92,158
347,27,2,1,1,1,1,1,1,0,0,0,0,0,132,158
347,219,2,1,1,1,1,1,1,0,0,0,0,0,111,158
348,348,0,1,1,1,1,1,1,0,0,0,0,0,0,157
348,349,1,1,1,1,1,1,1,0,0,0,0,0,0,157
348,350,1,1,1,1,1,1,1,0,0,0,0,0,0,157
348,344,1,1,1,1,1,1,1,0,0,0,0,0,111,157
348,340,1,1,1,1,1,1,1,0,0,0,0,0,98,157
348,332,1,1,1,1,0,0,1,0,1,1,1,0,9,157
348,380,1,1,1,1,1,1,1,0,0,0,0,0,0,157
348,284,1,1,1,1,1,1,1,0,0,0,0,0,111,157
348,476,1,1,1,1,1,1,1,0,0,0,0,0,0,157
348,92,1,1,1,1,1,1,1,0,0,0,0,0,92,157
348,351,2,1,1,1,1,1,1,0,0,0,0,0,0,157
348,345,2,1,1,1,1,1,1,0,0,0,0,0,111,157
348,341,2,1,1,1,1,1,1,0,0,0,0,0,98,157
348,333,2,1,1,1,0,0,1,0,1,1,1,0,9,157
348,381,2,1,1,1,1,1,1,0,0,0,0,0,0,157
348,285,2,1,1,1,1,1,1,0,0,0,0,0,111,157
348,477,2,1,1,1,1,1,1,0,0,0,0,0,0,157
348,93,2,1,1,1,1,1,1,0,0,0,0,0,92,157
348,346,2,1,1,1,1,1,1,0,0,0,0,0,111,157
348,342,2,1,1,1,1,1,1,0,0,0,0,0,98,157
348,334,2,1,1,1,0,0,1,0,1,1,1,0,9,157
348,382,2,1,1,1,1,1,1,0,0,0,0,0,0,157
348,286,2,1,1,1,1,1,1,0,0,0,0,0,111,157
348,478,2,1,1,1,1,1,1,0,0,0,0,0,0,157
348,94,2,1,1,1,1,1,1,0,0,0,0,0,92,157
348,336,2,1,1,1,1,1,1,0,0,0,0,0,118,157
348,328,2,0,0,1,0,0,0,0,0,0,0,0,113,157
348,376,2,1,1,1,1,1,1,0,0,0,0,0,111,157
348,280,2,1,1,1,1,1,1,0,0,0,0,0,133,157
348,472,2,1,1,1,1,1,1,0,0,0,0,0,111,157
348,88,2,1,1,1,1,1,1,0,0,0,0,0,132,157
348,324,2,0,0,1,0,0,0,0,0,0,0,0,99,157
348,372,2,1,1,1,1,1,1,0,0,0,0,0,98,157
348,276,2,1,1,1,1,1,1,0,0,0,0,0,118,157
348,468,2,1,1,1,1,1,1,0,0,0,0,0,98,157
348,84,2,1,1,1,1,1,1,0,0,0,0,0,126,157
348,364,2,1,1,1,0,0,1,0,1,1,1,0,9,157
348,268,2,1,1,1,0,0,1,0,1,1,1,0,113,157
348,460,2,1,1,1,0,0,1,0,1,1,1,0,9,157
348,76,2,0,0,1,0,0,0,0,0,0,0,0,94,157
348,316,2,1,1,1,1,1,1,0,0,0,0,0,111,157
348,508,2,1,1,1,1,1,1,0,0,0,0,0,0,157
348,124,2,1,1,1,1,1,1,0,0,0,0,0,92,157
348,412,2,1,1,1,1,1,1,0,0,0,0,0,111,157
348,28,2,1,1,1,1,1,1,0,0,0,0,0,132,157
348,220,2,1,1,1,1,1,1,0,0,0,0,0,92,157
349,349,0,1,1,1,1,1,1,0,0,0,0,0,0,222
349,348,1,1,1,1,1,1,1,0,0,0,0,0,150,222
349,351,1,1,1,1,1,1,1,0,0,0,0,0,0,222
349,345,1,1,1,1,1,1,1,0,0,0,0,0,150,222
349,341,1,1,1,1,1,1,1,0,0,0,0,0,126,222
349,333,1,1,1,1,0,0,1,0,1,1,1,0,10,222
349,381,1,1,1,1,1,1,1,0,0,0,0,0,0,222
349,285,1,1,1,1,1,1,1,0,0,0,0,0,150,222
349,477,1,1,1,1,1,1,1,0,0,0,0,0,0,222
349,93,1,1,1,1,1,1,1,0,0,0,0,0,150,222
349,350,2,1,1,1,1,1,1,0,0,0,0,0,150,222
349,344,2,1,1,1,1,1,1,0,0,0,0,0,174,222
349,340,2,1,1,1,1,1,1,0,0,0,0,0,157,222
349,332,2,1,1,1,0,0,1,0,1,1,1,0,152,222
349,380,2,1,1,1,1,1,1,0,0,0,0,0,150,222
349,284,2,1,1,1,1,1,1,0,0,0,0,0,174,222
349,476,2,1,1,1,1,1,1,0,0,0,0,0,150,222
349,92,2,1,1,1,1,1,1,0,0,0,0,0,184,222
349,347,2,1,1,1,1,1,1,0,0,0,0,0,150,222
349,343,2,1,1,1,1,1,1,0,0,0,0,0,126,222
349,335,2,1,1,1,0,0,1,0,1,1,1,0,10,222
349,383,2,1,1,1,1,1,1,0,0,0,0,0,0,222
349,287,2,1,1,1,1,1,1,0,0,0,0,0,150,222
349,479,2,1,1,1,1,1,1,0,0,0,0,0,0,222
349,95,2,1,1,1,1,1,1,0,0,0,0,0,150,222
349,337,2,1,1,1,1,1,1,0,0,0,0,0,158,222
349,329,2,0,0,1,0,0,0,0,0,0,0,0,152,222
349,377,2,1,1,1,1,1,1,0,0,0,0,0,150,222
349,281,2,1,1,1,1,1,1,0,0,0,0,0,184,222
349,473,2,1,1,1,1,1,1,0,0,0,0,0,150,222
349,89,2,1,1,1,1,1,1,0,0,0,0,0,174,222
349,325,2,1,1,1,0,0,1,0,1,1,1,0,127,222
349,373,2,1,1,1,1,1,1,0,0,0,0,0,126,222
349,277,2,1,1,1,1,1,1,0,0,0,0,0,157,222
349,469,2,1,1,1,1,1,1,0,0,0,0,0,126,222
349,85,2,1,1,1,1,1,1,0,0,0,0,0,158,222
349,365,2,1,1,1,0,0,1,0,1,1,1,0,10,222
349,269,2,1,1,1,0,0,1,0,1,1,1,0,152,222
349,461,2,1,1,1,0,0,1,0,1,1,1,0,10,222
349,77,2,0,0,1,0,0,0,0,0,0,0,0,152,222
349,317,2,1,1,1,1,1,1,0,0,0,0,0,150,222
349,509,2,1,1,1,1,1,1,0,0,0,0,0,0,222
349,125,2,1,1,1,1,1,1,0,0,0,0,0,150,222
349,413,2,1,1,1,1,1,1,0,0,0,0,0,150,222
349,29,2,1,1,1,1,1,1,0,0,0,0,0,174,222
349,221,2,1,1,1,1,1,1,0,0,0,0,0,150,222
350,350,0,1,1,1,1,1,1,0,0,0,0,0,0,158
350,351,1,1,1,1,1,1,1,0,0,0,0,0,0,158
350,348,1,1,1,1,1,1,1,0,0,0,0,0,98,158
350,346,1,1,1,1,1,1,1,0,0,0,0,0,111,158
350,342,1,1,1,1,1,1,1,0,0,0,0,0,98,158
350,334,1,1,1,1,0,0,1,0,1,1,1,0,9,158
350,382,1,1,1,1,1,1,1,0,0,0,0,0,0,158
350,286,1,1,1,1,1,1,1,0,0,0,0,0,111,158
350,478,1,1,1,1,1,1,1,0,0,0,0,0,0,158
350,94,1,1,1,1,1,1,1,0,0,0,0,0,92,158
350,349,2,1,1,1,1,1,1,0,0,0,0,0,98,158
350,347,2,1,1,1,1,1,1,0,0,0,0,0,111,158
350,343,2,1,1,1,1,1,1,0,0,0,0,0,98,158
350,335,2,1,1,1,0,0,1,0,1,1,1,0,9,158
350,383,2,1,1,1,1,1,1,0,0,0,0,0,0,158
350,287,2,1,1,1,1,1,1,0,0,0,0,0,111,158
350,479,2,1,1,1,1,1,1,0,0,0,0,0,0,158
350,95,2,1,1,1,1,1,1,0,0,0,0,0,92,158
350,344,2,1,1,1,1,1,1,0,0,0,0,0,118,158
350,340,2,1,1,1,1,1,1,0,0,0,0,0,104,158
350,332,2,1,1,1,0,0,1,0,1,1,1,0,99,158
350,380,2,1,1,1,1,1,1,0,0,0,0,0,98,158
350,284,2,1,1,1,1,1,1,0,0,0,0,0,118,158
350,476,2,1,1,1,1,1,1,0,0,0,0,0,98,158
350,92,2,1,1,1,1,1,1,0,0,0,0,0,126,158
350,338,2,1,1,1,1,1,1,0,0,0,0,0,118,158
350,330,2,1,1,1,0,0,1,0,1,1,1,0,113,158
350,378,2,1,1,1,1,1,1,0,0,0,0,0,111,158
350,282,2,1,1,1,1,1,1,0,0,0,0,0,133,158
350,474,2,1,1,1,1,1,1,0,0,0,0,0,111,158
350,90,2,1,1,1,1,1,1,0,0,0,0,0,132,158
350,326,2,1,1,1,0,0,1,0,1,1,1,0,99,158
350,374,2,1,1,1,1,1,1,0,0,0,0,0,98,158
350,278,2,1,1,1,1,1,1,0,0,0,0,0,118,158
350,470,2,1,1,1,1,1,1,0,0,0,0,0,98,158
350,86,2,1,1,1,1,1,1,0,0,0,0,0,126,158
350,366,2,1,1,1,0,0,1,0,1,1,1,0,9,158
350,270,2,1,1,1,0,0,1,0,1,1,1,0,113,158
350,462,2,1,1,1,0,0,1,0,1,1,1,0,9,158
350,78,2,0,0,1,0,0,0,0,0,0,0,0,94,158
350,318,2,1,1,1,1,1,1,0,0,0,0,0,111,158
350,510,2,1,1,1,1,1,1,0,0,0,0,0,0,158
350,126,2,1,1,1,1,1,1,0,0,0,0,0,92,158
350,414,2,1,1,1,1,1,1,0,0,0,0,0,111,158
350,30,2,1,1,1,1,1,1,0,0,0,0,0,132,158
350,222,2,1,1,1,1,1,1,0,0,0,0,0,92,158
351,351,0,1,1,1,1,1,1,0,0,0,0,0,0,223
351,350,1,1,1,1,1,1,1,0,0,0,0,0,150,223
351,349,1,1,1,1,1,1,1,0,0,0,0,0,126,223
351,347,1,1,1,1,1,1,1,0,0,0,0,0,150,223
351,343,1,1,1,1,1,1,1,0,0,0,0,0,126,223
351,335,1,1,1,1,0,0,1,0,1,1,1,0,10,223
351,383,1,1,1,1,1,1,1,0,0,0,0,0,0,223
351,287,1,1,1,1,1,1,1,0,0,0,0,0,150,223
351,479,1,1,1,1,1,1,1,0,0,0,0,0,0,223
351,95,1,1,1,1,1,1,1,0,0,0,0,0,150,223
351,348,2,1,1,1,1,1,1,0,0,0,0,0,157,223
351,346,2,1,1,1,1,1,1,0,0,0,0,0,174,223
351,342,2,1,1,1,1,1,1,0,0,0,0,0,157,223
351,334,2,1,1,1,0,0,1,0,1,1,1,0,152,223
351,382,2,1,1,1,1,1,1,0,0,0,0,0,150,223
351,286,2,1,1,1,1,1,1,0,0,0,0,0,174,223
351,478,2,1,1,1,1,1,1,0,0,0,0,0,150,223
351,94,2,1,1,1,1,1,1,0,0,0,0,0,184,223
351,345,2,1,1,1,1,1,1,0,0,0,0,0,157,223
351,341,2,1,1,1,1,1,1,0,0,0,0,0,133,223
351,333,2,1,1,1,0,0,1,0,1,1,1,0,127,223
351,381,2,1,1,1,1,1,1,0,0,0,0,0,126,223
351,285,2,1,1,1,1,1,1,0,0,0,0,0,158,223
351,477,2,1,1,1,1,1,1,0,0,0,0,0,126,223
351,93,2,1,1,1,1,1,1,0,0,0,0,0,158,223
351,339,2,1,1,1,1,1,1,0,0,0,0,0,158,223
351,331,2,1,1,1,0,0,1,0,1,1,1,0,152,223
351,379,2,1,1,1,1,1,1,0,0,0,0,0,150,223
351,283,2,1,1,1,1,1,1,0,0,0,0,0,184,223
351,475,2,1,1,1,1,1,1,0,0,0,0,0,150,223
351,91,2,1,1,1,1,1,1,0,0,0,0,0,174,223
351,327,2,1,1,1,0,0,1,0,1,1,1,0,127,223
351,375,2,1,1,1,1,1,1,0,0,0,0,0,126,223
351,279,2,1,1,1,1,1,1,0,0,0,0,0,157,223
351,471,2,1,1,1,1,1,1,0,0,0,0,0,126,223
351,87,2,1,1,1,1,1,1,0,0,0,0,0,158,223
351,367,2,1,1,1,0,0,1,0,1,1,1,0,10,223
351,271,2,1,1,1,0,0,1,0,1,1,1,0,152,223
351,463,2,1,1,1,0,0,1,0,1,1,1,0,10,223
351,79,2,0,0,1,0,0,0,0,0,0,0,0,152,223
351,319,2,1,1,1,1,1,1,0,0,0,0,0,150,223
351,511,2,1,1,1,1,1,1,0,0,0,0,0,0,223
351,127,2,1,1,1,1,1,1,0,0,0,0,0,150,223
351,415,2,1,1,1,1,1,1,0,0,0,0,0,150,223
351,31,2,1,1,1,1,1,1,0,0,0,0,0,174,223
351,223,2,1,1,1,1,1,1,0,0,0,0,0,150,223
353,353,0,1,1,1,1,1,1,0,0,0,0,0,0,156
353,352,1,0,0,1,0,0,0,0,0,0,0,0,111,156
353,355,1,1,1,1,1,1,1,0,0,0,0,0,0,156
353,357,1,1,1,1,1,1,1,0,0,0,0,0,0,156
353,361,1,1,1,1,1,1,1,0,0,0,0,0,0,156
353,369,1,1,1,1,1,1,1,0,0,0,0,0,0,156
353,321,1,0,0,1,0,0,0,0,0,0,0,0,98,156
353,289,1,0,0,1,0,0,0,0,0,0,0,0,92,156
353,481,1,1,1,1,1,1,1,0,0,0,0,0,0,156
353,97,1,1,1,1,1,1,1,0,0,0,0,0,111,156
353,354,2,1,0,1,0,0,0,0,0,0,0,0,111,156
353,356,2,0,0,1,0,0,0,0,0,0,0,0,111,156
353,360,2,1,0,1,0,0,0,0,0,0,0,0,111,156
353,368,2,1,0,1,0,0,0,0,0,0,0,0,111,156
353,320,2,0,0,1,0,0,0,0,0,0,0,0,118,156
353,288,2,0,0,1,0,0,0,0,0,0,0,0,132,156
353,480,2,0,0,1,0,0,0,0,0,0,0,0,111,156
353,96,2,0,0,1,0,0,0,0,0,0,0,0,133,156
353,359,2,1,1,1,1,1,1,0,0,0,0,0,0,156
353,363,2,1,1,1,1,1,1,0,0,0,0,0,0,156
353,371,2,1,1,1,1,1,1,0,0,0,0,0,0,156
353,323,2,1,0,1,0,0,0,0,0,0,0,0,98,156
353,291,2,0,0,1,0,0,0,0,0,0,0,0,92,156
353,483,2,1,1,1,1,1,1,0,0,0,0,0,0,156
353,99,2,1,1,1,1,1,1,0,0,0,0,0,111,156
353,365,2,1,1,1,1,1,1,0,0,0,0,0,0,156
353,373,2,1,1,1,1,1,1,0,0,0,0,0,0,156
353,325,2,1,0,1,0,0,0,0,0,0,0,0,98,156
353,293,2,0,0,1,0,0,0,0,0,0,0,0,92,156
353,485,2,1,1,1,1,1,1,0,0,0,0,0,0,156
353,101,2,1,1,1,1,1,1,0,0,0,0,0,111,156
353,377,2,1,1,1,1,1,1,0,0,0,0,0,0,156
353,329,2,0,0,1,0,0,0,0,0,0,0,0,98,156
353,297,2,1,0,1,0,0,0,0,0,0,0,0,92,156
353,489,2,1,1,1,1,1,1,0,0,0,0,0,0,156
353,105,2,1,1,1,1,1,1,0,0,0,0,0,111,156
353,337,2,1,0,1,0,0,0,0,0,0,0,0,98,156
353,305,2,1,0,1,0,0,0,0,0,0,0,0,92,156
353,497,2,1,1,1,1,1,1,0,0,0,0,0,0,156
353,113,2,1,1,1,1,1,1,0,0,0,0,0,111,156
353,257,2,0,0,1,0,0,0,0,0,0,0,0,126,156
353,449,2,0,0,1,0,0,0,0,0,0,0,0,98,156
353,65,2,0,0,1,0,0,0,0,0,0,0,0,118,156
353,417,2,1,0,1,0,0,0,0,0,0,0,0,92,156
353,33,2,0,0,1,0,0,0,0,0,0,0,0,132,156
353,225,2,1,1,1,1,1,1,0,0,0,0,0,111,156
354,354,0,1,1,1,1,1,1,0,0,0,0,0,0,109
354,355,1,1,1,1,1,1,1,0,0,0,0,0,0,109
354,352,1,0,0,1,0,0,0,0,0,0,0,0,74,109
354,358,1,1,1,1,1,1,1,0,0,0,0,0,0,109
354,362,1,1,1,1,1,1,1,0,0,0,0,0,0,109
354,370,1,1,1,1,1,1,1,0,0,0,0,0,0,109
354,322,1,1,1,1,0,0,1,0,1,1,1,0,42,109
354,290,1,0,0,1,0,0,0,0,0,0,0,0,67,109
354,482,1,1,1,1,1,1,1,0,0,0,0,0,0,109
354,98,1,1,1,1,1,1,1,0,0,0,0,0,67,109
354,353,2,1,0,1,0,0,0,0,0,0,0,0,74,109
354,359,2,1,1,1,1,1,1,0,0,0,0,0,0,109
354,363,2,1,1,1,1,1,1,0,0,0,0,0,0,109
354,371,2,1,1,1,1,1,1,0,0,0,0,0,0,109
354,323,2,1,1,1,0,0,1,0,1,1,1,0,42,109
354,291,2,0,0,1,0,0,0,0,0,0,0,0,67,109
354,483,2,1,1,1,1,1,1,0,0,0,0,0,0,109
354,99,2,1,1,1,1,1,1,0,0,0,0,0,67,109
354,356,2,0,0,1,0,0,0,0,0,0,0,0,74,109
354,360,2,1,0,1,0,0,0,0,0,0,0,0,74,109
354,368,2,1,0,1,0,0,0,0,0,0,0,0,74,109
354,320,2,0,0,1,0,0,0,0,0,0,0,0,78,109
354,288,2,0,0,1,0,0,0,0,0,0,0,0,91,109
354,480,2,0,0,1,0,0,0,0,0,0,0,0,74,109
354,96,2,0,0,1,0,0,0,0,0,0,0,0,91,109
354,366,2,1,1,1,1,1,1,0,0,0,0,0,0,109
354,374,2,1,1,1,1,1,1,0,0,0,0,0,0,109
354,326,2,1,1,1,0,0,1,0,1,1,1,0,42,109
354,294,2,0,0,1,0,0,0,0,0,0,0,0,67,109
354,486,2,1,1,1,1,1,1,0,0,0,0,0,0,109
354,102,2,1,1,1,1,1,1,0,0,0,0,0,67,109
354,378,2,1,1,1,1,1,1,0,0,0,0,0,0,109
354,330,2,1,1,1,0,0,1,0,1,1,1,0,42,109
354,298,2,1,0,1,0,0,0,0,0,0,0,0,67,109
354,490,2,1,1,1,1,1,1,0,0,0,0,0,0,109
354,106,2,1,1,1,1,1,1,0,0,0,0,0,67,109
354,338,2,1,1,1,0,0,1,0,1,1,1,0,42,109
354,306,2,1,0,1,0,0,0,0,0,0,0,0,67,109
354,498,2,1,1,1,1,1,1,0,0,0,0,0,0,109
354,114,2,1,1,1,1,1,1,0,0,0,0,0,67,109
354,258,2,0,0,1,0,0,0,0,0,0,0,0,77,109
354,450,2,1,1,1,0,0,1,0,1,1,1,0,42,109
354,66,2,0,0,1,0,0,0,0,0,0,0,0,71,109
354,418,2,1,0,1,0,0,0,0,0,0,0,0,67,109
354,34,2,0,0,1,0,0,0,0,0,0,0,0,90,109
354,226,2,1,1,1,1,1,1,0,0,0,0,0,67,109
355,355,0,1,1,1,1,1,1,0,0,0,0,0,0,157
355,354,1,1,1,1,1,1,1,0,0,0,0,0,111,157
355,353,1,1,1,1,0,0,1,0,1,1,1,0,98,157
355,359,1,1,1,1,1,1,1,0,0,0,0,0,0,157
355,363,1,1,1,1,1,1,1,0,0,0,0,0,0,157
355,371,1,1,1,1,1,1,1,0,0,0,0,0,0,157
355,323,1,1,1,1,0,0,1,0,1,1,1,0,98,157
355,291,1,0,0,1,0,0,0,0,0,0,0,0,92,157
355,483,1,1,1,1,1,1,1,0,0,0,0,0,0,157
355,99,1,1,1,1,1,1,1,0,0,0,0,0,111,157
355,352,2,0,0,1,0,0,0,0,0,0,0,0,118,157
355,358,2,1,1,1,1,1,1,0,0,0,0,0,111,157
355,362,2,1,1,1,1,1,1,0,0,0,0,0,111,157
355,370,2,1,1,1,1,1,1,0,0,0,0,0,111,157
355,322,2,1,1,1,0,0,1,0,1,1,1,0,118,157
355,290,2,0,0,1,0,0,0,0,0,0,0,0,132,157
355,482,2,1,1,1,1,1,1,0,0,0,0,0,111,157
355,98,2,1,1,1,1,1,1,0,0,0,0,0,133,157
355,357,2,1,1,1,0,0,1,0,1,1,1,0,98,157
355,361,2,1,1,1,0,0,1,0,1,1,1,0,98,157
355,369,2,1,1,1,0,0,1,0,1,1,1,0,98,157
355,321,2,0,0,1,0,0,0,0,0,0,0,0,104,157
355,289,2,0,0,1,0,0,0,0,0,0,0,0,126,157
355,481,2,1,1,1,0,0,1,0,1,1,1,0,98,157
355,97,2,1,1,1,0,0,1,0,1,1,1,0,118,157
355,367,2,1,1,1,1,1,1,0,0,0,0,0,0,157
355,375,2,1,1,1,1,1,1,0,0,0,0,0,0,157
355,327,2,1,1,1,0,0,1,0,1,1,1,0,98,157
355,295,2,0,0,1,0,0,0,0,0,0,0,0,92,157
355,487,2,1,1,1,1,1,1,0,0,0,0,0,0,157
355,103,2,1,1,1,1,1,1,0,0,0,0,0,111,157
355,379,2,1,1,1,1,1,1,0,0,0,0,0,0,157
355,331,2,1,1,1,0,0,1,0,1,1,1,0,98,157
355,299,2,1,0,1,0,0,0,0,0,0,0,0,92,157
355,491,2,1,1,1,1,1,1,0,0,0,0,0,0,157
355,107,2,1,1,1,1,1,1,0,0,0,0,0,111,157
355,339,2,1,1,1,0,0,1,0,1,1,1,0,98,157
355,307,2,1,0,1,0,0,0,0,0,0,0,0,92,157
355,499,2,1,1,1,1,1,1,0,0,0,0,0,0,157
355,115,2,1,1,1,1,1,1,0,0,0,0,0,111,157
355,259,2,0,0,1,0,0,0,0,0,0,0,0,126,157
355,451,2,1,1,1,0,0,1,0,1,1,1,0,98,157
355,67,2,0,0,1,0,0,0,0,0,0,0,0,118,157
355,419,2,1,0,1,0,0,0,0,0,0,0,0,92,157
355,35,2,0,0,1,0,0,0,0,0,0,0,0,132,157
355,227,2,1,1,1,1,1,1,0,0,0,0,0,111,157
357,357,0,1,1,1,1,1,1,0,0,0,0,0,0,221
357,356,1,0,0,1,0,0,0,0,0,0,0,0,150,221
357,359,1,1,1,1,1,1,1,0,0,0,0,0,0,221
357,353,1,1,1,1,0,0,1,0,1,1,1,0,150,221
357,365,1,1,1,1,1,1,1,0,0,0,0,0,0,221
357,373,1,1,1,1,1,1,1,0,0,0,0,0,0,221
357,325,1,1,1,1,0,0,1,0,1,1,1,0,126,221
357,293,1,0,0,1,0,0,0,0,0,0,0,0,150,221
357,485,1,1,1,1,1,1,1,0,0,0,0,0,0,221
357,101,1,1,1,1,1,1,1,0,0,0,0,0,150,221
357,358,2,1,0,1,0,0,0,0,0,0,0,0,150,221
357,352,2,0,0,1,0,0,0,0,0,0,0,0,174,221
357,364,2,1,0,1,0,0,0,0,0,0,0,0,150,221
357,372,2,1,0,1,0,0,0,0,0,0,0,0,150,221
357,324,2,0,0,1,0,0,0,0,0,0,0,0,158,221
357,292,2,0,0,1,0,0,0,0,0,0,0,0,174,221
357,484,2,0,0,1,0,0,0,0,0,0,0,0,150,221
357,100,2,0,0,1,0,0,0,0,0,0,0,0,184,221
357,355,2,1,1,1,0,0,1,0,1,1,1,0,150,221
357,367,2,1,1,1,1,1,1,0,0,0,0,0,0,221
357,375,2,1,1,1,1,1,1,0,0,0,0,0,0,221
357,327,2,1,1,1,0,0,1,0,1,1,1,0,126,221
357,295,2,0,0,1,0,0,0,0,0,0,0,0,150,221
357,487,2,1,1,1,1,1,1,0,0,0,0,0,0,221
357,103,2,1,1,1,1,1,1,0,0,0,0,0,150,221
357,361,2,1,1,1,0,0,1,0,1,1,1,0,150,221
357,369,2,1,1,1,0,0,1,0,1,1,1,0,150,221
357,321,2,0,0,1,0,0,0,0,0,0,0,0,157,221
357,289,2,0,0,1,0,0,0,0,0,0,0,0,184,221
357,481,2,1,1,1,0,0,1,0,1,1,1,0,150,221
357,97,2,1,1,1,0,0,1,0,1,1,1,0,174,221
357,381,2,1,1,1,1,1,1,0,0,0,0,0,0,221
357,333,2,1,1,1,0,0,1,0,1,1,1,0,126,221
357,301,2,1,0,1,0,0,0,0,0,0,0,0,150,221
357,493,2,1,1,1,1,1,1,0,0,0,0,0,0,221
357,109,2,1,1,1,1,1,1,0,0,0,0,0,150,221
357,341,2,1,1,1,0,0,1,0,1,1,1,0,126,221
357,309,2,1,0,1,0,0,0,0,0,0,0,0,150,221
357,501,2,1,1,1,1,1,1,0,0,0,0,0,0,221
357,117,2,1,1,1,1,1,1,0,0,0,0,0,150,221
357,261,2,0,0,1,0,0,0,0,0,0,0,0,158,221
357,453,2,1,1,1,0,0,1,0,1,1,1,0,126,221
357,69,2,0,0,1,0,0,0,0,0,0,0,0,157,221
357,421,2,1,0,1,0,0,0,0,0,0,0,0,150,221
357,37,2,0,0,1,0,0,0,0,0,0,0,0,174,221
357,229,2,1,1,1,1,1,1,0,0,0,0,0,150,221
358,358,0,1,1,1,1,1,1,0,0,0,0,0,0,157
358,359,1,1,1,1,1,1,1,0,0,0,0,0,0,157
358,356,1,0,0,1,0,0,0,0,0,0,0,0,98,157
358,354,1,1,1,1,1,1,1,0,0,0,0,0,111,157
358,366,1,1,1,1,1,1,1,0,0,0,0,0,0,157
358,374,1,1,1,1,1,1,1,0,0,0,0,0,0,157
358,326,1,1,1,1,0,0,1,0,1,1,1,0,55,157
358,294,1,0,0,1,0,0,0,0,0,0,0,0,111,157
358,486,1,1,1,1,1,1,1,0,0,0,0,0,0,157
358,102,1,1,1,1,1,1,1,0,0,0,0,0,92,157
358,357,2,1,0,1,0,0,0,0,0,0,0,0,98,157
358,355,2,1,1,1,1,1,1,0,0,0,0,0,111,157
358,367,2,1,1,1,1,1,1,0,0,0,0,0,0,157
358,375,2,1,1,1,1,1,1,0,0,0,0,0,0,157
358,327,2,1,1,1,0,0,1,0,1,1,1,0,55,157
358,295,2,0,0,1,0,0,0,0,0,0,0,0,111,157
358,487,2,1,1,1,1,1,1,0,0,0,0,0,0,157
358,103,2,1,1,1,1,1,1,0,0,0,0,0,92,157
358,352,2,0,0,1,0,0,0,0,0,0,0,0,118,157
358,364,2,1,0,1,0,0,0,0,0,0,0,0,98,157
358,372,2,1,0,1,0,0,0,0,0,0,0,0,98,157
358,324,2,0,0,1,0,0,0,0,0,0,0,0,103,157
358,292,2,0,0,1,0,0,0,0,0,0,0,0,118,157
358,484,2,0,0,1,0,0,0,0,0,0,0,0,98,157
358,100,2,0,0,1,0,0,0,0,0,0,0,0,126,157
358,362,2,1,1,1,1,1,1,0,0,0,0,0,111,157
358,370,2,1,1,1,1,1,1,0,0,0,0,0,111,157
358,322,2,1,1,1,0,0,1,0,1,1,1,0,116,157
358,290,2,0,0,1,0,0,0,0,0,0,0,0,133,157
358,482,2,1,1,1,1,1,1,0,0,0,0,0,111,157
358,98,2,1,1,1,1,1,1,0,0,0,0,0,132,157
358,382,2,1,1,1,1,1,1,0,0,0,0,0,0,157
358,334,2,1,1,1,0,0,1,0,1,1,1,0,55,157
358,302,2,1,0,1,0,0,0,0,0,0,0,0,111,157
358,494,2,1,1,1,1,1,1,0,0,0,0,0,0,157
358,110,2,1,1,1,1,1,1,0,0,0,0,0,92,157
358,342,2,1,1,1,0,0,1,0,1,1,1,0,55,157
358,310,2,1,0,1,0,0,0,0,0,0,0,0,111,157
358,502,2,1,1,1,1,1,1,0,0,0,0,0,0,157
358,118,2,1,1,1,1,1,1,0,0,0,0,0,92,157
358,262,2,0,0,1,0,0,0,0,0,0,0,0,115,157
358,454,2,1,1,1,0,0,1,0,1,1,1,0,55,157
358,70,2,0,0,1,0,0,0,0,0,0,0,0,96,157
358,422,2,1,0,1,0,0,0,0,0,0,0,0,111,157
358,38,2,0,0,1,0,0,0,0,0,0,0,0,132,157
358,230,2,1,1,1,1,1,1,0,0,0,0,0,92,157
359,359,0,1,1,1,1,1,1,0,0,0,0,0,0,222
359,358,1,1,1,1,1,1,1,0,0,0,0,0,150,222
359,357,1,1,1,1,0,0,1,0,1,1,1,0,126,222
359,355,1,1,1,1,1,1,1,0,0,0,0,0,150,222
359,367,1,1,1,1,1,1,1,0,0,0,0,0,0,222
359,375,1,1,1,1,1,1,1,0,0,0,0,0,0,222
359,327,1,1,1,1,0,0,1,0,1,1,1,0,126,222
359,295,1,0,0,1,0,0,0,0,0,0,0,0,150,222
359,487,1,1,1,1,1,1,1,0,0,0,0,0,0,222
359,103,1,1,1,1,1,1,1,0,0,0,0,0,150,222
359,356,2,0,0,1,0,0,0,0,0,0,0,0,157,222
359,354,2,1,1,1,1,1,1,0,0,0,0,0,174,222
359,366,2,1,1,1,1,1,1,0,0,0,0,0,150,222
359,374,2,1,1,1,1,1,1,0,0,0,0,0,150,222
359,326,2,1,1,1,0,0,1,0,1,1,1,0,158,222
359,294,2,0,0,1,0,0,0,0,0,0,0,0,174,222
359,486,2,1,1,1,1,1,1,0,0,0,0,0,150,222
359,102,2,1,1,1,1,1,1,0,0,0,0,0,184,222
359,353,2,1,1,1,0,0,1,0,1,1,1,0,157,222
359,365,2,1,1,1,0,0,1,0,1,1,1,0,126,222
359,373,2,1,1,1,0,0,1,0,1,1,1,0,126,222
359,325,2,1,1,1,0,0,1,0,1,1,1,0,133,222
359,293,2,0,0,1,0,0,0,0,0,0,0,0,158,222
359,485,2,1,1,1,0,0,1,0,1,1,1,0,126,222
359,101,2,1,1,1,0,0,1,0,1,1,1,0,158,222
359,363,2,1,1,1,1,1,1,0,0,0,0,0,150,222
359,371,2,1,1,1,1,1,1,0,0,0,0,0,150,222
359,323,2,1,1,1,0,0,1,0,1,1,1,0,157,222
359,291,2,0,0,1,0,0,0,0,0,0,0,0,184,222
359,483,2,1,1,1,1,1,1,0,0,0,0,0,150,222
359,99,2,1,1,1,1,1,1,0,0,0,0,0,174,222
359,383,2,1,1,1,1,1,1,0,0,0,0,0,0,222
359,335,2,1,1,1,0,0,1,0,1,1,1,0,126,222
359,303,2,1,0,1,0,0,0,0,0,0,0,0,150,222
359,495,2,1,1,1,1,1,1,0,0,0,0,0,0,222
359,111,2,1,1,1,1,1,1,0,0,0,0,0,150,222
359,343,2,1,1,1,0,0,1,0,1,1,1,0,126,222
359,311,2,1,0,1,0,0,0,0,0,0,0,0,150,222
359,503,2,1,1,1,1,1,1,0,0,0,0,0,0,222
359,119,2,1,1,1,1,1,1,0,0,0,0,0,150,222
359,263,2,0,0,1,0,0,0,0,0,0,0,0,158,222
359,455,2,1,1,1,0,0,1,0,1,1,1,0,126,222
359,71,2,0,0,1,0,0,0,0,0,0,0,0,157,222
359,423,2,1,0,1,0,0,0,0,0,0,0,0,150,222
359,39,2,0,0,1,0,0,0,0,0,0,0,0,174,222
359,231,2,1,1,1,1,1,1,0,0,0,0,0,150,222
360,360,0,1,1,1,1,1,1,0,0,0,0,0,0,70
360,361,1,1,1,1,1,1,1,0,0,0,0,0,0,70
360,362,1,1,1,1,1,1,1,0,0,0,0,0,0,70
360,364,1,1,1,1,1,1,1,0,0,0,0,0,0,70
360,352,1,0,0,1,0,0,0,0,0,0,0,0,31,70
360,376,1,1,1,1,1,1,1,0,0,0,0,0,0,70
360,328,1,0,0,1,0,0,0,0,0,0,0,0,31,70
360,296,1,1,1,1,1,1,1,0,0,0,0,0,25,70
360,488,1,1,1,1,1,1,1,0,0,0,0,0,0,70
360,104,1,1,1,1,1,1,1,0,0,0,0,0,25,70
360,363,2,1,1,1,1,1,1,0,0,0,0,0,0,70
360,365,2,1,1,1,1,1,1,0,0,0,0,0,0,70
360,353,2,1,0,1,0,0,0,0,0,0,0,0,31,70
360,377,2,1,1,1,1,1,1,0,0,0,0,0,0,70
360,329,2,0,0,1,0,0,0,0,0,0,0,0,31,70
360,297,2,1,1,1,1,1,1,0,0,0,0,0,25,70
360,489,2,1,1,1,1,1,1,0,0,0,0,0,0,70
360,105,2,1,1,1,1,1,1,0,0,0,0,0,25,70
360,366,2,1,1,1,1,1,1,0,0,0,0,0,0,70
360,354,2,1,0,1,0,0,0,0,0,0,0,0,31,70
360,378,2,1,1,1,1,1,1,0,0,0,0,0,0,70
360,330,2,1,0,1,0,0,0,0,0,0,0,0,31,70
360,298,2,1,1,1,1,1,1,0,0,0,0,0,25,70
360,490,2,1,1,1,1,1,1,0,0,0,0,0,0,70
360,106,2,1,1,1,1,1,1,0,0,0,0,0,25,70
360,356,2,0,0,1,0,0,0,0,0,0,0,0,31,70
360,380,2,1,1,1,1,1,1,0,0,0,0,0,0,70
360,332,2,1,0,1,0,0,0,0,0,0,0,0,31,70
360,300,2,1,1,1,1,1,1,0,0,0,0,0,25,70
360,492,2,1,1,1,1,1,1,0,0,0,0,0,0,70
360,108,2,1,1,1,1,1,1,0,0,0,0,0,25,70
360,368,2,1,0,1,0,0,0,0,0,0,0,0,31,70
360,320,2,0,0,1,0,0,0,0,0,0,0,0,44,70
360,288,2,0,0,1,0,0,0,0,0,0,0,0,50,70
360,480,2,0,0,1,0,0,0,0,0,0,0,0,31,70
360,96,2,0,0,1,0,0,0,0,0,0,0,0,44,70
360,344,2,1,0,1,0,0,0,0,0,0,0,0,31,70
360,312,2,1,1,1,1,1,1,0,0,0,0,0,25,70
360,504,2,1,1,1,1,1,1,0,0,0,0,0,0,70
360,120,2,1,1,1,1,1,1,0,0,0,0,0,25,70
360,264,2,0,0,1,0,0,0,0,0,0,0,0,44,70
360,456,2,0,0,1,0,0,0,0,0,0,0,0,31,70
360,72,2,0,0,1,0,0,0,0,0,0,0,0,50,70
360,424,2,1,1,1,1,1,1,0,0,0,0,0,25,70
360,40,2,1,1,1,1,1,1,0,0,0,0,0,38,70
360,232,2,1,1,1,1,1,1,0,0,0,0,0,25,70
361,361,0,1,1,1,1,1,1,0,0,0,0,0,0,157
361,360,1,1,1,1,1,1,1,0,0,0,0,0,111,157
361,363,1,1,1,1,1,1,1,0,0,0,0,0,0,157
361,365,1,1,1,1,1,1,1,0,0,0,0,0,0,157
361,353,1,1,1,1,0,0,1,0,1,1,1,0,55,157
361,377,1,1,1,1,1,1,1,0,0,0,0,0,0,157
361,329,1,0,0,1,0,0,0,0,0,0,0,0,98,157
361,297,1,1,1,1,1,1,1,0,0,0,0,0,92,157
361,489,1,1,1,1,1,1,1,0,0,0,0,0,0,157
361,105,1,1,1,1,1,1,1,0,0,0,0,0,111,157
361,362,2,1,1,1,1,1,1,0,0,0,0,0,111,157
361,364,2,1,1,1,1,1,1,0,0,0,0,0,111,157
361,352,2,0,0,1,0,0,0,0,0,0,0,0,116,157
361,376,2,1,1,1,1,1,1,0,0,0,0,0,111,157
361,328,2,0,0,1,0,0,0,0,0,0,0,0,118,157
361,296,2,1,1,1,1,1,1,0,0,0,0,0,132,157
361,488,2,1,1,1,1,1,1,0,0,0,0,0,111,157
361,104,2,1,1,1,1,1,1,0,0,0,0,0,133,157
361,367,2,1,1,1,1,1,1,0,0,0,0,0,0,157
361,355,2,1,1,1,0,0,1,0,1,1,1,0,55,157
361,379,2,1,1,1,1,1,1,0,0,0,0,0,0,157
361,331,2,1,0,1,0,0,0,0,0,0,0,0,98,157
361,299,2,1,1,1,1,1,1,0,0,0,0,0,92,157
361,491,2,1,1,1,1,1,1,0,0,0,0,0,0,157
361,107,2,1,1,1,1,1,1,0,0,0,0,0,111,157
361,357,2,1,1,1,0,0,1,0,1,1,1,0,55,157
361,381,2,1,1,1,1,1,1,0,0,0,0,0,0,157
361,333,2,1,0,1,0,0,0,0,0,0,0,0,98,157
361,301,2,1,1,1,1,1,1,0,0,0,0,0,92,157
361,493,2,1,1,1,1,1,1,0,0,0,0,0,0,157
361,109,2,1,1,1,1,1,1,0,0,0,0,0,111,157
361,369,2,1,1,1,0,0,1,0,1,1,1,0,55,157
361,321,2,0,0,1,0,0,0,0,0,0,0,0,102,157
361,289,2,0,0,1,0,0,0,0,0,0,0,0,96,157
361,481,2,1,1,1,0,0,1,0,1,1,1,0,55,157
361,97,2,1,1,1,0,0,1,0,1,1,1,0,115,157
361,345,2,1,0,1,0,0,0,0,0,0,0,0,98,157
361,313,2,1,1,1,1,1,1,0,0,0,0,0,92,157
361,505,2,1,1,1,1,1,1,0,0,0,0,0,0,157
361,121,2,1,1,1,1,1,1,0,0,0,0,0,111,157
361,265,2,0,0,1,0,0,0,0,0,0,0,0,126,157
361,457,2,0,0,1,0,0,0,0,0,0,0,0,98,157
361,73,2,0,0,1,0,0,0,0,0,0,0,0,118,157
361,425,2,1,1,1,1,1,1,0,0,0,0,0,92,157
361,41,2,1,1,1,1,1,1,0,0,0,0,0,132,157
361,233,2,1,1,1,1,1,1,0,0,0,0,0,111,157
362,362,0,1,1,1,1,1,1,0,0,0,0,0,0,110
362,363,1,1,1,1,1,1,1,0,0,0,0,0,0,110
362,360,1,1,1,1,1,1,1,0,0,0,0,0,74,110
362,366,1,1,1,1,1,1,1,0,0,0,0,0,0,110
362,354,1,1,1,1,0,0,1,0,1,1,1,0,42,110
362,378,1,1,1,1,1,1,1,0,0,0,0,0,0,110
362,330,1,1,1,1,0,0,1,0,1,1,1,0,42,110
362,298,1,1,1,1,1,1,1,0,0,0,0,0,67,110
362,490,1,1,1,1,1,1,1,0,0,0,0,0,0,110
362,106,1,1,1,1,1,1,1,0,0,0,0,0,67,110
362,361,2,1,1,1,1,1,1,0,0,0,0,0,74,110
362,367,2,1,1,1,1,1,1,0,0,0,0,0,0,110
362,355,2,1,1,1,0,0,1,0,1,1,1,0,42,110
362,379,2,1,1,1,1,1,1,0,0,0,0,0,0,110
362,331,2,1,1,1,0,0,1,0,1,1,1,0,42,110
362,299,2,1,1,1,1,1,1,0,0,0,0,0,67,110
362,491,2,1,1,1,1,1,1,0,0,0,0,0,0,110
362,107,2,1,1,1,1,1,1,0,0,0,0,0,67,110
362,364,2,1,1,1,1,1,1,0,0,0,0,0,74,110
362,352,2,0,0,1,0,0,0,0,0,0,0,0,78,110
362,376,2,1,1,1,1,1,1,0,0,0,0,0,74,110
362,328,2,0,0,1,0,0,0,0,0,0,0,0,78,110
362,296,2,1,1,1,1,1,1,0,0,0,0,0,91,110
362,488,2,1,1,1,1,1,1,0,0,0,0,0,74,110
362,104,2,1,1,1,1,1,1,0,0,0,0,0,91,110
362,358,2,1,1,1,0,0,1,0,1,1,1,0,42,110
362,382,2,1,1,1,1,1,1,0,0,0,0,0,0,110
362,334,2,1,1,1,0,0,1,0,1,1,1,0,42,110
362,302,2,1,1,1,1,1,1,0,0,0,0,0,67,110
362,494,2,1,1,1,1,1,1,0,0,0,0,0,0,110
362,110,2,1,1,1,1,1,1,0,0,0,0,0,67,110
362,370,2,1,1,1,0,0,1,0,1,1,1,0,42,110
362,322,2,1,1,1,0,0,1,0,1,1,1,0,57,110
362,290,2,0,0,1,0,0,0,0,0,0,0,0,71,110
362,482,2,1,1,1,0,0,1,0,1,1,1,0,42,110
362,98,2,1,1,1,0,0,1,0,1,1,1,0,77,110
362,346,2,1,1,1,0,0,1,0,1,1,1,0,42,110
362,314,2,1,1,1,1,1,1,0,0,0,0,0,67,110
362,506,2,1,1,1,1,1,1,0,0,0,0,0,0,110
362,122,2,1,1,1,1,1,1,0,0,0,0,0,67,110
362,266,2,1,1,1,0,0,1,0,1,1,1,0,77,110
362,458,2,1,1,1,0,0,1,0,1,1,1,0,42,110
362,74,2,0,0,1,0,0,0,0,0,0,0,0,71,110
362,426,2,1,1,1,1,1,1,0,0,0,0,0,67,110
362,42,2,1,1,1,1,1,1,0,0,0,0,0,90,110
362,234,2,1,1,1,1,1,1,0,0,0,0,0,67,110
363,363,0,1,1,1,1,1,1,0,0,0,0,0,0,158
363,362,1,1,1,1,1,1,1,0,0,0,0,0,111,158
363,361,1,1,1,1,1,1,1,0,0,0,0,0,98,158
363,367,1,1,1,1,1,1,1,0,0,0,0,0,0,158
363,355,1,1,1,1,0,0,1,0,1,1,1,0,55,158
363,379,1,1,1,1,1,1,1,0,0,0,0,0,0,158
363,331,1,1,1,1,0,0,1,0,1,1,1,0,98,158
363,299,1,1,1,1,1,1,1,0,0,0,0,0,92,158
363,491,1,1,1,1,1,1,1,0,0,0,0,0,0,158
363,107,1,1,1,1,1,1,1,0,0,0,0,0,111,158
363,360,2,1,1,1,1,1,1,0,0,0,0,0,118,158
363,366,2,1,1,1,1,1,1,0,0,0,0,0,111,158
363,354,2,1,1,1,0,0,1,0,1,1,1,0,116,158
363,378,2,1,1,1,1,1,1,0,0,0,0,0,111,158
363,330,2,1,1,1,0,0,1,0,1,1,1,0,118,158
363,298,2,1,1,1,1,1,1,0,0,0,0,0,132,158
363,490,2,1,1,1,1,1,1,0,0,0,0,0,111,158
363,106,2,1,1,1,1,1,1,0,0,0,0,0,133,158
363,365,2,1,1,1,1,1,1,0,0,0,0,0,98,158
363,353,2,1,1,1,0,0,1,0,1,1,1,0,103,158
363,377,2,1,1,1,1,1,1,0,0,0,0,0,98,158
363,329,2,0,0,1,0,0,0,0,0,0,0,0,104,158
363,297,2,1,1,1,1,1,1,0,0,0,0,0,126,158
363,489,2,1,1,1,1,1,1,0,0,0,0,0,98,158
363,105,2,1,1,1,1,1,1,0,0,0,0,0,118,158
363,359,2,1,1,1,0,0,1,0,1,1,1,0,55,158
363,383,2,1,1,1,1,1,1,0,0,0,0,0,0,158
363,335,2,1,1,1,0,0,1,0,1,1,1,0,98,158
363,303,2,1,1,1,1,1,1,0,0,0,0,0,92,158
363,495,2,1,1,1,1,1,1,0,0,0,0,0,0,158
363,111,2,1,1,1,1,1,1,0,0,0,0,0,111,158
363,371,2,1,1,1,0,0,1,0,1,1,1,0,55,158
363,323,2,1,1,1,0,0,1,0,1,1,1,0,102,158
363,291,2,0,0,1,0,0,0,0,0,0,0,0,96,158
363,483,2,1,1,1,0,0,1,0,1,1,1,0,55,158
363,99,2,1,1,1,0,0,1,0,1,1,1,0,115,158
363,347,2,1,1,1,0,0,1,0,1,1,1,0,98,158
363,315,2,1,1,1,1,1,1,0,0,0,0,0,92,158
363,507,2,1,1,1,1,1,1,0,0,0,0,0,0,158
363,123,2,1,1,1,1,1,1,0,0,0,0,0,111,158
363,267,2,1,1,1,0,0,1,0,1,1,1,0,126,158
363,459,2,1,1,1,0,0,1,0,1,1,1,0,98,158
363,75,2,0,0,1,0,0,0,0,0,0,0,0,118,158
363,427,2,1,1,1,1,1,1,0,0,0,0,0,92,158
363,43,2,1,1,1,1,1,1,0,0,0,0,0,132,158
363,235,2,1,1,1,1,1,1,0,0,0,0,0,111,158
364,364,0,1,1,1,1,1,1,0,0,0,0,0,0,157
364,365,1,1,1,1,1,1,1,0,0,0,0,0,0,157
364,366,1,1,1,1,1,1,1,0,0,0,0,0,0,157
364,360,1,1,1,1,1,1,1,0,0,0,0,0,111,157
364,356,1,0,0,1,0,0,0,0,0,0,0,0,98,157
364,380,1,1,1,1,1,1,1,0,0,0,0,0,0,157
364,332,1,1,1,1,0,0,1,0,1,1,1,0,55,157
364,300,1,1,1,1,1,1,1,0,0,0,0,0,111,157
364,492,1,1,1,1,1,1,1,0,0,0,0,0,0,157
364,108,1,1,1,1,1,1,1,0,0,0,0,0,92,157
364,367,2,1,1,1,1,1,1,0,0,0,0,0,0,157
364,361,2,1,1,1,1,1,1,0,0,0,0,0,111,157
364,357,2,1,0,1,0,0,0,0,0,0,0,0,98,157
364,381,2,1,1,1,1,1,1,0,0,0,0,0,0,157
364,333,2,1,1,1,0,0,1,0,1,1,1,0,55,157
364,301,2,1,1,1,1,1,1,0,0,0,0,0,111,157
364,493,2,1,1,1,1,1,1,0,0,0,0,0,0,157
364,109,2,1,1,1,1,1,1,0,0,0,0,0,92,157
364,362,2,1,1,1,1,1,1,0,0,0,0,0,111,157
364,358,2,1,0,1,0,0,0,0,0,0,0,0,98,157
364,382,2,1,1,1,1,1,1,0,0,0,0,0,0,157
364,334,2,1,1,1,0,0,1,0,1,1,1,0,55,157
364,302,2,1,1,1,1,1,1,0,0,0,0,0,111,157
364,494,2,1,1,1,1,1,1,0,0,0,0,0,0,157
364,110,2,1,1,1,1,1,1,0,0,0,0,0,92,157
364,352,2,0,0,1,0,0,0,0,0,0,0,0,118,157
364,376,2,1,1,1,1,1,1,0,0,0,0,0,111,157
364,328,2,0,0,1,0,0,0,0,0,0,0,0,116,157
364,296,2,1,1,1,1,1,1,0,0,0,0,0,133,157
364,488,2,1,1,1,1,1,1,0,0,0,0,0,111,157
364,104,2,1,1,1,1,1,1,0,0,0,0,0,132,157
364,372,2,1,0,1,0,0,0,0,0,0,0,0,98,157
364,324,2,0,0,1,0,0,0,0,0,0,0,0,102,157
364,292,2,0,0,1,0,0,0,0,0,0,0,0,118,157
364,484,2,0,0,1,0,0,0,0,0,0,0,0,98,157
364,100,2,0,0,1,0,0,0,0,0,0,0,0,126,157
364,348,2,1,1,1,0,0,1,0,1,1,1,0,55,157
364,316,2,1,1,1,1,1,1,0,0,0,0,0,111,157
364,508,2,1,1,1,1,1,1,0,0,0,0,0,0,157
364,124,2,1,1,1,1,1,1,0,0,0,0,0,92,157
364,268,2,1,1,1,0,0,1,0,1,1,1,0,115,157
364,460,2,1,1,1,0,0,1,0,1,1,1,0,55,157
364,76,2,0,0,1,0,0,0,0,0,0,0,0,96,157
364,428,2,1,1,1,1,1,1,0,0,0,0,0,111,157
364,44,2,1,1,1,1,1,1,0,0,0,0,0,132,157
364,236,2,1,1,1,1,1,1,0,0,0,0,0,92,157
365,365,0,1,1,1,1,1,1,0,0,0,0,0,0,222
365,364,1,1,1,1,1,1,1,0,0,0,0,0,150,222
365,367,1,1,1,1,1,1,1,0,0,0,0,0,0,222
365,361,1,1,1,1,1,1,1,0,0,0,0,0,150,222
365,357,1,1,1,1,0,0,1,0,1,1,1,0,126,222
365,381,1,1,1,1,1,1,1,0,0,0,0,0,0,222
365,333,1,1,1,1,0,0,1,0,1,1,1,0,126,222
365,301,1,1,1,1,1,1,1,0,0,0,0,0,150,222
365,493,1,1,1,1,1,1,1,0,0,0,0,0,0,222
365,109,1,1,1,1,1,1,1,0,0,0,0,0,150,222
365,366,2,1,1,1,1,1,1,0,0,0,0,0,150,222
365,360,2,1,1,1,1,1,1,0,0,0,0,0,174,222
365,356,2,0,0,1,0,0,0,0,0,0,0,0,157,222
365,380,2,1,1,1,1,1,1,0,0,0,0,0,150,222
365,332,2,1,1,1,0,0,1,0,1,1,1,0,158,222
365,300,2,1,1,1,1,1,1,0,0,0,0,0,174,222
365,492,2,1,1,1,1,1,1,0,0,0,0,0,150,222
365,108,2,1,1,1,1,1,1,0,0,0,0,0,184,222
365,363,2,1,1,1,1,1,1,0,0,0,0,0,150,222
365,359,2,1,1,1,0,0,1,0,1,1,1,0,126,222
365,383,2,1,1,1,1,1,1,0,0,0,0,0,0,222
365,335,2,1,1,1,0,0,1,0,1,1,1,0,126,222
365,303,2,1,1,1,1,1,1,0,0,0,0,0,150,222
365,495,2,1,1,1,1,1,1,0,0,0,0,0,0,222
365,111,2,1,1,1,1,1,1,0,0,0,0,0,150,222
365,353,2,1,1,1,0,0,1,0,1,1,1,0,158,222
365,377,2,1,1,1,1,1,1,0,0,0,0,0,150,222
365,329,2,0,0,1,0,0,0,0,0,0,0,0,157,222
365,297,2,1,1,1,1,1,1,0,0,0,0,0,184,222
365,489,2,1,1,1,1,1,1,0,0,0,0,0,150,222
365,105,2,1,1,1,1,1,1,0,0,0,0,0,174,222
365,373,2,1,1,1,0,0,1,0,1,1,1,0,126,222
365,325,2,1,1,1,0,0,1,0,1,1,1,0,132,222
365,293,2,0,0,1,0,0,0,0,0,0,0,0,157,222
365,485,2,1,1,1,0,0,1,0,1,1,1,0,126,222
365,101,2,1,1,1,0,0,1,0,1,1,1,0,158,222
365,349,2,1,1,1,0,0,1,0,1,1,1,0,126,222
365,317,2,1,1,1,1,1,1,0,0,0,0,0,150,222
365,509,2,1,1,1,1,1,1,0,0,0,0,0,0,222
365,125,2,1,1,1,1,1,1,0,0,0,0,0,150,222
365,269,2,1,1,1,0,0,1,0,1,1,1,0,158,222
365,461,2,1,1,1,0,0,1,0,1,1,1,0,126,222
365,77,2,0,0,1,0,0,0,0,0,0,0,0,157,222
365,429,2,1,1,1,1,1,1,0,0,0,0,0,150,222
365,45,2,1,1,1,1,1,1,0,0,0,0,0,174,222
365,237,2,1,1,1,1,1,1,0,0,0,0,0,150,222
366,366,0,1,1,1,1,1,1,0,0,0,0,0,0,158
366,367,1,1,1,1,1,1,1,0,0,0,0,0,0,158
366,364,1,1,1,1,1,1,1,0,0,0,0,0,98,158
366,362,1,1,1,1,1,1,1,0,0,0,0,0,111,158
366,358,1,1,1,1,0,0,1,0,1,1,1,0,98,158
366,382,1,1,1,1,1,1,1,0,0,0,0,0,0,158
366,334,1,1,1,1,0,0,1,0,1,1,1,0,55,158
366,302,1,1,1,1,1,1,1,0,0,0,0,0,111,158
366,494,1,1,1,1,1,1,1,0,0,0,0,0,0,158
366,110,1,1,1,1,1,1,1,0,0,0,0,0,92,158
366,365,2,1,1,1,1,1,1,0,0,0,0,0,98,158
366,363,2,1,1,1,1,1,1,0,0,0,0,0,111,158
366,359,2,1,1,1,0,0,1,0,1,1,1,0,98,158
366,383,2,1,1,1,1,1,1,0,0,0,0,0,0,158
366,335,2,1,1,1,0,0,1,0,1,1,1,0,55,158
366,303,2,1,1,1,1,1,1,0,0,0,0,0,111,158
366,495,2,1,1,1,1,1,1,0,0,0,0,0,0,158
366,111,2,1,1,1,1,1,1,0,0,0,0,0,92,158
366,360,2,1,1,1,1,1,1,0,0,0,0,0,118,158
366,356,2,0,0,1,0,0,0,0,0,0,0,0,104,158
366,380,2,1,1,1,1,1,1,0,0,0,0,0,98,158
366,332,2,1,1,1,0,0,1,0,1,1,1,0,103,158
366,300,2,1,1,1,1,1,1,0,0,0,0,0,118,158
366,492,2,1,1,1,1,1,1,0,0,0,0,0,98,158
366,108,2,1,1,1,1,1,1,0,0,0,0,0,126,158
366,354,2,1,1,1,0,0,1,0,1,1,1,0,118,158
366,378,2,1,1,1,1,1,1,0,0,0,0,0,111,158
366,330,2,1,1,1,0,0,1,0,1,1,1,0,116,158
366,298,2,1,1,1,1,1,1,0,0,0,0,0,133,158
366,490,2,1,1,1,1,1,1,0,0,0,0,0,111,158
366,106,2,1,1,1,1,1,1,0,0,0,0,0,132,158
366,374,2,1,1,1,0,0,1,0,1,1,1,0,98,158
366,326,2,1,1,1,0,0,1,0,1,1,1,0,102,158
366,294,2,0,0,1,0,0,0,0,0,0,0,0,118,158
366,486,2,1,1,1,0,0,1,0,1,1,1,0,98,158
366,102,2,1,1,1,0,0,1,0,1,1,1,0,126,158
366,350,2,1,1,1,0,0,1,0,1,1,1,0,55,158
366,318,2,1,1,1,1,1,1,0,0,0,0,0,111,158
366,510,2,1,1,1,1,1,1,0,0,0,0,0,0,158
366,126,2,1,1,1,1,1,1,0,0,0,0,0,92,158
366,270,2,1,1,1,0,0,1,0,1,1,1,0,115,158
366,462,2,1,1,1,0,0,1,0,1,1,1,0,55,158
366,78,2,0,0,1,0,0,0,0,0,0,0,0,96,158
366,430,2,1,1,1,1,1,1,0,0,0,0,0,111,158
366,46,2,1,1,1,1,1,1,0,0,0,0,0,132,158
366,238,2,1,1,1,1,1,1,0,0,0,0,0,92,158
367,367,0,1,1,1,1,1,1,0,0,0,0,0,0,223
367,366,1,1,1,1,1,1,1,0,0,0,0,0,150,223
367,365,1,1,1,1,1,1,1,0,0,0,0,0,126,223
367,363,1,1,1,1,1,1,1,0,0,0,0,0,150,223
367,359,1,1,1,1,0,0,1,0,1,1,1,0,126,223
367,383,1,1,1,1,1,1,1,0,0,0,0,0,0,223
367,335,1,1,1,1,0,0,1,0,1,1,1,0,126,223
367,303,1,1,1,1,1,1,1,0,0,0,0,0,150,223
367,495,1,1,1,1,1,1,1,0,0,0,0,0,0,223
367,111,1,1,1,1,1,1,1,0,0,0,0,0,150,223
367,364,2,1,1,1,1,1,1,0,0,0,0,0,157,223
367,362,2,1,1,1,1,1,1,0,0,0,0,0,174,223
367,358,2,1,1,1,0,0,1,0,1,1,1,0,157,223
367,382,2,1,1,1,1,1,1,0,0,0,0,0,150,223
367,334,2,1,1,1,0,0,1,0,1,1,1,0,158,223
367,302,2,1,1,1,1,1,1,0,0,0,0,0,174,223
367,494,2,1,1,1,1,1,1,0,0,0,0,0,150,223
367,110,2,1,1,1,1,1,1,0,0,0,0,0,184,223
367,361,2,1,1,1,1,1,1,0,0,0,0,0,157,223
367,357,2,1,1,1,0,0,1,0,1,1,1,0,133,223
367,381,2,1,1,1,1,1,1,0,0,0,0,0,126,223
367,333,2,1,1,1,0,0,1,0,1,1,1,0,133,223
367,301,2,1,1,1,1,1,1,0,0,0,0,0,158,223
367,493,2,1,1,1,1,1,1,0,0,0,0,0,126,223
367,109,2,1,1,1,1,1,1,0,0,0,0,0,158,223
367,355,2,1,1,1,0,0,1,0,1,1,1,0,158,223
367,379,2,1,1,1,1,1,1,0,0,0,0,0,150,223
367,331,2,1,1,1,0,0,1,0,1,1,1,0,157,223
367,299,2,1,1,1,1,1,1,0,0,0,0,0,184,223
367,491,2,1,1,1,1,1,1,0,0,0,0,0,150,223
367,107,2,1,1,1,1,1,1,0,0,0,0,0,174,223
367,375,2,1,1,1,0,0,1,0,1,1,1,0,126,223
367,327,2,1,1,1,0,0,1,0,1,1,1,0,132,223
367,295,2,0,0,1,0,0,0,0,0,0,0,0,157,223
367,487,2,1,1,1,0,0,1,0,1,1,1,0,126,223
367,103,2,1,1,1,0,0,1,0,1,1,1,0,158,223
367,351,2,1,1,1,0,0,1,0,1,1,1,0,126,223
367,319,2,1,1,1,1,1,1,0,0,0,0,0,150,223
367,511,2,1,1,1,1,1,1,0,0,0,0,0,0,223
367,127,2,1,1,1,1,1,1,0,0,0,0,0,150,223
367,271,2,1,1,1,0,0,1,0,1,1,1,0,158,223
367,463,2,1,1,1,0,0,1,0,1,1,1,0,126,223
367,79,2,0,0,1,0,0,0,0,0,0,0,0,157,223
367,431,2,1,1,1,1,1,1,0,0,0,0,0,150,223
367,47,2,1,1,1,1,1,1,0,0,0,0,0,174,223
367,239,2,1,1,1,1,1,1,0,0,0,0,0,150,223
368,368,0,1,1,1,1,1,1,0,0,0,0,0,0,44
368,369,1,1,1,1,1,1,1,0,0,0,0,0,0,44
368,370,1,1,1,1,1,1,1,0,0,0,0,0,0,44
368,372,1,1,1,1,1,1,1,0,0,0,0,0,0,44
368,376,1,1,1,1,1,1,1,0,0,0,0,0,0,44
368,352,1,0,0,1,0,0,0,0,0,0,0,0,6,44
368,336,1,1,1,1,1,1,1,0,0,0,0,0,16,44
368,304,1,1,1,1,1,1,1,0,0,0,0,0,21,44
368,496,1,1,1,1,1,1,1,0,0,0,0,0,0,44
368,112,1,1,1,1,1,1,1,0,0,0,0,0,16,44
368,371,2,1,1,1,1,1,1,0,0,0,0,0,0,44
368,373,2,1,1,1,1,1,1,0,0,0,0,0,0,44
368,377,2,1,1,1,1,1,1,0,0,0,0,0,0,44
368,353,2,1,0,1,0,0,0,0,0,0,0,0,6,44
368,337,2,1,1,1,1,1,1,0,0,0,0,0,16,44
368,305,2,1,1,1,1,1,1,0,0,0,0,0,21,44
368,497,2,1,1,1,1,1,1,0,0,0,0,0,0,44
368,113,2,1,1,1,1,1,1,0,0,0,0,0,16,44
368,374,2,1,1,1,1,1,1,0,0,0,0,0,0,44
368,378,2,1,1,1,1,1,1,0,0,0,0,0,0,44
368,354,2,1,0,1,0,0,0,0,0,0,0,0,6,44
368,338,2,1,1,1,1,1,1,0,0,0,0,0,16,44
368,306,2,1,1,1,1,1,1,0,0,0,0,0,21,44
368,498,2,1,1,1,1,1,1,0,0,0,0,0,0,44
368,114,2,1,1,1,1,1,1,0,0,0,0,0,16,44
368,380,2,1,1,1,1,1,1,0,0,0,0,0,0,44
368,356,2,0,0,1,0,0,0,0,0,0,0,0,6,44
368,340,2,1,1,1,1,1,1,0,0,0,0,0,16,44
368,308,2,1,1,1,1,1,1,0,0,0,0,0,21,44
368,500,2,1,1,1,1,1,1,0,0,0,0,0,0,44
368,116,2,1,1,1,1,1,1,0,0,0,0,0,16,44
368,360,2,1,0,1,0,0,0,0,0,0,0,0,6,44
368,344,2,1,1,1,1,1,1,0,0,0,0,0,16,44
368,312,2,1,1,1,1,1,1,0,0,0,0,0,21,44
368,504,2,1,1,1,1,1,1,0,0,0,0,0,0,44
368,120,2,1,1,1,1,1,1,0,0,0,0,0,16,44
368,320,2,0,0,1,0,0,0,0,0,0,0,0,22,44
368,288,2,0,0,1,0,0,0,0,0,0,0,0,27,44
368,480,2,0,0,1,0,0,0,0,0,0,0,0,6,44
368,96,2,0,0,1,0,0,0,0,0,0,0,0,22,44
368,272,2,1,1,1,1,1,1,0,0,0,0,0,27,44
368,464,2,1,1,1,1,1,1,0,0,0,0,0,16,44
368,80,2,1,1,1,1,1,1,0,0,0,0,0,27,44
368,432,2,1,1,1,1,1,1,0,0,0,0,0,21,44
368,48,2,1,1,1,1,1,1,0,0,0,0,0,27,44
368,240,2,1,1,1,1,1,1,0,0,0,0,0,16,44
369,369,0,1,1,1,1,1,1,0,0,0,0,0,0,157
369,368,1,1,1,1,1,1,1,0,0,0,0,0,111,157
369,371,1,1,1,1,1,1,1,0,0,0,0,0,0,157
369,373,1,1,1,1,1,1,1,0,0,0,0,0,0,157
369,377,1,1,1,1,1,1,1,0,0,0,0,0,0,157
369,353,1,1,1,1,0,0,1,0,1,1,1,0,9,157
369,337,1,1,1,1,1,1,1,0,0,0,0,0,98,157
369,305,1,1,1,1,1,1,1,0,0,0,0,0,92,157
369,497,1,1,1,1,1,1,1,0,0,0,0,0,0,157
369,113,1,1,1,1,1,1,1,0,0,0,0,0,111,157
369,370,2,1,1,1,1,1,1,0,0,0,0,0,111,157
369,372,2,1,1,1,1,1,1,0,0,0,0,0,111,157
369,376,2,1,1,1,1,1,1,0,0,0,0,0,111,157
369,352,2,0,0,1,0,0,0,0,0,0,0,0,113,157
369,336,2,1,1,1,1,1,1,0,0,0,0,0,118,157
369,304,2,1,1,1,1,1,1,0,0,0,0,0,132,157
369,496,2,1,1,1,1,1,1,0,0,0,0,0,111,157
369,112,2,1,1,1,1,1,1,0,0,0,0,0,133,157
369,375,2,1,1,1,1,1,1,0,0,0,0,0,0,157
369,379,2,1,1,1,1,1,1,0,0,0,0,0,0,157
369,355,2,1,1,1,0,0,1,0,1,1,1,0,9,157
369,339,2,1,1,1,1,1,1,0,0,0,0,0,98,157
369,307,2,1,1,1,1,1,1,0,0,0,0,0,92,157
369,499,2,1,1,1,1,1,1,0,0,0,0,0,0,157
369,115,2,1,1,1,1,1,1,0,0,0,0,0,111,157
369,381,2,1,1,1,1,1,1,0,0,0,0,0,0,157
369,357,2,1,1,1,0,0,1,0,1,1,1,0,9,157
369,341,2,1,1,1,1,1,1,0,0,0,0,0,98,157
369,309,2,1,1,1,1,1,1,0,0,0,0,0,92,157
369,501,2,1,1,1,1,1,1,0,0,0,0,0,0,157
369,117,2,1,1,1,1,1,1,0,0,0,0,0,111,157
369,361,2,1,1,1,0,0,1,0,1,1,1,0,9,157
369,345,2,1,1,1,1,1,1,0,0,0,0,0,98,157
369,313,2,1,1,1,1,1,1,0,0,0,0,0,92,157
369,505,2,1,1,1,1,1,1,0,0,0,0,0,0,157
369,121,2,1,1,1,1,1,1,0,0,0,0,0,111,157
369,321,2,0,0,1,0,0,0,0,0,0,0,0,99,157
369,289,2,0,0,1,0,0,0,0,0,0,0,0,94,157
369,481,2,1,1,1,0,0,1,0,1,1,1,0,9,157
369,97,2,1,1,1,0,0,1,0,1,1,1,0,113,157
369,273,2,1,1,1,1,1,1,0,0,0,0,0,126,157
369,465,2,1,1,1,1,1,1,0,0,0,0,0,98,157
369,81,2,1,1,1,1,1,1,0,0,0,0,0,118,157
369,433,2,1,1,1,1,1,1,0,0,0,0,0,92,157
369,49,2,1,1,1,1,1,1,0,0,0,0,0,132,157
369,241,2,1,1,1,1,1,1,0,0,0,0,0,111,157
370,370,0,1,1,1,1,1,1,0,0,0,0,0,0,110
370,371,1,1,1,1,1,1,1,0,0,0,0,0,0,110
370,368,1,1,1,1,1,1,1,0,0,0,0,0,74,110
370,374,1,1,1,1,1,1,1,0,0,0,0,0,0,110
370,378,1,1,1,1,1,1,1,0,0,0,0,0,0,110
370,354,1,1,1,1,0,0,1,0,1,1,1,0,8,110
370,338,1,1,1,1,1,1,1,0,0,0,0,0,42,110
370,306,1,1,1,1,1,1,1,0,0,0,0,0,67,110
370,498,1,1,1,1,1,1,1,0,0,0,0,0,0,110
370,114,1,1,1,1,1,1,1,0,0,0,0,0,67,110
370,369,2,1,1,1,1,1,1,0,0,0,0,0,74,110
370,375,2,1,1,1,1,1,1,0,0,0,0,0,0,110
370,379,2,1,1,1,1,1,1,0,0,0,0,0,0,110
370,355,2,1,1,1,0,0,1,0,1,1,1,0,8,110
370,339,2,1,1,1,1,1,1,0,0,0,0,0,42,110
370,307,2,1,1,1,1,1,1,0,0,0,0,0,67,110
370,499,2,1,1,1,1,1,1,0,0,0,0,0,0,110
370,115,2,1,1,1,1,1,1,0,0,0,0,0,67,110
370,372,2,1,1,1,1,1,1,0,0,0,0,0,74,110
370,376,2,1,1,1,1,1,1,0,0,0,0,0,74,110
370,352,2,0,0,1,0,0,0,0,0,0,0,0,75,110
370,336,2,1,1,1,1,1,1,0,0,0,0,0,78,110
370,304,2,1,1,1,1,1,1,0,0,0,0,0,91,110
370,496,2,1,1,1,1,1,1,0,0,0,0,0,74,110
370,112,2,1,1,1,1,1,1,0,0,0,0,0,91,110
370,382,2,1,1,1,1,1,1,0,0,0,0,0,0,110
370,358,2,1,1,1,0,0,1,0,1,1,1,0,8,110
370,342,2,1,1,1,1,1,1,0,0,0,0,0,42,110
370,310,2,1,1,1,1,1,1,0,0,0,0,0,67,110
370,502,2,1,1,1,1,1,1,0,0,0,0,0,0,110
370,118,2,1,1,1,1,1,1,0,0,0,0,0,67,110
370,362,2,1,1,1,0,0,1,0,1,1,1,0,8,110
370,346,2,1,1,1,1,1,1,0,0,0,0,0,42,110
370,314,2,1,1,1,1,1,1,0,0,0,0,0,67,110
370,506,2,1,1,1,1,1,1,0,0,0,0,0,0,110
370,122,2,1,1,1,1,1,1,0,0,0,0,0,67,110
370,322,2,1,1,1,0,0,1,0,1,1,1,0,43,110
370,290,2,0,0,1,0,0,0,0,0,0,0,0,69,110
370,482,2,1,1,1,0,0,1,0,1,1,1,0,8,110
370,98,2,1,1,1,0,0,1,0,1,1,1,0,69,110
370,274,2,1,1,1,1,1,1,0,0,0,0,0,77,110
370,466,2,1,1,1,1,1,1,0,0,0,0,0,42,110
370,82,2,1,1,1,1,1,1,0,0,0,0,0,71,110
370,434,2,1,1,1,1,1,1,0,0,0,0,0,67,110
370,50,2,1,1,1,1,1,1,0,0,0,0,0,90,110
370,242,2,1,1,1,1,1,1,0,0,0,0,0,67,110
371,371,0,1,1,1,1,1,1,0,0,0,0,0,0,158
371,370,1,1,1,1,1,1,1,0,0,0,0,0,111,158
371,369,1,1,1,1,1,1,1,0,0,0,0,0,98,158
371,375,1,1,1,1,1,1,1,0,0,0,0,0,0,158
371,379,1,1,1,1,1,1,1,0,0,0,0,0,0,158
371,355,1,1,1,1,0,0,1,0,1,1,1,0,9,158
371,339,1,1,1,1,1,1,1,0,0,0,0,0,98,158
371,307,1,1,1,1,1,1,1,0,0,0,0,0,92,158
371,499,1,1,1,1,1,1,1,0,0,0,0,0,0,158
371,115,1,1,1,1,1,1,1,0,0,0,0,0,111,158
371,368,2,1,1,1,1,1,1,0,0,0,0,0,118,158
371,374,2,1,1,1,1,1,1,0,0,0,0,0,111,158
371,378,2,1,1,1,1,1,1,0,0,0,0,0,111,158
371,354,2,1,1,1,0,0,1,0,1,1,1,0,113,158
371,338,2,1,1,1,1,1,1,0,0,0,0,0,118,158
371,306,2,1,1,1,1,1,1,0,0,0,0,0,132,158
371,498,2,1,1,1,1,1,1,0,0,0,0,0,111,158
371,114,2,1,1,1,1,1,1,0,0,0,0,0,133,158
371,373,2,1,1,1,1,1,1,0,0,0,0,0,98,158
371,377,2,1,1,1,1,1,1,0,0,0,0,0,98,158
371,353,2,1,1,1,0,0,1,0,1,1,1,0,99,158
371,337,2,1,1,1,1,1,1,0,0,0,0,0,104,158
371,305,2,1,1,1,1,1,1,0,0,0,0,0,126,158
371,497,2,1,1,1,1,1,1,0,0,0,0,0,98,158
371,113,2,1,1,1,1,1,1,0,0,0,0,0,118,158
371,383,2,1,1,1,1,1,1,0,0,0,0,0,0,158
371,359,2,1,1,1,0,0,1,0,1,1,1,0,9,158
371,343,2,1,1,1,1,1,1,0,0,0,0,0,98,158
371,311,2,1,1,1,1,1,1,0,0,0,0,0,92,158
371,503,2,1,1,1,1,1,1,0,0,0,0,0,0,158
371,119,2,1,1,1,1,1,1,0,0,0,0,0,111,158
371,363,2,1,1,1,0,0,1,0,1,1,1,0,9,158
371,347,2,1,1,1,1,1,1,0,0,0,0,0,98,158
371,315,2,1,1,1,1,1,1,0,0,0,0,0,92,158
371,507,2,1,1,1,1,1,1,0,0,0,0,0,0,158
371,123,2,1,1,1,1,1,1,0,0,0,0,0,111,158
371,323,2,1,1,1,0,0,1,0,1,1,1,0,99,158
371,291,2,0,0,1,0,0,0,0,0,0,0,0,94,158
371,483,2,1,1,1,0,0,1,0,1,1,1,0,9,158
371,99,2,1,1,1,0,0,1,0,1,1,1,0,113,158
371,275,2,1,1,1,1,1,1,0,0,0,0,0,126,158
371,467,2,1,1,1,1,1,1,0,0,0,0,0,98,158
371,83,2,1,1,1,1,1,1,0,0,0,0,0,118,158
371,435,2,1,1,1,1,1,1,0,0,0,0,0,92,158
371,51,2,1,1,1,1,1,1,0,0,0,0,0,132,158
371,243,2,1,1,1,1,1,1,0,0,0,0,0,111,158
372,372,0,1,1,1,1,1,1,0,0,0,0,0,0,71
372,373,1,1,1,1,1,1,1,0,0,0,0,0,0,71
372,374,1,1,1,1,1,1,1,0,0,0,0,0,0,71
372,368,1,1,1,1,1,1,1,0,0,0,0,0,35,71
372,380,1,1,1,1,1,1,1,0,0,0,0,0,0,71
372,356,1,0,0,1,0,0,0,0,0,0,0,0,7,71
372,340,1,1,1,1,1,1,1,0,0,0,0,0,24,71
372,308,1,1,1,1,1,1,1,0,0,0,0,0,35,71
372,500,1,1,1,1,1,1,1,0,0,0,0,0,0,71
372,116,1,1,1,1,1,1,1,0,0,0,0,0,41,71
372,375,2,1,1,1,1,1,1,0,0,0,0,0,0,71
372,369,2,1,1,1,1,1,1,0,0,0,0,0,35,71
372,381,2,1,1,1,1,1,1,0,0,0,0,0,0,71
372,357,2,1,0,1,0,0,0,0,0,0,0,0,7,71
372,341,2,1,1,1,1,1,1,0,0,0,0,0,24,71
372,309,2,1,1,1,1,1,1,0,0,0,0,0,35,71
372,501,2,1,1,1,1,1,1,0,0,0,0,0,0,71
372,117,2,1,1,1,1,1,1,0,0,0,0,0,41,71
372,370,2,1,1,1,1,1,1,0,0,0,0,0,35,71
372,382,2,1,1,1,1,1,1,0,0,0,0,0,0,71
372,358,2,1,0,1,0,0,0,0,0,0,0,0,7,71
372,342,2,1,1,1,1,1,1,0,0,0,0,0,24,71
372,310,2,1,1,1,1,1,1,0,0,0,0,0,35,71
372,502,2,1,1,1,1,1,1,0,0,0,0,0,0,71
372,118,2,1,1,1,1,1,1,0,0,0,0,0,41,71
372,376,2,1,1,1,1,1,1,0,0,0,0,0,35,71
372,352,2,0,0,1,0,0,0,0,0,0,0,0,42,71
372,336,2,1,1,1,1,1,1,0,0,0,0,0,38,71
372,304,2,1,1,1,1,1,1,0,0,0,0,0,50,71
372,496,2,1,1,1,1,1,1,0,0,0,0,0,35,71
372,112,2,1,1,1,1,1,1,0,0,0,0,0,49,71
372,364,2,1,0,1,0,0,0,0,0,0,0,0,7,71
372,348,2,1,1,1,1,1,1,0,0,0,0,0,24,71
372,316,2,1,1,1,1,1,1,0,0,0,0,0,35,71
372,508,2,1,1,1,1,1,1,0,0,0,0,0,0,71
372,124,2,1,1,1,1,1,1,0,0,0,0,0,41,71
372,324,2,0,0,1,0,0,0,0,0,0,0,0,31,71
372,292,2,0,0,1,0,0,0,0,0,0,0,0,42,71
372,484,2,0,0,1,0,0,0,0,0,0,0,0,7,71
372,100,2,0,0,1,0,0,0,0,0,0,0,0,48,71
372,276,2,1,1,1,1,1,1,0,0,0,0,0,37,71
372,468,2,1,1,1,1,1,1,0,0,0,0,0,24,71
372,84,2,1,1,1,1,1,1,0,0,0,0,0,43,71
372,436,2,1,1,1,1,1,1,0,0,0,0,0,35,71
372,52,2,1,1,1,1,1,1,0,0,0,0,0,49,71
372,244,2,1,1,1,1,1,1,0,0,0,0,0,41,71
373,373,0,1,1,1,1,1,1,0,0,0,0,0,0,222
373,372,1,1,1,1,1,1,1,0,0,0,0,0,150,222
373,375,1,1,1,1,1,1,1,0,0,0,0,0,0,222
373,369,1,1,1,1,1,1,1,0,0,0,0,0,150,222
373,381,1,1,1,1,1,1,1,0,0,0,0,0,0,222
373,357,1,1,1,1,0,0,1,0,1,1,1,0,10,222
373,341,1,1,1,1,1,1,1,0,0,0,0,0,126,222
373,309,1,1,1,1,1,1,1,0,0,0,0,0,150,222
373,501,1,1,1,1,1,1,1,0,0,0,0,0,0,222
373,117,1,1,1,1,1,1,1,0,0,0,0,0,150,222
373,374,2,1,1,1,1,1,1,0,0,0,0,0,150,222
373,368,2,1,1,1,1,1,1,0,0,0,0,0,174,222
373,380,2,1,1,1,1,1,1,0,0,0,0,0,150,222
373,356,2,0,0,1,0,0,0,0,0,0,0,0,152,222
373,340,2,1,1,1,1,1,1,0,0,0,0,0,158,222
373,308,2,1,1,1,1,1,1,0,0,0,0,0,174,222
373,500,2,1,1,1,1,1,1,0,0,0,0,0,150,222
373,116,2,1,1,1,1,1,1,0,0,0,0,0,184,222
373,371,2,1,1,1,1,1,1,0,0,0,0,0,150,222
373,383,2,1,1,1,1,1,1,0,0,0,0,0,0,222
373,359,2,1,1,1,0,0,1,0,1,1,1,0,10,222
373,343,2,1,1,1,1,1,1,0,0,0,0,0,126,222
373,311,2,1,1,1,1,1,1,0,0,0,0,0,150,222
373,503,2,1,1,1,1,1,1,0,0,0,0,0,0,222
373,119,2,1,1,1,1,1,1,0,0,0,0,0,150,222
373,377,2,1,1,1,1,1,1,0,0,0,0,0,150,222
373,353,2,1,1,1,0,0,1,0,1,1,1,0,152,222
373,337,2,1,1,1,1,1,1,0,0,0,0,0,157,222
373,305,2,1,1,1,1,1,1,0,0,0,0,0,184,222
373,497,2,1,1,1,1,1,1,0,0,0,0,0,150,222
373,113,2,1,1,1,1,1,1,0,0,0,0,0,174,222
373,365,2,1,1,1,0,0,1,0,1,1,1,0,10,222
373,349,2,1,1,1,1,1,1,0,0,0,0,0,126,222
373,317,2,1,1,1,1,1,1,0,0,0,0,0,150,222
373,509,2,1,1,1,1,1,1,0,0,0,0,0,0,222
373,125,2,1,1,1,1,1,1,0,0,0,0,0,150,222
373,325,2,1,1,1,0,0,1,0,1,1,1,0,127,222
373,293,2,0,0,1,0,0,0,0,0,0,0,0,152,222
373,485,2,1,1,1,0,0,1,0,1,1,1,0,10,222
373,101,2,1,1,1,0,0,1,0,1,1,1,0,152,222
373,277,2,1,1,1,1,1,1,0,0,0,0,0,158,222
373,469,2,1,1,1,1,1,1,0,0,0,0,0,126,222
373,85,2,1,1,1,1,1,1,0,0,0,0,0,157,222
373,437,2,1,1,1,1,1,1,0,0,0,0,0,150,222
373,53,2,1,1,1,1,1,1,0,0,0,0,0,174,222
373,245,2,1,1,1,1,1,1,0,0,0,0,0,150,222
374,374,0,1,1,1,1,1,1,0,0,0,0,0,0,158
374,375,1,1,1,1,1,1,1,0,0,0,0,0,0,158
374,372,1,1,1,1,1,1,1,0,0,0,0,0,98,158
374,370,1,1,1,1,1,1,1,0,0,0,0,0,111,158
374,382,1,1,1,1,1,1,1,0,0,0,0,0,0,158
374,358,1,1,1,1,0,0,1,0,1,1,1,0,9,158
374,342,1,1,1,1,1,1,1,0,0,0,0,0,55,158
374,310,1,1,1,1,1,1,1,0,0,0,0,0,111,158
374,502,1,1,1,1,1,1,1,0,0,0,0,0,0,158
374,118,1,1,1,1,1,1,1,0,0,0,0,0,92,158
374,373,2,1,1,1,1,1,1,0,0,0,0,0,98,158
374,371,2,1,1,1,1,1,1,0,0,0,0,0,111,158
374,383,2,1,1,1,1,1,1,0,0,0,0,0,0,158
374,359,2,1,1,1,0,0,1,0,1,1,1,0,9,158
374,343,2,1,1,1,1,1,1,0,0,0,0,0,55,158
374,311,2,1,1,1,1,1,1,0,0,0,0,0,111,158
374,503,2,1,1,1,1,1,1,0,0,0,0,0,0,158
374,119,2,1,1,1,1,1,1,0,0,0,0,0,92,158
374,368,2,1,1,1,1,1,1,0,0,0,0,0,118,158
374,380,2,1,1,1,1,1,1,0,0,0,0,0,98,158
374,356,2,0,0,1,0,0,0,0,0,0,0,0,99,158
374,340,2,1,1,1,1,1,1,0,0,0,0,0,103,158
374,308,2,1,1,1,1,1,1,0,0,0,0,0,118,158
374,500,2,1,1,1,1,1,1,0,0,0,0,0,98,158
374,116,2,1,1,1,1,1,1,0,0,0,0,0,126,158
374,378,2,1,1,1,1,1,1,0,0,0,0,0,111,158
374,354,2,1,1,1,0,0,1,0,1,1,1,0,113,158
374,338,2,1,1,1,1,1,1,0,0,0,0,0,116,158
374,306,2,1,1,1,1,1,1,0,0,0,0,0,133,158
374,498,2,1,1,1,1,1,1,0,0,0,0,0,111,158
374,114,2,1,1,1,1,1,1,0,0,0,0,0,132,158
374,366,2,1,1,1,0,0,1,0,1,1,1,0,9,158
374,350,2,1,1,1,1,1,1,0,0,0,0,0,55,158
374,318,2,1,1,1,1,1,1,0,0,0,0,0,111,158
374,510,2,1,1,1,1,1,1,0,0,0,0,0,0,158
374,126,2,1,1,1,1,1,1,0,0,0,0,0,92,158
374,326,2,1,1,1,0,0,1,0,1,1,1,0,56,158
374,294,2,0,0,1,0,0,0,0,0,0,0,0,113,158
374,486,2,1,1,1,0,0,1,0,1,1,1,0,9,158
374,102,2,1,1,1,0,0,1,0,1,1,1,0,94,158
374,278,2,1,1,1,1,1,1,0,0,0,0,0,115,158
374,470,2,1,1,1,1,1,1,0,0,0,0,0,55,158
374,86,2,1,1,1,1,1,1,0,0,0,0,0,96,158
374,438,2,1,1,1,1,1,1,0,0,0,0,0,111,158
374,54,2,1,1,1,1,1,1,0,0,0,0,0,132,158
374,246,2,1,1,1,1,1,1,0,0,0,0,0,92,158
375,375,0,1,1,1,1,1,1,0,0,0,0,0,0,223
375,374,1,1,1,1,1,1,1,0,0,0,0,0,150,223
375,373,1,1,1,1,1,1,1,0,0,0,0,0,126,223
375,371,1,1,1,1,1,1,1,0,0,0,0,0,150,223
375,383,1,1,1,1,1,1,1,0,0,0,0,0,0,223
375,359,1,1,1,1,0,0,1,0,1,1,1,0,10,223
375,343,1,1,1,1,1,1,1,0,0,0,0,0,126,223
375,311,1,1,1,1,1,1,1,0,0,0,0,0,150,223
375,503,1,1,1,1,1,1,1,0,0,0,0,0,0,223
375,119,1,1,1,1,1,1,1,0,0,0,0,0,150,223
375,372,2,1,1,1,1,1,1,0,0,0,0,0,157,223
375,370,2,1,1,1,1,1,1,0,0,0,0,0,174,223
375,382,2,1,1,1,1,1,1,0,0,0,0,0,150,223
375,358,2,1,1,1,0,0,1,0,1,1,1,0,152,223
375,342,2,1,1,1,1,1,1,0,0,0,0,0,158,223
375,310,2,1,1,1,1,1,1,0,0,0,0,0,174,223
375,502,2,1,1,1,1,1,1,0,0,0,0,0,150,223
375,118,2,1,1,1,1,1,1,0,0,0,0,0,184,223
375,369,2,1,1,1,1,1,1,0,0,0,0,0,157,223
375,381,2,1,1,1,1,1,1,0,0,0,0,0,126,223
375,357,2,1,1,1,0,0,1,0,1,1,1,0,127,223
375,341,2,1,1,1,1,1,1,0,0,0,0,0,133,223
375,309,2,1,1,1,1,1,1,0,0,0,0,0,158,223
375,501,2,1,1,1,1,1,1,0,0,0,0,0,126,223
375,117,2,1,1,1,1,1,1,0,0,0,0,0,158,223
375,379,2,1,1,1,1,1,1,0,0,0,0,0,150,223
375,355,2,1,1,1,0,0,1,0,1,1,1,0,152,223
375,339,2,1,1,1,1,1,1,0,0,0,0,0,157,223
375,307,2,1,1,1,1,1,1,0,0,0,0,0,184,223
375,499,2,1,1,1,1,1,1,0,0,0,0,0,150,223
375,115,2,1,1,1,1,1,1,0,0,0,0,0,174,223
375,367,2,1,1,1,0,0,1,0,1,1,1,0,10,223
375,351,2,1,1,1,1,1,1,0,0,0,0,0,126,223
375,319,2,1,1,1,1,1,1,0,0,0,0,0,150,223
375,511,2,1,1,1,1,1,1,0,0,0,0,0,0,223
375,127,2,1,1,1,1,1,1,0,0,0,0,0,150,223
375,327,2,1,1,1,0,0,1,0,1,1,1,0,127,223
375,295,2,0,0,1,0,0,0,0,0,0,0,0,152,223
375,487,2,1,1,1,0,0,1,0,1,1,1,0,10,223
375,103,2,1,1,1,0,0,1,0,1,1,1,0,152,223
375,279,2,1,1,1,1,1,1,0,0,0,0,0,158,223
375,471,2,1,1,1,1,1,1,0,0,0,0,0,126,223
375,87,2,1,1,1,1,1,1,0,0,0,0,0,157,223
375,439,2,1,1,1,1,1,1,0,0,0,0,0,150,223
375,55,2,1,1,1,1,1,1,0,0,0,0,0,174,223
375,247,2,1,1,1,1,1,1,0,0,0,0,0,150,223
376,376,0,1,1,1,1,1,1,0,0,0,0,0,0,71
376,377,1,1,1,1,1,1,1,0,0,0,0,0,0,71
376,378,1,1,1,1,1,1,1,0,0,0,0,0,0,71
376,380,1,1,1,1,1,1,1,0,0,0,0,0,0,71
376,368,1,1,1,1,1,1,1,0,0,0,0,0,31,71
376,360,1,1,1,1,0,0,1,0,1,1,1,0,7,71
376,344,1,1,1,1,1,1,1,0,0,0,0,0,31,71
376,312,1,1,1,1,1,1,1,0,0,0,0,0,25,71
376,504,1,1,1,1,1,1,1,0,0,0,0,0,0,71
376,120,1,1,1,1,1,1,1,0,0,0,0,0,25,71
376,379,2,1,1,1,1,1,1,0,0,0,0,0,0,71
376,381,2,1,1,1,1,1,1,0,0,0,0,0,0,71
376,369,2,1,1,1,1,1,1,0,0,0,0,0,31,71
376,361,2,1,1,1,0,0,1,0,1,1,1,0,7,71
376,345,2,1,1,1,1,1,1,0,0,0,0,0,31,71
376,313,2,1,1,1,1,1,1,0,0,0,0,0,25,71
376,505,2,1,1,1,1,1,1,0,0,0,0,0,0,71
376,121,2,1,1,1,1,1,1,0,0,0,0,0,25,71
376,382,2,1,1,1,1,1,1,0,0,0,0,0,0,71
376,370,2,1,1,1,1,1,1,0,0,0,0,0,31,71
376,362,2,1,1,1,0,0,1,0,1,1,1,0,7,71
376,346,2,1,1,1,1,1,1,0,0,0,0,0,31,71
376,314,2,1,1,1,1,1,1,0,0,0,0,0,25,71
376,506,2,1,1,1,1,1,1,0,0,0,0,0,0,71
376,122,2,1,1,1,1,1,1,0,0,0,0,0,25,71
376,372,2,1,1,1,1,1,1,0,0,0,0,0,31,71
376,364,2,1,1,1,0,0,1,0,1,1,1,0,7,71
376,348,2,1,1,1,1,1,1,0,0,0,0,0,31,71
376,316,2,1,1,1,1,1,1,0,0,0,0,0,25,71
376,508,2,1,1,1,1,1,1,0,0,0,0,0,0,71
376,124,2,1,1,1,1,1,1,0,0,0,0,0,25,71
376,352,2,0,0,1,0,0,0,0,0,0,0,0,32,71
376,336,2,1,1,1,1,1,1,0,0,0,0,0,44,71
376,304,2,1,1,1,1,1,1,0,0,0,0,0,50,71
376,496,2,1,1,1,1,1,1,0,0,0,0,0,31,71
376,112,2,1,1,1,1,1,1,0,0,0,0,0,44,71
376,328,2,0,0,1,0,0,0,0,0,0,0,0,32,71
376,296,2,1,1,1,0,0,1,0,1,1,1,0,32,71
376,488,2,1,1,1,0,0,1,0,1,1,1,0,7,71
376,104,2,1,1,1,0,0,1,0,1,1,1,0,32,71
376,280,2,1,1,1,1,1,1,0,0,0,0,0,44,71
376,472,2,1,1,1,1,1,1,0,0,0,0,0,31,71
376,88,2,1,1,1,1,1,1,0,0,0,0,0,50,71
376,440,2,1,1,1,1,1,1,0,0,0,0,0,25,71
376,56,2,1,1,1,1,1,1,0,0,0,0,0,38,71
376,248,2,1,1,1,1,1,1,0,0,0,0,0,25,71
377,377,0,1,1,1,1,1,1,0,0,0,0,0,0,158
377,376,1,1,1,1,1,1,1,0,0,0,0,0,111,158
377,379,1,1,1,1,1,1,1,0,0,0,0,0,0,158
377,381,1,1,1,1,1,1,1,0,0,0,0,0,0,158
377,369,1,1,1,1,1,1,1,0,0,0,0,0,55,158
377,361,1,1,1,1,0,0,1,0,1,1,1,0,9,158
377,345,1,1,1,1,1,1,1,0,0,0,0,0,98,158
377,313,1,1,1,1,1,1,1,0,0,0,0,0,92,158
377,505,1,1,1,1,1,1,1,0,0,0,0,0,0,158
377,121,1,1,1,1,1,1,1,0,0,0,0,0,111,158
377,378,2,1,1,1,1,1,1,0,0,0,0,0,111,158
377,380,2,1,1,1,1,1,1,0,0,0,0,0,111,158
377,368,2,1,1,1,1,1,1,0,0,0,0,0,116,158
377,360,2,1,1,1,0,0,1,0,1,1,1,0,113,158
377,344,2,1,1,1,1,1,1,0,0,0,0,0,118,158
377,312,2,1,1,1,1,1,1,0,0,0,0,0,132,158
377,504,2,1,1,1,1,1,1,0,0,0,0,0,111,158
377,120,2,1,1,1,1,1,1,0,0,0,0,0,133,158
377,383,2,1,1,1,1,1,1,0,0,0,0,0,0,158
377,371,2,1,1,1,1,1,1,0,0,0,0,0,55,158
377,363,2,1,1,1,0,0,1,0,1,1,1,0,9,158
377,347,2,1,1,1,1,1,1,0,0,0,0,0,98,158
377,315,2,1,1,1,1,1,1,0,0,0,0,0,92,158
377,507,2,1,1,1,1,1,1,0,0,0,0,0,0,158
377,123,2,1,1,1,1,1,1,0,0,0,0,0,111,158
377,373,2,1,1,1,1,1,1,0,0,0,0,0,55,158
377,365,2,1,1,1,0,0,1,0,1,1,1,0,9,158
377,349,2,1,1,1,1,1,1,0,0,0,0,0,98,158
377,317,2,1,1,1,1,1,1,0,0,0,0,0,92,158
377,509,2,1,1,1,1,1,1,0,0,0,0,0,0,158
377,125,2,1,1,1,1,1,1,0,0,0,0,0,111,158
377,353,2,1,1,1,0,0,1,0,1,1,1,0,56,158
377,337,2,1,1,1,1,1,1,0,0,0,0,0,102,158
377,305,2,1,1,1,1,1,1,0,0,0,0,0,96,158
377,497,2,1,1,1,1,1,1,0,0,0,0,0,55,158
377,113,2,1,1,1,1,1,1,0,0,0,0,0,115,158
377,329,2,0,0,1,0,0,0,0,0,0,0,0,99,158
377,297,2,1,1,1,0,0,1,0,1,1,1,0,94,158
377,489,2,1,1,1,0,0,1,0,1,1,1,0,9,158
377,105,2,1,1,1,0,0,1,0,1,1,1,0,113,158
377,281,2,1,1,1,1,1,1,0,0,0,0,0,126,158
377,473,2,1,1,1,1,1,1,0,0,0,0,0,98,158
377,89,2,1,1,1,1,1,1,0,0,0,0,0,118,158
377,441,2,1,1,1,1,1,1,0,0,0,0,0,92,158
377,57,2,1,1,1,1,1,1,0,0,0,0,0,132,158
377,249,2,1,1,1,1,1,1,0,0,0,0,0,111,158
378,378,0,1,1,1,1,1,1,0,0,0,0,0,0,111
378,379,1,1,1,1,1,1,1,0,0,0,0,0,0,111
378,376,1,1,1,1,1,1,1,0,0,0,0,0,74,111
378,382,1,1,1,1,1,1,1,0,0,0,0,0,0,111
378,370,1,1,1,1,1,1,1,0,0,0,0,0,42,111
378,362,1,1,1,1,0,0,1,0,1,1,1,0,8,111
378,346,1,1,1,1,1,1,1,0,0,0,0,0,42,111
378,314,1,1,1,1,1,1,1,0,0,0,0,0,67,111
378,506,1,1,1,1,1,1,1,0,0,0,0,0,0,111
378,122,1,1,1,1,1,1,1,0,0,0,0,0,67,111
378,377,2,1,1,1,1,1,1,0,0,0,0,0,74,111
378,383,2,1,1,1,1,1,1,0,0,0,0,0,0,111
378,371,2,1,1,1,1,1,1,0,0,0,0,0,42,111
378,363,2,1,1,1,0,0,1,0,1,1,1,0,8,111
378,347,2,1,1,1,1,1,1,0,0,0,0,0,42,111
378,315,2,1,1,1,1,1,1,0,0,0,0,0,67,111
378,507,2,1,1,1,1,1,1,0,0,0,0,0,0,111
378,123,2,1,1,1,1,1,1,0,0,0,0,0,67,111
378,380,2,1,1,1,1,1,1,0,0,0,0,0,74,111
378,368,2,1,1,1,1,1,1,0,0,0,0,0,78,111
378,360,2,1,1,1,0,0,1,0,1,1,1,0,75,111
378,344,2,1,1,1,1,1,1,0,0,0,0,0,78,111
378,312,2,1,1,1,1,1,1,0,0,0,0,0,91,111
378,504,2,1,1,1,1,1,1,0,0,0,0,0,74,111
378,120,2,1,1,1,1,1,1,0,0,0,0,0,91,111
378,374,2,1,1,1,1,1,1,0,0,0,0,0,42,111
378,366,2,1,1,1,0,0,1,0,1,1,1,0,8,111
378,350,2,1,1,1,1,1,1,0,0,0,0,0,42,111
378,318,2,1,1,1,1,1,1,0,0,0,0,0,67,111
378,510,2,1,1,1,1,1,1,0,0,0,0,0,0,111
378,126,2,1,1,1,1,1,1,0,0,0,0,0,67,111
378,354,2,1,1,1,0,0,1,0,1,1,1,0,43,111
378,338,2,1,1,1,1,1,1,0,0,0,0,0,57,111
378,306,2,1,1,1,1,1,1,0,0,0,0,0,71,111
378,498,2,1,1,1,1,1,1,0,0,0,0,0,42,111
378,114,2,1,1,1,1,1,1,0,0,0,0,0,77,111
378,330,2,1,1,1,0,0,1,0,1,1,1,0,43,111
378,298,2,1,1,1,0,0,1,0,1,1,1,0,69,111
378,490,2,1,1,1,0,0,1,0,1,1,1,0,8,111
378,106,2,1,1,1,0,0,1,0,1,1,1,0,69,111
378,282,2,1,1,1,1,1,1,0,0,0,0,0,77,111
378,474,2,1,1,1,1,1,1,0,0,0,0,0,42,111
378,90,2,1,1,1,1,1,1,0,0,0,0,0,71,111
378,442,2,1,1,1,1,1,1,0,0,0,0,0,67,111
378,58,2,1,1,1,1,1,1,0,0,0,0,0,90,111
378,250,2,1,1,1,1,1,1,0,0,0,0,0,67,111
379,379,0,1,1,1,1,1,1,0,0,0,0,0,0,159
379,378,1,1,1,1,1,1,1,0,0,0,0,0,111,159
379,377,1,1,1,1,1,1,1,0,0,0,0,0,98,159
379,383,1,1,1,1,1,1,1,0,0,0,0,0,0,159
379,371,1,1,1,1,1,1,1,0,0,0,0,0,55,159
379,363,1,1,1,1,0,0,1,0,1,1,1,0,9,159
379,347,1,1,1,1,1,1,1,0,0,0,0,0,98,159
379,315,1,1,1,1,1,1,1,0,0,0,0,0,92,159
379,507,1,1,1,1,1,1,1,0,0,0,0,0,0,159
379,123,1,1,1,1,1,1,1,0,0,0,0,0,111,159
379,376,2,1,1,1,1,1,1,0,0,0,0,0,118,159
379,382,2,1,1,1,1,1,1,0,0,0,0,0,111,159
379,370,2,1,1,1,1,1,1,0,0,0,0,0,116,159
379,362,2,1,1,1,0,0,1,0,1,1,1,0,113,159
379,346,2,1,1,1,1,1,1,0,0,0,0,0,118,159
379,314,2,1,1,1,1,1,1,0,0,0,0,0,132,159
379,506,2,1,1,1,1,1,1,0,0,0,0,0,111,159
379,122,2,1,1,1,1,1,1,0,0,0,0,0,133,159
379,381,2,1,1,1,1,1,1,0,0,0,0,0,98,159
379,369,2,1,1,1,1,1,1,0,0,0,0,0,103,159
379,361,2,1,1,1,0,0,1,0,1,1,1,0,99,159
379,345,2,1,1,1,1,1,1,0,0,0,0,0,104,159
379,313,2,1,1,1,1,1,1,0,0,0,0,0,126,159
379,505,2,1,1,1,1,1,1,0,0,0,0,0,98,159
379,121,2,1,1,1,1,1,1,0,0,0,0,0,118,159
379,375,2,1,1,1,1,1,1,0,0,0,0,0,55,159
379,367,2,1,1,1,0,0,1,0,1,1,1,0,9,159
379,351,2,1,1,1,1,1,1,0,0,0,0,0,98,159
379,319,2,1,1,1,1,1,1,0,0,0,0,0,92,159
379,511,2,1,1,1,1,1,1,0,0,0,0,0,0,159
379,127,2,1,1,1,1,1,1,0,0,0,0,0,111,159
379,355,2,1,1,1,0,0,1,0,1,1,1,0,56,159
379,339,2,1,1,1,1,1,1,0,0,0,0,0,102,159
379,307,2,1,1,1,1,1,1,0,0,0,0,0,96,159
379,499,2,1,1,1,1,1,1,0,0,0,0,0,55,159
379,115,2,1,1,1,1,1,1,0,0,0,0,0,115,159
379,331,2,1,1,1,0,0,1,0,1,1,1,0,99,159
379,299,2,1,1,1,0,0,1,0,1,1,1,0,94,159
379,491,2,1,1,1,0,0,1,0,1,1,1,0,9,159
379,107,2,1,1,1,0,0,1,0,1,1,1,0,113,159
379,283,2,1,1,1,1,1,1,0,0,0,0,0,126,159
379,475,2,1,1,1,1,1,1,0,0,0,0,0,98,159
379,91,2,1,1,1,1,1,1,0,0,0,0,0,118,159
379,443,2,1,1,1,1,1,1,0,0,0,0,0,92,159
379,59,2,1,1,1,1,1,1,0,0,0,0,0,132,159
379,251,2,1,1,1,1,1,1,0,0,0,0,0,111,159
380,380,0,1,1,1,1,1,1,0,0,0,0,0,0,158
380,381,1,1,1,1,1,1,1,0,0,0,0,0,0,158
380,382,1,1,1,1,1,1,1,0,0,0,0,0,0,158
380,376,1,1,1,1,1,1,1,0,0,0,0,0,111,158
380,372,1,1,1,1,1,1,1,0,0,0,0,0,98,158
380,364,1,1,1,1,0,0,1,0,1,1,1,0,9,158
380,348,1,1,1,1,1,1,1,0,0,0,0,0,55,158
380,316,1,1,1,1,1,1,1,0,0,0,0,0,111,158
380,508,1,1,1,1,1,1,1,0,0,0,0,0,0,158
380,124,1,1,1,1,1,1,1,0,0,0,0,0,92,158
380,383,2,1,1,1,1,1,1,0,0,0,0,0,0,158
380,377,2,1,1,1,1,1,1,0,0,0,0,0,111,158
380,373,2,1,1,1,1,1,1,0,0,0,0,0,98,158
380,365,2,1,1,1,0,0,1,0,1,1,1,0,9,158
380,349,2,1,1,1,1,1,1,0,0,0,0,0,55,158
380,317,2,1,1,1,1,1,1,0,0,0,0,0,111,158
380,509,2,1,1,1,1,1,1,0,0,0,0,0,0,158
380,125,2,1,1,1,1,1,1,0,0,0,0,0,92,158
380,378,2,1,1,1,1,1,1,0,0,0,0,0,111,158
380,374,2,1,1,1,1,1,1,0,0,0,0,0,98,158
380,366,2,1,1,1,0,0,1,0,1,1,1,0,9,158
380,350,2,1,1,1,1,1,1,0,0,0,0,0,55,158
380,318,2,1,1,1,1,1,1,0,0,0,0,0,111,158
380,510,2,1,1,1,1,1,1,0,0,0,0,0,0,158
380,126,2,1,1,1,1,1,1,0,0,0,0,0,92,158
380,368,2,1,1,1,1,1,1,0,0,0,0,0,118,158
380,360,2,1,1,1,0,0,1,0,1,1,1,0,113,158
380,344,2,1,1,1,1,1,1,0,0,0,0,0,116,158
380,312,2,1,1,1,1,1,1,0,0,0,0,0,133,158
380,504,2,1,1,1,1,1,1,0,0,0,0,0,111,158
380,120,2,1,1,1,1,1,1,0,0,0,0,0,132,158
380,356,2,0,0,1,0,0,0,0,0,0,0,0,99,158
380,340,2,1,1,1,1,1,1,0,0,0,0,0,102,158
380,308,2,1,1,1,1,1,1,0,0,0,0,0,118,158
380,500,2,1,1,1,1,1,1,0,0,0,0,0,98,158
380,116,2,1,1,1,1,1,1,0,0,0,0,0,126,158
380,332,2,1,1,1,0,0,1,0,1,1,1,0,56,158
380,300,2,1,1,1,0,0,1,0,1,1,1,0,113,158
380,492,2,1,1,1,0,0,1,0,1,1,1,0,9,158
380,108,2,1,1,1,0,0,1,0,1,1,1,0,94,158
380,284,2,1,1,1,1,1,1,0,0,0,0,0,115,158
380,476,2,1,1,1,1,1,1,0,0,0,0,0,55,158
380,92,2,1,1,1,1,1,1,0,0,0,0,0,96,158
380,444,2,1,1,1,1,1,1,0,0,0,0,0,111,158
380,60,2,1,1,1,1,1,1,0,0,0,0,0,132,158
380,252,2,1,1,1,1,1,1,0,0,0,0,0,92,158
381,381,0,1,1,1,1,1,1,0,0,0,0,0,0,223
381,380,1,1,1,1,1,1,1,0,0,0,0,0,150,223
381,383,1,1,1,1,1,1,1,0,0,0,0,0,0,223
381,377,1,1,1,1,1,1,1,0,0,0,0,0,150,223
381,373,1,1,1,1,1,1,1,0,0,0,0,0,126,223
381,365,1,1,1,1,0,0,1,0,1,1,1,0,10,223
381,349,1,1,1,1,1,1,1,0,0,0,0,0,126,223
381,317,1,1,1,1,1,1,1,0,0,0,0,0,150,223
381,509,1,1,1,1,1,1,1,0,0,0,0,0,0,223
381,125,1,1,1,1,1,1,1,0,0,0,0,0,150,223
381,382,2,1,1,1,1,1,1,0,0,0,0,0,150,223
381,376,2,1,1,1,1,1,1,0,0,0,0,0,174,223
381,372,2,1,1,1,1,1,1,0,0,0,0,0,157,223
381,364,2,1,1,1,0,0,1,0,1,1,1,0,152,223
381,348,2,1,1,1,1,1,1,0,0,0,0,0,158,223
381,316,2,1,1,1,1,1,1,0,0,0,0,0,174,223
381,508,2,1,1,1,1,1,1,0,0,0,0,0,150,223
381,124,2,1,1,1,1,1,1,0,0,0,0,0,184,223
381,379,2,1,1,1,1,1,1,0,0,0,0,0,150,223
381,375,2,1,1,1,1,1,1,0,0,0,0,0,126,223
381,367,2,1,1,1,0,0,1,0,1,1,1,0,10,223
381,351,2,1,1,1,1,1,1,0,0,0,0,0,126,223
381,319,2,1,1,1,1,1,1,0,0,0,0,0,150,223
381,511,2,1,1,1,1,1,1,0,0,0,0,0,0,223
381,127,2,1,1,1,1,1,1,0,0,0,0,0,150,223
381,369,2,1,1,1,1,1,1,0,0,0,0,0,158,223
381,361,2,1,1,1,0,0,1,0,1,1,1,0,152,223
381,345,2,1,1,1,1,1,1,0,0,0,0,0,157,223
381,313,2,1,1,1,1,1,1,0,0,0,0,0,184,223
381,505,2,1,1,1,1,1,1,0,0,0,0,0,150,223
381,121,2,1,1,1,1,1,1,0,0,0,0,0,174,223
381,357,2,1,1,1,0,0,1,0,1,1,1,0,127,223
381,341,2,1,1,1,1,1,1,0,0,0,0,0,132,223
381,309,2,1,1,1,1,1,1,0,0,0,0,0,157,223
381,501,2,1,1,1,1,1,1,0,0,0,0,0,126,223
381,117,2,1,1,1,1,1,1,0,0,0,0,0,158,223
381,333,2,1,1,1,0,0,1,0,1,1,1,0,127,223
381,301,2,1,1,1,0,0,1,0,1,1,1,0,152,223
381,493,2,1,1,1,0,0,1,0,1,1,1,0,10,223
381,109,2,1,1,1,0,0,1,0,1,1,1,0,152,223
381,285,2,1,1,1,1,1,1,0,0,0,0,0,158,223
381,477,2,1,1,1,1,1,1,0,0,0,0,0,126,223
381,93,2,1,1,1,1,1,1,0,0,0,0,0,157,223
381,445,2,1,1,1,1,1,1,0,0,0,0,0,150,223
381,61,2,1,1,1,1,1,1,0,0,0,0,0,174,223
381,253,2,1,1,1,1,1,1,0,0,0,0,0,150,223
382,382,0,1,1,1,1,1,1,0,0,0,0,0,0,159
382,383,1,1,1,1,1,1,1,0,0,0,0,0,0,159
382,380,1,1,1,1,1,1,1,0,0,0,0,0,98,159
382,378,1,1,1,1,1,1,1,0,0,0,0,0,111,159
382,374,1,1,1,1,1,1,1,0,0,0,0,0,98,159
382,366,1,1,1,1,0,0,1,0,1,1,1,0,9,159
382,350,1,1,1,1,1,1,1,0,0,0,0,0,55,159
382,318,1,1,1,1,1,1,1,0,0,0,0,0,111,159
382,510,1,1,1,1,1,1,1,0,0,0,0,0,0,159
382,126,1,1,1,1,1,1,1,0,0,0,0,0,92,159
382,381,2,1,1,1,1,1,1,0,0,0,0,0,98,159
382,379,2,1,1,1,1,1,1,0,0,0,0,0,111,159
382,375,2,1,1,1,1,1,1,0,0,0,0,0,98,159
382,367,2,1,1,1,0,0,1,0,1,1,1,0,9,159
382,351,2,1,1,1,1,1,1,0,0,0,0,0,55,159
382,319,2,1,1,1,1,1,1,0,0,0,0,0,111,159
382,511,2,1,1,1,1,1,1,0,0,0,0,0,0,159
382,127,2,1,1,1,1,1,1,0,0,0,0,0,92,159
382,376,2,1,1,1,1,1,1,0,0,0,0,0,118,159
382,372,2,1,1,1,1,1,1,0,0,0,0,0,104,159
382,364,2,1,1,1,0,0,1,0,1,1,1,0,99,159
382,348,2,1,1,1,1,1,1,0,0,0,0,0,103,159
382,316,2,1,1,1,1,1,1,0,0,0,0,0,118,159
382,508,2,1,1,1,1,1,1,0,0,0,0,0,98,159
382,124,2,1,1,1,1,1,1,0,0,0,0,0,126,159
382,370,2,1,1,1,1,1,1,0,0,0,0,0,118,159
382,362,2,1,1,1,0,0,1,0,1,1,1,0,113,159
382,346,2,1,1,1,1,1,1,0,0,0,0,0,116,159
382,314,2,1,1,1,1,1,1,0,0,0,0,0,133,159
382,506,2,1,1,1,1,1,1,0,0,0,0,0,111,159
382,122,2,1,1,1,1,1,1,0,0,0,0,0,132,159
382,358,2,1,1,1,0,0,1,0,1,1,1,0,99,159
382,342,2,1,1,1,1,1,1,0,0,0,0,0,102,159
382,310,2,1,1,1,1,1,1,0,0,0,0,0,118,159
382,502,2,1,1,1,1,1,1,0,0,0,0,0,98,159
382,118,2,1,1,1,1,1,1,0,0,0,0,0,126,159
382,334,2,1,1,1,0,0,1,0,1,1,1,0,56,159
382,302,2,1,1,1,0,0,1,0,1,1,1,0,113,159
382,494,2,1,1,1,0,0,1,0,1,1,1,0,9,159
382,110,2,1,1,1,0,0,1,0,1,1,1,0,94,159
382,286,2,1,1,1,1,1,1,0,0,0,0,0,115,159
382,478,2,1,1,1,1,1,1,0,0,0,0,0,55,159
382,94,2,1,1,1,1,1,1,0,0,0,0,0,96,159
382,446,2,1,1,1,1,1,1,0,0,0,0,0,111,159
382,62,2,1,1,1,1,1,1,0,0,0,0,0,132,159
382,254,2,1,1,1,1,1,1,0,0,0,0,0,92,159
383,383,0,1,1,1,1,1,1,0,0,0,0,0,0,224
383,382,1,1,1,1,1,1,1,0,0,0,0,0,150,224
383,381,1,1,1,1,1,1,1,0,0,0,0,0,126,224
383,379,1,1,1,1,1,1,1,0,0,0,0,0,150,224
383,375,1,1,1,1,1,1,1,0,0,0,0,0,126,224
383,367,1,1,1,1,0,0,1,0,1,1,1,0,10,224
383,351,1,1,1,1,1,1,1,0,0,0,0,0,126,224
383,319,1,1,1,1,1,1,1,0,0,0,0,0,150,224
383,511,1,1,1,1,1,1,1,0,0,0,0,0,0,224
383,127,1,1,1,1,1,1,1,0,0,0,0,0,150,224
383,380,2,1,1,1,1,1,1,0,0,0,0,0,157,224
383,378,2,1,1,1,1,1,1,0,0,0,0,0,174,224
383,374,2,1,1,1,1,1,1,0,0,0,0,0,157,224
383,366,2,1,1,1,0,0,1,0,1,1,1,0,152,224
383,350,2,1,1,1,1,1,1,0,0,0,0,0,158,224
383,318,2,1,1,1,1,1,1,0,0,0,0,0,174,224
383,510,2,1,1,1,1,1,1,0,0,0,0,0,150,224
383,126,2,1,1,1,1,1,1,0,0,0,0,0,184,224
383,377,2,1,1,1,1,1,1,0,0,0,0,0,157,224
383,373,2,1,1,1,1,1,1,0,0,0,0,0,133,224
383,365,2,1,1,1,0,0,1,0,1,1,1,0,127,224
383,349,2,1,1,1,1,1,1,0,0,0,0,0,133,224
383,317,2,1,1,1,1,1,1,0,0,0,0,0,158,224
383,509,2,1,1,1,1,1,1,0,0,0,0,0,126,224
383,125,2,1,1,1,1,1,1,0,0,0,0,0,158,224
383,371,2,1,1,1,1,1,1,0,0,0,0,0,158,224
383,363,2,1,1,1,0,0,1,0,1,1,1,0,152,224
383,347,2,1,1,1,1,1,1,0,0,0,0,0,157,224
383,315,2,1,1,1,1,1,1,0,0,0,0,0,184,224
383,507,2,1,1,1,1,1,1,0,0,0,0,0,150,224
383,123,2,1,1,1,1,1,1,0,0,0,0,0,174,224
383,359,2,1,1,1,0,0,1,0,1,1,1,0,127,224
383,343,2,1,1,1,1,1,1,0,0,0,0,0,132,224
383,311,2,1,1,1,1,1,1,0,0,0,0,0,157,224
383,503,2,1,1,1,1,1,1,0,0,0,0,0,126,224
383,119,2,1,1,1,1,1,1,0,0,0,0,0,158,224
383,335,2,1,1,1,0,0,1,0,1,1,1,0,127,224
383,303,2,1,1,1,0,0,1,0,1,1,1,0,152,224
383,495,2,1,1,1,0,0,1,0,1,1,1,0,10,224
383,111,2,1,1,1,0,0,1,0,1,1,1,0,152,224
383,287,2,1,1,1,1,1,1,0,0,0,0,0,158,224
383,479,2,1,1,1,1,1,1,0,0,0,0,0,126,224
383,95,2,1,1,1,1,1,1,0,0,0,0,0,157,224
383,447,2,1,1,1,1,1,1,0,0,0,0,0,150,224
383,63,2,1,1,1,1,1,1,0,0,0,0,0,174,224
383,255,2,1,1,1,1,1,1,0,0,0,0,0,150,224
386,386,0,1,1,1,1,1,1,0,0,0,0,0,0,43
386,387,1,1,1,1,1,1,1,0,0,0,0,0,0,43
386,384,1,0,0,1,0,0,0,0,0,0,0,0,26,43
386,390,1,1,1,1,1,1,1,0,0,0,0,0,0,43
386,394,1,1,1,1,1,1,1,0,0,0,0,0,0,43
386,402,1,1,1,1,1,1,1,0,0,0,0,0,0,43
386,418,1,1,1,1,1,1,1,0,0,0,0,0,0,43
386,450,1,1,1,1,1,1,1,0,0,0,0,0,0,43
386,258,1,0,0,1,0,0,0,0,0,0,0,0,16,43
386,130,1,1,1,1,1,1,1,0,0,0,0,0,16,43
386,385,2,0,0,1,0,0,0,0,0,0,0,0,26,43
386,391,2,1,1,1,1,1,1,0,0,0,0,0,0,43
386,395,2,1,1,1,1,1,1,0,0,0,0,0,0,43
386,403,2,1,1,1,1,1,1,0,0,0,0,0,0,43
386,419,2,1,1,1,1,1,1,0,0,0,0,0,0,43
386,451,2,1,1,1,1,1,1,0,0,0,0,0,0,43
386,259,2,0,0,1,0,0,0,0,0,0,0,0,16,43
386,131,2,1,1,1,1,1,1,0,0,0,0,0,16,43
386,388,2,0,0,1,0,0,0,0,0,0,0,0,26,43
386,392,2,0,0,1,0,0,0,0,0,0,0,0,26,43
386,400,2,1,0,1,0,0,0,0,0,0,0,0,26,43
386,416,2,0,0,1,0,0,0,0,0,0,0,0,26,43
386,448,2,0,0,1,0,0,0,0,0,0,0,0,26,43
386,256,2,0,0,1,0,0,0,0,0,0,0,0,32,43
386,128,2,0,0,1,0,0,0,0,0,0,0,0,32,43
386,398,2,1,1,1,1,1,1,0,0,0,0,0,0,43
386,406,2,1,1,1,1,1,1,0,0,0,0,0,0,43
386,422,2,1,1,1,1,1,1,0,0,0,0,0,0,43
386,454,2,1,1,1,1,1,1,0,0,0,0,0,0,43
386,262,2,0,0,1,0,0,0,0,0,0,0,0,16,43
386,134,2,1,1,1,1,1,1,0,0,0,0,0,16,43
386,410,2,1,1,1,1,1,1,0,0,0,0,0,0,43
386,426,2,1,1,1,1,1,1,0,0,0,0,0,0,43
386,458,2,1,1,1,1,1,1,0,0,0,0,0,0,43
386,266,2,1,0,1,0,0,0,0,0,0,0,0,16,43
386,138,2,1,1,1,1,1,1,0,0,0,0,0,16,43
386,434,2,1,1,1,1,1,1,0,0,0,0,0,0,43
386,466,2,1,1,1,1,1,1,0,0,0,0,0,0,43
386,274,2,1,0,1,0,0,0,0,0,0,0,0,16,43
386,146,2,1,1,1,1,1,1,0,0,0,0,0,16,43
386,482,2,1,1,1,1,1,1,0,0,0,0,0,0,43
386,290,2,0,0,1,0,0,0,0,0,0,0,0,16,43
386,162,2,1,1,1,1,1,1,0,0,0,0,0,16,43
386,322,2,1,0,1,0,0,0,0,0,0,0,0,16,43
386,194,2,1,1,1,1,1,1,0,0,0,0,0,16,43
386,2,2,0,0,1,0,0,0,0,0,0,0,0,32,43
387,387,0,1,1,1,1,1,1,0,0,0,0,0,0,102
387,386,1,1,1,1,1,1,1,0,0,0,0,0,78,102
387,385,1,0,0,1,0,0,0,0,0,0,0,0,48,102
387,391,1,1,1,1,1,1,1,0,0,0,0,0,0,102
387,395,1,1,1,1,1,1,1,0,0,0,0,0,0,102
387,403,1,1,1,1,1,1,1,0,0,0,0,0,0,102
387,419,1,1,1,1,1,1,1,0,0,0,0,0,0,102
387,451,1,1,1,1,1,1,1,0,0,0,0,0,0,102
387,259,1,0,0,1,0,0,0,0,0,0,0,0,48,102
387,131,1,1,1,1,1,1,1,0,0,0,0,0,78,102
387,384,2,0,0,1,0,0,0,0,0,0,0,0,83,102
387,390,2,1,1,1,1,1,1,0,0,0,0,0,78,102
387,394,2,1,1,1,1,1,1,0,0,0,0,0,78,102
387,402,2,1,1,1,1,1,1,0,0,0,0,0,78,102
387,418,2,1,1,1,1,1,1,0,0,0,0,0,78,102
387,450,2,1,1,1,1,1,1,0,0,0,0,0,78,102
387,258,2,0,0,1,0,0,0,0,0,0,0,0,82,102
387,130,2,1,1,1,1,1,1,0,0,0,0,0,90,102
387,389,2,1,0,1,0,0,0,0,0,0,0,0,48,102
387,393,2,0,0,1,0,0,0,0,0,0,0,0,48,102
387,401,2,1,0,1,0,0,0,0,0,0,0,0,48,102
387,417,2,1,0,1,0,0,0,0,0,0,0,0,48,102
387,449,2,0,0,1,0,0,0,0,0,0,0,0,48,102
387,257,2,0,0,1,0,0,0,0,0,0,0,0,76,102
387,129,2,0,0,1,0,0,0,0,0,0,0,0,82,102
387,399,2,1,1,1,1,1,1,0,0,0,0,0,0,102
387,407,2,1,1,1,1,1,1,0,0,0,0,0,0,102
387,423,2,1,1,1,1,1,1,0,0,0,0,0,0,102
387,455,2,1,1,1,1,1,1,0,0,0,0,0,0,102
387,263,2,0,0,1,0,0,0,0,0,0,0,0,48,102
387,135,2,1,1,1,1,1,1,0,0,0,0,0,78,102
387,411,2,1,1,1,1,1,1,0,0,0,0,0,0,102
387,427,2,1,1,1,1,1,1,0,0,0,0,0,0,102
387,459,2,1,1,1,1,1,1,0,0,0,0,0,0,102
387,267,2,1,0,1,0,0,0,0,0,0,0,0,48,102
387,139,2,1,1,1,1,1,1,0,0,0,0,0,78,102
387,435,2,1,1,1,1,1,1,0,0,0,0,0,0,102
387,467,2,1,1,1,1,1,1,0,0,0,0,0,0,102
387,275,2,1,0,1,0,0,0,0,0,0,0,0,48,102
387,147,2,1,1,1,1,1,1,0,0,0,0,0,78,102
387,483,2,1,1,1,1,1,1,0,0,0,0,0,0,102
387,291,2,0,0,1,0,0,0,0,0,0,0,0,48,102
387,163,2,1,1,1,1,1,1,0,0,0,0,0,78,102
387,323,2,1,0,1,0,0,0,0,0,0,0,0,48,102
387,195,2,1,1,1,1,1,1,0,0,0,0,0,78,102
387,3,2,0,0,1,0,0,0,0,0,0,0,0,83,102
389,389,0,1,1,1,1,1,1,0,0,0,0,0,0,156
389,388,1,0,0,1,0,0,0,0,0,0,0,0,111,156
389,391,1,1,1,1,1,1,1,0,0,0,0,0,0,156
389,385,1,0,0,1,0,0,0,0,0,0,0,0,92,156
389,397,1,1,1,1,1,1,1,0,0,0,0,0,0,156
389,405,1,1,1,1,1,1,1,0,0,0,0,0,0,156
389,421,1,1,1,1,1,1,1,0,0,0,0,0,0,156
389,453,1,1,1,1,1,1,1,0,0,0,0,0,0,156
389,261,1,0,0,1,0,0,0,0,0,0,0,0,98,156
389,133,1,1,1,1,1,1,1,0,0,0,0,0,111,156
389,390,2,1,0,1,0,0,0,0,0,0,0,0,111,156
389,384,2,0,0,1,0,0,0,0,0,0,0,0,132,156
389,396,2,1,0,1,0,0,0,0,0,0,0,0,111,156
389,404,2,1,0,1,0,0,0,0,0,0,0,0,111,156
389,420,2,0,0,1,0,0,0,0,0,0,0,0,111,156
389,452,2,0,0,1,0,0,0,0,0,0,0,0,111,156
389,260,2,0,0,1,0,0,0,0,0,0,0,0,118,156
389,132,2,0,0,1,0,0,0,0,0,0,0,0,133,156
389,387,2,1,0,1,0,0,0,0,0,0,0,0,92,156
389,399,2,1,1,1,1,1,1,0,0,0,0,0,0,156
389,407,2,1,1,1,1,1,1,0,0,0,0,0,0,156
389,423,2,1,1,1,1,1,1,0,0,0,0,0,0,156
389,455,2,1,1,1,1,1,1,0,0,0,0,0,0,156
389,263,2,0,0,1,0,0,0,0,0,0,0,0,98,156
389,135,2,1,1,1,1,1,1,0,0,0,0,0,111,156
389,393,2,0,0,1,0,0,0,0,0,0,0,0,92,156
389,401,2,1,0,1,0,0,0,0,0,0,0,0,92,156
389,417,2,1,0,1,0,0,0,0,0,0,0,0,92,156
389,449,2,0,0,1,0,0,0,0,0,0,0,0,92,156
389,257,2,0,0,1,0,0,0,0,0,0,0,0,126,156
389,129,2,0,0,1,0,0,0,0,0,0,0,0,132,156
389,413,2,1,1,1,1,1,1,0,0,0,0,0,0,156
389,429,2,1,1,1,1,1,1,0,0,0,0,0,0,156
389,461,2,1,1,1,1,1,1,0,0,0,0,0,0,156
389,269,2,1,0,1,0,0,0,0,0,0,0,0,98,156
389,141,2,1,1,1,1,1,1,0,0,0,0,0,111,156
389,437,2,1,1,1,1,1,1,0,0,0,0,0,0,156
389,469,2,1,1,1,1,1,1,0,0,0,0,0,0,156
389,277,2,1,0,1,0,0,0,0,0,0,0,0,98,156
389,149,2,1,1,1,1,1,1,0,0,0,0,0,111,156
389,485,2,1,1,1,1,1,1,0,0,0,0,0,0,156
389,293,2,0,0,1,0,0,0,0,0,0,0,0,98,156
389,165,2,1,1,1,1,1,1,0,0,0,0,0,111,156
389,325,2,1,0,1,0,0,0,0,0,0,0,0,98,156
389,197,2,1,1,1,1,1,1,0,0,0,0,0,111,156
389,5,2,0,0,1,0,0,0,0,0,0,0,0,118,156
390,390,0,1,1,1,1,1,1,0,0,0,0,0,0,70
390,391,1,1,1,1,1,1,1,0,0,0,0,0,0,70
390,388,1,0,0,1,0,0,0,0,0,0,0,0,31,70
390,386,1,1,1,1,1,1,1,0,0,0,0,0,25,70
390,398,1,1,1,1,1,1,1,0,0,0,0,0,0,70
390,406,1,1,1,1,1,1,1,0,0,0,0,0,0,70
390,422,1,1,1,1,1,1,1,0,0,0,0,0,0,70
390,454,1,1,1,1,1,1,1,0,0,0,0,0,0,70
390,262,1,0,0,1,0,0,0,0,0,0,0,0,31,70
390,134,1,1,1,1,1,1,1,0,0,0,0,0,25,70
390,389,2,1,0,1,0,0,0,0,0,0,0,0,31,70
390,387,2,1,1,1,1,1,1,0,0,0,0,0,25,70
390,399,2,1,1,1,1,1,1,0,0,0,0,0,0,70
390,407,2,1,1,1,1,1,1,0,0,0,0,0,0,70
390,423,2,1,1,1,1,1,1,0,0,0,0,0,0,70
390,455,2,1,1,1,1,1,1,0,0,0,0,0,0,70
390,263,2,0,0,1,0,0,0,0,0,0,0,0,31,70
390,135,2,1,1,1,1,1,1,0,0,0,0,0,25,70
390,384,2,0,0,1,0,0,0,0,0,0,0,0,50,70
390,396,2,1,0,1,0,0,0,0,0,0,0,0,31,70
390,404,2,1,0,1,0,0,0,0,0,0,0,0,31,70
390,420,2,0,0,1,0,0,0,0,0,0,0,0,31,70
390,452,2,0,0,1,0,0,0,0,0,0,0,0,31,70
390,260,2,0,0,1,0,0,0,0,0,0,0,0,44,70
390,132,2,0,0,1,0,0,0,0,0,0,0,0,44,70
390,394,2,1,1,1,1,1,1,0,0,0,0,0,25,70
390,402,2,1,1,1,1,1,1,0,0,0,0,0,25,70
390,418,2,1,1,1,1,1,1,0,0,0,0,0,25,70
390,450,2,1,1,1,1,1,1,0,0,0,0,0,25,70
390,258,2,0,0,1,0,0,0,0,0,0,0,0,44,70
390,130,2,1,1,1,1,1,1,0,0,0,0,0,38,70
390,414,2,1,1,1,1,1,1,0,0,0,0,0,0,70
390,430,2,1,1,1,1,1,1,0,0,0,0,0,0,70
390,462,2,1,1,1,1,1,1,0,0,0,0,0,0,70
390,270,2,1,0,1,0,0,0,0,0,0,0,0,31,70
390,142,2,1,1,1,1,1,1,0,0,0,0,0,25,70
390,438,2,1,1,1,1,1,1,0,0,0,0,0,0,70
390,470,2,1,1,1,1,1,1,0,0,0,0,0,0,70
390,278,2,1,0,1,0,0,0,0,0,0,0,0,31,70
390,150,2,1,1,1,1,1,1,0,0,0,0,0,25,70
390,486,2,1,1,1,1,1,1,0,0,0,0,0,0,70
390,294,2,0,0,1,0,0,0,0,0,0,0,0,31,70
390,166,2,1,1,1,1,1,1,0,0,0,0,0,25,70
390,326,2,1,0,1,0,0,0,0,0,0,0,0,31,70
390,198,2,1,1,1,1,1,1,0,0,0,0,0,25,70
390,6,2,0,0,1,0,0,0,0,0,0,0,0,50,70
391,391,0,1,1,1,1,1,1,0,0,0,0,0,0,157
391,390,1,1,1,1,1,1,1,0,0,0,0,0,111,157
391,389,1,1,1,1,0,0,1,0,1,1,1,0,55,157
391,387,1,1,1,1,1,1,1,0,0,0,0,0,92,157
391,399,1,1,1,1,1,1,1,0,0,0,0,0,0,157
391,407,1,1,1,1,1,1,1,0,0,0,0,0,0,157
391,423,1,1,1,1,1,1,1,0,0,0,0,0,0,157
391,455,1,1,1,1,1,1,1,0,0,0,0,0,0,157
391,263,1,0,0,1,0,0,0,0,0,0,0,0,98,157
391,135,1,1,1,1,1,1,1,0,0,0,0,0,111,157
391,388,2,0,0,1,0,0,0,0,0,0,0,0,116,157
391,386,2,1,1,1,1,1,1,0,0,0,0,0,132,157
391,398,2,1,1,1,1,1,1,0,0,0,0,0,111,157
391,406,2,1,1,1,1,1,1,0,0,0,0,0,111,157
391,422,2,1,1,1,1,1,1,0,0,0,0,0,111,157
391,454,2,1,1,1,1,1,1,0,0,0,0,0,111,157
391,262,2,0,0,1,0,0,0,0,0,0,0,0,118,157
391,134,2,1,1,1,1,1,1,0,0,0,0,0,133,157
391,385,2,0,0,1,0,0,0,0,0,0,0,0,96,157
391,397,2,1,1,1,0,0,1,0,1,1,1,0,55,157
391,405,2,1,1,1,0,0,1,0,1,1,1,0,55,157
391,421,2,1,1,1,0,0,1,0,1,1,1,0,55,157
391,453,2,1,1,1,0,0,1,0,1,1,1,0,55,157
391,261,2,0,0,1,0,0,0,0,0,0,0,0,102,157
391,133,2,1,1,1,0,0,1,0,1,1,1,0,115,157
391,395,2,1,1,1,1,1,1,0,0,0,0,0,92,157
391,403,2,1,1,1,1,1,1,0,0,0,0,0,92,157
391,419,2,1,1,1,1,1,1,0,0,0,0,0,92,157
391,451,2,1,1,1,1,1,1,0,0,0,0,0,92,157
391,259,2,0,0,1,0,0,0,0,0,0,0,0,126,157
391,131,2,1,1,1,1,1,1,0,0,0,0,0,132,157
391,415,2,1,1,1,1,1,1,0,0,0,0,0,0,157
391,431,2,1,1,1,1,1,1,0,0,0,0,0,0,157
391,463,2,1,1,1,1,1,1,0,0,0,0,0,0,157
391,271,2,1,0,1,0,0,0,0,0,0,0,0,98,157
391,143,2,1,1,1,1,1,1,0,0,0,0,0,111,157
391,439,2,1,1,1,1,1,1,0,0,0,0,0,0,157
391,471,2,1,1,1,1,1,1,0,0,0,0,0,0,157
391,279,2,1,0,1,0,0,0,0,0,0,0,0,98,157
391,151,2,1,1,1,1,1,1,0,0,0,0,0,111,157
391,487,2,1,1,1,1,1,1,0,0,0,0,0,0,157
391,295,2,0,0,1,0,0,0,0,0,0,0,0,98,157
391,167,2,1,1,1,1,1,1,0,0,0,0,0,111,157
391,327,2,1,0,1,0,0,0,0,0,0,0,0,98,157
391,199,2,1,1,1,1,1,1,0,0,0,0,0,111,157
391,7,2,0,0,1,0,0,0,0,0,0,0,0,118,157
394,394,0,1,1,1,1,1,1,0,0,0,0,0,0,70
394,395,1,1,1,1,1,1,1,0,0,0,0,0,0,70
394,392,1,0,0,1,0,0,0,0,0,0,0,0,36,70
394,398,1,1,1,1,1,1,1,0,0,0,0,0,0,70
394,386,1,1,1,1,1,1,1,0,0,0,0,0,36,70
394,410,1,1,1,1,1,1,1,0,0,0,0,0,0,70
394,426,1,1,1,1,1,1,1,0,0,0,0,0,0,70
394,458,1,1,1,1,1,1,1,0,0,0,0,0,0,70
394,266,1,1,1,1,0,0,1,0,1,1,1,0,19,70
394,138,1,1,1,1,1,1,1,0,0,0,0,0,46,70
394,393,2,0,0,1,0,0,0,0,0,0,0,0,36,70
394,399,2,1,1,1,1,1,1,0,0,0,0,0,0,70
394,387,2,1,1,1,1,1,1,0,0,0,0,0,36,70
394,411,2,1,1,1,1,1,1,0,0,0,0,0,0,70
394,427,2,1,1,1,1,1,1,0,0,0,0,0,0,70
394,459,2,1,1,1,1,1,1,0,0,0,0,0,0,70
394,267,2,1,1,1,0,0,1,0,1,1,1,0,19,70
394,139,2,1,1,1,1,1,1,0,0,0,0,0,46,70
394,396,2,1,0,1,0,0,0,0,0,0,0,0,36,70
394,384,2,0,0,1,0,0,0,0,0,0,0,0,56,70
394,408,2,1,0,1,0,0,0,0,0,0,0,0,36,70
394,424,2,1,0,1,0,0,0,0,0,0,0,0,36,70
394,456,2,0,0,1,0,0,0,0,0,0,0,0,36,70
394,264,2,0,0,1,0,0,0,0,0,0,0,0,43,70
394,136,2,0,0,1,0,0,0,0,0,0,0,0,55,70
394,390,2,1,1,1,1,1,1,0,0,0,0,0,36,70
394,414,2,1,1,1,1,1,1,0,0,0,0,0,0,70
394,430,2,1,1,1,1,1,1,0,0,0,0,0,0,70
394,462,2,1,1,1,1,1,1,0,0,0,0,0,0,70
394,270,2,1,1,1,0,0,1,0,1,1,1,0,19,70
394,142,2,1,1,1,1,1,1,0,0,0,0,0,46,70
394,402,2,1,1,1,1,1,1,0,0,0,0,0,36,70
394,418,2,1,1,1,1,1,1,0,0,0,0,0,36,70
394,450,2,1,1,1,1,1,1,0,0,0,0,0,36,70
394,258,2,0,0,1,0,0,0,0,0,0,0,0,38,70
394,130,2,1,1,1,1,1,1,0,0,0,0,0,55,70
394,442,2,1,1,1,1,1,1,0,0,0,0,0,0,70
394,474,2,1,1,1,1,1,1,0,0,0,0,0,0,70
394,282,2,1,1,1,0,0,1,0,1,1,1,0,19,70
394,154,2,1,1,1,1,1,1,0,0,0,0,0,46,70
394,490,2,1,1,1,1,1,1,0,0,0,0,0,0,70
394,298,2,1,1,1,0,0,1,0,1,1,1,0,19,70
394,170,2,1,1,1,1,1,1,0,0,0,0,0,46,70
394,330,2,1,1,1,0,0,1,0,1,1,1,0,19,70
394,202,2,1,1,1,1,1,1,0,0,0,0,0,46,70
394,10,2,0,0,1,0,0,0,0,0,0,0,0,49,70
395,395,0,1,1,1,1,1,1,0,0,0,0,0,0,103
395,394,1,1,1,1,1,1,1,0,0,0,0,0,78,103
395,393,1,0,0,1,0,0,0,0,0,0,0,0,48,103
395,399,1,1,1,1,1,1,1,0,0,0,0,0,0,103
395,387,1,1,1,1,1,1,1,0,0,0,0,0,48,103
395,411,1,1,1,1,1,1,1,0,0,0,0,0,0,103
395,427,1,1,1,1,1,1,1,0,0,0,0,0,0,103
395,459,1,1,1,1,1,1,1,0,0,0,0,0,0,103
395,267,1,1,1,1,0,0,1,0,1,1,1,0,48,103
395,139,1,1,1,1,1,1,1,0,0,0,0,0,78,103
395,392,2,0,0,1,0,0,0,0,0,0,0,0,83,103
395,398,2,1,1,1,1,1,1,0,0,0,0,0,78,103
395,386,2,1,1,1,1,1,1,0,0,0,0,0,83,103
395,410,2,1,1,1,1,1,1,0,0,0,0,0,78,103
395,426,2,1,1,1,1,1,1,0,0,0,0,0,78,103
395,458,2,1,1,1,1,1,1,0,0,0,0,0,78,103
395,266,2,1,1,1,0,0,1,0,1,1,1,0,82,103
395,138,2,1,1,1,1,1,1,0,0,0,0,0,90,103
395,397,2,1,0,1,0,0,0,0,0,0,0,0,48,103
395,385,2,0,0,1,0,0,0,0,0,0,0,0,77,103
395,409,2,1,0,1,0,0,0,0,0,0,0,0,48,103
395,425,2,1,0,1,0,0,0,0,0,0,0,0,48,103
395,457,2,0,0,1,0,0,0,0,0,0,0,0,48,103
395,265,2,0,0,1,0,0,0,0,0,0,0,0,76,103
395,137,2,0,0,1,0,0,0,0,0,0,0,0,82,103
395,391,2,1,1,1,1,1,1,0,0,0,0,0,48,103
395,415,2,1,1,1,1,1,1,0,0,0,0,0,0,103
395,431,2,1,1,1,1,1,1,0,0,0,0,0,0,103
395,463,2,1,1,1,1,1,1,0,0,0,0,0,0,103
395,271,2,1,1,1,0,0,1,0,1,1,1,0,48,103
395,143,2,1,1,1,1,1,1,0,0,0,0,0,78,103
395,403,2,1,1,1,1,1,1,0,0,0,0,0,48,103
395,419,2,1,1,1,1,1,1,0,0,0,0,0,48,103
395,451,2,1,1,1,1,1,1,0,0,0,0,0,48,103
395,259,2,0,0,1,0,0,0,0,0,0,0,0,51,103
395,131,2,1,1,1,1,1,1,0,0,0,0,0,82,103
395,443,2,1,1,1,1,1,1,0,0,0,0,0,0,103
395,475,2,1,1,1,1,1,1,0,0,0,0,0,0,103
395,283,2,1,1,1,0,0,1,0,1,1,1,0,48,103
395,155,2,1,1,1,1,1,1,0,0,0,0,0,78,103
395,491,2,1,1,1,1,1,1,0,0,0,0,0,0,103
395,299,2,1,1,1,0,0,1,0,1,1,1,0,48,103
395,171,2,1,1,1,1,1,1,0,0,0,0,0,78,103
395,331,2,1,1,1,0,0,1,0,1,1,1,0,48,103
395,203,2,1,1,1,1,1,1,0,0,0,0,0,78,103
395,11,2,0,0,1,0,0,0,0,0,0,0,0,83,103
396,396,0,1,1,1,1,1,1,0,0,0,0,0,0,109
396,397,1,1,1,1,1,1,1,0,0,0,0,0,0,109
396,398,1,1,1,1,1,1,1,0,0,0,0,0,0,109
396,392,1,0,0,1,0,0,0,0,0,0,0,0,67,109
396,388,1,0,0,1,0,0,0,0,0,0,0,0,74,109
396,412,1,1,1,1,1,1,1,0,0,0,0,0,0,109
396,428,1,1,1,1,1,1,1,0,0,0,0,0,0,109
396,460,1,1,1,1,1,1,1,0,0,0,0,0,0,109
396,268,1,1,1,1,0,0,1,0,1,1,1,0,42,109
396,140,1,1,1,1,1,1,1,0,0,0,0,0,67,109
396,399,2,1,1,1,1,1,1,0,0,0,0,0,0,109
396,393,2,0,0,1,0,0,0,0,0,0,0,0,67,109
396,389,2,1,0,1,0,0,0,0,0,0,0,0,74,109
396,413,2,1,1,1,1,1,1,0,0,0,0,0,0,109
396,429,2,1,1,1,1,1,1,0,0,0,0,0,0,109
396,461,2,1,1,1,1,1,1,0,0,0,0,0,0,109
396,269,2,1,1,1,0,0,1,0,1,1,1,0,42,109
396,141,2,1,1,1,1,1,1,0,0,0,0,0,67,109
396,394,2,1,0,1,0,0,0,0,0,0,0,0,67,109
396,390,2,1,0,1,0,0,0,0,0,0,0,0,74,109
396,414,2,1,1,1,1,1,1,0,0,0,0,0,0,109
396,430,2,1,1,1,1,1,1,0,0,0,0,0,0,109
396,462,2,1,1,1,1,1,1,0,0,0,0,0,0,109
396,270,2,1,1,1,0,0,1,0,1,1,1,0,42,109
396,142,2,1,1,1,1,1,1,0,0,0,0,0,67,109
396,384,2,0,0,1,0,0,0,0,0,0,0,0,91,109
396,408,2,1,0,1,0,0,0,0,0,0,0,0,67,109
396,424,2,1,0,1,0,0,0,0,0,0,0,0,67,109
396,456,2,0,0,1,0,0,0,0,0,0,0,0,67,109
396,264,2,0,0,1,0,0,0,0,0,0,0,0,77,109
396,136,2,0,0,1,0,0,0,0,0,0,0,0,90,109
396,404,2,1,0,1,0,0,0,0,0,0,0,0,74,109
396,420,2,0,0,1,0,0,0,0,0,0,0,0,74,109
396,452,2,0,0,1,0,0,0,0,0,0,0,0,74,109
396,260,2,0,0,1,0,0,0,0,0,0,0,0,78,109
396,132,2,0,0,1,0,0,0,0,0,0,0,0,91,109
396,444,2,1,1,1,1,1,1,0,0,0,0,0,0,109
396,476,2,1,1,1,1,1,1,0,0,0,0,0,0,109
396,284,2,1,1,1,0,0,1,0,1,1,1,0,42,109
396,156,2,1,1,1,1,1,1,0,0,0,0,0,67,109
396,492,2,1,1,1,1,1,1,0,0,0,0,0,0,109
396,300,2,1,1,1,0,0,1,0,1,1,1,0,42,109
396,172,2,1,1,1,1,1,1,0,0,0,0,0,67,109
396,332,2,1,1,1,0,0,1,0,1,1,1,0,42,109
396,204,2,1,1,1,1,1,1,0,0,0,0,0,67,109
396,12,2,0,0,1,0,0,0,0,0,0,0,0,71,109
397,397,0,1,1,1,1,1,1,0,0,0,0,0,0,157
397,396,1,1,1,1,0,0,1,0,1,1,1,0,111,157
397,399,1,1,1,1,1,1,1,0,0,0,0,0,0,157
397,393,1,0,0,1,0,0,0,0,0,0,0,0,92,157
397,389,1,1,1,1,1,1,1,0,0,0,0,0,98,157
397,413,1,1,1,1,1,1,1,0,0,0,0,0,0,157
397,429,1,1,1,1,1,1,1,0,0,0,0,0,0,157
397,461,1,1,1,1,1,1,1,0,0,0,0,0,0,157
397,269,1,1,1,1,0,0,1,0,1,1,1,0,98,157
397,141,1,1,1,1,1,1,1,0,0,0,0,0,111,157
397,398,2,1,1,1,0,0,1,0,1,1,1,0,111,157
397,392,2,0,0,1,0,0,0,0,0,0,0,0,132,157
397,388,2,0,0,1,0,0,0,0,0,0,0,0,118,157
397,412,2,1,1,1,0,0,1,0,1,1,1,0,111,157
397,428,2,1,1,1,0,0,1,0,1,1,1,0,111,157
397,460,2,1,1,1,0,0,1,0,1,1,1,0,111,157
397,268,2,1,1,1,0,0,1,0,1,1,1,0,118,157
397,140,2,1,1,1,0,0,1,0,1,1,1,0,133,157
397,395,2,1,0,1,0,0,0,0,0,0,0,0,92,157
397,391,2,1,1,1,1,1,1,0,0,0,0,0,98,157
397,415,2,1,1,1,1,1,1,0,0,0,0,0,0,157
397,431,2,1,1,1,1,1,1,0,0,0,0,0,0,157
397,463,2,1,1,1,1,1,1,0,0,0,0,0,0,157
397,271,2,1,1,1,0,0,1,0,1,1,1,0,98,157
397,143,2,1,1,1,1,1,1,0,0,0,0,0,111,157
397,385,2,0,0,1,0,0,0,0,0,0,0,0,126,157
397,409,2,1,0,1,0,0,0,0,0,0,0,0,92,157
397,425,2,1,0,1,0,0,0,0,0,0,0,0,92,157
397,457,2,0,0,1,0,0,0,0,0,0,0,0,92,157
397,265,2,0,0,1,0,0,0,0,0,0,0,0,126,157
397,137,2,0,0,1,0,0,0,0,0,0,0,0,132,157
397,405,2,1,1,1,1,1,1,0,0,0,0,0,98,157
397,421,2,1,1,1,1,1,1,0,0,0,0,0,98,157
397,453,2,1,1,1,1,1,1,0,0,0,0,0,98,157
397,261,2,0,0,1,0,0,0,0,0,0,0,0,104,157
397,133,2,1,1,1,1,1,1,0,0,0,0,0,118,157
397,445,2,1,1,1,1,1,1,0,0,0,0,0,0,157
397,477,2,1,1,1,1,1,1,0,0,0,0,0,0,157
397,285,2,1,1,1,0,0,1,0,1,1,1,0,98,157
397,157,2,1,1,1,1,1,1,0,0,0,0,0,111,157
397,493,2,1,1,1,1,1,1,0,0,0,0,0,0,157
397,301,2,1,1,1,0,0,1,0,1,1,1,0,98,157
397,173,2,1,1,1,1,1,1,0,0,0,0,0,111,157
397,333,2,1,1,1,0,0,1,0,1,1,1,0,98,157
397,205,2,1,1,1,1,1,1,0,0,0,0,0,111,157
397,13,2,0,0,1,0,0,0,0,0,0,0,0,118,157
398,398,0,1,1,1,1,1,1,0,0,0,0,0,0,110
398,399,1,1,1,1,1,1,1,0,0,0,0,0,0,110
398,396,1,1,1,1,0,0,1,0,1,1,1,0,42,110
398,394,1,1,1,1,1,1,1,0,0,0,0,0,67,110
398,390,1,1,1,1,1,1,1,0,0,0,0,0,74,110
398,414,1,1,1,1,1,1,1,0,0,0,0,0,0,110
398,430,1,1,1,1,1,1,1,0,0,0,0,0,0,110
398,462,1,1,1,1,1,1,1,0,0,0,0,0,0,110
398,270,1,1,1,1,0,0,1,0,1,1,1,0,42,110
398,142,1,1,1,1,1,1,1,0,0,0,0,0,67,110
398,397,2,1,1,1,0,0,1,0,1,1,1,0,42,110
398,395,2,1,1,1,1,1,1,0,0,0,0,0,67,110
398,391,2,1,1,1,1,1,1,0,0,0,0,0,74,110
398,415,2,1,1,1,1,1,1,0,0,0,0,0,0,110
398,431,2,1,1,1,1,1,1,0,0,0,0,0,0,110
398,463,2,1,1,1,1,1,1,0,0,0,0,0,0,110
398,271,2,1,1,1,0,0,1,0,1,1,1,0,42,110
398,143,2,1,1,1,1,1,1,0,0,0,0,0,67,110
398,392,2,0,0,1,0,0,0,0,0,0,0,0,71,110
398,388,2,0,0,1,0,0,0,0,0,0,0,0,78,110
398,412,2,1,1,1,0,0,1,0,1,1,1,0,42,110
398,428,2,1,1,1,0,0,1,0,1,1,1,0,42,110
398,460,2,1,1,1,0,0,1,0,1,1,1,0,42,110
398,268,2,1,1,1,0,0,1,0,1,1,1,0,57,110
398,140,2,1,1,1,0,0,1,0,1,1,1,0,77,110
398,386,2,1,1,1,1,1,1,0,0,0,0,0,91,110
398,410,2,1,1,1,1,1,1,0,0,0,0,0,67,110
398,426,2,1,1,1,1,1,1,0,0,0,0,0,67,110
398,458,2,1,1,1,1,1,1,0,0,0,0,0,67,110
398,266,2,1,1,1,0,0,1,0,1,1,1,0,77,110
398,138,2,1,1,1,1,1,1,0,0,0,0,0,90,110
398,406,2,1,1,1,1,1,1,0,0,0,0,0,74,110
398,422,2,1,1,1,1,1,1,0,0,0,0,0,74,110
398,454,2,1,1,1,1,1,1,0,0,0,0,0,74,110
398,262,2,0,0,1,0,0,0,0,0,0,0,0,78,110
398,134,2,1,1,1,1,1,1,0,0,0,0,0,91,110
398,446,2,1,1,1,1,1,1,0,0,0,0,0,0,110
398,478,2,1,1,1,1,1,1,0,0,0,0,0,0,110
398,286,2,1,1,1,0,0,1,0,1,1,1,0,42,110
398,158,2,1,1,1,1,1,1,0,0,0,0,0,67,110
398,494,2,1,1,1,1,1,1,0,0,0,0,0,0,110
398,302,2,1,1,1,0,0,1,0,1,1,1,0,42,110
398,174,2,1,1,1,1,1,1,0,0,0,0,0,67,110
398,334,2,1,1,1,0,0,1,0,1,1,1,0,42,110
398,206,2,1,1,1,1,1,1,0,0,0,0,0,67,110
398,14,2,0,0,1,0,0,0,0,0,0,0,0,71,110
399,399,0,1,1,1,1,1,1,0,0,0,0,0,0,158
399,398,1,1,1,1,1,1,1,0,0,0,0,0,111,158
399,397,1,1,1,1,0,0,1,0,1,1,1,0,55,158
399,395,1,1,1,1,1,1,1,0,0,0,0,0,92,158
399,391,1,1,1,1,1,1,1,0,0,0,0,0,98,158
399,415,1,1,1,1,1,1,1,0,0,0,0,0,0,158
399,431,1,1,1,1,1,1,1,0,0,0,0,0,0,158
399,463,1,1,1,1,1,1,1,0,0,0,0,0,0,158
399,271,1,1,1,1,0,0,1,0,1,1,1,0,98,158
399,143,1,1,1,1,1,1,1,0,0,0,0,0,111,158
399,396,2,1,1,1,0,0,1,0,1,1,1,0,116,158
399,394,2,1,1,1,1,1,1,0,0,0,0,0,132,158
399,390,2,1,1,1,1,1,1,0,0,0,0,0,118,158
399,414,2,1,1,1,1,1,1,0,0,0,0,0,111,158
399,430,2,1,1,1,1,1,1,0,0,0,0,0,111,158
399,462,2,1,1,1,1,1,1,0,0,0,0,0,111,158
399,270,2,1,1,1,0,0,1,0,1,1,1,0,118,158
399,142,2,1,1,1,1,1,1,0,0,0,0,0,133,158
399,393,2,0,0,1,0,0,0,0,0,0,0,0,96,158
399,389,2,1,1,1,0,0,1,0,1,1,1,0,103,158
399,413,2,1,1,1,0,0,1,0,1,1,1,0,55,158
399,429,2,1,1,1,0,0,1,0,1,1,1,0,55,158
399,461,2,1,1,1,0,0,1,0,1,1,1,0,55,158
399,269,2,1,1,1,0,0,1,0,1,1,1,0,102,158
399,141,2,1,1,1,0,0,1,0,1,1,1,0,115,158
399,387,2,1,1,1,1,1,1,0,0,0,0,0,126,158
399,411,2,1,1,1,1,1,1,0,0,0,0,0,92,158
399,427,2,1,1,1,1,1,1,0,0,0,0,0,92,158
399,459,2,1,1,1,1,1,1,0,0,0,0,0,92,158
399,267,2,1,1,1,0,0,1,0,1,1,1,0,126,158
399,139,2,1,1,1,1,1,1,0,0,0,0,0,132,158
399,407,2,1,1,1,1,1,1,0,0,0,0,0,98,158
399,423,2,1,1,1,1,1,1,0,0,0,0,0,98,158
399,455,2,1,1,1,1,1,1,0,0,0,0,0,98,158
399,263,2,0,0,1,0,0,0,0,0,0,0,0,104,158
399,135,2,1,1,1,1,1,1,0,0,0,0,0,118,158
399,447,2,1,1,1,1,1,1,0,0,0,0,0,0,158
399,479,2,1,1,1,1,1,1,0,0,0,0,0,0,158
399,287,2,1,1,1,0,0,1,0,1,1,1,0,98,158
399,159,2,1,1,1,1,1,1,0,0,0,0,0,111,158
399,495,2,1,1,1,1,1,1,0,0,0,0,0,0,158
399,303,2,1,1,1,0,0,1,0,1,1,1,0,98,158
399,175,2,1,1,1,1,1,1,0,0,0,0,0,111,158
399,335,2,1,1,1,0,0,1,0,1,1,1,0,98,158
399,207,2,1,1,1,1,1,1,0,0,0,0,0,111,158
399,15,2,0,0,1,0,0,0,0,0,0,0,0,118,158
400,400,0,1,1,1,1,1,1,0,0,0,0,0,0,15
400,401,1,1,1,1,1,1,1,0,0,0,0,0,0,15
400,402,1,1,1,1,1,1,1,0,0,0,0,0,0,15
400,404,1,1,1,1,1,1,1,0,0,0,0,0,0,15
400,408,1,1,1,1,1,1,1,0,0,0,0,0,0,15
400,384,1,0,0,1,0,0,0,0,0,0,0,0,4,15
400,432,1,1,1,1,1,1,1,0,0,0,0,0,0,15
400,464,1,1,1,1,1,1,1,0,0,0,0,0,0,15
400,272,1,1,1,1,1,1,1,0,0,0,0,0,4,15
400,144,1,1,1,1,1,1,1,0,0,0,0,0,4,15
400,403,2,1,1,1,1,1,1,0,0,0,0,0,0,15
400,405,2,1,1,1,1,1,1,0,0,0,0,0,0,15
400,409,2,1,1,1,1,1,1,0,0,0,0,0,0,15
400,385,2,0,0,1,0,0,0,0,0,0,0,0,4,15
400,433,2,1,1,1,1,1,1,0,0,0,0,0,0,15
400,465,2,1,1,1,1,1,1,0,0,0,0,0,0,15
400,273,2,1,1,1,1,1,1,0,0,0,0,0,4,15
400,145,2,1,1,1,1,1,1,0,0,0,0,0,4,15
400,406,2,1,1,1,1,1,1,0,0,0,0,0,0,15
400,410,2,1,1,1,1,1,1,0,0,0,0,0,0,15
400,386,2,1,0,1,0,0,0,0,0,0,0,0,4,15
400,434,2,1,1,1,1,1,1,0,0,0,0,0,0,15
400,466,2,1,1,1,1,1,1,0,0,0,0,0,0,15
400,274,2,1,1,1,1,1,1,0,0,0,0,0,4,15
400,146,2,1,1,1,1,1,1,0,0,0,0,0,4,15
400,412,2,1,1,1,1,1,1,0,0,0,0,0,0,15
400,388,2,0,0,1,0,0,0,0,0,0,0,0,4,15
400,436,2,1,1,1,1,1,1,0,0,0,0,0,0,15
400,468,2,1,1,1,1,1,1,0,0,0,0,0,0,15
400,276,2,1,1,1,1,1,1,0,0,0,0,0,4,15
400,148,2,1,1,1,1,1,1,0,0,0,0,0,4,15
400,392,2,0,0,1,0,0,0,0,0,0,0,0,4,15
400,440,2,1,1,1,1,1,1,0,0,0,0,0,0,15
400,472,2,1,1,1,1,1,1,0,0,0,0,0,0,15
400,280,2,1,1,1,1,1,1,0,0,0,0,0,4,15
400,152,2,1,1,1,1,1,1,0,0,0,0,0,4,15
400,416,2,0,0,1,0,0,0,0,0,0,0,0,4,15
400,448,2,0,0,1,0,0,0,0,0,0,0,0,4,15
400,256,2,0,0,1,0,0,0,0,0,0,0,0,8,15
400,128,2,0,0,1,0,0,0,0,0,0,0,0,8,15
400,496,2,1,1,1,1,1,1,0,0,0,0,0,0,15
400,304,2,1,1,1,1,1,1,0,0,0,0,0,4,15
400,176,2,1,1,1,1,1,1,0,0,0,0,0,4,15
400,336,2,1,1,1,1,1,1,0,0,0,0,0,4,15
400,208,2,1,1,1,1,1,1,0,0,0,0,0,4,15
400,16,2,1,1,1,1,1,1,0,0,0,0,0,8,15
401,401,0,1,1,1,1,1,1,0,0,0,0,0,0,44
401,400,1,1,1,1,1,1,1,0,0,0,0,0,24,44
401,403,1,1,1,1,1,1,1,0,0,0,0,0,0,44
401,405,1,1,1,1,1,1,1,0,0,0,0,0,0,44
401,409,1,1,1,1,1,1,1,0,0,0,0,0,0,44
401,385,1,0,0,1,0,0,0,0,0,0,0,0,6,44
401,433,1,1,1,1,1,1,1,0,0,0,0,0,0,44
401,465,1,1,1,1,1,1,1,0,0,0,0,0,0,44
401,273,1,1,1,1,1,1,1,0,0,0,0,0,20,44
401,145,1,1,1,1,1,1,1,0,0,0,0,0,24,44
401,402,2,1,1,1,1,1,1,0,0,0,0,0,24,44
401,404,2,1,1,1,1,1,1,0,0,0,0,0,24,44
401,408,2,1,1,1,1,1,1,0,0,0,0,0,24,44
401,384,2,0,0,1,0,0,0,0,0,0,0,0,30,44
401,432,2,1,1,1,1,1,1,0,0,0,0,0,24,44
401,464,2,1,1,1,1,1,1,0,0,0,0,0,24,44
401,272,2,1,1,1,1,1,1,0,0,0,0,0,26,44
401,144,2,1,1,1,1,1,1,0,0,0,0,0,32,44
401,407,2,1,1,1,1,1,1,0,0,0,0,0,0,44
401,411,2,1,1,1,1,1,1,0,0,0,0,0,0,44
401,387,2,1,0,1,0,0,0,0,0,0,0,0,6,44
401,435,2,1,1,1,1,1,1,0,0,0,0,0,0,44
401,467,2,1,1,1,1,1,1,0,0,0,0,0,0,44
401,275,2,1,1,1,1,1,1,0,0,0,0,0,20,44
401,147,2,1,1,1,1,1,1,0,0,0,0,0,24,44
401,413,2,1,1,1,1,1,1,0,0,0,0,0,0,44
401,389,2,1,0,1,0,0,0,0,0,0,0,0,6,44
401,437,2,1,1,1,1,1,1,0,0,0,0,0,0,44
401,469,2,1,1,1,1,1,1,0,0,0,0,0,0,44
401,277,2,1,1,1,1,1,1,0,0,0,0,0,20,44
401,149,2,1,1,1,1,1,1,0,0,0,0,0,24,44
401,393,2,0,0,1,0,0,0,0,0,0,0,0,6,44
401,441,2,1,1,1,1,1,1,0,0,0,0,0,0,44
401,473,2,1,1,1,1,1,1,0,0,0,0,0,0,44
401,281,2,1,1,1,1,1,1,0,0,0,0,0,20,44
401,153,2,1,1,1,1,1,1,0,0,0,0,0,24,44
401,417,2,1,0,1,0,0,0,0,0,0,0,0,6,44
401,449,2,0,0,1,0,0,0,0,0,0,0,0,6,44
401,257,2,0,0,1,0,0,0,0,0,0,0,0,26,44
401,129,2,0,0,1,0,0,0,0,0,0,0,0,30,44
401,497,2,1,1,1,1,1,1,0,0,0,0,0,0,44
401,305,2,1,1,1,1,1,1,0,0,0,0,0,20,44
401,177,2,1,1,1,1,1,1,0,0,0,0,0,24,44
401,337,2,1,1,1,1,1,1,0,0,0,0,0,20,44
401,209,2,1,1,1,1,1,1,0,0,0,0,0,24,44
401,17,2,1,1,1,1,1,1,0,0,0,0,0,27,44
402,402,0,1,1,1,1,1,1,0,0,0,0,0,0,44
402,403,1,1,1,1,1,1,1,0,0,0,0,0,0,44
402,400,1,1,1,1,1,1,1,0,0,0,0,0,26,44
402,406,1,1,1,1,1,1,1,0,0,0,0,0,0,44
402,410,1,1,1,1,1,1,1,0,0,0,0,0,0,44
402,386,1,1,1,1,0,0,1,0,1,1,1,0,6,44
402,434,1,1,1,1,1,1,1,0,0,0,0,0,0,44
402,466,1,1,1,1,1,1,1,0,0,0,0,0,0,44
402,274,1,1,1,1,1,1,1,0,0,0,0,0,16,44
402,146,1,1,1,1,1,1,1,0,0,0,0,0,16,44
402,401,2,1,1,1,1,1,1,0,0,0,0,0,26,44
402,407,2,1,1,1,1,1,1,0,0,0,0,0,0,44
402,411,2,1,1,1,1,1,1,0,0,0,0,0,0,44
402,387,2,1,1,1,0,0,1,0,1,1,1,0,6,44
402,435,2,1,1,1,1,1,1,0,0,0,0,0,0,44
402,467,2,1,1,1,1,1,1,0,0,0,0,0,0,44
402,275,2,1,1,1,1,1,1,0,0,0,0,0,16,44
402,147,2,1,1,1,1,1,1,0,0,0,0,0,16,44
402,404,2,1,1,1,1,1,1,0,0,0,0,0,26,44
402,408,2,1,1,1,1,1,1,0,0,0,0,0,26,44
402,384,2,0,0,1,0,0,0,0,0,0,0,0,27,44
402,432,2,1,1,1,1,1,1,0,0,0,0,0,26,44
402,464,2,1,1,1,1,1,1,0,0,0,0,0,26,44
402,272,2,1,1,1,1,1,1,0,0,0,0,0,32,44
402,144,2,1,1,1,1,1,1,0,0,0,0,0,32,44
402,414,2,1,1,1,1,1,1,0,0,0,0,0,0,44
402,390,2,1,1,1,0,0,1,0,1,1,1,0,6,44
402,438,2,1,1,1,1,1,1,0,0,0,0,0,0,44
402,470,2,1,1,1,1,1,1,0,0,0,0,0,0,44
402,278,2,1,1,1,1,1,1,0,0,0,0,0,16,44
402,150,2,1,1,1,1,1,1,0,0,0,0,0,16,44
402,394,2,1,1,1,0,0,1,0,1,1,1,0,6,44
402,442,2,1,1,1,1,1,1,0,0,0,0,0,0,44
402,474,2,1,1,1,1,1,1,0,0,0,0,0,0,44
402,282,2,1,1,1,1,1,1,0,0,0,0,0,16,44
402,154,2,1,1,1,1,1,1,0,0,0,0,0,16,44
402,418,2,1,1,1,0,0,1,0,1,1,1,0,6,44
402,450,2,1,1,1,0,0,1,0,1,1,1,0,6,44
402,258,2,0,0,1,0,0,0,0,0,0,0,0,17,44
402,130,2,1,1,1,0,0,1,0,1,1,1,0,22,44
402,498,2,1,1,1,1,1,1,0,0,0,0,0,0,44
402,306,2,1,1,1,1,1,1,0,0,0,0,0,16,44
402,178,2,1,1,1,1,1,1,0,0,0,0,0,16,44
402,338,2,1,1,1,1,1,1,0,0,0,0,0,16,44
402,210,2,1,1,1,1,1,1,0,0,0,0,0,16,44
402,18,2,1,1,1,1,1,1,0,0,0,0,0,32,44
403,403,0,1,1,1,1,1,1,0,0,0,0,0,0,103
403,402,1,1,1,1,1,1,1,0,0,0,0,0,78,103
403,401,1,1,1,1,1,1,1,0,0,0,0,0,48,103
403,407,1,1,1,1,1,1,1,0,0,0,0,0,0,103
403,411,1,1,1,1,1,1,1,0,0,0,0,0,0,103
403,387,1,1,1,1,0,0,1,0,1,1,1,0,8,103
403,435,1,1,1,1,1,1,1,0,0,0,0,0,0,103
403,467,1,1,1,1,1,1,1,0,0,0,0,0,0,103
403,275,1,1,1,1,1,1,1,0,0,0,0,0,48,103
403,147,1,1,1,1,1,1,1,0,0,0,0,0,78,103
403,400,2,1,1,1,1,1,1,0,0,0,0,0,83,103
403,406,2,1,1,1,1,1,1,0,0,0,0,0,78,103
403,410,2,1,1,1,1,1,1,0,0,0,0,0,78,103
403,386,2,1,1,1,0,0,1,0,1,1,1,0,80,103
403,434,2,1,1,1,1,1,1,0,0,0,0,0,78,103
403,466,2,1,1,1,1,1,1,0,0,0,0,0,78,103
403,274,2,1,1,1,1,1,1,0,0,0,0,0,82,103
403,146,2,1,1,1,1,1,1,0,0,0,0,0,90,103
403,405,2,1,1,1,1,1,1,0,0,0,0,0,48,103
403,409,2,1,1,1,1,1,1,0,0,0,0,0,48,103
403,385,2,0,0,1,0,0,0,0,0,0,0,0,49,103
403,433,2,1,1,1,1,1,1,0,0,0,0,0,48,103
403,465,2,1,1,1,1,1,1,0,0,0,0,0,48,103
403,273,2,1,1,1,1,1,1,0,0,0,0,0,76,103
403,145,2,1,1,1,1,1,1,0,0,0,0,0,82,103
403,415,2,1,1,1,1,1,1,0,0,0,0,0,0,103
403,391,2,1,1,1,0,0,1,0,1,1,1,0,8,103
403,439,2,1,1,1,1,1,1,0,0,0,0,0,0,103
403,471,2,1,1,1,1,1,1,0,0,0,0,0,0,103
403,279,2,1,1,1,1,1,1,0,0,0,0,0,48,103
403,151,2,1,1,1,1,1,1,0,0,0,0,0,78,103
403,395,2,1,1,1,0,0,1,0,1,1,1,0,8,103
403,443,2,1,1,1,1,1,1,0,0,0,0,0,0,103
403,475,2,1,1,1,1,1,1,0,0,0,0,0,0,103
403,283,2,1,1,1,1,1,1,0,0,0,0,0,48,103
403,155,2,1,1,1,1,1,1,0,0,0,0,0,78,103
403,419,2,1,1,1,0,0,1,0,1,1,1,0,8,103
403,451,2,1,1,1,0,0,1,0,1,1,1,0,8,103
403,259,2,0,0,1,0,0,0,0,0,0,0,0,49,103
403,131,2,1,1,1,0,0,1,0,1,1,1,0,80,103
403,499,2,1,1,1,1,1,1,0,0,0,0,0,0,103
403,307,2,1,1,1,1,1,1,0,0,0,0,0,48,103
403,179,2,1,1,1,1,1,1,0,0,0,0,0,78,103
403,339,2,1,1,1,1,1,1,0,0,0,0,0,48,103
403,211,2,1,1,1,1,1,1,0,0,0,0,0,78,103
403,19,2,1,1,1,1,1,1,0,0,0,0,0,83,103
404,404,0,1,1,1,1,1,1,0,0,0,0,0,0,44
404,405,1,1,1,1,1,1,1,0,0,0,0,0,0,44
404,406,1,1,1,1,1,1,1,0,0,0,0,0,0,44
404,400,1,1,1,1,1,1,1,0,0,0,0,0,21,44
404,412,1,1,1,1,1,1,1,0,0,0,0,0,0,44
404,388,1,0,0,1,0,0,0,0,0,0,0,0,6,44
404,436,1,1,1,1,1,1,1,0,0,0,0,0,0,44
404,468,1,1,1,1,1,1,1,0,0,0,0,0,0,44
404,276,1,1,1,1,1,1,1,0,0,0,0,0,16,44
404,148,1,1,1,1,1,1,1,0,0,0,0,0,16,44
404,407,2,1,1,1,1,1,1,0,0,0,0,0,0,44
404,401,2,1,1,1,1,1,1,0,0,0,0,0,21,44
404,413,2,1,1,1,1,1,1,0,0,0,0,0,0,44
404,389,2,1,0,1,0,0,0,0,0,0,0,0,6,44
404,437,2,1,1,1,1,1,1,0,0,0,0,0,0,44
404,469,2,1,1,1,1,1,1,0,0,0,0,0,0,44
404,277,2,1,1,1,1,1,1,0,0,0,0,0,16,44
404,149,2,1,1,1,1,1,1,0,0,0,0,0,16,44
404,402,2,1,1,1,1,1,1,0,0,0,0,0,21,44
404,414,2,1,1,1,1,1,1,0,0,0,0,0,0,44
404,390,2,1,0,1,0,0,0,0,0,0,0,0,6,44
404,438,2,1,1,1,1,1,1,0,0,0,0,0,0,44
404,470,2,1,1,1,1,1,1,0,0,0,0,0,0,44
404,278,2,1,1,1,1,1,1,0,0,0,0,0,16,44
404,150,2,1,1,1,1,1,1,0,0,0,0,0,16,44
404,408,2,1,1,1,1,1,1,0,0,0,0,0,21,44
404,384,2,0,0,1,0,0,0,0,0,0,0,0,27,44
404,432,2,1,1,1,1,1,1,0,0,0,0,0,21,44
404,464,2,1,1,1,1,1,1,0,0,0,0,0,21,44
404,272,2,1,1,1,1,1,1,0,0,0,0,0,27,44
404,144,2,1,1,1,1,1,1,0,0,0,0,0,27,44
404,396,2,1,0,1,0,0,0,0,0,0,0,0,6,44
404,444,2,1,1,1,1,1,1,0,0,0,0,0,0,44
404,476,2,1,1,1,1,1,1,0,0,0,0,0,0,44
404,284,2,1,1,1,1,1,1,0,0,0,0,0,16,44
404,156,2,1,1,1,1,1,1,0,0,0,0,0,16,44
404,420,2,0,0,1,0,0,0,0,0,0,0,0,6,44
404,452,2,0,0,1,0,0,0,0,0,0,0,0,6,44
404,260,2,0,0,1,0,0,0,0,0,0,0,0,22,44
404,132,2,0,0,1,0,0,0,0,0,0,0,0,22,44
404,500,2,1,1,1,1,1,1,0,0,0,0,0,0,44
404,308,2,1,1,1,1,1,1,0,0,0,0,0,16,44
404,180,2,1,1,1,1,1,1,0,0,0,0,0,16,44
404,340,2,1,1,1,1,1,1,0,0,0,0,0,16,44
404,212,2,1,1,1,1,1,1,0,0,0,0,0,16,44
404,20,2,1,1,1,1,1,1,0,0,0,0,0,27,44
405,405,0,1,1,1,1,1,1,0,0,0,0,0,0,157
405,404,1,1,1,1,1,1,1,0,0,0,0,0,111,157
405,407,1,1,1,1,1,1,1,0,0,0,0,0,0,157
405,401,1,1,1,1,1,1,1,0,0,0,0,0,92,157
405,413,1,1,1,1,1,1,1,0,0,0,0,0,0,157
405,389,1,1,1,1,0,0,1,0,1,1,1,0,9,157
405,437,1,1,1,1,1,1,1,0,0,0,0,0,0,157
405,469,1,1,1,1,1,1,1,0,0,0,0,0,0,157
405,277,1,1,1,1,1,1,1,0,0,0,0,0,98,157
405,149,1,1,1,1,1,1,1,0,0,0,0,0,111,157
405,406,2,1,1,1,1,1,1,0,0,0,0,0,111,157
405,400,2,1,1,1,1,1,1,0,0,0,0,0,132,157
405,412,2,1,1,1,1,1,1,0,0,0,0,0,111,157
405,388,2,0,0,1,0,0,0,0,0,0,0,0,113,157
405,436,2,1,1,1,1,1,1,0,0,0,0,0,111,157
405,468,2,1,1,1,1,1,1,0,0,0,0,0,111,157
405,276,2,1,1,1,1,1,1,0,0,0,0,0,118,157
405,148,2,1,1,1,1,1,1,0,0,0,0,0,133,157
405,403,2,1,1,1,1,1,1,0,0,0,0,0,92,157
405,415,2,1,1,1,1,1,1,0,0,0,0,0,0,157
405,391,2,1,1,1,0,0,1,0,1,1,1,0,9,157
405,439,2,1,1,1,1,1,1,0,0,0,0,0,0,157
405,471,2,1,1,1,1,1,1,0,0,0,0,0,0,157
405,279,2,1,1,1,1,1,1,0,0,0,0,0,98,157
405,151,2,1,1,1,1,1,1,0,0,0,0,0,111,157
405,409,2,1,1,1,1,1,1,0,0,0,0,0,92,157
405,385,2,0,0,1,0,0,0,0,0,0,0,0,94,157
405,433,2,1,1,1,1,1,1,0,0,0,0,0,92,157
405,465,2,1,1,1,1,1,1,0,0,0,0,0,92,157
405,273,2,1,1,1,1,1,1,0,0,0,0,0,126,157
405,145,2,1,1,1,1,1,1,0,0,0,0,0,132,157
405,397,2,1,1,1,0,0,1,0,1,1,1,0,9,157
405,445,2,1,1,1,1,1,1,0,0,0,0,0,0,157
405,477,2,1,1,1,1,1,1,0,0,0,0,0,0,157
405,285,2,1,1,1,1,1,1,0,0,0,0,0,98,157
405,157,2,1,1,1,1,1,1,0,0,0,0,0,111,157
405,421,2,1,1,1,0,0,1,0,1,1,1,0,9,157
405,453,2,1,1,1,0,0,1,0,1,1,1,0,9,157
405,261,2,0,0,1,0,0,0,0,0,0,0,0,99,157
405,133,2,1,1,1,0,0,1,0,1,1,1,0,113,157
405,501,2,1,1,1,1,1,1,0,0,0,0,0,0,157
405,309,2,1,1,1,1,1,1,0,0,0,0,0,98,157
405,181,2,1,1,1,1,1,1,0,0,0,0,0,111,157
405,341,2,1,1,1,1,1,1,0,0,0,0,0,98,157
405,213,2,1,1,1,1,1,1,0,0,0,0,0,111,157
405,21,2,1,1,1,1,1,1,0,0,0,0,0,118,157
406,406,0,1,1,1,1,1,1,0,0,0,0,0,0,71
406,407,1,1,1,1,1,1,1,0,0,0,0,0,0,71
406,404,1,1,1,1,1,1,1,0,0,0,0,0,31,71
406,402,1,1,1,1,1,1,1,0,0,0,0,0,25,71
406,414,1,1,1,1,1,1,1,0,0,0,0,0,0,71
406,390,1,1,1,1,0,0,1,0,1,1,1,0,7,71
406,438,1,1,1,1,1,1,1,0,0,0,0,0,0,71
406,470,1,1,1,1,1,1,1,0,0,0,0,0,0,71
406,278,1,1,1,1,1,1,1,0,0,0,0,0,31,71
406,150,1,1,1,1,1,1,1,0,0,0,0,0,25,71
406,405,2,1,1,1,1,1,1,0,0,0,0,0,31,71
406,403,2,1,1,1,1,1,1,0,0,0,0,0,25,71
406,415,2,1,1,1,1,1,1,0,0,0,0,0,0,71
406,391,2,1,1,1,0,0,1,0,1,1,1,0,7,71
406,439,2,1,1,1,1,1,1,0,0,0,0,0,0,71
406,471,2,1,1,1,1,1,1,0,0,0,0,0,0,71
406,279,2,1,1,1,1,1,1,0,0,0,0,0,31,71
406,151,2,1,1,1,1,1,1,0,0,0,0,0,25,71
406,400,2,1,1,1,1,1,1,0,0,0,0,0,50,71
406,412,2,1,1,1,1,1,1,0,0,0,0,0,31,71
406,388,2,0,0,1,0,0,0,0,0,0,0,0,32,71
406,436,2,1,1,1,1,1,1,0,0,0,0,0,31,71
406,468,2,1,1,1,1,1,1,0,0,0,0,0,31,71
406,276,2,1,1,1,1,1,1,0,0,0,0,0,44,71
406,148,2,1,1,1,1,1,1,0,0,0,0,0,44,71
406,410,2,1,1,1,1,1,1,0,0,0,0,0,25,71
406,386,2,1,1,1,0,0,1,0,1,1,1,0,32,71
406,434,2,1,1,1,1,1,1,0,0,0,0,0,25,71
406,466,2,1,1,1,1,1,1,0,0,0,0,0,25,71
406,274,2,1,1,1,1,1,1,0,0,0,0,0,44,71
406,146,2,1,1,1,1,1,1,0,0,0,0,0,38,71
406,398,2,1,1,1,0,0,1,0,1,1,1,0,7,71
406,446,2,1,1,1,1,1,1,0,0,0,0,0,0,71
406,478,2,1,1,1,1,1,1,0,0,0,0,0,0,71
406,286,2,1,1,1,1,1,1,0,0,0,0,0,31,71
406,158,2,1,1,1,1,1,1,0,0,0,0,0,25,71
406,422,2,1,1,1,0,0,1,0,1,1,1,0,7,71
406,454,2,1,1,1,0,0,1,0,1,1,1,0,7,71
406,262,2,0,0,1,0,0,0,0,0,0,0,0,32,71
406,134,2,1,1,1,0,0,1,0,1,1,1,0,32,71
406,502,2,1,1,1,1,1,1,0,0,0,0,0,0,71
406,310,2,1,1,1,1,1,1,0,0,0,0,0,31,71
406,182,2,1,1,1,1,1,1,0,0,0,0,0,25,71
406,342,2,1,1,1,1,1,1,0,0,0,0,0,31,71
406,214,2,1,1,1,1,1,1,0,0,0,0,0,25,71
406,22,2,1,1,1,1,1,1,0,0,0,0,0,50,71
407,407,0,1,1,1,1,1,1,0,0,0,0,0,0,158
407,406,1,1,1,1,1,1,1,0,0,0,0,0,111,158
407,405,1,1,1,1,1,1,1,0,0,0,0,0,55,158
407,403,1,1,1,1,1,1,1,0,0,0,0,0,92,158
407,415,1,1,1,1,1,1,1,0,0,0,0,0,0,158
407,391,1,1,1,1,0,0,1,0,1,1,1,0,9,158
407,439,1,1,1,1,1,1,1,0,0,0,0,0,0,158
407,471,1,1,1,1,1,1,1,0,0,0,0,0,0,158
407,279,1,1,1,1,1,1,1,0,0,0,0,0,98,158
407,151,1,1,1,1,1,1,1,0,0,0,0,0,111,158
407,404,2,1,1,1,1,1,1,0,0,0,0,0,116,158
407,402,2,1,1,1,1,1,1,0,0,0,0,0,132,158
407,414,2,1,1,1,1,1,1,0,0,0,0,0,111,158
407,390,2,1,1,1,0,0,1,0,1,1,1,0,113,158
407,438,2,1,1,1,1,1,1,0,0,0,0,0,111,158
407,470,2,1,1,1,1,1,1,0,0,0,0,0,111,158
407,278,2,1,1,1,1,1,1,0,0,0,0,0,118,158
407,150,2,1,1,1,1,1,1,0,0,0,0,0,133,158
407,401,2,1,1,1,1,1,1,0,0,0,0,0,96,158
407,413,2,1,1,1,1,1,1,0,0,0,0,0,55,158
407,389,2,1,1,1,0,0,1,0,1,1,1,0,56,158
407,437,2,1,1,1,1,1,1,0,0,0,0,0,55,158
407,469,2,1,1,1,1,1,1,0,0,0,0,0,55,158
407,277,2,1,1,1,1,1,1,0,0,0,0,0,102,158
407,149,2,1,1,1,1,1,1,0,0,0,0,0,115,158
407,411,2,1,1,1,1,1,1,0,0,0,0,0,92,158
407,387,2,1,1,1,0,0,1,0,1,1,1,0,94,158
407,435,2,1,1,1,1,1,1,0,0,0,0,0,92,158
407,467,2,1,1,1,1,1,1,0,0,0,0,0,92,158
407,275,2,1,1,1,1,1,1,0,0,0,0,0,126,158
407,147,2,1,1,1,1,1,1,0,0,0,0,0,132,158
407,399,2,1,1,1,0,0,1,0,1,1,1,0,9,158
407,447,2,1,1,1,1,1,1,0,0,0,0,0,0,158
407,479,2,1,1,1,1,1,1,0,0,0,0,0,0,158
407,287,2,1,1,1,1,1,1,0,0,0,0,0,98,158
407,159,2,1,1,1,1,1,1,0,0,0,0,0,111,158
407,423,2,1,1,1,0,0,1,0,1,1,1,0,9,158
407,455,2,1,1,1,0,0,1,0,1,1,1,0,9,158
407,263,2,0,0,1,0,0,0,0,0,0,0,0,99,158
407,135,2,1,1,1,0,0,1,0,1,1,1,0,113,158
407,503,2,1,1,1,1,1,1,0,0,0,0,0,0,158
407,311,2,1,1,1,1,1,1,0,0,0,0,0,98,158
407,183,2,1,1,1,1,1,1,0,0,0,0,0,111,158
407,343,2,1,1,1,1,1,1,0,0,0,0,0,98,158
407,215,2,1,1,1,1,1,1,0,0,0,0,0,111,158
407,23,2,1,1,1,1,1,1,0,0,0,0,0,118,158
408,408,0,1,1,1,1,1,1,0,0,0,0,0,0,28
408,409,1,1,1,1,1,1,1,0,0,0,0,0,0,28
408,410,1,1,1,1,1,1,1,0,0,0,0,0,0,28
408,412,1,1,1,1,1,1,1,0,0,0,0,0,0,28
408,400,1,1,1,1,1,1,1,0,0,0,0,0,13,28
408,392,1,0,0,1,0,0,0,0,0,0,0,0,5,28
408,440,1,1,1,1,1,1,1,0,0,0,0,0,0,28
408,472,1,1,1,1,1,1,1,0,0,0,0,0,0,28
408,280,1,1,1,1,1,1,1,0,0,0,0,0,5,28
408,152,1,1,1,1,1,1,1,0,0,0,0,0,13,28
408,411,2,1,1,1,1,1,1,0,0,0,0,0,0,28
408,413,2,1,1,1,1,1,1,0,0,0,0,0,0,28
408,401,2,1,1,1,1,1,1,0,0,0,0,0,13,28
408,393,2,0,0,1,0,0,0,0,0,0,0,0,5,28
408,441,2,1,1,1,1,1,1,0,0,0,0,0,0,28
408,473,2,1,1,1,1,1,1,0,0,0,0,0,0,28
408,281,2,1,1,1,1,1,1,0,0,0,0,0,5,28
408,153,2,1,1,1,1,1,1,0,0,0,0,0,13,28
408,414,2,1,1,1,1,1,1,0,0,0,0,0,0,28
408,402,2,1,1,1,1,1,1,0,0,0,0,0,13,28
408,394,2,1,0,1,0,0,0,0,0,0,0,0,5,28
408,442,2,1,1,1,1,1,1,0,0,0,0,0,0,28
408,474,2,1,1,1,1,1,1,0,0,0,0,0,0,28
408,282,2,1,1,1,1,1,1,0,0,0,0,0,5,28
408,154,2,1,1,1,1,1,1,0,0,0,0,0,13,28
408,404,2,1,1,1,1,1,1,0,0,0,0,0,13,28
408,396,2,1,0,1,0,0,0,0,0,0,0,0,5,28
408,444,2,1,1,1,1,1,1,0,0,0,0,0,0,28
408,476,2,1,1,1,1,1,1,0,0,0,0,0,0,28
408,284,2,1,1,1,1,1,1,0,0,0,0,0,5,28
408,156,2,1,1,1,1,1,1,0,0,0,0,0,13,28
408,384,2,0,0,1,0,0,0,0,0,0,0,0,18,28
408,432,2,1,1,1,1,1,1,0,0,0,0,0,13,28
408,464,2,1,1,1,1,1,1,0,0,0,0,0,13,28
408,272,2,1,1,1,1,1,1,0,0,0,0,0,14,28
408,144,2,1,1,1,1,1,1,0,0,0,0,0,18,28
408,424,2,1,0,1,0,0,0,0,0,0,0,0,5,28
408,456,2,0,0,1,0,0,0,0,0,0,0,0,5,28
408,264,2,0,0,1,0,0,0,0,0,0,0,0,10,28
408,136,2,0,0,1,0,0,0,0,0,0,0,0,18,28
408,504,2,1,1,1,1,1,1,0,0,0,0,0,0,28
408,312,2,1,1,1,1,1,1,0,0,0,0,0,5,28
408,184,2,1,1,1,1,1,1,0,0,0,0,0,13,28
408,344,2,1,1,1,1,1,1,0,0,0,0,0,5,28
408,216,2,1,1,1,1,1,1,0,0,0,0,0,13,28
408,24,2,1,1,1,1,1,1,0,0,0,0,0,14,28
409,409,0,1,1,1,1,1,1,0,0,0,0,0,0,45
409,408,1,1,1,1,1,1,1,0,0,0,0,0,24,45
409,411,1,1,1,1,1,1,1,0,0,0,0,0,0,45
409,413,1,1,1,1,1,1,1,0,0,0,0,0,0,45
409,401,1,1,1,1,1,1,1,0,0,0,0,0,20,45
409,393,1,0,0,1,0,0,0,0,0,0,0,0,6,45
409,441,1,1,1,1,1,1,1,0,0,0,0,0,0,45
409,473,1,1,1,1,1,1,1,0,0,0,0,0,0,45
409,281,1,1,1,1,1,1,1,0,0,0,0,0,20,45
409,153,1,1,1,1,1,1,1,0,0,0,0,0,24,45
409,410,2,1,1,1,1,1,1,0,0,0,0,0,24,45
409,412,2,1,1,1,1,1,1,0,0,0,0,0,24,45
409,400,2,1,1,1,1,1,1,0,0,0,0,0,27,45
409,392,2,0,0,1,0,0,0,0,0,0,0,0,30,45
409,440,2,1,1,1,1,1,1,0,0,0,0,0,24,45
409,472,2,1,1,1,1,1,1,0,0,0,0,0,24,45
409,280,2,1,1,1,1,1,1,0,0,0,0,0,26,45
409,152,2,1,1,1,1,1,1,0,0,0,0,0,32,45
409,415,2,1,1,1,1,1,1,0,0,0,0,0,0,45
409,403,2,1,1,1,1,1,1,0,0,0,0,0,20,45
409,395,2,1,0,1,0,0,0,0,0,0,0,0,6,45
409,443,2,1,1,1,1,1,1,0,0,0,0,0,0,45
409,475,2,1,1,1,1,1,1,0,0,0,0,0,0,45
409,283,2,1,1,1,1,1,1,0,0,0,0,0,20,45
409,155,2,1,1,1,1,1,1,0,0,0,0,0,24,45
409,405,2,1,1,1,1,1,1,0,0,0,0,0,20,45
409,397,2,1,0,1,0,0,0,0,0,0,0,0,6,45
409,445,2,1,1,1,1,1,1,0,0,0,0,0,0,45
409,477,2,1,1,1,1,1,1,0,0,0,0,0,0,45
409,285,2,1,1,1,1,1,1,0,0,0,0,0,20,45
409,157,2,1,1,1,1,1,1,0,0,0,0,0,24,45
409,385,2,0,0,1,0,0,0,0,0,0,0,0,26,45
409,433,2,1,1,1,1,1,1,0,0,0,0,0,20,45
409,465,2,1,1,1,1,1,1,0,0,0,0,0,20,45
409,273,2,1,1,1,1,1,1,0,0,0,0,0,22,45
409,145,2,1,1,1,1,1,1,0,0,0,0,0,26,45
409,425,2,1,0,1,0,0,0,0,0,0,0,0,6,45
409,457,2,0,0,1,0,0,0,0,0,0,0,0,6,45
409,265,2,0,0,1,0,0,0,0,0,0,0,0,26,45
409,137,2,0,0,1,0,0,0,0,0,0,0,0,30,45
409,505,2,1,1,1,1,1,1,0,0,0,0,0,0,45
409,313,2,1,1,1,1,1,1,0,0,0,0,0,20,45
409,185,2,1,1,1,1,1,1,0,0,0,0,0,24,45
409,345,2,1,1,1,1,1,1,0,0,0,0,0,20,45
409,217,2,1,1,1,1,1,1,0,0,0,0,0,24,45
409,25,2,1,1,1,1,1,1,0,0,0,0,0,27,45
410,410,0,1,1,1,1,1,1,0,0,0,0,0,0,71
410,411,1,1,1,1,1,1,1,0,0,0,0,0,0,71
410,408,1,1,1,1,1,1,1,0,0,0,0,0,36,71
410,414,1,1,1,1,1,1,1,0,0,0,0,0,0,71
410,402,1,1,1,1,1,1,1,0,0,0,0,0,36,71
410,394,1,1,1,1,0,0,1,0,1,1,1,0,7,71
410,442,1,1,1,1,1,1,1,0,0,0,0,0,0,71
410,474,1,1,1,1,1,1,1,0,0,0,0,0,0,71
410,282,1,1,1,1,1,1,1,0,0,0,0,0,19,71
410,154,1,1,1,1,1,1,1,0,0,0,0,0,46,71
410,409,2,1,1,1,1,1,1,0,0,0,0,0,36,71
410,415,2,1,1,1,1,1,1,0,0,0,0,0,0,71
410,403,2,1,1,1,1,1,1,0,0,0,0,0,36,71
410,395,2,1,1,1,0,0,1,0,1,1,1,0,7,71
410,443,2,1,1,1,1,1,1,0,0,0,0,0,0,71
410,475,2,1,1,1,1,1,1,0,0,0,0,0,0,71
410,283,2,1,1,1,1,1,1,0,0,0,0,0,19,71
410,155,2,1,1,1,1,1,1,0,0,0,0,0,46,71
410,412,2,1,1,1,1,1,1,0,0,0,0,0,36,71
410,400,2,1,1,1,1,1,1,0,0,0,0,0,56,71
410,392,2,0,0,1,0,0,0,0,0,0,0,0,37,71
410,440,2,1,1,1,1,1,1,0,0,0,0,0,36,71
410,472,2,1,1,1,1,1,1,0,0,0,0,0,36,71
410,280,2,1,1,1,1,1,1,0,0,0,0,0,43,71
410,152,2,1,1,1,1,1,1,0,0,0,0,0,55,71
410,406,2,1,1,1,1,1,1,0,0,0,0,0,36,71
410,398,2,1,1,1,0,0,1,0,1,1,1,0,7,71
410,446,2,1,1,1,1,1,1,0,0,0,0,0,0,71
410,478,2,1,1,1,1,1,1,0,0,0,0,0,0,71
410,286,2,1,1,1,1,1,1,0,0,0,0,0,19,71
410,158,2,1,1,1,1,1,1,0,0,0,0,0,46,71
410,386,2,1,1,1,0,0,1,0,1,1,1,0,37,71
410,434,2,1,1,1,1,1,1,0,0,0,0,0,36,71
410,466,2,1,1,1,1,1,1,0,0,0,0,0,36,71
410,274,2,1,1,1,1,1,1,0,0,0,0,0,38,71
410,146,2,1,1,1,1,1,1,0,0,0,0,0,55,71
410,426,2,1,1,1,0,0,1,0,1,1,1,0,7,71
410,458,2,1,1,1,0,0,1,0,1,1,1,0,7,71
410,266,2,1,1,1,0,0,1,0,1,1,1,0,20,71
410,138,2,1,1,1,0,0,1,0,1,1,1,0,48,71
410,506,2,1,1,1,1,1,1,0,0,0,0,0,0,71
410,314,2,1,1,1,1,1,1,0,0,0,0,0,19,71
410,186,2,1,1,1,1,1,1,0,0,0,0,0,46,71
410,346,2,1,1,1,1,1,1,0,0,0,0,0,19,71
410,218,2,1,1,1,1,1,1,0,0,0,0,0,46,71
410,26,2,1,1,1,1,1,1,0,0,0,0,0,49,71
411,411,0,1,1,1,1,1,1,0,0,0,0,0,0,104
411,410,1,1,1,1,1,1,1,0,0,0,0,0,78,104
411,409,1,1,1,1,1,1,1,0,0,0,0,0,48,104
411,415,1,1,1,1,1,1,1,0,0,0,0,0,0,104
411,403,1,1,1,1,1,1,1,0,0,0,0,0,48,104
411,395,1,1,1,1,0,0,1,0,1,1,1,0,8,104
411,443,1,1,1,1,1,1,1,0,0,0,0,0,0,104
411,475,1,1,1,1,1,1,1,0,0,0,0,0,0,104
411,283,1,1,1,1,1,1,1,0,0,0,0,0,48,104
411,155,1,1,1,1,1,1,1,0,0,0,0,0,78,104
411,408,2,1,1,1,1,1,1,0,0,0,0,0,83,104
411,414,2,1,1,1,1,1,1,0,0,0,0,0,78,104
411,402,2,1,1,1,1,1,1,0,0,0,0,0,83,104
411,394,2,1,1,1,0,0,1,0,1,1,1,0,80,104
411,442,2,1,1,1,1,1,1,0,0,0,0,0,78,104
411,474,2,1,1,1,1,1,1,0,0,0,0,0,78,104
411,282,2,1,1,1,1,1,1,0,0,0,0,0,82,104
411,154,2,1,1,1,1,1,1,0,0,0,0,0,90,104
411,413,2,1,1,1,1,1,1,0,0,0,0,0,48,104
411,401,2,1,1,1,1,1,1,0,0,0,0,0,77,104
411,393,2,0,0,1,0,0,0,0,0,0,0,0,49,104
411,441,2,1,1,1,1,1,1,0,0,0,0,0,48,104
411,473,2,1,1,1,1,1,1,0,0,0,0,0,48,104
411,281,2,1,1,1,1,1,1,0,0,0,0,0,76,104
411,153,2,1,1,1,1,1,1,0,0,0,0,0,82,104
411,407,2,1,1,1,1,1,1,0,0,0,0,0,48,104
411,399,2,1,1,1,0,0,1,0,1,1,1,0,8,104
411,447,2,1,1,1,1,1,1,0,0,0,0,0,0,104
411,479,2,1,1,1,1,1,1,0,0,0,0,0,0,104
411,287,2,1,1,1,1,1,1,0,0,0,0,0,48,104
411,159,2,1,1,1,1,1,1,0,0,0,0,0,78,104
411,387,2,1,1,1,0,0,1,0,1,1,1,0,49,104
411,435,2,1,1,1,1,1,1,0,0,0,0,0,48,104
411,467,2,1,1,1,1,1,1,0,0,0,0,0,48,104
411,275,2,1,1,1,1,1,1,0,0,0,0,0,51,104
411,147,2,1,1,1,1,1,1,0,0,0,0,0,82,104
411,427,2,1,1,1,0,0,1,0,1,1,1,0,8,104
411,459,2,1,1,1,0,0,1,0,1,1,1,0,8,104
411,267,2,1,1,1,0,0,1,0,1,1,1,0,49,104
411,139,2,1,1,1,0,0,1,0,1,1,1,0,80,104
411,507,2,1,1,1,1,1,1,0,0,0,0,0,0,104
411,315,2,1,1,1,1,1,1,0,0,0,0,0,48,104
411,187,2,1,1,1,1,1,1,0,0,0,0,0,78,104
411,347,2,1,1,1,1,1,1,0,0,0,0,0,48,104
411,219,2,1,1,1,1,1,1,0,0,0,0,0,78,104
411,27,2,1,1,1,1,1,1,0,0,0,0,0,83,104
412,412,0,1,1,1,1,1,1,0,0,0,0,0,0,110
412,413,1,1,1,1,1,1,1,0,0,0,0,0,0,110
412,414,1,1,1,1,1,1,1,0,0,0,0,0,0,110
412,408,1,1,1,1,1,1,1,0,0,0,0,0,67,110
412,404,1,1,1,1,1,1,1,0,0,0,0,0,74,110
412,396,1,1,1,1,0,0,1,0,1,1,1,0,8,110
412,444,1,1,1,1,1,1,1,0,0,0,0,0,0,110
412,476,1,1,1,1,1,1,1,0,0,0,0,0,0,110
412,284,1,1,1,1,1,1,1,0,0,0,0,0,42,110
412,156,1,1,1,1,1,1,1,0,0,0,0,0,67,110
412,415,2,1,1,1,1,1,1,0,0,0,0,0,0,110
412,409,2,1,1,1,1,1,1,0,0,0,0,0,67,110
412,405,2,1,1,1,1,1,1,0,0,0,0,0,74,110
412,397,2,1,1,1,0,0,1,0,1,1,1,0,8,110
412,445,2,1,1,1,1,1,1,0,0,0,0,0,0,110
412,477,2,1,1,1,1,1,1,0,0,0,0,0,0,110
412,285,2,1,1,1,1,1,1,0,0,0,0,0,42,110
412,157,2,1,1,1,1,1,1,0,0,0,0,0,67,110
412,410,2,1,1,1,1,1,1,0,0,0,0,0,67,110
412,406,2,1,1,1,1,1,1,0,0,0,0,0,74,110
412,398,2,1,1,1,0,0,1,0,1,1,1,0,8,110
412,446,2,1,1,1,1,1,1,0,0,0,0,0,0,110
412,478,2,1,1,1,1,1,1,0,0,0,0,0,0,110
412,286,2,1,1,1,1,1,1,0,0,0,0,0,42,110
412,158,2,1,1,1,1,1,1,0,0,0,0,0,67,110
412,400,2,1,1,1,1,1,1,0,0,0,0,0,91,110
412,392,2,0,0,1,0,0,0,0,0,0,0,0,69,110
412,440,2,1,1,1,1,1,1,0,0,0,0,0,67,110
412,472,2,1,1,1,1,1,1,0,0,0,0,0,67,110
412,280,2,1,1,1,1,1,1,0,0,0,0,0,77,110
412,152,2,1,1,1,1,1,1,0,0,0,0,0,90,110
412,388,2,0,0,1,0,0,0,0,0,0,0,0,75,110
412,436,2,1,1,1,1,1,1,0,0,0,0,0,74,110
412,468,2,1,1,1,1,1,1,0,0,0,0,0,74,110
412,276,2,1,1,1,1,1,1,0,0,0,0,0,78,110
412,148,2,1,1,1,1,1,1,0,0,0,0,0,91,110
412,428,2,1,1,1,0,0,1,0,1,1,1,0,8,110
412,460,2,1,1,1,0,0,1,0,1,1,1,0,8,110
412,268,2,1,1,1,0,0,1,0,1,1,1,0,43,110
412,140,2,1,1,1,0,0,1,0,1,1,1,0,69,110
412,508,2,1,1,1,1,1,1,0,0,0,0,0,0,110
412,316,2,1,1,1,1,1,1,0,0,0,0,0,42,110
412,188,2,1,1,1,1,1,1,0,0,0,0,0,67,110
412,348,2,1,1,1,1,1,1,0,0,0,0,0,42,110
412,220,2,1,1,1,1,1,1,0,0,0,0,0,67,110
412,28,2,1,1,1,1,1,1,0,0,0,0,0,71,110
413,413,0,1,1,1,1,1,1,0,0,0,0,0,0,158
413,412,1,1,1,1,1,1,1,0,0,0,0,0,111,158
413,415,1,1,1,1,1,1,1,0,0,0,0,0,0,158
413,409,1,1,1,1,1,1,1,0,0,0,0,0,92,158
413,405,1,1,1,1,1,1,1,0,0,0,0,0,98,158
413,397,1,1,1,1,0,0,1,0,1,1,1,0,9,158
413,445,1,1,1,1,1,1,1,0,0,0,0,0,0,158
413,477,1,1,1,1,1,1,1,0,0,0,0,0,0,158
413,285,1,1,1,1,1,1,1,0,0,0,0,0,98,158
413,157,1,1,1,1,1,1,1,0,0,0,0,0,111,158
413,414,2,1,1,1,1,1,1,0,0,0,0,0,111,158
413,408,2,1,1,1,1,1,1,0,0,0,0,0,132,158
413,404,2,1,1,1,1,1,1,0,0,0,0,0,118,158
413,396,2,1,1,1,0,0,1,0,1,1,1,0,113,158
413,444,2,1,1,1,1,1,1,0,0,0,0,0,111,158
413,476,2,1,1,1,1,1,1,0,0,0,0,0,111,158
413,284,2,1,1,1,1,1,1,0,0,0,0,0,118,158
413,156,2,1,1,1,1,1,1,0,0,0,0,0,133,158
413,411,2,1,1,1,1,1,1,0,0,0,0,0,92,158
413,407,2,1,1,1,1,1,1,0,0,0,0,0,98,158
413,399,2,1,1,1,0,0,1,0,1,1,1,0,9,158
413,447,2,1,1,1,1,1,1,0,0,0,0,0,0,158
413,479,2,1,1,1,1,1,1,0,0,0,0,0,0,158
413,287,2,1,1,1,1,1,1,0,0,0,0,0,98,158
413,159,2,1,1,1,1,1,1,0,0,0,0,0,111,158
413,401,2,1,1,1,1,1,1,0,0,0,0,0,126,158
413,393,2,0,0,1,0,0,0,0,0,0,0,0,94,158
413,441,2,1,1,1,1,1,1,0,0,0,0,0,92,158
413,473,2,1,1,1,1,1,1,0,0,0,0,0,92,158
413,281,2,1,1,1,1,1,1,0,0,0,0,0,126,158
413,153,2,1,1,1,1,1,1,0,0,0,0,0,132,158
413,389,2,1,1,1,0,0,1,0,1,1,1,0,99,158
413,437,2,1,1,1,1,1,1,0,0,0,0,0,98,158
413,469,2,1,1,1,1,1,1,0,0,0,0,0,98,158
413,277,2,1,1,1,1,1,1,0,0,0,0,0,104,158
413,149,2,1,1,1,1,1,1,0,0,0,0,0,118,158
413,429,2,1,1,1,0,0,1,0,1,1,1,0,9,158
413,461,2,1,1,1,0,0,1,0,1,1,1,0,9,158
413,269,2,1,1,1,0,0,1,0,1,1,1,0,99,158
413,141,2,1,1,1,0,0,1,0,1,1,1,0,113,158
413,509,2,1,1,1,1,1,1,0,0,0,0,0,0,158
413,317,2,1,1,1,1,1,1,0,0,0,0,0,98,158
413,189,2,1,1,1,1,1,1,0,0,0,0,0,111,158
413,349,2,1,1,1,1,1,1,0,0,0,0,0,98,158
413,221,2,1,1,1,1,1,1,0,0,0,0,0,111,158
413,29,2,1,1,1,1,1,1,0,0,0,0,0,118,158
414,414,0,1,1,1,1,1,1,0,0,0,0,0,0,111
414,415,1,1,1,1,1,1,1,0,0,0,0,0,0,111
414,412,1,1,1,1,1,1,1,0,0,0,0,0,42,111
414,410,1,1,1,1,1,1,1,0,0,0,0,0,67,111
414,406,1,1,1,1,1,1,1,0,0,0,0,0,74,111
414,398,1,1,1,1,0,0,1,0,1,1,1,0,8,111
414,446,1,1,1,1,1,1,1,0,0,0,0,0,0,111
414,478,1,1,1,1,1,1,1,0,0,0,0,0,0,111
414,286,1,1,1,1,1,1,1,0,0,0,0,0,42,111
414,158,1,1,1,1,1,1,1,0,0,0,0,0,67,111
414,413,2,1,1,1,1,1,1,0,0,0,0,0,42,111
414,411,2,1,1,1,1,1,1,0,0,0,0,0,67,111
414,407,2,1,1,1,1,1,1,0,0,0,0,0,74,111
414,399,2,1,1,1,0,0,1,0,1,1,1,0,8,111
414,447,2,1,1,1,1,1,1,0,0,0,0,0,0,111
414,479,2,1,1,1,1,1,1,0,0,0,0,0,0,111
414,287,2,1,1,1,1,1,1,0,0,0,0,0,42,111
414,159,2,1,1,1,1,1,1,0,0,0,0,0,67,111
414,408,2,1,1,1,1,1,1,0,0,0,0,0,71,111
414,404,2,1,1,1,1,1,1,0,0,0,0,0,78,111
414,396,2,1,1,1,0,0,1,0,1,1,1,0,43,111
414,444,2,1,1,1,1,1,1,0,0,0,0,0,42,111
414,476,2,1,1,1,1,1,1,0,0,0,0,0,42,111
414,284,2,1,1,1,1,1,1,0,0,0,0,0,57,111
414,156,2,1,1,1,1,1,1,0,0,0,0,0,77,111
414,402,2,1,1,1,1,1,1,0,0,0,0,0,91,111
414,394,2,1,1,1,0,0,1,0,1,1,1,0,69,111
414,442,2,1,1,1,1,1,1,0,0,0,0,0,67,111
414,474,2,1,1,1,1,1,1,0,0,0,0,0,67,111
414,282,2,1,1,1,1,1,1,0,0,0,0,0,77,111
414,154,2,1,1,1,1,1,1,0,0,0,0,0,90,111
414,390,2,1,1,1,0,0,1,0,1,1,1,0,75,111
414,438,2,1,1,1,1,1,1,0,0,0,0,0,74,111
414,470,2,1,1,1,1,1,1,0,0,0,0,0,74,111
414,278,2,1,1,1,1,1,1,0,0,0,0,0,78,111
414,150,2,1,1,1,1,1,1,0,0,0,0,0,91,111
414,430,2,1,1,1,0,0,1,0,1,1,1,0,8,111
414,462,2,1,1,1,0,0,1,0,1,1,1,0,8,111
414,270,2,1,1,1,0,0,1,0,1,1,1,0,43,111
414,142,2,1,1,1,0,0,1,0,1,1,1,0,69,111
414,510,2,1,1,1,1,1,1,0,0,0,0,0,0,111
414,318,2,1,1,1,1,1,1,0,0,0,0,0,42,111
414,190,2,1,1,1,1,1,1,0,0,0,0,0,67,111
414,350,2,1,1,1,1,1,1,0,0,0,0,0,42,111
414,222,2,1,1,1,1,1,1,0,0,0,0,0,67,111
414,30,2,1,1,1,1,1,1,0,0,0,0,0,71,111
415,415,0,1,1,1,1,1,1,0,0,0,0,0,0,159
415,414,1,1,1,1,1,1,1,0,0,0,0,0,111,159
415,413,1,1,1,1,1,1,1,0,0,0,0,0,55,159
415,411,1,1,1,1,1,1,1,0,0,0,0,0,92,159
415,407,1,1,1,1,1,1,1,0,0,0,0,0,98,159
415,399,1,1,1,1,0,0,1,0,1,1,1,0,9,159
415,447,1,1,1,1,1,1,1,0,0,0,0,0,0,159
415,479,1,1,1,1,1,1,1,0,0,0,0,0,0,159
415,287,1,1,1,1,1,1,1,0,0,0,0,0,98,159
415,159,1,1,1,1,1,1,1,0,0,0,0,0,111,159
415,412,2,1,1,1,1,1,1,0,0,0,0,0,116,159
415,410,2,1,1,1,1,1,1,0,0,0,0,0,132,159
415,406,2,1,1,1,1,1,1,0,0,0,0,0,118,159
415,398,2,1,1,1,0,0,1,0,1,1,1,0,113,159
415,446,2,1,1,1,1,1,1,0,0,0,0,0,111,159
415,478,2,1,1,1,1,1,1,0,0,0,0,0,111,159
415,286,2,1,1,1,1,1,1,0,0,0,0,0,118,159
415,158,2,1,1,1,1,1,1,0,0,0,0,0,133,159
415,409,2,1,1,1,1,1,1,0,0,0,0,0,96,159
415,405,2,1,1,1,1,1,1,0,0,0,0,0,103,159
415,397,2,1,1,1,0,0,1,0,1,1,1,0,56,159
415,445,2,1,1,1,1,1,1,0,0,0,0,0,55,159
415,477,2,1,1,1,1,1,1,0,0,0,0,0,55,159
415,285,2,1,1,1,1,1,1,0,0,0,0,0,102,159
415,157,2,1,1,1,1,1,1,0,0,0,0,0,115,159
415,403,2,1,1,1,1,1,1,0,0,0,0,0,126,159
415,395,2,1,1,1,0,0,1,0,1,1,1,0,94,159
415,443,2,1,1,1,1,1,1,0,0,0,0,0,92,159
415,475,2,1,1,1,1,1,1,0,0,0,0,0,92,159
415,283,2,1,1,1,1,1,1,0,0,0,0,0,126,159
415,155,2,1,1,1,1,1,1,0,0,0,0,0,132,159
415,391,2,1,1,1,0,0,1,0,1,1,1,0,99,159
415,439,2,1,1,1,1,1,1,0,0,0,0,0,98,159
415,471,2,1,1,1,1,1,1,0,0,0,0,0,98,159
415,279,2,1,1,1,1,1,1,0,0,0,0,0,104,159
415,151,2,1,1,1,1,1,1,0,0,0,0,0,118,159
415,431,2,1,1,1,0,0,1,0,1,1,1,0,9,159
415,463,2,1,1,1,0,0,1,0,1,1,1,0,9,159
415,271,2,1,1,1,0,0,1,0,1,1,1,0,99,159
415,143,2,1,1,1,0,0,1,0,1,1,1,0,113,159
415,511,2,1,1,1,1,1,1,0,0,0,0,0,0,159
415,319,2,1,1,1,1,1,1,0,0,0,0,0,98,159
415,191,2,1,1,1,1,1,1,0,0,0,0,0,111,159
415,351,2,1,1,1,1,1,1,0,0,0,0,0,98,159
415,223,2,1,1,1,1,1,1,0,0,0,0,0,111,159
415,31,2,1,1,1,1,1,1,0,0,0,0,0,118,159
417,417,0,1,1,1,1,1,1,0,0,0,0,0,0,102
417,416,1,0,0,1,0,0,0,0,0,0,0,0,78,102
417,419,1,1,1,1,1,1,1,0,0,0,0,0,0,102
417,421,1,1,1,1,1,1,1,0,0,0,0,0,0,102
417,425,1,1,1,1,1,1,1,0,0,0,0,0,0,102
417,433,1,1,1,1,1,1,1,0,0,0,0,0,0,102
417,385,1,0,0,1,0,0,0,0,0,0,0,0,48,102
417,481,1,1,1,1,1,1,1,0,0,0,0,0,0,102
417,289,1,0,0,1,0,0,0,0,0,0,0,0,48,102
417,161,1,1,1,1,1,1,1,0,0,0,0,0,78,102
417,418,2,1,0,1,0,0,0,0,0,0,0,0,78,102
417,420,2,0,0,1,0,0,0,0,0,0,0,0,78,102
417,424,2,1,0,1,0,0,0,0,0,0,0,0,78,102
417,432,2,1,0,1,0,0,0,0,0,0,0,0,78,102
417,384,2,0,0,1,0,0,0,0,0,0,0,0,82,102
417,480,2,0,0,1,0,0,0,0,0,0,0,0,78,102
417,288,2,0,0,1,0,0,0,0,0,0,0,0,82,102
417,160,2,0,0,1,0,0,0,0,0,0,0,0,90,102
417,423,2,1,1,1,1,1,1,0,0,0,0,0,0,102
417,427,2,1,1,1,1,1,1,0,0,0,0,0,0,102
417,435,2,1,1,1,1,1,1,0,0,0,0,0,0,102
417,387,2,1,0,1,0,0,0,0,0,0,0,0,48,102
417,483,2,1,1,1,1,1,1,0,0,0,0,0,0,102
417,291,2,0,0,1,0,0,0,0,0,0,0,0,48,102
417,163,2,1,1,1,1,1,1,0,0,0,0,0,78,102
417,429,2,1,1,1,1,1,1,0,0,0,0,0,0,102
417,437,2,1,1,1,1,1,1,0,0,0,0,0,0,102
417,389,2,1,0,1,0,0,0,0,0,0,0,0,48,102
417,485,2,1,1,1,1,1,1,0,0,0,0,0,0,102
417,293,2,0,0,1,0,0,0,0,0,0,0,0,48,102
417,165,2,1,1,1,1,1,1,0,0,0,0,0,78,102
417,441,2,1,1,1,1,1,1,0,0,0,0,0,0,102
417,393,2,0,0,1,0,0,0,0,0,0,0,0,48,102
417,489,2,1,1,1,1,1,1,0,0,0,0,0,0,102
417,297,2,1,0,1,0,0,0,0,0,0,0,0,48,102
417,169,2,1,1,1,1,1,1,0,0,0,0,0,78,102
417,401,2,1,0,1,0,0,0,0,0,0,0,0,48,102
417,497,2,1,1,1,1,1,1,0,0,0,0,0,0,102
417,305,2,1,0,1,0,0,0,0,0,0,0,0,48,102
417,177,2,1,1,1,1,1,1,0,0,0,0,0,78,102
417,449,2,0,0,1,0,0,0,0,0,0,0,0,48,102
417,257,2,0,0,1,0,0,0,0,0,0,0,0,77,102
417,129,2,0,0,1,0,0,0,0,0,0,0,0,83,102
417,353,2,1,0,1,0,0,0,0,0,0,0,0,48,102
417,225,2,1,1,1,1,1,1,0,0,0,0,0,78,102
417,33,2,0,0,1,0,0,0,0,0,0,0,0,83,102
418,418,0,1,1,1,1,1,1,0,0,0,0,0,0,44
418,419,1,1,1,1,1,1,1,0,0,0,0,0,0,44
418,416,1,0,0,1,0,0,0,0,0,0,0,0,26,44
418,422,1,1,1,1,1,1,1,0,0,0,0,0,0,44
418,426,1,1,1,1,1,1,1,0,0,0,0,0,0,44
418,434,1,1,1,1,1,1,1,0,0,0,0,0,0,44
418,386,1,1,1,1,1,1,1,0,0,0,0,0,6,44
418,482,1,1,1,1,1,1,1,0,0,0,0,0,0,44
418,290,1,0,0,1,0,0,0,0,0,0,0,0,16,44
418,162,1,1,1,1,1,1,1,0,0,0,0,0,16,44
418,417,2,1,0,1,0,0,0,0,0,0,0,0,26,44
418,423,2,1,1,1,1,1,1,0,0,0,0,0,0,44
418,427,2,1,1,1,1,1,1,0,0,0,0,0,0,44
418,435,2,1,1,1,1,1,1,0,0,0,0,0,0,44
418,387,2,1,1,1,1,1,1,0,0,0,0,0,6,44
418,483,2,1,1,1,1,1,1,0,0,0,0,0,0,44
418,291,2,0,0,1,0,0,0,0,0,0,0,0,16,44
418,163,2,1,1,1,1,1,1,0,0,0,0,0,16,44
418,420,2,0,0,1,0,0,0,0,0,0,0,0,26,44
418,424,2,1,0,1,0,0,0,0,0,0,0,0,26,44
418,432,2,1,0,1,0,0,0,0,0,0,0,0,26,44
418,384,2,0,0,1,0,0,0,0,0,0,0,0,27,44
418,480,2,0,0,1,0,0,0,0,0,0,0,0,26,44
418,288,2,0,0,1,0,0,0,0,0,0,0,0,32,44
418,160,2,0,0,1,0,0,0,0,0,0,0,0,32,44
418,430,2,1,1,1,1,1,1,0,0,0,0,0,0,44
418,438,2,1,1,1,1,1,1,0,0,0,0,0,0,44
418,390,2,1,1,1,1,1,1,0,0,0,0,0,6,44
418,486,2,1,1,1,1,1,1,0,0,0,0,0,0,44
418,294,2,0,0,1,0,0,0,0,0,0,0,0,16,44
418,166,2,1,1,1,1,1,1,0,0,0,0,0,16,44
418,442,2,1,1,1,1,1,1,0,0,0,0,0,0,44
418,394,2,1,1,1,1,1,1,0,0,0,0,0,6,44
418,490,2,1,1,1,1,1,1,0,0,0,0,0,0,44
418,298,2,1,0,1,0,0,0,0,0,0,0,0,16,44
418,170,2,1,1,1,1,1,1,0,0,0,0,0,16,44
418,402,2,1,1,1,1,1,1,0,0,0,0,0,6,44
418,498,2,1,1,1,1,1,1,0,0,0,0,0,0,44
418,306,2,1,0,1,0,0,0,0,0,0,0,0,16,44
418,178,2,1,1,1,1,1,1,0,0,0,0,0,16,44
418,450,2,1,1,1,1,1,1,0,0,0,0,0,6,44
418,258,2,0,0,1,0,0,0,0,0,0,0,0,22,44
418,130,2,1,1,1,1,1,1,0,0,0,0,0,17,44
418,354,2,1,0,1,0,0,0,0,0,0,0,0,16,44
418,226,2,1,1,1,1,1,1,0,0,0,0,0,16,44
418,34,2,0,0,1,0,0,0,0,0,0,0,0,32,44
419,419,0,1,1,1,1,1,1,0,0,0,0,0,0,103
419,418,1,1,1,1,1,1,1,0,0,0,0,0,78,103
419,417,1,1,1,1,0,0,1,0,1,1,1,0,48,103
419,423,1,1,1,1,1,1,1,0,0,0,0,0,0,103
419,427,1,1,1,1,1,1,1,0,0,0,0,0,0,103
419,435,1,1,1,1,1,1,1,0,0,0,0,0,0,103
419,387,1,1,1,1,1,1,1,0,0,0,0,0,48,103
419,483,1,1,1,1,1,1,1,0,0,0,0,0,0,103
419,291,1,0,0,1,0,0,0,0,0,0,0,0,48,103
419,163,1,1,1,1,1,1,1,0,0,0,0,0,78,103
419,416,2,0,0,1,0,0,0,0,0,0,0,0,83,103
419,422,2,1,1,1,1,1,1,0,0,0,0,0,78,103
419,426,2,1,1,1,1,1,1,0,0,0,0,0,78,103
419,434,2,1,1,1,1,1,1,0,0,0,0,0,78,103
419,386,2,1,1,1,1,1,1,0,0,0,0,0,82,103
419,482,2,1,1,1,1,1,1,0,0,0,0,0,78,103
419,290,2,0,0,1,0,0,0,0,0,0,0,0,82,103
419,162,2,1,1,1,1,1,1,0,0,0,0,0,90,103
419,421,2,1,1,1,0,0,1,0,1,1,1,0,48,103
419,425,2,1,1,1,0,0,1,0,1,1,1,0,48,103
419,433,2,1,1,1,0,0,1,0,1,1,1,0,48,103
419,385,2,0,0,1,0,0,0,0,0,0,0,0,51,103
419,481,2,1,1,1,0,0,1,0,1,1,1,0,48,103
419,289,2,0,0,1,0,0,0,0,0,0,0,0,76,103
419,161,2,1,1,1,0,0,1,0,1,1,1,0,82,103
419,431,2,1,1,1,1,1,1,0,0,0,0,0,0,103
419,439,2,1,1,1,1,1,1,0,0,0,0,0,0,103
419,391,2,1,1,1,1,1,1,0,0,0,0,0,48,103
419,487,2,1,1,1,1,1,1,0,0,0,0,0,0,103
419,295,2,0,0,1,0,0,0,0,0,0,0,0,48,103
419,167,2,1,1,1,1,1,1,0,0,0,0,0,78,103
419,443,2,1,1,1,1,1,1,0,0,0,0,0,0,103
419,395,2,1,1,1,1,1,1,0,0,0,0,0,48,103
419,491,2,1,1,1,1,1,1,0,0,0,0,0,0,103
419,299,2,1,0,1,0,0,0,0,0,0,0,0,48,103
419,171,2,1,1,1,1,1,1,0,0,0,0,0,78,103
419,403,2,1,1,1,1,1,1,0,0,0,0,0,48,103
419,499,2,1,1,1,1,1,1,0,0,0,0,0,0,103
419,307,2,1,0,1,0,0,0,0,0,0,0,0,48,103
419,179,2,1,1,1,1,1,1,0,0,0,0,0,78,103
419,451,2,1,1,1,1,1,1,0,0,0,0,0,48,103
419,259,2,0,0,1,0,0,0,0,0,0,0,0,77,103
419,131,2,1,1,1,1,1,1,0,0,0,0,0,83,103
419,355,2,1,0,1,0,0,0,0,0,0,0,0,48,103
419,227,2,1,1,1,1,1,1,0,0,0,0,0,78,103
419,35,2,0,0,1,0,0,0,0,0,0,0,0,83,103
421,421,0,1,1,1,1,1,1,0,0,0,0,0,0,157
421,420,1,0,0,1,0,0,0,0,0,0,0,0,111,157
421,423,1,1,1,1,1,1,1,0,0,0,0,0,0,157
421,417,1,1,1,1,0,0,1,0,1,1,1,0,92,157
421,429,1,1,1,1,1,1,1,0,0,0,0,0,0,157
421,437,1,1,1,1,1,1,1,0,0,0,0,0,0,157
421,389,1,1,1,1,1,1,1,0,0,0,0,0,55,157
421,485,1,1,1,1,1,1,1,0,0,0,0,0,0,157
421,293,1,0,0,1,0,0,0,0,0,0,0,0,98,157
421,165,1,1,1,1,1,1,1,0,0,0,0,0,111,157
421,422,2,1,0,1,0,0,0,0,0,0,0,0,111,157
421,416,2,0,0,1,0,0,0,0,0,0,0,0,132,157
421,428,2,1,0,1,0,0,0,0,0,0,0,0,111,157
421,436,2,1,0,1,0,0,0,0,0,0,0,0,111,157
421,388,2,0,0,1,0,0,0,0,0,0,0,0,115,157
421,484,2,0,0,1,0,0,0,0,0,0,0,0,111,157
421,292,2,0,0,1,0,0,0,0,0,0,0,0,118,157
421,164,2,0,0,1,0,0,0,0,0,0,0,0,133,157
421,419,2,1,1,1,0,0,1,0,1,1,1,0,92,157
421,431,2,1,1,1,1,1,1,0,0,0,0,0,0,157
421,439,2,1,1,1,1,1,1,0,0,0,0,0,0,157
421,391,2,1,1,1,1,1,1,0,0,0,0,0,55,157
421,487,2,1,1,1,1,1,1,0,0,0,0,0,0,157
421,295,2,0,0,1,0,0,0,0,0,0,0,0,98,157
421,167,2,1,1,1,1,1,1,0,0,0,0,0,111,157
421,425,2,1,1,1,0,0,1,0,1,1,1,0,92,157
421,433,2,1,1,1,0,0,1,0,1,1,1,0,92,157
421,385,2,0,0,1,0,0,0,0,0,0,0,0,96,157
421,481,2,1,1,1,0,0,1,0,1,1,1,0,92,157
421,289,2,0,0,1,0,0,0,0,0,0,0,0,126,157
421,161,2,1,1,1,0,0,1,0,1,1,1,0,132,157
421,445,2,1,1,1,1,1,1,0,0,0,0,0,0,157
421,397,2,1,1,1,1,1,1,0,0,0,0,0,55,157
421,493,2,1,1,1,1,1,1,0,0,0,0,0,0,157
421,301,2,1,0,1,0,0,0,0,0,0,0,0,98,157
421,173,2,1,1,1,1,1,1,0,0,0,0,0,111,157
421,405,2,1,1,1,1,1,1,0,0,0,0,0,55,157
421,501,2,1,1,1,1,1,1,0,0,0,0,0,0,157
421,309,2,1,0,1,0,0,0,0,0,0,0,0,98,157
421,181,2,1,1,1,1,1,1,0,0,0,0,0,111,157
421,453,2,1,1,1,1,1,1,0,0,0,0,0,55,157
421,261,2,0,0,1,0,0,0,0,0,0,0,0,103,157
421,133,2,1,1,1,1,1,1,0,0,0,0,0,116,157
421,357,2,1,0,1,0,0,0,0,0,0,0,0,98,157
421,229,2,1,1,1,1,1,1,0,0,0,0,0,111,157
421,37,2,0,0,1,0,0,0,0,0,0,0,0,118,157
422,422,0,1,1,1,1,1,1,0,0,0,0,0,0,71
422,423,1,1,1,1,1,1,1,0,0,0,0,0,0,71
422,420,1,0,0,1,0,0,0,0,0,0,0,0,31,71
422,418,1,1,1,1,1,1,1,0,0,0,0,0,25,71
422,430,1,1,1,1,1,1,1,0,0,0,0,0,0,71
422,438,1,1,1,1,1,1,1,0,0,0,0,0,0,71
422,390,1,1,1,1,1,1,1,0,0,0,0,0,7,71
422,486,1,1,1,1,1,1,1,0,0,0,0,0,0,71
422,294,1,0,0,1,0,0,0,0,0,0,0,0,31,71
422,166,1,1,1,1,1,1,1,0,0,0,0,0,25,71
422,421,2,1,0,1,0,0,0,0,0,0,0,0,31,71
422,419,2,1,1,1,1,1,1,0,0,0,0,0,25,71
422,431,2,1,1,1,1,1,1,0,0,0,0,0,0,71
422,439,2,1,1,1,1,1,1,0,0,0,0,0,0,71
422,391,2,1,1,1,1,1,1,0,0,0,0,0,7,71
422,487,2,1,1,1,1,1,1,0,0,0,0,0,0,71
422,295,2,0,0,1,0,0,0,0,0,0,0,0,31,71
422,167,2,1,1,1,1,1,1,0,0,0,0,0,25,71
422,416,2,0,0,1,0,0,0,0,0,0,0,0,50,71
422,428,2,1,0,1,0,0,0,0,0,0,0,0,31,71
422,436,2,1,0,1,0,0,0,0,0,0,0,0,31,71
422,388,2,0,0,1,0,0,0,0,0,0,0,0,32,71
422,484,2,0,0,1,0,0,0,0,0,0,0,0,31,71
422,292,2,0,0,1,0,0,0,0,0,0,0,0,44,71
422,164,2,0,0,1,0,0,0,0,0,0,0,0,44,71
422,426,2,1,1,1,1,1,1,0,0,0,0,0,25,71
422,434,2,1,1,1,1,1,1,0,0,0,0,0,25,71
422,386,2,1,1,1,1,1,1,0,0,0,0,0,26,71
422,482,2,1,1,1,1,1,1,0,0,0,0,0,25,71
422,290,2,0,0,1,0,0,0,0,0,0,0,0,44,71
422,162,2,1,1,1,1,1,1,0,0,0,0,0,38,71
422,446,2,1,1,1,1,1,1,0,0,0,0,0,0,71
422,398,2,1,1,1,1,1,1,0,0,0,0,0,7,71
422,494,2,1,1,1,1,1,1,0,0,0,0,0,0,71
422,302,2,1,0,1,0,0,0,0,0,0,0,0,31,71
422,174,2,1,1,1,1,1,1,0,0,0,0,0,25,71
422,406,2,1,1,1,1,1,1,0,0,0,0,0,7,71
422,502,2,1,1,1,1,1,1,0,0,0,0,0,0,71
422,310,2,1,0,1,0,0,0,0,0,0,0,0,31,71
422,182,2,1,1,1,1,1,1,0,0,0,0,0,25,71
422,454,2,1,1,1,1,1,1,0,0,0,0,0,7,71
422,262,2,0,0,1,0,0,0,0,0,0,0,0,32,71
422,134,2,1,1,1,1,1,1,0,0,0,0,0,26,71
422,358,2,1,0,1,0,0,0,0,0,0,0,0,31,71
422,230,2,1,1,1,1,1,1,0,0,0,0,0,25,71
422,38,2,0,0,1,0,0,0,0,0,0,0,0,50,71
423,423,0,1,1,1,1,1,1,0,0,0,0,0,0,158
423,422,1,1,1,1,1,1,1,0,0,0,0,0,111,158
423,421,1,1,1,1,0,0,1,0,1,1,1,0,55,158
423,419,1,1,1,1,1,1,1,0,0,0,0,0,92,158
423,431,1,1,1,1,1,1,1,0,0,0,0,0,0,158
423,439,1,1,1,1,1,1,1,0,0,0,0,0,0,158
423,391,1,1,1,1,1,1,1,0,0,0,0,0,55,158
423,487,1,1,1,1,1,1,1,0,0,0,0,0,0,158
423,295,1,0,0,1,0,0,0,0,0,0,0,0,98,158
423,167,1,1,1,1,1,1,1,0,0,0,0,0,111,158
423,420,2,0,0,1,0,0,0,0,0,0,0,0,116,158
423,418,2,1,1,1,1,1,1,0,0,0,0,0,132,158
423,430,2,1,1,1,1,1,1,0,0,0,0,0,111,158
423,438,2,1,1,1,1,1,1,0,0,0,0,0,111,158
423,390,2,1,1,1,1,1,1,0,0,0,0,0,115,158
423,486,2,1,1,1,1,1,1,0,0,0,0,0,111,158
423,294,2,0,0,1,0,0,0,0,0,0,0,0,118,158
423,166,2,1,1,1,1,1,1,0,0,0,0,0,133,158
423,417,2,1,1,1,0,0,1,0,1,1,1,0,96,158
423,429,2,1,1,1,0,0,1,0,1,1,1,0,55,158
423,437,2,1,1,1,0,0,1,0,1,1,1,0,55,158
423,389,2,1,1,1,0,0,1,0,1,1,1,0,58,158
423,485,2,1,1,1,0,0,1,0,1,1,1,0,55,158
423,293,2,0,0,1,0,0,0,0,0,0,0,0,102,158
423,165,2,1,1,1,0,0,1,0,1,1,1,0,115,158
423,427,2,1,1,1,1,1,1,0,0,0,0,0,92,158
423,435,2,1,1,1,1,1,1,0,0,0,0,0,92,158
423,387,2,1,1,1,1,1,1,0,0,0,0,0,96,158
423,483,2,1,1,1,1,1,1,0,0,0,0,0,92,158
423,291,2,0,0,1,0,0,0,0,0,0,0,0,126,158
423,163,2,1,1,1,1,1,1,0,0,0,0,0,132,158
423,447,2,1,1,1,1,1,1,0,0,0,0,0,0,158
423,399,2,1,1,1,1,1,1,0,0,0,0,0,55,158
423,495,2,1,1,1,1,1,1,0,0,0,0,0,0,158
423,303,2,1,0,1,0,0,0,0,0,0,0,0,98,158
423,175,2,1,1,1,1,1,1,0,0,0,0,0,111,158
423,407,2,1,1,1,1,1,1,0,0,0,0,0,55,158
423,503,2,1,1,1,1,1,1,0,0,0,0,0,0,158
423,311,2,1,0,1,0,0,0,0,0,0,0,0,98,158
423,183,2,1,1,1,1,1,1,0,0,0,0,0,111,158
423,455,2,1,1,1,1,1,1,0,0,0,0,0,55,158
423,263,2,0,0,1,0,0,0,0,0,0,0,0,103,158
423,135,2,1,1,1,1,1,1,0,0,0,0,0,116,158
423,359,2,1,0,1,0,0,0,0,0,0,0,0,98,158
423,231,2,1,1,1,1,1,1,0,0,0,0,0,111,158
423,39,2,0,0,1,0,0,0,0,0,0,0,0,118,158
424,424,0,1,1,1,1,1,1,0,0,0,0,0,0,44
424,425,1,1,1,1,1,1,1,0,0,0,0,0,0,44
424,426,1,1,1,1,1,1,1,0,0,0,0,0,0,44
424,428,1,1,1,1,1,1,1,0,0,0,0,0,0,44
424,416,1,0,0,1,0,0,0,0,0,0,0,0,26,44
424,440,1,1,1,1,1,1,1,0,0,0,0,0,0,44
424,392,1,0,0,1,0,0,0,0,0,0,0,0,16,44
424,488,1,1,1,1,1,1,1,0,0,0,0,0,0,44
424,296,1,1,1,1,1,1,1,0,0,0,0,0,6,44
424,168,1,1,1,1,1,1,1,0,0,0,0,0,16,44
424,427,2,1,1,1,1,1,1,0,0,0,0,0,0,44
424,429,2,1,1,1,1,1,1,0,0,0,0,0,0,44
424,417,2,1,0,1,0,0,0,0,0,0,0,0,26,44
424,441,2,1,1,1,1,1,1,0,0,0,0,0,0,44
424,393,2,0,0,1,0,0,0,0,0,0,0,0,16,44
424,489,2,1,1,1,1,1,1,0,0,0,0,0,0,44
424,297,2,1,1,1,1,1,1,0,0,0,0,0,6,44
424,169,2,1,1,1,1,1,1,0,0,0,0,0,16,44
424,430,2,1,1,1,1,1,1,0,0,0,0,0,0,44
424,418,2,1,0,1,0,0,0,0,0,0,0,0,26,44
424,442,2,1,1,1,1,1,1,0,0,0,0,0,0,44
424,394,2,1,0,1,0,0,0,0,0,0,0,0,16,44
424,490,2,1,1,1,1,1,1,0,0,0,0,0,0,44
424,298,2,1,1,1,1,1,1,0,0,0,0,0,6,44
424,170,2,1,1,1,1,1,1,0,0,0,0,0,16,44
424,420,2,0,0,1,0,0,0,0,0,0,0,0,26,44
424,444,2,1,1,1,1,1,1,0,0,0,0,0,0,44
424,396,2,1,0,1,0,0,0,0,0,0,0,0,16,44
424,492,2,1,1,1,1,1,1,0,0,0,0,0,0,44
424,300,2,1,1,1,1,1,1,0,0,0,0,0,6,44
424,172,2,1,1,1,1,1,1,0,0,0,0,0,16,44
424,432,2,1,0,1,0,0,0,0,0,0,0,0,26,44
424,384,2,0,0,1,0,0,0,0,0,0,0,0,32,44
424,480,2,0,0,1,0,0,0,0,0,0,0,0,26,44
424,288,2,0,0,1,0,0,0,0,0,0,0,0,27,44
424,160,2,0,0,1,0,0,0,0,0,0,0,0,32,44
424,408,2,1,0,1,0,0,0,0,0,0,0,0,16,44
424,504,2,1,1,1,1,1,1,0,0,0,0,0,0,44
424,312,2,1,1,1,1,1,1,0,0,0,0,0,6,44
424,184,2,1,1,1,1,1,1,0,0,0,0,0,16,44
424,456,2,0,0,1,0,0,0,0,0,0,0,0,16,44
424,264,2,0,0,1,0,0,0,0,0,0,0,0,22,44
424,136,2,0,0,1,0,0,0,0,0,0,0,0,32,44
424,360,2,1,1,1,1,1,1,0,0,0,0,0,6,44
424,232,2,1,1,1,1,1,1,0,0,0,0,0,16,44
424,40,2,1,1,1,1,1,1,0,0,0,0,0,17,44
425,425,0,1,1,1,1,1,1,0,0,0,0,0,0,103
425,424,1,1,1,1,0,0,1,0,1,1,1,0,78,103
425,427,1,1,1,1,1,1,1,0,0,0,0,0,0,103
425,429,1,1,1,1,1,1,1,0,0,0,0,0,0,103
425,417,1,1,1,1,1,1,1,0,0,0,0,0,48,103
425,441,1,1,1,1,1,1,1,0,0,0,0,0,0,103
425,393,1,0,0,1,0,0,0,0,0,0,0,0,48,103
425,489,1,1,1,1,1,1,1,0,0,0,0,0,0,103
425,297,1,1,1,1,0,0,1,0,1,1,1,0,48,103
425,169,1,1,1,1,1,1,1,0,0,0,0,0,78,103
425,426,2,1,1,1,0,0,1,0,1,1,1,0,78,103
425,428,2,1,1,1,0,0,1,0,1,1,1,0,78,103
425,416,2,0,0,1,0,0,0,0,0,0,0,0,83,103
425,440,2,1,1,1,0,0,1,0,1,1,1,0,78,103
425,392,2,0,0,1,0,0,0,0,0,0,0,0,82,103
425,488,2,1,1,1,0,0,1,0,1,1,1,0,78,103
425,296,2,1,1,1,0,0,1,0,1,1,1,0,82,103
425,168,2,1,1,1,0,0,1,0,1,1,1,0,90,103
425,431,2,1,1,1,1,1,1,0,0,0,0,0,0,103
425,419,2,1,1,1,1,1,1,0,0,0,0,0,48,103
425,443,2,1,1,1,1,1,1,0,0,0,0,0,0,103
425,395,2,1,0,1,0,0,0,0,0,0,0,0,48,103
425,491,2,1,1,1,1,1,1,0,0,0,0,0,0,103
425,299,2,1,1,1,0,0,1,0,1,1,1,0,48,103
425,171,2,1,1,1,1,1,1,0,0,0,0,0,78,103
425,421,2,1,1,1,1,1,1,0,0,0,0,0,48,103
425,445,2,1,1,1,1,1,1,0,0,0,0,0,0,103
425,397,2,1,0,1,0,0,0,0,0,0,0,0,48,103
425,493,2,1,1,1,1,1,1,0,0,0,0,0,0,103
425,301,2,1,1,1,0,0,1,0,1,1,1,0,48,103
425,173,2,1,1,1,1,1,1,0,0,0,0,0,78,103
425,433,2,1,1,1,1,1,1,0,0,0,0,0,48,103
425,385,2,0,0,1,0,0,0,0,0,0,0,0,76,103
425,481,2,1,1,1,1,1,1,0,0,0,0,0,48,103
425,289,2,0,0,1,0,0,0,0,0,0,0,0,51,103
425,161,2,1,1,1,1,1,1,0,0,0,0,0,82,103
425,409,2,1,0,1,0,0,0,0,0,0,0,0,48,103
425,505,2,1,1,1,1,1,1,0,0,0,0,0,0,103
425,313,2,1,1,1,0,0,1,0,1,1,1,0,48,103
425,185,2,1,1,1,1,1,1,0,0,0,0,0,78,103
425,457,2,0,0,1,0,0,0,0,0,0,0,0,48,103
425,265,2,0,0,1,0,0,0,0,0,0,0,0,77,103
425,137,2,0,0,1,0,0,0,0,0,0,0,0,83,103
425,361,2,1,1,1,0,0,1,0,1,1,1,0,48,103
425,233,2,1,1,1,1,1,1,0,0,0,0,0,78,103
425,41,2,1,1,1,0,0,1,0,1,1,1,0,83,103
426,426,0,1,1,1,1,1,1,0,0,0,0,0,0,71
426,427,1,1,1,1,1,1,1,0,0,0,0,0,0,71
426,424,1,1,1,1,0,0,1,0,1,1,1,0,36,71
426,430,1,1,1,1,1,1,1,0,0,0,0,0,0,71
426,418,1,1,1,1,1,1,1,0,0,0,0,0,36,71
426,442,1,1,1,1,1,1,1,0,0,0,0,0,0,71
426,394,1,1,1,1,1,1,1,0,0,0,0,0,19,71
426,490,1,1,1,1,1,1,1,0,0,0,0,0,0,71
426,298,1,1,1,1,0,0,1,0,1,1,1,0,19,71
426,170,1,1,1,1,1,1,1,0,0,0,0,0,46,71
426,425,2,1,1,1,0,0,1,0,1,1,1,0,36,71
426,431,2,1,1,1,1,1,1,0,0,0,0,0,0,71
426,419,2,1,1,1,1,1,1,0,0,0,0,0,36,71
426,443,2,1,1,1,1,1,1,0,0,0,0,0,0,71
426,395,2,1,1,1,1,1,1,0,0,0,0,0,19,71
426,491,2,1,1,1,1,1,1,0,0,0,0,0,0,71
426,299,2,1,1,1,0,0,1,0,1,1,1,0,19,71
426,171,2,1,1,1,1,1,1,0,0,0,0,0,46,71
426,428,2,1,1,1,0,0,1,0,1,1,1,0,36,71
426,416,2,0,0,1,0,0,0,0,0,0,0,0,56,71
426,440,2,1,1,1,0,0,1,0,1,1,1,0,36,71
426,392,2,0,0,1,0,0,0,0,0,0,0,0,38,71
426,488,2,1,1,1,0,0,1,0,1,1,1,0,36,71
426,296,2,1,1,1,0,0,1,0,1,1,1,0,43,71
426,168,2,1,1,1,0,0,1,0,1,1,1,0,55,71
426,422,2,1,1,1,1,1,1,0,0,0,0,0,36,71
426,446,2,1,1,1,1,1,1,0,0,0,0,0,0,71
426,398,2,1,1,1,1,1,1,0,0,0,0,0,19,71
426,494,2,1,1,1,1,1,1,0,0,0,0,0,0,71
426,302,2,1,1,1,0,0,1,0,1,1,1,0,19,71
426,174,2,1,1,1,1,1,1,0,0,0,0,0,46,71
426,434,2,1,1,1,1,1,1,0,0,0,0,0,36,71
426,386,2,1,1,1,1,1,1,0,0,0,0,0,43,71
426,482,2,1,1,1,1,1,1,0,0,0,0,0,36,71
426,290,2,0,0,1,0,0,0,0,0,0,0,0,38,71
426,162,2,1,1,1,1,1,1,0,0,0,0,0,55,71
426,410,2,1,1,1,1,1,1,0,0,0,0,0,19,71
426,506,2,1,1,1,1,1,1,0,0,0,0,0,0,71
426,314,2,1,1,1,0,0,1,0,1,1,1,0,19,71
426,186,2,1,1,1,1,1,1,0,0,0,0,0,46,71
426,458,2,1,1,1,1,1,1,0,0,0,0,0,19,71
426,266,2,1,1,1,0,0,1,0,1,1,1,0,32,71
426,138,2,1,1,1,1,1,1,0,0,0,0,0,49,71
426,362,2,1,1,1,0,0,1,0,1,1,1,0,19,71
426,234,2,1,1,1,1,1,1,0,0,0,0,0,46,71
426,42,2,1,1,1,0,0,1,0,1,1,1,0,49,71
427,427,0,1,1,1,1,1,1,0,0,0,0,0,0,104
427,426,1,1,1,1,1,1,1,0,0,0,0,0,78,104
427,425,1,1,1,1,0,0,1,0,1,1,1,0,48,104
427,431,1,1,1,1,1,1,1,0,0,0,0,0,0,104
427,419,1,1,1,1,1,1,1,0,0,0,0,0,48,104
427,443,1,1,1,1,1,1,1,0,0,0,0,0,0,104
427,395,1,1,1,1,1,1,1,0,0,0,0,0,48,104
427,491,1,1,1,1,1,1,1,0,0,0,0,0,0,104
427,299,1,1,1,1,0,0,1,0,1,1,1,0,48,104
427,171,1,1,1,1,1,1,1,0,0,0,0,0,78,104
427,424,2,1,1,1,0,0,1,0,1,1,1,0,83,104
427,430,2,1,1,1,1,1,1,0,0,0,0,0,78,104
427,418,2,1,1,1,1,1,1,0,0,0,0,0,83,104
427,442,2,1,1,1,1,1,1,0,0,0,0,0,78,104
427,394,2,1,1,1,1,1,1,0,0,0,0,0,82,104
427,490,2,1,1,1,1,1,1,0,0,0,0,0,78,104
427,298,2,1,1,1,0,0,1,0,1,1,1,0,82,104
427,170,2,1,1,1,1,1,1,0,0,0,0,0,90,104
427,429,2,1,1,1,0,0,1,0,1,1,1,0,48,104
427,417,2,1,1,1,0,0,1,0,1,1,1,0,77,104
427,441,2,1,1,1,0,0,1,0,1,1,1,0,48,104
427,393,2,0,0,1,0,0,0,0,0,0,0,0,51,104
427,489,2,1,1,1,0,0,1,0,1,1,1,0,48,104
427,297,2,1,1,1,0,0,1,0,1,1,1,0,76,104
427,169,2,1,1,1,0,0,1,0,1,1,1,0,82,104
427,423,2,1,1,1,1,1,1,0,0,0,0,0,48,104
427,447,2,1,1,1,1,1,1,0,0,0,0,0,0,104
427,399,2,1,1,1,1,1,1,0,0,0,0,0,48,104
427,495,2,1,1,1,1,1,1,0,0,0,0,0,0,104
427,303,2,1,1,1,0,0,1,0,1,1,1,0,48,104
427,175,2,1,1,1,1,1,1,0,0,0,0,0,78,104
427,435,2,1,1,1,1,1,1,0,0,0,0,0,48,104
427,387,2,1,1,1,1,1,1,0,0,0,0,0,76,104
427,483,2,1,1,1,1,1,1,0,0,0,0,0,48,104
427,291,2,0,0,1,0,0,0,0,0,0,0,0,51,104
427,163,2,1,1,1,1,1,1,0,0,0,0,0,82,104
427,411,2,1,1,1,1,1,1,0,0,0,0,0,48,104
427,507,2,1,1,1,1,1,1,0,0,0,0,0,0,104
427,315,2,1,1,1,0,0,1,0,1,1,1,0,48,104
427,187,2,1,1,1,1,1,1,0,0,0,0,0,78,104
427,459,2,1,1,1,1,1,1,0,0,0,0,0,48,104
427,267,2,1,1,1,0,0,1,0,1,1,1,0,77,104
427,139,2,1,1,1,1,1,1,0,0,0,0,0,83,104
427,363,2,1,1,1,0,0,1,0,1,1,1,0,48,104
427,235,2,1,1,1,1,1,1,0,0,0,0,0,78,104
427,43,2,1,1,1,0,0,1,0,1,1,1,0,83,104
428,428,0,1,1,1,1,1,1,0,0,0,0,0,0,110
428,429,1,1,1,1,1,1,1,0,0,0,0,0,0,110
428,430,1,1,1,1,1,1,1,0,0,0,0,0,0,110
428,424,1,1,1,1,0,0,1,0,1,1,1,0,67,110
428,420,1,0,0,1,0,0,0,0,0,0,0,0,74,110
428,444,1,1,1,1,1,1,1,0,0,0,0,0,0,110
428,396,1,1,1,1,1,1,1,0,0,0,0,0,22,110
428,492,1,1,1,1,1,1,1,0,0,0,0,0,0,110
428,300,1,1,1,1,0,0,1,0,1,1,1,0,42,110
428,172,1,1,1,1,1,1,1,0,0,0,0,0,67,110
428,431,2,1,1,1,1,1,1,0,0,0,0,0,0,110
428,425,2,1,1,1,0,0,1,0,1,1,1,0,67,110
428,421,2,1,0,1,0,0,0,0,0,0,0,0,74,110
428,445,2,1,1,1,1,1,1,0,0,0,0,0,0,110
428,397,2,1,1,1,1,1,1,0,0,0,0,0,22,110
428,493,2,1,1,1,1,1,1,0,0,0,0,0,0,110
428,301,2,1,1,1,0,0,1,0,1,1,1,0,42,110
428,173,2,1,1,1,1,1,1,0,0,0,0,0,67,110
428,426,2,1,1,1,0,0,1,0,1,1,1,0,67,110
428,422,2,1,0,1,0,0,0,0,0,0,0,0,74,110
428,446,2,1,1,1,1,1,1,0,0,0,0,0,0,110
428,398,2,1,1,1,1,1,1,0,0,0,0,0,22,110
428,494,2,1,1,1,1,1,1,0,0,0,0,0,0,110
428,302,2,1,1,1,0,0,1,0,1,1,1,0,42,110
428,174,2,1,1,1,1,1,1,0,0,0,0,0,67,110
428,416,2,0,0,1,0,0,0,0,0,0,0,0,91,110
428,440,2,1,1,1,0,0,1,0,1,1,1,0,67,110
428,392,2,0,0,1,0,0,0,0,0,0,0,0,70,110
428,488,2,1,1,1,0,0,1,0,1,1,1,0,67,110
428,296,2,1,1,1,0,0,1,0,1,1,1,0,77,110
428,168,2,1,1,1,0,0,1,0,1,1,1,0,90,110
428,436,2,1,0,1,0,0,0,0,0,0,0,0,74,110
428,388,2,0,0,1,0,0,0,0,0,0,0,0,76,110
428,484,2,0,0,1,0,0,0,0,0,0,0,0,74,110
428,292,2,0,0,1,0,0,0,0,0,0,0,0,78,110
428,164,2,0,0,1,0,0,0,0,0,0,0,0,91,110
428,412,2,1,1,1,1,1,1,0,0,0,0,0,22,110
428,508,2,1,1,1,1,1,1,0,0,0,0,0,0,110
428,316,2,1,1,1,0,0,1,0,1,1,1,0,42,110
428,188,2,1,1,1,1,1,1,0,0,0,0,0,67,110
428,460,2,1,1,1,1,1,1,0,0,0,0,0,22,110
428,268,2,1,1,1,0,0,1,0,1,1,1,0,44,110
428,140,2,1,1,1,1,1,1,0,0,0,0,0,70,110
428,364,2,1,1,1,0,0,1,0,1,1,1,0,42,110
428,236,2,1,1,1,1,1,1,0,0,0,0,0,67,110
428,44,2,1,1,1,0,0,1,0,1,1,1,0,71,110
429,429,0,1,1,1,1,1,1,0,0,0,0,0,0,158
429,428,1,1,1,1,0,0,1,0,1,1,1,0,111,158
429,431,1,1,1,1,1,1,1,0,0,0,0,0,0,158
429,425,1,1,1,1,0,0,1,0,1,1,1,0,92,158
429,421,1,1,1,1,1,1,1,0,0,0,0,0,98,158
429,445,1,1,1,1,1,1,1,0,0,0,0,0,0,158
429,397,1,1,1,1,1,1,1,0,0,0,0,0,55,158
429,493,1,1,1,1,1,1,1,0,0,0,0,0,0,158
429,301,1,1,1,1,0,0,1,0,1,1,1,0,98,158
429,173,1,1,1,1,1,1,1,0,0,0,0,0,111,158
429,430,2,1,1,1,0,0,1,0,1,1,1,0,111,158
429,424,2,1,1,1,0,0,1,0,1,1,1,0,132,158
429,420,2,0,0,1,0,0,0,0,0,0,0,0,118,158
429,444,2,1,1,1,0,0,1,0,1,1,1,0,111,158
429,396,2,1,1,1,0,0,1,0,1,1,1,0,115,158
429,492,2,1,1,1,0,0,1,0,1,1,1,0,111,158
429,300,2,1,1,1,0,0,1,0,1,1,1,0,118,158
429,172,2,1,1,1,0,0,1,0,1,1,1,0,133,158
429,427,2,1,1,1,0,0,1,0,1,1,1,0,92,158
429,423,2,1,1,1,1,1,1,0,0,0,0,0,98,158
429,447,2,1,1,1,1,1,1,0,0,0,0,0,0,158
429,399,2,1,1,1,1,1,1,0,0,0,0,0,55,158
429,495,2,1,1,1,1,1,1,0,0,0,0,0,0,158
429,303,2,1,1,1,0,0,1,0,1,1,1,0,98,158
429,175,2,1,1,1,1,1,1,0,0,0,0,0,111,158
429,417,2,1,1,1,0,0,1,0,1,1,1,0,126,158
429,441,2,1,1,1,0,0,1,0,1,1,1,0,92,158
429,393,2,0,0,1,0,0,0,0,0,0,0,0,96,158
429,489,2,1,1,1,0,0,1,0,1,1,1,0,92,158
429,297,2,1,1,1,0,0,1,0,1,1,1,0,126,158
429,169,2,1,1,1,0,0,1,0,1,1,1,0,132,158
429,437,2,1,1,1,1,1,1,0,0,0,0,0,98,158
429,389,2,1,1,1,1,1,1,0,0,0,0,0,102,158
429,485,2,1,1,1,1,1,1,0,0,0,0,0,98,158
429,293,2,0,0,1,0,0,0,0,0,0,0,0,104,158
429,165,2,1,1,1,1,1,1,0,0,0,0,0,118,158
429,413,2,1,1,1,1,1,1,0,0,0,0,0,55,158
429,509,2,1,1,1,1,1,1,0,0,0,0,0,0,158
429,317,2,1,1,1,0,0,1,0,1,1,1,0,98,158
429,189,2,1,1,1,1,1,1,0,0,0,0,0,111,158
429,461,2,1,1,1,1,1,1,0,0,0,0,0,55,158
429,269,2,1,1,1,0,0,1,0,1,1,1,0,103,158
429,141,2,1,1,1,1,1,1,0,0,0,0,0,116,158
429,365,2,1,1,1,0,0,1,0,1,1,1,0,98,158
429,237,2,1,1,1,1,1,1,0,0,0,0,0,111,158
429,45,2,1,1,1,0,0,1,0,1,1,1,0,118,158
430,430,0,1,1,1,1,1,1,0,0,0,0,0,0,111
430,431,1,1,1,1,1,1,1,0,0,0,0,0,0,111
430,428,1,1,1,1,0,0,1,0,1,1,1,0,42,111
430,426,1,1,1,1,1,1,1,0,0,0,0,0,67,111
430,422,1,1,1,1,1,1,1,0,0,0,0,0,74,111
430,446,1,1,1,1,1,1,1,0,0,0,0,0,0,111
430,398,1,1,1,1,1,1,1,0,0,0,0,0,22,111
430,494,1,1,1,1,1,1,1,0,0,0,0,0,0,111
430,302,1,1,1,1,0,0,1,0,1,1,1,0,42,111
430,174,1,1,1,1,1,1,1,0,0,0,0,0,67,111
430,429,2,1,1,1,0,0,1,0,1,1,1,0,42,111
430,427,2,1,1,1,1,1,1,0,0,0,0,0,67,111
430,423,2,1,1,1,1,1,1,0,0,0,0,0,74,111
430,447,2,1,1,1,1,1,1,0,0,0,0,0,0,111
430,399,2,1,1,1,1,1,1,0,0,0,0,0,22,111
430,495,2,1,1,1,1,1,1,0,0,0,0,0,0,111
430,303,2,1,1,1,0,0,1,0,1,1,1,0,42,111
430,175,2,1,1,1,1,1,1,0,0,0,0,0,67,111
430,424,2,1,1,1,0,0,1,0,1,1,1,0,71,111
430,420,2,0,0,1,0,0,0,0,0,0,0,0,78,111
430,444,2,1,1,1,0,0,1,0,1,1,1,0,42,111
430,396,2,1,1,1,0,0,1,0,1,1,1,0,44,111
430,492,2,1,1,1,0,0,1,0,1,1,1,0,42,111
430,300,2,1,1,1,0,0,1,0,1,1,1,0,57,111
430,172,2,1,1,1,0,0,1,0,1,1,1,0,77,111
430,418,2,1,1,1,1,1,1,0,0,0,0,0,91,111
430,442,2,1,1,1,1,1,1,0,0,0,0,0,67,111
430,394,2,1,1,1,1,1,1,0,0,0,0,0,70,111
430,490,2,1,1,1,1,1,1,0,0,0,0,0,67,111
430,298,2,1,1,1,0,0,1,0,1,1,1,0,77,111
430,170,2,1,1,1,1,1,1,0,0,0,0,0,90,111
430,438,2,1,1,1,1,1,1,0,0,0,0,0,74,111
430,390,2,1,1,1,1,1,1,0,0,0,0,0,76,111
430,486,2,1,1,1,1,1,1,0,0,0,0,0,74,111
430,294,2,0,0,1,0,0,0,0,0,0,0,0,78,111
430,166,2,1,1,1,1,1,1,0,0,0,0,0,91,111
430,414,2,1,1,1,1,1,1,0,0,0,0,0,22,111
430,510,2,1,1,1,1,1,1,0,0,0,0,0,0,111
430,318,2,1,1,1,0,0,1,0,1,1,1,0,42,111
430,190,2,1,1,1,1,1,1,0,0,0,0,0,67,111
430,462,2,1,1,1,1,1,1,0,0,0,0,0,22,111
430,270,2,1,1,1,0,0,1,0,1,1,1,0,44,111
430,142,2,1,1,1,1,1,1,0,0,0,0,0,70,111
430,366,2,1,1,1,0,0,1,0,1,1,1,0,42,111
430,238,2,1,1,1,1,1,1,0,0,0,0,0,67,111
430,46,2,1,1,1,0,0,1,0,1,1,1,0,71,111
431,431,0,1,1,1,1,1,1,0,0,0,0,0,0,159
431,430,1,1,1,1,1,1,1,0,0,0,0,0,111,159
431,429,1,1,1,1,0,0,1,0,1,1,1,0,55,159
431,427,1,1,1,1,1,1,1,0,0,0,0,0,92,159
431,423,1,1,1,1,1,1,1,0,0,0,0,0,98,159
431,447,1,1,1,1,1,1,1,0,0,0,0,0,0,159
431,399,1,1,1,1,1,1,1,0,0,0,0,0,55,159
431,495,1,1,1,1,1,1,1,0,0,0,0,0,0,159
431,303,1,1,1,1,0,0,1,0,1,1,1,0,98,159
431,175,1,1,1,1,1,1,1,0,0,0,0,0,111,159
431,428,2,1,1,1,0,0,1,0,1,1,1,0,116,159
431,426,2,1,1,1,1,1,1,0,0,0,0,0,132,159
431,422,2,1,1,1,1,1,1,0,0,0,0,0,118,159
431,446,2,1,1,1,1,1,1,0,0,0,0,0,111,159
431,398,2,1,1,1,1,1,1,0,0,0,0,0,115,159
431,494,2,1,1,1,1,1,1,0,0,0,0,0,111,159
431,302,2,1,1,1,0,0,1,0,1,1,1,0,118,159
431,174,2,1,1,1,1,1,1,0,0,0,0,0,133,159
431,425,2,1,1,1,0,0,1,0,1,1,1,0,96,159
431,421,2,1,1,1,0,0,1,0,1,1,1,0,103,159
431,445,2,1,1,1,0,0,1,0,1,1,1,0,55,159
431,397,2,1,1,1,0,0,1,0,1,1,1,0,58,159
431,493,2,1,1,1,0,0,1,0,1,1,1,0,55,159
431,301,2,1,1,1,0,0,1,0,1,1,1,0,102,159
431,173,2,1,1,1,0,0,1,0,1,1,1,0,115,159
431,419,2,1,1,1,1,1,1,0,0,0,0,0,126,159
431,443,2,1,1,1,1,1,1,0,0,0,0,0,92,159
431,395,2,1,1,1,1,1,1,0,0,0,0,0,96,159
431,491,2,1,1,1,1,1,1,0,0,0,0,0,92,159
431,299,2,1,1,1,0,0,1,0,1,1,1,0,126,159
431,171,2,1,1,1,1,1,1,0,0,0,0,0,132,159
431,439,2,1,1,1,1,1,1,0,0,0,0,0,98,159
431,391,2,1,1,1,1,1,1,0,0,0,0,0,102,159
431,487,2,1,1,1,1,1,1,0,0,0,0,0,98,159
431,295,2,0,0,1,0,0,0,0,0,0,0,0,104,159
431,167,2,1,1,1,1,1,1,0,0,0,0,0,118,159
431,415,2,1,1,1,1,1,1,0,0,0,0,0,55,159
431,511,2,1,1,1,1,1,1,0,0,0,0,0,0,159
431,319,2,1,1,1,0,0,1,0,1,1,1,0,98,159
431,191,2,1,1,1,1,1,1,0,0,0,0,0,111,159
431,463,2,1,1,1,1,1,1,0,0,0,0,0,55,159
431,271,2,1,1,1,0,0,1,0,1,1,1,0,103,159
431,143,2,1,1,1,1,1,1,0,0,0,0,0,116,159
431,367,2,1,1,1,0,0,1,0,1,1,1,0,98,159
431,239,2,1,1,1,1,1,1,0,0,0,0,0,111,159
431,47,2,1,1,1,0,0,1,0,1,1,1,0,118,159
432,432,0,1,1,1,1,1,1,0,0,0,0,0,0,24
432,433,1,1,1,1,1,1,1,0,0,0,0,0,0,24
432,434,1,1,1,1,1,1,1,0,0,0,0,0,0,24
432,436,1,1,1,1,1,1,1,0,0,0,0,0,0,24
432,440,1,1,1,1,1,1,1,0,0,0,0,0,0,24
432,416,1,0,0,1,0,0,0,0,0,0,0,0,5,24
432,400,1,1,1,1,1,1,1,0,0,0,0,0,5,24
432,496,1,1,1,1,1,1,1,0,0,0,0,0,0,24
432,304,1,1,1,1,1,1,1,0,0,0,0,0,5,24
432,176,1,1,1,1,1,1,1,0,0,0,0,0,5,24
432,435,2,1,1,1,1,1,1,0,0,0,0,0,0,24
432,437,2,1,1,1,1,1,1,0,0,0,0,0,0,24
432,441,2,1,1,1,1,1,1,0,0,0,0,0,0,24
432,417,2,1,0,1,0,0,0,0,0,0,0,0,5,24
432,401,2,1,1,1,1,1,1,0,0,0,0,0,5,24
432,497,2,1,1,1,1,1,1,0,0,0,0,0,0,24
432,305,2,1,1,1,1,1,1,0,0,0,0,0,5,24
432,177,2,1,1,1,1,1,1,0,0,0,0,0,5,24
432,438,2,1,1,1,1,1,1,0,0,0,0,0,0,24
432,442,2,1,1,1,1,1,1,0,0,0,0,0,0,24
432,418,2,1,0,1,0,0,0,0,0,0,0,0,5,24
432,402,2,1,1,1,1,1,1,0,0,0,0,0,5,24
432,498,2,1,1,1,1,1,1,0,0,0,0,0,0,24
432,306,2,1,1,1,1,1,1,0,0,0,0,0,5,24
432,178,2,1,1,1,1,1,1,0,0,0,0,0,5,24
432,444,2,1,1,1,1,1,1,0,0,0,0,0,0,24
432,420,2,0,0,1,0,0,0,0,0,0,0,0,5,24
432,404,2,1,1,1,1,1,1,0,0,0,0,0,5,24
432,500,2,1,1,1,1,1,1,0,0,0,0,0,0,24
432,308,2,1,1,1,1,1,1,0,0,0,0,0,5,24
432,180,2,1,1,1,1,1,1,0,0,0,0,0,5,24
432,424,2,1,0,1,0,0,0,0,0,0,0,0,5,24
432,408,2,1,1,1,1,1,1,0,0,0,0,0,5,24
432,504,2,1,1,1,1,1,1,0,0,0,0,0,0,24
432,312,2,1,1,1,1,1,1,0,0,0,0,0,5,24
432,184,2,1,1,1,1,1,1,0,0,0,0,0,5,24
432,384,2,0,0,1,0,0,0,0,0,0,0,0,10,24
432,480,2,0,0,1,0,0,0,0,0,0,0,0,5,24
432,288,2,0,0,1,0,0,0,0,0,0,0,0,10,24
432,160,2,0,0,1,0,0,0,0,0,0,0,0,10,24
432,464,2,1,1,1,1,1,1,0,0,0,0,0,5,24
432,272,2,1,1,1,1,1,1,0,0,0,0,0,10,24
432,144,2,1,1,1,1,1,1,0,0,0,0,0,10,24
432,368,2,1,1,1,1,1,1,0,0,0,0,0,5,24
432,240,2,1,1,1,1,1,1,0,0,0,0,0,5,24
432,48,2,1,1,1,1,1,1,0,0,0,0,0,10,24
433,433,0,1,1,1,1,1,1,0,0,0,0,0,0,103
433,432,1,1,1,1,1,1,1,0,0,0,0,0,78,103
433,435,1,1,1,1,1,1,1,0,0,0,0,0,0,103
433,437,1,1,1,1,1,1,1,0,0,0,0,0,0,103
433,441,1,1,1,1,1,1,1,0,0,0,0,0,0,103
433,417,1,1,1,1,0,0,1,0,1,1,1,0,8,103
433,401,1,1,1,1,1,1,1,0,0,0,0,0,48,103
433,497,1,1,1,1,1,1,1,0,0,0,0,0,0,103
433,305,1,1,1,1,1,1,1,0,0,0,0,0,48,103
433,177,1,1,1,1,1,1,1,0,0,0,0,0,78,103
433,434,2,1,1,1,1,1,1,0,0,0,0,0,78,103
433,436,2,1,1,1,1,1,1,0,0,0,0,0,78,103
433,440,2,1,1,1,1,1,1,0,0,0,0,0,78,103
433,416,2,0,0,1,0,0,0,0,0,0,0,0,80,103
433,400,2,1,1,1,1,1,1,0,0,0,0,0,82,103
433,496,2,1,1,1,1,1,1,0,0,0,0,0,78,103
433,304,2,1,1,1,1,1,1,0,0,0,0,0,82,103
433,176,2,1,1,1,1,1,1,0,0,0,0,0,90,103
433,439,2,1,1,1,1,1,1,0,0,0,0,0,0,103
433,443,2,1,1,1,1,1,1,0,0,0,0,0,0,103
433,419,2,1,1,1,0,0,1,0,1,1,1,0,8,103
433,403,2,1,1,1,1,1,1,0,0,0,0,0,48,103
433,499,2,1,1,1,1,1,1,0,0,0,0,0,0,103
433,307,2,1,1,1,1,1,1,0,0,0,0,0,48,103
433,179,2,1,1,1,1,1,1,0,0,0,0,0,78,103
433,445,2,1,1,1,1,1,1,0,0,0,0,0,0,103
433,421,2,1,1,1,0,0,1,0,1,1,1,0,8,103
433,405,2,1,1,1,1,1,1,0,0,0,0,0,48,103
433,501,2,1,1,1,1,1,1,0,0,0,0,0,0,103
433,309,2,1,1,1,1,1,1,0,0,0,0,0,48,103
433,181,2,1,1,1,1,1,1,0,0,0,0,0,78,103
433,425,2,1,1,1,0,0,1,0,1,1,1,0,8,103
433,409,2,1,1,1,1,1,1,0,0,0,0,0,48,103
433,505,2,1,1,1,1,1,1,0,0,0,0,0,0,103
433,313,2,1,1,1,1,1,1,0,0,0,0,0,48,103
433,185,2,1,1,1,1,1,1,0,0,0,0,0,78,103
433,385,2,0,0,1,0,0,0,0,0,0,0,0,49,103
433,481,2,1,1,1,0,0,1,0,1,1,1,0,8,103
433,289,2,0,0,1,0,0,0,0,0,0,0,0,49,103
433,161,2,1,1,1,0,0,1,0,1,1,1,0,80,103
433,465,2,1,1,1,1,1,1,0,0,0,0,0,48,103
433,273,2,1,1,1,1,1,1,0,0,0,0,0,77,103
433,145,2,1,1,1,1,1,1,0,0,0,0,0,83,103
433,369,2,1,1,1,1,1,1,0,0,0,0,0,48,103
433,241,2,1,1,1,1,1,1,0,0,0,0,0,78,103
433,49,2,1,1,1,1,1,1,0,0,0,0,0,83,103
434,434,0,1,1,1,1,1,1,0,0,0,0,0,0,45
434,435,1,1,1,1,1,1,1,0,0,0,0,0,0,45
434,432,1,1,1,1,1,1,1,0,0,0,0,0,26,45
434,438,1,1,1,1,1,1,1,0,0,0,0,0,0,45
434,442,1,1,1,1,1,1,1,0,0,0,0,0,0,45
434,418,1,1,1,1,0,0,1,0,1,1,1,0,6,45
434,402,1,1,1,1,1,1,1,0,0,0,0,0,6,45
434,498,1,1,1,1,1,1,1,0,0,0,0,0,0,45
434,306,1,1,1,1,1,1,1,0,0,0,0,0,16,45
434,178,1,1,1,1,1,1,1,0,0,0,0,0,16,45
434,433,2,1,1,1,1,1,1,0,0,0,0,0,26,45
434,439,2,1,1,1,1,1,1,0,0,0,0,0,0,45
434,443,2,1,1,1,1,1,1,0,0,0,0,0,0,45
434,419,2,1,1,1,0,0,1,0,1,1,1,0,6,45
434,403,2,1,1,1,1,1,1,0,0,0,0,0,6,45
434,499,2,1,1,1,1,1,1,0,0,0,0,0,0,45
434,307,2,1,1,1,1,1,1,0,0,0,0,0,16,45
434,179,2,1,1,1,1,1,1,0,0,0,0,0,16,45
434,436,2,1,1,1,1,1,1,0,0,0,0,0,26,45
434,440,2,1,1,1,1,1,1,0,0,0,0,0,26,45
434,416,2,0,0,1,0,0,0,0,0,0,0,0,27,45
434,400,2,1,1,1,1,1,1,0,0,0,0,0,27,45
434,496,2,1,1,1,1,1,1,0,0,0,0,0,26,45
434,304,2,1,1,1,1,1,1,0,0,0,0,0,32,45
434,176,2,1,1,1,1,1,1,0,0,0,0,0,32,45
434,446,2,1,1,1,1,1,1,0,0,0,0,0,0,45
434,422,2,1,1,1,0,0,1,0,1,1,1,0,6,45
434,406,2,1,1,1,1,1,1,0,0,0,0,0,6,45
434,502,2,1,1,1,1,1,1,0,0,0,0,0,0,45
434,310,2,1,1,1,1,1,1,0,0,0,0,0,16,45
434,182,2,1,1,1,1,1,1,0,0,0,0,0,16,45
434,426,2,1,1,1,0,0,1,0,1,1,1,0,6,45
434,410,2,1,1,1,1,1,1,0,0,0,0,0,6,45
434,506,2,1,1,1,1,1,1,0,0,0,0,0,0,45
434,314,2,1,1,1,1,1,1,0,0,0,0,0,16,45
434,186,2,1,1,1,1,1,1,0,0,0,0,0,16,45
434,386,2,1,1,1,0,0,1,0,1,1,1,0,12,45
434,482,2,1,1,1,0,0,1,0,1,1,1,0,6,45
434,290,2,0,0,1,0,0,0,0,0,0,0,0,17,45
434,162,2,1,1,1,0,0,1,0,1,1,1,0,22,45
434,466,2,1,1,1,1,1,1,0,0,0,0,0,6,45
434,274,2,1,1,1,1,1,1,0,0,0,0,0,22,45
434,146,2,1,1,1,1,1,1,0,0,0,0,0,17,45
434,370,2,1,1,1,1,1,1,0,0,0,0,0,16,45
434,242,2,1,1,1,1,1,1,0,0,0,0,0,16,45
434,50,2,1,1,1,1,1,1,0,0,0,0,0,32,45
435,435,0,1,1,1,1,1,1,0,0,0,0,0,0,104
435,434,1,1,1,1,1,1,1,0,0,0,0,0,78,104
435,433,1,1,1,1,1,1,1,0,0,0,0,0,48,104
435,439,1,1,1,1,1,1,1,0,0,0,0,0,0,104
435,443,1,1,1,1,1,1,1,0,0,0,0,0,0,104
435,419,1,1,1,1,0,0,1,0,1,1,1,0,8,104
435,403,1,1,1,1,1,1,1,0,0,0,0,0,48,104
435,499,1,1,1,1,1,1,1,0,0,0,0,0,0,104
435,307,1,1,1,1,1,1,1,0,0,0,0,0,48,104
435,179,1,1,1,1,1,1,1,0,0,0,0,0,78,104
435,432,2,1,1,1,1,1,1,0,0,0,0,0,83,104
435,438,2,1,1,1,1,1,1,0,0,0,0,0,78,104
435,442,2,1,1,1,1,1,1,0,0,0,0,0,78,104
435,418,2,1,1,1,0,0,1,0,1,1,1,0,80,104
435,402,2,1,1,1,1,1,1,0,0,0,0,0,82,104
435,498,2,1,1,1,1,1,1,0,0,0,0,0,78,104
435,306,2,1,1,1,1,1,1,0,0,0,0,0,82,104
435,178,2,1,1,1,1,1,1,0,0,0,0,0,90,104
435,437,2,1,1,1,1,1,1,0,0,0,0,0,48,104
435,441,2,1,1,1,1,1,1,0,0,0,0,0,48,104
435,417,2,1,1,1,0,0,1,0,1,1,1,0,49,104
435,401,2,1,1,1,1,1,1,0,0,0,0,0,51,104
435,497,2,1,1,1,1,1,1,0,0,0,0,0,48,104
435,305,2,1,1,1,1,1,1,0,0,0,0,0,76,104
435,177,2,1,1,1,1,1,1,0,0,0,0,0,82,104
435,447,2,1,1,1,1,1,1,0,0,0,0,0,0,104
435,423,2,1,1,1,0,0,1,0,1,1,1,0,8,104
435,407,2,1,1,1,1,1,1,0,0,0,0,0,48,104
435,503,2,1,1,1,1,1,1,0,0,0,0,0,0,104
435,311,2,1,1,1,1,1,1,0,0,0,0,0,48,104
435,183,2,1,1,1,1,1,1,0,0,0,0,0,78,104
435,427,2,1,1,1,0,0,1,0,1,1,1,0,8,104
435,411,2,1,1,1,1,1,1,0,0,0,0,0,48,104
435,507,2,1,1,1,1,1,1,0,0,0,0,0,0,104
435,315,2,1,1,1,1,1,1,0,0,0,0,0,48,104
435,187,2,1,1,1,1,1,1,0,0,0,0,0,78,104
435,387,2,1,1,1,0,0,1,0,1,1,1,0,49,104
435,483,2,1,1,1,0,0,1,0,1,1,1,0,8,104
435,291,2,0,0,1,0,0,0,0,0,0,0,0,49,104
435,163,2,1,1,1,0,0,1,0,1,1,1,0,80,104
435,467,2,1,1,1,1,1,1,0,0,0,0,0,48,104
435,275,2,1,1,1,1,1,1,0,0,0,0,0,77,104
435,147,2,1,1,1,1,1,1,0,0,0,0,0,83,104
435,371,2,1,1,1,1,1,1,0,0,0,0,0,48,104
435,243,2,1,1,1,1,1,1,0,0,0,0,0,78,104
435,51,2,1,1,1,1,1,1,0,0,0,0,0,83,104
436,436,0,1,1,1,1,1,1,0,0,0,0,0,0,45
436,437,1,1,1,1,1,1,1,0,0,0,0,0,0,45
436,438,1,1,1,1,1,1,1,0,0,0,0,0,0,45
436,432,1,1,1,1,1,1,1,0,0,0,0,0,21,45
436,444,1,1,1,1,1,1,1,0,0,0,0,0,0,45
436,420,1,0,0,1,0,0,0,0,0,0,0,0,6,45
436,404,1,1,1,1,1,1,1,0,0,0,0,0,6,45
436,500,1,1,1,1,1,1,1,0,0,0,0,0,0,45
436,308,1,1,1,1,1,1,1,0,0,0,0,0,16,45
436,180,1,1,1,1,1,1,1,0,0,0,0,0,16,45
436,439,2,1,1,1,1,1,1,0,0,0,0,0,0,45
436,433,2,1,1,1,1,1,1,0,0,0,0,0,21,45
436,445,2,1,1,1,1,1,1,0,0,0,0,0,0,45
436,421,2,1,0,1,0,0,0,0,0,0,0,0,6,45
436,405,2,1,1,1,1,1,1,0,0,0,0,0,6,45
436,501,2,1,1,1,1,1,1,0,0,0,0,0,0,45
436,309,2,1,1,1,1,1,1,0,0,0,0,0,16,45
436,181,2,1,1,1,1,1,1,0,0,0,0,0,16,45
436,434,2,1,1,1,1,1,1,0,0,0,0,0,21,45
436,446,2,1,1,1,1,1,1,0,0,0,0,0,0,45
436,422,2,1,0,1,0,0,0,0,0,0,0,0,6,45
436,406,2,1,1,1,1,1,1,0,0,0,0,0,6,45
436,502,2,1,1,1,1,1,1,0,0,0,0,0,0,45
436,310,2,1,1,1,1,1,1,0,0,0,0,0,16,45
436,182,2,1,1,1,1,1,1,0,0,0,0,0,16,45
436,440,2,1,1,1,1,1,1,0,0,0,0,0,21,45
436,416,2,0,0,1,0,0,0,0,0,0,0,0,27,45
436,400,2,1,1,1,1,1,1,0,0,0,0,0,22,45
436,496,2,1,1,1,1,1,1,0,0,0,0,0,21,45
436,304,2,1,1,1,1,1,1,0,0,0,0,0,27,45
436,176,2,1,1,1,1,1,1,0,0,0,0,0,27,45
436,428,2,1,0,1,0,0,0,0,0,0,0,0,6,45
436,412,2,1,1,1,1,1,1,0,0,0,0,0,6,45
436,508,2,1,1,1,1,1,1,0,0,0,0,0,0,45
436,316,2,1,1,1,1,1,1,0,0,0,0,0,16,45
436,188,2,1,1,1,1,1,1,0,0,0,0,0,16,45
436,388,2,0,0,1,0,0,0,0,0,0,0,0,12,45
436,484,2,0,0,1,0,0,0,0,0,0,0,0,6,45
436,292,2,0,0,1,0,0,0,0,0,0,0,0,22,45
436,164,2,0,0,1,0,0,0,0,0,0,0,0,22,45
436,468,2,1,1,1,1,1,1,0,0,0,0,0,6,45
436,276,2,1,1,1,1,1,1,0,0,0,0,0,17,45
436,148,2,1,1,1,1,1,1,0,0,0,0,0,17,45
436,372,2,1,1,1,1,1,1,0,0,0,0,0,16,45
436,244,2,1,1,1,1,1,1,0,0,0,0,0,16,45
436,52,2,1,1,1,1,1,1,0,0,0,0,0,27,45
437,437,0,1,1,1,1,1,1,0,0,0,0,0,0,158
437,436,1,1,1,1,1,1,1,0,0,0,0,0,111,158
437,439,1,1,1,1,1,1,1,0,0,0,0,0,0,158
437,433,1,1,1,1,1,1,1,0,0,0,0,0,92,158
437,445,1,1,1,1,1,1,1,0,0,0,0,0,0,158
437,421,1,1,1,1,0,0,1,0,1,1,1,0,9,158
437,405,1,1,1,1,1,1,1,0,0,0,0,0,55,158
437,501,1,1,1,1,1,1,1,0,0,0,0,0,0,158
437,309,1,1,1,1,1,1,1,0,0,0,0,0,98,158
437,181,1,1,1,1,1,1,1,0,0,0,0,0,111,158
437,438,2,1,1,1,1,1,1,0,0,0,0,0,111,158
437,432,2,1,1,1,1,1,1,0,0,0,0,0,132,158
437,444,2,1,1,1,1,1,1,0,0,0,0,0,111,158
437,420,2,0,0,1,0,0,0,0,0,0,0,0,113,158
437,404,2,1,1,1,1,1,1,0,0,0,0,0,115,158
437,500,2,1,1,1,1,1,1,0,0,0,0,0,111,158
437,308,2,1,1,1,1,1,1,0,0,0,0,0,118,158
437,180,2,1,1,1,1,1,1,0,0,0,0,0,133,158
437,435,2,1,1,1,1,1,1,0,0,0,0,0,92,158
437,447,2,1,1,1,1,1,1,0,0,0,0,0,0,158
437,423,2,1,1,1,0,0,1,0,1,1,1,0,9,158
437,407,2,1,1,1,1,1,1,0,0,0,0,0,55,158
437,503,2,1,1,1,1,1,1,0,0,0,0,0,0,158
437,311,2,1,1,1,1,1,1,0,0,0,0,0,98,158
437,183,2,1,1,1,1,1,1,0,0,0,0,0,111,158
437,441,2,1,1,1,1,1,1,0,0,0,0,0,92,158
437,417,2,1,1,1,0,0,1,0,1,1,1,0,94,158
437,401,2,1,1,1,1,1,1,0,0,0,0,0,96,158
437,497,2,1,1,1,1,1,1,0,0,0,0,0,92,158
437,305,2,1,1,1,1,1,1,0,0,0,0,0,126,158
437,177,2,1,1,1,1,1,1,0,0,0,0,0,132,158
437,429,2,1,1,1,0,0,1,0,1,1,1,0,9,158
437,413,2,1,1,1,1,1,1,0,0,0,0,0,55,158
437,509,2,1,1,1,1,1,1,0,0,0,0,0,0,158
437,317,2,1,1,1,1,1,1,0,0,0,0,0,98,158
437,189,2,1,1,1,1,1,1,0,0,0,0,0,111,158
437,389,2,1,1,1,0,0,1,0,1,1,1,0,56,158
437,485,2,1,1,1,0,0,1,0,1,1,1,0,9,158
437,293,2,0,0,1,0,0,0,0,0,0,0,0,99,158
437,165,2,1,1,1,0,0,1,0,1,1,1,0,113,158
437,469,2,1,1,1,1,1,1,0,0,0,0,0,55,158
437,277,2,1,1,1,1,1,1,0,0,0,0,0,103,158
437,149,2,1,1,1,1,1,1,0,0,0,0,0,116,158
437,373,2,1,1,1,1,1,1,0,0,0,0,0,98,158
437,245,2,1,1,1,1,1,1,0,0,0,0,0,111,158
437,53,2,1,1,1,1,1,1,0,0,0,0,0,118,158
438,438,0,1,1,1,1,1,1,0,0,0,0,0,0,72
438,439,1,1,1,1,1,1,1,0,0,0,0,0,0,72
438,436,1,1,1,1,1,1,1,0,0,0,0,0,31,72
438,434,1,1,1,1,1,1,1,0,0,0,0,0,25,72
438,446,1,1,1,1,1,1,1,0,0,0,0,0,0,72
438,422,1,1,1,1,0,0,1,0,1,1,1,0,7,72
438,406,1,1,1,1,1,1,1,0,0,0,0,0,7,72
438,502,1,1,1,1,1,1,1,0,0,0,0,0,0,72
438,310,1,1,1,1,1,1,1,0,0,0,0,0,31,72
438,182,1,1,1,1,1,1,1,0,0,0,0,0,25,72
438,437,2,1,1,1,1,1,1,0,0,0,0,0,31,72
438,435,2,1,1,1,1,1,1,0,0,0,0,0,25,72
438,447,2,1,1,1,1,1,1,0,0,0,0,0,0,72
438,423,2,1,1,1,0,0,1,0,1,1,1,0,7,72
438,407,2,1,1,1,1,1,1,0,0,0,0,0,7,72
438,503,2,1,1,1,1,1,1,0,0,0,0,0,0,72
438,311,2,1,1,1,1,1,1,0,0,0,0,0,31,72
438,183,2,1,1,1,1,1,1,0,0,0,0,0,25,72
438,432,2,1,1,1,1,1,1,0,0,0,0,0,50,72
438,444,2,1,1,1,1,1,1,0,0,0,0,0,31,72
438,420,2,0,0,1,0,0,0,0,0,0,0,0,32,72
438,404,2,1,1,1,1,1,1,0,0,0,0,0,32,72
438,500,2,1,1,1,1,1,1,0,0,0,0,0,31,72
438,308,2,1,1,1,1,1,1,0,0,0,0,0,44,72
438,180,2,1,1,1,1,1,1,0,0,0,0,0,44,72
438,442,2,1,1,1,1,1,1,0,0,0,0,0,25,72
438,418,2,1,1,1,0,0,1,0,1,1,1,0,32,72
438,402,2,1,1,1,1,1,1,0,0,0,0,0,26,72
438,498,2,1,1,1,1,1,1,0,0,0,0,0,25,72
438,306,2,1,1,1,1,1,1,0,0,0,0,0,44,72
438,178,2,1,1,1,1,1,1,0,0,0,0,0,38,72
438,430,2,1,1,1,0,0,1,0,1,1,1,0,7,72
438,414,2,1,1,1,1,1,1,0,0,0,0,0,7,72
438,510,2,1,1,1,1,1,1,0,0,0,0,0,0,72
438,318,2,1,1,1,1,1,1,0,0,0,0,0,31,72
438,190,2,1,1,1,1,1,1,0,0,0,0,0,25,72
438,390,2,1,1,1,0,0,1,0,1,1,1,0,14,72
438,486,2,1,1,1,0,0,1,0,1,1,1,0,7,72
438,294,2,0,0,1,0,0,0,0,0,0,0,0,32,72
438,166,2,1,1,1,0,0,1,0,1,1,1,0,32,72
438,470,2,1,1,1,1,1,1,0,0,0,0,0,7,72
438,278,2,1,1,1,1,1,1,0,0,0,0,0,32,72
438,150,2,1,1,1,1,1,1,0,0,0,0,0,26,72
438,374,2,1,1,1,1,1,1,0,0,0,0,0,31,72
438,246,2,1,1,1,1,1,1,0,0,0,0,0,25,72
438,54,2,1,1,1,1,1,1,0,0,0,0,0,50,72
439,439,0,1,1,1,1,1,1,0,0,0,0,0,0,159
439,438,1,1,1,1,1,1,1,0,0,0,0,0,111,159
439,437,1,1,1,1,1,1,1,0,0,0,0,0,55,159
439,435,1,1,1,1,1,1,1,0,0,0,0,0,92,159
439,447,1,1,1,1,1,1,1,0,0,0,0,0,0,159
439,423,1,1,1,1,0,0,1,0,1,1,1,0,9,159
439,407,1,1,1,1,1,1,1,0,0,0,0,0,55,159
439,503,1,1,1,1,1,1,1,0,0,0,0,0,0,159
439,311,1,1,1,1,1,1,1,0,0,0,0,0,98,159
439,183,1,1,1,1,1,1,1,0,0,0,0,0,111,159
439,436,2,1,1,1,1,1,1,0,0,0,0,0,116,159
439,434,2,1,1,1,1,1,1,0,0,0,0,0,132,159
439,446,2,1,1,1,1,1,1,0,0,0,0,0,111,159
439,422,2,1,1,1,0,0,1,0,1,1,1,0,113,159
439,406,2,1,1,1,1,1,1,0,0,0,0,0,115,159
439,502,2,1,1,1,1,1,1,0,0,0,0,0,111,159
439,310,2,1,1,1,1,1,1,0,0,0,0,0,118,159
439,182,2,1,1,1,1,1,1,0,0,0,0,0,133,159
439,433,2,1,1,1,1,1,1,0,0,0,0,0,96,159
439,445,2,1,1,1,1,1,1,0,0,0,0,0,55,159
439,421,2,1,1,1,0,0,1,0,1,1,1,0,56,159
439,405,2,1,1,1,1,1,1,0,0,0,0,0,58,159
439,501,2,1,1,1,1,1,1,0,0,0,0,0,55,159
439,309,2,1,1,1,1,1,1,0,0,0,0,0,102,159
439,181,2,1,1,1,1,1,1,0,0,0,0,0,115,159
439,443,2,1,1,1,1,1,1,0,0,0,0,0,92,159
439,419,2,1,1,1,0,0,1,0,1,1,1,0,94,159
439,403,2,1,1,1,1,1,1,0,0,0,0,0,96,159
439,499,2,1,1,1,1,1,1,0,0,0,0,0,92,159
439,307,2,1,1,1,1,1,1,0,0,0,0,0,126,159
439,179,2,1,1,1,1,1,1,0,0,0,0,0,132,159
439,431,2,1,1,1,0,0,1,0,1,1,1,0,9,159
439,415,2,1,1,1,1,1,1,0,0,0,0,0,55,159
439,511,2,1,1,1,1,1,1,0,0,0,0,0,0,159
439,319,2,1,1,1,1,1,1,0,0,0,0,0,98,159
439,191,2,1,1,1,1,1,1,0,0,0,0,0,111,159
439,391,2,1,1,1,0,0,1,0,1,1,1,0,56,159
439,487,2,1,1,1,0,0,1,0,1,1,1,0,9,159
439,295,2,0,0,1,0,0,0,0,0,0,0,0,99,159
439,167,2,1,1,1,0,0,1,0,1,1,1,0,113,159
439,471,2,1,1,1,1,1,1,0,0,0,0,0,55,159
439,279,2,1,1,1,1,1,1,0,0,0,0,0,103,159
439,151,2,1,1,1,1,1,1,0,0,0,0,0,116,159
439,375,2,1,1,1,1,1,1,0,0,0,0,0,98,159
439,247,2,1,1,1,1,1,1,0,0,0,0,0,111,159
439,55,2,1,1,1,1,1,1,0,0,0,0,0,118,159
440,440,0,1,1,1,1,1,1,0,0,0,0,0,0,45
440,441,1,1,1,1,1,1,1,0,0,0,0,0,0,45
440,442,1,1,1,1,1,1,1,0,0,0,0,0,0,45
440,444,1,1,1,1,1,1,1,0,0,0,0,0,0,45
440,432,1,1,1,1,1,1,1,0,0,0,0,0,26,45
440,424,1,1,1,1,0,0,1,0,1,1,1,0,6,45
440,408,1,1,1,1,1,1,1,0,0,0,0,0,16,45
440,504,1,1,1,1,1,1,1,0,0,0,0,0,0,45
440,312,1,1,1,1,1,1,1,0,0,0,0,0,6,45
440,184,1,1,1,1,1,1,1,0,0,0,0,0,16,45
440,443,2,1,1,1,1,1,1,0,0,0,0,0,0,45
440,445,2,1,1,1,1,1,1,0,0,0,0,0,0,45
440,433,2,1,1,1,1,1,1,0,0,0,0,0,26,45
440,425,2,1,1,1,0,0,1,0,1,1,1,0,6,45
440,409,2,1,1,1,1,1,1,0,0,0,0,0,16,45
440,505,2,1,1,1,1,1,1,0,0,0,0,0,0,45
440,313,2,1,1,1,1,1,1,0,0,0,0,0,6,45
440,185,2,1,1,1,1,1,1,0,0,0,0,0,16,45
440,446,2,1,1,1,1,1,1,0,0,0,0,0,0,45
440,434,2,1,1,1,1,1,1,0,0,0,0,0,26,45
440,426,2,1,1,1,0,0,1,0,1,1,1,0,6,45
440,410,2,1,1,1,1,1,1,0,0,0,0,0,16,45
440,506,2,1,1,1,1,1,1,0,0,0,0,0,0,45
440,314,2,1,1,1,1,1,1,0,0,0,0,0,6,45
440,186,2,1,1,1,1,1,1,0,0,0,0,0,16,45
440,436,2,1,1,1,1,1,1,0,0,0,0,0,26,45
440,428,2,1,1,1,0,0,1,0,1,1,1,0,6,45
440,412,2,1,1,1,1,1,1,0,0,0,0,0,16,45
440,508,2,1,1,1,1,1,1,0,0,0,0,0,0,45
440,316,2,1,1,1,1,1,1,0,0,0,0,0,6,45
440,188,2,1,1,1,1,1,1,0,0,0,0,0,16,45
440,416,2,0,0,1,0,0,0,0,0,0,0,0,27,45
440,400,2,1,1,1,1,1,1,0,0,0,0,0,32,45
440,496,2,1,1,1,1,1,1,0,0,0,0,0,26,45
440,304,2,1,1,1,1,1,1,0,0,0,0,0,27,45
440,176,2,1,1,1,1,1,1,0,0,0,0,0,32,45
440,392,2,0,0,1,0,0,0,0,0,0,0,0,17,45
440,488,2,1,1,1,0,0,1,0,1,1,1,0,6,45
440,296,2,1,1,1,0,0,1,0,1,1,1,0,12,45
440,168,2,1,1,1,0,0,1,0,1,1,1,0,22,45
440,472,2,1,1,1,1,1,1,0,0,0,0,0,16,45
440,280,2,1,1,1,1,1,1,0,0,0,0,0,22,45
440,152,2,1,1,1,1,1,1,0,0,0,0,0,32,45
440,376,2,1,1,1,1,1,1,0,0,0,0,0,6,45
440,248,2,1,1,1,1,1,1,0,0,0,0,0,16,45
440,56,2,1,1,1,1,1,1,0,0,0,0,0,17,45
441,441,0,1,1,1,1,1,1,0,0,0,0,0,0,104
441,440,1,1,1,1,1,1,1,0,0,0,0,0,78,104
441,443,1,1,1,1,1,1,1,0,0,0,0,0,0,104
441,445,1,1,1,1,1,1,1,0,0,0,0,0,0,104
441,433,1,1,1,1,1,1,1,0,0,0,0,0,48,104
441,425,1,1,1,1,0,0,1,0,1,1,1,0,8,104
441,409,1,1,1,1,1,1,1,0,0,0,0,0,48,104
441,505,1,1,1,1,1,1,1,0,0,0,0,0,0,104
441,313,1,1,1,1,1,1,1,0,0,0,0,0,48,104
441,185,1,1,1,1,1,1,1,0,0,0,0,0,78,104
441,442,2,1,1,1,1,1,1,0,0,0,0,0,78,104
441,444,2,1,1,1,1,1,1,0,0,0,0,0,78,104
441,432,2,1,1,1,1,1,1,0,0,0,0,0,83,104
441,424,2,1,1,1,0,0,1,0,1,1,1,0,80,104
441,408,2,1,1,1,1,1,1,0,0,0,0,0,82,104
441,504,2,1,1,1,1,1,1,0,0,0,0,0,78,104
441,312,2,1,1,1,1,1,1,0,0,0,0,0,82,104
441,184,2,1,1,1,1,1,1,0,0,0,0,0,90,104
441,447,2,1,1,1,1,1,1,0,0,0,0,0,0,104
441,435,2,1,1,1,1,1,1,0,0,0,0,0,48,104
441,427,2,1,1,1,0,0,1,0,1,1,1,0,8,104
441,411,2,1,1,1,1,1,1,0,0,0,0,0,48,104
441,507,2,1,1,1,1,1,1,0,0,0,0,0,0,104
441,315,2,1,1,1,1,1,1,0,0,0,0,0,48,104
441,187,2,1,1,1,1,1,1,0,0,0,0,0,78,104
441,437,2,1,1,1,1,1,1,0,0,0,0,0,48,104
441,429,2,1,1,1,0,0,1,0,1,1,1,0,8,104
441,413,2,1,1,1,1,1,1,0,0,0,0,0,48,104
441,509,2,1,1,1,1,1,1,0,0,0,0,0,0,104
441,317,2,1,1,1,1,1,1,0,0,0,0,0,48,104
441,189,2,1,1,1,1,1,1,0,0,0,0,0,78,104
441,417,2,1,1,1,0,0,1,0,1,1,1,0,49,104
441,401,2,1,1,1,1,1,1,0,0,0,0,0,76,104
441,497,2,1,1,1,1,1,1,0,0,0,0,0,48,104
441,305,2,1,1,1,1,1,1,0,0,0,0,0,51,104
441,177,2,1,1,1,1,1,1,0,0,0,0,0,82,104
441,393,2,0,0,1,0,0,0,0,0,0,0,0,49,104
441,489,2,1,1,1,0,0,1,0,1,1,1,0,8,104
441,297,2,1,1,1,0,0,1,0,1,1,1,0,49,104
441,169,2,1,1,1,0,0,1,0,1,1,1,0,80,104
441,473,2,1,1,1,1,1,1,0,0,0,0,0,48,104
441,281,2,1,1,1,1,1,1,0,0,0,0,0,77,104
441,153,2,1,1,1,1,1,1,0,0,0,0,0,83,104
441,377,2,1,1,1,1,1,1,0,0,0,0,0,48,104
441,249,2,1,1,1,1,1,1,0,0,0,0,0,78,104
441,57,2,1,1,1,1,1,1,0,0,0,0,0,83,104
442,442,0,1,1,1,1,1,1,0,0,0,0,0,0,72
442,443,1,1,1,1,1,1,1,0,0,0,0,0,0,72
442,440,1,1,1,1,1,1,1,0,0,0,0,0,36,72
442,446,1,1,1,1,1,1,1,0,0,0,0,0,0,72
442,434,1,1,1,1,1,1,1,0,0,0,0,0,36,72
442,426,1,1,1,1,0,0,1,0,1,1,1,0,7,72
442,410,1,1,1,1,1,1,1,0,0,0,0,0,19,72
442,506,1,1,1,1,1,1,1,0,0,0,0,0,0,72
442,314,1,1,1,1,1,1,1,0,0,0,0,0,19,72
442,186,1,1,1,1,1,1,1,0,0,0,0,0,46,72
442,441,2,1,1,1,1,1,1,0,0,0,0,0,36,72
442,447,2,1,1,1,1,1,1,0,0,0,0,0,0,72
442,435,2,1,1,1,1,1,1,0,0,0,0,0,36,72
442,427,2,1,1,1,0,0,1,0,1,1,1,0,7,72
442,411,2,1,1,1,1,1,1,0,0,0,0,0,19,72
442,507,2,1,1,1,1,1,1,0,0,0,0,0,0,72
442,315,2,1,1,1,1,1,1,0,0,0,0,0,19,72
442,187,2,1,1,1,1,1,1,0,0,0,0,0,46,72
442,444,2,1,1,1,1,1,1,0,0,0,0,0,36,72
442,432,2,1,1,1,1,1,1,0,0,0,0,0,56,72
442,424,2,1,1,1,0,0,1,0,1,1,1,0,37,72
442,408,2,1,1,1,1,1,1,0,0,0,0,0,38,72
442,504,2,1,1,1,1,1,1,0,0,0,0,0,36,72
442,312,2,1,1,1,1,1,1,0,0,0,0,0,43,72
442,184,2,1,1,1,1,1,1,0,0,0,0,0,55,72
442,438,2,1,1,1,1,1,1,0,0,0,0,0,36,72
442,430,2,1,1,1,0,0,1,0,1,1,1,0,7,72
442,414,2,1,1,1,1,1,1,0,0,0,0,0,19,72
442,510,2,1,1,1,1,1,1,0,0,0,0,0,0,72
442,318,2,1,1,1,1,1,1,0,0,0,0,0,19,72
442,190,2,1,1,1,1,1,1,0,0,0,0,0,46,72
442,418,2,1,1,1,0,0,1,0,1,1,1,0,37,72
442,402,2,1,1,1,1,1,1,0,0,0,0,0,43,72
442,498,2,1,1,1,1,1,1,0,0,0,0,0,36,72
442,306,2,1,1,1,1,1,1,0,0,0,0,0,38,72
442,178,2,1,1,1,1,1,1,0,0,0,0,0,55,72
442,394,2,1,1,1,0,0,1,0,1,1,1,0,20,72
442,490,2,1,1,1,0,0,1,0,1,1,1,0,7,72
442,298,2,1,1,1,0,0,1,0,1,1,1,0,20,72
442,170,2,1,1,1,0,0,1,0,1,1,1,0,48,72
442,474,2,1,1,1,1,1,1,0,0,0,0,0,19,72
442,282,2,1,1,1,1,1,1,0,0,0,0,0,32,72
442,154,2,1,1,1,1,1,1,0,0,0,0,0,49,72
442,378,2,1,1,1,1,1,1,0,0,0,0,0,19,72
442,250,2,1,1,1,1,1,1,0,0,0,0,0,46,72
442,58,2,1,1,1,1,1,1,0,0,0,0,0,49,72
443,443,0,1,1,1,1,1,1,0,0,0,0,0,0,105
443,442,1,1,1,1,1,1,1,0,0,0,0,0,78,105
443,441,1,1,1,1,1,1,1,0,0,0,0,0,48,105
443,447,1,1,1,1,1,1,1,0,0,0,0,0,0,105
443,435,1,1,1,1,1,1,1,0,0,0,0,0,48,105
443,427,1,1,1,1,0,0,1,0,1,1,1,0,8,105
443,411,1,1,1,1,1,1,1,0,0,0,0,0,48,105
443,507,1,1,1,1,1,1,1,0,0,0,0,0,0,105
443,315,1,1,1,1,1,1,1,0,0,0,0,0,48,105
443,187,1,1,1,1,1,1,1,0,0,0,0,0,78,105
443,440,2,1,1,1,1,1,1,0,0,0,0,0,83,105
443,446,2,1,1,1,1,1,1,0,0,0,0,0,78,105
443,434,2,1,1,1,1,1,1,0,0,0,0,0,83,105
443,426,2,1,1,1,0,0,1,0,1,1,1,0,80,105
443,410,2,1,1,1,1,1,1,0,0,0,0,0,82,105
443,506,2,1,1,1,1,1,1,0,0,0,0,0,78,105
443,314,2,1,1,1,1,1,1,0,0,0,0,0,82,105
443,186,2,1,1,1,1,1,1,0,0,0,0,0,90,105
443,445,2,1,1,1,1,1,1,0,0,0,0,0,48,105
443,433,2,1,1,1,1,1,1,0,0,0,0,0,77,105
443,425,2,1,1,1,0,0,1,0,1,1,1,0,49,105
443,409,2,1,1,1,1,1,1,0,0,0,0,0,51,105
443,505,2,1,1,1,1,1,1,0,0,0,0,0,48,105
443,313,2,1,1,1,1,1,1,0,0,0,0,0,76,105
443,185,2,1,1,1,1,1,1,0,0,0,0,0,82,105
443,439,2,1,1,1,1,1,1,0,0,0,0,0,48,105
443,431,2,1,1,1,0,0,1,0,1,1,1,0,8,105
443,415,2,1,1,1,1,1,1,0,0,0,0,0,48,105
443,511,2,1,1,1,1,1,1,0,0,0,0,0,0,105
443,319,2,1,1,1,1,1,1,0,0,0,0,0,48,105
443,191,2,1,1,1,1,1,1,0,0,0,0,0,78,105
443,419,2,1,1,1,0,0,1,0,1,1,1,0,49,105
443,403,2,1,1,1,1,1,1,0,0,0,0,0,76,105
443,499,2,1,1,1,1,1,1,0,0,0,0,0,48,105
443,307,2,1,1,1,1,1,1,0,0,0,0,0,51,105
443,179,2,1,1,1,1,1,1,0,0,0,0,0,82,105
443,395,2,1,1,1,0,0,1,0,1,1,1,0,49,105
443,491,2,1,1,1,0,0,1,0,1,1,1,0,8,105
443,299,2,1,1,1,0,0,1,0,1,1,1,0,49,105
443,171,2,1,1,1,0,0,1,0,1,1,1,0,80,105
443,475,2,1,1,1,1,1,1,0,0,0,0,0,48,105
443,283,2,1,1,1,1,1,1,0,0,0,0,0,77,105
443,155,2,1,1,1,1,1,1,0,0,0,0,0,83,105
443,379,2,1,1,1,1,1,1,0,0,0,0,0,48,105
443,251,2,1,1,1,1,1,1,0,0,0,0,0,78,105
443,59,2,1,1,1,1,1,1,0,0,0,0,0,83,105
444,444,0,1,1,1,1,1,1,0,0,0,0,0,0,111
444,445,1,1,1,1,1,1,1,0,0,0,0,0,0,111
444,446,1,1,1,1,1,1,1,0,0,0,0,0,0,111
444,440,1,1,1,1,1,1,1,0,0,0,0,0,67,111
444,436,1,1,1,1,1,1,1,0,0,0,0,0,74,111
444,428,1,1,1,1,0,0,1,0,1,1,1,0,8,111
444,412,1,1,1,1,1,1,1,0,0,0,0,0,22,111
444,508,1,1,1,1,1,1,1,0,0,0,0,0,0,111
444,316,1,1,1,1,1,1,1,0,0,0,0,0,42,111
444,188,1,1,1,1,1,1,1,0,0,0,0,0,67,111
444,447,2,1,1,1,1,1,1,0,0,0,0,0,0,111
444,441,2,1,1,1,1,1,1,0,0,0,0,0,67,111
444,437,2,1,1,1,1,1,1,0,0,0,0,0,74,111
444,429,2,1,1,1,0,0,1,0,1,1,1,0,8,111
444,413,2,1,1,1,1,1,1,0,0,0,0,0,22,111
444,509,2,1,1,1,1,1,1,0,0,0,0,0,0,111
444,317,2,1,1,1,1,1,1,0,0,0,0,0,42,111
444,189,2,1,1,1,1,1,1,0,0,0,0,0,67,111
444,442,2,1,1,1,1,1,1,0,0,0,0,0,67,111
444,438,2,1,1,1,1,1,1,0,0,0,0,0,74,111
444,430,2,1,1,1,0,0,1,0,1,1,1,0,8,111
444,414,2,1,1,1,1,1,1,0,0,0,0,0,22,111
444,510,2,1,1,1,1,1,1,0,0,0,0,0,0,111
444,318,2,1,1,1,1,1,1,0,0,0,0,0,42,111
444,190,2,1,1,1,1,1,1,0,0,0,0,0,67,111
444,432,2,1,1,1,1,1,1,0,0,0,0,0,91,111
444,424,2,1,1,1,0,0,1,0,1,1,1,0,69,111
444,408,2,1,1,1,1,1,1,0,0,0,0,0,70,111
444,504,2,1,1,1,1,1,1,0,0,0,0,0,67,111
444,312,2,1,1,1,1,1,1,0,0,0,0,0,77,111
444,184,2,1,1,1,1,1,1,0,0,0,0,0,90,111
444,420,2,0,0,1,0,0,0,0,0,0,0,0,75,111
444,404,2,1,1,1,1,1,1,0,0,0,0,0,76,111
444,500,2,1,1,1,1,1,1,0,0,0,0,0,74,111
444,308,2,1,1,1,1,1,1,0,0,0,0,0,78,111
444,180,2,1,1,1,1,1,1,0,0,0,0,0,91,111
444,396,2,1,1,1,0,0,1,0,1,1,1,0,23,111
444,492,2,1,1,1,0,0,1,0,1,1,1,0,8,111
444,300,2,1,1,1,0,0,1,0,1,1,1,0,43,111
444,172,2,1,1,1,0,0,1,0,1,1,1,0,69,111
444,476,2,1,1,1,1,1,1,0,0,0,0,0,22,111
444,284,2,1,1,1,1,1,1,0,0,0,0,0,44,111
444,156,2,1,1,1,1,1,1,0,0,0,0,0,70,111
444,380,2,1,1,1,1,1,1,0,0,0,0,0,42,111
444,252,2,1,1,1,1,1,1,0,0,0,0,0,67,111
444,60,2,1,1,1,1,1,1,0,0,0,0,0,71,111
445,445,0,1,1,1,1,1,1,0,0,0,0,0,0,159
445,444,1,1,1,1,1,1,1,0,0,0,0,0,111,159
445,447,1,1,1,1,1,1,1,0,0,0,0,0,0,159
445,441,1,1,1,1,1,1,1,0,0,0,0,0,92,159
445,437,1,1,1,1,1,1,1,0,0,0,0,0,98,159
445,429,1,1,1,1,0,0,1,0,1,1,1,0,9,159
445,413,1,1,1,1,1,1,1,0,0,0,0,0,55,159
445,509,1,1,1,1,1,1,1,0,0,0,0,0,0,159
445,317,1,1,1,1,1,1,1,0,0,0,0,0,98,159
445,189,1,1,1,1,1,1,1,0,0,0,0,0,111,159
445,446,2,1,1,1,1,1,1,0,0,0,0,0,111,159
445,440,2,1,1,1,1,1,1,0,0,0,0,0,132,159
445,436,2,1,1,1,1,1,1,0,0,0,0,0,118,159
445,428,2,1,1,1,0,0,1,0,1,1,1,0,113,159
445,412,2,1,1,1,1,1,1,0,0,0,0,0,115,159
445,508,2,1,1,1,1,1,1,0,0,0,0,0,111,159
445,316,2,1,1,1,1,1,1,0,0,0,0,0,118,159
445,188,2,1,1,1,1,1,1,0,0,0,0,0,133,159
445,443,2,1,1,1,1,1,1,0,0,0,0,0,92,159
445,439,2,1,1,1,1,1,1,0,0,0,0,0,98,159
445,431,2,1,1,1,0,0,1,0,1,1,1,0,9,159
445,415,2,1,1,1,1,1,1,0,0,0,0,0,55,159
445,511,2,1,1,1,1,1,1,0,0,0,0,0,0,159
445,319,2,1,1,1,1,1,1,0,0,0,0,0,98,159
445,191,2,1,1,1,1,1,1,0,0,0,0,0,111,159
445,433,2,1,1,1,1,1,1,0,0,0,0,0,126,159
445,425,2,1,1,1,0,0,1,0,1,1,1,0,94,159
445,409,2,1,1,1,1,1,1,0,0,0,0,0,96,159
445,505,2,1,1,1,1,1,1,0,0,0,0,0,92,159
445,313,2,1,1,1,1,1,1,0,0,0,0,0,126,159
445,185,2,1,1,1,1,1,1,0,0,0,0,0,132,159
445,421,2,1,1,1,0,0,1,0,1,1,1,0,99,159
445,405,2,1,1,1,1,1,1,0,0,0,0,0,102,159
445,501,2,1,1,1,1,1,1,0,0,0,0,0,98,159
445,309,2,1,1,1,1,1,1,0,0,0,0,0,104,159
445,181,2,1,1,1,1,1,1,0,0,0,0,0,118,159
445,397,2,1,1,1,0,0,1,0,1,1,1,0,56,159
445,493,2,1,1,1,0,0,1,0,1,1,1,0,9,159
445,301,2,1,1,1,0,0,1,0,1,1,1,0,99,159
445,173,2,1,1,1,0,0,1,0,1,1,1,0,113,159
445,477,2,1,1,1,1,1,1,0,0,0,0,0,55,159
445,285,2,1,1,1,1,1,1,0,0,0,0,0,103,159
445,157,2,1,1,1,1,1,1,0,0,0,0,0,116,159
445,381,2,1,1,1,1,1,1,0,0,0,0,0,98,159
445,253,2,1,1,1,1,1,1,0,0,0,0,0,111,159
445,61,2,1,1,1,1,1,1,0,0,0,0,0,118,159
446,446,0,1,1,1,1,1,1,0,0,0,0,0,0,112
446,447,1,1,1,1,1,1,1,0,0,0,0,0,0,112
446,444,1,1,1,1,1,1,1,0,0,0,0,0,42,112
446,442,1,1,1,1,1,1,1,0,0,0,0,0,67,112
446,438,1,1,1,1,1,1,1,0,0,0,0,0,74,112
446,430,1,1,1,1,0,0,1,0,1,1,1,0,8,112
446,414,1,1,1,1,1,1,1,0,0,0,0,0,22,112
446,510,1,1,1,1,1,1,1,0,0,0,0,0,0,112
446,318,1,1,1,1,1,1,1,0,0,0,0,0,42,112
446,190,1,1,1,1,1,1,1,0,0,0,0,0,67,112
446,445,2,1,1,1,1,1,1,0,0,0,0,0,42,112
446,443,2,1,1,1,1,1,1,0,0,0,0,0,67,112
446,439,2,1,1,1,1,1,1,0,0,0,0,0,74,112
446,431,2,1,1,1,0,0,1,0,1,1,1,0,8,112
446,415,2,1,1,1,1,1,1,0,0,0,0,0,22,112
446,511,2,1,1,1,1,1,1,0,0,0,0,0,0,112
446,319,2,1,1,1,1,1,1,0,0,0,0,0,42,112
446,191,2,1,1,1,1,1,1,0,0,0,0,0,67,112
446,440,2,1,1,1,1,1,1,0,0,0,0,0,71,112
446,436,2,1,1,1,1,1,1,0,0,0,0,0,78,112
446,428,2,1,1,1,0,0,1,0,1,1,1,0,43,112
446,412,2,1,1,1,1,1,1,0,0,0,0,0,44,112
446,508,2,1,1,1,1,1,1,0,0,0,0,0,42,112
446,316,2,1,1,1,1,1,1,0,0,0,0,0,57,112
446,188,2,1,1,1,1,1,1,0,0,0,0,0,77,112
446,434,2,1,1,1,1,1,1,0,0,0,0,0,91,112
446,426,2,1,1,1,0,0,1,0,1,1,1,0,69,112
446,410,2,1,1,1,1,1,1,0,0,0,0,0,70,112
446,506,2,1,1,1,1,1,1,0,0,0,0,0,67,112
446,314,2,1,1,1,1,1,1,0,0,0,0,0,77,112
446,186,2,1,1,1,1,1,1,0,0,0,0,0,90,112
446,422,2,1,1,1,0,0,1,0,1,1,1,0,75,112
446,406,2,1,1,1,1,1,1,0,0,0,0,0,76,112
446,502,2,1,1,1,1,1,1,0,0,0,0,0,74,112
446,310,2,1,1,1,1,1,1,0,0,0,0,0,78,112
446,182,2,1,1,1,1,1,1,0,0,0,0,0,91,112
446,398,2,1,1,1,0,0,1,0,1,1,1,0,23,112
446,494,2,1,1,1,0,0,1,0,1,1,1,0,8,112
446,302,2,1,1,1,0,0,1,0,1,1,1,0,43,112
446,174,2,1,1,1,0,0,1,0,1,1,1,0,69,112
446,478,2,1,1,1,1,1,1,0,0,0,0,0,22,112
446,286,2,1,1,1,1,1,1,0,0,0,0,0,44,112
446,158,2,1,1,1,1,1,1,0,0,0,0,0,70,112
446,382,2,1,1,1,1,1,1,0,0,0,0,0,42,112
446,254,2,1,1,1,1,1,1,0,0,0,0,0,67,112
446,62,2,1,1,1,1,1,1,0,0,0,0,0,71,112
447,447,0,1,1,1,1,1,1,0,0,0,0,0,0,160
447,446,1,1,1,1,1,1,1,0,0,0,0,0,111,160
447,445,1,1,1,1,1,1,1,0,0,0,0,0,55,160
447,443,1,1,1,1,1,1,1,0,0,0,0,0,92,160
447,439,1,1,1,1,1,1,1,0,0,0,0,0,98,160
447,431,1,1,1,1,0,0,1,0,1,1,1,0,9,160
447,415,1,1,1,1,1,1,1,0,0,0,0,0,55,160
447,511,1,1,1,1,1,1,1,0,0,0,0,0,0,160
447,319,1,1,1,1,1,1,1,0,0,0,0,0,98,160
447,191,1,1,1,1,1,1,1,0,0,0,0,0,111,160
447,444,2,1,1,1,1,1,1,0,0,0,0,0,116,160
447,442,2,1,1,1,1,1,1,0,0,0,0,0,132,160
447,438,2,1,1,1,1,1,1,0,0,0,0,0,118,160
447,430,2,1,1,1,0,0,1,0,1,1,1,0,113,160
447,414,2,1,1,1,1,1,1,0,0,0,0,0,115,160
447,510,2,1,1,1,1,1,1,0,0,0,0,0,111,160
447,318,2,1,1,1,1,1,1,0,0,0,0,0,118,160
447,190,2,1,1,1,1,1,1,0,0,0,0,0,133,160
447,441,2,1,1,1,1,1,1,0,0,0,0,0,96,160
447,437,2,1,1,1,1,1,1,0,0,0,0,0,103,160
447,429,2,1,1,1,0,0,1,0,1,1,1,0,56,160
447,413,2,1,1,1,1,1,1,0,0,0,0,0,58,160
447,509,2,1,1,1,1,1,1,0,0,0,0,0,55,160
447,317,2,1,1,1,1,1,1,0,0,0,0,0,102,160
447,189,2,1,1,1,1,1,1,0,0,0,0,0,115,160
447,435,2,1,1,1,1,1,1,0,0,0,0,0,126,160
447,427,2,1,1,1,0,0,1,0,1,1,1,0,94,160
447,411,2,1,1,1,1,1,1,0,0,0,0,0,96,160
447,507,2,1,1,1,1,1,1,0,0,0,0,0,92,160
447,315,2,1,1,1,1,1,1,0,0,0,0,0,126,160
447,187,2,1,1,1,1,1,1,0,0,0,0,0,132,160
447,423,2,1,1,1,0,0,1,0,1,1,1,0,99,160
447,407,2,1,1,1,1,1,1,0,0,0,0,0,102,160
447,503,2,1,1,1,1,1,1,0,0,0,0,0,98,160
447,311,2,1,1,1,1,1,1,0,0,0,0,0,104,160
447,183,2,1,1,1,1,1,1,0,0,0,0,0,118,160
447,399,2,1,1,1,0,0,1,0,1,1,1,0,56,160
447,495,2,1,1,1,0,0,1,0,1,1,1,0,9,160
447,303,2,1,1,1,0,0,1,0,1,1,1,0,99,160
447,175,2,1,1,1,0,0,1,0,1,1,1,0,113,160
447,479,2,1,1,1,1,1,1,0,0,0,0,0,55,160
447,287,2,1,1,1,1,1,1,0,0,0,0,0,103,160
447,159,2,1,1,1,1,1,1,0,0,0,0,0,116,160
447,383,2,1,1,1,1,1,1,0,0,0,0,0,98,160
447,255,2,1,1,1,1,1,1,0,0,0,0,0,111,160
447,63,2,1,1,1,1,1,1,0,0,0,0,0,118,160
450,450,0,1,1,1,1,1,1,0,0,0,0,0,0,109
450,451,1,1,1,1,1,1,1,0,0,0,0,0,0,109
450,448,1,0,0,1,0,0,0,0,0,0,0,0,74,109
450,454,1,1,1,1,1,1,1,0,0,0,0,0,0,109
450,458,1,1,1,1,1,1,1,0,0,0,0,0,0,109
450,466,1,1,1,1,1,1,1,0,0,0,0,0,0,109
450,482,1,1,1,1,1,1,1,0,0,0,0,0,0,109
450,386,1,1,1,1,1,1,1,0,0,0,0,0,67,109
450,322,1,1,1,1,0,0,1,0,1,1,1,0,22,109
450,194,1,1,1,1,1,1,1,0,0,0,0,0,67,109
450,449,2,0,0,1,0,0,0,0,0,0,0,0,74,109
450,455,2,1,1,1,1,1,1,0,0,0,0,0,0,109
450,459,2,1,1,1,1,1,1,0,0,0,0,0,0,109
450,467,2,1,1,1,1,1,1,0,0,0,0,0,0,109
450,483,2,1,1,1,1,1,1,0,0,0,0,0,0,109
450,387,2,1,1,1,1,1,1,0,0,0,0,0,67,109
450,323,2,1,1,1,0,0,1,0,1,1,1,0,22,109
450,195,2,1,1,1,1,1,1,0,0,0,0,0,67,109
450,452,2,0,0,1,0,0,0,0,0,0,0,0,74,109
450,456,2,0,0,1,0,0,0,0,0,0,0,0,74,109
450,464,2,1,0,1,0,0,0,0,0,0,0,0,74,109
450,480,2,0,0,1,0,0,0,0,0,0,0,0,74,109
450,384,2,0,0,1,0,0,0,0,0,0,0,0,91,109
450,320,2,0,0,1,0,0,0,0,0,0,0,0,76,109
450,192,2,0,0,1,0,0,0,0,0,0,0,0,91,109
450,462,2,1,1,1,1,1,1,0,0,0,0,0,0,109
450,470,2,1,1,1,1,1,1,0,0,0,0,0,0,109
450,486,2,1,1,1,1,1,1,0,0,0,0,0,0,109
450,390,2,1,1,1,1,1,1,0,0,0,0,0,67,109
450,326,2,1,1,1,0,0,1,0,1,1,1,0,22,109
450,198,2,1,1,1,1,1,1,0,0,0,0,0,67,109
450,474,2,1,1,1,1,1,1,0,0,0,0,0,0,109
450,490,2,1,1,1,1,1,1,0,0,0,0,0,0,109
450,394,2,1,1,1,1,1,1,0,0,0,0,0,67,109
450,330,2,1,1,1,0,0,1,0,1,1,1,0,22,109
450,202,2,1,1,1,1,1,1,0,0,0,0,0,67,109
450,498,2,1,1,1,1,1,1,0,0,0,0,0,0,109
450,402,2,1,1,1,1,1,1,0,0,0,0,0,67,109
450,338,2,1,1,1,0,0,1,0,1,1,1,0,22,109
450,210,2,1,1,1,1,1,1,0,0,0,0,0,67,109
450,418,2,1,1,1,1,1,1,0,0,0,0,0,67,109
450,354,2,1,1,1,0,0,1,0,1,1,1,0,22,109
450,226,2,1,1,1,1,1,1,0,0,0,0,0,67,109
450,258,2,0,0,1,0,0,0,0,0,0,0,0,70,109
450,130,2,1,1,1,1,1,1,0,0,0,0,0,90,109
450,66,2,0,0,1,0,0,0,0,0,0,0,0,70,109
451,451,0,1,1,1,1,1,1,0,0,0,0,0,0,157
451,450,1,1,1,1,1,1,1,0,0,0,0,0,111,157
451,449,1,0,0,1,0,0,0,0,0,0,0,0,98,157
451,455,1,1,1,1,1,1,1,0,0,0,0,0,0,157
451,459,1,1,1,1,1,1,1,0,0,0,0,0,0,157
451,467,1,1,1,1,1,1,1,0,0,0,0,0,0,157
451,483,1,1,1,1,1,1,1,0,0,0,0,0,0,157
451,387,1,1,1,1,1,1,1,0,0,0,0,0,92,157
451,323,1,1,1,1,0,0,1,0,1,1,1,0,55,157
451,195,1,1,1,1,1,1,1,0,0,0,0,0,111,157
451,448,2,0,0,1,0,0,0,0,0,0,0,0,118,157
451,454,2,1,1,1,1,1,1,0,0,0,0,0,111,157
451,458,2,1,1,1,1,1,1,0,0,0,0,0,111,157
451,466,2,1,1,1,1,1,1,0,0,0,0,0,111,157
451,482,2,1,1,1,1,1,1,0,0,0,0,0,111,157
451,386,2,1,1,1,1,1,1,0,0,0,0,0,132,157
451,322,2,1,1,1,0,0,1,0,1,1,1,0,115,157
451,194,2,1,1,1,1,1,1,0,0,0,0,0,133,157
451,453,2,1,0,1,0,0,0,0,0,0,0,0,98,157
451,457,2,0,0,1,0,0,0,0,0,0,0,0,98,157
451,465,2,1,0,1,0,0,0,0,0,0,0,0,98,157
451,481,2,1,0,1,0,0,0,0,0,0,0,0,98,157
451,385,2,0,0,1,0,0,0,0,0,0,0,0,126,157
451,321,2,0,0,1,0,0,0,0,0,0,0,0,102,157
451,193,2,0,0,1,0,0,0,0,0,0,0,0,118,157
451,463,2,1,1,1,1,1,1,0,0,0,0,0,0,157
451,471,2,1,1,1,1,1,1,0,0,0,0,0,0,157
451,487,2,1,1,1,1,1,1,0,0,0,0,0,0,157
451,391,2,1,1,1,1,1,1,0,0,0,0,0,92,157
451,327,2,1,1,1,0,0,1,0,1,1,1,0,55,157
451,199,2,1,1,1,1,1,1,0,0,0,0,0,111,157
451,475,2,1,1,1,1,1,1,0,0,0,0,0,0,157
451,491,2,1,1,1,1,1,1,0,0,0,0,0,0,157
451,395,2,1,1,1,1,1,1,0,0,0,0,0,92,157
451,331,2,1,1,1,0,0,1,0,1,1,1,0,55,157
451,203,2,1,1,1,1,1,1,0,0,0,0,0,111,157
451,499,2,1,1,1,1,1,1,0,0,0,0,0,0,157
451,403,2,1,1,1,1,1,1,0,0,0,0,0,92,157
451,339,2,1,1,1,0,0,1,0,1,1,1,0,55,157
451,211,2,1,1,1,1,1,1,0,0,0,0,0,111,157
451,419,2,1,1,1,1,1,1,0,0,0,0,0,92,157
451,355,2,1,1,1,0,0,1,0,1,1,1,0,55,157
451,227,2,1,1,1,1,1,1,0,0,0,0,0,111,157
451,259,2,0,0,1,0,0,0,0,0,0,0,0,96,157
451,131,2,1,1,1,1,1,1,0,0,0,0,0,132,157
451,67,2,0,0,1,0,0,0,0,0,0,0,0,116,157
453,453,0,1,1,1,1,1,1,0,0,0,0,0,0,221
453,452,1,0,0,1,0,0,0,0,0,0,0,0,150,221
453,455,1,1,1,1,1,1,1,0,0,0,0,0,0,221
453,449,1,0,0,1,0,0,0,0,0,0,0,0,150,221
453,461,1,1,1,1,1,1,1,0,0,0,0,0,0,221
453,469,1,1,1,1,1,1,1,0,0,0,0,0,0,221
453,485,1,1,1,1,1,1,1,0,0,0,0,0,0,221
453,389,1,1,1,1,1,1,1,0,0,0,0,0,150,221
453,325,1,1,1,1,0,0,1,0,1,1,1,0,126,221
453,197,1,1,1,1,1,1,1,0,0,0,0,0,150,221
453,454,2,1,0,1,0,0,0,0,0,0,0,0,150,221
453,448,2,0,0,1,0,0,0,0,0,0,0,0,174,221
453,460,2,1,0,1,0,0,0,0,0,0,0,0,150,221
453,468,2,1,0,1,0,0,0,0,0,0,0,0,150,221
453,484,2,0,0,1,0,0,0,0,0,0,0,0,150,221
453,388,2,0,0,1,0,0,0,0,0,0,0,0,174,221
453,324,2,0,0,1,0,0,0,0,0,0,0,0,158,221
453,196,2,0,0,1,0,0,0,0,0,0,0,0,184,221
453,451,2,1,0,1,0,0,0,0,0,0,0,0,150,221
453,463,2,1,1,1,1,1,1,0,0,0,0,0,0,221
453,471,2,1,1,1,1,1,1,0,0,0,0,0,0,221
453,487,2,1,1,1,1,1,1,0,0,0,0,0,0,221
453,391,2,1,1,1,1,1,1,0,0,0,0,0,150,221
453,327,2,1,1,1,0,0,1,0,1,1,1,0,126,221
453,199,2,1,1,1,1,1,1,0,0,0,0,0,150,221
453,457,2,0,0,1,0,0,0,0,0,0,0,0,150,221
453,465,2,1,0,1,0,0,0,0,0,0,0,0,150,221
453,481,2,1,0,1,0,0,0,0,0,0,0,0,150,221
453,385,2,0,0,1,0,0,0,0,0,0,0,0,184,221
453,321,2,0,0,1,0,0,0,0,0,0,0,0,158,221
453,193,2,0,0,1,0,0,0,0,0,0,0,0,174,221
453,477,2,1,1,1,1,1,1,0,0,0,0,0,0,221
453,493,2,1,1,1,1,1,1,0,0,0,0,0,0,221
453,397,2,1,1,1,1,1,1,0,0,0,0,0,150,221
453,333,2,1,1,1,0,0,1,0,1,1,1,0,126,221
453,205,2,1,1,1,1,1,1,0,0,0,0,0,150,221
453,501,2,1,1,1,1,1,1,0,0,0,0,0,0,221
453,405,2,1,1,1,1,1,1,0,0,0,0,0,150,221
453,341,2,1,1,1,0,0,1,0,1,1,1,0,126,221
453,213,2,1,1,1,1,1,1,0,0,0,0,0,150,221
453,421,2,1,1,1,1,1,1,0,0,0,0,0,150,221
453,357,2,1,1,1,0,0,1,0,1,1,1,0,126,221
453,229,2,1,1,1,1,1,1,0,0,0,0,0,150,221
453,261,2,0,0,1,0,0,0,0,0,0,0,0,157,221
453,133,2,1,1,1,1,1,1,0,0,0,0,0,174,221
453,69,2,0,0,1,0,0,0,0,0,0,0,0,157,221
454,454,0,1,1,1,1,1,1,0,0,0,0,0,0,157
454,455,1,1,1,1,1,1,1,0,0,0,0,0,0,157
454,452,1,0,0,1,0,0,0,0,0,0,0,0,98,157
454,450,1,1,1,1,1,1,1,0,0,0,0,0,111,157
454,462,1,1,1,1,1,1,1,0,0,0,0,0,0,157
454,470,1,1,1,1,1,1,1,0,0,0,0,0,0,157
454,486,1,1,1,1,1,1,1,0,0,0,0,0,0,157
454,390,1,1,1,1,1,1,1,0,0,0,0,0,111,157
454,326,1,1,1,1,0,0,1,0,1,1,1,0,55,157
454,198,1,1,1,1,1,1,1,0,0,0,0,0,92,157
454,453,2,1,0,1,0,0,0,0,0,0,0,0,98,157
454,451,2,1,1,1,1,1,1,0,0,0,0,0,111,157
454,463,2,1,1,1,1,1,1,0,0,0,0,0,0,157
454,471,2,1,1,1,1,1,1,0,0,0,0,0,0,157
454,487,2,1,1,1,1,1,1,0,0,0,0,0,0,157
454,391,2,1,1,1,1,1,1,0,0,0,0,0,111,157
454,327,2,1,1,1,0,0,1,0,1,1,1,0,55,157
454,199,2,1,1,1,1,1,1,0,0,0,0,0,92,157
454,448,2,0,0,1,0,0,0,0,0,0,0,0,118,157
454,460,2,1,0,1,0,0,0,0,0,0,0,0,98,157
454,468,2,1,0,1,0,0,0,0,0,0,0,0,98,157
454,484,2,0,0,1,0,0,0,0,0,0,0,0,98,157
454,388,2,0,0,1,0,0,0,0,0,0,0,0,118,157
454,324,2,0,0,1,0,0,0,0,0,0,0,0,102,157
454,196,2,0,0,1,0,0,0,0,0,0,0,0,126,157
454,458,2,1,1,1,1,1,1,0,0,0,0,0,111,157
454,466,2,1,1,1,1,1,1,0,0,0,0,0,111,157
454,482,2,1,1,1,1,1,1,0,0,0,0,0,111,157
454,386,2,1,1,1,1,1,1,0,0,0,0,0,133,157
454,322,2,1,1,1,0,0,1,0,1,1,1,0,115,157
454,194,2,1,1,1,1,1,1,0,0,0,0,0,132,157
454,478,2,1,1,1,1,1,1,0,0,0,0,0,0,157
454,494,2,1,1,1,1,1,1,0,0,0,0,0,0,157
454,398,2,1,1,1,1,1,1,0,0,0,0,0,111,157
454,334,2,1,1,1,0,0,1,0,1,1,1,0,55,157
454,206,2,1,1,1,1,1,1,0,0,0,0,0,92,157
454,502,2,1,1,1,1,1,1,0,0,0,0,0,0,157
454,406,2,1,1,1,1,1,1,0,0,0,0,0,111,157
454,342,2,1,1,1,0,0,1,0,1,1,1,0,55,157
454,214,2,1,1,1,1,1,1,0,0,0,0,0,92,157
454,422,2,1,1,1,1,1,1,0,0,0,0,0,111,157
454,358,2,1,1,1,0,0,1,0,1,1,1,0,55,157
454,230,2,1,1,1,1,1,1,0,0,0,0,0,92,157
454,262,2,0,0,1,0,0,0,0,0,0,0,0,116,157
454,134,2,1,1,1,1,1,1,0,0,0,0,0,132,157
454,70,2,0,0,1,0,0,0,0,0,0,0,0,96,157
455,455,0,1,1,1,1,1,1,0,0,0,0,0,0,222
455,454,1,1,1,1,1,1,1,0,0,0,0,0,150,222
455,453,1,1,1,1,0,0,1,0,1,1,1,0,126,222
455,451,1,1,1,1,1,1,1,0,0,0,0,0,150,222
455,463,1,1,1,1,1,1,1,0,0,0,0,0,0,222
455,471,1,1,1,1,1,1,1,0,0,0,0,0,0,222
455,487,1,1,1,1,1,1,1,0,0,0,0,0,0,222
455,391,1,1,1,1,1,1,1,0,0,0,0,0,150,222
455,327,1,1,1,1,0,0,1,0,1,1,1,0,126,222
455,199,1,1,1,1,1,1,1,0,0,0,0,0,150,222
455,452,2,0,0,1,0,0,0,0,0,0,0,0,157,222
455,450,2,1,1,1,1,1,1,0,0,0,0,0,174,222
455,462,2,1,1,1,1,1,1,0,0,0,0,0,150,222
455,470,2,1,1,1,1,1,1,0,0,0,0,0,150,222
455,486,2,1,1,1,1,1,1,0,0,0,0,0,150,222
455,390,2,1,1,1,1,1,1,0,0,0,0,0,174,222
455,326,2,1,1,1,0,0,1,0,1,1,1,0,158,222
455,198,2,1,1,1,1,1,1,0,0,0,0,0,184,222
455,449,2,0,0,1,0,0,0,0,0,0,0,0,157,222
455,461,2,1,1,1,0,0,1,0,1,1,1,0,126,222
455,469,2,1,1,1,0,0,1,0,1,1,1,0,126,222
455,485,2,1,1,1,0,0,1,0,1,1,1,0,126,222
455,389,2,1,1,1,0,0,1,0,1,1,1,0,158,222
455,325,2,1,1,1,0,0,1,0,1,1,1,0,132,222
455,197,2,1,1,1,0,0,1,0,1,1,1,0,158,222
455,459,2,1,1,1,1,1,1,0,0,0,0,0,150,222
455,467,2,1,1,1,1,1,1,0,0,0,0,0,150,222
455,483,2,1,1,1,1,1,1,0,0,0,0,0,150,222
455,387,2,1,1,1,1,1,1,0,0,0,0,0,184,222
455,323,2,1,1,1,0,0,1,0,1,1,1,0,158,222
455,195,2,1,1,1,1,1,1,0,0,0,0,0,174,222
455,479,2,1,1,1,1,1,1,0,0,0,0,0,0,222
455,495,2,1,1,1,1,1,1,0,0,0,0,0,0,222
455,399,2,1,1,1,1,1,1,0,0,0,0,0,150,222
455,335,2,1,1,1,0,0,1,0,1,1,1,0,126,222
455,207,2,1,1,1,1,1,1,0,0,0,0,0,150,222
455,503,2,1,1,1,1,1,1,0,0,0,0,0,0,222
455,407,2,1,1,1,1,1,1,0,0,0,0,0,150,222
455,343,2,1,1,1,0,0,1,0,1,1,1,0,126,222
455,215,2,1,1,1,1,1,1,0,0,0,0,0,150,222
455,423,2,1,1,1,1,1,1,0,0,0,0,0,150,222
455,359,2,1,1,1,0,0,1,0,1,1,1,0,126,222
455,231,2,1,1,1,1,1,1,0,0,0,0,0,150,222
455,263,2,0,0,1,0,0,0,0,0,0,0,0,157,222
455,135,2,1,1,1,1,1,1,0,0,0,0,0,174,222
455,71,2,0,0,1,0,0,0,0,0,0,0,0,157,222
458,458,0,1,1,1,1,1,1,0,0,0,0,0,0,110
458,459,1,1,1,1,1,1,1,0,0,0,0,0,0,110
458,456,1,0,0,1,0,0,0,0,0,0,0,0,74,110
458,462,1,1,1,1,1,1,1,0,0,0,0,0,0,110
458,450,1,1,1,1,1,1,1,0,0,0,0,0,42,110
458,474,1,1,1,1,1,1,1,0,0,0,0,0,0,110
458,490,1,1,1,1,1,1,1,0,0,0,0,0,0,110
458,394,1,1,1,1,1,1,1,0,0,0,0,0,67,110
458,330,1,1,1,1,0,0,1,0,1,1,1,0,22,110
458,202,1,1,1,1,1,1,1,0,0,0,0,0,67,110
458,457,2,0,0,1,0,0,0,0,0,0,0,0,74,110
458,463,2,1,1,1,1,1,1,0,0,0,0,0,0,110
458,451,2,1,1,1,1,1,1,0,0,0,0,0,42,110
458,475,2,1,1,1,1,1,1,0,0,0,0,0,0,110
458,491,2,1,1,1,1,1,1,0,0,0,0,0,0,110
458,395,2,1,1,1,1,1,1,0,0,0,0,0,67,110
458,331,2,1,1,1,0,0,1,0,1,1,1,0,22,110
458,203,2,1,1,1,1,1,1,0,0,0,0,0,67,110
458,460,2,1,0,1,0,0,0,0,0,0,0,0,74,110
458,448,2,0,0,1,0,0,0,0,0,0,0,0,78,110
458,472,2,1,0,1,0,0,0,0,0,0,0,0,74,110
458,488,2,1,0,1,0,0,0,0,0,0,0,0,74,110
458,392,2,0,0,1,0,0,0,0,0,0,0,0,91,110
458,328,2,0,0,1,0,0,0,0,0,0,0,0,76,110
458,200,2,0,0,1,0,0,0,0,0,0,0,0,91,110
458,454,2,1,1,1,1,1,1,0,0,0,0,0,42,110
458,478,2,1,1,1,1,1,1,0,0,0,0,0,0,110
458,494,2,1,1,1,1,1,1,0,0,0,0,0,0,110
458,398,2,1,1,1,1,1,1,0,0,0,0,0,67,110
458,334,2,1,1,1,0,0,1,0,1,1,1,0,22,110
458,206,2,1,1,1,1,1,1,0,0,0,0,0,67,110
458,466,2,1,1,1,1,1,1,0,0,0,0,0,42,110
458,482,2,1,1,1,1,1,1,0,0,0,0,0,42,110
458,386,2,1,1,1,1,1,1,0,0,0,0,0,71,110
458,322,2,1,1,1,0,0,1,0,1,1,1,0,44,110
458,194,2,1,1,1,1,1,1,0,0,0,0,0,77,110
458,506,2,1,1,1,1,1,1,0,0,0,0,0,0,110
458,410,2,1,1,1,1,1,1,0,0,0,0,0,67,110
458,346,2,1,1,1,0,0,1,0,1,1,1,0,22,110
458,218,2,1,1,1,1,1,1,0,0,0,0,0,67,110
458,426,2,1,1,1,1,1,1,0,0,0,0,0,67,110
458,362,2,1,1,1,0,0,1,0,1,1,1,0,22,110
458,234,2,1,1,1,1,1,1,0,0,0,0,0,67,110
458,266,2,1,1,1,0,0,1,0,1,1,1,0,70,110
458,138,2,1,1,1,1,1,1,0,0,0,0,0,90,110
458,74,2,0,0,1,0,0,0,0,0,0,0,0,70,110
459,459,0,1,1,1,1,1,1,0,0,0,0,0,0,158
459,458,1,1,1,1,1,1,1,0,0,0,0,0,111,158
459,457,1,0,0,1,0,0,0,0,0,0,0,0,98,158
459,463,1,1,1,1,1,1,1,0,0,0,0,0,0,158
459,451,1,1,1,1,1,1,1,0,0,0,0,0,55,158
459,475,1,1,1,1,1,1,1,0,0,0,0,0,0,158
459,491,1,1,1,1,1,1,1,0,0,0,0,0,0,158
459,395,1,1,1,1,1,1,1,0,0,0,0,0,92,158
459,331,1,1,1,1,0,0,1,0,1,1,1,0,55,158
459,203,1,1,1,1,1,1,1,0,0,0,0,0,111,158
459,456,2,0,0,1,0,0,0,0,0,0,0,0,118,158
459,462,2,1,1,1,1,1,1,0,0,0,0,0,111,158
459,450,2,1,1,1,1,1,1,0,0,0,0,0,116,158
459,474,2,1,1,1,1,1,1,0,0,0,0,0,111,158
459,490,2,1,1,1,1,1,1,0,0,0,0,0,111,158
459,394,2,1,1,1,1,1,1,0,0,0,0,0,132,158
459,330,2,1,1,1,0,0,1,0,1,1,1,0,115,158
459,202,2,1,1,1,1,1,1,0,0,0,0,0,133,158
459,461,2,1,0,1,0,0,0,0,0,0,0,0,98,158
459,449,2,0,0,1,0,0,0,0,0,0,0,0,103,158
459,473,2,1,0,1,0,0,0,0,0,0,0,0,98,158
459,489,2,1,0,1,0,0,0,0,0,0,0,0,98,158
459,393,2,0,0,1,0,0,0,0,0,0,0,0,126,158
459,329,2,0,0,1,0,0,0,0,0,0,0,0,102,158
459,201,2,0,0,1,0,0,0,0,0,0,0,0,118,158
459,455,2,1,1,1,1,1,1,0,0,0,0,0,55,158
459,479,2,1,1,1,1,1,1,0,0,0,0,0,0,158
459,495,2,1,1,1,1,1,1,0,0,0,0,0,0,158
459,399,2,1,1,1,1,1,1,0,0,0,0,0,92,158
459,335,2,1,1,1,0,0,1,0,1,1,1,0,55,158
459,207,2,1,1,1,1,1,1,0,0,0,0,0,111,158
459,467,2,1,1,1,1,1,1,0,0,0,0,0,55,158
459,483,2,1,1,1,1,1,1,0,0,0,0,0,55,158
459,387,2,1,1,1,1,1,1,0,0,0,0,0,96,158
459,323,2,1,1,1,0,0,1,0,1,1,1,0,58,158
459,195,2,1,1,1,1,1,1,0,0,0,0,0,115,158
459,507,2,1,1,1,1,1,1,0,0,0,0,0,0,158
459,411,2,1,1,1,1,1,1,0,0,0,0,0,92,158
459,347,2,1,1,1,0,0,1,0,1,1,1,0,55,158
459,219,2,1,1,1,1,1,1,0,0,0,0,0,111,158
459,427,2,1,1,1,1,1,1,0,0,0,0,0,92,158
459,363,2,1,1,1,0,0,1,0,1,1,1,0,55,158
459,235,2,1,1,1,1,1,1,0,0,0,0,0,111,158
459,267,2,1,1,1,0,0,1,0,1,1,1,0,96,158
459,139,2,1,1,1,1,1,1,0,0,0,0,0,132,158
459,75,2,0,0,1,0,0,0,0,0,0,0,0,116,158
460,460,0,1,1,1,1,1,1,0,0,0,0,0,0,157
460,461,1,1,1,1,1,1,1,0,0,0,0,0,0,157
460,462,1,1,1,1,1,1,1,0,0,0,0,0,0,157
460,456,1,0,0,1,0,0,0,0,0,0,0,0,111,157
460,452,1,0,0,1,0,0,0,0,0,0,0,0,98,157
460,476,1,1,1,1,1,1,1,0,0,0,0,0,0,157
460,492,1,1,1,1,1,1,1,0,0,0,0,0,0,157
460,396,1,1,1,1,1,1,1,0,0,0,0,0,111,157
460,332,1,1,1,1,0,0,1,0,1,1,1,0,55,157
460,204,1,1,1,1,1,1,1,0,0,0,0,0,92,157
460,463,2,1,1,1,1,1,1,0,0,0,0,0,0,157
460,457,2,0,0,1,0,0,0,0,0,0,0,0,111,157
460,453,2,1,0,1,0,0,0,0,0,0,0,0,98,157
460,477,2,1,1,1,1,1,1,0,0,0,0,0,0,157
460,493,2,1,1,1,1,1,1,0,0,0,0,0,0,157
460,397,2,1,1,1,1,1,1,0,0,0,0,0,111,157
460,333,2,1,1,1,0,0,1,0,1,1,1,0,55,157
460,205,2,1,1,1,1,1,1,0,0,0,0,0,92,157
460,458,2,1,0,1,0,0,0,0,0,0,0,0,111,157
460,454,2,1,0,1,0,0,0,0,0,0,0,0,98,157
460,478,2,1,1,1,1,1,1,0,0,0,0,0,0,157
460,494,2,1,1,1,1,1,1,0,0,0,0,0,0,157
460,398,2,1,1,1,1,1,1,0,0,0,0,0,111,157
460,334,2,1,1,1,0,0,1,0,1,1,1,0,55,157
460,206,2,1,1,1,1,1,1,0,0,0,0,0,92,157
460,448,2,0,0,1,0,0,0,0,0,0,0,0,118,157
460,472,2,1,0,1,0,0,0,0,0,0,0,0,111,157
460,488,2,1,0,1,0,0,0,0,0,0,0,0,111,157
460,392,2,0,0,1,0,0,0,0,0,0,0,0,133,157
460,328,2,0,0,1,0,0,0,0,0,0,0,0,115,157
460,200,2,0,0,1,0,0,0,0,0,0,0,0,132,157
460,468,2,1,0,1,0,0,0,0,0,0,0,0,98,157
460,484,2,0,0,1,0,0,0,0,0,0,0,0,98,157
460,388,2,0,0,1,0,0,0,0,0,0,0,0,118,157
460,324,2,0,0,1,0,0,0,0,0,0,0,0,103,157
460,196,2,0,0,1,0,0,0,0,0,0,0,0,126,157
460,508,2,1,1,1,1,1,1,0,0,0,0,0,0,157
460,412,2,1,1,1,1,1,1,0,0,0,0,0,111,157
460,348,2,1,1,1,0,0,1,0,1,1,1,0,55,157
460,220,2,1,1,1,1,1,1,0,0,0,0,0,92,157
460,428,2,1,1,1,1,1,1,0,0,0,0,0,111,157
460,364,2,1,1,1,0,0,1,0,1,1,1,0,55,157
460,236,2,1,1,1,1,1,1,0,0,0,0,0,92,157
460,268,2,1,1,1,0,0,1,0,1,1,1,0,116,157
460,140,2,1,1,1,1,1,1,0,0,0,0,0,132,157
460,76,2,0,0,1,0,0,0,0,0,0,0,0,96,157
461,461,0,1,1,1,1,1,1,0,0,0,0,0,0,222
461,460,1,1,1,1,0,0,1,0,1,1,1,0,150,222
461,463,1,1,1,1,1,1,1,0,0,0,0,0,0,222
461,457,1,0,0,1,0,0,0,0,0,0,0,0,150,222
461,453,1,1,1,1,1,1,1,0,0,0,0,0,126,222
461,477,1,1,1,1,1,1,1,0,0,0,0,0,0,222
461,493,1,1,1,1,1,1,1,0,0,0,0,0,0,222
461,397,1,1,1,1,1,1,1,0,0,0,0,0,150,222
461,333,1,1,1,1,0,0,1,0,1,1,1,0,126,222
461,205,1,1,1,1,1,1,1,0,0,0,0,0,150,222
461,462,2,1,1,1,0,0,1,0,1,1,1,0,150,222
461,456,2,0,0,1,0,0,0,0,0,0,0,0,174,222
461,452,2,0,0,1,0,0,0,0,0,0,0,0,157,222
461,476,2,1,1,1,0,0,1,0,1,1,1,0,150,222
461,492,2,1,1,1,0,0,1,0,1,1,1,0,150,222
461,396,2,1,1,1,0,0,1,0,1,1,1,0,174,222
461,332,2,1,1,1,0,0,1,0,1,1,1,0,158,222
461,204,2,1,1,1,0,0,1,0,1,1,1,0,184,222
461,459,2,1,0,1,0,0,0,0,0,0,0,0,150,222
461,455,2,1,1,1,1,1,1,0,0,0,0,0,126,222
461,479,2,1,1,1,1,1,1,0,0,0,0,0,0,222
461,495,2,1,1,1,1,1,1,0,0,0,0,0,0,222
461,399,2,1,1,1,1,1,1,0,0,0,0,0,150,222
461,335,2,1,1,1,0,0,1,0,1,1,1,0,126,222
461,207,2,1,1,1,1,1,1,0,0,0,0,0,150,222
461,449,2,0,0,1,0,0,0,0,0,0,0,0,158,222
461,473,2,1,0,1,0,0,0,0,0,0,0,0,150,222
461,489,2,1,0,1,0,0,0,0,0,0,0,0,150,222
461,393,2,0,0,1,0,0,0,0,0,0,0,0,184,222
461,329,2,0,0,1,0,0,0,0,0,0,0,0,158,222
461,201,2,0,0,1,0,0,0,0,0,0,0,0,174,222
461,469,2,1,1,1,1,1,1,0,0,0,0,0,126,222
461,485,2,1,1,1,1,1,1,0,0,0,0,0,126,222
461,389,2,1,1,1,1,1,1,0,0,0,0,0,157,222
461,325,2,1,1,1,0,0,1,0,1,1,1,0,133,222
461,197,2,1,1,1,1,1,1,0,0,0,0,0,158,222
461,509,2,1,1,1,1,1,1,0,0,0,0,0,0,222
461,413,2,1,1,1,1,1,1,0,0,0,0,0,150,222
461,349,2,1,1,1,0,0,1,0,1,1,1,0,126,222
461,221,2,1,1,1,1,1,1,0,0,0,0,0,150,222
461,429,2,1,1,1,1,1,1,0,0,0,0,0,150,222
461,365,2,1,1,1,0,0,1,0,1,1,1,0,126,222
461,237,2,1,1,1,1,1,1,0,0,0,0,0,150,222
461,269,2,1,1,1,0,0,1,0,1,1,1,0,157,222
461,141,2,1,1,1,1,1,1,0,0,0,0,0,174,222
461,77,2,0,0,1,0,0,0,0,0,0,0,0,157,222
462,462,0,1,1,1,1,1,1,0,0,0,0,0,0,158
462,463,1,1,1,1,1,1,1,0,0,0,0,0,0,158
462,460,1,1,1,1,0,0,1,0,1,1,1,0,98,158
462,458,1,1,1,1,1,1,1,0,0,0,0,0,111,158
462,454,1,1,1,1,1,1,1,0,0,0,0,0,98,158
462,478,1,1,1,1,1,1,1,0,0,0,0,0,0,158
462,494,1,1,1,1,1,1,1,0,0,0,0,0,0,158
462,398,1,1,1,1,1,1,1,0,0,0,0,0,111,158
462,334,1,1,1,1,0,0,1,0,1,1,1,0,55,158
462,206,1,1,1,1,1,1,1,0,0,0,0,0,92,158
462,461,2,1,1,1,0,0,1,0,1,1,1,0,98,158
462,459,2,1,1,1,1,1,1,0,0,0,0,0,111,158
462,455,2,1,1,1,1,1,1,0,0,0,0,0,98,158
462,479,2,1,1,1,1,1,1,0,0,0,0,0,0,158
462,495,2,1,1,1,1,1,1,0,0,0,0,0,0,158
462,399,2,1,1,1,1,1,1,0,0,0,0,0,111,158
462,335,2,1,1,1,0,0,1,0,1,1,1,0,55,158
462,207,2,1,1,1,1,1,1,0,0,0,0,0,92,158
462,456,2,0,0,1,0,0,0,0,0,0,0,0,118,158
462,452,2,0,0,1,0,0,0,0,0,0,0,0,104,158
462,476,2,1,1,1,0,0,1,0,1,1,1,0,98,158
462,492,2,1,1,1,0,0,1,0,1,1,1,0,98,158
462,396,2,1,1,1,0,0,1,0,1,1,1,0,118,158
462,332,2,1,1,1,0,0,1,0,1,1,1,0,102,158
462,204,2,1,1,1,0,0,1,0,1,1,1,0,126,158
462,450,2,1,1,1,1,1,1,0,0,0,0,0,118,158
462,474,2,1,1,1,1,1,1,0,0,0,0,0,111,158
462,490,2,1,1,1,1,1,1,0,0,0,0,0,111,158
462,394,2,1,1,1,1,1,1,0,0,0,0,0,133,158
462,330,2,1,1,1,0,0,1,0,1,1,1,0,115,158
462,202,2,1,1,1,1,1,1,0,0,0,0,0,132,158
462,470,2,1,1,1,1,1,1,0,0,0,0,0,98,158
462,486,2,1,1,1,1,1,1,0,0,0,0,0,98,158
462,390,2,1,1,1,1,1,1,0,0,0,0,0,118,158
462,326,2,1,1,1,0,0,1,0,1,1,1,0,103,158
462,198,2,1,1,1,1,1,1,0,0,0,0,0,126,158
462,510,2,1,1,1,1,1,1,0,0,0,0,0,0,158
462,414,2,1,1,1,1,1,1,0,0,0,0,0,111,158
462,350,2,1,1,1,0,0,1,0,1,1,1,0,55,158
462,222,2,1,1,1,1,1,1,0,0,0,0,0,92,158
462,430,2,1,1,1,1,1,1,0,0,0,0,0,111,158
462,366,2,1,1,1,0,0,1,0,1,1,1,0,55,158
462,238,2,1,1,1,1,1,1,0,0,0,0,0,92,158
462,270,2,1,1,1,0,0,1,0,1,1,1,0,116,158
462,142,2,1,1,1,1,1,1,0,0,0,0,0,132,158
462,78,2,0,0,1,0,0,0,0,0,0,0,0,96,158
463,463,0,1,1,1,1,1,1,0,0,0,0,0,0,223
463,462,1,1,1,1,1,1,1,0,0,0,0,0,150,223
463,461,1,1,1,1,0,0,1,0,1,1,1,0,126,223
463,459,1,1,1,1,1,1,1,0,0,0,0,0,150,223
463,455,1,1,1,1,1,1,1,0,0,0,0,0,126,223
463,479,1,1,1,1,1,1,1,0,0,0,0,0,0,223
463,495,1,1,1,1,1,1,1,0,0,0,0,0,0,223
463,399,1,1,1,1,1,1,1,0,0,0,0,0,150,223
463,335,1,1,1,1,0,0,1,0,1,1,1,0,126,223
463,207,1,1,1,1,1,1,1,0,0,0,0,0,150,223
463,460,2,1,1,1,0,0,1,0,1,1,1,0,157,223
463,458,2,1,1,1,1,1,1,0,0,0,0,0,174,223
463,454,2,1,1,1,1,1,1,0,0,0,0,0,157,223
463,478,2,1,1,1,1,1,1,0,0,0,0,0,150,223
463,494,2,1,1,1,1,1,1,0,0,0,0,0,150,223
463,398,2,1,1,1,1,1,1,0,0,0,0,0,174,223
463,334,2,1,1,1,0,0,1,0,1,1,1,0,158,223
463,206,2,1,1,1,1,1,1,0,0,0,0,0,184,223
463,457,2,0,0,1,0,0,0,0,0,0,0,0,157,223
463,453,2,1,1,1,0,0,1,0,1,1,1,0,133,223
463,477,2,1,1,1,0,0,1,0,1,1,1,0,126,223
463,493,2,1,1,1,0,0,1,0,1,1,1,0,126,223
463,397,2,1,1,1,0,0,1,0,1,1,1,0,158,223
463,333,2,1,1,1,0,0,1,0,1,1,1,0,132,223
463,205,2,1,1,1,0,0,1,0,1,1,1,0,158,223
463,451,2,1,1,1,1,1,1,0,0,0,0,0,158,223
463,475,2,1,1,1,1,1,1,0,0,0,0,0,150,223
463,491,2,1,1,1,1,1,1,0,0,0,0,0,150,223
463,395,2,1,1,1,1,1,1,0,0,0,0,0,184,223
463,331,2,1,1,1,0,0,1,0,1,1,1,0,158,223
463,203,2,1,1,1,1,1,1,0,0,0,0,0,174,223
463,471,2,1,1,1,1,1,1,0,0,0,0,0,126,223
463,487,2,1,1,1,1,1,1,0,0,0,0,0,126,223
463,391,2,1,1,1,1,1,1,0,0,0,0,0,157,223
463,327,2,1,1,1,0,0,1,0,1,1,1,0,133,223
463,199,2,1,1,1,1,1,1,0,0,0,0,0,158,223
463,511,2,1,1,1,1,1,1,0,0,0,0,0,0,223
463,415,2,1,1,1,1,1,1,0,0,0,0,0,150,223
463,351,2,1,1,1,0,0,1,0,1,1,1,0,126,223
463,223,2,1,1,1,1,1,1,0,0,0,0,0,150,223
463,431,2,1,1,1,1,1,1,0,0,0,0,0,150,223
463,367,2,1,1,1,0,0,1,0,1,1,1,0,126,223
463,239,2,1,1,1,1,1,1,0,0,0,0,0,150,223
463,271,2,1,1,1,0,0,1,0,1,1,1,0,157,223
463,143,2,1,1,1,1,1,1,0,0,0,0,0,174,223
463,79,2,0,0,1,0,0,0,0,0,0,0,0,157,223
464,464,0,1,1,1,1,1,1,0,0,0,0,0,0,28
464,465,1,1,1,1,1,1,1,0,0,0,0,0,0,28
464,466,1,1,1,1,1,1,1,0,0,0,0,0,0,28
464,468,1,1,1,1,1,1,1,0,0,0,0,0,0,28
464,472,1,1,1,1,1,1,1,0,0,0,0,0,0,28
464,448,1,0,0,1,0,0,0,0,0,0,0,0,5,28
464,496,1,1,1,1,1,1,1,0,0,0,0,0,0,28
464,400,1,1,1,1,1,1,1,0,0,0,0,0,13,28
464,336,1,1,1,1,1,1,1,0,0,0,0,0,5,28
464,208,1,1,1,1,1,1,1,0,0,0,0,0,13,28
464,467,2,1,1,1,1,1,1,0,0,0,0,0,0,28
464,469,2,1,1,1,1,1,1,0,0,0,0,0,0,28
464,473,2,1,1,1,1,1,1,0,0,0,0,0,0,28
464,449,2,0,0,1,0,0,0,0,0,0,0,0,5,28
464,497,2,1,1,1,1,1,1,0,0,0,0,0,0,28
464,401,2,1,1,1,1,1,1,0,0,0,0,0,13,28
464,337,2,1,1,1,1,1,1,0,0,0,0,0,5,28
464,209,2,1,1,1,1,1,1,0,0,0,0,0,13,28
464,470,2,1,1,1,1,1,1,0,0,0,0,0,0,28
464,474,2,1,1,1,1,1,1,0,0,0,0,0,0,28
464,450,2,1,0,1,0,0,0,0,0,0,0,0,5,28
464,498,2,1,1,1,1,1,1,0,0,0,0,0,0,28
464,402,2,1,1,1,1,1,1,0,0,0,0,0,13,28
464,338,2,1,1,1,1,1,1,0,0,0,0,0,5,28
464,210,2,1,1,1,1,1,1,0,0,0,0,0,13,28
464,476,2,1,1,1,1,1,1,0,0,0,0,0,0,28
464,452,2,0,0,1,0,0,0,0,0,0,0,0,5,28
464,500,2,1,1,1,1,1,1,0,0,0,0,0,0,28
464,404,2,1,1,1,1,1,1,0,0,0,0,0,13,28
464,340,2,1,1,1,1,1,1,0,0,0,0,0,5,28
464,212,2,1,1,1,1,1,1,0,0,0,0,0,13,28
464,456,2,0,0,1,0,0,0,0,0,0,0,0,5,28
464,504,2,1,1,1,1,1,1,0,0,0,0,0,0,28
464,408,2,1,1,1,1,1,1,0,0,0,0,0,13,28
464,344,2,1,1,1,1,1,1,0,0,0,0,0,5,28
464,216,2,1,1,1,1,1,1,0,0,0,0,0,13,28
464,480,2,0,0,1,0,0,0,0,0,0,0,0,5,28
464,384,2,0,0,1,0,0,0,0,0,0,0,0,18,28
464,320,2,0,0,1,0,0,0,0,0,0,0,0,10,28
464,192,2,0,0,1,0,0,0,0,0,0,0,0,18,28
464,432,2,1,1,1,1,1,1,0,0,0,0,0,13,28
464,368,2,1,1,1,1,1,1,0,0,0,0,0,5,28
464,240,2,1,1,1,1,1,1,0,0,0,0,0,13,28
464,272,2,1,1,1,1,1,1,0,0,0,0,0,14,28
464,144,2,1,1,1,1,1,1,0,0,0,0,0,18,28
464,80,2,1,1,1,1,1,1,0,0,0,0,0,14,28
465,465,0,1,1,1,1,1,1,0,0,0,0,0,0,71
465,464,1,1,1,1,1,1,1,0,0,0,0,0,35,71
465,467,1,1,1,1,1,1,1,0,0,0,0,0,0,71
465,469,1,1,1,1,1,1,1,0,0,0,0,0,0,71
465,473,1,1,1,1,1,1,1,0,0,0,0,0,0,71
465,449,1,0,0,1,0,0,0,0,0,0,0,0,7,71
465,497,1,1,1,1,1,1,1,0,0,0,0,0,0,71
465,401,1,1,1,1,1,1,1,0,0,0,0,0,41,71
465,337,1,1,1,1,1,1,1,0,0,0,0,0,24,71
465,209,1,1,1,1,1,1,1,0,0,0,0,0,35,71
465,466,2,1,1,1,1,1,1,0,0,0,0,0,35,71
465,468,2,1,1,1,1,1,1,0,0,0,0,0,35,71
465,472,2,1,1,1,1,1,1,0,0,0,0,0,35,71
465,448,2,0,0,1,0,0,0,0,0,0,0,0,42,71
465,496,2,1,1,1,1,1,1,0,0,0,0,0,35,71
465,400,2,1,1,1,1,1,1,0,0,0,0,0,49,71
465,336,2,1,1,1,1,1,1,0,0,0,0,0,37,71
465,208,2,1,1,1,1,1,1,0,0,0,0,0,50,71
465,471,2,1,1,1,1,1,1,0,0,0,0,0,0,71
465,475,2,1,1,1,1,1,1,0,0,0,0,0,0,71
465,451,2,1,0,1,0,0,0,0,0,0,0,0,7,71
465,499,2,1,1,1,1,1,1,0,0,0,0,0,0,71
465,403,2,1,1,1,1,1,1,0,0,0,0,0,41,71
465,339,2,1,1,1,1,1,1,0,0,0,0,0,24,71
465,211,2,1,1,1,1,1,1,0,0,0,0,0,35,71
465,477,2,1,1,1,1,1,1,0,0,0,0,0,0,71
465,453,2,1,0,1,0,0,0,0,0,0,0,0,7,71
465,501,2,1,1,1,1,1,1,0,0,0,0,0,0,71
465,405,2,1,1,1,1,1,1,0,0,0,0,0,41,71
465,341,2,1,1,1,1,1,1,0,0,0,0,0,24,71
465,213,2,1,1,1,1,1,1,0,0,0,0,0,35,71
465,457,2,0,0,1,0,0,0,0,0,0,0,0,7,71
465,505,2,1,1,1,1,1,1,0,0,0,0,0,0,71
465,409,2,1,1,1,1,1,1,0,0,0,0,0,41,71
465,345,2,1,1,1,1,1,1,0,0,0,0,0,24,71
465,217,2,1,1,1,1,1,1,0,0,0,0,0,35,71
465,481,2,1,0,1,0,0,0,0,0,0,0,0,7,71
465,385,2,0,0,1,0,0,0,0,0,0,0,0,48,71
465,321,2,0,0,1,0,0,0,0,0,0,0,0,31,71
465,193,2,0,0,1,0,0,0,0,0,0,0,0,42,71
465,433,2,1,1,1,1,1,1,0,0,0,0,0,41,71
465,369,2,1,1,1,1,1,1,0,0,0,0,0,24,71
465,241,2,1,1,1,1,1,1,0,0,0,0,0,35,71
465,273,2,1,1,1,1,1,1,0,0,0,0,0,43,71
465,145,2,1,1,1,1,1,1,0,0,0,0,0,49,71
465,81,2,1,1,1,1,1,1,0,0,0,0,0,38,71
466,466,0,1,1,1,1,1,1,0,0,0,0,0,0,110
466,467,1,1,1,1,1,1,1,0,0,0,0,0,0,110
466,464,1,1,1,1,1,1,1,0,0,0,0,0,74,110
466,470,1,1,1,1,1,1,1,0,0,0,0,0,0,110
466,474,1,1,1,1,1,1,1,0,0,0,0,0,0,110
466,450,1,1,1,1,0,0,1,0,1,1,1,0,8,110
466,498,1,1,1,1,1,1,1,0,0,0,0,0,0,110
466,402,1,1,1,1,1,1,1,0,0,0,0,0,67,110
466,338,1,1,1,1,1,1,1,0,0,0,0,0,22,110
466,210,1,1,1,1,1,1,1,0,0,0,0,0,67,110
466,465,2,1,1,1,1,1,1,0,0,0,0,0,74,110
466,471,2,1,1,1,1,1,1,0,0,0,0,0,0,110
466,475,2,1,1,1,1,1,1,0,0,0,0,0,0,110
466,451,2,1,1,1,0,0,1,0,1,1,1,0,8,110
466,499,2,1,1,1,1,1,1,0,0,0,0,0,0,110
466,403,2,1,1,1,1,1,1,0,0,0,0,0,67,110
466,339,2,1,1,1,1,1,1,0,0,0,0,0,22,110
466,211,2,1,1,1,1,1,1,0,0,0,0,0,67,110
466,468,2,1,1,1,1,1,1,0,0,0,0,0,74,110
466,472,2,1,1,1,1,1,1,0,0,0,0,0,74,110
466,448,2,0,0,1,0,0,0,0,0,0,0,0,75,110
466,496,2,1,1,1,1,1,1,0,0,0,0,0,74,110
466,400,2,1,1,1,1,1,1,0,0,0,0,0,91,110
466,336,2,1,1,1,1,1,1,0,0,0,0,0,76,110
466,208,2,1,1,1,1,1,1,0,0,0,0,0,91,110
466,478,2,1,1,1,1,1,1,0,0,0,0,0,0,110
466,454,2,1,1,1,0,0,1,0,1,1,1,0,8,110
466,502,2,1,1,1,1,1,1,0,0,0,0,0,0,110
466,406,2,1,1,1,1,1,1,0,0,0,0,0,67,110
466,342,2,1,1,1,1,1,1,0,0,0,0,0,22,110
466,214,2,1,1,1,1,1,1,0,0,0,0,0,67,110
466,458,2,1,1,1,0,0,1,0,1,1,1,0,8,110
466,506,2,1,1,1,1,1,1,0,0,0,0,0,0,110
466,410,2,1,1,1,1,1,1,0,0,0,0,0,67,110
466,346,2,1,1,1,1,1,1,0,0,0,0,0,22,110
466,218,2,1,1,1,1,1,1,0,0,0,0,0,67,110
466,482,2,1,1,1,0,0,1,0,1,1,1,0,8,110
466,386,2,1,1,1,0,0,1,0,1,1,1,0,69,110
466,322,2,1,1,1,0,0,1,0,1,1,1,0,23,110
466,194,2,1,1,1,0,0,1,0,1,1,1,0,69,110
466,434,2,1,1,1,1,1,1,0,0,0,0,0,67,110
466,370,2,1,1,1,1,1,1,0,0,0,0,0,22,110
466,242,2,1,1,1,1,1,1,0,0,0,0,0,67,110
466,274,2,1,1,1,1,1,1,0,0,0,0,0,70,110
466,146,2,1,1,1,1,1,1,0,0,0,0,0,90,110
466,82,2,1,1,1,1,1,1,0,0,0,0,0,70,110
467,467,0,1,1,1,1,1,1,0,0,0,0,0,0,158
467,466,1,1,1,1,1,1,1,0,0,0,0,0,111,158
467,465,1,1,1,1,1,1,1,0,0,0,0,0,98,158
467,471,1,1,1,1,1,1,1,0,0,0,0,0,0,158
467,475,1,1,1,1,1,1,1,0,0,0,0,0,0,158
467,451,1,1,1,1,0,0,1,0,1,1,1,0,9,158
467,499,1,1,1,1,1,1,1,0,0,0,0,0,0,158
467,403,1,1,1,1,1,1,1,0,0,0,0,0,92,158
467,339,1,1,1,1,1,1,1,0,0,0,0,0,55,158
467,211,1,1,1,1,1,1,1,0,0,0,0,0,111,158
467,464,2,1,1,1,1,1,1,0,0,0,0,0,118,158
467,470,2,1,1,1,1,1,1,0,0,0,0,0,111,158
467,474,2,1,1,1,1,1,1,0,0,0,0,0,111,158
467,450,2,1,1,1,0,0,1,0,1,1,1,0,113,158
467,498,2,1,1,1,1,1,1,0,0,0,0,0,111,158
467,402,2,1,1,1,1,1,1,0,0,0,0,0,132,158
467,338,2,1,1,1,1,1,1,0,0,0,0,0,115,158
467,210,2,1,1,1,1,1,1,0,0,0,0,0,133,158
467,469,2,1,1,1,1,1,1,0,0,0,0,0,98,158
467,473,2,1,1,1,1,1,1,0,0,0,0,0,98,158
467,449,2,0,0,1,0,0,0,0,0,0,0,0,99,158
467,497,2,1,1,1,1,1,1,0,0,0,0,0,98,158
467,401,2,1,1,1,1,1,1,0,0,0,0,0,126,158
467,337,2,1,1,1,1,1,1,0,0,0,0,0,102,158
467,209,2,1,1,1,1,1,1,0,0,0,0,0,118,158
467,479,2,1,1,1,1,1,1,0,0,0,0,0,0,158
467,455,2,1,1,1,0,0,1,0,1,1,1,0,9,158
467,503,2,1,1,1,1,1,1,0,0,0,0,0,0,158
467,407,2,1,1,1,1,1,1,0,0,0,0,0,92,158
467,343,2,1,1,1,1,1,1,0,0,0,0,0,55,158
467,215,2,1,1,1,1,1,1,0,0,0,0,0,111,158
467,459,2,1,1,1,0,0,1,0,1,1,1,0,9,158
467,507,2,1,1,1,1,1,1,0,0,0,0,0,0,158
467,411,2,1,1,1,1,1,1,0,0,0,0,0,92,158
467,347,2,1,1,1,1,1,1,0,0,0,0,0,55,158
467,219,2,1,1,1,1,1,1,0,0,0,0,0,111,158
467,483,2,1,1,1,0,0,1,0,1,1,1,0,9,158
467,387,2,1,1,1,0,0,1,0,1,1,1,0,94,158
467,323,2,1,1,1,0,0,1,0,1,1,1,0,56,158
467,195,2,1,1,1,0,0,1,0,1,1,1,0,113,158
467,435,2,1,1,1,1,1,1,0,0,0,0,0,92,158
467,371,2,1,1,1,1,1,1,0,0,0,0,0,55,158
467,243,2,1,1,1,1,1,1,0,0,0,0,0,111,158
467,275,2,1,1,1,1,1,1,0,0,0,0,0,96,158
467,147,2,1,1,1,1,1,1,0,0,0,0,0,132,158
467,83,2,1,1,1,1,1,1,0,0,0,0,0,116,158
468,468,0,1,1,1,1,1,1,0,0,0,0,0,0,71
468,469,1,1,1,1,1,1,1,0,0,0,0,0,0,71
468,470,1,1,1,1,1,1,1,0,0,0,0,0,0,71
468,464,1,1,1,1,1,1,1,0,0,0,0,0,35,71
468,476,1,1,1,1,1,1,1,0,0,0,0,0,0,71
468,452,1,0,0,1,0,0,0,0,0,0,0,0,7,71
468,500,1,1,1,1,1,1,1,0,0,0,0,0,0,71
468,404,1,1,1,1,1,1,1,0,0,0,0,0,35,71
468,340,1,1,1,1,1,1,1,0,0,0,0,0,24,71
468,212,1,1,1,1,1,1,1,0,0,0,0,0,41,71
468,471,2,1,1,1,1,1,1,0,0,0,0,0,0,71
468,465,2,1,1,1,1,1,1,0,0,0,0,0,35,71
468,477,2,1,1,1,1,1,1,0,0,0,0,0,0,71
468,453,2,1,0,1,0,0,0,0,0,0,0,0,7,71
468,501,2,1,1,1,1,1,1,0,0,0,0,0,0,71
468,405,2,1,1,1,1,1,1,0,0,0,0,0,35,71
468,341,2,1,1,1,1,1,1,0,0,0,0,0,24,71
468,213,2,1,1,1,1,1,1,0,0,0,0,0,41,71
468,466,2,1,1,1,1,1,1,0,0,0,0,0,35,71
468,478,2,1,1,1,1,1,1,0,0,0,0,0,0,71
468,454,2,1,0,1,0,0,0,0,0,0,0,0,7,71
468,502,2,1,1,1,1,1,1,0,0,0,0,0,0,71
468,406,2,1,1,1,1,1,1,0,0,0,0,0,35,71
468,342,2,1,1,1,1,1,1,0,0,0,0,0,24,71
468,214,2,1,1,1,1,1,1,0,0,0,0,0,41,71
468,472,2,1,1,1,1,1,1,0,0,0,0,0,35,71
468,448,2,0,0,1,0,0,0,0,0,0,0,0,42,71
468,496,2,1,1,1,1,1,1,0,0,0,0,0,35,71
468,400,2,1,1,1,1,1,1,0,0,0,0,0,50,71
468,336,2,1,1,1,1,1,1,0,0,0,0,0,37,71
468,208,2,1,1,1,1,1,1,0,0,0,0,0,49,71
468,460,2,1,0,1,0,0,0,0,0,0,0,0,7,71
468,508,2,1,1,1,1,1,1,0,0,0,0,0,0,71
468,412,2,1,1,1,1,1,1,0,0,0,0,0,35,71
468,348,2,1,1,1,1,1,1,0,0,0,0,0,24,71
468,220,2,1,1,1,1,1,1,0,0,0,0,0,41,71
468,484,2,0,0,1,0,0,0,0,0,0,0,0,7,71
468,388,2,0,0,1,0,0,0,0,0,0,0,0,42,71
468,324,2,0,0,1,0,0,0,0,0,0,0,0,31,71
468,196,2,0,0,1,0,0,0,0,0,0,0,0,48,71
468,436,2,1,1,1,1,1,1,0,0,0,0,0,35,71
468,372,2,1,1,1,1,1,1,0,0,0,0,0,24,71
468,244,2,1,1,1,1,1,1,0,0,0,0,0,41,71
468,276,2,1,1,1,1,1,1,0,0,0,0,0,38,71
468,148,2,1,1,1,1,1,1,0,0,0,0,0,49,71
468,84,2,1,1,1,1,1,1,0,0,0,0,0,43,71
469,469,0,1,1,1,1,1,1,0,0,0,0,0,0,222
469,468,1,1,1,1,1,1,1,0,0,0,0,0,150,222
469,471,1,1,1,1,1,1,1,0,0,0,0,0,0,222
469,465,1,1,1,1,1,1,1,0,0,0,0,0,150,222
469,477,1,1,1,1,1,1,1,0,0,0,0,0,0,222
469,453,1,1,1,1,0,0,1,0,1,1,1,0,10,222
469,501,1,1,1,1,1,1,1,0,0,0,0,0,0,222
469,405,1,1,1,1,1,1,1,0,0,0,0,0,150,222
469,341,1,1,1,1,1,1,1,0,0,0,0,0,126,222
469,213,1,1,1,1,1,1,1,0,0,0,0,0,150,222
469,470,2,1,1,1,1,1,1,0,0,0,0,0,150,222
469,464,2,1,1,1,1,1,1,0,0,0,0,0,174,222
469,476,2,1,1,1,1,1,1,0,0,0,0,0,150,222
469,452,2,0,0,1,0,0,0,0,0,0,0,0,152,222
469,500,2,1,1,1,1,1,1,0,0,0,0,0,150,222
469,404,2,1,1,1,1,1,1,0,0,0,0,0,174,222
469,340,2,1,1,1,1,1,1,0,0,0,0,0,158,222
469,212,2,1,1,1,1,1,1,0,0,0,0,0,184,222
469,467,2,1,1,1,1,1,1,0,0,0,0,0,150,222
469,479,2,1,1,1,1,1,1,0,0,0,0,0,0,222
469,455,2,1,1,1,0,0,1,0,1,1,1,0,10,222
469,503,2,1,1,1,1,1,1,0,0,0,0,0,0,222
469,407,2,1,1,1,1,1,1,0,0,0,0,0,150,222
469,343,2,1,1,1,1,1,1,0,0,0,0,0,126,222
469,215,2,1,1,1,1,1,1,0,0,0,0,0,150,222
469,473,2,1,1,1,1,1,1,0,0,0,0,0,150,222
469,449,2,0,0,1,0,0,0,0,0,0,0,0,152,222
469,497,2,1,1,1,1,1,1,0,0,0,0,0,150,222
469,401,2,1,1,1,1,1,1,0,0,0,0,0,184,222
469,337,2,1,1,1,1,1,1,0,0,0,0,0,158,222
469,209,2,1,1,1,1,1,1,0,0,0,0,0,174,222
469,461,2,1,1,1,0,0,1,0,1,1,1,0,10,222
469,509,2,1,1,1,1,1,1,0,0,0,0,0,0,222
469,413,2,1,1,1,1,1,1,0,0,0,0,0,150,222
469,349,2,1,1,1,1,1,1,0,0,0,0,0,126,222
469,221,2,1,1,1,1,1,1,0,0,0,0,0,150,222
469,485,2,1,1,1,0,0,1,0,1,1,1,0,10,222
469,389,2,1,1,1,0,0,1,0,1,1,1,0,152,222
469,325,2,1,1,1,0,0,1,0,1,1,1,0,127,222
469,197,2,1,1,1,0,0,1,0,1,1,1,0,152,222
469,437,2,1,1,1,1,1,1,0,0,0,0,0,150,222
469,373,2,1,1,1,1,1,1,0,0,0,0,0,126,222
469,245,2,1,1,1,1,1,1,0,0,0,0,0,150,222
469,277,2,1,1,1,1,1,1,0,0,0,0,0,157,222
469,149,2,1,1,1,1,1,1,0,0,0,0,0,174,222
469,85,2,1,1,1,1,1,1,0,0,0,0,0,157,222
470,470,0,1,1,1,1,1,1,0,0,0,0,0,0,158
470,471,1,1,1,1,1,1,1,0,0,0,0,0,0,158
470,468,1,1,1,1,1,1,1,0,0,0,0,0,98,158
470,466,1,1,1,1,1,1,1,0,0,0,0,0,111,158
470,478,1,1,1,1,1,1,1,0,0,0,0,0,0,158
470,454,1,1,1,1,0,0,1,0,1,1,1,0,9,158
470,502,1,1,1,1,1,1,1,0,0,0,0,0,0,158
470,406,1,1,1,1,1,1,1,0,0,0,0,0,111,158
470,342,1,1,1,1,1,1,1,0,0,0,0,0,55,158
470,214,1,1,1,1,1,1,1,0,0,0,0,0,92,158
470,469,2,1,1,1,1,1,1,0,0,0,0,0,98,158
470,467,2,1,1,1,1,1,1,0,0,0,0,0,111,158
470,479,2,1,1,1,1,1,1,0,0,0,0,0,0,158
470,455,2,1,1,1,0,0,1,0,1,1,1,0,9,158
470,503,2,1,1,1,1,1,1,0,0,0,0,0,0,158
470,407,2,1,1,1,1,1,1,0,0,0,0,0,111,158
470,343,2,1,1,1,1,1,1,0,0,0,0,0,55,158
470,215,2,1,1,1,1,1,1,0,0,0,0,0,92,158
470,464,2,1,1,1,1,1,1,0,0,0,0,0,118,158
470,476,2,1,1,1,1,1,1,0,0,0,0,0,98,158
470,452,2,0,0,1,0,0,0,0,0,0,0,0,99,158
470,500,2,1,1,1,1,1,1,0,0,0,0,0,98,158
470,404,2,1,1,1,1,1,1,0,0,0,0,0,118,158
470,340,2,1,1,1,1,1,1,0,0,0,0,0,102,158
470,212,2,1,1,1,1,1,1,0,0,0,0,0,126,158
470,474,2,1,1,1,1,1,1,0,0,0,0,0,111,158
470,450,2,1,1,1,0,0,1,0,1,1,1,0,113,158
470,498,2,1,1,1,1,1,1,0,0,0,0,0,111,158
470,402,2,1,1,1,1,1,1,0,0,0,0,0,133,158
470,338,2,1,1,1,1,1,1,0,0,0,0,0,115,158
470,210,2,1,1,1,1,1,1,0,0,0,0,0,132,158
470,462,2,1,1,1,0,0,1,0,1,1,1,0,9,158
470,510,2,1,1,1,1,1,1,0,0,0,0,0,0,158
470,414,2,1,1,1,1,1,1,0,0,0,0,0,111,158
470,350,2,1,1,1,1,1,1,0,0,0,0,0,55,158
470,222,2,1,1,1,1,1,1,0,0,0,0,0,92,158
470,486,2,1,1,1,0,0,1,0,1,1,1,0,9,158
470,390,2,1,1,1,0,0,1,0,1,1,1,0,113,158
470,326,2,1,1,1,0,0,1,0,1,1,1,0,56,158
470,198,2,1,1,1,0,0,1,0,1,1,1,0,94,158
470,438,2,1,1,1,1,1,1,0,0,0,0,0,111,158
470,374,2,1,1,1,1,1,1,0,0,0,0,0,55,158
470,246,2,1,1,1,1,1,1,0,0,0,0,0,92,158
470,278,2,1,1,1,1,1,1,0,0,0,0,0,116,158
470,150,2,1,1,1,1,1,1,0,0,0,0,0,132,158
470,86,2,1,1,1,1,1,1,0,0,0,0,0,96,158
471,471,0,1,1,1,1,1,1,0,0,0,0,0,0,223
471,470,1,1,1,1,1,1,1,0,0,0,0,0,150,223
471,469,1,1,1,1,1,1,1,0,0,0,0,0,126,223
471,467,1,1,1,1,1,1,1,0,0,0,0,0,150,223
471,479,1,1,1,1,1,1,1,0,0,0,0,0,0,223
471,455,1,1,1,1,0,0,1,0,1,1,1,0,10,223
471,503,1,1,1,1,1,1,1,0,0,0,0,0,0,223
471,407,1,1,1,1,1,1,1,0,0,0,0,0,150,223
471,343,1,1,1,1,1,1,1,0,0,0,0,0,126,223
471,215,1,1,1,1,1,1,1,0,0,0,0,0,150,223
471,468,2,1,1,1,1,1,1,0,0,0,0,0,157,223
471,466,2,1,1,1,1,1,1,0,0,0,0,0,174,223
471,478,2,1,1,1,1,1,1,0,0,0,0,0,150,223
471,454,2,1,1,1,0,0,1,0,1,1,1,0,152,223
471,502,2,1,1,1,1,1,1,0,0,0,0,0,150,223
471,406,2,1,1,1,1,1,1,0,0,0,0,0,174,223
471,342,2,1,1,1,1,1,1,0,0,0,0,0,158,223
471,214,2,1,1,1,1,1,1,0,0,0,0,0,184,223
471,465,2,1,1,1,1,1,1,0,0,0,0,0,157,223
471,477,2,1,1,1,1,1,1,0,0,0,0,0,126,223
471,453,2,1,1,1,0,0,1,0,1,1,1,0,127,223
471,501,2,1,1,1,1,1,1,0,0,0,0,0,126,223
471,405,2,1,1,1,1,1,1,0,0,0,0,0,158,223
471,341,2,1,1,1,1,1,1,0,0,0,0,0,132,223
471,213,2,1,1,1,1,1,1,0,0,0,0,0,158,223
471,475,2,1,1,1,1,1,1,0,0,0,0,0,150,223
471,451,2,1,1,1,0,0,1,0,1,1,1,0,152,223
471,499,2,1,1,1,1,1,1,0,0,0,0,0,150,223
471,403,2,1,1,1,1,1,1,0,0,0,0,0,184,223
471,339,2,1,1,1,1,1,1,0,0,0,0,0,158,223
471,211,2,1,1,1,1,1,1,0,0,0,0,0,174,223
471,463,2,1,1,1,0,0,1,0,1,1,1,0,10,223
471,511,2,1,1,1,1,1,1,0,0,0,0,0,0,223
471,415,2,1,1,1,1,1,1,0,0,0,0,0,150,223
471,351,2,1,1,1,1,1,1,0,0,0,0,0,126,223
471,223,2,1,1,1,1,1,1,0,0,0,0,0,150,223
471,487,2,1,1,1,0,0,1,0,1,1,1,0,10,223
471,391,2,1,1,1,0,0,1,0,1,1,1,0,152,223
471,327,2,1,1,1,0,0,1,0,1,1,1,0,127,223
471,199,2,1,1,1,0,0,1,0,1,1,1,0,152,223
471,439,2,1,1,1,1,1,1,0,0,0,0,0,150,223
471,375,2,1,1,1,1,1,1,0,0,0,0,0,126,223
471,247,2,1,1,1,1,1,1,0,0,0,0,0,150,223
471,279,2,1,1,1,1,1,1,0,0,0,0,0,157,223
471,151,2,1,1,1,1,1,1,0,0,0,0,0,174,223
471,87,2,1,1,1,1,1,1,0,0,0,0,0,157,223
472,472,0,1,1,1,1,1,1,0,0,0,0,0,0,45
472,473,1,1,1,1,1,1,1,0,0,0,0,0,0,45
472,474,1,1,1,1,1,1,1,0,0,0,0,0,0,45
472,476,1,1,1,1,1,1,1,0,0,0,0,0,0,45
472,464,1,1,1,1,1,1,1,0,0,0,0,0,16,45
472,456,1,0,0,1,0,0,0,0,0,0,0,0,6,45
472,504,1,1,1,1,1,1,1,0,0,0,0,0,0,45
472,408,1,1,1,1,1,1,1,0,0,0,0,0,16,45
472,344,1,1,1,1,1,1,1,0,0,0,0,0,6,45
472,216,1,1,1,1,1,1,1,0,0,0,0,0,21,45
472,475,2,1,1,1,1,1,1,0,0,0,0,0,0,45
472,477,2,1,1,1,1,1,1,0,0,0,0,0,0,45
472,465,2,1,1,1,1,1,1,0,0,0,0,0,16,45
472,457,2,0,0,1,0,0,0,0,0,0,0,0,6,45
472,505,2,1,1,1,1,1,1,0,0,0,0,0,0,45
472,409,2,1,1,1,1,1,1,0,0,0,0,0,16,45
472,345,2,1,1,1,1,1,1,0,0,0,0,0,6,45
472,217,2,1,1,1,1,1,1,0,0,0,0,0,21,45
472,478,2,1,1,1,1,1,1,0,0,0,0,0,0,45
472,466,2,1,1,1,1,1,1,0,0,0,0,0,16,45
472,458,2,1,0,1,0,0,0,0,0,0,0,0,6,45
472,506,2,1,1,1,1,1,1,0,0,0,0,0,0,45
472,410,2,1,1,1,1,1,1,0,0,0,0,0,16,45
472,346,2,1,1,1,1,1,1,0,0,0,0,0,6,45
472,218,2,1,1,1,1,1,1,0,0,0,0,0,21,45
472,468,2,1,1,1,1,1,1,0,0,0,0,0,16,45
472,460,2,1,0,1,0,0,0,0,0,0,0,0,6,45
472,508,2,1,1,1,1,1,1,0,0,0,0,0,0,45
472,412,2,1,1,1,1,1,1,0,0,0,0,0,16,45
472,348,2,1,1,1,1,1,1,0,0,0,0,0,6,45
472,220,2,1,1,1,1,1,1,0,0,0,0,0,21,45
472,448,2,0,0,1,0,0,0,0,0,0,0,0,22,45
472,496,2,1,1,1,1,1,1,0,0,0,0,0,16,45
472,400,2,1,1,1,1,1,1,0,0,0,0,0,27,45
472,336,2,1,1,1,1,1,1,0,0,0,0,0,17,45
472,208,2,1,1,1,1,1,1,0,0,0,0,0,27,45
472,488,2,1,0,1,0,0,0,0,0,0,0,0,6,45
472,392,2,0,0,1,0,0,0,0,0,0,0,0,22,45
472,328,2,0,0,1,0,0,0,0,0,0,0,0,12,45
472,200,2,0,0,1,0,0,0,0,0,0,0,0,27,45
472,440,2,1,1,1,1,1,1,0,0,0,0,0,16,45
472,376,2,1,1,1,1,1,1,0,0,0,0,0,6,45
472,248,2,1,1,1,1,1,1,0,0,0,0,0,21,45
472,280,2,1,1,1,1,1,1,0,0,0,0,0,17,45
472,152,2,1,1,1,1,1,1,0,0,0,0,0,27,45
472,88,2,1,1,1,1,1,1,0,0,0,0,0,22,45
473,473,0,1,1,1,1,1,1,0,0,0,0,0,0,72
473,472,1,1,1,1,1,1,1,0,0,0,0,0,35,72
473,475,1,1,1,1,1,1,1,0,0,0,0,0,0,72
473,477,1,1,1,1,1,1,1,0,0,0,0,0,0,72
473,465,1,1,1,1,1,1,1,0,0,0,0,0,24,72
473,457,1,0,0,1,0,0,0,0,0,0,0,0,7,72
473,505,1,1,1,1,1,1,1,0,0,0,0,0,0,72
473,409,1,1,1,1,1,1,1,0,0,0,0,0,41,72
473,345,1,1,1,1,1,1,1,0,0,0,0,0,24,72
473,217,1,1,1,1,1,1,1,0,0,0,0,0,35,72
473,474,2,1,1,1,1,1,1,0,0,0,0,0,35,72
473,476,2,1,1,1,1,1,1,0,0,0,0,0,35,72
473,464,2,1,1,1,1,1,1,0,0,0,0,0,38,72
473,456,2,0,0,1,0,0,0,0,0,0,0,0,42,72
473,504,2,1,1,1,1,1,1,0,0,0,0,0,35,72
473,408,2,1,1,1,1,1,1,0,0,0,0,0,49,72
473,344,2,1,1,1,1,1,1,0,0,0,0,0,37,72
473,216,2,1,1,1,1,1,1,0,0,0,0,0,50,72
473,479,2,1,1,1,1,1,1,0,0,0,0,0,0,72
473,467,2,1,1,1,1,1,1,0,0,0,0,0,24,72
473,459,2,1,0,1,0,0,0,0,0,0,0,0,7,72
473,507,2,1,1,1,1,1,1,0,0,0,0,0,0,72
473,411,2,1,1,1,1,1,1,0,0,0,0,0,41,72
473,347,2,1,1,1,1,1,1,0,0,0,0,0,24,72
473,219,2,1,1,1,1,1,1,0,0,0,0,0,35,72
473,469,2,1,1,1,1,1,1,0,0,0,0,0,24,72
473,461,2,1,0,1,0,0,0,0,0,0,0,0,7,72
473,509,2,1,1,1,1,1,1,0,0,0,0,0,0,72
473,413,2,1,1,1,1,1,1,0,0,0,0,0,41,72
473,349,2,1,1,1,1,1,1,0,0,0,0,0,24,72
473,221,2,1,1,1,1,1,1,0,0,0,0,0,35,72
473,449,2,0,0,1,0,0,0,0,0,0,0,0,31,72
473,497,2,1,1,1,1,1,1,0,0,0,0,0,24,72
473,401,2,1,1,1,1,1,1,0,0,0,0,0,43,72
473,337,2,1,1,1,1,1,1,0,0,0,0,0,26,72
473,209,2,1,1,1,1,1,1,0,0,0,0,0,37,72
473,489,2,1,0,1,0,0,0,0,0,0,0,0,7,72
473,393,2,0,0,1,0,0,0,0,0,0,0,0,48,72
473,329,2,0,0,1,0,0,0,0,0,0,0,0,31,72
473,201,2,0,0,1,0,0,0,0,0,0,0,0,42,72
473,441,2,1,1,1,1,1,1,0,0,0,0,0,41,72
473,377,2,1,1,1,1,1,1,0,0,0,0,0,24,72
473,249,2,1,1,1,1,1,1,0,0,0,0,0,35,72
473,281,2,1,1,1,1,1,1,0,0,0,0,0,43,72
473,153,2,1,1,1,1,1,1,0,0,0,0,0,49,72
473,89,2,1,1,1,1,1,1,0,0,0,0,0,38,72
474,474,0,1,1,1,1,1,1,0,0,0,0,0,0,111
474,475,1,1,1,1,1,1,1,0,0,0,0,0,0,111
474,472,1,1,1,1,1,1,1,0,0,0,0,0,74,111
474,478,1,1,1,1,1,1,1,0,0,0,0,0,0,111
474,466,1,1,1,1,1,1,1,0,0,0,0,0,42,111
474,458,1,1,1,1,0,0,1,0,1,1,1,0,8,111
474,506,1,1,1,1,1,1,1,0,0,0,0,0,0,111
474,410,1,1,1,1,1,1,1,0,0,0,0,0,67,111
474,346,1,1,1,1,1,1,1,0,0,0,0,0,22,111
474,218,1,1,1,1,1,1,1,0,0,0,0,0,67,111
474,473,2,1,1,1,1,1,1,0,0,0,0,0,74,111
474,479,2,1,1,1,1,1,1,0,0,0,0,0,0,111
474,467,2,1,1,1,1,1,1,0,0,0,0,0,42,111
474,459,2,1,1,1,0,0,1,0,1,1,1,0,8,111
474,507,2,1,1,1,1,1,1,0,0,0,0,0,0,111
474,411,2,1,1,1,1,1,1,0,0,0,0,0,67,111
474,347,2,1,1,1,1,1,1,0,0,0,0,0,22,111
474,219,2,1,1,1,1,1,1,0,0,0,0,0,67,111
474,476,2,1,1,1,1,1,1,0,0,0,0,0,74,111
474,464,2,1,1,1,1,1,1,0,0,0,0,0,78,111
474,456,2,0,0,1,0,0,0,0,0,0,0,0,75,111
474,504,2,1,1,1,1,1,1,0,0,0,0,0,74,111
474,408,2,1,1,1,1,1,1,0,0,0,0,0,91,111
474,344,2,1,1,1,1,1,1,0,0,0,0,0,76,111
474,216,2,1,1,1,1,1,1,0,0,0,0,0,91,111
474,470,2,1,1,1,1,1,1,0,0,0,0,0,42,111
474,462,2,1,1,1,0,0,1,0,1,1,1,0,8,111
474,510,2,1,1,1,1,1,1,0,0,0,0,0,0,111
474,414,2,1,1,1,1,1,1,0,0,0,0,0,67,111
474,350,2,1,1,1,1,1,1,0,0,0,0,0,22,111
474,222,2,1,1,1,1,1,1,0,0,0,0,0,67,111
474,450,2,1,1,1,0,0,1,0,1,1,1,0,43,111
474,498,2,1,1,1,1,1,1,0,0,0,0,0,42,111
474,402,2,1,1,1,1,1,1,0,0,0,0,0,71,111
474,338,2,1,1,1,1,1,1,0,0,0,0,0,44,111
474,210,2,1,1,1,1,1,1,0,0,0,0,0,77,111
474,490,2,1,1,1,0,0,1,0,1,1,1,0,8,111
474,394,2,1,1,1,0,0,1,0,1,1,1,0,69,111
474,330,2,1,1,1,0,0,1,0,1,1,1,0,23,111
474,202,2,1,1,1,0,0,1,0,1,1,1,0,69,111
474,442,2,1,1,1,1,1,1,0,0,0,0,0,67,111
474,378,2,1,1,1,1,1,1,0,0,0,0,0,22,111
474,250,2,1,1,1,1,1,1,0,0,0,0,0,67,111
474,282,2,1,1,1,1,1,1,0,0,0,0,0,70,111
474,154,2,1,1,1,1,1,1,0,0,0,0,0,90,111
474,90,2,1,1,1,1,1,1,0,0,0,0,0,70,111
475,475,0,1,1,1,1,1,1,0,0,0,0,0,0,159
475,474,1,1,1,1,1,1,1,0,0,0,0,0,111,159
475,473,1,1,1,1,1,1,1,0,0,0,0,0,98,159
475,479,1,1,1,1,1,1,1,0,0,0,0,0,0,159
475,467,1,1,1,1,1,1,1,0,0,0,0,0,55,159
475,459,1,1,1,1,0,0,1,0,1,1,1,0,9,159
475,507,1,1,1,1,1,1,1,0,0,0,0,0,0,159
475,411,1,1,1,1,1,1,1,0,0,0,0,0,92,159
475,347,1,1,1,1,1,1,1,0,0,0,0,0,55,159
475,219,1,1,1,1,1,1,1,0,0,0,0,0,111,159
475,472,2,1,1,1,1,1,1,0,0,0,0,0,118,159
475,478,2,1,1,1,1,1,1,0,0,0,0,0,111,159
475,466,2,1,1,1,1,1,1,0,0,0,0,0,116,159
475,458,2,1,1,1,0,0,1,0,1,1,1,0,113,159
475,506,2,1,1,1,1,1,1,0,0,0,0,0,111,159
475,410,2,1,1,1,1,1,1,0,0,0,0,0,132,159
475,346,2,1,1,1,1,1,1,0,0,0,0,0,115,159
475,218,2,1,1,1,1,1,1,0,0,0,0,0,133,159
475,477,2,1,1,1,1,1,1,0,0,0,0,0,98,159
475,465,2,1,1,1,1,1,1,0,0,0,0,0,103,159
475,457,2,0,0,1,0,0,0,0,0,0,0,0,99,159
475,505,2,1,1,1,1,1,1,0,0,0,0,0,98,159
475,409,2,1,1,1,1,1,1,0,0,0,0,0,126,159
475,345,2,1,1,1,1,1,1,0,0,0,0,0,102,159
475,217,2,1,1,1,1,1,1,0,0,0,0,0,118,159
475,471,2,1,1,1,1,1,1,0,0,0,0,0,55,159
475,463,2,1,1,1,0,0,1,0,1,1,1,0,9,159
475,511,2,1,1,1,1,1,1,0,0,0,0,0,0,159
475,415,2,1,1,1,1,1,1,0,0,0,0,0,92,159
475,351,2,1,1,1,1,1,1,0,0,0,0,0,55,159
475,223,2,1,1,1,1,1,1,0,0,0,0,0,111,159
475,451,2,1,1,1,0,0,1,0,1,1,1,0,56,159
475,499,2,1,1,1,1,1,1,0,0,0,0,0,55,159
475,403,2,1,1,1,1,1,1,0,0,0,0,0,96,159
475,339,2,1,1,1,1,1,1,0,0,0,0,0,58,159
475,211,2,1,1,1,1,1,1,0,0,0,0,0,115,159
475,491,2,1,1,1,0,0,1,0,1,1,1,0,9,159
475,395,2,1,1,1,0,0,1,0,1,1,1,0,94,159
475,331,2,1,1,1,0,0,1,0,1,1,1,0,56,159
475,203,2,1,1,1,0,0,1,0,1,1,1,0,113,159
475,443,2,1,1,1,1,1,1,0,0,0,0,0,92,159
475,379,2,1,1,1,1,1,1,0,0,0,0,0,55,159
475,251,2,1,1,1,1,1,1,0,0,0,0,0,111,159
475,283,2,1,1,1,1,1,1,0,0,0,0,0,96,159
475,155,2,1,1,1,1,1,1,0,0,0,0,0,132,159
475,91,2,1,1,1,1,1,1,0,0,0,0,0,116,159
476,476,0,1,1,1,1,1,1,0,0,0,0,0,0,158
476,477,1,1,1,1,1,1,1,0,0,0,0,0,0,158
476,478,1,1,1,1,1,1,1,0,0,0,0,0,0,158
476,472,1,1,1,1,1,1,1,0,0,0,0,0,111,158
476,468,1,1,1,1,1,1,1,0,0,0,0,0,98,158
476,460,1,1,1,1,0,0,1,0,1,1,1,0,9,158
476,508,1,1,1,1,1,1,1,0,0,0,0,0,0,158
476,412,1,1,1,1,1,1,1,0,0,0,0,0,111,158
476,348,1,1,1,1,1,1,1,0,0,0,0,0,55,158
476,220,1,1,1,1,1,1,1,0,0,0,0,0,92,158
476,479,2,1,1,1,1,1,1,0,0,0,0,0,0,158
476,473,2,1,1,1,1,1,1,0,0,0,0,0,111,158
476,469,2,1,1,1,1,1,1,0,0,0,0,0,98,158
476,461,2,1,1,1,0,0,1,0,1,1,1,0,9,158
476,509,2,1,1,1,1,1,1,0,0,0,0,0,0,158
476,413,2,1,1,1,1,1,1,0,0,0,0,0,111,158
476,349,2,1,1,1,1,1,1,0,0,0,0,0,55,158
476,221,2,1,1,1,1,1,1,0,0,0,0,0,92,158
476,474,2,1,1,1,1,1,1,0,0,0,0,0,111,158
476,470,2,1,1,1,1,1,1,0,0,0,0,0,98,158
476,462,2,1,1,1,0,0,1,0,1,1,1,0,9,158
476,510,2,1,1,1,1,1,1,0,0,0,0,0,0,158
476,414,2,1,1,1,1,1,1,0,0,0,0,0,111,158
476,350,2,1,1,1,1,1,1,0,0,0,0,0,55,158
476,222,2,1,1,1,1,1,1,0,0,0,0,0,92,158
476,464,2,1,1,1,1,1,1,0,0,0,0,0,118,158
476,456,2,0,0,1,0,0,0,0,0,0,0,0,113,158
476,504,2,1,1,1,1,1,1,0,0,0,0,0,111,158
476,408,2,1,1,1,1,1,1,0,0,0,0,0,133,158
476,344,2,1,1,1,1,1,1,0,0,0,0,0,115,158
476,216,2,1,1,1,1,1,1,0,0,0,0,0,132,158
476,452,2,0,0,1,0,0,0,0,0,0,0,0,99,158
476,500,2,1,1,1,1,1,1,0,0,0,0,0,98,158
476,404,2,1,1,1,1,1,1,0,0,0,0,0,118,158
476,340,2,1,1,1,1,1,1,0,0,0,0,0,103,158
476,212,2,1,1,1,1,1,1,0,0,0,0,0,126,158
476,492,2,1,1,1,0,0,1,0,1,1,1,0,9,158
476,396,2,1,1,1,0,0,1,0,1,1,1,0,113,158
476,332,2,1,1,1,0,0,1,0,1,1,1,0,56,158
476,204,2,1,1,1,0,0,1,0,1,1,1,0,94,158
476,444,2,1,1,1,1,1,1,0,0,0,0,0,111,158
476,380,2,1,1,1,1,1,1,0,0,0,0,0,55,158
476,252,2,1,1,1,1,1,1,0,0,0,0,0,92,158
476,284,2,1,1,1,1,1,1,0,0,0,0,0,116,158
476,156,2,1,1,1,1,1,1,0,0,0,0,0,132,158
476,92,2,1,1,1,1,1,1,0,0,0,0,0,96,158
477,477,0,1,1,1,1,1,1,0,0,0,0,0,0,223
477,476,1,1,1,1,1,1,1,0,0,0,0,0,150,223
477,479,1,1,1,1,1,1,1,0,0,0,0,0,0,223
477,473,1,1,1,1,1,1,1,0,0,0,0,0,150,223
477,469,1,1,1,1,1,1,1,0,0,0,0,0,126,223
477,461,1,1,1,1,0,0,1,0,1,1,1,0,10,223
477,509,1,1,1,1,1,1,1,0,0,0,0,0,0,223
477,413,1,1,1,1,1,1,1,0,0,0,0,0,150,223
477,349,1,1,1,1,1,1,1,0,0,0,0,0,126,223
477,221,1,1,1,1,1,1,1,0,0,0,0,0,150,223
477,478,2,1,1,1,1,1,1,0,0,0,0,0,150,223
477,472,2,1,1,1,1,1,1,0,0,0,0,0,174,223
477,468,2,1,1,1,1,1,1,0,0,0,0,0,157,223
477,460,2,1,1,1,0,0,1,0,1,1,1,0,152,223
477,508,2,1,1,1,1,1,1,0,0,0,0,0,150,223
477,412,2,1,1,1,1,1,1,0,0,0,0,0,174,223
477,348,2,1,1,1,1,1,1,0,0,0,0,0,158,223
477,220,2,1,1,1,1,1,1,0,0,0,0,0,184,223
477,475,2,1,1,1,1,1,1,0,0,0,0,0,150,223
477,471,2,1,1,1,1,1,1,0,0,0,0,0,126,223
477,463,2,1,1,1,0,0,1,0,1,1,1,0,10,223
477,511,2,1,1,1,1,1,1,0,0,0,0,0,0,223
477,415,2,1,1,1,1,1,1,0,0,0,0,0,150,223
477,351,2,1,1,1,1,1,1,0,0,0,0,0,126,223
477,223,2,1,1,1,1,1,1,0,0,0,0,0,150,223
477,465,2,1,1,1,1,1,1,0,0,0,0,0,158,223
477,457,2,0,0,1,0,0,0,0,0,0,0,0,152,223
477,505,2,1,1,1,1,1,1,0,0,0,0,0,150,223
477,409,2,1,1,1,1,1,1,0,0,0,0,0,184,223
477,345,2,1,1,1,1,1,1,0,0,0,0,0,158,223
477,217,2,1,1,1,1,1,1,0,0,0,0,0,174,223
477,453,2,1,1,1,0,0,1,0,1,1,1,0,127,223
477,501,2,1,1,1,1,1,1,0,0,0,0,0,126,223
477,405,2,1,1,1,1,1,1,0,0,0,0,0,157,223
477,341,2,1,1,1,1,1,1,0,0,0,0,0,133,223
477,213,2,1,1,1,1,1,1,0,0,0,0,0,158,223
477,493,2,1,1,1,0,0,1,0,1,1,1,0,10,223
477,397,2,1,1,1,0,0,1,0,1,1,1,0,152,223
477,333,2,1,1,1,0,0,1,0,1,1,1,0,127,223
477,205,2,1,1,1,0,0,1,0,1,1,1,0,152,223
477,445,2,1,1,1,1,1,1,0,0,0,0,0,150,223
477,381,2,1,1,1,1,1,1,0,0,0,0,0,126,223
477,253,2,1,1,1,1,1,1,0,0,0,0,0,150,223
477,285,2,1,1,1,1,1,1,0,0,0,0,0,157,223
477,157,2,1,1,1,1,1,1,0,0,0,0,0,174,223
477,93,2,1,1,1,1,1,1,0,0,0,0,0,157,223
478,478,0,1,1,1,1,1,1,0,0,0,0,0,0,159
478,479,1,1,1,1,1,1,1,0,0,0,0,0,0,159
478,476,1,1,1,1,1,1,1,0,0,0,0,0,98,159
478,474,1,1,1,1,1,1,1,0,0,0,0,0,111,159
478,470,1,1,1,1,1,1,1,0,0,0,0,0,98,159
478,462,1,1,1,1,0,0,1,0,1,1,1,0,9,159
478,510,1,1,1,1,1,1,1,0,0,0,0,0,0,159
478,414,1,1,1,1,1,1,1,0,0,0,0,0,111,159
478,350,1,1,1,1,1,1,1,0,0,0,0,0,55,159
478,222,1,1,1,1,1,1,1,0,0,0,0,0,92,159
478,477,2,1,1,1,1,1,1,0,0,0,0,0,98,159
478,475,2,1,1,1,1,1,1,0,0,0,0,0,111,159
478,471,2,1,1,1,1,1,1,0,0,0,0,0,98,159
478,463,2,1,1,1,0,0,1,0,1,1,1,0,9,159
478,511,2,1,1,1,1,1,1,0,0,0,0,0,0,159
478,415,2,1,1,1,1,1,1,0,0,0,0,0,111,159
478,351,2,1,1,1,1,1,1,0,0,0,0,0,55,159
478,223,2,1,1,1,1,1,1,0,0,0,0,0,92,159
478,472,2,1,1,1,1,1,1,0,0,0,0,0,118,159
478,468,2,1,1,1,1,1,1,0,0,0,0,0,104,159
478,460,2,1,1,1,0,0,1,0,1,1,1,0,99,159
478,508,2,1,1,1,1,1,1,0,0,0,0,0,98,159
478,412,2,1,1,1,1,1,1,0,0,0,0,0,118,159
478,348,2,1,1,1,1,1,1,0,0,0,0,0,102,159
478,220,2,1,1,1,1,1,1,0,0,0,0,0,126,159
478,466,2,1,1,1,1,1,1,0,0,0,0,0,118,159
478,458,2,1,1,1,0,0,1,0,1,1,1,0,113,159
478,506,2,1,1,1,1,1,1,0,0,0,0,0,111,159
478,410,2,1,1,1,1,1,1,0,0,0,0,0,133,159
478,346,2,1,1,1,1,1,1,0,0,0,0,0,115,159
478,218,2,1,1,1,1,1,1,0,0,0,0,0,132,159
478,454,2,1,1,1,0,0,1,0,1,1,1,0,99,159
478,502,2,1,1,1,1,1,1,0,0,0,0,0,98,159
478,406,2,1,1,1,1,1,1,0,0,0,0,0,118,159
478,342,2,1,1,1,1,1,1,0,0,0,0,0,103,159
478,214,2,1,1,1,1,1,1,0,0,0,0,0,126,159
478,494,2,1,1,1,0,0,1,0,1,1,1,0,9,159
478,398,2,1,1,1,0,0,1,0,1,1,1,0,113,159
478,334,2,1,1,1,0,0,1,0,1,1,1,0,56,159
478,206,2,1,1,1,0,0,1,0,1,1,1,0,94,159
478,446,2,1,1,1,1,1,1,0,0,0,0,0,111,159
478,382,2,1,1,1,1,1,1,0,0,0,0,0,55,159
478,254,2,1,1,1,1,1,1,0,0,0,0,0,92,159
478,286,2,1,1,1,1,1,1,0,0,0,0,0,116,159
478,158,2,1,1,1,1,1,1,0,0,0,0,0,132,159
478,94,2,1,1,1,1,1,1,0,0,0,0,0,96,159
479,479,0,1,1,1,1,1,1,0,0,0,0,0,0,224
479,478,1,1,1,1,1,1,1,0,0,0,0,0,150,224
479,477,1,1,1,1,1,1,1,0,0,0,0,0,126,224
479,475,1,1,1,1,1,1,1,0,0,0,0,0,150,224
479,471,1,1,1,1,1,1,1,0,0,0,0,0,126,224
479,463,1,1,1,1,0,0,1,0,1,1,1,0,10,224
479,511,1,1,1,1,1,1,1,0,0,0,0,0,0,224
479,415,1,1,1,1,1,1,1,0,0,0,0,0,150,224
479,351,1,1,1,1,1,1,1,0,0,0,0,0,126,224
479,223,1,1,1,1,1,1,1,0,0,0,0,0,150,224
479,476,2,1,1,1,1,1,1,0,0,0,0,0,157,224
479,474,2,1,1,1,1,1,1,0,0,0,0,0,174,224
479,470,2,1,1,1,1,1,1,0,0,0,0,0,157,224
479,462,2,1,1,1,0,0,1,0,1,1,1,0,152,224
479,510,2,1,1,1,1,1,1,0,0,0,0,0,150,224
479,414,2,1,1,1,1,1,1,0,0,0,0,0,174,224
479,350,2,1,1,1,1,1,1,0,0,0,0,0,158,224
479,222,2,1,1,1,1,1,1,0,0,0,0,0,184,224
479,473,2,1,1,1,1,1,1,0,0,0,0,0,157,224
479,469,2,1,1,1,1,1,1,0,0,0,0,0,133,224
479,461,2,1,1,1,0,0,1,0,1,1,1,0,127,224
479,509,2,1,1,1,1,1,1,0,0,0,0,0,126,224
479,413,2,1,1,1,1,1,1,0,0,0,0,0,158,224
479,349,2,1,1,1,1,1,1,0,0,0,0,0,132,224
479,221,2,1,1,1,1,1,1,0,0,0,0,0,158,224
479,467,2,1,1,1,1,1,1,0,0,0,0,0,158,224
479,459,2,1,1,1,0,0,1,0,1,1,1,0,152,224
479,507,2,1,1,1,1,1,1,0,0,0,0,0,150,224
479,411,2,1,1,1,1,1,1,0,0,0,0,0,184,224
479,347,2,1,1,1,1,1,1,0,0,0,0,0,158,224
479,219,2,1,1,1,1,1,1,0,0,0,0,0,174,224
479,455,2,1,1,1,0,0,1,0,1,1,1,0,127,224
479,503,2,1,1,1,1,1,1,0,0,0,0,0,126,224
479,407,2,1,1,1,1,1,1,0,0,0,0,0,157,224
479,343,2,1,1,1,1,1,1,0,0,0,0,0,133,224
479,215,2,1,1,1,1,1,1,0,0,0,0,0,158,224
479,495,2,1,1,1,0,0,1,0,1,1,1,0,10,224
479,399,2,1,1,1,0,0,1,0,1,1,1,0,152,224
479,335,2,1,1,1,0,0,1,0,1,1,1,0,127,224
479,207,2,1,1,1,0,0,1,0,1,1,1,0,152,224
479,447,2,1,1,1,1,1,1,0,0,0,0,0,150,224
479,383,2,1,1,1,1,1,1,0,0,0,0,0,126,224
479,255,2,1,1,1,1,1,1,0,0,0,0,0,150,224
479,287,2,1,1,1,1,1,1,0,0,0,0,0,157,224
479,159,2,1,1,1,1,1,1,0,0,0,0,0,174,224
479,95,2,1,1,1,1,1,1,0,0,0,0,0,157,224
481,481,0,1,1,1,1,1,1,0,0,0,0,0,0,157
481,480,1,0,0,1,0,0,0,0,0,0,0,0,111,157
481,483,1,1,1,1,1,1,1,0,0,0,0,0,0,157
481,485,1,1,1,1,1,1,1,0,0,0,0,0,0,157
481,489,1,1,1,1,1,1,1,0,0,0,0,0,0,157
481,497,1,1,1,1,1,1,1,0,0,0,0,0,0,157
481,449,1,0,0,1,0,0,0,0,0,0,0,0,98,157
481,417,1,1,1,1,1,1,1,0,0,0,0,0,92,157
481,353,1,1,1,1,0,0,1,0,1,1,1,0,55,157
481,225,1,1,1,1,1,1,1,0,0,0,0,0,111,157
481,482,2,1,0,1,0,0,0,0,0,0,0,0,111,157
481,484,2,0,0,1,0,0,0,0,0,0,0,0,111,157
481,488,2,1,0,1,0,0,0,0,0,0,0,0,111,157
481,496,2,1,0,1,0,0,0,0,0,0,0,0,111,157
481,448,2,0,0,1,0,0,0,0,0,0,0,0,118,157
481,416,2,0,0,1,0,0,0,0,0,0,0,0,132,157
481,352,2,0,0,1,0,0,0,0,0,0,0,0,115,157
481,224,2,0,0,1,0,0,0,0,0,0,0,0,133,157
481,487,2,1,1,1,1,1,1,0,0,0,0,0,0,157
481,491,2,1,1,1,1,1,1,0,0,0,0,0,0,157
481,499,2,1,1,1,1,1,1,0,0,0,0,0,0,157
481,451,2,1,0,1,0,0,0,0,0,0,0,0,98,157
481,419,2,1,1,1,1,1,1,0,0,0,0,0,92,157
481,355,2,1,1,1,0,0,1,0,1,1,1,0,55,157
481,227,2,1,1,1,1,1,1,0,0,0,0,0,111,157
481,493,2,1,1,1,1,1,1,0,0,0,0,0,0,157
481,501,2,1,1,1,1,1,1,0,0,0,0,0,0,157
481,453,2,1,0,1,0,0,0,0,0,0,0,0,98,157
481,421,2,1,1,1,1,1,1,0,0,0,0,0,92,157
481,357,2,1,1,1,0,0,1,0,1,1,1,0,55,157
481,229,2,1,1,1,1,1,1,0,0,0,0,0,111,157
481,505,2,1,1,1,1,1,1,0,0,0,0,0,0,157
481,457,2,0,0,1,0,0,0,0,0,0,0,0,98,157
481,425,2,1,1,1,1,1,1,0,0,0,0,0,92,157
481,361,2,1,1,1,0,0,1,0,1,1,1,0,55,157
481,233,2,1,1,1,1,1,1,0,0,0,0,0,111,157
481,465,2,1,0,1,0,0,0,0,0,0,0,0,98,157
481,433,2,1,1,1,1,1,1,0,0,0,0,0,92,157
481,369,2,1,1,1,0,0,1,0,1,1,1,0,55,157
481,241,2,1,1,1,1,1,1,0,0,0,0,0,111,157
481,385,2,0,0,1,0,0,0,0,0,0,0,0,126,157
481,321,2,0,0,1,0,0,0,0,0,0,0,0,103,157
481,193,2,0,0,1,0,0,0,0,0,0,0,0,118,157
481,289,2,0,0,1,0,0,0,0,0,0,0,0,96,157
481,161,2,1,1,1,1,1,1,0,0,0,0,0,132,157
481,97,2,1,1,1,0,0,1,0,1,1,1,0,116,157
482,482,0,1,1,1,1,1,1,0,0,0,0,0,0,110
482,483,1,1,1,1,1,1,1,0,0,0,0,0,0,110
482,480,1,0,0,1,0,0,0,0,0,0,0,0,74,110
482,486,1,1,1,1,1,1,1,0,0,0,0,0,0,110
482,490,1,1,1,1,1,1,1,0,0,0,0,0,0,110
482,498,1,1,1,1,1,1,1,0,0,0,0,0,0,110
482,450,1,1,1,1,1,1,1,0,0,0,0,0,42,110
482,418,1,1,1,1,1,1,1,0,0,0,0,0,67,110
482,354,1,1,1,1,0,0,1,0,1,1,1,0,22,110
482,226,1,1,1,1,1,1,1,0,0,0,0,0,67,110
482,481,2,1,0,1,0,0,0,0,0,0,0,0,74,110
482,487,2,1,1,1,1,1,1,0,0,0,0,0,0,110
482,491,2,1,1,1,1,1,1,0,0,0,0,0,0,110
482,499,2,1,1,1,1,1,1,0,0,0,0,0,0,110
482,451,2,1,1,1,1,1,1,0,0,0,0,0,42,110
482,419,2,1,1,1,1,1,1,0,0,0,0,0,67,110
482,355,2,1,1,1,0,0,1,0,1,1,1,0,22,110
482,227,2,1,1,1,1,1,1,0,0,0,0,0,67,110
482,484,2,0,0,1,0,0,0,0,0,0,0,0,74,110
482,488,2,1,0,1,0,0,0,0,0,0,0,0,74,110
482,496,2,1,0,1,0,0,0,0,0,0,0,0,74,110
482,448,2,0,0,1,0,0,0,0,0,0,0,0,78,110
482,416,2,0,0,1,0,0,0,0,0,0,0,0,91,110
482,352,2,0,0,1,0,0,0,0,0,0,0,0,76,110
482,224,2,0,0,1,0,0,0,0,0,0,0,0,91,110
482,494,2,1,1,1,1,1,1,0,0,0,0,0,0,110
482,502,2,1,1,1,1,1,1,0,0,0,0,0,0,110
482,454,2,1,1,1,1,1,1,0,0,0,0,0,42,110
482,422,2,1,1,1,1,1,1,0,0,0,0,0,67,110
482,358,2,1,1,1,0,0,1,0,1,1,1,0,22,110
482,230,2,1,1,1,1,1,1,0,0,0,0,0,67,110
482,506,2,1,1,1,1,1,1,0,0,0,0,0,0,110
482,458,2,1,1,1,1,1,1,0,0,0,0,0,42,110
482,426,2,1,1,1,1,1,1,0,0,0,0,0,67,110
482,362,2,1,1,1,0,0,1,0,1,1,1,0,22,110
482,234,2,1,1,1,1,1,1,0,0,0,0,0,67,110
482,466,2,1,1,1,1,1,1,0,0,0,0,0,42,110
482,434,2,1,1,1,1,1,1,0,0,0,0,0,67,110
482,370,2,1,1,1,0,0,1,0,1,1,1,0,22,110
482,242,2,1,1,1,1,1,1,0,0,0,0,0,67,110
482,386,2,1,1,1,1,1,1,0,0,0,0,0,77,110
482,322,2,1,1,1,0,0,1,0,1,1,1,0,44,110
482,194,2,1,1,1,1,1,1,0,0,0,0,0,71,110
482,290,2,0,0,1,0,0,0,0,0,0,0,0,70,110
482,162,2,1,1,1,1,1,1,0,0,0,0,0,90,110
482,98,2,1,1,1,0,0,1,0,1,1,1,0,70,110
483,483,0,1,1,1,1,1,1,0,0,0,0,0,0,158
483,482,1,1,1,1,1,1,1,0,0,0,0,0,111,158
483,481,1,1,1,1,0,0,1,0,1,1,1,0,98,158
483,487,1,1,1,1,1,1,1,0,0,0,0,0,0,158
483,491,1,1,1,1,1,1,1,0,0,0,0,0,0,158
483,499,1,1,1,1,1,1,1,0,0,0,0,0,0,158
483,451,1,1,1,1,1,1,1,0,0,0,0,0,98,158
483,419,1,1,1,1,1,1,1,0,0,0,0,0,92,158
483,355,1,1,1,1,0,0,1,0,1,1,1,0,55,158
483,227,1,1,1,1,1,1,1,0,0,0,0,0,111,158
483,480,2,0,0,1,0,0,0,0,0,0,0,0,118,158
483,486,2,1,1,1,1,1,1,0,0,0,0,0,111,158
483,490,2,1,1,1,1,1,1,0,0,0,0,0,111,158
483,498,2,1,1,1,1,1,1,0,0,0,0,0,111,158
483,450,2,1,1,1,1,1,1,0,0,0,0,0,118,158
483,418,2,1,1,1,1,1,1,0,0,0,0,0,132,158
483,354,2,1,1,1,0,0,1,0,1,1,1,0,115,158
483,226,2,1,1,1,1,1,1,0,0,0,0,0,133,158
483,485,2,1,1,1,0,0,1,0,1,1,1,0,98,158
483,489,2,1,1,1,0,0,1,0,1,1,1,0,98,158
483,497,2,1,1,1,0,0,1,0,1,1,1,0,98,158
483,449,2,0,0,1,0,0,0,0,0,0,0,0,104,158
483,417,2,1,1,1,0,0,1,0,1,1,1,0,126,158
483,353,2,1,1,1,0,0,1,0,1,1,1,0,102,158
483,225,2,1,1,1,0,0,1,0,1,1,1,0,118,158
483,495,2,1,1,1,1,1,1,0,0,0,0,0,0,158
483,503,2,1,1,1,1,1,1,0,0,0,0,0,0,158
483,455,2,1,1,1,1,1,1,0,0,0,0,0,98,158
483,423,2,1,1,1,1,1,1,0,0,0,0,0,92,158
483,359,2,1,1,1,0,0,1,0,1,1,1,0,55,158
483,231,2,1,1,1,1,1,1,0,0,0,0,0,111,158
483,507,2,1,1,1,1,1,1,0,0,0,0,0,0,158
483,459,2,1,1,1,1,1,1,0,0,0,0,0,98,158
483,427,2,1,1,1,1,1,1,0,0,0,0,0,92,158
483,363,2,1,1,1,0,0,1,0,1,1,1,0,55,158
483,235,2,1,1,1,1,1,1,0,0,0,0,0,111,158
483,467,2,1,1,1,1,1,1,0,0,0,0,0,98,158
483,435,2,1,1,1,1,1,1,0,0,0,0,0,92,158
483,371,2,1,1,1,0,0,1,0,1,1,1,0,55,158
483,243,2,1,1,1,1,1,1,0,0,0,0,0,111,158
483,387,2,1,1,1,1,1,1,0,0,0,0,0,126,158
483,323,2,1,1,1,0,0,1,0,1,1,1,0,103,158
483,195,2,1,1,1,1,1,1,0,0,0,0,0,118,158
483,291,2,0,0,1,0,0,0,0,0,0,0,0,96,158
483,163,2,1,1,1,1,1,1,0,0,0,0,0,132,158
483,99,2,1,1,1,0,0,1,0,1,1,1,0,116,158
485,485,0,1,1,1,1,1,1,0,0,0,0,0,0,222
485,484,1,0,0,1,0,0,0,0,0,0,0,0,150,222
485,487,1,1,1,1,1,1,1,0,0,0,0,0,0,222
485,481,1,1,1,1,0,0,1,0,1,1,1,0,150,222
485,493,1,1,1,1,1,1,1,0,0,0,0,0,0,222
485,501,1,1,1,1,1,1,1,0,0,0,0,0,0,222
485,453,1,1,1,1,1,1,1,0,0,0,0,0,126,222
485,421,1,1,1,1,1,1,1,0,0,0,0,0,150,222
485,357,1,1,1,1,0,0,1,0,1,1,1,0,126,222
485,229,1,1,1,1,1,1,1,0,0,0,0,0,150,222
485,486,2,1,0,1,0,0,0,0,0,0,0,0,150,222
485,480,2,0,0,1,0,0,0,0,0,0,0,0,174,222
485,492,2,1,0,1,0,0,0,0,0,0,0,0,150,222
485,500,2,1,0,1,0,0,0,0,0,0,0,0,150,222
485,452,2,0,0,1,0,0,0,0,0,0,0,0,158,222
485,420,2,0,0,1,0,0,0,0,0,0,0,0,174,222
485,356,2,0,0,1,0,0,0,0,0,0,0,0,158,222
485,228,2,0,0,1,0,0,0,0,0,0,0,0,184,222
485,483,2,1,1,1,0,0,1,0,1,1,1,0,150,222
485,495,2,1,1,1,1,1,1,0,0,0,0,0,0,222
485,503,2,1,1,1,1,1,1,0,0,0,0,0,0,222
485,455,2,1,1,1,1,1,1,0,0,0,0,0,126,222
485,423,2,1,1,1,1,1,1,0,0,0,0,0,150,222
485,359,2,1,1,1,0,0,1,0,1,1,1,0,126,222
485,231,2,1,1,1,1,1,1,0,0,0,0,0,150,222
485,489,2,1,1,1,0,0,1,0,1,1,1,0,150,222
485,497,2,1,1,1,0,0,1,0,1,1,1,0,150,222
485,449,2,0,0,1,0,0,0,0,0,0,0,0,157,222
485,417,2,1,1,1,0,0,1,0,1,1,1,0,184,222
485,353,2,1,1,1,0,0,1,0,1,1,1,0,158,222
485,225,2,1,1,1,0,0,1,0,1,1,1,0,174,222
485,509,2,1,1,1,1,1,1,0,0,0,0,0,0,222
485,461,2,1,1,1,1,1,1,0,0,0,0,0,126,222
485,429,2,1,1,1,1,1,1,0,0,0,0,0,150,222
485,365,2,1,1,1,0,0,1,0,1,1,1,0,126,222
485,237,2,1,1,1,1,1,1,0,0,0,0,0,150,222
485,469,2,1,1,1,1,1,1,0,0,0,0,0,126,222
485,437,2,1,1,1,1,1,1,0,0,0,0,0,150,222
485,373,2,1,1,1,0,0,1,0,1,1,1,0,126,222
485,245,2,1,1,1,1,1,1,0,0,0,0,0,150,222
485,389,2,1,1,1,1,1,1,0,0,0,0,0,158,222
485,325,2,1,1,1,0,0,1,0,1,1,1,0,133,222
485,197,2,1,1,1,1,1,1,0,0,0,0,0,157,222
485,293,2,0,0,1,0,0,0,0,0,0,0,0,157,222
485,165,2,1,1,1,1,1,1,0,0,0,0,0,174,222
485,101,2,1,1,1,0,0,1,0,1,1,1,0,157,222
486,486,0,1,1,1,1,1,1,0,0,0,0,0,0,158
486,487,1,1,1,1,1,1,1,0,0,0,0,0,0,158
486,484,1,0,0,1,0,0,0,0,0,0,0,0,98,158
486,482,1,1,1,1,1,1,1,0,0,0,0,0,111,158
486,494,1,1,1,1,1,1,1,0,0,0,0,0,0,158
486,502,1,1,1,1,1,1,1,0,0,0,0,0,0,158
486,454,1,1,1,1,1,1,1,0,0,0,0,0,55,158
486,422,1,1,1,1,1,1,1,0,0,0,0,0,111,158
486,358,1,1,1,1,0,0,1,0,1,1,1,0,55,158
486,230,1,1,1,1,1,1,1,0,0,0,0,0,92,158
486,485,2,1,0,1,0,0,0,0,0,0,0,0,98,158
486,483,2,1,1,1,1,1,1,0,0,0,0,0,111,158
486,495,2,1,1,1,1,1,1,0,0,0,0,0,0,158
486,503,2,1,1,1,1,1,1,0,0,0,0,0,0,158
486,455,2,1,1,1,1,1,1,0,0,0,0,0,55,158
486,423,2,1,1,1,1,1,1,0,0,0,0,0,111,158
486,359,2,1,1,1,0,0,1,0,1,1,1,0,55,158
486,231,2,1,1,1,1,1,1,0,0,0,0,0,92,158
486,480,2,0,0,1,0,0,0,0,0,0,0,0,118,158
486,492,2,1,0,1,0,0,0,0,0,0,0,0,98,158
486,500,2,1,0,1,0,0,0,0,0,0,0,0,98,158
486,452,2,0,0,1,0,0,0,0,0,0,0,0,103,158
486,420,2,0,0,1,0,0,0,0,0,0,0,0,118,158
486,356,2,0,0,1,0,0,0,0,0,0,0,0,102,158
486,228,2,0,0,1,0,0,0,0,0,0,0,0,126,158
486,490,2,1,1,1,1,1,1,0,0,0,0,0,111,158
486,498,2,1,1,1,1,1,1,0,0,0,0,0,111,158
486,450,2,1,1,1,1,1,1,0,0,0,0,0,116,158
486,418,2,1,1,1,1,1,1,0,0,0,0,0,133,158
486,354,2,1,1,1,0,0,1,0,1,1,1,0,115,158
486,226,2,1,1,1,1,1,1,0,0,0,0,0,132,158
486,510,2,1,1,1,1,1,1,0,0,0,0,0,0,158
486,462,2,1,1,1,1,1,1,0,0,0,0,0,55,158
486,430,2,1,1,1,1,1,1,0,0,0,0,0,111,158
486,366,2,1,1,1,0,0,1,0,1,1,1,0,55,158
486,238,2,1,1,1,1,1,1,0,0,0,0,0,92,158
486,470,2,1,1,1,1,1,1,0,0,0,0,0,55,158
486,438,2,1,1,1,1,1,1,0,0,0,0,0,111,158
486,374,2,1,1,1,0,0,1,0,1,1,1,0,55,158
486,246,2,1,1,1,1,1,1,0,0,0,0,0,92,158
486,390,2,1,1,1,1,1,1,0,0,0,0,0,115,158
486,326,2,1,1,1,0,0,1,0,1,1,1,0,58,158
486,198,2,1,1,1,1,1,1,0,0,0,0,0,96,158
486,294,2,0,0,1,0,0,0,0,0,0,0,0,116,158
486,166,2,1,1,1,1,1,1,0,0,0,0,0,132,158
486,102,2,1,1,1,0,0,1,0,1,1,1,0,96,158
487,487,0,1,1,1,1,1,1,0,0,0,0,0,0,223
487,486,1,1,1,1,1,1,1,0,0,0,0,0,150,223
487,485,1,1,1,1,0,0,1,0,1,1,1,0,126,223
487,483,1,1,1,1,1,1,1,0,0,0,0,0,150,223
487,495,1,1,1,1,1,1,1,0,0,0,0,0,0,223
487,503,1,1,1,1,1,1,1,0,0,0,0,0,0,223
487,455,1,1,1,1,1,1,1,0,0,0,0,0,126,223
487,423,1,1,1,1,1,1,1,0,0,0,0,0,150,223
487,359,1,1,1,1,0,0,1,0,1,1,1,0,126,223
487,231,1,1,1,1,1,1,1,0,0,0,0,0,150,223
487,484,2,0,0,1,0,0,0,0,0,0,0,0,157,223
487,482,2,1,1,1,1,1,1,0,0,0,0,0,174,223
487,494,2,1,1,1,1,1,1,0,0,0,0,0,150,223
487,502,2,1,1,1,1,1,1,0,0,0,0,0,150,223
487,454,2,1,1,1,1,1,1,0,0,0,0,0,158,223
487,422,2,1,1,1,1,1,1,0,0,0,0,0,174,223
487,358,2,1,1,1,0,0,1,0,1,1,1,0,158,223
487,230,2,1,1,1,1,1,1,0,0,0,0,0,184,223
487,481,2,1,1,1,0,0,1,0,1,1,1,0,157,223
487,493,2,1,1,1,0,0,1,0,1,1,1,0,126,223
487,501,2,1,1,1,0,0,1,0,1,1,1,0,126,223
487,453,2,1,1,1,0,0,1,0,1,1,1,0,133,223
487,421,2,1,1,1,0,0,1,0,1,1,1,0,158,223
487,357,2,1,1,1,0,0,1,0,1,1,1,0,132,223
487,229,2,1,1,1,0,0,1,0,1,1,1,0,158,223
487,491,2,1,1,1,1,1,1,0,0,0,0,0,150,223
487,499,2,1,1,1,1,1,1,0,0,0,0,0,150,223
487,451,2,1,1,1,1,1,1,0,0,0,0,0,157,223
487,419,2,1,1,1,1,1,1,0,0,0,0,0,184,223
487,355,2,1,1,1,0,0,1,0,1,1,1,0,158,223
487,227,2,1,1,1,1,1,1,0,0,0,0,0,174,223
487,511,2,1,1,1,1,1,1,0,0,0,0,0,0,223
487,463,2,1,1,1,1,1,1,0,0,0,0,0,126,223
487,431,2,1,1,1,1,1,1,0,0,0,0,0,150,223
487,367,2,1,1,1,0,0,1,0,1,1,1,0,126,223
487,239,2,1,1,1,1,1,1,0,0,0,0,0,150,223
487,471,2,1,1,1,1,1,1,0,0,0,0,0,126,223
487,439,2,1,1,1,1,1,1,0,0,0,0,0,150,223
487,375,2,1,1,1,0,0,1,0,1,1,1,0,126,223
487,247,2,1,1,1,1,1,1,0,0,0,0,0,150,223
487,391,2,1,1,1,1,1,1,0,0,0,0,0,158,223
487,327,2,1,1,1,0,0,1,0,1,1,1,0,133,223
487,199,2,1,1,1,1,1,1,0,0,0,0,0,157,223
487,295,2,0,0,1,0,0,0,0,0,0,0,0,157,223
487,167,2,1,1,1,1,1,1,0,0,0,0,0,174,223
487,103,2,1,1,1,0,0,1,0,1,1,1,0,157,223
488,488,0,1,1,1,1,1,1,0,0,0,0,0,0,71
488,489,1,1,1,1,1,1,1,0,0,0,0,0,0,71
488,490,1,1,1,1,1,1,1,0,0,0,0,0,0,71
488,492,1,1,1,1,1,1,1,0,0,0,0,0,0,71
488,480,1,0,0,1,0,0,0,0,0,0,0,0,31,71
488,504,1,1,1,1,1,1,1,0,0,0,0,0,0,71
488,456,1,0,0,1,0,0,0,0,0,0,0,0,31,71
488,424,1,1,1,1,1,1,1,0,0,0,0,0,25,71
488,360,1,1,1,1,1,1,1,0,0,0,0,0,7,71
488,232,1,1,1,1,1,1,1,0,0,0,0,0,25,71
488,491,2,1,1,1,1,1,1,0,0,0,0,0,0,71
488,493,2,1,1,1,1,1,1,0,0,0,0,0,0,71
488,481,2,1,0,1,0,0,0,0,0,0,0,0,31,71
488,505,2,1,1,1,1,1,1,0,0,0,0,0,0,71
488,457,2,0,0,1,0,0,0,0,0,0,0,0,31,71
488,425,2,1,1,1,1,1,1,0,0,0,0,0,25,71
488,361,2,1,1,1,1,1,1,0,0,0,0,0,7,71
488,233,2,1,1,1,1,1,1,0,0,0,0,0,25,71
488,494,2,1,1,1,1,1,1,0,0,0,0,0,0,71
488,482,2,1,0,1,0,0,0,0,0,0,0,0,31,71
488,506,2,1,1,1,1,1,1,0,0,0,0,0,0,71
488,458,2,1,0,1,0,0,0,0,0,0,0,0,31,71
488,426,2,1,1,1,1,1,1,0,0,0,0,0,25,71
488,362,2,1,1,1,1,1,1,0,0,0,0,0,7,71
488,234,2,1,1,1,1,1,1,0,0,0,0,0,25,71
488,484,2,0,0,1,0,0,0,0,0,0,0,0,31,71
488,508,2,1,1,1,1,1,1,0,0,0,0,0,0,71
488,460,2,1,0,1,0,0,0,0,0,0,0,0,31,71
488,428,2,1,1,1,1,1,1,0,0,0,0,0,25,71
488,364,2,1,1,1,1,1,1,0,0,0,0,0,7,71
488,236,2,1,1,1,1,1,1,0,0,0,0,0,25,71
488,496,2,1,0,1,0,0,0,0,0,0,0,0,31,71
488,448,2,0,0,1,0,0,0,0,0,0,0,0,44,71
488,416,2,0,0,1,0,0,0,0,0,0,0,0,50,71
488,352,2,0,0,1,0,0,0,0,0,0,0,0,32,71
488,224,2,0,0,1,0,0,0,0,0,0,0,0,44,71
488,472,2,1,0,1,0,0,0,0,0,0,0,0,31,71
488,440,2,1,1,1,1,1,1,0,0,0,0,0,25,71
488,376,2,1,1,1,1,1,1,0,0,0,0,0,7,71
488,248,2,1,1,1,1,1,1,0,0,0,0,0,25,71
488,392,2,0,0,1,0,0,0,0,0,0,0,0,44,71
488,328,2,0,0,1,0,0,0,0,0,0,0,0,32,71
488,200,2,0,0,1,0,0,0,0,0,0,0,0,50,71
488,296,2,1,1,1,1,1,1,0,0,0,0,0,26,71
488,168,2,1,1,1,1,1,1,0,0,0,0,0,38,71
488,104,2,1,1,1,1,1,1,0,0,0,0,0,26,71
489,489,0,1,1,1,1,1,1,0,0,0,0,0,0,158
489,488,1,1,1,1,0,0,1,0,1,1,1,0,111,158
489,491,1,1,1,1,1,1,1,0,0,0,0,0,0,158
489,493,1,1,1,1,1,1,1,0,0,0,0,0,0,158
489,481,1,1,1,1,1,1,1,0,0,0,0,0,55,158
489,505,1,1,1,1,1,1,1,0,0,0,0,0,0,158
489,457,1,0,0,1,0,0,0,0,0,0,0,0,98,158
489,425,1,1,1,1,1,1,1,0,0,0,0,0,92,158
489,361,1,1,1,1,0,0,1,0,1,1,1,0,55,158
489,233,1,1,1,1,1,1,1,0,0,0,0,0,111,158
489,490,2,1,1,1,0,0,1,0,1,1,1,0,111,158
489,492,2,1,1,1,0,0,1,0,1,1,1,0,111,158
489,480,2,0,0,1,0,0,0,0,0,0,0,0,116,158
489,504,2,1,1,1,0,0,1,0,1,1,1,0,111,158
489,456,2,0,0,1,0,0,0,0,0,0,0,0,118,158
489,424,2,1,1,1,0,0,1,0,1,1,1,0,132,158
489,360,2,1,1,1,0,0,1,0,1,1,1,0,115,158
489,232,2,1,1,1,0,0,1,0,1,1,1,0,133,158
489,495,2,1,1,1,1,1,1,0,0,0,0,0,0,158
489,483,2,1,1,1,1,1,1,0,0,0,0,0,55,158
489,507,2,1,1,1,1,1,1,0,0,0,0,0,0,158
489,459,2,1,0,1,0,0,0,0,0,0,0,0,98,158
489,427,2,1,1,1,1,1,1,0,0,0,0,0,92,158
489,363,2,1,1,1,0,0,1,0,1,1,1,0,55,158
489,235,2,1,1,1,1,1,1,0,0,0,0,0,111,158
489,485,2,1,1,1,1,1,1,0,0,0,0,0,55,158
489,509,2,1,1,1,1,1,1,0,0,0,0,0,0,158
489,461,2,1,0,1,0,0,0,0,0,0,0,0,98,158
489,429,2,1,1,1,1,1,1,0,0,0,0,0,92,158
489,365,2,1,1,1,0,0,1,0,1,1,1,0,55,158
489,237,2,1,1,1,1,1,1,0,0,0,0,0,111,158
489,497,2,1,1,1,1,1,1,0,0,0,0,0,55,158
489,449,2,0,0,1,0,0,0,0,0,0,0,0,102,158
489,417,2,1,1,1,1,1,1,0,0,0,0,0,96,158
489,353,2,1,1,1,0,0,1,0,1,1,1,0,58,158
489,225,2,1,1,1,1,1,1,0,0,0,0,0,115,158
489,473,2,1,0,1,0,0,0,0,0,0,0,0,98,158
489,441,2,1,1,1,1,1,1,0,0,0,0,0,92,158
489,377,2,1,1,1,0,0,1,0,1,1,1,0,55,158
489,249,2,1,1,1,1,1,1,0,0,0,0,0,111,158
489,393,2,0,0,1,0,0,0,0,0,0,0,0,126,158
489,329,2,0,0,1,0,0,0,0,0,0,0,0,103,158
489,201,2,0,0,1,0,0,0,0,0,0,0,0,118,158
489,297,2,1,1,1,0,0,1,0,1,1,1,0,96,158
489,169,2,1,1,1,1,1,1,0,0,0,0,0,132,158
489,105,2,1,1,1,0,0,1,0,1,1,1,0,116,158
490,490,0,1,1,1,1,1,1,0,0,0,0,0,0,111
490,491,1,1,1,1,1,1,1,0,0,0,0,0,0,111
490,488,1,1,1,1,0,0,1,0,1,1,1,0,74,111
490,494,1,1,1,1,1,1,1,0,0,0,0,0,0,111
490,482,1,1,1,1,1,1,1,0,0,0,0,0,42,111
490,506,1,1,1,1,1,1,1,0,0,0,0,0,0,111
490,458,1,1,1,1,1,1,1,0,0,0,0,0,42,111
490,426,1,1,1,1,1,1,1,0,0,0,0,0,67,111
490,362,1,1,1,1,0,0,1,0,1,1,1,0,22,111
490,234,1,1,1,1,1,1,1,0,0,0,0,0,67,111
490,489,2,1,1,1,0,0,1,0,1,1,1,0,74,111
490,495,2,1,1,1,1,1,1,0,0,0,0,0,0,111
490,483,2,1,1,1,1,1,1,0,0,0,0,0,42,111
490,507,2,1,1,1,1,1,1,0,0,0,0,0,0,111
490,459,2,1,1,1,1,1,1,0,0,0,0,0,42,111
490,427,2,1,1,1,1,1,1,0,0,0,0,0,67,111
490,363,2,1,1,1,0,0,1,0,1,1,1,0,22,111
490,235,2,1,1,1,1,1,1,0,0,0,0,0,67,111
490,492,2,1,1,1,0,0,1,0,1,1,1,0,74,111
490,480,2,0,0,1,0,0,0,0,0,0,0,0,78,111
490,504,2,1,1,1,0,0,1,0,1,1,1,0,74,111
490,456,2,0,0,1,0,0,0,0,0,0,0,0,78,111
490,424,2,1,1,1,0,0,1,0,1,1,1,0,91,111
490,360,2,1,1,1,0,0,1,0,1,1,1,0,76,111
490,232,2,1,1,1,0,0,1,0,1,1,1,0,91,111
490,486,2,1,1,1,1,1,1,0,0,0,0,0,42,111
490,510,2,1,1,1,1,1,1,0,0,0,0,0,0,111
490,462,2,1,1,1,1,1,1,0,0,0,0,0,42,111
490,430,2,1,1,1,1,1,1,0,0,0,0,0,67,111
490,366,2,1,1,1,0,0,1,0,1,1,1,0,22,111
490,238,2,1,1,1,1,1,1,0,0,0,0,0,67,111
490,498,2,1,1,1,1,1,1,0,0,0,0,0,42,111
490,450,2,1,1,1,1,1,1,0,0,0,0,0,57,111
490,418,2,1,1,1,1,1,1,0,0,0,0,0,71,111
490,354,2,1,1,1,0,0,1,0,1,1,1,0,44,111
490,226,2,1,1,1,1,1,1,0,0,0,0,0,77,111
490,474,2,1,1,1,1,1,1,0,0,0,0,0,42,111
490,442,2,1,1,1,1,1,1,0,0,0,0,0,67,111
490,378,2,1,1,1,0,0,1,0,1,1,1,0,22,111
490,250,2,1,1,1,1,1,1,0,0,0,0,0,67,111
490,394,2,1,1,1,1,1,1,0,0,0,0,0,77,111
490,330,2,1,1,1,0,0,1,0,1,1,1,0,44,111
490,202,2,1,1,1,1,1,1,0,0,0,0,0,71,111
490,298,2,1,1,1,0,0,1,0,1,1,1,0,70,111
490,170,2,1,1,1,1,1,1,0,0,0,0,0,90,111
490,106,2,1,1,1,0,0,1,0,1,1,1,0,70,111
491,491,0,1,1,1,1,1,1,0,0,0,0,0,0,159
491,490,1,1,1,1,1,1,1,0,0,0,0,0,111,159
491,489,1,1,1,1,0,0,1,0,1,1,1,0,98,159
491,495,1,1,1,1,1,1,1,0,0,0,0,0,0,159
491,483,1,1,1,1,1,1,1,0,0,0,0,0,55,159
491,507,1,1,1,1,1,1,1,0,0,0,0,0,0,159
491,459,1,1,1,1,1,1,1,0,0,0,0,0,98,159
491,427,1,1,1,1,1,1,1,0,0,0,0,0,92,159
491,363,1,1,1,1,0,0,1,0,1,1,1,0,55,159
491,235,1,1,1,1,1,1,1,0,0,0,0,0,111,159
491,488,2,1,1,1,0,0,1,0,1,1,1,0,118,159
491,494,2,1,1,1,1,1,1,0,0,0,0,0,111,159
491,482,2,1,1,1,1,1,1,0,0,0,0,0,116,159
491,506,2,1,1,1,1,1,1,0,0,0,0,0,111,159
491,458,2,1,1,1,1,1,1,0,0,0,0,0,118,159
491,426,2,1,1,1,1,1,1,0,0,0,0,0,132,159
491,362,2,1,1,1,0,0,1,0,1,1,1,0,115,159
491,234,2,1,1,1,1,1,1,0,0,0,0,0,133,159
491,493,2,1,1,1,0,0,1,0,1,1,1,0,98,159
491,481,2,1,1,1,0,0,1,0,1,1,1,0,103,159
491,505,2,1,1,1,0,0,1,0,1,1,1,0,98,159
491,457,2,0,0,1,0,0,0,0,0,0,0,0,104,159
491,425,2,1,1,1,0,0,1,0,1,1,1,0,126,159
491,361,2,1,1,1,0,0,1,0,1,1,1,0,102,159
491,233,2,1,1,1,0,0,1,0,1,1,1,0,118,159
491,487,2,1,1,1,1,1,1,0,0,0,0,0,55,159
491,511,2,1,1,1,1,1,1,0,0,0,0,0,0,159
491,463,2,1,1,1,1,1,1,0,0,0,0,0,98,159
491,431,2,1,1,1,1,1,1,0,0,0,0,0,92,159
491,367,2,1,1,1,0,0,1,0,1,1,1,0,55,159
491,239,2,1,1,1,1,1,1,0,0,0,0,0,111,159
491,499,2,1,1,1,1,1,1,0,0,0,0,0,55,159
491,451,2,1,1,1,1,1,1,0,0,0,0,0,102,159
491,419,2,1,1,1,1,1,1,0,0,0,0,0,96,159
491,355,2,1,1,1,0,0,1,0,1,1,1,0,58,159
491,227,2,1,1,1,1,1,1,0,0,0,0,0,115,159
491,475,2,1,1,1,1,1,1,0,0,0,0,0,98,159
491,443,2,1,1,1,1,1,1,0,0,0,0,0,92,159
491,379,2,1,1,1,0,0,1,0,1,1,1,0,55,159
491,251,2,1,1,1,1,1,1,0,0,0,0,0,111,159
491,395,2,1,1,1,1,1,1,0,0,0,0,0,126,159
491,331,2,1,1,1,0,0,1,0,1,1,1,0,103,159
491,203,2,1,1,1,1,1,1,0,0,0,0,0,118,159
491,299,2,1,1,1,0,0,1,0,1,1,1,0,96,159
491,171,2,1,1,1,1,1,1,0,0,0,0,0,132,159
491,107,2,1,1,1,0,0,1,0,1,1,1,0,116,159
492,492,0,1,1,1,1,1,1,0,0,0,0,0,0,158
492,493,1,1,1,1,1,1,1,0,0,0,0,0,0,158
492,494,1,1,1,1,1,1,1,0,0,0,0,0,0,158
492,488,1,1,1,1,0,0,1,0,1,1,1,0,111,158
492,484,1,0,0,1,0,0,0,0,0,0,0,0,98,158
492,508,1,1,1,1,1,1,1,0,0,0,0,0,0,158
492,460,1,1,1,1,1,1,1,0,0,0,0,0,55,158
492,428,1,1,1,1,1,1,1,0,0,0,0,0,111,158
492,364,1,1,1,1,0,0,1,0,1,1,1,0,55,158
492,236,1,1,1,1,1,1,1,0,0,0,0,0,92,158
492,495,2,1,1,1,1,1,1,0,0,0,0,0,0,158
492,489,2,1,1,1,0,0,1,0,1,1,1,0,111,158
492,485,2,1,0,1,0,0,0,0,0,0,0,0,98,158
492,509,2,1,1,1,1,1,1,0,0,0,0,0,0,158
492,461,2,1,1,1,1,1,1,0,0,0,0,0,55,158
492,429,2,1,1,1,1,1,1,0,0,0,0,0,111,158
492,365,2,1,1,1,0,0,1,0,1,1,1,0,55,158
492,237,2,1,1,1,1,1,1,0,0,0,0,0,92,158
492,490,2,1,1,1,0,0,1,0,1,1,1,0,111,158
492,486,2,1,0,1,0,0,0,0,0,0,0,0,98,158
492,510,2,1,1,1,1,1,1,0,0,0,0,0,0,158
492,462,2,1,1,1,1,1,1,0,0,0,0,0,55,158
492,430,2,1,1,1,1,1,1,0,0,0,0,0,111,158
492,366,2,1,1,1,0,0,1,0,1,1,1,0,55,158
492,238,2,1,1,1,1,1,1,0,0,0,0,0,92,158
492,480,2,0,0,1,0,0,0,0,0,0,0,0,118,158
492,504,2,1,1,1,0,0,1,0,1,1,1,0,111,158
492,456,2,0,0,1,0,0,0,0,0,0,0,0,116,158
492,424,2,1,1,1,0,0,1,0,1,1,1,0,133,158
492,360,2,1,1,1,0,0,1,0,1,1,1,0,115,158
492,232,2,1,1,1,0,0,1,0,1,1,1,0,132,158
492,500,2,1,0,1,0,0,0,0,0,0,0,0,98,158
492,452,2,0,0,1,0,0,0,0,0,0,0,0,102,158
492,420,2,0,0,1,0,0,0,0,0,0,0,0,118,158
492,356,2,0,0,1,0,0,0,0,0,0,0,0,103,158
492,228,2,0,0,1,0,0,0,0,0,0,0,0,126,158
492,476,2,1,1,1,1,1,1,0,0,0,0,0,55,158
492,444,2,1,1,1,1,1,1,0,0,0,0,0,111,158
492,380,2,1,1,1,0,0,1,0,1,1,1,0,55,158
492,252,2,1,1,1,1,1,1,0,0,0,0,0,92,158
492,396,2,1,1,1,1,1,1,0,0,0,0,0,115,158
492,332,2,1,1,1,0,0,1,0,1,1,1,0,58,158
492,204,2,1,1,1,1,1,1,0,0,0,0,0,96,158
492,300,2,1,1,1,0,0,1,0,1,1,1,0,116,158
492,172,2,1,1,1,1,1,1,0,0,0,0,0,132,158
492,108,2,1,1,1,0,0,1,0,1,1,1,0,96,158
493,493,0,1,1,1,1,1,1,0,0,0,0,0,0,223
493,492,1,1,1,1,0,0,1,0,1,1,1,0,150,223
493,495,1,1,1,1,1,1,1,0,0,0,0,0,0,223
493,489,1,1,1,1,0,0,1,0,1,1,1,0,150,223
493,485,1,1,1,1,1,1,1,0,0,0,0,0,126,223
493,509,1,1,1,1,1,1,1,0,0,0,0,0,0,223
493,461,1,1,1,1,1,1,1,0,0,0,0,0,126,223
493,429,1,1,1,1,1,1,1,0,0,0,0,0,150,223
493,365,1,1,1,1,0,0,1,0,1,1,1,0,126,223
493,237,1,1,1,1,1,1,1,0,0,0,0,0,150,223
493,494,2,1,1,1,0,0,1,0,1,1,1,0,150,223
493,488,2,1,1,1,0,0,1,0,1,1,1,0,174,223
493,484,2,0,0,1,0,0,0,0,0,0,0,0,157,223
493,508,2,1,1,1,0,0,1,0,1,1,1,0,150,223
493,460,2,1,1,1,0,0,1,0,1,1,1,0,158,223
493,428,2,1,1,1,0,0,1,0,1,1,1,0,174,223
493,364,2,1,1,1,0,0,1,0,1,1,1,0,158,223
493,236,2,1,1,1,0,0,1,0,1,1,1,0,184,223
493,491,2,1,1,1,0,0,1,0,1,1,1,0,150,223
493,487,2,1,1,1,1,1,1,0,0,0,0,0,126,223
493,511,2,1,1,1,1,1,1,0,0,0,0,0,0,223
493,463,2,1,1,1,1,1,1,0,0,0,0,0,126,223
493,431,2,1,1,1,1,1,1,0,0,0,0,0,150,223
493,367,2,1,1,1,0,0,1,0,1,1,1,0,126,223
493,239,2,1,1,1,1,1,1,0,0,0,0,0,150,223
493,481,2,1,1,1,0,0,1,0,1,1,1,0,158,223
493,505,2,1,1,1,0,0,1,0,1,1,1,0,150,223
493,457,2,0,0,1,0,0,0,0,0,0,0,0,157,223
493,425,2,1,1,1,0,0,1,0,1,1,1,0,184,223
493,361,2,1,1,1,0,0,1,0,1,1,1,0,158,223
493,233,2,1,1,1,0,0,1,0,1,1,1,0,174,223
493,501,2,1,1,1,1,1,1,0,0,0,0,0,126,223
493,453,2,1,1,1,1,1,1,0,0,0,0,0,132,223
493,421,2,1,1,1,1,1,1,0,0,0,0,0,157,223
493,357,2,1,1,1,0,0,1,0,1,1,1,0,133,223
493,229,2,1,1,1,1,1,1,0,0,0,0,0,158,223
493,477,2,1,1,1,1,1,1,0,0,0,0,0,126,223
493,445,2,1,1,1,1,1,1,0,0,0,0,0,150,223
493,381,2,1,1,1,0,0,1,0,1,1,1,0,126,223
493,253,2,1,1,1,1,1,1,0,0,0,0,0,150,223
493,397,2,1,1,1,1,1,1,0,0,0,0,0,158,223
493,333,2,1,1,1,0,0,1,0,1,1,1,0,133,223
493,205,2,1,1,1,1,1,1,0,0,0,0,0,157,223
493,301,2,1,1,1,0,0,1,0,1,1,1,0,157,223
493,173,2,1,1,1,1,1,1,0,0,0,0,0,174,223
493,109,2,1,1,1,0,0,1,0,1,1,1,0,157,223
494,494,0,1,1,1,1,1,1,0,0,0,0,0,0,159
494,495,1,1,1,1,1,1,1,0,0,0,0,0,0,159
494,492,1,1,1,1,0,0,1,0,1,1,1,0,98,159
494,490,1,1,1,1,1,1,1,0,0,0,0,0,111,159
494,486,1,1,1,1,1,1,1,0,0,0,0,0,98,159
494,510,1,1,1,1,1,1,1,0,0,0,0,0,0,159
494,462,1,1,1,1,1,1,1,0,0,0,0,0,55,159
494,430,1,1,1,1,1,1,1,0,0,0,0,0,111,159
494,366,1,1,1,1,0,0,1,0,1,1,1,0,55,159
494,238,1,1,1,1,1,1,1,0,0,0,0,0,92,159
494,493,2,1,1,1,0,0,1,0,1,1,1,0,98,159
494,491,2,1,1,1,1,1,1,0,0,0,0,0,111,159
494,487,2,1,1,1,1,1,1,0,0,0,0,0,98,159
494,511,2,1,1,1,1,1,1,0,0,0,0,0,0,159
494,463,2,1,1,1,1,1,1,0,0,0,0,0,55,159
494,431,2,1,1,1,1,1,1,0,0,0,0,0,111,159
494,367,2,1,1,1,0,0,1,0,1,1,1,0,55,159
494,239,2,1,1,1,1,1,1,0,0,0,0,0,92,159
494,488,2,1,1,1,0,0,1,0,1,1,1,0,118,159
494,484,2,0,0,1,0,0,0,0,0,0,0,0,104,159
494,508,2,1,1,1,0,0,1,0,1,1,1,0,98,159
494,460,2,1,1,1,0,0,1,0,1,1,1,0,103,159
494,428,2,1,1,1,0,0,1,0,1,1,1,0,118,159
494,364,2,1,1,1,0,0,1,0,1,1,1,0,102,159
494,236,2,1,1,1,0,0,1,0,1,1,1,0,126,159
494,482,2,1,1,1,1,1,1,0,0,0,0,0,118,159
494,506,2,1,1,1,1,1,1,0,0,0,0,0,111,159
494,458,2,1,1,1,1,1,1,0,0,0,0,0,116,159
494,426,2,1,1,1,1,1,1,0,0,0,0,0,133,159
494,362,2,1,1,1,0,0,1,0,1,1,1,0,115,159
494,234,2,1,1,1,1,1,1,0,0,0,0,0,132,159
494,502,2,1,1,1,1,1,1,0,0,0,0,0,98,159
494,454,2,1,1,1,1,1,1,0,0,0,0,0,102,159
494,422,2,1,1,1,1,1,1,0,0,0,0,0,118,159
494,358,2,1,1,1,0,0,1,0,1,1,1,0,103,159
494,230,2,1,1,1,1,1,1,0,0,0,0,0,126,159
494,478,2,1,1,1,1,1,1,0,0,0,0,0,55,159
494,446,2,1,1,1,1,1,1,0,0,0,0,0,111,159
494,382,2,1,1,1,0,0,1,0,1,1,1,0,55,159
494,254,2,1,1,1,1,1,1,0,0,0,0,0,92,159
494,398,2,1,1,1,1,1,1,0,0,0,0,0,115,159
494,334,2,1,1,1,0,0,1,0,1,1,1,0,58,159
494,206,2,1,1,1,1,1,1,0,0,0,0,0,96,159
494,302,2,1,1,1,0,0,1,0,1,1,1,0,116,159
494,174,2,1,1,1,1,1,1,0,0,0,0,0,132,159
494,110,2,1,1,1,0,0,1,0,1,1,1,0,96,159
495,495,0,1,1,1,1,1,1,0,0,0,0,0,0,224
495,494,1,1,1,1,1,1,1,0,0,0,0,0,150,224
495,493,1,1,1,1,0,0,1,0,1,1,1,0,126,224
495,491,1,1,1,1,1,1,1,0,0,0,0,0,150,224
495,487,1,1,1,1,1,1,1,0,0,0,0,0,126,224
495,511,1,1,1,1,1,1,1,0,0,0,0,0,0,224
495,463,1,1,1,1,1,1,1,0,0,0,0,0,126,224
495,431,1,1,1,1,1,1,1,0,0,0,0,0,150,224
495,367,1,1,1,1,0,0,1,0,1,1,1,0,126,224
495,239,1,1,1,1,1,1,1,0,0,0,0,0,150,224
495,492,2,1,1,1,0,0,1,0,1,1,1,0,157,224
495,490,2,1,1,1,1,1,1,0,0,0,0,0,174,224
495,486,2,1,1,1,1,1,1,0,0,0,0,0,157,224
495,510,2,1,1,1,1,1,1,0,0,0,0,0,150,224
495,462,2,1,1,1,1,1,1,0,0,0,0,0,158,224
495,430,2,1,1,1,1,1,1,0,0,0,0,0,174,224
495,366,2,1,1,1,0,0,1,0,1,1,1,0,158,224
495,238,2,1,1,1,1,1,1,0,0,0,0,0,184,224
495,489,2,1,1,1,0,0,1,0,1,1,1,0,157,224
495,485,2,1,1,1,0,0,1,0,1,1,1,0,133,224
495,509,2,1,1,1,0,0,1,0,1,1,1,0,126,224
495,461,2,1,1,1,0,0,1,0,1,1,1,0,133,224
495,429,2,1,1,1,0,0,1,0,1,1,1,0,158,224
495,365,2,1,1,1,0,0,1,0,1,1,1,0,132,224
495,237,2,1,1,1,0,0,1,0,1,1,1,0,158,224
495,483,2,1,1,1,1,1,1,0,0,0,0,0,158,224
495,507,2,1,1,1,1,1,1,0,0,0,0,0,150,224
495,459,2,1,1,1,1,1,1,0,0,0,0,0,157,224
495,427,2,1,1,1,1,1,1,0,0,0,0,0,184,224
495,363,2,1,1,1,0,0,1,0,1,1,1,0,158,224
495,235,2,1,1,1,1,1,1,0,0,0,0,0,174,224
495,503,2,1,1,1,1,1,1,0,0,0,0,0,126,224
495,455,2,1,1,1,1,1,1,0,0,0,0,0,132,224
495,423,2,1,1,1,1,1,1,0,0,0,0,0,157,224
495,359,2,1,1,1,0,0,1,0,1,1,1,0,133,224
495,231,2,1,1,1,1,1,1,0,0,0,0,0,158,224
495,479,2,1,1,1,1,1,1,0,0,0,0,0,126,224
495,447,2,1,1,1,1,1,1,0,0,0,0,0,150,224
495,383,2,1,1,1,0,0,1,0,1,1,1,0,126,224
495,255,2,1,1,1,1,1,1,0,0,0,0,0,150,224
495,399,2,1,1,1,1,1,1,0,0,0,0,0,158,224
495,335,2,1,1,1,0,0,1,0,1,1,1,0,133,224
495,207,2,1,1,1,1,1,1,0,0,0,0,0,157,224
495,303,2,1,1,1,0,0,1,0,1,1,1,0,157,224
495,175,2,1,1,1,1,1,1,0,0,0,0,0,174,224
495,111,2,1,1,1,0,0,1,0,1,1,1,0,157,224
496,496,0,1,1,1,1,1,1,0,0,0,0,0,0,45
496,497,1,1,1,1,1,1,1,0,0,0,0,0,0,45
496,498,1,1,1,1,1,1,1,0,0,0,0,0,0,45
496,500,1,1,1,1,1,1,1,0,0,0,0,0,0,45
496,504,1,1,1,1,1,1,1,0,0,0,0,0,0,45
496,480,1,0,0,1,0,0,0,0,0,0,0,0,6,45
496,464,1,1,1,1,1,1,1,0,0,0,0,0,16,45
496,432,1,1,1,1,1,1,1,0,0,0,0,0,21,45
496,368,1,1,1,1,1,1,1,0,0,0,0,0,6,45
496,240,1,1,1,1,1,1,1,0,0,0,0,0,16,45
496,499,2,1,1,1,1,1,1,0,0,0,0,0,0,45
496,501,2,1,1,1,1,1,1,0,0,0,0,0,0,45
496,505,2,1,1,1,1,1,1,0,0,0,0,0,0,45
496,481,2,1,0,1,0,0,0,0,0,0,0,0,6,45
496,465,2,1,1,1,1,1,1,0,0,0,0,0,16,45
496,433,2,1,1,1,1,1,1,0,0,0,0,0,21,45
496,369,2,1,1,1,1,1,1,0,0,0,0,0,6,45
496,241,2,1,1,1,1,1,1,0,0,0,0,0,16,45
496,502,2,1,1,1,1,1,1,0,0,0,0,0,0,45
496,506,2,1,1,1,1,1,1,0,0,0,0,0,0,45
496,482,2,1,0,1,0,0,0,0,0,0,0,0,6,45
496,466,2,1,1,1,1,1,1,0,0,0,0,0,16,45
496,434,2,1,1,1,1,1,1,0,0,0,0,0,21,45
496,370,2,1,1,1,1,1,1,0,0,0,0,0,6,45
496,242,2,1,1,1,1,1,1,0,0,0,0,0,16,45
496,508,2,1,1,1,1,1,1,0,0,0,0,0,0,45
496,484,2,0,0,1,0,0,0,0,0,0,0,0,6,45
496,468,2,1,1,1,1,1,1,0,0,0,0,0,16,45
496,436,2,1,1,1,1,1,1,0,0,0,0,0,21,45
496,372,2,1,1,1,1,1,1,0,0,0,0,0,6,45
496,244,2,1,1,1,1,1,1,0,0,0,0,0,16,45
496,488,2,1,0,1,0,0,0,0,0,0,0,0,6,45
496,472,2,1,1,1,1,1,1,0,0,0,0,0,16,45
496,440,2,1,1,1,1,1,1,0,0,0,0,0,21,45
496,376,2,1,1,1,1,1,1,0,0,0,0,0,6,45
496,248,2,1,1,1,1,1,1,0,0,0,0,0,16,45
496,448,2,0,0,1,0,0,0,0,0,0,0,0,22,45
496,416,2,0,0,1,0,0,0,0,0,0,0,0,27,45
496,352,2,0,0,1,0,0,0,0,0,0,0,0,12,45
496,224,2,0,0,1,0,0,0,0,0,0,0,0,22,45
496,400,2,1,1,1,1,1,1,0,0,0,0,0,27,45
496,336,2,1,1,1,1,1,1,0,0,0,0,0,17,45
496,208,2,1,1,1,1,1,1,0,0,0,0,0,27,45
496,304,2,1,1,1,1,1,1,0,0,0,0,0,22,45
496,176,2,1,1,1,1,1,1,0,0,0,0,0,27,45
496,112,2,1,1,1,1,1,1,0,0,0,0,0,17,45
497,497,0,1,1,1,1,1,1,0,0,0,0,0,0,158
497,496,1,1,1,1,1,1,1,0,0,0,0,0,111,158
497,499,1,1,1,1,1,1,1,0,0,0,0,0,0,158
497,501,1,1,1,1,1,1,1,0,0,0,0,0,0,158
497,505,1,1,1,1,1,1,1,0,0,0,0,0,0,158
497,481,1,1,1,1,0,0,1,0,1,1,1,0,9,158
497,465,1,1,1,1,1,1,1,0,0,0,0,0,98,158
497,433,1,1,1,1,1,1,1,0,0,0,0,0,92,158
497,369,1,1,1,1,1,1,1,0,0,0,0,0,55,158
497,241,1,1,1,1,1,1,1,0,0,0,0,0,111,158
497,498,2,1,1,1,1,1,1,0,0,0,0,0,111,158
497,500,2,1,1,1,1,1,1,0,0,0,0,0,111,158
497,504,2,1,1,1,1,1,1,0,0,0,0,0,111,158
497,480,2,0,0,1,0,0,0,0,0,0,0,0,113,158
497,464,2,1,1,1,1,1,1,0,0,0,0,0,118,158
497,432,2,1,1,1,1,1,1,0,0,0,0,0,132,158
497,368,2,1,1,1,1,1,1,0,0,0,0,0,115,158
497,240,2,1,1,1,1,1,1,0,0,0,0,0,133,158
497,503,2,1,1,1,1,1,1,0,0,0,0,0,0,158
497,507,2,1,1,1,1,1,1,0,0,0,0,0,0,158
497,483,2,1,1,1,0,0,1,0,1,1,1,0,9,158
497,467,2,1,1,1,1,1,1,0,0,0,0,0,98,158
497,435,2,1,1,1,1,1,1,0,0,0,0,0,92,158
497,371,2,1,1,1,1,1,1,0,0,0,0,0,55,158
497,243,2,1,1,1,1,1,1,0,0,0,0,0,111,158
497,509,2,1,1,1,1,1,1,0,0,0,0,0,0,158
497,485,2,1,1,1,0,0,1,0,1,1,1,0,9,158
497,469,2,1,1,1,1,1,1,0,0,0,0,0,98,158
497,437,2,1,1,1,1,1,1,0,0,0,0,0,92,158
497,373,2,1,1,1,1,1,1,0,0,0,0,0,55,158
497,245,2,1,1,1,1,1,1,0,0,0,0,0,111,158
497,489,2,1,1,1,0,0,1,0,1,1,1,0,9,158
497,473,2,1,1,1,1,1,1,0,0,0,0,0,98,158
497,441,2,1,1,1,1,1,1,0,0,0,0,0,92,158
497,377,2,1,1,1,1,1,1,0,0,0,0,0,55,158
497,249,2,1,1,1,1,1,1,0,0,0,0,0,111,158
497,449,2,0,0,1,0,0,0,0,0,0,0,0,99,158
497,417,2,1,1,1,0,0,1,0,1,1,1,0,94,158
497,353,2,1,1,1,0,0,1,0,1,1,1,0,56,158
497,225,2,1,1,1,0,0,1,0,1,1,1,0,113,158
497,401,2,1,1,1,1,1,1,0,0,0,0,0,126,158
497,337,2,1,1,1,1,1,1,0,0,0,0,0,103,158
497,209,2,1,1,1,1,1,1,0,0,0,0,0,118,158
497,305,2,1,1,1,1,1,1,0,0,0,0,0,96,158
497,177,2,1,1,1,1,1,1,0,0,0,0,0,132,158
497,113,2,1,1,1,1,1,1,0,0,0,0,0,116,158
498,498,0,1,1,1,1,1,1,0,0,0,0,0,0,111
498,499,1,1,1,1,1,1,1,0,0,0,0,0,0,111
498,496,1,1,1,1,1,1,1,0,0,0,0,0,74,111
498,502,1,1,1,1,1,1,1,0,0,0,0,0,0,111
498,506,1,1,1,1,1,1,1,0,0,0,0,0,0,111
498,482,1,1,1,1,0,0,1,0,1,1,1,0,8,111
498,466,1,1,1,1,1,1,1,0,0,0,0,0,42,111
498,434,1,1,1,1,1,1,1,0,0,0,0,0,67,111
498,370,1,1,1,1,1,1,1,0,0,0,0,0,22,111
498,242,1,1,1,1,1,1,1,0,0,0,0,0,67,111
498,497,2,1,1,1,1,1,1,0,0,0,0,0,74,111
498,503,2,1,1,1,1,1,1,0,0,0,0,0,0,111
498,507,2,1,1,1,1,1,1,0,0,0,0,0,0,111
498,483,2,1,1,1,0,0,1,0,1,1,1,0,8,111
498,467,2,1,1,1,1,1,1,0,0,0,0,0,42,111
498,435,2,1,1,1,1,1,1,0,0,0,0,0,67,111
498,371,2,1,1,1,1,1,1,0,0,0,0,0,22,111
498,243,2,1,1,1,1,1,1,0,0,0,0,0,67,111
498,500,2,1,1,1,1,1,1,0,0,0,0,0,74,111
498,504,2,1,1,1,1,1,1,0,0,0,0,0,74,111
498,480,2,0,0,1,0,0,0,0,0,0,0,0,75,111
498,464,2,1,1,1,1,1,1,0,0,0,0,0,78,111
498,432,2,1,1,1,1,1,1,0,0,0,0,0,91,111
498,368,2,1,1,1,1,1,1,0,0,0,0,0,76,111
498,240,2,1,1,1,1,1,1,0,0,0,0,0,91,111
498,510,2,1,1,1,1,1,1,0,0,0,0,0,0,111
498,486,2,1,1,1,0,0,1,0,1,1,1,0,8,111
498,470,2,1,1,1,1,1,1,0,0,0,0,0,42,111
498,438,2,1,1,1,1,1,1,0,0,0,0,0,67,111
498,374,2,1,1,1,1,1,1,0,0,0,0,0,22,111
498,246,2,1,1,1,1,1,1,0,0,0,0,0,67,111
498,490,2,1,1,1,0,0,1,0,1,1,1,0,8,111
498,474,2,1,1,1,1,1,1,0,0,0,0,0,42,111
498,442,2,1,1,1,1,1,1,0,0,0,0,0,67,111
498,378,2,1,1,1,1,1,1,0,0,0,0,0,22,111
498,250,2,1,1,1,1,1,1,0,0,0,0,0,67,111
498,450,2,1,1,1,0,0,1,0,1,1,1,0,43,111
498,418,2,1,1,1,0,0,1,0,1,1,1,0,69,111
498,354,2,1,1,1,0,0,1,0,1,1,1,0,23,111
498,226,2,1,1,1,0,0,1,0,1,1,1,0,69,111
498,402,2,1,1,1,1,1,1,0,0,0,0,0,77,111
498,338,2,1,1,1,1,1,1,0,0,0,0,0,44,111
498,210,2,1,1,1,1,1,1,0,0,0,0,0,71,111
498,306,2,1,1,1,1,1,1,0,0,0,0,0,70,111
498,178,2,1,1,1,1,1,1,0,0,0,0,0,90,111
498,114,2,1,1,1,1,1,1,0,0,0,0,0,70,111
499,499,0,1,1,1,1,1,1,0,0,0,0,0,0,159
499,498,1,1,1,1,1,1,1,0,0,0,0,0,111,159
499,497,1,1,1,1,1,1,1,0,0,0,0,0,98,159
499,503,1,1,1,1,1,1,1,0,0,0,0,0,0,159
499,507,1,1,1,1,1,1,1,0,0,0,0,0,0,159
499,483,1,1,1,1,0,0,1,0,1,1,1,0,9,159
499,467,1,1,1,1,1,1,1,0,0,0,0,0,98,159
499,435,1,1,1,1,1,1,1,0,0,0,0,0,92,159
499,371,1,1,1,1,1,1,1,0,0,0,0,0,55,159
499,243,1,1,1,1,1,1,1,0,0,0,0,0,111,159
499,496,2,1,1,1,1,1,1,0,0,0,0,0,118,159
499,502,2,1,1,1,1,1,1,0,0,0,0,0,111,159
499,506,2,1,1,1,1,1,1,0,0,0,0,0,111,159
499,482,2,1,1,1,0,0,1,0,1,1,1,0,113,159
499,466,2,1,1,1,1,1,1,0,0,0,0,0,118,159
499,434,2,1,1,1,1,1,1,0,0,0,0,0,132,159
499,370,2,1,1,1,1,1,1,0,0,0,0,0,115,159
499,242,2,1,1,1,1,1,1,0,0,0,0,0,133,159
499,501,2,1,1,1,1,1,1,0,0,0,0,0,98,159
499,505,2,1,1,1,1,1,1,0,0,0,0,0,98,159
499,481,2,1,1,1,0,0,1,0,1,1,1,0,99,159
499,465,2,1,1,1,1,1,1,0,0,0,0,0,104,159
499,433,2,1,1,1,1,1,1,0,0,0,0,0,126,159
499,369,2,1,1,1,1,1,1,0,0,0,0,0,102,159
499,241,2,1,1,1,1,1,1,0,0,0,0,0,118,159
499,511,2,1,1,1,1,1,1,0,0,0,0,0,0,159
499,487,2,1,1,1,0,0,1,0,1,1,1,0,9,159
499,471,2,1,1,1,1,1,1,0,0,0,0,0,98,159
499,439,2,1,1,1,1,1,1,0,0,0,0,0,92,159
499,375,2,1,1,1,1,1,1,0,0,0,0,0,55,159
499,247,2,1,1,1,1,1,1,0,0,0,0,0,111,159
499,491,2,1,1,1,0,0,1,0,1,1,1,0,9,159
499,475,2,1,1,1,1,1,1,0,0,0,0,0,98,159
499,443,2,1,1,1,1,1,1,0,0,0,0,0,92,159
499,379,2,1,1,1,1,1,1,0,0,0,0,0,55,159
499,251,2,1,1,1,1,1,1,0,0,0,0,0,111,159
499,451,2,1,1,1,0,0,1,0,1,1,1,0,99,159
499,419,2,1,1,1,0,0,1,0,1,1,1,0,94,159
499,355,2,1,1,1,0,0,1,0,1,1,1,0,56,159
499,227,2,1,1,1,0,0,1,0,1,1,1,0,113,159
499,403,2,1,1,1,1,1,1,0,0,0,0,0,126,159
499,339,2,1,1,1,1,1,1,0,0,0,0,0,103,159
499,211,2,1,1,1,1,1,1,0,0,0,0,0,118,159
499,307,2,1,1,1,1,1,1,0,0,0,0,0,96,159
499,179,2,1,1,1,1,1,1,0,0,0,0,0,132,159
499,115,2,1,1,1,1,1,1,0,0,0,0,0,116,159
500,500,0,1,1,1,1,1,1,0,0,0,0,0,0,72
500,501,1,1,1,1,1,1,1,0,0,0,0,0,0,72
500,502,1,1,1,1,1,1,1,0,0,0,0,0,0,72
500,496,1,1,1,1,1,1,1,0,0,0,0,0,35,72
500,508,1,1,1,1,1,1,1,0,0,0,0,0,0,72
500,484,1,0,0,1,0,0,0,0,0,0,0,0,7,72
500,468,1,1,1,1,1,1,1,0,0,0,0,0,24,72
500,436,1,1,1,1,1,1,1,0,0,0,0,0,35,72
500,372,1,1,1,1,1,1,1,0,0,0,0,0,24,72
500,244,1,1,1,1,1,1,1,0,0,0,0,0,41,72
500,503,2,1,1,1,1,1,1,0,0,0,0,0,0,72
500,497,2,1,1,1,1,1,1,0,0,0,0,0,35,72
500,509,2,1,1,1,1,1,1,0,0,0,0,0,0,72
500,485,2,1,0,1,0,0,0,0,0,0,0,0,7,72
500,469,2,1,1,1,1,1,1,0,0,0,0,0,24,72
500,437,2,1,1,1,1,1,1,0,0,0,0,0,35,72
500,373,2,1,1,1,1,1,1,0,0,0,0,0,24,72
500,245,2,1,1,1,1,1,1,0,0,0,0,0,41,72
500,498,2,1,1,1,1,1,1,0,0,0,0,0,35,72
500,510,2,1,1,1,1,1,1,0,0,0,0,0,0,72
500,486,2,1,0,1,0,0,0,0,0,0,0,0,7,72
500,470,2,1,1,1,1,1,1,0,0,0,0,0,24,72
500,438,2,1,1,1,1,1,1,0,0,0,0,0,35,72
500,374,2,1,1,1,1,1,1,0,0,0,0,0,24,72
500,246,2,1,1,1,1,1,1,0,0,0,0,0,41,72
500,504,2,1,1,1,1,1,1,0,0,0,0,0,35,72
500,480,2,0,0,1,0,0,0,0,0,0,0,0,42,72
500,464,2,1,1,1,1,1,1,0,0,0,0,0,38,72
500,432,2,1,1,1,1,1,1,0,0,0,0,0,50,72
500,368,2,1,1,1,1,1,1,0,0,0,0,0,37,72
500,240,2,1,1,1,1,1,1,0,0,0,0,0,49,72
500,492,2,1,0,1,0,0,0,0,0,0,0,0,7,72
500,476,2,1,1,1,1,1,1,0,0,0,0,0,24,72
500,444,2,1,1,1,1,1,1,0,0,0,0,0,35,72
500,380,2,1,1,1,1,1,1,0,0,0,0,0,24,72
500,252,2,1,1,1,1,1,1,0,0,0,0,0,41,72
500,452,2,0,0,1,0,0,0,0,0,0,0,0,31,72
500,420,2,0,0,1,0,0,0,0,0,0,0,0,42,72
500,356,2,0,0,1,0,0,0,0,0,0,0,0,31,72
500,228,2,0,0,1,0,0,0,0,0,0,0,0,48,72
500,404,2,1,1,1,1,1,1,0,0,0,0,0,37,72
500,340,2,1,1,1,1,1,1,0,0,0,0,0,26,72
500,212,2,1,1,1,1,1,1,0,0,0,0,0,43,72
500,308,2,1,1,1,1,1,1,0,0,0,0,0,38,72
500,180,2,1,1,1,1,1,1,0,0,0,0,0,49,72
500,116,2,1,1,1,1,1,1,0,0,0,0,0,43,72
501,501,0,1,1,1,1,1,1,0,0,0,0,0,0,223
501,500,1,1,1,1,1,1,1,0,0,0,0,0,150,223
501,503,1,1,1,1,1,1,1,0,0,0,0,0,0,223
501,497,1,1,1,1,1,1,1,0,0,0,0,0,150,223
501,509,1,1,1,1,1,1,1,0,0,0,0,0,0,223
501,485,1,1,1,1,0,0,1,0,1,1,1,0,10,223
501,469,1,1,1,1,1,1,1,0,0,0,0,0,126,223
501,437,1,1,1,1,1,1,1,0,0,0,0,0,150,223
501,373,1,1,1,1,1,1,1,0,0,0,0,0,126,223
501,245,1,1,1,1,1,1,1,0,0,0,0,0,150,223
501,502,2,1,1,1,1,1,1,0,0,0,0,0,150,223
501,496,2,1,1,1,1,1,1,0,0,0,0,0,174,223
501,508,2,1,1,1,1,1,1,0,0,0,0,0,150,223
501,484,2,0,0,1,0,0,0,0,0,0,0,0,152,223
501,468,2,1,1,1,1,1,1,0,0,0,0,0,158,223
501,436,2,1,1,1,1,1,1,0,0,0,0,0,174,223
501,372,2,1,1,1,1,1,1,0,0,0,0,0,158,223
501,244,2,1,1,1,1,1,1,0,0,0,0,0,184,223
501,499,2,1,1,1,1,1,1,0,0,0,0,0,150,223
501,511,2,1,1,1,1,1,1,0,0,0,0,0,0,223
501,487,2,1,1,1,0,0,1,0,1,1,1,0,10,223
501,471,2,1,1,1,1,1,1,0,0,0,0,0,126,223
501,439,2,1,1,1,1,1,1,0,0,0,0,0,150,223
501,375,2,1,1,1,1,1,1,0,0,0,0,0,126,223
501,247,2,1,1,1,1,1,1,0,0,0,0,0,150,223
501,505,2,1,1,1,1,1,1,0,0,0,0,0,150,223
501,481,2,1,1,1,0,0,1,0,1,1,1,0,152,223
501,465,2,1,1,1,1,1,1,0,0,0,0,0,157,223
501,433,2,1,1,1,1,1,1,0,0,0,0,0,184,223
501,369,2,1,1,1,1,1,1,0,0,0,0,0,158,223
501,241,2,1,1,1,1,1,1,0,0,0,0,0,174,223
501,493,2,1,1,1,0,0,1,0,1,1,1,0,10,223
501,477,2,1,1,1,1,1,1,0,0,0,0,0,126,223
501,445,2,1,1,1,1,1,1,0,0,0,0,0,150,223
501,381,2,1,1,1,1,1,1,0,0,0,0,0,126,223
501,253,2,1,1,1,1,1,1,0,0,0,0,0,150,223
501,453,2,1,1,1,0,0,1,0,1,1,1,0,127,223
501,421,2,1,1,1,0,0,1,0,1,1,1,0,152,223
501,357,2,1,1,1,0,0,1,0,1,1,1,0,127,223
501,229,2,1,1,1,0,0,1,0,1,1,1,0,152,223
501,405,2,1,1,1,1,1,1,0,0,0,0,0,158,223
501,341,2,1,1,1,1,1,1,0,0,0,0,0,133,223
501,213,2,1,1,1,1,1,1,0,0,0,0,0,157,223
501,309,2,1,1,1,1,1,1,0,0,0,0,0,157,223
501,181,2,1,1,1,1,1,1,0,0,0,0,0,174,223
501,117,2,1,1,1,1,1,1,0,0,0,0,0,157,223
502,502,0,1,1,1,1,1,1,0,0,0,0,0,0,159
502,503,1,1,1,1,1,1,1,0,0,0,0,0,0,159
502,500,1,1,1,1,1,1,1,0,0,0,0,0,98,159
502,498,1,1,1,1,1,1,1,0,0,0,0,0,111,159
502,510,1,1,1,1,1,1,1,0,0,0,0,0,0,159
502,486,1,1,1,1,0,0,1,0,1,1,1,0,9,159
502,470,1,1,1,1,1,1,1,0,0,0,0,0,55,159
502,438,1,1,1,1,1,1,1,0,0,0,0,0,111,159
502,374,1,1,1,1,1,1,1,0,0,0,0,0,55,159
502,246,1,1,1,1,1,1,1,0,0,0,0,0,92,159
502,501,2,1,1,1,1,1,1,0,0,0,0,0,98,159
502,499,2,1,1,1,1,1,1,0,0,0,0,0,111,159
502,511,2,1,1,1,1,1,1,0,0,0,0,0,0,159
502,487,2,1,1,1,0,0,1,0,1,1,1,0,9,159
502,471,2,1,1,1,1,1,1,0,0,0,0,0,55,159
502,439,2,1,1,1,1,1,1,0,0,0,0,0,111,159
502,375,2,1,1,1,1,1,1,0,0,0,0,0,55,159
502,247,2,1,1,1,1,1,1,0,0,0,0,0,92,159
502,496,2,1,1,1,1,1,1,0,0,0,0,0,118,159
502,508,2,1,1,1,1,1,1,0,0,0,0,0,98,159
502,484,2,0,0,1,0,0,0,0,0,0,0,0,99,159
502,468,2,1,1,1,1,1,1,0,0,0,0,0,103,159
502,436,2,1,1,1,1,1,1,0,0,0,0,0,118,159
502,372,2,1,1,1,1,1,1,0,0,0,0,0,102,159
502,244,2,1,1,1,1,1,1,0,0,0,0,0,126,159
502,506,2,1,1,1,1,1,1,0,0,0,0,0,111,159
502,482,2,1,1,1,0,0,1,0,1,1,1,0,113,159
502,466,2,1,1,1,1,1,1,0,0,0,0,0,116,159
502,434,2,1,1,1,1,1,1,0,0,0,0,0,133,159
502,370,2,1,1,1,1,1,1,0,0,0,0,0,115,159
502,242,2,1,1,1,1,1,1,0,0,0,0,0,132,159
502,494,2,1,1,1,0,0,1,0,1,1,1,0,9,159
502,478,2,1,1,1,1,1,1,0,0,0,0,0,55,159
502,446,2,1,1,1,1,1,1,0,0,0,0,0,111,159
502,382,2,1,1,1,1,1,1,0,0,0,0,0,55,159
502,254,2,1,1,1,1,1,1,0,0,0,0,0,92,159
502,454,2,1,1,1,0,0,1,0,1,1,1,0,56,159
502,422,2,1,1,1,0,0,1,0,1,1,1,0,113,159
502,358,2,1,1,1,0,0,1,0,1,1,1,0,56,159
502,230,2,1,1,1,0,0,1,0,1,1,1,0,94,159
502,406,2,1,1,1,1,1,1,0,0,0,0,0,115,159
502,342,2,1,1,1,1,1,1,0,0,0,0,0,58,159
502,214,2,1,1,1,1,1,1,0,0,0,0,0,96,159
502,310,2,1,1,1,1,1,1,0,0,0,0,0,116,159
502,182,2,1,1,1,1,1,1,0,0,0,0,0,132,159
502,118,2,1,1,1,1,1,1,0,0,0,0,0,96,159
503,503,0,1,1,1,1,1,1,0,0,0,0,0,0,224
503,502,1,1,1,1,1,1,1,0,0,0,0,0,150,224
503,501,1,1,1,1,1,1,1,0,0,0,0,0,126,224
503,499,1,1,1,1,1,1,1,0,0,0,0,0,150,224
503,511,1,1,1,1,1,1,1,0,0,0,0,0,0,224
503,487,1,1,1,1,0,0,1,0,1,1,1,0,10,224
503,471,1,1,1,1,1,1,1,0,0,0,0,0,126,224
503,439,1,1,1,1,1,1,1,0,0,0,0,0,150,224
503,375,1,1,1,1,1,1,1,0,0,0,0,0,126,224
503,247,1,1,1,1,1,1,1,0,0,0,0,0,150,224
503,500,2,1,1,1,1,1,1,0,0,0,0,0,157,224
503,498,2,1,1,1,1,1,1,0,0,0,0,0,174,224
503,510,2,1,1,1,1,1,1,0,0,0,0,0,150,224
503,486,2,1,1,1,0,0,1,0,1,1,1,0,152,224
503,470,2,1,1,1,1,1,1,0,0,0,0,0,158,224
503,438,2,1,1,1,1,1,1,0,0,0,0,0,174,224
503,374,2,1,1,1,1,1,1,0,0,0,0,0,158,224
503,246,2,1,1,1,1,1,1,0,0,0,0,0,184,224
503,497,2,1,1,1,1,1,1,0,0,0,0,0,157,224
503,509,2,1,1,1,1,1,1,0,0,0,0,0,126,224
503,485,2,1,1,1,0,0,1,0,1,1,1,0,127,224
503,469,2,1,1,1,1,1,1,0,0,0,0,0,133,224
503,437,2,1,1,1,1,1,1,0,0,0,0,0,158,224
503,373,2,1,1,1,1,1,1,0,0,0,0,0,132,224
503,245,2,1,1,1,1,1,1,0,0,0,0,0,158,224
503,507,2,1,1,1,1,1,1,0,0,0,0,0,150,224
503,483,2,1,1,1,0,0,1,0,1,1,1,0,152,224
503,467,2,1,1,1,1,1,1,0,0,0,0,0,157,224
503,435,2,1,1,1,1,1,1,0,0,0,0,0,184,224
503,371,2,1,1,1,1,1,1,0,0,0,0,0,158,224
503,243,2,1,1,1,1,1,1,0,0,0,0,0,174,224
503,495,2,1,1,1,0,0,1,0,1,1,1,0,10,224
503,479,2,1,1,1,1,1,1,0,0,0,0,0,126,224
503,447,2,1,1,1,1,1,1,0,0,0,0,0,150,224
503,383,2,1,1,1,1,1,1,0,0,0,0,0,126,224
503,255,2,1,1,1,1,1,1,0,0,0,0,0,150,224
503,455,2,1,1,1,0,0,1,0,1,1,1,0,127,224
503,423,2,1,1,1,0,0,1,0,1,1,1,0,152,224
503,359,2,1,1,1,0,0,1,0,1,1,1,0,127,224
503,231,2,1,1,1,0,0,1,0,1,1,1,0,152,224
503,407,2,1,1,1,1,1,1,0,0,0,0,0,158,224
503,343,2,1,1,1,1,1,1,0,0,0,0,0,133,224
503,215,2,1,1,1,1,1,1,0,0,0,0,0,157,224
503,311,2,1,1,1,1,1,1,0,0,0,0,0,157,224
503,183,2,1,1,1,1,1,1,0,0,0,0,0,174,224
503,119,2,1,1,1,1,1,1,0,0,0,0,0,157,224
504,504,0,1,1,1,1,1,1,0,0,0,0,0,0,72
504,505,1,1,1,1,1,1,1,0,0,0,0,0,0,72
504,506,1,1,1,1,1,1,1,0,0,0,0,0,0,72
504,508,1,1,1,1,1,1,1,0,0,0,0,0,0,72
504,496,1,1,1,1,1,1,1,0,0,0,0,0,31,72
504,488,1,1,1,1,0,0,1,0,1,1,1,0,7,72
504,472,1,1,1,1,1,1,1,0,0,0,0,0,31,72
504,440,1,1,1,1,1,1,1,0,0,0,0,0,25,72
504,376,1,1,1,1,1,1,1,0,0,0,0,0,7,72
504,248,1,1,1,1,1,1,1,0,0,0,0,0,25,72
504,507,2,1,1,1,1,1,1,0,0,0,0,0,0,72
504,509,2,1,1,1,1,1,1,0,0,0,0,0,0,72
504,497,2,1,1,1,1,1,1,0,0,0,0,0,31,72
504,489,2,1,1,1,0,0,1,0,1,1,1,0,7,72
504,473,2,1,1,1,1,1,1,0,0,0,0,0,31,72
504,441,2,1,1,1,1,1,1,0,0,0,0,0,25,72
504,377,2,1,1,1,1,1,1,0,0,0,0,0,7,72
504,249,2,1,1,1,1,1,1,0,0,0,0,0,25,72
504,510,2,1,1,1,1,1,1,0,0,0,0,0,0,72
504,498,2,1,1,1,1,1,1,0,0,0,0,0,31,72
504,490,2,1,1,1,0,0,1,0,1,1,1,0,7,72
504,474,2,1,1,1,1,1,1,0,0,0,0,0,31,72
504,442,2,1,1,1,1,1,1,0,0,0,0,0,25,72
504,378,2,1,1,1,1,1,1,0,0,0,0,0,7,72
504,250,2,1,1,1,1,1,1,0,0,0,0,0,25,72
504,500,2,1,1,1,1,1,1,0,0,0,0,0,31,72
504,492,2,1,1,1,0,0,1,0,1,1,1,0,7,72
504,476,2,1,1,1,1,1,1,0,0,0,0,0,31,72
504,444,2,1,1,1,1,1,1,0,0,0,0,0,25,72
504,380,2,1,1,1,1,1,1,0,0,0,0,0,7,72
504,252,2,1,1,1,1,1,1,0,0,0,0,0,25,72
504,480,2,0,0,1,0,0,0,0,0,0,0,0,32,72
504,464,2,1,1,1,1,1,1,0,0,0,0,0,44,72
504,432,2,1,1,1,1,1,1,0,0,0,0,0,50,72
504,368,2,1,1,1,1,1,1,0,0,0,0,0,32,72
504,240,2,1,1,1,1,1,1,0,0,0,0,0,44,72
504,456,2,0,0,1,0,0,0,0,0,0,0,0,32,72
504,424,2,1,1,1,0,0,1,0,1,1,1,0,32,72
504,360,2,1,1,1,0,0,1,0,1,1,1,0,14,72
504,232,2,1,1,1,0,0,1,0,1,1,1,0,32,72
504,408,2,1,1,1,1,1,1,0,0,0,0,0,44,72
504,344,2,1,1,1,1,1,1,0,0,0,0,0,32,72
504,216,2,1,1,1,1,1,1,0,0,0,0,0,50,72
504,312,2,1,1,1,1,1,1,0,0,0,0,0,26,72
504,184,2,1,1,1,1,1,1,0,0,0,0,0,38,72
504,120,2,1,1,1,1,1,1,0,0,0,0,0,26,72
505,505,0,1,1,1,1,1,1,0,0,0,0,0,0,159
505,504,1,1,1,1,1,1,1,0,0,0,0,0,111,159
505,507,1,1,1,1,1,1,1,0,0,0,0,0,0,159
505,509,1,1,1,1,1,1,1,0,0,0,0,0,0,159
505,497,1,1,1,1,1,1,1,0,0,0,0,0,55,159
505,489,1,1,1,1,0,0,1,0,1,1,1,0,9,159
505,473,1,1,1,1,1,1,1,0,0,0,0,0,98,159
505,441,1,1,1,1,1,1,1,0,0,0,0,0,92,159
505,377,1,1,1,1,1,1,1,0,0,0,0,0,55,159
505,249,1,1,1,1,1,1,1,0,0,0,0,0,111,159
505,506,2,1,1,1,1,1,1,0,0,0,0,0,111,159
505,508,2,1,1,1,1,1,1,0,0,0,0,0,111,159
505,496,2,1,1,1,1,1,1,0,0,0,0,0,116,159
505,488,2,1,1,1,0,0,1,0,1,1,1,0,113,159
505,472,2,1,1,1,1,1,1,0,0,0,0,0,118,159
505,440,2,1,1,1,1,1,1,0,0,0,0,0,132,159
505,376,2,1,1,1,1,1,1,0,0,0,0,0,115,159
505,248,2,1,1,1,1,1,1,0,0,0,0,0,133,159
505,511,2,1,1,1,1,1,1,0,0,0,0,0,0,159
505,499,2,1,1,1,1,1,1,0,0,0,0,0,55,159
505,491,2,1,1,1,0,0,1,0,1,1,1,0,9,159
505,475,2,1,1,1,1,1,1,0,0,0,0,0,98,159
505,443,2,1,1,1,1,1,1,0,0,0,0,0,92,159
505,379,2,1,1,1,1,1,1,0,0,0,0,0,55,159
505,251,2,1,1,1,1,1,1,0,0,0,0,0,111,159
505,501,2,1,1,1,1,1,1,0,0,0,0,0,55,159
505,493,2,1,1,1,0,0,1,0,1,1,1,0,9,159
505,477,2,1,1,1,1,1,1,0,0,0,0,0,98,159
505,445,2,1,1,1,1,1,1,0,0,0,0,0,92,159
505,381,2,1,1,1,1,1,1,0,0,0,0,0,55,159
505,253,2,1,1,1,1,1,1,0,0,0,0,0,111,159
505,481,2,1,1,1,0,0,1,0,1,1,1,0,56,159
505,465,2,1,1,1,1,1,1,0,0,0,0,0,102,159
505,433,2,1,1,1,1,1,1,0,0,0,0,0,96,159
505,369,2,1,1,1,1,1,1,0,0,0,0,0,58,159
505,241,2,1,1,1,1,1,1,0,0,0,0,0,115,159
505,457,2,0,0,1,0,0,0,0,0,0,0,0,99,159
505,425,2,1,1,1,0,0,1,0,1,1,1,0,94,159
505,361,2,1,1,1,0,0,1,0,1,1,1,0,56,159
505,233,2,1,1,1,0,0,1,0,1,1,1,0,113,159
505,409,2,1,1,1,1,1,1,0,0,0,0,0,126,159
505,345,2,1,1,1,1,1,1,0,0,0,0,0,103,159
505,217,2,1,1,1,1,1,1,0,0,0,0,0,118,159
505,313,2,1,1,1,1,1,1,0,0,0,0,0,96,159
505,185,2,1,1,1,1,1,1,0,0,0,0,0,132,159
505,121,2,1,1,1,1,1,1,0,0,0,0,0,116,159
506,506,0,1,1,1,1,1,1,0,0,0,0,0,0,112
506,507,1,1,1,1,1,1,1,0,0,0,0,0,0,112
506,504,1,1,1,1,1,1,1,0,0,0,0,0,74,112
506,510,1,1,1,1,1,1,1,0,0,0,0,0,0,112
506,498,1,1,1,1,1,1,1,0,0,0,0,0,42,112
506,490,1,1,1,1,0,0,1,0,1,1,1,0,8,112
506,474,1,1,1,1,1,1,1,0,0,0,0,0,42,112
506,442,1,1,1,1,1,1,1,0,0,0,0,0,67,112
506,378,1,1,1,1,1,1,1,0,0,0,0,0,22,112
506,250,1,1,1,1,1,1,1,0,0,0,0,0,67,112
506,505,2,1,1,1,1,1,1,0,0,0,0,0,74,112
506,511,2,1,1,1,1,1,1,0,0,0,0,0,0,112
506,499,2,1,1,1,1,1,1,0,0,0,0,0,42,112
506,491,2,1,1,1,0,0,1,0,1,1,1,0,8,112
506,475,2,1,1,1,1,1,1,0,0,0,0,0,42,112
506,443,2,1,1,1,1,1,1,0,0,0,0,0,67,112
506,379,2,1,1,1,1,1,1,0,0,0,0,0,22,112
506,251,2,1,1,1,1,1,1,0,0,0,0,0,67,112
506,508,2,1,1,1,1,1,1,0,0,0,0,0,74,112
506,496,2,1,1,1,1,1,1,0,0,0,0,0,78,112
506,488,2,1,1,1,0,0,1,0,1,1,1,0,75,112
506,472,2,1,1,1,1,1,1,0,0,0,0,0,78,112
506,440,2,1,1,1,1,1,1,0,0,0,0,0,91,112
506,376,2,1,1,1,1,1,1,0,0,0,0,0,76,112
506,248,2,1,1,1,1,1,1,0,0,0,0,0,91,112
506,502,2,1,1,1,1,1,1,0,0,0,0,0,42,112
506,494,2,1,1,1,0,0,1,0,1,1,1,0,8,112
506,478,2,1,1,1,1,1,1,0,0,0,0,0,42,112
506,446,2,1,1,1,1,1,1,0,0,0,0,0,67,112
506,382,2,1,1,1,1,1,1,0,0,0,0,0,22,112
506,254,2,1,1,1,1,1,1,0,0,0,0,0,67,112
506,482,2,1,1,1,0,0,1,0,1,1,1,0,43,112
506,466,2,1,1,1,1,1,1,0,0,0,0,0,57,112
506,434,2,1,1,1,1,1,1,0,0,0,0,0,71,112
506,370,2,1,1,1,1,1,1,0,0,0,0,0,44,112
506,242,2,1,1,1,1,1,1,0,0,0,0,0,77,112
506,458,2,1,1,1,0,0,1,0,1,1,1,0,43,112
506,426,2,1,1,1,0,0,1,0,1,1,1,0,69,112
506,362,2,1,1,1,0,0,1,0,1,1,1,0,23,112
506,234,2,1,1,1,0,0,1,0,1,1,1,0,69,112
506,410,2,1,1,1,1,1,1,0,0,0,0,0,77,112
506,346,2,1,1,1,1,1,1,0,0,0,0,0,44,112
506,218,2,1,1,1,1,1,1,0,0,0,0,0,71,112
506,314,2,1,1,1,1,1,1,0,0,0,0,0,70,112
506,186,2,1,1,1,1,1,1,0,0,0,0,0,90,112
506,122,2,1,1,1,1,1,1,0,0,0,0,0,70,112
507,507,0,1,1,1,1,1,1,0,0,0,0,0,0,160
507,506,1,1,1,1,1,1,1,0,0,0,0,0,111,160
507,505,1,1,1,1,1,1,1,0,0,0,0,0,98,160
507,511,1,1,1,1,1,1,1,0,0,0,0,0,0,160
507,499,1,1,1,1,1,1,1,0,0,0,0,0,55,160
507,491,1,1,1,1,0,0,1,0,1,1,1,0,9,160
507,475,1,1,1,1,1,1,1,0,0,0,0,0,98,160
507,443,1,1,1,1,1,1,1,0,0,0,0,0,92,160
507,379,1,1,1,1,1,1,1,0,0,0,0,0,55,160
507,251,1,1,1,1,1,1,1,0,0,0,0,0,111,160
507,504,2,1,1,1,1,1,1,0,0,0,0,0,118,160
507,510,2,1,1,1,1,1,1,0,0,0,0,0,111,160
507,498,2,1,1,1,1,1,1,0,0,0,0,0,116,160
507,490,2,1,1,1,0,0,1,0,1,1,1,0,113,160
507,474,2,1,1,1,1,1,1,0,0,0,0,0,118,160
507,442,2,1,1,1,1,1,1,0,0,0,0,0,132,160
507,378,2,1,1,1,1,1,1,0,0,0,0,0,115,160
507,250,2,1,1,1,1,1,1,0,0,0,0,0,133,160
507,509,2,1,1,1,1,1,1,0,0,0,0,0,98,160
507,497,2,1,1,1,1,1,1,0,0,0,0,0,103,160
507,489,2,1,1,1,0,0,1,0,1,1,1,0,99,160
507,473,2,1,1,1,1,1,1,0,0,0,0,0,104,160
507,441,2,1,1,1,1,1,1,0,0,0,0,0,126,160
507,377,2,1,1,1,1,1,1,0,0,0,0,0,102,160
507,249,2,1,1,1,1,1,1,0,0,0,0,0,118,160
507,503,2,1,1,1,1,1,1,0,0,0,0,0,55,160
507,495,2,1,1,1,0,0,1,0,1,1,1,0,9,160
507,479,2,1,1,1,1,1,1,0,0,0,0,0,98,160
507,447,2,1,1,1,1,1,1,0,0,0,0,0,92,160
507,383,2,1,1,1,1,1,1,0,0,0,0,0,55,160
507,255,2,1,1,1,1,1,1,0,0,0,0,0,111,160
507,483,2,1,1,1,0,0,1,0,1,1,1,0,56,160
507,467,2,1,1,1,1,1,1,0,0,0,0,0,102,160
507,435,2,1,1,1,1,1,1,0,0,0,0,0,96,160
507,371,2,1,1,1,1,1,1,0,0,0,0,0,58,160
507,243,2,1,1,1,1,1,1,0,0,0,0,0,115,160
507,459,2,1,1,1,0,0,1,0,1,1,1,0,99,160
507,427,2,1,1,1,0,0,1,0,1,1,1,0,94,160
507,363,2,1,1,1,0,0,1,0,1,1,1,0,56,160
507,235,2,1,1,1,0,0,1,0,1,1,1,0,113,160
507,411,2,1,1,1,1,1,1,0,0,0,0,0,126,160
507,347,2,1,1,1,1,1,1,0,0,0,0,0,103,160
507,219,2,1,1,1,1,1,1,0,0,0,0,0,118,160
507,315,2,1,1,1,1,1,1,0,0,0,0,0,96,160
507,187,2,1,1,1,1,1,1,0,0,0,0,0,132,160
507,123,2,1,1,1,1,1,1,0,0,0,0,0,116,160
508,508,0,1,1,1,1,1,1,0,0,0,0,0,0,159
508,509,1,1,1,1,1,1,1,0,0,0,0,0,0,159
508,510,1,1,1,1,1,1,1,0,0,0,0,0,0,159
508,504,1,1,1,1,1,1,1,0,0,0,0,0,111,159
508,500,1,1,1,1,1,1,1,0,0,0,0,0,98,159
508,492,1,1,1,1,0,0,1,0,1,1,1,0,9,159
508,476,1,1,1,1,1,1,1,0,0,0,0,0,55,159
508,444,1,1,1,1,1,1,1,0,0,0,0,0,111,159
508,380,1,1,1,1,1,1,1,0,0,0,0,0,55,159
508,252,1,1,1,1,1,1,1,0,0,0,0,0,92,159
508,511,2,1,1,1,1,1,1,0,0,0,0,0,0,159
508,505,2,1,1,1,1,1,1,0,0,0,0,0,111,159
508,501,2,1,1,1,1,1,1,0,0,0,0,0,98,159
508,493,2,1,1,1,0,0,1,0,1,1,1,0,9,159
508,477,2,1,1,1,1,1,1,0,0,0,0,0,55,159
508,445,2,1,1,1,1,1,1,0,0,0,0,0,111,159
508,381,2,1,1,1,1,1,1,0,0,0,0,0,55,159
508,253,2,1,1,1,1,1,1,0,0,0,0,0,92,159
508,506,2,1,1,1,1,1,1,0,0,0,0,0,111,159
508,502,2,1,1,1,1,1,1,0,0,0,0,0,98,159
508,494,2,1,1,1,0,0,1,0,1,1,1,0,9,159
508,478,2,1,1,1,1,1,1,0,0,0,0,0,55,159
508,446,2,1,1,1,1,1,1,0,0,0,0,0,111,159
508,382,2,1,1,1,1,1,1,0,0,0,0,0,55,159
508,254,2,1,1,1,1,1,1,0,0,0,0,0,92,159
508,496,2,1,1,1,1,1,1,0,0,0,0,0,118,159
508,488,2,1,1,1,0,0,1,0,1,1,1,0,113,159
508,472,2,1,1,1,1,1,1,0,0,0,0,0,116,159
508,440,2,1,1,1,1,1,1,0,0,0,0,0,133,159
508,376,2,1,1,1,1,1,1,0,0,0,0,0,115,159
508,248,2,1,1,1,1,1,1,0,0,0,0,0,132,159
508,484,2,0,0,1,0,0,0,0,0,0,0,0,99,159
508,468,2,1,1,1,1,1,1,0,0,0,0,0,102,159
508,436,2,1,1,1,1,1,1,0,0,0,0,0,118,159
508,372,2,1,1,1,1,1,1,0,0,0,0,0,103,159
508,244,2,1,1,1,1,1,1,0,0,0,0,0,126,159
508,460,2,1,1,1,0,0,1,0,1,1,1,0,56,159
508,428,2,1,1,1,0,0,1,0,1,1,1,0,113,159
508,364,2,1,1,1,0,0,1,0,1,1,1,0,56,159
508,236,2,1,1,1,0,0,1,0,1,1,1,0,94,159
508,412,2,1,1,1,1,1,1,0,0,0,0,0,115,159
508,348,2,1,1,1,1,1,1,0,0,0,0,0,58,159
508,220,2,1,1,1,1,1,1,0,0,0,0,0,96,159
508,316,2,1,1,1,1,1,1,0,0,0,0,0,116,159
508,188,2,1,1,1,1,1,1,0,0,0,0,0,132,159
508,124,2,1,1,1,1,1,1,0,0,0,0,0,96,159
509,509,0,1,1,1,1,1,1,0,0,0,0,0,0,224
509,508,1,1,1,1,1,1,1,0,0,0,0,0,150,224
509,511,1,1,1,1,1,1,1,0,0,0,0,0,0,224
509,505,1,1,1,1,1,1,1,0,0,0,0,0,150,224
509,501,1,1,1,1,1,1,1,0,0,0,0,0,126,224
509,493,1,1,1,1,0,0,1,0,1,1,1,0,10,224
509,477,1,1,1,1,1,1,1,0,0,0,0,0,126,224
509,445,1,1,1,1,1,1,1,0,0,0,0,0,150,224
509,381,1,1,1,1,1,1,1,0,0,0,0,0,126,224
509,253,1,1,1,1,1,1,1,0,0,0,0,0,150,224
509,510,2,1,1,1,1,1,1,0,0,0,0,0,150,224
509,504,2,1,1,1,1,1,1,0,0,0,0,0,174,224
509,500,2,1,1,1,1,1,1,0,0,0,0,0,157,224
509,492,2,1,1,1,0,0,1,0,1,1,1,0,152,224
509,476,2,1,1,1,1,1,1,0,0,0,0,0,158,224
509,444,2,1,1,1,1,1,1,0,0,0,0,0,174,224
509,380,2,1,1,1,1,1,1,0,0,0,0,0,158,224
509,252,2,1,1,1,1,1,1,0,0,0,0,0,184,224
509,507,2,1,1,1,1,1,1,0,0,0,0,0,150,224
509,503,2,1,1,1,1,1,1,0,0,0,0,0,126,224
509,495,2,1,1,1,0,0,1,0,1,1,1,0,10,224
509,479,2,1,1,1,1,1,1,0,0,0,0,0,126,224
509,447,2,1,1,1,1,1,1,0,0,0,0,0,150,224
509,383,2,1,1,1,1,1,1,0,0,0,0,0,126,224
509,255,2,1,1,1,1,1,1,0,0,0,0,0,150,224
509,497,2,1,1,1,1,1,1,0,0,0,0,0,158,224
509,489,2,1,1,1,0,0,1,0,1,1,1,0,152,224
509,473,2,1,1,1,1,1,1,0,0,0,0,0,157,224
509,441,2,1,1,1,1,1,1,0,0,0,0,0,184,224
509,377,2,1,1,1,1,1,1,0,0,0,0,0,158,224
509,249,2,1,1,1,1,1,1,0,0,0,0,0,174,224
509,485,2,1,1,1,0,0,1,0,1,1,1,0,127,224
509,469,2,1,1,1,1,1,1,0,0,0,0,0,132,224
509,437,2,1,1,1,1,1,1,0,0,0,0,0,157,224
509,373,2,1,1,1,1,1,1,0,0,0,0,0,133,224
509,245,2,1,1,1,1,1,1,0,0,0,0,0,158,224
509,461,2,1,1,1,0,0,1,0,1,1,1,0,127,224
509,429,2,1,1,1,0,0,1,0,1,1,1,0,152,224
509,365,2,1,1,1,0,0,1,0,1,1,1,0,127,224
509,237,2,1,1,1,0,0,1,0,1,1,1,0,152,224
509,413,2,1,1,1,1,1,1,0,0,0,0,0,158,224
509,349,2,1,1,1,1,1,1,0,0,0,0,0,133,224
509,221,2,1,1,1,1,1,1,0,0,0,0,0,157,224
509,317,2,1,1,1,1,1,1,0,0,0,0,0,157,224
509,189,2,1,1,1,1,1,1,0,0,0,0,0,174,224
509,125,2,1,1,1,1,1,1,0,0,0,0,0,157,224
510,510,0,1,1,1,1,1,1,0,0,0,0,0,0,160
510,511,1,1,1,1,1,1,1,0,0,0,0,0,0,160
510,508,1,1,1,1,1,1,1,0,0,0,0,0,98,160
510,506,1,1,1,1,1,1,1,0,0,0,0,0,111,160
510,502,1,1,1,1,1,1,1,0,0,0,0,0,98,160
510,494,1,1,1,1,0,0,1,0,1,1,1,0,9,160
510,478,1,1,1,1,1,1,1,0,0,0,0,0,55,160
510,446,1,1,1,1,1,1,1,0,0,0,0,0,111,160
510,382,1,1,1,1,1,1,1,0,0,0,0,0,55,160
510,254,1,1,1,1,1,1,1,0,0,0,0,0,92,160
510,509,2,1,1,1,1,1,1,0,0,0,0,0,98,160
510,507,2,1,1,1,1,1,1,0,0,0,0,0,111,160
510,503,2,1,1,1,1,1,1,0,0,0,0,0,98,160
510,495,2,1,1,1,0,0,1,0,1,1,1,0,9,160
510,479,2,1,1,1,1,1,1,0,0,0,0,0,55,160
510,447,2,1,1,1,1,1,1,0,0,0,0,0,111,160
510,383,2,1,1,1,1,1,1,0,0,0,0,0,55,160
510,255,2,1,1,1,1,1,1,0,0,0,0,0,92,160
510,504,2,1,1,1,1,1,1,0,0,0,0,0,118,160
510,500,2,1,1,1,1,1,1,0,0,0,0,0,104,160
510,492,2,1,1,1,0,0,1,0,1,1,1,0,99,160
510,476,2,1,1,1,1,1,1,0,0,0,0,0,103,160
510,444,2,1,1,1,1,1,1,0,0,0,0,0,118,160
510,380,2,1,1,1,1,1,1,0,0,0,0,0,102,160
510,252,2,1,1,1,1,1,1,0,0,0,0,0,126,160
510,498,2,1,1,1,1,1,1,0,0,0,0,0,118,160
510,490,2,1,1,1,0,0,1,0,1,1,1,0,113,160
510,474,2,1,1,1,1,1,1,0,0,0,0,0,116,160
510,442,2,1,1,1,1,1,1,0,0,0,0,0,133,160
510,378,2,1,1,1,1,1,1,0,0,0,0,0,115,160
510,250,2,1,1,1,1,1,1,0,0,0,0,0,132,160
510,486,2,1,1,1,0,0,1,0,1,1,1,0,99,160
510,470,2,1,1,1,1,1,1,0,0,0,0,0,102,160
510,438,2,1,1,1,1,1,1,0,0,0,0,0,118,160
510,374,2,1,1,1,1,1,1,0,0,0,0,0,103,160
510,246,2,1,1,1,1,1,1,0,0,0,0,0,126,160
510,462,2,1,1,1,0,0,1,0,1,1,1,0,56,160
510,430,2,1,1,1,0,0,1,0,1,1,1,0,113,160
510,366,2,1,1,1,0,0,1,0,1,1,1,0,56,160
510,238,2,1,1,1,0,0,1,0,1,1,1,0,94,160
510,414,2,1,1,1,1,1,1,0,0,0,0,0,115,160
510,350,2,1,1,1,1,1,1,0,0,0,0,0,58,160
510,222,2,1,1,1,1,1,1,0,0,0,0,0,96,160
510,318,2,1,1,1,1,1,1,0,0,0,0,0,116,160
510,190,2,1,1,1,1,1,1,0,0,0,0,0,132,160
510,126,2,1,1,1,1,1,1,0,0,0,0,0,96,160
511,511,0,1,1,1,1,1,1,0,0,0,0,0,0,225
511,510,1,1,1,1,1,1,1,0,0,0,0,0,150,225
511,509,1,1,1,1,1,1,1,0,0,0,0,0,126,225
511,507,1,1,1,1,1,1,1,0,0,0,0,0,150,225
511,503,1,1,1,1,1,1,1,0,0,0,0,0,126,225
511,495,1,1,1,1,0,0,1,0,1,1,1,0,10,225
511,479,1,1,1,1,1,1,1,0,0,0,0,0,126,225
511,447,1,1,1,1,1,1,1,0,0,0,0,0,150,225
511,383,1,1,1,1,1,1,1,0,0,0,0,0,126,225
511,255,1,1,1,1,1,1,1,0,0,0,0,0,150,225
511,508,2,1,1,1,1,1,1,0,0,0,0,0,157,225
511,506,2,1,1,1,1,1,1,0,0,0,0,0,174,225
511,502,2,1,1,1,1,1,1,0,0,0,0,0,157,225
511,494,2,1,1,1,0,0,1,0,1,1,1,0,152,225
511,478,2,1,1,1,1,1,1,0,0,0,0,0,158,225
511,446,2,1,1,1,1,1,1,0,0,0,0,0,174,225
511,382,2,1,1,1,1,1,1,0,0,0,0,0,158,225
511,254,2,1,1,1,1,1,1,0,0,0,0,0,184,225
511,505,2,1,1,1,1,1,1,0,0,0,0,0,157,225
511,501,2,1,1,1,1,1,1,0,0,0,0,0,133,225
511,493,2,1,1,1,0,0,1,0,1,1,1,0,127,225
511,477,2,1,1,1,1,1,1,0,0,0,0,0,133,225
511,445,2,1,1,1,1,1,1,0,0,0,0,0,158,225
511,381,2,1,1,1,1,1,1,0,0,0,0,0,132,225
511,253,2,1,1,1,1,1,1,0,0,0,0,0,158,225
511,499,2,1,1,1,1,1,1,0,0,0,0,0,158,225
511,491,2,1,1,1,0,0,1,0,1,1,1,0,152,225
511,475,2,1,1,1,1,1,1,0,0,0,0,0,157,225
511,443,2,1,1,1,1,1,1,0,0,0,0,0,184,225
511,379,2,1,1,1,1,1,1,0,0,0,0,0,158,225
511,251,2,1,1,1,1,1,1,0,0,0,0,0,174,225
511,487,2,1,1,1,0,0,1,0,1,1,1,0,127,225
511,471,2,1,1,1,1,1,1,0,0,0,0,0,132,225
511,439,2,1,1,1,1,1,1,0,0,0,0,0,157,225
511,375,2,1,1,1,1,1,1,0,0,0,0,0,133,225
511,247,2,1,1,1,1,1,1,0,0,0,0,0,158,225
511,463,2,1,1,1,0,0,1,0,1,1,1,0,127,225
511,431,2,1,1,1,0,0,1,0,1,1,1,0,152,225
511,367,2,1,1,1,0,0,1,0,1,1,1,0,127,225
511,239,2,1,1,1,0,0,1,0,1,1,1,0,152,225
511,415,2,1,1,1,1,1,1,0,0,0,0,0,158,225
511,351,2,1,1,1,1,1,1,0,0,0,0,0,133,225
511,223,2,1,1,1,1,1,1,0,0,0,0,0,157,225
511,319,2,1,1,1,1,1,1,0,0,0,0,0,157,225
511,191,2,1,1,1,1,1,1,0,0,0,0,0,174,225
511,127,2,1,1,1,1,1,1,0,0,0,0,0,157,225
