source_size,source_indices,deleted_count,deleted_ids,target_unsat,single_accept,closed_accept,single_miss,closed_recomputed_gates,closed_total_gates
2,4 21,0,,1,1,1,0,0,17
2,4 21,1,a04,0,0,0,0,10,17
2,4 21,1,a21,0,0,0,0,10,17
2,4 21,2,a04 a21,0,0,0,0,14,17
2,10 15,0,,1,1,1,0,0,17
2,10 15,1,a10,0,0,0,0,10,17
2,10 15,1,a15,0,0,0,0,10,17
2,10 15,2,a10 a15,0,0,0,0,14,17
2,12 13,0,,1,1,1,0,0,17
2,12 13,1,a12,0,0,0,0,10,17
2,12 13,1,a13,0,0,0,0,10,17
2,12 13,2,a12 a13,0,0,0,0,14,17
3,0 4 21,0,,1,1,1,0,0,43
3,0 4 21,1,a00,1,1,1,0,16,43
3,0 4 21,1,a04,0,0,0,0,16,43
3,0 4 21,2,a00 a04,0,0,0,0,32,43
3,0 4 21,1,a21,0,0,0,0,26,43
3,0 4 21,2,a00 a21,0,0,0,0,32,43
3,0 4 21,2,a04 a21,0,0,0,0,32,43
3,0 4 21,3,a00 a04 a21,0,0,0,0,38,43
3,0 10 15,0,,1,1,1,0,0,43
3,0 10 15,1,a00,1,1,1,0,16,43
3,0 10 15,1,a10,0,0,0,0,16,43
3,0 10 15,2,a00 a10,0,0,0,0,32,43
3,0 10 15,1,a15,0,0,0,0,26,43
3,0 10 15,2,a00 a15,0,0,0,0,32,43
3,0 10 15,2,a10 a15,0,0,0,0,32,43
3,0 10 15,3,a00 a10 a15,0,0,0,0,38,43
3,0 12 13,0,,1,1,1,0,0,43
3,0 12 13,1,a00,1,1,1,0,16,43
3,0 12 13,1,a12,0,0,0,0,16,43
3,0 12 13,2,a00 a12,0,0,0,0,32,43
3,0 12 13,1,a13,0,0,0,0,26,43
3,0 12 13,2,a00 a13,0,0,0,0,32,43
3,0 12 13,2,a12 a13,0,0,0,0,32,43
3,0 12 13,3,a00 a12 a13,0,0,0,0,38,43
3,1 4 21,0,,1,1,1,0,0,43
3,1 4 21,1,a01,1,1,1,0,16,43
3,1 4 21,1,a04,0,0,0,0,16,43
3,1 4 21,2,a01 a04,0,0,0,0,32,43
3,1 4 21,1,a21,0,0,0,0,26,43
3,1 4 21,2,a01 a21,0,0,0,0,32,43
3,1 4 21,2,a04 a21,0,0,0,0,32,43
3,1 4 21,3,a01 a04 a21,0,0,0,0,38,43
3,1 7 21,0,,1,1,1,0,0,108
3,1 7 21,1,a01,0,0,0,0,67,108
3,1 7 21,1,a07,0,0,0,0,67,108
3,1 7 21,2,a01 a07,0,0,0,0,90,108
3,1 7 21,1,a21,0,0,0,0,74,108
3,1 7 21,2,a01 a21,0,0,0,0,91,108
3,1 7 21,2,a07 a21,0,0,0,0,91,108
3,1 7 21,3,a01 a07 a21,0,0,0,0,100,108
3,1 10 15,0,,1,1,1,0,0,43
3,1 10 15,1,a01,1,1,1,0,16,43
3,1 10 15,1,a10,0,0,0,0,16,43
3,1 10 15,2,a01 a10,0,0,0,0,32,43
3,1 10 15,1,a15,0,0,0,0,26,43
3,1 10 15,2,a01 a15,0,0,0,0,32,43
3,1 10 15,2,a10 a15,0,0,0,0,32,43
3,1 10 15,3,a01 a10 a15,0,0,0,0,38,43
3,1 12 13,0,,1,1,1,0,0,27
3,1 12 13,1,a01,1,1,1,0,5,27
3,1 12 13,1,a12,0,0,0,0,13,27
3,1 12 13,2,a01 a12,0,0,0,0,18,27
3,1 12 13,1,a13,0,0,0,0,13,27
3,1 12 13,2,a01 a13,0,0,0,0,18,27
3,1 12 13,2,a12 a13,0,0,0,0,18,27
3,1 12 13,3,a01 a12 a13,0,0,0,0,23,27
3,1 15 18,0,,1,1,1,0,0,108
3,1 15 18,1,a01,0,0,0,0,67,108
3,1 15 18,1,a15,0,0,0,0,74,108
3,1 15 18,2,a01 a15,0,0,0,0,91,108
3,1 15 18,1,a18,0,0,0,0,67,108
3,1 15 18,2,a01 a18,0,0,0,0,90,108
3,1 15 18,2,a15 a18,0,0,0,0,91,108
3,1 15 18,3,a01 a15 a18,0,0,0,0,100,108
3,1 15 21,0,,1,1,1,0,0,69
3,1 15 21,1,a01,0,0,0,0,46,69
3,1 15 21,1,a15,0,0,0,0,36,69
3,1 15 21,2,a01 a15,0,0,0,0,55,69
3,1 15 21,1,a21,0,0,0,0,36,69
3,1 15 21,2,a01 a21,0,0,0,0,55,69
3,1 15 21,2,a15 a21,0,0,0,0,56,69
3,1 15 21,3,a01 a15 a21,0,0,0,0,63,69
3,2 4 21,0,,1,1,1,0,0,43
3,2 4 21,1,a02,1,1,1,0,16,43
3,2 4 21,1,a04,0,0,0,0,16,43
3,2 4 21,2,a02 a04,0,0,0,0,32,43
3,2 4 21,1,a21,0,0,0,0,26,43
3,2 4 21,2,a02 a21,0,0,0,0,32,43
3,2 4 21,2,a04 a21,0,0,0,0,32,43
3,2 4 21,3,a02 a04 a21,0,0,0,0,38,43
3,2 10 15,0,,1,1,1,0,0,43
3,2 10 15,1,a02,1,1,1,0,16,43
3,2 10 15,1,a10,0,0,0,0,16,43
3,2 10 15,2,a02 a10,0,0,0,0,32,43
3,2 10 15,1,a15,0,0,0,0,26,43
3,2 10 15,2,a02 a15,0,0,0,0,32,43
3,2 10 15,2,a10 a15,0,0,0,0,32,43
3,2 10 15,3,a02 a10 a15,0,0,0,0,38,43
3,2 12 13,0,,1,1,1,0,0,43
3,2 12 13,1,a02,1,1,1,0,16,43
3,2 12 13,1,a12,0,0,0,0,26,43
3,2 12 13,2,a02 a12,0,0,0,0,32,43
3,2 12 13,1,a13,0,0,0,0,16,43
3,2 12 13,2,a02 a13,0,0,0,0,32,43
3,2 12 13,2,a12 a13,0,0,0,0,32,43
3,2 12 13,3,a02 a12 a13,0,0,0,0,38,43
3,3 4 21,0,,1,1,1,0,0,43
3,3 4 21,1,a03,1,1,1,0,16,43
3,3 4 21,1,a04,0,0,0,0,16,43
3,3 4 21,2,a03 a04,0,0,0,0,32,43
3,3 4 21,1,a21,0,0,0,0,26,43
3,3 4 21,2,a03 a21,0,0,0,0,32,43
3,3 4 21,2,a04 a21,0,0,0,0,32,43
3,3 4 21,3,a03 a04 a21,0,0,0,0,38,43
3,3 5 21,0,,1,1,1,0,0,108
3,3 5 21,1,a03,0,0,0,0,67,108
3,3 5 21,1,a05,0,0,0,0,67,108
3,3 5 21,2,a03 a05,0,0,0,0,90,108
3,3 5 21,1,a21,0,0,0,0,74,108
3,3 5 21,2,a03 a21,0,0,0,0,91,108
3,3 5 21,2,a05 a21,0,0,0,0,91,108
3,3 5 21,3,a03 a05 a21,0,0,0,0,100,108
3,3 10 15,0,,1,1,1,0,0,27
3,3 10 15,1,a03,1,1,1,0,5,27
3,3 10 15,1,a10,0,0,0,0,13,27
3,3 10 15,2,a03 a10,0,0,0,0,18,27
3,3 10 15,1,a15,0,0,0,0,13,27
3,3 10 15,2,a03 a15,0,0,0,0,18,27
3,3 10 15,2,a10 a15,0,0,0,0,18,27
3,3 10 15,3,a03 a10 a15,0,0,0,0,23,27
3,3 12 13,0,,1,1,1,0,0,43
3,3 12 13,1,a03,1,1,1,0,16,43
3,3 12 13,1,a12,0,0,0,0,16,43
3,3 12 13,2,a03 a12,0,0,0,0,32,43
3,3 12 13,1,a13,0,0,0,0,26,43
3,3 12 13,2,a03 a13,0,0,0,0,32,43
3,3 12 13,2,a12 a13,0,0,0,0,32,43
3,3 12 13,3,a03 a12 a13,0,0,0,0,38,43
3,3 13 20,0,,1,1,1,0,0,108
3,3 13 20,1,a03,0,0,0,0,67,108
3,3 13 20,1,a13,0,0,0,0,74,108
3,3 13 20,2,a03 a13,0,0,0,0,91,108
3,3 13 20,1,a20,0,0,0,0,67,108
3,3 13 20,2,a03 a20,0,0,0,0,90,108
3,3 13 20,2,a13 a20,0,0,0,0,91,108
3,3 13 20,3,a03 a13 a20,0,0,0,0,100,108
3,3 13 21,0,,1,1,1,0,0,69
3,3 13 21,1,a03,0,0,0,0,46,69
3,3 13 21,1,a13,0,0,0,0,36,69
3,3 13 21,2,a03 a13,0,0,0,0,55,69
3,3 13 21,1,a21,0,0,0,0,36,69
3,3 13 21,2,a03 a21,0,0,0,0,55,69
3,3 13 21,2,a13 a21,0,0,0,0,56,69
3,3 13 21,3,a03 a13 a21,0,0,0,0,63,69
3,4 5 21,0,,1,1,1,0,0,43
3,4 5 21,1,a04,0,0,0,0,16,43
3,4 5 21,1,a05,1,1,1,0,16,43
3,4 5 21,2,a04 a05,0,0,0,0,32,43
3,4 5 21,1,a21,0,0,0,0,26,43
3,4 5 21,2,a04 a21,0,0,0,0,32,43
3,4 5 21,2,a05 a21,0,0,0,0,32,43
3,4 5 21,3,a04 a05 a21,0,0,0,0,38,43
3,4 6 21,0,,1,1,1,0,0,43
3,4 6 21,1,a04,0,0,0,0,16,43
3,4 6 21,1,a06,1,1,1,0,16,43
3,4 6 21,2,a04 a06,0,0,0,0,32,43
3,4 6 21,1,a21,0,0,0,0,26,43
3,4 6 21,2,a04 a21,0,0,0,0,32,43
3,4 6 21,2,a06 a21,0,0,0,0,32,43
3,4 6 21,3,a04 a06 a21,0,0,0,0,38,43
3,4 7 21,0,,1,1,1,0,0,43
3,4 7 21,1,a04,0,0,0,0,16,43
3,4 7 21,1,a07,1,1,1,0,16,43
3,4 7 21,2,a04 a07,0,0,0,0,32,43
3,4 7 21,1,a21,0,0,0,0,26,43
3,4 7 21,2,a04 a21,0,0,0,0,32,43
3,4 7 21,2,a07 a21,0,0,0,0,32,43
3,4 7 21,3,a04 a07 a21,0,0,0,0,38,43
3,4 8 21,0,,1,1,1,0,0,43
3,4 8 21,1,a04,0,0,0,0,16,43
3,4 8 21,1,a08,1,1,1,0,16,43
3,4 8 21,2,a04 a08,0,0,0,0,32,43
3,4 8 21,1,a21,0,0,0,0,26,43
3,4 8 21,2,a04 a21,0,0,0,0,32,43
3,4 8 21,2,a08 a21,0,0,0,0,32,43
3,4 8 21,3,a04 a08 a21,0,0,0,0,38,43
3,4 9 21,0,,1,1,1,0,0,27
3,4 9 21,1,a04,0,0,0,0,13,27
3,4 9 21,1,a09,1,1,1,0,5,27
3,4 9 21,2,a04 a09,0,0,0,0,18,27
3,4 9 21,1,a21,0,0,0,0,13,27
3,4 9 21,2,a04 a21,0,0,0,0,18,27
3,4 9 21,2,a09 a21,0,0,0,0,18,27
3,4 9 21,3,a04 a09 a21,0,0,0,0,23,27
3,4 10 15,0,,1,1,1,0,0,27
3,4 10 15,1,a04,1,1,1,0,5,27
3,4 10 15,1,a10,0,0,0,0,13,27
3,4 10 15,2,a04 a10,0,0,0,0,18,27
3,4 10 15,1,a15,0,0,0,0,13,27
3,4 10 15,2,a04 a15,0,0,0,0,18,27
3,4 10 15,2,a10 a15,0,0,0,0,18,27
3,4 10 15,3,a04 a10 a15,0,0,0,0,23,27
3,4 10 21,0,,1,1,1,0,0,27
3,4 10 21,1,a04,0,0,0,0,13,27
3,4 10 21,1,a10,1,1,1,0,5,27
3,4 10 21,2,a04 a10,0,0,0,0,18,27
3,4 10 21,1,a21,0,0,0,0,13,27
3,4 10 21,2,a04 a21,0,0,0,0,18,27
3,4 10 21,2,a10 a21,0,0,0,0,18,27
3,4 10 21,3,a04 a10 a21,0,0,0,0,23,27
3,4 10 24,0,,1,1,1,0,0,69
3,4 10 24,1,a04,0,0,0,0,36,69
3,4 10 24,1,a10,0,0,0,0,36,69
3,4 10 24,2,a04 a10,0,0,0,0,56,69
3,4 10 24,1,a24,0,0,0,0,46,69
3,4 10 24,2,a04 a24,0,0,0,0,55,69
3,4 10 24,2,a10 a24,0,0,0,0,55,69
3,4 10 24,3,a04 a10 a24,0,0,0,0,63,69
3,4 11 21,0,,1,1,1,0,0,27
3,4 11 21,1,a04,0,0,0,0,13,27
3,4 11 21,1,a11,1,1,1,0,5,27
3,4 11 21,2,a04 a11,0,0,0,0,18,27
3,4 11 21,1,a21,0,0,0,0,13,27
3,4 11 21,2,a04 a21,0,0,0,0,18,27
3,4 11 21,2,a11 a21,0,0,0,0,18,27
3,4 11 21,3,a04 a11 a21,0,0,0,0,23,27
3,4 12 13,0,,1,1,1,0,0,27
3,4 12 13,1,a04,1,1,1,0,5,27
3,4 12 13,1,a12,0,0,0,0,13,27
3,4 12 13,2,a04 a12,0,0,0,0,18,27
3,4 12 13,1,a13,0,0,0,0,13,27
3,4 12 13,2,a04 a13,0,0,0,0,18,27
3,4 12 13,2,a12 a13,0,0,0,0,18,27
3,4 12 13,3,a04 a12 a13,0,0,0,0,23,27
3,4 12 21,0,,1,1,1,0,0,27
3,4 12 21,1,a04,0,0,0,0,13,27
3,4 12 21,1,a12,1,1,1,0,5,27
3,4 12 21,2,a04 a12,0,0,0,0,18,27
3,4 12 21,1,a21,0,0,0,0,13,27
3,4 12 21,2,a04 a21,0,0,0,0,18,27
3,4 12 21,2,a12 a21,0,0,0,0,18,27
3,4 12 21,3,a04 a12 a21,0,0,0,0,23,27
3,4 12 22,0,,1,1,1,0,0,69
3,4 12 22,1,a04,0,0,0,0,36,69
3,4 12 22,1,a12,0,0,0,0,36,69
3,4 12 22,2,a04 a12,0,0,0,0,56,69
3,4 12 22,1,a22,0,0,0,0,46,69
3,4 12 22,2,a04 a22,0,0,0,0,55,69
3,4 12 22,2,a12 a22,0,0,0,0,55,69
3,4 12 22,3,a04 a12 a22,0,0,0,0,63,69
3,4 13 20,0,,1,1,1,0,0,69
3,4 13 20,1,a04,0,0,0,0,36,69
3,4 13 20,1,a13,0,0,0,0,36,69
3,4 13 20,2,a04 a13,0,0,0,0,56,69
3,4 13 20,1,a20,0,0,0,0,46,69
3,4 13 20,2,a04 a20,0,0,0,0,55,69
3,4 13 20,2,a13 a20,0,0,0,0,55,69
3,4 13 20,3,a04 a13 a20,0,0,0,0,63,69
3,4 13 21,0,,1,1,1,0,0,27
3,4 13 21,1,a04,0,0,0,0,13,27
3,4 13 21,1,a13,1,1,1,0,5,27
3,4 13 21,2,a04 a13,0,0,0,0,18,27
3,4 13 21,1,a21,0,0,0,0,13,27
3,4 13 21,2,a04 a21,0,0,0,0,18,27
3,4 13 21,2,a13 a21,0,0,0,0,18,27
3,4 13 21,3,a04 a13 a21,0,0,0,0,23,27
3,4 14 21,0,,1,1,1,0,0,27
3,4 14 21,1,a04,0,0,0,0,13,27
3,4 14 21,1,a14,1,1,1,0,5,27
3,4 14 21,2,a04 a14,0,0,0,0,18,27
3,4 14 21,1,a21,0,0,0,0,13,27
3,4 14 21,2,a04 a21,0,0,0,0,18,27
3,4 14 21,2,a14 a21,0,0,0,0,18,27
3,4 14 21,3,a04 a14 a21,0,0,0,0,23,27
3,4 15 18,0,,1,1,1,0,0,69
3,4 15 18,1,a04,0,0,0,0,36,69
3,4 15 18,1,a15,0,0,0,0,36,69
3,4 15 18,2,a04 a15,0,0,0,0,56,69
3,4 15 18,1,a18,0,0,0,0,46,69
3,4 15 18,2,a04 a18,0,0,0,0,55,69
3,4 15 18,2,a15 a18,0,0,0,0,55,69
3,4 15 18,3,a04 a15 a18,0,0,0,0,63,69
3,4 15 21,0,,1,1,1,0,0,27
3,4 15 21,1,a04,0,0,0,0,13,27
3,4 15 21,1,a15,1,1,1,0,5,27
3,4 15 21,2,a04 a15,0,0,0,0,18,27
3,4 15 21,1,a21,0,0,0,0,13,27
3,4 15 21,2,a04 a21,0,0,0,0,18,27
3,4 15 21,2,a15 a21,0,0,0,0,18,27
3,4 15 21,3,a04 a15 a21,0,0,0,0,23,27
3,4 16 21,0,,1,1,1,0,0,27
3,4 16 21,1,a04,0,0,0,0,13,27
3,4 16 21,1,a16,1,1,1,0,5,27
3,4 16 21,2,a04 a16,0,0,0,0,18,27
3,4 16 21,1,a21,0,0,0,0,13,27
3,4 16 21,2,a04 a21,0,0,0,0,18,27
3,4 16 21,2,a16 a21,0,0,0,0,18,27
3,4 16 21,3,a04 a16 a21,0,0,0,0,23,27
3,4 17 21,0,,1,1,1,0,0,43
3,4 17 21,1,a04,0,0,0,0,26,43
3,4 17 21,1,a17,1,1,1,0,16,43
3,4 17 21,2,a04 a17,0,0,0,0,32,43
3,4 17 21,1,a21,0,0,0,0,16,43
3,4 17 21,2,a04 a21,0,0,0,0,32,43
3,4 17 21,2,a17 a21,0,0,0,0,32,43
3,4 17 21,3,a04 a17 a21,0,0,0,0,38,43
3,4 18 21,0,,1,1,1,0,0,43
3,4 18 21,1,a04,0,0,0,0,26,43
3,4 18 21,1,a18,1,1,1,0,16,43
3,4 18 21,2,a04 a18,0,0,0,0,32,43
3,4 18 21,1,a21,0,0,0,0,16,43
3,4 18 21,2,a04 a21,0,0,0,0,32,43
3,4 18 21,2,a18 a21,0,0,0,0,32,43
3,4 18 21,3,a04 a18 a21,0,0,0,0,38,43
3,4 18 24,0,,1,1,1,0,0,108
3,4 18 24,1,a04,0,0,0,0,74,108
3,4 18 24,1,a18,0,0,0,0,67,108
3,4 18 24,2,a04 a18,0,0,0,0,91,108
3,4 18 24,1,a24,0,0,0,0,67,108
3,4 18 24,2,a04 a24,0,0,0,0,91,108
3,4 18 24,2,a18 a24,0,0,0,0,90,108
3,4 18 24,3,a04 a18 a24,0,0,0,0,100,108
3,4 19 21,0,,1,1,1,0,0,43
3,4 19 21,1,a04,0,0,0,0,26,43
3,4 19 21,1,a19,1,1,1,0,16,43
3,4 19 21,2,a04 a19,0,0,0,0,32,43
3,4 19 21,1,a21,0,0,0,0,16,43
3,4 19 21,2,a04 a21,0,0,0,0,32,43
3,4 19 21,2,a19 a21,0,0,0,0,32,43
3,4 19 21,3,a04 a19 a21,0,0,0,0,38,43
3,4 20 21,0,,1,1,1,0,0,43
3,4 20 21,1,a04,0,0,0,0,26,43
3,4 20 21,1,a20,1,1,1,0,16,43
3,4 20 21,2,a04 a20,0,0,0,0,32,43
3,4 20 21,1,a21,0,0,0,0,16,43
3,4 20 21,2,a04 a21,0,0,0,0,32,43
3,4 20 21,2,a20 a21,0,0,0,0,32,43
3,4 20 21,3,a04 a20 a21,0,0,0,0,38,43
3,4 20 22,0,,1,1,1,0,0,108
3,4 20 22,1,a04,0,0,0,0,74,108
3,4 20 22,1,a20,0,0,0,0,67,108
3,4 20 22,2,a04 a20,0,0,0,0,91,108
3,4 20 22,1,a22,0,0,0,0,67,108
3,4 20 22,2,a04 a22,0,0,0,0,91,108
3,4 20 22,2,a20 a22,0,0,0,0,90,108
3,4 20 22,3,a04 a20 a22,0,0,0,0,100,108
3,4 21 22,0,,1,1,1,0,0,43
3,4 21 22,1,a04,0,0,0,0,26,43
3,4 21 22,1,a21,0,0,0,0,16,43
3,4 21 22,2,a04 a21,0,0,0,0,32,43
3,4 21 22,1,a22,1,1,1,0,16,43
3,4 21 22,2,a04 a22,0,0,0,0,32,43
3,4 21 22,2,a21 a22,0,0,0,0,32,43
3,4 21 22,3,a04 a21 a22,0,0,0,0,38,43
3,4 21 23,0,,1,1,1,0,0,43
3,4 21 23,1,a04,0,0,0,0,26,43
3,4 21 23,1,a21,0,0,0,0,16,43
3,4 21 23,2,a04 a21,0,0,0,0,32,43
3,4 21 23,1,a23,1,1,1,0,16,43
3,4 21 23,2,a04 a23,0,0,0,0,32,43
3,4 21 23,2,a21 a23,0,0,0,0,32,43
3,4 21 23,3,a04 a21 a23,0,0,0,0,38,43
3,4 21 24,0,,1,1,1,0,0,43
3,4 21 24,1,a04,0,0,0,0,26,43
3,4 21 24,1,a21,0,0,0,0,16,43
3,4 21 24,2,a04 a21,0,0,0,0,32,43
3,4 21 24,1,a24,1,1,1,0,16,43
3,4 21 24,2,a04 a24,0,0,0,0,32,43
3,4 21 24,2,a21 a24,0,0,0,0,32,43
3,4 21 24,3,a04 a21 a24,0,0,0,0,38,43
3,4 21 25,0,,1,1,1,0,0,43
3,4 21 25,1,a04,0,0,0,0,26,43
3,4 21 25,1,a21,0,0,0,0,16,43
3,4 21 25,2,a04 a21,0,0,0,0,32,43
3,4 21 25,1,a25,1,1,1,0,16,43
3,4 21 25,2,a04 a25,0,0,0,0,32,43
3,4 21 25,2,a21 a25,0,0,0,0,32,43
3,4 21 25,3,a04 a21 a25,0,0,0,0,38,43
3,5 10 15,0,,1,1,1,0,0,27
3,5 10 15,1,a05,1,1,1,0,5,27
3,5 10 15,1,a10,0,0,0,0,13,27
3,5 10 15,2,a05 a10,0,0,0,0,18,27
3,5 10 15,1,a15,0,0,0,0,13,27
3,5 10 15,2,a05 a15,0,0,0,0,18,27
3,5 10 15,2,a10 a15,0,0,0,0,18,27
3,5 10 15,3,a05 a10 a15,0,0,0,0,23,27
3,5 12 13,0,,1,1,1,0,0,43
3,5 12 13,1,a05,1,1,1,0,16,43
3,5 12 13,1,a12,0,0,0,0,26,43
3,5 12 13,2,a05 a12,0,0,0,0,32,43
3,5 12 13,1,a13,0,0,0,0,16,43
3,5 12 13,2,a05 a13,0,0,0,0,32,43
3,5 12 13,2,a12 a13,0,0,0,0,32,43
3,5 12 13,3,a05 a12 a13,0,0,0,0,38,43
3,5 12 21,0,,1,1,1,0,0,69
3,5 12 21,1,a05,0,0,0,0,46,69
3,5 12 21,1,a12,0,0,0,0,36,69
3,5 12 21,2,a05 a12,0,0,0,0,55,69
3,5 12 21,1,a21,0,0,0,0,36,69
3,5 12 21,2,a05 a21,0,0,0,0,55,69
3,5 12 21,2,a12 a21,0,0,0,0,56,69
3,5 12 21,3,a05 a12 a21,0,0,0,0,63,69
3,5 12 22,0,,1,1,1,0,0,108
3,5 12 22,1,a05,0,0,0,0,67,108
3,5 12 22,1,a12,0,0,0,0,74,108
3,5 12 22,2,a05 a12,0,0,0,0,91,108
3,5 12 22,1,a22,0,0,0,0,67,108
3,5 12 22,2,a05 a22,0,0,0,0,90,108
3,5 12 22,2,a12 a22,0,0,0,0,91,108
3,5 12 22,3,a05 a12 a22,0,0,0,0,100,108
3,6 10 15,0,,1,1,1,0,0,43
3,6 10 15,1,a06,1,1,1,0,16,43
3,6 10 15,1,a10,0,0,0,0,26,43
3,6 10 15,2,a06 a10,0,0,0,0,32,43
3,6 10 15,1,a15,0,0,0,0,16,43
3,6 10 15,2,a06 a15,0,0,0,0,32,43
3,6 10 15,2,a10 a15,0,0,0,0,32,43
3,6 10 15,3,a06 a10 a15,0,0,0,0,38,43
3,6 12 13,0,,1,1,1,0,0,43
3,6 12 13,1,a06,1,1,1,0,16,43
3,6 12 13,1,a12,0,0,0,0,16,43
3,6 12 13,2,a06 a12,0,0,0,0,32,43
3,6 12 13,1,a13,0,0,0,0,26,43
3,6 12 13,2,a06 a13,0,0,0,0,32,43
3,6 12 13,2,a12 a13,0,0,0,0,32,43
3,6 12 13,3,a06 a12 a13,0,0,0,0,38,43
3,7 10 15,0,,1,1,1,0,0,43
3,7 10 15,1,a07,1,1,1,0,16,43
3,7 10 15,1,a10,0,0,0,0,26,43
3,7 10 15,2,a07 a10,0,0,0,0,32,43
3,7 10 15,1,a15,0,0,0,0,16,43
3,7 10 15,2,a07 a15,0,0,0,0,32,43
3,7 10 15,2,a10 a15,0,0,0,0,32,43
3,7 10 15,3,a07 a10 a15,0,0,0,0,38,43
3,7 10 21,0,,1,1,1,0,0,69
3,7 10 21,1,a07,0,0,0,0,46,69
3,7 10 21,1,a10,0,0,0,0,36,69
3,7 10 21,2,a07 a10,0,0,0,0,55,69
3,7 10 21,1,a21,0,0,0,0,36,69
3,7 10 21,2,a07 a21,0,0,0,0,55,69
3,7 10 21,2,a10 a21,0,0,0,0,56,69
3,7 10 21,3,a07 a10 a21,0,0,0,0,63,69
3,7 10 24,0,,1,1,1,0,0,108
3,7 10 24,1,a07,0,0,0,0,67,108
3,7 10 24,1,a10,0,0,0,0,74,108
3,7 10 24,2,a07 a10,0,0,0,0,91,108
3,7 10 24,1,a24,0,0,0,0,67,108
3,7 10 24,2,a07 a24,0,0,0,0,90,108
3,7 10 24,2,a10 a24,0,0,0,0,91,108
3,7 10 24,3,a07 a10 a24,0,0,0,0,100,108
3,7 12 13,0,,1,1,1,0,0,27
3,7 12 13,1,a07,1,1,1,0,5,27
3,7 12 13,1,a12,0,0,0,0,13,27
3,7 12 13,2,a07 a12,0,0,0,0,18,27
3,7 12 13,1,a13,0,0,0,0,13,27
3,7 12 13,2,a07 a13,0,0,0,0,18,27
3,7 12 13,2,a12 a13,0,0,0,0,18,27
3,7 12 13,3,a07 a12 a13,0,0,0,0,23,27
3,8 10 15,0,,1,1,1,0,0,43
3,8 10 15,1,a08,1,1,1,0,16,43
3,8 10 15,1,a10,0,0,0,0,26,43
3,8 10 15,2,a08 a10,0,0,0,0,32,43
3,8 10 15,1,a15,0,0,0,0,16,43
3,8 10 15,2,a08 a15,0,0,0,0,32,43
3,8 10 15,2,a10 a15,0,0,0,0,32,43
3,8 10 15,3,a08 a10 a15,0,0,0,0,38,43
3,8 12 13,0,,1,1,1,0,0,43
3,8 12 13,1,a08,1,1,1,0,16,43
3,8 12 13,1,a12,0,0,0,0,26,43
3,8 12 13,2,a08 a12,0,0,0,0,32,43
3,8 12 13,1,a13,0,0,0,0,16,43
3,8 12 13,2,a08 a13,0,0,0,0,32,43
3,8 12 13,2,a12 a13,0,0,0,0,32,43
3,8 12 13,3,a08 a12 a13,0,0,0,0,38,43
3,9 10 15,0,,1,1,1,0,0,43
3,9 10 15,1,a09,1,1,1,0,16,43
3,9 10 15,1,a10,0,0,0,0,16,43
3,9 10 15,2,a09 a10,0,0,0,0,32,43
3,9 10 15,1,a15,0,0,0,0,26,43
3,9 10 15,2,a09 a15,0,0,0,0,32,43
3,9 10 15,2,a10 a15,0,0,0,0,32,43
3,9 10 15,3,a09 a10 a15,0,0,0,0,38,43
3,9 11 15,0,,1,1,1,0,0,108
3,9 11 15,1,a09,0,0,0,0,67,108
3,9 11 15,1,a11,0,0,0,0,67,108
3,9 11 15,2,a09 a11,0,0,0,0,90,108
3,9 11 15,1,a15,0,0,0,0,74,108
3,9 11 15,2,a09 a15,0,0,0,0,91,108
3,9 11 15,2,a11 a15,0,0,0,0,91,108
3,9 11 15,3,a09 a11 a15,0,0,0,0,100,108
3,9 12 13,0,,1,1,1,0,0,43
3,9 12 13,1,a09,1,1,1,0,16,43
3,9 12 13,1,a12,0,0,0,0,16,43
3,9 12 13,2,a09 a12,0,0,0,0,32,43
3,9 12 13,1,a13,0,0,0,0,26,43
3,9 12 13,2,a09 a13,0,0,0,0,32,43
3,9 12 13,2,a12 a13,0,0,0,0,32,43
3,9 12 13,3,a09 a12 a13,0,0,0,0,38,43
3,9 13 14,0,,1,1,1,0,0,108
3,9 13 14,1,a09,0,0,0,0,67,108
3,9 13 14,1,a13,0,0,0,0,74,108
3,9 13 14,2,a09 a13,0,0,0,0,91,108
3,9 13 14,1,a14,0,0,0,0,67,108
3,9 13 14,2,a09 a14,0,0,0,0,90,108
3,9 13 14,2,a13 a14,0,0,0,0,91,108
3,9 13 14,3,a09 a13 a14,0,0,0,0,100,108
3,9 13 15,0,,1,1,1,0,0,69
3,9 13 15,1,a09,0,0,0,0,46,69
3,9 13 15,1,a13,0,0,0,0,36,69
3,9 13 15,2,a09 a13,0,0,0,0,55,69
3,9 13 15,1,a15,0,0,0,0,36,69
3,9 13 15,2,a09 a15,0,0,0,0,55,69
3,9 13 15,2,a13 a15,0,0,0,0,56,69
3,9 13 15,3,a09 a13 a15,0,0,0,0,63,69
3,10 11 15,0,,1,1,1,0,0,43
3,10 11 15,1,a10,0,0,0,0,16,43
3,10 11 15,1,a11,1,1,1,0,16,43
3,10 11 15,2,a10 a11,0,0,0,0,32,43
3,10 11 15,1,a15,0,0,0,0,26,43
3,10 11 15,2,a10 a15,0,0,0,0,32,43
3,10 11 15,2,a11 a15,0,0,0,0,32,43
3,10 11 15,3,a10 a11 a15,0,0,0,0,38,43
3,10 12 13,0,,1,1,1,0,0,27
3,10 12 13,1,a10,1,1,1,0,5,27
3,10 12 13,1,a12,0,0,0,0,13,27
3,10 12 13,2,a10 a12,0,0,0,0,18,27
3,10 12 13,1,a13,0,0,0,0,13,27
3,10 12 13,2,a10 a13,0,0,0,0,18,27
3,10 12 13,2,a12 a13,0,0,0,0,18,27
3,10 12 13,3,a10 a12 a13,0,0,0,0,23,27
3,10 12 15,0,,1,1,1,0,0,27
3,10 12 15,1,a10,0,0,0,0,13,27
3,10 12 15,1,a12,1,1,1,0,5,27
3,10 12 15,2,a10 a12,0,0,0,0,18,27
3,10 12 15,1,a15,0,0,0,0,13,27
3,10 12 15,2,a10 a15,0,0,0,0,18,27
3,10 12 15,2,a12 a15,0,0,0,0,18,27
3,10 12 15,3,a10 a12 a15,0,0,0,0,23,27
3,10 12 16,0,,1,1,1,0,0,69
3,10 12 16,1,a10,0,0,0,0,36,69
3,10 12 16,1,a12,0,0,0,0,36,69
3,10 12 16,2,a10 a12,0,0,0,0,56,69
3,10 12 16,1,a16,0,0,0,0,46,69
3,10 12 16,2,a10 a16,0,0,0,0,55,69
3,10 12 16,2,a12 a16,0,0,0,0,55,69
3,10 12 16,3,a10 a12 a16,0,0,0,0,63,69
3,10 13 14,0,,1,1,1,0,0,69
3,10 13 14,1,a10,0,0,0,0,36,69
3,10 13 14,1,a13,0,0,0,0,36,69
3,10 13 14,2,a10 a13,0,0,0,0,56,69
3,10 13 14,1,a14,0,0,0,0,46,69
3,10 13 14,2,a10 a14,0,0,0,0,55,69
3,10 13 14,2,a13 a14,0,0,0,0,55,69
3,10 13 14,3,a10 a13 a14,0,0,0,0,63,69
3,10 13 15,0,,1,1,1,0,0,27
3,10 13 15,1,a10,0,0,0,0,13,27
3,10 13 15,1,a13,1,1,1,0,5,27
3,10 13 15,2,a10 a13,0,0,0,0,18,27
3,10 13 15,1,a15,0,0,0,0,13,27
3,10 13 15,2,a10 a15,0,0,0,0,18,27
3,10 13 15,2,a13 a15,0,0,0,0,18,27
3,10 13 15,3,a10 a13 a15,0,0,0,0,23,27
3,10 14 15,0,,1,1,1,0,0,43
3,10 14 15,1,a10,0,0,0,0,26,43
3,10 14 15,1,a14,1,1,1,0,16,43
3,10 14 15,2,a10 a14,0,0,0,0,32,43
3,10 14 15,1,a15,0,0,0,0,16,43
3,10 14 15,2,a10 a15,0,0,0,0,32,43
3,10 14 15,2,a14 a15,0,0,0,0,32,43
3,10 14 15,3,a10 a14 a15,0,0,0,0,38,43
3,10 14 16,0,,1,1,1,0,0,108
3,10 14 16,1,a10,0,0,0,0,74,108
3,10 14 16,1,a14,0,0,0,0,67,108
3,10 14 16,2,a10 a14,0,0,0,0,91,108
3,10 14 16,1,a16,0,0,0,0,67,108
3,10 14 16,2,a10 a16,0,0,0,0,91,108
3,10 14 16,2,a14 a16,0,0,0,0,90,108
3,10 14 16,3,a10 a14 a16,0,0,0,0,100,108
3,10 15 16,0,,1,1,1,0,0,43
3,10 15 16,1,a10,0,0,0,0,26,43
3,10 15 16,1,a15,0,0,0,0,16,43
3,10 15 16,2,a10 a15,0,0,0,0,32,43
3,10 15 16,1,a16,1,1,1,0,16,43
3,10 15 16,2,a10 a16,0,0,0,0,32,43
3,10 15 16,2,a15 a16,0,0,0,0,32,43
3,10 15 16,3,a10 a15 a16,0,0,0,0,38,43
3,10 15 17,0,,1,1,1,0,0,43
3,10 15 17,1,a10,0,0,0,0,16,43
3,10 15 17,1,a15,0,0,0,0,26,43
3,10 15 17,2,a10 a15,0,0,0,0,32,43
3,10 15 17,1,a17,1,1,1,0,16,43
3,10 15 17,2,a10 a17,0,0,0,0,32,43
3,10 15 17,2,a15 a17,0,0,0,0,32,43
3,10 15 17,3,a10 a15 a17,0,0,0,0,38,43
3,10 15 18,0,,1,1,1,0,0,43
3,10 15 18,1,a10,0,0,0,0,16,43
3,10 15 18,1,a15,0,0,0,0,26,43
3,10 15 18,2,a10 a15,0,0,0,0,32,43
3,10 15 18,1,a18,1,1,1,0,16,43
3,10 15 18,2,a10 a18,0,0,0,0,32,43
3,10 15 18,2,a15 a18,0,0,0,0,32,43
3,10 15 18,3,a10 a15 a18,0,0,0,0,38,43
3,10 15 19,0,,1,1,1,0,0,43
3,10 15 19,1,a10,0,0,0,0,16,43
3,10 15 19,1,a15,0,0,0,0,26,43
3,10 15 19,2,a10 a15,0,0,0,0,32,43
3,10 15 19,1,a19,1,1,1,0,16,43
3,10 15 19,2,a10 a19,0,0,0,0,32,43
3,10 15 19,2,a15 a19,0,0,0,0,32,43
3,10 15 19,3,a10 a15 a19,0,0,0,0,38,43
3,10 15 20,0,,1,1,1,0,0,27
3,10 15 20,1,a10,0,0,0,0,13,27
3,10 15 20,1,a15,0,0,0,0,13,27
3,10 15 20,2,a10 a15,0,0,0,0,18,27
3,10 15 20,1,a20,1,1,1,0,5,27
3,10 15 20,2,a10 a20,0,0,0,0,18,27
3,10 15 20,2,a15 a20,0,0,0,0,18,27
3,10 15 20,3,a10 a15 a20,0,0,0,0,23,27
3,10 15 21,0,,1,1,1,0,0,27
3,10 15 21,1,a10,0,0,0,0,13,27
3,10 15 21,1,a15,0,0,0,0,13,27
3,10 15 21,2,a10 a15,0,0,0,0,18,27
3,10 15 21,1,a21,1,1,1,0,5,27
3,10 15 21,2,a10 a21,0,0,0,0,18,27
3,10 15 21,2,a15 a21,0,0,0,0,18,27
3,10 15 21,3,a10 a15 a21,0,0,0,0,23,27
3,10 15 22,0,,1,1,1,0,0,27
3,10 15 22,1,a10,0,0,0,0,13,27
3,10 15 22,1,a15,0,0,0,0,13,27
3,10 15 22,2,a10 a15,0,0,0,0,18,27
3,10 15 22,1,a22,1,1,1,0,5,27
3,10 15 22,2,a10 a22,0,0,0,0,18,27
3,10 15 22,2,a15 a22,0,0,0,0,18,27
3,10 15 22,3,a10 a15 a22,0,0,0,0,23,27
3,10 15 23,0,,1,1,1,0,0,43
3,10 15 23,1,a10,0,0,0,0,26,43
3,10 15 23,1,a15,0,0,0,0,16,43
3,10 15 23,2,a10 a15,0,0,0,0,32,43
3,10 15 23,1,a23,1,1,1,0,16,43
3,10 15 23,2,a10 a23,0,0,0,0,32,43
3,10 15 23,2,a15 a23,0,0,0,0,32,43
3,10 15 23,3,a10 a15 a23,0,0,0,0,38,43
3,10 15 24,0,,1,1,1,0,0,43
3,10 15 24,1,a10,0,0,0,0,26,43
3,10 15 24,1,a15,0,0,0,0,16,43
3,10 15 24,2,a10 a15,0,0,0,0,32,43
3,10 15 24,1,a24,1,1,1,0,16,43
3,10 15 24,2,a10 a24,0,0,0,0,32,43
3,10 15 24,2,a15 a24,0,0,0,0,32,43
3,10 15 24,3,a10 a15 a24,0,0,0,0,38,43
3,10 15 25,0,,1,1,1,0,0,43
3,10 15 25,1,a10,0,0,0,0,26,43
3,10 15 25,1,a15,0,0,0,0,16,43
3,10 15 25,2,a10 a15,0,0,0,0,32,43
3,10 15 25,1,a25,1,1,1,0,16,43
3,10 15 25,2,a10 a25,0,0,0,0,32,43
3,10 15 25,2,a15 a25,0,0,0,0,32,43
3,10 15 25,3,a10 a15 a25,0,0,0,0,38,43
3,11 12 13,0,,1,1,1,0,0,43
3,11 12 13,1,a11,1,1,1,0,16,43
3,11 12 13,1,a12,0,0,0,0,26,43
3,11 12 13,2,a11 a12,0,0,0,0,32,43
3,11 12 13,1,a13,0,0,0,0,16,43
3,11 12 13,2,a11 a13,0,0,0,0,32,43
3,11 12 13,2,a12 a13,0,0,0,0,32,43
3,11 12 13,3,a11 a12 a13,0,0,0,0,38,43
3,11 12 15,0,,1,1,1,0,0,69
3,11 12 15,1,a11,0,0,0,0,46,69
3,11 12 15,1,a12,0,0,0,0,36,69
3,11 12 15,2,a11 a12,0,0,0,0,55,69
3,11 12 15,1,a15,0,0,0,0,36,69
3,11 12 15,2,a11 a15,0,0,0,0,55,69
3,11 12 15,2,a12 a15,0,0,0,0,56,69
3,11 12 15,3,a11 a12 a15,0,0,0,0,63,69
3,11 12 16,0,,1,1,1,0,0,108
3,11 12 16,1,a11,0,0,0,0,67,108
3,11 12 16,1,a12,0,0,0,0,74,108
3,11 12 16,2,a11 a12,0,0,0,0,91,108
3,11 12 16,1,a16,0,0,0,0,67,108
3,11 12 16,2,a11 a16,0,0,0,0,90,108
3,11 12 16,2,a12 a16,0,0,0,0,91,108
3,11 12 16,3,a11 a12 a16,0,0,0,0,100,108
3,12 13 14,0,,1,1,1,0,0,43
3,12 13 14,1,a12,0,0,0,0,16,43
3,12 13 14,1,a13,0,0,0,0,26,43
3,12 13 14,2,a12 a13,0,0,0,0,32,43
3,12 13 14,1,a14,1,1,1,0,16,43
3,12 13 14,2,a12 a14,0,0,0,0,32,43
3,12 13 14,2,a13 a14,0,0,0,0,32,43
3,12 13 14,3,a12 a13 a14,0,0,0,0,38,43
3,12 13 15,0,,1,1,1,0,0,27
3,12 13 15,1,a12,0,0,0,0,13,27
3,12 13 15,1,a13,0,0,0,0,13,27
3,12 13 15,2,a12 a13,0,0,0,0,18,27
3,12 13 15,1,a15,1,1,1,0,5,27
3,12 13 15,2,a12 a15,0,0,0,0,18,27
3,12 13 15,2,a13 a15,0,0,0,0,18,27
3,12 13 15,3,a12 a13 a15,0,0,0,0,23,27
3,12 13 16,0,,1,1,1,0,0,43
3,12 13 16,1,a12,0,0,0,0,26,43
3,12 13 16,1,a13,0,0,0,0,16,43
3,12 13 16,2,a12 a13,0,0,0,0,32,43
3,12 13 16,1,a16,1,1,1,0,16,43
3,12 13 16,2,a12 a16,0,0,0,0,32,43
3,12 13 16,2,a13 a16,0,0,0,0,32,43
3,12 13 16,3,a12 a13 a16,0,0,0,0,38,43
3,12 13 17,0,,1,1,1,0,0,43
3,12 13 17,1,a12,0,0,0,0,16,43
3,12 13 17,1,a13,0,0,0,0,26,43
3,12 13 17,2,a12 a13,0,0,0,0,32,43
3,12 13 17,1,a17,1,1,1,0,16,43
3,12 13 17,2,a12 a17,0,0,0,0,32,43
3,12 13 17,2,a13 a17,0,0,0,0,32,43
3,12 13 17,3,a12 a13 a17,0,0,0,0,38,43
3,12 13 18,0,,1,1,1,0,0,27
3,12 13 18,1,a12,0,0,0,0,13,27
3,12 13 18,1,a13,0,0,0,0,13,27
3,12 13 18,2,a12 a13,0,0,0,0,18,27
3,12 13 18,1,a18,1,1,1,0,5,27
3,12 13 18,2,a12 a18,0,0,0,0,18,27
3,12 13 18,2,a13 a18,0,0,0,0,18,27
3,12 13 18,3,a12 a13 a18,0,0,0,0,23,27
3,12 13 19,0,,1,1,1,0,0,43
3,12 13 19,1,a12,0,0,0,0,26,43
3,12 13 19,1,a13,0,0,0,0,16,43
3,12 13 19,2,a12 a13,0,0,0,0,32,43
3,12 13 19,1,a19,1,1,1,0,16,43
3,12 13 19,2,a12 a19,0,0,0,0,32,43
3,12 13 19,2,a13 a19,0,0,0,0,32,43
3,12 13 19,3,a12 a13 a19,0,0,0,0,38,43
3,12 13 20,0,,1,1,1,0,0,43
3,12 13 20,1,a12,0,0,0,0,16,43
3,12 13 20,1,a13,0,0,0,0,26,43
3,12 13 20,2,a12 a13,0,0,0,0,32,43
3,12 13 20,1,a20,1,1,1,0,16,43
3,12 13 20,2,a12 a20,0,0,0,0,32,43
3,12 13 20,2,a13 a20,0,0,0,0,32,43
3,12 13 20,3,a12 a13 a20,0,0,0,0,38,43
3,12 13 21,0,,1,1,1,0,0,27
3,12 13 21,1,a12,0,0,0,0,13,27
3,12 13 21,1,a13,0,0,0,0,13,27
3,12 13 21,2,a12 a13,0,0,0,0,18,27
3,12 13 21,1,a21,1,1,1,0,5,27
3,12 13 21,2,a12 a21,0,0,0,0,18,27
3,12 13 21,2,a13 a21,0,0,0,0,18,27
3,12 13 21,3,a12 a13 a21,0,0,0,0,23,27
3,12 13 22,0,,1,1,1,0,0,43
3,12 13 22,1,a12,0,0,0,0,26,43
3,12 13 22,1,a13,0,0,0,0,16,43
3,12 13 22,2,a12 a13,0,0,0,0,32,43
3,12 13 22,1,a22,1,1,1,0,16,43
3,12 13 22,2,a12 a22,0,0,0,0,32,43
3,12 13 22,2,a13 a22,0,0,0,0,32,43
3,12 13 22,3,a12 a13 a22,0,0,0,0,38,43
3,12 13 23,0,,1,1,1,0,0,43
3,12 13 23,1,a12,0,0,0,0,16,43
3,12 13 23,1,a13,0,0,0,0,26,43
3,12 13 23,2,a12 a13,0,0,0,0,32,43
3,12 13 23,1,a23,1,1,1,0,16,43
3,12 13 23,2,a12 a23,0,0,0,0,32,43
3,12 13 23,2,a13 a23,0,0,0,0,32,43
3,12 13 23,3,a12 a13 a23,0,0,0,0,38,43
3,12 13 24,0,,1,1,1,0,0,27
3,12 13 24,1,a12,0,0,0,0,13,27
3,12 13 24,1,a13,0,0,0,0,13,27
3,12 13 24,2,a12 a13,0,0,0,0,18,27
3,12 13 24,1,a24,1,1,1,0,5,27
3,12 13 24,2,a12 a24,0,0,0,0,18,27
3,12 13 24,2,a13 a24,0,0,0,0,18,27
3,12 13 24,3,a12 a13 a24,0,0,0,0,23,27
3,12 13 25,0,,1,1,1,0,0,43
3,12 13 25,1,a12,0,0,0,0,26,43
3,12 13 25,1,a13,0,0,0,0,16,43
3,12 13 25,2,a12 a13,0,0,0,0,32,43
3,12 13 25,1,a25,1,1,1,0,16,43
3,12 13 25,2,a12 a25,0,0,0,0,32,43
3,12 13 25,2,a13 a25,0,0,0,0,32,43
3,12 13 25,3,a12 a13 a25,0,0,0,0,38,43
4,0 1 4 21,0,,1,1,1,0,0,81
4,0 1 4 21,1,a00,1,1,1,0,22,81
4,0 1 4 21,1,a01,1,1,1,0,22,81
4,0 1 4 21,2,a00 a01,1,1,1,0,44,81
4,0 1 4 21,1,a04,0,0,0,0,22,81
4,0 1 4 21,2,a00 a04,0,0,0,0,44,81
4,0 1 4 21,2,a01 a04,0,0,0,0,44,81
4,0 1 4 21,3,a00 a01 a04,0,0,0,0,66,81
4,0 1 4 21,1,a21,0,0,0,0,50,81
4,0 1 4 21,2,a00 a21,0,0,0,0,58,81
4,0 1 4 21,2,a01 a21,0,0,0,0,58,81
4,0 1 4 21,3,a00 a01 a21,0,0,0,0,66,81
4,0 1 4 21,2,a04 a21,0,0,0,0,58,81
4,0 1 4 21,3,a00 a04 a21,0,0,0,0,66,81
4,0 1 4 21,3,a01 a04 a21,0,0,0,0,66,81
4,0 1 4 21,4,a00 a01 a04 a21,0,0,0,0,74,81
4,0 1 7 21,0,,1,1,1,0,0,279
4,0 1 7 21,1,a00,1,1,1,0,107,279
4,0 1 7 21,1,a01,0,0,0,0,107,279
4,0 1 7 21,2,a00 a01,0,0,0,0,214,279
4,0 1 7 21,1,a07,0,0,0,0,180,279
4,0 1 7 21,2,a00 a07,0,0,0,0,215,279
4,0 1 7 21,2,a01 a07,0,0,0,0,215,279
4,0 1 7 21,3,a00 a01 a07,0,0,0,0,250,279
4,0 1 7 21,1,a21,0,0,0,0,202,279
4,0 1 7 21,2,a00 a21,0,0,0,0,227,279
4,0 1 7 21,2,a01 a21,0,0,0,0,227,279
4,0 1 7 21,3,a00 a01 a21,0,0,0,0,252,279
4,0 1 7 21,2,a07 a21,0,0,0,0,240,279
4,0 1 7 21,3,a00 a07 a21,0,0,0,0,253,279
4,0 1 7 21,3,a01 a07 a21,0,0,0,0,253,279
4,0 1 7 21,4,a00 a01 a07 a21,0,0,0,0,266,279
4,0 1 10 15,0,,1,1,1,0,0,81
4,0 1 10 15,1,a00,1,1,1,0,22,81
4,0 1 10 15,1,a01,1,1,1,0,22,81
4,0 1 10 15,2,a00 a01,1,1,1,0,44,81
4,0 1 10 15,1,a10,0,0,0,0,22,81
4,0 1 10 15,2,a00 a10,0,0,0,0,44,81
4,0 1 10 15,2,a01 a10,0,0,0,0,44,81
4,0 1 10 15,3,a00 a01 a10,0,0,0,0,66,81
4,0 1 10 15,1,a15,0,0,0,0,50,81
4,0 1 10 15,2,a00 a15,0,0,0,0,58,81
4,0 1 10 15,2,a01 a15,0,0,0,0,58,81
4,0 1 10 15,3,a00 a01 a15,0,0,0,0,66,81
4,0 1 10 15,2,a10 a15,0,0,0,0,58,81
4,0 1 10 15,3,a00 a10 a15,0,0,0,0,66,81
4,0 1 10 15,3,a01 a10 a15,0,0,0,0,66,81
4,0 1 10 15,4,a00 a01 a10 a15,0,0,0,0,74,81
4,0 1 12 13,0,,1,1,1,0,0,44
4,0 1 12 13,1,a00,1,1,1,0,16,44
4,0 1 12 13,1,a01,1,1,1,0,6,44
4,0 1 12 13,2,a00 a01,1,1,1,0,17,44
4,0 1 12 13,1,a12,0,0,0,0,16,44
4,0 1 12 13,2,a00 a12,0,0,0,0,32,44
4,0 1 12 13,2,a01 a12,0,0,0,0,22,44
4,0 1 12 13,3,a00 a01 a12,0,0,0,0,33,44
4,0 1 12 13,1,a13,0,0,0,0,26,44
4,0 1 12 13,2,a00 a13,0,0,0,0,32,44
4,0 1 12 13,2,a01 a13,0,0,0,0,27,44
4,0 1 12 13,3,a00 a01 a13,0,0,0,0,33,44
4,0 1 12 13,2,a12 a13,0,0,0,0,32,44
4,0 1 12 13,3,a00 a12 a13,0,0,0,0,38,44
4,0 1 12 13,3,a01 a12 a13,0,0,0,0,33,44
4,0 1 12 13,4,a00 a01 a12 a13,0,0,0,0,39,44
4,0 1 15 18,0,,1,1,1,0,0,279
4,0 1 15 18,1,a00,1,1,1,0,107,279
4,0 1 15 18,1,a01,0,0,0,0,107,279
4,0 1 15 18,2,a00 a01,0,0,0,0,214,279
4,0 1 15 18,1,a15,0,0,0,0,202,279
4,0 1 15 18,2,a00 a15,0,0,0,0,227,279
4,0 1 15 18,2,a01 a15,0,0,0,0,227,279
4,0 1 15 18,3,a00 a01 a15,0,0,0,0,252,279
4,0 1 15 18,1,a18,0,0,0,0,180,279
4,0 1 15 18,2,a00 a18,0,0,0,0,215,279
4,0 1 15 18,2,a01 a18,0,0,0,0,215,279
4,0 1 15 18,3,a00 a01 a18,0,0,0,0,250,279
4,0 1 15 18,2,a15 a18,0,0,0,0,240,279
4,0 1 15 18,3,a00 a15 a18,0,0,0,0,253,279
4,0 1 15 18,3,a01 a15 a18,0,0,0,0,253,279
4,0 1 15 18,4,a00 a01 a15 a18,0,0,0,0,266,279
4,0 1 15 21,0,,1,1,1,0,0,194
4,0 1 15 21,1,a00,1,1,1,0,78,194
4,0 1 15 21,1,a01,0,0,0,0,78,194
4,0 1 15 21,2,a00 a01,0,0,0,0,156,194
4,0 1 15 21,1,a15,0,0,0,0,109,194
4,0 1 15 21,2,a00 a15,0,0,0,0,140,194
4,0 1 15 21,2,a01 a15,0,0,0,0,140,194
4,0 1 15 21,3,a00 a01 a15,0,0,0,0,171,194
4,0 1 15 21,1,a21,0,0,0,0,109,194
4,0 1 15 21,2,a00 a21,0,0,0,0,140,194
4,0 1 15 21,2,a01 a21,0,0,0,0,140,194
4,0 1 15 21,3,a00 a01 a21,0,0,0,0,171,194
4,0 1 15 21,2,a15 a21,0,0,0,0,162,194
4,0 1 15 21,3,a00 a15 a21,0,0,0,0,173,194
4,0 1 15 21,3,a01 a15 a21,0,0,0,0,173,194
4,0 1 15 21,4,a00 a01 a15 a21,0,0,0,0,184,194
4,0 2 4 21,0,,1,1,1,0,0,166
4,0 2 4 21,1,a00,1,1,1,0,87,166
4,0 2 4 21,1,a02,1,1,1,0,87,166
4,0 2 4 21,2,a00 a02,1,1,1,0,116,166
4,0 2 4 21,1,a04,0,0,0,0,28,166
4,0 2 4 21,2,a00 a04,0,0,0,0,115,166
4,0 2 4 21,2,a02 a04,0,0,0,0,115,166
4,0 2 4 21,3,a00 a02 a04,0,0,0,0,144,166
4,0 2 4 21,1,a21,0,0,0,0,114,166
4,0 2 4 21,2,a00 a21,0,0,0,0,135,166
4,0 2 4 21,2,a02 a21,0,0,0,0,135,166
4,0 2 4 21,3,a00 a02 a21,0,0,0,0,146,166
4,0 2 4 21,2,a04 a21,0,0,0,0,124,166
4,0 2 4 21,3,a00 a04 a21,0,0,0,0,145,166
4,0 2 4 21,3,a02 a04 a21,0,0,0,0,145,166
4,0 2 4 21,4,a00 a02 a04 a21,0,0,0,0,156,166
4,0 2 7 21,0,,1,1,1,0,0,769
4,0 2 7 21,1,a00,0,0,0,0,508,769
4,0 2 7 21,1,a02,0,0,0,0,508,769
4,0 2 7 21,2,a00 a02,0,0,0,0,661,769
4,0 2 7 21,1,a07,0,0,0,0,552,769
4,0 2 7 21,2,a00 a07,0,0,0,0,664,769
4,0 2 7 21,2,a02 a07,0,0,0,0,664,769
4,0 2 7 21,3,a00 a02 a07,0,0,0,0,716,769
4,0 2 7 21,1,a21,0,0,0,0,628,769
4,0 2 7 21,2,a00 a21,0,0,0,0,684,769
4,0 2 7 21,2,a02 a21,0,0,0,0,684,769
4,0 2 7 21,3,a00 a02 a21,0,0,0,0,720,769
4,0 2 7 21,2,a07 a21,0,0,0,0,685,769
4,0 2 7 21,3,a00 a07 a21,0,0,0,0,721,769
4,0 2 7 21,3,a02 a07 a21,0,0,0,0,721,769
4,0 2 7 21,4,a00 a02 a07 a21,0,0,0,0,741,769
4,0 2 10 15,0,,1,1,1,0,0,166
4,0 2 10 15,1,a00,1,1,1,0,87,166
4,0 2 10 15,1,a02,1,1,1,0,87,166
4,0 2 10 15,2,a00 a02,1,1,1,0,116,166
4,0 2 10 15,1,a10,0,0,0,0,28,166
4,0 2 10 15,2,a00 a10,0,0,0,0,115,166
4,0 2 10 15,2,a02 a10,0,0,0,0,115,166
4,0 2 10 15,3,a00 a02 a10,0,0,0,0,144,166
4,0 2 10 15,1,a15,0,0,0,0,114,166
4,0 2 10 15,2,a00 a15,0,0,0,0,135,166
4,0 2 10 15,2,a02 a15,0,0,0,0,135,166
4,0 2 10 15,3,a00 a02 a15,0,0,0,0,146,166
4,0 2 10 15,2,a10 a15,0,0,0,0,124,166
4,0 2 10 15,3,a00 a10 a15,0,0,0,0,145,166
4,0 2 10 15,3,a02 a10 a15,0,0,0,0,145,166
4,0 2 10 15,4,a00 a02 a10 a15,0,0,0,0,156,166
4,0 2 12 13,0,,1,1,1,0,0,70
4,0 2 12 13,1,a00,1,1,1,0,25,70
4,0 2 12 13,1,a02,1,1,1,0,25,70
4,0 2 12 13,2,a00 a02,1,1,1,0,38,70
4,0 2 12 13,1,a12,0,0,0,0,31,70
4,0 2 12 13,2,a00 a12,0,0,0,0,50,70
4,0 2 12 13,2,a02 a12,0,0,0,0,44,70
4,0 2 12 13,3,a00 a02 a12,0,0,0,0,57,70
4,0 2 12 13,1,a13,0,0,0,0,31,70
4,0 2 12 13,2,a00 a13,0,0,0,0,44,70
4,0 2 12 13,2,a02 a13,0,0,0,0,50,70
4,0 2 12 13,3,a00 a02 a13,0,0,0,0,57,70
4,0 2 12 13,2,a12 a13,0,0,0,0,44,70
4,0 2 12 13,3,a00 a12 a13,0,0,0,0,57,70
4,0 2 12 13,3,a02 a12 a13,0,0,0,0,57,70
4,0 2 12 13,4,a00 a02 a12 a13,0,0,0,0,64,70
4,0 2 15 18,0,,1,1,1,0,0,769
4,0 2 15 18,1,a00,0,0,0,0,508,769
4,0 2 15 18,1,a02,0,0,0,0,508,769
4,0 2 15 18,2,a00 a02,0,0,0,0,661,769
4,0 2 15 18,1,a15,0,0,0,0,628,769
4,0 2 15 18,2,a00 a15,0,0,0,0,684,769
4,0 2 15 18,2,a02 a15,0,0,0,0,684,769
4,0 2 15 18,3,a00 a02 a15,0,0,0,0,720,769
4,0 2 15 18,1,a18,0,0,0,0,552,769
4,0 2 15 18,2,a00 a18,0,0,0,0,664,769
4,0 2 15 18,2,a02 a18,0,0,0,0,664,769
4,0 2 15 18,3,a00 a02 a18,0,0,0,0,716,769
4,0 2 15 18,2,a15 a18,0,0,0,0,685,769
4,0 2 15 18,3,a00 a15 a18,0,0,0,0,721,769
4,0 2 15 18,3,a02 a15 a18,0,0,0,0,721,769
4,0 2 15 18,4,a00 a02 a15 a18,0,0,0,0,741,769
4,0 2 15 21,0,,1,1,1,0,0,606
4,0 2 15 21,1,a00,0,0,0,0,420,606
4,0 2 15 21,1,a02,0,0,0,0,420,606
4,0 2 15 21,2,a00 a02,0,0,0,0,536,606
4,0 2 15 21,1,a15,0,0,0,0,416,606
4,0 2 15 21,2,a00 a15,0,0,0,0,517,606
4,0 2 15 21,2,a02 a15,0,0,0,0,517,606
4,0 2 15 21,3,a00 a02 a15,0,0,0,0,563,606
4,0 2 15 21,1,a21,0,0,0,0,416,606
4,0 2 15 21,2,a00 a21,0,0,0,0,517,606
4,0 2 15 21,2,a02 a21,0,0,0,0,517,606
4,0 2 15 21,3,a00 a02 a21,0,0,0,0,563,606
4,0 2 15 21,2,a15 a21,0,0,0,0,532,606
4,0 2 15 21,3,a00 a15 a21,0,0,0,0,565,606
4,0 2 15 21,3,a02 a15 a21,0,0,0,0,565,606
4,0 2 15 21,4,a00 a02 a15 a21,0,0,0,0,583,606
4,0 3 4 21,0,,1,1,1,0,0,81
4,0 3 4 21,1,a00,1,1,1,0,22,81
4,0 3 4 21,1,a03,1,1,1,0,22,81
4,0 3 4 21,2,a00 a03,1,1,1,0,44,81
4,0 3 4 21,1,a04,0,0,0,0,22,81
4,0 3 4 21,2,a00 a04,0,0,0,0,44,81
4,0 3 4 21,2,a03 a04,0,0,0,0,44,81
4,0 3 4 21,3,a00 a03 a04,0,0,0,0,66,81
4,0 3 4 21,1,a21,0,0,0,0,50,81
4,0 3 4 21,2,a00 a21,0,0,0,0,58,81
4,0 3 4 21,2,a03 a21,0,0,0,0,58,81
4,0 3 4 21,3,a00 a03 a21,0,0,0,0,66,81
4,0 3 4 21,2,a04 a21,0,0,0,0,58,81
4,0 3 4 21,3,a00 a04 a21,0,0,0,0,66,81
4,0 3 4 21,3,a03 a04 a21,0,0,0,0,66,81
4,0 3 4 21,4,a00 a03 a04 a21,0,0,0,0,74,81
4,0 3 5 21,0,,1,1,1,0,0,279
4,0 3 5 21,1,a00,1,1,1,0,107,279
4,0 3 5 21,1,a03,0,0,0,0,107,279
4,0 3 5 21,2,a00 a03,0,0,0,0,214,279
4,0 3 5 21,1,a05,0,0,0,0,180,279
4,0 3 5 21,2,a00 a05,0,0,0,0,215,279
4,0 3 5 21,2,a03 a05,0,0,0,0,215,279
4,0 3 5 21,3,a00 a03 a05,0,0,0,0,250,279
4,0 3 5 21,1,a21,0,0,0,0,202,279
4,0 3 5 21,2,a00 a21,0,0,0,0,227,279
4,0 3 5 21,2,a03 a21,0,0,0,0,227,279
4,0 3 5 21,3,a00 a03 a21,0,0,0,0,252,279
4,0 3 5 21,2,a05 a21,0,0,0,0,240,279
4,0 3 5 21,3,a00 a05 a21,0,0,0,0,253,279
4,0 3 5 21,3,a03 a05 a21,0,0,0,0,253,279
4,0 3 5 21,4,a00 a03 a05 a21,0,0,0,0,266,279
4,0 3 10 15,0,,1,1,1,0,0,44
4,0 3 10 15,1,a00,1,1,1,0,16,44
4,0 3 10 15,1,a03,1,1,1,0,6,44
4,0 3 10 15,2,a00 a03,1,1,1,0,17,44
4,0 3 10 15,1,a10,0,0,0,0,16,44
4,0 3 10 15,2,a00 a10,0,0,0,0,32,44
4,0 3 10 15,2,a03 a10,0,0,0,0,22,44
4,0 3 10 15,3,a00 a03 a10,0,0,0,0,33,44
4,0 3 10 15,1,a15,0,0,0,0,26,44
4,0 3 10 15,2,a00 a15,0,0,0,0,32,44
4,0 3 10 15,2,a03 a15,0,0,0,0,27,44
4,0 3 10 15,3,a00 a03 a15,0,0,0,0,33,44
4,0 3 10 15,2,a10 a15,0,0,0,0,32,44
4,0 3 10 15,3,a00 a10 a15,0,0,0,0,38,44
4,0 3 10 15,3,a03 a10 a15,0,0,0,0,33,44
4,0 3 10 15,4,a00 a03 a10 a15,0,0,0,0,39,44
4,0 3 12 13,0,,1,1,1,0,0,81
4,0 3 12 13,1,a00,1,1,1,0,22,81
4,0 3 12 13,1,a03,1,1,1,0,22,81
4,0 3 12 13,2,a00 a03,1,1,1,0,44,81
4,0 3 12 13,1,a12,0,0,0,0,22,81
4,0 3 12 13,2,a00 a12,0,0,0,0,44,81
4,0 3 12 13,2,a03 a12,0,0,0,0,44,81
4,0 3 12 13,3,a00 a03 a12,0,0,0,0,66,81
4,0 3 12 13,1,a13,0,0,0,0,50,81
4,0 3 12 13,2,a00 a13,0,0,0,0,58,81
4,0 3 12 13,2,a03 a13,0,0,0,0,58,81
4,0 3 12 13,3,a00 a03 a13,0,0,0,0,66,81
4,0 3 12 13,2,a12 a13,0,0,0,0,58,81
4,0 3 12 13,3,a00 a12 a13,0,0,0,0,66,81
4,0 3 12 13,3,a03 a12 a13,0,0,0,0,66,81
4,0 3 12 13,4,a00 a03 a12 a13,0,0,0,0,74,81
4,0 3 13 20,0,,1,1,1,0,0,279
4,0 3 13 20,1,a00,1,1,1,0,107,279
4,0 3 13 20,1,a03,0,0,0,0,107,279
4,0 3 13 20,2,a00 a03,0,0,0,0,214,279
4,0 3 13 20,1,a13,0,0,0,0,202,279
4,0 3 13 20,2,a00 a13,0,0,0,0,227,279
4,0 3 13 20,2,a03 a13,0,0,0,0,227,279
4,0 3 13 20,3,a00 a03 a13,0,0,0,0,252,279
4,0 3 13 20,1,a20,0,0,0,0,180,279
4,0 3 13 20,2,a00 a20,0,0,0,0,215,279
4,0 3 13 20,2,a03 a20,0,0,0,0,215,279
4,0 3 13 20,3,a00 a03 a20,0,0,0,0,250,279
4,0 3 13 20,2,a13 a20,0,0,0,0,240,279
4,0 3 13 20,3,a00 a13 a20,0,0,0,0,253,279
4,0 3 13 20,3,a03 a13 a20,0,0,0,0,253,279
4,0 3 13 20,4,a00 a03 a13 a20,0,0,0,0,266,279
4,0 3 13 21,0,,1,1,1,0,0,194
4,0 3 13 21,1,a00,1,1,1,0,78,194
4,0 3 13 21,1,a03,0,0,0,0,78,194
4,0 3 13 21,2,a00 a03,0,0,0,0,156,194
4,0 3 13 21,1,a13,0,0,0,0,109,194
4,0 3 13 21,2,a00 a13,0,0,0,0,140,194
4,0 3 13 21,2,a03 a13,0,0,0,0,140,194
4,0 3 13 21,3,a00 a03 a13,0,0,0,0,171,194
4,0 3 13 21,1,a21,0,0,0,0,109,194
4,0 3 13 21,2,a00 a21,0,0,0,0,140,194
4,0 3 13 21,2,a03 a21,0,0,0,0,140,194
4,0 3 13 21,3,a00 a03 a21,0,0,0,0,171,194
4,0 3 13 21,2,a13 a21,0,0,0,0,162,194
4,0 3 13 21,3,a00 a13 a21,0,0,0,0,173,194
4,0 3 13 21,3,a03 a13 a21,0,0,0,0,173,194
4,0 3 13 21,4,a00 a03 a13 a21,0,0,0,0,184,194
4,0 4 5 21,0,,1,1,1,0,0,166
4,0 4 5 21,1,a00,1,1,1,0,87,166
4,0 4 5 21,1,a04,0,0,0,0,28,166
4,0 4 5 21,2,a00 a04,0,0,0,0,115,166
4,0 4 5 21,1,a05,1,1,1,0,87,166
4,0 4 5 21,2,a00 a05,1,1,1,0,116,166
4,0 4 5 21,2,a04 a05,0,0,0,0,115,166
4,0 4 5 21,3,a00 a04 a05,0,0,0,0,144,166
4,0 4 5 21,1,a21,0,0,0,0,114,166
4,0 4 5 21,2,a00 a21,0,0,0,0,135,166
4,0 4 5 21,2,a04 a21,0,0,0,0,124,166
4,0 4 5 21,3,a00 a04 a21,0,0,0,0,145,166
4,0 4 5 21,2,a05 a21,0,0,0,0,135,166
4,0 4 5 21,3,a00 a05 a21,0,0,0,0,146,166
4,0 4 5 21,3,a04 a05 a21,0,0,0,0,145,166
4,0 4 5 21,4,a00 a04 a05 a21,0,0,0,0,156,166
4,0 4 6 21,0,,1,1,1,0,0,166
4,0 4 6 21,1,a00,1,1,1,0,87,166
4,0 4 6 21,1,a04,0,0,0,0,28,166
4,0 4 6 21,2,a00 a04,0,0,0,0,115,166
4,0 4 6 21,1,a06,1,1,1,0,87,166
4,0 4 6 21,2,a00 a06,1,1,1,0,116,166
4,0 4 6 21,2,a04 a06,0,0,0,0,115,166
4,0 4 6 21,3,a00 a04 a06,0,0,0,0,144,166
4,0 4 6 21,1,a21,0,0,0,0,114,166
4,0 4 6 21,2,a00 a21,0,0,0,0,135,166
4,0 4 6 21,2,a04 a21,0,0,0,0,124,166
4,0 4 6 21,3,a00 a04 a21,0,0,0,0,145,166
4,0 4 6 21,2,a06 a21,0,0,0,0,135,166
4,0 4 6 21,3,a00 a06 a21,0,0,0,0,146,166
4,0 4 6 21,3,a04 a06 a21,0,0,0,0,145,166
4,0 4 6 21,4,a00 a04 a06 a21,0,0,0,0,156,166
4,0 4 7 21,0,,1,1,1,0,0,166
4,0 4 7 21,1,a00,1,1,1,0,87,166
4,0 4 7 21,1,a04,0,0,0,0,28,166
4,0 4 7 21,2,a00 a04,0,0,0,0,115,166
4,0 4 7 21,1,a07,1,1,1,0,87,166
4,0 4 7 21,2,a00 a07,1,1,1,0,116,166
4,0 4 7 21,2,a04 a07,0,0,0,0,115,166
4,0 4 7 21,3,a00 a04 a07,0,0,0,0,144,166
4,0 4 7 21,1,a21,0,0,0,0,114,166
4,0 4 7 21,2,a00 a21,0,0,0,0,135,166
4,0 4 7 21,2,a04 a21,0,0,0,0,124,166
4,0 4 7 21,3,a00 a04 a21,0,0,0,0,145,166
4,0 4 7 21,2,a07 a21,0,0,0,0,135,166
4,0 4 7 21,3,a00 a07 a21,0,0,0,0,146,166
4,0 4 7 21,3,a04 a07 a21,0,0,0,0,145,166
4,0 4 7 21,4,a00 a04 a07 a21,0,0,0,0,156,166
4,0 4 8 21,0,,1,1,1,0,0,81
4,0 4 8 21,1,a00,1,1,1,0,22,81
4,0 4 8 21,1,a04,0,0,0,0,22,81
4,0 4 8 21,2,a00 a04,0,0,0,0,44,81
4,0 4 8 21,1,a08,1,1,1,0,22,81
4,0 4 8 21,2,a00 a08,1,1,1,0,44,81
4,0 4 8 21,2,a04 a08,0,0,0,0,44,81
4,0 4 8 21,3,a00 a04 a08,0,0,0,0,66,81
4,0 4 8 21,1,a21,0,0,0,0,50,81
4,0 4 8 21,2,a00 a21,0,0,0,0,58,81
4,0 4 8 21,2,a04 a21,0,0,0,0,58,81
4,0 4 8 21,3,a00 a04 a21,0,0,0,0,66,81
4,0 4 8 21,2,a08 a21,0,0,0,0,58,81
4,0 4 8 21,3,a00 a08 a21,0,0,0,0,66,81
4,0 4 8 21,3,a04 a08 a21,0,0,0,0,66,81
4,0 4 8 21,4,a00 a04 a08 a21,0,0,0,0,74,81
4,0 4 9 21,0,,1,1,1,0,0,44
4,0 4 9 21,1,a00,1,1,1,0,16,44
4,0 4 9 21,1,a04,0,0,0,0,16,44
4,0 4 9 21,2,a00 a04,0,0,0,0,32,44
4,0 4 9 21,1,a09,1,1,1,0,6,44
4,0 4 9 21,2,a00 a09,1,1,1,0,17,44
4,0 4 9 21,2,a04 a09,0,0,0,0,22,44
4,0 4 9 21,3,a00 a04 a09,0,0,0,0,33,44
4,0 4 9 21,1,a21,0,0,0,0,26,44
4,0 4 9 21,2,a00 a21,0,0,0,0,32,44
4,0 4 9 21,2,a04 a21,0,0,0,0,32,44
4,0 4 9 21,3,a00 a04 a21,0,0,0,0,38,44
4,0 4 9 21,2,a09 a21,0,0,0,0,27,44
4,0 4 9 21,3,a00 a09 a21,0,0,0,0,33,44
4,0 4 9 21,3,a04 a09 a21,0,0,0,0,33,44
4,0 4 9 21,4,a00 a04 a09 a21,0,0,0,0,39,44
4,0 4 10 15,0,,1,1,1,0,0,58
4,0 4 10 15,1,a00,1,1,1,0,19,58
4,0 4 10 15,1,a04,1,1,1,0,7,58
4,0 4 10 15,2,a00 a04,1,1,1,0,26,58
4,0 4 10 15,1,a10,0,0,0,0,19,58
4,0 4 10 15,2,a00 a10,0,0,0,0,38,58
4,0 4 10 15,2,a04 a10,0,0,0,0,26,58
4,0 4 10 15,3,a00 a04 a10,0,0,0,0,45,58
4,0 4 10 15,1,a15,0,0,0,0,31,58
4,0 4 10 15,2,a00 a15,0,0,0,0,38,58
4,0 4 10 15,2,a04 a15,0,0,0,0,38,58
4,0 4 10 15,3,a00 a04 a15,0,0,0,0,45,58
4,0 4 10 15,2,a10 a15,0,0,0,0,38,58
4,0 4 10 15,3,a00 a10 a15,0,0,0,0,45,58
4,0 4 10 15,3,a04 a10 a15,0,0,0,0,45,58
4,0 4 10 15,4,a00 a04 a10 a15,0,0,0,0,52,58
4,0 4 10 21,0,,1,1,1,0,0,58
4,0 4 10 21,1,a00,1,1,1,0,19,58
4,0 4 10 21,1,a04,0,0,0,0,19,58
4,0 4 10 21,2,a00 a04,0,0,0,0,38,58
4,0 4 10 21,1,a10,1,1,1,0,7,58
4,0 4 10 21,2,a00 a10,1,1,1,0,26,58
4,0 4 10 21,2,a04 a10,0,0,0,0,26,58
4,0 4 10 21,3,a00 a04 a10,0,0,0,0,45,58
4,0 4 10 21,1,a21,0,0,0,0,31,58
4,0 4 10 21,2,a00 a21,0,0,0,0,38,58
4,0 4 10 21,2,a04 a21,0,0,0,0,38,58
4,0 4 10 21,3,a00 a04 a21,0,0,0,0,45,58
4,0 4 10 21,2,a10 a21,0,0,0,0,38,58
4,0 4 10 21,3,a00 a10 a21,0,0,0,0,45,58
4,0 4 10 21,3,a04 a10 a21,0,0,0,0,45,58
4,0 4 10 21,4,a00 a04 a10 a21,0,0,0,0,52,58
4,0 4 10 24,0,,1,1,1,0,0,352
4,0 4 10 24,1,a00,1,1,1,0,204,352
4,0 4 10 24,1,a04,0,0,0,0,196,352
4,0 4 10 24,2,a00 a04,0,0,0,0,279,352
4,0 4 10 24,1,a10,0,0,0,0,196,352
4,0 4 10 24,2,a00 a10,0,0,0,0,279,352
4,0 4 10 24,2,a04 a10,0,0,0,0,290,352
4,0 4 10 24,3,a00 a04 a10,0,0,0,0,319,352
4,0 4 10 24,1,a24,0,0,0,0,285,352
4,0 4 10 24,2,a00 a24,0,0,0,0,304,352
4,0 4 10 24,2,a04 a24,0,0,0,0,302,352
4,0 4 10 24,3,a00 a04 a24,0,0,0,0,321,352
4,0 4 10 24,2,a10 a24,0,0,0,0,302,352
4,0 4 10 24,3,a00 a10 a24,0,0,0,0,321,352
4,0 4 10 24,3,a04 a10 a24,0,0,0,0,317,352
4,0 4 10 24,4,a00 a04 a10 a24,0,0,0,0,336,352
4,0 4 11 21,0,,1,1,1,0,0,116
4,0 4 11 21,1,a00,1,1,1,0,62,116
4,0 4 11 21,1,a04,0,0,0,0,25,116
4,0 4 11 21,2,a00 a04,0,0,0,0,87,116
4,0 4 11 21,1,a11,1,1,1,0,48,116
4,0 4 11 21,2,a00 a11,1,1,1,0,73,116
4,0 4 11 21,2,a04 a11,0,0,0,0,73,116
4,0 4 11 21,3,a00 a04 a11,0,0,0,0,98,116
4,0 4 11 21,1,a21,0,0,0,0,64,116
4,0 4 11 21,2,a00 a21,0,0,0,0,89,116
4,0 4 11 21,2,a04 a21,0,0,0,0,73,116
4,0 4 11 21,3,a00 a04 a21,0,0,0,0,98,116
4,0 4 11 21,2,a11 a21,0,0,0,0,90,116
4,0 4 11 21,3,a00 a11 a21,0,0,0,0,99,116
4,0 4 11 21,3,a04 a11 a21,0,0,0,0,99,116
4,0 4 11 21,4,a00 a04 a11 a21,0,0,0,0,108,116
4,0 4 12 13,0,,1,1,1,0,0,58
4,0 4 12 13,1,a00,1,1,1,0,19,58
4,0 4 12 13,1,a04,1,1,1,0,7,58
4,0 4 12 13,2,a00 a04,1,1,1,0,26,58
4,0 4 12 13,1,a12,0,0,0,0,19,58
4,0 4 12 13,2,a00 a12,0,0,0,0,38,58
4,0 4 12 13,2,a04 a12,0,0,0,0,26,58
4,0 4 12 13,3,a00 a04 a12,0,0,0,0,45,58
4,0 4 12 13,1,a13,0,0,0,0,31,58
4,0 4 12 13,2,a00 a13,0,0,0,0,38,58
4,0 4 12 13,2,a04 a13,0,0,0,0,38,58
4,0 4 12 13,3,a00 a04 a13,0,0,0,0,45,58
4,0 4 12 13,2,a12 a13,0,0,0,0,38,58
4,0 4 12 13,3,a00 a12 a13,0,0,0,0,45,58
4,0 4 12 13,3,a04 a12 a13,0,0,0,0,45,58
4,0 4 12 13,4,a00 a04 a12 a13,0,0,0,0,52,58
4,0 4 12 21,0,,1,1,1,0,0,58
4,0 4 12 21,1,a00,1,1,1,0,19,58
4,0 4 12 21,1,a04,0,0,0,0,19,58
4,0 4 12 21,2,a00 a04,0,0,0,0,38,58
4,0 4 12 21,1,a12,1,1,1,0,7,58
4,0 4 12 21,2,a00 a12,1,1,1,0,26,58
4,0 4 12 21,2,a04 a12,0,0,0,0,26,58
4,0 4 12 21,3,a00 a04 a12,0,0,0,0,45,58
4,0 4 12 21,1,a21,0,0,0,0,31,58
4,0 4 12 21,2,a00 a21,0,0,0,0,38,58
4,0 4 12 21,2,a04 a21,0,0,0,0,38,58
4,0 4 12 21,3,a00 a04 a21,0,0,0,0,45,58
4,0 4 12 21,2,a12 a21,0,0,0,0,38,58
4,0 4 12 21,3,a00 a12 a21,0,0,0,0,45,58
4,0 4 12 21,3,a04 a12 a21,0,0,0,0,45,58
4,0 4 12 21,4,a00 a04 a12 a21,0,0,0,0,52,58
4,0 4 12 22,0,,1,1,1,0,0,352
4,0 4 12 22,1,a00,1,1,1,0,204,352
4,0 4 12 22,1,a04,0,0,0,0,196,352
4,0 4 12 22,2,a00 a04,0,0,0,0,279,352
4,0 4 12 22,1,a12,0,0,0,0,196,352
4,0 4 12 22,2,a00 a12,0,0,0,0,279,352
4,0 4 12 22,2,a04 a12,0,0,0,0,290,352
4,0 4 12 22,3,a00 a04 a12,0,0,0,0,319,352
4,0 4 12 22,1,a22,0,0,0,0,285,352
4,0 4 12 22,2,a00 a22,0,0,0,0,304,352
4,0 4 12 22,2,a04 a22,0,0,0,0,302,352
4,0 4 12 22,3,a00 a04 a22,0,0,0,0,321,352
4,0 4 12 22,2,a12 a22,0,0,0,0,302,352
4,0 4 12 22,3,a00 a12 a22,0,0,0,0,321,352
4,0 4 12 22,3,a04 a12 a22,0,0,0,0,317,352
4,0 4 12 22,4,a00 a04 a12 a22,0,0,0,0,336,352
4,0 4 13 20,0,,1,1,1,0,0,214
4,0 4 13 20,1,a00,1,1,1,0,97,214
4,0 4 13 20,1,a04,0,0,0,0,60,214
4,0 4 13 20,2,a00 a04,0,0,0,0,157,214
4,0 4 13 20,1,a13,0,0,0,0,136,214
4,0 4 13 20,2,a00 a13,0,0,0,0,159,214
4,0 4 13 20,2,a04 a13,0,0,0,0,168,214
4,0 4 13 20,3,a00 a04 a13,0,0,0,0,191,214
4,0 4 13 20,1,a20,0,0,0,0,144,214
4,0 4 13 20,2,a00 a20,0,0,0,0,176,214
4,0 4 13 20,2,a04 a20,0,0,0,0,157,214
4,0 4 13 20,3,a00 a04 a20,0,0,0,0,189,214
4,0 4 13 20,2,a13 a20,0,0,0,0,179,214
4,0 4 13 20,3,a00 a13 a20,0,0,0,0,191,214
4,0 4 13 20,3,a04 a13 a20,0,0,0,0,191,214
4,0 4 13 20,4,a00 a04 a13 a20,0,0,0,0,203,214
4,0 4 13 21,0,,1,1,1,0,0,116
4,0 4 13 21,1,a00,1,1,1,0,62,116
4,0 4 13 21,1,a04,0,0,0,0,25,116
4,0 4 13 21,2,a00 a04,0,0,0,0,87,116
4,0 4 13 21,1,a13,1,1,1,0,48,116
4,0 4 13 21,2,a00 a13,1,1,1,0,73,116
4,0 4 13 21,2,a04 a13,0,0,0,0,73,116
4,0 4 13 21,3,a00 a04 a13,0,0,0,0,98,116
4,0 4 13 21,1,a21,0,0,0,0,64,116
4,0 4 13 21,2,a00 a21,0,0,0,0,89,116
4,0 4 13 21,2,a04 a21,0,0,0,0,73,116
4,0 4 13 21,3,a00 a04 a21,0,0,0,0,98,116
4,0 4 13 21,2,a13 a21,0,0,0,0,90,116
4,0 4 13 21,3,a00 a13 a21,0,0,0,0,99,116
4,0 4 13 21,3,a04 a13 a21,0,0,0,0,99,116
4,0 4 13 21,4,a00 a04 a13 a21,0,0,0,0,108,116
4,0 4 14 21,0,,1,1,1,0,0,116
4,0 4 14 21,1,a00,1,1,1,0,62,116
4,0 4 14 21,1,a04,0,0,0,0,25,116
4,0 4 14 21,2,a00 a04,0,0,0,0,87,116
4,0 4 14 21,1,a14,1,1,1,0,48,116
4,0 4 14 21,2,a00 a14,1,1,1,0,73,116
4,0 4 14 21,2,a04 a14,0,0,0,0,73,116
4,0 4 14 21,3,a00 a04 a14,0,0,0,0,98,116
4,0 4 14 21,1,a21,0,0,0,0,64,116
4,0 4 14 21,2,a00 a21,0,0,0,0,89,116
4,0 4 14 21,2,a04 a21,0,0,0,0,73,116
4,0 4 14 21,3,a00 a04 a21,0,0,0,0,98,116
4,0 4 14 21,2,a14 a21,0,0,0,0,90,116
4,0 4 14 21,3,a00 a14 a21,0,0,0,0,99,116
4,0 4 14 21,3,a04 a14 a21,0,0,0,0,99,116
4,0 4 14 21,4,a00 a04 a14 a21,0,0,0,0,108,116
4,0 4 15 18,0,,1,1,1,0,0,214
4,0 4 15 18,1,a00,1,1,1,0,97,214
4,0 4 15 18,1,a04,0,0,0,0,60,214
4,0 4 15 18,2,a00 a04,0,0,0,0,157,214
4,0 4 15 18,1,a15,0,0,0,0,136,214
4,0 4 15 18,2,a00 a15,0,0,0,0,159,214
4,0 4 15 18,2,a04 a15,0,0,0,0,168,214
4,0 4 15 18,3,a00 a04 a15,0,0,0,0,191,214
4,0 4 15 18,1,a18,0,0,0,0,144,214
4,0 4 15 18,2,a00 a18,0,0,0,0,176,214
4,0 4 15 18,2,a04 a18,0,0,0,0,157,214
4,0 4 15 18,3,a00 a04 a18,0,0,0,0,189,214
4,0 4 15 18,2,a15 a18,0,0,0,0,179,214
4,0 4 15 18,3,a00 a15 a18,0,0,0,0,191,214
4,0 4 15 18,3,a04 a15 a18,0,0,0,0,191,214
4,0 4 15 18,4,a00 a04 a15 a18,0,0,0,0,203,214
4,0 4 15 21,0,,1,1,1,0,0,116
4,0 4 15 21,1,a00,1,1,1,0,62,116
4,0 4 15 21,1,a04,0,0,0,0,25,116
4,0 4 15 21,2,a00 a04,0,0,0,0,87,116
4,0 4 15 21,1,a15,1,1,1,0,48,116
4,0 4 15 21,2,a00 a15,1,1,1,0,73,116
4,0 4 15 21,2,a04 a15,0,0,0,0,73,116
4,0 4 15 21,3,a00 a04 a15,0,0,0,0,98,116
4,0 4 15 21,1,a21,0,0,0,0,64,116
4,0 4 15 21,2,a00 a21,0,0,0,0,89,116
4,0 4 15 21,2,a04 a21,0,0,0,0,73,116
4,0 4 15 21,3,a00 a04 a21,0,0,0,0,98,116
4,0 4 15 21,2,a15 a21,0,0,0,0,90,116
4,0 4 15 21,3,a00 a15 a21,0,0,0,0,99,116
4,0 4 15 21,3,a04 a15 a21,0,0,0,0,99,116
4,0 4 15 21,4,a00 a04 a15 a21,0,0,0,0,108,116
4,0 4 16 21,0,,1,1,1,0,0,58
4,0 4 16 21,1,a00,1,1,1,0,19,58
4,0 4 16 21,1,a04,0,0,0,0,19,58
4,0 4 16 21,2,a00 a04,0,0,0,0,38,58
4,0 4 16 21,1,a16,1,1,1,0,7,58
4,0 4 16 21,2,a00 a16,1,1,1,0,26,58
4,0 4 16 21,2,a04 a16,0,0,0,0,26,58
4,0 4 16 21,3,a00 a04 a16,0,0,0,0,45,58
4,0 4 16 21,1,a21,0,0,0,0,31,58
4,0 4 16 21,2,a00 a21,0,0,0,0,38,58
4,0 4 16 21,2,a04 a21,0,0,0,0,38,58
4,0 4 16 21,3,a00 a04 a21,0,0,0,0,45,58
4,0 4 16 21,2,a16 a21,0,0,0,0,38,58
4,0 4 16 21,3,a00 a16 a21,0,0,0,0,45,58
4,0 4 16 21,3,a04 a16 a21,0,0,0,0,45,58
4,0 4 16 21,4,a00 a04 a16 a21,0,0,0,0,52,58
4,0 4 17 21,0,,1,1,1,0,0,70
4,0 4 17 21,1,a00,1,1,1,0,25,70
4,0 4 17 21,1,a04,0,0,0,0,31,70
4,0 4 17 21,2,a00 a04,0,0,0,0,50,70
4,0 4 17 21,1,a17,1,1,1,0,25,70
4,0 4 17 21,2,a00 a17,1,1,1,0,38,70
4,0 4 17 21,2,a04 a17,0,0,0,0,44,70
4,0 4 17 21,3,a00 a04 a17,0,0,0,0,57,70
4,0 4 17 21,1,a21,0,0,0,0,31,70
4,0 4 17 21,2,a00 a21,0,0,0,0,44,70
4,0 4 17 21,2,a04 a21,0,0,0,0,44,70
4,0 4 17 21,3,a00 a04 a21,0,0,0,0,57,70
4,0 4 17 21,2,a17 a21,0,0,0,0,50,70
4,0 4 17 21,3,a00 a17 a21,0,0,0,0,57,70
4,0 4 17 21,3,a04 a17 a21,0,0,0,0,57,70
4,0 4 17 21,4,a00 a04 a17 a21,0,0,0,0,64,70
4,0 4 18 21,0,,1,1,1,0,0,88
4,0 4 18 21,1,a00,1,1,1,0,29,88
4,0 4 18 21,1,a04,0,0,0,0,36,88
4,0 4 18 21,2,a00 a04,0,0,0,0,65,88
4,0 4 18 21,1,a18,1,1,1,0,36,88
4,0 4 18 21,2,a00 a18,1,1,1,0,51,88
4,0 4 18 21,2,a04 a18,0,0,0,0,58,88
4,0 4 18 21,3,a00 a04 a18,0,0,0,0,73,88
4,0 4 18 21,1,a21,0,0,0,0,36,88
4,0 4 18 21,2,a00 a21,0,0,0,0,51,88
4,0 4 18 21,2,a04 a21,0,0,0,0,58,88
4,0 4 18 21,3,a00 a04 a21,0,0,0,0,73,88
4,0 4 18 21,2,a18 a21,0,0,0,0,65,88
4,0 4 18 21,3,a00 a18 a21,0,0,0,0,73,88
4,0 4 18 21,3,a04 a18 a21,0,0,0,0,73,88
4,0 4 18 21,4,a00 a04 a18 a21,0,0,0,0,81,88
4,0 4 18 24,0,,1,1,1,0,0,472
4,0 4 18 24,1,a00,1,1,1,0,258,472
4,0 4 18 24,1,a04,0,0,0,0,350,472
4,0 4 18 24,2,a00 a04,0,0,0,0,402,472
4,0 4 18 24,1,a18,0,0,0,0,312,472
4,0 4 18 24,2,a00 a18,0,0,0,0,391,472
4,0 4 18 24,2,a04 a18,0,0,0,0,412,472
4,0 4 18 24,3,a00 a04 a18,0,0,0,0,435,472
4,0 4 18 24,1,a24,0,0,0,0,358,472
4,0 4 18 24,2,a00 a24,0,0,0,0,392,472
4,0 4 18 24,2,a04 a24,0,0,0,0,402,472
4,0 4 18 24,3,a00 a04 a24,0,0,0,0,436,472
4,0 4 18 24,2,a18 a24,0,0,0,0,416,472
4,0 4 18 24,3,a00 a18 a24,0,0,0,0,435,472
4,0 4 18 24,3,a04 a18 a24,0,0,0,0,434,472
4,0 4 18 24,4,a00 a04 a18 a24,0,0,0,0,453,472
4,0 4 19 21,0,,1,1,1,0,0,224
4,0 4 19 21,1,a00,1,1,1,0,141,224
4,0 4 19 21,1,a04,0,0,0,0,122,224
4,0 4 19 21,2,a00 a04,0,0,0,0,186,224
4,0 4 19 21,1,a19,1,1,1,0,141,224
4,0 4 19 21,2,a00 a19,1,1,1,0,167,224
4,0 4 19 21,2,a04 a19,0,0,0,0,174,224
4,0 4 19 21,3,a00 a04 a19,0,0,0,0,200,224
4,0 4 19 21,1,a21,0,0,0,0,122,224
4,0 4 19 21,2,a00 a21,0,0,0,0,174,224
4,0 4 19 21,2,a04 a21,0,0,0,0,181,224
4,0 4 19 21,3,a00 a04 a21,0,0,0,0,198,224
4,0 4 19 21,2,a19 a21,0,0,0,0,186,224
4,0 4 19 21,3,a00 a19 a21,0,0,0,0,200,224
4,0 4 19 21,3,a04 a19 a21,0,0,0,0,198,224
4,0 4 19 21,4,a00 a04 a19 a21,0,0,0,0,212,224
4,0 4 20 21,0,,1,1,1,0,0,88
4,0 4 20 21,1,a00,1,1,1,0,29,88
4,0 4 20 21,1,a04,0,0,0,0,36,88
4,0 4 20 21,2,a00 a04,0,0,0,0,65,88
4,0 4 20 21,1,a20,1,1,1,0,36,88
4,0 4 20 21,2,a00 a20,1,1,1,0,51,88
4,0 4 20 21,2,a04 a20,0,0,0,0,58,88
4,0 4 20 21,3,a00 a04 a20,0,0,0,0,73,88
4,0 4 20 21,1,a21,0,0,0,0,36,88
4,0 4 20 21,2,a00 a21,0,0,0,0,51,88
4,0 4 20 21,2,a04 a21,0,0,0,0,58,88
4,0 4 20 21,3,a00 a04 a21,0,0,0,0,73,88
4,0 4 20 21,2,a20 a21,0,0,0,0,65,88
4,0 4 20 21,3,a00 a20 a21,0,0,0,0,73,88
4,0 4 20 21,3,a04 a20 a21,0,0,0,0,73,88
4,0 4 20 21,4,a00 a04 a20 a21,0,0,0,0,81,88
4,0 4 20 22,0,,1,1,1,0,0,472
4,0 4 20 22,1,a00,1,1,1,0,258,472
4,0 4 20 22,1,a04,0,0,0,0,350,472
4,0 4 20 22,2,a00 a04,0,0,0,0,402,472
4,0 4 20 22,1,a20,0,0,0,0,312,472
4,0 4 20 22,2,a00 a20,0,0,0,0,391,472
4,0 4 20 22,2,a04 a20,0,0,0,0,412,472
4,0 4 20 22,3,a00 a04 a20,0,0,0,0,435,472
4,0 4 20 22,1,a22,0,0,0,0,358,472
4,0 4 20 22,2,a00 a22,0,0,0,0,392,472
4,0 4 20 22,2,a04 a22,0,0,0,0,402,472
4,0 4 20 22,3,a00 a04 a22,0,0,0,0,436,472
4,0 4 20 22,2,a20 a22,0,0,0,0,416,472
4,0 4 20 22,3,a00 a20 a22,0,0,0,0,435,472
4,0 4 20 22,3,a04 a20 a22,0,0,0,0,434,472
4,0 4 20 22,4,a00 a04 a20 a22,0,0,0,0,453,472
4,0 4 21 22,0,,1,1,1,0,0,279
4,0 4 21 22,1,a00,1,1,1,0,177,279
4,0 4 21 22,1,a04,0,0,0,0,160,279
4,0 4 21 22,2,a00 a04,0,0,0,0,236,279
4,0 4 21 22,1,a21,0,0,0,0,145,279
4,0 4 21 22,2,a00 a21,0,0,0,0,213,279
4,0 4 21 22,2,a04 a21,0,0,0,0,227,279
4,0 4 21 22,3,a00 a04 a21,0,0,0,0,249,279
4,0 4 21 22,1,a22,1,1,1,0,187,279
4,0 4 21 22,2,a00 a22,1,1,1,0,216,279
4,0 4 21 22,2,a04 a22,0,0,0,0,223,279
4,0 4 21 22,3,a00 a04 a22,0,0,0,0,252,279
4,0 4 21 22,2,a21 a22,0,0,0,0,236,279
4,0 4 21 22,3,a00 a21 a22,0,0,0,0,252,279
4,0 4 21 22,3,a04 a21 a22,0,0,0,0,249,279
4,0 4 21 22,4,a00 a04 a21 a22,0,0,0,0,265,279
4,0 4 21 23,0,,1,1,1,0,0,224
4,0 4 21 23,1,a00,1,1,1,0,141,224
4,0 4 21 23,1,a04,0,0,0,0,122,224
4,0 4 21 23,2,a00 a04,0,0,0,0,186,224
4,0 4 21 23,1,a21,0,0,0,0,122,224
4,0 4 21 23,2,a00 a21,0,0,0,0,174,224
4,0 4 21 23,2,a04 a21,0,0,0,0,181,224
4,0 4 21 23,3,a00 a04 a21,0,0,0,0,198,224
4,0 4 21 23,1,a23,1,1,1,0,141,224
4,0 4 21 23,2,a00 a23,1,1,1,0,167,224
4,0 4 21 23,2,a04 a23,0,0,0,0,174,224
4,0 4 21 23,3,a00 a04 a23,0,0,0,0,200,224
4,0 4 21 23,2,a21 a23,0,0,0,0,186,224
4,0 4 21 23,3,a00 a21 a23,0,0,0,0,200,224
4,0 4 21 23,3,a04 a21 a23,0,0,0,0,198,224
4,0 4 21 23,4,a00 a04 a21 a23,0,0,0,0,212,224
4,0 4 21 24,0,,1,1,1,0,0,279
4,0 4 21 24,1,a00,1,1,1,0,177,279
4,0 4 21 24,1,a04,0,0,0,0,160,279
4,0 4 21 24,2,a00 a04,0,0,0,0,236,279
4,0 4 21 24,1,a21,0,0,0,0,145,279
4,0 4 21 24,2,a00 a21,0,0,0,0,213,279
4,0 4 21 24,2,a04 a21,0,0,0,0,227,279
4,0 4 21 24,3,a00 a04 a21,0,0,0,0,249,279
4,0 4 21 24,1,a24,1,1,1,0,187,279
4,0 4 21 24,2,a00 a24,1,1,1,0,216,279
4,0 4 21 24,2,a04 a24,0,0,0,0,223,279
4,0 4 21 24,3,a00 a04 a24,0,0,0,0,252,279
4,0 4 21 24,2,a21 a24,0,0,0,0,236,279
4,0 4 21 24,3,a00 a21 a24,0,0,0,0,252,279
4,0 4 21 24,3,a04 a21 a24,0,0,0,0,249,279
4,0 4 21 24,4,a00 a04 a21 a24,0,0,0,0,265,279
4,0 4 21 25,0,,1,1,1,0,0,81
4,0 4 21 25,1,a00,1,1,1,0,22,81
4,0 4 21 25,1,a04,0,0,0,0,36,81
4,0 4 21 25,2,a00 a04,0,0,0,0,58,81
4,0 4 21 25,1,a21,0,0,0,0,36,81
4,0 4 21 25,2,a00 a21,0,0,0,0,44,81
4,0 4 21 25,2,a04 a21,0,0,0,0,58,81
4,0 4 21 25,3,a00 a04 a21,0,0,0,0,66,81
4,0 4 21 25,1,a25,1,1,1,0,22,81
4,0 4 21 25,2,a00 a25,1,1,1,0,44,81
4,0 4 21 25,2,a04 a25,0,0,0,0,44,81
4,0 4 21 25,3,a00 a04 a25,0,0,0,0,66,81
4,0 4 21 25,2,a21 a25,0,0,0,0,58,81
4,0 4 21 25,3,a00 a21 a25,0,0,0,0,66,81
4,0 4 21 25,3,a04 a21 a25,0,0,0,0,66,81
4,0 4 21 25,4,a00 a04 a21 a25,0,0,0,0,74,81
4,0 5 6 21,0,,1,1,1,0,0,769
4,0 5 6 21,1,a00,0,0,0,0,508,769
4,0 5 6 21,1,a05,0,0,0,0,552,769
4,0 5 6 21,2,a00 a05,0,0,0,0,664,769
4,0 5 6 21,1,a06,0,0,0,0,508,769
4,0 5 6 21,2,a00 a06,0,0,0,0,661,769
4,0 5 6 21,2,a05 a06,0,0,0,0,664,769
4,0 5 6 21,3,a00 a05 a06,0,0,0,0,716,769
4,0 5 6 21,1,a21,0,0,0,0,628,769
4,0 5 6 21,2,a00 a21,0,0,0,0,684,769
4,0 5 6 21,2,a05 a21,0,0,0,0,685,769
4,0 5 6 21,3,a00 a05 a21,0,0,0,0,721,769
4,0 5 6 21,2,a06 a21,0,0,0,0,684,769
4,0 5 6 21,3,a00 a06 a21,0,0,0,0,720,769
4,0 5 6 21,3,a05 a06 a21,0,0,0,0,721,769
4,0 5 6 21,4,a00 a05 a06 a21,0,0,0,0,741,769
4,0 5 7 21,0,,1,1,1,0,0,472
4,0 5 7 21,1,a00,0,0,0,0,340,472
4,0 5 7 21,1,a05,0,0,0,0,260,472
4,0 5 7 21,2,a00 a05,0,0,0,0,388,472
4,0 5 7 21,1,a07,0,0,0,0,260,472
4,0 5 7 21,2,a00 a07,0,0,0,0,388,472
4,0 5 7 21,2,a05 a07,0,0,0,0,391,472
4,0 5 7 21,3,a00 a05 a07,0,0,0,0,433,472
4,0 5 7 21,1,a21,0,0,0,0,372,472
4,0 5 7 21,2,a00 a21,0,0,0,0,418,472
4,0 5 7 21,2,a05 a21,0,0,0,0,406,472
4,0 5 7 21,3,a00 a05 a21,0,0,0,0,436,472
4,0 5 7 21,2,a07 a21,0,0,0,0,406,472
4,0 5 7 21,3,a00 a07 a21,0,0,0,0,436,472
4,0 5 7 21,3,a05 a07 a21,0,0,0,0,437,472
4,0 5 7 21,4,a00 a05 a07 a21,0,0,0,0,453,472
4,0 5 10 15,0,,1,1,1,0,0,116
4,0 5 10 15,1,a00,1,1,1,0,62,116
4,0 5 10 15,1,a05,1,1,1,0,48,116
4,0 5 10 15,2,a00 a05,1,1,1,0,73,116
4,0 5 10 15,1,a10,0,0,0,0,25,116
4,0 5 10 15,2,a00 a10,0,0,0,0,87,116
4,0 5 10 15,2,a05 a10,0,0,0,0,73,116
4,0 5 10 15,3,a00 a05 a10,0,0,0,0,98,116
4,0 5 10 15,1,a15,0,0,0,0,64,116
4,0 5 10 15,2,a00 a15,0,0,0,0,89,116
4,0 5 10 15,2,a05 a15,0,0,0,0,90,116
4,0 5 10 15,3,a00 a05 a15,0,0,0,0,99,116
4,0 5 10 15,2,a10 a15,0,0,0,0,73,116
4,0 5 10 15,3,a00 a10 a15,0,0,0,0,98,116
4,0 5 10 15,3,a05 a10 a15,0,0,0,0,99,116
4,0 5 10 15,4,a00 a05 a10 a15,0,0,0,0,108,116
4,0 5 12 13,0,,1,1,1,0,0,88
4,0 5 12 13,1,a00,1,1,1,0,29,88
4,0 5 12 13,1,a05,1,1,1,0,36,88
4,0 5 12 13,2,a00 a05,1,1,1,0,51,88
4,0 5 12 13,1,a12,0,0,0,0,36,88
4,0 5 12 13,2,a00 a12,0,0,0,0,65,88
4,0 5 12 13,2,a05 a12,0,0,0,0,58,88
4,0 5 12 13,3,a00 a05 a12,0,0,0,0,73,88
4,0 5 12 13,1,a13,0,0,0,0,36,88
4,0 5 12 13,2,a00 a13,0,0,0,0,51,88
4,0 5 12 13,2,a05 a13,0,0,0,0,65,88
4,0 5 12 13,3,a00 a05 a13,0,0,0,0,73,88
4,0 5 12 13,2,a12 a13,0,0,0,0,58,88
4,0 5 12 13,3,a00 a12 a13,0,0,0,0,73,88
4,0 5 12 13,3,a05 a12 a13,0,0,0,0,73,88
4,0 5 12 13,4,a00 a05 a12 a13,0,0,0,0,81,88
4,0 5 12 21,0,,1,1,1,0,0,214
4,0 5 12 21,1,a00,1,1,1,0,97,214
4,0 5 12 21,1,a05,0,0,0,0,144,214
4,0 5 12 21,2,a00 a05,0,0,0,0,176,214
4,0 5 12 21,1,a12,0,0,0,0,60,214
4,0 5 12 21,2,a00 a12,0,0,0,0,157,214
4,0 5 12 21,2,a05 a12,0,0,0,0,157,214
4,0 5 12 21,3,a00 a05 a12,0,0,0,0,189,214
4,0 5 12 21,1,a21,0,0,0,0,136,214
4,0 5 12 21,2,a00 a21,0,0,0,0,159,214
4,0 5 12 21,2,a05 a21,0,0,0,0,179,214
4,0 5 12 21,3,a00 a05 a21,0,0,0,0,191,214
4,0 5 12 21,2,a12 a21,0,0,0,0,168,214
4,0 5 12 21,3,a00 a12 a21,0,0,0,0,191,214
4,0 5 12 21,3,a05 a12 a21,0,0,0,0,191,214
4,0 5 12 21,4,a00 a05 a12 a21,0,0,0,0,203,214
4,0 5 12 22,0,,1,1,1,0,0,472
4,0 5 12 22,1,a00,1,1,1,0,258,472
4,0 5 12 22,1,a05,0,0,0,0,312,472
4,0 5 12 22,2,a00 a05,0,0,0,0,391,472
4,0 5 12 22,1,a12,0,0,0,0,350,472
4,0 5 12 22,2,a00 a12,0,0,0,0,402,472
4,0 5 12 22,2,a05 a12,0,0,0,0,412,472
4,0 5 12 22,3,a00 a05 a12,0,0,0,0,435,472
4,0 5 12 22,1,a22,0,0,0,0,358,472
4,0 5 12 22,2,a00 a22,0,0,0,0,392,472
4,0 5 12 22,2,a05 a22,0,0,0,0,416,472
4,0 5 12 22,3,a00 a05 a22,0,0,0,0,435,472
4,0 5 12 22,2,a12 a22,0,0,0,0,402,472
4,0 5 12 22,3,a00 a12 a22,0,0,0,0,436,472
4,0 5 12 22,3,a05 a12 a22,0,0,0,0,434,472
4,0 5 12 22,4,a00 a05 a12 a22,0,0,0,0,453,472
4,0 5 14 21,0,,1,1,1,0,0,606
4,0 5 14 21,1,a00,0,0,0,0,420,606
4,0 5 14 21,1,a05,0,0,0,0,461,606
4,0 5 14 21,2,a00 a05,0,0,0,0,539,606
4,0 5 14 21,1,a14,0,0,0,0,375,606
4,0 5 14 21,2,a00 a14,0,0,0,0,514,606
4,0 5 14 21,2,a05 a14,0,0,0,0,516,606
4,0 5 14 21,3,a00 a05 a14,0,0,0,0,562,606
4,0 5 14 21,1,a21,0,0,0,0,453,606
4,0 5 14 21,2,a00 a21,0,0,0,0,517,606
4,0 5 14 21,2,a05 a21,0,0,0,0,531,606
4,0 5 14 21,3,a00 a05 a21,0,0,0,0,564,606
4,0 5 14 21,2,a14 a21,0,0,0,0,531,606
4,0 5 14 21,3,a00 a14 a21,0,0,0,0,564,606
4,0 5 14 21,3,a05 a14 a21,0,0,0,0,565,606
4,0 5 14 21,4,a00 a05 a14 a21,0,0,0,0,583,606
4,0 5 15 18,0,,1,1,1,0,0,606
4,0 5 15 18,1,a00,0,0,0,0,420,606
4,0 5 15 18,1,a05,0,0,0,0,375,606
4,0 5 15 18,2,a00 a05,0,0,0,0,514,606
4,0 5 15 18,1,a15,0,0,0,0,453,606
4,0 5 15 18,2,a00 a15,0,0,0,0,517,606
4,0 5 15 18,2,a05 a15,0,0,0,0,531,606
4,0 5 15 18,3,a00 a05 a15,0,0,0,0,564,606
4,0 5 15 18,1,a18,0,0,0,0,461,606
4,0 5 15 18,2,a00 a18,0,0,0,0,539,606
4,0 5 15 18,2,a05 a18,0,0,0,0,516,606
4,0 5 15 18,3,a00 a05 a18,0,0,0,0,562,606
4,0 5 15 18,2,a15 a18,0,0,0,0,531,606
4,0 5 15 18,3,a00 a15 a18,0,0,0,0,564,606
4,0 5 15 18,3,a05 a15 a18,0,0,0,0,565,606
4,0 5 15 18,4,a00 a05 a15 a18,0,0,0,0,583,606
4,0 5 15 21,0,,1,1,1,0,0,364
4,0 5 15 21,1,a00,0,0,0,0,268,364
4,0 5 15 21,1,a05,0,0,0,0,218,364
4,0 5 15 21,2,a00 a05,0,0,0,0,313,364
4,0 5 15 21,1,a15,0,0,0,0,175,364
4,0 5 15 21,2,a00 a15,0,0,0,0,292,364
4,0 5 15 21,2,a05 a15,0,0,0,0,294,364
4,0 5 15 21,3,a00 a05 a15,0,0,0,0,332,364
4,0 5 15 21,1,a21,0,0,0,0,253,364
4,0 5 15 21,2,a00 a21,0,0,0,0,316,364
4,0 5 15 21,2,a05 a21,0,0,0,0,295,364
4,0 5 15 21,3,a00 a05 a21,0,0,0,0,333,364
4,0 5 15 21,2,a15 a21,0,0,0,0,306,364
4,0 5 15 21,3,a00 a15 a21,0,0,0,0,333,364
4,0 5 15 21,3,a05 a15 a21,0,0,0,0,335,364
4,0 5 15 21,4,a00 a05 a15 a21,0,0,0,0,349,364
4,0 6 10 15,0,,1,1,1,0,0,70
4,0 6 10 15,1,a00,1,1,1,0,25,70
4,0 6 10 15,1,a06,1,1,1,0,25,70
4,0 6 10 15,2,a00 a06,1,1,1,0,38,70
4,0 6 10 15,1,a10,0,0,0,0,31,70
4,0 6 10 15,2,a00 a10,0,0,0,0,50,70
4,0 6 10 15,2,a06 a10,0,0,0,0,44,70
4,0 6 10 15,3,a00 a06 a10,0,0,0,0,57,70
4,0 6 10 15,1,a15,0,0,0,0,31,70
4,0 6 10 15,2,a00 a15,0,0,0,0,44,70
4,0 6 10 15,2,a06 a15,0,0,0,0,50,70
4,0 6 10 15,3,a00 a06 a15,0,0,0,0,57,70
4,0 6 10 15,2,a10 a15,0,0,0,0,44,70
4,0 6 10 15,3,a00 a10 a15,0,0,0,0,57,70
4,0 6 10 15,3,a06 a10 a15,0,0,0,0,57,70
4,0 6 10 15,4,a00 a06 a10 a15,0,0,0,0,64,70
4,0 6 12 13,0,,1,1,1,0,0,166
4,0 6 12 13,1,a00,1,1,1,0,87,166
4,0 6 12 13,1,a06,1,1,1,0,87,166
4,0 6 12 13,2,a00 a06,1,1,1,0,116,166
4,0 6 12 13,1,a12,0,0,0,0,28,166
4,0 6 12 13,2,a00 a12,0,0,0,0,115,166
4,0 6 12 13,2,a06 a12,0,0,0,0,115,166
4,0 6 12 13,3,a00 a06 a12,0,0,0,0,144,166
4,0 6 12 13,1,a13,0,0,0,0,114,166
4,0 6 12 13,2,a00 a13,0,0,0,0,135,166
4,0 6 12 13,2,a06 a13,0,0,0,0,135,166
4,0 6 12 13,3,a00 a06 a13,0,0,0,0,146,166
4,0 6 12 13,2,a12 a13,0,0,0,0,124,166
4,0 6 12 13,3,a00 a12 a13,0,0,0,0,145,166
4,0 6 12 13,3,a06 a12 a13,0,0,0,0,145,166
4,0 6 12 13,4,a00 a06 a12 a13,0,0,0,0,156,166
4,0 6 13 20,0,,1,1,1,0,0,769
4,0 6 13 20,1,a00,0,0,0,0,508,769
4,0 6 13 20,1,a06,0,0,0,0,508,769
4,0 6 13 20,2,a00 a06,0,0,0,0,661,769
4,0 6 13 20,1,a13,0,0,0,0,628,769
4,0 6 13 20,2,a00 a13,0,0,0,0,684,769
4,0 6 13 20,2,a06 a13,0,0,0,0,684,769
4,0 6 13 20,3,a00 a06 a13,0,0,0,0,720,769
4,0 6 13 20,1,a20,0,0,0,0,552,769
4,0 6 13 20,2,a00 a20,0,0,0,0,664,769
4,0 6 13 20,2,a06 a20,0,0,0,0,664,769
4,0 6 13 20,3,a00 a06 a20,0,0,0,0,716,769
4,0 6 13 20,2,a13 a20,0,0,0,0,685,769
4,0 6 13 20,3,a00 a13 a20,0,0,0,0,721,769
4,0 6 13 20,3,a06 a13 a20,0,0,0,0,721,769
4,0 6 13 20,4,a00 a06 a13 a20,0,0,0,0,741,769
4,0 6 13 21,0,,1,1,1,0,0,606
4,0 6 13 21,1,a00,0,0,0,0,420,606
4,0 6 13 21,1,a06,0,0,0,0,420,606
4,0 6 13 21,2,a00 a06,0,0,0,0,536,606
4,0 6 13 21,1,a13,0,0,0,0,416,606
4,0 6 13 21,2,a00 a13,0,0,0,0,517,606
4,0 6 13 21,2,a06 a13,0,0,0,0,517,606
4,0 6 13 21,3,a00 a06 a13,0,0,0,0,563,606
4,0 6 13 21,1,a21,0,0,0,0,416,606
4,0 6 13 21,2,a00 a21,0,0,0,0,517,606
4,0 6 13 21,2,a06 a21,0,0,0,0,517,606
4,0 6 13 21,3,a00 a06 a21,0,0,0,0,563,606
4,0 6 13 21,2,a13 a21,0,0,0,0,532,606
4,0 6 13 21,3,a00 a13 a21,0,0,0,0,565,606
4,0 6 13 21,3,a06 a13 a21,0,0,0,0,565,606
4,0 6 13 21,4,a00 a06 a13 a21,0,0,0,0,583,606
4,0 7 10 15,0,,1,1,1,0,0,88
4,0 7 10 15,1,a00,1,1,1,0,29,88
4,0 7 10 15,1,a07,1,1,1,0,36,88
4,0 7 10 15,2,a00 a07,1,1,1,0,51,88
4,0 7 10 15,1,a10,0,0,0,0,36,88
4,0 7 10 15,2,a00 a10,0,0,0,0,65,88
4,0 7 10 15,2,a07 a10,0,0,0,0,58,88
4,0 7 10 15,3,a00 a07 a10,0,0,0,0,73,88
4,0 7 10 15,1,a15,0,0,0,0,36,88
4,0 7 10 15,2,a00 a15,0,0,0,0,51,88
4,0 7 10 15,2,a07 a15,0,0,0,0,65,88
4,0 7 10 15,3,a00 a07 a15,0,0,0,0,73,88
4,0 7 10 15,2,a10 a15,0,0,0,0,58,88
4,0 7 10 15,3,a00 a10 a15,0,0,0,0,73,88
4,0 7 10 15,3,a07 a10 a15,0,0,0,0,73,88
4,0 7 10 15,4,a00 a07 a10 a15,0,0,0,0,81,88
4,0 7 10 21,0,,1,1,1,0,0,214
4,0 7 10 21,1,a00,1,1,1,0,97,214
4,0 7 10 21,1,a07,0,0,0,0,144,214
4,0 7 10 21,2,a00 a07,0,0,0,0,176,214
4,0 7 10 21,1,a10,0,0,0,0,60,214
4,0 7 10 21,2,a00 a10,0,0,0,0,157,214
4,0 7 10 21,2,a07 a10,0,0,0,0,157,214
4,0 7 10 21,3,a00 a07 a10,0,0,0,0,189,214
4,0 7 10 21,1,a21,0,0,0,0,136,214
4,0 7 10 21,2,a00 a21,0,0,0,0,159,214
4,0 7 10 21,2,a07 a21,0,0,0,0,179,214
4,0 7 10 21,3,a00 a07 a21,0,0,0,0,191,214
4,0 7 10 21,2,a10 a21,0,0,0,0,168,214
4,0 7 10 21,3,a00 a10 a21,0,0,0,0,191,214
4,0 7 10 21,3,a07 a10 a21,0,0,0,0,191,214
4,0 7 10 21,4,a00 a07 a10 a21,0,0,0,0,203,214
4,0 7 10 24,0,,1,1,1,0,0,472
4,0 7 10 24,1,a00,1,1,1,0,258,472
4,0 7 10 24,1,a07,0,0,0,0,312,472
4,0 7 10 24,2,a00 a07,0,0,0,0,391,472
4,0 7 10 24,1,a10,0,0,0,0,350,472
4,0 7 10 24,2,a00 a10,0,0,0,0,402,472
4,0 7 10 24,2,a07 a10,0,0,0,0,412,472
4,0 7 10 24,3,a00 a07 a10,0,0,0,0,435,472
4,0 7 10 24,1,a24,0,0,0,0,358,472
4,0 7 10 24,2,a00 a24,0,0,0,0,392,472
4,0 7 10 24,2,a07 a24,0,0,0,0,416,472
4,0 7 10 24,3,a00 a07 a24,0,0,0,0,435,472
4,0 7 10 24,2,a10 a24,0,0,0,0,402,472
4,0 7 10 24,3,a00 a10 a24,0,0,0,0,436,472
4,0 7 10 24,3,a07 a10 a24,0,0,0,0,434,472
4,0 7 10 24,4,a00 a07 a10 a24,0,0,0,0,453,472
4,0 7 11 21,0,,1,1,1,0,0,606
4,0 7 11 21,1,a00,0,0,0,0,420,606
4,0 7 11 21,1,a07,0,0,0,0,461,606
4,0 7 11 21,2,a00 a07,0,0,0,0,539,606
4,0 7 11 21,1,a11,0,0,0,0,375,606
4,0 7 11 21,2,a00 a11,0,0,0,0,514,606
4,0 7 11 21,2,a07 a11,0,0,0,0,516,606
4,0 7 11 21,3,a00 a07 a11,0,0,0,0,562,606
4,0 7 11 21,1,a21,0,0,0,0,453,606
4,0 7 11 21,2,a00 a21,0,0,0,0,517,606
4,0 7 11 21,2,a07 a21,0,0,0,0,531,606
4,0 7 11 21,3,a00 a07 a21,0,0,0,0,564,606
4,0 7 11 21,2,a11 a21,0,0,0,0,531,606
4,0 7 11 21,3,a00 a11 a21,0,0,0,0,564,606
4,0 7 11 21,3,a07 a11 a21,0,0,0,0,565,606
4,0 7 11 21,4,a00 a07 a11 a21,0,0,0,0,583,606
4,0 7 12 13,0,,1,1,1,0,0,116
4,0 7 12 13,1,a00,1,1,1,0,62,116
4,0 7 12 13,1,a07,1,1,1,0,48,116
4,0 7 12 13,2,a00 a07,1,1,1,0,73,116
4,0 7 12 13,1,a12,0,0,0,0,25,116
4,0 7 12 13,2,a00 a12,0,0,0,0,87,116
4,0 7 12 13,2,a07 a12,0,0,0,0,73,116
4,0 7 12 13,3,a00 a07 a12,0,0,0,0,98,116
4,0 7 12 13,1,a13,0,0,0,0,64,116
4,0 7 12 13,2,a00 a13,0,0,0,0,89,116
4,0 7 12 13,2,a07 a13,0,0,0,0,90,116
4,0 7 12 13,3,a00 a07 a13,0,0,0,0,99,116
4,0 7 12 13,2,a12 a13,0,0,0,0,73,116
4,0 7 12 13,3,a00 a12 a13,0,0,0,0,98,116
4,0 7 12 13,3,a07 a12 a13,0,0,0,0,99,116
4,0 7 12 13,4,a00 a07 a12 a13,0,0,0,0,108,116
4,0 7 13 20,0,,1,1,1,0,0,606
4,0 7 13 20,1,a00,0,0,0,0,420,606
4,0 7 13 20,1,a07,0,0,0,0,375,606
4,0 7 13 20,2,a00 a07,0,0,0,0,514,606
4,0 7 13 20,1,a13,0,0,0,0,453,606
4,0 7 13 20,2,a00 a13,0,0,0,0,517,606
4,0 7 13 20,2,a07 a13,0,0,0,0,531,606
4,0 7 13 20,3,a00 a07 a13,0,0,0,0,564,606
4,0 7 13 20,1,a20,0,0,0,0,461,606
4,0 7 13 20,2,a00 a20,0,0,0,0,539,606
4,0 7 13 20,2,a07 a20,0,0,0,0,516,606
4,0 7 13 20,3,a00 a07 a20,0,0,0,0,562,606
4,0 7 13 20,2,a13 a20,0,0,0,0,531,606
4,0 7 13 20,3,a00 a13 a20,0,0,0,0,564,606
4,0 7 13 20,3,a07 a13 a20,0,0,0,0,565,606
4,0 7 13 20,4,a00 a07 a13 a20,0,0,0,0,583,606
4,0 7 13 21,0,,1,1,1,0,0,364
4,0 7 13 21,1,a00,0,0,0,0,268,364
4,0 7 13 21,1,a07,0,0,0,0,218,364
4,0 7 13 21,2,a00 a07,0,0,0,0,313,364
4,0 7 13 21,1,a13,0,0,0,0,175,364
4,0 7 13 21,2,a00 a13,0,0,0,0,292,364
4,0 7 13 21,2,a07 a13,0,0,0,0,294,364
4,0 7 13 21,3,a00 a07 a13,0,0,0,0,332,364
4,0 7 13 21,1,a21,0,0,0,0,253,364
4,0 7 13 21,2,a00 a21,0,0,0,0,316,364
4,0 7 13 21,2,a07 a21,0,0,0,0,295,364
4,0 7 13 21,3,a00 a07 a21,0,0,0,0,333,364
4,0 7 13 21,2,a13 a21,0,0,0,0,306,364
4,0 7 13 21,3,a00 a13 a21,0,0,0,0,333,364
4,0 7 13 21,3,a07 a13 a21,0,0,0,0,335,364
4,0 7 13 21,4,a00 a07 a13 a21,0,0,0,0,349,364
4,0 8 10 15,0,,1,1,1,0,0,224
4,0 8 10 15,1,a00,1,1,1,0,141,224
4,0 8 10 15,1,a08,1,1,1,0,141,224
4,0 8 10 15,2,a00 a08,1,1,1,0,167,224
4,0 8 10 15,1,a10,0,0,0,0,122,224
4,0 8 10 15,2,a00 a10,0,0,0,0,186,224
4,0 8 10 15,2,a08 a10,0,0,0,0,174,224
4,0 8 10 15,3,a00 a08 a10,0,0,0,0,200,224
4,0 8 10 15,1,a15,0,0,0,0,122,224
4,0 8 10 15,2,a00 a15,0,0,0,0,174,224
4,0 8 10 15,2,a08 a15,0,0,0,0,186,224
4,0 8 10 15,3,a00 a08 a15,0,0,0,0,200,224
4,0 8 10 15,2,a10 a15,0,0,0,0,181,224
4,0 8 10 15,3,a00 a10 a15,0,0,0,0,198,224
4,0 8 10 15,3,a08 a10 a15,0,0,0,0,198,224
4,0 8 10 15,4,a00 a08 a10 a15,0,0,0,0,212,224
4,0 8 12 13,0,,1,1,1,0,0,224
4,0 8 12 13,1,a00,1,1,1,0,141,224
4,0 8 12 13,1,a08,1,1,1,0,141,224
4,0 8 12 13,2,a00 a08,1,1,1,0,167,224
4,0 8 12 13,1,a12,0,0,0,0,122,224
4,0 8 12 13,2,a00 a12,0,0,0,0,186,224
4,0 8 12 13,2,a08 a12,0,0,0,0,174,224
4,0 8 12 13,3,a00 a08 a12,0,0,0,0,200,224
4,0 8 12 13,1,a13,0,0,0,0,122,224
4,0 8 12 13,2,a00 a13,0,0,0,0,174,224
4,0 8 12 13,2,a08 a13,0,0,0,0,186,224
4,0 8 12 13,3,a00 a08 a13,0,0,0,0,200,224
4,0 8 12 13,2,a12 a13,0,0,0,0,181,224
4,0 8 12 13,3,a00 a12 a13,0,0,0,0,198,224
4,0 8 12 13,3,a08 a12 a13,0,0,0,0,198,224
4,0 8 12 13,4,a00 a08 a12 a13,0,0,0,0,212,224
4,0 9 10 15,0,,1,1,1,0,0,81
4,0 9 10 15,1,a00,1,1,1,0,22,81
4,0 9 10 15,1,a09,1,1,1,0,22,81
4,0 9 10 15,2,a00 a09,1,1,1,0,44,81
4,0 9 10 15,1,a10,0,0,0,0,22,81
4,0 9 10 15,2,a00 a10,0,0,0,0,44,81
4,0 9 10 15,2,a09 a10,0,0,0,0,44,81
4,0 9 10 15,3,a00 a09 a10,0,0,0,0,66,81
4,0 9 10 15,1,a15,0,0,0,0,50,81
4,0 9 10 15,2,a00 a15,0,0,0,0,58,81
4,0 9 10 15,2,a09 a15,0,0,0,0,58,81
4,0 9 10 15,3,a00 a09 a15,0,0,0,0,66,81
4,0 9 10 15,2,a10 a15,0,0,0,0,58,81
4,0 9 10 15,3,a00 a10 a15,0,0,0,0,66,81
4,0 9 10 15,3,a09 a10 a15,0,0,0,0,66,81
4,0 9 10 15,4,a00 a09 a10 a15,0,0,0,0,74,81
4,0 9 11 15,0,,1,1,1,0,0,279
4,0 9 11 15,1,a00,1,1,1,0,107,279
4,0 9 11 15,1,a09,0,0,0,0,107,279
4,0 9 11 15,2,a00 a09,0,0,0,0,214,279
4,0 9 11 15,1,a11,0,0,0,0,180,279
4,0 9 11 15,2,a00 a11,0,0,0,0,215,279
4,0 9 11 15,2,a09 a11,0,0,0,0,215,279
4,0 9 11 15,3,a00 a09 a11,0,0,0,0,250,279
4,0 9 11 15,1,a15,0,0,0,0,202,279
4,0 9 11 15,2,a00 a15,0,0,0,0,227,279
4,0 9 11 15,2,a09 a15,0,0,0,0,227,279
4,0 9 11 15,3,a00 a09 a15,0,0,0,0,252,279
4,0 9 11 15,2,a11 a15,0,0,0,0,240,279
4,0 9 11 15,3,a00 a11 a15,0,0,0,0,253,279
4,0 9 11 15,3,a09 a11 a15,0,0,0,0,253,279
4,0 9 11 15,4,a00 a09 a11 a15,0,0,0,0,266,279
4,0 9 12 13,0,,1,1,1,0,0,81
4,0 9 12 13,1,a00,1,1,1,0,22,81
4,0 9 12 13,1,a09,1,1,1,0,22,81
4,0 9 12 13,2,a00 a09,1,1,1,0,44,81
4,0 9 12 13,1,a12,0,0,0,0,22,81
4,0 9 12 13,2,a00 a12,0,0,0,0,44,81
4,0 9 12 13,2,a09 a12,0,0,0,0,44,81
4,0 9 12 13,3,a00 a09 a12,0,0,0,0,66,81
4,0 9 12 13,1,a13,0,0,0,0,50,81
4,0 9 12 13,2,a00 a13,0,0,0,0,58,81
4,0 9 12 13,2,a09 a13,0,0,0,0,58,81
4,0 9 12 13,3,a00 a09 a13,0,0,0,0,66,81
4,0 9 12 13,2,a12 a13,0,0,0,0,58,81
4,0 9 12 13,3,a00 a12 a13,0,0,0,0,66,81
4,0 9 12 13,3,a09 a12 a13,0,0,0,0,66,81
4,0 9 12 13,4,a00 a09 a12 a13,0,0,0,0,74,81
4,0 9 13 14,0,,1,1,1,0,0,279
4,0 9 13 14,1,a00,1,1,1,0,107,279
4,0 9 13 14,1,a09,0,0,0,0,107,279
4,0 9 13 14,2,a00 a09,0,0,0,0,214,279
4,0 9 13 14,1,a13,0,0,0,0,202,279
4,0 9 13 14,2,a00 a13,0,0,0,0,227,279
4,0 9 13 14,2,a09 a13,0,0,0,0,227,279
4,0 9 13 14,3,a00 a09 a13,0,0,0,0,252,279
4,0 9 13 14,1,a14,0,0,0,0,180,279
4,0 9 13 14,2,a00 a14,0,0,0,0,215,279
4,0 9 13 14,2,a09 a14,0,0,0,0,215,279
4,0 9 13 14,3,a00 a09 a14,0,0,0,0,250,279
4,0 9 13 14,2,a13 a14,0,0,0,0,240,279
4,0 9 13 14,3,a00 a13 a14,0,0,0,0,253,279
4,0 9 13 14,3,a09 a13 a14,0,0,0,0,253,279
4,0 9 13 14,4,a00 a09 a13 a14,0,0,0,0,266,279
4,0 9 13 15,0,,1,1,1,0,0,194
4,0 9 13 15,1,a00,1,1,1,0,78,194
4,0 9 13 15,1,a09,0,0,0,0,78,194
4,0 9 13 15,2,a00 a09,0,0,0,0,156,194
4,0 9 13 15,1,a13,0,0,0,0,109,194
4,0 9 13 15,2,a00 a13,0,0,0,0,140,194
4,0 9 13 15,2,a09 a13,0,0,0,0,140,194
4,0 9 13 15,3,a00 a09 a13,0,0,0,0,171,194
4,0 9 13 15,1,a15,0,0,0,0,109,194
4,0 9 13 15,2,a00 a15,0,0,0,0,140,194
4,0 9 13 15,2,a09 a15,0,0,0,0,140,194
4,0 9 13 15,3,a00 a09 a15,0,0,0,0,171,194
4,0 9 13 15,2,a13 a15,0,0,0,0,162,194
4,0 9 13 15,3,a00 a13 a15,0,0,0,0,173,194
4,0 9 13 15,3,a09 a13 a15,0,0,0,0,173,194
4,0 9 13 15,4,a00 a09 a13 a15,0,0,0,0,184,194
4,0 10 11 15,0,,1,1,1,0,0,166
4,0 10 11 15,1,a00,1,1,1,0,87,166
4,0 10 11 15,1,a10,0,0,0,0,28,166
4,0 10 11 15,2,a00 a10,0,0,0,0,115,166
4,0 10 11 15,1,a11,1,1,1,0,87,166
4,0 10 11 15,2,a00 a11,1,1,1,0,116,166
4,0 10 11 15,2,a10 a11,0,0,0,0,115,166
4,0 10 11 15,3,a00 a10 a11,0,0,0,0,144,166
4,0 10 11 15,1,a15,0,0,0,0,114,166
4,0 10 11 15,2,a00 a15,0,0,0,0,135,166
4,0 10 11 15,2,a10 a15,0,0,0,0,124,166
4,0 10 11 15,3,a00 a10 a15,0,0,0,0,145,166
4,0 10 11 15,2,a11 a15,0,0,0,0,135,166
4,0 10 11 15,3,a00 a11 a15,0,0,0,0,146,166
4,0 10 11 15,3,a10 a11 a15,0,0,0,0,145,166
4,0 10 11 15,4,a00 a10 a11 a15,0,0,0,0,156,166
4,0 10 12 13,0,,1,1,1,0,0,58
4,0 10 12 13,1,a00,1,1,1,0,19,58
4,0 10 12 13,1,a10,1,1,1,0,7,58
4,0 10 12 13,2,a00 a10,1,1,1,0,26,58
4,0 10 12 13,1,a12,0,0,0,0,19,58
4,0 10 12 13,2,a00 a12,0,0,0,0,38,58
4,0 10 12 13,2,a10 a12,0,0,0,0,26,58
4,0 10 12 13,3,a00 a10 a12,0,0,0,0,45,58
4,0 10 12 13,1,a13,0,0,0,0,31,58
4,0 10 12 13,2,a00 a13,0,0,0,0,38,58
4,0 10 12 13,2,a10 a13,0,0,0,0,38,58
4,0 10 12 13,3,a00 a10 a13,0,0,0,0,45,58
4,0 10 12 13,2,a12 a13,0,0,0,0,38,58
4,0 10 12 13,3,a00 a12 a13,0,0,0,0,45,58
4,0 10 12 13,3,a10 a12 a13,0,0,0,0,45,58
4,0 10 12 13,4,a00 a10 a12 a13,0,0,0,0,52,58
4,0 10 12 15,0,,1,1,1,0,0,58
4,0 10 12 15,1,a00,1,1,1,0,19,58
4,0 10 12 15,1,a10,0,0,0,0,19,58
4,0 10 12 15,2,a00 a10,0,0,0,0,38,58
4,0 10 12 15,1,a12,1,1,1,0,7,58
4,0 10 12 15,2,a00 a12,1,1,1,0,26,58
4,0 10 12 15,2,a10 a12,0,0,0,0,26,58
4,0 10 12 15,3,a00 a10 a12,0,0,0,0,45,58
4,0 10 12 15,1,a15,0,0,0,0,31,58
4,0 10 12 15,2,a00 a15,0,0,0,0,38,58
4,0 10 12 15,2,a10 a15,0,0,0,0,38,58
4,0 10 12 15,3,a00 a10 a15,0,0,0,0,45,58
4,0 10 12 15,2,a12 a15,0,0,0,0,38,58
4,0 10 12 15,3,a00 a12 a15,0,0,0,0,45,58
4,0 10 12 15,3,a10 a12 a15,0,0,0,0,45,58
4,0 10 12 15,4,a00 a10 a12 a15,0,0,0,0,52,58
4,0 10 12 16,0,,1,1,1,0,0,352
4,0 10 12 16,1,a00,1,1,1,0,204,352
4,0 10 12 16,1,a10,0,0,0,0,196,352
4,0 10 12 16,2,a00 a10,0,0,0,0,279,352
4,0 10 12 16,1,a12,0,0,0,0,196,352
4,0 10 12 16,2,a00 a12,0,0,0,0,279,352
4,0 10 12 16,2,a10 a12,0,0,0,0,290,352
4,0 10 12 16,3,a00 a10 a12,0,0,0,0,319,352
4,0 10 12 16,1,a16,0,0,0,0,285,352
4,0 10 12 16,2,a00 a16,0,0,0,0,304,352
4,0 10 12 16,2,a10 a16,0,0,0,0,302,352
4,0 10 12 16,3,a00 a10 a16,0,0,0,0,321,352
4,0 10 12 16,2,a12 a16,0,0,0,0,302,352
4,0 10 12 16,3,a00 a12 a16,0,0,0,0,321,352
4,0 10 12 16,3,a10 a12 a16,0,0,0,0,317,352
4,0 10 12 16,4,a00 a10 a12 a16,0,0,0,0,336,352
4,0 10 13 14,0,,1,1,1,0,0,214
4,0 10 13 14,1,a00,1,1,1,0,97,214
4,0 10 13 14,1,a10,0,0,0,0,60,214
4,0 10 13 14,2,a00 a10,0,0,0,0,157,214
4,0 10 13 14,1,a13,0,0,0,0,136,214
4,0 10 13 14,2,a00 a13,0,0,0,0,159,214
4,0 10 13 14,2,a10 a13,0,0,0,0,168,214
4,0 10 13 14,3,a00 a10 a13,0,0,0,0,191,214
4,0 10 13 14,1,a14,0,0,0,0,144,214
4,0 10 13 14,2,a00 a14,0,0,0,0,176,214
4,0 10 13 14,2,a10 a14,0,0,0,0,157,214
4,0 10 13 14,3,a00 a10 a14,0,0,0,0,189,214
4,0 10 13 14,2,a13 a14,0,0,0,0,179,214
4,0 10 13 14,3,a00 a13 a14,0,0,0,0,191,214
4,0 10 13 14,3,a10 a13 a14,0,0,0,0,191,214
4,0 10 13 14,4,a00 a10 a13 a14,0,0,0,0,203,214
4,0 10 13 15,0,,1,1,1,0,0,116
4,0 10 13 15,1,a00,1,1,1,0,62,116
4,0 10 13 15,1,a10,0,0,0,0,25,116
4,0 10 13 15,2,a00 a10,0,0,0,0,87,116
4,0 10 13 15,1,a13,1,1,1,0,48,116
4,0 10 13 15,2,a00 a13,1,1,1,0,73,116
4,0 10 13 15,2,a10 a13,0,0,0,0,73,116
4,0 10 13 15,3,a00 a10 a13,0,0,0,0,98,116
4,0 10 13 15,1,a15,0,0,0,0,64,116
4,0 10 13 15,2,a00 a15,0,0,0,0,89,116
4,0 10 13 15,2,a10 a15,0,0,0,0,73,116
4,0 10 13 15,3,a00 a10 a15,0,0,0,0,98,116
4,0 10 13 15,2,a13 a15,0,0,0,0,90,116
4,0 10 13 15,3,a00 a13 a15,0,0,0,0,99,116
4,0 10 13 15,3,a10 a13 a15,0,0,0,0,99,116
4,0 10 13 15,4,a00 a10 a13 a15,0,0,0,0,108,116
4,0 10 14 15,0,,1,1,1,0,0,88
4,0 10 14 15,1,a00,1,1,1,0,29,88
4,0 10 14 15,1,a10,0,0,0,0,36,88
4,0 10 14 15,2,a00 a10,0,0,0,0,65,88
4,0 10 14 15,1,a14,1,1,1,0,36,88
4,0 10 14 15,2,a00 a14,1,1,1,0,51,88
4,0 10 14 15,2,a10 a14,0,0,0,0,58,88
4,0 10 14 15,3,a00 a10 a14,0,0,0,0,73,88
4,0 10 14 15,1,a15,0,0,0,0,36,88
4,0 10 14 15,2,a00 a15,0,0,0,0,51,88
4,0 10 14 15,2,a10 a15,0,0,0,0,58,88
4,0 10 14 15,3,a00 a10 a15,0,0,0,0,73,88
4,0 10 14 15,2,a14 a15,0,0,0,0,65,88
4,0 10 14 15,3,a00 a14 a15,0,0,0,0,73,88
4,0 10 14 15,3,a10 a14 a15,0,0,0,0,73,88
4,0 10 14 15,4,a00 a10 a14 a15,0,0,0,0,81,88
4,0 10 14 16,0,,1,1,1,0,0,472
4,0 10 14 16,1,a00,1,1,1,0,258,472
4,0 10 14 16,1,a10,0,0,0,0,350,472
4,0 10 14 16,2,a00 a10,0,0,0,0,402,472
4,0 10 14 16,1,a14,0,0,0,0,312,472
4,0 10 14 16,2,a00 a14,0,0,0,0,391,472
4,0 10 14 16,2,a10 a14,0,0,0,0,412,472
4,0 10 14 16,3,a00 a10 a14,0,0,0,0,435,472
4,0 10 14 16,1,a16,0,0,0,0,358,472
4,0 10 14 16,2,a00 a16,0,0,0,0,392,472
4,0 10 14 16,2,a10 a16,0,0,0,0,402,472
4,0 10 14 16,3,a00 a10 a16,0,0,0,0,436,472
4,0 10 14 16,2,a14 a16,0,0,0,0,416,472
4,0 10 14 16,3,a00 a14 a16,0,0,0,0,435,472
4,0 10 14 16,3,a10 a14 a16,0,0,0,0,434,472
4,0 10 14 16,4,a00 a10 a14 a16,0,0,0,0,453,472
4,0 10 15 16,0,,1,1,1,0,0,279
4,0 10 15 16,1,a00,1,1,1,0,177,279
4,0 10 15 16,1,a10,0,0,0,0,160,279
4,0 10 15 16,2,a00 a10,0,0,0,0,236,279
4,0 10 15 16,1,a15,0,0,0,0,145,279
4,0 10 15 16,2,a00 a15,0,0,0,0,213,279
4,0 10 15 16,2,a10 a15,0,0,0,0,227,279
4,0 10 15 16,3,a00 a10 a15,0,0,0,0,249,279
4,0 10 15 16,1,a16,1,1,1,0,187,279
4,0 10 15 16,2,a00 a16,1,1,1,0,216,279
4,0 10 15 16,2,a10 a16,0,0,0,0,223,279
4,0 10 15 16,3,a00 a10 a16,0,0,0,0,252,279
4,0 10 15 16,2,a15 a16,0,0,0,0,236,279
4,0 10 15 16,3,a00 a15 a16,0,0,0,0,252,279
4,0 10 15 16,3,a10 a15 a16,0,0,0,0,249,279
4,0 10 15 16,4,a00 a10 a15 a16,0,0,0,0,265,279
4,0 10 15 17,0,,1,1,1,0,0,166
4,0 10 15 17,1,a00,1,1,1,0,87,166
4,0 10 15 17,1,a10,0,0,0,0,28,166
4,0 10 15 17,2,a00 a10,0,0,0,0,115,166
4,0 10 15 17,1,a15,0,0,0,0,114,166
4,0 10 15 17,2,a00 a15,0,0,0,0,135,166
4,0 10 15 17,2,a10 a15,0,0,0,0,124,166
4,0 10 15 17,3,a00 a10 a15,0,0,0,0,145,166
4,0 10 15 17,1,a17,1,1,1,0,87,166
4,0 10 15 17,2,a00 a17,1,1,1,0,116,166
4,0 10 15 17,2,a10 a17,0,0,0,0,115,166
4,0 10 15 17,3,a00 a10 a17,0,0,0,0,144,166
4,0 10 15 17,2,a15 a17,0,0,0,0,135,166
4,0 10 15 17,3,a00 a15 a17,0,0,0,0,146,166
4,0 10 15 17,3,a10 a15 a17,0,0,0,0,145,166
4,0 10 15 17,4,a00 a10 a15 a17,0,0,0,0,156,166
4,0 10 15 18,0,,1,1,1,0,0,166
4,0 10 15 18,1,a00,1,1,1,0,87,166
4,0 10 15 18,1,a10,0,0,0,0,28,166
4,0 10 15 18,2,a00 a10,0,0,0,0,115,166
4,0 10 15 18,1,a15,0,0,0,0,114,166
4,0 10 15 18,2,a00 a15,0,0,0,0,135,166
4,0 10 15 18,2,a10 a15,0,0,0,0,124,166
4,0 10 15 18,3,a00 a10 a15,0,0,0,0,145,166
4,0 10 15 18,1,a18,1,1,1,0,87,166
4,0 10 15 18,2,a00 a18,1,1,1,0,116,166
4,0 10 15 18,2,a10 a18,0,0,0,0,115,166
4,0 10 15 18,3,a00 a10 a18,0,0,0,0,144,166
4,0 10 15 18,2,a15 a18,0,0,0,0,135,166
4,0 10 15 18,3,a00 a15 a18,0,0,0,0,146,166
4,0 10 15 18,3,a10 a15 a18,0,0,0,0,145,166
4,0 10 15 18,4,a00 a10 a15 a18,0,0,0,0,156,166
4,0 10 15 19,0,,1,1,1,0,0,81
4,0 10 15 19,1,a00,1,1,1,0,22,81
4,0 10 15 19,1,a10,0,0,0,0,22,81
4,0 10 15 19,2,a00 a10,0,0,0,0,44,81
4,0 10 15 19,1,a15,0,0,0,0,50,81
4,0 10 15 19,2,a00 a15,0,0,0,0,58,81
4,0 10 15 19,2,a10 a15,0,0,0,0,58,81
4,0 10 15 19,3,a00 a10 a15,0,0,0,0,66,81
4,0 10 15 19,1,a19,1,1,1,0,22,81
4,0 10 15 19,2,a00 a19,1,1,1,0,44,81
4,0 10 15 19,2,a10 a19,0,0,0,0,44,81
4,0 10 15 19,3,a00 a10 a19,0,0,0,0,66,81
4,0 10 15 19,2,a15 a19,0,0,0,0,58,81
4,0 10 15 19,3,a00 a15 a19,0,0,0,0,66,81
4,0 10 15 19,3,a10 a15 a19,0,0,0,0,66,81
4,0 10 15 19,4,a00 a10 a15 a19,0,0,0,0,74,81
4,0 10 15 20,0,,1,1,1,0,0,116
4,0 10 15 20,1,a00,1,1,1,0,62,116
4,0 10 15 20,1,a10,0,0,0,0,25,116
4,0 10 15 20,2,a00 a10,0,0,0,0,87,116
4,0 10 15 20,1,a15,0,0,0,0,64,116
4,0 10 15 20,2,a00 a15,0,0,0,0,89,116
4,0 10 15 20,2,a10 a15,0,0,0,0,73,116
4,0 10 15 20,3,a00 a10 a15,0,0,0,0,98,116
4,0 10 15 20,1,a20,1,1,1,0,48,116
4,0 10 15 20,2,a00 a20,1,1,1,0,73,116
4,0 10 15 20,2,a10 a20,0,0,0,0,73,116
4,0 10 15 20,3,a00 a10 a20,0,0,0,0,98,116
4,0 10 15 20,2,a15 a20,0,0,0,0,90,116
4,0 10 15 20,3,a00 a15 a20,0,0,0,0,99,116
4,0 10 15 20,3,a10 a15 a20,0,0,0,0,99,116
4,0 10 15 20,4,a00 a10 a15 a20,0,0,0,0,108,116
4,0 10 15 21,0,,1,1,1,0,0,116
4,0 10 15 21,1,a00,1,1,1,0,62,116
4,0 10 15 21,1,a10,0,0,0,0,25,116
4,0 10 15 21,2,a00 a10,0,0,0,0,87,116
4,0 10 15 21,1,a15,0,0,0,0,64,116
4,0 10 15 21,2,a00 a15,0,0,0,0,89,116
4,0 10 15 21,2,a10 a15,0,0,0,0,73,116
4,0 10 15 21,3,a00 a10 a15,0,0,0,0,98,116
4,0 10 15 21,1,a21,1,1,1,0,48,116
4,0 10 15 21,2,a00 a21,1,1,1,0,73,116
4,0 10 15 21,2,a10 a21,0,0,0,0,73,116
4,0 10 15 21,3,a00 a10 a21,0,0,0,0,98,116
4,0 10 15 21,2,a15 a21,0,0,0,0,90,116
4,0 10 15 21,3,a00 a15 a21,0,0,0,0,99,116
4,0 10 15 21,3,a10 a15 a21,0,0,0,0,99,116
4,0 10 15 21,4,a00 a10 a15 a21,0,0,0,0,108,116
4,0 10 15 22,0,,1,1,1,0,0,58
4,0 10 15 22,1,a00,1,1,1,0,19,58
4,0 10 15 22,1,a10,0,0,0,0,19,58
4,0 10 15 22,2,a00 a10,0,0,0,0,38,58
4,0 10 15 22,1,a15,0,0,0,0,31,58
4,0 10 15 22,2,a00 a15,0,0,0,0,38,58
4,0 10 15 22,2,a10 a15,0,0,0,0,38,58
4,0 10 15 22,3,a00 a10 a15,0,0,0,0,45,58
4,0 10 15 22,1,a22,1,1,1,0,7,58
4,0 10 15 22,2,a00 a22,1,1,1,0,26,58
4,0 10 15 22,2,a10 a22,0,0,0,0,26,58
4,0 10 15 22,3,a00 a10 a22,0,0,0,0,45,58
4,0 10 15 22,2,a15 a22,0,0,0,0,38,58
4,0 10 15 22,3,a00 a15 a22,0,0,0,0,45,58
4,0 10 15 22,3,a10 a15 a22,0,0,0,0,45,58
4,0 10 15 22,4,a00 a10 a15 a22,0,0,0,0,52,58
4,0 10 15 23,0,,1,1,1,0,0,224
4,0 10 15 23,1,a00,1,1,1,0,141,224
4,0 10 15 23,1,a10,0,0,0,0,122,224
4,0 10 15 23,2,a00 a10,0,0,0,0,186,224
4,0 10 15 23,1,a15,0,0,0,0,122,224
4,0 10 15 23,2,a00 a15,0,0,0,0,174,224
4,0 10 15 23,2,a10 a15,0,0,0,0,181,224
4,0 10 15 23,3,a00 a10 a15,0,0,0,0,198,224
4,0 10 15 23,1,a23,1,1,1,0,141,224
4,0 10 15 23,2,a00 a23,1,1,1,0,167,224
4,0 10 15 23,2,a10 a23,0,0,0,0,174,224
4,0 10 15 23,3,a00 a10 a23,0,0,0,0,200,224
4,0 10 15 23,2,a15 a23,0,0,0,0,186,224
4,0 10 15 23,3,a00 a15 a23,0,0,0,0,200,224
4,0 10 15 23,3,a10 a15 a23,0,0,0,0,198,224
4,0 10 15 23,4,a00 a10 a15 a23,0,0,0,0,212,224
4,0 10 15 24,0,,1,1,1,0,0,279
4,0 10 15 24,1,a00,1,1,1,0,177,279
4,0 10 15 24,1,a10,0,0,0,0,160,279
4,0 10 15 24,2,a00 a10,0,0,0,0,236,279
4,0 10 15 24,1,a15,0,0,0,0,145,279
4,0 10 15 24,2,a00 a15,0,0,0,0,213,279
4,0 10 15 24,2,a10 a15,0,0,0,0,227,279
4,0 10 15 24,3,a00 a10 a15,0,0,0,0,249,279
4,0 10 15 24,1,a24,1,1,1,0,187,279
4,0 10 15 24,2,a00 a24,1,1,1,0,216,279
4,0 10 15 24,2,a10 a24,0,0,0,0,223,279
4,0 10 15 24,3,a00 a10 a24,0,0,0,0,252,279
4,0 10 15 24,2,a15 a24,0,0,0,0,236,279
4,0 10 15 24,3,a00 a15 a24,0,0,0,0,252,279
4,0 10 15 24,3,a10 a15 a24,0,0,0,0,249,279
4,0 10 15 24,4,a00 a10 a15 a24,0,0,0,0,265,279
4,0 10 15 25,0,,1,1,1,0,0,81
4,0 10 15 25,1,a00,1,1,1,0,22,81
4,0 10 15 25,1,a10,0,0,0,0,36,81
4,0 10 15 25,2,a00 a10,0,0,0,0,58,81
4,0 10 15 25,1,a15,0,0,0,0,36,81
4,0 10 15 25,2,a00 a15,0,0,0,0,44,81
4,0 10 15 25,2,a10 a15,0,0,0,0,58,81
4,0 10 15 25,3,a00 a10 a15,0,0,0,0,66,81
4,0 10 15 25,1,a25,1,1,1,0,22,81
4,0 10 15 25,2,a00 a25,1,1,1,0,44,81
4,0 10 15 25,2,a10 a25,0,0,0,0,44,81
4,0 10 15 25,3,a00 a10 a25,0,0,0,0,66,81
4,0 10 15 25,2,a15 a25,0,0,0,0,58,81
4,0 10 15 25,3,a00 a15 a25,0,0,0,0,66,81
4,0 10 15 25,3,a10 a15 a25,0,0,0,0,66,81
4,0 10 15 25,4,a00 a10 a15 a25,0,0,0,0,74,81
4,0 11 12 13,0,,1,1,1,0,0,88
4,0 11 12 13,1,a00,1,1,1,0,29,88
4,0 11 12 13,1,a11,1,1,1,0,36,88
4,0 11 12 13,2,a00 a11,1,1,1,0,51,88
4,0 11 12 13,1,a12,0,0,0,0,36,88
4,0 11 12 13,2,a00 a12,0,0,0,0,65,88
4,0 11 12 13,2,a11 a12,0,0,0,0,58,88
4,0 11 12 13,3,a00 a11 a12,0,0,0,0,73,88
4,0 11 12 13,1,a13,0,0,0,0,36,88
4,0 11 12 13,2,a00 a13,0,0,0,0,51,88
4,0 11 12 13,2,a11 a13,0,0,0,0,65,88
4,0 11 12 13,3,a00 a11 a13,0,0,0,0,73,88
4,0 11 12 13,2,a12 a13,0,0,0,0,58,88
4,0 11 12 13,3,a00 a12 a13,0,0,0,0,73,88
4,0 11 12 13,3,a11 a12 a13,0,0,0,0,73,88
4,0 11 12 13,4,a00 a11 a12 a13,0,0,0,0,81,88
4,0 11 12 15,0,,1,1,1,0,0,214
4,0 11 12 15,1,a00,1,1,1,0,97,214
4,0 11 12 15,1,a11,0,0,0,0,144,214
4,0 11 12 15,2,a00 a11,0,0,0,0,176,214
4,0 11 12 15,1,a12,0,0,0,0,60,214
4,0 11 12 15,2,a00 a12,0,0,0,0,157,214
4,0 11 12 15,2,a11 a12,0,0,0,0,157,214
4,0 11 12 15,3,a00 a11 a12,0,0,0,0,189,214
4,0 11 12 15,1,a15,0,0,0,0,136,214
4,0 11 12 15,2,a00 a15,0,0,0,0,159,214
4,0 11 12 15,2,a11 a15,0,0,0,0,179,214
4,0 11 12 15,3,a00 a11 a15,0,0,0,0,191,214
4,0 11 12 15,2,a12 a15,0,0,0,0,168,214
4,0 11 12 15,3,a00 a12 a15,0,0,0,0,191,214
4,0 11 12 15,3,a11 a12 a15,0,0,0,0,191,214
4,0 11 12 15,4,a00 a11 a12 a15,0,0,0,0,203,214
4,0 11 12 16,0,,1,1,1,0,0,472
4,0 11 12 16,1,a00,1,1,1,0,258,472
4,0 11 12 16,1,a11,0,0,0,0,312,472
4,0 11 12 16,2,a00 a11,0,0,0,0,391,472
4,0 11 12 16,1,a12,0,0,0,0,350,472
4,0 11 12 16,2,a00 a12,0,0,0,0,402,472
4,0 11 12 16,2,a11 a12,0,0,0,0,412,472
4,0 11 12 16,3,a00 a11 a12,0,0,0,0,435,472
4,0 11 12 16,1,a16,0,0,0,0,358,472
4,0 11 12 16,2,a00 a16,0,0,0,0,392,472
4,0 11 12 16,2,a11 a16,0,0,0,0,416,472
4,0 11 12 16,3,a00 a11 a16,0,0,0,0,435,472
4,0 11 12 16,2,a12 a16,0,0,0,0,402,472
4,0 11 12 16,3,a00 a12 a16,0,0,0,0,436,472
4,0 11 12 16,3,a11 a12 a16,0,0,0,0,434,472
4,0 11 12 16,4,a00 a11 a12 a16,0,0,0,0,453,472
4,0 11 15 17,0,,1,1,1,0,0,769
4,0 11 15 17,1,a00,0,0,0,0,508,769
4,0 11 15 17,1,a11,0,0,0,0,552,769
4,0 11 15 17,2,a00 a11,0,0,0,0,664,769
4,0 11 15 17,1,a15,0,0,0,0,628,769
4,0 11 15 17,2,a00 a15,0,0,0,0,684,769
4,0 11 15 17,2,a11 a15,0,0,0,0,685,769
4,0 11 15 17,3,a00 a11 a15,0,0,0,0,721,769
4,0 11 15 17,1,a17,0,0,0,0,508,769
4,0 11 15 17,2,a00 a17,0,0,0,0,661,769
4,0 11 15 17,2,a11 a17,0,0,0,0,664,769
4,0 11 15 17,3,a00 a11 a17,0,0,0,0,716,769
4,0 11 15 17,2,a15 a17,0,0,0,0,684,769
4,0 11 15 17,3,a00 a15 a17,0,0,0,0,720,769
4,0 11 15 17,3,a11 a15 a17,0,0,0,0,721,769
4,0 11 15 17,4,a00 a11 a15 a17,0,0,0,0,741,769
4,0 11 15 18,0,,1,1,1,0,0,472
4,0 11 15 18,1,a00,0,0,0,0,340,472
4,0 11 15 18,1,a11,0,0,0,0,260,472
4,0 11 15 18,2,a00 a11,0,0,0,0,388,472
4,0 11 15 18,1,a15,0,0,0,0,372,472
4,0 11 15 18,2,a00 a15,0,0,0,0,418,472
4,0 11 15 18,2,a11 a15,0,0,0,0,406,472
4,0 11 15 18,3,a00 a11 a15,0,0,0,0,436,472
4,0 11 15 18,1,a18,0,0,0,0,260,472
4,0 11 15 18,2,a00 a18,0,0,0,0,388,472
4,0 11 15 18,2,a11 a18,0,0,0,0,391,472
4,0 11 15 18,3,a00 a11 a18,0,0,0,0,433,472
4,0 11 15 18,2,a15 a18,0,0,0,0,406,472
4,0 11 15 18,3,a00 a15 a18,0,0,0,0,436,472
4,0 11 15 18,3,a11 a15 a18,0,0,0,0,437,472
4,0 11 15 18,4,a00 a11 a15 a18,0,0,0,0,453,472
4,0 11 15 20,0,,1,1,1,0,0,606
4,0 11 15 20,1,a00,0,0,0,0,420,606
4,0 11 15 20,1,a11,0,0,0,0,461,606
4,0 11 15 20,2,a00 a11,0,0,0,0,539,606
4,0 11 15 20,1,a15,0,0,0,0,453,606
4,0 11 15 20,2,a00 a15,0,0,0,0,517,606
4,0 11 15 20,2,a11 a15,0,0,0,0,531,606
4,0 11 15 20,3,a00 a11 a15,0,0,0,0,564,606
4,0 11 15 20,1,a20,0,0,0,0,375,606
4,0 11 15 20,2,a00 a20,0,0,0,0,514,606
4,0 11 15 20,2,a11 a20,0,0,0,0,516,606
4,0 11 15 20,3,a00 a11 a20,0,0,0,0,562,606
4,0 11 15 20,2,a15 a20,0,0,0,0,531,606
4,0 11 15 20,3,a00 a15 a20,0,0,0,0,564,606
4,0 11 15 20,3,a11 a15 a20,0,0,0,0,565,606
4,0 11 15 20,4,a00 a11 a15 a20,0,0,0,0,583,606
4,0 11 15 21,0,,1,1,1,0,0,364
4,0 11 15 21,1,a00,0,0,0,0,268,364
4,0 11 15 21,1,a11,0,0,0,0,218,364
4,0 11 15 21,2,a00 a11,0,0,0,0,313,364
4,0 11 15 21,1,a15,0,0,0,0,253,364
4,0 11 15 21,2,a00 a15,0,0,0,0,316,364
4,0 11 15 21,2,a11 a15,0,0,0,0,295,364
4,0 11 15 21,3,a00 a11 a15,0,0,0,0,333,364
4,0 11 15 21,1,a21,0,0,0,0,175,364
4,0 11 15 21,2,a00 a21,0,0,0,0,292,364
4,0 11 15 21,2,a11 a21,0,0,0,0,294,364
4,0 11 15 21,3,a00 a11 a21,0,0,0,0,332,364
4,0 11 15 21,2,a15 a21,0,0,0,0,306,364
4,0 11 15 21,3,a00 a15 a21,0,0,0,0,333,364
4,0 11 15 21,3,a11 a15 a21,0,0,0,0,335,364
4,0 11 15 21,4,a00 a11 a15 a21,0,0,0,0,349,364
4,0 12 13 14,0,,1,1,1,0,0,166
4,0 12 13 14,1,a00,1,1,1,0,87,166
4,0 12 13 14,1,a12,0,0,0,0,28,166
4,0 12 13 14,2,a00 a12,0,0,0,0,115,166
4,0 12 13 14,1,a13,0,0,0,0,114,166
4,0 12 13 14,2,a00 a13,0,0,0,0,135,166
4,0 12 13 14,2,a12 a13,0,0,0,0,124,166
4,0 12 13 14,3,a00 a12 a13,0,0,0,0,145,166
4,0 12 13 14,1,a14,1,1,1,0,87,166
4,0 12 13 14,2,a00 a14,1,1,1,0,116,166
4,0 12 13 14,2,a12 a14,0,0,0,0,115,166
4,0 12 13 14,3,a00 a12 a14,0,0,0,0,144,166
4,0 12 13 14,2,a13 a14,0,0,0,0,135,166
4,0 12 13 14,3,a00 a13 a14,0,0,0,0,146,166
4,0 12 13 14,3,a12 a13 a14,0,0,0,0,145,166
4,0 12 13 14,4,a00 a12 a13 a14,0,0,0,0,156,166
4,0 12 13 15,0,,1,1,1,0,0,116
4,0 12 13 15,1,a00,1,1,1,0,62,116
4,0 12 13 15,1,a12,0,0,0,0,25,116
4,0 12 13 15,2,a00 a12,0,0,0,0,87,116
4,0 12 13 15,1,a13,0,0,0,0,64,116
4,0 12 13 15,2,a00 a13,0,0,0,0,89,116
4,0 12 13 15,2,a12 a13,0,0,0,0,73,116
4,0 12 13 15,3,a00 a12 a13,0,0,0,0,98,116
4,0 12 13 15,1,a15,1,1,1,0,48,116
4,0 12 13 15,2,a00 a15,1,1,1,0,73,116
4,0 12 13 15,2,a12 a15,0,0,0,0,73,116
4,0 12 13 15,3,a00 a12 a15,0,0,0,0,98,116
4,0 12 13 15,2,a13 a15,0,0,0,0,90,116
4,0 12 13 15,3,a00 a13 a15,0,0,0,0,99,116
4,0 12 13 15,3,a12 a13 a15,0,0,0,0,99,116
4,0 12 13 15,4,a00 a12 a13 a15,0,0,0,0,108,116
4,0 12 13 16,0,,1,1,1,0,0,279
4,0 12 13 16,1,a00,1,1,1,0,177,279
4,0 12 13 16,1,a12,0,0,0,0,160,279
4,0 12 13 16,2,a00 a12,0,0,0,0,236,279
4,0 12 13 16,1,a13,0,0,0,0,145,279
4,0 12 13 16,2,a00 a13,0,0,0,0,213,279
4,0 12 13 16,2,a12 a13,0,0,0,0,227,279
4,0 12 13 16,3,a00 a12 a13,0,0,0,0,249,279
4,0 12 13 16,1,a16,1,1,1,0,187,279
4,0 12 13 16,2,a00 a16,1,1,1,0,216,279
4,0 12 13 16,2,a12 a16,0,0,0,0,223,279
4,0 12 13 16,3,a00 a12 a16,0,0,0,0,252,279
4,0 12 13 16,2,a13 a16,0,0,0,0,236,279
4,0 12 13 16,3,a00 a13 a16,0,0,0,0,252,279
4,0 12 13 16,3,a12 a13 a16,0,0,0,0,249,279
4,0 12 13 16,4,a00 a12 a13 a16,0,0,0,0,265,279
4,0 12 13 17,0,,1,1,1,0,0,166
4,0 12 13 17,1,a00,1,1,1,0,87,166
4,0 12 13 17,1,a12,0,0,0,0,28,166
4,0 12 13 17,2,a00 a12,0,0,0,0,115,166
4,0 12 13 17,1,a13,0,0,0,0,114,166
4,0 12 13 17,2,a00 a13,0,0,0,0,135,166
4,0 12 13 17,2,a12 a13,0,0,0,0,124,166
4,0 12 13 17,3,a00 a12 a13,0,0,0,0,145,166
4,0 12 13 17,1,a17,1,1,1,0,87,166
4,0 12 13 17,2,a00 a17,1,1,1,0,116,166
4,0 12 13 17,2,a12 a17,0,0,0,0,115,166
4,0 12 13 17,3,a00 a12 a17,0,0,0,0,144,166
4,0 12 13 17,2,a13 a17,0,0,0,0,135,166
4,0 12 13 17,3,a00 a13 a17,0,0,0,0,146,166
4,0 12 13 17,3,a12 a13 a17,0,0,0,0,145,166
4,0 12 13 17,4,a00 a12 a13 a17,0,0,0,0,156,166
4,0 12 13 18,0,,1,1,1,0,0,116
4,0 12 13 18,1,a00,1,1,1,0,62,116
4,0 12 13 18,1,a12,0,0,0,0,25,116
4,0 12 13 18,2,a00 a12,0,0,0,0,87,116
4,0 12 13 18,1,a13,0,0,0,0,64,116
4,0 12 13 18,2,a00 a13,0,0,0,0,89,116
4,0 12 13 18,2,a12 a13,0,0,0,0,73,116
4,0 12 13 18,3,a00 a12 a13,0,0,0,0,98,116
4,0 12 13 18,1,a18,1,1,1,0,48,116
4,0 12 13 18,2,a00 a18,1,1,1,0,73,116
4,0 12 13 18,2,a12 a18,0,0,0,0,73,116
4,0 12 13 18,3,a00 a12 a18,0,0,0,0,98,116
4,0 12 13 18,2,a13 a18,0,0,0,0,90,116
4,0 12 13 18,3,a00 a13 a18,0,0,0,0,99,116
4,0 12 13 18,3,a12 a13 a18,0,0,0,0,99,116
4,0 12 13 18,4,a00 a12 a13 a18,0,0,0,0,108,116
4,0 12 13 19,0,,1,1,1,0,0,224
4,0 12 13 19,1,a00,1,1,1,0,141,224
4,0 12 13 19,1,a12,0,0,0,0,122,224
4,0 12 13 19,2,a00 a12,0,0,0,0,186,224
4,0 12 13 19,1,a13,0,0,0,0,122,224
4,0 12 13 19,2,a00 a13,0,0,0,0,174,224
4,0 12 13 19,2,a12 a13,0,0,0,0,181,224
4,0 12 13 19,3,a00 a12 a13,0,0,0,0,198,224
4,0 12 13 19,1,a19,1,1,1,0,141,224
4,0 12 13 19,2,a00 a19,1,1,1,0,167,224
4,0 12 13 19,2,a12 a19,0,0,0,0,174,224
4,0 12 13 19,3,a00 a12 a19,0,0,0,0,200,224
4,0 12 13 19,2,a13 a19,0,0,0,0,186,224
4,0 12 13 19,3,a00 a13 a19,0,0,0,0,200,224
4,0 12 13 19,3,a12 a13 a19,0,0,0,0,198,224
4,0 12 13 19,4,a00 a12 a13 a19,0,0,0,0,212,224
4,0 12 13 20,0,,1,1,1,0,0,166
4,0 12 13 20,1,a00,1,1,1,0,87,166
4,0 12 13 20,1,a12,0,0,0,0,28,166
4,0 12 13 20,2,a00 a12,0,0,0,0,115,166
4,0 12 13 20,1,a13,0,0,0,0,114,166
4,0 12 13 20,2,a00 a13,0,0,0,0,135,166
4,0 12 13 20,2,a12 a13,0,0,0,0,124,166
4,0 12 13 20,3,a00 a12 a13,0,0,0,0,145,166
4,0 12 13 20,1,a20,1,1,1,0,87,166
4,0 12 13 20,2,a00 a20,1,1,1,0,116,166
4,0 12 13 20,2,a12 a20,0,0,0,0,115,166
4,0 12 13 20,3,a00 a12 a20,0,0,0,0,144,166
4,0 12 13 20,2,a13 a20,0,0,0,0,135,166
4,0 12 13 20,3,a00 a13 a20,0,0,0,0,146,166
4,0 12 13 20,3,a12 a13 a20,0,0,0,0,145,166
4,0 12 13 20,4,a00 a12 a13 a20,0,0,0,0,156,166
4,0 12 13 21,0,,1,1,1,0,0,116
4,0 12 13 21,1,a00,1,1,1,0,62,116
4,0 12 13 21,1,a12,0,0,0,0,25,116
4,0 12 13 21,2,a00 a12,0,0,0,0,87,116
4,0 12 13 21,1,a13,0,0,0,0,64,116
4,0 12 13 21,2,a00 a13,0,0,0,0,89,116
4,0 12 13 21,2,a12 a13,0,0,0,0,73,116
4,0 12 13 21,3,a00 a12 a13,0,0,0,0,98,116
4,0 12 13 21,1,a21,1,1,1,0,48,116
4,0 12 13 21,2,a00 a21,1,1,1,0,73,116
4,0 12 13 21,2,a12 a21,0,0,0,0,73,116
4,0 12 13 21,3,a00 a12 a21,0,0,0,0,98,116
4,0 12 13 21,2,a13 a21,0,0,0,0,90,116
4,0 12 13 21,3,a00 a13 a21,0,0,0,0,99,116
4,0 12 13 21,3,a12 a13 a21,0,0,0,0,99,116
4,0 12 13 21,4,a00 a12 a13 a21,0,0,0,0,108,116
4,0 12 13 22,0,,1,1,1,0,0,279
4,0 12 13 22,1,a00,1,1,1,0,177,279
4,0 12 13 22,1,a12,0,0,0,0,160,279
4,0 12 13 22,2,a00 a12,0,0,0,0,236,279
4,0 12 13 22,1,a13,0,0,0,0,145,279
4,0 12 13 22,2,a00 a13,0,0,0,0,213,279
4,0 12 13 22,2,a12 a13,0,0,0,0,227,279
4,0 12 13 22,3,a00 a12 a13,0,0,0,0,249,279
4,0 12 13 22,1,a22,1,1,1,0,187,279
4,0 12 13 22,2,a00 a22,1,1,1,0,216,279
4,0 12 13 22,2,a12 a22,0,0,0,0,223,279
4,0 12 13 22,3,a00 a12 a22,0,0,0,0,252,279
4,0 12 13 22,2,a13 a22,0,0,0,0,236,279
4,0 12 13 22,3,a00 a13 a22,0,0,0,0,252,279
4,0 12 13 22,3,a12 a13 a22,0,0,0,0,249,279
4,0 12 13 22,4,a00 a12 a13 a22,0,0,0,0,265,279
4,0 12 13 23,0,,1,1,1,0,0,81
4,0 12 13 23,1,a00,1,1,1,0,22,81
4,0 12 13 23,1,a12,0,0,0,0,22,81
4,0 12 13 23,2,a00 a12,0,0,0,0,44,81
4,0 12 13 23,1,a13,0,0,0,0,50,81
4,0 12 13 23,2,a00 a13,0,0,0,0,58,81
4,0 12 13 23,2,a12 a13,0,0,0,0,58,81
4,0 12 13 23,3,a00 a12 a13,0,0,0,0,66,81
4,0 12 13 23,1,a23,1,1,1,0,22,81
4,0 12 13 23,2,a00 a23,1,1,1,0,44,81
4,0 12 13 23,2,a12 a23,0,0,0,0,44,81
4,0 12 13 23,3,a00 a12 a23,0,0,0,0,66,81
4,0 12 13 23,2,a13 a23,0,0,0,0,58,81
4,0 12 13 23,3,a00 a13 a23,0,0,0,0,66,81
4,0 12 13 23,3,a12 a13 a23,0,0,0,0,66,81
4,0 12 13 23,4,a00 a12 a13 a23,0,0,0,0,74,81
4,0 12 13 24,0,,1,1,1,0,0,58
4,0 12 13 24,1,a00,1,1,1,0,19,58
4,0 12 13 24,1,a12,0,0,0,0,19,58
4,0 12 13 24,2,a00 a12,0,0,0,0,38,58
4,0 12 13 24,1,a13,0,0,0,0,31,58
4,0 12 13 24,2,a00 a13,0,0,0,0,38,58
4,0 12 13 24,2,a12 a13,0,0,0,0,38,58
4,0 12 13 24,3,a00 a12 a13,0,0,0,0,45,58
4,0 12 13 24,1,a24,1,1,1,0,7,58
4,0 12 13 24,2,a00 a24,1,1,1,0,26,58
4,0 12 13 24,2,a12 a24,0,0,0,0,26,58
4,0 12 13 24,3,a00 a12 a24,0,0,0,0,45,58
4,0 12 13 24,2,a13 a24,0,0,0,0,38,58
4,0 12 13 24,3,a00 a13 a24,0,0,0,0,45,58
4,0 12 13 24,3,a12 a13 a24,0,0,0,0,45,58
4,0 12 13 24,4,a00 a12 a13 a24,0,0,0,0,52,58
4,0 12 13 25,0,,1,1,1,0,0,81
4,0 12 13 25,1,a00,1,1,1,0,22,81
4,0 12 13 25,1,a12,0,0,0,0,36,81
4,0 12 13 25,2,a00 a12,0,0,0,0,58,81
4,0 12 13 25,1,a13,0,0,0,0,36,81
4,0 12 13 25,2,a00 a13,0,0,0,0,44,81
4,0 12 13 25,2,a12 a13,0,0,0,0,58,81
4,0 12 13 25,3,a00 a12 a13,0,0,0,0,66,81
4,0 12 13 25,1,a25,1,1,1,0,22,81
4,0 12 13 25,2,a00 a25,1,1,1,0,44,81
4,0 12 13 25,2,a12 a25,0,0,0,0,44,81
4,0 12 13 25,3,a00 a12 a25,0,0,0,0,66,81
4,0 12 13 25,2,a13 a25,0,0,0,0,58,81
4,0 12 13 25,3,a00 a13 a25,0,0,0,0,66,81
4,0 12 13 25,3,a12 a13 a25,0,0,0,0,66,81
4,0 12 13 25,4,a00 a12 a13 a25,0,0,0,0,74,81
4,0 13 14 17,0,,1,1,1,0,0,769
4,0 13 14 17,1,a00,0,0,0,0,508,769
4,0 13 14 17,1,a13,0,0,0,0,628,769
4,0 13 14 17,2,a00 a13,0,0,0,0,684,769
4,0 13 14 17,1,a14,0,0,0,0,552,769
4,0 13 14 17,2,a00 a14,0,0,0,0,664,769
4,0 13 14 17,2,a13 a14,0,0,0,0,685,769
4,0 13 14 17,3,a00 a13 a14,0,0,0,0,721,769
4,0 13 14 17,1,a17,0,0,0,0,508,769
4,0 13 14 17,2,a00 a17,0,0,0,0,661,769
4,0 13 14 17,2,a13 a17,0,0,0,0,684,769
4,0 13 14 17,3,a00 a13 a17,0,0,0,0,720,769
4,0 13 14 17,2,a14 a17,0,0,0,0,664,769
4,0 13 14 17,3,a00 a14 a17,0,0,0,0,716,769
4,0 13 14 17,3,a13 a14 a17,0,0,0,0,721,769
4,0 13 14 17,4,a00 a13 a14 a17,0,0,0,0,741,769
4,0 13 14 18,0,,1,1,1,0,0,606
4,0 13 14 18,1,a00,0,0,0,0,420,606
4,0 13 14 18,1,a13,0,0,0,0,453,606
4,0 13 14 18,2,a00 a13,0,0,0,0,517,606
4,0 13 14 18,1,a14,0,0,0,0,461,606
4,0 13 14 18,2,a00 a14,0,0,0,0,539,606
4,0 13 14 18,2,a13 a14,0,0,0,0,531,606
4,0 13 14 18,3,a00 a13 a14,0,0,0,0,564,606
4,0 13 14 18,1,a18,0,0,0,0,375,606
4,0 13 14 18,2,a00 a18,0,0,0,0,514,606
4,0 13 14 18,2,a13 a18,0,0,0,0,531,606
4,0 13 14 18,3,a00 a13 a18,0,0,0,0,564,606
4,0 13 14 18,2,a14 a18,0,0,0,0,516,606
4,0 13 14 18,3,a00 a14 a18,0,0,0,0,562,606
4,0 13 14 18,3,a13 a14 a18,0,0,0,0,565,606
4,0 13 14 18,4,a00 a13 a14 a18,0,0,0,0,583,606
4,0 13 14 20,0,,1,1,1,0,0,472
4,0 13 14 20,1,a00,0,0,0,0,340,472
4,0 13 14 20,1,a13,0,0,0,0,372,472
4,0 13 14 20,2,a00 a13,0,0,0,0,418,472
4,0 13 14 20,1,a14,0,0,0,0,260,472
4,0 13 14 20,2,a00 a14,0,0,0,0,388,472
4,0 13 14 20,2,a13 a14,0,0,0,0,406,472
4,0 13 14 20,3,a00 a13 a14,0,0,0,0,436,472
4,0 13 14 20,1,a20,0,0,0,0,260,472
4,0 13 14 20,2,a00 a20,0,0,0,0,388,472
4,0 13 14 20,2,a13 a20,0,0,0,0,406,472
4,0 13 14 20,3,a00 a13 a20,0,0,0,0,436,472
4,0 13 14 20,2,a14 a20,0,0,0,0,391,472
4,0 13 14 20,3,a00 a14 a20,0,0,0,0,433,472
4,0 13 14 20,3,a13 a14 a20,0,0,0,0,437,472
4,0 13 14 20,4,a00 a13 a14 a20,0,0,0,0,453,472
4,0 13 14 21,0,,1,1,1,0,0,364
4,0 13 14 21,1,a00,0,0,0,0,268,364
4,0 13 14 21,1,a13,0,0,0,0,253,364
4,0 13 14 21,2,a00 a13,0,0,0,0,316,364
4,0 13 14 21,1,a14,0,0,0,0,218,364
4,0 13 14 21,2,a00 a14,0,0,0,0,313,364
4,0 13 14 21,2,a13 a14,0,0,0,0,295,364
4,0 13 14 21,3,a00 a13 a14,0,0,0,0,333,364
4,0 13 14 21,1,a21,0,0,0,0,175,364
4,0 13 14 21,2,a00 a21,0,0,0,0,292,364
4,0 13 14 21,2,a13 a21,0,0,0,0,306,364
4,0 13 14 21,3,a00 a13 a21,0,0,0,0,333,364
4,0 13 14 21,2,a14 a21,0,0,0,0,294,364
4,0 13 14 21,3,a00 a14 a21,0,0,0,0,332,364
4,0 13 14 21,3,a13 a14 a21,0,0,0,0,335,364
4,0 13 14 21,4,a00 a13 a14 a21,0,0,0,0,349,364
4,0 13 15 17,0,,1,1,1,0,0,606
4,0 13 15 17,1,a00,0,0,0,0,420,606
4,0 13 15 17,1,a13,0,0,0,0,416,606
4,0 13 15 17,2,a00 a13,0,0,0,0,517,606
4,0 13 15 17,1,a15,0,0,0,0,416,606
4,0 13 15 17,2,a00 a15,0,0,0,0,517,606
4,0 13 15 17,2,a13 a15,0,0,0,0,532,606
4,0 13 15 17,3,a00 a13 a15,0,0,0,0,565,606
4,0 13 15 17,1,a17,0,0,0,0,420,606
4,0 13 15 17,2,a00 a17,0,0,0,0,536,606
4,0 13 15 17,2,a13 a17,0,0,0,0,517,606
4,0 13 15 17,3,a00 a13 a17,0,0,0,0,563,606
4,0 13 15 17,2,a15 a17,0,0,0,0,517,606
4,0 13 15 17,3,a00 a15 a17,0,0,0,0,563,606
4,0 13 15 17,3,a13 a15 a17,0,0,0,0,565,606
4,0 13 15 17,4,a00 a13 a15 a17,0,0,0,0,583,606
4,0 13 15 18,0,,1,1,1,0,0,364
4,0 13 15 18,1,a00,0,0,0,0,268,364
4,0 13 15 18,1,a13,0,0,0,0,175,364
4,0 13 15 18,2,a00 a13,0,0,0,0,292,364
4,0 13 15 18,1,a15,0,0,0,0,253,364
4,0 13 15 18,2,a00 a15,0,0,0,0,316,364
4,0 13 15 18,2,a13 a15,0,0,0,0,306,364
4,0 13 15 18,3,a00 a13 a15,0,0,0,0,333,364
4,0 13 15 18,1,a18,0,0,0,0,218,364
4,0 13 15 18,2,a00 a18,0,0,0,0,313,364
4,0 13 15 18,2,a13 a18,0,0,0,0,294,364
4,0 13 15 18,3,a00 a13 a18,0,0,0,0,332,364
4,0 13 15 18,2,a15 a18,0,0,0,0,295,364
4,0 13 15 18,3,a00 a15 a18,0,0,0,0,333,364
4,0 13 15 18,3,a13 a15 a18,0,0,0,0,335,364
4,0 13 15 18,4,a00 a13 a15 a18,0,0,0,0,349,364
4,0 13 15 20,0,,1,1,1,0,0,364
4,0 13 15 20,1,a00,0,0,0,0,268,364
4,0 13 15 20,1,a13,0,0,0,0,253,364
4,0 13 15 20,2,a00 a13,0,0,0,0,316,364
4,0 13 15 20,1,a15,0,0,0,0,175,364
4,0 13 15 20,2,a00 a15,0,0,0,0,292,364
4,0 13 15 20,2,a13 a15,0,0,0,0,306,364
4,0 13 15 20,3,a00 a13 a15,0,0,0,0,333,364
4,0 13 15 20,1,a20,0,0,0,0,218,364
4,0 13 15 20,2,a00 a20,0,0,0,0,313,364
4,0 13 15 20,2,a13 a20,0,0,0,0,295,364
4,0 13 15 20,3,a00 a13 a20,0,0,0,0,333,364
4,0 13 15 20,2,a15 a20,0,0,0,0,294,364
4,0 13 15 20,3,a00 a15 a20,0,0,0,0,332,364
4,0 13 15 20,3,a13 a15 a20,0,0,0,0,335,364
4,0 13 15 20,4,a00 a13 a15 a20,0,0,0,0,349,364
4,0 13 15 21,0,,1,1,1,0,0,268
4,0 13 15 21,1,a00,0,0,0,0,204,268
4,0 13 15 21,1,a13,0,0,0,0,140,268
4,0 13 15 21,2,a00 a13,0,0,0,0,226,268
4,0 13 15 21,1,a15,0,0,0,0,140,268
4,0 13 15 21,2,a00 a15,0,0,0,0,226,268
4,0 13 15 21,2,a13 a15,0,0,0,0,208,268
4,0 13 15 21,3,a00 a13 a15,0,0,0,0,242,268
4,0 13 15 21,1,a21,0,0,0,0,140,268
4,0 13 15 21,2,a00 a21,0,0,0,0,226,268
4,0 13 15 21,2,a13 a21,0,0,0,0,208,268
4,0 13 15 21,3,a00 a13 a21,0,0,0,0,242,268
4,0 13 15 21,2,a15 a21,0,0,0,0,208,268
4,0 13 15 21,3,a00 a15 a21,0,0,0,0,242,268
4,0 13 15 21,3,a13 a15 a21,0,0,0,0,245,268
4,0 13 15 21,4,a00 a13 a15 a21,0,0,0,0,257,268
4,1 2 4 21,0,,1,1,1,0,0,81
4,1 2 4 21,1,a01,1,1,1,0,22,81
4,1 2 4 21,1,a02,1,1,1,0,22,81
4,1 2 4 21,2,a01 a02,1,1,1,0,44,81
4,1 2 4 21,1,a04,0,0,0,0,22,81
4,1 2 4 21,2,a01 a04,0,0,0,0,44,81
4,1 2 4 21,2,a02 a04,0,0,0,0,44,81
4,1 2 4 21,3,a01 a02 a04,0,0,0,0,66,81
4,1 2 4 21,1,a21,0,0,0,0,50,81
4,1 2 4 21,2,a01 a21,0,0,0,0,58,81
4,1 2 4 21,2,a02 a21,0,0,0,0,58,81
4,1 2 4 21,3,a01 a02 a21,0,0,0,0,66,81
4,1 2 4 21,2,a04 a21,0,0,0,0,58,81
4,1 2 4 21,3,a01 a04 a21,0,0,0,0,66,81
4,1 2 4 21,3,a02 a04 a21,0,0,0,0,66,81
4,1 2 4 21,4,a01 a02 a04 a21,0,0,0,0,74,81
4,1 2 7 21,0,,1,1,1,0,0,279
4,1 2 7 21,1,a01,0,0,0,0,107,279
4,1 2 7 21,1,a02,1,1,1,0,107,279
4,1 2 7 21,2,a01 a02,0,0,0,0,214,279
4,1 2 7 21,1,a07,0,0,0,0,180,279
4,1 2 7 21,2,a01 a07,0,0,0,0,215,279
4,1 2 7 21,2,a02 a07,0,0,0,0,215,279
4,1 2 7 21,3,a01 a02 a07,0,0,0,0,250,279
4,1 2 7 21,1,a21,0,0,0,0,202,279
4,1 2 7 21,2,a01 a21,0,0,0,0,227,279
4,1 2 7 21,2,a02 a21,0,0,0,0,227,279
4,1 2 7 21,3,a01 a02 a21,0,0,0,0,252,279
4,1 2 7 21,2,a07 a21,0,0,0,0,240,279
4,1 2 7 21,3,a01 a07 a21,0,0,0,0,253,279
4,1 2 7 21,3,a02 a07 a21,0,0,0,0,253,279
4,1 2 7 21,4,a01 a02 a07 a21,0,0,0,0,266,279
4,1 2 10 15,0,,1,1,1,0,0,81
4,1 2 10 15,1,a01,1,1,1,0,22,81
4,1 2 10 15,1,a02,1,1,1,0,22,81
4,1 2 10 15,2,a01 a02,1,1,1,0,44,81
4,1 2 10 15,1,a10,0,0,0,0,22,81
4,1 2 10 15,2,a01 a10,0,0,0,0,44,81
4,1 2 10 15,2,a02 a10,0,0,0,0,44,81
4,1 2 10 15,3,a01 a02 a10,0,0,0,0,66,81
4,1 2 10 15,1,a15,0,0,0,0,50,81
4,1 2 10 15,2,a01 a15,0,0,0,0,58,81
4,1 2 10 15,2,a02 a15,0,0,0,0,58,81
4,1 2 10 15,3,a01 a02 a15,0,0,0,0,66,81
4,1 2 10 15,2,a10 a15,0,0,0,0,58,81
4,1 2 10 15,3,a01 a10 a15,0,0,0,0,66,81
4,1 2 10 15,3,a02 a10 a15,0,0,0,0,66,81
4,1 2 10 15,4,a01 a02 a10 a15,0,0,0,0,74,81
4,1 2 12 13,0,,1,1,1,0,0,44
4,1 2 12 13,1,a01,1,1,1,0,6,44
4,1 2 12 13,1,a02,1,1,1,0,16,44
4,1 2 12 13,2,a01 a02,1,1,1,0,17,44
4,1 2 12 13,1,a12,0,0,0,0,26,44
4,1 2 12 13,2,a01 a12,0,0,0,0,27,44
4,1 2 12 13,2,a02 a12,0,0,0,0,32,44
4,1 2 12 13,3,a01 a02 a12,0,0,0,0,33,44
4,1 2 12 13,1,a13,0,0,0,0,16,44
4,1 2 12 13,2,a01 a13,0,0,0,0,22,44
4,1 2 12 13,2,a02 a13,0,0,0,0,32,44
4,1 2 12 13,3,a01 a02 a13,0,0,0,0,33,44
4,1 2 12 13,2,a12 a13,0,0,0,0,32,44
4,1 2 12 13,3,a01 a12 a13,0,0,0,0,33,44
4,1 2 12 13,3,a02 a12 a13,0,0,0,0,38,44
4,1 2 12 13,4,a01 a02 a12 a13,0,0,0,0,39,44
4,1 2 15 18,0,,1,1,1,0,0,279
4,1 2 15 18,1,a01,0,0,0,0,107,279
4,1 2 15 18,1,a02,1,1,1,0,107,279
4,1 2 15 18,2,a01 a02,0,0,0,0,214,279
4,1 2 15 18,1,a15,0,0,0,0,202,279
4,1 2 15 18,2,a01 a15,0,0,0,0,227,279
4,1 2 15 18,2,a02 a15,0,0,0,0,227,279
4,1 2 15 18,3,a01 a02 a15,0,0,0,0,252,279
4,1 2 15 18,1,a18,0,0,0,0,180,279
4,1 2 15 18,2,a01 a18,0,0,0,0,215,279
4,1 2 15 18,2,a02 a18,0,0,0,0,215,279
4,1 2 15 18,3,a01 a02 a18,0,0,0,0,250,279
4,1 2 15 18,2,a15 a18,0,0,0,0,240,279
4,1 2 15 18,3,a01 a15 a18,0,0,0,0,253,279
4,1 2 15 18,3,a02 a15 a18,0,0,0,0,253,279
4,1 2 15 18,4,a01 a02 a15 a18,0,0,0,0,266,279
4,1 2 15 21,0,,1,1,1,0,0,194
4,1 2 15 21,1,a01,0,0,0,0,78,194
4,1 2 15 21,1,a02,1,1,1,0,78,194
4,1 2 15 21,2,a01 a02,0,0,0,0,156,194
4,1 2 15 21,1,a15,0,0,0,0,109,194
4,1 2 15 21,2,a01 a15,0,0,0,0,140,194
4,1 2 15 21,2,a02 a15,0,0,0,0,140,194
4,1 2 15 21,3,a01 a02 a15,0,0,0,0,171,194
4,1 2 15 21,1,a21,0,0,0,0,109,194
4,1 2 15 21,2,a01 a21,0,0,0,0,140,194
4,1 2 15 21,2,a02 a21,0,0,0,0,140,194
4,1 2 15 21,3,a01 a02 a21,0,0,0,0,171,194
4,1 2 15 21,2,a15 a21,0,0,0,0,162,194
4,1 2 15 21,3,a01 a15 a21,0,0,0,0,173,194
4,1 2 15 21,3,a02 a15 a21,0,0,0,0,173,194
4,1 2 15 21,4,a01 a02 a15 a21,0,0,0,0,184,194
4,1 3 4 21,0,,1,1,1,0,0,81
4,1 3 4 21,1,a01,1,1,1,0,22,81
4,1 3 4 21,1,a03,1,1,1,0,22,81
4,1 3 4 21,2,a01 a03,1,1,1,0,44,81
4,1 3 4 21,1,a04,0,0,0,0,22,81
4,1 3 4 21,2,a01 a04,0,0,0,0,44,81
4,1 3 4 21,2,a03 a04,0,0,0,0,44,81
4,1 3 4 21,3,a01 a03 a04,0,0,0,0,66,81
4,1 3 4 21,1,a21,0,0,0,0,50,81
4,1 3 4 21,2,a01 a21,0,0,0,0,58,81
4,1 3 4 21,2,a03 a21,0,0,0,0,58,81
4,1 3 4 21,3,a01 a03 a21,0,0,0,0,66,81
4,1 3 4 21,2,a04 a21,0,0,0,0,58,81
4,1 3 4 21,3,a01 a04 a21,0,0,0,0,66,81
4,1 3 4 21,3,a03 a04 a21,0,0,0,0,66,81
4,1 3 4 21,4,a01 a03 a04 a21,0,0,0,0,74,81
4,1 3 5 21,0,,1,1,1,0,0,166
4,1 3 5 21,1,a01,1,1,1,0,28,166
4,1 3 5 21,1,a03,0,0,0,0,87,166
4,1 3 5 21,2,a01 a03,0,0,0,0,115,166
4,1 3 5 21,1,a05,0,0,0,0,87,166
4,1 3 5 21,2,a01 a05,0,0,0,0,115,166
4,1 3 5 21,2,a03 a05,0,0,0,0,116,166
4,1 3 5 21,3,a01 a03 a05,0,0,0,0,144,166
4,1 3 5 21,1,a21,0,0,0,0,114,166
4,1 3 5 21,2,a01 a21,0,0,0,0,124,166
4,1 3 5 21,2,a03 a21,0,0,0,0,135,166
4,1 3 5 21,3,a01 a03 a21,0,0,0,0,145,166
4,1 3 5 21,2,a05 a21,0,0,0,0,135,166
4,1 3 5 21,3,a01 a05 a21,0,0,0,0,145,166
4,1 3 5 21,3,a03 a05 a21,0,0,0,0,146,166
4,1 3 5 21,4,a01 a03 a05 a21,0,0,0,0,156,166
4,1 3 7 21,0,,1,1,1,0,0,166
4,1 3 7 21,1,a01,0,0,0,0,87,166
4,1 3 7 21,1,a03,1,1,1,0,28,166
4,1 3 7 21,2,a01 a03,0,0,0,0,115,166
4,1 3 7 21,1,a07,0,0,0,0,87,166
4,1 3 7 21,2,a01 a07,0,0,0,0,116,166
4,1 3 7 21,2,a03 a07,0,0,0,0,115,166
4,1 3 7 21,3,a01 a03 a07,0,0,0,0,144,166
4,1 3 7 21,1,a21,0,0,0,0,114,166
4,1 3 7 21,2,a01 a21,0,0,0,0,135,166
4,1 3 7 21,2,a03 a21,0,0,0,0,124,166
4,1 3 7 21,3,a01 a03 a21,0,0,0,0,145,166
4,1 3 7 21,2,a07 a21,0,0,0,0,135,166
4,1 3 7 21,3,a01 a07 a21,0,0,0,0,146,166
4,1 3 7 21,3,a03 a07 a21,0,0,0,0,145,166
4,1 3 7 21,4,a01 a03 a07 a21,0,0,0,0,156,166
4,1 3 8 21,0,,1,1,1,0,0,472
4,1 3 8 21,1,a01,0,0,0,0,260,472
4,1 3 8 21,1,a03,0,0,0,0,260,472
4,1 3 8 21,2,a01 a03,0,0,0,0,391,472
4,1 3 8 21,1,a08,0,0,0,0,340,472
4,1 3 8 21,2,a01 a08,0,0,0,0,388,472
4,1 3 8 21,2,a03 a08,0,0,0,0,388,472
4,1 3 8 21,3,a01 a03 a08,0,0,0,0,433,472
4,1 3 8 21,1,a21,0,0,0,0,372,472
4,1 3 8 21,2,a01 a21,0,0,0,0,406,472
4,1 3 8 21,2,a03 a21,0,0,0,0,406,472
4,1 3 8 21,3,a01 a03 a21,0,0,0,0,437,472
4,1 3 8 21,2,a08 a21,0,0,0,0,418,472
4,1 3 8 21,3,a01 a08 a21,0,0,0,0,436,472
4,1 3 8 21,3,a03 a08 a21,0,0,0,0,436,472
4,1 3 8 21,4,a01 a03 a08 a21,0,0,0,0,453,472
4,1 3 10 15,0,,1,1,1,0,0,58
4,1 3 10 15,1,a01,1,1,1,0,19,58
4,1 3 10 15,1,a03,1,1,1,0,7,58
4,1 3 10 15,2,a01 a03,1,1,1,0,26,58
4,1 3 10 15,1,a10,0,0,0,0,19,58
4,1 3 10 15,2,a01 a10,0,0,0,0,38,58
4,1 3 10 15,2,a03 a10,0,0,0,0,26,58
4,1 3 10 15,3,a01 a03 a10,0,0,0,0,45,58
4,1 3 10 15,1,a15,0,0,0,0,31,58
4,1 3 10 15,2,a01 a15,0,0,0,0,38,58
4,1 3 10 15,2,a03 a15,0,0,0,0,38,58
4,1 3 10 15,3,a01 a03 a15,0,0,0,0,45,58
4,1 3 10 15,2,a10 a15,0,0,0,0,38,58
4,1 3 10 15,3,a01 a10 a15,0,0,0,0,45,58
4,1 3 10 15,3,a03 a10 a15,0,0,0,0,45,58
4,1 3 10 15,4,a01 a03 a10 a15,0,0,0,0,52,58
4,1 3 12 13,0,,1,1,1,0,0,58
4,1 3 12 13,1,a01,1,1,1,0,7,58
4,1 3 12 13,1,a03,1,1,1,0,19,58
4,1 3 12 13,2,a01 a03,1,1,1,0,26,58
4,1 3 12 13,1,a12,0,0,0,0,19,58
4,1 3 12 13,2,a01 a12,0,0,0,0,26,58
4,1 3 12 13,2,a03 a12,0,0,0,0,38,58
4,1 3 12 13,3,a01 a03 a12,0,0,0,0,45,58
4,1 3 12 13,1,a13,0,0,0,0,31,58
4,1 3 12 13,2,a01 a13,0,0,0,0,38,58
4,1 3 12 13,2,a03 a13,0,0,0,0,38,58
4,1 3 12 13,3,a01 a03 a13,0,0,0,0,45,58
4,1 3 12 13,2,a12 a13,0,0,0,0,38,58
4,1 3 12 13,3,a01 a12 a13,0,0,0,0,45,58
4,1 3 12 13,3,a03 a12 a13,0,0,0,0,45,58
4,1 3 12 13,4,a01 a03 a12 a13,0,0,0,0,52,58
4,1 3 13 20,0,,1,1,1,0,0,214
4,1 3 13 20,1,a01,1,1,1,0,60,214
4,1 3 13 20,1,a03,0,0,0,0,97,214
4,1 3 13 20,2,a01 a03,0,0,0,0,157,214
4,1 3 13 20,1,a13,0,0,0,0,136,214
4,1 3 13 20,2,a01 a13,0,0,0,0,168,214
4,1 3 13 20,2,a03 a13,0,0,0,0,159,214
4,1 3 13 20,3,a01 a03 a13,0,0,0,0,191,214
4,1 3 13 20,1,a20,0,0,0,0,144,214
4,1 3 13 20,2,a01 a20,0,0,0,0,157,214
4,1 3 13 20,2,a03 a20,0,0,0,0,176,214
4,1 3 13 20,3,a01 a03 a20,0,0,0,0,189,214
4,1 3 13 20,2,a13 a20,0,0,0,0,179,214
4,1 3 13 20,3,a01 a13 a20,0,0,0,0,191,214
4,1 3 13 20,3,a03 a13 a20,0,0,0,0,191,214
4,1 3 13 20,4,a01 a03 a13 a20,0,0,0,0,203,214
4,1 3 13 21,0,,1,1,1,0,0,116
4,1 3 13 21,1,a01,1,1,1,0,25,116
4,1 3 13 21,1,a03,0,0,0,0,62,116
4,1 3 13 21,2,a01 a03,0,0,0,0,87,116
4,1 3 13 21,1,a13,0,0,0,0,48,116
4,1 3 13 21,2,a01 a13,0,0,0,0,73,116
4,1 3 13 21,2,a03 a13,0,0,0,0,73,116
4,1 3 13 21,3,a01 a03 a13,0,0,0,0,98,116
4,1 3 13 21,1,a21,0,0,0,0,64,116
4,1 3 13 21,2,a01 a21,0,0,0,0,73,116
4,1 3 13 21,2,a03 a21,0,0,0,0,89,116
4,1 3 13 21,3,a01 a03 a21,0,0,0,0,98,116
4,1 3 13 21,2,a13 a21,0,0,0,0,90,116
4,1 3 13 21,3,a01 a13 a21,0,0,0,0,99,116
4,1 3 13 21,3,a03 a13 a21,0,0,0,0,99,116
4,1 3 13 21,4,a01 a03 a13 a21,0,0,0,0,108,116
4,1 3 15 18,0,,1,1,1,0,0,214
4,1 3 15 18,1,a01,0,0,0,0,97,214
4,1 3 15 18,1,a03,1,1,1,0,60,214
4,1 3 15 18,2,a01 a03,0,0,0,0,157,214
4,1 3 15 18,1,a15,0,0,0,0,136,214
4,1 3 15 18,2,a01 a15,0,0,0,0,159,214
4,1 3 15 18,2,a03 a15,0,0,0,0,168,214
4,1 3 15 18,3,a01 a03 a15,0,0,0,0,191,214
4,1 3 15 18,1,a18,0,0,0,0,144,214
4,1 3 15 18,2,a01 a18,0,0,0,0,176,214
4,1 3 15 18,2,a03 a18,0,0,0,0,157,214
4,1 3 15 18,3,a01 a03 a18,0,0,0,0,189,214
4,1 3 15 18,2,a15 a18,0,0,0,0,179,214
4,1 3 15 18,3,a01 a15 a18,0,0,0,0,191,214
4,1 3 15 18,3,a03 a15 a18,0,0,0,0,191,214
4,1 3 15 18,4,a01 a03 a15 a18,0,0,0,0,203,214
4,1 3 15 21,0,,1,1,1,0,0,116
4,1 3 15 21,1,a01,0,0,0,0,62,116
4,1 3 15 21,1,a03,1,1,1,0,25,116
4,1 3 15 21,2,a01 a03,0,0,0,0,87,116
4,1 3 15 21,1,a15,0,0,0,0,48,116
4,1 3 15 21,2,a01 a15,0,0,0,0,73,116
4,1 3 15 21,2,a03 a15,0,0,0,0,73,116
4,1 3 15 21,3,a01 a03 a15,0,0,0,0,98,116
4,1 3 15 21,1,a21,0,0,0,0,64,116
4,1 3 15 21,2,a01 a21,0,0,0,0,89,116
4,1 3 15 21,2,a03 a21,0,0,0,0,73,116
4,1 3 15 21,3,a01 a03 a21,0,0,0,0,98,116
4,1 3 15 21,2,a15 a21,0,0,0,0,90,116
4,1 3 15 21,3,a01 a15 a21,0,0,0,0,99,116
4,1 3 15 21,3,a03 a15 a21,0,0,0,0,99,116
4,1 3 15 21,4,a01 a03 a15 a21,0,0,0,0,108,116
4,1 3 16 21,0,,1,1,1,0,0,364
4,1 3 16 21,1,a01,0,0,0,0,216,364
4,1 3 16 21,1,a03,0,0,0,0,216,364
4,1 3 16 21,2,a01 a03,0,0,0,0,314,364
4,1 3 16 21,1,a16,0,0,0,0,251,364
4,1 3 16 21,2,a01 a16,0,0,0,0,292,364
4,1 3 16 21,2,a03 a16,0,0,0,0,292,364
4,1 3 16 21,3,a01 a03 a16,0,0,0,0,331,364
4,1 3 16 21,1,a21,0,0,0,0,232,364
4,1 3 16 21,2,a01 a21,0,0,0,0,294,364
4,1 3 16 21,2,a03 a21,0,0,0,0,294,364
4,1 3 16 21,3,a01 a03 a21,0,0,0,0,333,364
4,1 3 16 21,2,a16 a21,0,0,0,0,317,364
4,1 3 16 21,3,a01 a16 a21,0,0,0,0,333,364
4,1 3 16 21,3,a03 a16 a21,0,0,0,0,333,364
4,1 3 16 21,4,a01 a03 a16 a21,0,0,0,0,348,364
4,1 4 5 21,0,,1,1,1,0,0,81
4,1 4 5 21,1,a01,1,1,1,0,22,81
4,1 4 5 21,1,a04,0,0,0,0,22,81
4,1 4 5 21,2,a01 a04,0,0,0,0,44,81
4,1 4 5 21,1,a05,1,1,1,0,22,81
4,1 4 5 21,2,a01 a05,1,1,1,0,44,81
4,1 4 5 21,2,a04 a05,0,0,0,0,44,81
4,1 4 5 21,3,a01 a04 a05,0,0,0,0,66,81
4,1 4 5 21,1,a21,0,0,0,0,50,81
4,1 4 5 21,2,a01 a21,0,0,0,0,58,81
4,1 4 5 21,2,a04 a21,0,0,0,0,58,81
4,1 4 5 21,3,a01 a04 a21,0,0,0,0,66,81
4,1 4 5 21,2,a05 a21,0,0,0,0,58,81
4,1 4 5 21,3,a01 a05 a21,0,0,0,0,66,81
4,1 4 5 21,3,a04 a05 a21,0,0,0,0,66,81
4,1 4 5 21,4,a01 a04 a05 a21,0,0,0,0,74,81
4,1 4 6 21,0,,1,1,1,0,0,166
4,1 4 6 21,1,a01,1,1,1,0,87,166
4,1 4 6 21,1,a04,0,0,0,0,28,166
4,1 4 6 21,2,a01 a04,0,0,0,0,115,166
4,1 4 6 21,1,a06,1,1,1,0,87,166
4,1 4 6 21,2,a01 a06,1,1,1,0,116,166
4,1 4 6 21,2,a04 a06,0,0,0,0,115,166
4,1 4 6 21,3,a01 a04 a06,0,0,0,0,144,166
4,1 4 6 21,1,a21,0,0,0,0,114,166
4,1 4 6 21,2,a01 a21,0,0,0,0,135,166
4,1 4 6 21,2,a04 a21,0,0,0,0,124,166
4,1 4 6 21,3,a01 a04 a21,0,0,0,0,145,166
4,1 4 6 21,2,a06 a21,0,0,0,0,135,166
4,1 4 6 21,3,a01 a06 a21,0,0,0,0,146,166
4,1 4 6 21,3,a04 a06 a21,0,0,0,0,145,166
4,1 4 6 21,4,a01 a04 a06 a21,0,0,0,0,156,166
4,1 4 7 21,0,,1,1,1,0,0,109
4,1 4 7 21,1,a01,1,1,1,0,67,109
4,1 4 7 21,1,a04,1,0,1,1,22,109
4,1 4 7 21,2,a01 a04,0,0,0,0,70,109
4,1 4 7 21,1,a07,1,1,1,0,67,109
4,1 4 7 21,2,a01 a07,1,1,1,0,90,109
4,1 4 7 21,2,a04 a07,0,0,0,0,70,109
4,1 4 7 21,3,a01 a04 a07,0,0,0,0,93,109
4,1 4 7 21,1,a21,0,0,0,0,74,109
4,1 4 7 21,2,a01 a21,0,0,0,0,91,109
4,1 4 7 21,2,a04 a21,0,0,0,0,76,109
4,1 4 7 21,3,a01 a04 a21,0,0,0,0,92,109
4,1 4 7 21,2,a07 a21,0,0,0,0,91,109
4,1 4 7 21,3,a01 a07 a21,0,0,0,0,100,109
4,1 4 7 21,3,a04 a07 a21,0,0,0,0,92,109
4,1 4 7 21,4,a01 a04 a07 a21,0,0,0,0,101,109
4,1 4 8 21,0,,1,1,1,0,0,166
4,1 4 8 21,1,a01,1,1,1,0,87,166
4,1 4 8 21,1,a04,0,0,0,0,28,166
4,1 4 8 21,2,a01 a04,0,0,0,0,115,166
4,1 4 8 21,1,a08,1,1,1,0,87,166
4,1 4 8 21,2,a01 a08,1,1,1,0,116,166
4,1 4 8 21,2,a04 a08,0,0,0,0,115,166
4,1 4 8 21,3,a01 a04 a08,0,0,0,0,144,166
4,1 4 8 21,1,a21,0,0,0,0,114,166
4,1 4 8 21,2,a01 a21,0,0,0,0,135,166
4,1 4 8 21,2,a04 a21,0,0,0,0,124,166
4,1 4 8 21,3,a01 a04 a21,0,0,0,0,145,166
4,1 4 8 21,2,a08 a21,0,0,0,0,135,166
4,1 4 8 21,3,a01 a08 a21,0,0,0,0,146,166
4,1 4 8 21,3,a04 a08 a21,0,0,0,0,145,166
4,1 4 8 21,4,a01 a04 a08 a21,0,0,0,0,156,166
4,1 4 9 21,0,,1,1,1,0,0,58
4,1 4 9 21,1,a01,1,1,1,0,19,58
4,1 4 9 21,1,a04,0,0,0,0,19,58
4,1 4 9 21,2,a01 a04,0,0,0,0,38,58
4,1 4 9 21,1,a09,1,1,1,0,7,58
4,1 4 9 21,2,a01 a09,1,1,1,0,26,58
4,1 4 9 21,2,a04 a09,0,0,0,0,26,58
4,1 4 9 21,3,a01 a04 a09,0,0,0,0,45,58
4,1 4 9 21,1,a21,0,0,0,0,31,58
4,1 4 9 21,2,a01 a21,0,0,0,0,38,58
4,1 4 9 21,2,a04 a21,0,0,0,0,38,58
4,1 4 9 21,3,a01 a04 a21,0,0,0,0,45,58
4,1 4 9 21,2,a09 a21,0,0,0,0,38,58
4,1 4 9 21,3,a01 a09 a21,0,0,0,0,45,58
4,1 4 9 21,3,a04 a09 a21,0,0,0,0,45,58
4,1 4 9 21,4,a01 a04 a09 a21,0,0,0,0,52,58
4,1 4 10 15,0,,1,1,1,0,0,44
4,1 4 10 15,1,a01,1,1,1,0,16,44
4,1 4 10 15,1,a04,1,1,1,0,6,44
4,1 4 10 15,2,a01 a04,1,1,1,0,17,44
4,1 4 10 15,1,a10,0,0,0,0,16,44
4,1 4 10 15,2,a01 a10,0,0,0,0,32,44
4,1 4 10 15,2,a04 a10,0,0,0,0,22,44
4,1 4 10 15,3,a01 a04 a10,0,0,0,0,33,44
4,1 4 10 15,1,a15,0,0,0,0,26,44
4,1 4 10 15,2,a01 a15,0,0,0,0,32,44
4,1 4 10 15,2,a04 a15,0,0,0,0,27,44
4,1 4 10 15,3,a01 a04 a15,0,0,0,0,33,44
4,1 4 10 15,2,a10 a15,0,0,0,0,32,44
4,1 4 10 15,3,a01 a10 a15,0,0,0,0,38,44
4,1 4 10 15,3,a04 a10 a15,0,0,0,0,33,44
4,1 4 10 15,4,a01 a04 a10 a15,0,0,0,0,39,44
4,1 4 10 21,0,,1,1,1,0,0,44
4,1 4 10 21,1,a01,1,1,1,0,16,44
4,1 4 10 21,1,a04,0,0,0,0,16,44
4,1 4 10 21,2,a01 a04,0,0,0,0,32,44
4,1 4 10 21,1,a10,1,1,1,0,6,44
4,1 4 10 21,2,a01 a10,1,1,1,0,17,44
4,1 4 10 21,2,a04 a10,0,0,0,0,22,44
4,1 4 10 21,3,a01 a04 a10,0,0,0,0,33,44
4,1 4 10 21,1,a21,0,0,0,0,26,44
4,1 4 10 21,2,a01 a21,0,0,0,0,32,44
4,1 4 10 21,2,a04 a21,0,0,0,0,32,44
4,1 4 10 21,3,a01 a04 a21,0,0,0,0,38,44
4,1 4 10 21,2,a10 a21,0,0,0,0,27,44
4,1 4 10 21,3,a01 a10 a21,0,0,0,0,33,44
4,1 4 10 21,3,a04 a10 a21,0,0,0,0,33,44
4,1 4 10 21,4,a01 a04 a10 a21,0,0,0,0,39,44
4,1 4 10 24,0,,1,1,1,0,0,102
4,1 4 10 24,1,a01,1,1,1,0,78,102
4,1 4 10 24,1,a04,0,0,0,0,48,102
4,1 4 10 24,2,a01 a04,0,0,0,0,83,102
4,1 4 10 24,1,a10,0,0,0,0,48,102
4,1 4 10 24,2,a01 a10,0,0,0,0,83,102
4,1 4 10 24,2,a04 a10,0,0,0,0,77,102
4,1 4 10 24,3,a01 a04 a10,0,0,0,0,87,102
4,1 4 10 24,1,a24,0,0,0,0,78,102
4,1 4 10 24,2,a01 a24,0,0,0,0,90,102
4,1 4 10 24,2,a04 a24,0,0,0,0,82,102
4,1 4 10 24,3,a01 a04 a24,0,0,0,0,93,102
4,1 4 10 24,2,a10 a24,0,0,0,0,82,102
4,1 4 10 24,3,a01 a10 a24,0,0,0,0,93,102
4,1 4 10 24,3,a04 a10 a24,0,0,0,0,85,102
4,1 4 10 24,4,a01 a04 a10 a24,0,0,0,0,95,102
4,1 4 11 21,0,,1,1,1,0,0,58
4,1 4 11 21,1,a01,1,1,1,0,19,58
4,1 4 11 21,1,a04,0,0,0,0,19,58
4,1 4 11 21,2,a01 a04,0,0,0,0,38,58
4,1 4 11 21,1,a11,1,1,1,0,7,58
4,1 4 11 21,2,a01 a11,1,1,1,0,26,58
4,1 4 11 21,2,a04 a11,0,0,0,0,26,58
4,1 4 11 21,3,a01 a04 a11,0,0,0,0,45,58
4,1 4 11 21,1,a21,0,0,0,0,31,58
4,1 4 11 21,2,a01 a21,0,0,0,0,38,58
4,1 4 11 21,2,a04 a21,0,0,0,0,38,58
4,1 4 11 21,3,a01 a04 a21,0,0,0,0,45,58
4,1 4 11 21,2,a11 a21,0,0,0,0,38,58
4,1 4 11 21,3,a01 a11 a21,0,0,0,0,45,58
4,1 4 11 21,3,a04 a11 a21,0,0,0,0,45,58
4,1 4 11 21,4,a01 a04 a11 a21,0,0,0,0,52,58
4,1 4 12 13,0,,1,1,1,0,0,39
4,1 4 12 13,1,a01,1,1,1,0,6,39
4,1 4 12 13,1,a04,1,1,1,0,6,39
4,1 4 12 13,2,a01 a04,1,1,1,0,12,39
4,1 4 12 13,1,a12,0,0,0,0,16,39
4,1 4 12 13,2,a01 a12,0,0,0,0,22,39
4,1 4 12 13,2,a04 a12,0,0,0,0,22,39
4,1 4 12 13,3,a01 a04 a12,0,0,0,0,28,39
4,1 4 12 13,1,a13,0,0,0,0,16,39
4,1 4 12 13,2,a01 a13,0,0,0,0,22,39
4,1 4 12 13,2,a04 a13,0,0,0,0,22,39
4,1 4 12 13,3,a01 a04 a13,0,0,0,0,28,39
4,1 4 12 13,2,a12 a13,0,0,0,0,22,39
4,1 4 12 13,3,a01 a12 a13,0,0,0,0,28,39
4,1 4 12 13,3,a04 a12 a13,0,0,0,0,28,39
4,1 4 12 13,4,a01 a04 a12 a13,0,0,0,0,34,39
4,1 4 12 21,0,,1,1,1,0,0,58
4,1 4 12 21,1,a01,1,1,1,0,19,58
4,1 4 12 21,1,a04,0,0,0,0,19,58
4,1 4 12 21,2,a01 a04,0,0,0,0,38,58
4,1 4 12 21,1,a12,1,1,1,0,7,58
4,1 4 12 21,2,a01 a12,1,1,1,0,26,58
4,1 4 12 21,2,a04 a12,0,0,0,0,26,58
4,1 4 12 21,3,a01 a04 a12,0,0,0,0,45,58
4,1 4 12 21,1,a21,0,0,0,0,31,58
4,1 4 12 21,2,a01 a21,0,0,0,0,38,58
4,1 4 12 21,2,a04 a21,0,0,0,0,38,58
4,1 4 12 21,3,a01 a04 a21,0,0,0,0,45,58
4,1 4 12 21,2,a12 a21,0,0,0,0,38,58
4,1 4 12 21,3,a01 a12 a21,0,0,0,0,45,58
4,1 4 12 21,3,a04 a12 a21,0,0,0,0,45,58
4,1 4 12 21,4,a01 a04 a12 a21,0,0,0,0,52,58
4,1 4 12 22,0,,1,1,1,0,0,157
4,1 4 12 22,1,a01,1,1,1,0,54,157
4,1 4 12 22,1,a04,0,0,0,0,54,157
4,1 4 12 22,2,a01 a04,0,0,0,0,108,157
4,1 4 12 22,1,a12,0,0,0,0,80,157
4,1 4 12 22,2,a01 a12,0,0,0,0,109,157
4,1 4 12 22,2,a04 a12,0,0,0,0,109,157
4,1 4 12 22,3,a01 a04 a12,0,0,0,0,138,157
4,1 4 12 22,1,a22,0,0,0,0,112,157
4,1 4 12 22,2,a01 a22,0,0,0,0,124,157
4,1 4 12 22,2,a04 a22,0,0,0,0,124,157
4,1 4 12 22,3,a01 a04 a22,0,0,0,0,136,157
4,1 4 12 22,2,a12 a22,0,0,0,0,126,157
4,1 4 12 22,3,a01 a12 a22,0,0,0,0,137,157
4,1 4 12 22,3,a04 a12 a22,0,0,0,0,137,157
4,1 4 12 22,4,a01 a04 a12 a22,0,0,0,0,148,157
4,1 4 13 20,0,,1,1,1,0,0,157
4,1 4 13 20,1,a01,1,1,1,0,54,157
4,1 4 13 20,1,a04,0,0,0,0,54,157
4,1 4 13 20,2,a01 a04,0,0,0,0,108,157
4,1 4 13 20,1,a13,0,0,0,0,80,157
4,1 4 13 20,2,a01 a13,0,0,0,0,109,157
4,1 4 13 20,2,a04 a13,0,0,0,0,109,157
4,1 4 13 20,3,a01 a04 a13,0,0,0,0,138,157
4,1 4 13 20,1,a20,0,0,0,0,112,157
4,1 4 13 20,2,a01 a20,0,0,0,0,124,157
4,1 4 13 20,2,a04 a20,0,0,0,0,124,157
4,1 4 13 20,3,a01 a04 a20,0,0,0,0,136,157
4,1 4 13 20,2,a13 a20,0,0,0,0,126,157
4,1 4 13 20,3,a01 a13 a20,0,0,0,0,137,157
4,1 4 13 20,3,a04 a13 a20,0,0,0,0,137,157
4,1 4 13 20,4,a01 a04 a13 a20,0,0,0,0,148,157
4,1 4 13 21,0,,1,1,1,0,0,58
4,1 4 13 21,1,a01,1,1,1,0,19,58
4,1 4 13 21,1,a04,0,0,0,0,19,58
4,1 4 13 21,2,a01 a04,0,0,0,0,38,58
4,1 4 13 21,1,a13,1,1,1,0,7,58
4,1 4 13 21,2,a01 a13,1,1,1,0,26,58
4,1 4 13 21,2,a04 a13,0,0,0,0,26,58
4,1 4 13 21,3,a01 a04 a13,0,0,0,0,45,58
4,1 4 13 21,1,a21,0,0,0,0,31,58
4,1 4 13 21,2,a01 a21,0,0,0,0,38,58
4,1 4 13 21,2,a04 a21,0,0,0,0,38,58
4,1 4 13 21,3,a01 a04 a21,0,0,0,0,45,58
4,1 4 13 21,2,a13 a21,0,0,0,0,38,58
4,1 4 13 21,3,a01 a13 a21,0,0,0,0,45,58
4,1 4 13 21,3,a04 a13 a21,0,0,0,0,45,58
4,1 4 13 21,4,a01 a04 a13 a21,0,0,0,0,52,58
4,1 4 14 21,0,,1,1,1,0,0,116
4,1 4 14 21,1,a01,1,1,1,0,62,116
4,1 4 14 21,1,a04,0,0,0,0,25,116
4,1 4 14 21,2,a01 a04,0,0,0,0,87,116
4,1 4 14 21,1,a14,1,1,1,0,48,116
4,1 4 14 21,2,a01 a14,1,1,1,0,73,116
4,1 4 14 21,2,a04 a14,0,0,0,0,73,116
4,1 4 14 21,3,a01 a04 a14,0,0,0,0,98,116
4,1 4 14 21,1,a21,0,0,0,0,64,116
4,1 4 14 21,2,a01 a21,0,0,0,0,89,116
4,1 4 14 21,2,a04 a21,0,0,0,0,73,116
4,1 4 14 21,3,a01 a04 a21,0,0,0,0,98,116
4,1 4 14 21,2,a14 a21,0,0,0,0,90,116
4,1 4 14 21,3,a01 a14 a21,0,0,0,0,99,116
4,1 4 14 21,3,a04 a14 a21,0,0,0,0,99,116
4,1 4 14 21,4,a01 a04 a14 a21,0,0,0,0,108,116
4,1 4 15 18,0,,1,1,1,0,0,109
4,1 4 15 18,1,a01,1,1,1,0,67,109
4,1 4 15 18,1,a04,1,0,1,1,42,109
4,1 4 15 18,2,a01 a04,0,0,0,0,71,109
4,1 4 15 18,1,a15,0,0,0,0,74,109
4,1 4 15 18,2,a01 a15,0,0,0,0,91,109
4,1 4 15 18,2,a04 a15,0,0,0,0,78,109
4,1 4 15 18,3,a01 a04 a15,0,0,0,0,94,109
4,1 4 15 18,1,a18,0,0,0,0,67,109
4,1 4 15 18,2,a01 a18,0,0,0,0,90,109
4,1 4 15 18,2,a04 a18,0,0,0,0,77,109
4,1 4 15 18,3,a01 a04 a18,0,0,0,0,93,109
4,1 4 15 18,2,a15 a18,0,0,0,0,91,109
4,1 4 15 18,3,a01 a15 a18,0,0,0,0,100,109
4,1 4 15 18,3,a04 a15 a18,0,0,0,0,93,109
4,1 4 15 18,4,a01 a04 a15 a18,0,0,0,0,102,109
4,1 4 15 21,0,,1,1,1,0,0,70
4,1 4 15 21,1,a01,1,1,1,0,46,70
4,1 4 15 21,1,a04,1,0,1,1,19,70
4,1 4 15 21,2,a01 a04,0,0,0,0,49,70
4,1 4 15 21,1,a15,1,1,1,0,36,70
4,1 4 15 21,2,a01 a15,1,1,1,0,55,70
4,1 4 15 21,2,a04 a15,0,0,0,0,38,70
4,1 4 15 21,3,a01 a04 a15,0,0,0,0,57,70
4,1 4 15 21,1,a21,0,0,0,0,36,70
4,1 4 15 21,2,a01 a21,0,0,0,0,55,70
4,1 4 15 21,2,a04 a21,0,0,0,0,43,70
4,1 4 15 21,3,a01 a04 a21,0,0,0,0,56,70
4,1 4 15 21,2,a15 a21,0,0,0,0,56,70
4,1 4 15 21,3,a01 a15 a21,0,0,0,0,63,70
4,1 4 15 21,3,a04 a15 a21,0,0,0,0,57,70
4,1 4 15 21,4,a01 a04 a15 a21,0,0,0,0,64,70
4,1 4 16 21,0,,1,1,1,0,0,116
4,1 4 16 21,1,a01,1,1,1,0,62,116
4,1 4 16 21,1,a04,0,0,0,0,25,116
4,1 4 16 21,2,a01 a04,0,0,0,0,87,116
4,1 4 16 21,1,a16,1,1,1,0,48,116
4,1 4 16 21,2,a01 a16,1,1,1,0,73,116
4,1 4 16 21,2,a04 a16,0,0,0,0,73,116
4,1 4 16 21,3,a01 a04 a16,0,0,0,0,98,116
4,1 4 16 21,1,a21,0,0,0,0,64,116
4,1 4 16 21,2,a01 a21,0,0,0,0,89,116
4,1 4 16 21,2,a04 a21,0,0,0,0,73,116
4,1 4 16 21,3,a01 a04 a21,0,0,0,0,98,116
4,1 4 16 21,2,a16 a21,0,0,0,0,90,116
4,1 4 16 21,3,a01 a16 a21,0,0,0,0,99,116
4,1 4 16 21,3,a04 a16 a21,0,0,0,0,99,116
4,1 4 16 21,4,a01 a04 a16 a21,0,0,0,0,108,116
4,1 4 17 21,0,,1,1,1,0,0,88
4,1 4 17 21,1,a01,1,1,1,0,36,88
4,1 4 17 21,1,a04,0,0,0,0,36,88
4,1 4 17 21,2,a01 a04,0,0,0,0,65,88
4,1 4 17 21,1,a17,1,1,1,0,29,88
4,1 4 17 21,2,a01 a17,1,1,1,0,51,88
4,1 4 17 21,2,a04 a17,0,0,0,0,51,88
4,1 4 17 21,3,a01 a04 a17,0,0,0,0,73,88
4,1 4 17 21,1,a21,0,0,0,0,36,88
4,1 4 17 21,2,a01 a21,0,0,0,0,58,88
4,1 4 17 21,2,a04 a21,0,0,0,0,58,88
4,1 4 17 21,3,a01 a04 a21,0,0,0,0,73,88
4,1 4 17 21,2,a17 a21,0,0,0,0,65,88
4,1 4 17 21,3,a01 a17 a21,0,0,0,0,73,88
4,1 4 17 21,3,a04 a17 a21,0,0,0,0,73,88
4,1 4 17 21,4,a01 a04 a17 a21,0,0,0,0,81,88
4,1 4 18 21,0,,1,1,1,0,0,70
4,1 4 18 21,1,a01,1,1,1,0,25,70
4,1 4 18 21,1,a04,0,0,0,0,31,70
4,1 4 18 21,2,a01 a04,0,0,0,0,50,70
4,1 4 18 21,1,a18,1,1,1,0,25,70
4,1 4 18 21,2,a01 a18,1,1,1,0,38,70
4,1 4 18 21,2,a04 a18,0,0,0,0,44,70
4,1 4 18 21,3,a01 a04 a18,0,0,0,0,57,70
4,1 4 18 21,1,a21,0,0,0,0,31,70
4,1 4 18 21,2,a01 a21,0,0,0,0,44,70
4,1 4 18 21,2,a04 a21,0,0,0,0,44,70
4,1 4 18 21,3,a01 a04 a21,0,0,0,0,57,70
4,1 4 18 21,2,a18 a21,0,0,0,0,50,70
4,1 4 18 21,3,a01 a18 a21,0,0,0,0,57,70
4,1 4 18 21,3,a04 a18 a21,0,0,0,0,57,70
4,1 4 18 21,4,a01 a04 a18 a21,0,0,0,0,64,70
4,1 4 18 24,0,,1,1,1,0,0,156
4,1 4 18 24,1,a01,1,1,1,0,111,156
4,1 4 18 24,1,a04,0,0,0,0,98,156
4,1 4 18 24,2,a01 a04,0,0,0,0,118,156
4,1 4 18 24,1,a18,0,0,0,0,92,156
4,1 4 18 24,2,a01 a18,0,0,0,0,132,156
4,1 4 18 24,2,a04 a18,0,0,0,0,126,156
4,1 4 18 24,3,a01 a04 a18,0,0,0,0,137,156
4,1 4 18 24,1,a24,0,0,0,0,111,156
4,1 4 18 24,2,a01 a24,0,0,0,0,133,156
4,1 4 18 24,2,a04 a24,0,0,0,0,118,156
4,1 4 18 24,3,a01 a04 a24,0,0,0,0,137,156
4,1 4 18 24,2,a18 a24,0,0,0,0,132,156
4,1 4 18 24,3,a01 a18 a24,0,0,0,0,144,156
4,1 4 18 24,3,a04 a18 a24,0,0,0,0,136,156
4,1 4 18 24,4,a01 a04 a18 a24,0,0,0,0,147,156
4,1 4 19 21,0,,1,1,1,0,0,88
4,1 4 19 21,1,a01,1,1,1,0,36,88
4,1 4 19 21,1,a04,0,0,0,0,36,88
4,1 4 19 21,2,a01 a04,0,0,0,0,65,88
4,1 4 19 21,1,a19,1,1,1,0,29,88
4,1 4 19 21,2,a01 a19,1,1,1,0,51,88
4,1 4 19 21,2,a04 a19,0,0,0,0,51,88
4,1 4 19 21,3,a01 a04 a19,0,0,0,0,73,88
4,1 4 19 21,1,a21,0,0,0,0,36,88
4,1 4 19 21,2,a01 a21,0,0,0,0,58,88
4,1 4 19 21,2,a04 a21,0,0,0,0,58,88
4,1 4 19 21,3,a01 a04 a21,0,0,0,0,73,88
4,1 4 19 21,2,a19 a21,0,0,0,0,65,88
4,1 4 19 21,3,a01 a19 a21,0,0,0,0,73,88
4,1 4 19 21,3,a04 a19 a21,0,0,0,0,73,88
4,1 4 19 21,4,a01 a04 a19 a21,0,0,0,0,81,88
4,1 4 20 21,0,,1,1,1,0,0,108
4,1 4 20 21,1,a01,1,1,1,0,41,108
4,1 4 20 21,1,a04,0,0,0,0,41,108
4,1 4 20 21,2,a01 a04,0,0,0,0,82,108
4,1 4 20 21,1,a20,1,1,1,0,41,108
4,1 4 20 21,2,a01 a20,1,1,1,0,66,108
4,1 4 20 21,2,a04 a20,0,0,0,0,66,108
4,1 4 20 21,3,a01 a04 a20,0,0,0,0,91,108
4,1 4 20 21,1,a21,0,0,0,0,41,108
4,1 4 20 21,2,a01 a21,0,0,0,0,66,108
4,1 4 20 21,2,a04 a21,0,0,0,0,66,108
4,1 4 20 21,3,a01 a04 a21,0,0,0,0,91,108
4,1 4 20 21,2,a20 a21,0,0,0,0,82,108
4,1 4 20 21,3,a01 a20 a21,0,0,0,0,91,108
4,1 4 20 21,3,a04 a20 a21,0,0,0,0,91,108
4,1 4 20 21,4,a01 a04 a20 a21,0,0,0,0,100,108
4,1 4 20 22,0,,1,1,1,0,0,364
4,1 4 20 22,1,a01,1,1,1,0,173,364
4,1 4 20 22,1,a04,0,0,0,0,185,364
4,1 4 20 22,2,a01 a04,0,0,0,0,304,364
4,1 4 20 22,1,a20,0,0,0,0,253,364
4,1 4 20 22,2,a01 a20,0,0,0,0,293,364
4,1 4 20 22,2,a04 a20,0,0,0,0,294,364
4,1 4 20 22,3,a01 a04 a20,0,0,0,0,333,364
4,1 4 20 22,1,a22,0,0,0,0,253,364
4,1 4 20 22,2,a01 a22,0,0,0,0,293,364
4,1 4 20 22,2,a04 a22,0,0,0,0,294,364
4,1 4 20 22,3,a01 a04 a22,0,0,0,0,333,364
4,1 4 20 22,2,a20 a22,0,0,0,0,316,364
4,1 4 20 22,3,a01 a20 a22,0,0,0,0,332,364
4,1 4 20 22,3,a04 a20 a22,0,0,0,0,333,364
4,1 4 20 22,4,a01 a04 a20 a22,0,0,0,0,348,364
4,1 4 21 22,0,,1,1,1,0,0,108
4,1 4 21 22,1,a01,1,1,1,0,41,108
4,1 4 21 22,1,a04,0,0,0,0,41,108
4,1 4 21 22,2,a01 a04,0,0,0,0,82,108
4,1 4 21 22,1,a21,0,0,0,0,41,108
4,1 4 21 22,2,a01 a21,0,0,0,0,66,108
4,1 4 21 22,2,a04 a21,0,0,0,0,66,108
4,1 4 21 22,3,a01 a04 a21,0,0,0,0,91,108
4,1 4 21 22,1,a22,1,1,1,0,41,108
4,1 4 21 22,2,a01 a22,1,1,1,0,66,108
4,1 4 21 22,2,a04 a22,0,0,0,0,66,108
4,1 4 21 22,3,a01 a04 a22,0,0,0,0,91,108
4,1 4 21 22,2,a21 a22,0,0,0,0,82,108
4,1 4 21 22,3,a01 a21 a22,0,0,0,0,91,108
4,1 4 21 22,3,a04 a21 a22,0,0,0,0,91,108
4,1 4 21 22,4,a01 a04 a21 a22,0,0,0,0,100,108
4,1 4 21 23,0,,1,1,1,0,0,279
4,1 4 21 23,1,a01,1,1,1,0,187,279
4,1 4 21 23,1,a04,0,0,0,0,145,279
4,1 4 21 23,2,a01 a04,0,0,0,0,236,279
4,1 4 21 23,1,a21,0,0,0,0,160,279
4,1 4 21 23,2,a01 a21,0,0,0,0,223,279
4,1 4 21 23,2,a04 a21,0,0,0,0,227,279
4,1 4 21 23,3,a01 a04 a21,0,0,0,0,249,279
4,1 4 21 23,1,a23,1,1,1,0,177,279
4,1 4 21 23,2,a01 a23,1,1,1,0,216,279
4,1 4 21 23,2,a04 a23,0,0,0,0,213,279
4,1 4 21 23,3,a01 a04 a23,0,0,0,0,252,279
4,1 4 21 23,2,a21 a23,0,0,0,0,236,279
4,1 4 21 23,3,a01 a21 a23,0,0,0,0,252,279
4,1 4 21 23,3,a04 a21 a23,0,0,0,0,249,279
4,1 4 21 23,4,a01 a04 a21 a23,0,0,0,0,265,279
4,1 4 21 24,0,,1,1,1,0,0,102
4,1 4 21 24,1,a01,1,1,1,0,78,102
4,1 4 21 24,1,a04,0,0,0,0,48,102
4,1 4 21 24,2,a01 a04,0,0,0,0,83,102
4,1 4 21 24,1,a21,0,0,0,0,48,102
4,1 4 21 24,2,a01 a21,0,0,0,0,82,102
4,1 4 21 24,2,a04 a21,0,0,0,0,76,102
4,1 4 21 24,3,a01 a04 a21,0,0,0,0,85,102
4,1 4 21 24,1,a24,1,1,1,0,78,102
4,1 4 21 24,2,a01 a24,1,1,1,0,90,102
4,1 4 21 24,2,a04 a24,0,0,0,0,82,102
4,1 4 21 24,3,a01 a04 a24,0,0,0,0,93,102
4,1 4 21 24,2,a21 a24,0,0,0,0,83,102
4,1 4 21 24,3,a01 a21 a24,0,0,0,0,93,102
4,1 4 21 24,3,a04 a21 a24,0,0,0,0,85,102
4,1 4 21 24,4,a01 a04 a21 a24,0,0,0,0,94,102
4,1 4 21 25,0,,1,1,1,0,0,279
4,1 4 21 25,1,a01,1,1,1,0,187,279
4,1 4 21 25,1,a04,0,0,0,0,145,279
4,1 4 21 25,2,a01 a04,0,0,0,0,236,279
4,1 4 21 25,1,a21,0,0,0,0,160,279
4,1 4 21 25,2,a01 a21,0,0,0,0,223,279
4,1 4 21 25,2,a04 a21,0,0,0,0,227,279
4,1 4 21 25,3,a01 a04 a21,0,0,0,0,249,279
4,1 4 21 25,1,a25,1,1,1,0,177,279
4,1 4 21 25,2,a01 a25,1,1,1,0,216,279
4,1 4 21 25,2,a04 a25,0,0,0,0,213,279
4,1 4 21 25,3,a01 a04 a25,0,0,0,0,252,279
4,1 4 21 25,2,a21 a25,0,0,0,0,236,279
4,1 4 21 25,3,a01 a21 a25,0,0,0,0,252,279
4,1 4 21 25,3,a04 a21 a25,0,0,0,0,249,279
4,1 4 21 25,4,a01 a04 a21 a25,0,0,0,0,265,279
4,1 5 6 21,0,,1,1,1,0,0,472
4,1 5 6 21,1,a01,0,0,0,0,260,472
4,1 5 6 21,1,a05,0,0,0,0,260,472
4,1 5 6 21,2,a01 a05,0,0,0,0,391,472
4,1 5 6 21,1,a06,0,0,0,0,340,472
4,1 5 6 21,2,a01 a06,0,0,0,0,388,472
4,1 5 6 21,2,a05 a06,0,0,0,0,388,472
4,1 5 6 21,3,a01 a05 a06,0,0,0,0,433,472
4,1 5 6 21,1,a21,0,0,0,0,372,472
4,1 5 6 21,2,a01 a21,0,0,0,0,406,472
4,1 5 6 21,2,a05 a21,0,0,0,0,406,472
4,1 5 6 21,3,a01 a05 a21,0,0,0,0,437,472
4,1 5 6 21,2,a06 a21,0,0,0,0,418,472
4,1 5 6 21,3,a01 a06 a21,0,0,0,0,436,472
4,1 5 6 21,3,a05 a06 a21,0,0,0,0,436,472
4,1 5 6 21,4,a01 a05 a06 a21,0,0,0,0,453,472
4,1 5 7 21,0,,1,1,1,0,0,166
4,1 5 7 21,1,a01,0,0,0,0,87,166
4,1 5 7 21,1,a05,1,1,1,0,28,166
4,1 5 7 21,2,a01 a05,0,0,0,0,115,166
4,1 5 7 21,1,a07,0,0,0,0,87,166
4,1 5 7 21,2,a01 a07,0,0,0,0,116,166
4,1 5 7 21,2,a05 a07,0,0,0,0,115,166
4,1 5 7 21,3,a01 a05 a07,0,0,0,0,144,166
4,1 5 7 21,1,a21,0,0,0,0,114,166
4,1 5 7 21,2,a01 a21,0,0,0,0,135,166
4,1 5 7 21,2,a05 a21,0,0,0,0,124,166
4,1 5 7 21,3,a01 a05 a21,0,0,0,0,145,166
4,1 5 7 21,2,a07 a21,0,0,0,0,135,166
4,1 5 7 21,3,a01 a07 a21,0,0,0,0,146,166
4,1 5 7 21,3,a05 a07 a21,0,0,0,0,145,166
4,1 5 7 21,4,a01 a05 a07 a21,0,0,0,0,156,166
4,1 5 10 15,0,,1,1,1,0,0,58
4,1 5 10 15,1,a01,1,1,1,0,19,58
4,1 5 10 15,1,a05,1,1,1,0,7,58
4,1 5 10 15,2,a01 a05,1,1,1,0,26,58
4,1 5 10 15,1,a10,0,0,0,0,19,58
4,1 5 10 15,2,a01 a10,0,0,0,0,38,58
4,1 5 10 15,2,a05 a10,0,0,0,0,26,58
4,1 5 10 15,3,a01 a05 a10,0,0,0,0,45,58
4,1 5 10 15,1,a15,0,0,0,0,31,58
4,1 5 10 15,2,a01 a15,0,0,0,0,38,58
4,1 5 10 15,2,a05 a15,0,0,0,0,38,58
4,1 5 10 15,3,a01 a05 a15,0,0,0,0,45,58
4,1 5 10 15,2,a10 a15,0,0,0,0,38,58
4,1 5 10 15,3,a01 a10 a15,0,0,0,0,45,58
4,1 5 10 15,3,a05 a10 a15,0,0,0,0,45,58
4,1 5 10 15,4,a01 a05 a10 a15,0,0,0,0,52,58
4,1 5 12 13,0,,1,1,1,0,0,58
4,1 5 12 13,1,a01,1,1,1,0,7,58
4,1 5 12 13,1,a05,1,1,1,0,19,58
4,1 5 12 13,2,a01 a05,1,1,1,0,26,58
4,1 5 12 13,1,a12,0,0,0,0,31,58
4,1 5 12 13,2,a01 a12,0,0,0,0,38,58
4,1 5 12 13,2,a05 a12,0,0,0,0,38,58
4,1 5 12 13,3,a01 a05 a12,0,0,0,0,45,58
4,1 5 12 13,1,a13,0,0,0,0,19,58
4,1 5 12 13,2,a01 a13,0,0,0,0,26,58
4,1 5 12 13,2,a05 a13,0,0,0,0,38,58
4,1 5 12 13,3,a01 a05 a13,0,0,0,0,45,58
4,1 5 12 13,2,a12 a13,0,0,0,0,38,58
4,1 5 12 13,3,a01 a12 a13,0,0,0,0,45,58
4,1 5 12 13,3,a05 a12 a13,0,0,0,0,45,58
4,1 5 12 13,4,a01 a05 a12 a13,0,0,0,0,52,58
4,1 5 12 21,0,,1,1,1,0,0,116
4,1 5 12 21,1,a01,1,1,1,0,25,116
4,1 5 12 21,1,a05,0,0,0,0,62,116
4,1 5 12 21,2,a01 a05,0,0,0,0,87,116
4,1 5 12 21,1,a12,0,0,0,0,48,116
4,1 5 12 21,2,a01 a12,0,0,0,0,73,116
4,1 5 12 21,2,a05 a12,0,0,0,0,73,116
4,1 5 12 21,3,a01 a05 a12,0,0,0,0,98,116
4,1 5 12 21,1,a21,0,0,0,0,64,116
4,1 5 12 21,2,a01 a21,0,0,0,0,73,116
4,1 5 12 21,2,a05 a21,0,0,0,0,89,116
4,1 5 12 21,3,a01 a05 a21,0,0,0,0,98,116
4,1 5 12 21,2,a12 a21,0,0,0,0,90,116
4,1 5 12 21,3,a01 a12 a21,0,0,0,0,99,116
4,1 5 12 21,3,a05 a12 a21,0,0,0,0,99,116
4,1 5 12 21,4,a01 a05 a12 a21,0,0,0,0,108,116
4,1 5 12 22,0,,1,1,1,0,0,214
4,1 5 12 22,1,a01,1,1,1,0,60,214
4,1 5 12 22,1,a05,0,0,0,0,97,214
4,1 5 12 22,2,a01 a05,0,0,0,0,157,214
4,1 5 12 22,1,a12,0,0,0,0,136,214
4,1 5 12 22,2,a01 a12,0,0,0,0,168,214
4,1 5 12 22,2,a05 a12,0,0,0,0,159,214
4,1 5 12 22,3,a01 a05 a12,0,0,0,0,191,214
4,1 5 12 22,1,a22,0,0,0,0,144,214
4,1 5 12 22,2,a01 a22,0,0,0,0,157,214
4,1 5 12 22,2,a05 a22,0,0,0,0,176,214
4,1 5 12 22,3,a01 a05 a22,0,0,0,0,189,214
4,1 5 12 22,2,a12 a22,0,0,0,0,179,214
4,1 5 12 22,3,a01 a12 a22,0,0,0,0,191,214
4,1 5 12 22,3,a05 a12 a22,0,0,0,0,191,214
4,1 5 12 22,4,a01 a05 a12 a22,0,0,0,0,203,214
4,1 5 14 21,0,,1,1,1,0,0,364
4,1 5 14 21,1,a01,0,0,0,0,216,364
4,1 5 14 21,1,a05,0,0,0,0,216,364
4,1 5 14 21,2,a01 a05,0,0,0,0,314,364
4,1 5 14 21,1,a14,0,0,0,0,251,364
4,1 5 14 21,2,a01 a14,0,0,0,0,292,364
4,1 5 14 21,2,a05 a14,0,0,0,0,292,364
4,1 5 14 21,3,a01 a05 a14,0,0,0,0,331,364
4,1 5 14 21,1,a21,0,0,0,0,232,364
4,1 5 14 21,2,a01 a21,0,0,0,0,294,364
4,1 5 14 21,2,a05 a21,0,0,0,0,294,364
4,1 5 14 21,3,a01 a05 a21,0,0,0,0,333,364
4,1 5 14 21,2,a14 a21,0,0,0,0,317,364
4,1 5 14 21,3,a01 a14 a21,0,0,0,0,333,364
4,1 5 14 21,3,a05 a14 a21,0,0,0,0,333,364
4,1 5 14 21,4,a01 a05 a14 a21,0,0,0,0,348,364
4,1 5 15 18,0,,1,1,1,0,0,214
4,1 5 15 18,1,a01,0,0,0,0,97,214
4,1 5 15 18,1,a05,1,1,1,0,60,214
4,1 5 15 18,2,a01 a05,0,0,0,0,157,214
4,1 5 15 18,1,a15,0,0,0,0,136,214
4,1 5 15 18,2,a01 a15,0,0,0,0,159,214
4,1 5 15 18,2,a05 a15,0,0,0,0,168,214
4,1 5 15 18,3,a01 a05 a15,0,0,0,0,191,214
4,1 5 15 18,1,a18,0,0,0,0,144,214
4,1 5 15 18,2,a01 a18,0,0,0,0,176,214
4,1 5 15 18,2,a05 a18,0,0,0,0,157,214
4,1 5 15 18,3,a01 a05 a18,0,0,0,0,189,214
4,1 5 15 18,2,a15 a18,0,0,0,0,179,214
4,1 5 15 18,3,a01 a15 a18,0,0,0,0,191,214
4,1 5 15 18,3,a05 a15 a18,0,0,0,0,191,214
4,1 5 15 18,4,a01 a05 a15 a18,0,0,0,0,203,214
4,1 5 15 21,0,,1,1,1,0,0,116
4,1 5 15 21,1,a01,0,0,0,0,62,116
4,1 5 15 21,1,a05,1,1,1,0,25,116
4,1 5 15 21,2,a01 a05,0,0,0,0,87,116
4,1 5 15 21,1,a15,0,0,0,0,48,116
4,1 5 15 21,2,a01 a15,0,0,0,0,73,116
4,1 5 15 21,2,a05 a15,0,0,0,0,73,116
4,1 5 15 21,3,a01 a05 a15,0,0,0,0,98,116
4,1 5 15 21,1,a21,0,0,0,0,64,116
4,1 5 15 21,2,a01 a21,0,0,0,0,89,116
4,1 5 15 21,2,a05 a21,0,0,0,0,73,116
4,1 5 15 21,3,a01 a05 a21,0,0,0,0,98,116
4,1 5 15 21,2,a15 a21,0,0,0,0,90,116
4,1 5 15 21,3,a01 a15 a21,0,0,0,0,99,116
4,1 5 15 21,3,a05 a15 a21,0,0,0,0,99,116
4,1 5 15 21,4,a01 a05 a15 a21,0,0,0,0,108,116
4,1 6 7 21,0,,1,1,1,0,0,279
4,1 6 7 21,1,a01,0,0,0,0,180,279
4,1 6 7 21,1,a06,1,1,1,0,107,279
4,1 6 7 21,2,a01 a06,0,0,0,0,215,279
4,1 6 7 21,1,a07,0,0,0,0,107,279
4,1 6 7 21,2,a01 a07,0,0,0,0,215,279
4,1 6 7 21,2,a06 a07,0,0,0,0,214,279
4,1 6 7 21,3,a01 a06 a07,0,0,0,0,250,279
4,1 6 7 21,1,a21,0,0,0,0,202,279
4,1 6 7 21,2,a01 a21,0,0,0,0,240,279
4,1 6 7 21,2,a06 a21,0,0,0,0,227,279
4,1 6 7 21,3,a01 a06 a21,0,0,0,0,253,279
4,1 6 7 21,2,a07 a21,0,0,0,0,227,279
4,1 6 7 21,3,a01 a07 a21,0,0,0,0,253,279
4,1 6 7 21,3,a06 a07 a21,0,0,0,0,252,279
4,1 6 7 21,4,a01 a06 a07 a21,0,0,0,0,266,279
4,1 6 8 21,0,,1,1,1,0,0,769
4,1 6 8 21,1,a01,0,0,0,0,552,769
4,1 6 8 21,1,a06,0,0,0,0,508,769
4,1 6 8 21,2,a01 a06,0,0,0,0,664,769
4,1 6 8 21,1,a08,0,0,0,0,508,769
4,1 6 8 21,2,a01 a08,0,0,0,0,664,769
4,1 6 8 21,2,a06 a08,0,0,0,0,661,769
4,1 6 8 21,3,a01 a06 a08,0,0,0,0,716,769
4,1 6 8 21,1,a21,0,0,0,0,628,769
4,1 6 8 21,2,a01 a21,0,0,0,0,685,769
4,1 6 8 21,2,a06 a21,0,0,0,0,684,769
4,1 6 8 21,3,a01 a06 a21,0,0,0,0,721,769
4,1 6 8 21,2,a08 a21,0,0,0,0,684,769
4,1 6 8 21,3,a01 a08 a21,0,0,0,0,721,769
4,1 6 8 21,3,a06 a08 a21,0,0,0,0,720,769
4,1 6 8 21,4,a01 a06 a08 a21,0,0,0,0,741,769
4,1 6 10 15,0,,1,1,1,0,0,88
4,1 6 10 15,1,a01,1,1,1,0,36,88
4,1 6 10 15,1,a06,1,1,1,0,29,88
4,1 6 10 15,2,a01 a06,1,1,1,0,51,88
4,1 6 10 15,1,a10,0,0,0,0,36,88
4,1 6 10 15,2,a01 a10,0,0,0,0,65,88
4,1 6 10 15,2,a06 a10,0,0,0,0,51,88
4,1 6 10 15,3,a01 a06 a10,0,0,0,0,73,88
4,1 6 10 15,1,a15,0,0,0,0,36,88
4,1 6 10 15,2,a01 a15,0,0,0,0,58,88
4,1 6 10 15,2,a06 a15,0,0,0,0,65,88
4,1 6 10 15,3,a01 a06 a15,0,0,0,0,73,88
4,1 6 10 15,2,a10 a15,0,0,0,0,58,88
4,1 6 10 15,3,a01 a10 a15,0,0,0,0,73,88
4,1 6 10 15,3,a06 a10 a15,0,0,0,0,73,88
4,1 6 10 15,4,a01 a06 a10 a15,0,0,0,0,81,88
4,1 6 12 13,0,,1,1,1,0,0,116
4,1 6 12 13,1,a01,1,1,1,0,48,116
4,1 6 12 13,1,a06,1,1,1,0,62,116
4,1 6 12 13,2,a01 a06,1,1,1,0,73,116
4,1 6 12 13,1,a12,0,0,0,0,25,116
4,1 6 12 13,2,a01 a12,0,0,0,0,73,116
4,1 6 12 13,2,a06 a12,0,0,0,0,87,116
4,1 6 12 13,3,a01 a06 a12,0,0,0,0,98,116
4,1 6 12 13,1,a13,0,0,0,0,64,116
4,1 6 12 13,2,a01 a13,0,0,0,0,90,116
4,1 6 12 13,2,a06 a13,0,0,0,0,89,116
4,1 6 12 13,3,a01 a06 a13,0,0,0,0,99,116
4,1 6 12 13,2,a12 a13,0,0,0,0,73,116
4,1 6 12 13,3,a01 a12 a13,0,0,0,0,99,116
4,1 6 12 13,3,a06 a12 a13,0,0,0,0,98,116
4,1 6 12 13,4,a01 a06 a12 a13,0,0,0,0,108,116
4,1 6 13 20,0,,1,1,1,0,0,606
4,1 6 13 20,1,a01,0,0,0,0,375,606
4,1 6 13 20,1,a06,0,0,0,0,420,606
4,1 6 13 20,2,a01 a06,0,0,0,0,514,606
4,1 6 13 20,1,a13,0,0,0,0,453,606
4,1 6 13 20,2,a01 a13,0,0,0,0,531,606
4,1 6 13 20,2,a06 a13,0,0,0,0,517,606
4,1 6 13 20,3,a01 a06 a13,0,0,0,0,564,606
4,1 6 13 20,1,a20,0,0,0,0,461,606
4,1 6 13 20,2,a01 a20,0,0,0,0,516,606
4,1 6 13 20,2,a06 a20,0,0,0,0,539,606
4,1 6 13 20,3,a01 a06 a20,0,0,0,0,562,606
4,1 6 13 20,2,a13 a20,0,0,0,0,531,606
4,1 6 13 20,3,a01 a13 a20,0,0,0,0,565,606
4,1 6 13 20,3,a06 a13 a20,0,0,0,0,564,606
4,1 6 13 20,4,a01 a06 a13 a20,0,0,0,0,583,606
4,1 6 13 21,0,,1,1,1,0,0,364
4,1 6 13 21,1,a01,0,0,0,0,218,364
4,1 6 13 21,1,a06,0,0,0,0,268,364
4,1 6 13 21,2,a01 a06,0,0,0,0,313,364
4,1 6 13 21,1,a13,0,0,0,0,175,364
4,1 6 13 21,2,a01 a13,0,0,0,0,294,364
4,1 6 13 21,2,a06 a13,0,0,0,0,292,364
4,1 6 13 21,3,a01 a06 a13,0,0,0,0,332,364
4,1 6 13 21,1,a21,0,0,0,0,253,364
4,1 6 13 21,2,a01 a21,0,0,0,0,295,364
4,1 6 13 21,2,a06 a21,0,0,0,0,316,364
4,1 6 13 21,3,a01 a06 a21,0,0,0,0,333,364
4,1 6 13 21,2,a13 a21,0,0,0,0,306,364
4,1 6 13 21,3,a01 a13 a21,0,0,0,0,335,364
4,1 6 13 21,3,a06 a13 a21,0,0,0,0,333,364
4,1 6 13 21,4,a01 a06 a13 a21,0,0,0,0,349,364
4,1 6 15 18,0,,1,1,1,0,0,472
4,1 6 15 18,1,a01,0,0,0,0,312,472
4,1 6 15 18,1,a06,1,1,1,0,258,472
4,1 6 15 18,2,a01 a06,0,0,0,0,391,472
4,1 6 15 18,1,a15,0,0,0,0,350,472
4,1 6 15 18,2,a01 a15,0,0,0,0,412,472
4,1 6 15 18,2,a06 a15,0,0,0,0,402,472
4,1 6 15 18,3,a01 a06 a15,0,0,0,0,435,472
4,1 6 15 18,1,a18,0,0,0,0,358,472
4,1 6 15 18,2,a01 a18,0,0,0,0,416,472
4,1 6 15 18,2,a06 a18,0,0,0,0,392,472
4,1 6 15 18,3,a01 a06 a18,0,0,0,0,435,472
4,1 6 15 18,2,a15 a18,0,0,0,0,402,472
4,1 6 15 18,3,a01 a15 a18,0,0,0,0,434,472
4,1 6 15 18,3,a06 a15 a18,0,0,0,0,436,472
4,1 6 15 18,4,a01 a06 a15 a18,0,0,0,0,453,472
4,1 6 15 21,0,,1,1,1,0,0,214
4,1 6 15 21,1,a01,0,0,0,0,144,214
4,1 6 15 21,1,a06,1,1,1,0,97,214
4,1 6 15 21,2,a01 a06,0,0,0,0,176,214
4,1 6 15 21,1,a15,0,0,0,0,60,214
4,1 6 15 21,2,a01 a15,0,0,0,0,157,214
4,1 6 15 21,2,a06 a15,0,0,0,0,157,214
4,1 6 15 21,3,a01 a06 a15,0,0,0,0,189,214
4,1 6 15 21,1,a21,0,0,0,0,136,214
4,1 6 15 21,2,a01 a21,0,0,0,0,179,214
4,1 6 15 21,2,a06 a21,0,0,0,0,159,214
4,1 6 15 21,3,a01 a06 a21,0,0,0,0,191,214
4,1 6 15 21,2,a15 a21,0,0,0,0,168,214
4,1 6 15 21,3,a01 a15 a21,0,0,0,0,191,214
4,1 6 15 21,3,a06 a15 a21,0,0,0,0,191,214
4,1 6 15 21,4,a01 a06 a15 a21,0,0,0,0,203,214
4,1 6 16 21,0,,1,1,1,0,0,606
4,1 6 16 21,1,a01,0,0,0,0,461,606
4,1 6 16 21,1,a06,0,0,0,0,420,606
4,1 6 16 21,2,a01 a06,0,0,0,0,539,606
4,1 6 16 21,1,a16,0,0,0,0,375,606
4,1 6 16 21,2,a01 a16,0,0,0,0,516,606
4,1 6 16 21,2,a06 a16,0,0,0,0,514,606
4,1 6 16 21,3,a01 a06 a16,0,0,0,0,562,606
4,1 6 16 21,1,a21,0,0,0,0,453,606
4,1 6 16 21,2,a01 a21,0,0,0,0,531,606
4,1 6 16 21,2,a06 a21,0,0,0,0,517,606
4,1 6 16 21,3,a01 a06 a21,0,0,0,0,564,606
4,1 6 16 21,2,a16 a21,0,0,0,0,531,606
4,1 6 16 21,3,a01 a16 a21,0,0,0,0,565,606
4,1 6 16 21,3,a06 a16 a21,0,0,0,0,564,606
4,1 6 16 21,4,a01 a06 a16 a21,0,0,0,0,583,606
4,1 7 8 21,0,,1,1,1,0,0,279
4,1 7 8 21,1,a01,0,0,0,0,180,279
4,1 7 8 21,1,a07,0,0,0,0,107,279
4,1 7 8 21,2,a01 a07,0,0,0,0,215,279
4,1 7 8 21,1,a08,1,1,1,0,107,279
4,1 7 8 21,2,a01 a08,0,0,0,0,215,279
4,1 7 8 21,2,a07 a08,0,0,0,0,214,279
4,1 7 8 21,3,a01 a07 a08,0,0,0,0,250,279
4,1 7 8 21,1,a21,0,0,0,0,202,279
4,1 7 8 21,2,a01 a21,0,0,0,0,240,279
4,1 7 8 21,2,a07 a21,0,0,0,0,227,279
4,1 7 8 21,3,a01 a07 a21,0,0,0,0,253,279
4,1 7 8 21,2,a08 a21,0,0,0,0,227,279
4,1 7 8 21,3,a01 a08 a21,0,0,0,0,253,279
4,1 7 8 21,3,a07 a08 a21,0,0,0,0,252,279
4,1 7 8 21,4,a01 a07 a08 a21,0,0,0,0,266,279
4,1 7 9 21,0,,1,1,1,0,0,214
4,1 7 9 21,1,a01,0,0,0,0,97,214
4,1 7 9 21,1,a07,0,0,0,0,144,214
4,1 7 9 21,2,a01 a07,0,0,0,0,176,214
4,1 7 9 21,1,a09,1,1,1,0,60,214
4,1 7 9 21,2,a01 a09,0,0,0,0,157,214
4,1 7 9 21,2,a07 a09,0,0,0,0,157,214
4,1 7 9 21,3,a01 a07 a09,0,0,0,0,189,214
4,1 7 9 21,1,a21,0,0,0,0,136,214
4,1 7 9 21,2,a01 a21,0,0,0,0,159,214
4,1 7 9 21,2,a07 a21,0,0,0,0,179,214
4,1 7 9 21,3,a01 a07 a21,0,0,0,0,191,214
4,1 7 9 21,2,a09 a21,0,0,0,0,168,214
4,1 7 9 21,3,a01 a09 a21,0,0,0,0,191,214
4,1 7 9 21,3,a07 a09 a21,0,0,0,0,191,214
4,1 7 9 21,4,a01 a07 a09 a21,0,0,0,0,203,214
4,1 7 10 15,0,,1,1,1,0,0,70
4,1 7 10 15,1,a01,1,1,1,0,25,70
4,1 7 10 15,1,a07,1,1,1,0,25,70
4,1 7 10 15,2,a01 a07,1,1,1,0,38,70
4,1 7 10 15,1,a10,0,0,0,0,31,70
4,1 7 10 15,2,a01 a10,0,0,0,0,50,70
4,1 7 10 15,2,a07 a10,0,0,0,0,44,70
4,1 7 10 15,3,a01 a07 a10,0,0,0,0,57,70
4,1 7 10 15,1,a15,0,0,0,0,31,70
4,1 7 10 15,2,a01 a15,0,0,0,0,44,70
4,1 7 10 15,2,a07 a15,0,0,0,0,50,70
4,1 7 10 15,3,a01 a07 a15,0,0,0,0,57,70
4,1 7 10 15,2,a10 a15,0,0,0,0,44,70
4,1 7 10 15,3,a01 a10 a15,0,0,0,0,57,70
4,1 7 10 15,3,a07 a10 a15,0,0,0,0,57,70
4,1 7 10 15,4,a01 a07 a10 a15,0,0,0,0,64,70
4,1 7 10 21,0,,1,1,1,0,0,109
4,1 7 10 21,1,a01,1,0,1,1,67,109
4,1 7 10 21,1,a07,0,0,0,0,67,109
4,1 7 10 21,2,a01 a07,0,0,0,0,90,109
4,1 7 10 21,1,a10,1,1,1,0,42,109
4,1 7 10 21,2,a01 a10,0,0,0,0,71,109
4,1 7 10 21,2,a07 a10,0,0,0,0,77,109
4,1 7 10 21,3,a01 a07 a10,0,0,0,0,93,109
4,1 7 10 21,1,a21,0,0,0,0,74,109
4,1 7 10 21,2,a01 a21,0,0,0,0,91,109
4,1 7 10 21,2,a07 a21,0,0,0,0,91,109
4,1 7 10 21,3,a01 a07 a21,0,0,0,0,100,109
4,1 7 10 21,2,a10 a21,0,0,0,0,78,109
4,1 7 10 21,3,a01 a10 a21,0,0,0,0,94,109
4,1 7 10 21,3,a07 a10 a21,0,0,0,0,93,109
4,1 7 10 21,4,a01 a07 a10 a21,0,0,0,0,102,109
4,1 7 10 24,0,,1,1,1,0,0,156
4,1 7 10 24,1,a01,1,0,1,1,111,156
4,1 7 10 24,1,a07,0,0,0,0,92,156
4,1 7 10 24,2,a01 a07,0,0,0,0,132,156
4,1 7 10 24,1,a10,0,0,0,0,98,156
4,1 7 10 24,2,a01 a10,0,0,0,0,118,156
4,1 7 10 24,2,a07 a10,0,0,0,0,126,156
4,1 7 10 24,3,a01 a07 a10,0,0,0,0,137,156
4,1 7 10 24,1,a24,0,0,0,0,111,156
4,1 7 10 24,2,a01 a24,0,0,0,0,133,156
4,1 7 10 24,2,a07 a24,0,0,0,0,132,156
4,1 7 10 24,3,a01 a07 a24,0,0,0,0,144,156
4,1 7 10 24,2,a10 a24,0,0,0,0,118,156
4,1 7 10 24,3,a01 a10 a24,0,0,0,0,137,156
4,1 7 10 24,3,a07 a10 a24,0,0,0,0,136,156
4,1 7 10 24,4,a01 a07 a10 a24,0,0,0,0,147,156
4,1 7 11 21,0,,1,1,1,0,0,214
4,1 7 11 21,1,a01,0,0,0,0,97,214
4,1 7 11 21,1,a07,0,0,0,0,144,214
4,1 7 11 21,2,a01 a07,0,0,0,0,176,214
4,1 7 11 21,1,a11,1,1,1,0,60,214
4,1 7 11 21,2,a01 a11,0,0,0,0,157,214
4,1 7 11 21,2,a07 a11,0,0,0,0,157,214
4,1 7 11 21,3,a01 a07 a11,0,0,0,0,189,214
4,1 7 11 21,1,a21,0,0,0,0,136,214
4,1 7 11 21,2,a01 a21,0,0,0,0,159,214
4,1 7 11 21,2,a07 a21,0,0,0,0,179,214
4,1 7 11 21,3,a01 a07 a21,0,0,0,0,191,214
4,1 7 11 21,2,a11 a21,0,0,0,0,168,214
4,1 7 11 21,3,a01 a11 a21,0,0,0,0,191,214
4,1 7 11 21,3,a07 a11 a21,0,0,0,0,191,214
4,1 7 11 21,4,a01 a07 a11 a21,0,0,0,0,203,214
4,1 7 12 13,0,,1,1,1,0,0,58
4,1 7 12 13,1,a01,1,1,1,0,19,58
4,1 7 12 13,1,a07,1,1,1,0,19,58
4,1 7 12 13,2,a01 a07,1,1,1,0,26,58
4,1 7 12 13,1,a12,0,0,0,0,19,58
4,1 7 12 13,2,a01 a12,0,0,0,0,38,58
4,1 7 12 13,2,a07 a12,0,0,0,0,38,58
4,1 7 12 13,3,a01 a07 a12,0,0,0,0,45,58
4,1 7 12 13,1,a13,0,0,0,0,19,58
4,1 7 12 13,2,a01 a13,0,0,0,0,38,58
4,1 7 12 13,2,a07 a13,0,0,0,0,38,58
4,1 7 12 13,3,a01 a07 a13,0,0,0,0,45,58
4,1 7 12 13,2,a12 a13,0,0,0,0,26,58
4,1 7 12 13,3,a01 a12 a13,0,0,0,0,45,58
4,1 7 12 13,3,a07 a12 a13,0,0,0,0,45,58
4,1 7 12 13,4,a01 a07 a12 a13,0,0,0,0,52,58
4,1 7 12 21,0,,1,1,1,0,0,132
4,1 7 12 21,1,a01,0,0,0,0,77,132
4,1 7 12 21,1,a07,0,0,0,0,77,132
4,1 7 12 21,2,a01 a07,0,0,0,0,103,132
4,1 7 12 21,1,a12,1,1,1,0,9,132
4,1 7 12 21,2,a01 a12,0,0,0,0,86,132
4,1 7 12 21,2,a07 a12,0,0,0,0,86,132
4,1 7 12 21,3,a01 a07 a12,0,0,0,0,112,132
4,1 7 12 21,1,a21,0,0,0,0,85,132
4,1 7 12 21,2,a01 a21,0,0,0,0,104,132
4,1 7 12 21,2,a07 a21,0,0,0,0,104,132
4,1 7 12 21,3,a01 a07 a21,0,0,0,0,114,132
4,1 7 12 21,2,a12 a21,0,0,0,0,94,132
4,1 7 12 21,3,a01 a12 a21,0,0,0,0,113,132
4,1 7 12 21,3,a07 a12 a21,0,0,0,0,113,132
4,1 7 12 21,4,a01 a07 a12 a21,0,0,0,0,123,132
4,1 7 12 22,0,,1,1,1,0,0,472
4,1 7 12 22,1,a01,0,0,0,0,310,472
4,1 7 12 22,1,a07,0,0,0,0,310,472
4,1 7 12 22,2,a01 a07,0,0,0,0,390,472
4,1 7 12 22,1,a12,0,0,0,0,276,472
4,1 7 12 22,2,a01 a12,0,0,0,0,393,472
4,1 7 12 22,2,a07 a12,0,0,0,0,393,472
4,1 7 12 22,3,a01 a07 a12,0,0,0,0,436,472
4,1 7 12 22,1,a22,0,0,0,0,378,472
4,1 7 12 22,2,a01 a22,0,0,0,0,416,472
4,1 7 12 22,2,a07 a22,0,0,0,0,416,472
4,1 7 12 22,3,a01 a07 a22,0,0,0,0,434,472
4,1 7 12 22,2,a12 a22,0,0,0,0,405,472
4,1 7 12 22,3,a01 a12 a22,0,0,0,0,436,472
4,1 7 12 22,3,a07 a12 a22,0,0,0,0,436,472
4,1 7 12 22,4,a01 a07 a12 a22,0,0,0,0,453,472
4,1 7 13 20,0,,1,1,1,0,0,472
4,1 7 13 20,1,a01,0,0,0,0,310,472
4,1 7 13 20,1,a07,0,0,0,0,310,472
4,1 7 13 20,2,a01 a07,0,0,0,0,390,472
4,1 7 13 20,1,a13,0,0,0,0,276,472
4,1 7 13 20,2,a01 a13,0,0,0,0,393,472
4,1 7 13 20,2,a07 a13,0,0,0,0,393,472
4,1 7 13 20,3,a01 a07 a13,0,0,0,0,436,472
4,1 7 13 20,1,a20,0,0,0,0,378,472
4,1 7 13 20,2,a01 a20,0,0,0,0,416,472
4,1 7 13 20,2,a07 a20,0,0,0,0,416,472
4,1 7 13 20,3,a01 a07 a20,0,0,0,0,434,472
4,1 7 13 20,2,a13 a20,0,0,0,0,405,472
4,1 7 13 20,3,a01 a13 a20,0,0,0,0,436,472
4,1 7 13 20,3,a07 a13 a20,0,0,0,0,436,472
4,1 7 13 20,4,a01 a07 a13 a20,0,0,0,0,453,472
4,1 7 13 21,0,,1,1,1,0,0,132
4,1 7 13 21,1,a01,0,0,0,0,77,132
4,1 7 13 21,1,a07,0,0,0,0,77,132
4,1 7 13 21,2,a01 a07,0,0,0,0,103,132
4,1 7 13 21,1,a13,1,1,1,0,9,132
4,1 7 13 21,2,a01 a13,0,0,0,0,86,132
4,1 7 13 21,2,a07 a13,0,0,0,0,86,132
4,1 7 13 21,3,a01 a07 a13,0,0,0,0,112,132
4,1 7 13 21,1,a21,0,0,0,0,85,132
4,1 7 13 21,2,a01 a21,0,0,0,0,104,132
4,1 7 13 21,2,a07 a21,0,0,0,0,104,132
4,1 7 13 21,3,a01 a07 a21,0,0,0,0,114,132
4,1 7 13 21,2,a13 a21,0,0,0,0,94,132
4,1 7 13 21,3,a01 a13 a21,0,0,0,0,113,132
4,1 7 13 21,3,a07 a13 a21,0,0,0,0,113,132
4,1 7 13 21,4,a01 a07 a13 a21,0,0,0,0,123,132
4,1 7 14 21,0,,1,1,1,0,0,214
4,1 7 14 21,1,a01,0,0,0,0,144,214
4,1 7 14 21,1,a07,0,0,0,0,97,214
4,1 7 14 21,2,a01 a07,0,0,0,0,176,214
4,1 7 14 21,1,a14,1,1,1,0,60,214
4,1 7 14 21,2,a01 a14,0,0,0,0,157,214
4,1 7 14 21,2,a07 a14,0,0,0,0,157,214
4,1 7 14 21,3,a01 a07 a14,0,0,0,0,189,214
4,1 7 14 21,1,a21,0,0,0,0,136,214
4,1 7 14 21,2,a01 a21,0,0,0,0,179,214
4,1 7 14 21,2,a07 a21,0,0,0,0,159,214
4,1 7 14 21,3,a01 a07 a21,0,0,0,0,191,214
4,1 7 14 21,2,a14 a21,0,0,0,0,168,214
4,1 7 14 21,3,a01 a14 a21,0,0,0,0,191,214
4,1 7 14 21,3,a07 a14 a21,0,0,0,0,191,214
4,1 7 14 21,4,a01 a07 a14 a21,0,0,0,0,203,214
4,1 7 15 18,0,,1,1,1,0,0,156
4,1 7 15 18,1,a01,0,0,0,0,92,156
4,1 7 15 18,1,a07,1,0,1,1,111,156
4,1 7 15 18,2,a01 a07,0,0,0,0,132,156
4,1 7 15 18,1,a15,0,0,0,0,98,156
4,1 7 15 18,2,a01 a15,0,0,0,0,126,156
4,1 7 15 18,2,a07 a15,0,0,0,0,118,156
4,1 7 15 18,3,a01 a07 a15,0,0,0,0,137,156
4,1 7 15 18,1,a18,0,0,0,0,111,156
4,1 7 15 18,2,a01 a18,0,0,0,0,132,156
4,1 7 15 18,2,a07 a18,0,0,0,0,133,156
4,1 7 15 18,3,a01 a07 a18,0,0,0,0,144,156
4,1 7 15 18,2,a15 a18,0,0,0,0,118,156
4,1 7 15 18,3,a01 a15 a18,0,0,0,0,136,156
4,1 7 15 18,3,a07 a15 a18,0,0,0,0,137,156
4,1 7 15 18,4,a01 a07 a15 a18,0,0,0,0,147,156
4,1 7 15 21,0,,1,1,1,0,0,109
4,1 7 15 21,1,a01,0,0,0,0,67,109
4,1 7 15 21,1,a07,1,0,1,1,67,109
4,1 7 15 21,2,a01 a07,0,0,0,0,90,109
4,1 7 15 21,1,a15,1,1,1,0,42,109
4,1 7 15 21,2,a01 a15,0,0,0,0,77,109
4,1 7 15 21,2,a07 a15,0,0,0,0,71,109
4,1 7 15 21,3,a01 a07 a15,0,0,0,0,93,109
4,1 7 15 21,1,a21,0,0,0,0,74,109
4,1 7 15 21,2,a01 a21,0,0,0,0,91,109
4,1 7 15 21,2,a07 a21,0,0,0,0,91,109
4,1 7 15 21,3,a01 a07 a21,0,0,0,0,100,109
4,1 7 15 21,2,a15 a21,0,0,0,0,78,109
4,1 7 15 21,3,a01 a15 a21,0,0,0,0,93,109
4,1 7 15 21,3,a07 a15 a21,0,0,0,0,94,109
4,1 7 15 21,4,a01 a07 a15 a21,0,0,0,0,102,109
4,1 7 16 21,0,,1,1,1,0,0,214
4,1 7 16 21,1,a01,0,0,0,0,144,214
4,1 7 16 21,1,a07,0,0,0,0,97,214
4,1 7 16 21,2,a01 a07,0,0,0,0,176,214
4,1 7 16 21,1,a16,1,1,1,0,60,214
4,1 7 16 21,2,a01 a16,0,0,0,0,157,214
4,1 7 16 21,2,a07 a16,0,0,0,0,157,214
4,1 7 16 21,3,a01 a07 a16,0,0,0,0,189,214
4,1 7 16 21,1,a21,0,0,0,0,136,214
4,1 7 16 21,2,a01 a21,0,0,0,0,179,214
4,1 7 16 21,2,a07 a21,0,0,0,0,159,214
4,1 7 16 21,3,a01 a07 a21,0,0,0,0,191,214
4,1 7 16 21,2,a16 a21,0,0,0,0,168,214
4,1 7 16 21,3,a01 a16 a21,0,0,0,0,191,214
4,1 7 16 21,3,a07 a16 a21,0,0,0,0,191,214
4,1 7 16 21,4,a01 a07 a16 a21,0,0,0,0,203,214
4,1 7 17 21,0,,1,1,1,0,0,472
4,1 7 17 21,1,a01,0,0,0,0,312,472
4,1 7 17 21,1,a07,0,0,0,0,358,472
4,1 7 17 21,2,a01 a07,0,0,0,0,416,472
4,1 7 17 21,1,a17,1,1,1,0,258,472
4,1 7 17 21,2,a01 a17,0,0,0,0,391,472
4,1 7 17 21,2,a07 a17,0,0,0,0,392,472
4,1 7 17 21,3,a01 a07 a17,0,0,0,0,435,472
4,1 7 17 21,1,a21,0,0,0,0,350,472
4,1 7 17 21,2,a01 a21,0,0,0,0,412,472
4,1 7 17 21,2,a07 a21,0,0,0,0,402,472
4,1 7 17 21,3,a01 a07 a21,0,0,0,0,434,472
4,1 7 17 21,2,a17 a21,0,0,0,0,402,472
4,1 7 17 21,3,a01 a17 a21,0,0,0,0,435,472
4,1 7 17 21,3,a07 a17 a21,0,0,0,0,436,472
4,1 7 17 21,4,a01 a07 a17 a21,0,0,0,0,453,472
4,1 7 18 21,0,,1,1,1,0,0,156
4,1 7 18 21,1,a01,0,0,0,0,92,156
4,1 7 18 21,1,a07,0,0,0,0,111,156
4,1 7 18 21,2,a01 a07,0,0,0,0,132,156
4,1 7 18 21,1,a18,1,1,1,0,111,156
4,1 7 18 21,2,a01 a18,0,0,0,0,132,156
4,1 7 18 21,2,a07 a18,0,0,0,0,133,156
4,1 7 18 21,3,a01 a07 a18,0,0,0,0,144,156
4,1 7 18 21,1,a21,0,0,0,0,98,156
4,1 7 18 21,2,a01 a21,0,0,0,0,126,156
4,1 7 18 21,2,a07 a21,0,0,0,0,118,156
4,1 7 18 21,3,a01 a07 a21,0,0,0,0,136,156
4,1 7 18 21,2,a18 a21,0,0,0,0,118,156
4,1 7 18 21,3,a01 a18 a21,0,0,0,0,137,156
4,1 7 18 21,3,a07 a18 a21,0,0,0,0,137,156
4,1 7 18 21,4,a01 a07 a18 a21,0,0,0,0,147,156
4,1 7 18 24,0,,1,1,1,0,0,220
4,1 7 18 24,1,a01,0,0,0,0,150,220
4,1 7 18 24,1,a07,0,0,0,0,150,220
4,1 7 18 24,2,a01 a07,0,0,0,0,174,220
4,1 7 18 24,1,a18,0,0,0,0,150,220
4,1 7 18 24,2,a01 a18,0,0,0,0,174,220
4,1 7 18 24,2,a07 a18,0,0,0,0,184,220
4,1 7 18 24,3,a01 a07 a18,0,0,0,0,196,220
4,1 7 18 24,1,a24,0,0,0,0,150,220
4,1 7 18 24,2,a01 a24,0,0,0,0,184,220
4,1 7 18 24,2,a07 a24,0,0,0,0,174,220
4,1 7 18 24,3,a01 a07 a24,0,0,0,0,196,220
4,1 7 18 24,2,a18 a24,0,0,0,0,174,220
4,1 7 18 24,3,a01 a18 a24,0,0,0,0,196,220
4,1 7 18 24,3,a07 a18 a24,0,0,0,0,196,220
4,1 7 18 24,4,a01 a07 a18 a24,0,0,0,0,208,220
4,1 7 19 21,0,,1,1,1,0,0,472
4,1 7 19 21,1,a01,0,0,0,0,312,472
4,1 7 19 21,1,a07,0,0,0,0,358,472
4,1 7 19 21,2,a01 a07,0,0,0,0,416,472
4,1 7 19 21,1,a19,1,1,1,0,258,472
4,1 7 19 21,2,a01 a19,0,0,0,0,391,472
4,1 7 19 21,2,a07 a19,0,0,0,0,392,472
4,1 7 19 21,3,a01 a07 a19,0,0,0,0,435,472
4,1 7 19 21,1,a21,0,0,0,0,350,472
4,1 7 19 21,2,a01 a21,0,0,0,0,412,472
4,1 7 19 21,2,a07 a21,0,0,0,0,402,472
4,1 7 19 21,3,a01 a07 a21,0,0,0,0,434,472
4,1 7 19 21,2,a19 a21,0,0,0,0,402,472
4,1 7 19 21,3,a01 a19 a21,0,0,0,0,435,472
4,1 7 19 21,3,a07 a19 a21,0,0,0,0,436,472
4,1 7 19 21,4,a01 a07 a19 a21,0,0,0,0,453,472
4,1 7 20 21,0,,1,1,1,0,0,364
4,1 7 20 21,1,a01,0,0,0,0,253,364
4,1 7 20 21,1,a07,0,0,0,0,253,364
4,1 7 20 21,2,a01 a07,0,0,0,0,316,364
4,1 7 20 21,1,a20,1,1,1,0,173,364
4,1 7 20 21,2,a01 a20,0,0,0,0,293,364
4,1 7 20 21,2,a07 a20,0,0,0,0,293,364
4,1 7 20 21,3,a01 a07 a20,0,0,0,0,332,364
4,1 7 20 21,1,a21,0,0,0,0,185,364
4,1 7 20 21,2,a01 a21,0,0,0,0,294,364
4,1 7 20 21,2,a07 a21,0,0,0,0,294,364
4,1 7 20 21,3,a01 a07 a21,0,0,0,0,333,364
4,1 7 20 21,2,a20 a21,0,0,0,0,304,364
4,1 7 20 21,3,a01 a20 a21,0,0,0,0,333,364
4,1 7 20 21,3,a07 a20 a21,0,0,0,0,333,364
4,1 7 20 21,4,a01 a07 a20 a21,0,0,0,0,348,364
4,1 7 20 22,0,,1,1,1,0,0,1581
4,1 7 20 22,1,a01,0,0,0,0,1474,1581
4,1 7 20 22,1,a07,0,0,0,0,1474,1581
4,1 7 20 22,2,a01 a07,0,0,0,0,1499,1581
4,1 7 20 22,1,a20,0,0,0,0,1474,1581
4,1 7 20 22,2,a01 a20,0,0,0,0,1505,1581
4,1 7 20 22,2,a07 a20,0,0,0,0,1505,1581
4,1 7 20 22,3,a01 a07 a20,0,0,0,0,1516,1581
4,1 7 20 22,1,a22,0,0,0,0,1474,1581
4,1 7 20 22,2,a01 a22,0,0,0,0,1505,1581
4,1 7 20 22,2,a07 a22,0,0,0,0,1505,1581
4,1 7 20 22,3,a01 a07 a22,0,0,0,0,1516,1581
4,1 7 20 22,2,a20 a22,0,0,0,0,1499,1581
4,1 7 20 22,3,a01 a20 a22,0,0,0,0,1516,1581
4,1 7 20 22,3,a07 a20 a22,0,0,0,0,1516,1581
4,1 7 20 22,4,a01 a07 a20 a22,0,0,0,0,1524,1581
4,1 7 21 22,0,,1,1,1,0,0,364
4,1 7 21 22,1,a01,0,0,0,0,253,364
4,1 7 21 22,1,a07,0,0,0,0,253,364
4,1 7 21 22,2,a01 a07,0,0,0,0,316,364
4,1 7 21 22,1,a21,0,0,0,0,185,364
4,1 7 21 22,2,a01 a21,0,0,0,0,294,364
4,1 7 21 22,2,a07 a21,0,0,0,0,294,364
4,1 7 21 22,3,a01 a07 a21,0,0,0,0,333,364
4,1 7 21 22,1,a22,1,1,1,0,173,364
4,1 7 21 22,2,a01 a22,0,0,0,0,293,364
4,1 7 21 22,2,a07 a22,0,0,0,0,293,364
4,1 7 21 22,3,a01 a07 a22,0,0,0,0,332,364
4,1 7 21 22,2,a21 a22,0,0,0,0,304,364
4,1 7 21 22,3,a01 a21 a22,0,0,0,0,333,364
4,1 7 21 22,3,a07 a21 a22,0,0,0,0,333,364
4,1 7 21 22,4,a01 a07 a21 a22,0,0,0,0,348,364
4,1 7 21 23,0,,1,1,1,0,0,472
4,1 7 21 23,1,a01,0,0,0,0,358,472
4,1 7 21 23,1,a07,0,0,0,0,312,472
4,1 7 21 23,2,a01 a07,0,0,0,0,416,472
4,1 7 21 23,1,a21,0,0,0,0,350,472
4,1 7 21 23,2,a01 a21,0,0,0,0,402,472
4,1 7 21 23,2,a07 a21,0,0,0,0,412,472
4,1 7 21 23,3,a01 a07 a21,0,0,0,0,434,472
4,1 7 21 23,1,a23,1,1,1,0,258,472
4,1 7 21 23,2,a01 a23,0,0,0,0,392,472
4,1 7 21 23,2,a07 a23,0,0,0,0,391,472
4,1 7 21 23,3,a01 a07 a23,0,0,0,0,435,472
4,1 7 21 23,2,a21 a23,0,0,0,0,402,472
4,1 7 21 23,3,a01 a21 a23,0,0,0,0,436,472
4,1 7 21 23,3,a07 a21 a23,0,0,0,0,435,472
4,1 7 21 23,4,a01 a07 a21 a23,0,0,0,0,453,472
4,1 7 21 24,0,,1,1,1,0,0,156
4,1 7 21 24,1,a01,0,0,0,0,111,156
4,1 7 21 24,1,a07,0,0,0,0,92,156
4,1 7 21 24,2,a01 a07,0,0,0,0,132,156
4,1 7 21 24,1,a21,0,0,0,0,98,156
4,1 7 21 24,2,a01 a21,0,0,0,0,118,156
4,1 7 21 24,2,a07 a21,0,0,0,0,126,156
4,1 7 21 24,3,a01 a07 a21,0,0,0,0,136,156
4,1 7 21 24,1,a24,1,1,1,0,111,156
4,1 7 21 24,2,a01 a24,0,0,0,0,133,156
4,1 7 21 24,2,a07 a24,0,0,0,0,132,156
4,1 7 21 24,3,a01 a07 a24,0,0,0,0,144,156
4,1 7 21 24,2,a21 a24,0,0,0,0,118,156
4,1 7 21 24,3,a01 a21 a24,0,0,0,0,137,156
4,1 7 21 24,3,a07 a21 a24,0,0,0,0,137,156
4,1 7 21 24,4,a01 a07 a21 a24,0,0,0,0,147,156
4,1 7 21 25,0,,1,1,1,0,0,472
4,1 7 21 25,1,a01,0,0,0,0,358,472
4,1 7 21 25,1,a07,0,0,0,0,312,472
4,1 7 21 25,2,a01 a07,0,0,0,0,416,472
4,1 7 21 25,1,a21,0,0,0,0,350,472
4,1 7 21 25,2,a01 a21,0,0,0,0,402,472
4,1 7 21 25,2,a07 a21,0,0,0,0,412,472
4,1 7 21 25,3,a01 a07 a21,0,0,0,0,434,472
4,1 7 21 25,1,a25,1,1,1,0,258,472
4,1 7 21 25,2,a01 a25,0,0,0,0,392,472
4,1 7 21 25,2,a07 a25,0,0,0,0,391,472
4,1 7 21 25,3,a01 a07 a25,0,0,0,0,435,472
4,1 7 21 25,2,a21 a25,0,0,0,0,402,472
4,1 7 21 25,3,a01 a21 a25,0,0,0,0,436,472
4,1 7 21 25,3,a07 a21 a25,0,0,0,0,435,472
4,1 7 21 25,4,a01 a07 a21 a25,0,0,0,0,453,472
4,1 8 10 15,0,,1,1,1,0,0,88
4,1 8 10 15,1,a01,1,1,1,0,36,88
4,1 8 10 15,1,a08,1,1,1,0,29,88
4,1 8 10 15,2,a01 a08,1,1,1,0,51,88
4,1 8 10 15,1,a10,0,0,0,0,36,88
4,1 8 10 15,2,a01 a10,0,0,0,0,65,88
4,1 8 10 15,2,a08 a10,0,0,0,0,51,88
4,1 8 10 15,3,a01 a08 a10,0,0,0,0,73,88
4,1 8 10 15,1,a15,0,0,0,0,36,88
4,1 8 10 15,2,a01 a15,0,0,0,0,58,88
4,1 8 10 15,2,a08 a15,0,0,0,0,65,88
4,1 8 10 15,3,a01 a08 a15,0,0,0,0,73,88
4,1 8 10 15,2,a10 a15,0,0,0,0,58,88
4,1 8 10 15,3,a01 a10 a15,0,0,0,0,73,88
4,1 8 10 15,3,a08 a10 a15,0,0,0,0,73,88
4,1 8 10 15,4,a01 a08 a10 a15,0,0,0,0,81,88
4,1 8 12 13,0,,1,1,1,0,0,116
4,1 8 12 13,1,a01,1,1,1,0,48,116
4,1 8 12 13,1,a08,1,1,1,0,62,116
4,1 8 12 13,2,a01 a08,1,1,1,0,73,116
4,1 8 12 13,1,a12,0,0,0,0,64,116
4,1 8 12 13,2,a01 a12,0,0,0,0,90,116
4,1 8 12 13,2,a08 a12,0,0,0,0,89,116
4,1 8 12 13,3,a01 a08 a12,0,0,0,0,99,116
4,1 8 12 13,1,a13,0,0,0,0,25,116
4,1 8 12 13,2,a01 a13,0,0,0,0,73,116
4,1 8 12 13,2,a08 a13,0,0,0,0,87,116
4,1 8 12 13,3,a01 a08 a13,0,0,0,0,98,116
4,1 8 12 13,2,a12 a13,0,0,0,0,73,116
4,1 8 12 13,3,a01 a12 a13,0,0,0,0,99,116
4,1 8 12 13,3,a08 a12 a13,0,0,0,0,98,116
4,1 8 12 13,4,a01 a08 a12 a13,0,0,0,0,108,116
4,1 8 12 21,0,,1,1,1,0,0,364
4,1 8 12 21,1,a01,0,0,0,0,218,364
4,1 8 12 21,1,a08,0,0,0,0,268,364
4,1 8 12 21,2,a01 a08,0,0,0,0,313,364
4,1 8 12 21,1,a12,0,0,0,0,175,364
4,1 8 12 21,2,a01 a12,0,0,0,0,294,364
4,1 8 12 21,2,a08 a12,0,0,0,0,292,364
4,1 8 12 21,3,a01 a08 a12,0,0,0,0,332,364
4,1 8 12 21,1,a21,0,0,0,0,253,364
4,1 8 12 21,2,a01 a21,0,0,0,0,295,364
4,1 8 12 21,2,a08 a21,0,0,0,0,316,364
4,1 8 12 21,3,a01 a08 a21,0,0,0,0,333,364
4,1 8 12 21,2,a12 a21,0,0,0,0,306,364
4,1 8 12 21,3,a01 a12 a21,0,0,0,0,335,364
4,1 8 12 21,3,a08 a12 a21,0,0,0,0,333,364
4,1 8 12 21,4,a01 a08 a12 a21,0,0,0,0,349,364
4,1 8 12 22,0,,1,1,1,0,0,606
4,1 8 12 22,1,a01,0,0,0,0,375,606
4,1 8 12 22,1,a08,0,0,0,0,420,606
4,1 8 12 22,2,a01 a08,0,0,0,0,514,606
4,1 8 12 22,1,a12,0,0,0,0,453,606
4,1 8 12 22,2,a01 a12,0,0,0,0,531,606
4,1 8 12 22,2,a08 a12,0,0,0,0,517,606
4,1 8 12 22,3,a01 a08 a12,0,0,0,0,564,606
4,1 8 12 22,1,a22,0,0,0,0,461,606
4,1 8 12 22,2,a01 a22,0,0,0,0,516,606
4,1 8 12 22,2,a08 a22,0,0,0,0,539,606
4,1 8 12 22,3,a01 a08 a22,0,0,0,0,562,606
4,1 8 12 22,2,a12 a22,0,0,0,0,531,606
4,1 8 12 22,3,a01 a12 a22,0,0,0,0,565,606
4,1 8 12 22,3,a08 a12 a22,0,0,0,0,564,606
4,1 8 12 22,4,a01 a08 a12 a22,0,0,0,0,583,606
4,1 8 14 21,0,,1,1,1,0,0,606
4,1 8 14 21,1,a01,0,0,0,0,461,606
4,1 8 14 21,1,a08,0,0,0,0,420,606
4,1 8 14 21,2,a01 a08,0,0,0,0,539,606
4,1 8 14 21,1,a14,0,0,0,0,375,606
4,1 8 14 21,2,a01 a14,0,0,0,0,516,606
4,1 8 14 21,2,a08 a14,0,0,0,0,514,606
4,1 8 14 21,3,a01 a08 a14,0,0,0,0,562,606
4,1 8 14 21,1,a21,0,0,0,0,453,606
4,1 8 14 21,2,a01 a21,0,0,0,0,531,606
4,1 8 14 21,2,a08 a21,0,0,0,0,517,606
4,1 8 14 21,3,a01 a08 a21,0,0,0,0,564,606
4,1 8 14 21,2,a14 a21,0,0,0,0,531,606
4,1 8 14 21,3,a01 a14 a21,0,0,0,0,565,606
4,1 8 14 21,3,a08 a14 a21,0,0,0,0,564,606
4,1 8 14 21,4,a01 a08 a14 a21,0,0,0,0,583,606
4,1 8 15 18,0,,1,1,1,0,0,472
4,1 8 15 18,1,a01,0,0,0,0,312,472
4,1 8 15 18,1,a08,1,1,1,0,258,472
4,1 8 15 18,2,a01 a08,0,0,0,0,391,472
4,1 8 15 18,1,a15,0,0,0,0,350,472
4,1 8 15 18,2,a01 a15,0,0,0,0,412,472
4,1 8 15 18,2,a08 a15,0,0,0,0,402,472
4,1 8 15 18,3,a01 a08 a15,0,0,0,0,435,472
4,1 8 15 18,1,a18,0,0,0,0,358,472
4,1 8 15 18,2,a01 a18,0,0,0,0,416,472
4,1 8 15 18,2,a08 a18,0,0,0,0,392,472
4,1 8 15 18,3,a01 a08 a18,0,0,0,0,435,472
4,1 8 15 18,2,a15 a18,0,0,0,0,402,472
4,1 8 15 18,3,a01 a15 a18,0,0,0,0,434,472
4,1 8 15 18,3,a08 a15 a18,0,0,0,0,436,472
4,1 8 15 18,4,a01 a08 a15 a18,0,0,0,0,453,472
4,1 8 15 21,0,,1,1,1,0,0,214
4,1 8 15 21,1,a01,0,0,0,0,144,214
4,1 8 15 21,1,a08,1,1,1,0,97,214
4,1 8 15 21,2,a01 a08,0,0,0,0,176,214
4,1 8 15 21,1,a15,0,0,0,0,60,214
4,1 8 15 21,2,a01 a15,0,0,0,0,157,214
4,1 8 15 21,2,a08 a15,0,0,0,0,157,214
4,1 8 15 21,3,a01 a08 a15,0,0,0,0,189,214
4,1 8 15 21,1,a21,0,0,0,0,136,214
4,1 8 15 21,2,a01 a21,0,0,0,0,179,214
4,1 8 15 21,2,a08 a21,0,0,0,0,159,214
4,1 8 15 21,3,a01 a08 a21,0,0,0,0,191,214
4,1 8 15 21,2,a15 a21,0,0,0,0,168,214
4,1 8 15 21,3,a01 a15 a21,0,0,0,0,191,214
4,1 8 15 21,3,a08 a15 a21,0,0,0,0,191,214
4,1 8 15 21,4,a01 a08 a15 a21,0,0,0,0,203,214
4,1 9 10 15,0,,1,1,1,0,0,81
4,1 9 10 15,1,a01,1,1,1,0,22,81
4,1 9 10 15,1,a09,1,1,1,0,22,81
4,1 9 10 15,2,a01 a09,1,1,1,0,44,81
4,1 9 10 15,1,a10,0,0,0,0,22,81
4,1 9 10 15,2,a01 a10,0,0,0,0,44,81
4,1 9 10 15,2,a09 a10,0,0,0,0,44,81
4,1 9 10 15,3,a01 a09 a10,0,0,0,0,66,81
4,1 9 10 15,1,a15,0,0,0,0,50,81
4,1 9 10 15,2,a01 a15,0,0,0,0,58,81
4,1 9 10 15,2,a09 a15,0,0,0,0,58,81
4,1 9 10 15,3,a01 a09 a15,0,0,0,0,66,81
4,1 9 10 15,2,a10 a15,0,0,0,0,58,81
4,1 9 10 15,3,a01 a10 a15,0,0,0,0,66,81
4,1 9 10 15,3,a09 a10 a15,0,0,0,0,66,81
4,1 9 10 15,4,a01 a09 a10 a15,0,0,0,0,74,81
4,1 9 11 15,0,,1,1,1,0,0,166
4,1 9 11 15,1,a01,1,1,1,0,28,166
4,1 9 11 15,1,a09,0,0,0,0,87,166
4,1 9 11 15,2,a01 a09,0,0,0,0,115,166
4,1 9 11 15,1,a11,0,0,0,0,87,166
4,1 9 11 15,2,a01 a11,0,0,0,0,115,166
4,1 9 11 15,2,a09 a11,0,0,0,0,116,166
4,1 9 11 15,3,a01 a09 a11,0,0,0,0,144,166
4,1 9 11 15,1,a15,0,0,0,0,114,166
4,1 9 11 15,2,a01 a15,0,0,0,0,124,166
4,1 9 11 15,2,a09 a15,0,0,0,0,135,166
4,1 9 11 15,3,a01 a09 a15,0,0,0,0,145,166
4,1 9 11 15,2,a11 a15,0,0,0,0,135,166
4,1 9 11 15,3,a01 a11 a15,0,0,0,0,145,166
4,1 9 11 15,3,a09 a11 a15,0,0,0,0,146,166
4,1 9 11 15,4,a01 a09 a11 a15,0,0,0,0,156,166
4,1 9 12 13,0,,1,1,1,0,0,58
4,1 9 12 13,1,a01,1,1,1,0,7,58
4,1 9 12 13,1,a09,1,1,1,0,19,58
4,1 9 12 13,2,a01 a09,1,1,1,0,26,58
4,1 9 12 13,1,a12,0,0,0,0,19,58
4,1 9 12 13,2,a01 a12,0,0,0,0,26,58
4,1 9 12 13,2,a09 a12,0,0,0,0,38,58
4,1 9 12 13,3,a01 a09 a12,0,0,0,0,45,58
4,1 9 12 13,1,a13,0,0,0,0,31,58
4,1 9 12 13,2,a01 a13,0,0,0,0,38,58
4,1 9 12 13,2,a09 a13,0,0,0,0,38,58
4,1 9 12 13,3,a01 a09 a13,0,0,0,0,45,58
4,1 9 12 13,2,a12 a13,0,0,0,0,38,58
4,1 9 12 13,3,a01 a12 a13,0,0,0,0,45,58
4,1 9 12 13,3,a09 a12 a13,0,0,0,0,45,58
4,1 9 12 13,4,a01 a09 a12 a13,0,0,0,0,52,58
4,1 9 13 14,0,,1,1,1,0,0,214
4,1 9 13 14,1,a01,1,1,1,0,60,214
4,1 9 13 14,1,a09,0,0,0,0,97,214
4,1 9 13 14,2,a01 a09,0,0,0,0,157,214
4,1 9 13 14,1,a13,0,0,0,0,136,214
4,1 9 13 14,2,a01 a13,0,0,0,0,168,214
4,1 9 13 14,2,a09 a13,0,0,0,0,159,214
4,1 9 13 14,3,a01 a09 a13,0,0,0,0,191,214
4,1 9 13 14,1,a14,0,0,0,0,144,214
4,1 9 13 14,2,a01 a14,0,0,0,0,157,214
4,1 9 13 14,2,a09 a14,0,0,0,0,176,214
4,1 9 13 14,3,a01 a09 a14,0,0,0,0,189,214
4,1 9 13 14,2,a13 a14,0,0,0,0,179,214
4,1 9 13 14,3,a01 a13 a14,0,0,0,0,191,214
4,1 9 13 14,3,a09 a13 a14,0,0,0,0,191,214
4,1 9 13 14,4,a01 a09 a13 a14,0,0,0,0,203,214
4,1 9 13 15,0,,1,1,1,0,0,116
4,1 9 13 15,1,a01,1,1,1,0,25,116
4,1 9 13 15,1,a09,0,0,0,0,62,116
4,1 9 13 15,2,a01 a09,0,0,0,0,87,116
4,1 9 13 15,1,a13,0,0,0,0,48,116
4,1 9 13 15,2,a01 a13,0,0,0,0,73,116
4,1 9 13 15,2,a09 a13,0,0,0,0,73,116
4,1 9 13 15,3,a01 a09 a13,0,0,0,0,98,116
4,1 9 13 15,1,a15,0,0,0,0,64,116
4,1 9 13 15,2,a01 a15,0,0,0,0,73,116
4,1 9 13 15,2,a09 a15,0,0,0,0,89,116
4,1 9 13 15,3,a01 a09 a15,0,0,0,0,98,116
4,1 9 13 15,2,a13 a15,0,0,0,0,90,116
4,1 9 13 15,3,a01 a13 a15,0,0,0,0,99,116
4,1 9 13 15,3,a09 a13 a15,0,0,0,0,99,116
4,1 9 13 15,4,a01 a09 a13 a15,0,0,0,0,108,116
4,1 9 15 18,0,,1,1,1,0,0,166
4,1 9 15 18,1,a01,0,0,0,0,87,166
4,1 9 15 18,1,a09,1,1,1,0,28,166
4,1 9 15 18,2,a01 a09,0,0,0,0,115,166
4,1 9 15 18,1,a15,0,0,0,0,114,166
4,1 9 15 18,2,a01 a15,0,0,0,0,135,166
4,1 9 15 18,2,a09 a15,0,0,0,0,124,166
4,1 9 15 18,3,a01 a09 a15,0,0,0,0,145,166
4,1 9 15 18,1,a18,0,0,0,0,87,166
4,1 9 15 18,2,a01 a18,0,0,0,0,116,166
4,1 9 15 18,2,a09 a18,0,0,0,0,115,166
4,1 9 15 18,3,a01 a09 a18,0,0,0,0,144,166
4,1 9 15 18,2,a15 a18,0,0,0,0,135,166
4,1 9 15 18,3,a01 a15 a18,0,0,0,0,146,166
4,1 9 15 18,3,a09 a15 a18,0,0,0,0,145,166
4,1 9 15 18,4,a01 a09 a15 a18,0,0,0,0,156,166
4,1 9 15 19,0,,1,1,1,0,0,472
4,1 9 15 19,1,a01,0,0,0,0,260,472
4,1 9 15 19,1,a09,0,0,0,0,260,472
4,1 9 15 19,2,a01 a09,0,0,0,0,391,472
4,1 9 15 19,1,a15,0,0,0,0,372,472
4,1 9 15 19,2,a01 a15,0,0,0,0,406,472
4,1 9 15 19,2,a09 a15,0,0,0,0,406,472
4,1 9 15 19,3,a01 a09 a15,0,0,0,0,437,472
4,1 9 15 19,1,a19,0,0,0,0,340,472
4,1 9 15 19,2,a01 a19,0,0,0,0,388,472
4,1 9 15 19,2,a09 a19,0,0,0,0,388,472
4,1 9 15 19,3,a01 a09 a19,0,0,0,0,433,472
4,1 9 15 19,2,a15 a19,0,0,0,0,418,472
4,1 9 15 19,3,a01 a15 a19,0,0,0,0,436,472
4,1 9 15 19,3,a09 a15 a19,0,0,0,0,436,472
4,1 9 15 19,4,a01 a09 a15 a19,0,0,0,0,453,472
4,1 9 15 21,0,,1,1,1,0,0,116
4,1 9 15 21,1,a01,0,0,0,0,62,116
4,1 9 15 21,1,a09,1,1,1,0,25,116
4,1 9 15 21,2,a01 a09,0,0,0,0,87,116
4,1 9 15 21,1,a15,0,0,0,0,64,116
4,1 9 15 21,2,a01 a15,0,0,0,0,89,116
4,1 9 15 21,2,a09 a15,0,0,0,0,73,116
4,1 9 15 21,3,a01 a09 a15,0,0,0,0,98,116
4,1 9 15 21,1,a21,0,0,0,0,48,116
4,1 9 15 21,2,a01 a21,0,0,0,0,73,116
4,1 9 15 21,2,a09 a21,0,0,0,0,73,116
4,1 9 15 21,3,a01 a09 a21,0,0,0,0,98,116
4,1 9 15 21,2,a15 a21,0,0,0,0,90,116
4,1 9 15 21,3,a01 a15 a21,0,0,0,0,99,116
4,1 9 15 21,3,a09 a15 a21,0,0,0,0,99,116
4,1 9 15 21,4,a01 a09 a15 a21,0,0,0,0,108,116
4,1 9 15 22,0,,1,1,1,0,0,364
4,1 9 15 22,1,a01,0,0,0,0,216,364
4,1 9 15 22,1,a09,0,0,0,0,216,364
4,1 9 15 22,2,a01 a09,0,0,0,0,314,364
4,1 9 15 22,1,a15,0,0,0,0,232,364
4,1 9 15 22,2,a01 a15,0,0,0,0,294,364
4,1 9 15 22,2,a09 a15,0,0,0,0,294,364
4,1 9 15 22,3,a01 a09 a15,0,0,0,0,333,364
4,1 9 15 22,1,a22,0,0,0,0,251,364
4,1 9 15 22,2,a01 a22,0,0,0,0,292,364
4,1 9 15 22,2,a09 a22,0,0,0,0,292,364
4,1 9 15 22,3,a01 a09 a22,0,0,0,0,331,364
4,1 9 15 22,2,a15 a22,0,0,0,0,317,364
4,1 9 15 22,3,a01 a15 a22,0,0,0,0,333,364
4,1 9 15 22,3,a09 a15 a22,0,0,0,0,333,364
4,1 9 15 22,4,a01 a09 a15 a22,0,0,0,0,348,364
4,1 10 11 15,0,,1,1,1,0,0,81
4,1 10 11 15,1,a01,1,1,1,0,22,81
4,1 10 11 15,1,a10,0,0,0,0,22,81
4,1 10 11 15,2,a01 a10,0,0,0,0,44,81
4,1 10 11 15,1,a11,1,1,1,0,22,81
4,1 10 11 15,2,a01 a11,1,1,1,0,44,81
4,1 10 11 15,2,a10 a11,0,0,0,0,44,81
4,1 10 11 15,3,a01 a10 a11,0,0,0,0,66,81
4,1 10 11 15,1,a15,0,0,0,0,50,81
4,1 10 11 15,2,a01 a15,0,0,0,0,58,81
4,1 10 11 15,2,a10 a15,0,0,0,0,58,81
4,1 10 11 15,3,a01 a10 a15,0,0,0,0,66,81
4,1 10 11 15,2,a11 a15,0,0,0,0,58,81
4,1 10 11 15,3,a01 a11 a15,0,0,0,0,66,81
4,1 10 11 15,3,a10 a11 a15,0,0,0,0,66,81
4,1 10 11 15,4,a01 a10 a11 a15,0,0,0,0,74,81
4,1 10 12 13,0,,1,1,1,0,0,39
4,1 10 12 13,1,a01,1,1,1,0,6,39
4,1 10 12 13,1,a10,1,1,1,0,6,39
4,1 10 12 13,2,a01 a10,1,1,1,0,12,39
4,1 10 12 13,1,a12,0,0,0,0,16,39
4,1 10 12 13,2,a01 a12,0,0,0,0,22,39
4,1 10 12 13,2,a10 a12,0,0,0,0,22,39
4,1 10 12 13,3,a01 a10 a12,0,0,0,0,28,39
4,1 10 12 13,1,a13,0,0,0,0,16,39
4,1 10 12 13,2,a01 a13,0,0,0,0,22,39
4,1 10 12 13,2,a10 a13,0,0,0,0,22,39
4,1 10 12 13,3,a01 a10 a13,0,0,0,0,28,39
4,1 10 12 13,2,a12 a13,0,0,0,0,22,39
4,1 10 12 13,3,a01 a12 a13,0,0,0,0,28,39
4,1 10 12 13,3,a10 a12 a13,0,0,0,0,28,39
4,1 10 12 13,4,a01 a10 a12 a13,0,0,0,0,34,39
4,1 10 12 15,0,,1,1,1,0,0,58
4,1 10 12 15,1,a01,1,1,1,0,19,58
4,1 10 12 15,1,a10,0,0,0,0,19,58
4,1 10 12 15,2,a01 a10,0,0,0,0,38,58
4,1 10 12 15,1,a12,1,1,1,0,7,58
4,1 10 12 15,2,a01 a12,1,1,1,0,26,58
4,1 10 12 15,2,a10 a12,0,0,0,0,26,58
4,1 10 12 15,3,a01 a10 a12,0,0,0,0,45,58
4,1 10 12 15,1,a15,0,0,0,0,31,58
4,1 10 12 15,2,a01 a15,0,0,0,0,38,58
4,1 10 12 15,2,a10 a15,0,0,0,0,38,58
4,1 10 12 15,3,a01 a10 a15,0,0,0,0,45,58
4,1 10 12 15,2,a12 a15,0,0,0,0,38,58
4,1 10 12 15,3,a01 a12 a15,0,0,0,0,45,58
4,1 10 12 15,3,a10 a12 a15,0,0,0,0,45,58
4,1 10 12 15,4,a01 a10 a12 a15,0,0,0,0,52,58
4,1 10 12 16,0,,1,1,1,0,0,157
4,1 10 12 16,1,a01,1,1,1,0,54,157
4,1 10 12 16,1,a10,0,0,0,0,54,157
4,1 10 12 16,2,a01 a10,0,0,0,0,108,157
4,1 10 12 16,1,a12,0,0,0,0,80,157
4,1 10 12 16,2,a01 a12,0,0,0,0,109,157
4,1 10 12 16,2,a10 a12,0,0,0,0,109,157
4,1 10 12 16,3,a01 a10 a12,0,0,0,0,138,157
4,1 10 12 16,1,a16,0,0,0,0,112,157
4,1 10 12 16,2,a01 a16,0,0,0,0,124,157
4,1 10 12 16,2,a10 a16,0,0,0,0,124,157
4,1 10 12 16,3,a01 a10 a16,0,0,0,0,136,157
4,1 10 12 16,2,a12 a16,0,0,0,0,126,157
4,1 10 12 16,3,a01 a12 a16,0,0,0,0,137,157
4,1 10 12 16,3,a10 a12 a16,0,0,0,0,137,157
4,1 10 12 16,4,a01 a10 a12 a16,0,0,0,0,148,157
4,1 10 13 14,0,,1,1,1,0,0,157
4,1 10 13 14,1,a01,1,1,1,0,54,157
4,1 10 13 14,1,a10,0,0,0,0,54,157
4,1 10 13 14,2,a01 a10,0,0,0,0,108,157
4,1 10 13 14,1,a13,0,0,0,0,80,157
4,1 10 13 14,2,a01 a13,0,0,0,0,109,157
4,1 10 13 14,2,a10 a13,0,0,0,0,109,157
4,1 10 13 14,3,a01 a10 a13,0,0,0,0,138,157
4,1 10 13 14,1,a14,0,0,0,0,112,157
4,1 10 13 14,2,a01 a14,0,0,0,0,124,157
4,1 10 13 14,2,a10 a14,0,0,0,0,124,157
4,1 10 13 14,3,a01 a10 a14,0,0,0,0,136,157
4,1 10 13 14,2,a13 a14,0,0,0,0,126,157
4,1 10 13 14,3,a01 a13 a14,0,0,0,0,137,157
4,1 10 13 14,3,a10 a13 a14,0,0,0,0,137,157
4,1 10 13 14,4,a01 a10 a13 a14,0,0,0,0,148,157
4,1 10 13 15,0,,1,1,1,0,0,58
4,1 10 13 15,1,a01,1,1,1,0,19,58
4,1 10 13 15,1,a10,0,0,0,0,19,58
4,1 10 13 15,2,a01 a10,0,0,0,0,38,58
4,1 10 13 15,1,a13,1,1,1,0,7,58
4,1 10 13 15,2,a01 a13,1,1,1,0,26,58
4,1 10 13 15,2,a10 a13,0,0,0,0,26,58
4,1 10 13 15,3,a01 a10 a13,0,0,0,0,45,58
4,1 10 13 15,1,a15,0,0,0,0,31,58
4,1 10 13 15,2,a01 a15,0,0,0,0,38,58
4,1 10 13 15,2,a10 a15,0,0,0,0,38,58
4,1 10 13 15,3,a01 a10 a15,0,0,0,0,45,58
4,1 10 13 15,2,a13 a15,0,0,0,0,38,58
4,1 10 13 15,3,a01 a13 a15,0,0,0,0,45,58
4,1 10 13 15,3,a10 a13 a15,0,0,0,0,45,58
4,1 10 13 15,4,a01 a10 a13 a15,0,0,0,0,52,58
4,1 10 14 15,0,,1,1,1,0,0,108
4,1 10 14 15,1,a01,1,1,1,0,41,108
4,1 10 14 15,1,a10,0,0,0,0,41,108
4,1 10 14 15,2,a01 a10,0,0,0,0,82,108
4,1 10 14 15,1,a14,1,1,1,0,41,108
4,1 10 14 15,2,a01 a14,1,1,1,0,66,108
4,1 10 14 15,2,a10 a14,0,0,0,0,66,108
4,1 10 14 15,3,a01 a10 a14,0,0,0,0,91,108
4,1 10 14 15,1,a15,0,0,0,0,41,108
4,1 10 14 15,2,a01 a15,0,0,0,0,66,108
4,1 10 14 15,2,a10 a15,0,0,0,0,66,108
4,1 10 14 15,3,a01 a10 a15,0,0,0,0,91,108
4,1 10 14 15,2,a14 a15,0,0,0,0,82,108
4,1 10 14 15,3,a01 a14 a15,0,0,0,0,91,108
4,1 10 14 15,3,a10 a14 a15,0,0,0,0,91,108
4,1 10 14 15,4,a01 a10 a14 a15,0,0,0,0,100,108
4,1 10 14 16,0,,1,1,1,0,0,364
4,1 10 14 16,1,a01,1,1,1,0,173,364
4,1 10 14 16,1,a10,0,0,0,0,185,364
4,1 10 14 16,2,a01 a10,0,0,0,0,304,364
4,1 10 14 16,1,a14,0,0,0,0,253,364
4,1 10 14 16,2,a01 a14,0,0,0,0,293,364
4,1 10 14 16,2,a10 a14,0,0,0,0,294,364
4,1 10 14 16,3,a01 a10 a14,0,0,0,0,333,364
4,1 10 14 16,1,a16,0,0,0,0,253,364
4,1 10 14 16,2,a01 a16,0,0,0,0,293,364
4,1 10 14 16,2,a10 a16,0,0,0,0,294,364
4,1 10 14 16,3,a01 a10 a16,0,0,0,0,333,364
4,1 10 14 16,2,a14 a16,0,0,0,0,316,364
4,1 10 14 16,3,a01 a14 a16,0,0,0,0,332,364
4,1 10 14 16,3,a10 a14 a16,0,0,0,0,333,364
4,1 10 14 16,4,a01 a10 a14 a16,0,0,0,0,348,364
4,1 10 15 16,0,,1,1,1,0,0,108
4,1 10 15 16,1,a01,1,1,1,0,41,108
4,1 10 15 16,1,a10,0,0,0,0,41,108
4,1 10 15 16,2,a01 a10,0,0,0,0,82,108
4,1 10 15 16,1,a15,0,0,0,0,41,108
4,1 10 15 16,2,a01 a15,0,0,0,0,66,108
4,1 10 15 16,2,a10 a15,0,0,0,0,66,108
4,1 10 15 16,3,a01 a10 a15,0,0,0,0,91,108
4,1 10 15 16,1,a16,1,1,1,0,41,108
4,1 10 15 16,2,a01 a16,1,1,1,0,66,108
4,1 10 15 16,2,a10 a16,0,0,0,0,66,108
4,1 10 15 16,3,a01 a10 a16,0,0,0,0,91,108
4,1 10 15 16,2,a15 a16,0,0,0,0,82,108
4,1 10 15 16,3,a01 a15 a16,0,0,0,0,91,108
4,1 10 15 16,3,a10 a15 a16,0,0,0,0,91,108
4,1 10 15 16,4,a01 a10 a15 a16,0,0,0,0,100,108
4,1 10 15 17,0,,1,1,1,0,0,166
4,1 10 15 17,1,a01,1,1,1,0,87,166
4,1 10 15 17,1,a10,0,0,0,0,28,166
4,1 10 15 17,2,a01 a10,0,0,0,0,115,166
4,1 10 15 17,1,a15,0,0,0,0,114,166
4,1 10 15 17,2,a01 a15,0,0,0,0,135,166
4,1 10 15 17,2,a10 a15,0,0,0,0,124,166
4,1 10 15 17,3,a01 a10 a15,0,0,0,0,145,166
4,1 10 15 17,1,a17,1,1,1,0,87,166
4,1 10 15 17,2,a01 a17,1,1,1,0,116,166
4,1 10 15 17,2,a10 a17,0,0,0,0,115,166
4,1 10 15 17,3,a01 a10 a17,0,0,0,0,144,166
4,1 10 15 17,2,a15 a17,0,0,0,0,135,166
4,1 10 15 17,3,a01 a15 a17,0,0,0,0,146,166
4,1 10 15 17,3,a10 a15 a17,0,0,0,0,145,166
4,1 10 15 17,4,a01 a10 a15 a17,0,0,0,0,156,166
4,1 10 15 18,0,,1,1,1,0,0,109
4,1 10 15 18,1,a01,1,1,1,0,67,109
4,1 10 15 18,1,a10,1,0,1,1,22,109
4,1 10 15 18,2,a01 a10,0,0,0,0,70,109
4,1 10 15 18,1,a15,0,0,0,0,74,109
4,1 10 15 18,2,a01 a15,0,0,0,0,91,109
4,1 10 15 18,2,a10 a15,0,0,0,0,76,109
4,1 10 15 18,3,a01 a10 a15,0,0,0,0,92,109
4,1 10 15 18,1,a18,1,1,1,0,67,109
4,1 10 15 18,2,a01 a18,1,1,1,0,90,109
4,1 10 15 18,2,a10 a18,0,0,0,0,70,109
4,1 10 15 18,3,a01 a10 a18,0,0,0,0,93,109
4,1 10 15 18,2,a15 a18,0,0,0,0,91,109
4,1 10 15 18,3,a01 a15 a18,0,0,0,0,100,109
4,1 10 15 18,3,a10 a15 a18,0,0,0,0,92,109
4,1 10 15 18,4,a01 a10 a15 a18,0,0,0,0,101,109
4,1 10 15 19,0,,1,1,1,0,0,166
4,1 10 15 19,1,a01,1,1,1,0,87,166
4,1 10 15 19,1,a10,0,0,0,0,28,166
4,1 10 15 19,2,a01 a10,0,0,0,0,115,166
4,1 10 15 19,1,a15,0,0,0,0,114,166
4,1 10 15 19,2,a01 a15,0,0,0,0,135,166
4,1 10 15 19,2,a10 a15,0,0,0,0,124,166
4,1 10 15 19,3,a01 a10 a15,0,0,0,0,145,166
4,1 10 15 19,1,a19,1,1,1,0,87,166
4,1 10 15 19,2,a01 a19,1,1,1,0,116,166
4,1 10 15 19,2,a10 a19,0,0,0,0,115,166
4,1 10 15 19,3,a01 a10 a19,0,0,0,0,144,166
4,1 10 15 19,2,a15 a19,0,0,0,0,135,166
4,1 10 15 19,3,a01 a15 a19,0,0,0,0,146,166
4,1 10 15 19,3,a10 a15 a19,0,0,0,0,145,166
4,1 10 15 19,4,a01 a10 a15 a19,0,0,0,0,156,166
4,1 10 15 20,0,,1,1,1,0,0,116
4,1 10 15 20,1,a01,1,1,1,0,62,116
4,1 10 15 20,1,a10,0,0,0,0,25,116
4,1 10 15 20,2,a01 a10,0,0,0,0,87,116
4,1 10 15 20,1,a15,0,0,0,0,64,116
4,1 10 15 20,2,a01 a15,0,0,0,0,89,116
4,1 10 15 20,2,a10 a15,0,0,0,0,73,116
4,1 10 15 20,3,a01 a10 a15,0,0,0,0,98,116
4,1 10 15 20,1,a20,1,1,1,0,48,116
4,1 10 15 20,2,a01 a20,1,1,1,0,73,116
4,1 10 15 20,2,a10 a20,0,0,0,0,73,116
4,1 10 15 20,3,a01 a10 a20,0,0,0,0,98,116
4,1 10 15 20,2,a15 a20,0,0,0,0,90,116
4,1 10 15 20,3,a01 a15 a20,0,0,0,0,99,116
4,1 10 15 20,3,a10 a15 a20,0,0,0,0,99,116
4,1 10 15 20,4,a01 a10 a15 a20,0,0,0,0,108,116
4,1 10 15 21,0,,1,1,1,0,0,70
4,1 10 15 21,1,a01,1,0,1,1,46,70
4,1 10 15 21,1,a10,1,1,1,0,19,70
4,1 10 15 21,2,a01 a10,0,0,0,0,49,70
4,1 10 15 21,1,a15,0,0,0,0,36,70
4,1 10 15 21,2,a01 a15,0,0,0,0,55,70
4,1 10 15 21,2,a10 a15,0,0,0,0,43,70
4,1 10 15 21,3,a01 a10 a15,0,0,0,0,56,70
4,1 10 15 21,1,a21,1,0,1,1,36,70
4,1 10 15 21,2,a01 a21,1,0,1,1,55,70
4,1 10 15 21,2,a10 a21,0,0,0,0,38,70
4,1 10 15 21,3,a01 a10 a21,0,0,0,0,57,70
4,1 10 15 21,2,a15 a21,0,0,0,0,56,70
4,1 10 15 21,3,a01 a15 a21,0,0,0,0,63,70
4,1 10 15 21,3,a10 a15 a21,0,0,0,0,57,70
4,1 10 15 21,4,a01 a10 a15 a21,0,0,0,0,64,70
4,1 10 15 22,0,,1,1,1,0,0,116
4,1 10 15 22,1,a01,1,1,1,0,62,116
4,1 10 15 22,1,a10,0,0,0,0,25,116
4,1 10 15 22,2,a01 a10,0,0,0,0,87,116
4,1 10 15 22,1,a15,0,0,0,0,64,116
4,1 10 15 22,2,a01 a15,0,0,0,0,89,116
4,1 10 15 22,2,a10 a15,0,0,0,0,73,116
4,1 10 15 22,3,a01 a10 a15,0,0,0,0,98,116
4,1 10 15 22,1,a22,1,1,1,0,48,116
4,1 10 15 22,2,a01 a22,1,1,1,0,73,116
4,1 10 15 22,2,a10 a22,0,0,0,0,73,116
4,1 10 15 22,3,a01 a10 a22,0,0,0,0,98,116
4,1 10 15 22,2,a15 a22,0,0,0,0,90,116
4,1 10 15 22,3,a01 a15 a22,0,0,0,0,99,116
4,1 10 15 22,3,a10 a15 a22,0,0,0,0,99,116
4,1 10 15 22,4,a01 a10 a15 a22,0,0,0,0,108,116
4,1 10 15 23,0,,1,1,1,0,0,279
4,1 10 15 23,1,a01,1,1,1,0,187,279
4,1 10 15 23,1,a10,0,0,0,0,145,279
4,1 10 15 23,2,a01 a10,0,0,0,0,236,279
4,1 10 15 23,1,a15,0,0,0,0,160,279
4,1 10 15 23,2,a01 a15,0,0,0,0,223,279
4,1 10 15 23,2,a10 a15,0,0,0,0,227,279
4,1 10 15 23,3,a01 a10 a15,0,0,0,0,249,279
4,1 10 15 23,1,a23,1,1,1,0,177,279
4,1 10 15 23,2,a01 a23,1,1,1,0,216,279
4,1 10 15 23,2,a10 a23,0,0,0,0,213,279
4,1 10 15 23,3,a01 a10 a23,0,0,0,0,252,279
4,1 10 15 23,2,a15 a23,0,0,0,0,236,279
4,1 10 15 23,3,a01 a15 a23,0,0,0,0,252,279
4,1 10 15 23,3,a10 a15 a23,0,0,0,0,249,279
4,1 10 15 23,4,a01 a10 a15 a23,0,0,0,0,265,279
4,1 10 15 24,0,,1,1,1,0,0,102
4,1 10 15 24,1,a01,1,1,1,0,78,102
4,1 10 15 24,1,a10,0,0,0,0,48,102
4,1 10 15 24,2,a01 a10,0,0,0,0,83,102
4,1 10 15 24,1,a15,0,0,0,0,48,102
4,1 10 15 24,2,a01 a15,0,0,0,0,82,102
4,1 10 15 24,2,a10 a15,0,0,0,0,76,102
4,1 10 15 24,3,a01 a10 a15,0,0,0,0,85,102
4,1 10 15 24,1,a24,1,1,1,0,78,102
4,1 10 15 24,2,a01 a24,1,1,1,0,90,102
4,1 10 15 24,2,a10 a24,0,0,0,0,82,102
4,1 10 15 24,3,a01 a10 a24,0,0,0,0,93,102
4,1 10 15 24,2,a15 a24,0,0,0,0,83,102
4,1 10 15 24,3,a01 a15 a24,0,0,0,0,93,102
4,1 10 15 24,3,a10 a15 a24,0,0,0,0,85,102
4,1 10 15 24,4,a01 a10 a15 a24,0,0,0,0,94,102
4,1 10 15 25,0,,1,1,1,0,0,279
4,1 10 15 25,1,a01,1,1,1,0,187,279
4,1 10 15 25,1,a10,0,0,0,0,145,279
4,1 10 15 25,2,a01 a10,0,0,0,0,236,279
4,1 10 15 25,1,a15,0,0,0,0,160,279
4,1 10 15 25,2,a01 a15,0,0,0,0,223,279
4,1 10 15 25,2,a10 a15,0,0,0,0,227,279
4,1 10 15 25,3,a01 a10 a15,0,0,0,0,249,279
4,1 10 15 25,1,a25,1,1,1,0,177,279
4,1 10 15 25,2,a01 a25,1,1,1,0,216,279
4,1 10 15 25,2,a10 a25,0,0,0,0,213,279
4,1 10 15 25,3,a01 a10 a25,0,0,0,0,252,279
4,1 10 15 25,2,a15 a25,0,0,0,0,236,279
4,1 10 15 25,3,a01 a15 a25,0,0,0,0,252,279
4,1 10 15 25,3,a10 a15 a25,0,0,0,0,249,279
4,1 10 15 25,4,a01 a10 a15 a25,0,0,0,0,265,279
4,1 11 12 13,0,,1,1,1,0,0,58
4,1 11 12 13,1,a01,1,1,1,0,7,58
4,1 11 12 13,1,a11,1,1,1,0,19,58
4,1 11 12 13,2,a01 a11,1,1,1,0,26,58
4,1 11 12 13,1,a12,0,0,0,0,31,58
4,1 11 12 13,2,a01 a12,0,0,0,0,38,58
4,1 11 12 13,2,a11 a12,0,0,0,0,38,58
4,1 11 12 13,3,a01 a11 a12,0,0,0,0,45,58
4,1 11 12 13,1,a13,0,0,0,0,19,58
4,1 11 12 13,2,a01 a13,0,0,0,0,26,58
4,1 11 12 13,2,a11 a13,0,0,0,0,38,58
4,1 11 12 13,3,a01 a11 a13,0,0,0,0,45,58
4,1 11 12 13,2,a12 a13,0,0,0,0,38,58
4,1 11 12 13,3,a01 a12 a13,0,0,0,0,45,58
4,1 11 12 13,3,a11 a12 a13,0,0,0,0,45,58
4,1 11 12 13,4,a01 a11 a12 a13,0,0,0,0,52,58
4,1 11 12 15,0,,1,1,1,0,0,116
4,1 11 12 15,1,a01,1,1,1,0,25,116
4,1 11 12 15,1,a11,0,0,0,0,62,116
4,1 11 12 15,2,a01 a11,0,0,0,0,87,116
4,1 11 12 15,1,a12,0,0,0,0,48,116
4,1 11 12 15,2,a01 a12,0,0,0,0,73,116
4,1 11 12 15,2,a11 a12,0,0,0,0,73,116
4,1 11 12 15,3,a01 a11 a12,0,0,0,0,98,116
4,1 11 12 15,1,a15,0,0,0,0,64,116
4,1 11 12 15,2,a01 a15,0,0,0,0,73,116
4,1 11 12 15,2,a11 a15,0,0,0,0,89,116
4,1 11 12 15,3,a01 a11 a15,0,0,0,0,98,116
4,1 11 12 15,2,a12 a15,0,0,0,0,90,116
4,1 11 12 15,3,a01 a12 a15,0,0,0,0,99,116
4,1 11 12 15,3,a11 a12 a15,0,0,0,0,99,116
4,1 11 12 15,4,a01 a11 a12 a15,0,0,0,0,108,116
4,1 11 12 16,0,,1,1,1,0,0,214
4,1 11 12 16,1,a01,1,1,1,0,60,214
4,1 11 12 16,1,a11,0,0,0,0,97,214
4,1 11 12 16,2,a01 a11,0,0,0,0,157,214
4,1 11 12 16,1,a12,0,0,0,0,136,214
4,1 11 12 16,2,a01 a12,0,0,0,0,168,214
4,1 11 12 16,2,a11 a12,0,0,0,0,159,214
4,1 11 12 16,3,a01 a11 a12,0,0,0,0,191,214
4,1 11 12 16,1,a16,0,0,0,0,144,214
4,1 11 12 16,2,a01 a16,0,0,0,0,157,214
4,1 11 12 16,2,a11 a16,0,0,0,0,176,214
4,1 11 12 16,3,a01 a11 a16,0,0,0,0,189,214
4,1 11 12 16,2,a12 a16,0,0,0,0,179,214
4,1 11 12 16,3,a01 a12 a16,0,0,0,0,191,214
4,1 11 12 16,3,a11 a12 a16,0,0,0,0,191,214
4,1 11 12 16,4,a01 a11 a12 a16,0,0,0,0,203,214
4,1 11 15 17,0,,1,1,1,0,0,472
4,1 11 15 17,1,a01,0,0,0,0,260,472
4,1 11 15 17,1,a11,0,0,0,0,260,472
4,1 11 15 17,2,a01 a11,0,0,0,0,391,472
4,1 11 15 17,1,a15,0,0,0,0,372,472
4,1 11 15 17,2,a01 a15,0,0,0,0,406,472
4,1 11 15 17,2,a11 a15,0,0,0,0,406,472
4,1 11 15 17,3,a01 a11 a15,0,0,0,0,437,472
4,1 11 15 17,1,a17,0,0,0,0,340,472
4,1 11 15 17,2,a01 a17,0,0,0,0,388,472
4,1 11 15 17,2,a11 a17,0,0,0,0,388,472
4,1 11 15 17,3,a01 a11 a17,0,0,0,0,433,472
4,1 11 15 17,2,a15 a17,0,0,0,0,418,472
4,1 11 15 17,3,a01 a15 a17,0,0,0,0,436,472
4,1 11 15 17,3,a11 a15 a17,0,0,0,0,436,472
4,1 11 15 17,4,a01 a11 a15 a17,0,0,0,0,453,472
4,1 11 15 18,0,,1,1,1,0,0,166
4,1 11 15 18,1,a01,0,0,0,0,87,166
4,1 11 15 18,1,a11,1,1,1,0,28,166
4,1 11 15 18,2,a01 a11,0,0,0,0,115,166
4,1 11 15 18,1,a15,0,0,0,0,114,166
4,1 11 15 18,2,a01 a15,0,0,0,0,135,166
4,1 11 15 18,2,a11 a15,0,0,0,0,124,166
4,1 11 15 18,3,a01 a11 a15,0,0,0,0,145,166
4,1 11 15 18,1,a18,0,0,0,0,87,166
4,1 11 15 18,2,a01 a18,0,0,0,0,116,166
4,1 11 15 18,2,a11 a18,0,0,0,0,115,166
4,1 11 15 18,3,a01 a11 a18,0,0,0,0,144,166
4,1 11 15 18,2,a15 a18,0,0,0,0,135,166
4,1 11 15 18,3,a01 a15 a18,0,0,0,0,146,166
4,1 11 15 18,3,a11 a15 a18,0,0,0,0,145,166
4,1 11 15 18,4,a01 a11 a15 a18,0,0,0,0,156,166
4,1 11 15 20,0,,1,1,1,0,0,364
4,1 11 15 20,1,a01,0,0,0,0,216,364
4,1 11 15 20,1,a11,0,0,0,0,216,364
4,1 11 15 20,2,a01 a11,0,0,0,0,314,364
4,1 11 15 20,1,a15,0,0,0,0,232,364
4,1 11 15 20,2,a01 a15,0,0,0,0,294,364
4,1 11 15 20,2,a11 a15,0,0,0,0,294,364
4,1 11 15 20,3,a01 a11 a15,0,0,0,0,333,364
4,1 11 15 20,1,a20,0,0,0,0,251,364
4,1 11 15 20,2,a01 a20,0,0,0,0,292,364
4,1 11 15 20,2,a11 a20,0,0,0,0,292,364
4,1 11 15 20,3,a01 a11 a20,0,0,0,0,331,364
4,1 11 15 20,2,a15 a20,0,0,0,0,317,364
4,1 11 15 20,3,a01 a15 a20,0,0,0,0,333,364
4,1 11 15 20,3,a11 a15 a20,0,0,0,0,333,364
4,1 11 15 20,4,a01 a11 a15 a20,0,0,0,0,348,364
4,1 11 15 21,0,,1,1,1,0,0,116
4,1 11 15 21,1,a01,0,0,0,0,62,116
4,1 11 15 21,1,a11,1,1,1,0,25,116
4,1 11 15 21,2,a01 a11,0,0,0,0,87,116
4,1 11 15 21,1,a15,0,0,0,0,64,116
4,1 11 15 21,2,a01 a15,0,0,0,0,89,116
4,1 11 15 21,2,a11 a15,0,0,0,0,73,116
4,1 11 15 21,3,a01 a11 a15,0,0,0,0,98,116
4,1 11 15 21,1,a21,0,0,0,0,48,116
4,1 11 15 21,2,a01 a21,0,0,0,0,73,116
4,1 11 15 21,2,a11 a21,0,0,0,0,73,116
4,1 11 15 21,3,a01 a11 a21,0,0,0,0,98,116
4,1 11 15 21,2,a15 a21,0,0,0,0,90,116
4,1 11 15 21,3,a01 a15 a21,0,0,0,0,99,116
4,1 11 15 21,3,a11 a15 a21,0,0,0,0,99,116
4,1 11 15 21,4,a01 a11 a15 a21,0,0,0,0,108,116
4,1 12 13 14,0,,1,1,1,0,0,116
4,1 12 13 14,1,a01,1,1,1,0,48,116
4,1 12 13 14,1,a12,0,0,0,0,25,116
4,1 12 13 14,2,a01 a12,0,0,0,0,73,116
4,1 12 13 14,1,a13,0,0,0,0,64,116
4,1 12 13 14,2,a01 a13,0,0,0,0,90,116
4,1 12 13 14,2,a12 a13,0,0,0,0,73,116
4,1 12 13 14,3,a01 a12 a13,0,0,0,0,99,116
4,1 12 13 14,1,a14,1,1,1,0,62,116
4,1 12 13 14,2,a01 a14,1,1,1,0,73,116
4,1 12 13 14,2,a12 a14,0,0,0,0,87,116
4,1 12 13 14,3,a01 a12 a14,0,0,0,0,98,116
4,1 12 13 14,2,a13 a14,0,0,0,0,89,116
4,1 12 13 14,3,a01 a13 a14,0,0,0,0,99,116
4,1 12 13 14,3,a12 a13 a14,0,0,0,0,98,116
4,1 12 13 14,4,a01 a12 a13 a14,0,0,0,0,108,116
4,1 12 13 15,0,,1,1,1,0,0,58
4,1 12 13 15,1,a01,1,1,1,0,19,58
4,1 12 13 15,1,a12,0,0,0,0,19,58
4,1 12 13 15,2,a01 a12,0,0,0,0,38,58
4,1 12 13 15,1,a13,0,0,0,0,19,58
4,1 12 13 15,2,a01 a13,0,0,0,0,38,58
4,1 12 13 15,2,a12 a13,0,0,0,0,26,58
4,1 12 13 15,3,a01 a12 a13,0,0,0,0,45,58
4,1 12 13 15,1,a15,1,1,1,0,19,58
4,1 12 13 15,2,a01 a15,1,1,1,0,26,58
4,1 12 13 15,2,a12 a15,0,0,0,0,38,58
4,1 12 13 15,3,a01 a12 a15,0,0,0,0,45,58
4,1 12 13 15,2,a13 a15,0,0,0,0,38,58
4,1 12 13 15,3,a01 a13 a15,0,0,0,0,45,58
4,1 12 13 15,3,a12 a13 a15,0,0,0,0,45,58
4,1 12 13 15,4,a01 a12 a13 a15,0,0,0,0,52,58
4,1 12 13 16,0,,1,1,1,0,0,116
4,1 12 13 16,1,a01,1,1,1,0,48,116
4,1 12 13 16,1,a12,0,0,0,0,64,116
4,1 12 13 16,2,a01 a12,0,0,0,0,90,116
4,1 12 13 16,1,a13,0,0,0,0,25,116
4,1 12 13 16,2,a01 a13,0,0,0,0,73,116
4,1 12 13 16,2,a12 a13,0,0,0,0,73,116
4,1 12 13 16,3,a01 a12 a13,0,0,0,0,99,116
4,1 12 13 16,1,a16,1,1,1,0,62,116
4,1 12 13 16,2,a01 a16,1,1,1,0,73,116
4,1 12 13 16,2,a12 a16,0,0,0,0,89,116
4,1 12 13 16,3,a01 a12 a16,0,0,0,0,99,116
4,1 12 13 16,2,a13 a16,0,0,0,0,87,116
4,1 12 13 16,3,a01 a13 a16,0,0,0,0,98,116
4,1 12 13 16,3,a12 a13 a16,0,0,0,0,98,116
4,1 12 13 16,4,a01 a12 a13 a16,0,0,0,0,108,116
4,1 12 13 17,0,,1,1,1,0,0,116
4,1 12 13 17,1,a01,1,1,1,0,48,116
4,1 12 13 17,1,a12,0,0,0,0,25,116
4,1 12 13 17,2,a01 a12,0,0,0,0,73,116
4,1 12 13 17,1,a13,0,0,0,0,64,116
4,1 12 13 17,2,a01 a13,0,0,0,0,90,116
4,1 12 13 17,2,a12 a13,0,0,0,0,73,116
4,1 12 13 17,3,a01 a12 a13,0,0,0,0,99,116
4,1 12 13 17,1,a17,1,1,1,0,62,116
4,1 12 13 17,2,a01 a17,1,1,1,0,73,116
4,1 12 13 17,2,a12 a17,0,0,0,0,87,116
4,1 12 13 17,3,a01 a12 a17,0,0,0,0,98,116
4,1 12 13 17,2,a13 a17,0,0,0,0,89,116
4,1 12 13 17,3,a01 a13 a17,0,0,0,0,99,116
4,1 12 13 17,3,a12 a13 a17,0,0,0,0,98,116
4,1 12 13 17,4,a01 a12 a13 a17,0,0,0,0,108,116
4,1 12 13 18,0,,1,1,1,0,0,58
4,1 12 13 18,1,a01,1,1,1,0,19,58
4,1 12 13 18,1,a12,0,0,0,0,19,58
4,1 12 13 18,2,a01 a12,0,0,0,0,38,58
4,1 12 13 18,1,a13,0,0,0,0,19,58
4,1 12 13 18,2,a01 a13,0,0,0,0,38,58
4,1 12 13 18,2,a12 a13,0,0,0,0,26,58
4,1 12 13 18,3,a01 a12 a13,0,0,0,0,45,58
4,1 12 13 18,1,a18,1,1,1,0,19,58
4,1 12 13 18,2,a01 a18,1,1,1,0,26,58
4,1 12 13 18,2,a12 a18,0,0,0,0,38,58
4,1 12 13 18,3,a01 a12 a18,0,0,0,0,45,58
4,1 12 13 18,2,a13 a18,0,0,0,0,38,58
4,1 12 13 18,3,a01 a13 a18,0,0,0,0,45,58
4,1 12 13 18,3,a12 a13 a18,0,0,0,0,45,58
4,1 12 13 18,4,a01 a12 a13 a18,0,0,0,0,52,58
4,1 12 13 19,0,,1,1,1,0,0,116
4,1 12 13 19,1,a01,1,1,1,0,48,116
4,1 12 13 19,1,a12,0,0,0,0,64,116
4,1 12 13 19,2,a01 a12,0,0,0,0,90,116
4,1 12 13 19,1,a13,0,0,0,0,25,116
4,1 12 13 19,2,a01 a13,0,0,0,0,73,116
4,1 12 13 19,2,a12 a13,0,0,0,0,73,116
4,1 12 13 19,3,a01 a12 a13,0,0,0,0,99,116
4,1 12 13 19,1,a19,1,1,1,0,62,116
4,1 12 13 19,2,a01 a19,1,1,1,0,73,116
4,1 12 13 19,2,a12 a19,0,0,0,0,89,116
4,1 12 13 19,3,a01 a12 a19,0,0,0,0,99,116
4,1 12 13 19,2,a13 a19,0,0,0,0,87,116
4,1 12 13 19,3,a01 a13 a19,0,0,0,0,98,116
4,1 12 13 19,3,a12 a13 a19,0,0,0,0,98,116
4,1 12 13 19,4,a01 a12 a13 a19,0,0,0,0,108,116
4,1 12 13 20,0,,1,1,1,0,0,116
4,1 12 13 20,1,a01,1,1,1,0,48,116
4,1 12 13 20,1,a12,0,0,0,0,25,116
4,1 12 13 20,2,a01 a12,0,0,0,0,73,116
4,1 12 13 20,1,a13,0,0,0,0,64,116
4,1 12 13 20,2,a01 a13,0,0,0,0,90,116
4,1 12 13 20,2,a12 a13,0,0,0,0,73,116
4,1 12 13 20,3,a01 a12 a13,0,0,0,0,99,116
4,1 12 13 20,1,a20,1,1,1,0,62,116
4,1 12 13 20,2,a01 a20,1,1,1,0,73,116
4,1 12 13 20,2,a12 a20,0,0,0,0,87,116
4,1 12 13 20,3,a01 a12 a20,0,0,0,0,98,116
4,1 12 13 20,2,a13 a20,0,0,0,0,89,116
4,1 12 13 20,3,a01 a13 a20,0,0,0,0,99,116
4,1 12 13 20,3,a12 a13 a20,0,0,0,0,98,116
4,1 12 13 20,4,a01 a12 a13 a20,0,0,0,0,108,116
4,1 12 13 21,0,,1,1,1,0,0,58
4,1 12 13 21,1,a01,1,1,1,0,19,58
4,1 12 13 21,1,a12,0,0,0,0,19,58
4,1 12 13 21,2,a01 a12,0,0,0,0,38,58
4,1 12 13 21,1,a13,0,0,0,0,19,58
4,1 12 13 21,2,a01 a13,0,0,0,0,38,58
4,1 12 13 21,2,a12 a13,0,0,0,0,26,58
4,1 12 13 21,3,a01 a12 a13,0,0,0,0,45,58
4,1 12 13 21,1,a21,1,1,1,0,19,58
4,1 12 13 21,2,a01 a21,1,1,1,0,26,58
4,1 12 13 21,2,a12 a21,0,0,0,0,38,58
4,1 12 13 21,3,a01 a12 a21,0,0,0,0,45,58
4,1 12 13 21,2,a13 a21,0,0,0,0,38,58
4,1 12 13 21,3,a01 a13 a21,0,0,0,0,45,58
4,1 12 13 21,3,a12 a13 a21,0,0,0,0,45,58
4,1 12 13 21,4,a01 a12 a13 a21,0,0,0,0,52,58
4,1 12 13 22,0,,1,1,1,0,0,116
4,1 12 13 22,1,a01,1,1,1,0,48,116
4,1 12 13 22,1,a12,0,0,0,0,64,116
4,1 12 13 22,2,a01 a12,0,0,0,0,90,116
4,1 12 13 22,1,a13,0,0,0,0,25,116
4,1 12 13 22,2,a01 a13,0,0,0,0,73,116
4,1 12 13 22,2,a12 a13,0,0,0,0,73,116
4,1 12 13 22,3,a01 a12 a13,0,0,0,0,99,116
4,1 12 13 22,1,a22,1,1,1,0,62,116
4,1 12 13 22,2,a01 a22,1,1,1,0,73,116
4,1 12 13 22,2,a12 a22,0,0,0,0,89,116
4,1 12 13 22,3,a01 a12 a22,0,0,0,0,99,116
4,1 12 13 22,2,a13 a22,0,0,0,0,87,116
4,1 12 13 22,3,a01 a13 a22,0,0,0,0,98,116
4,1 12 13 22,3,a12 a13 a22,0,0,0,0,98,116
4,1 12 13 22,4,a01 a12 a13 a22,0,0,0,0,108,116
4,1 12 13 23,0,,1,1,1,0,0,58
4,1 12 13 23,1,a01,1,1,1,0,7,58
4,1 12 13 23,1,a12,0,0,0,0,19,58
4,1 12 13 23,2,a01 a12,0,0,0,0,26,58
4,1 12 13 23,1,a13,0,0,0,0,31,58
4,1 12 13 23,2,a01 a13,0,0,0,0,38,58
4,1 12 13 23,2,a12 a13,0,0,0,0,38,58
4,1 12 13 23,3,a01 a12 a13,0,0,0,0,45,58
4,1 12 13 23,1,a23,1,1,1,0,19,58
4,1 12 13 23,2,a01 a23,1,1,1,0,26,58
4,1 12 13 23,2,a12 a23,0,0,0,0,38,58
4,1 12 13 23,3,a01 a12 a23,0,0,0,0,45,58
4,1 12 13 23,2,a13 a23,0,0,0,0,38,58
4,1 12 13 23,3,a01 a13 a23,0,0,0,0,45,58
4,1 12 13 23,3,a12 a13 a23,0,0,0,0,45,58
4,1 12 13 23,4,a01 a12 a13 a23,0,0,0,0,52,58
4,1 12 13 24,0,,1,1,1,0,0,39
4,1 12 13 24,1,a01,1,1,1,0,6,39
4,1 12 13 24,1,a12,0,0,0,0,16,39
4,1 12 13 24,2,a01 a12,0,0,0,0,22,39
4,1 12 13 24,1,a13,0,0,0,0,16,39
4,1 12 13 24,2,a01 a13,0,0,0,0,22,39
4,1 12 13 24,2,a12 a13,0,0,0,0,22,39
4,1 12 13 24,3,a01 a12 a13,0,0,0,0,28,39
4,1 12 13 24,1,a24,1,1,1,0,6,39
4,1 12 13 24,2,a01 a24,1,1,1,0,12,39
4,1 12 13 24,2,a12 a24,0,0,0,0,22,39
4,1 12 13 24,3,a01 a12 a24,0,0,0,0,28,39
4,1 12 13 24,2,a13 a24,0,0,0,0,22,39
4,1 12 13 24,3,a01 a13 a24,0,0,0,0,28,39
4,1 12 13 24,3,a12 a13 a24,0,0,0,0,28,39
4,1 12 13 24,4,a01 a12 a13 a24,0,0,0,0,34,39
4,1 12 13 25,0,,1,1,1,0,0,58
4,1 12 13 25,1,a01,1,1,1,0,7,58
4,1 12 13 25,1,a12,0,0,0,0,31,58
4,1 12 13 25,2,a01 a12,0,0,0,0,38,58
4,1 12 13 25,1,a13,0,0,0,0,19,58
4,1 12 13 25,2,a01 a13,0,0,0,0,26,58
4,1 12 13 25,2,a12 a13,0,0,0,0,38,58
4,1 12 13 25,3,a01 a12 a13,0,0,0,0,45,58
4,1 12 13 25,1,a25,1,1,1,0,19,58
4,1 12 13 25,2,a01 a25,1,1,1,0,26,58
4,1 12 13 25,2,a12 a25,0,0,0,0,38,58
4,1 12 13 25,3,a01 a12 a25,0,0,0,0,45,58
4,1 12 13 25,2,a13 a25,0,0,0,0,38,58
4,1 12 13 25,3,a01 a13 a25,0,0,0,0,45,58
4,1 12 13 25,3,a12 a13 a25,0,0,0,0,45,58
4,1 12 13 25,4,a01 a12 a13 a25,0,0,0,0,52,58
4,1 12 15 18,0,,1,1,1,0,0,132
4,1 12 15 18,1,a01,0,0,0,0,77,132
4,1 12 15 18,1,a12,1,1,1,0,9,132
4,1 12 15 18,2,a01 a12,0,0,0,0,86,132
4,1 12 15 18,1,a15,0,0,0,0,85,132
4,1 12 15 18,2,a01 a15,0,0,0,0,104,132
4,1 12 15 18,2,a12 a15,0,0,0,0,94,132
4,1 12 15 18,3,a01 a12 a15,0,0,0,0,113,132
4,1 12 15 18,1,a18,0,0,0,0,77,132
4,1 12 15 18,2,a01 a18,0,0,0,0,103,132
4,1 12 15 18,2,a12 a18,0,0,0,0,86,132
4,1 12 15 18,3,a01 a12 a18,0,0,0,0,112,132
4,1 12 15 18,2,a15 a18,0,0,0,0,104,132
4,1 12 15 18,3,a01 a15 a18,0,0,0,0,114,132
4,1 12 15 18,3,a12 a15 a18,0,0,0,0,113,132
4,1 12 15 18,4,a01 a12 a15 a18,0,0,0,0,123,132
4,1 12 15 19,0,,1,1,1,0,0,364
4,1 12 15 19,1,a01,0,0,0,0,218,364
4,1 12 15 19,1,a12,0,0,0,0,175,364
4,1 12 15 19,2,a01 a12,0,0,0,0,294,364
4,1 12 15 19,1,a15,0,0,0,0,253,364
4,1 12 15 19,2,a01 a15,0,0,0,0,295,364
4,1 12 15 19,2,a12 a15,0,0,0,0,306,364
4,1 12 15 19,3,a01 a12 a15,0,0,0,0,335,364
4,1 12 15 19,1,a19,0,0,0,0,268,364
4,1 12 15 19,2,a01 a19,0,0,0,0,313,364
4,1 12 15 19,2,a12 a19,0,0,0,0,292,364
4,1 12 15 19,3,a01 a12 a19,0,0,0,0,332,364
4,1 12 15 19,2,a15 a19,0,0,0,0,316,364
4,1 12 15 19,3,a01 a15 a19,0,0,0,0,333,364
4,1 12 15 19,3,a12 a15 a19,0,0,0,0,333,364
4,1 12 15 19,4,a01 a12 a15 a19,0,0,0,0,349,364
4,1 12 15 21,0,,1,1,1,0,0,88
4,1 12 15 21,1,a01,0,0,0,0,54,88
4,1 12 15 21,1,a12,1,1,1,0,8,88
4,1 12 15 21,2,a01 a12,0,0,0,0,62,88
4,1 12 15 21,1,a15,0,0,0,0,42,88
4,1 12 15 21,2,a01 a15,0,0,0,0,64,88
4,1 12 15 21,2,a12 a15,0,0,0,0,50,88
4,1 12 15 21,3,a01 a12 a15,0,0,0,0,72,88
4,1 12 15 21,1,a21,0,0,0,0,42,88
4,1 12 15 21,2,a01 a21,0,0,0,0,64,88
4,1 12 15 21,2,a12 a21,0,0,0,0,50,88
4,1 12 15 21,3,a01 a12 a21,0,0,0,0,72,88
4,1 12 15 21,2,a15 a21,0,0,0,0,65,88
4,1 12 15 21,3,a01 a15 a21,0,0,0,0,73,88
4,1 12 15 21,3,a12 a15 a21,0,0,0,0,73,88
4,1 12 15 21,4,a01 a12 a15 a21,0,0,0,0,81,88
4,1 12 15 22,0,,1,1,1,0,0,214
4,1 12 15 22,1,a01,0,0,0,0,142,214
4,1 12 15 22,1,a12,0,0,0,0,98,214
4,1 12 15 22,2,a01 a12,0,0,0,0,177,214
4,1 12 15 22,1,a15,0,0,0,0,98,214
4,1 12 15 22,2,a01 a15,0,0,0,0,158,214
4,1 12 15 22,2,a12 a15,0,0,0,0,159,214
4,1 12 15 22,3,a01 a12 a15,0,0,0,0,191,214
4,1 12 15 22,1,a22,0,0,0,0,142,214
4,1 12 15 22,2,a01 a22,0,0,0,0,176,214
4,1 12 15 22,2,a12 a22,0,0,0,0,158,214
4,1 12 15 22,3,a01 a12 a22,0,0,0,0,190,214
4,1 12 15 22,2,a15 a22,0,0,0,0,177,214
4,1 12 15 22,3,a01 a15 a22,0,0,0,0,190,214
4,1 12 15 22,3,a12 a15 a22,0,0,0,0,191,214
4,1 12 15 22,4,a01 a12 a15 a22,0,0,0,0,203,214
4,1 12 16 18,0,,1,1,1,0,0,472
4,1 12 16 18,1,a01,0,0,0,0,310,472
4,1 12 16 18,1,a12,0,0,0,0,276,472
4,1 12 16 18,2,a01 a12,0,0,0,0,393,472
4,1 12 16 18,1,a16,0,0,0,0,378,472
4,1 12 16 18,2,a01 a16,0,0,0,0,416,472
4,1 12 16 18,2,a12 a16,0,0,0,0,405,472
4,1 12 16 18,3,a01 a12 a16,0,0,0,0,436,472
4,1 12 16 18,1,a18,0,0,0,0,310,472
4,1 12 16 18,2,a01 a18,0,0,0,0,390,472
4,1 12 16 18,2,a12 a18,0,0,0,0,393,472
4,1 12 16 18,3,a01 a12 a18,0,0,0,0,436,472
4,1 12 16 18,2,a16 a18,0,0,0,0,416,472
4,1 12 16 18,3,a01 a16 a18,0,0,0,0,434,472
4,1 12 16 18,3,a12 a16 a18,0,0,0,0,436,472
4,1 12 16 18,4,a01 a12 a16 a18,0,0,0,0,453,472
4,1 12 16 19,0,,1,1,1,0,0,606
4,1 12 16 19,1,a01,0,0,0,0,375,606
4,1 12 16 19,1,a12,0,0,0,0,453,606
4,1 12 16 19,2,a01 a12,0,0,0,0,531,606
4,1 12 16 19,1,a16,0,0,0,0,461,606
4,1 12 16 19,2,a01 a16,0,0,0,0,516,606
4,1 12 16 19,2,a12 a16,0,0,0,0,531,606
4,1 12 16 19,3,a01 a12 a16,0,0,0,0,565,606
4,1 12 16 19,1,a19,0,0,0,0,420,606
4,1 12 16 19,2,a01 a19,0,0,0,0,514,606
4,1 12 16 19,2,a12 a19,0,0,0,0,517,606
4,1 12 16 19,3,a01 a12 a19,0,0,0,0,564,606
4,1 12 16 19,2,a16 a19,0,0,0,0,539,606
4,1 12 16 19,3,a01 a16 a19,0,0,0,0,562,606
4,1 12 16 19,3,a12 a16 a19,0,0,0,0,564,606
4,1 12 16 19,4,a01 a12 a16 a19,0,0,0,0,583,606
4,1 12 16 21,0,,1,1,1,0,0,214
4,1 12 16 21,1,a01,0,0,0,0,142,214
4,1 12 16 21,1,a12,0,0,0,0,98,214
4,1 12 16 21,2,a01 a12,0,0,0,0,177,214
4,1 12 16 21,1,a16,0,0,0,0,142,214
4,1 12 16 21,2,a01 a16,0,0,0,0,176,214
4,1 12 16 21,2,a12 a16,0,0,0,0,158,214
4,1 12 16 21,3,a01 a12 a16,0,0,0,0,190,214
4,1 12 16 21,1,a21,0,0,0,0,98,214
4,1 12 16 21,2,a01 a21,0,0,0,0,158,214
4,1 12 16 21,2,a12 a21,0,0,0,0,159,214
4,1 12 16 21,3,a01 a12 a21,0,0,0,0,191,214
4,1 12 16 21,2,a16 a21,0,0,0,0,177,214
4,1 12 16 21,3,a01 a16 a21,0,0,0,0,190,214
4,1 12 16 21,3,a12 a16 a21,0,0,0,0,191,214
4,1 12 16 21,4,a01 a12 a16 a21,0,0,0,0,203,214
4,1 12 16 22,0,,1,1,1,0,0,364
4,1 12 16 22,1,a01,0,0,0,0,251,364
4,1 12 16 22,1,a12,0,0,0,0,232,364
4,1 12 16 22,2,a01 a12,0,0,0,0,317,364
4,1 12 16 22,1,a16,0,0,0,0,216,364
4,1 12 16 22,2,a01 a16,0,0,0,0,292,364
4,1 12 16 22,2,a12 a16,0,0,0,0,294,364
4,1 12 16 22,3,a01 a12 a16,0,0,0,0,333,364
4,1 12 16 22,1,a22,0,0,0,0,216,364
4,1 12 16 22,2,a01 a22,0,0,0,0,292,364
4,1 12 16 22,2,a12 a22,0,0,0,0,294,364
4,1 12 16 22,3,a01 a12 a22,0,0,0,0,333,364
4,1 12 16 22,2,a16 a22,0,0,0,0,314,364
4,1 12 16 22,3,a01 a16 a22,0,0,0,0,331,364
4,1 12 16 22,3,a12 a16 a22,0,0,0,0,333,364
4,1 12 16 22,4,a01 a12 a16 a22,0,0,0,0,348,364
4,1 13 14 17,0,,1,1,1,0,0,606
4,1 13 14 17,1,a01,0,0,0,0,375,606
4,1 13 14 17,1,a13,0,0,0,0,453,606
4,1 13 14 17,2,a01 a13,0,0,0,0,531,606
4,1 13 14 17,1,a14,0,0,0,0,461,606
4,1 13 14 17,2,a01 a14,0,0,0,0,516,606
4,1 13 14 17,2,a13 a14,0,0,0,0,531,606
4,1 13 14 17,3,a01 a13 a14,0,0,0,0,565,606
4,1 13 14 17,1,a17,0,0,0,0,420,606
4,1 13 14 17,2,a01 a17,0,0,0,0,514,606
4,1 13 14 17,2,a13 a17,0,0,0,0,517,606
4,1 13 14 17,3,a01 a13 a17,0,0,0,0,564,606
4,1 13 14 17,2,a14 a17,0,0,0,0,539,606
4,1 13 14 17,3,a01 a14 a17,0,0,0,0,562,606
4,1 13 14 17,3,a13 a14 a17,0,0,0,0,564,606
4,1 13 14 17,4,a01 a13 a14 a17,0,0,0,0,583,606
4,1 13 14 18,0,,1,1,1,0,0,472
4,1 13 14 18,1,a01,0,0,0,0,310,472
4,1 13 14 18,1,a13,0,0,0,0,276,472
4,1 13 14 18,2,a01 a13,0,0,0,0,393,472
4,1 13 14 18,1,a14,0,0,0,0,378,472
4,1 13 14 18,2,a01 a14,0,0,0,0,416,472
4,1 13 14 18,2,a13 a14,0,0,0,0,405,472
4,1 13 14 18,3,a01 a13 a14,0,0,0,0,436,472
4,1 13 14 18,1,a18,0,0,0,0,310,472
4,1 13 14 18,2,a01 a18,0,0,0,0,390,472
4,1 13 14 18,2,a13 a18,0,0,0,0,393,472
4,1 13 14 18,3,a01 a13 a18,0,0,0,0,436,472
4,1 13 14 18,2,a14 a18,0,0,0,0,416,472
4,1 13 14 18,3,a01 a14 a18,0,0,0,0,434,472
4,1 13 14 18,3,a13 a14 a18,0,0,0,0,436,472
4,1 13 14 18,4,a01 a13 a14 a18,0,0,0,0,453,472
4,1 13 14 20,0,,1,1,1,0,0,364
4,1 13 14 20,1,a01,0,0,0,0,251,364
4,1 13 14 20,1,a13,0,0,0,0,232,364
4,1 13 14 20,2,a01 a13,0,0,0,0,317,364
4,1 13 14 20,1,a14,0,0,0,0,216,364
4,1 13 14 20,2,a01 a14,0,0,0,0,292,364
4,1 13 14 20,2,a13 a14,0,0,0,0,294,364
4,1 13 14 20,3,a01 a13 a14,0,0,0,0,333,364
4,1 13 14 20,1,a20,0,0,0,0,216,364
4,1 13 14 20,2,a01 a20,0,0,0,0,292,364
4,1 13 14 20,2,a13 a20,0,0,0,0,294,364
4,1 13 14 20,3,a01 a13 a20,0,0,0,0,333,364
4,1 13 14 20,2,a14 a20,0,0,0,0,314,364
4,1 13 14 20,3,a01 a14 a20,0,0,0,0,331,364
4,1 13 14 20,3,a13 a14 a20,0,0,0,0,333,364
4,1 13 14 20,4,a01 a13 a14 a20,0,0,0,0,348,364
4,1 13 14 21,0,,1,1,1,0,0,214
4,1 13 14 21,1,a01,0,0,0,0,142,214
4,1 13 14 21,1,a13,0,0,0,0,98,214
4,1 13 14 21,2,a01 a13,0,0,0,0,177,214
4,1 13 14 21,1,a14,0,0,0,0,142,214
4,1 13 14 21,2,a01 a14,0,0,0,0,176,214
4,1 13 14 21,2,a13 a14,0,0,0,0,158,214
4,1 13 14 21,3,a01 a13 a14,0,0,0,0,190,214
4,1 13 14 21,1,a21,0,0,0,0,98,214
4,1 13 14 21,2,a01 a21,0,0,0,0,158,214
4,1 13 14 21,2,a13 a21,0,0,0,0,159,214
4,1 13 14 21,3,a01 a13 a21,0,0,0,0,191,214
4,1 13 14 21,2,a14 a21,0,0,0,0,177,214
4,1 13 14 21,3,a01 a14 a21,0,0,0,0,190,214
4,1 13 14 21,3,a13 a14 a21,0,0,0,0,191,214
4,1 13 14 21,4,a01 a13 a14 a21,0,0,0,0,203,214
4,1 13 15 17,0,,1,1,1,0,0,364
4,1 13 15 17,1,a01,0,0,0,0,218,364
4,1 13 15 17,1,a13,0,0,0,0,175,364
4,1 13 15 17,2,a01 a13,0,0,0,0,294,364
4,1 13 15 17,1,a15,0,0,0,0,253,364
4,1 13 15 17,2,a01 a15,0,0,0,0,295,364
4,1 13 15 17,2,a13 a15,0,0,0,0,306,364
4,1 13 15 17,3,a01 a13 a15,0,0,0,0,335,364
4,1 13 15 17,1,a17,0,0,0,0,268,364
4,1 13 15 17,2,a01 a17,0,0,0,0,313,364
4,1 13 15 17,2,a13 a17,0,0,0,0,292,364
4,1 13 15 17,3,a01 a13 a17,0,0,0,0,332,364
4,1 13 15 17,2,a15 a17,0,0,0,0,316,364
4,1 13 15 17,3,a01 a15 a17,0,0,0,0,333,364
4,1 13 15 17,3,a13 a15 a17,0,0,0,0,333,364
4,1 13 15 17,4,a01 a13 a15 a17,0,0,0,0,349,364
4,1 13 15 18,0,,1,1,1,0,0,132
4,1 13 15 18,1,a01,0,0,0,0,77,132
4,1 13 15 18,1,a13,1,1,1,0,9,132
4,1 13 15 18,2,a01 a13,0,0,0,0,86,132
4,1 13 15 18,1,a15,0,0,0,0,85,132
4,1 13 15 18,2,a01 a15,0,0,0,0,104,132
4,1 13 15 18,2,a13 a15,0,0,0,0,94,132
4,1 13 15 18,3,a01 a13 a15,0,0,0,0,113,132
4,1 13 15 18,1,a18,0,0,0,0,77,132
4,1 13 15 18,2,a01 a18,0,0,0,0,103,132
4,1 13 15 18,2,a13 a18,0,0,0,0,86,132
4,1 13 15 18,3,a01 a13 a18,0,0,0,0,112,132
4,1 13 15 18,2,a15 a18,0,0,0,0,104,132
4,1 13 15 18,3,a01 a15 a18,0,0,0,0,114,132
4,1 13 15 18,3,a13 a15 a18,0,0,0,0,113,132
4,1 13 15 18,4,a01 a13 a15 a18,0,0,0,0,123,132
4,1 13 15 20,0,,1,1,1,0,0,214
4,1 13 15 20,1,a01,0,0,0,0,142,214
4,1 13 15 20,1,a13,0,0,0,0,98,214
4,1 13 15 20,2,a01 a13,0,0,0,0,177,214
4,1 13 15 20,1,a15,0,0,0,0,98,214
4,1 13 15 20,2,a01 a15,0,0,0,0,158,214
4,1 13 15 20,2,a13 a15,0,0,0,0,159,214
4,1 13 15 20,3,a01 a13 a15,0,0,0,0,191,214
4,1 13 15 20,1,a20,0,0,0,0,142,214
4,1 13 15 20,2,a01 a20,0,0,0,0,176,214
4,1 13 15 20,2,a13 a20,0,0,0,0,158,214
4,1 13 15 20,3,a01 a13 a20,0,0,0,0,190,214
4,1 13 15 20,2,a15 a20,0,0,0,0,177,214
4,1 13 15 20,3,a01 a15 a20,0,0,0,0,190,214
4,1 13 15 20,3,a13 a15 a20,0,0,0,0,191,214
4,1 13 15 20,4,a01 a13 a15 a20,0,0,0,0,203,214
4,1 13 15 21,0,,1,1,1,0,0,88
4,1 13 15 21,1,a01,0,0,0,0,54,88
4,1 13 15 21,1,a13,1,1,1,0,8,88
4,1 13 15 21,2,a01 a13,0,0,0,0,62,88
4,1 13 15 21,1,a15,0,0,0,0,42,88
4,1 13 15 21,2,a01 a15,0,0,0,0,64,88
4,1 13 15 21,2,a13 a15,0,0,0,0,50,88
4,1 13 15 21,3,a01 a13 a15,0,0,0,0,72,88
4,1 13 15 21,1,a21,0,0,0,0,42,88
4,1 13 15 21,2,a01 a21,0,0,0,0,64,88
4,1 13 15 21,2,a13 a21,0,0,0,0,50,88
4,1 13 15 21,3,a01 a13 a21,0,0,0,0,72,88
4,1 13 15 21,2,a15 a21,0,0,0,0,65,88
4,1 13 15 21,3,a01 a15 a21,0,0,0,0,73,88
4,1 13 15 21,3,a13 a15 a21,0,0,0,0,73,88
4,1 13 15 21,4,a01 a13 a15 a21,0,0,0,0,81,88
4,1 14 15 18,0,,1,1,1,0,0,364
4,1 14 15 18,1,a01,0,0,0,0,253,364
4,1 14 15 18,1,a14,1,1,1,0,173,364
4,1 14 15 18,2,a01 a14,0,0,0,0,293,364
4,1 14 15 18,1,a15,0,0,0,0,185,364
4,1 14 15 18,2,a01 a15,0,0,0,0,294,364
4,1 14 15 18,2,a14 a15,0,0,0,0,304,364
4,1 14 15 18,3,a01 a14 a15,0,0,0,0,333,364
4,1 14 15 18,1,a18,0,0,0,0,253,364
4,1 14 15 18,2,a01 a18,0,0,0,0,316,364
4,1 14 15 18,2,a14 a18,0,0,0,0,293,364
4,1 14 15 18,3,a01 a14 a18,0,0,0,0,332,364
4,1 14 15 18,2,a15 a18,0,0,0,0,294,364
4,1 14 15 18,3,a01 a15 a18,0,0,0,0,333,364
4,1 14 15 18,3,a14 a15 a18,0,0,0,0,333,364
4,1 14 15 18,4,a01 a14 a15 a18,0,0,0,0,348,364
4,1 14 15 21,0,,1,1,1,0,0,157
4,1 14 15 21,1,a01,0,0,0,0,112,157
4,1 14 15 21,1,a14,1,1,1,0,54,157
4,1 14 15 21,2,a01 a14,0,0,0,0,124,157
4,1 14 15 21,1,a15,0,0,0,0,54,157
4,1 14 15 21,2,a01 a15,0,0,0,0,124,157
4,1 14 15 21,2,a14 a15,0,0,0,0,108,157
4,1 14 15 21,3,a01 a14 a15,0,0,0,0,136,157
4,1 14 15 21,1,a21,0,0,0,0,80,157
4,1 14 15 21,2,a01 a21,0,0,0,0,126,157
4,1 14 15 21,2,a14 a21,0,0,0,0,109,157
4,1 14 15 21,3,a01 a14 a21,0,0,0,0,137,157
4,1 14 15 21,2,a15 a21,0,0,0,0,109,157
4,1 14 15 21,3,a01 a15 a21,0,0,0,0,137,157
4,1 14 15 21,3,a14 a15 a21,0,0,0,0,138,157
4,1 14 15 21,4,a01 a14 a15 a21,0,0,0,0,148,157
4,1 14 16 18,0,,1,1,1,0,0,1581
4,1 14 16 18,1,a01,0,0,0,0,1474,1581
4,1 14 16 18,1,a14,0,0,0,0,1474,1581
4,1 14 16 18,2,a01 a14,0,0,0,0,1505,1581
4,1 14 16 18,1,a16,0,0,0,0,1474,1581
4,1 14 16 18,2,a01 a16,0,0,0,0,1505,1581
4,1 14 16 18,2,a14 a16,0,0,0,0,1499,1581
4,1 14 16 18,3,a01 a14 a16,0,0,0,0,1516,1581
4,1 14 16 18,1,a18,0,0,0,0,1474,1581
4,1 14 16 18,2,a01 a18,0,0,0,0,1499,1581
4,1 14 16 18,2,a14 a18,0,0,0,0,1505,1581
4,1 14 16 18,3,a01 a14 a18,0,0,0,0,1516,1581
4,1 14 16 18,2,a16 a18,0,0,0,0,1505,1581
4,1 14 16 18,3,a01 a16 a18,0,0,0,0,1516,1581
4,1 14 16 18,3,a14 a16 a18,0,0,0,0,1516,1581
4,1 14 16 18,4,a01 a14 a16 a18,0,0,0,0,1524,1581
4,1 14 16 21,0,,1,1,1,0,0,472
4,1 14 16 21,1,a01,0,0,0,0,378,472
4,1 14 16 21,1,a14,0,0,0,0,310,472
4,1 14 16 21,2,a01 a14,0,0,0,0,416,472
4,1 14 16 21,1,a16,0,0,0,0,310,472
4,1 14 16 21,2,a01 a16,0,0,0,0,416,472
4,1 14 16 21,2,a14 a16,0,0,0,0,390,472
4,1 14 16 21,3,a01 a14 a16,0,0,0,0,434,472
4,1 14 16 21,1,a21,0,0,0,0,276,472
4,1 14 16 21,2,a01 a21,0,0,0,0,405,472
4,1 14 16 21,2,a14 a21,0,0,0,0,393,472
4,1 14 16 21,3,a01 a14 a21,0,0,0,0,436,472
4,1 14 16 21,2,a16 a21,0,0,0,0,393,472
4,1 14 16 21,3,a01 a16 a21,0,0,0,0,436,472
4,1 14 16 21,3,a14 a16 a21,0,0,0,0,436,472
4,1 14 16 21,4,a01 a14 a16 a21,0,0,0,0,453,472
4,1 15 16 18,0,,1,1,1,0,0,364
4,1 15 16 18,1,a01,0,0,0,0,253,364
4,1 15 16 18,1,a15,0,0,0,0,185,364
4,1 15 16 18,2,a01 a15,0,0,0,0,294,364
4,1 15 16 18,1,a16,1,1,1,0,173,364
4,1 15 16 18,2,a01 a16,0,0,0,0,293,364
4,1 15 16 18,2,a15 a16,0,0,0,0,304,364
4,1 15 16 18,3,a01 a15 a16,0,0,0,0,333,364
4,1 15 16 18,1,a18,0,0,0,0,253,364
4,1 15 16 18,2,a01 a18,0,0,0,0,316,364
4,1 15 16 18,2,a15 a18,0,0,0,0,294,364
4,1 15 16 18,3,a01 a15 a18,0,0,0,0,333,364
4,1 15 16 18,2,a16 a18,0,0,0,0,293,364
4,1 15 16 18,3,a01 a16 a18,0,0,0,0,332,364
4,1 15 16 18,3,a15 a16 a18,0,0,0,0,333,364
4,1 15 16 18,4,a01 a15 a16 a18,0,0,0,0,348,364
4,1 15 16 21,0,,1,1,1,0,0,157
4,1 15 16 21,1,a01,0,0,0,0,112,157
4,1 15 16 21,1,a15,0,0,0,0,54,157
4,1 15 16 21,2,a01 a15,0,0,0,0,124,157
4,1 15 16 21,1,a16,1,1,1,0,54,157
4,1 15 16 21,2,a01 a16,0,0,0,0,124,157
4,1 15 16 21,2,a15 a16,0,0,0,0,108,157
4,1 15 16 21,3,a01 a15 a16,0,0,0,0,136,157
4,1 15 16 21,1,a21,0,0,0,0,80,157
4,1 15 16 21,2,a01 a21,0,0,0,0,126,157
4,1 15 16 21,2,a15 a21,0,0,0,0,109,157
4,1 15 16 21,3,a01 a15 a21,0,0,0,0,137,157
4,1 15 16 21,2,a16 a21,0,0,0,0,109,157
4,1 15 16 21,3,a01 a16 a21,0,0,0,0,137,157
4,1 15 16 21,3,a15 a16 a21,0,0,0,0,138,157
4,1 15 16 21,4,a01 a15 a16 a21,0,0,0,0,148,157
4,1 15 17 18,0,,1,1,1,0,0,279
4,1 15 17 18,1,a01,0,0,0,0,180,279
4,1 15 17 18,1,a15,0,0,0,0,202,279
4,1 15 17 18,2,a01 a15,0,0,0,0,240,279
4,1 15 17 18,1,a17,1,1,1,0,107,279
4,1 15 17 18,2,a01 a17,0,0,0,0,215,279
4,1 15 17 18,2,a15 a17,0,0,0,0,227,279
4,1 15 17 18,3,a01 a15 a17,0,0,0,0,253,279
4,1 15 17 18,1,a18,0,0,0,0,107,279
4,1 15 17 18,2,a01 a18,0,0,0,0,215,279
4,1 15 17 18,2,a15 a18,0,0,0,0,227,279
4,1 15 17 18,3,a01 a15 a18,0,0,0,0,253,279
4,1 15 17 18,2,a17 a18,0,0,0,0,214,279
4,1 15 17 18,3,a01 a17 a18,0,0,0,0,250,279
4,1 15 17 18,3,a15 a17 a18,0,0,0,0,252,279
4,1 15 17 18,4,a01 a15 a17 a18,0,0,0,0,266,279
4,1 15 17 19,0,,1,1,1,0,0,769
4,1 15 17 19,1,a01,0,0,0,0,552,769
4,1 15 17 19,1,a15,0,0,0,0,628,769
4,1 15 17 19,2,a01 a15,0,0,0,0,685,769
4,1 15 17 19,1,a17,0,0,0,0,508,769
4,1 15 17 19,2,a01 a17,0,0,0,0,664,769
4,1 15 17 19,2,a15 a17,0,0,0,0,684,769
4,1 15 17 19,3,a01 a15 a17,0,0,0,0,721,769
4,1 15 17 19,1,a19,0,0,0,0,508,769
4,1 15 17 19,2,a01 a19,0,0,0,0,664,769
4,1 15 17 19,2,a15 a19,0,0,0,0,684,769
4,1 15 17 19,3,a01 a15 a19,0,0,0,0,721,769
4,1 15 17 19,2,a17 a19,0,0,0,0,661,769
4,1 15 17 19,3,a01 a17 a19,0,0,0,0,716,769
4,1 15 17 19,3,a15 a17 a19,0,0,0,0,720,769
4,1 15 17 19,4,a01 a15 a17 a19,0,0,0,0,741,769
4,1 15 17 21,0,,1,1,1,0,0,214
4,1 15 17 21,1,a01,0,0,0,0,144,214
4,1 15 17 21,1,a15,0,0,0,0,136,214
4,1 15 17 21,2,a01 a15,0,0,0,0,179,214
4,1 15 17 21,1,a17,1,1,1,0,97,214
4,1 15 17 21,2,a01 a17,0,0,0,0,176,214
4,1 15 17 21,2,a15 a17,0,0,0,0,159,214
4,1 15 17 21,3,a01 a15 a17,0,0,0,0,191,214
4,1 15 17 21,1,a21,0,0,0,0,60,214
4,1 15 17 21,2,a01 a21,0,0,0,0,157,214
4,1 15 17 21,2,a15 a21,0,0,0,0,168,214
4,1 15 17 21,3,a01 a15 a21,0,0,0,0,191,214
4,1 15 17 21,2,a17 a21,0,0,0,0,157,214
4,1 15 17 21,3,a01 a17 a21,0,0,0,0,189,214
4,1 15 17 21,3,a15 a17 a21,0,0,0,0,191,214
4,1 15 17 21,4,a01 a15 a17 a21,0,0,0,0,203,214
4,1 15 17 22,0,,1,1,1,0,0,606
4,1 15 17 22,1,a01,0,0,0,0,461,606
4,1 15 17 22,1,a15,0,0,0,0,453,606
4,1 15 17 22,2,a01 a15,0,0,0,0,531,606
4,1 15 17 22,1,a17,0,0,0,0,420,606
4,1 15 17 22,2,a01 a17,0,0,0,0,539,606
4,1 15 17 22,2,a15 a17,0,0,0,0,517,606
4,1 15 17 22,3,a01 a15 a17,0,0,0,0,564,606
4,1 15 17 22,1,a22,0,0,0,0,375,606
4,1 15 17 22,2,a01 a22,0,0,0,0,516,606
4,1 15 17 22,2,a15 a22,0,0,0,0,531,606
4,1 15 17 22,3,a01 a15 a22,0,0,0,0,565,606
4,1 15 17 22,2,a17 a22,0,0,0,0,514,606
4,1 15 17 22,3,a01 a17 a22,0,0,0,0,562,606
4,1 15 17 22,3,a15 a17 a22,0,0,0,0,564,606
4,1 15 17 22,4,a01 a15 a17 a22,0,0,0,0,583,606
4,1 15 18 19,0,,1,1,1,0,0,279
4,1 15 18 19,1,a01,0,0,0,0,180,279
4,1 15 18 19,1,a15,0,0,0,0,202,279
4,1 15 18 19,2,a01 a15,0,0,0,0,240,279
4,1 15 18 19,1,a18,0,0,0,0,107,279
4,1 15 18 19,2,a01 a18,0,0,0,0,215,279
4,1 15 18 19,2,a15 a18,0,0,0,0,227,279
4,1 15 18 19,3,a01 a15 a18,0,0,0,0,253,279
4,1 15 18 19,1,a19,1,1,1,0,107,279
4,1 15 18 19,2,a01 a19,0,0,0,0,215,279
4,1 15 18 19,2,a15 a19,0,0,0,0,227,279
4,1 15 18 19,3,a01 a15 a19,0,0,0,0,253,279
4,1 15 18 19,2,a18 a19,0,0,0,0,214,279
4,1 15 18 19,3,a01 a18 a19,0,0,0,0,250,279
4,1 15 18 19,3,a15 a18 a19,0,0,0,0,252,279
4,1 15 18 19,4,a01 a15 a18 a19,0,0,0,0,266,279
4,1 15 18 20,0,,1,1,1,0,0,214
4,1 15 18 20,1,a01,0,0,0,0,144,214
4,1 15 18 20,1,a15,0,0,0,0,136,214
4,1 15 18 20,2,a01 a15,0,0,0,0,179,214
4,1 15 18 20,1,a18,0,0,0,0,97,214
4,1 15 18 20,2,a01 a18,0,0,0,0,176,214
4,1 15 18 20,2,a15 a18,0,0,0,0,159,214
4,1 15 18 20,3,a01 a15 a18,0,0,0,0,191,214
4,1 15 18 20,1,a20,1,1,1,0,60,214
4,1 15 18 20,2,a01 a20,0,0,0,0,157,214
4,1 15 18 20,2,a15 a20,0,0,0,0,168,214
4,1 15 18 20,3,a01 a15 a20,0,0,0,0,191,214
4,1 15 18 20,2,a18 a20,0,0,0,0,157,214
4,1 15 18 20,3,a01 a18 a20,0,0,0,0,189,214
4,1 15 18 20,3,a15 a18 a20,0,0,0,0,191,214
4,1 15 18 20,4,a01 a15 a18 a20,0,0,0,0,203,214
4,1 15 18 21,0,,1,1,1,0,0,109
4,1 15 18 21,1,a01,0,0,0,0,67,109
4,1 15 18 21,1,a15,0,0,0,0,74,109
4,1 15 18 21,2,a01 a15,0,0,0,0,91,109
4,1 15 18 21,1,a18,1,1,1,0,67,109
4,1 15 18 21,2,a01 a18,0,0,0,0,90,109
4,1 15 18 21,2,a15 a18,0,0,0,0,91,109
4,1 15 18 21,3,a01 a15 a18,0,0,0,0,100,109
4,1 15 18 21,1,a21,1,0,1,1,42,109
4,1 15 18 21,2,a01 a21,0,0,0,0,77,109
4,1 15 18 21,2,a15 a21,0,0,0,0,78,109
4,1 15 18 21,3,a01 a15 a21,0,0,0,0,93,109
4,1 15 18 21,2,a18 a21,0,0,0,0,71,109
4,1 15 18 21,3,a01 a18 a21,0,0,0,0,93,109
4,1 15 18 21,3,a15 a18 a21,0,0,0,0,94,109
4,1 15 18 21,4,a01 a15 a18 a21,0,0,0,0,102,109
4,1 15 18 22,0,,1,1,1,0,0,214
4,1 15 18 22,1,a01,0,0,0,0,144,214
4,1 15 18 22,1,a15,0,0,0,0,136,214
4,1 15 18 22,2,a01 a15,0,0,0,0,179,214
4,1 15 18 22,1,a18,0,0,0,0,97,214
4,1 15 18 22,2,a01 a18,0,0,0,0,176,214
4,1 15 18 22,2,a15 a18,0,0,0,0,159,214
4,1 15 18 22,3,a01 a15 a18,0,0,0,0,191,214
4,1 15 18 22,1,a22,1,1,1,0,60,214
4,1 15 18 22,2,a01 a22,0,0,0,0,157,214
4,1 15 18 22,2,a15 a22,0,0,0,0,168,214
4,1 15 18 22,3,a01 a15 a22,0,0,0,0,191,214
4,1 15 18 22,2,a18 a22,0,0,0,0,157,214
4,1 15 18 22,3,a01 a18 a22,0,0,0,0,189,214
4,1 15 18 22,3,a15 a18 a22,0,0,0,0,191,214
4,1 15 18 22,4,a01 a15 a18 a22,0,0,0,0,203,214
4,1 15 18 23,0,,1,1,1,0,0,472
4,1 15 18 23,1,a01,0,0,0,0,358,472
4,1 15 18 23,1,a15,0,0,0,0,350,472
4,1 15 18 23,2,a01 a15,0,0,0,0,402,472
4,1 15 18 23,1,a18,0,0,0,0,312,472
4,1 15 18 23,2,a01 a18,0,0,0,0,416,472
4,1 15 18 23,2,a15 a18,0,0,0,0,412,472
4,1 15 18 23,3,a01 a15 a18,0,0,0,0,434,472
4,1 15 18 23,1,a23,1,1,1,0,258,472
4,1 15 18 23,2,a01 a23,0,0,0,0,392,472
4,1 15 18 23,2,a15 a23,0,0,0,0,402,472
4,1 15 18 23,3,a01 a15 a23,0,0,0,0,436,472
4,1 15 18 23,2,a18 a23,0,0,0,0,391,472
4,1 15 18 23,3,a01 a18 a23,0,0,0,0,435,472
4,1 15 18 23,3,a15 a18 a23,0,0,0,0,435,472
4,1 15 18 23,4,a01 a15 a18 a23,0,0,0,0,453,472
4,1 15 18 24,0,,1,1,1,0,0,156
4,1 15 18 24,1,a01,0,0,0,0,111,156
4,1 15 18 24,1,a15,0,0,0,0,98,156
4,1 15 18 24,2,a01 a15,0,0,0,0,118,156
4,1 15 18 24,1,a18,0,0,0,0,92,156
4,1 15 18 24,2,a01 a18,0,0,0,0,132,156
4,1 15 18 24,2,a15 a18,0,0,0,0,126,156
4,1 15 18 24,3,a01 a15 a18,0,0,0,0,136,156
4,1 15 18 24,1,a24,1,1,1,0,111,156
4,1 15 18 24,2,a01 a24,0,0,0,0,133,156
4,1 15 18 24,2,a15 a24,0,0,0,0,118,156
4,1 15 18 24,3,a01 a15 a24,0,0,0,0,137,156
4,1 15 18 24,2,a18 a24,0,0,0,0,132,156
4,1 15 18 24,3,a01 a18 a24,0,0,0,0,144,156
4,1 15 18 24,3,a15 a18 a24,0,0,0,0,137,156
4,1 15 18 24,4,a01 a15 a18 a24,0,0,0,0,147,156
4,1 15 18 25,0,,1,1,1,0,0,472
4,1 15 18 25,1,a01,0,0,0,0,358,472
4,1 15 18 25,1,a15,0,0,0,0,350,472
4,1 15 18 25,2,a01 a15,0,0,0,0,402,472
4,1 15 18 25,1,a18,0,0,0,0,312,472
4,1 15 18 25,2,a01 a18,0,0,0,0,416,472
4,1 15 18 25,2,a15 a18,0,0,0,0,412,472
4,1 15 18 25,3,a01 a15 a18,0,0,0,0,434,472
4,1 15 18 25,1,a25,1,1,1,0,258,472
4,1 15 18 25,2,a01 a25,0,0,0,0,392,472
4,1 15 18 25,2,a15 a25,0,0,0,0,402,472
4,1 15 18 25,3,a01 a15 a25,0,0,0,0,436,472
4,1 15 18 25,2,a18 a25,0,0,0,0,391,472
4,1 15 18 25,3,a01 a18 a25,0,0,0,0,435,472
4,1 15 18 25,3,a15 a18 a25,0,0,0,0,435,472
4,1 15 18 25,4,a01 a15 a18 a25,0,0,0,0,453,472
4,1 15 19 20,0,,1,1,1,0,0,606
4,1 15 19 20,1,a01,0,0,0,0,461,606
4,1 15 19 20,1,a15,0,0,0,0,453,606
4,1 15 19 20,2,a01 a15,0,0,0,0,531,606
4,1 15 19 20,1,a19,0,0,0,0,420,606
4,1 15 19 20,2,a01 a19,0,0,0,0,539,606
4,1 15 19 20,2,a15 a19,0,0,0,0,517,606
4,1 15 19 20,3,a01 a15 a19,0,0,0,0,564,606
4,1 15 19 20,1,a20,0,0,0,0,375,606
4,1 15 19 20,2,a01 a20,0,0,0,0,516,606
4,1 15 19 20,2,a15 a20,0,0,0,0,531,606
4,1 15 19 20,3,a01 a15 a20,0,0,0,0,565,606
4,1 15 19 20,2,a19 a20,0,0,0,0,514,606
4,1 15 19 20,3,a01 a19 a20,0,0,0,0,562,606
4,1 15 19 20,3,a15 a19 a20,0,0,0,0,564,606
4,1 15 19 20,4,a01 a15 a19 a20,0,0,0,0,583,606
4,1 15 19 21,0,,1,1,1,0,0,214
4,1 15 19 21,1,a01,0,0,0,0,144,214
4,1 15 19 21,1,a15,0,0,0,0,136,214
4,1 15 19 21,2,a01 a15,0,0,0,0,179,214
4,1 15 19 21,1,a19,1,1,1,0,97,214
4,1 15 19 21,2,a01 a19,0,0,0,0,176,214
4,1 15 19 21,2,a15 a19,0,0,0,0,159,214
4,1 15 19 21,3,a01 a15 a19,0,0,0,0,191,214
4,1 15 19 21,1,a21,0,0,0,0,60,214
4,1 15 19 21,2,a01 a21,0,0,0,0,157,214
4,1 15 19 21,2,a15 a21,0,0,0,0,168,214
4,1 15 19 21,3,a01 a15 a21,0,0,0,0,191,214
4,1 15 19 21,2,a19 a21,0,0,0,0,157,214
4,1 15 19 21,3,a01 a19 a21,0,0,0,0,189,214
4,1 15 19 21,3,a15 a19 a21,0,0,0,0,191,214
4,1 15 19 21,4,a01 a15 a19 a21,0,0,0,0,203,214
4,1 15 20 21,0,,1,1,1,0,0,157
4,1 15 20 21,1,a01,0,0,0,0,112,157
4,1 15 20 21,1,a15,0,0,0,0,80,157
4,1 15 20 21,2,a01 a15,0,0,0,0,126,157
4,1 15 20 21,1,a20,1,1,1,0,54,157
4,1 15 20 21,2,a01 a20,0,0,0,0,124,157
4,1 15 20 21,2,a15 a20,0,0,0,0,109,157
4,1 15 20 21,3,a01 a15 a20,0,0,0,0,137,157
4,1 15 20 21,1,a21,0,0,0,0,54,157
4,1 15 20 21,2,a01 a21,0,0,0,0,124,157
4,1 15 20 21,2,a15 a21,0,0,0,0,109,157
4,1 15 20 21,3,a01 a15 a21,0,0,0,0,137,157
4,1 15 20 21,2,a20 a21,0,0,0,0,108,157
4,1 15 20 21,3,a01 a20 a21,0,0,0,0,136,157
4,1 15 20 21,3,a15 a20 a21,0,0,0,0,138,157
4,1 15 20 21,4,a01 a15 a20 a21,0,0,0,0,148,157
4,1 15 20 22,0,,1,1,1,0,0,472
4,1 15 20 22,1,a01,0,0,0,0,378,472
4,1 15 20 22,1,a15,0,0,0,0,276,472
4,1 15 20 22,2,a01 a15,0,0,0,0,405,472
4,1 15 20 22,1,a20,0,0,0,0,310,472
4,1 15 20 22,2,a01 a20,0,0,0,0,416,472
4,1 15 20 22,2,a15 a20,0,0,0,0,393,472
4,1 15 20 22,3,a01 a15 a20,0,0,0,0,436,472
4,1 15 20 22,1,a22,0,0,0,0,310,472
4,1 15 20 22,2,a01 a22,0,0,0,0,416,472
4,1 15 20 22,2,a15 a22,0,0,0,0,393,472
4,1 15 20 22,3,a01 a15 a22,0,0,0,0,436,472
4,1 15 20 22,2,a20 a22,0,0,0,0,390,472
4,1 15 20 22,3,a01 a20 a22,0,0,0,0,434,472
4,1 15 20 22,3,a15 a20 a22,0,0,0,0,436,472
4,1 15 20 22,4,a01 a15 a20 a22,0,0,0,0,453,472
4,1 15 21 22,0,,1,1,1,0,0,157
4,1 15 21 22,1,a01,0,0,0,0,112,157
4,1 15 21 22,1,a15,0,0,0,0,80,157
4,1 15 21 22,2,a01 a15,0,0,0,0,126,157
4,1 15 21 22,1,a21,0,0,0,0,54,157
4,1 15 21 22,2,a01 a21,0,0,0,0,124,157
4,1 15 21 22,2,a15 a21,0,0,0,0,109,157
4,1 15 21 22,3,a01 a15 a21,0,0,0,0,137,157
4,1 15 21 22,1,a22,1,1,1,0,54,157
4,1 15 21 22,2,a01 a22,0,0,0,0,124,157
4,1 15 21 22,2,a15 a22,0,0,0,0,109,157
4,1 15 21 22,3,a01 a15 a22,0,0,0,0,137,157
4,1 15 21 22,2,a21 a22,0,0,0,0,108,157
4,1 15 21 22,3,a01 a21 a22,0,0,0,0,136,157
4,1 15 21 22,3,a15 a21 a22,0,0,0,0,138,157
4,1 15 21 22,4,a01 a15 a21 a22,0,0,0,0,148,157
4,1 15 21 23,0,,1,1,1,0,0,352
4,1 15 21 23,1,a01,0,0,0,0,285,352
4,1 15 21 23,1,a15,0,0,0,0,196,352
4,1 15 21 23,2,a01 a15,0,0,0,0,302,352
4,1 15 21 23,1,a21,0,0,0,0,196,352
4,1 15 21 23,2,a01 a21,0,0,0,0,302,352
4,1 15 21 23,2,a15 a21,0,0,0,0,290,352
4,1 15 21 23,3,a01 a15 a21,0,0,0,0,317,352
4,1 15 21 23,1,a23,1,1,1,0,204,352
4,1 15 21 23,2,a01 a23,0,0,0,0,304,352
4,1 15 21 23,2,a15 a23,0,0,0,0,279,352
4,1 15 21 23,3,a01 a15 a23,0,0,0,0,321,352
4,1 15 21 23,2,a21 a23,0,0,0,0,279,352
4,1 15 21 23,3,a01 a21 a23,0,0,0,0,321,352
4,1 15 21 23,3,a15 a21 a23,0,0,0,0,319,352
4,1 15 21 23,4,a01 a15 a21 a23,0,0,0,0,336,352
4,1 15 21 24,0,,1,1,1,0,0,102
4,1 15 21 24,1,a01,0,0,0,0,78,102
4,1 15 21 24,1,a15,0,0,0,0,48,102
4,1 15 21 24,2,a01 a15,0,0,0,0,82,102
4,1 15 21 24,1,a21,0,0,0,0,48,102
4,1 15 21 24,2,a01 a21,0,0,0,0,82,102
4,1 15 21 24,2,a15 a21,0,0,0,0,77,102
4,1 15 21 24,3,a01 a15 a21,0,0,0,0,85,102
4,1 15 21 24,1,a24,1,1,1,0,78,102
4,1 15 21 24,2,a01 a24,0,0,0,0,90,102
4,1 15 21 24,2,a15 a24,0,0,0,0,83,102
4,1 15 21 24,3,a01 a15 a24,0,0,0,0,93,102
4,1 15 21 24,2,a21 a24,0,0,0,0,83,102
4,1 15 21 24,3,a01 a21 a24,0,0,0,0,93,102
4,1 15 21 24,3,a15 a21 a24,0,0,0,0,87,102
4,1 15 21 24,4,a01 a15 a21 a24,0,0,0,0,95,102
4,1 15 21 25,0,,1,1,1,0,0,352
4,1 15 21 25,1,a01,0,0,0,0,285,352
4,1 15 21 25,1,a15,0,0,0,0,196,352
4,1 15 21 25,2,a01 a15,0,0,0,0,302,352
4,1 15 21 25,1,a21,0,0,0,0,196,352
4,1 15 21 25,2,a01 a21,0,0,0,0,302,352
4,1 15 21 25,2,a15 a21,0,0,0,0,290,352
4,1 15 21 25,3,a01 a15 a21,0,0,0,0,317,352
4,1 15 21 25,1,a25,1,1,1,0,204,352
4,1 15 21 25,2,a01 a25,0,0,0,0,304,352
4,1 15 21 25,2,a15 a25,0,0,0,0,279,352
4,1 15 21 25,3,a01 a15 a25,0,0,0,0,321,352
4,1 15 21 25,2,a21 a25,0,0,0,0,279,352
4,1 15 21 25,3,a01 a21 a25,0,0,0,0,321,352
4,1 15 21 25,3,a15 a21 a25,0,0,0,0,319,352
4,1 15 21 25,4,a01 a15 a21 a25,0,0,0,0,336,352
4,2 3 4 21,0,,1,1,1,0,0,166
4,2 3 4 21,1,a02,1,1,1,0,87,166
4,2 3 4 21,1,a03,1,1,1,0,87,166
4,2 3 4 21,2,a02 a03,1,1,1,0,116,166
4,2 3 4 21,1,a04,0,0,0,0,28,166
4,2 3 4 21,2,a02 a04,0,0,0,0,115,166
4,2 3 4 21,2,a03 a04,0,0,0,0,115,166
4,2 3 4 21,3,a02 a03 a04,0,0,0,0,144,166
4,2 3 4 21,1,a21,0,0,0,0,114,166
4,2 3 4 21,2,a02 a21,0,0,0,0,135,166
4,2 3 4 21,2,a03 a21,0,0,0,0,135,166
4,2 3 4 21,3,a02 a03 a21,0,0,0,0,146,166
4,2 3 4 21,2,a04 a21,0,0,0,0,124,166
4,2 3 4 21,3,a02 a04 a21,0,0,0,0,145,166
4,2 3 4 21,3,a03 a04 a21,0,0,0,0,145,166
4,2 3 4 21,4,a02 a03 a04 a21,0,0,0,0,156,166
4,2 3 5 21,0,,1,1,1,0,0,279
4,2 3 5 21,1,a02,1,1,1,0,107,279
4,2 3 5 21,1,a03,0,0,0,0,180,279
4,2 3 5 21,2,a02 a03,0,0,0,0,215,279
4,2 3 5 21,1,a05,0,0,0,0,107,279
4,2 3 5 21,2,a02 a05,0,0,0,0,214,279
4,2 3 5 21,2,a03 a05,0,0,0,0,215,279
4,2 3 5 21,3,a02 a03 a05,0,0,0,0,250,279
4,2 3 5 21,1,a21,0,0,0,0,202,279
4,2 3 5 21,2,a02 a21,0,0,0,0,227,279
4,2 3 5 21,2,a03 a21,0,0,0,0,240,279
4,2 3 5 21,3,a02 a03 a21,0,0,0,0,253,279
4,2 3 5 21,2,a05 a21,0,0,0,0,227,279
4,2 3 5 21,3,a02 a05 a21,0,0,0,0,252,279
4,2 3 5 21,3,a03 a05 a21,0,0,0,0,253,279
4,2 3 5 21,4,a02 a03 a05 a21,0,0,0,0,266,279
4,2 3 7 21,0,,1,1,1,0,0,472
4,2 3 7 21,1,a02,0,0,0,0,340,472
4,2 3 7 21,1,a03,0,0,0,0,260,472
4,2 3 7 21,2,a02 a03,0,0,0,0,388,472
4,2 3 7 21,1,a07,0,0,0,0,260,472
4,2 3 7 21,2,a02 a07,0,0,0,0,388,472
4,2 3 7 21,2,a03 a07,0,0,0,0,391,472
4,2 3 7 21,3,a02 a03 a07,0,0,0,0,433,472
4,2 3 7 21,1,a21,0,0,0,0,372,472
4,2 3 7 21,2,a02 a21,0,0,0,0,418,472
4,2 3 7 21,2,a03 a21,0,0,0,0,406,472
4,2 3 7 21,3,a02 a03 a21,0,0,0,0,436,472
4,2 3 7 21,2,a07 a21,0,0,0,0,406,472
4,2 3 7 21,3,a02 a07 a21,0,0,0,0,436,472
4,2 3 7 21,3,a03 a07 a21,0,0,0,0,437,472
4,2 3 7 21,4,a02 a03 a07 a21,0,0,0,0,453,472
4,2 3 8 21,0,,1,1,1,0,0,769
4,2 3 8 21,1,a02,0,0,0,0,508,769
4,2 3 8 21,1,a03,0,0,0,0,552,769
4,2 3 8 21,2,a02 a03,0,0,0,0,664,769
4,2 3 8 21,1,a08,0,0,0,0,508,769
4,2 3 8 21,2,a02 a08,0,0,0,0,661,769
4,2 3 8 21,2,a03 a08,0,0,0,0,664,769
4,2 3 8 21,3,a02 a03 a08,0,0,0,0,716,769
4,2 3 8 21,1,a21,0,0,0,0,628,769
4,2 3 8 21,2,a02 a21,0,0,0,0,684,769
4,2 3 8 21,2,a03 a21,0,0,0,0,685,769
4,2 3 8 21,3,a02 a03 a21,0,0,0,0,721,769
4,2 3 8 21,2,a08 a21,0,0,0,0,684,769
4,2 3 8 21,3,a02 a08 a21,0,0,0,0,720,769
4,2 3 8 21,3,a03 a08 a21,0,0,0,0,721,769
4,2 3 8 21,4,a02 a03 a08 a21,0,0,0,0,741,769
4,2 3 10 15,0,,1,1,1,0,0,116
4,2 3 10 15,1,a02,1,1,1,0,62,116
4,2 3 10 15,1,a03,1,1,1,0,48,116
4,2 3 10 15,2,a02 a03,1,1,1,0,73,116
4,2 3 10 15,1,a10,0,0,0,0,25,116
4,2 3 10 15,2,a02 a10,0,0,0,0,87,116
4,2 3 10 15,2,a03 a10,0,0,0,0,73,116
4,2 3 10 15,3,a02 a03 a10,0,0,0,0,98,116
4,2 3 10 15,1,a15,0,0,0,0,64,116
4,2 3 10 15,2,a02 a15,0,0,0,0,89,116
4,2 3 10 15,2,a03 a15,0,0,0,0,90,116
4,2 3 10 15,3,a02 a03 a15,0,0,0,0,99,116
4,2 3 10 15,2,a10 a15,0,0,0,0,73,116
4,2 3 10 15,3,a02 a10 a15,0,0,0,0,98,116
4,2 3 10 15,3,a03 a10 a15,0,0,0,0,99,116
4,2 3 10 15,4,a02 a03 a10 a15,0,0,0,0,108,116
4,2 3 12 13,0,,1,1,1,0,0,88
4,2 3 12 13,1,a02,1,1,1,0,29,88
4,2 3 12 13,1,a03,1,1,1,0,36,88
4,2 3 12 13,2,a02 a03,1,1,1,0,51,88
4,2 3 12 13,1,a12,0,0,0,0,36,88
4,2 3 12 13,2,a02 a12,0,0,0,0,51,88
4,2 3 12 13,2,a03 a12,0,0,0,0,65,88
4,2 3 12 13,3,a02 a03 a12,0,0,0,0,73,88
4,2 3 12 13,1,a13,0,0,0,0,36,88
4,2 3 12 13,2,a02 a13,0,0,0,0,65,88
4,2 3 12 13,2,a03 a13,0,0,0,0,58,88
4,2 3 12 13,3,a02 a03 a13,0,0,0,0,73,88
4,2 3 12 13,2,a12 a13,0,0,0,0,58,88
4,2 3 12 13,3,a02 a12 a13,0,0,0,0,73,88
4,2 3 12 13,3,a03 a12 a13,0,0,0,0,73,88
4,2 3 12 13,4,a02 a03 a12 a13,0,0,0,0,81,88
4,2 3 13 20,0,,1,1,1,0,0,472
4,2 3 13 20,1,a02,1,1,1,0,258,472
4,2 3 13 20,1,a03,0,0,0,0,312,472
4,2 3 13 20,2,a02 a03,0,0,0,0,391,472
4,2 3 13 20,1,a13,0,0,0,0,350,472
4,2 3 13 20,2,a02 a13,0,0,0,0,402,472
4,2 3 13 20,2,a03 a13,0,0,0,0,412,472
4,2 3 13 20,3,a02 a03 a13,0,0,0,0,435,472
4,2 3 13 20,1,a20,0,0,0,0,358,472
4,2 3 13 20,2,a02 a20,0,0,0,0,392,472
4,2 3 13 20,2,a03 a20,0,0,0,0,416,472
4,2 3 13 20,3,a02 a03 a20,0,0,0,0,435,472
4,2 3 13 20,2,a13 a20,0,0,0,0,402,472
4,2 3 13 20,3,a02 a13 a20,0,0,0,0,436,472
4,2 3 13 20,3,a03 a13 a20,0,0,0,0,434,472
4,2 3 13 20,4,a02 a03 a13 a20,0,0,0,0,453,472
4,2 3 13 21,0,,1,1,1,0,0,214
4,2 3 13 21,1,a02,1,1,1,0,97,214
4,2 3 13 21,1,a03,0,0,0,0,144,214
4,2 3 13 21,2,a02 a03,0,0,0,0,176,214
4,2 3 13 21,1,a13,0,0,0,0,60,214
4,2 3 13 21,2,a02 a13,0,0,0,0,157,214
4,2 3 13 21,2,a03 a13,0,0,0,0,157,214
4,2 3 13 21,3,a02 a03 a13,0,0,0,0,189,214
4,2 3 13 21,1,a21,0,0,0,0,136,214
4,2 3 13 21,2,a02 a21,0,0,0,0,159,214
4,2 3 13 21,2,a03 a21,0,0,0,0,179,214
4,2 3 13 21,3,a02 a03 a21,0,0,0,0,191,214
4,2 3 13 21,2,a13 a21,0,0,0,0,168,214
4,2 3 13 21,3,a02 a13 a21,0,0,0,0,191,214
4,2 3 13 21,3,a03 a13 a21,0,0,0,0,191,214
4,2 3 13 21,4,a02 a03 a13 a21,0,0,0,0,203,214
4,2 3 15 18,0,,1,1,1,0,0,606
4,2 3 15 18,1,a02,0,0,0,0,420,606
4,2 3 15 18,1,a03,0,0,0,0,375,606
4,2 3 15 18,2,a02 a03,0,0,0,0,514,606
4,2 3 15 18,1,a15,0,0,0,0,453,606
4,2 3 15 18,2,a02 a15,0,0,0,0,517,606
4,2 3 15 18,2,a03 a15,0,0,0,0,531,606
4,2 3 15 18,3,a02 a03 a15,0,0,0,0,564,606
4,2 3 15 18,1,a18,0,0,0,0,461,606
4,2 3 15 18,2,a02 a18,0,0,0,0,539,606
4,2 3 15 18,2,a03 a18,0,0,0,0,516,606
4,2 3 15 18,3,a02 a03 a18,0,0,0,0,562,606
4,2 3 15 18,2,a15 a18,0,0,0,0,531,606
4,2 3 15 18,3,a02 a15 a18,0,0,0,0,564,606
4,2 3 15 18,3,a03 a15 a18,0,0,0,0,565,606
4,2 3 15 18,4,a02 a03 a15 a18,0,0,0,0,583,606
4,2 3 15 21,0,,1,1,1,0,0,364
4,2 3 15 21,1,a02,0,0,0,0,268,364
4,2 3 15 21,1,a03,0,0,0,0,218,364
4,2 3 15 21,2,a02 a03,0,0,0,0,313,364
4,2 3 15 21,1,a15,0,0,0,0,175,364
4,2 3 15 21,2,a02 a15,0,0,0,0,292,364
4,2 3 15 21,2,a03 a15,0,0,0,0,294,364
4,2 3 15 21,3,a02 a03 a15,0,0,0,0,332,364
4,2 3 15 21,1,a21,0,0,0,0,253,364
4,2 3 15 21,2,a02 a21,0,0,0,0,316,364
4,2 3 15 21,2,a03 a21,0,0,0,0,295,364
4,2 3 15 21,3,a02 a03 a21,0,0,0,0,333,364
4,2 3 15 21,2,a15 a21,0,0,0,0,306,364
4,2 3 15 21,3,a02 a15 a21,0,0,0,0,333,364
4,2 3 15 21,3,a03 a15 a21,0,0,0,0,335,364
4,2 3 15 21,4,a02 a03 a15 a21,0,0,0,0,349,364
4,2 3 16 21,0,,1,1,1,0,0,606
4,2 3 16 21,1,a02,0,0,0,0,420,606
4,2 3 16 21,1,a03,0,0,0,0,461,606
4,2 3 16 21,2,a02 a03,0,0,0,0,539,606
4,2 3 16 21,1,a16,0,0,0,0,375,606
4,2 3 16 21,2,a02 a16,0,0,0,0,514,606
4,2 3 16 21,2,a03 a16,0,0,0,0,516,606
4,2 3 16 21,3,a02 a03 a16,0,0,0,0,562,606
4,2 3 16 21,1,a21,0,0,0,0,453,606
4,2 3 16 21,2,a02 a21,0,0,0,0,517,606
4,2 3 16 21,2,a03 a21,0,0,0,0,531,606
4,2 3 16 21,3,a02 a03 a21,0,0,0,0,564,606
4,2 3 16 21,2,a16 a21,0,0,0,0,531,606
4,2 3 16 21,3,a02 a16 a21,0,0,0,0,564,606
4,2 3 16 21,3,a03 a16 a21,0,0,0,0,565,606
4,2 3 16 21,4,a02 a03 a16 a21,0,0,0,0,583,606
4,2 4 5 21,0,,1,1,1,0,0,81
4,2 4 5 21,1,a02,1,1,1,0,22,81
4,2 4 5 21,1,a04,0,0,0,0,22,81
4,2 4 5 21,2,a02 a04,0,0,0,0,44,81
4,2 4 5 21,1,a05,1,1,1,0,22,81
4,2 4 5 21,2,a02 a05,1,1,1,0,44,81
4,2 4 5 21,2,a04 a05,0,0,0,0,44,81
4,2 4 5 21,3,a02 a04 a05,0,0,0,0,66,81
4,2 4 5 21,1,a21,0,0,0,0,50,81
4,2 4 5 21,2,a02 a21,0,0,0,0,58,81
4,2 4 5 21,2,a04 a21,0,0,0,0,58,81
4,2 4 5 21,3,a02 a04 a21,0,0,0,0,66,81
4,2 4 5 21,2,a05 a21,0,0,0,0,58,81
4,2 4 5 21,3,a02 a05 a21,0,0,0,0,66,81
4,2 4 5 21,3,a04 a05 a21,0,0,0,0,66,81
4,2 4 5 21,4,a02 a04 a05 a21,0,0,0,0,74,81
4,2 4 6 21,0,,1,1,1,0,0,81
4,2 4 6 21,1,a02,1,1,1,0,22,81
4,2 4 6 21,1,a04,0,0,0,0,22,81
4,2 4 6 21,2,a02 a04,0,0,0,0,44,81
4,2 4 6 21,1,a06,1,1,1,0,22,81
4,2 4 6 21,2,a02 a06,1,1,1,0,44,81
4,2 4 6 21,2,a04 a06,0,0,0,0,44,81
4,2 4 6 21,3,a02 a04 a06,0,0,0,0,66,81
4,2 4 6 21,1,a21,0,0,0,0,50,81
4,2 4 6 21,2,a02 a21,0,0,0,0,58,81
4,2 4 6 21,2,a04 a21,0,0,0,0,58,81
4,2 4 6 21,3,a02 a04 a21,0,0,0,0,66,81
4,2 4 6 21,2,a06 a21,0,0,0,0,58,81
4,2 4 6 21,3,a02 a06 a21,0,0,0,0,66,81
4,2 4 6 21,3,a04 a06 a21,0,0,0,0,66,81
4,2 4 6 21,4,a02 a04 a06 a21,0,0,0,0,74,81
4,2 4 7 21,0,,1,1,1,0,0,166
4,2 4 7 21,1,a02,1,1,1,0,87,166
4,2 4 7 21,1,a04,0,0,0,0,28,166
4,2 4 7 21,2,a02 a04,0,0,0,0,115,166
4,2 4 7 21,1,a07,1,1,1,0,87,166
4,2 4 7 21,2,a02 a07,1,1,1,0,116,166
4,2 4 7 21,2,a04 a07,0,0,0,0,115,166
4,2 4 7 21,3,a02 a04 a07,0,0,0,0,144,166
4,2 4 7 21,1,a21,0,0,0,0,114,166
4,2 4 7 21,2,a02 a21,0,0,0,0,135,166
4,2 4 7 21,2,a04 a21,0,0,0,0,124,166
4,2 4 7 21,3,a02 a04 a21,0,0,0,0,145,166
4,2 4 7 21,2,a07 a21,0,0,0,0,135,166
4,2 4 7 21,3,a02 a07 a21,0,0,0,0,146,166
4,2 4 7 21,3,a04 a07 a21,0,0,0,0,145,166
4,2 4 7 21,4,a02 a04 a07 a21,0,0,0,0,156,166
4,2 4 8 21,0,,1,1,1,0,0,166
4,2 4 8 21,1,a02,1,1,1,0,87,166
4,2 4 8 21,1,a04,0,0,0,0,28,166
4,2 4 8 21,2,a02 a04,0,0,0,0,115,166
4,2 4 8 21,1,a08,1,1,1,0,87,166
4,2 4 8 21,2,a02 a08,1,1,1,0,116,166
4,2 4 8 21,2,a04 a08,0,0,0,0,115,166
4,2 4 8 21,3,a02 a04 a08,0,0,0,0,144,166
4,2 4 8 21,1,a21,0,0,0,0,114,166
4,2 4 8 21,2,a02 a21,0,0,0,0,135,166
4,2 4 8 21,2,a04 a21,0,0,0,0,124,166
4,2 4 8 21,3,a02 a04 a21,0,0,0,0,145,166
4,2 4 8 21,2,a08 a21,0,0,0,0,135,166
4,2 4 8 21,3,a02 a08 a21,0,0,0,0,146,166
4,2 4 8 21,3,a04 a08 a21,0,0,0,0,145,166
4,2 4 8 21,4,a02 a04 a08 a21,0,0,0,0,156,166
4,2 4 9 21,0,,1,1,1,0,0,116
4,2 4 9 21,1,a02,1,1,1,0,62,116
4,2 4 9 21,1,a04,0,0,0,0,25,116
4,2 4 9 21,2,a02 a04,0,0,0,0,87,116
4,2 4 9 21,1,a09,1,1,1,0,48,116
4,2 4 9 21,2,a02 a09,1,1,1,0,73,116
4,2 4 9 21,2,a04 a09,0,0,0,0,73,116
4,2 4 9 21,3,a02 a04 a09,0,0,0,0,98,116
4,2 4 9 21,1,a21,0,0,0,0,64,116
4,2 4 9 21,2,a02 a21,0,0,0,0,89,116
4,2 4 9 21,2,a04 a21,0,0,0,0,73,116
4,2 4 9 21,3,a02 a04 a21,0,0,0,0,98,116
4,2 4 9 21,2,a09 a21,0,0,0,0,90,116
4,2 4 9 21,3,a02 a09 a21,0,0,0,0,99,116
4,2 4 9 21,3,a04 a09 a21,0,0,0,0,99,116
4,2 4 9 21,4,a02 a04 a09 a21,0,0,0,0,108,116
4,2 4 10 15,0,,1,1,1,0,0,58
4,2 4 10 15,1,a02,1,1,1,0,19,58
4,2 4 10 15,1,a04,1,1,1,0,7,58
4,2 4 10 15,2,a02 a04,1,1,1,0,26,58
4,2 4 10 15,1,a10,0,0,0,0,19,58
4,2 4 10 15,2,a02 a10,0,0,0,0,38,58
4,2 4 10 15,2,a04 a10,0,0,0,0,26,58
4,2 4 10 15,3,a02 a04 a10,0,0,0,0,45,58
4,2 4 10 15,1,a15,0,0,0,0,31,58
4,2 4 10 15,2,a02 a15,0,0,0,0,38,58
4,2 4 10 15,2,a04 a15,0,0,0,0,38,58
4,2 4 10 15,3,a02 a04 a15,0,0,0,0,45,58
4,2 4 10 15,2,a10 a15,0,0,0,0,38,58
4,2 4 10 15,3,a02 a10 a15,0,0,0,0,45,58
4,2 4 10 15,3,a04 a10 a15,0,0,0,0,45,58
4,2 4 10 15,4,a02 a04 a10 a15,0,0,0,0,52,58
4,2 4 10 21,0,,1,1,1,0,0,58
4,2 4 10 21,1,a02,1,1,1,0,19,58
4,2 4 10 21,1,a04,0,0,0,0,19,58
4,2 4 10 21,2,a02 a04,0,0,0,0,38,58
4,2 4 10 21,1,a10,1,1,1,0,7,58
4,2 4 10 21,2,a02 a10,1,1,1,0,26,58
4,2 4 10 21,2,a04 a10,0,0,0,0,26,58
4,2 4 10 21,3,a02 a04 a10,0,0,0,0,45,58
4,2 4 10 21,1,a21,0,0,0,0,31,58
4,2 4 10 21,2,a02 a21,0,0,0,0,38,58
4,2 4 10 21,2,a04 a21,0,0,0,0,38,58
4,2 4 10 21,3,a02 a04 a21,0,0,0,0,45,58
4,2 4 10 21,2,a10 a21,0,0,0,0,38,58
4,2 4 10 21,3,a02 a10 a21,0,0,0,0,45,58
4,2 4 10 21,3,a04 a10 a21,0,0,0,0,45,58
4,2 4 10 21,4,a02 a04 a10 a21,0,0,0,0,52,58
4,2 4 10 24,0,,1,1,1,0,0,352
4,2 4 10 24,1,a02,1,1,1,0,204,352
4,2 4 10 24,1,a04,0,0,0,0,196,352
4,2 4 10 24,2,a02 a04,0,0,0,0,279,352
4,2 4 10 24,1,a10,0,0,0,0,196,352
4,2 4 10 24,2,a02 a10,0,0,0,0,279,352
4,2 4 10 24,2,a04 a10,0,0,0,0,290,352
4,2 4 10 24,3,a02 a04 a10,0,0,0,0,319,352
4,2 4 10 24,1,a24,0,0,0,0,285,352
4,2 4 10 24,2,a02 a24,0,0,0,0,304,352
4,2 4 10 24,2,a04 a24,0,0,0,0,302,352
4,2 4 10 24,3,a02 a04 a24,0,0,0,0,321,352
4,2 4 10 24,2,a10 a24,0,0,0,0,302,352
4,2 4 10 24,3,a02 a10 a24,0,0,0,0,321,352
4,2 4 10 24,3,a04 a10 a24,0,0,0,0,317,352
4,2 4 10 24,4,a02 a04 a10 a24,0,0,0,0,336,352
4,2 4 11 21,0,,1,1,1,0,0,44
4,2 4 11 21,1,a02,1,1,1,0,16,44
4,2 4 11 21,1,a04,0,0,0,0,16,44
4,2 4 11 21,2,a02 a04,0,0,0,0,32,44
4,2 4 11 21,1,a11,1,1,1,0,6,44
4,2 4 11 21,2,a02 a11,1,1,1,0,17,44
4,2 4 11 21,2,a04 a11,0,0,0,0,22,44
4,2 4 11 21,3,a02 a04 a11,0,0,0,0,33,44
4,2 4 11 21,1,a21,0,0,0,0,26,44
4,2 4 11 21,2,a02 a21,0,0,0,0,32,44
4,2 4 11 21,2,a04 a21,0,0,0,0,32,44
4,2 4 11 21,3,a02 a04 a21,0,0,0,0,38,44
4,2 4 11 21,2,a11 a21,0,0,0,0,27,44
4,2 4 11 21,3,a02 a11 a21,0,0,0,0,33,44
4,2 4 11 21,3,a04 a11 a21,0,0,0,0,33,44
4,2 4 11 21,4,a02 a04 a11 a21,0,0,0,0,39,44
4,2 4 12 13,0,,1,1,1,0,0,58
4,2 4 12 13,1,a02,1,1,1,0,19,58
4,2 4 12 13,1,a04,1,1,1,0,7,58
4,2 4 12 13,2,a02 a04,1,1,1,0,26,58
4,2 4 12 13,1,a12,0,0,0,0,31,58
4,2 4 12 13,2,a02 a12,0,0,0,0,38,58
4,2 4 12 13,2,a04 a12,0,0,0,0,38,58
4,2 4 12 13,3,a02 a04 a12,0,0,0,0,45,58
4,2 4 12 13,1,a13,0,0,0,0,19,58
4,2 4 12 13,2,a02 a13,0,0,0,0,38,58
4,2 4 12 13,2,a04 a13,0,0,0,0,26,58
4,2 4 12 13,3,a02 a04 a13,0,0,0,0,45,58
4,2 4 12 13,2,a12 a13,0,0,0,0,38,58
4,2 4 12 13,3,a02 a12 a13,0,0,0,0,45,58
4,2 4 12 13,3,a04 a12 a13,0,0,0,0,45,58
4,2 4 12 13,4,a02 a04 a12 a13,0,0,0,0,52,58
4,2 4 12 21,0,,1,1,1,0,0,116
4,2 4 12 21,1,a02,1,1,1,0,62,116
4,2 4 12 21,1,a04,0,0,0,0,25,116
4,2 4 12 21,2,a02 a04,0,0,0,0,87,116
4,2 4 12 21,1,a12,1,1,1,0,48,116
4,2 4 12 21,2,a02 a12,1,1,1,0,73,116
4,2 4 12 21,2,a04 a12,0,0,0,0,73,116
4,2 4 12 21,3,a02 a04 a12,0,0,0,0,98,116
4,2 4 12 21,1,a21,0,0,0,0,64,116
4,2 4 12 21,2,a02 a21,0,0,0,0,89,116
4,2 4 12 21,2,a04 a21,0,0,0,0,73,116
4,2 4 12 21,3,a02 a04 a21,0,0,0,0,98,116
4,2 4 12 21,2,a12 a21,0,0,0,0,90,116
4,2 4 12 21,3,a02 a12 a21,0,0,0,0,99,116
4,2 4 12 21,3,a04 a12 a21,0,0,0,0,99,116
4,2 4 12 21,4,a02 a04 a12 a21,0,0,0,0,108,116
4,2 4 12 22,0,,1,1,1,0,0,214
4,2 4 12 22,1,a02,1,1,1,0,97,214
4,2 4 12 22,1,a04,0,0,0,0,60,214
4,2 4 12 22,2,a02 a04,0,0,0,0,157,214
4,2 4 12 22,1,a12,0,0,0,0,136,214
4,2 4 12 22,2,a02 a12,0,0,0,0,159,214
4,2 4 12 22,2,a04 a12,0,0,0,0,168,214
4,2 4 12 22,3,a02 a04 a12,0,0,0,0,191,214
4,2 4 12 22,1,a22,0,0,0,0,144,214
4,2 4 12 22,2,a02 a22,0,0,0,0,176,214
4,2 4 12 22,2,a04 a22,0,0,0,0,157,214
4,2 4 12 22,3,a02 a04 a22,0,0,0,0,189,214
4,2 4 12 22,2,a12 a22,0,0,0,0,179,214
4,2 4 12 22,3,a02 a12 a22,0,0,0,0,191,214
4,2 4 12 22,3,a04 a12 a22,0,0,0,0,191,214
4,2 4 12 22,4,a02 a04 a12 a22,0,0,0,0,203,214
4,2 4 13 20,0,,1,1,1,0,0,352
4,2 4 13 20,1,a02,1,1,1,0,204,352
4,2 4 13 20,1,a04,0,0,0,0,196,352
4,2 4 13 20,2,a02 a04,0,0,0,0,279,352
4,2 4 13 20,1,a13,0,0,0,0,196,352
4,2 4 13 20,2,a02 a13,0,0,0,0,279,352
4,2 4 13 20,2,a04 a13,0,0,0,0,290,352
4,2 4 13 20,3,a02 a04 a13,0,0,0,0,319,352
4,2 4 13 20,1,a20,0,0,0,0,285,352
4,2 4 13 20,2,a02 a20,0,0,0,0,304,352
4,2 4 13 20,2,a04 a20,0,0,0,0,302,352
4,2 4 13 20,3,a02 a04 a20,0,0,0,0,321,352
4,2 4 13 20,2,a13 a20,0,0,0,0,302,352
4,2 4 13 20,3,a02 a13 a20,0,0,0,0,321,352
4,2 4 13 20,3,a04 a13 a20,0,0,0,0,317,352
4,2 4 13 20,4,a02 a04 a13 a20,0,0,0,0,336,352
4,2 4 13 21,0,,1,1,1,0,0,58
4,2 4 13 21,1,a02,1,1,1,0,19,58
4,2 4 13 21,1,a04,0,0,0,0,19,58
4,2 4 13 21,2,a02 a04,0,0,0,0,38,58
4,2 4 13 21,1,a13,1,1,1,0,7,58
4,2 4 13 21,2,a02 a13,1,1,1,0,26,58
4,2 4 13 21,2,a04 a13,0,0,0,0,26,58
4,2 4 13 21,3,a02 a04 a13,0,0,0,0,45,58
4,2 4 13 21,1,a21,0,0,0,0,31,58
4,2 4 13 21,2,a02 a21,0,0,0,0,38,58
4,2 4 13 21,2,a04 a21,0,0,0,0,38,58
4,2 4 13 21,3,a02 a04 a21,0,0,0,0,45,58
4,2 4 13 21,2,a13 a21,0,0,0,0,38,58
4,2 4 13 21,3,a02 a13 a21,0,0,0,0,45,58
4,2 4 13 21,3,a04 a13 a21,0,0,0,0,45,58
4,2 4 13 21,4,a02 a04 a13 a21,0,0,0,0,52,58
4,2 4 14 21,0,,1,1,1,0,0,58
4,2 4 14 21,1,a02,1,1,1,0,19,58
4,2 4 14 21,1,a04,0,0,0,0,19,58
4,2 4 14 21,2,a02 a04,0,0,0,0,38,58
4,2 4 14 21,1,a14,1,1,1,0,7,58
4,2 4 14 21,2,a02 a14,1,1,1,0,26,58
4,2 4 14 21,2,a04 a14,0,0,0,0,26,58
4,2 4 14 21,3,a02 a04 a14,0,0,0,0,45,58
4,2 4 14 21,1,a21,0,0,0,0,31,58
4,2 4 14 21,2,a02 a21,0,0,0,0,38,58
4,2 4 14 21,2,a04 a21,0,0,0,0,38,58
4,2 4 14 21,3,a02 a04 a21,0,0,0,0,45,58
4,2 4 14 21,2,a14 a21,0,0,0,0,38,58
4,2 4 14 21,3,a02 a14 a21,0,0,0,0,45,58
4,2 4 14 21,3,a04 a14 a21,0,0,0,0,45,58
4,2 4 14 21,4,a02 a04 a14 a21,0,0,0,0,52,58
4,2 4 15 18,0,,1,1,1,0,0,214
4,2 4 15 18,1,a02,1,1,1,0,97,214
4,2 4 15 18,1,a04,0,0,0,0,60,214
4,2 4 15 18,2,a02 a04,0,0,0,0,157,214
4,2 4 15 18,1,a15,0,0,0,0,136,214
4,2 4 15 18,2,a02 a15,0,0,0,0,159,214
4,2 4 15 18,2,a04 a15,0,0,0,0,168,214
4,2 4 15 18,3,a02 a04 a15,0,0,0,0,191,214
4,2 4 15 18,1,a18,0,0,0,0,144,214
4,2 4 15 18,2,a02 a18,0,0,0,0,176,214
4,2 4 15 18,2,a04 a18,0,0,0,0,157,214
4,2 4 15 18,3,a02 a04 a18,0,0,0,0,189,214
4,2 4 15 18,2,a15 a18,0,0,0,0,179,214
4,2 4 15 18,3,a02 a15 a18,0,0,0,0,191,214
4,2 4 15 18,3,a04 a15 a18,0,0,0,0,191,214
4,2 4 15 18,4,a02 a04 a15 a18,0,0,0,0,203,214
4,2 4 15 21,0,,1,1,1,0,0,116
4,2 4 15 21,1,a02,1,1,1,0,62,116
4,2 4 15 21,1,a04,0,0,0,0,25,116
4,2 4 15 21,2,a02 a04,0,0,0,0,87,116
4,2 4 15 21,1,a15,1,1,1,0,48,116
4,2 4 15 21,2,a02 a15,1,1,1,0,73,116
4,2 4 15 21,2,a04 a15,0,0,0,0,73,116
4,2 4 15 21,3,a02 a04 a15,0,0,0,0,98,116
4,2 4 15 21,1,a21,0,0,0,0,64,116
4,2 4 15 21,2,a02 a21,0,0,0,0,89,116
4,2 4 15 21,2,a04 a21,0,0,0,0,73,116
4,2 4 15 21,3,a02 a04 a21,0,0,0,0,98,116
4,2 4 15 21,2,a15 a21,0,0,0,0,90,116
4,2 4 15 21,3,a02 a15 a21,0,0,0,0,99,116
4,2 4 15 21,3,a04 a15 a21,0,0,0,0,99,116
4,2 4 15 21,4,a02 a04 a15 a21,0,0,0,0,108,116
4,2 4 16 21,0,,1,1,1,0,0,116
4,2 4 16 21,1,a02,1,1,1,0,62,116
4,2 4 16 21,1,a04,0,0,0,0,25,116
4,2 4 16 21,2,a02 a04,0,0,0,0,87,116
4,2 4 16 21,1,a16,1,1,1,0,48,116
4,2 4 16 21,2,a02 a16,1,1,1,0,73,116
4,2 4 16 21,2,a04 a16,0,0,0,0,73,116
4,2 4 16 21,3,a02 a04 a16,0,0,0,0,98,116
4,2 4 16 21,1,a21,0,0,0,0,64,116
4,2 4 16 21,2,a02 a21,0,0,0,0,89,116
4,2 4 16 21,2,a04 a21,0,0,0,0,73,116
4,2 4 16 21,3,a02 a04 a21,0,0,0,0,98,116
4,2 4 16 21,2,a16 a21,0,0,0,0,90,116
4,2 4 16 21,3,a02 a16 a21,0,0,0,0,99,116
4,2 4 16 21,3,a04 a16 a21,0,0,0,0,99,116
4,2 4 16 21,4,a02 a04 a16 a21,0,0,0,0,108,116
4,2 4 17 21,0,,1,1,1,0,0,224
4,2 4 17 21,1,a02,1,1,1,0,141,224
4,2 4 17 21,1,a04,0,0,0,0,122,224
4,2 4 17 21,2,a02 a04,0,0,0,0,186,224
4,2 4 17 21,1,a17,1,1,1,0,141,224
4,2 4 17 21,2,a02 a17,1,1,1,0,167,224
4,2 4 17 21,2,a04 a17,0,0,0,0,174,224
4,2 4 17 21,3,a02 a04 a17,0,0,0,0,200,224
4,2 4 17 21,1,a21,0,0,0,0,122,224
4,2 4 17 21,2,a02 a21,0,0,0,0,174,224
4,2 4 17 21,2,a04 a21,0,0,0,0,181,224
4,2 4 17 21,3,a02 a04 a21,0,0,0,0,198,224
4,2 4 17 21,2,a17 a21,0,0,0,0,186,224
4,2 4 17 21,3,a02 a17 a21,0,0,0,0,200,224
4,2 4 17 21,3,a04 a17 a21,0,0,0,0,198,224
4,2 4 17 21,4,a02 a04 a17 a21,0,0,0,0,212,224
4,2 4 18 21,0,,1,1,1,0,0,88
4,2 4 18 21,1,a02,1,1,1,0,29,88
4,2 4 18 21,1,a04,0,0,0,0,36,88
4,2 4 18 21,2,a02 a04,0,0,0,0,65,88
4,2 4 18 21,1,a18,1,1,1,0,36,88
4,2 4 18 21,2,a02 a18,1,1,1,0,51,88
4,2 4 18 21,2,a04 a18,0,0,0,0,58,88
4,2 4 18 21,3,a02 a04 a18,0,0,0,0,73,88
4,2 4 18 21,1,a21,0,0,0,0,36,88
4,2 4 18 21,2,a02 a21,0,0,0,0,51,88
4,2 4 18 21,2,a04 a21,0,0,0,0,58,88
4,2 4 18 21,3,a02 a04 a21,0,0,0,0,73,88
4,2 4 18 21,2,a18 a21,0,0,0,0,65,88
4,2 4 18 21,3,a02 a18 a21,0,0,0,0,73,88
4,2 4 18 21,3,a04 a18 a21,0,0,0,0,73,88
4,2 4 18 21,4,a02 a04 a18 a21,0,0,0,0,81,88
4,2 4 18 24,0,,1,1,1,0,0,472
4,2 4 18 24,1,a02,1,1,1,0,258,472
4,2 4 18 24,1,a04,0,0,0,0,350,472
4,2 4 18 24,2,a02 a04,0,0,0,0,402,472
4,2 4 18 24,1,a18,0,0,0,0,312,472
4,2 4 18 24,2,a02 a18,0,0,0,0,391,472
4,2 4 18 24,2,a04 a18,0,0,0,0,412,472
4,2 4 18 24,3,a02 a04 a18,0,0,0,0,435,472
4,2 4 18 24,1,a24,0,0,0,0,358,472
4,2 4 18 24,2,a02 a24,0,0,0,0,392,472
4,2 4 18 24,2,a04 a24,0,0,0,0,402,472
4,2 4 18 24,3,a02 a04 a24,0,0,0,0,436,472
4,2 4 18 24,2,a18 a24,0,0,0,0,416,472
4,2 4 18 24,3,a02 a18 a24,0,0,0,0,435,472
4,2 4 18 24,3,a04 a18 a24,0,0,0,0,434,472
4,2 4 18 24,4,a02 a04 a18 a24,0,0,0,0,453,472
4,2 4 19 21,0,,1,1,1,0,0,70
4,2 4 19 21,1,a02,1,1,1,0,25,70
4,2 4 19 21,1,a04,0,0,0,0,31,70
4,2 4 19 21,2,a02 a04,0,0,0,0,50,70
4,2 4 19 21,1,a19,1,1,1,0,25,70
4,2 4 19 21,2,a02 a19,1,1,1,0,38,70
4,2 4 19 21,2,a04 a19,0,0,0,0,44,70
4,2 4 19 21,3,a02 a04 a19,0,0,0,0,57,70
4,2 4 19 21,1,a21,0,0,0,0,31,70
4,2 4 19 21,2,a02 a21,0,0,0,0,44,70
4,2 4 19 21,2,a04 a21,0,0,0,0,44,70
4,2 4 19 21,3,a02 a04 a21,0,0,0,0,57,70
4,2 4 19 21,2,a19 a21,0,0,0,0,50,70
4,2 4 19 21,3,a02 a19 a21,0,0,0,0,57,70
4,2 4 19 21,3,a04 a19 a21,0,0,0,0,57,70
4,2 4 19 21,4,a02 a04 a19 a21,0,0,0,0,64,70
4,2 4 20 21,0,,1,1,1,0,0,279
4,2 4 20 21,1,a02,1,1,1,0,177,279
4,2 4 20 21,1,a04,0,0,0,0,160,279
4,2 4 20 21,2,a02 a04,0,0,0,0,236,279
4,2 4 20 21,1,a20,1,1,1,0,187,279
4,2 4 20 21,2,a02 a20,1,1,1,0,216,279
4,2 4 20 21,2,a04 a20,0,0,0,0,223,279
4,2 4 20 21,3,a02 a04 a20,0,0,0,0,252,279
4,2 4 20 21,1,a21,0,0,0,0,145,279
4,2 4 20 21,2,a02 a21,0,0,0,0,213,279
4,2 4 20 21,2,a04 a21,0,0,0,0,227,279
4,2 4 20 21,3,a02 a04 a21,0,0,0,0,249,279
4,2 4 20 21,2,a20 a21,0,0,0,0,236,279
4,2 4 20 21,3,a02 a20 a21,0,0,0,0,252,279
4,2 4 20 21,3,a04 a20 a21,0,0,0,0,249,279
4,2 4 20 21,4,a02 a04 a20 a21,0,0,0,0,265,279
4,2 4 20 22,0,,1,1,1,0,0,472
4,2 4 20 22,1,a02,1,1,1,0,258,472
4,2 4 20 22,1,a04,0,0,0,0,350,472
4,2 4 20 22,2,a02 a04,0,0,0,0,402,472
4,2 4 20 22,1,a20,0,0,0,0,358,472
4,2 4 20 22,2,a02 a20,0,0,0,0,392,472
4,2 4 20 22,2,a04 a20,0,0,0,0,402,472
4,2 4 20 22,3,a02 a04 a20,0,0,0,0,436,472
4,2 4 20 22,1,a22,0,0,0,0,312,472
4,2 4 20 22,2,a02 a22,0,0,0,0,391,472
4,2 4 20 22,2,a04 a22,0,0,0,0,412,472
4,2 4 20 22,3,a02 a04 a22,0,0,0,0,435,472
4,2 4 20 22,2,a20 a22,0,0,0,0,416,472
4,2 4 20 22,3,a02 a20 a22,0,0,0,0,435,472
4,2 4 20 22,3,a04 a20 a22,0,0,0,0,434,472
4,2 4 20 22,4,a02 a04 a20 a22,0,0,0,0,453,472
4,2 4 21 22,0,,1,1,1,0,0,88
4,2 4 21 22,1,a02,1,1,1,0,29,88
4,2 4 21 22,1,a04,0,0,0,0,36,88
4,2 4 21 22,2,a02 a04,0,0,0,0,65,88
4,2 4 21 22,1,a21,0,0,0,0,36,88
4,2 4 21 22,2,a02 a21,0,0,0,0,51,88
4,2 4 21 22,2,a04 a21,0,0,0,0,58,88
4,2 4 21 22,3,a02 a04 a21,0,0,0,0,73,88
4,2 4 21 22,1,a22,1,1,1,0,36,88
4,2 4 21 22,2,a02 a22,1,1,1,0,51,88
4,2 4 21 22,2,a04 a22,0,0,0,0,58,88
4,2 4 21 22,3,a02 a04 a22,0,0,0,0,73,88
4,2 4 21 22,2,a21 a22,0,0,0,0,65,88
4,2 4 21 22,3,a02 a21 a22,0,0,0,0,73,88
4,2 4 21 22,3,a04 a21 a22,0,0,0,0,73,88
4,2 4 21 22,4,a02 a04 a21 a22,0,0,0,0,81,88
4,2 4 21 23,0,,1,1,1,0,0,81
4,2 4 21 23,1,a02,1,1,1,0,22,81
4,2 4 21 23,1,a04,0,0,0,0,36,81
4,2 4 21 23,2,a02 a04,0,0,0,0,58,81
4,2 4 21 23,1,a21,0,0,0,0,36,81
4,2 4 21 23,2,a02 a21,0,0,0,0,44,81
4,2 4 21 23,2,a04 a21,0,0,0,0,58,81
4,2 4 21 23,3,a02 a04 a21,0,0,0,0,66,81
4,2 4 21 23,1,a23,1,1,1,0,22,81
4,2 4 21 23,2,a02 a23,1,1,1,0,44,81
4,2 4 21 23,2,a04 a23,0,0,0,0,44,81
4,2 4 21 23,3,a02 a04 a23,0,0,0,0,66,81
4,2 4 21 23,2,a21 a23,0,0,0,0,58,81
4,2 4 21 23,3,a02 a21 a23,0,0,0,0,66,81
4,2 4 21 23,3,a04 a21 a23,0,0,0,0,66,81
4,2 4 21 23,4,a02 a04 a21 a23,0,0,0,0,74,81
4,2 4 21 24,0,,1,1,1,0,0,279
4,2 4 21 24,1,a02,1,1,1,0,177,279
4,2 4 21 24,1,a04,0,0,0,0,160,279
4,2 4 21 24,2,a02 a04,0,0,0,0,236,279
4,2 4 21 24,1,a21,0,0,0,0,145,279
4,2 4 21 24,2,a02 a21,0,0,0,0,213,279
4,2 4 21 24,2,a04 a21,0,0,0,0,227,279
4,2 4 21 24,3,a02 a04 a21,0,0,0,0,249,279
4,2 4 21 24,1,a24,1,1,1,0,187,279
4,2 4 21 24,2,a02 a24,1,1,1,0,216,279
4,2 4 21 24,2,a04 a24,0,0,0,0,223,279
4,2 4 21 24,3,a02 a04 a24,0,0,0,0,252,279
4,2 4 21 24,2,a21 a24,0,0,0,0,236,279
4,2 4 21 24,3,a02 a21 a24,0,0,0,0,252,279
4,2 4 21 24,3,a04 a21 a24,0,0,0,0,249,279
4,2 4 21 24,4,a02 a04 a21 a24,0,0,0,0,265,279
4,2 4 21 25,0,,1,1,1,0,0,224
4,2 4 21 25,1,a02,1,1,1,0,141,224
4,2 4 21 25,1,a04,0,0,0,0,122,224
4,2 4 21 25,2,a02 a04,0,0,0,0,186,224
4,2 4 21 25,1,a21,0,0,0,0,122,224
4,2 4 21 25,2,a02 a21,0,0,0,0,174,224
4,2 4 21 25,2,a04 a21,0,0,0,0,181,224
4,2 4 21 25,3,a02 a04 a21,0,0,0,0,198,224
4,2 4 21 25,1,a25,1,1,1,0,141,224
4,2 4 21 25,2,a02 a25,1,1,1,0,167,224
4,2 4 21 25,2,a04 a25,0,0,0,0,174,224
4,2 4 21 25,3,a02 a04 a25,0,0,0,0,200,224
4,2 4 21 25,2,a21 a25,0,0,0,0,186,224
4,2 4 21 25,3,a02 a21 a25,0,0,0,0,200,224
4,2 4 21 25,3,a04 a21 a25,0,0,0,0,198,224
4,2 4 21 25,4,a02 a04 a21 a25,0,0,0,0,212,224
4,2 5 10 15,0,,1,1,1,0,0,44
4,2 5 10 15,1,a02,1,1,1,0,16,44
4,2 5 10 15,1,a05,1,1,1,0,6,44
4,2 5 10 15,2,a02 a05,1,1,1,0,17,44
4,2 5 10 15,1,a10,0,0,0,0,16,44
4,2 5 10 15,2,a02 a10,0,0,0,0,32,44
4,2 5 10 15,2,a05 a10,0,0,0,0,22,44
4,2 5 10 15,3,a02 a05 a10,0,0,0,0,33,44
4,2 5 10 15,1,a15,0,0,0,0,26,44
4,2 5 10 15,2,a02 a15,0,0,0,0,32,44
4,2 5 10 15,2,a05 a15,0,0,0,0,27,44
4,2 5 10 15,3,a02 a05 a15,0,0,0,0,33,44
4,2 5 10 15,2,a10 a15,0,0,0,0,32,44
4,2 5 10 15,3,a02 a10 a15,0,0,0,0,38,44
4,2 5 10 15,3,a05 a10 a15,0,0,0,0,33,44
4,2 5 10 15,4,a02 a05 a10 a15,0,0,0,0,39,44
4,2 5 12 13,0,,1,1,1,0,0,81
4,2 5 12 13,1,a02,1,1,1,0,22,81
4,2 5 12 13,1,a05,1,1,1,0,22,81
4,2 5 12 13,2,a02 a05,1,1,1,0,44,81
4,2 5 12 13,1,a12,0,0,0,0,50,81
4,2 5 12 13,2,a02 a12,0,0,0,0,58,81
4,2 5 12 13,2,a05 a12,0,0,0,0,58,81
4,2 5 12 13,3,a02 a05 a12,0,0,0,0,66,81
4,2 5 12 13,1,a13,0,0,0,0,22,81
4,2 5 12 13,2,a02 a13,0,0,0,0,44,81
4,2 5 12 13,2,a05 a13,0,0,0,0,44,81
4,2 5 12 13,3,a02 a05 a13,0,0,0,0,66,81
4,2 5 12 13,2,a12 a13,0,0,0,0,58,81
4,2 5 12 13,3,a02 a12 a13,0,0,0,0,66,81
4,2 5 12 13,3,a05 a12 a13,0,0,0,0,66,81
4,2 5 12 13,4,a02 a05 a12 a13,0,0,0,0,74,81
4,2 5 12 21,0,,1,1,1,0,0,194
4,2 5 12 21,1,a02,1,1,1,0,78,194
4,2 5 12 21,1,a05,0,0,0,0,78,194
4,2 5 12 21,2,a02 a05,0,0,0,0,156,194
4,2 5 12 21,1,a12,0,0,0,0,109,194
4,2 5 12 21,2,a02 a12,0,0,0,0,140,194
4,2 5 12 21,2,a05 a12,0,0,0,0,140,194
4,2 5 12 21,3,a02 a05 a12,0,0,0,0,171,194
4,2 5 12 21,1,a21,0,0,0,0,109,194
4,2 5 12 21,2,a02 a21,0,0,0,0,140,194
4,2 5 12 21,2,a05 a21,0,0,0,0,140,194
4,2 5 12 21,3,a02 a05 a21,0,0,0,0,171,194
4,2 5 12 21,2,a12 a21,0,0,0,0,162,194
4,2 5 12 21,3,a02 a12 a21,0,0,0,0,173,194
4,2 5 12 21,3,a05 a12 a21,0,0,0,0,173,194
4,2 5 12 21,4,a02 a05 a12 a21,0,0,0,0,184,194
4,2 5 12 22,0,,1,1,1,0,0,279
4,2 5 12 22,1,a02,1,1,1,0,107,279
4,2 5 12 22,1,a05,0,0,0,0,107,279
4,2 5 12 22,2,a02 a05,0,0,0,0,214,279
4,2 5 12 22,1,a12,0,0,0,0,202,279
4,2 5 12 22,2,a02 a12,0,0,0,0,227,279
4,2 5 12 22,2,a05 a12,0,0,0,0,227,279
4,2 5 12 22,3,a02 a05 a12,0,0,0,0,252,279
4,2 5 12 22,1,a22,0,0,0,0,180,279
4,2 5 12 22,2,a02 a22,0,0,0,0,215,279
4,2 5 12 22,2,a05 a22,0,0,0,0,215,279
4,2 5 12 22,3,a02 a05 a22,0,0,0,0,250,279
4,2 5 12 22,2,a12 a22,0,0,0,0,240,279
4,2 5 12 22,3,a02 a12 a22,0,0,0,0,253,279
4,2 5 12 22,3,a05 a12 a22,0,0,0,0,253,279
4,2 5 12 22,4,a02 a05 a12 a22,0,0,0,0,266,279
4,2 6 10 15,0,,1,1,1,0,0,224
4,2 6 10 15,1,a02,1,1,1,0,141,224
4,2 6 10 15,1,a06,1,1,1,0,141,224
4,2 6 10 15,2,a02 a06,1,1,1,0,167,224
4,2 6 10 15,1,a10,0,0,0,0,122,224
4,2 6 10 15,2,a02 a10,0,0,0,0,186,224
4,2 6 10 15,2,a06 a10,0,0,0,0,174,224
4,2 6 10 15,3,a02 a06 a10,0,0,0,0,200,224
4,2 6 10 15,1,a15,0,0,0,0,122,224
4,2 6 10 15,2,a02 a15,0,0,0,0,174,224
4,2 6 10 15,2,a06 a15,0,0,0,0,186,224
4,2 6 10 15,3,a02 a06 a15,0,0,0,0,200,224
4,2 6 10 15,2,a10 a15,0,0,0,0,181,224
4,2 6 10 15,3,a02 a10 a15,0,0,0,0,198,224
4,2 6 10 15,3,a06 a10 a15,0,0,0,0,198,224
4,2 6 10 15,4,a02 a06 a10 a15,0,0,0,0,212,224
4,2 6 12 13,0,,1,1,1,0,0,224
4,2 6 12 13,1,a02,1,1,1,0,141,224
4,2 6 12 13,1,a06,1,1,1,0,141,224
4,2 6 12 13,2,a02 a06,1,1,1,0,167,224
4,2 6 12 13,1,a12,0,0,0,0,122,224
4,2 6 12 13,2,a02 a12,0,0,0,0,174,224
4,2 6 12 13,2,a06 a12,0,0,0,0,186,224
4,2 6 12 13,3,a02 a06 a12,0,0,0,0,200,224
4,2 6 12 13,1,a13,0,0,0,0,122,224
4,2 6 12 13,2,a02 a13,0,0,0,0,186,224
4,2 6 12 13,2,a06 a13,0,0,0,0,174,224
4,2 6 12 13,3,a02 a06 a13,0,0,0,0,200,224
4,2 6 12 13,2,a12 a13,0,0,0,0,181,224
4,2 6 12 13,3,a02 a12 a13,0,0,0,0,198,224
4,2 6 12 13,3,a06 a12 a13,0,0,0,0,198,224
4,2 6 12 13,4,a02 a06 a12 a13,0,0,0,0,212,224
4,2 7 9 21,0,,1,1,1,0,0,606
4,2 7 9 21,1,a02,0,0,0,0,420,606
4,2 7 9 21,1,a07,0,0,0,0,461,606
4,2 7 9 21,2,a02 a07,0,0,0,0,539,606
4,2 7 9 21,1,a09,0,0,0,0,375,606
4,2 7 9 21,2,a02 a09,0,0,0,0,514,606
4,2 7 9 21,2,a07 a09,0,0,0,0,516,606
4,2 7 9 21,3,a02 a07 a09,0,0,0,0,562,606
4,2 7 9 21,1,a21,0,0,0,0,453,606
4,2 7 9 21,2,a02 a21,0,0,0,0,517,606
4,2 7 9 21,2,a07 a21,0,0,0,0,531,606
4,2 7 9 21,3,a02 a07 a21,0,0,0,0,564,606
4,2 7 9 21,2,a09 a21,0,0,0,0,531,606
4,2 7 9 21,3,a02 a09 a21,0,0,0,0,564,606
4,2 7 9 21,3,a07 a09 a21,0,0,0,0,565,606
4,2 7 9 21,4,a02 a07 a09 a21,0,0,0,0,583,606
4,2 7 10 15,0,,1,1,1,0,0,88
4,2 7 10 15,1,a02,1,1,1,0,29,88
4,2 7 10 15,1,a07,1,1,1,0,36,88
4,2 7 10 15,2,a02 a07,1,1,1,0,51,88
4,2 7 10 15,1,a10,0,0,0,0,36,88
4,2 7 10 15,2,a02 a10,0,0,0,0,65,88
4,2 7 10 15,2,a07 a10,0,0,0,0,58,88
4,2 7 10 15,3,a02 a07 a10,0,0,0,0,73,88
4,2 7 10 15,1,a15,0,0,0,0,36,88
4,2 7 10 15,2,a02 a15,0,0,0,0,51,88
4,2 7 10 15,2,a07 a15,0,0,0,0,65,88
4,2 7 10 15,3,a02 a07 a15,0,0,0,0,73,88
4,2 7 10 15,2,a10 a15,0,0,0,0,58,88
4,2 7 10 15,3,a02 a10 a15,0,0,0,0,73,88
4,2 7 10 15,3,a07 a10 a15,0,0,0,0,73,88
4,2 7 10 15,4,a02 a07 a10 a15,0,0,0,0,81,88
4,2 7 10 21,0,,1,1,1,0,0,214
4,2 7 10 21,1,a02,1,1,1,0,97,214
4,2 7 10 21,1,a07,0,0,0,0,144,214
4,2 7 10 21,2,a02 a07,0,0,0,0,176,214
4,2 7 10 21,1,a10,0,0,0,0,60,214
4,2 7 10 21,2,a02 a10,0,0,0,0,157,214
4,2 7 10 21,2,a07 a10,0,0,0,0,157,214
4,2 7 10 21,3,a02 a07 a10,0,0,0,0,189,214
4,2 7 10 21,1,a21,0,0,0,0,136,214
4,2 7 10 21,2,a02 a21,0,0,0,0,159,214
4,2 7 10 21,2,a07 a21,0,0,0,0,179,214
4,2 7 10 21,3,a02 a07 a21,0,0,0,0,191,214
4,2 7 10 21,2,a10 a21,0,0,0,0,168,214
4,2 7 10 21,3,a02 a10 a21,0,0,0,0,191,214
4,2 7 10 21,3,a07 a10 a21,0,0,0,0,191,214
4,2 7 10 21,4,a02 a07 a10 a21,0,0,0,0,203,214
4,2 7 10 24,0,,1,1,1,0,0,472
4,2 7 10 24,1,a02,1,1,1,0,258,472
4,2 7 10 24,1,a07,0,0,0,0,312,472
4,2 7 10 24,2,a02 a07,0,0,0,0,391,472
4,2 7 10 24,1,a10,0,0,0,0,350,472
4,2 7 10 24,2,a02 a10,0,0,0,0,402,472
4,2 7 10 24,2,a07 a10,0,0,0,0,412,472
4,2 7 10 24,3,a02 a07 a10,0,0,0,0,435,472
4,2 7 10 24,1,a24,0,0,0,0,358,472
4,2 7 10 24,2,a02 a24,0,0,0,0,392,472
4,2 7 10 24,2,a07 a24,0,0,0,0,416,472
4,2 7 10 24,3,a02 a07 a24,0,0,0,0,435,472
4,2 7 10 24,2,a10 a24,0,0,0,0,402,472
4,2 7 10 24,3,a02 a10 a24,0,0,0,0,436,472
4,2 7 10 24,3,a07 a10 a24,0,0,0,0,434,472
4,2 7 10 24,4,a02 a07 a10 a24,0,0,0,0,453,472
4,2 7 12 13,0,,1,1,1,0,0,116
4,2 7 12 13,1,a02,1,1,1,0,62,116
4,2 7 12 13,1,a07,1,1,1,0,48,116
4,2 7 12 13,2,a02 a07,1,1,1,0,73,116
4,2 7 12 13,1,a12,0,0,0,0,64,116
4,2 7 12 13,2,a02 a12,0,0,0,0,89,116
4,2 7 12 13,2,a07 a12,0,0,0,0,90,116
4,2 7 12 13,3,a02 a07 a12,0,0,0,0,99,116
4,2 7 12 13,1,a13,0,0,0,0,25,116
4,2 7 12 13,2,a02 a13,0,0,0,0,87,116
4,2 7 12 13,2,a07 a13,0,0,0,0,73,116
4,2 7 12 13,3,a02 a07 a13,0,0,0,0,98,116
4,2 7 12 13,2,a12 a13,0,0,0,0,73,116
4,2 7 12 13,3,a02 a12 a13,0,0,0,0,98,116
4,2 7 12 13,3,a07 a12 a13,0,0,0,0,99,116
4,2 7 12 13,4,a02 a07 a12 a13,0,0,0,0,108,116
4,2 7 12 21,0,,1,1,1,0,0,364
4,2 7 12 21,1,a02,0,0,0,0,268,364
4,2 7 12 21,1,a07,0,0,0,0,218,364
4,2 7 12 21,2,a02 a07,0,0,0,0,313,364
4,2 7 12 21,1,a12,0,0,0,0,175,364
4,2 7 12 21,2,a02 a12,0,0,0,0,292,364
4,2 7 12 21,2,a07 a12,0,0,0,0,294,364
4,2 7 12 21,3,a02 a07 a12,0,0,0,0,332,364
4,2 7 12 21,1,a21,0,0,0,0,253,364
4,2 7 12 21,2,a02 a21,0,0,0,0,316,364
4,2 7 12 21,2,a07 a21,0,0,0,0,295,364
4,2 7 12 21,3,a02 a07 a21,0,0,0,0,333,364
4,2 7 12 21,2,a12 a21,0,0,0,0,306,364
4,2 7 12 21,3,a02 a12 a21,0,0,0,0,333,364
4,2 7 12 21,3,a07 a12 a21,0,0,0,0,335,364
4,2 7 12 21,4,a02 a07 a12 a21,0,0,0,0,349,364
4,2 7 12 22,0,,1,1,1,0,0,606
4,2 7 12 22,1,a02,0,0,0,0,420,606
4,2 7 12 22,1,a07,0,0,0,0,375,606
4,2 7 12 22,2,a02 a07,0,0,0,0,514,606
4,2 7 12 22,1,a12,0,0,0,0,453,606
4,2 7 12 22,2,a02 a12,0,0,0,0,517,606
4,2 7 12 22,2,a07 a12,0,0,0,0,531,606
4,2 7 12 22,3,a02 a07 a12,0,0,0,0,564,606
4,2 7 12 22,1,a22,0,0,0,0,461,606
4,2 7 12 22,2,a02 a22,0,0,0,0,539,606
4,2 7 12 22,2,a07 a22,0,0,0,0,516,606
4,2 7 12 22,3,a02 a07 a22,0,0,0,0,562,606
4,2 7 12 22,2,a12 a22,0,0,0,0,531,606
4,2 7 12 22,3,a02 a12 a22,0,0,0,0,564,606
4,2 7 12 22,3,a07 a12 a22,0,0,0,0,565,606
4,2 7 12 22,4,a02 a07 a12 a22,0,0,0,0,583,606
4,2 8 10 15,0,,1,1,1,0,0,70
4,2 8 10 15,1,a02,1,1,1,0,25,70
4,2 8 10 15,1,a08,1,1,1,0,25,70
4,2 8 10 15,2,a02 a08,1,1,1,0,38,70
4,2 8 10 15,1,a10,0,0,0,0,31,70
4,2 8 10 15,2,a02 a10,0,0,0,0,50,70
4,2 8 10 15,2,a08 a10,0,0,0,0,44,70
4,2 8 10 15,3,a02 a08 a10,0,0,0,0,57,70
4,2 8 10 15,1,a15,0,0,0,0,31,70
4,2 8 10 15,2,a02 a15,0,0,0,0,44,70
4,2 8 10 15,2,a08 a15,0,0,0,0,50,70
4,2 8 10 15,3,a02 a08 a15,0,0,0,0,57,70
4,2 8 10 15,2,a10 a15,0,0,0,0,44,70
4,2 8 10 15,3,a02 a10 a15,0,0,0,0,57,70
4,2 8 10 15,3,a08 a10 a15,0,0,0,0,57,70
4,2 8 10 15,4,a02 a08 a10 a15,0,0,0,0,64,70
4,2 8 12 13,0,,1,1,1,0,0,166
4,2 8 12 13,1,a02,1,1,1,0,87,166
4,2 8 12 13,1,a08,1,1,1,0,87,166
4,2 8 12 13,2,a02 a08,1,1,1,0,116,166
4,2 8 12 13,1,a12,0,0,0,0,114,166
4,2 8 12 13,2,a02 a12,0,0,0,0,135,166
4,2 8 12 13,2,a08 a12,0,0,0,0,135,166
4,2 8 12 13,3,a02 a08 a12,0,0,0,0,146,166
4,2 8 12 13,1,a13,0,0,0,0,28,166
4,2 8 12 13,2,a02 a13,0,0,0,0,115,166
4,2 8 12 13,2,a08 a13,0,0,0,0,115,166
4,2 8 12 13,3,a02 a08 a13,0,0,0,0,144,166
4,2 8 12 13,2,a12 a13,0,0,0,0,124,166
4,2 8 12 13,3,a02 a12 a13,0,0,0,0,145,166
4,2 8 12 13,3,a08 a12 a13,0,0,0,0,145,166
4,2 8 12 13,4,a02 a08 a12 a13,0,0,0,0,156,166
4,2 8 12 21,0,,1,1,1,0,0,606
4,2 8 12 21,1,a02,0,0,0,0,420,606
4,2 8 12 21,1,a08,0,0,0,0,420,606
4,2 8 12 21,2,a02 a08,0,0,0,0,536,606
4,2 8 12 21,1,a12,0,0,0,0,416,606
4,2 8 12 21,2,a02 a12,0,0,0,0,517,606
4,2 8 12 21,2,a08 a12,0,0,0,0,517,606
4,2 8 12 21,3,a02 a08 a12,0,0,0,0,563,606
4,2 8 12 21,1,a21,0,0,0,0,416,606
4,2 8 12 21,2,a02 a21,0,0,0,0,517,606
4,2 8 12 21,2,a08 a21,0,0,0,0,517,606
4,2 8 12 21,3,a02 a08 a21,0,0,0,0,563,606
4,2 8 12 21,2,a12 a21,0,0,0,0,532,606
4,2 8 12 21,3,a02 a12 a21,0,0,0,0,565,606
4,2 8 12 21,3,a08 a12 a21,0,0,0,0,565,606
4,2 8 12 21,4,a02 a08 a12 a21,0,0,0,0,583,606
4,2 8 12 22,0,,1,1,1,0,0,769
4,2 8 12 22,1,a02,0,0,0,0,508,769
4,2 8 12 22,1,a08,0,0,0,0,508,769
4,2 8 12 22,2,a02 a08,0,0,0,0,661,769
4,2 8 12 22,1,a12,0,0,0,0,628,769
4,2 8 12 22,2,a02 a12,0,0,0,0,684,769
4,2 8 12 22,2,a08 a12,0,0,0,0,684,769
4,2 8 12 22,3,a02 a08 a12,0,0,0,0,720,769
4,2 8 12 22,1,a22,0,0,0,0,552,769
4,2 8 12 22,2,a02 a22,0,0,0,0,664,769
4,2 8 12 22,2,a08 a22,0,0,0,0,664,769
4,2 8 12 22,3,a02 a08 a22,0,0,0,0,716,769
4,2 8 12 22,2,a12 a22,0,0,0,0,685,769
4,2 8 12 22,3,a02 a12 a22,0,0,0,0,721,769
4,2 8 12 22,3,a08 a12 a22,0,0,0,0,721,769
4,2 8 12 22,4,a02 a08 a12 a22,0,0,0,0,741,769
4,2 9 10 15,0,,1,1,1,0,0,166
4,2 9 10 15,1,a02,1,1,1,0,87,166
4,2 9 10 15,1,a09,1,1,1,0,87,166
4,2 9 10 15,2,a02 a09,1,1,1,0,116,166
4,2 9 10 15,1,a10,0,0,0,0,28,166
4,2 9 10 15,2,a02 a10,0,0,0,0,115,166
4,2 9 10 15,2,a09 a10,0,0,0,0,115,166
4,2 9 10 15,3,a02 a09 a10,0,0,0,0,144,166
4,2 9 10 15,1,a15,0,0,0,0,114,166
4,2 9 10 15,2,a02 a15,0,0,0,0,135,166
4,2 9 10 15,2,a09 a15,0,0,0,0,135,166
4,2 9 10 15,3,a02 a09 a15,0,0,0,0,146,166
4,2 9 10 15,2,a10 a15,0,0,0,0,124,166
4,2 9 10 15,3,a02 a10 a15,0,0,0,0,145,166
4,2 9 10 15,3,a09 a10 a15,0,0,0,0,145,166
4,2 9 10 15,4,a02 a09 a10 a15,0,0,0,0,156,166
4,2 9 11 15,0,,1,1,1,0,0,279
4,2 9 11 15,1,a02,1,1,1,0,107,279
4,2 9 11 15,1,a09,0,0,0,0,180,279
4,2 9 11 15,2,a02 a09,0,0,0,0,215,279
4,2 9 11 15,1,a11,0,0,0,0,107,279
4,2 9 11 15,2,a02 a11,0,0,0,0,214,279
4,2 9 11 15,2,a09 a11,0,0,0,0,215,279
4,2 9 11 15,3,a02 a09 a11,0,0,0,0,250,279
4,2 9 11 15,1,a15,0,0,0,0,202,279
4,2 9 11 15,2,a02 a15,0,0,0,0,227,279
4,2 9 11 15,2,a09 a15,0,0,0,0,240,279
4,2 9 11 15,3,a02 a09 a15,0,0,0,0,253,279
4,2 9 11 15,2,a11 a15,0,0,0,0,227,279
4,2 9 11 15,3,a02 a11 a15,0,0,0,0,252,279
4,2 9 11 15,3,a09 a11 a15,0,0,0,0,253,279
4,2 9 11 15,4,a02 a09 a11 a15,0,0,0,0,266,279
4,2 9 12 13,0,,1,1,1,0,0,88
4,2 9 12 13,1,a02,1,1,1,0,29,88
4,2 9 12 13,1,a09,1,1,1,0,36,88
4,2 9 12 13,2,a02 a09,1,1,1,0,51,88
4,2 9 12 13,1,a12,0,0,0,0,36,88
4,2 9 12 13,2,a02 a12,0,0,0,0,51,88
4,2 9 12 13,2,a09 a12,0,0,0,0,65,88
4,2 9 12 13,3,a02 a09 a12,0,0,0,0,73,88
4,2 9 12 13,1,a13,0,0,0,0,36,88
4,2 9 12 13,2,a02 a13,0,0,0,0,65,88
4,2 9 12 13,2,a09 a13,0,0,0,0,58,88
4,2 9 12 13,3,a02 a09 a13,0,0,0,0,73,88
4,2 9 12 13,2,a12 a13,0,0,0,0,58,88
4,2 9 12 13,3,a02 a12 a13,0,0,0,0,73,88
4,2 9 12 13,3,a09 a12 a13,0,0,0,0,73,88
4,2 9 12 13,4,a02 a09 a12 a13,0,0,0,0,81,88
4,2 9 13 14,0,,1,1,1,0,0,472
4,2 9 13 14,1,a02,1,1,1,0,258,472
4,2 9 13 14,1,a09,0,0,0,0,312,472
4,2 9 13 14,2,a02 a09,0,0,0,0,391,472
4,2 9 13 14,1,a13,0,0,0,0,350,472
4,2 9 13 14,2,a02 a13,0,0,0,0,402,472
4,2 9 13 14,2,a09 a13,0,0,0,0,412,472
4,2 9 13 14,3,a02 a09 a13,0,0,0,0,435,472
4,2 9 13 14,1,a14,0,0,0,0,358,472
4,2 9 13 14,2,a02 a14,0,0,0,0,392,472
4,2 9 13 14,2,a09 a14,0,0,0,0,416,472
4,2 9 13 14,3,a02 a09 a14,0,0,0,0,435,472
4,2 9 13 14,2,a13 a14,0,0,0,0,402,472
4,2 9 13 14,3,a02 a13 a14,0,0,0,0,436,472
4,2 9 13 14,3,a09 a13 a14,0,0,0,0,434,472
4,2 9 13 14,4,a02 a09 a13 a14,0,0,0,0,453,472
4,2 9 13 15,0,,1,1,1,0,0,214
4,2 9 13 15,1,a02,1,1,1,0,97,214
4,2 9 13 15,1,a09,0,0,0,0,144,214
4,2 9 13 15,2,a02 a09,0,0,0,0,176,214
4,2 9 13 15,1,a13,0,0,0,0,60,214
4,2 9 13 15,2,a02 a13,0,0,0,0,157,214
4,2 9 13 15,2,a09 a13,0,0,0,0,157,214
4,2 9 13 15,3,a02 a09 a13,0,0,0,0,189,214
4,2 9 13 15,1,a15,0,0,0,0,136,214
4,2 9 13 15,2,a02 a15,0,0,0,0,159,214
4,2 9 13 15,2,a09 a15,0,0,0,0,179,214
4,2 9 13 15,3,a02 a09 a15,0,0,0,0,191,214
4,2 9 13 15,2,a13 a15,0,0,0,0,168,214
4,2 9 13 15,3,a02 a13 a15,0,0,0,0,191,214
4,2 9 13 15,3,a09 a13 a15,0,0,0,0,191,214
4,2 9 13 15,4,a02 a09 a13 a15,0,0,0,0,203,214
4,2 9 15 18,0,,1,1,1,0,0,472
4,2 9 15 18,1,a02,0,0,0,0,340,472
4,2 9 15 18,1,a09,0,0,0,0,260,472
4,2 9 15 18,2,a02 a09,0,0,0,0,388,472
4,2 9 15 18,1,a15,0,0,0,0,372,472
4,2 9 15 18,2,a02 a15,0,0,0,0,418,472
4,2 9 15 18,2,a09 a15,0,0,0,0,406,472
4,2 9 15 18,3,a02 a09 a15,0,0,0,0,436,472
4,2 9 15 18,1,a18,0,0,0,0,260,472
4,2 9 15 18,2,a02 a18,0,0,0,0,388,472
4,2 9 15 18,2,a09 a18,0,0,0,0,391,472
4,2 9 15 18,3,a02 a09 a18,0,0,0,0,433,472
4,2 9 15 18,2,a15 a18,0,0,0,0,406,472
4,2 9 15 18,3,a02 a15 a18,0,0,0,0,436,472
4,2 9 15 18,3,a09 a15 a18,0,0,0,0,437,472
4,2 9 15 18,4,a02 a09 a15 a18,0,0,0,0,453,472
4,2 9 15 19,0,,1,1,1,0,0,769
4,2 9 15 19,1,a02,0,0,0,0,508,769
4,2 9 15 19,1,a09,0,0,0,0,552,769
4,2 9 15 19,2,a02 a09,0,0,0,0,664,769
4,2 9 15 19,1,a15,0,0,0,0,628,769
4,2 9 15 19,2,a02 a15,0,0,0,0,684,769
4,2 9 15 19,2,a09 a15,0,0,0,0,685,769
4,2 9 15 19,3,a02 a09 a15,0,0,0,0,721,769
4,2 9 15 19,1,a19,0,0,0,0,508,769
4,2 9 15 19,2,a02 a19,0,0,0,0,661,769
4,2 9 15 19,2,a09 a19,0,0,0,0,664,769
4,2 9 15 19,3,a02 a09 a19,0,0,0,0,716,769
4,2 9 15 19,2,a15 a19,0,0,0,0,684,769
4,2 9 15 19,3,a02 a15 a19,0,0,0,0,720,769
4,2 9 15 19,3,a09 a15 a19,0,0,0,0,721,769
4,2 9 15 19,4,a02 a09 a15 a19,0,0,0,0,741,769
4,2 9 15 21,0,,1,1,1,0,0,364
4,2 9 15 21,1,a02,0,0,0,0,268,364
4,2 9 15 21,1,a09,0,0,0,0,218,364
4,2 9 15 21,2,a02 a09,0,0,0,0,313,364
4,2 9 15 21,1,a15,0,0,0,0,253,364
4,2 9 15 21,2,a02 a15,0,0,0,0,316,364
4,2 9 15 21,2,a09 a15,0,0,0,0,295,364
4,2 9 15 21,3,a02 a09 a15,0,0,0,0,333,364
4,2 9 15 21,1,a21,0,0,0,0,175,364
4,2 9 15 21,2,a02 a21,0,0,0,0,292,364
4,2 9 15 21,2,a09 a21,0,0,0,0,294,364
4,2 9 15 21,3,a02 a09 a21,0,0,0,0,332,364
4,2 9 15 21,2,a15 a21,0,0,0,0,306,364
4,2 9 15 21,3,a02 a15 a21,0,0,0,0,333,364
4,2 9 15 21,3,a09 a15 a21,0,0,0,0,335,364
4,2 9 15 21,4,a02 a09 a15 a21,0,0,0,0,349,364
4,2 9 15 22,0,,1,1,1,0,0,606
4,2 9 15 22,1,a02,0,0,0,0,420,606
4,2 9 15 22,1,a09,0,0,0,0,461,606
4,2 9 15 22,2,a02 a09,0,0,0,0,539,606
4,2 9 15 22,1,a15,0,0,0,0,453,606
4,2 9 15 22,2,a02 a15,0,0,0,0,517,606
4,2 9 15 22,2,a09 a15,0,0,0,0,531,606
4,2 9 15 22,3,a02 a09 a15,0,0,0,0,564,606
4,2 9 15 22,1,a22,0,0,0,0,375,606
4,2 9 15 22,2,a02 a22,0,0,0,0,514,606
4,2 9 15 22,2,a09 a22,0,0,0,0,516,606
4,2 9 15 22,3,a02 a09 a22,0,0,0,0,562,606
4,2 9 15 22,2,a15 a22,0,0,0,0,531,606
4,2 9 15 22,3,a02 a15 a22,0,0,0,0,564,606
4,2 9 15 22,3,a09 a15 a22,0,0,0,0,565,606
4,2 9 15 22,4,a02 a09 a15 a22,0,0,0,0,583,606
4,2 10 11 15,0,,1,1,1,0,0,81
4,2 10 11 15,1,a02,1,1,1,0,22,81
4,2 10 11 15,1,a10,0,0,0,0,22,81
4,2 10 11 15,2,a02 a10,0,0,0,0,44,81
4,2 10 11 15,1,a11,1,1,1,0,22,81
4,2 10 11 15,2,a02 a11,1,1,1,0,44,81
4,2 10 11 15,2,a10 a11,0,0,0,0,44,81
4,2 10 11 15,3,a02 a10 a11,0,0,0,0,66,81
4,2 10 11 15,1,a15,0,0,0,0,50,81
4,2 10 11 15,2,a02 a15,0,0,0,0,58,81
4,2 10 11 15,2,a10 a15,0,0,0,0,58,81
4,2 10 11 15,3,a02 a10 a15,0,0,0,0,66,81
4,2 10 11 15,2,a11 a15,0,0,0,0,58,81
4,2 10 11 15,3,a02 a11 a15,0,0,0,0,66,81
4,2 10 11 15,3,a10 a11 a15,0,0,0,0,66,81
4,2 10 11 15,4,a02 a10 a11 a15,0,0,0,0,74,81
4,2 10 12 13,0,,1,1,1,0,0,58
4,2 10 12 13,1,a02,1,1,1,0,19,58
4,2 10 12 13,1,a10,1,1,1,0,7,58
4,2 10 12 13,2,a02 a10,1,1,1,0,26,58
4,2 10 12 13,1,a12,0,0,0,0,31,58
4,2 10 12 13,2,a02 a12,0,0,0,0,38,58
4,2 10 12 13,2,a10 a12,0,0,0,0,38,58
4,2 10 12 13,3,a02 a10 a12,0,0,0,0,45,58
4,2 10 12 13,1,a13,0,0,0,0,19,58
4,2 10 12 13,2,a02 a13,0,0,0,0,38,58
4,2 10 12 13,2,a10 a13,0,0,0,0,26,58
4,2 10 12 13,3,a02 a10 a13,0,0,0,0,45,58
4,2 10 12 13,2,a12 a13,0,0,0,0,38,58
4,2 10 12 13,3,a02 a12 a13,0,0,0,0,45,58
4,2 10 12 13,3,a10 a12 a13,0,0,0,0,45,58
4,2 10 12 13,4,a02 a10 a12 a13,0,0,0,0,52,58
4,2 10 12 15,0,,1,1,1,0,0,116
4,2 10 12 15,1,a02,1,1,1,0,62,116
4,2 10 12 15,1,a10,0,0,0,0,25,116
4,2 10 12 15,2,a02 a10,0,0,0,0,87,116
4,2 10 12 15,1,a12,1,1,1,0,48,116
4,2 10 12 15,2,a02 a12,1,1,1,0,73,116
4,2 10 12 15,2,a10 a12,0,0,0,0,73,116
4,2 10 12 15,3,a02 a10 a12,0,0,0,0,98,116
4,2 10 12 15,1,a15,0,0,0,0,64,116
4,2 10 12 15,2,a02 a15,0,0,0,0,89,116
4,2 10 12 15,2,a10 a15,0,0,0,0,73,116
4,2 10 12 15,3,a02 a10 a15,0,0,0,0,98,116
4,2 10 12 15,2,a12 a15,0,0,0,0,90,116
4,2 10 12 15,3,a02 a12 a15,0,0,0,0,99,116
4,2 10 12 15,3,a10 a12 a15,0,0,0,0,99,116
4,2 10 12 15,4,a02 a10 a12 a15,0,0,0,0,108,116
4,2 10 12 16,0,,1,1,1,0,0,214
4,2 10 12 16,1,a02,1,1,1,0,97,214
4,2 10 12 16,1,a10,0,0,0,0,60,214
4,2 10 12 16,2,a02 a10,0,0,0,0,157,214
4,2 10 12 16,1,a12,0,0,0,0,136,214
4,2 10 12 16,2,a02 a12,0,0,0,0,159,214
4,2 10 12 16,2,a10 a12,0,0,0,0,168,214
4,2 10 12 16,3,a02 a10 a12,0,0,0,0,191,214
4,2 10 12 16,1,a16,0,0,0,0,144,214
4,2 10 12 16,2,a02 a16,0,0,0,0,176,214
4,2 10 12 16,2,a10 a16,0,0,0,0,157,214
4,2 10 12 16,3,a02 a10 a16,0,0,0,0,189,214
4,2 10 12 16,2,a12 a16,0,0,0,0,179,214
4,2 10 12 16,3,a02 a12 a16,0,0,0,0,191,214
4,2 10 12 16,3,a10 a12 a16,0,0,0,0,191,214
4,2 10 12 16,4,a02 a10 a12 a16,0,0,0,0,203,214
4,2 10 13 14,0,,1,1,1,0,0,352
4,2 10 13 14,1,a02,1,1,1,0,204,352
4,2 10 13 14,1,a10,0,0,0,0,196,352
4,2 10 13 14,2,a02 a10,0,0,0,0,279,352
4,2 10 13 14,1,a13,0,0,0,0,196,352
4,2 10 13 14,2,a02 a13,0,0,0,0,279,352
4,2 10 13 14,2,a10 a13,0,0,0,0,290,352
4,2 10 13 14,3,a02 a10 a13,0,0,0,0,319,352
4,2 10 13 14,1,a14,0,0,0,0,285,352
4,2 10 13 14,2,a02 a14,0,0,0,0,304,352
4,2 10 13 14,2,a10 a14,0,0,0,0,302,352
4,2 10 13 14,3,a02 a10 a14,0,0,0,0,321,352
4,2 10 13 14,2,a13 a14,0,0,0,0,302,352
4,2 10 13 14,3,a02 a13 a14,0,0,0,0,321,352
4,2 10 13 14,3,a10 a13 a14,0,0,0,0,317,352
4,2 10 13 14,4,a02 a10 a13 a14,0,0,0,0,336,352
4,2 10 13 15,0,,1,1,1,0,0,58
4,2 10 13 15,1,a02,1,1,1,0,19,58
4,2 10 13 15,1,a10,0,0,0,0,19,58
4,2 10 13 15,2,a02 a10,0,0,0,0,38,58
4,2 10 13 15,1,a13,1,1,1,0,7,58
4,2 10 13 15,2,a02 a13,1,1,1,0,26,58
4,2 10 13 15,2,a10 a13,0,0,0,0,26,58
4,2 10 13 15,3,a02 a10 a13,0,0,0,0,45,58
4,2 10 13 15,1,a15,0,0,0,0,31,58
4,2 10 13 15,2,a02 a15,0,0,0,0,38,58
4,2 10 13 15,2,a10 a15,0,0,0,0,38,58
4,2 10 13 15,3,a02 a10 a15,0,0,0,0,45,58
4,2 10 13 15,2,a13 a15,0,0,0,0,38,58
4,2 10 13 15,3,a02 a13 a15,0,0,0,0,45,58
4,2 10 13 15,3,a10 a13 a15,0,0,0,0,45,58
4,2 10 13 15,4,a02 a10 a13 a15,0,0,0,0,52,58
4,2 10 14 15,0,,1,1,1,0,0,279
4,2 10 14 15,1,a02,1,1,1,0,177,279
4,2 10 14 15,1,a10,0,0,0,0,160,279
4,2 10 14 15,2,a02 a10,0,0,0,0,236,279
4,2 10 14 15,1,a14,1,1,1,0,187,279
4,2 10 14 15,2,a02 a14,1,1,1,0,216,279
4,2 10 14 15,2,a10 a14,0,0,0,0,223,279
4,2 10 14 15,3,a02 a10 a14,0,0,0,0,252,279
4,2 10 14 15,1,a15,0,0,0,0,145,279
4,2 10 14 15,2,a02 a15,0,0,0,0,213,279
4,2 10 14 15,2,a10 a15,0,0,0,0,227,279
4,2 10 14 15,3,a02 a10 a15,0,0,0,0,249,279
4,2 10 14 15,2,a14 a15,0,0,0,0,236,279
4,2 10 14 15,3,a02 a14 a15,0,0,0,0,252,279
4,2 10 14 15,3,a10 a14 a15,0,0,0,0,249,279
4,2 10 14 15,4,a02 a10 a14 a15,0,0,0,0,265,279
4,2 10 14 16,0,,1,1,1,0,0,472
4,2 10 14 16,1,a02,1,1,1,0,258,472
4,2 10 14 16,1,a10,0,0,0,0,350,472
4,2 10 14 16,2,a02 a10,0,0,0,0,402,472
4,2 10 14 16,1,a14,0,0,0,0,358,472
4,2 10 14 16,2,a02 a14,0,0,0,0,392,472
4,2 10 14 16,2,a10 a14,0,0,0,0,402,472
4,2 10 14 16,3,a02 a10 a14,0,0,0,0,436,472
4,2 10 14 16,1,a16,0,0,0,0,312,472
4,2 10 14 16,2,a02 a16,0,0,0,0,391,472
4,2 10 14 16,2,a10 a16,0,0,0,0,412,472
4,2 10 14 16,3,a02 a10 a16,0,0,0,0,435,472
4,2 10 14 16,2,a14 a16,0,0,0,0,416,472
4,2 10 14 16,3,a02 a14 a16,0,0,0,0,435,472
4,2 10 14 16,3,a10 a14 a16,0,0,0,0,434,472
4,2 10 14 16,4,a02 a10 a14 a16,0,0,0,0,453,472
4,2 10 15 16,0,,1,1,1,0,0,88
4,2 10 15 16,1,a02,1,1,1,0,29,88
4,2 10 15 16,1,a10,0,0,0,0,36,88
4,2 10 15 16,2,a02 a10,0,0,0,0,65,88
4,2 10 15 16,1,a15,0,0,0,0,36,88
4,2 10 15 16,2,a02 a15,0,0,0,0,51,88
4,2 10 15 16,2,a10 a15,0,0,0,0,58,88
4,2 10 15 16,3,a02 a10 a15,0,0,0,0,73,88
4,2 10 15 16,1,a16,1,1,1,0,36,88
4,2 10 15 16,2,a02 a16,1,1,1,0,51,88
4,2 10 15 16,2,a10 a16,0,0,0,0,58,88
4,2 10 15 16,3,a02 a10 a16,0,0,0,0,73,88
4,2 10 15 16,2,a15 a16,0,0,0,0,65,88
4,2 10 15 16,3,a02 a15 a16,0,0,0,0,73,88
4,2 10 15 16,3,a10 a15 a16,0,0,0,0,73,88
4,2 10 15 16,4,a02 a10 a15 a16,0,0,0,0,81,88
4,2 10 15 17,0,,1,1,1,0,0,81
4,2 10 15 17,1,a02,1,1,1,0,22,81
4,2 10 15 17,1,a10,0,0,0,0,22,81
4,2 10 15 17,2,a02 a10,0,0,0,0,44,81
4,2 10 15 17,1,a15,0,0,0,0,50,81
4,2 10 15 17,2,a02 a15,0,0,0,0,58,81
4,2 10 15 17,2,a10 a15,0,0,0,0,58,81
4,2 10 15 17,3,a02 a10 a15,0,0,0,0,66,81
4,2 10 15 17,1,a17,1,1,1,0,22,81
4,2 10 15 17,2,a02 a17,1,1,1,0,44,81
4,2 10 15 17,2,a10 a17,0,0,0,0,44,81
4,2 10 15 17,3,a02 a10 a17,0,0,0,0,66,81
4,2 10 15 17,2,a15 a17,0,0,0,0,58,81
4,2 10 15 17,3,a02 a15 a17,0,0,0,0,66,81
4,2 10 15 17,3,a10 a15 a17,0,0,0,0,66,81
4,2 10 15 17,4,a02 a10 a15 a17,0,0,0,0,74,81
4,2 10 15 18,0,,1,1,1,0,0,166
4,2 10 15 18,1,a02,1,1,1,0,87,166
4,2 10 15 18,1,a10,0,0,0,0,28,166
4,2 10 15 18,2,a02 a10,0,0,0,0,115,166
4,2 10 15 18,1,a15,0,0,0,0,114,166
4,2 10 15 18,2,a02 a15,0,0,0,0,135,166
4,2 10 15 18,2,a10 a15,0,0,0,0,124,166
4,2 10 15 18,3,a02 a10 a15,0,0,0,0,145,166
4,2 10 15 18,1,a18,1,1,1,0,87,166
4,2 10 15 18,2,a02 a18,1,1,1,0,116,166
4,2 10 15 18,2,a10 a18,0,0,0,0,115,166
4,2 10 15 18,3,a02 a10 a18,0,0,0,0,144,166
4,2 10 15 18,2,a15 a18,0,0,0,0,135,166
4,2 10 15 18,3,a02 a15 a18,0,0,0,0,146,166
4,2 10 15 18,3,a10 a15 a18,0,0,0,0,145,166
4,2 10 15 18,4,a02 a10 a15 a18,0,0,0,0,156,166
4,2 10 15 19,0,,1,1,1,0,0,166
4,2 10 15 19,1,a02,1,1,1,0,87,166
4,2 10 15 19,1,a10,0,0,0,0,28,166
4,2 10 15 19,2,a02 a10,0,0,0,0,115,166
4,2 10 15 19,1,a15,0,0,0,0,114,166
4,2 10 15 19,2,a02 a15,0,0,0,0,135,166
4,2 10 15 19,2,a10 a15,0,0,0,0,124,166
4,2 10 15 19,3,a02 a10 a15,0,0,0,0,145,166
4,2 10 15 19,1,a19,1,1,1,0,87,166
4,2 10 15 19,2,a02 a19,1,1,1,0,116,166
4,2 10 15 19,2,a10 a19,0,0,0,0,115,166
4,2 10 15 19,3,a02 a10 a19,0,0,0,0,144,166
4,2 10 15 19,2,a15 a19,0,0,0,0,135,166
4,2 10 15 19,3,a02 a15 a19,0,0,0,0,146,166
4,2 10 15 19,3,a10 a15 a19,0,0,0,0,145,166
4,2 10 15 19,4,a02 a10 a15 a19,0,0,0,0,156,166
4,2 10 15 20,0,,1,1,1,0,0,58
4,2 10 15 20,1,a02,1,1,1,0,19,58
4,2 10 15 20,1,a10,0,0,0,0,19,58
4,2 10 15 20,2,a02 a10,0,0,0,0,38,58
4,2 10 15 20,1,a15,0,0,0,0,31,58
4,2 10 15 20,2,a02 a15,0,0,0,0,38,58
4,2 10 15 20,2,a10 a15,0,0,0,0,38,58
4,2 10 15 20,3,a02 a10 a15,0,0,0,0,45,58
4,2 10 15 20,1,a20,1,1,1,0,7,58
4,2 10 15 20,2,a02 a20,1,1,1,0,26,58
4,2 10 15 20,2,a10 a20,0,0,0,0,26,58
4,2 10 15 20,3,a02 a10 a20,0,0,0,0,45,58
4,2 10 15 20,2,a15 a20,0,0,0,0,38,58
4,2 10 15 20,3,a02 a15 a20,0,0,0,0,45,58
4,2 10 15 20,3,a10 a15 a20,0,0,0,0,45,58
4,2 10 15 20,4,a02 a10 a15 a20,0,0,0,0,52,58
4,2 10 15 21,0,,1,1,1,0,0,116
4,2 10 15 21,1,a02,1,1,1,0,62,116
4,2 10 15 21,1,a10,0,0,0,0,25,116
4,2 10 15 21,2,a02 a10,0,0,0,0,87,116
4,2 10 15 21,1,a15,0,0,0,0,64,116
4,2 10 15 21,2,a02 a15,0,0,0,0,89,116
4,2 10 15 21,2,a10 a15,0,0,0,0,73,116
4,2 10 15 21,3,a02 a10 a15,0,0,0,0,98,116
4,2 10 15 21,1,a21,1,1,1,0,48,116
4,2 10 15 21,2,a02 a21,1,1,1,0,73,116
4,2 10 15 21,2,a10 a21,0,0,0,0,73,116
4,2 10 15 21,3,a02 a10 a21,0,0,0,0,98,116
4,2 10 15 21,2,a15 a21,0,0,0,0,90,116
4,2 10 15 21,3,a02 a15 a21,0,0,0,0,99,116
4,2 10 15 21,3,a10 a15 a21,0,0,0,0,99,116
4,2 10 15 21,4,a02 a10 a15 a21,0,0,0,0,108,116
4,2 10 15 22,0,,1,1,1,0,0,116
4,2 10 15 22,1,a02,1,1,1,0,62,116
4,2 10 15 22,1,a10,0,0,0,0,25,116
4,2 10 15 22,2,a02 a10,0,0,0,0,87,116
4,2 10 15 22,1,a15,0,0,0,0,64,116
4,2 10 15 22,2,a02 a15,0,0,0,0,89,116
4,2 10 15 22,2,a10 a15,0,0,0,0,73,116
4,2 10 15 22,3,a02 a10 a15,0,0,0,0,98,116
4,2 10 15 22,1,a22,1,1,1,0,48,116
4,2 10 15 22,2,a02 a22,1,1,1,0,73,116
4,2 10 15 22,2,a10 a22,0,0,0,0,73,116
4,2 10 15 22,3,a02 a10 a22,0,0,0,0,98,116
4,2 10 15 22,2,a15 a22,0,0,0,0,90,116
4,2 10 15 22,3,a02 a15 a22,0,0,0,0,99,116
4,2 10 15 22,3,a10 a15 a22,0,0,0,0,99,116
4,2 10 15 22,4,a02 a10 a15 a22,0,0,0,0,108,116
4,2 10 15 23,0,,1,1,1,0,0,81
4,2 10 15 23,1,a02,1,1,1,0,22,81
4,2 10 15 23,1,a10,0,0,0,0,36,81
4,2 10 15 23,2,a02 a10,0,0,0,0,58,81
4,2 10 15 23,1,a15,0,0,0,0,36,81
4,2 10 15 23,2,a02 a15,0,0,0,0,44,81
4,2 10 15 23,2,a10 a15,0,0,0,0,58,81
4,2 10 15 23,3,a02 a10 a15,0,0,0,0,66,81
4,2 10 15 23,1,a23,1,1,1,0,22,81
4,2 10 15 23,2,a02 a23,1,1,1,0,44,81
4,2 10 15 23,2,a10 a23,0,0,0,0,44,81
4,2 10 15 23,3,a02 a10 a23,0,0,0,0,66,81
4,2 10 15 23,2,a15 a23,0,0,0,0,58,81
4,2 10 15 23,3,a02 a15 a23,0,0,0,0,66,81
4,2 10 15 23,3,a10 a15 a23,0,0,0,0,66,81
4,2 10 15 23,4,a02 a10 a15 a23,0,0,0,0,74,81
4,2 10 15 24,0,,1,1,1,0,0,279
4,2 10 15 24,1,a02,1,1,1,0,177,279
4,2 10 15 24,1,a10,0,0,0,0,160,279
4,2 10 15 24,2,a02 a10,0,0,0,0,236,279
4,2 10 15 24,1,a15,0,0,0,0,145,279
4,2 10 15 24,2,a02 a15,0,0,0,0,213,279
4,2 10 15 24,2,a10 a15,0,0,0,0,227,279
4,2 10 15 24,3,a02 a10 a15,0,0,0,0,249,279
4,2 10 15 24,1,a24,1,1,1,0,187,279
4,2 10 15 24,2,a02 a24,1,1,1,0,216,279
4,2 10 15 24,2,a10 a24,0,0,0,0,223,279
4,2 10 15 24,3,a02 a10 a24,0,0,0,0,252,279
4,2 10 15 24,2,a15 a24,0,0,0,0,236,279
4,2 10 15 24,3,a02 a15 a24,0,0,0,0,252,279
4,2 10 15 24,3,a10 a15 a24,0,0,0,0,249,279
4,2 10 15 24,4,a02 a10 a15 a24,0,0,0,0,265,279
4,2 10 15 25,0,,1,1,1,0,0,224
4,2 10 15 25,1,a02,1,1,1,0,141,224
4,2 10 15 25,1,a10,0,0,0,0,122,224
4,2 10 15 25,2,a02 a10,0,0,0,0,186,224
4,2 10 15 25,1,a15,0,0,0,0,122,224
4,2 10 15 25,2,a02 a15,0,0,0,0,174,224
4,2 10 15 25,2,a10 a15,0,0,0,0,181,224
4,2 10 15 25,3,a02 a10 a15,0,0,0,0,198,224
4,2 10 15 25,1,a25,1,1,1,0,141,224
4,2 10 15 25,2,a02 a25,1,1,1,0,167,224
4,2 10 15 25,2,a10 a25,0,0,0,0,174,224
4,2 10 15 25,3,a02 a10 a25,0,0,0,0,200,224
4,2 10 15 25,2,a15 a25,0,0,0,0,186,224
4,2 10 15 25,3,a02 a15 a25,0,0,0,0,200,224
4,2 10 15 25,3,a10 a15 a25,0,0,0,0,198,224
4,2 10 15 25,4,a02 a10 a15 a25,0,0,0,0,212,224
4,2 11 12 13,0,,1,1,1,0,0,81
4,2 11 12 13,1,a02,1,1,1,0,22,81
4,2 11 12 13,1,a11,1,1,1,0,22,81
4,2 11 12 13,2,a02 a11,1,1,1,0,44,81
4,2 11 12 13,1,a12,0,0,0,0,50,81
4,2 11 12 13,2,a02 a12,0,0,0,0,58,81
4,2 11 12 13,2,a11 a12,0,0,0,0,58,81
4,2 11 12 13,3,a02 a11 a12,0,0,0,0,66,81
4,2 11 12 13,1,a13,0,0,0,0,22,81
4,2 11 12 13,2,a02 a13,0,0,0,0,44,81
4,2 11 12 13,2,a11 a13,0,0,0,0,44,81
4,2 11 12 13,3,a02 a11 a13,0,0,0,0,66,81
4,2 11 12 13,2,a12 a13,0,0,0,0,58,81
4,2 11 12 13,3,a02 a12 a13,0,0,0,0,66,81
4,2 11 12 13,3,a11 a12 a13,0,0,0,0,66,81
4,2 11 12 13,4,a02 a11 a12 a13,0,0,0,0,74,81
4,2 11 12 15,0,,1,1,1,0,0,194
4,2 11 12 15,1,a02,1,1,1,0,78,194
4,2 11 12 15,1,a11,0,0,0,0,78,194
4,2 11 12 15,2,a02 a11,0,0,0,0,156,194
4,2 11 12 15,1,a12,0,0,0,0,109,194
4,2 11 12 15,2,a02 a12,0,0,0,0,140,194
4,2 11 12 15,2,a11 a12,0,0,0,0,140,194
4,2 11 12 15,3,a02 a11 a12,0,0,0,0,171,194
4,2 11 12 15,1,a15,0,0,0,0,109,194
4,2 11 12 15,2,a02 a15,0,0,0,0,140,194
4,2 11 12 15,2,a11 a15,0,0,0,0,140,194
4,2 11 12 15,3,a02 a11 a15,0,0,0,0,171,194
4,2 11 12 15,2,a12 a15,0,0,0,0,162,194
4,2 11 12 15,3,a02 a12 a15,0,0,0,0,173,194
4,2 11 12 15,3,a11 a12 a15,0,0,0,0,173,194
4,2 11 12 15,4,a02 a11 a12 a15,0,0,0,0,184,194
4,2 11 12 16,0,,1,1,1,0,0,279
4,2 11 12 16,1,a02,1,1,1,0,107,279
4,2 11 12 16,1,a11,0,0,0,0,107,279
4,2 11 12 16,2,a02 a11,0,0,0,0,214,279
4,2 11 12 16,1,a12,0,0,0,0,202,279
4,2 11 12 16,2,a02 a12,0,0,0,0,227,279
4,2 11 12 16,2,a11 a12,0,0,0,0,227,279
4,2 11 12 16,3,a02 a11 a12,0,0,0,0,252,279
4,2 11 12 16,1,a16,0,0,0,0,180,279
4,2 11 12 16,2,a02 a16,0,0,0,0,215,279
4,2 11 12 16,2,a11 a16,0,0,0,0,215,279
4,2 11 12 16,3,a02 a11 a16,0,0,0,0,250,279
4,2 11 12 16,2,a12 a16,0,0,0,0,240,279
4,2 11 12 16,3,a02 a12 a16,0,0,0,0,253,279
4,2 11 12 16,3,a11 a12 a16,0,0,0,0,253,279
4,2 11 12 16,4,a02 a11 a12 a16,0,0,0,0,266,279
4,2 12 13 14,0,,1,1,1,0,0,279
4,2 12 13 14,1,a02,1,1,1,0,177,279
4,2 12 13 14,1,a12,0,0,0,0,145,279
4,2 12 13 14,2,a02 a12,0,0,0,0,213,279
4,2 12 13 14,1,a13,0,0,0,0,160,279
4,2 12 13 14,2,a02 a13,0,0,0,0,236,279
4,2 12 13 14,2,a12 a13,0,0,0,0,227,279
4,2 12 13 14,3,a02 a12 a13,0,0,0,0,249,279
4,2 12 13 14,1,a14,1,1,1,0,187,279
4,2 12 13 14,2,a02 a14,1,1,1,0,216,279
4,2 12 13 14,2,a12 a14,0,0,0,0,236,279
4,2 12 13 14,3,a02 a12 a14,0,0,0,0,252,279
4,2 12 13 14,2,a13 a14,0,0,0,0,223,279
4,2 12 13 14,3,a02 a13 a14,0,0,0,0,252,279
4,2 12 13 14,3,a12 a13 a14,0,0,0,0,249,279
4,2 12 13 14,4,a02 a12 a13 a14,0,0,0,0,265,279
4,2 12 13 15,0,,1,1,1,0,0,116
4,2 12 13 15,1,a02,1,1,1,0,62,116
4,2 12 13 15,1,a12,0,0,0,0,64,116
4,2 12 13 15,2,a02 a12,0,0,0,0,89,116
4,2 12 13 15,1,a13,0,0,0,0,25,116
4,2 12 13 15,2,a02 a13,0,0,0,0,87,116
4,2 12 13 15,2,a12 a13,0,0,0,0,73,116
4,2 12 13 15,3,a02 a12 a13,0,0,0,0,98,116
4,2 12 13 15,1,a15,1,1,1,0,48,116
4,2 12 13 15,2,a02 a15,1,1,1,0,73,116
4,2 12 13 15,2,a12 a15,0,0,0,0,90,116
4,2 12 13 15,3,a02 a12 a15,0,0,0,0,99,116
4,2 12 13 15,2,a13 a15,0,0,0,0,73,116
4,2 12 13 15,3,a02 a13 a15,0,0,0,0,98,116
4,2 12 13 15,3,a12 a13 a15,0,0,0,0,99,116
4,2 12 13 15,4,a02 a12 a13 a15,0,0,0,0,108,116
4,2 12 13 16,0,,1,1,1,0,0,166
4,2 12 13 16,1,a02,1,1,1,0,87,166
4,2 12 13 16,1,a12,0,0,0,0,114,166
4,2 12 13 16,2,a02 a12,0,0,0,0,135,166
4,2 12 13 16,1,a13,0,0,0,0,28,166
4,2 12 13 16,2,a02 a13,0,0,0,0,115,166
4,2 12 13 16,2,a12 a13,0,0,0,0,124,166
4,2 12 13 16,3,a02 a12 a13,0,0,0,0,145,166
4,2 12 13 16,1,a16,1,1,1,0,87,166
4,2 12 13 16,2,a02 a16,1,1,1,0,116,166
4,2 12 13 16,2,a12 a16,0,0,0,0,135,166
4,2 12 13 16,3,a02 a12 a16,0,0,0,0,146,166
4,2 12 13 16,2,a13 a16,0,0,0,0,115,166
4,2 12 13 16,3,a02 a13 a16,0,0,0,0,144,166
4,2 12 13 16,3,a12 a13 a16,0,0,0,0,145,166
4,2 12 13 16,4,a02 a12 a13 a16,0,0,0,0,156,166
4,2 12 13 17,0,,1,1,1,0,0,224
4,2 12 13 17,1,a02,1,1,1,0,141,224
4,2 12 13 17,1,a12,0,0,0,0,122,224
4,2 12 13 17,2,a02 a12,0,0,0,0,174,224
4,2 12 13 17,1,a13,0,0,0,0,122,224
4,2 12 13 17,2,a02 a13,0,0,0,0,186,224
4,2 12 13 17,2,a12 a13,0,0,0,0,181,224
4,2 12 13 17,3,a02 a12 a13,0,0,0,0,198,224
4,2 12 13 17,1,a17,1,1,1,0,141,224
4,2 12 13 17,2,a02 a17,1,1,1,0,167,224
4,2 12 13 17,2,a12 a17,0,0,0,0,186,224
4,2 12 13 17,3,a02 a12 a17,0,0,0,0,200,224
4,2 12 13 17,2,a13 a17,0,0,0,0,174,224
4,2 12 13 17,3,a02 a13 a17,0,0,0,0,200,224
4,2 12 13 17,3,a12 a13 a17,0,0,0,0,198,224
4,2 12 13 17,4,a02 a12 a13 a17,0,0,0,0,212,224
4,2 12 13 18,0,,1,1,1,0,0,116
4,2 12 13 18,1,a02,1,1,1,0,62,116
4,2 12 13 18,1,a12,0,0,0,0,64,116
4,2 12 13 18,2,a02 a12,0,0,0,0,89,116
4,2 12 13 18,1,a13,0,0,0,0,25,116
4,2 12 13 18,2,a02 a13,0,0,0,0,87,116
4,2 12 13 18,2,a12 a13,0,0,0,0,73,116
4,2 12 13 18,3,a02 a12 a13,0,0,0,0,98,116
4,2 12 13 18,1,a18,1,1,1,0,48,116
4,2 12 13 18,2,a02 a18,1,1,1,0,73,116
4,2 12 13 18,2,a12 a18,0,0,0,0,90,116
4,2 12 13 18,3,a02 a12 a18,0,0,0,0,99,116
4,2 12 13 18,2,a13 a18,0,0,0,0,73,116
4,2 12 13 18,3,a02 a13 a18,0,0,0,0,98,116
4,2 12 13 18,3,a12 a13 a18,0,0,0,0,99,116
4,2 12 13 18,4,a02 a12 a13 a18,0,0,0,0,108,116
4,2 12 13 19,0,,1,1,1,0,0,166
4,2 12 13 19,1,a02,1,1,1,0,87,166
4,2 12 13 19,1,a12,0,0,0,0,114,166
4,2 12 13 19,2,a02 a12,0,0,0,0,135,166
4,2 12 13 19,1,a13,0,0,0,0,28,166
4,2 12 13 19,2,a02 a13,0,0,0,0,115,166
4,2 12 13 19,2,a12 a13,0,0,0,0,124,166
4,2 12 13 19,3,a02 a12 a13,0,0,0,0,145,166
4,2 12 13 19,1,a19,1,1,1,0,87,166
4,2 12 13 19,2,a02 a19,1,1,1,0,116,166
4,2 12 13 19,2,a12 a19,0,0,0,0,135,166
4,2 12 13 19,3,a02 a12 a19,0,0,0,0,146,166
4,2 12 13 19,2,a13 a19,0,0,0,0,115,166
4,2 12 13 19,3,a02 a13 a19,0,0,0,0,144,166
4,2 12 13 19,3,a12 a13 a19,0,0,0,0,145,166
4,2 12 13 19,4,a02 a12 a13 a19,0,0,0,0,156,166
4,2 12 13 20,0,,1,1,1,0,0,279
4,2 12 13 20,1,a02,1,1,1,0,177,279
4,2 12 13 20,1,a12,0,0,0,0,145,279
4,2 12 13 20,2,a02 a12,0,0,0,0,213,279
4,2 12 13 20,1,a13,0,0,0,0,160,279
4,2 12 13 20,2,a02 a13,0,0,0,0,236,279
4,2 12 13 20,2,a12 a13,0,0,0,0,227,279
4,2 12 13 20,3,a02 a12 a13,0,0,0,0,249,279
4,2 12 13 20,1,a20,1,1,1,0,187,279
4,2 12 13 20,2,a02 a20,1,1,1,0,216,279
4,2 12 13 20,2,a12 a20,0,0,0,0,236,279
4,2 12 13 20,3,a02 a12 a20,0,0,0,0,252,279
4,2 12 13 20,2,a13 a20,0,0,0,0,223,279
4,2 12 13 20,3,a02 a13 a20,0,0,0,0,252,279
4,2 12 13 20,3,a12 a13 a20,0,0,0,0,249,279
4,2 12 13 20,4,a02 a12 a13 a20,0,0,0,0,265,279
4,2 12 13 21,0,,1,1,1,0,0,116
4,2 12 13 21,1,a02,1,1,1,0,62,116
4,2 12 13 21,1,a12,0,0,0,0,64,116
4,2 12 13 21,2,a02 a12,0,0,0,0,89,116
4,2 12 13 21,1,a13,0,0,0,0,25,116
4,2 12 13 21,2,a02 a13,0,0,0,0,87,116
4,2 12 13 21,2,a12 a13,0,0,0,0,73,116
4,2 12 13 21,3,a02 a12 a13,0,0,0,0,98,116
4,2 12 13 21,1,a21,1,1,1,0,48,116
4,2 12 13 21,2,a02 a21,1,1,1,0,73,116
4,2 12 13 21,2,a12 a21,0,0,0,0,90,116
4,2 12 13 21,3,a02 a12 a21,0,0,0,0,99,116
4,2 12 13 21,2,a13 a21,0,0,0,0,73,116
4,2 12 13 21,3,a02 a13 a21,0,0,0,0,98,116
4,2 12 13 21,3,a12 a13 a21,0,0,0,0,99,116
4,2 12 13 21,4,a02 a12 a13 a21,0,0,0,0,108,116
4,2 12 13 22,0,,1,1,1,0,0,166
4,2 12 13 22,1,a02,1,1,1,0,87,166
4,2 12 13 22,1,a12,0,0,0,0,114,166
4,2 12 13 22,2,a02 a12,0,0,0,0,135,166
4,2 12 13 22,1,a13,0,0,0,0,28,166
4,2 12 13 22,2,a02 a13,0,0,0,0,115,166
4,2 12 13 22,2,a12 a13,0,0,0,0,124,166
4,2 12 13 22,3,a02 a12 a13,0,0,0,0,145,166
4,2 12 13 22,1,a22,1,1,1,0,87,166
4,2 12 13 22,2,a02 a22,1,1,1,0,116,166
4,2 12 13 22,2,a12 a22,0,0,0,0,135,166
4,2 12 13 22,3,a02 a12 a22,0,0,0,0,146,166
4,2 12 13 22,2,a13 a22,0,0,0,0,115,166
4,2 12 13 22,3,a02 a13 a22,0,0,0,0,144,166
4,2 12 13 22,3,a12 a13 a22,0,0,0,0,145,166
4,2 12 13 22,4,a02 a12 a13 a22,0,0,0,0,156,166
4,2 12 13 23,0,,1,1,1,0,0,81
4,2 12 13 23,1,a02,1,1,1,0,22,81
4,2 12 13 23,1,a12,0,0,0,0,36,81
4,2 12 13 23,2,a02 a12,0,0,0,0,44,81
4,2 12 13 23,1,a13,0,0,0,0,36,81
4,2 12 13 23,2,a02 a13,0,0,0,0,58,81
4,2 12 13 23,2,a12 a13,0,0,0,0,58,81
4,2 12 13 23,3,a02 a12 a13,0,0,0,0,66,81
4,2 12 13 23,1,a23,1,1,1,0,22,81
4,2 12 13 23,2,a02 a23,1,1,1,0,44,81
4,2 12 13 23,2,a12 a23,0,0,0,0,58,81
4,2 12 13 23,3,a02 a12 a23,0,0,0,0,66,81
4,2 12 13 23,2,a13 a23,0,0,0,0,44,81
4,2 12 13 23,3,a02 a13 a23,0,0,0,0,66,81
4,2 12 13 23,3,a12 a13 a23,0,0,0,0,66,81
4,2 12 13 23,4,a02 a12 a13 a23,0,0,0,0,74,81
4,2 12 13 24,0,,1,1,1,0,0,58
4,2 12 13 24,1,a02,1,1,1,0,19,58
4,2 12 13 24,1,a12,0,0,0,0,31,58
4,2 12 13 24,2,a02 a12,0,0,0,0,38,58
4,2 12 13 24,1,a13,0,0,0,0,19,58
4,2 12 13 24,2,a02 a13,0,0,0,0,38,58
4,2 12 13 24,2,a12 a13,0,0,0,0,38,58
4,2 12 13 24,3,a02 a12 a13,0,0,0,0,45,58
4,2 12 13 24,1,a24,1,1,1,0,7,58
4,2 12 13 24,2,a02 a24,1,1,1,0,26,58
4,2 12 13 24,2,a12 a24,0,0,0,0,38,58
4,2 12 13 24,3,a02 a12 a24,0,0,0,0,45,58
4,2 12 13 24,2,a13 a24,0,0,0,0,26,58
4,2 12 13 24,3,a02 a13 a24,0,0,0,0,45,58
4,2 12 13 24,3,a12 a13 a24,0,0,0,0,45,58
4,2 12 13 24,4,a02 a12 a13 a24,0,0,0,0,52,58
4,2 12 13 25,0,,1,1,1,0,0,81
4,2 12 13 25,1,a02,1,1,1,0,22,81
4,2 12 13 25,1,a12,0,0,0,0,50,81
4,2 12 13 25,2,a02 a12,0,0,0,0,58,81
4,2 12 13 25,1,a13,0,0,0,0,22,81
4,2 12 13 25,2,a02 a13,0,0,0,0,44,81
4,2 12 13 25,2,a12 a13,0,0,0,0,58,81
4,2 12 13 25,3,a02 a12 a13,0,0,0,0,66,81
4,2 12 13 25,1,a25,1,1,1,0,22,81
4,2 12 13 25,2,a02 a25,1,1,1,0,44,81
4,2 12 13 25,2,a12 a25,0,0,0,0,58,81
4,2 12 13 25,3,a02 a12 a25,0,0,0,0,66,81
4,2 12 13 25,2,a13 a25,0,0,0,0,44,81
4,2 12 13 25,3,a02 a13 a25,0,0,0,0,66,81
4,2 12 13 25,3,a12 a13 a25,0,0,0,0,66,81
4,2 12 13 25,4,a02 a12 a13 a25,0,0,0,0,74,81
4,2 12 15 18,0,,1,1,1,0,0,364
4,2 12 15 18,1,a02,0,0,0,0,268,364
4,2 12 15 18,1,a12,0,0,0,0,175,364
4,2 12 15 18,2,a02 a12,0,0,0,0,292,364
4,2 12 15 18,1,a15,0,0,0,0,253,364
4,2 12 15 18,2,a02 a15,0,0,0,0,316,364
4,2 12 15 18,2,a12 a15,0,0,0,0,306,364
4,2 12 15 18,3,a02 a12 a15,0,0,0,0,333,364
4,2 12 15 18,1,a18,0,0,0,0,218,364
4,2 12 15 18,2,a02 a18,0,0,0,0,313,364
4,2 12 15 18,2,a12 a18,0,0,0,0,294,364
4,2 12 15 18,3,a02 a12 a18,0,0,0,0,332,364
4,2 12 15 18,2,a15 a18,0,0,0,0,295,364
4,2 12 15 18,3,a02 a15 a18,0,0,0,0,333,364
4,2 12 15 18,3,a12 a15 a18,0,0,0,0,335,364
4,2 12 15 18,4,a02 a12 a15 a18,0,0,0,0,349,364
4,2 12 15 19,0,,1,1,1,0,0,606
4,2 12 15 19,1,a02,0,0,0,0,420,606
4,2 12 15 19,1,a12,0,0,0,0,416,606
4,2 12 15 19,2,a02 a12,0,0,0,0,517,606
4,2 12 15 19,1,a15,0,0,0,0,416,606
4,2 12 15 19,2,a02 a15,0,0,0,0,517,606
4,2 12 15 19,2,a12 a15,0,0,0,0,532,606
4,2 12 15 19,3,a02 a12 a15,0,0,0,0,565,606
4,2 12 15 19,1,a19,0,0,0,0,420,606
4,2 12 15 19,2,a02 a19,0,0,0,0,536,606
4,2 12 15 19,2,a12 a19,0,0,0,0,517,606
4,2 12 15 19,3,a02 a12 a19,0,0,0,0,563,606
4,2 12 15 19,2,a15 a19,0,0,0,0,517,606
4,2 12 15 19,3,a02 a15 a19,0,0,0,0,563,606
4,2 12 15 19,3,a12 a15 a19,0,0,0,0,565,606
4,2 12 15 19,4,a02 a12 a15 a19,0,0,0,0,583,606
4,2 12 15 21,0,,1,1,1,0,0,268
4,2 12 15 21,1,a02,0,0,0,0,204,268
4,2 12 15 21,1,a12,0,0,0,0,140,268
4,2 12 15 21,2,a02 a12,0,0,0,0,226,268
4,2 12 15 21,1,a15,0,0,0,0,140,268
4,2 12 15 21,2,a02 a15,0,0,0,0,226,268
4,2 12 15 21,2,a12 a15,0,0,0,0,208,268
4,2 12 15 21,3,a02 a12 a15,0,0,0,0,242,268
4,2 12 15 21,1,a21,0,0,0,0,140,268
4,2 12 15 21,2,a02 a21,0,0,0,0,226,268
4,2 12 15 21,2,a12 a21,0,0,0,0,208,268
4,2 12 15 21,3,a02 a12 a21,0,0,0,0,242,268
4,2 12 15 21,2,a15 a21,0,0,0,0,208,268
4,2 12 15 21,3,a02 a15 a21,0,0,0,0,242,268
4,2 12 15 21,3,a12 a15 a21,0,0,0,0,245,268
4,2 12 15 21,4,a02 a12 a15 a21,0,0,0,0,257,268
4,2 12 15 22,0,,1,1,1,0,0,364
4,2 12 15 22,1,a02,0,0,0,0,268,364
4,2 12 15 22,1,a12,0,0,0,0,253,364
4,2 12 15 22,2,a02 a12,0,0,0,0,316,364
4,2 12 15 22,1,a15,0,0,0,0,175,364
4,2 12 15 22,2,a02 a15,0,0,0,0,292,364
4,2 12 15 22,2,a12 a15,0,0,0,0,306,364
4,2 12 15 22,3,a02 a12 a15,0,0,0,0,333,364
4,2 12 15 22,1,a22,0,0,0,0,218,364
4,2 12 15 22,2,a02 a22,0,0,0,0,313,364
4,2 12 15 22,2,a12 a22,0,0,0,0,295,364
4,2 12 15 22,3,a02 a12 a22,0,0,0,0,333,364
4,2 12 15 22,2,a15 a22,0,0,0,0,294,364
4,2 12 15 22,3,a02 a15 a22,0,0,0,0,332,364
4,2 12 15 22,3,a12 a15 a22,0,0,0,0,335,364
4,2 12 15 22,4,a02 a12 a15 a22,0,0,0,0,349,364
4,2 12 16 18,0,,1,1,1,0,0,606
4,2 12 16 18,1,a02,0,0,0,0,420,606
4,2 12 16 18,1,a12,0,0,0,0,453,606
4,2 12 16 18,2,a02 a12,0,0,0,0,517,606
4,2 12 16 18,1,a16,0,0,0,0,461,606
4,2 12 16 18,2,a02 a16,0,0,0,0,539,606
4,2 12 16 18,2,a12 a16,0,0,0,0,531,606
4,2 12 16 18,3,a02 a12 a16,0,0,0,0,564,606
4,2 12 16 18,1,a18,0,0,0,0,375,606
4,2 12 16 18,2,a02 a18,0,0,0,0,514,606
4,2 12 16 18,2,a12 a18,0,0,0,0,531,606
4,2 12 16 18,3,a02 a12 a18,0,0,0,0,564,606
4,2 12 16 18,2,a16 a18,0,0,0,0,516,606
4,2 12 16 18,3,a02 a16 a18,0,0,0,0,562,606
4,2 12 16 18,3,a12 a16 a18,0,0,0,0,565,606
4,2 12 16 18,4,a02 a12 a16 a18,0,0,0,0,583,606
4,2 12 16 19,0,,1,1,1,0,0,769
4,2 12 16 19,1,a02,0,0,0,0,508,769
4,2 12 16 19,1,a12,0,0,0,0,628,769
4,2 12 16 19,2,a02 a12,0,0,0,0,684,769
4,2 12 16 19,1,a16,0,0,0,0,552,769
4,2 12 16 19,2,a02 a16,0,0,0,0,664,769
4,2 12 16 19,2,a12 a16,0,0,0,0,685,769
4,2 12 16 19,3,a02 a12 a16,0,0,0,0,721,769
4,2 12 16 19,1,a19,0,0,0,0,508,769
4,2 12 16 19,2,a02 a19,0,0,0,0,661,769
4,2 12 16 19,2,a12 a19,0,0,0,0,684,769
4,2 12 16 19,3,a02 a12 a19,0,0,0,0,720,769
4,2 12 16 19,2,a16 a19,0,0,0,0,664,769
4,2 12 16 19,3,a02 a16 a19,0,0,0,0,716,769
4,2 12 16 19,3,a12 a16 a19,0,0,0,0,721,769
4,2 12 16 19,4,a02 a12 a16 a19,0,0,0,0,741,769
4,2 12 16 21,0,,1,1,1,0,0,364
4,2 12 16 21,1,a02,0,0,0,0,268,364
4,2 12 16 21,1,a12,0,0,0,0,253,364
4,2 12 16 21,2,a02 a12,0,0,0,0,316,364
4,2 12 16 21,1,a16,0,0,0,0,218,364
4,2 12 16 21,2,a02 a16,0,0,0,0,313,364
4,2 12 16 21,2,a12 a16,0,0,0,0,295,364
4,2 12 16 21,3,a02 a12 a16,0,0,0,0,333,364
4,2 12 16 21,1,a21,0,0,0,0,175,364
4,2 12 16 21,2,a02 a21,0,0,0,0,292,364
4,2 12 16 21,2,a12 a21,0,0,0,0,306,364
4,2 12 16 21,3,a02 a12 a21,0,0,0,0,333,364
4,2 12 16 21,2,a16 a21,0,0,0,0,294,364
4,2 12 16 21,3,a02 a16 a21,0,0,0,0,332,364
4,2 12 16 21,3,a12 a16 a21,0,0,0,0,335,364
4,2 12 16 21,4,a02 a12 a16 a21,0,0,0,0,349,364
4,2 12 16 22,0,,1,1,1,0,0,472
4,2 12 16 22,1,a02,0,0,0,0,340,472
4,2 12 16 22,1,a12,0,0,0,0,372,472
4,2 12 16 22,2,a02 a12,0,0,0,0,418,472
4,2 12 16 22,1,a16,0,0,0,0,260,472
4,2 12 16 22,2,a02 a16,0,0,0,0,388,472
4,2 12 16 22,2,a12 a16,0,0,0,0,406,472
4,2 12 16 22,3,a02 a12 a16,0,0,0,0,436,472
4,2 12 16 22,1,a22,0,0,0,0,260,472
4,2 12 16 22,2,a02 a22,0,0,0,0,388,472
4,2 12 16 22,2,a12 a22,0,0,0,0,406,472
4,2 12 16 22,3,a02 a12 a22,0,0,0,0,436,472
4,2 12 16 22,2,a16 a22,0,0,0,0,391,472
4,2 12 16 22,3,a02 a16 a22,0,0,0,0,433,472
4,2 12 16 22,3,a12 a16 a22,0,0,0,0,437,472
4,2 12 16 22,4,a02 a12 a16 a22,0,0,0,0,453,472
4,3 4 5 21,0,,1,1,1,0,0,109
4,3 4 5 21,1,a03,1,1,1,0,67,109
4,3 4 5 21,1,a04,1,0,1,1,22,109
4,3 4 5 21,2,a03 a04,0,0,0,0,70,109
4,3 4 5 21,1,a05,1,1,1,0,67,109
4,3 4 5 21,2,a03 a05,1,1,1,0,90,109
4,3 4 5 21,2,a04 a05,0,0,0,0,70,109
4,3 4 5 21,3,a03 a04 a05,0,0,0,0,93,109
4,3 4 5 21,1,a21,0,0,0,0,74,109
4,3 4 5 21,2,a03 a21,0,0,0,0,91,109
4,3 4 5 21,2,a04 a21,0,0,0,0,76,109
4,3 4 5 21,3,a03 a04 a21,0,0,0,0,92,109
4,3 4 5 21,2,a05 a21,0,0,0,0,91,109
4,3 4 5 21,3,a03 a05 a21,0,0,0,0,100,109
4,3 4 5 21,3,a04 a05 a21,0,0,0,0,92,109
4,3 4 5 21,4,a03 a04 a05 a21,0,0,0,0,101,109
4,3 4 6 21,0,,1,1,1,0,0,81
4,3 4 6 21,1,a03,1,1,1,0,22,81
4,3 4 6 21,1,a04,0,0,0,0,22,81
4,3 4 6 21,2,a03 a04,0,0,0,0,44,81
4,3 4 6 21,1,a06,1,1,1,0,22,81
4,3 4 6 21,2,a03 a06,1,1,1,0,44,81
4,3 4 6 21,2,a04 a06,0,0,0,0,44,81
4,3 4 6 21,3,a03 a04 a06,0,0,0,0,66,81
4,3 4 6 21,1,a21,0,0,0,0,50,81
4,3 4 6 21,2,a03 a21,0,0,0,0,58,81
4,3 4 6 21,2,a04 a21,0,0,0,0,58,81
4,3 4 6 21,3,a03 a04 a21,0,0,0,0,66,81
4,3 4 6 21,2,a06 a21,0,0,0,0,58,81
4,3 4 6 21,3,a03 a06 a21,0,0,0,0,66,81
4,3 4 6 21,3,a04 a06 a21,0,0,0,0,66,81
4,3 4 6 21,4,a03 a04 a06 a21,0,0,0,0,74,81
4,3 4 7 21,0,,1,1,1,0,0,81
4,3 4 7 21,1,a03,1,1,1,0,22,81
4,3 4 7 21,1,a04,0,0,0,0,22,81
4,3 4 7 21,2,a03 a04,0,0,0,0,44,81
4,3 4 7 21,1,a07,1,1,1,0,22,81
4,3 4 7 21,2,a03 a07,1,1,1,0,44,81
4,3 4 7 21,2,a04 a07,0,0,0,0,44,81
4,3 4 7 21,3,a03 a04 a07,0,0,0,0,66,81
4,3 4 7 21,1,a21,0,0,0,0,50,81
4,3 4 7 21,2,a03 a21,0,0,0,0,58,81
4,3 4 7 21,2,a04 a21,0,0,0,0,58,81
4,3 4 7 21,3,a03 a04 a21,0,0,0,0,66,81
4,3 4 7 21,2,a07 a21,0,0,0,0,58,81
4,3 4 7 21,3,a03 a07 a21,0,0,0,0,66,81
4,3 4 7 21,3,a04 a07 a21,0,0,0,0,66,81
4,3 4 7 21,4,a03 a04 a07 a21,0,0,0,0,74,81
4,3 4 8 21,0,,1,1,1,0,0,166
4,3 4 8 21,1,a03,1,1,1,0,87,166
4,3 4 8 21,1,a04,0,0,0,0,28,166
4,3 4 8 21,2,a03 a04,0,0,0,0,115,166
4,3 4 8 21,1,a08,1,1,1,0,87,166
4,3 4 8 21,2,a03 a08,1,1,1,0,116,166
4,3 4 8 21,2,a04 a08,0,0,0,0,115,166
4,3 4 8 21,3,a03 a04 a08,0,0,0,0,144,166
4,3 4 8 21,1,a21,0,0,0,0,114,166
4,3 4 8 21,2,a03 a21,0,0,0,0,135,166
4,3 4 8 21,2,a04 a21,0,0,0,0,124,166
4,3 4 8 21,3,a03 a04 a21,0,0,0,0,145,166
4,3 4 8 21,2,a08 a21,0,0,0,0,135,166
4,3 4 8 21,3,a03 a08 a21,0,0,0,0,146,166
4,3 4 8 21,3,a04 a08 a21,0,0,0,0,145,166
4,3 4 8 21,4,a03 a04 a08 a21,0,0,0,0,156,166
4,3 4 9 21,0,,1,1,1,0,0,58
4,3 4 9 21,1,a03,1,1,1,0,19,58
4,3 4 9 21,1,a04,0,0,0,0,19,58
4,3 4 9 21,2,a03 a04,0,0,0,0,38,58
4,3 4 9 21,1,a09,1,1,1,0,7,58
4,3 4 9 21,2,a03 a09,1,1,1,0,26,58
4,3 4 9 21,2,a04 a09,0,0,0,0,26,58
4,3 4 9 21,3,a03 a04 a09,0,0,0,0,45,58
4,3 4 9 21,1,a21,0,0,0,0,31,58
4,3 4 9 21,2,a03 a21,0,0,0,0,38,58
4,3 4 9 21,2,a04 a21,0,0,0,0,38,58
4,3 4 9 21,3,a03 a04 a21,0,0,0,0,45,58
4,3 4 9 21,2,a09 a21,0,0,0,0,38,58
4,3 4 9 21,3,a03 a09 a21,0,0,0,0,45,58
4,3 4 9 21,3,a04 a09 a21,0,0,0,0,45,58
4,3 4 9 21,4,a03 a04 a09 a21,0,0,0,0,52,58
4,3 4 10 15,0,,1,1,1,0,0,39
4,3 4 10 15,1,a03,1,1,1,0,6,39
4,3 4 10 15,1,a04,1,1,1,0,6,39
4,3 4 10 15,2,a03 a04,1,1,1,0,12,39
4,3 4 10 15,1,a10,0,0,0,0,16,39
4,3 4 10 15,2,a03 a10,0,0,0,0,22,39
4,3 4 10 15,2,a04 a10,0,0,0,0,22,39
4,3 4 10 15,3,a03 a04 a10,0,0,0,0,28,39
4,3 4 10 15,1,a15,0,0,0,0,16,39
4,3 4 10 15,2,a03 a15,0,0,0,0,22,39
4,3 4 10 15,2,a04 a15,0,0,0,0,22,39
4,3 4 10 15,3,a03 a04 a15,0,0,0,0,28,39
4,3 4 10 15,2,a10 a15,0,0,0,0,22,39
4,3 4 10 15,3,a03 a10 a15,0,0,0,0,28,39
4,3 4 10 15,3,a04 a10 a15,0,0,0,0,28,39
4,3 4 10 15,4,a03 a04 a10 a15,0,0,0,0,34,39
4,3 4 10 21,0,,1,1,1,0,0,58
4,3 4 10 21,1,a03,1,1,1,0,19,58
4,3 4 10 21,1,a04,0,0,0,0,19,58
4,3 4 10 21,2,a03 a04,0,0,0,0,38,58
4,3 4 10 21,1,a10,1,1,1,0,7,58
4,3 4 10 21,2,a03 a10,1,1,1,0,26,58
4,3 4 10 21,2,a04 a10,0,0,0,0,26,58
4,3 4 10 21,3,a03 a04 a10,0,0,0,0,45,58
4,3 4 10 21,1,a21,0,0,0,0,31,58
4,3 4 10 21,2,a03 a21,0,0,0,0,38,58
4,3 4 10 21,2,a04 a21,0,0,0,0,38,58
4,3 4 10 21,3,a03 a04 a21,0,0,0,0,45,58
4,3 4 10 21,2,a10 a21,0,0,0,0,38,58
4,3 4 10 21,3,a03 a10 a21,0,0,0,0,45,58
4,3 4 10 21,3,a04 a10 a21,0,0,0,0,45,58
4,3 4 10 21,4,a03 a04 a10 a21,0,0,0,0,52,58
4,3 4 10 24,0,,1,1,1,0,0,157
4,3 4 10 24,1,a03,1,1,1,0,54,157
4,3 4 10 24,1,a04,0,0,0,0,54,157
4,3 4 10 24,2,a03 a04,0,0,0,0,108,157
4,3 4 10 24,1,a10,0,0,0,0,80,157
4,3 4 10 24,2,a03 a10,0,0,0,0,109,157
4,3 4 10 24,2,a04 a10,0,0,0,0,109,157
4,3 4 10 24,3,a03 a04 a10,0,0,0,0,138,157
4,3 4 10 24,1,a24,0,0,0,0,112,157
4,3 4 10 24,2,a03 a24,0,0,0,0,124,157
4,3 4 10 24,2,a04 a24,0,0,0,0,124,157
4,3 4 10 24,3,a03 a04 a24,0,0,0,0,136,157
4,3 4 10 24,2,a10 a24,0,0,0,0,126,157
4,3 4 10 24,3,a03 a10 a24,0,0,0,0,137,157
4,3 4 10 24,3,a04 a10 a24,0,0,0,0,137,157
4,3 4 10 24,4,a03 a04 a10 a24,0,0,0,0,148,157
4,3 4 11 21,0,,1,1,1,0,0,116
4,3 4 11 21,1,a03,1,1,1,0,62,116
4,3 4 11 21,1,a04,0,0,0,0,25,116
4,3 4 11 21,2,a03 a04,0,0,0,0,87,116
4,3 4 11 21,1,a11,1,1,1,0,48,116
4,3 4 11 21,2,a03 a11,1,1,1,0,73,116
4,3 4 11 21,2,a04 a11,0,0,0,0,73,116
4,3 4 11 21,3,a03 a04 a11,0,0,0,0,98,116
4,3 4 11 21,1,a21,0,0,0,0,64,116
4,3 4 11 21,2,a03 a21,0,0,0,0,89,116
4,3 4 11 21,2,a04 a21,0,0,0,0,73,116
4,3 4 11 21,3,a03 a04 a21,0,0,0,0,98,116
4,3 4 11 21,2,a11 a21,0,0,0,0,90,116
4,3 4 11 21,3,a03 a11 a21,0,0,0,0,99,116
4,3 4 11 21,3,a04 a11 a21,0,0,0,0,99,116
4,3 4 11 21,4,a03 a04 a11 a21,0,0,0,0,108,116
4,3 4 12 13,0,,1,1,1,0,0,44
4,3 4 12 13,1,a03,1,1,1,0,16,44
4,3 4 12 13,1,a04,1,1,1,0,6,44
4,3 4 12 13,2,a03 a04,1,1,1,0,17,44
4,3 4 12 13,1,a12,0,0,0,0,16,44
4,3 4 12 13,2,a03 a12,0,0,0,0,32,44
4,3 4 12 13,2,a04 a12,0,0,0,0,22,44
4,3 4 12 13,3,a03 a04 a12,0,0,0,0,33,44
4,3 4 12 13,1,a13,0,0,0,0,26,44
4,3 4 12 13,2,a03 a13,0,0,0,0,32,44
4,3 4 12 13,2,a04 a13,0,0,0,0,27,44
4,3 4 12 13,3,a03 a04 a13,0,0,0,0,33,44
4,3 4 12 13,2,a12 a13,0,0,0,0,32,44
4,3 4 12 13,3,a03 a12 a13,0,0,0,0,38,44
4,3 4 12 13,3,a04 a12 a13,0,0,0,0,33,44
4,3 4 12 13,4,a03 a04 a12 a13,0,0,0,0,39,44
4,3 4 12 21,0,,1,1,1,0,0,44
4,3 4 12 21,1,a03,1,1,1,0,16,44
4,3 4 12 21,1,a04,0,0,0,0,16,44
4,3 4 12 21,2,a03 a04,0,0,0,0,32,44
4,3 4 12 21,1,a12,1,1,1,0,6,44
4,3 4 12 21,2,a03 a12,1,1,1,0,17,44
4,3 4 12 21,2,a04 a12,0,0,0,0,22,44
4,3 4 12 21,3,a03 a04 a12,0,0,0,0,33,44
4,3 4 12 21,1,a21,0,0,0,0,26,44
4,3 4 12 21,2,a03 a21,0,0,0,0,32,44
4,3 4 12 21,2,a04 a21,0,0,0,0,32,44
4,3 4 12 21,3,a03 a04 a21,0,0,0,0,38,44
4,3 4 12 21,2,a12 a21,0,0,0,0,27,44
4,3 4 12 21,3,a03 a12 a21,0,0,0,0,33,44
4,3 4 12 21,3,a04 a12 a21,0,0,0,0,33,44
4,3 4 12 21,4,a03 a04 a12 a21,0,0,0,0,39,44
4,3 4 12 22,0,,1,1,1,0,0,102
4,3 4 12 22,1,a03,1,1,1,0,78,102
4,3 4 12 22,1,a04,0,0,0,0,48,102
4,3 4 12 22,2,a03 a04,0,0,0,0,83,102
4,3 4 12 22,1,a12,0,0,0,0,48,102
4,3 4 12 22,2,a03 a12,0,0,0,0,83,102
4,3 4 12 22,2,a04 a12,0,0,0,0,77,102
4,3 4 12 22,3,a03 a04 a12,0,0,0,0,87,102
4,3 4 12 22,1,a22,0,0,0,0,78,102
4,3 4 12 22,2,a03 a22,0,0,0,0,90,102
4,3 4 12 22,2,a04 a22,0,0,0,0,82,102
4,3 4 12 22,3,a03 a04 a22,0,0,0,0,93,102
4,3 4 12 22,2,a12 a22,0,0,0,0,82,102
4,3 4 12 22,3,a03 a12 a22,0,0,0,0,93,102
4,3 4 12 22,3,a04 a12 a22,0,0,0,0,85,102
4,3 4 12 22,4,a03 a04 a12 a22,0,0,0,0,95,102
4,3 4 13 20,0,,1,1,1,0,0,109
4,3 4 13 20,1,a03,1,1,1,0,67,109
4,3 4 13 20,1,a04,1,0,1,1,42,109
4,3 4 13 20,2,a03 a04,0,0,0,0,71,109
4,3 4 13 20,1,a13,0,0,0,0,74,109
4,3 4 13 20,2,a03 a13,0,0,0,0,91,109
4,3 4 13 20,2,a04 a13,0,0,0,0,78,109
4,3 4 13 20,3,a03 a04 a13,0,0,0,0,94,109
4,3 4 13 20,1,a20,0,0,0,0,67,109
4,3 4 13 20,2,a03 a20,0,0,0,0,90,109
4,3 4 13 20,2,a04 a20,0,0,0,0,77,109
4,3 4 13 20,3,a03 a04 a20,0,0,0,0,93,109
4,3 4 13 20,2,a13 a20,0,0,0,0,91,109
4,3 4 13 20,3,a03 a13 a20,0,0,0,0,100,109
4,3 4 13 20,3,a04 a13 a20,0,0,0,0,93,109
4,3 4 13 20,4,a03 a04 a13 a20,0,0,0,0,102,109
4,3 4 13 21,0,,1,1,1,0,0,70
4,3 4 13 21,1,a03,1,1,1,0,46,70
4,3 4 13 21,1,a04,1,0,1,1,19,70
4,3 4 13 21,2,a03 a04,0,0,0,0,49,70
4,3 4 13 21,1,a13,1,1,1,0,36,70
4,3 4 13 21,2,a03 a13,1,1,1,0,55,70
4,3 4 13 21,2,a04 a13,0,0,0,0,38,70
4,3 4 13 21,3,a03 a04 a13,0,0,0,0,57,70
4,3 4 13 21,1,a21,0,0,0,0,36,70
4,3 4 13 21,2,a03 a21,0,0,0,0,55,70
4,3 4 13 21,2,a04 a21,0,0,0,0,43,70
4,3 4 13 21,3,a03 a04 a21,0,0,0,0,56,70
4,3 4 13 21,2,a13 a21,0,0,0,0,56,70
4,3 4 13 21,3,a03 a13 a21,0,0,0,0,63,70
4,3 4 13 21,3,a04 a13 a21,0,0,0,0,57,70
4,3 4 13 21,4,a03 a04 a13 a21,0,0,0,0,64,70
4,3 4 14 21,0,,1,1,1,0,0,58
4,3 4 14 21,1,a03,1,1,1,0,19,58
4,3 4 14 21,1,a04,0,0,0,0,19,58
4,3 4 14 21,2,a03 a04,0,0,0,0,38,58
4,3 4 14 21,1,a14,1,1,1,0,7,58
4,3 4 14 21,2,a03 a14,1,1,1,0,26,58
4,3 4 14 21,2,a04 a14,0,0,0,0,26,58
4,3 4 14 21,3,a03 a04 a14,0,0,0,0,45,58
4,3 4 14 21,1,a21,0,0,0,0,31,58
4,3 4 14 21,2,a03 a21,0,0,0,0,38,58
4,3 4 14 21,2,a04 a21,0,0,0,0,38,58
4,3 4 14 21,3,a03 a04 a21,0,0,0,0,45,58
4,3 4 14 21,2,a14 a21,0,0,0,0,38,58
4,3 4 14 21,3,a03 a14 a21,0,0,0,0,45,58
4,3 4 14 21,3,a04 a14 a21,0,0,0,0,45,58
4,3 4 14 21,4,a03 a04 a14 a21,0,0,0,0,52,58
4,3 4 15 18,0,,1,1,1,0,0,157
4,3 4 15 18,1,a03,1,1,1,0,54,157
4,3 4 15 18,1,a04,0,0,0,0,54,157
4,3 4 15 18,2,a03 a04,0,0,0,0,108,157
4,3 4 15 18,1,a15,0,0,0,0,80,157
4,3 4 15 18,2,a03 a15,0,0,0,0,109,157
4,3 4 15 18,2,a04 a15,0,0,0,0,109,157
4,3 4 15 18,3,a03 a04 a15,0,0,0,0,138,157
4,3 4 15 18,1,a18,0,0,0,0,112,157
4,3 4 15 18,2,a03 a18,0,0,0,0,124,157
4,3 4 15 18,2,a04 a18,0,0,0,0,124,157
4,3 4 15 18,3,a03 a04 a18,0,0,0,0,136,157
4,3 4 15 18,2,a15 a18,0,0,0,0,126,157
4,3 4 15 18,3,a03 a15 a18,0,0,0,0,137,157
4,3 4 15 18,3,a04 a15 a18,0,0,0,0,137,157
4,3 4 15 18,4,a03 a04 a15 a18,0,0,0,0,148,157
4,3 4 15 21,0,,1,1,1,0,0,58
4,3 4 15 21,1,a03,1,1,1,0,19,58
4,3 4 15 21,1,a04,0,0,0,0,19,58
4,3 4 15 21,2,a03 a04,0,0,0,0,38,58
4,3 4 15 21,1,a15,1,1,1,0,7,58
4,3 4 15 21,2,a03 a15,1,1,1,0,26,58
4,3 4 15 21,2,a04 a15,0,0,0,0,26,58
4,3 4 15 21,3,a03 a04 a15,0,0,0,0,45,58
4,3 4 15 21,1,a21,0,0,0,0,31,58
4,3 4 15 21,2,a03 a21,0,0,0,0,38,58
4,3 4 15 21,2,a04 a21,0,0,0,0,38,58
4,3 4 15 21,3,a03 a04 a21,0,0,0,0,45,58
4,3 4 15 21,2,a15 a21,0,0,0,0,38,58
4,3 4 15 21,3,a03 a15 a21,0,0,0,0,45,58
4,3 4 15 21,3,a04 a15 a21,0,0,0,0,45,58
4,3 4 15 21,4,a03 a04 a15 a21,0,0,0,0,52,58
4,3 4 16 21,0,,1,1,1,0,0,116
4,3 4 16 21,1,a03,1,1,1,0,62,116
4,3 4 16 21,1,a04,0,0,0,0,25,116
4,3 4 16 21,2,a03 a04,0,0,0,0,87,116
4,3 4 16 21,1,a16,1,1,1,0,48,116
4,3 4 16 21,2,a03 a16,1,1,1,0,73,116
4,3 4 16 21,2,a04 a16,0,0,0,0,73,116
4,3 4 16 21,3,a03 a04 a16,0,0,0,0,98,116
4,3 4 16 21,1,a21,0,0,0,0,64,116
4,3 4 16 21,2,a03 a21,0,0,0,0,89,116
4,3 4 16 21,2,a04 a21,0,0,0,0,73,116
4,3 4 16 21,3,a03 a04 a21,0,0,0,0,98,116
4,3 4 16 21,2,a16 a21,0,0,0,0,90,116
4,3 4 16 21,3,a03 a16 a21,0,0,0,0,99,116
4,3 4 16 21,3,a04 a16 a21,0,0,0,0,99,116
4,3 4 16 21,4,a03 a04 a16 a21,0,0,0,0,108,116
4,3 4 17 21,0,,1,1,1,0,0,88
4,3 4 17 21,1,a03,1,1,1,0,36,88
4,3 4 17 21,1,a04,0,0,0,0,36,88
4,3 4 17 21,2,a03 a04,0,0,0,0,65,88
4,3 4 17 21,1,a17,1,1,1,0,29,88
4,3 4 17 21,2,a03 a17,1,1,1,0,51,88
4,3 4 17 21,2,a04 a17,0,0,0,0,51,88
4,3 4 17 21,3,a03 a04 a17,0,0,0,0,73,88
4,3 4 17 21,1,a21,0,0,0,0,36,88
4,3 4 17 21,2,a03 a21,0,0,0,0,58,88
4,3 4 17 21,2,a04 a21,0,0,0,0,58,88
4,3 4 17 21,3,a03 a04 a21,0,0,0,0,73,88
4,3 4 17 21,2,a17 a21,0,0,0,0,65,88
4,3 4 17 21,3,a03 a17 a21,0,0,0,0,73,88
4,3 4 17 21,3,a04 a17 a21,0,0,0,0,73,88
4,3 4 17 21,4,a03 a04 a17 a21,0,0,0,0,81,88
4,3 4 18 21,0,,1,1,1,0,0,108
4,3 4 18 21,1,a03,1,1,1,0,41,108
4,3 4 18 21,1,a04,0,0,0,0,41,108
4,3 4 18 21,2,a03 a04,0,0,0,0,82,108
4,3 4 18 21,1,a18,1,1,1,0,41,108
4,3 4 18 21,2,a03 a18,1,1,1,0,66,108
4,3 4 18 21,2,a04 a18,0,0,0,0,66,108
4,3 4 18 21,3,a03 a04 a18,0,0,0,0,91,108
4,3 4 18 21,1,a21,0,0,0,0,41,108
4,3 4 18 21,2,a03 a21,0,0,0,0,66,108
4,3 4 18 21,2,a04 a21,0,0,0,0,66,108
4,3 4 18 21,3,a03 a04 a21,0,0,0,0,91,108
4,3 4 18 21,2,a18 a21,0,0,0,0,82,108
4,3 4 18 21,3,a03 a18 a21,0,0,0,0,91,108
4,3 4 18 21,3,a04 a18 a21,0,0,0,0,91,108
4,3 4 18 21,4,a03 a04 a18 a21,0,0,0,0,100,108
4,3 4 18 24,0,,1,1,1,0,0,364
4,3 4 18 24,1,a03,1,1,1,0,173,364
4,3 4 18 24,1,a04,0,0,0,0,185,364
4,3 4 18 24,2,a03 a04,0,0,0,0,304,364
4,3 4 18 24,1,a18,0,0,0,0,253,364
4,3 4 18 24,2,a03 a18,0,0,0,0,293,364
4,3 4 18 24,2,a04 a18,0,0,0,0,294,364
4,3 4 18 24,3,a03 a04 a18,0,0,0,0,333,364
4,3 4 18 24,1,a24,0,0,0,0,253,364
4,3 4 18 24,2,a03 a24,0,0,0,0,293,364
4,3 4 18 24,2,a04 a24,0,0,0,0,294,364
4,3 4 18 24,3,a03 a04 a24,0,0,0,0,333,364
4,3 4 18 24,2,a18 a24,0,0,0,0,316,364
4,3 4 18 24,3,a03 a18 a24,0,0,0,0,332,364
4,3 4 18 24,3,a04 a18 a24,0,0,0,0,333,364
4,3 4 18 24,4,a03 a04 a18 a24,0,0,0,0,348,364
4,3 4 19 21,0,,1,1,1,0,0,279
4,3 4 19 21,1,a03,1,1,1,0,187,279
4,3 4 19 21,1,a04,0,0,0,0,145,279
4,3 4 19 21,2,a03 a04,0,0,0,0,236,279
4,3 4 19 21,1,a19,1,1,1,0,177,279
4,3 4 19 21,2,a03 a19,1,1,1,0,216,279
4,3 4 19 21,2,a04 a19,0,0,0,0,213,279
4,3 4 19 21,3,a03 a04 a19,0,0,0,0,252,279
4,3 4 19 21,1,a21,0,0,0,0,160,279
4,3 4 19 21,2,a03 a21,0,0,0,0,223,279
4,3 4 19 21,2,a04 a21,0,0,0,0,227,279
4,3 4 19 21,3,a03 a04 a21,0,0,0,0,249,279
4,3 4 19 21,2,a19 a21,0,0,0,0,236,279
4,3 4 19 21,3,a03 a19 a21,0,0,0,0,252,279
4,3 4 19 21,3,a04 a19 a21,0,0,0,0,249,279
4,3 4 19 21,4,a03 a04 a19 a21,0,0,0,0,265,279
4,3 4 20 21,0,,1,1,1,0,0,70
4,3 4 20 21,1,a03,1,1,1,0,25,70
4,3 4 20 21,1,a04,0,0,0,0,31,70
4,3 4 20 21,2,a03 a04,0,0,0,0,50,70
4,3 4 20 21,1,a20,1,1,1,0,25,70
4,3 4 20 21,2,a03 a20,1,1,1,0,38,70
4,3 4 20 21,2,a04 a20,0,0,0,0,44,70
4,3 4 20 21,3,a03 a04 a20,0,0,0,0,57,70
4,3 4 20 21,1,a21,0,0,0,0,31,70
4,3 4 20 21,2,a03 a21,0,0,0,0,44,70
4,3 4 20 21,2,a04 a21,0,0,0,0,44,70
4,3 4 20 21,3,a03 a04 a21,0,0,0,0,57,70
4,3 4 20 21,2,a20 a21,0,0,0,0,50,70
4,3 4 20 21,3,a03 a20 a21,0,0,0,0,57,70
4,3 4 20 21,3,a04 a20 a21,0,0,0,0,57,70
4,3 4 20 21,4,a03 a04 a20 a21,0,0,0,0,64,70
4,3 4 20 22,0,,1,1,1,0,0,156
4,3 4 20 22,1,a03,1,1,1,0,111,156
4,3 4 20 22,1,a04,0,0,0,0,98,156
4,3 4 20 22,2,a03 a04,0,0,0,0,118,156
4,3 4 20 22,1,a20,0,0,0,0,92,156
4,3 4 20 22,2,a03 a20,0,0,0,0,132,156
4,3 4 20 22,2,a04 a20,0,0,0,0,126,156
4,3 4 20 22,3,a03 a04 a20,0,0,0,0,137,156
4,3 4 20 22,1,a22,0,0,0,0,111,156
4,3 4 20 22,2,a03 a22,0,0,0,0,133,156
4,3 4 20 22,2,a04 a22,0,0,0,0,118,156
4,3 4 20 22,3,a03 a04 a22,0,0,0,0,137,156
4,3 4 20 22,2,a20 a22,0,0,0,0,132,156
4,3 4 20 22,3,a03 a20 a22,0,0,0,0,144,156
4,3 4 20 22,3,a04 a20 a22,0,0,0,0,136,156
4,3 4 20 22,4,a03 a04 a20 a22,0,0,0,0,147,156
4,3 4 21 22,0,,1,1,1,0,0,102
4,3 4 21 22,1,a03,1,1,1,0,78,102
4,3 4 21 22,1,a04,0,0,0,0,48,102
4,3 4 21 22,2,a03 a04,0,0,0,0,83,102
4,3 4 21 22,1,a21,0,0,0,0,48,102
4,3 4 21 22,2,a03 a21,0,0,0,0,82,102
4,3 4 21 22,2,a04 a21,0,0,0,0,76,102
4,3 4 21 22,3,a03 a04 a21,0,0,0,0,85,102
4,3 4 21 22,1,a22,1,1,1,0,78,102
4,3 4 21 22,2,a03 a22,1,1,1,0,90,102
4,3 4 21 22,2,a04 a22,0,0,0,0,82,102
4,3 4 21 22,3,a03 a04 a22,0,0,0,0,93,102
4,3 4 21 22,2,a21 a22,0,0,0,0,83,102
4,3 4 21 22,3,a03 a21 a22,0,0,0,0,93,102
4,3 4 21 22,3,a04 a21 a22,0,0,0,0,85,102
4,3 4 21 22,4,a03 a04 a21 a22,0,0,0,0,94,102
4,3 4 21 23,0,,1,1,1,0,0,88
4,3 4 21 23,1,a03,1,1,1,0,36,88
4,3 4 21 23,1,a04,0,0,0,0,36,88
4,3 4 21 23,2,a03 a04,0,0,0,0,65,88
4,3 4 21 23,1,a21,0,0,0,0,36,88
4,3 4 21 23,2,a03 a21,0,0,0,0,58,88
4,3 4 21 23,2,a04 a21,0,0,0,0,58,88
4,3 4 21 23,3,a03 a04 a21,0,0,0,0,73,88
4,3 4 21 23,1,a23,1,1,1,0,29,88
4,3 4 21 23,2,a03 a23,1,1,1,0,51,88
4,3 4 21 23,2,a04 a23,0,0,0,0,51,88
4,3 4 21 23,3,a03 a04 a23,0,0,0,0,73,88
4,3 4 21 23,2,a21 a23,0,0,0,0,65,88
4,3 4 21 23,3,a03 a21 a23,0,0,0,0,73,88
4,3 4 21 23,3,a04 a21 a23,0,0,0,0,73,88
4,3 4 21 23,4,a03 a04 a21 a23,0,0,0,0,81,88
4,3 4 21 24,0,,1,1,1,0,0,108
4,3 4 21 24,1,a03,1,1,1,0,41,108
4,3 4 21 24,1,a04,0,0,0,0,41,108
4,3 4 21 24,2,a03 a04,0,0,0,0,82,108
4,3 4 21 24,1,a21,0,0,0,0,41,108
4,3 4 21 24,2,a03 a21,0,0,0,0,66,108
4,3 4 21 24,2,a04 a21,0,0,0,0,66,108
4,3 4 21 24,3,a03 a04 a21,0,0,0,0,91,108
4,3 4 21 24,1,a24,1,1,1,0,41,108
4,3 4 21 24,2,a03 a24,1,1,1,0,66,108
4,3 4 21 24,2,a04 a24,0,0,0,0,66,108
4,3 4 21 24,3,a03 a04 a24,0,0,0,0,91,108
4,3 4 21 24,2,a21 a24,0,0,0,0,82,108
4,3 4 21 24,3,a03 a21 a24,0,0,0,0,91,108
4,3 4 21 24,3,a04 a21 a24,0,0,0,0,91,108
4,3 4 21 24,4,a03 a04 a21 a24,0,0,0,0,100,108
4,3 4 21 25,0,,1,1,1,0,0,279
4,3 4 21 25,1,a03,1,1,1,0,187,279
4,3 4 21 25,1,a04,0,0,0,0,145,279
4,3 4 21 25,2,a03 a04,0,0,0,0,236,279
4,3 4 21 25,1,a21,0,0,0,0,160,279
4,3 4 21 25,2,a03 a21,0,0,0,0,223,279
4,3 4 21 25,2,a04 a21,0,0,0,0,227,279
4,3 4 21 25,3,a03 a04 a21,0,0,0,0,249,279
4,3 4 21 25,1,a25,1,1,1,0,177,279
4,3 4 21 25,2,a03 a25,1,1,1,0,216,279
4,3 4 21 25,2,a04 a25,0,0,0,0,213,279
4,3 4 21 25,3,a03 a04 a25,0,0,0,0,252,279
4,3 4 21 25,2,a21 a25,0,0,0,0,236,279
4,3 4 21 25,3,a03 a21 a25,0,0,0,0,252,279
4,3 4 21 25,3,a04 a21 a25,0,0,0,0,249,279
4,3 4 21 25,4,a03 a04 a21 a25,0,0,0,0,265,279
4,3 5 6 21,0,,1,1,1,0,0,279
4,3 5 6 21,1,a03,0,0,0,0,107,279
4,3 5 6 21,1,a05,0,0,0,0,180,279
4,3 5 6 21,2,a03 a05,0,0,0,0,215,279
4,3 5 6 21,1,a06,1,1,1,0,107,279
4,3 5 6 21,2,a03 a06,0,0,0,0,214,279
4,3 5 6 21,2,a05 a06,0,0,0,0,215,279
4,3 5 6 21,3,a03 a05 a06,0,0,0,0,250,279
4,3 5 6 21,1,a21,0,0,0,0,202,279
4,3 5 6 21,2,a03 a21,0,0,0,0,227,279
4,3 5 6 21,2,a05 a21,0,0,0,0,240,279
4,3 5 6 21,3,a03 a05 a21,0,0,0,0,253,279
4,3 5 6 21,2,a06 a21,0,0,0,0,227,279
4,3 5 6 21,3,a03 a06 a21,0,0,0,0,252,279
4,3 5 6 21,3,a05 a06 a21,0,0,0,0,253,279
4,3 5 6 21,4,a03 a05 a06 a21,0,0,0,0,266,279
4,3 5 7 21,0,,1,1,1,0,0,166
4,3 5 7 21,1,a03,0,0,0,0,87,166
4,3 5 7 21,1,a05,0,0,0,0,87,166
4,3 5 7 21,2,a03 a05,0,0,0,0,116,166
4,3 5 7 21,1,a07,1,1,1,0,28,166
4,3 5 7 21,2,a03 a07,0,0,0,0,115,166
4,3 5 7 21,2,a05 a07,0,0,0,0,115,166
4,3 5 7 21,3,a03 a05 a07,0,0,0,0,144,166
4,3 5 7 21,1,a21,0,0,0,0,114,166
4,3 5 7 21,2,a03 a21,0,0,0,0,135,166
4,3 5 7 21,2,a05 a21,0,0,0,0,135,166
4,3 5 7 21,3,a03 a05 a21,0,0,0,0,146,166
4,3 5 7 21,2,a07 a21,0,0,0,0,124,166
4,3 5 7 21,3,a03 a07 a21,0,0,0,0,145,166
4,3 5 7 21,3,a05 a07 a21,0,0,0,0,145,166
4,3 5 7 21,4,a03 a05 a07 a21,0,0,0,0,156,166
4,3 5 8 21,0,,1,1,1,0,0,279
4,3 5 8 21,1,a03,0,0,0,0,180,279
4,3 5 8 21,1,a05,0,0,0,0,107,279
4,3 5 8 21,2,a03 a05,0,0,0,0,215,279
4,3 5 8 21,1,a08,1,1,1,0,107,279
4,3 5 8 21,2,a03 a08,0,0,0,0,215,279
4,3 5 8 21,2,a05 a08,0,0,0,0,214,279
4,3 5 8 21,3,a03 a05 a08,0,0,0,0,250,279
4,3 5 8 21,1,a21,0,0,0,0,202,279
4,3 5 8 21,2,a03 a21,0,0,0,0,240,279
4,3 5 8 21,2,a05 a21,0,0,0,0,227,279
4,3 5 8 21,3,a03 a05 a21,0,0,0,0,253,279
4,3 5 8 21,2,a08 a21,0,0,0,0,227,279
4,3 5 8 21,3,a03 a08 a21,0,0,0,0,253,279
4,3 5 8 21,3,a05 a08 a21,0,0,0,0,252,279
4,3 5 8 21,4,a03 a05 a08 a21,0,0,0,0,266,279
4,3 5 9 21,0,,1,1,1,0,0,214
4,3 5 9 21,1,a03,0,0,0,0,97,214
4,3 5 9 21,1,a05,0,0,0,0,144,214
4,3 5 9 21,2,a03 a05,0,0,0,0,176,214
4,3 5 9 21,1,a09,1,1,1,0,60,214
4,3 5 9 21,2,a03 a09,0,0,0,0,157,214
4,3 5 9 21,2,a05 a09,0,0,0,0,157,214
4,3 5 9 21,3,a03 a05 a09,0,0,0,0,189,214
4,3 5 9 21,1,a21,0,0,0,0,136,214
4,3 5 9 21,2,a03 a21,0,0,0,0,159,214
4,3 5 9 21,2,a05 a21,0,0,0,0,179,214
4,3 5 9 21,3,a03 a05 a21,0,0,0,0,191,214
4,3 5 9 21,2,a09 a21,0,0,0,0,168,214
4,3 5 9 21,3,a03 a09 a21,0,0,0,0,191,214
4,3 5 9 21,3,a05 a09 a21,0,0,0,0,191,214
4,3 5 9 21,4,a03 a05 a09 a21,0,0,0,0,203,214
4,3 5 10 15,0,,1,1,1,0,0,58
4,3 5 10 15,1,a03,1,1,1,0,19,58
4,3 5 10 15,1,a05,1,1,1,0,19,58
4,3 5 10 15,2,a03 a05,1,1,1,0,26,58
4,3 5 10 15,1,a10,0,0,0,0,19,58
4,3 5 10 15,2,a03 a10,0,0,0,0,38,58
4,3 5 10 15,2,a05 a10,0,0,0,0,38,58
4,3 5 10 15,3,a03 a05 a10,0,0,0,0,45,58
4,3 5 10 15,1,a15,0,0,0,0,19,58
4,3 5 10 15,2,a03 a15,0,0,0,0,38,58
4,3 5 10 15,2,a05 a15,0,0,0,0,38,58
4,3 5 10 15,3,a03 a05 a15,0,0,0,0,45,58
4,3 5 10 15,2,a10 a15,0,0,0,0,26,58
4,3 5 10 15,3,a03 a10 a15,0,0,0,0,45,58
4,3 5 10 15,3,a05 a10 a15,0,0,0,0,45,58
4,3 5 10 15,4,a03 a05 a10 a15,0,0,0,0,52,58
4,3 5 10 21,0,,1,1,1,0,0,132
4,3 5 10 21,1,a03,0,0,0,0,77,132
4,3 5 10 21,1,a05,0,0,0,0,77,132
4,3 5 10 21,2,a03 a05,0,0,0,0,103,132
4,3 5 10 21,1,a10,1,1,1,0,9,132
4,3 5 10 21,2,a03 a10,0,0,0,0,86,132
4,3 5 10 21,2,a05 a10,0,0,0,0,86,132
4,3 5 10 21,3,a03 a05 a10,0,0,0,0,112,132
4,3 5 10 21,1,a21,0,0,0,0,85,132
4,3 5 10 21,2,a03 a21,0,0,0,0,104,132
4,3 5 10 21,2,a05 a21,0,0,0,0,104,132
4,3 5 10 21,3,a03 a05 a21,0,0,0,0,114,132
4,3 5 10 21,2,a10 a21,0,0,0,0,94,132
4,3 5 10 21,3,a03 a10 a21,0,0,0,0,113,132
4,3 5 10 21,3,a05 a10 a21,0,0,0,0,113,132
4,3 5 10 21,4,a03 a05 a10 a21,0,0,0,0,123,132
4,3 5 10 24,0,,1,1,1,0,0,472
4,3 5 10 24,1,a03,0,0,0,0,310,472
4,3 5 10 24,1,a05,0,0,0,0,310,472
4,3 5 10 24,2,a03 a05,0,0,0,0,390,472
4,3 5 10 24,1,a10,0,0,0,0,276,472
4,3 5 10 24,2,a03 a10,0,0,0,0,393,472
4,3 5 10 24,2,a05 a10,0,0,0,0,393,472
4,3 5 10 24,3,a03 a05 a10,0,0,0,0,436,472
4,3 5 10 24,1,a24,0,0,0,0,378,472
4,3 5 10 24,2,a03 a24,0,0,0,0,416,472
4,3 5 10 24,2,a05 a24,0,0,0,0,416,472
4,3 5 10 24,3,a03 a05 a24,0,0,0,0,434,472
4,3 5 10 24,2,a10 a24,0,0,0,0,405,472
4,3 5 10 24,3,a03 a10 a24,0,0,0,0,436,472
4,3 5 10 24,3,a05 a10 a24,0,0,0,0,436,472
4,3 5 10 24,4,a03 a05 a10 a24,0,0,0,0,453,472
4,3 5 11 21,0,,1,1,1,0,0,214
4,3 5 11 21,1,a03,0,0,0,0,144,214
4,3 5 11 21,1,a05,0,0,0,0,97,214
4,3 5 11 21,2,a03 a05,0,0,0,0,176,214
4,3 5 11 21,1,a11,1,1,1,0,60,214
4,3 5 11 21,2,a03 a11,0,0,0,0,157,214
4,3 5 11 21,2,a05 a11,0,0,0,0,157,214
4,3 5 11 21,3,a03 a05 a11,0,0,0,0,189,214
4,3 5 11 21,1,a21,0,0,0,0,136,214
4,3 5 11 21,2,a03 a21,0,0,0,0,179,214
4,3 5 11 21,2,a05 a21,0,0,0,0,159,214
4,3 5 11 21,3,a03 a05 a21,0,0,0,0,191,214
4,3 5 11 21,2,a11 a21,0,0,0,0,168,214
4,3 5 11 21,3,a03 a11 a21,0,0,0,0,191,214
4,3 5 11 21,3,a05 a11 a21,0,0,0,0,191,214
4,3 5 11 21,4,a03 a05 a11 a21,0,0,0,0,203,214
4,3 5 12 13,0,,1,1,1,0,0,70
4,3 5 12 13,1,a03,1,1,1,0,25,70
4,3 5 12 13,1,a05,1,1,1,0,25,70
4,3 5 12 13,2,a03 a05,1,1,1,0,38,70
4,3 5 12 13,1,a12,0,0,0,0,31,70
4,3 5 12 13,2,a03 a12,0,0,0,0,50,70
4,3 5 12 13,2,a05 a12,0,0,0,0,44,70
4,3 5 12 13,3,a03 a05 a12,0,0,0,0,57,70
4,3 5 12 13,1,a13,0,0,0,0,31,70
4,3 5 12 13,2,a03 a13,0,0,0,0,44,70
4,3 5 12 13,2,a05 a13,0,0,0,0,50,70
4,3 5 12 13,3,a03 a05 a13,0,0,0,0,57,70
4,3 5 12 13,2,a12 a13,0,0,0,0,44,70
4,3 5 12 13,3,a03 a12 a13,0,0,0,0,57,70
4,3 5 12 13,3,a05 a12 a13,0,0,0,0,57,70
4,3 5 12 13,4,a03 a05 a12 a13,0,0,0,0,64,70
4,3 5 12 21,0,,1,1,1,0,0,109
4,3 5 12 21,1,a03,1,0,1,1,67,109
4,3 5 12 21,1,a05,0,0,0,0,67,109
4,3 5 12 21,2,a03 a05,0,0,0,0,90,109
4,3 5 12 21,1,a12,1,1,1,0,42,109
4,3 5 12 21,2,a03 a12,0,0,0,0,71,109
4,3 5 12 21,2,a05 a12,0,0,0,0,77,109
4,3 5 12 21,3,a03 a05 a12,0,0,0,0,93,109
4,3 5 12 21,1,a21,0,0,0,0,74,109
4,3 5 12 21,2,a03 a21,0,0,0,0,91,109
4,3 5 12 21,2,a05 a21,0,0,0,0,91,109
4,3 5 12 21,3,a03 a05 a21,0,0,0,0,100,109
4,3 5 12 21,2,a12 a21,0,0,0,0,78,109
4,3 5 12 21,3,a03 a12 a21,0,0,0,0,94,109
4,3 5 12 21,3,a05 a12 a21,0,0,0,0,93,109
4,3 5 12 21,4,a03 a05 a12 a21,0,0,0,0,102,109
4,3 5 12 22,0,,1,1,1,0,0,156
4,3 5 12 22,1,a03,1,0,1,1,111,156
4,3 5 12 22,1,a05,0,0,0,0,92,156
4,3 5 12 22,2,a03 a05,0,0,0,0,132,156
4,3 5 12 22,1,a12,0,0,0,0,98,156
4,3 5 12 22,2,a03 a12,0,0,0,0,118,156
4,3 5 12 22,2,a05 a12,0,0,0,0,126,156
4,3 5 12 22,3,a03 a05 a12,0,0,0,0,137,156
4,3 5 12 22,1,a22,0,0,0,0,111,156
4,3 5 12 22,2,a03 a22,0,0,0,0,133,156
4,3 5 12 22,2,a05 a22,0,0,0,0,132,156
4,3 5 12 22,3,a03 a05 a22,0,0,0,0,144,156
4,3 5 12 22,2,a12 a22,0,0,0,0,118,156
4,3 5 12 22,3,a03 a12 a22,0,0,0,0,137,156
4,3 5 12 22,3,a05 a12 a22,0,0,0,0,136,156
4,3 5 12 22,4,a03 a05 a12 a22,0,0,0,0,147,156
4,3 5 13 20,0,,1,1,1,0,0,156
4,3 5 13 20,1,a03,0,0,0,0,92,156
4,3 5 13 20,1,a05,1,0,1,1,111,156
4,3 5 13 20,2,a03 a05,0,0,0,0,132,156
4,3 5 13 20,1,a13,0,0,0,0,98,156
4,3 5 13 20,2,a03 a13,0,0,0,0,126,156
4,3 5 13 20,2,a05 a13,0,0,0,0,118,156
4,3 5 13 20,3,a03 a05 a13,0,0,0,0,137,156
4,3 5 13 20,1,a20,0,0,0,0,111,156
4,3 5 13 20,2,a03 a20,0,0,0,0,132,156
4,3 5 13 20,2,a05 a20,0,0,0,0,133,156
4,3 5 13 20,3,a03 a05 a20,0,0,0,0,144,156
4,3 5 13 20,2,a13 a20,0,0,0,0,118,156
4,3 5 13 20,3,a03 a13 a20,0,0,0,0,136,156
4,3 5 13 20,3,a05 a13 a20,0,0,0,0,137,156
4,3 5 13 20,4,a03 a05 a13 a20,0,0,0,0,147,156
4,3 5 13 21,0,,1,1,1,0,0,109
4,3 5 13 21,1,a03,0,0,0,0,67,109
4,3 5 13 21,1,a05,1,0,1,1,67,109
4,3 5 13 21,2,a03 a05,0,0,0,0,90,109
4,3 5 13 21,1,a13,1,1,1,0,42,109
4,3 5 13 21,2,a03 a13,0,0,0,0,77,109
4,3 5 13 21,2,a05 a13,0,0,0,0,71,109
4,3 5 13 21,3,a03 a05 a13,0,0,0,0,93,109
4,3 5 13 21,1,a21,0,0,0,0,74,109
4,3 5 13 21,2,a03 a21,0,0,0,0,91,109
4,3 5 13 21,2,a05 a21,0,0,0,0,91,109
4,3 5 13 21,3,a03 a05 a21,0,0,0,0,100,109
4,3 5 13 21,2,a13 a21,0,0,0,0,78,109
4,3 5 13 21,3,a03 a13 a21,0,0,0,0,93,109
4,3 5 13 21,3,a05 a13 a21,0,0,0,0,94,109
4,3 5 13 21,4,a03 a05 a13 a21,0,0,0,0,102,109
4,3 5 14 21,0,,1,1,1,0,0,214
4,3 5 14 21,1,a03,0,0,0,0,97,214
4,3 5 14 21,1,a05,0,0,0,0,144,214
4,3 5 14 21,2,a03 a05,0,0,0,0,176,214
4,3 5 14 21,1,a14,1,1,1,0,60,214
4,3 5 14 21,2,a03 a14,0,0,0,0,157,214
4,3 5 14 21,2,a05 a14,0,0,0,0,157,214
4,3 5 14 21,3,a03 a05 a14,0,0,0,0,189,214
4,3 5 14 21,1,a21,0,0,0,0,136,214
4,3 5 14 21,2,a03 a21,0,0,0,0,159,214
4,3 5 14 21,2,a05 a21,0,0,0,0,179,214
4,3 5 14 21,3,a03 a05 a21,0,0,0,0,191,214
4,3 5 14 21,2,a14 a21,0,0,0,0,168,214
4,3 5 14 21,3,a03 a14 a21,0,0,0,0,191,214
4,3 5 14 21,3,a05 a14 a21,0,0,0,0,191,214
4,3 5 14 21,4,a03 a05 a14 a21,0,0,0,0,203,214
4,3 5 15 18,0,,1,1,1,0,0,472
4,3 5 15 18,1,a03,0,0,0,0,310,472
4,3 5 15 18,1,a05,0,0,0,0,310,472
4,3 5 15 18,2,a03 a05,0,0,0,0,390,472
4,3 5 15 18,1,a15,0,0,0,0,276,472
4,3 5 15 18,2,a03 a15,0,0,0,0,393,472
4,3 5 15 18,2,a05 a15,0,0,0,0,393,472
4,3 5 15 18,3,a03 a05 a15,0,0,0,0,436,472
4,3 5 15 18,1,a18,0,0,0,0,378,472
4,3 5 15 18,2,a03 a18,0,0,0,0,416,472
4,3 5 15 18,2,a05 a18,0,0,0,0,416,472
4,3 5 15 18,3,a03 a05 a18,0,0,0,0,434,472
4,3 5 15 18,2,a15 a18,0,0,0,0,405,472
4,3 5 15 18,3,a03 a15 a18,0,0,0,0,436,472
4,3 5 15 18,3,a05 a15 a18,0,0,0,0,436,472
4,3 5 15 18,4,a03 a05 a15 a18,0,0,0,0,453,472
4,3 5 15 21,0,,1,1,1,0,0,132
4,3 5 15 21,1,a03,0,0,0,0,77,132
4,3 5 15 21,1,a05,0,0,0,0,77,132
4,3 5 15 21,2,a03 a05,0,0,0,0,103,132
4,3 5 15 21,1,a15,1,1,1,0,9,132
4,3 5 15 21,2,a03 a15,0,0,0,0,86,132
4,3 5 15 21,2,a05 a15,0,0,0,0,86,132
4,3 5 15 21,3,a03 a05 a15,0,0,0,0,112,132
4,3 5 15 21,1,a21,0,0,0,0,85,132
4,3 5 15 21,2,a03 a21,0,0,0,0,104,132
4,3 5 15 21,2,a05 a21,0,0,0,0,104,132
4,3 5 15 21,3,a03 a05 a21,0,0,0,0,114,132
4,3 5 15 21,2,a15 a21,0,0,0,0,94,132
4,3 5 15 21,3,a03 a15 a21,0,0,0,0,113,132
4,3 5 15 21,3,a05 a15 a21,0,0,0,0,113,132
4,3 5 15 21,4,a03 a05 a15 a21,0,0,0,0,123,132
4,3 5 16 21,0,,1,1,1,0,0,214
4,3 5 16 21,1,a03,0,0,0,0,144,214
4,3 5 16 21,1,a05,0,0,0,0,97,214
4,3 5 16 21,2,a03 a05,0,0,0,0,176,214
4,3 5 16 21,1,a16,1,1,1,0,60,214
4,3 5 16 21,2,a03 a16,0,0,0,0,157,214
4,3 5 16 21,2,a05 a16,0,0,0,0,157,214
4,3 5 16 21,3,a03 a05 a16,0,0,0,0,189,214
4,3 5 16 21,1,a21,0,0,0,0,136,214
4,3 5 16 21,2,a03 a21,0,0,0,0,179,214
4,3 5 16 21,2,a05 a21,0,0,0,0,159,214
4,3 5 16 21,3,a03 a05 a21,0,0,0,0,191,214
4,3 5 16 21,2,a16 a21,0,0,0,0,168,214
4,3 5 16 21,3,a03 a16 a21,0,0,0,0,191,214
4,3 5 16 21,3,a05 a16 a21,0,0,0,0,191,214
4,3 5 16 21,4,a03 a05 a16 a21,0,0,0,0,203,214
4,3 5 17 21,0,,1,1,1,0,0,472
4,3 5 17 21,1,a03,0,0,0,0,312,472
4,3 5 17 21,1,a05,0,0,0,0,358,472
4,3 5 17 21,2,a03 a05,0,0,0,0,416,472
4,3 5 17 21,1,a17,1,1,1,0,258,472
4,3 5 17 21,2,a03 a17,0,0,0,0,391,472
4,3 5 17 21,2,a05 a17,0,0,0,0,392,472
4,3 5 17 21,3,a03 a05 a17,0,0,0,0,435,472
4,3 5 17 21,1,a21,0,0,0,0,350,472
4,3 5 17 21,2,a03 a21,0,0,0,0,412,472
4,3 5 17 21,2,a05 a21,0,0,0,0,402,472
4,3 5 17 21,3,a03 a05 a21,0,0,0,0,434,472
4,3 5 17 21,2,a17 a21,0,0,0,0,402,472
4,3 5 17 21,3,a03 a17 a21,0,0,0,0,435,472
4,3 5 17 21,3,a05 a17 a21,0,0,0,0,436,472
4,3 5 17 21,4,a03 a05 a17 a21,0,0,0,0,453,472
4,3 5 18 21,0,,1,1,1,0,0,364
4,3 5 18 21,1,a03,0,0,0,0,253,364
4,3 5 18 21,1,a05,0,0,0,0,253,364
4,3 5 18 21,2,a03 a05,0,0,0,0,316,364
4,3 5 18 21,1,a18,1,1,1,0,173,364
4,3 5 18 21,2,a03 a18,0,0,0,0,293,364
4,3 5 18 21,2,a05 a18,0,0,0,0,293,364
4,3 5 18 21,3,a03 a05 a18,0,0,0,0,332,364
4,3 5 18 21,1,a21,0,0,0,0,185,364
4,3 5 18 21,2,a03 a21,0,0,0,0,294,364
4,3 5 18 21,2,a05 a21,0,0,0,0,294,364
4,3 5 18 21,3,a03 a05 a21,0,0,0,0,333,364
4,3 5 18 21,2,a18 a21,0,0,0,0,304,364
4,3 5 18 21,3,a03 a18 a21,0,0,0,0,333,364
4,3 5 18 21,3,a05 a18 a21,0,0,0,0,333,364
4,3 5 18 21,4,a03 a05 a18 a21,0,0,0,0,348,364
4,3 5 18 24,0,,1,1,1,0,0,1581
4,3 5 18 24,1,a03,0,0,0,0,1474,1581
4,3 5 18 24,1,a05,0,0,0,0,1474,1581
4,3 5 18 24,2,a03 a05,0,0,0,0,1499,1581
4,3 5 18 24,1,a18,0,0,0,0,1474,1581
4,3 5 18 24,2,a03 a18,0,0,0,0,1505,1581
4,3 5 18 24,2,a05 a18,0,0,0,0,1505,1581
4,3 5 18 24,3,a03 a05 a18,0,0,0,0,1516,1581
4,3 5 18 24,1,a24,0,0,0,0,1474,1581
4,3 5 18 24,2,a03 a24,0,0,0,0,1505,1581
4,3 5 18 24,2,a05 a24,0,0,0,0,1505,1581
4,3 5 18 24,3,a03 a05 a24,0,0,0,0,1516,1581
4,3 5 18 24,2,a18 a24,0,0,0,0,1499,1581
4,3 5 18 24,3,a03 a18 a24,0,0,0,0,1516,1581
4,3 5 18 24,3,a05 a18 a24,0,0,0,0,1516,1581
4,3 5 18 24,4,a03 a05 a18 a24,0,0,0,0,1524,1581
4,3 5 19 21,0,,1,1,1,0,0,472
4,3 5 19 21,1,a03,0,0,0,0,358,472
4,3 5 19 21,1,a05,0,0,0,0,312,472
4,3 5 19 21,2,a03 a05,0,0,0,0,416,472
4,3 5 19 21,1,a19,1,1,1,0,258,472
4,3 5 19 21,2,a03 a19,0,0,0,0,392,472
4,3 5 19 21,2,a05 a19,0,0,0,0,391,472
4,3 5 19 21,3,a03 a05 a19,0,0,0,0,435,472
4,3 5 19 21,1,a21,0,0,0,0,350,472
4,3 5 19 21,2,a03 a21,0,0,0,0,402,472
4,3 5 19 21,2,a05 a21,0,0,0,0,412,472
4,3 5 19 21,3,a03 a05 a21,0,0,0,0,434,472
4,3 5 19 21,2,a19 a21,0,0,0,0,402,472
4,3 5 19 21,3,a03 a19 a21,0,0,0,0,436,472
4,3 5 19 21,3,a05 a19 a21,0,0,0,0,435,472
4,3 5 19 21,4,a03 a05 a19 a21,0,0,0,0,453,472
4,3 5 20 21,0,,1,1,1,0,0,156
4,3 5 20 21,1,a03,0,0,0,0,92,156
4,3 5 20 21,1,a05,0,0,0,0,111,156
4,3 5 20 21,2,a03 a05,0,0,0,0,132,156
4,3 5 20 21,1,a20,1,1,1,0,111,156
4,3 5 20 21,2,a03 a20,0,0,0,0,132,156
4,3 5 20 21,2,a05 a20,0,0,0,0,133,156
4,3 5 20 21,3,a03 a05 a20,0,0,0,0,144,156
4,3 5 20 21,1,a21,0,0,0,0,98,156
4,3 5 20 21,2,a03 a21,0,0,0,0,126,156
4,3 5 20 21,2,a05 a21,0,0,0,0,118,156
4,3 5 20 21,3,a03 a05 a21,0,0,0,0,136,156
4,3 5 20 21,2,a20 a21,0,0,0,0,118,156
4,3 5 20 21,3,a03 a20 a21,0,0,0,0,137,156
4,3 5 20 21,3,a05 a20 a21,0,0,0,0,137,156
4,3 5 20 21,4,a03 a05 a20 a21,0,0,0,0,147,156
4,3 5 20 22,0,,1,1,1,0,0,220
4,3 5 20 22,1,a03,0,0,0,0,150,220
4,3 5 20 22,1,a05,0,0,0,0,150,220
4,3 5 20 22,2,a03 a05,0,0,0,0,174,220
4,3 5 20 22,1,a20,0,0,0,0,150,220
4,3 5 20 22,2,a03 a20,0,0,0,0,174,220
4,3 5 20 22,2,a05 a20,0,0,0,0,184,220
4,3 5 20 22,3,a03 a05 a20,0,0,0,0,196,220
4,3 5 20 22,1,a22,0,0,0,0,150,220
4,3 5 20 22,2,a03 a22,0,0,0,0,184,220
4,3 5 20 22,2,a05 a22,0,0,0,0,174,220
4,3 5 20 22,3,a03 a05 a22,0,0,0,0,196,220
4,3 5 20 22,2,a20 a22,0,0,0,0,174,220
4,3 5 20 22,3,a03 a20 a22,0,0,0,0,196,220
4,3 5 20 22,3,a05 a20 a22,0,0,0,0,196,220
4,3 5 20 22,4,a03 a05 a20 a22,0,0,0,0,208,220
4,3 5 21 22,0,,1,1,1,0,0,156
4,3 5 21 22,1,a03,0,0,0,0,111,156
4,3 5 21 22,1,a05,0,0,0,0,92,156
4,3 5 21 22,2,a03 a05,0,0,0,0,132,156
4,3 5 21 22,1,a21,0,0,0,0,98,156
4,3 5 21 22,2,a03 a21,0,0,0,0,118,156
4,3 5 21 22,2,a05 a21,0,0,0,0,126,156
4,3 5 21 22,3,a03 a05 a21,0,0,0,0,136,156
4,3 5 21 22,1,a22,1,1,1,0,111,156
4,3 5 21 22,2,a03 a22,0,0,0,0,133,156
4,3 5 21 22,2,a05 a22,0,0,0,0,132,156
4,3 5 21 22,3,a03 a05 a22,0,0,0,0,144,156
4,3 5 21 22,2,a21 a22,0,0,0,0,118,156
4,3 5 21 22,3,a03 a21 a22,0,0,0,0,137,156
4,3 5 21 22,3,a05 a21 a22,0,0,0,0,137,156
4,3 5 21 22,4,a03 a05 a21 a22,0,0,0,0,147,156
4,3 5 21 23,0,,1,1,1,0,0,472
4,3 5 21 23,1,a03,0,0,0,0,312,472
4,3 5 21 23,1,a05,0,0,0,0,358,472
4,3 5 21 23,2,a03 a05,0,0,0,0,416,472
4,3 5 21 23,1,a21,0,0,0,0,350,472
4,3 5 21 23,2,a03 a21,0,0,0,0,412,472
4,3 5 21 23,2,a05 a21,0,0,0,0,402,472
4,3 5 21 23,3,a03 a05 a21,0,0,0,0,434,472
4,3 5 21 23,1,a23,1,1,1,0,258,472
4,3 5 21 23,2,a03 a23,0,0,0,0,391,472
4,3 5 21 23,2,a05 a23,0,0,0,0,392,472
4,3 5 21 23,3,a03 a05 a23,0,0,0,0,435,472
4,3 5 21 23,2,a21 a23,0,0,0,0,402,472
4,3 5 21 23,3,a03 a21 a23,0,0,0,0,435,472
4,3 5 21 23,3,a05 a21 a23,0,0,0,0,436,472
4,3 5 21 23,4,a03 a05 a21 a23,0,0,0,0,453,472
4,3 5 21 24,0,,1,1,1,0,0,364
4,3 5 21 24,1,a03,0,0,0,0,253,364
4,3 5 21 24,1,a05,0,0,0,0,253,364
4,3 5 21 24,2,a03 a05,0,0,0,0,316,364
4,3 5 21 24,1,a21,0,0,0,0,185,364
4,3 5 21 24,2,a03 a21,0,0,0,0,294,364
4,3 5 21 24,2,a05 a21,0,0,0,0,294,364
4,3 5 21 24,3,a03 a05 a21,0,0,0,0,333,364
4,3 5 21 24,1,a24,1,1,1,0,173,364
4,3 5 21 24,2,a03 a24,0,0,0,0,293,364
4,3 5 21 24,2,a05 a24,0,0,0,0,293,364
4,3 5 21 24,3,a03 a05 a24,0,0,0,0,332,364
4,3 5 21 24,2,a21 a24,0,0,0,0,304,364
4,3 5 21 24,3,a03 a21 a24,0,0,0,0,333,364
4,3 5 21 24,3,a05 a21 a24,0,0,0,0,333,364
4,3 5 21 24,4,a03 a05 a21 a24,0,0,0,0,348,364
4,3 5 21 25,0,,1,1,1,0,0,472
4,3 5 21 25,1,a03,0,0,0,0,358,472
4,3 5 21 25,1,a05,0,0,0,0,312,472
4,3 5 21 25,2,a03 a05,0,0,0,0,416,472
4,3 5 21 25,1,a21,0,0,0,0,350,472
4,3 5 21 25,2,a03 a21,0,0,0,0,402,472
4,3 5 21 25,2,a05 a21,0,0,0,0,412,472
4,3 5 21 25,3,a03 a05 a21,0,0,0,0,434,472
4,3 5 21 25,1,a25,1,1,1,0,258,472
4,3 5 21 25,2,a03 a25,0,0,0,0,392,472
4,3 5 21 25,2,a05 a25,0,0,0,0,391,472
4,3 5 21 25,3,a03 a05 a25,0,0,0,0,435,472
4,3 5 21 25,2,a21 a25,0,0,0,0,402,472
4,3 5 21 25,3,a03 a21 a25,0,0,0,0,436,472
4,3 5 21 25,3,a05 a21 a25,0,0,0,0,435,472
4,3 5 21 25,4,a03 a05 a21 a25,0,0,0,0,453,472
4,3 6 10 15,0,,1,1,1,0,0,44
4,3 6 10 15,1,a03,1,1,1,0,6,44
4,3 6 10 15,1,a06,1,1,1,0,16,44
4,3 6 10 15,2,a03 a06,1,1,1,0,17,44
4,3 6 10 15,1,a10,0,0,0,0,26,44
4,3 6 10 15,2,a03 a10,0,0,0,0,27,44
4,3 6 10 15,2,a06 a10,0,0,0,0,32,44
4,3 6 10 15,3,a03 a06 a10,0,0,0,0,33,44
4,3 6 10 15,1,a15,0,0,0,0,16,44
4,3 6 10 15,2,a03 a15,0,0,0,0,22,44
4,3 6 10 15,2,a06 a15,0,0,0,0,32,44
4,3 6 10 15,3,a03 a06 a15,0,0,0,0,33,44
4,3 6 10 15,2,a10 a15,0,0,0,0,32,44
4,3 6 10 15,3,a03 a10 a15,0,0,0,0,33,44
4,3 6 10 15,3,a06 a10 a15,0,0,0,0,38,44
4,3 6 10 15,4,a03 a06 a10 a15,0,0,0,0,39,44
4,3 6 12 13,0,,1,1,1,0,0,81
4,3 6 12 13,1,a03,1,1,1,0,22,81
4,3 6 12 13,1,a06,1,1,1,0,22,81
4,3 6 12 13,2,a03 a06,1,1,1,0,44,81
4,3 6 12 13,1,a12,0,0,0,0,22,81
4,3 6 12 13,2,a03 a12,0,0,0,0,44,81
4,3 6 12 13,2,a06 a12,0,0,0,0,44,81
4,3 6 12 13,3,a03 a06 a12,0,0,0,0,66,81
4,3 6 12 13,1,a13,0,0,0,0,50,81
4,3 6 12 13,2,a03 a13,0,0,0,0,58,81
4,3 6 12 13,2,a06 a13,0,0,0,0,58,81
4,3 6 12 13,3,a03 a06 a13,0,0,0,0,66,81
4,3 6 12 13,2,a12 a13,0,0,0,0,58,81
4,3 6 12 13,3,a03 a12 a13,0,0,0,0,66,81
4,3 6 12 13,3,a06 a12 a13,0,0,0,0,66,81
4,3 6 12 13,4,a03 a06 a12 a13,0,0,0,0,74,81
4,3 6 13 20,0,,1,1,1,0,0,279
4,3 6 13 20,1,a03,0,0,0,0,107,279
4,3 6 13 20,1,a06,1,1,1,0,107,279
4,3 6 13 20,2,a03 a06,0,0,0,0,214,279
4,3 6 13 20,1,a13,0,0,0,0,202,279
4,3 6 13 20,2,a03 a13,0,0,0,0,227,279
4,3 6 13 20,2,a06 a13,0,0,0,0,227,279
4,3 6 13 20,3,a03 a06 a13,0,0,0,0,252,279
4,3 6 13 20,1,a20,0,0,0,0,180,279
4,3 6 13 20,2,a03 a20,0,0,0,0,215,279
4,3 6 13 20,2,a06 a20,0,0,0,0,215,279
4,3 6 13 20,3,a03 a06 a20,0,0,0,0,250,279
4,3 6 13 20,2,a13 a20,0,0,0,0,240,279
4,3 6 13 20,3,a03 a13 a20,0,0,0,0,253,279
4,3 6 13 20,3,a06 a13 a20,0,0,0,0,253,279
4,3 6 13 20,4,a03 a06 a13 a20,0,0,0,0,266,279
4,3 6 13 21,0,,1,1,1,0,0,194
4,3 6 13 21,1,a03,0,0,0,0,78,194
4,3 6 13 21,1,a06,1,1,1,0,78,194
4,3 6 13 21,2,a03 a06,0,0,0,0,156,194
4,3 6 13 21,1,a13,0,0,0,0,109,194
4,3 6 13 21,2,a03 a13,0,0,0,0,140,194
4,3 6 13 21,2,a06 a13,0,0,0,0,140,194
4,3 6 13 21,3,a03 a06 a13,0,0,0,0,171,194
4,3 6 13 21,1,a21,0,0,0,0,109,194
4,3 6 13 21,2,a03 a21,0,0,0,0,140,194
4,3 6 13 21,2,a06 a21,0,0,0,0,140,194
4,3 6 13 21,3,a03 a06 a21,0,0,0,0,171,194
4,3 6 13 21,2,a13 a21,0,0,0,0,162,194
4,3 6 13 21,3,a03 a13 a21,0,0,0,0,173,194
4,3 6 13 21,3,a06 a13 a21,0,0,0,0,173,194
4,3 6 13 21,4,a03 a06 a13 a21,0,0,0,0,184,194
4,3 7 10 15,0,,1,1,1,0,0,58
4,3 7 10 15,1,a03,1,1,1,0,7,58
4,3 7 10 15,1,a07,1,1,1,0,19,58
4,3 7 10 15,2,a03 a07,1,1,1,0,26,58
4,3 7 10 15,1,a10,0,0,0,0,31,58
4,3 7 10 15,2,a03 a10,0,0,0,0,38,58
4,3 7 10 15,2,a07 a10,0,0,0,0,38,58
4,3 7 10 15,3,a03 a07 a10,0,0,0,0,45,58
4,3 7 10 15,1,a15,0,0,0,0,19,58
4,3 7 10 15,2,a03 a15,0,0,0,0,26,58
4,3 7 10 15,2,a07 a15,0,0,0,0,38,58
4,3 7 10 15,3,a03 a07 a15,0,0,0,0,45,58
4,3 7 10 15,2,a10 a15,0,0,0,0,38,58
4,3 7 10 15,3,a03 a10 a15,0,0,0,0,45,58
4,3 7 10 15,3,a07 a10 a15,0,0,0,0,45,58
4,3 7 10 15,4,a03 a07 a10 a15,0,0,0,0,52,58
4,3 7 10 21,0,,1,1,1,0,0,116
4,3 7 10 21,1,a03,1,1,1,0,25,116
4,3 7 10 21,1,a07,0,0,0,0,62,116
4,3 7 10 21,2,a03 a07,0,0,0,0,87,116
4,3 7 10 21,1,a10,0,0,0,0,48,116
4,3 7 10 21,2,a03 a10,0,0,0,0,73,116
4,3 7 10 21,2,a07 a10,0,0,0,0,73,116
4,3 7 10 21,3,a03 a07 a10,0,0,0,0,98,116
4,3 7 10 21,1,a21,0,0,0,0,64,116
4,3 7 10 21,2,a03 a21,0,0,0,0,73,116
4,3 7 10 21,2,a07 a21,0,0,0,0,89,116
4,3 7 10 21,3,a03 a07 a21,0,0,0,0,98,116
4,3 7 10 21,2,a10 a21,0,0,0,0,90,116
4,3 7 10 21,3,a03 a10 a21,0,0,0,0,99,116
4,3 7 10 21,3,a07 a10 a21,0,0,0,0,99,116
4,3 7 10 21,4,a03 a07 a10 a21,0,0,0,0,108,116
4,3 7 10 24,0,,1,1,1,0,0,214
4,3 7 10 24,1,a03,1,1,1,0,60,214
4,3 7 10 24,1,a07,0,0,0,0,97,214
4,3 7 10 24,2,a03 a07,0,0,0,0,157,214
4,3 7 10 24,1,a10,0,0,0,0,136,214
4,3 7 10 24,2,a03 a10,0,0,0,0,168,214
4,3 7 10 24,2,a07 a10,0,0,0,0,159,214
4,3 7 10 24,3,a03 a07 a10,0,0,0,0,191,214
4,3 7 10 24,1,a24,0,0,0,0,144,214
4,3 7 10 24,2,a03 a24,0,0,0,0,157,214
4,3 7 10 24,2,a07 a24,0,0,0,0,176,214
4,3 7 10 24,3,a03 a07 a24,0,0,0,0,189,214
4,3 7 10 24,2,a10 a24,0,0,0,0,179,214
4,3 7 10 24,3,a03 a10 a24,0,0,0,0,191,214
4,3 7 10 24,3,a07 a10 a24,0,0,0,0,191,214
4,3 7 10 24,4,a03 a07 a10 a24,0,0,0,0,203,214
4,3 7 11 21,0,,1,1,1,0,0,364
4,3 7 11 21,1,a03,0,0,0,0,216,364
4,3 7 11 21,1,a07,0,0,0,0,216,364
4,3 7 11 21,2,a03 a07,0,0,0,0,314,364
4,3 7 11 21,1,a11,0,0,0,0,251,364
4,3 7 11 21,2,a03 a11,0,0,0,0,292,364
4,3 7 11 21,2,a07 a11,0,0,0,0,292,364
4,3 7 11 21,3,a03 a07 a11,0,0,0,0,331,364
4,3 7 11 21,1,a21,0,0,0,0,232,364
4,3 7 11 21,2,a03 a21,0,0,0,0,294,364
4,3 7 11 21,2,a07 a21,0,0,0,0,294,364
4,3 7 11 21,3,a03 a07 a21,0,0,0,0,333,364
4,3 7 11 21,2,a11 a21,0,0,0,0,317,364
4,3 7 11 21,3,a03 a11 a21,0,0,0,0,333,364
4,3 7 11 21,3,a07 a11 a21,0,0,0,0,333,364
4,3 7 11 21,4,a03 a07 a11 a21,0,0,0,0,348,364
4,3 7 12 13,0,,1,1,1,0,0,58
4,3 7 12 13,1,a03,1,1,1,0,19,58
4,3 7 12 13,1,a07,1,1,1,0,7,58
4,3 7 12 13,2,a03 a07,1,1,1,0,26,58
4,3 7 12 13,1,a12,0,0,0,0,19,58
4,3 7 12 13,2,a03 a12,0,0,0,0,38,58
4,3 7 12 13,2,a07 a12,0,0,0,0,26,58
4,3 7 12 13,3,a03 a07 a12,0,0,0,0,45,58
4,3 7 12 13,1,a13,0,0,0,0,31,58
4,3 7 12 13,2,a03 a13,0,0,0,0,38,58
4,3 7 12 13,2,a07 a13,0,0,0,0,38,58
4,3 7 12 13,3,a03 a07 a13,0,0,0,0,45,58
4,3 7 12 13,2,a12 a13,0,0,0,0,38,58
4,3 7 12 13,3,a03 a12 a13,0,0,0,0,45,58
4,3 7 12 13,3,a07 a12 a13,0,0,0,0,45,58
4,3 7 12 13,4,a03 a07 a12 a13,0,0,0,0,52,58
4,3 7 13 20,0,,1,1,1,0,0,214
4,3 7 13 20,1,a03,0,0,0,0,97,214
4,3 7 13 20,1,a07,1,1,1,0,60,214
4,3 7 13 20,2,a03 a07,0,0,0,0,157,214
4,3 7 13 20,1,a13,0,0,0,0,136,214
4,3 7 13 20,2,a03 a13,0,0,0,0,159,214
4,3 7 13 20,2,a07 a13,0,0,0,0,168,214
4,3 7 13 20,3,a03 a07 a13,0,0,0,0,191,214
4,3 7 13 20,1,a20,0,0,0,0,144,214
4,3 7 13 20,2,a03 a20,0,0,0,0,176,214
4,3 7 13 20,2,a07 a20,0,0,0,0,157,214
4,3 7 13 20,3,a03 a07 a20,0,0,0,0,189,214
4,3 7 13 20,2,a13 a20,0,0,0,0,179,214
4,3 7 13 20,3,a03 a13 a20,0,0,0,0,191,214
4,3 7 13 20,3,a07 a13 a20,0,0,0,0,191,214
4,3 7 13 20,4,a03 a07 a13 a20,0,0,0,0,203,214
4,3 7 13 21,0,,1,1,1,0,0,116
4,3 7 13 21,1,a03,0,0,0,0,62,116
4,3 7 13 21,1,a07,1,1,1,0,25,116
4,3 7 13 21,2,a03 a07,0,0,0,0,87,116
4,3 7 13 21,1,a13,0,0,0,0,48,116
4,3 7 13 21,2,a03 a13,0,0,0,0,73,116
4,3 7 13 21,2,a07 a13,0,0,0,0,73,116
4,3 7 13 21,3,a03 a07 a13,0,0,0,0,98,116
4,3 7 13 21,1,a21,0,0,0,0,64,116
4,3 7 13 21,2,a03 a21,0,0,0,0,89,116
4,3 7 13 21,2,a07 a21,0,0,0,0,73,116
4,3 7 13 21,3,a03 a07 a21,0,0,0,0,98,116
4,3 7 13 21,2,a13 a21,0,0,0,0,90,116
4,3 7 13 21,3,a03 a13 a21,0,0,0,0,99,116
4,3 7 13 21,3,a07 a13 a21,0,0,0,0,99,116
4,3 7 13 21,4,a03 a07 a13 a21,0,0,0,0,108,116
4,3 8 10 15,0,,1,1,1,0,0,116
4,3 8 10 15,1,a03,1,1,1,0,48,116
4,3 8 10 15,1,a08,1,1,1,0,62,116
4,3 8 10 15,2,a03 a08,1,1,1,0,73,116
4,3 8 10 15,1,a10,0,0,0,0,64,116
4,3 8 10 15,2,a03 a10,0,0,0,0,90,116
4,3 8 10 15,2,a08 a10,0,0,0,0,89,116
4,3 8 10 15,3,a03 a08 a10,0,0,0,0,99,116
4,3 8 10 15,1,a15,0,0,0,0,25,116
4,3 8 10 15,2,a03 a15,0,0,0,0,73,116
4,3 8 10 15,2,a08 a15,0,0,0,0,87,116
4,3 8 10 15,3,a03 a08 a15,0,0,0,0,98,116
4,3 8 10 15,2,a10 a15,0,0,0,0,73,116
4,3 8 10 15,3,a03 a10 a15,0,0,0,0,99,116
4,3 8 10 15,3,a08 a10 a15,0,0,0,0,98,116
4,3 8 10 15,4,a03 a08 a10 a15,0,0,0,0,108,116
4,3 8 10 21,0,,1,1,1,0,0,364
4,3 8 10 21,1,a03,0,0,0,0,218,364
4,3 8 10 21,1,a08,0,0,0,0,268,364
4,3 8 10 21,2,a03 a08,0,0,0,0,313,364
4,3 8 10 21,1,a10,0,0,0,0,175,364
4,3 8 10 21,2,a03 a10,0,0,0,0,294,364
4,3 8 10 21,2,a08 a10,0,0,0,0,292,364
4,3 8 10 21,3,a03 a08 a10,0,0,0,0,332,364
4,3 8 10 21,1,a21,0,0,0,0,253,364
4,3 8 10 21,2,a03 a21,0,0,0,0,295,364
4,3 8 10 21,2,a08 a21,0,0,0,0,316,364
4,3 8 10 21,3,a03 a08 a21,0,0,0,0,333,364
4,3 8 10 21,2,a10 a21,0,0,0,0,306,364
4,3 8 10 21,3,a03 a10 a21,0,0,0,0,335,364
4,3 8 10 21,3,a08 a10 a21,0,0,0,0,333,364
4,3 8 10 21,4,a03 a08 a10 a21,0,0,0,0,349,364
4,3 8 10 24,0,,1,1,1,0,0,606
4,3 8 10 24,1,a03,0,0,0,0,375,606
4,3 8 10 24,1,a08,0,0,0,0,420,606
4,3 8 10 24,2,a03 a08,0,0,0,0,514,606
4,3 8 10 24,1,a10,0,0,0,0,453,606
4,3 8 10 24,2,a03 a10,0,0,0,0,531,606
4,3 8 10 24,2,a08 a10,0,0,0,0,517,606
4,3 8 10 24,3,a03 a08 a10,0,0,0,0,564,606
4,3 8 10 24,1,a24,0,0,0,0,461,606
4,3 8 10 24,2,a03 a24,0,0,0,0,516,606
4,3 8 10 24,2,a08 a24,0,0,0,0,539,606
4,3 8 10 24,3,a03 a08 a24,0,0,0,0,562,606
4,3 8 10 24,2,a10 a24,0,0,0,0,531,606
4,3 8 10 24,3,a03 a10 a24,0,0,0,0,565,606
4,3 8 10 24,3,a08 a10 a24,0,0,0,0,564,606
4,3 8 10 24,4,a03 a08 a10 a24,0,0,0,0,583,606
4,3 8 11 21,0,,1,1,1,0,0,606
4,3 8 11 21,1,a03,0,0,0,0,461,606
4,3 8 11 21,1,a08,0,0,0,0,420,606
4,3 8 11 21,2,a03 a08,0,0,0,0,539,606
4,3 8 11 21,1,a11,0,0,0,0,375,606
4,3 8 11 21,2,a03 a11,0,0,0,0,516,606
4,3 8 11 21,2,a08 a11,0,0,0,0,514,606
4,3 8 11 21,3,a03 a08 a11,0,0,0,0,562,606
4,3 8 11 21,1,a21,0,0,0,0,453,606
4,3 8 11 21,2,a03 a21,0,0,0,0,531,606
4,3 8 11 21,2,a08 a21,0,0,0,0,517,606
4,3 8 11 21,3,a03 a08 a21,0,0,0,0,564,606
4,3 8 11 21,2,a11 a21,0,0,0,0,531,606
4,3 8 11 21,3,a03 a11 a21,0,0,0,0,565,606
4,3 8 11 21,3,a08 a11 a21,0,0,0,0,564,606
4,3 8 11 21,4,a03 a08 a11 a21,0,0,0,0,583,606
4,3 8 12 13,0,,1,1,1,0,0,88
4,3 8 12 13,1,a03,1,1,1,0,36,88
4,3 8 12 13,1,a08,1,1,1,0,29,88
4,3 8 12 13,2,a03 a08,1,1,1,0,51,88
4,3 8 12 13,1,a12,0,0,0,0,36,88
4,3 8 12 13,2,a03 a12,0,0,0,0,65,88
4,3 8 12 13,2,a08 a12,0,0,0,0,51,88
4,3 8 12 13,3,a03 a08 a12,0,0,0,0,73,88
4,3 8 12 13,1,a13,0,0,0,0,36,88
4,3 8 12 13,2,a03 a13,0,0,0,0,58,88
4,3 8 12 13,2,a08 a13,0,0,0,0,65,88
4,3 8 12 13,3,a03 a08 a13,0,0,0,0,73,88
4,3 8 12 13,2,a12 a13,0,0,0,0,58,88
4,3 8 12 13,3,a03 a12 a13,0,0,0,0,73,88
4,3 8 12 13,3,a08 a12 a13,0,0,0,0,73,88
4,3 8 12 13,4,a03 a08 a12 a13,0,0,0,0,81,88
4,3 8 13 20,0,,1,1,1,0,0,472
4,3 8 13 20,1,a03,0,0,0,0,312,472
4,3 8 13 20,1,a08,1,1,1,0,258,472
4,3 8 13 20,2,a03 a08,0,0,0,0,391,472
4,3 8 13 20,1,a13,0,0,0,0,350,472
4,3 8 13 20,2,a03 a13,0,0,0,0,412,472
4,3 8 13 20,2,a08 a13,0,0,0,0,402,472
4,3 8 13 20,3,a03 a08 a13,0,0,0,0,435,472
4,3 8 13 20,1,a20,0,0,0,0,358,472
4,3 8 13 20,2,a03 a20,0,0,0,0,416,472
4,3 8 13 20,2,a08 a20,0,0,0,0,392,472
4,3 8 13 20,3,a03 a08 a20,0,0,0,0,435,472
4,3 8 13 20,2,a13 a20,0,0,0,0,402,472
4,3 8 13 20,3,a03 a13 a20,0,0,0,0,434,472
4,3 8 13 20,3,a08 a13 a20,0,0,0,0,436,472
4,3 8 13 20,4,a03 a08 a13 a20,0,0,0,0,453,472
4,3 8 13 21,0,,1,1,1,0,0,214
4,3 8 13 21,1,a03,0,0,0,0,144,214
4,3 8 13 21,1,a08,1,1,1,0,97,214
4,3 8 13 21,2,a03 a08,0,0,0,0,176,214
4,3 8 13 21,1,a13,0,0,0,0,60,214
4,3 8 13 21,2,a03 a13,0,0,0,0,157,214
4,3 8 13 21,2,a08 a13,0,0,0,0,157,214
4,3 8 13 21,3,a03 a08 a13,0,0,0,0,189,214
4,3 8 13 21,1,a21,0,0,0,0,136,214
4,3 8 13 21,2,a03 a21,0,0,0,0,179,214
4,3 8 13 21,2,a08 a21,0,0,0,0,159,214
4,3 8 13 21,3,a03 a08 a21,0,0,0,0,191,214
4,3 8 13 21,2,a13 a21,0,0,0,0,168,214
4,3 8 13 21,3,a03 a13 a21,0,0,0,0,191,214
4,3 8 13 21,3,a08 a13 a21,0,0,0,0,191,214
4,3 8 13 21,4,a03 a08 a13 a21,0,0,0,0,203,214
4,3 9 10 15,0,,1,1,1,0,0,58
4,3 9 10 15,1,a03,1,1,1,0,7,58
4,3 9 10 15,1,a09,1,1,1,0,19,58
4,3 9 10 15,2,a03 a09,1,1,1,0,26,58
4,3 9 10 15,1,a10,0,0,0,0,19,58
4,3 9 10 15,2,a03 a10,0,0,0,0,26,58
4,3 9 10 15,2,a09 a10,0,0,0,0,38,58
4,3 9 10 15,3,a03 a09 a10,0,0,0,0,45,58
4,3 9 10 15,1,a15,0,0,0,0,31,58
4,3 9 10 15,2,a03 a15,0,0,0,0,38,58
4,3 9 10 15,2,a09 a15,0,0,0,0,38,58
4,3 9 10 15,3,a03 a09 a15,0,0,0,0,45,58
4,3 9 10 15,2,a10 a15,0,0,0,0,38,58
4,3 9 10 15,3,a03 a10 a15,0,0,0,0,45,58
4,3 9 10 15,3,a09 a10 a15,0,0,0,0,45,58
4,3 9 10 15,4,a03 a09 a10 a15,0,0,0,0,52,58
4,3 9 11 15,0,,1,1,1,0,0,214
4,3 9 11 15,1,a03,1,1,1,0,60,214
4,3 9 11 15,1,a09,0,0,0,0,97,214
4,3 9 11 15,2,a03 a09,0,0,0,0,157,214
4,3 9 11 15,1,a11,0,0,0,0,144,214
4,3 9 11 15,2,a03 a11,0,0,0,0,157,214
4,3 9 11 15,2,a09 a11,0,0,0,0,176,214
4,3 9 11 15,3,a03 a09 a11,0,0,0,0,189,214
4,3 9 11 15,1,a15,0,0,0,0,136,214
4,3 9 11 15,2,a03 a15,0,0,0,0,168,214
4,3 9 11 15,2,a09 a15,0,0,0,0,159,214
4,3 9 11 15,3,a03 a09 a15,0,0,0,0,191,214
4,3 9 11 15,2,a11 a15,0,0,0,0,179,214
4,3 9 11 15,3,a03 a11 a15,0,0,0,0,191,214
4,3 9 11 15,3,a09 a11 a15,0,0,0,0,191,214
4,3 9 11 15,4,a03 a09 a11 a15,0,0,0,0,203,214
4,3 9 12 13,0,,1,1,1,0,0,81
4,3 9 12 13,1,a03,1,1,1,0,22,81
4,3 9 12 13,1,a09,1,1,1,0,22,81
4,3 9 12 13,2,a03 a09,1,1,1,0,44,81
4,3 9 12 13,1,a12,0,0,0,0,22,81
4,3 9 12 13,2,a03 a12,0,0,0,0,44,81
4,3 9 12 13,2,a09 a12,0,0,0,0,44,81
4,3 9 12 13,3,a03 a09 a12,0,0,0,0,66,81
4,3 9 12 13,1,a13,0,0,0,0,50,81
4,3 9 12 13,2,a03 a13,0,0,0,0,58,81
4,3 9 12 13,2,a09 a13,0,0,0,0,58,81
4,3 9 12 13,3,a03 a09 a13,0,0,0,0,66,81
4,3 9 12 13,2,a12 a13,0,0,0,0,58,81
4,3 9 12 13,3,a03 a12 a13,0,0,0,0,66,81
4,3 9 12 13,3,a09 a12 a13,0,0,0,0,66,81
4,3 9 12 13,4,a03 a09 a12 a13,0,0,0,0,74,81
4,3 9 13 14,0,,1,1,1,0,0,166
4,3 9 13 14,1,a03,1,1,1,0,28,166
4,3 9 13 14,1,a09,0,0,0,0,87,166
4,3 9 13 14,2,a03 a09,0,0,0,0,115,166
4,3 9 13 14,1,a13,0,0,0,0,114,166
4,3 9 13 14,2,a03 a13,0,0,0,0,124,166
4,3 9 13 14,2,a09 a13,0,0,0,0,135,166
4,3 9 13 14,3,a03 a09 a13,0,0,0,0,145,166
4,3 9 13 14,1,a14,0,0,0,0,87,166
4,3 9 13 14,2,a03 a14,0,0,0,0,115,166
4,3 9 13 14,2,a09 a14,0,0,0,0,116,166
4,3 9 13 14,3,a03 a09 a14,0,0,0,0,144,166
4,3 9 13 14,2,a13 a14,0,0,0,0,135,166
4,3 9 13 14,3,a03 a13 a14,0,0,0,0,145,166
4,3 9 13 14,3,a09 a13 a14,0,0,0,0,146,166
4,3 9 13 14,4,a03 a09 a13 a14,0,0,0,0,156,166
4,3 9 13 15,0,,1,1,1,0,0,116
4,3 9 13 15,1,a03,1,1,1,0,25,116
4,3 9 13 15,1,a09,0,0,0,0,62,116
4,3 9 13 15,2,a03 a09,0,0,0,0,87,116
4,3 9 13 15,1,a13,0,0,0,0,64,116
4,3 9 13 15,2,a03 a13,0,0,0,0,73,116
4,3 9 13 15,2,a09 a13,0,0,0,0,89,116
4,3 9 13 15,3,a03 a09 a13,0,0,0,0,98,116
4,3 9 13 15,1,a15,0,0,0,0,48,116
4,3 9 13 15,2,a03 a15,0,0,0,0,73,116
4,3 9 13 15,2,a09 a15,0,0,0,0,73,116
4,3 9 13 15,3,a03 a09 a15,0,0,0,0,98,116
4,3 9 13 15,2,a13 a15,0,0,0,0,90,116
4,3 9 13 15,3,a03 a13 a15,0,0,0,0,99,116
4,3 9 13 15,3,a09 a13 a15,0,0,0,0,99,116
4,3 9 13 15,4,a03 a09 a13 a15,0,0,0,0,108,116
4,3 9 13 20,0,,1,1,1,0,0,166
4,3 9 13 20,1,a03,0,0,0,0,87,166
4,3 9 13 20,1,a09,1,1,1,0,28,166
4,3 9 13 20,2,a03 a09,0,0,0,0,115,166
4,3 9 13 20,1,a13,0,0,0,0,114,166
4,3 9 13 20,2,a03 a13,0,0,0,0,135,166
4,3 9 13 20,2,a09 a13,0,0,0,0,124,166
4,3 9 13 20,3,a03 a09 a13,0,0,0,0,145,166
4,3 9 13 20,1,a20,0,0,0,0,87,166
4,3 9 13 20,2,a03 a20,0,0,0,0,116,166
4,3 9 13 20,2,a09 a20,0,0,0,0,115,166
4,3 9 13 20,3,a03 a09 a20,0,0,0,0,144,166
4,3 9 13 20,2,a13 a20,0,0,0,0,135,166
4,3 9 13 20,3,a03 a13 a20,0,0,0,0,146,166
4,3 9 13 20,3,a09 a13 a20,0,0,0,0,145,166
4,3 9 13 20,4,a03 a09 a13 a20,0,0,0,0,156,166
4,3 9 13 21,0,,1,1,1,0,0,116
4,3 9 13 21,1,a03,0,0,0,0,62,116
4,3 9 13 21,1,a09,1,1,1,0,25,116
4,3 9 13 21,2,a03 a09,0,0,0,0,87,116
4,3 9 13 21,1,a13,0,0,0,0,64,116
4,3 9 13 21,2,a03 a13,0,0,0,0,89,116
4,3 9 13 21,2,a09 a13,0,0,0,0,73,116
4,3 9 13 21,3,a03 a09 a13,0,0,0,0,98,116
4,3 9 13 21,1,a21,0,0,0,0,48,116
4,3 9 13 21,2,a03 a21,0,0,0,0,73,116
4,3 9 13 21,2,a09 a21,0,0,0,0,73,116
4,3 9 13 21,3,a03 a09 a21,0,0,0,0,98,116
4,3 9 13 21,2,a13 a21,0,0,0,0,90,116
4,3 9 13 21,3,a03 a13 a21,0,0,0,0,99,116
4,3 9 13 21,3,a09 a13 a21,0,0,0,0,99,116
4,3 9 13 21,4,a03 a09 a13 a21,0,0,0,0,108,116
4,3 9 13 23,0,,1,1,1,0,0,472
4,3 9 13 23,1,a03,0,0,0,0,260,472
4,3 9 13 23,1,a09,0,0,0,0,260,472
4,3 9 13 23,2,a03 a09,0,0,0,0,391,472
4,3 9 13 23,1,a13,0,0,0,0,372,472
4,3 9 13 23,2,a03 a13,0,0,0,0,406,472
4,3 9 13 23,2,a09 a13,0,0,0,0,406,472
4,3 9 13 23,3,a03 a09 a13,0,0,0,0,437,472
4,3 9 13 23,1,a23,0,0,0,0,340,472
4,3 9 13 23,2,a03 a23,0,0,0,0,388,472
4,3 9 13 23,2,a09 a23,0,0,0,0,388,472
4,3 9 13 23,3,a03 a09 a23,0,0,0,0,433,472
4,3 9 13 23,2,a13 a23,0,0,0,0,418,472
4,3 9 13 23,3,a03 a13 a23,0,0,0,0,436,472
4,3 9 13 23,3,a09 a13 a23,0,0,0,0,436,472
4,3 9 13 23,4,a03 a09 a13 a23,0,0,0,0,453,472
4,3 9 13 24,0,,1,1,1,0,0,364
4,3 9 13 24,1,a03,0,0,0,0,216,364
4,3 9 13 24,1,a09,0,0,0,0,216,364
4,3 9 13 24,2,a03 a09,0,0,0,0,314,364
4,3 9 13 24,1,a13,0,0,0,0,232,364
4,3 9 13 24,2,a03 a13,0,0,0,0,294,364
4,3 9 13 24,2,a09 a13,0,0,0,0,294,364
4,3 9 13 24,3,a03 a09 a13,0,0,0,0,333,364
4,3 9 13 24,1,a24,0,0,0,0,251,364
4,3 9 13 24,2,a03 a24,0,0,0,0,292,364
4,3 9 13 24,2,a09 a24,0,0,0,0,292,364
4,3 9 13 24,3,a03 a09 a24,0,0,0,0,331,364
4,3 9 13 24,2,a13 a24,0,0,0,0,317,364
4,3 9 13 24,3,a03 a13 a24,0,0,0,0,333,364
4,3 9 13 24,3,a09 a13 a24,0,0,0,0,333,364
4,3 9 13 24,4,a03 a09 a13 a24,0,0,0,0,348,364
4,3 10 11 15,0,,1,1,1,0,0,116
4,3 10 11 15,1,a03,1,1,1,0,48,116
4,3 10 11 15,1,a10,0,0,0,0,25,116
4,3 10 11 15,2,a03 a10,0,0,0,0,73,116
4,3 10 11 15,1,a11,1,1,1,0,62,116
4,3 10 11 15,2,a03 a11,1,1,1,0,73,116
4,3 10 11 15,2,a10 a11,0,0,0,0,87,116
4,3 10 11 15,3,a03 a10 a11,0,0,0,0,98,116
4,3 10 11 15,1,a15,0,0,0,0,64,116
4,3 10 11 15,2,a03 a15,0,0,0,0,90,116
4,3 10 11 15,2,a10 a15,0,0,0,0,73,116
4,3 10 11 15,3,a03 a10 a15,0,0,0,0,99,116
4,3 10 11 15,2,a11 a15,0,0,0,0,89,116
4,3 10 11 15,3,a03 a11 a15,0,0,0,0,99,116
4,3 10 11 15,3,a10 a11 a15,0,0,0,0,98,116
4,3 10 11 15,4,a03 a10 a11 a15,0,0,0,0,108,116
4,3 10 12 13,0,,1,1,1,0,0,58
4,3 10 12 13,1,a03,1,1,1,0,19,58
4,3 10 12 13,1,a10,1,1,1,0,7,58
4,3 10 12 13,2,a03 a10,1,1,1,0,26,58
4,3 10 12 13,1,a12,0,0,0,0,19,58
4,3 10 12 13,2,a03 a12,0,0,0,0,38,58
4,3 10 12 13,2,a10 a12,0,0,0,0,26,58
4,3 10 12 13,3,a03 a10 a12,0,0,0,0,45,58
4,3 10 12 13,1,a13,0,0,0,0,31,58
4,3 10 12 13,2,a03 a13,0,0,0,0,38,58
4,3 10 12 13,2,a10 a13,0,0,0,0,38,58
4,3 10 12 13,3,a03 a10 a13,0,0,0,0,45,58
4,3 10 12 13,2,a12 a13,0,0,0,0,38,58
4,3 10 12 13,3,a03 a12 a13,0,0,0,0,45,58
4,3 10 12 13,3,a10 a12 a13,0,0,0,0,45,58
4,3 10 12 13,4,a03 a10 a12 a13,0,0,0,0,52,58
4,3 10 12 15,0,,1,1,1,0,0,39
4,3 10 12 15,1,a03,1,1,1,0,6,39
4,3 10 12 15,1,a10,0,0,0,0,16,39
4,3 10 12 15,2,a03 a10,0,0,0,0,22,39
4,3 10 12 15,1,a12,1,1,1,0,6,39
4,3 10 12 15,2,a03 a12,1,1,1,0,12,39
4,3 10 12 15,2,a10 a12,0,0,0,0,22,39
4,3 10 12 15,3,a03 a10 a12,0,0,0,0,28,39
4,3 10 12 15,1,a15,0,0,0,0,16,39
4,3 10 12 15,2,a03 a15,0,0,0,0,22,39
4,3 10 12 15,2,a10 a15,0,0,0,0,22,39
4,3 10 12 15,3,a03 a10 a15,0,0,0,0,28,39
4,3 10 12 15,2,a12 a15,0,0,0,0,22,39
4,3 10 12 15,3,a03 a12 a15,0,0,0,0,28,39
4,3 10 12 15,3,a10 a12 a15,0,0,0,0,28,39
4,3 10 12 15,4,a03 a10 a12 a15,0,0,0,0,34,39
4,3 10 12 16,0,,1,1,1,0,0,157
4,3 10 12 16,1,a03,1,1,1,0,54,157
4,3 10 12 16,1,a10,0,0,0,0,80,157
4,3 10 12 16,2,a03 a10,0,0,0,0,109,157
4,3 10 12 16,1,a12,0,0,0,0,54,157
4,3 10 12 16,2,a03 a12,0,0,0,0,108,157
4,3 10 12 16,2,a10 a12,0,0,0,0,109,157
4,3 10 12 16,3,a03 a10 a12,0,0,0,0,138,157
4,3 10 12 16,1,a16,0,0,0,0,112,157
4,3 10 12 16,2,a03 a16,0,0,0,0,124,157
4,3 10 12 16,2,a10 a16,0,0,0,0,126,157
4,3 10 12 16,3,a03 a10 a16,0,0,0,0,137,157
4,3 10 12 16,2,a12 a16,0,0,0,0,124,157
4,3 10 12 16,3,a03 a12 a16,0,0,0,0,136,157
4,3 10 12 16,3,a10 a12 a16,0,0,0,0,137,157
4,3 10 12 16,4,a03 a10 a12 a16,0,0,0,0,148,157
4,3 10 13 14,0,,1,1,1,0,0,116
4,3 10 13 14,1,a03,1,1,1,0,25,116
4,3 10 13 14,1,a10,0,0,0,0,48,116
4,3 10 13 14,2,a03 a10,0,0,0,0,73,116
4,3 10 13 14,1,a13,0,0,0,0,64,116
4,3 10 13 14,2,a03 a13,0,0,0,0,73,116
4,3 10 13 14,2,a10 a13,0,0,0,0,90,116
4,3 10 13 14,3,a03 a10 a13,0,0,0,0,99,116
4,3 10 13 14,1,a14,0,0,0,0,62,116
4,3 10 13 14,2,a03 a14,0,0,0,0,87,116
4,3 10 13 14,2,a10 a14,0,0,0,0,73,116
4,3 10 13 14,3,a03 a10 a14,0,0,0,0,98,116
4,3 10 13 14,2,a13 a14,0,0,0,0,89,116
4,3 10 13 14,3,a03 a13 a14,0,0,0,0,98,116
4,3 10 13 14,3,a10 a13 a14,0,0,0,0,99,116
4,3 10 13 14,4,a03 a10 a13 a14,0,0,0,0,108,116
4,3 10 13 15,0,,1,1,1,0,0,58
4,3 10 13 15,1,a03,1,1,1,0,19,58
4,3 10 13 15,1,a10,0,0,0,0,19,58
4,3 10 13 15,2,a03 a10,0,0,0,0,38,58
4,3 10 13 15,1,a13,1,1,1,0,19,58
4,3 10 13 15,2,a03 a13,1,1,1,0,26,58
4,3 10 13 15,2,a10 a13,0,0,0,0,38,58
4,3 10 13 15,3,a03 a10 a13,0,0,0,0,45,58
4,3 10 13 15,1,a15,0,0,0,0,19,58
4,3 10 13 15,2,a03 a15,0,0,0,0,38,58
4,3 10 13 15,2,a10 a15,0,0,0,0,26,58
4,3 10 13 15,3,a03 a10 a15,0,0,0,0,45,58
4,3 10 13 15,2,a13 a15,0,0,0,0,38,58
4,3 10 13 15,3,a03 a13 a15,0,0,0,0,45,58
4,3 10 13 15,3,a10 a13 a15,0,0,0,0,45,58
4,3 10 13 15,4,a03 a10 a13 a15,0,0,0,0,52,58
4,3 10 13 20,0,,1,1,1,0,0,132
4,3 10 13 20,1,a03,0,0,0,0,77,132
4,3 10 13 20,1,a10,1,1,1,0,9,132
4,3 10 13 20,2,a03 a10,0,0,0,0,86,132
4,3 10 13 20,1,a13,0,0,0,0,85,132
4,3 10 13 20,2,a03 a13,0,0,0,0,104,132
4,3 10 13 20,2,a10 a13,0,0,0,0,94,132
4,3 10 13 20,3,a03 a10 a13,0,0,0,0,113,132
4,3 10 13 20,1,a20,0,0,0,0,77,132
4,3 10 13 20,2,a03 a20,0,0,0,0,103,132
4,3 10 13 20,2,a10 a20,0,0,0,0,86,132
4,3 10 13 20,3,a03 a10 a20,0,0,0,0,112,132
4,3 10 13 20,2,a13 a20,0,0,0,0,104,132
4,3 10 13 20,3,a03 a13 a20,0,0,0,0,114,132
4,3 10 13 20,3,a10 a13 a20,0,0,0,0,113,132
4,3 10 13 20,4,a03 a10 a13 a20,0,0,0,0,123,132
4,3 10 13 21,0,,1,1,1,0,0,88
4,3 10 13 21,1,a03,0,0,0,0,54,88
4,3 10 13 21,1,a10,1,1,1,0,8,88
4,3 10 13 21,2,a03 a10,0,0,0,0,62,88
4,3 10 13 21,1,a13,0,0,0,0,42,88
4,3 10 13 21,2,a03 a13,0,0,0,0,64,88
4,3 10 13 21,2,a10 a13,0,0,0,0,50,88
4,3 10 13 21,3,a03 a10 a13,0,0,0,0,72,88
4,3 10 13 21,1,a21,0,0,0,0,42,88
4,3 10 13 21,2,a03 a21,0,0,0,0,64,88
4,3 10 13 21,2,a10 a21,0,0,0,0,50,88
4,3 10 13 21,3,a03 a10 a21,0,0,0,0,72,88
4,3 10 13 21,2,a13 a21,0,0,0,0,65,88
4,3 10 13 21,3,a03 a13 a21,0,0,0,0,73,88
4,3 10 13 21,3,a10 a13 a21,0,0,0,0,73,88
4,3 10 13 21,4,a03 a10 a13 a21,0,0,0,0,81,88
4,3 10 13 23,0,,1,1,1,0,0,364
4,3 10 13 23,1,a03,0,0,0,0,218,364
4,3 10 13 23,1,a10,0,0,0,0,175,364
4,3 10 13 23,2,a03 a10,0,0,0,0,294,364
4,3 10 13 23,1,a13,0,0,0,0,253,364
4,3 10 13 23,2,a03 a13,0,0,0,0,295,364
4,3 10 13 23,2,a10 a13,0,0,0,0,306,364
4,3 10 13 23,3,a03 a10 a13,0,0,0,0,335,364
4,3 10 13 23,1,a23,0,0,0,0,268,364
4,3 10 13 23,2,a03 a23,0,0,0,0,313,364
4,3 10 13 23,2,a10 a23,0,0,0,0,292,364
4,3 10 13 23,3,a03 a10 a23,0,0,0,0,332,364
4,3 10 13 23,2,a13 a23,0,0,0,0,316,364
4,3 10 13 23,3,a03 a13 a23,0,0,0,0,333,364
4,3 10 13 23,3,a10 a13 a23,0,0,0,0,333,364
4,3 10 13 23,4,a03 a10 a13 a23,0,0,0,0,349,364
4,3 10 13 24,0,,1,1,1,0,0,214
4,3 10 13 24,1,a03,0,0,0,0,142,214
4,3 10 13 24,1,a10,0,0,0,0,98,214
4,3 10 13 24,2,a03 a10,0,0,0,0,177,214
4,3 10 13 24,1,a13,0,0,0,0,98,214
4,3 10 13 24,2,a03 a13,0,0,0,0,158,214
4,3 10 13 24,2,a10 a13,0,0,0,0,159,214
4,3 10 13 24,3,a03 a10 a13,0,0,0,0,191,214
4,3 10 13 24,1,a24,0,0,0,0,142,214
4,3 10 13 24,2,a03 a24,0,0,0,0,176,214
4,3 10 13 24,2,a10 a24,0,0,0,0,158,214
4,3 10 13 24,3,a03 a10 a24,0,0,0,0,190,214
4,3 10 13 24,2,a13 a24,0,0,0,0,177,214
4,3 10 13 24,3,a03 a13 a24,0,0,0,0,190,214
4,3 10 13 24,3,a10 a13 a24,0,0,0,0,191,214
4,3 10 13 24,4,a03 a10 a13 a24,0,0,0,0,203,214
4,3 10 14 15,0,,1,1,1,0,0,58
4,3 10 14 15,1,a03,1,1,1,0,7,58
4,3 10 14 15,1,a10,0,0,0,0,31,58
4,3 10 14 15,2,a03 a10,0,0,0,0,38,58
4,3 10 14 15,1,a14,1,1,1,0,19,58
4,3 10 14 15,2,a03 a14,1,1,1,0,26,58
4,3 10 14 15,2,a10 a14,0,0,0,0,38,58
4,3 10 14 15,3,a03 a10 a14,0,0,0,0,45,58
4,3 10 14 15,1,a15,0,0,0,0,19,58
4,3 10 14 15,2,a03 a15,0,0,0,0,26,58
4,3 10 14 15,2,a10 a15,0,0,0,0,38,58
4,3 10 14 15,3,a03 a10 a15,0,0,0,0,45,58
4,3 10 14 15,2,a14 a15,0,0,0,0,38,58
4,3 10 14 15,3,a03 a14 a15,0,0,0,0,45,58
4,3 10 14 15,3,a10 a14 a15,0,0,0,0,45,58
4,3 10 14 15,4,a03 a10 a14 a15,0,0,0,0,52,58
4,3 10 14 16,0,,1,1,1,0,0,214
4,3 10 14 16,1,a03,1,1,1,0,60,214
4,3 10 14 16,1,a10,0,0,0,0,136,214
4,3 10 14 16,2,a03 a10,0,0,0,0,168,214
4,3 10 14 16,1,a14,0,0,0,0,97,214
4,3 10 14 16,2,a03 a14,0,0,0,0,157,214
4,3 10 14 16,2,a10 a14,0,0,0,0,159,214
4,3 10 14 16,3,a03 a10 a14,0,0,0,0,191,214
4,3 10 14 16,1,a16,0,0,0,0,144,214
4,3 10 14 16,2,a03 a16,0,0,0,0,157,214
4,3 10 14 16,2,a10 a16,0,0,0,0,179,214
4,3 10 14 16,3,a03 a10 a16,0,0,0,0,191,214
4,3 10 14 16,2,a14 a16,0,0,0,0,176,214
4,3 10 14 16,3,a03 a14 a16,0,0,0,0,189,214
4,3 10 14 16,3,a10 a14 a16,0,0,0,0,191,214
4,3 10 14 16,4,a03 a10 a14 a16,0,0,0,0,203,214
4,3 10 15 16,0,,1,1,1,0,0,116
4,3 10 15 16,1,a03,1,1,1,0,48,116
4,3 10 15 16,1,a10,0,0,0,0,64,116
4,3 10 15 16,2,a03 a10,0,0,0,0,90,116
4,3 10 15 16,1,a15,0,0,0,0,25,116
4,3 10 15 16,2,a03 a15,0,0,0,0,73,116
4,3 10 15 16,2,a10 a15,0,0,0,0,73,116
4,3 10 15 16,3,a03 a10 a15,0,0,0,0,99,116
4,3 10 15 16,1,a16,1,1,1,0,62,116
4,3 10 15 16,2,a03 a16,1,1,1,0,73,116
4,3 10 15 16,2,a10 a16,0,0,0,0,89,116
4,3 10 15 16,3,a03 a10 a16,0,0,0,0,99,116
4,3 10 15 16,2,a15 a16,0,0,0,0,87,116
4,3 10 15 16,3,a03 a15 a16,0,0,0,0,98,116
4,3 10 15 16,3,a10 a15 a16,0,0,0,0,98,116
4,3 10 15 16,4,a03 a10 a15 a16,0,0,0,0,108,116
4,3 10 15 17,0,,1,1,1,0,0,116
4,3 10 15 17,1,a03,1,1,1,0,48,116
4,3 10 15 17,1,a10,0,0,0,0,25,116
4,3 10 15 17,2,a03 a10,0,0,0,0,73,116
4,3 10 15 17,1,a15,0,0,0,0,64,116
4,3 10 15 17,2,a03 a15,0,0,0,0,90,116
4,3 10 15 17,2,a10 a15,0,0,0,0,73,116
4,3 10 15 17,3,a03 a10 a15,0,0,0,0,99,116
4,3 10 15 17,1,a17,1,1,1,0,62,116
4,3 10 15 17,2,a03 a17,1,1,1,0,73,116
4,3 10 15 17,2,a10 a17,0,0,0,0,87,116
4,3 10 15 17,3,a03 a10 a17,0,0,0,0,98,116
4,3 10 15 17,2,a15 a17,0,0,0,0,89,116
4,3 10 15 17,3,a03 a15 a17,0,0,0,0,99,116
4,3 10 15 17,3,a10 a15 a17,0,0,0,0,98,116
4,3 10 15 17,4,a03 a10 a15 a17,0,0,0,0,108,116
4,3 10 15 18,0,,1,1,1,0,0,116
4,3 10 15 18,1,a03,1,1,1,0,48,116
4,3 10 15 18,1,a10,0,0,0,0,25,116
4,3 10 15 18,2,a03 a10,0,0,0,0,73,116
4,3 10 15 18,1,a15,0,0,0,0,64,116
4,3 10 15 18,2,a03 a15,0,0,0,0,90,116
4,3 10 15 18,2,a10 a15,0,0,0,0,73,116
4,3 10 15 18,3,a03 a10 a15,0,0,0,0,99,116
4,3 10 15 18,1,a18,1,1,1,0,62,116
4,3 10 15 18,2,a03 a18,1,1,1,0,73,116
4,3 10 15 18,2,a10 a18,0,0,0,0,87,116
4,3 10 15 18,3,a03 a10 a18,0,0,0,0,98,116
4,3 10 15 18,2,a15 a18,0,0,0,0,89,116
4,3 10 15 18,3,a03 a15 a18,0,0,0,0,99,116
4,3 10 15 18,3,a10 a15 a18,0,0,0,0,98,116
4,3 10 15 18,4,a03 a10 a15 a18,0,0,0,0,108,116
4,3 10 15 19,0,,1,1,1,0,0,58
4,3 10 15 19,1,a03,1,1,1,0,7,58
4,3 10 15 19,1,a10,0,0,0,0,19,58
4,3 10 15 19,2,a03 a10,0,0,0,0,26,58
4,3 10 15 19,1,a15,0,0,0,0,31,58
4,3 10 15 19,2,a03 a15,0,0,0,0,38,58
4,3 10 15 19,2,a10 a15,0,0,0,0,38,58
4,3 10 15 19,3,a03 a10 a15,0,0,0,0,45,58
4,3 10 15 19,1,a19,1,1,1,0,19,58
4,3 10 15 19,2,a03 a19,1,1,1,0,26,58
4,3 10 15 19,2,a10 a19,0,0,0,0,38,58
4,3 10 15 19,3,a03 a10 a19,0,0,0,0,45,58
4,3 10 15 19,2,a15 a19,0,0,0,0,38,58
4,3 10 15 19,3,a03 a15 a19,0,0,0,0,45,58
4,3 10 15 19,3,a10 a15 a19,0,0,0,0,45,58
4,3 10 15 19,4,a03 a10 a15 a19,0,0,0,0,52,58
4,3 10 15 20,0,,1,1,1,0,0,58
4,3 10 15 20,1,a03,1,1,1,0,19,58
4,3 10 15 20,1,a10,0,0,0,0,19,58
4,3 10 15 20,2,a03 a10,0,0,0,0,38,58
4,3 10 15 20,1,a15,0,0,0,0,19,58
4,3 10 15 20,2,a03 a15,0,0,0,0,38,58
4,3 10 15 20,2,a10 a15,0,0,0,0,26,58
4,3 10 15 20,3,a03 a10 a15,0,0,0,0,45,58
4,3 10 15 20,1,a20,1,1,1,0,19,58
4,3 10 15 20,2,a03 a20,1,1,1,0,26,58
4,3 10 15 20,2,a10 a20,0,0,0,0,38,58
4,3 10 15 20,3,a03 a10 a20,0,0,0,0,45,58
4,3 10 15 20,2,a15 a20,0,0,0,0,38,58
4,3 10 15 20,3,a03 a15 a20,0,0,0,0,45,58
4,3 10 15 20,3,a10 a15 a20,0,0,0,0,45,58
4,3 10 15 20,4,a03 a10 a15 a20,0,0,0,0,52,58
4,3 10 15 21,0,,1,1,1,0,0,58
4,3 10 15 21,1,a03,1,1,1,0,19,58
4,3 10 15 21,1,a10,0,0,0,0,19,58
4,3 10 15 21,2,a03 a10,0,0,0,0,38,58
4,3 10 15 21,1,a15,0,0,0,0,19,58
4,3 10 15 21,2,a03 a15,0,0,0,0,38,58
4,3 10 15 21,2,a10 a15,0,0,0,0,26,58
4,3 10 15 21,3,a03 a10 a15,0,0,0,0,45,58
4,3 10 15 21,1,a21,1,1,1,0,19,58
4,3 10 15 21,2,a03 a21,1,1,1,0,26,58
4,3 10 15 21,2,a10 a21,0,0,0,0,38,58
4,3 10 15 21,3,a03 a10 a21,0,0,0,0,45,58
4,3 10 15 21,2,a15 a21,0,0,0,0,38,58
4,3 10 15 21,3,a03 a15 a21,0,0,0,0,45,58
4,3 10 15 21,3,a10 a15 a21,0,0,0,0,45,58
4,3 10 15 21,4,a03 a10 a15 a21,0,0,0,0,52,58
4,3 10 15 22,0,,1,1,1,0,0,39
4,3 10 15 22,1,a03,1,1,1,0,6,39
4,3 10 15 22,1,a10,0,0,0,0,16,39
4,3 10 15 22,2,a03 a10,0,0,0,0,22,39
4,3 10 15 22,1,a15,0,0,0,0,16,39
4,3 10 15 22,2,a03 a15,0,0,0,0,22,39
4,3 10 15 22,2,a10 a15,0,0,0,0,22,39
4,3 10 15 22,3,a03 a10 a15,0,0,0,0,28,39
4,3 10 15 22,1,a22,1,1,1,0,6,39
4,3 10 15 22,2,a03 a22,1,1,1,0,12,39
4,3 10 15 22,2,a10 a22,0,0,0,0,22,39
4,3 10 15 22,3,a03 a10 a22,0,0,0,0,28,39
4,3 10 15 22,2,a15 a22,0,0,0,0,22,39
4,3 10 15 22,3,a03 a15 a22,0,0,0,0,28,39
4,3 10 15 22,3,a10 a15 a22,0,0,0,0,28,39
4,3 10 15 22,4,a03 a10 a15 a22,0,0,0,0,34,39
4,3 10 15 23,0,,1,1,1,0,0,116
4,3 10 15 23,1,a03,1,1,1,0,48,116
4,3 10 15 23,1,a10,0,0,0,0,64,116
4,3 10 15 23,2,a03 a10,0,0,0,0,90,116
4,3 10 15 23,1,a15,0,0,0,0,25,116
4,3 10 15 23,2,a03 a15,0,0,0,0,73,116
4,3 10 15 23,2,a10 a15,0,0,0,0,73,116
4,3 10 15 23,3,a03 a10 a15,0,0,0,0,99,116
4,3 10 15 23,1,a23,1,1,1,0,62,116
4,3 10 15 23,2,a03 a23,1,1,1,0,73,116
4,3 10 15 23,2,a10 a23,0,0,0,0,89,116
4,3 10 15 23,3,a03 a10 a23,0,0,0,0,99,116
4,3 10 15 23,2,a15 a23,0,0,0,0,87,116
4,3 10 15 23,3,a03 a15 a23,0,0,0,0,98,116
4,3 10 15 23,3,a10 a15 a23,0,0,0,0,98,116
4,3 10 15 23,4,a03 a10 a15 a23,0,0,0,0,108,116
4,3 10 15 24,0,,1,1,1,0,0,116
4,3 10 15 24,1,a03,1,1,1,0,48,116
4,3 10 15 24,1,a10,0,0,0,0,64,116
4,3 10 15 24,2,a03 a10,0,0,0,0,90,116
4,3 10 15 24,1,a15,0,0,0,0,25,116
4,3 10 15 24,2,a03 a15,0,0,0,0,73,116
4,3 10 15 24,2,a10 a15,0,0,0,0,73,116
4,3 10 15 24,3,a03 a10 a15,0,0,0,0,99,116
4,3 10 15 24,1,a24,1,1,1,0,62,116
4,3 10 15 24,2,a03 a24,1,1,1,0,73,116
4,3 10 15 24,2,a10 a24,0,0,0,0,89,116
4,3 10 15 24,3,a03 a10 a24,0,0,0,0,99,116
4,3 10 15 24,2,a15 a24,0,0,0,0,87,116
4,3 10 15 24,3,a03 a15 a24,0,0,0,0,98,116
4,3 10 15 24,3,a10 a15 a24,0,0,0,0,98,116
4,3 10 15 24,4,a03 a10 a15 a24,0,0,0,0,108,116
4,3 10 15 25,0,,1,1,1,0,0,58
4,3 10 15 25,1,a03,1,1,1,0,7,58
4,3 10 15 25,1,a10,0,0,0,0,31,58
4,3 10 15 25,2,a03 a10,0,0,0,0,38,58
4,3 10 15 25,1,a15,0,0,0,0,19,58
4,3 10 15 25,2,a03 a15,0,0,0,0,26,58
4,3 10 15 25,2,a10 a15,0,0,0,0,38,58
4,3 10 15 25,3,a03 a10 a15,0,0,0,0,45,58
4,3 10 15 25,1,a25,1,1,1,0,19,58
4,3 10 15 25,2,a03 a25,1,1,1,0,26,58
4,3 10 15 25,2,a10 a25,0,0,0,0,38,58
4,3 10 15 25,3,a03 a10 a25,0,0,0,0,45,58
4,3 10 15 25,2,a15 a25,0,0,0,0,38,58
4,3 10 15 25,3,a03 a15 a25,0,0,0,0,45,58
4,3 10 15 25,3,a10 a15 a25,0,0,0,0,45,58
4,3 10 15 25,4,a03 a10 a15 a25,0,0,0,0,52,58
4,3 10 16 20,0,,1,1,1,0,0,472
4,3 10 16 20,1,a03,0,0,0,0,310,472
4,3 10 16 20,1,a10,0,0,0,0,276,472
4,3 10 16 20,2,a03 a10,0,0,0,0,393,472
4,3 10 16 20,1,a16,0,0,0,0,378,472
4,3 10 16 20,2,a03 a16,0,0,0,0,416,472
4,3 10 16 20,2,a10 a16,0,0,0,0,405,472
4,3 10 16 20,3,a03 a10 a16,0,0,0,0,436,472
4,3 10 16 20,1,a20,0,0,0,0,310,472
4,3 10 16 20,2,a03 a20,0,0,0,0,390,472
4,3 10 16 20,2,a10 a20,0,0,0,0,393,472
4,3 10 16 20,3,a03 a10 a20,0,0,0,0,436,472
4,3 10 16 20,2,a16 a20,0,0,0,0,416,472
4,3 10 16 20,3,a03 a16 a20,0,0,0,0,434,472
4,3 10 16 20,3,a10 a16 a20,0,0,0,0,436,472
4,3 10 16 20,4,a03 a10 a16 a20,0,0,0,0,453,472
4,3 10 16 21,0,,1,1,1,0,0,214
4,3 10 16 21,1,a03,0,0,0,0,142,214
4,3 10 16 21,1,a10,0,0,0,0,98,214
4,3 10 16 21,2,a03 a10,0,0,0,0,177,214
4,3 10 16 21,1,a16,0,0,0,0,142,214
4,3 10 16 21,2,a03 a16,0,0,0,0,176,214
4,3 10 16 21,2,a10 a16,0,0,0,0,158,214
4,3 10 16 21,3,a03 a10 a16,0,0,0,0,190,214
4,3 10 16 21,1,a21,0,0,0,0,98,214
4,3 10 16 21,2,a03 a21,0,0,0,0,158,214
4,3 10 16 21,2,a10 a21,0,0,0,0,159,214
4,3 10 16 21,3,a03 a10 a21,0,0,0,0,191,214
4,3 10 16 21,2,a16 a21,0,0,0,0,177,214
4,3 10 16 21,3,a03 a16 a21,0,0,0,0,190,214
4,3 10 16 21,3,a10 a16 a21,0,0,0,0,191,214
4,3 10 16 21,4,a03 a10 a16 a21,0,0,0,0,203,214
4,3 10 16 23,0,,1,1,1,0,0,606
4,3 10 16 23,1,a03,0,0,0,0,375,606
4,3 10 16 23,1,a10,0,0,0,0,453,606
4,3 10 16 23,2,a03 a10,0,0,0,0,531,606
4,3 10 16 23,1,a16,0,0,0,0,461,606
4,3 10 16 23,2,a03 a16,0,0,0,0,516,606
4,3 10 16 23,2,a10 a16,0,0,0,0,531,606
4,3 10 16 23,3,a03 a10 a16,0,0,0,0,565,606
4,3 10 16 23,1,a23,0,0,0,0,420,606
4,3 10 16 23,2,a03 a23,0,0,0,0,514,606
4,3 10 16 23,2,a10 a23,0,0,0,0,517,606
4,3 10 16 23,3,a03 a10 a23,0,0,0,0,564,606
4,3 10 16 23,2,a16 a23,0,0,0,0,539,606
4,3 10 16 23,3,a03 a16 a23,0,0,0,0,562,606
4,3 10 16 23,3,a10 a16 a23,0,0,0,0,564,606
4,3 10 16 23,4,a03 a10 a16 a23,0,0,0,0,583,606
4,3 10 16 24,0,,1,1,1,0,0,364
4,3 10 16 24,1,a03,0,0,0,0,251,364
4,3 10 16 24,1,a10,0,0,0,0,232,364
4,3 10 16 24,2,a03 a10,0,0,0,0,317,364
4,3 10 16 24,1,a16,0,0,0,0,216,364
4,3 10 16 24,2,a03 a16,0,0,0,0,292,364
4,3 10 16 24,2,a10 a16,0,0,0,0,294,364
4,3 10 16 24,3,a03 a10 a16,0,0,0,0,333,364
4,3 10 16 24,1,a24,0,0,0,0,216,364
4,3 10 16 24,2,a03 a24,0,0,0,0,292,364
4,3 10 16 24,2,a10 a24,0,0,0,0,294,364
4,3 10 16 24,3,a03 a10 a24,0,0,0,0,333,364
4,3 10 16 24,2,a16 a24,0,0,0,0,314,364
4,3 10 16 24,3,a03 a16 a24,0,0,0,0,331,364
4,3 10 16 24,3,a10 a16 a24,0,0,0,0,333,364
4,3 10 16 24,4,a03 a10 a16 a24,0,0,0,0,348,364
4,3 11 12 13,0,,1,1,1,0,0,108
4,3 11 12 13,1,a03,1,1,1,0,41,108
4,3 11 12 13,1,a11,1,1,1,0,41,108
4,3 11 12 13,2,a03 a11,1,1,1,0,66,108
4,3 11 12 13,1,a12,0,0,0,0,41,108
4,3 11 12 13,2,a03 a12,0,0,0,0,82,108
4,3 11 12 13,2,a11 a12,0,0,0,0,66,108
4,3 11 12 13,3,a03 a11 a12,0,0,0,0,91,108
4,3 11 12 13,1,a13,0,0,0,0,41,108
4,3 11 12 13,2,a03 a13,0,0,0,0,66,108
4,3 11 12 13,2,a11 a13,0,0,0,0,82,108
4,3 11 12 13,3,a03 a11 a13,0,0,0,0,91,108
4,3 11 12 13,2,a12 a13,0,0,0,0,66,108
4,3 11 12 13,3,a03 a12 a13,0,0,0,0,91,108
4,3 11 12 13,3,a11 a12 a13,0,0,0,0,91,108
4,3 11 12 13,4,a03 a11 a12 a13,0,0,0,0,100,108
4,3 11 12 15,0,,1,1,1,0,0,157
4,3 11 12 15,1,a03,1,1,1,0,54,157
4,3 11 12 15,1,a11,0,0,0,0,112,157
4,3 11 12 15,2,a03 a11,0,0,0,0,124,157
4,3 11 12 15,1,a12,0,0,0,0,54,157
4,3 11 12 15,2,a03 a12,0,0,0,0,108,157
4,3 11 12 15,2,a11 a12,0,0,0,0,124,157
4,3 11 12 15,3,a03 a11 a12,0,0,0,0,136,157
4,3 11 12 15,1,a15,0,0,0,0,80,157
4,3 11 12 15,2,a03 a15,0,0,0,0,109,157
4,3 11 12 15,2,a11 a15,0,0,0,0,126,157
4,3 11 12 15,3,a03 a11 a15,0,0,0,0,137,157
4,3 11 12 15,2,a12 a15,0,0,0,0,109,157
4,3 11 12 15,3,a03 a12 a15,0,0,0,0,138,157
4,3 11 12 15,3,a11 a12 a15,0,0,0,0,137,157
4,3 11 12 15,4,a03 a11 a12 a15,0,0,0,0,148,157
4,3 11 12 16,0,,1,1,1,0,0,364
4,3 11 12 16,1,a03,1,1,1,0,173,364
4,3 11 12 16,1,a11,0,0,0,0,253,364
4,3 11 12 16,2,a03 a11,0,0,0,0,293,364
4,3 11 12 16,1,a12,0,0,0,0,185,364
4,3 11 12 16,2,a03 a12,0,0,0,0,304,364
4,3 11 12 16,2,a11 a12,0,0,0,0,294,364
4,3 11 12 16,3,a03 a11 a12,0,0,0,0,333,364
4,3 11 12 16,1,a16,0,0,0,0,253,364
4,3 11 12 16,2,a03 a16,0,0,0,0,293,364
4,3 11 12 16,2,a11 a16,0,0,0,0,316,364
4,3 11 12 16,3,a03 a11 a16,0,0,0,0,332,364
4,3 11 12 16,2,a12 a16,0,0,0,0,294,364
4,3 11 12 16,3,a03 a12 a16,0,0,0,0,333,364
4,3 11 12 16,3,a11 a12 a16,0,0,0,0,333,364
4,3 11 12 16,4,a03 a11 a12 a16,0,0,0,0,348,364
4,3 11 13 20,0,,1,1,1,0,0,364
4,3 11 13 20,1,a03,0,0,0,0,253,364
4,3 11 13 20,1,a11,1,1,1,0,173,364
4,3 11 13 20,2,a03 a11,0,0,0,0,293,364
4,3 11 13 20,1,a13,0,0,0,0,185,364
4,3 11 13 20,2,a03 a13,0,0,0,0,294,364
4,3 11 13 20,2,a11 a13,0,0,0,0,304,364
4,3 11 13 20,3,a03 a11 a13,0,0,0,0,333,364
4,3 11 13 20,1,a20,0,0,0,0,253,364
4,3 11 13 20,2,a03 a20,0,0,0,0,316,364
4,3 11 13 20,2,a11 a20,0,0,0,0,293,364
4,3 11 13 20,3,a03 a11 a20,0,0,0,0,332,364
4,3 11 13 20,2,a13 a20,0,0,0,0,294,364
4,3 11 13 20,3,a03 a13 a20,0,0,0,0,333,364
4,3 11 13 20,3,a11 a13 a20,0,0,0,0,333,364
4,3 11 13 20,4,a03 a11 a13 a20,0,0,0,0,348,364
4,3 11 13 21,0,,1,1,1,0,0,157
4,3 11 13 21,1,a03,0,0,0,0,112,157
4,3 11 13 21,1,a11,1,1,1,0,54,157
4,3 11 13 21,2,a03 a11,0,0,0,0,124,157
4,3 11 13 21,1,a13,0,0,0,0,54,157
4,3 11 13 21,2,a03 a13,0,0,0,0,124,157
4,3 11 13 21,2,a11 a13,0,0,0,0,108,157
4,3 11 13 21,3,a03 a11 a13,0,0,0,0,136,157
4,3 11 13 21,1,a21,0,0,0,0,80,157
4,3 11 13 21,2,a03 a21,0,0,0,0,126,157
4,3 11 13 21,2,a11 a21,0,0,0,0,109,157
4,3 11 13 21,3,a03 a11 a21,0,0,0,0,137,157
4,3 11 13 21,2,a13 a21,0,0,0,0,109,157
4,3 11 13 21,3,a03 a13 a21,0,0,0,0,137,157
4,3 11 13 21,3,a11 a13 a21,0,0,0,0,138,157
4,3 11 13 21,4,a03 a11 a13 a21,0,0,0,0,148,157
4,3 11 15 17,0,,1,1,1,0,0,606
4,3 11 15 17,1,a03,0,0,0,0,375,606
4,3 11 15 17,1,a11,0,0,0,0,461,606
4,3 11 15 17,2,a03 a11,0,0,0,0,516,606
4,3 11 15 17,1,a15,0,0,0,0,453,606
4,3 11 15 17,2,a03 a15,0,0,0,0,531,606
4,3 11 15 17,2,a11 a15,0,0,0,0,531,606
4,3 11 15 17,3,a03 a11 a15,0,0,0,0,565,606
4,3 11 15 17,1,a17,0,0,0,0,420,606
4,3 11 15 17,2,a03 a17,0,0,0,0,514,606
4,3 11 15 17,2,a11 a17,0,0,0,0,539,606
4,3 11 15 17,3,a03 a11 a17,0,0,0,0,562,606
4,3 11 15 17,2,a15 a17,0,0,0,0,517,606
4,3 11 15 17,3,a03 a15 a17,0,0,0,0,564,606
4,3 11 15 17,3,a11 a15 a17,0,0,0,0,564,606
4,3 11 15 17,4,a03 a11 a15 a17,0,0,0,0,583,606
4,3 11 15 18,0,,1,1,1,0,0,364
4,3 11 15 18,1,a03,0,0,0,0,251,364
4,3 11 15 18,1,a11,0,0,0,0,216,364
4,3 11 15 18,2,a03 a11,0,0,0,0,292,364
4,3 11 15 18,1,a15,0,0,0,0,232,364
4,3 11 15 18,2,a03 a15,0,0,0,0,317,364
4,3 11 15 18,2,a11 a15,0,0,0,0,294,364
4,3 11 15 18,3,a03 a11 a15,0,0,0,0,333,364
4,3 11 15 18,1,a18,0,0,0,0,216,364
4,3 11 15 18,2,a03 a18,0,0,0,0,292,364
4,3 11 15 18,2,a11 a18,0,0,0,0,314,364
4,3 11 15 18,3,a03 a11 a18,0,0,0,0,331,364
4,3 11 15 18,2,a15 a18,0,0,0,0,294,364
4,3 11 15 18,3,a03 a15 a18,0,0,0,0,333,364
4,3 11 15 18,3,a11 a15 a18,0,0,0,0,333,364
4,3 11 15 18,4,a03 a11 a15 a18,0,0,0,0,348,364
4,3 11 15 20,0,,1,1,1,0,0,472
4,3 11 15 20,1,a03,0,0,0,0,310,472
4,3 11 15 20,1,a11,0,0,0,0,378,472
4,3 11 15 20,2,a03 a11,0,0,0,0,416,472
4,3 11 15 20,1,a15,0,0,0,0,276,472
4,3 11 15 20,2,a03 a15,0,0,0,0,393,472
4,3 11 15 20,2,a11 a15,0,0,0,0,405,472
4,3 11 15 20,3,a03 a11 a15,0,0,0,0,436,472
4,3 11 15 20,1,a20,0,0,0,0,310,472
4,3 11 15 20,2,a03 a20,0,0,0,0,390,472
4,3 11 15 20,2,a11 a20,0,0,0,0,416,472
4,3 11 15 20,3,a03 a11 a20,0,0,0,0,434,472
4,3 11 15 20,2,a15 a20,0,0,0,0,393,472
4,3 11 15 20,3,a03 a15 a20,0,0,0,0,436,472
4,3 11 15 20,3,a11 a15 a20,0,0,0,0,436,472
4,3 11 15 20,4,a03 a11 a15 a20,0,0,0,0,453,472
4,3 11 15 21,0,,1,1,1,0,0,214
4,3 11 15 21,1,a03,0,0,0,0,142,214
4,3 11 15 21,1,a11,0,0,0,0,142,214
4,3 11 15 21,2,a03 a11,0,0,0,0,176,214
4,3 11 15 21,1,a15,0,0,0,0,98,214
4,3 11 15 21,2,a03 a15,0,0,0,0,177,214
4,3 11 15 21,2,a11 a15,0,0,0,0,158,214
4,3 11 15 21,3,a03 a11 a15,0,0,0,0,190,214
4,3 11 15 21,1,a21,0,0,0,0,98,214
4,3 11 15 21,2,a03 a21,0,0,0,0,158,214
4,3 11 15 21,2,a11 a21,0,0,0,0,177,214
4,3 11 15 21,3,a03 a11 a21,0,0,0,0,190,214
4,3 11 15 21,2,a15 a21,0,0,0,0,159,214
4,3 11 15 21,3,a03 a15 a21,0,0,0,0,191,214
4,3 11 15 21,3,a11 a15 a21,0,0,0,0,191,214
4,3 11 15 21,4,a03 a11 a15 a21,0,0,0,0,203,214
4,3 11 16 20,0,,1,1,1,0,0,1581
4,3 11 16 20,1,a03,0,0,0,0,1474,1581
4,3 11 16 20,1,a11,0,0,0,0,1474,1581
4,3 11 16 20,2,a03 a11,0,0,0,0,1505,1581
4,3 11 16 20,1,a16,0,0,0,0,1474,1581
4,3 11 16 20,2,a03 a16,0,0,0,0,1505,1581
4,3 11 16 20,2,a11 a16,0,0,0,0,1499,1581
4,3 11 16 20,3,a03 a11 a16,0,0,0,0,1516,1581
4,3 11 16 20,1,a20,0,0,0,0,1474,1581
4,3 11 16 20,2,a03 a20,0,0,0,0,1499,1581
4,3 11 16 20,2,a11 a20,0,0,0,0,1505,1581
4,3 11 16 20,3,a03 a11 a20,0,0,0,0,1516,1581
4,3 11 16 20,2,a16 a20,0,0,0,0,1505,1581
4,3 11 16 20,3,a03 a16 a20,0,0,0,0,1516,1581
4,3 11 16 20,3,a11 a16 a20,0,0,0,0,1516,1581
4,3 11 16 20,4,a03 a11 a16 a20,0,0,0,0,1524,1581
4,3 11 16 21,0,,1,1,1,0,0,472
4,3 11 16 21,1,a03,0,0,0,0,378,472
4,3 11 16 21,1,a11,0,0,0,0,310,472
4,3 11 16 21,2,a03 a11,0,0,0,0,416,472
4,3 11 16 21,1,a16,0,0,0,0,310,472
4,3 11 16 21,2,a03 a16,0,0,0,0,416,472
4,3 11 16 21,2,a11 a16,0,0,0,0,390,472
4,3 11 16 21,3,a03 a11 a16,0,0,0,0,434,472
4,3 11 16 21,1,a21,0,0,0,0,276,472
4,3 11 16 21,2,a03 a21,0,0,0,0,405,472
4,3 11 16 21,2,a11 a21,0,0,0,0,393,472
4,3 11 16 21,3,a03 a11 a21,0,0,0,0,436,472
4,3 11 16 21,2,a16 a21,0,0,0,0,393,472
4,3 11 16 21,3,a03 a16 a21,0,0,0,0,436,472
4,3 11 16 21,3,a11 a16 a21,0,0,0,0,436,472
4,3 11 16 21,4,a03 a11 a16 a21,0,0,0,0,453,472
4,3 12 13 14,0,,1,1,1,0,0,81
4,3 12 13 14,1,a03,1,1,1,0,22,81
4,3 12 13 14,1,a12,0,0,0,0,22,81
4,3 12 13 14,2,a03 a12,0,0,0,0,44,81
4,3 12 13 14,1,a13,0,0,0,0,50,81
4,3 12 13 14,2,a03 a13,0,0,0,0,58,81
4,3 12 13 14,2,a12 a13,0,0,0,0,58,81
4,3 12 13 14,3,a03 a12 a13,0,0,0,0,66,81
4,3 12 13 14,1,a14,1,1,1,0,22,81
4,3 12 13 14,2,a03 a14,1,1,1,0,44,81
4,3 12 13 14,2,a12 a14,0,0,0,0,44,81
4,3 12 13 14,3,a03 a12 a14,0,0,0,0,66,81
4,3 12 13 14,2,a13 a14,0,0,0,0,58,81
4,3 12 13 14,3,a03 a13 a14,0,0,0,0,66,81
4,3 12 13 14,3,a12 a13 a14,0,0,0,0,66,81
4,3 12 13 14,4,a03 a12 a13 a14,0,0,0,0,74,81
4,3 12 13 15,0,,1,1,1,0,0,58
4,3 12 13 15,1,a03,1,1,1,0,19,58
4,3 12 13 15,1,a12,0,0,0,0,19,58
4,3 12 13 15,2,a03 a12,0,0,0,0,38,58
4,3 12 13 15,1,a13,0,0,0,0,31,58
4,3 12 13 15,2,a03 a13,0,0,0,0,38,58
4,3 12 13 15,2,a12 a13,0,0,0,0,38,58
4,3 12 13 15,3,a03 a12 a13,0,0,0,0,45,58
4,3 12 13 15,1,a15,1,1,1,0,7,58
4,3 12 13 15,2,a03 a15,1,1,1,0,26,58
4,3 12 13 15,2,a12 a15,0,0,0,0,26,58
4,3 12 13 15,3,a03 a12 a15,0,0,0,0,45,58
4,3 12 13 15,2,a13 a15,0,0,0,0,38,58
4,3 12 13 15,3,a03 a13 a15,0,0,0,0,45,58
4,3 12 13 15,3,a12 a13 a15,0,0,0,0,45,58
4,3 12 13 15,4,a03 a12 a13 a15,0,0,0,0,52,58
4,3 12 13 16,0,,1,1,1,0,0,108
4,3 12 13 16,1,a03,1,1,1,0,41,108
4,3 12 13 16,1,a12,0,0,0,0,41,108
4,3 12 13 16,2,a03 a12,0,0,0,0,82,108
4,3 12 13 16,1,a13,0,0,0,0,41,108
4,3 12 13 16,2,a03 a13,0,0,0,0,66,108
4,3 12 13 16,2,a12 a13,0,0,0,0,66,108
4,3 12 13 16,3,a03 a12 a13,0,0,0,0,91,108
4,3 12 13 16,1,a16,1,1,1,0,41,108
4,3 12 13 16,2,a03 a16,1,1,1,0,66,108
4,3 12 13 16,2,a12 a16,0,0,0,0,66,108
4,3 12 13 16,3,a03 a12 a16,0,0,0,0,91,108
4,3 12 13 16,2,a13 a16,0,0,0,0,82,108
4,3 12 13 16,3,a03 a13 a16,0,0,0,0,91,108
4,3 12 13 16,3,a12 a13 a16,0,0,0,0,91,108
4,3 12 13 16,4,a03 a12 a13 a16,0,0,0,0,100,108
4,3 12 13 17,0,,1,1,1,0,0,166
4,3 12 13 17,1,a03,1,1,1,0,87,166
4,3 12 13 17,1,a12,0,0,0,0,28,166
4,3 12 13 17,2,a03 a12,0,0,0,0,115,166
4,3 12 13 17,1,a13,0,0,0,0,114,166
4,3 12 13 17,2,a03 a13,0,0,0,0,135,166
4,3 12 13 17,2,a12 a13,0,0,0,0,124,166
4,3 12 13 17,3,a03 a12 a13,0,0,0,0,145,166
4,3 12 13 17,1,a17,1,1,1,0,87,166
4,3 12 13 17,2,a03 a17,1,1,1,0,116,166
4,3 12 13 17,2,a12 a17,0,0,0,0,115,166
4,3 12 13 17,3,a03 a12 a17,0,0,0,0,144,166
4,3 12 13 17,2,a13 a17,0,0,0,0,135,166
4,3 12 13 17,3,a03 a13 a17,0,0,0,0,146,166
4,3 12 13 17,3,a12 a13 a17,0,0,0,0,145,166
4,3 12 13 17,4,a03 a12 a13 a17,0,0,0,0,156,166
4,3 12 13 18,0,,1,1,1,0,0,116
4,3 12 13 18,1,a03,1,1,1,0,62,116
4,3 12 13 18,1,a12,0,0,0,0,25,116
4,3 12 13 18,2,a03 a12,0,0,0,0,87,116
4,3 12 13 18,1,a13,0,0,0,0,64,116
4,3 12 13 18,2,a03 a13,0,0,0,0,89,116
4,3 12 13 18,2,a12 a13,0,0,0,0,73,116
4,3 12 13 18,3,a03 a12 a13,0,0,0,0,98,116
4,3 12 13 18,1,a18,1,1,1,0,48,116
4,3 12 13 18,2,a03 a18,1,1,1,0,73,116
4,3 12 13 18,2,a12 a18,0,0,0,0,73,116
4,3 12 13 18,3,a03 a12 a18,0,0,0,0,98,116
4,3 12 13 18,2,a13 a18,0,0,0,0,90,116
4,3 12 13 18,3,a03 a13 a18,0,0,0,0,99,116
4,3 12 13 18,3,a12 a13 a18,0,0,0,0,99,116
4,3 12 13 18,4,a03 a12 a13 a18,0,0,0,0,108,116
4,3 12 13 19,0,,1,1,1,0,0,279
4,3 12 13 19,1,a03,1,1,1,0,187,279
4,3 12 13 19,1,a12,0,0,0,0,145,279
4,3 12 13 19,2,a03 a12,0,0,0,0,236,279
4,3 12 13 19,1,a13,0,0,0,0,160,279
4,3 12 13 19,2,a03 a13,0,0,0,0,223,279
4,3 12 13 19,2,a12 a13,0,0,0,0,227,279
4,3 12 13 19,3,a03 a12 a13,0,0,0,0,249,279
4,3 12 13 19,1,a19,1,1,1,0,177,279
4,3 12 13 19,2,a03 a19,1,1,1,0,216,279
4,3 12 13 19,2,a12 a19,0,0,0,0,213,279
4,3 12 13 19,3,a03 a12 a19,0,0,0,0,252,279
4,3 12 13 19,2,a13 a19,0,0,0,0,236,279
4,3 12 13 19,3,a03 a13 a19,0,0,0,0,252,279
4,3 12 13 19,3,a12 a13 a19,0,0,0,0,249,279
4,3 12 13 19,4,a03 a12 a13 a19,0,0,0,0,265,279
4,3 12 13 20,0,,1,1,1,0,0,109
4,3 12 13 20,1,a03,1,1,1,0,67,109
4,3 12 13 20,1,a12,1,0,1,1,22,109
4,3 12 13 20,2,a03 a12,0,0,0,0,70,109
4,3 12 13 20,1,a13,0,0,0,0,74,109
4,3 12 13 20,2,a03 a13,0,0,0,0,91,109
4,3 12 13 20,2,a12 a13,0,0,0,0,76,109
4,3 12 13 20,3,a03 a12 a13,0,0,0,0,92,109
4,3 12 13 20,1,a20,1,1,1,0,67,109
4,3 12 13 20,2,a03 a20,1,1,1,0,90,109
4,3 12 13 20,2,a12 a20,0,0,0,0,70,109
4,3 12 13 20,3,a03 a12 a20,0,0,0,0,93,109
4,3 12 13 20,2,a13 a20,0,0,0,0,91,109
4,3 12 13 20,3,a03 a13 a20,0,0,0,0,100,109
4,3 12 13 20,3,a12 a13 a20,0,0,0,0,92,109
4,3 12 13 20,4,a03 a12 a13 a20,0,0,0,0,101,109
4,3 12 13 21,0,,1,1,1,0,0,70
4,3 12 13 21,1,a03,1,0,1,1,46,70
4,3 12 13 21,1,a12,1,1,1,0,19,70
4,3 12 13 21,2,a03 a12,0,0,0,0,49,70
4,3 12 13 21,1,a13,0,0,0,0,36,70
4,3 12 13 21,2,a03 a13,0,0,0,0,55,70
4,3 12 13 21,2,a12 a13,0,0,0,0,43,70
4,3 12 13 21,3,a03 a12 a13,0,0,0,0,56,70
4,3 12 13 21,1,a21,1,0,1,1,36,70
4,3 12 13 21,2,a03 a21,1,0,1,1,55,70
4,3 12 13 21,2,a12 a21,0,0,0,0,38,70
4,3 12 13 21,3,a03 a12 a21,0,0,0,0,57,70
4,3 12 13 21,2,a13 a21,0,0,0,0,56,70
4,3 12 13 21,3,a03 a13 a21,0,0,0,0,63,70
4,3 12 13 21,3,a12 a13 a21,0,0,0,0,57,70
4,3 12 13 21,4,a03 a12 a13 a21,0,0,0,0,64,70
4,3 12 13 22,0,,1,1,1,0,0,102
4,3 12 13 22,1,a03,1,1,1,0,78,102
4,3 12 13 22,1,a12,0,0,0,0,48,102
4,3 12 13 22,2,a03 a12,0,0,0,0,83,102
4,3 12 13 22,1,a13,0,0,0,0,48,102
4,3 12 13 22,2,a03 a13,0,0,0,0,82,102
4,3 12 13 22,2,a12 a13,0,0,0,0,76,102
4,3 12 13 22,3,a03 a12 a13,0,0,0,0,85,102
4,3 12 13 22,1,a22,1,1,1,0,78,102
4,3 12 13 22,2,a03 a22,1,1,1,0,90,102
4,3 12 13 22,2,a12 a22,0,0,0,0,82,102
4,3 12 13 22,3,a03 a12 a22,0,0,0,0,93,102
4,3 12 13 22,2,a13 a22,0,0,0,0,83,102
4,3 12 13 22,3,a03 a13 a22,0,0,0,0,93,102
4,3 12 13 22,3,a12 a13 a22,0,0,0,0,85,102
4,3 12 13 22,4,a03 a12 a13 a22,0,0,0,0,94,102
4,3 12 13 23,0,,1,1,1,0,0,166
4,3 12 13 23,1,a03,1,1,1,0,87,166
4,3 12 13 23,1,a12,0,0,0,0,28,166
4,3 12 13 23,2,a03 a12,0,0,0,0,115,166
4,3 12 13 23,1,a13,0,0,0,0,114,166
4,3 12 13 23,2,a03 a13,0,0,0,0,135,166
4,3 12 13 23,2,a12 a13,0,0,0,0,124,166
4,3 12 13 23,3,a03 a12 a13,0,0,0,0,145,166
4,3 12 13 23,1,a23,1,1,1,0,87,166
4,3 12 13 23,2,a03 a23,1,1,1,0,116,166
4,3 12 13 23,2,a12 a23,0,0,0,0,115,166
4,3 12 13 23,3,a03 a12 a23,0,0,0,0,144,166
4,3 12 13 23,2,a13 a23,0,0,0,0,135,166
4,3 12 13 23,3,a03 a13 a23,0,0,0,0,146,166
4,3 12 13 23,3,a12 a13 a23,0,0,0,0,145,166
4,3 12 13 23,4,a03 a12 a13 a23,0,0,0,0,156,166
4,3 12 13 24,0,,1,1,1,0,0,116
4,3 12 13 24,1,a03,1,1,1,0,62,116
4,3 12 13 24,1,a12,0,0,0,0,25,116
4,3 12 13 24,2,a03 a12,0,0,0,0,87,116
4,3 12 13 24,1,a13,0,0,0,0,64,116
4,3 12 13 24,2,a03 a13,0,0,0,0,89,116
4,3 12 13 24,2,a12 a13,0,0,0,0,73,116
4,3 12 13 24,3,a03 a12 a13,0,0,0,0,98,116
4,3 12 13 24,1,a24,1,1,1,0,48,116
4,3 12 13 24,2,a03 a24,1,1,1,0,73,116
4,3 12 13 24,2,a12 a24,0,0,0,0,73,116
4,3 12 13 24,3,a03 a12 a24,0,0,0,0,98,116
4,3 12 13 24,2,a13 a24,0,0,0,0,90,116
4,3 12 13 24,3,a03 a13 a24,0,0,0,0,99,116
4,3 12 13 24,3,a12 a13 a24,0,0,0,0,99,116
4,3 12 13 24,4,a03 a12 a13 a24,0,0,0,0,108,116
4,3 12 13 25,0,,1,1,1,0,0,279
4,3 12 13 25,1,a03,1,1,1,0,187,279
4,3 12 13 25,1,a12,0,0,0,0,145,279
4,3 12 13 25,2,a03 a12,0,0,0,0,236,279
4,3 12 13 25,1,a13,0,0,0,0,160,279
4,3 12 13 25,2,a03 a13,0,0,0,0,223,279
4,3 12 13 25,2,a12 a13,0,0,0,0,227,279
4,3 12 13 25,3,a03 a12 a13,0,0,0,0,249,279
4,3 12 13 25,1,a25,1,1,1,0,177,279
4,3 12 13 25,2,a03 a25,1,1,1,0,216,279
4,3 12 13 25,2,a12 a25,0,0,0,0,213,279
4,3 12 13 25,3,a03 a12 a25,0,0,0,0,252,279
4,3 12 13 25,2,a13 a25,0,0,0,0,236,279
4,3 12 13 25,3,a03 a13 a25,0,0,0,0,252,279
4,3 12 13 25,3,a12 a13 a25,0,0,0,0,249,279
4,3 12 13 25,4,a03 a12 a13 a25,0,0,0,0,265,279
4,3 13 14 17,0,,1,1,1,0,0,472
4,3 13 14 17,1,a03,0,0,0,0,260,472
4,3 13 14 17,1,a13,0,0,0,0,372,472
4,3 13 14 17,2,a03 a13,0,0,0,0,406,472
4,3 13 14 17,1,a14,0,0,0,0,260,472
4,3 13 14 17,2,a03 a14,0,0,0,0,391,472
4,3 13 14 17,2,a13 a14,0,0,0,0,406,472
4,3 13 14 17,3,a03 a13 a14,0,0,0,0,437,472
4,3 13 14 17,1,a17,0,0,0,0,340,472
4,3 13 14 17,2,a03 a17,0,0,0,0,388,472
4,3 13 14 17,2,a13 a17,0,0,0,0,418,472
4,3 13 14 17,3,a03 a13 a17,0,0,0,0,436,472
4,3 13 14 17,2,a14 a17,0,0,0,0,388,472
4,3 13 14 17,3,a03 a14 a17,0,0,0,0,433,472
4,3 13 14 17,3,a13 a14 a17,0,0,0,0,436,472
4,3 13 14 17,4,a03 a13 a14 a17,0,0,0,0,453,472
4,3 13 14 18,0,,1,1,1,0,0,364
4,3 13 14 18,1,a03,0,0,0,0,216,364
4,3 13 14 18,1,a13,0,0,0,0,232,364
4,3 13 14 18,2,a03 a13,0,0,0,0,294,364
4,3 13 14 18,1,a14,0,0,0,0,216,364
4,3 13 14 18,2,a03 a14,0,0,0,0,314,364
4,3 13 14 18,2,a13 a14,0,0,0,0,294,364
4,3 13 14 18,3,a03 a13 a14,0,0,0,0,333,364
4,3 13 14 18,1,a18,0,0,0,0,251,364
4,3 13 14 18,2,a03 a18,0,0,0,0,292,364
4,3 13 14 18,2,a13 a18,0,0,0,0,317,364
4,3 13 14 18,3,a03 a13 a18,0,0,0,0,333,364
4,3 13 14 18,2,a14 a18,0,0,0,0,292,364
4,3 13 14 18,3,a03 a14 a18,0,0,0,0,331,364
4,3 13 14 18,3,a13 a14 a18,0,0,0,0,333,364
4,3 13 14 18,4,a03 a13 a14 a18,0,0,0,0,348,364
4,3 13 14 20,0,,1,1,1,0,0,166
4,3 13 14 20,1,a03,0,0,0,0,87,166
4,3 13 14 20,1,a13,0,0,0,0,114,166
4,3 13 14 20,2,a03 a13,0,0,0,0,135,166
4,3 13 14 20,1,a14,1,1,1,0,28,166
4,3 13 14 20,2,a03 a14,0,0,0,0,115,166
4,3 13 14 20,2,a13 a14,0,0,0,0,124,166
4,3 13 14 20,3,a03 a13 a14,0,0,0,0,145,166
4,3 13 14 20,1,a20,0,0,0,0,87,166
4,3 13 14 20,2,a03 a20,0,0,0,0,116,166
4,3 13 14 20,2,a13 a20,0,0,0,0,135,166
4,3 13 14 20,3,a03 a13 a20,0,0,0,0,146,166
4,3 13 14 20,2,a14 a20,0,0,0,0,115,166
4,3 13 14 20,3,a03 a14 a20,0,0,0,0,144,166
4,3 13 14 20,3,a13 a14 a20,0,0,0,0,145,166
4,3 13 14 20,4,a03 a13 a14 a20,0,0,0,0,156,166
4,3 13 14 21,0,,1,1,1,0,0,116
4,3 13 14 21,1,a03,0,0,0,0,62,116
4,3 13 14 21,1,a13,0,0,0,0,64,116
4,3 13 14 21,2,a03 a13,0,0,0,0,89,116
4,3 13 14 21,1,a14,1,1,1,0,25,116
4,3 13 14 21,2,a03 a14,0,0,0,0,87,116
4,3 13 14 21,2,a13 a14,0,0,0,0,73,116
4,3 13 14 21,3,a03 a13 a14,0,0,0,0,98,116
4,3 13 14 21,1,a21,0,0,0,0,48,116
4,3 13 14 21,2,a03 a21,0,0,0,0,73,116
4,3 13 14 21,2,a13 a21,0,0,0,0,90,116
4,3 13 14 21,3,a03 a13 a21,0,0,0,0,99,116
4,3 13 14 21,2,a14 a21,0,0,0,0,73,116
4,3 13 14 21,3,a03 a14 a21,0,0,0,0,98,116
4,3 13 14 21,3,a13 a14 a21,0,0,0,0,99,116
4,3 13 14 21,4,a03 a13 a14 a21,0,0,0,0,108,116
4,3 13 15 17,0,,1,1,1,0,0,364
4,3 13 15 17,1,a03,0,0,0,0,218,364
4,3 13 15 17,1,a13,0,0,0,0,253,364
4,3 13 15 17,2,a03 a13,0,0,0,0,295,364
4,3 13 15 17,1,a15,0,0,0,0,175,364
4,3 13 15 17,2,a03 a15,0,0,0,0,294,364
4,3 13 15 17,2,a13 a15,0,0,0,0,306,364
4,3 13 15 17,3,a03 a13 a15,0,0,0,0,335,364
4,3 13 15 17,1,a17,0,0,0,0,268,364
4,3 13 15 17,2,a03 a17,0,0,0,0,313,364
4,3 13 15 17,2,a13 a17,0,0,0,0,316,364
4,3 13 15 17,3,a03 a13 a17,0,0,0,0,333,364
4,3 13 15 17,2,a15 a17,0,0,0,0,292,364
4,3 13 15 17,3,a03 a15 a17,0,0,0,0,332,364
4,3 13 15 17,3,a13 a15 a17,0,0,0,0,333,364
4,3 13 15 17,4,a03 a13 a15 a17,0,0,0,0,349,364
4,3 13 15 18,0,,1,1,1,0,0,214
4,3 13 15 18,1,a03,0,0,0,0,142,214
4,3 13 15 18,1,a13,0,0,0,0,98,214
4,3 13 15 18,2,a03 a13,0,0,0,0,158,214
4,3 13 15 18,1,a15,0,0,0,0,98,214
4,3 13 15 18,2,a03 a15,0,0,0,0,177,214
4,3 13 15 18,2,a13 a15,0,0,0,0,159,214
4,3 13 15 18,3,a03 a13 a15,0,0,0,0,191,214
4,3 13 15 18,1,a18,0,0,0,0,142,214
4,3 13 15 18,2,a03 a18,0,0,0,0,176,214
4,3 13 15 18,2,a13 a18,0,0,0,0,177,214
4,3 13 15 18,3,a03 a13 a18,0,0,0,0,190,214
4,3 13 15 18,2,a15 a18,0,0,0,0,158,214
4,3 13 15 18,3,a03 a15 a18,0,0,0,0,190,214
4,3 13 15 18,3,a13 a15 a18,0,0,0,0,191,214
4,3 13 15 18,4,a03 a13 a15 a18,0,0,0,0,203,214
4,3 13 15 20,0,,1,1,1,0,0,132
4,3 13 15 20,1,a03,0,0,0,0,77,132
4,3 13 15 20,1,a13,0,0,0,0,85,132
4,3 13 15 20,2,a03 a13,0,0,0,0,104,132
4,3 13 15 20,1,a15,1,1,1,0,9,132
4,3 13 15 20,2,a03 a15,0,0,0,0,86,132
4,3 13 15 20,2,a13 a15,0,0,0,0,94,132
4,3 13 15 20,3,a03 a13 a15,0,0,0,0,113,132
4,3 13 15 20,1,a20,0,0,0,0,77,132
4,3 13 15 20,2,a03 a20,0,0,0,0,103,132
4,3 13 15 20,2,a13 a20,0,0,0,0,104,132
4,3 13 15 20,3,a03 a13 a20,0,0,0,0,114,132
4,3 13 15 20,2,a15 a20,0,0,0,0,86,132
4,3 13 15 20,3,a03 a15 a20,0,0,0,0,112,132
4,3 13 15 20,3,a13 a15 a20,0,0,0,0,113,132
4,3 13 15 20,4,a03 a13 a15 a20,0,0,0,0,123,132
4,3 13 15 21,0,,1,1,1,0,0,88
4,3 13 15 21,1,a03,0,0,0,0,54,88
4,3 13 15 21,1,a13,0,0,0,0,42,88
4,3 13 15 21,2,a03 a13,0,0,0,0,64,88
4,3 13 15 21,1,a15,1,1,1,0,8,88
4,3 13 15 21,2,a03 a15,0,0,0,0,62,88
4,3 13 15 21,2,a13 a15,0,0,0,0,50,88
4,3 13 15 21,3,a03 a13 a15,0,0,0,0,72,88
4,3 13 15 21,1,a21,0,0,0,0,42,88
4,3 13 15 21,2,a03 a21,0,0,0,0,64,88
4,3 13 15 21,2,a13 a21,0,0,0,0,65,88
4,3 13 15 21,3,a03 a13 a21,0,0,0,0,73,88
4,3 13 15 21,2,a15 a21,0,0,0,0,50,88
4,3 13 15 21,3,a03 a15 a21,0,0,0,0,72,88
4,3 13 15 21,3,a13 a15 a21,0,0,0,0,73,88
4,3 13 15 21,4,a03 a13 a15 a21,0,0,0,0,81,88
4,3 13 16 20,0,,1,1,1,0,0,364
4,3 13 16 20,1,a03,0,0,0,0,253,364
4,3 13 16 20,1,a13,0,0,0,0,185,364
4,3 13 16 20,2,a03 a13,0,0,0,0,294,364
4,3 13 16 20,1,a16,1,1,1,0,173,364
4,3 13 16 20,2,a03 a16,0,0,0,0,293,364
4,3 13 16 20,2,a13 a16,0,0,0,0,304,364
4,3 13 16 20,3,a03 a13 a16,0,0,0,0,333,364
4,3 13 16 20,1,a20,0,0,0,0,253,364
4,3 13 16 20,2,a03 a20,0,0,0,0,316,364
4,3 13 16 20,2,a13 a20,0,0,0,0,294,364
4,3 13 16 20,3,a03 a13 a20,0,0,0,0,333,364
4,3 13 16 20,2,a16 a20,0,0,0,0,293,364
4,3 13 16 20,3,a03 a16 a20,0,0,0,0,332,364
4,3 13 16 20,3,a13 a16 a20,0,0,0,0,333,364
4,3 13 16 20,4,a03 a13 a16 a20,0,0,0,0,348,364
4,3 13 16 21,0,,1,1,1,0,0,157
4,3 13 16 21,1,a03,0,0,0,0,112,157
4,3 13 16 21,1,a13,0,0,0,0,54,157
4,3 13 16 21,2,a03 a13,0,0,0,0,124,157
4,3 13 16 21,1,a16,1,1,1,0,54,157
4,3 13 16 21,2,a03 a16,0,0,0,0,124,157
4,3 13 16 21,2,a13 a16,0,0,0,0,108,157
4,3 13 16 21,3,a03 a13 a16,0,0,0,0,136,157
4,3 13 16 21,1,a21,0,0,0,0,80,157
4,3 13 16 21,2,a03 a21,0,0,0,0,126,157
4,3 13 16 21,2,a13 a21,0,0,0,0,109,157
4,3 13 16 21,3,a03 a13 a21,0,0,0,0,137,157
4,3 13 16 21,2,a16 a21,0,0,0,0,109,157
4,3 13 16 21,3,a03 a16 a21,0,0,0,0,137,157
4,3 13 16 21,3,a13 a16 a21,0,0,0,0,138,157
4,3 13 16 21,4,a03 a13 a16 a21,0,0,0,0,148,157
4,3 13 17 20,0,,1,1,1,0,0,279
4,3 13 17 20,1,a03,0,0,0,0,180,279
4,3 13 17 20,1,a13,0,0,0,0,202,279
4,3 13 17 20,2,a03 a13,0,0,0,0,240,279
4,3 13 17 20,1,a17,1,1,1,0,107,279
4,3 13 17 20,2,a03 a17,0,0,0,0,215,279
4,3 13 17 20,2,a13 a17,0,0,0,0,227,279
4,3 13 17 20,3,a03 a13 a17,0,0,0,0,253,279
4,3 13 17 20,1,a20,0,0,0,0,107,279
4,3 13 17 20,2,a03 a20,0,0,0,0,215,279
4,3 13 17 20,2,a13 a20,0,0,0,0,227,279
4,3 13 17 20,3,a03 a13 a20,0,0,0,0,253,279
4,3 13 17 20,2,a17 a20,0,0,0,0,214,279
4,3 13 17 20,3,a03 a17 a20,0,0,0,0,250,279
4,3 13 17 20,3,a13 a17 a20,0,0,0,0,252,279
4,3 13 17 20,4,a03 a13 a17 a20,0,0,0,0,266,279
4,3 13 17 21,0,,1,1,1,0,0,214
4,3 13 17 21,1,a03,0,0,0,0,144,214
4,3 13 17 21,1,a13,0,0,0,0,136,214
4,3 13 17 21,2,a03 a13,0,0,0,0,179,214
4,3 13 17 21,1,a17,1,1,1,0,97,214
4,3 13 17 21,2,a03 a17,0,0,0,0,176,214
4,3 13 17 21,2,a13 a17,0,0,0,0,159,214
4,3 13 17 21,3,a03 a13 a17,0,0,0,0,191,214
4,3 13 17 21,1,a21,0,0,0,0,60,214
4,3 13 17 21,2,a03 a21,0,0,0,0,157,214
4,3 13 17 21,2,a13 a21,0,0,0,0,168,214
4,3 13 17 21,3,a03 a13 a21,0,0,0,0,191,214
4,3 13 17 21,2,a17 a21,0,0,0,0,157,214
4,3 13 17 21,3,a03 a17 a21,0,0,0,0,189,214
4,3 13 17 21,3,a13 a17 a21,0,0,0,0,191,214
4,3 13 17 21,4,a03 a13 a17 a21,0,0,0,0,203,214
4,3 13 17 23,0,,1,1,1,0,0,769
4,3 13 17 23,1,a03,0,0,0,0,552,769
4,3 13 17 23,1,a13,0,0,0,0,628,769
4,3 13 17 23,2,a03 a13,0,0,0,0,685,769
4,3 13 17 23,1,a17,0,0,0,0,508,769
4,3 13 17 23,2,a03 a17,0,0,0,0,664,769
4,3 13 17 23,2,a13 a17,0,0,0,0,684,769
4,3 13 17 23,3,a03 a13 a17,0,0,0,0,721,769
4,3 13 17 23,1,a23,0,0,0,0,508,769
4,3 13 17 23,2,a03 a23,0,0,0,0,664,769
4,3 13 17 23,2,a13 a23,0,0,0,0,684,769
4,3 13 17 23,3,a03 a13 a23,0,0,0,0,721,769
4,3 13 17 23,2,a17 a23,0,0,0,0,661,769
4,3 13 17 23,3,a03 a17 a23,0,0,0,0,716,769
4,3 13 17 23,3,a13 a17 a23,0,0,0,0,720,769
4,3 13 17 23,4,a03 a13 a17 a23,0,0,0,0,741,769
4,3 13 17 24,0,,1,1,1,0,0,606
4,3 13 17 24,1,a03,0,0,0,0,461,606
4,3 13 17 24,1,a13,0,0,0,0,453,606
4,3 13 17 24,2,a03 a13,0,0,0,0,531,606
4,3 13 17 24,1,a17,0,0,0,0,420,606
4,3 13 17 24,2,a03 a17,0,0,0,0,539,606
4,3 13 17 24,2,a13 a17,0,0,0,0,517,606
4,3 13 17 24,3,a03 a13 a17,0,0,0,0,564,606
4,3 13 17 24,1,a24,0,0,0,0,375,606
4,3 13 17 24,2,a03 a24,0,0,0,0,516,606
4,3 13 17 24,2,a13 a24,0,0,0,0,531,606
4,3 13 17 24,3,a03 a13 a24,0,0,0,0,565,606
4,3 13 17 24,2,a17 a24,0,0,0,0,514,606
4,3 13 17 24,3,a03 a17 a24,0,0,0,0,562,606
4,3 13 17 24,3,a13 a17 a24,0,0,0,0,564,606
4,3 13 17 24,4,a03 a13 a17 a24,0,0,0,0,583,606
4,3 13 18 20,0,,1,1,1,0,0,214
4,3 13 18 20,1,a03,0,0,0,0,144,214
4,3 13 18 20,1,a13,0,0,0,0,136,214
4,3 13 18 20,2,a03 a13,0,0,0,0,179,214
4,3 13 18 20,1,a18,1,1,1,0,60,214
4,3 13 18 20,2,a03 a18,0,0,0,0,157,214
4,3 13 18 20,2,a13 a18,0,0,0,0,168,214
4,3 13 18 20,3,a03 a13 a18,0,0,0,0,191,214
4,3 13 18 20,1,a20,0,0,0,0,97,214
4,3 13 18 20,2,a03 a20,0,0,0,0,176,214
4,3 13 18 20,2,a13 a20,0,0,0,0,159,214
4,3 13 18 20,3,a03 a13 a20,0,0,0,0,191,214
4,3 13 18 20,2,a18 a20,0,0,0,0,157,214
4,3 13 18 20,3,a03 a18 a20,0,0,0,0,189,214
4,3 13 18 20,3,a13 a18 a20,0,0,0,0,191,214
4,3 13 18 20,4,a03 a13 a18 a20,0,0,0,0,203,214
4,3 13 18 21,0,,1,1,1,0,0,157
4,3 13 18 21,1,a03,0,0,0,0,112,157
4,3 13 18 21,1,a13,0,0,0,0,80,157
4,3 13 18 21,2,a03 a13,0,0,0,0,126,157
4,3 13 18 21,1,a18,1,1,1,0,54,157
4,3 13 18 21,2,a03 a18,0,0,0,0,124,157
4,3 13 18 21,2,a13 a18,0,0,0,0,109,157
4,3 13 18 21,3,a03 a13 a18,0,0,0,0,137,157
4,3 13 18 21,1,a21,0,0,0,0,54,157
4,3 13 18 21,2,a03 a21,0,0,0,0,124,157
4,3 13 18 21,2,a13 a21,0,0,0,0,109,157
4,3 13 18 21,3,a03 a13 a21,0,0,0,0,137,157
4,3 13 18 21,2,a18 a21,0,0,0,0,108,157
4,3 13 18 21,3,a03 a18 a21,0,0,0,0,136,157
4,3 13 18 21,3,a13 a18 a21,0,0,0,0,138,157
4,3 13 18 21,4,a03 a13 a18 a21,0,0,0,0,148,157
4,3 13 18 23,0,,1,1,1,0,0,606
4,3 13 18 23,1,a03,0,0,0,0,461,606
4,3 13 18 23,1,a13,0,0,0,0,453,606
4,3 13 18 23,2,a03 a13,0,0,0,0,531,606
4,3 13 18 23,1,a18,0,0,0,0,375,606
4,3 13 18 23,2,a03 a18,0,0,0,0,516,606
4,3 13 18 23,2,a13 a18,0,0,0,0,531,606
4,3 13 18 23,3,a03 a13 a18,0,0,0,0,565,606
4,3 13 18 23,1,a23,0,0,0,0,420,606
4,3 13 18 23,2,a03 a23,0,0,0,0,539,606
4,3 13 18 23,2,a13 a23,0,0,0,0,517,606
4,3 13 18 23,3,a03 a13 a23,0,0,0,0,564,606
4,3 13 18 23,2,a18 a23,0,0,0,0,514,606
4,3 13 18 23,3,a03 a18 a23,0,0,0,0,562,606
4,3 13 18 23,3,a13 a18 a23,0,0,0,0,564,606
4,3 13 18 23,4,a03 a13 a18 a23,0,0,0,0,583,606
4,3 13 18 24,0,,1,1,1,0,0,472
4,3 13 18 24,1,a03,0,0,0,0,378,472
4,3 13 18 24,1,a13,0,0,0,0,276,472
4,3 13 18 24,2,a03 a13,0,0,0,0,405,472
4,3 13 18 24,1,a18,0,0,0,0,310,472
4,3 13 18 24,2,a03 a18,0,0,0,0,416,472
4,3 13 18 24,2,a13 a18,0,0,0,0,393,472
4,3 13 18 24,3,a03 a13 a18,0,0,0,0,436,472
4,3 13 18 24,1,a24,0,0,0,0,310,472
4,3 13 18 24,2,a03 a24,0,0,0,0,416,472
4,3 13 18 24,2,a13 a24,0,0,0,0,393,472
4,3 13 18 24,3,a03 a13 a24,0,0,0,0,436,472
4,3 13 18 24,2,a18 a24,0,0,0,0,390,472
4,3 13 18 24,3,a03 a18 a24,0,0,0,0,434,472
4,3 13 18 24,3,a13 a18 a24,0,0,0,0,436,472
4,3 13 18 24,4,a03 a13 a18 a24,0,0,0,0,453,472
4,3 13 19 20,0,,1,1,1,0,0,472
4,3 13 19 20,1,a03,0,0,0,0,358,472
4,3 13 19 20,1,a13,0,0,0,0,350,472
4,3 13 19 20,2,a03 a13,0,0,0,0,402,472
4,3 13 19 20,1,a19,1,1,1,0,258,472
4,3 13 19 20,2,a03 a19,0,0,0,0,392,472
4,3 13 19 20,2,a13 a19,0,0,0,0,402,472
4,3 13 19 20,3,a03 a13 a19,0,0,0,0,436,472
4,3 13 19 20,1,a20,0,0,0,0,312,472
4,3 13 19 20,2,a03 a20,0,0,0,0,416,472
4,3 13 19 20,2,a13 a20,0,0,0,0,412,472
4,3 13 19 20,3,a03 a13 a20,0,0,0,0,434,472
4,3 13 19 20,2,a19 a20,0,0,0,0,391,472
4,3 13 19 20,3,a03 a19 a20,0,0,0,0,435,472
4,3 13 19 20,3,a13 a19 a20,0,0,0,0,435,472
4,3 13 19 20,4,a03 a13 a19 a20,0,0,0,0,453,472
4,3 13 19 21,0,,1,1,1,0,0,352
4,3 13 19 21,1,a03,0,0,0,0,285,352
4,3 13 19 21,1,a13,0,0,0,0,196,352
4,3 13 19 21,2,a03 a13,0,0,0,0,302,352
4,3 13 19 21,1,a19,1,1,1,0,204,352
4,3 13 19 21,2,a03 a19,0,0,0,0,304,352
4,3 13 19 21,2,a13 a19,0,0,0,0,279,352
4,3 13 19 21,3,a03 a13 a19,0,0,0,0,321,352
4,3 13 19 21,1,a21,0,0,0,0,196,352
4,3 13 19 21,2,a03 a21,0,0,0,0,302,352
4,3 13 19 21,2,a13 a21,0,0,0,0,290,352
4,3 13 19 21,3,a03 a13 a21,0,0,0,0,317,352
4,3 13 19 21,2,a19 a21,0,0,0,0,279,352
4,3 13 19 21,3,a03 a19 a21,0,0,0,0,321,352
4,3 13 19 21,3,a13 a19 a21,0,0,0,0,319,352
4,3 13 19 21,4,a03 a13 a19 a21,0,0,0,0,336,352
4,3 13 20 21,0,,1,1,1,0,0,109
4,3 13 20 21,1,a03,0,0,0,0,67,109
4,3 13 20 21,1,a13,0,0,0,0,74,109
4,3 13 20 21,2,a03 a13,0,0,0,0,91,109
4,3 13 20 21,1,a20,1,1,1,0,67,109
4,3 13 20 21,2,a03 a20,0,0,0,0,90,109
4,3 13 20 21,2,a13 a20,0,0,0,0,91,109
4,3 13 20 21,3,a03 a13 a20,0,0,0,0,100,109
4,3 13 20 21,1,a21,1,0,1,1,42,109
4,3 13 20 21,2,a03 a21,0,0,0,0,77,109
4,3 13 20 21,2,a13 a21,0,0,0,0,78,109
4,3 13 20 21,3,a03 a13 a21,0,0,0,0,93,109
4,3 13 20 21,2,a20 a21,0,0,0,0,71,109
4,3 13 20 21,3,a03 a20 a21,0,0,0,0,93,109
4,3 13 20 21,3,a13 a20 a21,0,0,0,0,94,109
4,3 13 20 21,4,a03 a13 a20 a21,0,0,0,0,102,109
4,3 13 20 22,0,,1,1,1,0,0,156
4,3 13 20 22,1,a03,0,0,0,0,111,156
4,3 13 20 22,1,a13,0,0,0,0,98,156
4,3 13 20 22,2,a03 a13,0,0,0,0,118,156
4,3 13 20 22,1,a20,0,0,0,0,92,156
4,3 13 20 22,2,a03 a20,0,0,0,0,132,156
4,3 13 20 22,2,a13 a20,0,0,0,0,126,156
4,3 13 20 22,3,a03 a13 a20,0,0,0,0,136,156
4,3 13 20 22,1,a22,1,1,1,0,111,156
4,3 13 20 22,2,a03 a22,0,0,0,0,133,156
4,3 13 20 22,2,a13 a22,0,0,0,0,118,156
4,3 13 20 22,3,a03 a13 a22,0,0,0,0,137,156
4,3 13 20 22,2,a20 a22,0,0,0,0,132,156
4,3 13 20 22,3,a03 a20 a22,0,0,0,0,144,156
4,3 13 20 22,3,a13 a20 a22,0,0,0,0,137,156
4,3 13 20 22,4,a03 a13 a20 a22,0,0,0,0,147,156
4,3 13 20 23,0,,1,1,1,0,0,279
4,3 13 20 23,1,a03,0,0,0,0,180,279
4,3 13 20 23,1,a13,0,0,0,0,202,279
4,3 13 20 23,2,a03 a13,0,0,0,0,240,279
4,3 13 20 23,1,a20,0,0,0,0,107,279
4,3 13 20 23,2,a03 a20,0,0,0,0,215,279
4,3 13 20 23,2,a13 a20,0,0,0,0,227,279
4,3 13 20 23,3,a03 a13 a20,0,0,0,0,253,279
4,3 13 20 23,1,a23,1,1,1,0,107,279
4,3 13 20 23,2,a03 a23,0,0,0,0,215,279
4,3 13 20 23,2,a13 a23,0,0,0,0,227,279
4,3 13 20 23,3,a03 a13 a23,0,0,0,0,253,279
4,3 13 20 23,2,a20 a23,0,0,0,0,214,279
4,3 13 20 23,3,a03 a20 a23,0,0,0,0,250,279
4,3 13 20 23,3,a13 a20 a23,0,0,0,0,252,279
4,3 13 20 23,4,a03 a13 a20 a23,0,0,0,0,266,279
4,3 13 20 24,0,,1,1,1,0,0,214
4,3 13 20 24,1,a03,0,0,0,0,144,214
4,3 13 20 24,1,a13,0,0,0,0,136,214
4,3 13 20 24,2,a03 a13,0,0,0,0,179,214
4,3 13 20 24,1,a20,0,0,0,0,97,214
4,3 13 20 24,2,a03 a20,0,0,0,0,176,214
4,3 13 20 24,2,a13 a20,0,0,0,0,159,214
4,3 13 20 24,3,a03 a13 a20,0,0,0,0,191,214
4,3 13 20 24,1,a24,1,1,1,0,60,214
4,3 13 20 24,2,a03 a24,0,0,0,0,157,214
4,3 13 20 24,2,a13 a24,0,0,0,0,168,214
4,3 13 20 24,3,a03 a13 a24,0,0,0,0,191,214
4,3 13 20 24,2,a20 a24,0,0,0,0,157,214
4,3 13 20 24,3,a03 a20 a24,0,0,0,0,189,214
4,3 13 20 24,3,a13 a20 a24,0,0,0,0,191,214
4,3 13 20 24,4,a03 a13 a20 a24,0,0,0,0,203,214
4,3 13 20 25,0,,1,1,1,0,0,472
4,3 13 20 25,1,a03,0,0,0,0,358,472
4,3 13 20 25,1,a13,0,0,0,0,350,472
4,3 13 20 25,2,a03 a13,0,0,0,0,402,472
4,3 13 20 25,1,a20,0,0,0,0,312,472
4,3 13 20 25,2,a03 a20,0,0,0,0,416,472
4,3 13 20 25,2,a13 a20,0,0,0,0,412,472
4,3 13 20 25,3,a03 a13 a20,0,0,0,0,434,472
4,3 13 20 25,1,a25,1,1,1,0,258,472
4,3 13 20 25,2,a03 a25,0,0,0,0,392,472
4,3 13 20 25,2,a13 a25,0,0,0,0,402,472
4,3 13 20 25,3,a03 a13 a25,0,0,0,0,436,472
4,3 13 20 25,2,a20 a25,0,0,0,0,391,472
4,3 13 20 25,3,a03 a20 a25,0,0,0,0,435,472
4,3 13 20 25,3,a13 a20 a25,0,0,0,0,435,472
4,3 13 20 25,4,a03 a13 a20 a25,0,0,0,0,453,472
4,3 13 21 22,0,,1,1,1,0,0,102
4,3 13 21 22,1,a03,0,0,0,0,78,102
4,3 13 21 22,1,a13,0,0,0,0,48,102
4,3 13 21 22,2,a03 a13,0,0,0,0,82,102
4,3 13 21 22,1,a21,0,0,0,0,48,102
4,3 13 21 22,2,a03 a21,0,0,0,0,82,102
4,3 13 21 22,2,a13 a21,0,0,0,0,77,102
4,3 13 21 22,3,a03 a13 a21,0,0,0,0,85,102
4,3 13 21 22,1,a22,1,1,1,0,78,102
4,3 13 21 22,2,a03 a22,0,0,0,0,90,102
4,3 13 21 22,2,a13 a22,0,0,0,0,83,102
4,3 13 21 22,3,a03 a13 a22,0,0,0,0,93,102
4,3 13 21 22,2,a21 a22,0,0,0,0,83,102
4,3 13 21 22,3,a03 a21 a22,0,0,0,0,93,102
4,3 13 21 22,3,a13 a21 a22,0,0,0,0,87,102
4,3 13 21 22,4,a03 a13 a21 a22,0,0,0,0,95,102
4,3 13 21 23,0,,1,1,1,0,0,214
4,3 13 21 23,1,a03,0,0,0,0,144,214
4,3 13 21 23,1,a13,0,0,0,0,136,214
4,3 13 21 23,2,a03 a13,0,0,0,0,179,214
4,3 13 21 23,1,a21,0,0,0,0,60,214
4,3 13 21 23,2,a03 a21,0,0,0,0,157,214
4,3 13 21 23,2,a13 a21,0,0,0,0,168,214
4,3 13 21 23,3,a03 a13 a21,0,0,0,0,191,214
4,3 13 21 23,1,a23,1,1,1,0,97,214
4,3 13 21 23,2,a03 a23,0,0,0,0,176,214
4,3 13 21 23,2,a13 a23,0,0,0,0,159,214
4,3 13 21 23,3,a03 a13 a23,0,0,0,0,191,214
4,3 13 21 23,2,a21 a23,0,0,0,0,157,214
4,3 13 21 23,3,a03 a21 a23,0,0,0,0,189,214
4,3 13 21 23,3,a13 a21 a23,0,0,0,0,191,214
4,3 13 21 23,4,a03 a13 a21 a23,0,0,0,0,203,214
4,3 13 21 24,0,,1,1,1,0,0,157
4,3 13 21 24,1,a03,0,0,0,0,112,157
4,3 13 21 24,1,a13,0,0,0,0,80,157
4,3 13 21 24,2,a03 a13,0,0,0,0,126,157
4,3 13 21 24,1,a21,0,0,0,0,54,157
4,3 13 21 24,2,a03 a21,0,0,0,0,124,157
4,3 13 21 24,2,a13 a21,0,0,0,0,109,157
4,3 13 21 24,3,a03 a13 a21,0,0,0,0,137,157
4,3 13 21 24,1,a24,1,1,1,0,54,157
4,3 13 21 24,2,a03 a24,0,0,0,0,124,157
4,3 13 21 24,2,a13 a24,0,0,0,0,109,157
4,3 13 21 24,3,a03 a13 a24,0,0,0,0,137,157
4,3 13 21 24,2,a21 a24,0,0,0,0,108,157
4,3 13 21 24,3,a03 a21 a24,0,0,0,0,136,157
4,3 13 21 24,3,a13 a21 a24,0,0,0,0,138,157
4,3 13 21 24,4,a03 a13 a21 a24,0,0,0,0,148,157
4,3 13 21 25,0,,1,1,1,0,0,352
4,3 13 21 25,1,a03,0,0,0,0,285,352
4,3 13 21 25,1,a13,0,0,0,0,196,352
4,3 13 21 25,2,a03 a13,0,0,0,0,302,352
4,3 13 21 25,1,a21,0,0,0,0,196,352
4,3 13 21 25,2,a03 a21,0,0,0,0,302,352
4,3 13 21 25,2,a13 a21,0,0,0,0,290,352
4,3 13 21 25,3,a03 a13 a21,0,0,0,0,317,352
4,3 13 21 25,1,a25,1,1,1,0,204,352
4,3 13 21 25,2,a03 a25,0,0,0,0,304,352
4,3 13 21 25,2,a13 a25,0,0,0,0,279,352
4,3 13 21 25,3,a03 a13 a25,0,0,0,0,321,352
4,3 13 21 25,2,a21 a25,0,0,0,0,279,352
4,3 13 21 25,3,a03 a21 a25,0,0,0,0,321,352
4,3 13 21 25,3,a13 a21 a25,0,0,0,0,319,352
4,3 13 21 25,4,a03 a13 a21 a25,0,0,0,0,336,352
4,4 5 6 21,0,,1,1,1,0,0,166
4,4 5 6 21,1,a04,0,0,0,0,28,166
4,4 5 6 21,1,a05,1,1,1,0,87,166
4,4 5 6 21,2,a04 a05,0,0,0,0,115,166
4,4 5 6 21,1,a06,1,1,1,0,87,166
4,4 5 6 21,2,a04 a06,0,0,0,0,115,166
4,4 5 6 21,2,a05 a06,1,1,1,0,116,166
4,4 5 6 21,3,a04 a05 a06,0,0,0,0,144,166
4,4 5 6 21,1,a21,0,0,0,0,114,166
4,4 5 6 21,2,a04 a21,0,0,0,0,124,166
4,4 5 6 21,2,a05 a21,0,0,0,0,135,166
4,4 5 6 21,3,a04 a05 a21,0,0,0,0,145,166
4,4 5 6 21,2,a06 a21,0,0,0,0,135,166
4,4 5 6 21,3,a04 a06 a21,0,0,0,0,145,166
4,4 5 6 21,3,a05 a06 a21,0,0,0,0,146,166
4,4 5 6 21,4,a04 a05 a06 a21,0,0,0,0,156,166
4,4 5 7 21,0,,1,1,1,0,0,81
4,4 5 7 21,1,a04,0,0,0,0,22,81
4,4 5 7 21,1,a05,1,1,1,0,22,81
4,4 5 7 21,2,a04 a05,0,0,0,0,44,81
4,4 5 7 21,1,a07,1,1,1,0,22,81
4,4 5 7 21,2,a04 a07,0,0,0,0,44,81
4,4 5 7 21,2,a05 a07,1,1,1,0,44,81
4,4 5 7 21,3,a04 a05 a07,0,0,0,0,66,81
4,4 5 7 21,1,a21,0,0,0,0,50,81
4,4 5 7 21,2,a04 a21,0,0,0,0,58,81
4,4 5 7 21,2,a05 a21,0,0,0,0,58,81
4,4 5 7 21,3,a04 a05 a21,0,0,0,0,66,81
4,4 5 7 21,2,a07 a21,0,0,0,0,58,81
4,4 5 7 21,3,a04 a07 a21,0,0,0,0,66,81
4,4 5 7 21,3,a05 a07 a21,0,0,0,0,66,81
4,4 5 7 21,4,a04 a05 a07 a21,0,0,0,0,74,81
4,4 5 8 21,0,,1,1,1,0,0,81
4,4 5 8 21,1,a04,0,0,0,0,22,81
4,4 5 8 21,1,a05,1,1,1,0,22,81
4,4 5 8 21,2,a04 a05,0,0,0,0,44,81
4,4 5 8 21,1,a08,1,1,1,0,22,81
4,4 5 8 21,2,a04 a08,0,0,0,0,44,81
4,4 5 8 21,2,a05 a08,1,1,1,0,44,81
4,4 5 8 21,3,a04 a05 a08,0,0,0,0,66,81
4,4 5 8 21,1,a21,0,0,0,0,50,81
4,4 5 8 21,2,a04 a21,0,0,0,0,58,81
4,4 5 8 21,2,a05 a21,0,0,0,0,58,81
4,4 5 8 21,3,a04 a05 a21,0,0,0,0,66,81
4,4 5 8 21,2,a08 a21,0,0,0,0,58,81
4,4 5 8 21,3,a04 a08 a21,0,0,0,0,66,81
4,4 5 8 21,3,a05 a08 a21,0,0,0,0,66,81
4,4 5 8 21,4,a04 a05 a08 a21,0,0,0,0,74,81
4,4 5 9 21,0,,1,1,1,0,0,116
4,4 5 9 21,1,a04,0,0,0,0,25,116
4,4 5 9 21,1,a05,1,1,1,0,62,116
4,4 5 9 21,2,a04 a05,0,0,0,0,87,116
4,4 5 9 21,1,a09,1,1,1,0,48,116
4,4 5 9 21,2,a04 a09,0,0,0,0,73,116
4,4 5 9 21,2,a05 a09,1,1,1,0,73,116
4,4 5 9 21,3,a04 a05 a09,0,0,0,0,98,116
4,4 5 9 21,1,a21,0,0,0,0,64,116
4,4 5 9 21,2,a04 a21,0,0,0,0,73,116
4,4 5 9 21,2,a05 a21,0,0,0,0,89,116
4,4 5 9 21,3,a04 a05 a21,0,0,0,0,98,116
4,4 5 9 21,2,a09 a21,0,0,0,0,90,116
4,4 5 9 21,3,a04 a09 a21,0,0,0,0,99,116
4,4 5 9 21,3,a05 a09 a21,0,0,0,0,99,116
4,4 5 9 21,4,a04 a05 a09 a21,0,0,0,0,108,116
4,4 5 10 15,0,,1,1,1,0,0,39
4,4 5 10 15,1,a04,1,1,1,0,6,39
4,4 5 10 15,1,a05,1,1,1,0,6,39
4,4 5 10 15,2,a04 a05,1,1,1,0,12,39
4,4 5 10 15,1,a10,0,0,0,0,16,39
4,4 5 10 15,2,a04 a10,0,0,0,0,22,39
4,4 5 10 15,2,a05 a10,0,0,0,0,22,39
4,4 5 10 15,3,a04 a05 a10,0,0,0,0,28,39
4,4 5 10 15,1,a15,0,0,0,0,16,39
4,4 5 10 15,2,a04 a15,0,0,0,0,22,39
4,4 5 10 15,2,a05 a15,0,0,0,0,22,39
4,4 5 10 15,3,a04 a05 a15,0,0,0,0,28,39
4,4 5 10 15,2,a10 a15,0,0,0,0,22,39
4,4 5 10 15,3,a04 a10 a15,0,0,0,0,28,39
4,4 5 10 15,3,a05 a10 a15,0,0,0,0,28,39
4,4 5 10 15,4,a04 a05 a10 a15,0,0,0,0,34,39
4,4 5 10 21,0,,1,1,1,0,0,58
4,4 5 10 21,1,a04,0,0,0,0,19,58
4,4 5 10 21,1,a05,1,1,1,0,19,58
4,4 5 10 21,2,a04 a05,0,0,0,0,38,58
4,4 5 10 21,1,a10,1,1,1,0,7,58
4,4 5 10 21,2,a04 a10,0,0,0,0,26,58
4,4 5 10 21,2,a05 a10,1,1,1,0,26,58
4,4 5 10 21,3,a04 a05 a10,0,0,0,0,45,58
4,4 5 10 21,1,a21,0,0,0,0,31,58
4,4 5 10 21,2,a04 a21,0,0,0,0,38,58
4,4 5 10 21,2,a05 a21,0,0,0,0,38,58
4,4 5 10 21,3,a04 a05 a21,0,0,0,0,45,58
4,4 5 10 21,2,a10 a21,0,0,0,0,38,58
4,4 5 10 21,3,a04 a10 a21,0,0,0,0,45,58
4,4 5 10 21,3,a05 a10 a21,0,0,0,0,45,58
4,4 5 10 21,4,a04 a05 a10 a21,0,0,0,0,52,58
4,4 5 10 24,0,,1,1,1,0,0,157
4,4 5 10 24,1,a04,0,0,0,0,54,157
4,4 5 10 24,1,a05,1,1,1,0,54,157
4,4 5 10 24,2,a04 a05,0,0,0,0,108,157
4,4 5 10 24,1,a10,0,0,0,0,80,157
4,4 5 10 24,2,a04 a10,0,0,0,0,109,157
4,4 5 10 24,2,a05 a10,0,0,0,0,109,157
4,4 5 10 24,3,a04 a05 a10,0,0,0,0,138,157
4,4 5 10 24,1,a24,0,0,0,0,112,157
4,4 5 10 24,2,a04 a24,0,0,0,0,124,157
4,4 5 10 24,2,a05 a24,0,0,0,0,124,157
4,4 5 10 24,3,a04 a05 a24,0,0,0,0,136,157
4,4 5 10 24,2,a10 a24,0,0,0,0,126,157
4,4 5 10 24,3,a04 a10 a24,0,0,0,0,137,157
4,4 5 10 24,3,a05 a10 a24,0,0,0,0,137,157
4,4 5 10 24,4,a04 a05 a10 a24,0,0,0,0,148,157
4,4 5 11 21,0,,1,1,1,0,0,58
4,4 5 11 21,1,a04,0,0,0,0,19,58
4,4 5 11 21,1,a05,1,1,1,0,19,58
4,4 5 11 21,2,a04 a05,0,0,0,0,38,58
4,4 5 11 21,1,a11,1,1,1,0,7,58
4,4 5 11 21,2,a04 a11,0,0,0,0,26,58
4,4 5 11 21,2,a05 a11,1,1,1,0,26,58
4,4 5 11 21,3,a04 a05 a11,0,0,0,0,45,58
4,4 5 11 21,1,a21,0,0,0,0,31,58
4,4 5 11 21,2,a04 a21,0,0,0,0,38,58
4,4 5 11 21,2,a05 a21,0,0,0,0,38,58
4,4 5 11 21,3,a04 a05 a21,0,0,0,0,45,58
4,4 5 11 21,2,a11 a21,0,0,0,0,38,58
4,4 5 11 21,3,a04 a11 a21,0,0,0,0,45,58
4,4 5 11 21,3,a05 a11 a21,0,0,0,0,45,58
4,4 5 11 21,4,a04 a05 a11 a21,0,0,0,0,52,58
4,4 5 12 13,0,,1,1,1,0,0,44
4,4 5 12 13,1,a04,1,1,1,0,6,44
4,4 5 12 13,1,a05,1,1,1,0,16,44
4,4 5 12 13,2,a04 a05,1,1,1,0,17,44
4,4 5 12 13,1,a12,0,0,0,0,26,44
4,4 5 12 13,2,a04 a12,0,0,0,0,27,44
4,4 5 12 13,2,a05 a12,0,0,0,0,32,44
4,4 5 12 13,3,a04 a05 a12,0,0,0,0,33,44
4,4 5 12 13,1,a13,0,0,0,0,16,44
4,4 5 12 13,2,a04 a13,0,0,0,0,22,44
4,4 5 12 13,2,a05 a13,0,0,0,0,32,44
4,4 5 12 13,3,a04 a05 a13,0,0,0,0,33,44
4,4 5 12 13,2,a12 a13,0,0,0,0,32,44
4,4 5 12 13,3,a04 a12 a13,0,0,0,0,33,44
4,4 5 12 13,3,a05 a12 a13,0,0,0,0,38,44
4,4 5 12 13,4,a04 a05 a12 a13,0,0,0,0,39,44
4,4 5 12 21,0,,1,1,1,0,0,70
4,4 5 12 21,1,a04,1,0,1,1,19,70
4,4 5 12 21,1,a05,1,1,1,0,46,70
4,4 5 12 21,2,a04 a05,0,0,0,0,49,70
4,4 5 12 21,1,a12,1,1,1,0,36,70
4,4 5 12 21,2,a04 a12,0,0,0,0,38,70
4,4 5 12 21,2,a05 a12,1,1,1,0,55,70
4,4 5 12 21,3,a04 a05 a12,0,0,0,0,57,70
4,4 5 12 21,1,a21,0,0,0,0,36,70
4,4 5 12 21,2,a04 a21,0,0,0,0,43,70
4,4 5 12 21,2,a05 a21,0,0,0,0,55,70
4,4 5 12 21,3,a04 a05 a21,0,0,0,0,56,70
4,4 5 12 21,2,a12 a21,0,0,0,0,56,70
4,4 5 12 21,3,a04 a12 a21,0,0,0,0,57,70
4,4 5 12 21,3,a05 a12 a21,0,0,0,0,63,70
4,4 5 12 21,4,a04 a05 a12 a21,0,0,0,0,64,70
4,4 5 12 22,0,,1,1,1,0,0,109
4,4 5 12 22,1,a04,1,0,1,1,42,109
4,4 5 12 22,1,a05,1,1,1,0,67,109
4,4 5 12 22,2,a04 a05,0,0,0,0,71,109
4,4 5 12 22,1,a12,0,0,0,0,74,109
4,4 5 12 22,2,a04 a12,0,0,0,0,78,109
4,4 5 12 22,2,a05 a12,0,0,0,0,91,109
4,4 5 12 22,3,a04 a05 a12,0,0,0,0,94,109
4,4 5 12 22,1,a22,0,0,0,0,67,109
4,4 5 12 22,2,a04 a22,0,0,0,0,77,109
4,4 5 12 22,2,a05 a22,0,0,0,0,90,109
4,4 5 12 22,3,a04 a05 a22,0,0,0,0,93,109
4,4 5 12 22,2,a12 a22,0,0,0,0,91,109
4,4 5 12 22,3,a04 a12 a22,0,0,0,0,93,109
4,4 5 12 22,3,a05 a12 a22,0,0,0,0,100,109
4,4 5 12 22,4,a04 a05 a12 a22,0,0,0,0,102,109
4,4 5 13 20,0,,1,1,1,0,0,102
4,4 5 13 20,1,a04,0,0,0,0,48,102
4,4 5 13 20,1,a05,1,1,1,0,78,102
4,4 5 13 20,2,a04 a05,0,0,0,0,83,102
4,4 5 13 20,1,a13,0,0,0,0,48,102
4,4 5 13 20,2,a04 a13,0,0,0,0,77,102
4,4 5 13 20,2,a05 a13,0,0,0,0,83,102
4,4 5 13 20,3,a04 a05 a13,0,0,0,0,87,102
4,4 5 13 20,1,a20,0,0,0,0,78,102
4,4 5 13 20,2,a04 a20,0,0,0,0,82,102
4,4 5 13 20,2,a05 a20,0,0,0,0,90,102
4,4 5 13 20,3,a04 a05 a20,0,0,0,0,93,102
4,4 5 13 20,2,a13 a20,0,0,0,0,82,102
4,4 5 13 20,3,a04 a13 a20,0,0,0,0,85,102
4,4 5 13 20,3,a05 a13 a20,0,0,0,0,93,102
4,4 5 13 20,4,a04 a05 a13 a20,0,0,0,0,95,102
4,4 5 13 21,0,,1,1,1,0,0,44
4,4 5 13 21,1,a04,0,0,0,0,16,44
4,4 5 13 21,1,a05,1,1,1,0,16,44
4,4 5 13 21,2,a04 a05,0,0,0,0,32,44
4,4 5 13 21,1,a13,1,1,1,0,6,44
4,4 5 13 21,2,a04 a13,0,0,0,0,22,44
4,4 5 13 21,2,a05 a13,1,1,1,0,17,44
4,4 5 13 21,3,a04 a05 a13,0,0,0,0,33,44
4,4 5 13 21,1,a21,0,0,0,0,26,44
4,4 5 13 21,2,a04 a21,0,0,0,0,32,44
4,4 5 13 21,2,a05 a21,0,0,0,0,32,44
4,4 5 13 21,3,a04 a05 a21,0,0,0,0,38,44
4,4 5 13 21,2,a13 a21,0,0,0,0,27,44
4,4 5 13 21,3,a04 a13 a21,0,0,0,0,33,44
4,4 5 13 21,3,a05 a13 a21,0,0,0,0,33,44
4,4 5 13 21,4,a04 a05 a13 a21,0,0,0,0,39,44
4,4 5 14 21,0,,1,1,1,0,0,116
4,4 5 14 21,1,a04,0,0,0,0,25,116
4,4 5 14 21,1,a05,1,1,1,0,62,116
4,4 5 14 21,2,a04 a05,0,0,0,0,87,116
4,4 5 14 21,1,a14,1,1,1,0,48,116
4,4 5 14 21,2,a04 a14,0,0,0,0,73,116
4,4 5 14 21,2,a05 a14,1,1,1,0,73,116
4,4 5 14 21,3,a04 a05 a14,0,0,0,0,98,116
4,4 5 14 21,1,a21,0,0,0,0,64,116
4,4 5 14 21,2,a04 a21,0,0,0,0,73,116
4,4 5 14 21,2,a05 a21,0,0,0,0,89,116
4,4 5 14 21,3,a04 a05 a21,0,0,0,0,98,116
4,4 5 14 21,2,a14 a21,0,0,0,0,90,116
4,4 5 14 21,3,a04 a14 a21,0,0,0,0,99,116
4,4 5 14 21,3,a05 a14 a21,0,0,0,0,99,116
4,4 5 14 21,4,a04 a05 a14 a21,0,0,0,0,108,116
4,4 5 15 18,0,,1,1,1,0,0,157
4,4 5 15 18,1,a04,0,0,0,0,54,157
4,4 5 15 18,1,a05,1,1,1,0,54,157
4,4 5 15 18,2,a04 a05,0,0,0,0,108,157
4,4 5 15 18,1,a15,0,0,0,0,80,157
4,4 5 15 18,2,a04 a15,0,0,0,0,109,157
4,4 5 15 18,2,a05 a15,0,0,0,0,109,157
4,4 5 15 18,3,a04 a05 a15,0,0,0,0,138,157
4,4 5 15 18,1,a18,0,0,0,0,112,157
4,4 5 15 18,2,a04 a18,0,0,0,0,124,157
4,4 5 15 18,2,a05 a18,0,0,0,0,124,157
4,4 5 15 18,3,a04 a05 a18,0,0,0,0,136,157
4,4 5 15 18,2,a15 a18,0,0,0,0,126,157
4,4 5 15 18,3,a04 a15 a18,0,0,0,0,137,157
4,4 5 15 18,3,a05 a15 a18,0,0,0,0,137,157
4,4 5 15 18,4,a04 a05 a15 a18,0,0,0,0,148,157
4,4 5 15 21,0,,1,1,1,0,0,58
4,4 5 15 21,1,a04,0,0,0,0,19,58
4,4 5 15 21,1,a05,1,1,1,0,19,58
4,4 5 15 21,2,a04 a05,0,0,0,0,38,58
4,4 5 15 21,1,a15,1,1,1,0,7,58
4,4 5 15 21,2,a04 a15,0,0,0,0,26,58
4,4 5 15 21,2,a05 a15,1,1,1,0,26,58
4,4 5 15 21,3,a04 a05 a15,0,0,0,0,45,58
4,4 5 15 21,1,a21,0,0,0,0,31,58
4,4 5 15 21,2,a04 a21,0,0,0,0,38,58
4,4 5 15 21,2,a05 a21,0,0,0,0,38,58
4,4 5 15 21,3,a04 a05 a21,0,0,0,0,45,58
4,4 5 15 21,2,a15 a21,0,0,0,0,38,58
4,4 5 15 21,3,a04 a15 a21,0,0,0,0,45,58
4,4 5 15 21,3,a05 a15 a21,0,0,0,0,45,58
4,4 5 15 21,4,a04 a05 a15 a21,0,0,0,0,52,58
4,4 5 16 21,0,,1,1,1,0,0,58
4,4 5 16 21,1,a04,0,0,0,0,19,58
4,4 5 16 21,1,a05,1,1,1,0,19,58
4,4 5 16 21,2,a04 a05,0,0,0,0,38,58
4,4 5 16 21,1,a16,1,1,1,0,7,58
4,4 5 16 21,2,a04 a16,0,0,0,0,26,58
4,4 5 16 21,2,a05 a16,1,1,1,0,26,58
4,4 5 16 21,3,a04 a05 a16,0,0,0,0,45,58
4,4 5 16 21,1,a21,0,0,0,0,31,58
4,4 5 16 21,2,a04 a21,0,0,0,0,38,58
4,4 5 16 21,2,a05 a21,0,0,0,0,38,58
4,4 5 16 21,3,a04 a05 a21,0,0,0,0,45,58
4,4 5 16 21,2,a16 a21,0,0,0,0,38,58
4,4 5 16 21,3,a04 a16 a21,0,0,0,0,45,58
4,4 5 16 21,3,a05 a16 a21,0,0,0,0,45,58
4,4 5 16 21,4,a04 a05 a16 a21,0,0,0,0,52,58
4,4 5 17 21,0,,1,1,1,0,0,279
4,4 5 17 21,1,a04,0,0,0,0,145,279
4,4 5 17 21,1,a05,1,1,1,0,187,279
4,4 5 17 21,2,a04 a05,0,0,0,0,236,279
4,4 5 17 21,1,a17,1,1,1,0,177,279
4,4 5 17 21,2,a04 a17,0,0,0,0,213,279
4,4 5 17 21,2,a05 a17,1,1,1,0,216,279
4,4 5 17 21,3,a04 a05 a17,0,0,0,0,252,279
4,4 5 17 21,1,a21,0,0,0,0,160,279
4,4 5 17 21,2,a04 a21,0,0,0,0,227,279
4,4 5 17 21,2,a05 a21,0,0,0,0,223,279
4,4 5 17 21,3,a04 a05 a21,0,0,0,0,249,279
4,4 5 17 21,2,a17 a21,0,0,0,0,236,279
4,4 5 17 21,3,a04 a17 a21,0,0,0,0,249,279
4,4 5 17 21,3,a05 a17 a21,0,0,0,0,252,279
4,4 5 17 21,4,a04 a05 a17 a21,0,0,0,0,265,279
4,4 5 18 21,0,,1,1,1,0,0,108
4,4 5 18 21,1,a04,0,0,0,0,41,108
4,4 5 18 21,1,a05,1,1,1,0,41,108
4,4 5 18 21,2,a04 a05,0,0,0,0,82,108
4,4 5 18 21,1,a18,1,1,1,0,41,108
4,4 5 18 21,2,a04 a18,0,0,0,0,66,108
4,4 5 18 21,2,a05 a18,1,1,1,0,66,108
4,4 5 18 21,3,a04 a05 a18,0,0,0,0,91,108
4,4 5 18 21,1,a21,0,0,0,0,41,108
4,4 5 18 21,2,a04 a21,0,0,0,0,66,108
4,4 5 18 21,2,a05 a21,0,0,0,0,66,108
4,4 5 18 21,3,a04 a05 a21,0,0,0,0,91,108
4,4 5 18 21,2,a18 a21,0,0,0,0,82,108
4,4 5 18 21,3,a04 a18 a21,0,0,0,0,91,108
4,4 5 18 21,3,a05 a18 a21,0,0,0,0,91,108
4,4 5 18 21,4,a04 a05 a18 a21,0,0,0,0,100,108
4,4 5 18 24,0,,1,1,1,0,0,364
4,4 5 18 24,1,a04,0,0,0,0,185,364
4,4 5 18 24,1,a05,1,1,1,0,173,364
4,4 5 18 24,2,a04 a05,0,0,0,0,304,364
4,4 5 18 24,1,a18,0,0,0,0,253,364
4,4 5 18 24,2,a04 a18,0,0,0,0,294,364
4,4 5 18 24,2,a05 a18,0,0,0,0,293,364
4,4 5 18 24,3,a04 a05 a18,0,0,0,0,333,364
4,4 5 18 24,1,a24,0,0,0,0,253,364
4,4 5 18 24,2,a04 a24,0,0,0,0,294,364
4,4 5 18 24,2,a05 a24,0,0,0,0,293,364
4,4 5 18 24,3,a04 a05 a24,0,0,0,0,333,364
4,4 5 18 24,2,a18 a24,0,0,0,0,316,364
4,4 5 18 24,3,a04 a18 a24,0,0,0,0,333,364
4,4 5 18 24,3,a05 a18 a24,0,0,0,0,332,364
4,4 5 18 24,4,a04 a05 a18 a24,0,0,0,0,348,364
4,4 5 19 21,0,,1,1,1,0,0,88
4,4 5 19 21,1,a04,0,0,0,0,36,88
4,4 5 19 21,1,a05,1,1,1,0,36,88
4,4 5 19 21,2,a04 a05,0,0,0,0,65,88
4,4 5 19 21,1,a19,1,1,1,0,29,88
4,4 5 19 21,2,a04 a19,0,0,0,0,51,88
4,4 5 19 21,2,a05 a19,1,1,1,0,51,88
4,4 5 19 21,3,a04 a05 a19,0,0,0,0,73,88
4,4 5 19 21,1,a21,0,0,0,0,36,88
4,4 5 19 21,2,a04 a21,0,0,0,0,58,88
4,4 5 19 21,2,a05 a21,0,0,0,0,58,88
4,4 5 19 21,3,a04 a05 a21,0,0,0,0,73,88
4,4 5 19 21,2,a19 a21,0,0,0,0,65,88
4,4 5 19 21,3,a04 a19 a21,0,0,0,0,73,88
4,4 5 19 21,3,a05 a19 a21,0,0,0,0,73,88
4,4 5 19 21,4,a04 a05 a19 a21,0,0,0,0,81,88
4,4 5 20 21,0,,1,1,1,0,0,102
4,4 5 20 21,1,a04,0,0,0,0,48,102
4,4 5 20 21,1,a05,1,1,1,0,78,102
4,4 5 20 21,2,a04 a05,0,0,0,0,83,102
4,4 5 20 21,1,a20,1,1,1,0,78,102
4,4 5 20 21,2,a04 a20,0,0,0,0,82,102
4,4 5 20 21,2,a05 a20,1,1,1,0,90,102
4,4 5 20 21,3,a04 a05 a20,0,0,0,0,93,102
4,4 5 20 21,1,a21,0,0,0,0,48,102
4,4 5 20 21,2,a04 a21,0,0,0,0,76,102
4,4 5 20 21,2,a05 a21,0,0,0,0,82,102
4,4 5 20 21,3,a04 a05 a21,0,0,0,0,85,102
4,4 5 20 21,2,a20 a21,0,0,0,0,83,102
4,4 5 20 21,3,a04 a20 a21,0,0,0,0,85,102
4,4 5 20 21,3,a05 a20 a21,0,0,0,0,93,102
4,4 5 20 21,4,a04 a05 a20 a21,0,0,0,0,94,102
4,4 5 20 22,0,,1,1,1,0,0,156
4,4 5 20 22,1,a04,0,0,0,0,98,156
4,4 5 20 22,1,a05,1,1,1,0,111,156
4,4 5 20 22,2,a04 a05,0,0,0,0,118,156
4,4 5 20 22,1,a20,0,0,0,0,111,156
4,4 5 20 22,2,a04 a20,0,0,0,0,118,156
4,4 5 20 22,2,a05 a20,0,0,0,0,133,156
4,4 5 20 22,3,a04 a05 a20,0,0,0,0,137,156
4,4 5 20 22,1,a22,0,0,0,0,92,156
4,4 5 20 22,2,a04 a22,0,0,0,0,126,156
4,4 5 20 22,2,a05 a22,0,0,0,0,132,156
4,4 5 20 22,3,a04 a05 a22,0,0,0,0,137,156
4,4 5 20 22,2,a20 a22,0,0,0,0,132,156
4,4 5 20 22,3,a04 a20 a22,0,0,0,0,136,156
4,4 5 20 22,3,a05 a20 a22,0,0,0,0,144,156
4,4 5 20 22,4,a04 a05 a20 a22,0,0,0,0,147,156
4,4 5 21 22,0,,1,1,1,0,0,70
4,4 5 21 22,1,a04,0,0,0,0,31,70
4,4 5 21 22,1,a05,1,1,1,0,25,70
4,4 5 21 22,2,a04 a05,0,0,0,0,50,70
4,4 5 21 22,1,a21,0,0,0,0,31,70
4,4 5 21 22,2,a04 a21,0,0,0,0,44,70
4,4 5 21 22,2,a05 a21,0,0,0,0,44,70
4,4 5 21 22,3,a04 a05 a21,0,0,0,0,57,70
4,4 5 21 22,1,a22,1,1,1,0,25,70
4,4 5 21 22,2,a04 a22,0,0,0,0,44,70
4,4 5 21 22,2,a05 a22,1,1,1,0,38,70
4,4 5 21 22,3,a04 a05 a22,0,0,0,0,57,70
4,4 5 21 22,2,a21 a22,0,0,0,0,50,70
4,4 5 21 22,3,a04 a21 a22,0,0,0,0,57,70
4,4 5 21 22,3,a05 a21 a22,0,0,0,0,57,70
4,4 5 21 22,4,a04 a05 a21 a22,0,0,0,0,64,70
4,4 5 21 23,0,,1,1,1,0,0,279
4,4 5 21 23,1,a04,0,0,0,0,145,279
4,4 5 21 23,1,a05,1,1,1,0,187,279
4,4 5 21 23,2,a04 a05,0,0,0,0,236,279
4,4 5 21 23,1,a21,0,0,0,0,160,279
4,4 5 21 23,2,a04 a21,0,0,0,0,227,279
4,4 5 21 23,2,a05 a21,0,0,0,0,223,279
4,4 5 21 23,3,a04 a05 a21,0,0,0,0,249,279
4,4 5 21 23,1,a23,1,1,1,0,177,279
4,4 5 21 23,2,a04 a23,0,0,0,0,213,279
4,4 5 21 23,2,a05 a23,1,1,1,0,216,279
4,4 5 21 23,3,a04 a05 a23,0,0,0,0,252,279
4,4 5 21 23,2,a21 a23,0,0,0,0,236,279
4,4 5 21 23,3,a04 a21 a23,0,0,0,0,249,279
4,4 5 21 23,3,a05 a21 a23,0,0,0,0,252,279
4,4 5 21 23,4,a04 a05 a21 a23,0,0,0,0,265,279
4,4 5 21 24,0,,1,1,1,0,0,108
4,4 5 21 24,1,a04,0,0,0,0,41,108
4,4 5 21 24,1,a05,1,1,1,0,41,108
4,4 5 21 24,2,a04 a05,0,0,0,0,82,108
4,4 5 21 24,1,a21,0,0,0,0,41,108
4,4 5 21 24,2,a04 a21,0,0,0,0,66,108
4,4 5 21 24,2,a05 a21,0,0,0,0,66,108
4,4 5 21 24,3,a04 a05 a21,0,0,0,0,91,108
4,4 5 21 24,1,a24,1,1,1,0,41,108
4,4 5 21 24,2,a04 a24,0,0,0,0,66,108
4,4 5 21 24,2,a05 a24,1,1,1,0,66,108
4,4 5 21 24,3,a04 a05 a24,0,0,0,0,91,108
4,4 5 21 24,2,a21 a24,0,0,0,0,82,108
4,4 5 21 24,3,a04 a21 a24,0,0,0,0,91,108
4,4 5 21 24,3,a05 a21 a24,0,0,0,0,91,108
4,4 5 21 24,4,a04 a05 a21 a24,0,0,0,0,100,108
4,4 5 21 25,0,,1,1,1,0,0,88
4,4 5 21 25,1,a04,0,0,0,0,36,88
4,4 5 21 25,1,a05,1,1,1,0,36,88
4,4 5 21 25,2,a04 a05,0,0,0,0,65,88
4,4 5 21 25,1,a21,0,0,0,0,36,88
4,4 5 21 25,2,a04 a21,0,0,0,0,58,88
4,4 5 21 25,2,a05 a21,0,0,0,0,58,88
4,4 5 21 25,3,a04 a05 a21,0,0,0,0,73,88
4,4 5 21 25,1,a25,1,1,1,0,29,88
4,4 5 21 25,2,a04 a25,0,0,0,0,51,88
4,4 5 21 25,2,a05 a25,1,1,1,0,51,88
4,4 5 21 25,3,a04 a05 a25,0,0,0,0,73,88
4,4 5 21 25,2,a21 a25,0,0,0,0,65,88
4,4 5 21 25,3,a04 a21 a25,0,0,0,0,73,88
4,4 5 21 25,3,a05 a21 a25,0,0,0,0,73,88
4,4 5 21 25,4,a04 a05 a21 a25,0,0,0,0,81,88
4,4 6 7 21,0,,1,1,1,0,0,81
4,4 6 7 21,1,a04,0,0,0,0,22,81
4,4 6 7 21,1,a06,1,1,1,0,22,81
4,4 6 7 21,2,a04 a06,0,0,0,0,44,81
4,4 6 7 21,1,a07,1,1,1,0,22,81
4,4 6 7 21,2,a04 a07,0,0,0,0,44,81
4,4 6 7 21,2,a06 a07,1,1,1,0,44,81
4,4 6 7 21,3,a04 a06 a07,0,0,0,0,66,81
4,4 6 7 21,1,a21,0,0,0,0,50,81
4,4 6 7 21,2,a04 a21,0,0,0,0,58,81
4,4 6 7 21,2,a06 a21,0,0,0,0,58,81
4,4 6 7 21,3,a04 a06 a21,0,0,0,0,66,81
4,4 6 7 21,2,a07 a21,0,0,0,0,58,81
4,4 6 7 21,3,a04 a07 a21,0,0,0,0,66,81
4,4 6 7 21,3,a06 a07 a21,0,0,0,0,66,81
4,4 6 7 21,4,a04 a06 a07 a21,0,0,0,0,74,81
4,4 6 8 21,0,,1,1,1,0,0,166
4,4 6 8 21,1,a04,0,0,0,0,28,166
4,4 6 8 21,1,a06,1,1,1,0,87,166
4,4 6 8 21,2,a04 a06,0,0,0,0,115,166
4,4 6 8 21,1,a08,1,1,1,0,87,166
4,4 6 8 21,2,a04 a08,0,0,0,0,115,166
4,4 6 8 21,2,a06 a08,1,1,1,0,116,166
4,4 6 8 21,3,a04 a06 a08,0,0,0,0,144,166
4,4 6 8 21,1,a21,0,0,0,0,114,166
4,4 6 8 21,2,a04 a21,0,0,0,0,124,166
4,4 6 8 21,2,a06 a21,0,0,0,0,135,166
4,4 6 8 21,3,a04 a06 a21,0,0,0,0,145,166
4,4 6 8 21,2,a08 a21,0,0,0,0,135,166
4,4 6 8 21,3,a04 a08 a21,0,0,0,0,145,166
4,4 6 8 21,3,a06 a08 a21,0,0,0,0,146,166
4,4 6 8 21,4,a04 a06 a08 a21,0,0,0,0,156,166
4,4 6 9 21,0,,1,1,1,0,0,116
4,4 6 9 21,1,a04,0,0,0,0,25,116
4,4 6 9 21,1,a06,1,1,1,0,62,116
4,4 6 9 21,2,a04 a06,0,0,0,0,87,116
4,4 6 9 21,1,a09,1,1,1,0,48,116
4,4 6 9 21,2,a04 a09,0,0,0,0,73,116
4,4 6 9 21,2,a06 a09,1,1,1,0,73,116
4,4 6 9 21,3,a04 a06 a09,0,0,0,0,98,116
4,4 6 9 21,1,a21,0,0,0,0,64,116
4,4 6 9 21,2,a04 a21,0,0,0,0,73,116
4,4 6 9 21,2,a06 a21,0,0,0,0,89,116
4,4 6 9 21,3,a04 a06 a21,0,0,0,0,98,116
4,4 6 9 21,2,a09 a21,0,0,0,0,90,116
4,4 6 9 21,3,a04 a09 a21,0,0,0,0,99,116
4,4 6 9 21,3,a06 a09 a21,0,0,0,0,99,116
4,4 6 9 21,4,a04 a06 a09 a21,0,0,0,0,108,116
4,4 6 10 15,0,,1,1,1,0,0,58
4,4 6 10 15,1,a04,1,1,1,0,7,58
4,4 6 10 15,1,a06,1,1,1,0,19,58
4,4 6 10 15,2,a04 a06,1,1,1,0,26,58
4,4 6 10 15,1,a10,0,0,0,0,31,58
4,4 6 10 15,2,a04 a10,0,0,0,0,38,58
4,4 6 10 15,2,a06 a10,0,0,0,0,38,58
4,4 6 10 15,3,a04 a06 a10,0,0,0,0,45,58
4,4 6 10 15,1,a15,0,0,0,0,19,58
4,4 6 10 15,2,a04 a15,0,0,0,0,26,58
4,4 6 10 15,2,a06 a15,0,0,0,0,38,58
4,4 6 10 15,3,a04 a06 a15,0,0,0,0,45,58
4,4 6 10 15,2,a10 a15,0,0,0,0,38,58
4,4 6 10 15,3,a04 a10 a15,0,0,0,0,45,58
4,4 6 10 15,3,a06 a10 a15,0,0,0,0,45,58
4,4 6 10 15,4,a04 a06 a10 a15,0,0,0,0,52,58
4,4 6 10 21,0,,1,1,1,0,0,116
4,4 6 10 21,1,a04,0,0,0,0,25,116
4,4 6 10 21,1,a06,1,1,1,0,62,116
4,4 6 10 21,2,a04 a06,0,0,0,0,87,116
4,4 6 10 21,1,a10,1,1,1,0,48,116
4,4 6 10 21,2,a04 a10,0,0,0,0,73,116
4,4 6 10 21,2,a06 a10,1,1,1,0,73,116
4,4 6 10 21,3,a04 a06 a10,0,0,0,0,98,116
4,4 6 10 21,1,a21,0,0,0,0,64,116
4,4 6 10 21,2,a04 a21,0,0,0,0,73,116
4,4 6 10 21,2,a06 a21,0,0,0,0,89,116
4,4 6 10 21,3,a04 a06 a21,0,0,0,0,98,116
4,4 6 10 21,2,a10 a21,0,0,0,0,90,116
4,4 6 10 21,3,a04 a10 a21,0,0,0,0,99,116
4,4 6 10 21,3,a06 a10 a21,0,0,0,0,99,116
4,4 6 10 21,4,a04 a06 a10 a21,0,0,0,0,108,116
4,4 6 10 24,0,,1,1,1,0,0,214
4,4 6 10 24,1,a04,0,0,0,0,60,214
4,4 6 10 24,1,a06,1,1,1,0,97,214
4,4 6 10 24,2,a04 a06,0,0,0,0,157,214
4,4 6 10 24,1,a10,0,0,0,0,136,214
4,4 6 10 24,2,a04 a10,0,0,0,0,168,214
4,4 6 10 24,2,a06 a10,0,0,0,0,159,214
4,4 6 10 24,3,a04 a06 a10,0,0,0,0,191,214
4,4 6 10 24,1,a24,0,0,0,0,144,214
4,4 6 10 24,2,a04 a24,0,0,0,0,157,214
4,4 6 10 24,2,a06 a24,0,0,0,0,176,214
4,4 6 10 24,3,a04 a06 a24,0,0,0,0,189,214
4,4 6 10 24,2,a10 a24,0,0,0,0,179,214
4,4 6 10 24,3,a04 a10 a24,0,0,0,0,191,214
4,4 6 10 24,3,a06 a10 a24,0,0,0,0,191,214
4,4 6 10 24,4,a04 a06 a10 a24,0,0,0,0,203,214
4,4 6 11 21,0,,1,1,1,0,0,58
4,4 6 11 21,1,a04,0,0,0,0,19,58
4,4 6 11 21,1,a06,1,1,1,0,19,58
4,4 6 11 21,2,a04 a06,0,0,0,0,38,58
4,4 6 11 21,1,a11,1,1,1,0,7,58
4,4 6 11 21,2,a04 a11,0,0,0,0,26,58
4,4 6 11 21,2,a06 a11,1,1,1,0,26,58
4,4 6 11 21,3,a04 a06 a11,0,0,0,0,45,58
4,4 6 11 21,1,a21,0,0,0,0,31,58
4,4 6 11 21,2,a04 a21,0,0,0,0,38,58
4,4 6 11 21,2,a06 a21,0,0,0,0,38,58
4,4 6 11 21,3,a04 a06 a21,0,0,0,0,45,58
4,4 6 11 21,2,a11 a21,0,0,0,0,38,58
4,4 6 11 21,3,a04 a11 a21,0,0,0,0,45,58
4,4 6 11 21,3,a06 a11 a21,0,0,0,0,45,58
4,4 6 11 21,4,a04 a06 a11 a21,0,0,0,0,52,58
4,4 6 12 13,0,,1,1,1,0,0,58
4,4 6 12 13,1,a04,1,1,1,0,7,58
4,4 6 12 13,1,a06,1,1,1,0,19,58
4,4 6 12 13,2,a04 a06,1,1,1,0,26,58
4,4 6 12 13,1,a12,0,0,0,0,19,58
4,4 6 12 13,2,a04 a12,0,0,0,0,26,58
4,4 6 12 13,2,a06 a12,0,0,0,0,38,58
4,4 6 12 13,3,a04 a06 a12,0,0,0,0,45,58
4,4 6 12 13,1,a13,0,0,0,0,31,58
4,4 6 12 13,2,a04 a13,0,0,0,0,38,58
4,4 6 12 13,2,a06 a13,0,0,0,0,38,58
4,4 6 12 13,3,a04 a06 a13,0,0,0,0,45,58
4,4 6 12 13,2,a12 a13,0,0,0,0,38,58
4,4 6 12 13,3,a04 a12 a13,0,0,0,0,45,58
4,4 6 12 13,3,a06 a12 a13,0,0,0,0,45,58
4,4 6 12 13,4,a04 a06 a12 a13,0,0,0,0,52,58
4,4 6 12 21,0,,1,1,1,0,0,58
4,4 6 12 21,1,a04,0,0,0,0,19,58
4,4 6 12 21,1,a06,1,1,1,0,19,58
4,4 6 12 21,2,a04 a06,0,0,0,0,38,58
4,4 6 12 21,1,a12,1,1,1,0,7,58
4,4 6 12 21,2,a04 a12,0,0,0,0,26,58
4,4 6 12 21,2,a06 a12,1,1,1,0,26,58
4,4 6 12 21,3,a04 a06 a12,0,0,0,0,45,58
4,4 6 12 21,1,a21,0,0,0,0,31,58
4,4 6 12 21,2,a04 a21,0,0,0,0,38,58
4,4 6 12 21,2,a06 a21,0,0,0,0,38,58
4,4 6 12 21,3,a04 a06 a21,0,0,0,0,45,58
4,4 6 12 21,2,a12 a21,0,0,0,0,38,58
4,4 6 12 21,3,a04 a12 a21,0,0,0,0,45,58
4,4 6 12 21,3,a06 a12 a21,0,0,0,0,45,58
4,4 6 12 21,4,a04 a06 a12 a21,0,0,0,0,52,58
4,4 6 12 22,0,,1,1,1,0,0,352
4,4 6 12 22,1,a04,0,0,0,0,196,352
4,4 6 12 22,1,a06,1,1,1,0,204,352
4,4 6 12 22,2,a04 a06,0,0,0,0,279,352
4,4 6 12 22,1,a12,0,0,0,0,196,352
4,4 6 12 22,2,a04 a12,0,0,0,0,290,352
4,4 6 12 22,2,a06 a12,0,0,0,0,279,352
4,4 6 12 22,3,a04 a06 a12,0,0,0,0,319,352
4,4 6 12 22,1,a22,0,0,0,0,285,352
4,4 6 12 22,2,a04 a22,0,0,0,0,302,352
4,4 6 12 22,2,a06 a22,0,0,0,0,304,352
4,4 6 12 22,3,a04 a06 a22,0,0,0,0,321,352
4,4 6 12 22,2,a12 a22,0,0,0,0,302,352
4,4 6 12 22,3,a04 a12 a22,0,0,0,0,317,352
4,4 6 12 22,3,a06 a12 a22,0,0,0,0,321,352
4,4 6 12 22,4,a04 a06 a12 a22,0,0,0,0,336,352
4,4 6 13 20,0,,1,1,1,0,0,214
4,4 6 13 20,1,a04,0,0,0,0,60,214
4,4 6 13 20,1,a06,1,1,1,0,97,214
4,4 6 13 20,2,a04 a06,0,0,0,0,157,214
4,4 6 13 20,1,a13,0,0,0,0,136,214
4,4 6 13 20,2,a04 a13,0,0,0,0,168,214
4,4 6 13 20,2,a06 a13,0,0,0,0,159,214
4,4 6 13 20,3,a04 a06 a13,0,0,0,0,191,214
4,4 6 13 20,1,a20,0,0,0,0,144,214
4,4 6 13 20,2,a04 a20,0,0,0,0,157,214
4,4 6 13 20,2,a06 a20,0,0,0,0,176,214
4,4 6 13 20,3,a04 a06 a20,0,0,0,0,189,214
4,4 6 13 20,2,a13 a20,0,0,0,0,179,214
4,4 6 13 20,3,a04 a13 a20,0,0,0,0,191,214
4,4 6 13 20,3,a06 a13 a20,0,0,0,0,191,214
4,4 6 13 20,4,a04 a06 a13 a20,0,0,0,0,203,214
4,4 6 13 21,0,,1,1,1,0,0,116
4,4 6 13 21,1,a04,0,0,0,0,25,116
4,4 6 13 21,1,a06,1,1,1,0,62,116
4,4 6 13 21,2,a04 a06,0,0,0,0,87,116
4,4 6 13 21,1,a13,1,1,1,0,48,116
4,4 6 13 21,2,a04 a13,0,0,0,0,73,116
4,4 6 13 21,2,a06 a13,1,1,1,0,73,116
4,4 6 13 21,3,a04 a06 a13,0,0,0,0,98,116
4,4 6 13 21,1,a21,0,0,0,0,64,116
4,4 6 13 21,2,a04 a21,0,0,0,0,73,116
4,4 6 13 21,2,a06 a21,0,0,0,0,89,116
4,4 6 13 21,3,a04 a06 a21,0,0,0,0,98,116
4,4 6 13 21,2,a13 a21,0,0,0,0,90,116
4,4 6 13 21,3,a04 a13 a21,0,0,0,0,99,116
4,4 6 13 21,3,a06 a13 a21,0,0,0,0,99,116
4,4 6 13 21,4,a04 a06 a13 a21,0,0,0,0,108,116
4,4 6 14 21,0,,1,1,1,0,0,44
4,4 6 14 21,1,a04,0,0,0,0,16,44
4,4 6 14 21,1,a06,1,1,1,0,16,44
4,4 6 14 21,2,a04 a06,0,0,0,0,32,44
4,4 6 14 21,1,a14,1,1,1,0,6,44
4,4 6 14 21,2,a04 a14,0,0,0,0,22,44
4,4 6 14 21,2,a06 a14,1,1,1,0,17,44
4,4 6 14 21,3,a04 a06 a14,0,0,0,0,33,44
4,4 6 14 21,1,a21,0,0,0,0,26,44
4,4 6 14 21,2,a04 a21,0,0,0,0,32,44
4,4 6 14 21,2,a06 a21,0,0,0,0,32,44
4,4 6 14 21,3,a04 a06 a21,0,0,0,0,38,44
4,4 6 14 21,2,a14 a21,0,0,0,0,27,44
4,4 6 14 21,3,a04 a14 a21,0,0,0,0,33,44
4,4 6 14 21,3,a06 a14 a21,0,0,0,0,33,44
4,4 6 14 21,4,a04 a06 a14 a21,0,0,0,0,39,44
4,4 6 15 18,0,,1,1,1,0,0,352
4,4 6 15 18,1,a04,0,0,0,0,196,352
4,4 6 15 18,1,a06,1,1,1,0,204,352
4,4 6 15 18,2,a04 a06,0,0,0,0,279,352
4,4 6 15 18,1,a15,0,0,0,0,196,352
4,4 6 15 18,2,a04 a15,0,0,0,0,290,352
4,4 6 15 18,2,a06 a15,0,0,0,0,279,352
4,4 6 15 18,3,a04 a06 a15,0,0,0,0,319,352
4,4 6 15 18,1,a18,0,0,0,0,285,352
4,4 6 15 18,2,a04 a18,0,0,0,0,302,352
4,4 6 15 18,2,a06 a18,0,0,0,0,304,352
4,4 6 15 18,3,a04 a06 a18,0,0,0,0,321,352
4,4 6 15 18,2,a15 a18,0,0,0,0,302,352
4,4 6 15 18,3,a04 a15 a18,0,0,0,0,317,352
4,4 6 15 18,3,a06 a15 a18,0,0,0,0,321,352
4,4 6 15 18,4,a04 a06 a15 a18,0,0,0,0,336,352
4,4 6 15 21,0,,1,1,1,0,0,58
4,4 6 15 21,1,a04,0,0,0,0,19,58
4,4 6 15 21,1,a06,1,1,1,0,19,58
4,4 6 15 21,2,a04 a06,0,0,0,0,38,58
4,4 6 15 21,1,a15,1,1,1,0,7,58
4,4 6 15 21,2,a04 a15,0,0,0,0,26,58
4,4 6 15 21,2,a06 a15,1,1,1,0,26,58
4,4 6 15 21,3,a04 a06 a15,0,0,0,0,45,58
4,4 6 15 21,1,a21,0,0,0,0,31,58
4,4 6 15 21,2,a04 a21,0,0,0,0,38,58
4,4 6 15 21,2,a06 a21,0,0,0,0,38,58
4,4 6 15 21,3,a04 a06 a21,0,0,0,0,45,58
4,4 6 15 21,2,a15 a21,0,0,0,0,38,58
4,4 6 15 21,3,a04 a15 a21,0,0,0,0,45,58
4,4 6 15 21,3,a06 a15 a21,0,0,0,0,45,58
4,4 6 15 21,4,a04 a06 a15 a21,0,0,0,0,52,58
4,4 6 16 21,0,,1,1,1,0,0,116
4,4 6 16 21,1,a04,0,0,0,0,25,116
4,4 6 16 21,1,a06,1,1,1,0,62,116
4,4 6 16 21,2,a04 a06,0,0,0,0,87,116
4,4 6 16 21,1,a16,1,1,1,0,48,116
4,4 6 16 21,2,a04 a16,0,0,0,0,73,116
4,4 6 16 21,2,a06 a16,1,1,1,0,73,116
4,4 6 16 21,3,a04 a06 a16,0,0,0,0,98,116
4,4 6 16 21,1,a21,0,0,0,0,64,116
4,4 6 16 21,2,a04 a21,0,0,0,0,73,116
4,4 6 16 21,2,a06 a21,0,0,0,0,89,116
4,4 6 16 21,3,a04 a06 a21,0,0,0,0,98,116
4,4 6 16 21,2,a16 a21,0,0,0,0,90,116
4,4 6 16 21,3,a04 a16 a21,0,0,0,0,99,116
4,4 6 16 21,3,a06 a16 a21,0,0,0,0,99,116
4,4 6 16 21,4,a04 a06 a16 a21,0,0,0,0,108,116
4,4 6 17 21,0,,1,1,1,0,0,224
4,4 6 17 21,1,a04,0,0,0,0,122,224
4,4 6 17 21,1,a06,1,1,1,0,141,224
4,4 6 17 21,2,a04 a06,0,0,0,0,186,224
4,4 6 17 21,1,a17,1,1,1,0,141,224
4,4 6 17 21,2,a04 a17,0,0,0,0,174,224
4,4 6 17 21,2,a06 a17,1,1,1,0,167,224
4,4 6 17 21,3,a04 a06 a17,0,0,0,0,200,224
4,4 6 17 21,1,a21,0,0,0,0,122,224
4,4 6 17 21,2,a04 a21,0,0,0,0,181,224
4,4 6 17 21,2,a06 a21,0,0,0,0,174,224
4,4 6 17 21,3,a04 a06 a21,0,0,0,0,198,224
4,4 6 17 21,2,a17 a21,0,0,0,0,186,224
4,4 6 17 21,3,a04 a17 a21,0,0,0,0,198,224
4,4 6 17 21,3,a06 a17 a21,0,0,0,0,200,224
4,4 6 17 21,4,a04 a06 a17 a21,0,0,0,0,212,224
4,4 6 18 21,0,,1,1,1,0,0,279
4,4 6 18 21,1,a04,0,0,0,0,160,279
4,4 6 18 21,1,a06,1,1,1,0,177,279
4,4 6 18 21,2,a04 a06,0,0,0,0,236,279
4,4 6 18 21,1,a18,1,1,1,0,187,279
4,4 6 18 21,2,a04 a18,0,0,0,0,223,279
4,4 6 18 21,2,a06 a18,1,1,1,0,216,279
4,4 6 18 21,3,a04 a06 a18,0,0,0,0,252,279
4,4 6 18 21,1,a21,0,0,0,0,145,279
4,4 6 18 21,2,a04 a21,0,0,0,0,227,279
4,4 6 18 21,2,a06 a21,0,0,0,0,213,279
4,4 6 18 21,3,a04 a06 a21,0,0,0,0,249,279
4,4 6 18 21,2,a18 a21,0,0,0,0,236,279
4,4 6 18 21,3,a04 a18 a21,0,0,0,0,249,279
4,4 6 18 21,3,a06 a18 a21,0,0,0,0,252,279
4,4 6 18 21,4,a04 a06 a18 a21,0,0,0,0,265,279
4,4 6 18 24,0,,1,1,1,0,0,472
4,4 6 18 24,1,a04,0,0,0,0,350,472
4,4 6 18 24,1,a06,1,1,1,0,258,472
4,4 6 18 24,2,a04 a06,0,0,0,0,402,472
4,4 6 18 24,1,a18,0,0,0,0,358,472
4,4 6 18 24,2,a04 a18,0,0,0,0,402,472
4,4 6 18 24,2,a06 a18,0,0,0,0,392,472
4,4 6 18 24,3,a04 a06 a18,0,0,0,0,436,472
4,4 6 18 24,1,a24,0,0,0,0,312,472
4,4 6 18 24,2,a04 a24,0,0,0,0,412,472
4,4 6 18 24,2,a06 a24,0,0,0,0,391,472
4,4 6 18 24,3,a04 a06 a24,0,0,0,0,435,472
4,4 6 18 24,2,a18 a24,0,0,0,0,416,472
4,4 6 18 24,3,a04 a18 a24,0,0,0,0,434,472
4,4 6 18 24,3,a06 a18 a24,0,0,0,0,435,472
4,4 6 18 24,4,a04 a06 a18 a24,0,0,0,0,453,472
4,4 6 19 21,0,,1,1,1,0,0,81
4,4 6 19 21,1,a04,0,0,0,0,36,81
4,4 6 19 21,1,a06,1,1,1,0,22,81
4,4 6 19 21,2,a04 a06,0,0,0,0,58,81
4,4 6 19 21,1,a19,1,1,1,0,22,81
4,4 6 19 21,2,a04 a19,0,0,0,0,44,81
4,4 6 19 21,2,a06 a19,1,1,1,0,44,81
4,4 6 19 21,3,a04 a06 a19,0,0,0,0,66,81
4,4 6 19 21,1,a21,0,0,0,0,36,81
4,4 6 19 21,2,a04 a21,0,0,0,0,58,81
4,4 6 19 21,2,a06 a21,0,0,0,0,44,81
4,4 6 19 21,3,a04 a06 a21,0,0,0,0,66,81
4,4 6 19 21,2,a19 a21,0,0,0,0,58,81
4,4 6 19 21,3,a04 a19 a21,0,0,0,0,66,81
4,4 6 19 21,3,a06 a19 a21,0,0,0,0,66,81
4,4 6 19 21,4,a04 a06 a19 a21,0,0,0,0,74,81
4,4 6 20 21,0,,1,1,1,0,0,88
4,4 6 20 21,1,a04,0,0,0,0,36,88
4,4 6 20 21,1,a06,1,1,1,0,29,88
4,4 6 20 21,2,a04 a06,0,0,0,0,65,88
4,4 6 20 21,1,a20,1,1,1,0,36,88
4,4 6 20 21,2,a04 a20,0,0,0,0,58,88
4,4 6 20 21,2,a06 a20,1,1,1,0,51,88
4,4 6 20 21,3,a04 a06 a20,0,0,0,0,73,88
4,4 6 20 21,1,a21,0,0,0,0,36,88
4,4 6 20 21,2,a04 a21,0,0,0,0,58,88
4,4 6 20 21,2,a06 a21,0,0,0,0,51,88
4,4 6 20 21,3,a04 a06 a21,0,0,0,0,73,88
4,4 6 20 21,2,a20 a21,0,0,0,0,65,88
4,4 6 20 21,3,a04 a20 a21,0,0,0,0,73,88
4,4 6 20 21,3,a06 a20 a21,0,0,0,0,73,88
4,4 6 20 21,4,a04 a06 a20 a21,0,0,0,0,81,88
4,4 6 20 22,0,,1,1,1,0,0,472
4,4 6 20 22,1,a04,0,0,0,0,350,472
4,4 6 20 22,1,a06,1,1,1,0,258,472
4,4 6 20 22,2,a04 a06,0,0,0,0,402,472
4,4 6 20 22,1,a20,0,0,0,0,312,472
4,4 6 20 22,2,a04 a20,0,0,0,0,412,472
4,4 6 20 22,2,a06 a20,0,0,0,0,391,472
4,4 6 20 22,3,a04 a06 a20,0,0,0,0,435,472
4,4 6 20 22,1,a22,0,0,0,0,358,472
4,4 6 20 22,2,a04 a22,0,0,0,0,402,472
4,4 6 20 22,2,a06 a22,0,0,0,0,392,472
4,4 6 20 22,3,a04 a06 a22,0,0,0,0,436,472
4,4 6 20 22,2,a20 a22,0,0,0,0,416,472
4,4 6 20 22,3,a04 a20 a22,0,0,0,0,434,472
4,4 6 20 22,3,a06 a20 a22,0,0,0,0,435,472
4,4 6 20 22,4,a04 a06 a20 a22,0,0,0,0,453,472
4,4 6 21 22,0,,1,1,1,0,0,279
4,4 6 21 22,1,a04,0,0,0,0,160,279
4,4 6 21 22,1,a06,1,1,1,0,177,279
4,4 6 21 22,2,a04 a06,0,0,0,0,236,279
4,4 6 21 22,1,a21,0,0,0,0,145,279
4,4 6 21 22,2,a04 a21,0,0,0,0,227,279
4,4 6 21 22,2,a06 a21,0,0,0,0,213,279
4,4 6 21 22,3,a04 a06 a21,0,0,0,0,249,279
4,4 6 21 22,1,a22,1,1,1,0,187,279
4,4 6 21 22,2,a04 a22,0,0,0,0,223,279
4,4 6 21 22,2,a06 a22,1,1,1,0,216,279
4,4 6 21 22,3,a04 a06 a22,0,0,0,0,252,279
4,4 6 21 22,2,a21 a22,0,0,0,0,236,279
4,4 6 21 22,3,a04 a21 a22,0,0,0,0,249,279
4,4 6 21 22,3,a06 a21 a22,0,0,0,0,252,279
4,4 6 21 22,4,a04 a06 a21 a22,0,0,0,0,265,279
4,4 6 21 23,0,,1,1,1,0,0,70
4,4 6 21 23,1,a04,0,0,0,0,31,70
4,4 6 21 23,1,a06,1,1,1,0,25,70
4,4 6 21 23,2,a04 a06,0,0,0,0,50,70
4,4 6 21 23,1,a21,0,0,0,0,31,70
4,4 6 21 23,2,a04 a21,0,0,0,0,44,70
4,4 6 21 23,2,a06 a21,0,0,0,0,44,70
4,4 6 21 23,3,a04 a06 a21,0,0,0,0,57,70
4,4 6 21 23,1,a23,1,1,1,0,25,70
4,4 6 21 23,2,a04 a23,0,0,0,0,44,70
4,4 6 21 23,2,a06 a23,1,1,1,0,38,70
4,4 6 21 23,3,a04 a06 a23,0,0,0,0,57,70
4,4 6 21 23,2,a21 a23,0,0,0,0,50,70
4,4 6 21 23,3,a04 a21 a23,0,0,0,0,57,70
4,4 6 21 23,3,a06 a21 a23,0,0,0,0,57,70
4,4 6 21 23,4,a04 a06 a21 a23,0,0,0,0,64,70
4,4 6 21 24,0,,1,1,1,0,0,88
4,4 6 21 24,1,a04,0,0,0,0,36,88
4,4 6 21 24,1,a06,1,1,1,0,29,88
4,4 6 21 24,2,a04 a06,0,0,0,0,65,88
4,4 6 21 24,1,a21,0,0,0,0,36,88
4,4 6 21 24,2,a04 a21,0,0,0,0,58,88
4,4 6 21 24,2,a06 a21,0,0,0,0,51,88
4,4 6 21 24,3,a04 a06 a21,0,0,0,0,73,88
4,4 6 21 24,1,a24,1,1,1,0,36,88
4,4 6 21 24,2,a04 a24,0,0,0,0,58,88
4,4 6 21 24,2,a06 a24,1,1,1,0,51,88
4,4 6 21 24,3,a04 a06 a24,0,0,0,0,73,88
4,4 6 21 24,2,a21 a24,0,0,0,0,65,88
4,4 6 21 24,3,a04 a21 a24,0,0,0,0,73,88
4,4 6 21 24,3,a06 a21 a24,0,0,0,0,73,88
4,4 6 21 24,4,a04 a06 a21 a24,0,0,0,0,81,88
4,4 6 21 25,0,,1,1,1,0,0,224
4,4 6 21 25,1,a04,0,0,0,0,122,224
4,4 6 21 25,1,a06,1,1,1,0,141,224
4,4 6 21 25,2,a04 a06,0,0,0,0,186,224
4,4 6 21 25,1,a21,0,0,0,0,122,224
4,4 6 21 25,2,a04 a21,0,0,0,0,181,224
4,4 6 21 25,2,a06 a21,0,0,0,0,174,224
4,4 6 21 25,3,a04 a06 a21,0,0,0,0,198,224
4,4 6 21 25,1,a25,1,1,1,0,141,224
4,4 6 21 25,2,a04 a25,0,0,0,0,174,224
4,4 6 21 25,2,a06 a25,1,1,1,0,167,224
4,4 6 21 25,3,a04 a06 a25,0,0,0,0,200,224
4,4 6 21 25,2,a21 a25,0,0,0,0,186,224
4,4 6 21 25,3,a04 a21 a25,0,0,0,0,198,224
4,4 6 21 25,3,a06 a21 a25,0,0,0,0,200,224
4,4 6 21 25,4,a04 a06 a21 a25,0,0,0,0,212,224
4,4 7 8 21,0,,1,1,1,0,0,81
4,4 7 8 21,1,a04,0,0,0,0,22,81
4,4 7 8 21,1,a07,1,1,1,0,22,81
4,4 7 8 21,2,a04 a07,0,0,0,0,44,81
4,4 7 8 21,1,a08,1,1,1,0,22,81
4,4 7 8 21,2,a04 a08,0,0,0,0,44,81
4,4 7 8 21,2,a07 a08,1,1,1,0,44,81
4,4 7 8 21,3,a04 a07 a08,0,0,0,0,66,81
4,4 7 8 21,1,a21,0,0,0,0,50,81
4,4 7 8 21,2,a04 a21,0,0,0,0,58,81
4,4 7 8 21,2,a07 a21,0,0,0,0,58,81
4,4 7 8 21,3,a04 a07 a21,0,0,0,0,66,81
4,4 7 8 21,2,a08 a21,0,0,0,0,58,81
4,4 7 8 21,3,a04 a08 a21,0,0,0,0,66,81
4,4 7 8 21,3,a07 a08 a21,0,0,0,0,66,81
4,4 7 8 21,4,a04 a07 a08 a21,0,0,0,0,74,81
4,4 7 9 21,0,,1,1,1,0,0,116
4,4 7 9 21,1,a04,0,0,0,0,25,116
4,4 7 9 21,1,a07,1,1,1,0,62,116
4,4 7 9 21,2,a04 a07,0,0,0,0,87,116
4,4 7 9 21,1,a09,1,1,1,0,48,116
4,4 7 9 21,2,a04 a09,0,0,0,0,73,116
4,4 7 9 21,2,a07 a09,1,1,1,0,73,116
4,4 7 9 21,3,a04 a07 a09,0,0,0,0,98,116
4,4 7 9 21,1,a21,0,0,0,0,64,116
4,4 7 9 21,2,a04 a21,0,0,0,0,73,116
4,4 7 9 21,2,a07 a21,0,0,0,0,89,116
4,4 7 9 21,3,a04 a07 a21,0,0,0,0,98,116
4,4 7 9 21,2,a09 a21,0,0,0,0,90,116
4,4 7 9 21,3,a04 a09 a21,0,0,0,0,99,116
4,4 7 9 21,3,a07 a09 a21,0,0,0,0,99,116
4,4 7 9 21,4,a04 a07 a09 a21,0,0,0,0,108,116
4,4 7 10 15,0,,1,1,1,0,0,44
4,4 7 10 15,1,a04,1,1,1,0,6,44
4,4 7 10 15,1,a07,1,1,1,0,16,44
4,4 7 10 15,2,a04 a07,1,1,1,0,17,44
4,4 7 10 15,1,a10,0,0,0,0,26,44
4,4 7 10 15,2,a04 a10,0,0,0,0,27,44
4,4 7 10 15,2,a07 a10,0,0,0,0,32,44
4,4 7 10 15,3,a04 a07 a10,0,0,0,0,33,44
4,4 7 10 15,1,a15,0,0,0,0,16,44
4,4 7 10 15,2,a04 a15,0,0,0,0,22,44
4,4 7 10 15,2,a07 a15,0,0,0,0,32,44
4,4 7 10 15,3,a04 a07 a15,0,0,0,0,33,44
4,4 7 10 15,2,a10 a15,0,0,0,0,32,44
4,4 7 10 15,3,a04 a10 a15,0,0,0,0,33,44
4,4 7 10 15,3,a07 a10 a15,0,0,0,0,38,44
4,4 7 10 15,4,a04 a07 a10 a15,0,0,0,0,39,44
4,4 7 10 21,0,,1,1,1,0,0,70
4,4 7 10 21,1,a04,1,0,1,1,19,70
4,4 7 10 21,1,a07,1,1,1,0,46,70
4,4 7 10 21,2,a04 a07,0,0,0,0,49,70
4,4 7 10 21,1,a10,1,1,1,0,36,70
4,4 7 10 21,2,a04 a10,0,0,0,0,38,70
4,4 7 10 21,2,a07 a10,1,1,1,0,55,70
4,4 7 10 21,3,a04 a07 a10,0,0,0,0,57,70
4,4 7 10 21,1,a21,0,0,0,0,36,70
4,4 7 10 21,2,a04 a21,0,0,0,0,43,70
4,4 7 10 21,2,a07 a21,0,0,0,0,55,70
4,4 7 10 21,3,a04 a07 a21,0,0,0,0,56,70
4,4 7 10 21,2,a10 a21,0,0,0,0,56,70
4,4 7 10 21,3,a04 a10 a21,0,0,0,0,57,70
4,4 7 10 21,3,a07 a10 a21,0,0,0,0,63,70
4,4 7 10 21,4,a04 a07 a10 a21,0,0,0,0,64,70
4,4 7 10 24,0,,1,1,1,0,0,109
4,4 7 10 24,1,a04,1,0,1,1,42,109
4,4 7 10 24,1,a07,1,1,1,0,67,109
4,4 7 10 24,2,a04 a07,0,0,0,0,71,109
4,4 7 10 24,1,a10,0,0,0,0,74,109
4,4 7 10 24,2,a04 a10,0,0,0,0,78,109
4,4 7 10 24,2,a07 a10,0,0,0,0,91,109
4,4 7 10 24,3,a04 a07 a10,0,0,0,0,94,109
4,4 7 10 24,1,a24,0,0,0,0,67,109
4,4 7 10 24,2,a04 a24,0,0,0,0,77,109
4,4 7 10 24,2,a07 a24,0,0,0,0,90,109
4,4 7 10 24,3,a04 a07 a24,0,0,0,0,93,109
4,4 7 10 24,2,a10 a24,0,0,0,0,91,109
4,4 7 10 24,3,a04 a10 a24,0,0,0,0,93,109
4,4 7 10 24,3,a07 a10 a24,0,0,0,0,100,109
4,4 7 10 24,4,a04 a07 a10 a24,0,0,0,0,102,109
4,4 7 11 21,0,,1,1,1,0,0,116
4,4 7 11 21,1,a04,0,0,0,0,25,116
4,4 7 11 21,1,a07,1,1,1,0,62,116
4,4 7 11 21,2,a04 a07,0,0,0,0,87,116
4,4 7 11 21,1,a11,1,1,1,0,48,116
4,4 7 11 21,2,a04 a11,0,0,0,0,73,116
4,4 7 11 21,2,a07 a11,1,1,1,0,73,116
4,4 7 11 21,3,a04 a07 a11,0,0,0,0,98,116
4,4 7 11 21,1,a21,0,0,0,0,64,116
4,4 7 11 21,2,a04 a21,0,0,0,0,73,116
4,4 7 11 21,2,a07 a21,0,0,0,0,89,116
4,4 7 11 21,3,a04 a07 a21,0,0,0,0,98,116
4,4 7 11 21,2,a11 a21,0,0,0,0,90,116
4,4 7 11 21,3,a04 a11 a21,0,0,0,0,99,116
4,4 7 11 21,3,a07 a11 a21,0,0,0,0,99,116
4,4 7 11 21,4,a04 a07 a11 a21,0,0,0,0,108,116
4,4 7 12 13,0,,1,1,1,0,0,39
4,4 7 12 13,1,a04,1,1,1,0,6,39
4,4 7 12 13,1,a07,1,1,1,0,6,39
4,4 7 12 13,2,a04 a07,1,1,1,0,12,39
4,4 7 12 13,1,a12,0,0,0,0,16,39
4,4 7 12 13,2,a04 a12,0,0,0,0,22,39
4,4 7 12 13,2,a07 a12,0,0,0,0,22,39
4,4 7 12 13,3,a04 a07 a12,0,0,0,0,28,39
4,4 7 12 13,1,a13,0,0,0,0,16,39
4,4 7 12 13,2,a04 a13,0,0,0,0,22,39
4,4 7 12 13,2,a07 a13,0,0,0,0,22,39
4,4 7 12 13,3,a04 a07 a13,0,0,0,0,28,39
4,4 7 12 13,2,a12 a13,0,0,0,0,22,39
4,4 7 12 13,3,a04 a12 a13,0,0,0,0,28,39
4,4 7 12 13,3,a07 a12 a13,0,0,0,0,28,39
4,4 7 12 13,4,a04 a07 a12 a13,0,0,0,0,34,39
4,4 7 12 21,0,,1,1,1,0,0,58
4,4 7 12 21,1,a04,0,0,0,0,19,58
4,4 7 12 21,1,a07,1,1,1,0,19,58
4,4 7 12 21,2,a04 a07,0,0,0,0,38,58
4,4 7 12 21,1,a12,1,1,1,0,7,58
4,4 7 12 21,2,a04 a12,0,0,0,0,26,58
4,4 7 12 21,2,a07 a12,1,1,1,0,26,58
4,4 7 12 21,3,a04 a07 a12,0,0,0,0,45,58
4,4 7 12 21,1,a21,0,0,0,0,31,58
4,4 7 12 21,2,a04 a21,0,0,0,0,38,58
4,4 7 12 21,2,a07 a21,0,0,0,0,38,58
4,4 7 12 21,3,a04 a07 a21,0,0,0,0,45,58
4,4 7 12 21,2,a12 a21,0,0,0,0,38,58
4,4 7 12 21,3,a04 a12 a21,0,0,0,0,45,58
4,4 7 12 21,3,a07 a12 a21,0,0,0,0,45,58
4,4 7 12 21,4,a04 a07 a12 a21,0,0,0,0,52,58
4,4 7 12 22,0,,1,1,1,0,0,157
4,4 7 12 22,1,a04,0,0,0,0,54,157
4,4 7 12 22,1,a07,1,1,1,0,54,157
4,4 7 12 22,2,a04 a07,0,0,0,0,108,157
4,4 7 12 22,1,a12,0,0,0,0,80,157
4,4 7 12 22,2,a04 a12,0,0,0,0,109,157
4,4 7 12 22,2,a07 a12,0,0,0,0,109,157
4,4 7 12 22,3,a04 a07 a12,0,0,0,0,138,157
4,4 7 12 22,1,a22,0,0,0,0,112,157
4,4 7 12 22,2,a04 a22,0,0,0,0,124,157
4,4 7 12 22,2,a07 a22,0,0,0,0,124,157
4,4 7 12 22,3,a04 a07 a22,0,0,0,0,136,157
4,4 7 12 22,2,a12 a22,0,0,0,0,126,157
4,4 7 12 22,3,a04 a12 a22,0,0,0,0,137,157
4,4 7 12 22,3,a07 a12 a22,0,0,0,0,137,157
4,4 7 12 22,4,a04 a07 a12 a22,0,0,0,0,148,157
4,4 7 13 20,0,,1,1,1,0,0,157
4,4 7 13 20,1,a04,0,0,0,0,54,157
4,4 7 13 20,1,a07,1,1,1,0,54,157
4,4 7 13 20,2,a04 a07,0,0,0,0,108,157
4,4 7 13 20,1,a13,0,0,0,0,80,157
4,4 7 13 20,2,a04 a13,0,0,0,0,109,157
4,4 7 13 20,2,a07 a13,0,0,0,0,109,157
4,4 7 13 20,3,a04 a07 a13,0,0,0,0,138,157
4,4 7 13 20,1,a20,0,0,0,0,112,157
4,4 7 13 20,2,a04 a20,0,0,0,0,124,157
4,4 7 13 20,2,a07 a20,0,0,0,0,124,157
4,4 7 13 20,3,a04 a07 a20,0,0,0,0,136,157
4,4 7 13 20,2,a13 a20,0,0,0,0,126,157
4,4 7 13 20,3,a04 a13 a20,0,0,0,0,137,157
4,4 7 13 20,3,a07 a13 a20,0,0,0,0,137,157
4,4 7 13 20,4,a04 a07 a13 a20,0,0,0,0,148,157
4,4 7 13 21,0,,1,1,1,0,0,58
4,4 7 13 21,1,a04,0,0,0,0,19,58
4,4 7 13 21,1,a07,1,1,1,0,19,58
4,4 7 13 21,2,a04 a07,0,0,0,0,38,58
4,4 7 13 21,1,a13,1,1,1,0,7,58
4,4 7 13 21,2,a04 a13,0,0,0,0,26,58
4,4 7 13 21,2,a07 a13,1,1,1,0,26,58
4,4 7 13 21,3,a04 a07 a13,0,0,0,0,45,58
4,4 7 13 21,1,a21,0,0,0,0,31,58
4,4 7 13 21,2,a04 a21,0,0,0,0,38,58
4,4 7 13 21,2,a07 a21,0,0,0,0,38,58
4,4 7 13 21,3,a04 a07 a21,0,0,0,0,45,58
4,4 7 13 21,2,a13 a21,0,0,0,0,38,58
4,4 7 13 21,3,a04 a13 a21,0,0,0,0,45,58
4,4 7 13 21,3,a07 a13 a21,0,0,0,0,45,58
4,4 7 13 21,4,a04 a07 a13 a21,0,0,0,0,52,58
4,4 7 14 21,0,,1,1,1,0,0,58
4,4 7 14 21,1,a04,0,0,0,0,19,58
4,4 7 14 21,1,a07,1,1,1,0,19,58
4,4 7 14 21,2,a04 a07,0,0,0,0,38,58
4,4 7 14 21,1,a14,1,1,1,0,7,58
4,4 7 14 21,2,a04 a14,0,0,0,0,26,58
4,4 7 14 21,2,a07 a14,1,1,1,0,26,58
4,4 7 14 21,3,a04 a07 a14,0,0,0,0,45,58
4,4 7 14 21,1,a21,0,0,0,0,31,58
4,4 7 14 21,2,a04 a21,0,0,0,0,38,58
4,4 7 14 21,2,a07 a21,0,0,0,0,38,58
4,4 7 14 21,3,a04 a07 a21,0,0,0,0,45,58
4,4 7 14 21,2,a14 a21,0,0,0,0,38,58
4,4 7 14 21,3,a04 a14 a21,0,0,0,0,45,58
4,4 7 14 21,3,a07 a14 a21,0,0,0,0,45,58
4,4 7 14 21,4,a04 a07 a14 a21,0,0,0,0,52,58
4,4 7 15 18,0,,1,1,1,0,0,102
4,4 7 15 18,1,a04,0,0,0,0,48,102
4,4 7 15 18,1,a07,1,1,1,0,78,102
4,4 7 15 18,2,a04 a07,0,0,0,0,83,102
4,4 7 15 18,1,a15,0,0,0,0,48,102
4,4 7 15 18,2,a04 a15,0,0,0,0,77,102
4,4 7 15 18,2,a07 a15,0,0,0,0,83,102
4,4 7 15 18,3,a04 a07 a15,0,0,0,0,87,102
4,4 7 15 18,1,a18,0,0,0,0,78,102
4,4 7 15 18,2,a04 a18,0,0,0,0,82,102
4,4 7 15 18,2,a07 a18,0,0,0,0,90,102
4,4 7 15 18,3,a04 a07 a18,0,0,0,0,93,102
4,4 7 15 18,2,a15 a18,0,0,0,0,82,102
4,4 7 15 18,3,a04 a15 a18,0,0,0,0,85,102
4,4 7 15 18,3,a07 a15 a18,0,0,0,0,93,102
4,4 7 15 18,4,a04 a07 a15 a18,0,0,0,0,95,102
4,4 7 15 21,0,,1,1,1,0,0,44
4,4 7 15 21,1,a04,0,0,0,0,16,44
4,4 7 15 21,1,a07,1,1,1,0,16,44
4,4 7 15 21,2,a04 a07,0,0,0,0,32,44
4,4 7 15 21,1,a15,1,1,1,0,6,44
4,4 7 15 21,2,a04 a15,0,0,0,0,22,44
4,4 7 15 21,2,a07 a15,1,1,1,0,17,44
4,4 7 15 21,3,a04 a07 a15,0,0,0,0,33,44
4,4 7 15 21,1,a21,0,0,0,0,26,44
4,4 7 15 21,2,a04 a21,0,0,0,0,32,44
4,4 7 15 21,2,a07 a21,0,0,0,0,32,44
4,4 7 15 21,3,a04 a07 a21,0,0,0,0,38,44
4,4 7 15 21,2,a15 a21,0,0,0,0,27,44
4,4 7 15 21,3,a04 a15 a21,0,0,0,0,33,44
4,4 7 15 21,3,a07 a15 a21,0,0,0,0,33,44
4,4 7 15 21,4,a04 a07 a15 a21,0,0,0,0,39,44
4,4 7 16 21,0,,1,1,1,0,0,58
4,4 7 16 21,1,a04,0,0,0,0,19,58
4,4 7 16 21,1,a07,1,1,1,0,19,58
4,4 7 16 21,2,a04 a07,0,0,0,0,38,58
4,4 7 16 21,1,a16,1,1,1,0,7,58
4,4 7 16 21,2,a04 a16,0,0,0,0,26,58
4,4 7 16 21,2,a07 a16,1,1,1,0,26,58
4,4 7 16 21,3,a04 a07 a16,0,0,0,0,45,58
4,4 7 16 21,1,a21,0,0,0,0,31,58
4,4 7 16 21,2,a04 a21,0,0,0,0,38,58
4,4 7 16 21,2,a07 a21,0,0,0,0,38,58
4,4 7 16 21,3,a04 a07 a21,0,0,0,0,45,58
4,4 7 16 21,2,a16 a21,0,0,0,0,38,58
4,4 7 16 21,3,a04 a16 a21,0,0,0,0,45,58
4,4 7 16 21,3,a07 a16 a21,0,0,0,0,45,58
4,4 7 16 21,4,a04 a07 a16 a21,0,0,0,0,52,58
4,4 7 17 21,0,,1,1,1,0,0,279
4,4 7 17 21,1,a04,0,0,0,0,145,279
4,4 7 17 21,1,a07,1,1,1,0,187,279
4,4 7 17 21,2,a04 a07,0,0,0,0,236,279
4,4 7 17 21,1,a17,1,1,1,0,177,279
4,4 7 17 21,2,a04 a17,0,0,0,0,213,279
4,4 7 17 21,2,a07 a17,1,1,1,0,216,279
4,4 7 17 21,3,a04 a07 a17,0,0,0,0,252,279
4,4 7 17 21,1,a21,0,0,0,0,160,279
4,4 7 17 21,2,a04 a21,0,0,0,0,227,279
4,4 7 17 21,2,a07 a21,0,0,0,0,223,279
4,4 7 17 21,3,a04 a07 a21,0,0,0,0,249,279
4,4 7 17 21,2,a17 a21,0,0,0,0,236,279
4,4 7 17 21,3,a04 a17 a21,0,0,0,0,249,279
4,4 7 17 21,3,a07 a17 a21,0,0,0,0,252,279
4,4 7 17 21,4,a04 a07 a17 a21,0,0,0,0,265,279
4,4 7 18 21,0,,1,1,1,0,0,102
4,4 7 18 21,1,a04,0,0,0,0,48,102
4,4 7 18 21,1,a07,1,1,1,0,78,102
4,4 7 18 21,2,a04 a07,0,0,0,0,83,102
4,4 7 18 21,1,a18,1,1,1,0,78,102
4,4 7 18 21,2,a04 a18,0,0,0,0,82,102
4,4 7 18 21,2,a07 a18,1,1,1,0,90,102
4,4 7 18 21,3,a04 a07 a18,0,0,0,0,93,102
4,4 7 18 21,1,a21,0,0,0,0,48,102
4,4 7 18 21,2,a04 a21,0,0,0,0,76,102
4,4 7 18 21,2,a07 a21,0,0,0,0,82,102
4,4 7 18 21,3,a04 a07 a21,0,0,0,0,85,102
4,4 7 18 21,2,a18 a21,0,0,0,0,83,102
4,4 7 18 21,3,a04 a18 a21,0,0,0,0,85,102
4,4 7 18 21,3,a07 a18 a21,0,0,0,0,93,102
4,4 7 18 21,4,a04 a07 a18 a21,0,0,0,0,94,102
4,4 7 18 24,0,,1,1,1,0,0,156
4,4 7 18 24,1,a04,0,0,0,0,98,156
4,4 7 18 24,1,a07,1,1,1,0,111,156
4,4 7 18 24,2,a04 a07,0,0,0,0,118,156
4,4 7 18 24,1,a18,0,0,0,0,111,156
4,4 7 18 24,2,a04 a18,0,0,0,0,118,156
4,4 7 18 24,2,a07 a18,0,0,0,0,133,156
4,4 7 18 24,3,a04 a07 a18,0,0,0,0,137,156
4,4 7 18 24,1,a24,0,0,0,0,92,156
4,4 7 18 24,2,a04 a24,0,0,0,0,126,156
4,4 7 18 24,2,a07 a24,0,0,0,0,132,156
4,4 7 18 24,3,a04 a07 a24,0,0,0,0,137,156
4,4 7 18 24,2,a18 a24,0,0,0,0,132,156
4,4 7 18 24,3,a04 a18 a24,0,0,0,0,136,156
4,4 7 18 24,3,a07 a18 a24,0,0,0,0,144,156
4,4 7 18 24,4,a04 a07 a18 a24,0,0,0,0,147,156
4,4 7 19 21,0,,1,1,1,0,0,279
4,4 7 19 21,1,a04,0,0,0,0,145,279
4,4 7 19 21,1,a07,1,1,1,0,187,279
4,4 7 19 21,2,a04 a07,0,0,0,0,236,279
4,4 7 19 21,1,a19,1,1,1,0,177,279
4,4 7 19 21,2,a04 a19,0,0,0,0,213,279
4,4 7 19 21,2,a07 a19,1,1,1,0,216,279
4,4 7 19 21,3,a04 a07 a19,0,0,0,0,252,279
4,4 7 19 21,1,a21,0,0,0,0,160,279
4,4 7 19 21,2,a04 a21,0,0,0,0,227,279
4,4 7 19 21,2,a07 a21,0,0,0,0,223,279
4,4 7 19 21,3,a04 a07 a21,0,0,0,0,249,279
4,4 7 19 21,2,a19 a21,0,0,0,0,236,279
4,4 7 19 21,3,a04 a19 a21,0,0,0,0,249,279
4,4 7 19 21,3,a07 a19 a21,0,0,0,0,252,279
4,4 7 19 21,4,a04 a07 a19 a21,0,0,0,0,265,279
4,4 7 20 21,0,,1,1,1,0,0,108
4,4 7 20 21,1,a04,0,0,0,0,41,108
4,4 7 20 21,1,a07,1,1,1,0,41,108
4,4 7 20 21,2,a04 a07,0,0,0,0,82,108
4,4 7 20 21,1,a20,1,1,1,0,41,108
4,4 7 20 21,2,a04 a20,0,0,0,0,66,108
4,4 7 20 21,2,a07 a20,1,1,1,0,66,108
4,4 7 20 21,3,a04 a07 a20,0,0,0,0,91,108
4,4 7 20 21,1,a21,0,0,0,0,41,108
4,4 7 20 21,2,a04 a21,0,0,0,0,66,108
4,4 7 20 21,2,a07 a21,0,0,0,0,66,108
4,4 7 20 21,3,a04 a07 a21,0,0,0,0,91,108
4,4 7 20 21,2,a20 a21,0,0,0,0,82,108
4,4 7 20 21,3,a04 a20 a21,0,0,0,0,91,108
4,4 7 20 21,3,a07 a20 a21,0,0,0,0,91,108
4,4 7 20 21,4,a04 a07 a20 a21,0,0,0,0,100,108
4,4 7 20 22,0,,1,1,1,0,0,364
4,4 7 20 22,1,a04,0,0,0,0,185,364
4,4 7 20 22,1,a07,1,1,1,0,173,364
4,4 7 20 22,2,a04 a07,0,0,0,0,304,364
4,4 7 20 22,1,a20,0,0,0,0,253,364
4,4 7 20 22,2,a04 a20,0,0,0,0,294,364
4,4 7 20 22,2,a07 a20,0,0,0,0,293,364
4,4 7 20 22,3,a04 a07 a20,0,0,0,0,333,364
4,4 7 20 22,1,a22,0,0,0,0,253,364
4,4 7 20 22,2,a04 a22,0,0,0,0,294,364
4,4 7 20 22,2,a07 a22,0,0,0,0,293,364
4,4 7 20 22,3,a04 a07 a22,0,0,0,0,333,364
4,4 7 20 22,2,a20 a22,0,0,0,0,316,364
4,4 7 20 22,3,a04 a20 a22,0,0,0,0,333,364
4,4 7 20 22,3,a07 a20 a22,0,0,0,0,332,364
4,4 7 20 22,4,a04 a07 a20 a22,0,0,0,0,348,364
4,4 7 21 22,0,,1,1,1,0,0,108
4,4 7 21 22,1,a04,0,0,0,0,41,108
4,4 7 21 22,1,a07,1,1,1,0,41,108
4,4 7 21 22,2,a04 a07,0,0,0,0,82,108
4,4 7 21 22,1,a21,0,0,0,0,41,108
4,4 7 21 22,2,a04 a21,0,0,0,0,66,108
4,4 7 21 22,2,a07 a21,0,0,0,0,66,108
4,4 7 21 22,3,a04 a07 a21,0,0,0,0,91,108
4,4 7 21 22,1,a22,1,1,1,0,41,108
4,4 7 21 22,2,a04 a22,0,0,0,0,66,108
4,4 7 21 22,2,a07 a22,1,1,1,0,66,108
4,4 7 21 22,3,a04 a07 a22,0,0,0,0,91,108
4,4 7 21 22,2,a21 a22,0,0,0,0,82,108
4,4 7 21 22,3,a04 a21 a22,0,0,0,0,91,108
4,4 7 21 22,3,a07 a21 a22,0,0,0,0,91,108
4,4 7 21 22,4,a04 a07 a21 a22,0,0,0,0,100,108
4,4 7 21 23,0,,1,1,1,0,0,88
4,4 7 21 23,1,a04,0,0,0,0,36,88
4,4 7 21 23,1,a07,1,1,1,0,36,88
4,4 7 21 23,2,a04 a07,0,0,0,0,65,88
4,4 7 21 23,1,a21,0,0,0,0,36,88
4,4 7 21 23,2,a04 a21,0,0,0,0,58,88
4,4 7 21 23,2,a07 a21,0,0,0,0,58,88
4,4 7 21 23,3,a04 a07 a21,0,0,0,0,73,88
4,4 7 21 23,1,a23,1,1,1,0,29,88
4,4 7 21 23,2,a04 a23,0,0,0,0,51,88
4,4 7 21 23,2,a07 a23,1,1,1,0,51,88
4,4 7 21 23,3,a04 a07 a23,0,0,0,0,73,88
4,4 7 21 23,2,a21 a23,0,0,0,0,65,88
4,4 7 21 23,3,a04 a21 a23,0,0,0,0,73,88
4,4 7 21 23,3,a07 a21 a23,0,0,0,0,73,88
4,4 7 21 23,4,a04 a07 a21 a23,0,0,0,0,81,88
4,4 7 21 24,0,,1,1,1,0,0,70
4,4 7 21 24,1,a04,0,0,0,0,31,70
4,4 7 21 24,1,a07,1,1,1,0,25,70
4,4 7 21 24,2,a04 a07,0,0,0,0,50,70
4,4 7 21 24,1,a21,0,0,0,0,31,70
4,4 7 21 24,2,a04 a21,0,0,0,0,44,70
4,4 7 21 24,2,a07 a21,0,0,0,0,44,70
4,4 7 21 24,3,a04 a07 a21,0,0,0,0,57,70
4,4 7 21 24,1,a24,1,1,1,0,25,70
4,4 7 21 24,2,a04 a24,0,0,0,0,44,70
4,4 7 21 24,2,a07 a24,1,1,1,0,38,70
4,4 7 21 24,3,a04 a07 a24,0,0,0,0,57,70
4,4 7 21 24,2,a21 a24,0,0,0,0,50,70
4,4 7 21 24,3,a04 a21 a24,0,0,0,0,57,70
4,4 7 21 24,3,a07 a21 a24,0,0,0,0,57,70
4,4 7 21 24,4,a04 a07 a21 a24,0,0,0,0,64,70
4,4 7 21 25,0,,1,1,1,0,0,88
4,4 7 21 25,1,a04,0,0,0,0,36,88
4,4 7 21 25,1,a07,1,1,1,0,36,88
4,4 7 21 25,2,a04 a07,0,0,0,0,65,88
4,4 7 21 25,1,a21,0,0,0,0,36,88
4,4 7 21 25,2,a04 a21,0,0,0,0,58,88
4,4 7 21 25,2,a07 a21,0,0,0,0,58,88
4,4 7 21 25,3,a04 a07 a21,0,0,0,0,73,88
4,4 7 21 25,1,a25,1,1,1,0,29,88
4,4 7 21 25,2,a04 a25,0,0,0,0,51,88
4,4 7 21 25,2,a07 a25,1,1,1,0,51,88
4,4 7 21 25,3,a04 a07 a25,0,0,0,0,73,88
4,4 7 21 25,2,a21 a25,0,0,0,0,65,88
4,4 7 21 25,3,a04 a21 a25,0,0,0,0,73,88
4,4 7 21 25,3,a07 a21 a25,0,0,0,0,73,88
4,4 7 21 25,4,a04 a07 a21 a25,0,0,0,0,81,88
4,4 8 9 21,0,,1,1,1,0,0,58
4,4 8 9 21,1,a04,0,0,0,0,19,58
4,4 8 9 21,1,a08,1,1,1,0,19,58
4,4 8 9 21,2,a04 a08,0,0,0,0,38,58
4,4 8 9 21,1,a09,1,1,1,0,7,58
4,4 8 9 21,2,a04 a09,0,0,0,0,26,58
4,4 8 9 21,2,a08 a09,1,1,1,0,26,58
4,4 8 9 21,3,a04 a08 a09,0,0,0,0,45,58
4,4 8 9 21,1,a21,0,0,0,0,31,58
4,4 8 9 21,2,a04 a21,0,0,0,0,38,58
4,4 8 9 21,2,a08 a21,0,0,0,0,38,58
4,4 8 9 21,3,a04 a08 a21,0,0,0,0,45,58
4,4 8 9 21,2,a09 a21,0,0,0,0,38,58
4,4 8 9 21,3,a04 a09 a21,0,0,0,0,45,58
4,4 8 9 21,3,a08 a09 a21,0,0,0,0,45,58
4,4 8 9 21,4,a04 a08 a09 a21,0,0,0,0,52,58
4,4 8 10 15,0,,1,1,1,0,0,58
4,4 8 10 15,1,a04,1,1,1,0,7,58
4,4 8 10 15,1,a08,1,1,1,0,19,58
4,4 8 10 15,2,a04 a08,1,1,1,0,26,58
4,4 8 10 15,1,a10,0,0,0,0,31,58
4,4 8 10 15,2,a04 a10,0,0,0,0,38,58
4,4 8 10 15,2,a08 a10,0,0,0,0,38,58
4,4 8 10 15,3,a04 a08 a10,0,0,0,0,45,58
4,4 8 10 15,1,a15,0,0,0,0,19,58
4,4 8 10 15,2,a04 a15,0,0,0,0,26,58
4,4 8 10 15,2,a08 a15,0,0,0,0,38,58
4,4 8 10 15,3,a04 a08 a15,0,0,0,0,45,58
4,4 8 10 15,2,a10 a15,0,0,0,0,38,58
4,4 8 10 15,3,a04 a10 a15,0,0,0,0,45,58
4,4 8 10 15,3,a08 a10 a15,0,0,0,0,45,58
4,4 8 10 15,4,a04 a08 a10 a15,0,0,0,0,52,58
4,4 8 10 21,0,,1,1,1,0,0,116
4,4 8 10 21,1,a04,0,0,0,0,25,116
4,4 8 10 21,1,a08,1,1,1,0,62,116
4,4 8 10 21,2,a04 a08,0,0,0,0,87,116
4,4 8 10 21,1,a10,1,1,1,0,48,116
4,4 8 10 21,2,a04 a10,0,0,0,0,73,116
4,4 8 10 21,2,a08 a10,1,1,1,0,73,116
4,4 8 10 21,3,a04 a08 a10,0,0,0,0,98,116
4,4 8 10 21,1,a21,0,0,0,0,64,116
4,4 8 10 21,2,a04 a21,0,0,0,0,73,116
4,4 8 10 21,2,a08 a21,0,0,0,0,89,116
4,4 8 10 21,3,a04 a08 a21,0,0,0,0,98,116
4,4 8 10 21,2,a10 a21,0,0,0,0,90,116
4,4 8 10 21,3,a04 a10 a21,0,0,0,0,99,116
4,4 8 10 21,3,a08 a10 a21,0,0,0,0,99,116
4,4 8 10 21,4,a04 a08 a10 a21,0,0,0,0,108,116
4,4 8 10 24,0,,1,1,1,0,0,214
4,4 8 10 24,1,a04,0,0,0,0,60,214
4,4 8 10 24,1,a08,1,1,1,0,97,214
4,4 8 10 24,2,a04 a08,0,0,0,0,157,214
4,4 8 10 24,1,a10,0,0,0,0,136,214
4,4 8 10 24,2,a04 a10,0,0,0,0,168,214
4,4 8 10 24,2,a08 a10,0,0,0,0,159,214
4,4 8 10 24,3,a04 a08 a10,0,0,0,0,191,214
4,4 8 10 24,1,a24,0,0,0,0,144,214
4,4 8 10 24,2,a04 a24,0,0,0,0,157,214
4,4 8 10 24,2,a08 a24,0,0,0,0,176,214
4,4 8 10 24,3,a04 a08 a24,0,0,0,0,189,214
4,4 8 10 24,2,a10 a24,0,0,0,0,179,214
4,4 8 10 24,3,a04 a10 a24,0,0,0,0,191,214
4,4 8 10 24,3,a08 a10 a24,0,0,0,0,191,214
4,4 8 10 24,4,a04 a08 a10 a24,0,0,0,0,203,214
4,4 8 11 21,0,,1,1,1,0,0,116
4,4 8 11 21,1,a04,0,0,0,0,25,116
4,4 8 11 21,1,a08,1,1,1,0,62,116
4,4 8 11 21,2,a04 a08,0,0,0,0,87,116
4,4 8 11 21,1,a11,1,1,1,0,48,116
4,4 8 11 21,2,a04 a11,0,0,0,0,73,116
4,4 8 11 21,2,a08 a11,1,1,1,0,73,116
4,4 8 11 21,3,a04 a08 a11,0,0,0,0,98,116
4,4 8 11 21,1,a21,0,0,0,0,64,116
4,4 8 11 21,2,a04 a21,0,0,0,0,73,116
4,4 8 11 21,2,a08 a21,0,0,0,0,89,116
4,4 8 11 21,3,a04 a08 a21,0,0,0,0,98,116
4,4 8 11 21,2,a11 a21,0,0,0,0,90,116
4,4 8 11 21,3,a04 a11 a21,0,0,0,0,99,116
4,4 8 11 21,3,a08 a11 a21,0,0,0,0,99,116
4,4 8 11 21,4,a04 a08 a11 a21,0,0,0,0,108,116
4,4 8 12 13,0,,1,1,1,0,0,58
4,4 8 12 13,1,a04,1,1,1,0,7,58
4,4 8 12 13,1,a08,1,1,1,0,19,58
4,4 8 12 13,2,a04 a08,1,1,1,0,26,58
4,4 8 12 13,1,a12,0,0,0,0,31,58
4,4 8 12 13,2,a04 a12,0,0,0,0,38,58
4,4 8 12 13,2,a08 a12,0,0,0,0,38,58
4,4 8 12 13,3,a04 a08 a12,0,0,0,0,45,58
4,4 8 12 13,1,a13,0,0,0,0,19,58
4,4 8 12 13,2,a04 a13,0,0,0,0,26,58
4,4 8 12 13,2,a08 a13,0,0,0,0,38,58
4,4 8 12 13,3,a04 a08 a13,0,0,0,0,45,58
4,4 8 12 13,2,a12 a13,0,0,0,0,38,58
4,4 8 12 13,3,a04 a12 a13,0,0,0,0,45,58
4,4 8 12 13,3,a08 a12 a13,0,0,0,0,45,58
4,4 8 12 13,4,a04 a08 a12 a13,0,0,0,0,52,58
4,4 8 12 21,0,,1,1,1,0,0,116
4,4 8 12 21,1,a04,0,0,0,0,25,116
4,4 8 12 21,1,a08,1,1,1,0,62,116
4,4 8 12 21,2,a04 a08,0,0,0,0,87,116
4,4 8 12 21,1,a12,1,1,1,0,48,116
4,4 8 12 21,2,a04 a12,0,0,0,0,73,116
4,4 8 12 21,2,a08 a12,1,1,1,0,73,116
4,4 8 12 21,3,a04 a08 a12,0,0,0,0,98,116
4,4 8 12 21,1,a21,0,0,0,0,64,116
4,4 8 12 21,2,a04 a21,0,0,0,0,73,116
4,4 8 12 21,2,a08 a21,0,0,0,0,89,116
4,4 8 12 21,3,a04 a08 a21,0,0,0,0,98,116
4,4 8 12 21,2,a12 a21,0,0,0,0,90,116
4,4 8 12 21,3,a04 a12 a21,0,0,0,0,99,116
4,4 8 12 21,3,a08 a12 a21,0,0,0,0,99,116
4,4 8 12 21,4,a04 a08 a12 a21,0,0,0,0,108,116
4,4 8 12 22,0,,1,1,1,0,0,214
4,4 8 12 22,1,a04,0,0,0,0,60,214
4,4 8 12 22,1,a08,1,1,1,0,97,214
4,4 8 12 22,2,a04 a08,0,0,0,0,157,214
4,4 8 12 22,1,a12,0,0,0,0,136,214
4,4 8 12 22,2,a04 a12,0,0,0,0,168,214
4,4 8 12 22,2,a08 a12,0,0,0,0,159,214
4,4 8 12 22,3,a04 a08 a12,0,0,0,0,191,214
4,4 8 12 22,1,a22,0,0,0,0,144,214
4,4 8 12 22,2,a04 a22,0,0,0,0,157,214
4,4 8 12 22,2,a08 a22,0,0,0,0,176,214
4,4 8 12 22,3,a04 a08 a22,0,0,0,0,189,214
4,4 8 12 22,2,a12 a22,0,0,0,0,179,214
4,4 8 12 22,3,a04 a12 a22,0,0,0,0,191,214
4,4 8 12 22,3,a08 a12 a22,0,0,0,0,191,214
4,4 8 12 22,4,a04 a08 a12 a22,0,0,0,0,203,214
4,4 8 13 20,0,,1,1,1,0,0,352
4,4 8 13 20,1,a04,0,0,0,0,196,352
4,4 8 13 20,1,a08,1,1,1,0,204,352
4,4 8 13 20,2,a04 a08,0,0,0,0,279,352
4,4 8 13 20,1,a13,0,0,0,0,196,352
4,4 8 13 20,2,a04 a13,0,0,0,0,290,352
4,4 8 13 20,2,a08 a13,0,0,0,0,279,352
4,4 8 13 20,3,a04 a08 a13,0,0,0,0,319,352
4,4 8 13 20,1,a20,0,0,0,0,285,352
4,4 8 13 20,2,a04 a20,0,0,0,0,302,352
4,4 8 13 20,2,a08 a20,0,0,0,0,304,352
4,4 8 13 20,3,a04 a08 a20,0,0,0,0,321,352
4,4 8 13 20,2,a13 a20,0,0,0,0,302,352
4,4 8 13 20,3,a04 a13 a20,0,0,0,0,317,352
4,4 8 13 20,3,a08 a13 a20,0,0,0,0,321,352
4,4 8 13 20,4,a04 a08 a13 a20,0,0,0,0,336,352
4,4 8 13 21,0,,1,1,1,0,0,58
4,4 8 13 21,1,a04,0,0,0,0,19,58
4,4 8 13 21,1,a08,1,1,1,0,19,58
4,4 8 13 21,2,a04 a08,0,0,0,0,38,58
4,4 8 13 21,1,a13,1,1,1,0,7,58
4,4 8 13 21,2,a04 a13,0,0,0,0,26,58
4,4 8 13 21,2,a08 a13,1,1,1,0,26,58
4,4 8 13 21,3,a04 a08 a13,0,0,0,0,45,58
4,4 8 13 21,1,a21,0,0,0,0,31,58
4,4 8 13 21,2,a04 a21,0,0,0,0,38,58
4,4 8 13 21,2,a08 a21,0,0,0,0,38,58
4,4 8 13 21,3,a04 a08 a21,0,0,0,0,45,58
4,4 8 13 21,2,a13 a21,0,0,0,0,38,58
4,4 8 13 21,3,a04 a13 a21,0,0,0,0,45,58
4,4 8 13 21,3,a08 a13 a21,0,0,0,0,45,58
4,4 8 13 21,4,a04 a08 a13 a21,0,0,0,0,52,58
4,4 8 14 21,0,,1,1,1,0,0,116
4,4 8 14 21,1,a04,0,0,0,0,25,116
4,4 8 14 21,1,a08,1,1,1,0,62,116
4,4 8 14 21,2,a04 a08,0,0,0,0,87,116
4,4 8 14 21,1,a14,1,1,1,0,48,116
4,4 8 14 21,2,a04 a14,0,0,0,0,73,116
4,4 8 14 21,2,a08 a14,1,1,1,0,73,116
4,4 8 14 21,3,a04 a08 a14,0,0,0,0,98,116
4,4 8 14 21,1,a21,0,0,0,0,64,116
4,4 8 14 21,2,a04 a21,0,0,0,0,73,116
4,4 8 14 21,2,a08 a21,0,0,0,0,89,116
4,4 8 14 21,3,a04 a08 a21,0,0,0,0,98,116
4,4 8 14 21,2,a14 a21,0,0,0,0,90,116
4,4 8 14 21,3,a04 a14 a21,0,0,0,0,99,116
4,4 8 14 21,3,a08 a14 a21,0,0,0,0,99,116
4,4 8 14 21,4,a04 a08 a14 a21,0,0,0,0,108,116
4,4 8 15 18,0,,1,1,1,0,0,352
4,4 8 15 18,1,a04,0,0,0,0,196,352
4,4 8 15 18,1,a08,1,1,1,0,204,352
4,4 8 15 18,2,a04 a08,0,0,0,0,279,352
4,4 8 15 18,1,a15,0,0,0,0,196,352
4,4 8 15 18,2,a04 a15,0,0,0,0,290,352
4,4 8 15 18,2,a08 a15,0,0,0,0,279,352
4,4 8 15 18,3,a04 a08 a15,0,0,0,0,319,352
4,4 8 15 18,1,a18,0,0,0,0,285,352
4,4 8 15 18,2,a04 a18,0,0,0,0,302,352
4,4 8 15 18,2,a08 a18,0,0,0,0,304,352
4,4 8 15 18,3,a04 a08 a18,0,0,0,0,321,352
4,4 8 15 18,2,a15 a18,0,0,0,0,302,352
4,4 8 15 18,3,a04 a15 a18,0,0,0,0,317,352
4,4 8 15 18,3,a08 a15 a18,0,0,0,0,321,352
4,4 8 15 18,4,a04 a08 a15 a18,0,0,0,0,336,352
4,4 8 15 21,0,,1,1,1,0,0,58
4,4 8 15 21,1,a04,0,0,0,0,19,58
4,4 8 15 21,1,a08,1,1,1,0,19,58
4,4 8 15 21,2,a04 a08,0,0,0,0,38,58
4,4 8 15 21,1,a15,1,1,1,0,7,58
4,4 8 15 21,2,a04 a15,0,0,0,0,26,58
4,4 8 15 21,2,a08 a15,1,1,1,0,26,58
4,4 8 15 21,3,a04 a08 a15,0,0,0,0,45,58
4,4 8 15 21,1,a21,0,0,0,0,31,58
4,4 8 15 21,2,a04 a21,0,0,0,0,38,58
4,4 8 15 21,2,a08 a21,0,0,0,0,38,58
4,4 8 15 21,3,a04 a08 a21,0,0,0,0,45,58
4,4 8 15 21,2,a15 a21,0,0,0,0,38,58
4,4 8 15 21,3,a04 a15 a21,0,0,0,0,45,58
4,4 8 15 21,3,a08 a15 a21,0,0,0,0,45,58
4,4 8 15 21,4,a04 a08 a15 a21,0,0,0,0,52,58
4,4 8 16 21,0,,1,1,1,0,0,44
4,4 8 16 21,1,a04,0,0,0,0,16,44
4,4 8 16 21,1,a08,1,1,1,0,16,44
4,4 8 16 21,2,a04 a08,0,0,0,0,32,44
4,4 8 16 21,1,a16,1,1,1,0,6,44
4,4 8 16 21,2,a04 a16,0,0,0,0,22,44
4,4 8 16 21,2,a08 a16,1,1,1,0,17,44
4,4 8 16 21,3,a04 a08 a16,0,0,0,0,33,44
4,4 8 16 21,1,a21,0,0,0,0,26,44
4,4 8 16 21,2,a04 a21,0,0,0,0,32,44
4,4 8 16 21,2,a08 a21,0,0,0,0,32,44
4,4 8 16 21,3,a04 a08 a21,0,0,0,0,38,44
4,4 8 16 21,2,a16 a21,0,0,0,0,27,44
4,4 8 16 21,3,a04 a16 a21,0,0,0,0,33,44
4,4 8 16 21,3,a08 a16 a21,0,0,0,0,33,44
4,4 8 16 21,4,a04 a08 a16 a21,0,0,0,0,39,44
4,4 8 17 21,0,,1,1,1,0,0,81
4,4 8 17 21,1,a04,0,0,0,0,36,81
4,4 8 17 21,1,a08,1,1,1,0,22,81
4,4 8 17 21,2,a04 a08,0,0,0,0,58,81
4,4 8 17 21,1,a17,1,1,1,0,22,81
4,4 8 17 21,2,a04 a17,0,0,0,0,44,81
4,4 8 17 21,2,a08 a17,1,1,1,0,44,81
4,4 8 17 21,3,a04 a08 a17,0,0,0,0,66,81
4,4 8 17 21,1,a21,0,0,0,0,36,81
4,4 8 17 21,2,a04 a21,0,0,0,0,58,81
4,4 8 17 21,2,a08 a21,0,0,0,0,44,81
4,4 8 17 21,3,a04 a08 a21,0,0,0,0,66,81
4,4 8 17 21,2,a17 a21,0,0,0,0,58,81
4,4 8 17 21,3,a04 a17 a21,0,0,0,0,66,81
4,4 8 17 21,3,a08 a17 a21,0,0,0,0,66,81
4,4 8 17 21,4,a04 a08 a17 a21,0,0,0,0,74,81
4,4 8 18 21,0,,1,1,1,0,0,279
4,4 8 18 21,1,a04,0,0,0,0,160,279
4,4 8 18 21,1,a08,1,1,1,0,177,279
4,4 8 18 21,2,a04 a08,0,0,0,0,236,279
4,4 8 18 21,1,a18,1,1,1,0,187,279
4,4 8 18 21,2,a04 a18,0,0,0,0,223,279
4,4 8 18 21,2,a08 a18,1,1,1,0,216,279
4,4 8 18 21,3,a04 a08 a18,0,0,0,0,252,279
4,4 8 18 21,1,a21,0,0,0,0,145,279
4,4 8 18 21,2,a04 a21,0,0,0,0,227,279
4,4 8 18 21,2,a08 a21,0,0,0,0,213,279
4,4 8 18 21,3,a04 a08 a21,0,0,0,0,249,279
4,4 8 18 21,2,a18 a21,0,0,0,0,236,279
4,4 8 18 21,3,a04 a18 a21,0,0,0,0,249,279
4,4 8 18 21,3,a08 a18 a21,0,0,0,0,252,279
4,4 8 18 21,4,a04 a08 a18 a21,0,0,0,0,265,279
4,4 8 18 24,0,,1,1,1,0,0,472
4,4 8 18 24,1,a04,0,0,0,0,350,472
4,4 8 18 24,1,a08,1,1,1,0,258,472
4,4 8 18 24,2,a04 a08,0,0,0,0,402,472
4,4 8 18 24,1,a18,0,0,0,0,358,472
4,4 8 18 24,2,a04 a18,0,0,0,0,402,472
4,4 8 18 24,2,a08 a18,0,0,0,0,392,472
4,4 8 18 24,3,a04 a08 a18,0,0,0,0,436,472
4,4 8 18 24,1,a24,0,0,0,0,312,472
4,4 8 18 24,2,a04 a24,0,0,0,0,412,472
4,4 8 18 24,2,a08 a24,0,0,0,0,391,472
4,4 8 18 24,3,a04 a08 a24,0,0,0,0,435,472
4,4 8 18 24,2,a18 a24,0,0,0,0,416,472
4,4 8 18 24,3,a04 a18 a24,0,0,0,0,434,472
4,4 8 18 24,3,a08 a18 a24,0,0,0,0,435,472
4,4 8 18 24,4,a04 a08 a18 a24,0,0,0,0,453,472
4,4 8 19 21,0,,1,1,1,0,0,224
4,4 8 19 21,1,a04,0,0,0,0,122,224
4,4 8 19 21,1,a08,1,1,1,0,141,224
4,4 8 19 21,2,a04 a08,0,0,0,0,186,224
4,4 8 19 21,1,a19,1,1,1,0,141,224
4,4 8 19 21,2,a04 a19,0,0,0,0,174,224
4,4 8 19 21,2,a08 a19,1,1,1,0,167,224
4,4 8 19 21,3,a04 a08 a19,0,0,0,0,200,224
4,4 8 19 21,1,a21,0,0,0,0,122,224
4,4 8 19 21,2,a04 a21,0,0,0,0,181,224
4,4 8 19 21,2,a08 a21,0,0,0,0,174,224
4,4 8 19 21,3,a04 a08 a21,0,0,0,0,198,224
4,4 8 19 21,2,a19 a21,0,0,0,0,186,224
4,4 8 19 21,3,a04 a19 a21,0,0,0,0,198,224
4,4 8 19 21,3,a08 a19 a21,0,0,0,0,200,224
4,4 8 19 21,4,a04 a08 a19 a21,0,0,0,0,212,224
4,4 8 20 21,0,,1,1,1,0,0,279
4,4 8 20 21,1,a04,0,0,0,0,160,279
4,4 8 20 21,1,a08,1,1,1,0,177,279
4,4 8 20 21,2,a04 a08,0,0,0,0,236,279
4,4 8 20 21,1,a20,1,1,1,0,187,279
4,4 8 20 21,2,a04 a20,0,0,0,0,223,279
4,4 8 20 21,2,a08 a20,1,1,1,0,216,279
4,4 8 20 21,3,a04 a08 a20,0,0,0,0,252,279
4,4 8 20 21,1,a21,0,0,0,0,145,279
4,4 8 20 21,2,a04 a21,0,0,0,0,227,279
4,4 8 20 21,2,a08 a21,0,0,0,0,213,279
4,4 8 20 21,3,a04 a08 a21,0,0,0,0,249,279
4,4 8 20 21,2,a20 a21,0,0,0,0,236,279
4,4 8 20 21,3,a04 a20 a21,0,0,0,0,249,279
4,4 8 20 21,3,a08 a20 a21,0,0,0,0,252,279
4,4 8 20 21,4,a04 a08 a20 a21,0,0,0,0,265,279
4,4 8 20 22,0,,1,1,1,0,0,472
4,4 8 20 22,1,a04,0,0,0,0,350,472
4,4 8 20 22,1,a08,1,1,1,0,258,472
4,4 8 20 22,2,a04 a08,0,0,0,0,402,472
4,4 8 20 22,1,a20,0,0,0,0,358,472
4,4 8 20 22,2,a04 a20,0,0,0,0,402,472
4,4 8 20 22,2,a08 a20,0,0,0,0,392,472
4,4 8 20 22,3,a04 a08 a20,0,0,0,0,436,472
4,4 8 20 22,1,a22,0,0,0,0,312,472
4,4 8 20 22,2,a04 a22,0,0,0,0,412,472
4,4 8 20 22,2,a08 a22,0,0,0,0,391,472
4,4 8 20 22,3,a04 a08 a22,0,0,0,0,435,472
4,4 8 20 22,2,a20 a22,0,0,0,0,416,472
4,4 8 20 22,3,a04 a20 a22,0,0,0,0,434,472
4,4 8 20 22,3,a08 a20 a22,0,0,0,0,435,472
4,4 8 20 22,4,a04 a08 a20 a22,0,0,0,0,453,472
4,4 8 21 22,0,,1,1,1,0,0,88
4,4 8 21 22,1,a04,0,0,0,0,36,88
4,4 8 21 22,1,a08,1,1,1,0,29,88
4,4 8 21 22,2,a04 a08,0,0,0,0,65,88
4,4 8 21 22,1,a21,0,0,0,0,36,88
4,4 8 21 22,2,a04 a21,0,0,0,0,58,88
4,4 8 21 22,2,a08 a21,0,0,0,0,51,88
4,4 8 21 22,3,a04 a08 a21,0,0,0,0,73,88
4,4 8 21 22,1,a22,1,1,1,0,36,88
4,4 8 21 22,2,a04 a22,0,0,0,0,58,88
4,4 8 21 22,2,a08 a22,1,1,1,0,51,88
4,4 8 21 22,3,a04 a08 a22,0,0,0,0,73,88
4,4 8 21 22,2,a21 a22,0,0,0,0,65,88
4,4 8 21 22,3,a04 a21 a22,0,0,0,0,73,88
4,4 8 21 22,3,a08 a21 a22,0,0,0,0,73,88
4,4 8 21 22,4,a04 a08 a21 a22,0,0,0,0,81,88
4,4 8 21 23,0,,1,1,1,0,0,224
4,4 8 21 23,1,a04,0,0,0,0,122,224
4,4 8 21 23,1,a08,1,1,1,0,141,224
4,4 8 21 23,2,a04 a08,0,0,0,0,186,224
4,4 8 21 23,1,a21,0,0,0,0,122,224
4,4 8 21 23,2,a04 a21,0,0,0,0,181,224
4,4 8 21 23,2,a08 a21,0,0,0,0,174,224
4,4 8 21 23,3,a04 a08 a21,0,0,0,0,198,224
4,4 8 21 23,1,a23,1,1,1,0,141,224
4,4 8 21 23,2,a04 a23,0,0,0,0,174,224
4,4 8 21 23,2,a08 a23,1,1,1,0,167,224
4,4 8 21 23,3,a04 a08 a23,0,0,0,0,200,224
4,4 8 21 23,2,a21 a23,0,0,0,0,186,224
4,4 8 21 23,3,a04 a21 a23,0,0,0,0,198,224
4,4 8 21 23,3,a08 a21 a23,0,0,0,0,200,224
4,4 8 21 23,4,a04 a08 a21 a23,0,0,0,0,212,224
4,4 8 21 24,0,,1,1,1,0,0,88
4,4 8 21 24,1,a04,0,0,0,0,36,88
4,4 8 21 24,1,a08,1,1,1,0,29,88
4,4 8 21 24,2,a04 a08,0,0,0,0,65,88
4,4 8 21 24,1,a21,0,0,0,0,36,88
4,4 8 21 24,2,a04 a21,0,0,0,0,58,88
4,4 8 21 24,2,a08 a21,0,0,0,0,51,88
4,4 8 21 24,3,a04 a08 a21,0,0,0,0,73,88
4,4 8 21 24,1,a24,1,1,1,0,36,88
4,4 8 21 24,2,a04 a24,0,0,0,0,58,88
4,4 8 21 24,2,a08 a24,1,1,1,0,51,88
4,4 8 21 24,3,a04 a08 a24,0,0,0,0,73,88
4,4 8 21 24,2,a21 a24,0,0,0,0,65,88
4,4 8 21 24,3,a04 a21 a24,0,0,0,0,73,88
4,4 8 21 24,3,a08 a21 a24,0,0,0,0,73,88
4,4 8 21 24,4,a04 a08 a21 a24,0,0,0,0,81,88
4,4 8 21 25,0,,1,1,1,0,0,70
4,4 8 21 25,1,a04,0,0,0,0,31,70
4,4 8 21 25,1,a08,1,1,1,0,25,70
4,4 8 21 25,2,a04 a08,0,0,0,0,50,70
4,4 8 21 25,1,a21,0,0,0,0,31,70
4,4 8 21 25,2,a04 a21,0,0,0,0,44,70
4,4 8 21 25,2,a08 a21,0,0,0,0,44,70
4,4 8 21 25,3,a04 a08 a21,0,0,0,0,57,70
4,4 8 21 25,1,a25,1,1,1,0,25,70
4,4 8 21 25,2,a04 a25,0,0,0,0,44,70
4,4 8 21 25,2,a08 a25,1,1,1,0,38,70
4,4 8 21 25,3,a04 a08 a25,0,0,0,0,57,70
4,4 8 21 25,2,a21 a25,0,0,0,0,50,70
4,4 8 21 25,3,a04 a21 a25,0,0,0,0,57,70
4,4 8 21 25,3,a08 a21 a25,0,0,0,0,57,70
4,4 8 21 25,4,a04 a08 a21 a25,0,0,0,0,64,70
4,4 9 10 15,0,,1,1,1,0,0,58
4,4 9 10 15,1,a04,1,1,1,0,7,58
4,4 9 10 15,1,a09,1,1,1,0,19,58
4,4 9 10 15,2,a04 a09,1,1,1,0,26,58
4,4 9 10 15,1,a10,0,0,0,0,19,58
4,4 9 10 15,2,a04 a10,0,0,0,0,26,58
4,4 9 10 15,2,a09 a10,0,0,0,0,38,58
4,4 9 10 15,3,a04 a09 a10,0,0,0,0,45,58
4,4 9 10 15,1,a15,0,0,0,0,31,58
4,4 9 10 15,2,a04 a15,0,0,0,0,38,58
4,4 9 10 15,2,a09 a15,0,0,0,0,38,58
4,4 9 10 15,3,a04 a09 a15,0,0,0,0,45,58
4,4 9 10 15,2,a10 a15,0,0,0,0,38,58
4,4 9 10 15,3,a04 a10 a15,0,0,0,0,45,58
4,4 9 10 15,3,a09 a10 a15,0,0,0,0,45,58
4,4 9 10 15,4,a04 a09 a10 a15,0,0,0,0,52,58
4,4 9 10 21,0,,1,1,1,0,0,39
4,4 9 10 21,1,a04,0,0,0,0,16,39
4,4 9 10 21,1,a09,1,1,1,0,6,39
4,4 9 10 21,2,a04 a09,0,0,0,0,22,39
4,4 9 10 21,1,a10,1,1,1,0,6,39
4,4 9 10 21,2,a04 a10,0,0,0,0,22,39
4,4 9 10 21,2,a09 a10,1,1,1,0,12,39
4,4 9 10 21,3,a04 a09 a10,0,0,0,0,28,39
4,4 9 10 21,1,a21,0,0,0,0,16,39
4,4 9 10 21,2,a04 a21,0,0,0,0,22,39
4,4 9 10 21,2,a09 a21,0,0,0,0,22,39
4,4 9 10 21,3,a04 a09 a21,0,0,0,0,28,39
4,4 9 10 21,2,a10 a21,0,0,0,0,22,39
4,4 9 10 21,3,a04 a10 a21,0,0,0,0,28,39
4,4 9 10 21,3,a09 a10 a21,0,0,0,0,28,39
4,4 9 10 21,4,a04 a09 a10 a21,0,0,0,0,34,39
4,4 9 10 24,0,,1,1,1,0,0,157
4,4 9 10 24,1,a04,0,0,0,0,80,157
4,4 9 10 24,1,a09,1,1,1,0,54,157
4,4 9 10 24,2,a04 a09,0,0,0,0,109,157
4,4 9 10 24,1,a10,0,0,0,0,54,157
4,4 9 10 24,2,a04 a10,0,0,0,0,109,157
4,4 9 10 24,2,a09 a10,0,0,0,0,108,157
4,4 9 10 24,3,a04 a09 a10,0,0,0,0,138,157
4,4 9 10 24,1,a24,0,0,0,0,112,157
4,4 9 10 24,2,a04 a24,0,0,0,0,126,157
4,4 9 10 24,2,a09 a24,0,0,0,0,124,157
4,4 9 10 24,3,a04 a09 a24,0,0,0,0,137,157
4,4 9 10 24,2,a10 a24,0,0,0,0,124,157
4,4 9 10 24,3,a04 a10 a24,0,0,0,0,137,157
4,4 9 10 24,3,a09 a10 a24,0,0,0,0,136,157
4,4 9 10 24,4,a04 a09 a10 a24,0,0,0,0,148,157
4,4 9 11 15,0,,1,1,1,0,0,132
4,4 9 11 15,1,a04,1,1,1,0,9,132
4,4 9 11 15,1,a09,0,0,0,0,77,132
4,4 9 11 15,2,a04 a09,0,0,0,0,86,132
4,4 9 11 15,1,a11,0,0,0,0,77,132
4,4 9 11 15,2,a04 a11,0,0,0,0,86,132
4,4 9 11 15,2,a09 a11,0,0,0,0,103,132
4,4 9 11 15,3,a04 a09 a11,0,0,0,0,112,132
4,4 9 11 15,1,a15,0,0,0,0,85,132
4,4 9 11 15,2,a04 a15,0,0,0,0,94,132
4,4 9 11 15,2,a09 a15,0,0,0,0,104,132
4,4 9 11 15,3,a04 a09 a15,0,0,0,0,113,132
4,4 9 11 15,2,a11 a15,0,0,0,0,104,132
4,4 9 11 15,3,a04 a11 a15,0,0,0,0,113,132
4,4 9 11 15,3,a09 a11 a15,0,0,0,0,114,132
4,4 9 11 15,4,a04 a09 a11 a15,0,0,0,0,123,132
4,4 9 11 21,0,,1,1,1,0,0,58
4,4 9 11 21,1,a04,0,0,0,0,19,58
4,4 9 11 21,1,a09,1,1,1,0,19,58
4,4 9 11 21,2,a04 a09,0,0,0,0,38,58
4,4 9 11 21,1,a11,1,1,1,0,19,58
4,4 9 11 21,2,a04 a11,0,0,0,0,38,58
4,4 9 11 21,2,a09 a11,1,1,1,0,26,58
4,4 9 11 21,3,a04 a09 a11,0,0,0,0,45,58
4,4 9 11 21,1,a21,0,0,0,0,19,58
4,4 9 11 21,2,a04 a21,0,0,0,0,26,58
4,4 9 11 21,2,a09 a21,0,0,0,0,38,58
4,4 9 11 21,3,a04 a09 a21,0,0,0,0,45,58
4,4 9 11 21,2,a11 a21,0,0,0,0,38,58
4,4 9 11 21,3,a04 a11 a21,0,0,0,0,45,58
4,4 9 11 21,3,a09 a11 a21,0,0,0,0,45,58
4,4 9 11 21,4,a04 a09 a11 a21,0,0,0,0,52,58
4,4 9 11 24,0,,1,1,1,0,0,472
4,4 9 11 24,1,a04,0,0,0,0,276,472
4,4 9 11 24,1,a09,0,0,0,0,310,472
4,4 9 11 24,2,a04 a09,0,0,0,0,393,472
4,4 9 11 24,1,a11,0,0,0,0,310,472
4,4 9 11 24,2,a04 a11,0,0,0,0,393,472
4,4 9 11 24,2,a09 a11,0,0,0,0,390,472
4,4 9 11 24,3,a04 a09 a11,0,0,0,0,436,472
4,4 9 11 24,1,a24,0,0,0,0,378,472
4,4 9 11 24,2,a04 a24,0,0,0,0,405,472
4,4 9 11 24,2,a09 a24,0,0,0,0,416,472
4,4 9 11 24,3,a04 a09 a24,0,0,0,0,436,472
4,4 9 11 24,2,a11 a24,0,0,0,0,416,472
4,4 9 11 24,3,a04 a11 a24,0,0,0,0,436,472
4,4 9 11 24,3,a09 a11 a24,0,0,0,0,434,472
4,4 9 11 24,4,a04 a09 a11 a24,0,0,0,0,453,472
4,4 9 12 13,0,,1,1,1,0,0,58
4,4 9 12 13,1,a04,1,1,1,0,7,58
4,4 9 12 13,1,a09,1,1,1,0,19,58
4,4 9 12 13,2,a04 a09,1,1,1,0,26,58
4,4 9 12 13,1,a12,0,0,0,0,19,58
4,4 9 12 13,2,a04 a12,0,0,0,0,26,58
4,4 9 12 13,2,a09 a12,0,0,0,0,38,58
4,4 9 12 13,3,a04 a09 a12,0,0,0,0,45,58
4,4 9 12 13,1,a13,0,0,0,0,31,58
4,4 9 12 13,2,a04 a13,0,0,0,0,38,58
4,4 9 12 13,2,a09 a13,0,0,0,0,38,58
4,4 9 12 13,3,a04 a09 a13,0,0,0,0,45,58
4,4 9 12 13,2,a12 a13,0,0,0,0,38,58
4,4 9 12 13,3,a04 a12 a13,0,0,0,0,45,58
4,4 9 12 13,3,a09 a12 a13,0,0,0,0,45,58
4,4 9 12 13,4,a04 a09 a12 a13,0,0,0,0,52,58
4,4 9 12 21,0,,1,1,1,0,0,39
4,4 9 12 21,1,a04,0,0,0,0,16,39
4,4 9 12 21,1,a09,1,1,1,0,6,39
4,4 9 12 21,2,a04 a09,0,0,0,0,22,39
4,4 9 12 21,1,a12,1,1,1,0,6,39
4,4 9 12 21,2,a04 a12,0,0,0,0,22,39
4,4 9 12 21,2,a09 a12,1,1,1,0,12,39
4,4 9 12 21,3,a04 a09 a12,0,0,0,0,28,39
4,4 9 12 21,1,a21,0,0,0,0,16,39
4,4 9 12 21,2,a04 a21,0,0,0,0,22,39
4,4 9 12 21,2,a09 a21,0,0,0,0,22,39
4,4 9 12 21,3,a04 a09 a21,0,0,0,0,28,39
4,4 9 12 21,2,a12 a21,0,0,0,0,22,39
4,4 9 12 21,3,a04 a12 a21,0,0,0,0,28,39
4,4 9 12 21,3,a09 a12 a21,0,0,0,0,28,39
4,4 9 12 21,4,a04 a09 a12 a21,0,0,0,0,34,39
4,4 9 12 22,0,,1,1,1,0,0,157
4,4 9 12 22,1,a04,0,0,0,0,80,157
4,4 9 12 22,1,a09,1,1,1,0,54,157
4,4 9 12 22,2,a04 a09,0,0,0,0,109,157
4,4 9 12 22,1,a12,0,0,0,0,54,157
4,4 9 12 22,2,a04 a12,0,0,0,0,109,157
4,4 9 12 22,2,a09 a12,0,0,0,0,108,157
4,4 9 12 22,3,a04 a09 a12,0,0,0,0,138,157
4,4 9 12 22,1,a22,0,0,0,0,112,157
4,4 9 12 22,2,a04 a22,0,0,0,0,126,157
4,4 9 12 22,2,a09 a22,0,0,0,0,124,157
4,4 9 12 22,3,a04 a09 a22,0,0,0,0,137,157
4,4 9 12 22,2,a12 a22,0,0,0,0,124,157
4,4 9 12 22,3,a04 a12 a22,0,0,0,0,137,157
4,4 9 12 22,3,a09 a12 a22,0,0,0,0,136,157
4,4 9 12 22,4,a04 a09 a12 a22,0,0,0,0,148,157
4,4 9 13 14,0,,1,1,1,0,0,132
4,4 9 13 14,1,a04,1,1,1,0,9,132
4,4 9 13 14,1,a09,0,0,0,0,77,132
4,4 9 13 14,2,a04 a09,0,0,0,0,86,132
4,4 9 13 14,1,a13,0,0,0,0,85,132
4,4 9 13 14,2,a04 a13,0,0,0,0,94,132
4,4 9 13 14,2,a09 a13,0,0,0,0,104,132
4,4 9 13 14,3,a04 a09 a13,0,0,0,0,113,132
4,4 9 13 14,1,a14,0,0,0,0,77,132
4,4 9 13 14,2,a04 a14,0,0,0,0,86,132
4,4 9 13 14,2,a09 a14,0,0,0,0,103,132
4,4 9 13 14,3,a04 a09 a14,0,0,0,0,112,132
4,4 9 13 14,2,a13 a14,0,0,0,0,104,132
4,4 9 13 14,3,a04 a13 a14,0,0,0,0,113,132
4,4 9 13 14,3,a09 a13 a14,0,0,0,0,114,132
4,4 9 13 14,4,a04 a09 a13 a14,0,0,0,0,123,132
4,4 9 13 15,0,,1,1,1,0,0,88
4,4 9 13 15,1,a04,1,1,1,0,8,88
4,4 9 13 15,1,a09,0,0,0,0,54,88
4,4 9 13 15,2,a04 a09,0,0,0,0,62,88
4,4 9 13 15,1,a13,0,0,0,0,42,88
4,4 9 13 15,2,a04 a13,0,0,0,0,50,88
4,4 9 13 15,2,a09 a13,0,0,0,0,64,88
4,4 9 13 15,3,a04 a09 a13,0,0,0,0,72,88
4,4 9 13 15,1,a15,0,0,0,0,42,88
4,4 9 13 15,2,a04 a15,0,0,0,0,50,88
4,4 9 13 15,2,a09 a15,0,0,0,0,64,88
4,4 9 13 15,3,a04 a09 a15,0,0,0,0,72,88
4,4 9 13 15,2,a13 a15,0,0,0,0,65,88
4,4 9 13 15,3,a04 a13 a15,0,0,0,0,73,88
4,4 9 13 15,3,a09 a13 a15,0,0,0,0,73,88
4,4 9 13 15,4,a04 a09 a13 a15,0,0,0,0,81,88
4,4 9 13 20,0,,1,1,1,0,0,116
4,4 9 13 20,1,a04,0,0,0,0,48,116
4,4 9 13 20,1,a09,1,1,1,0,25,116
4,4 9 13 20,2,a04 a09,0,0,0,0,73,116
4,4 9 13 20,1,a13,0,0,0,0,64,116
4,4 9 13 20,2,a04 a13,0,0,0,0,90,116
4,4 9 13 20,2,a09 a13,0,0,0,0,73,116
4,4 9 13 20,3,a04 a09 a13,0,0,0,0,99,116
4,4 9 13 20,1,a20,0,0,0,0,62,116
4,4 9 13 20,2,a04 a20,0,0,0,0,73,116
4,4 9 13 20,2,a09 a20,0,0,0,0,87,116
4,4 9 13 20,3,a04 a09 a20,0,0,0,0,98,116
4,4 9 13 20,2,a13 a20,0,0,0,0,89,116
4,4 9 13 20,3,a04 a13 a20,0,0,0,0,99,116
4,4 9 13 20,3,a09 a13 a20,0,0,0,0,98,116
4,4 9 13 20,4,a04 a09 a13 a20,0,0,0,0,108,116
4,4 9 13 21,0,,1,1,1,0,0,58
4,4 9 13 21,1,a04,0,0,0,0,19,58
4,4 9 13 21,1,a09,1,1,1,0,19,58
4,4 9 13 21,2,a04 a09,0,0,0,0,38,58
4,4 9 13 21,1,a13,1,1,1,0,19,58
4,4 9 13 21,2,a04 a13,0,0,0,0,38,58
4,4 9 13 21,2,a09 a13,1,1,1,0,26,58
4,4 9 13 21,3,a04 a09 a13,0,0,0,0,45,58
4,4 9 13 21,1,a21,0,0,0,0,19,58
4,4 9 13 21,2,a04 a21,0,0,0,0,26,58
4,4 9 13 21,2,a09 a21,0,0,0,0,38,58
4,4 9 13 21,3,a04 a09 a21,0,0,0,0,45,58
4,4 9 13 21,2,a13 a21,0,0,0,0,38,58
4,4 9 13 21,3,a04 a13 a21,0,0,0,0,45,58
4,4 9 13 21,3,a09 a13 a21,0,0,0,0,45,58
4,4 9 13 21,4,a04 a09 a13 a21,0,0,0,0,52,58
4,4 9 13 23,0,,1,1,1,0,0,364
4,4 9 13 23,1,a04,0,0,0,0,175,364
4,4 9 13 23,1,a09,0,0,0,0,218,364
4,4 9 13 23,2,a04 a09,0,0,0,0,294,364
4,4 9 13 23,1,a13,0,0,0,0,253,364
4,4 9 13 23,2,a04 a13,0,0,0,0,306,364
4,4 9 13 23,2,a09 a13,0,0,0,0,295,364
4,4 9 13 23,3,a04 a09 a13,0,0,0,0,335,364
4,4 9 13 23,1,a23,0,0,0,0,268,364
4,4 9 13 23,2,a04 a23,0,0,0,0,292,364
4,4 9 13 23,2,a09 a23,0,0,0,0,313,364
4,4 9 13 23,3,a04 a09 a23,0,0,0,0,332,364
4,4 9 13 23,2,a13 a23,0,0,0,0,316,364
4,4 9 13 23,3,a04 a13 a23,0,0,0,0,333,364
4,4 9 13 23,3,a09 a13 a23,0,0,0,0,333,364
4,4 9 13 23,4,a04 a09 a13 a23,0,0,0,0,349,364
4,4 9 13 24,0,,1,1,1,0,0,214
4,4 9 13 24,1,a04,0,0,0,0,98,214
4,4 9 13 24,1,a09,0,0,0,0,142,214
4,4 9 13 24,2,a04 a09,0,0,0,0,177,214
4,4 9 13 24,1,a13,0,0,0,0,98,214
4,4 9 13 24,2,a04 a13,0,0,0,0,159,214
4,4 9 13 24,2,a09 a13,0,0,0,0,158,214
4,4 9 13 24,3,a04 a09 a13,0,0,0,0,191,214
4,4 9 13 24,1,a24,0,0,0,0,142,214
4,4 9 13 24,2,a04 a24,0,0,0,0,158,214
4,4 9 13 24,2,a09 a24,0,0,0,0,176,214
4,4 9 13 24,3,a04 a09 a24,0,0,0,0,190,214
4,4 9 13 24,2,a13 a24,0,0,0,0,177,214
4,4 9 13 24,3,a04 a13 a24,0,0,0,0,191,214
4,4 9 13 24,3,a09 a13 a24,0,0,0,0,190,214
4,4 9 13 24,4,a04 a09 a13 a24,0,0,0,0,203,214
4,4 9 14 21,0,,1,1,1,0,0,58
4,4 9 14 21,1,a04,0,0,0,0,19,58
4,4 9 14 21,1,a09,1,1,1,0,19,58
4,4 9 14 21,2,a04 a09,0,0,0,0,38,58
4,4 9 14 21,1,a14,1,1,1,0,19,58
4,4 9 14 21,2,a04 a14,0,0,0,0,38,58
4,4 9 14 21,2,a09 a14,1,1,1,0,26,58
4,4 9 14 21,3,a04 a09 a14,0,0,0,0,45,58
4,4 9 14 21,1,a21,0,0,0,0,19,58
4,4 9 14 21,2,a04 a21,0,0,0,0,26,58
4,4 9 14 21,2,a09 a21,0,0,0,0,38,58
4,4 9 14 21,3,a04 a09 a21,0,0,0,0,45,58
4,4 9 14 21,2,a14 a21,0,0,0,0,38,58
4,4 9 14 21,3,a04 a14 a21,0,0,0,0,45,58
4,4 9 14 21,3,a09 a14 a21,0,0,0,0,45,58
4,4 9 14 21,4,a04 a09 a14 a21,0,0,0,0,52,58
4,4 9 14 22,0,,1,1,1,0,0,472
4,4 9 14 22,1,a04,0,0,0,0,276,472
4,4 9 14 22,1,a09,0,0,0,0,310,472
4,4 9 14 22,2,a04 a09,0,0,0,0,393,472
4,4 9 14 22,1,a14,0,0,0,0,310,472
4,4 9 14 22,2,a04 a14,0,0,0,0,393,472
4,4 9 14 22,2,a09 a14,0,0,0,0,390,472
4,4 9 14 22,3,a04 a09 a14,0,0,0,0,436,472
4,4 9 14 22,1,a22,0,0,0,0,378,472
4,4 9 14 22,2,a04 a22,0,0,0,0,405,472
4,4 9 14 22,2,a09 a22,0,0,0,0,416,472
4,4 9 14 22,3,a04 a09 a22,0,0,0,0,436,472
4,4 9 14 22,2,a14 a22,0,0,0,0,416,472
4,4 9 14 22,3,a04 a14 a22,0,0,0,0,436,472
4,4 9 14 22,3,a09 a14 a22,0,0,0,0,434,472
4,4 9 14 22,4,a04 a09 a14 a22,0,0,0,0,453,472
4,4 9 15 18,0,,1,1,1,0,0,116
4,4 9 15 18,1,a04,0,0,0,0,48,116
4,4 9 15 18,1,a09,1,1,1,0,25,116
4,4 9 15 18,2,a04 a09,0,0,0,0,73,116
4,4 9 15 18,1,a15,0,0,0,0,64,116
4,4 9 15 18,2,a04 a15,0,0,0,0,90,116
4,4 9 15 18,2,a09 a15,0,0,0,0,73,116
4,4 9 15 18,3,a04 a09 a15,0,0,0,0,99,116
4,4 9 15 18,1,a18,0,0,0,0,62,116
4,4 9 15 18,2,a04 a18,0,0,0,0,73,116
4,4 9 15 18,2,a09 a18,0,0,0,0,87,116
4,4 9 15 18,3,a04 a09 a18,0,0,0,0,98,116
4,4 9 15 18,2,a15 a18,0,0,0,0,89,116
4,4 9 15 18,3,a04 a15 a18,0,0,0,0,99,116
4,4 9 15 18,3,a09 a15 a18,0,0,0,0,98,116
4,4 9 15 18,4,a04 a09 a15 a18,0,0,0,0,108,116
4,4 9 15 19,0,,1,1,1,0,0,364
4,4 9 15 19,1,a04,0,0,0,0,175,364
4,4 9 15 19,1,a09,0,0,0,0,218,364
4,4 9 15 19,2,a04 a09,0,0,0,0,294,364
4,4 9 15 19,1,a15,0,0,0,0,253,364
4,4 9 15 19,2,a04 a15,0,0,0,0,306,364
4,4 9 15 19,2,a09 a15,0,0,0,0,295,364
4,4 9 15 19,3,a04 a09 a15,0,0,0,0,335,364
4,4 9 15 19,1,a19,0,0,0,0,268,364
4,4 9 15 19,2,a04 a19,0,0,0,0,292,364
4,4 9 15 19,2,a09 a19,0,0,0,0,313,364
4,4 9 15 19,3,a04 a09 a19,0,0,0,0,332,364
4,4 9 15 19,2,a15 a19,0,0,0,0,316,364
4,4 9 15 19,3,a04 a15 a19,0,0,0,0,333,364
4,4 9 15 19,3,a09 a15 a19,0,0,0,0,333,364
4,4 9 15 19,4,a04 a09 a15 a19,0,0,0,0,349,364
4,4 9 15 21,0,,1,1,1,0,0,58
4,4 9 15 21,1,a04,0,0,0,0,19,58
4,4 9 15 21,1,a09,1,1,1,0,19,58
4,4 9 15 21,2,a04 a09,0,0,0,0,38,58
4,4 9 15 21,1,a15,1,1,1,0,19,58
4,4 9 15 21,2,a04 a15,0,0,0,0,38,58
4,4 9 15 21,2,a09 a15,1,1,1,0,26,58
4,4 9 15 21,3,a04 a09 a15,0,0,0,0,45,58
4,4 9 15 21,1,a21,0,0,0,0,19,58
4,4 9 15 21,2,a04 a21,0,0,0,0,26,58
4,4 9 15 21,2,a09 a21,0,0,0,0,38,58
4,4 9 15 21,3,a04 a09 a21,0,0,0,0,45,58
4,4 9 15 21,2,a15 a21,0,0,0,0,38,58
4,4 9 15 21,3,a04 a15 a21,0,0,0,0,45,58
4,4 9 15 21,3,a09 a15 a21,0,0,0,0,45,58
4,4 9 15 21,4,a04 a09 a15 a21,0,0,0,0,52,58
4,4 9 15 22,0,,1,1,1,0,0,214
4,4 9 15 22,1,a04,0,0,0,0,98,214
4,4 9 15 22,1,a09,0,0,0,0,142,214
4,4 9 15 22,2,a04 a09,0,0,0,0,177,214
4,4 9 15 22,1,a15,0,0,0,0,98,214
4,4 9 15 22,2,a04 a15,0,0,0,0,159,214
4,4 9 15 22,2,a09 a15,0,0,0,0,158,214
4,4 9 15 22,3,a04 a09 a15,0,0,0,0,191,214
4,4 9 15 22,1,a22,0,0,0,0,142,214
4,4 9 15 22,2,a04 a22,0,0,0,0,158,214
4,4 9 15 22,2,a09 a22,0,0,0,0,176,214
4,4 9 15 22,3,a04 a09 a22,0,0,0,0,190,214
4,4 9 15 22,2,a15 a22,0,0,0,0,177,214
4,4 9 15 22,3,a04 a15 a22,0,0,0,0,191,214
4,4 9 15 22,3,a09 a15 a22,0,0,0,0,190,214
4,4 9 15 22,4,a04 a09 a15 a22,0,0,0,0,203,214
4,4 9 16 21,0,,1,1,1,0,0,39
4,4 9 16 21,1,a04,0,0,0,0,16,39
4,4 9 16 21,1,a09,1,1,1,0,6,39
4,4 9 16 21,2,a04 a09,0,0,0,0,22,39
4,4 9 16 21,1,a16,1,1,1,0,6,39
4,4 9 16 21,2,a04 a16,0,0,0,0,22,39
4,4 9 16 21,2,a09 a16,1,1,1,0,12,39
4,4 9 16 21,3,a04 a09 a16,0,0,0,0,28,39
4,4 9 16 21,1,a21,0,0,0,0,16,39
4,4 9 16 21,2,a04 a21,0,0,0,0,22,39
4,4 9 16 21,2,a09 a21,0,0,0,0,22,39
4,4 9 16 21,3,a04 a09 a21,0,0,0,0,28,39
4,4 9 16 21,2,a16 a21,0,0,0,0,22,39
4,4 9 16 21,3,a04 a16 a21,0,0,0,0,28,39
4,4 9 16 21,3,a09 a16 a21,0,0,0,0,28,39
4,4 9 16 21,4,a04 a09 a16 a21,0,0,0,0,34,39
4,4 9 17 21,0,,1,1,1,0,0,44
4,4 9 17 21,1,a04,0,0,0,0,26,44
4,4 9 17 21,1,a09,1,1,1,0,6,44
4,4 9 17 21,2,a04 a09,0,0,0,0,27,44
4,4 9 17 21,1,a17,1,1,1,0,16,44
4,4 9 17 21,2,a04 a17,0,0,0,0,32,44
4,4 9 17 21,2,a09 a17,1,1,1,0,17,44
4,4 9 17 21,3,a04 a09 a17,0,0,0,0,33,44
4,4 9 17 21,1,a21,0,0,0,0,16,44
4,4 9 17 21,2,a04 a21,0,0,0,0,32,44
4,4 9 17 21,2,a09 a21,0,0,0,0,22,44
4,4 9 17 21,3,a04 a09 a21,0,0,0,0,33,44
4,4 9 17 21,2,a17 a21,0,0,0,0,32,44
4,4 9 17 21,3,a04 a17 a21,0,0,0,0,38,44
4,4 9 17 21,3,a09 a17 a21,0,0,0,0,33,44
4,4 9 17 21,4,a04 a09 a17 a21,0,0,0,0,39,44
4,4 9 18 21,0,,1,1,1,0,0,58
4,4 9 18 21,1,a04,0,0,0,0,31,58
4,4 9 18 21,1,a09,1,1,1,0,7,58
4,4 9 18 21,2,a04 a09,0,0,0,0,38,58
4,4 9 18 21,1,a18,1,1,1,0,19,58
4,4 9 18 21,2,a04 a18,0,0,0,0,38,58
4,4 9 18 21,2,a09 a18,1,1,1,0,26,58
4,4 9 18 21,3,a04 a09 a18,0,0,0,0,45,58
4,4 9 18 21,1,a21,0,0,0,0,19,58
4,4 9 18 21,2,a04 a21,0,0,0,0,38,58
4,4 9 18 21,2,a09 a21,0,0,0,0,26,58
4,4 9 18 21,3,a04 a09 a21,0,0,0,0,45,58
4,4 9 18 21,2,a18 a21,0,0,0,0,38,58
4,4 9 18 21,3,a04 a18 a21,0,0,0,0,45,58
4,4 9 18 21,3,a09 a18 a21,0,0,0,0,45,58
4,4 9 18 21,4,a04 a09 a18 a21,0,0,0,0,52,58
4,4 9 18 24,0,,1,1,1,0,0,214
4,4 9 18 24,1,a04,0,0,0,0,136,214
4,4 9 18 24,1,a09,1,1,1,0,60,214
4,4 9 18 24,2,a04 a09,0,0,0,0,168,214
4,4 9 18 24,1,a18,0,0,0,0,97,214
4,4 9 18 24,2,a04 a18,0,0,0,0,159,214
4,4 9 18 24,2,a09 a18,0,0,0,0,157,214
4,4 9 18 24,3,a04 a09 a18,0,0,0,0,191,214
4,4 9 18 24,1,a24,0,0,0,0,144,214
4,4 9 18 24,2,a04 a24,0,0,0,0,179,214
4,4 9 18 24,2,a09 a24,0,0,0,0,157,214
4,4 9 18 24,3,a04 a09 a24,0,0,0,0,191,214
4,4 9 18 24,2,a18 a24,0,0,0,0,176,214
4,4 9 18 24,3,a04 a18 a24,0,0,0,0,191,214
4,4 9 18 24,3,a09 a18 a24,0,0,0,0,189,214
4,4 9 18 24,4,a04 a09 a18 a24,0,0,0,0,203,214
4,4 9 19 21,0,,1,1,1,0,0,116
4,4 9 19 21,1,a04,0,0,0,0,64,116
4,4 9 19 21,1,a09,1,1,1,0,48,116
4,4 9 19 21,2,a04 a09,0,0,0,0,90,116
4,4 9 19 21,1,a19,1,1,1,0,62,116
4,4 9 19 21,2,a04 a19,0,0,0,0,89,116
4,4 9 19 21,2,a09 a19,1,1,1,0,73,116
4,4 9 19 21,3,a04 a09 a19,0,0,0,0,99,116
4,4 9 19 21,1,a21,0,0,0,0,25,116
4,4 9 19 21,2,a04 a21,0,0,0,0,73,116
4,4 9 19 21,2,a09 a21,0,0,0,0,73,116
4,4 9 19 21,3,a04 a09 a21,0,0,0,0,99,116
4,4 9 19 21,2,a19 a21,0,0,0,0,87,116
4,4 9 19 21,3,a04 a19 a21,0,0,0,0,98,116
4,4 9 19 21,3,a09 a19 a21,0,0,0,0,98,116
4,4 9 19 21,4,a04 a09 a19 a21,0,0,0,0,108,116
4,4 9 19 24,0,,1,1,1,0,0,606
4,4 9 19 24,1,a04,0,0,0,0,453,606
4,4 9 19 24,1,a09,0,0,0,0,375,606
4,4 9 19 24,2,a04 a09,0,0,0,0,531,606
4,4 9 19 24,1,a19,0,0,0,0,420,606
4,4 9 19 24,2,a04 a19,0,0,0,0,517,606
4,4 9 19 24,2,a09 a19,0,0,0,0,514,606
4,4 9 19 24,3,a04 a09 a19,0,0,0,0,564,606
4,4 9 19 24,1,a24,0,0,0,0,461,606
4,4 9 19 24,2,a04 a24,0,0,0,0,531,606
4,4 9 19 24,2,a09 a24,0,0,0,0,516,606
4,4 9 19 24,3,a04 a09 a24,0,0,0,0,565,606
4,4 9 19 24,2,a19 a24,0,0,0,0,539,606
4,4 9 19 24,3,a04 a19 a24,0,0,0,0,564,606
4,4 9 19 24,3,a09 a19 a24,0,0,0,0,562,606
4,4 9 19 24,4,a04 a09 a19 a24,0,0,0,0,583,606
4,4 9 20 21,0,,1,1,1,0,0,58
4,4 9 20 21,1,a04,0,0,0,0,31,58
4,4 9 20 21,1,a09,1,1,1,0,7,58
4,4 9 20 21,2,a04 a09,0,0,0,0,38,58
4,4 9 20 21,1,a20,1,1,1,0,19,58
4,4 9 20 21,2,a04 a20,0,0,0,0,38,58
4,4 9 20 21,2,a09 a20,1,1,1,0,26,58
4,4 9 20 21,3,a04 a09 a20,0,0,0,0,45,58
4,4 9 20 21,1,a21,0,0,0,0,19,58
4,4 9 20 21,2,a04 a21,0,0,0,0,38,58
4,4 9 20 21,2,a09 a21,0,0,0,0,26,58
4,4 9 20 21,3,a04 a09 a21,0,0,0,0,45,58
4,4 9 20 21,2,a20 a21,0,0,0,0,38,58
4,4 9 20 21,3,a04 a20 a21,0,0,0,0,45,58
4,4 9 20 21,3,a09 a20 a21,0,0,0,0,45,58
4,4 9 20 21,4,a04 a09 a20 a21,0,0,0,0,52,58
4,4 9 20 22,0,,1,1,1,0,0,214
4,4 9 20 22,1,a04,0,0,0,0,136,214
4,4 9 20 22,1,a09,1,1,1,0,60,214
4,4 9 20 22,2,a04 a09,0,0,0,0,168,214
4,4 9 20 22,1,a20,0,0,0,0,97,214
4,4 9 20 22,2,a04 a20,0,0,0,0,159,214
4,4 9 20 22,2,a09 a20,0,0,0,0,157,214
4,4 9 20 22,3,a04 a09 a20,0,0,0,0,191,214
4,4 9 20 22,1,a22,0,0,0,0,144,214
4,4 9 20 22,2,a04 a22,0,0,0,0,179,214
4,4 9 20 22,2,a09 a22,0,0,0,0,157,214
4,4 9 20 22,3,a04 a09 a22,0,0,0,0,191,214
4,4 9 20 22,2,a20 a22,0,0,0,0,176,214
4,4 9 20 22,3,a04 a20 a22,0,0,0,0,191,214
4,4 9 20 22,3,a09 a20 a22,0,0,0,0,189,214
4,4 9 20 22,4,a04 a09 a20 a22,0,0,0,0,203,214
4,4 9 21 22,0,,1,1,1,0,0,116
4,4 9 21 22,1,a04,0,0,0,0,64,116
4,4 9 21 22,1,a09,1,1,1,0,48,116
4,4 9 21 22,2,a04 a09,0,0,0,0,90,116
4,4 9 21 22,1,a21,0,0,0,0,25,116
4,4 9 21 22,2,a04 a21,0,0,0,0,73,116
4,4 9 21 22,2,a09 a21,0,0,0,0,73,116
4,4 9 21 22,3,a04 a09 a21,0,0,0,0,99,116
4,4 9 21 22,1,a22,1,1,1,0,62,116
4,4 9 21 22,2,a04 a22,0,0,0,0,89,116
4,4 9 21 22,2,a09 a22,1,1,1,0,73,116
4,4 9 21 22,3,a04 a09 a22,0,0,0,0,99,116
4,4 9 21 22,2,a21 a22,0,0,0,0,87,116
4,4 9 21 22,3,a04 a21 a22,0,0,0,0,98,116
4,4 9 21 22,3,a09 a21 a22,0,0,0,0,98,116
4,4 9 21 22,4,a04 a09 a21 a22,0,0,0,0,108,116
4,4 9 21 23,0,,1,1,1,0,0,116
4,4 9 21 23,1,a04,0,0,0,0,64,116
4,4 9 21 23,1,a09,1,1,1,0,48,116
4,4 9 21 23,2,a04 a09,0,0,0,0,90,116
4,4 9 21 23,1,a21,0,0,0,0,25,116
4,4 9 21 23,2,a04 a21,0,0,0,0,73,116
4,4 9 21 23,2,a09 a21,0,0,0,0,73,116
4,4 9 21 23,3,a04 a09 a21,0,0,0,0,99,116
4,4 9 21 23,1,a23,1,1,1,0,62,116
4,4 9 21 23,2,a04 a23,0,0,0,0,89,116
4,4 9 21 23,2,a09 a23,1,1,1,0,73,116
4,4 9 21 23,3,a04 a09 a23,0,0,0,0,99,116
4,4 9 21 23,2,a21 a23,0,0,0,0,87,116
4,4 9 21 23,3,a04 a21 a23,0,0,0,0,98,116
4,4 9 21 23,3,a09 a21 a23,0,0,0,0,98,116
4,4 9 21 23,4,a04 a09 a21 a23,0,0,0,0,108,116
4,4 9 21 24,0,,1,1,1,0,0,116
4,4 9 21 24,1,a04,0,0,0,0,64,116
4,4 9 21 24,1,a09,1,1,1,0,48,116
4,4 9 21 24,2,a04 a09,0,0,0,0,90,116
4,4 9 21 24,1,a21,0,0,0,0,25,116
4,4 9 21 24,2,a04 a21,0,0,0,0,73,116
4,4 9 21 24,2,a09 a21,0,0,0,0,73,116
4,4 9 21 24,3,a04 a09 a21,0,0,0,0,99,116
4,4 9 21 24,1,a24,1,1,1,0,62,116
4,4 9 21 24,2,a04 a24,0,0,0,0,89,116
4,4 9 21 24,2,a09 a24,1,1,1,0,73,116
4,4 9 21 24,3,a04 a09 a24,0,0,0,0,99,116
4,4 9 21 24,2,a21 a24,0,0,0,0,87,116
4,4 9 21 24,3,a04 a21 a24,0,0,0,0,98,116
4,4 9 21 24,3,a09 a21 a24,0,0,0,0,98,116
4,4 9 21 24,4,a04 a09 a21 a24,0,0,0,0,108,116
4,4 9 21 25,0,,1,1,1,0,0,58
4,4 9 21 25,1,a04,0,0,0,0,31,58
4,4 9 21 25,1,a09,1,1,1,0,7,58
4,4 9 21 25,2,a04 a09,0,0,0,0,38,58
4,4 9 21 25,1,a21,0,0,0,0,19,58
4,4 9 21 25,2,a04 a21,0,0,0,0,38,58
4,4 9 21 25,2,a09 a21,0,0,0,0,26,58
4,4 9 21 25,3,a04 a09 a21,0,0,0,0,45,58
4,4 9 21 25,1,a25,1,1,1,0,19,58
4,4 9 21 25,2,a04 a25,0,0,0,0,38,58
4,4 9 21 25,2,a09 a25,1,1,1,0,26,58
4,4 9 21 25,3,a04 a09 a25,0,0,0,0,45,58
4,4 9 21 25,2,a21 a25,0,0,0,0,38,58
4,4 9 21 25,3,a04 a21 a25,0,0,0,0,45,58
4,4 9 21 25,3,a09 a21 a25,0,0,0,0,45,58
4,4 9 21 25,4,a04 a09 a21 a25,0,0,0,0,52,58
4,4 9 22 23,0,,1,1,1,0,0,606
4,4 9 22 23,1,a04,0,0,0,0,453,606
4,4 9 22 23,1,a09,0,0,0,0,375,606
4,4 9 22 23,2,a04 a09,0,0,0,0,531,606
4,4 9 22 23,1,a22,0,0,0,0,461,606
4,4 9 22 23,2,a04 a22,0,0,0,0,531,606
4,4 9 22 23,2,a09 a22,0,0,0,0,516,606
4,4 9 22 23,3,a04 a09 a22,0,0,0,0,565,606
4,4 9 22 23,1,a23,0,0,0,0,420,606
4,4 9 22 23,2,a04 a23,0,0,0,0,517,606
4,4 9 22 23,2,a09 a23,0,0,0,0,514,606
4,4 9 22 23,3,a04 a09 a23,0,0,0,0,564,606
4,4 9 22 23,2,a22 a23,0,0,0,0,539,606
4,4 9 22 23,3,a04 a22 a23,0,0,0,0,564,606
4,4 9 22 23,3,a09 a22 a23,0,0,0,0,562,606
4,4 9 22 23,4,a04 a09 a22 a23,0,0,0,0,583,606
4,4 9 22 24,0,,1,1,1,0,0,364
4,4 9 22 24,1,a04,0,0,0,0,232,364
4,4 9 22 24,1,a09,0,0,0,0,251,364
4,4 9 22 24,2,a04 a09,0,0,0,0,317,364
4,4 9 22 24,1,a22,0,0,0,0,216,364
4,4 9 22 24,2,a04 a22,0,0,0,0,294,364
4,4 9 22 24,2,a09 a22,0,0,0,0,292,364
4,4 9 22 24,3,a04 a09 a22,0,0,0,0,333,364
4,4 9 22 24,1,a24,0,0,0,0,216,364
4,4 9 22 24,2,a04 a24,0,0,0,0,294,364
4,4 9 22 24,2,a09 a24,0,0,0,0,292,364
4,4 9 22 24,3,a04 a09 a24,0,0,0,0,333,364
4,4 9 22 24,2,a22 a24,0,0,0,0,314,364
4,4 9 22 24,3,a04 a22 a24,0,0,0,0,333,364
4,4 9 22 24,3,a09 a22 a24,0,0,0,0,331,364
4,4 9 22 24,4,a04 a09 a22 a24,0,0,0,0,348,364
4,4 10 11 15,0,,1,1,1,0,0,58
4,4 10 11 15,1,a04,1,1,1,0,7,58
4,4 10 11 15,1,a10,0,0,0,0,19,58
4,4 10 11 15,2,a04 a10,0,0,0,0,26,58
4,4 10 11 15,1,a11,1,1,1,0,19,58
4,4 10 11 15,2,a04 a11,1,1,1,0,26,58
4,4 10 11 15,2,a10 a11,0,0,0,0,38,58
4,4 10 11 15,3,a04 a10 a11,0,0,0,0,45,58
4,4 10 11 15,1,a15,0,0,0,0,31,58
4,4 10 11 15,2,a04 a15,0,0,0,0,38,58
4,4 10 11 15,2,a10 a15,0,0,0,0,38,58
4,4 10 11 15,3,a04 a10 a15,0,0,0,0,45,58
4,4 10 11 15,2,a11 a15,0,0,0,0,38,58
4,4 10 11 15,3,a04 a11 a15,0,0,0,0,45,58
4,4 10 11 15,3,a10 a11 a15,0,0,0,0,45,58
4,4 10 11 15,4,a04 a10 a11 a15,0,0,0,0,52,58
4,4 10 11 21,0,,1,1,1,0,0,39
4,4 10 11 21,1,a04,0,0,0,0,16,39
4,4 10 11 21,1,a10,1,1,1,0,6,39
4,4 10 11 21,2,a04 a10,0,0,0,0,22,39
4,4 10 11 21,1,a11,1,1,1,0,6,39
4,4 10 11 21,2,a04 a11,0,0,0,0,22,39
4,4 10 11 21,2,a10 a11,1,1,1,0,12,39
4,4 10 11 21,3,a04 a10 a11,0,0,0,0,28,39
4,4 10 11 21,1,a21,0,0,0,0,16,39
4,4 10 11 21,2,a04 a21,0,0,0,0,22,39
4,4 10 11 21,2,a10 a21,0,0,0,0,22,39
4,4 10 11 21,3,a04 a10 a21,0,0,0,0,28,39
4,4 10 11 21,2,a11 a21,0,0,0,0,22,39
4,4 10 11 21,3,a04 a11 a21,0,0,0,0,28,39
4,4 10 11 21,3,a10 a11 a21,0,0,0,0,28,39
4,4 10 11 21,4,a04 a10 a11 a21,0,0,0,0,34,39
4,4 10 11 24,0,,1,1,1,0,0,157
4,4 10 11 24,1,a04,0,0,0,0,80,157
4,4 10 11 24,1,a10,0,0,0,0,54,157
4,4 10 11 24,2,a04 a10,0,0,0,0,109,157
4,4 10 11 24,1,a11,1,1,1,0,54,157
4,4 10 11 24,2,a04 a11,0,0,0,0,109,157
4,4 10 11 24,2,a10 a11,0,0,0,0,108,157
4,4 10 11 24,3,a04 a10 a11,0,0,0,0,138,157
4,4 10 11 24,1,a24,0,0,0,0,112,157
4,4 10 11 24,2,a04 a24,0,0,0,0,126,157
4,4 10 11 24,2,a10 a24,0,0,0,0,124,157
4,4 10 11 24,3,a04 a10 a24,0,0,0,0,137,157
4,4 10 11 24,2,a11 a24,0,0,0,0,124,157
4,4 10 11 24,3,a04 a11 a24,0,0,0,0,137,157
4,4 10 11 24,3,a10 a11 a24,0,0,0,0,136,157
4,4 10 11 24,4,a04 a10 a11 a24,0,0,0,0,148,157
4,4 10 12 13,0,,1,1,1,0,0,39
4,4 10 12 13,1,a04,1,1,1,0,6,39
4,4 10 12 13,1,a10,1,1,1,0,6,39
4,4 10 12 13,2,a04 a10,1,1,1,0,12,39
4,4 10 12 13,1,a12,0,0,0,0,16,39
4,4 10 12 13,2,a04 a12,0,0,0,0,22,39
4,4 10 12 13,2,a10 a12,0,0,0,0,22,39
4,4 10 12 13,3,a04 a10 a12,0,0,0,0,28,39
4,4 10 12 13,1,a13,0,0,0,0,16,39
4,4 10 12 13,2,a04 a13,0,0,0,0,22,39
4,4 10 12 13,2,a10 a13,0,0,0,0,22,39
4,4 10 12 13,3,a04 a10 a13,0,0,0,0,28,39
4,4 10 12 13,2,a12 a13,0,0,0,0,22,39
4,4 10 12 13,3,a04 a12 a13,0,0,0,0,28,39
4,4 10 12 13,3,a10 a12 a13,0,0,0,0,28,39
4,4 10 12 13,4,a04 a10 a12 a13,0,0,0,0,34,39
4,4 10 12 15,0,,1,1,1,0,0,39
4,4 10 12 15,1,a04,1,1,1,0,6,39
4,4 10 12 15,1,a10,0,0,0,0,16,39
4,4 10 12 15,2,a04 a10,0,0,0,0,22,39
4,4 10 12 15,1,a12,1,1,1,0,6,39
4,4 10 12 15,2,a04 a12,1,1,1,0,12,39
4,4 10 12 15,2,a10 a12,0,0,0,0,22,39
4,4 10 12 15,3,a04 a10 a12,0,0,0,0,28,39
4,4 10 12 15,1,a15,0,0,0,0,16,39
4,4 10 12 15,2,a04 a15,0,0,0,0,22,39
4,4 10 12 15,2,a10 a15,0,0,0,0,22,39
4,4 10 12 15,3,a04 a10 a15,0,0,0,0,28,39
4,4 10 12 15,2,a12 a15,0,0,0,0,22,39
4,4 10 12 15,3,a04 a12 a15,0,0,0,0,28,39
4,4 10 12 15,3,a10 a12 a15,0,0,0,0,28,39
4,4 10 12 15,4,a04 a10 a12 a15,0,0,0,0,34,39
4,4 10 12 16,0,,1,1,1,0,0,88
4,4 10 12 16,1,a04,1,1,1,0,8,88
4,4 10 12 16,1,a10,0,0,0,0,42,88
4,4 10 12 16,2,a04 a10,0,0,0,0,50,88
4,4 10 12 16,1,a12,0,0,0,0,42,88
4,4 10 12 16,2,a04 a12,0,0,0,0,50,88
4,4 10 12 16,2,a10 a12,0,0,0,0,65,88
4,4 10 12 16,3,a04 a10 a12,0,0,0,0,73,88
4,4 10 12 16,1,a16,0,0,0,0,54,88
4,4 10 12 16,2,a04 a16,0,0,0,0,62,88
4,4 10 12 16,2,a10 a16,0,0,0,0,64,88
4,4 10 12 16,3,a04 a10 a16,0,0,0,0,72,88
4,4 10 12 16,2,a12 a16,0,0,0,0,64,88
4,4 10 12 16,3,a04 a12 a16,0,0,0,0,72,88
4,4 10 12 16,3,a10 a12 a16,0,0,0,0,73,88
4,4 10 12 16,4,a04 a10 a12 a16,0,0,0,0,81,88
4,4 10 12 21,0,,1,1,1,0,0,39
4,4 10 12 21,1,a04,0,0,0,0,16,39
4,4 10 12 21,1,a10,1,1,1,0,6,39
4,4 10 12 21,2,a04 a10,0,0,0,0,22,39
4,4 10 12 21,1,a12,1,1,1,0,6,39
4,4 10 12 21,2,a04 a12,0,0,0,0,22,39
4,4 10 12 21,2,a10 a12,1,1,1,0,12,39
4,4 10 12 21,3,a04 a10 a12,0,0,0,0,28,39
4,4 10 12 21,1,a21,0,0,0,0,16,39
4,4 10 12 21,2,a04 a21,0,0,0,0,22,39
4,4 10 12 21,2,a10 a21,0,0,0,0,22,39
4,4 10 12 21,3,a04 a10 a21,0,0,0,0,28,39
4,4 10 12 21,2,a12 a21,0,0,0,0,22,39
4,4 10 12 21,3,a04 a12 a21,0,0,0,0,28,39
4,4 10 12 21,3,a10 a12 a21,0,0,0,0,28,39
4,4 10 12 21,4,a04 a10 a12 a21,0,0,0,0,34,39
4,4 10 12 22,0,,1,1,1,0,0,88
4,4 10 12 22,1,a04,0,0,0,0,42,88
4,4 10 12 22,1,a10,1,1,1,0,8,88
4,4 10 12 22,2,a04 a10,0,0,0,0,50,88
4,4 10 12 22,1,a12,0,0,0,0,42,88
4,4 10 12 22,2,a04 a12,0,0,0,0,65,88
4,4 10 12 22,2,a10 a12,0,0,0,0,50,88
4,4 10 12 22,3,a04 a10 a12,0,0,0,0,73,88
4,4 10 12 22,1,a22,0,0,0,0,54,88
4,4 10 12 22,2,a04 a22,0,0,0,0,64,88
4,4 10 12 22,2,a10 a22,0,0,0,0,62,88
4,4 10 12 22,3,a04 a10 a22,0,0,0,0,72,88
4,4 10 12 22,2,a12 a22,0,0,0,0,64,88
4,4 10 12 22,3,a04 a12 a22,0,0,0,0,73,88
4,4 10 12 22,3,a10 a12 a22,0,0,0,0,72,88
4,4 10 12 22,4,a04 a10 a12 a22,0,0,0,0,81,88
4,4 10 12 24,0,,1,1,1,0,0,88
4,4 10 12 24,1,a04,0,0,0,0,42,88
4,4 10 12 24,1,a10,0,0,0,0,42,88
4,4 10 12 24,2,a04 a10,0,0,0,0,65,88
4,4 10 12 24,1,a12,1,1,1,0,8,88
4,4 10 12 24,2,a04 a12,0,0,0,0,50,88
4,4 10 12 24,2,a10 a12,0,0,0,0,50,88
4,4 10 12 24,3,a04 a10 a12,0,0,0,0,73,88
4,4 10 12 24,1,a24,0,0,0,0,54,88
4,4 10 12 24,2,a04 a24,0,0,0,0,64,88
4,4 10 12 24,2,a10 a24,0,0,0,0,64,88
4,4 10 12 24,3,a04 a10 a24,0,0,0,0,73,88
4,4 10 12 24,2,a12 a24,0,0,0,0,62,88
4,4 10 12 24,3,a04 a12 a24,0,0,0,0,72,88
4,4 10 12 24,3,a10 a12 a24,0,0,0,0,72,88
4,4 10 12 24,4,a04 a10 a12 a24,0,0,0,0,81,88
4,4 10 12 25,0,,1,1,1,0,0,268
4,4 10 12 25,1,a04,0,0,0,0,140,268
4,4 10 12 25,1,a10,0,0,0,0,140,268
4,4 10 12 25,2,a04 a10,0,0,0,0,208,268
4,4 10 12 25,1,a12,0,0,0,0,140,268
4,4 10 12 25,2,a04 a12,0,0,0,0,208,268
4,4 10 12 25,2,a10 a12,0,0,0,0,208,268
4,4 10 12 25,3,a04 a10 a12,0,0,0,0,245,268
4,4 10 12 25,1,a25,0,0,0,0,204,268
4,4 10 12 25,2,a04 a25,0,0,0,0,226,268
4,4 10 12 25,2,a10 a25,0,0,0,0,226,268
4,4 10 12 25,3,a04 a10 a25,0,0,0,0,242,268
4,4 10 12 25,2,a12 a25,0,0,0,0,226,268
4,4 10 12 25,3,a04 a12 a25,0,0,0,0,242,268
4,4 10 12 25,3,a10 a12 a25,0,0,0,0,242,268
4,4 10 12 25,4,a04 a10 a12 a25,0,0,0,0,257,268
4,4 10 13 14,0,,1,1,1,0,0,88
4,4 10 13 14,1,a04,1,1,1,0,8,88
4,4 10 13 14,1,a10,0,0,0,0,42,88
4,4 10 13 14,2,a04 a10,0,0,0,0,50,88
4,4 10 13 14,1,a13,0,0,0,0,42,88
4,4 10 13 14,2,a04 a13,0,0,0,0,50,88
4,4 10 13 14,2,a10 a13,0,0,0,0,65,88
4,4 10 13 14,3,a04 a10 a13,0,0,0,0,73,88
4,4 10 13 14,1,a14,0,0,0,0,54,88
4,4 10 13 14,2,a04 a14,0,0,0,0,62,88
4,4 10 13 14,2,a10 a14,0,0,0,0,64,88
4,4 10 13 14,3,a04 a10 a14,0,0,0,0,72,88
4,4 10 13 14,2,a13 a14,0,0,0,0,64,88
4,4 10 13 14,3,a04 a13 a14,0,0,0,0,72,88
4,4 10 13 14,3,a10 a13 a14,0,0,0,0,73,88
4,4 10 13 14,4,a04 a10 a13 a14,0,0,0,0,81,88
4,4 10 13 15,0,,1,1,1,0,0,39
4,4 10 13 15,1,a04,1,1,1,0,6,39
4,4 10 13 15,1,a10,0,0,0,0,16,39
4,4 10 13 15,2,a04 a10,0,0,0,0,22,39
4,4 10 13 15,1,a13,1,1,1,0,6,39
4,4 10 13 15,2,a04 a13,1,1,1,0,12,39
4,4 10 13 15,2,a10 a13,0,0,0,0,22,39
4,4 10 13 15,3,a04 a10 a13,0,0,0,0,28,39
4,4 10 13 15,1,a15,0,0,0,0,16,39
4,4 10 13 15,2,a04 a15,0,0,0,0,22,39
4,4 10 13 15,2,a10 a15,0,0,0,0,22,39
4,4 10 13 15,3,a04 a10 a15,0,0,0,0,28,39
4,4 10 13 15,2,a13 a15,0,0,0,0,22,39
4,4 10 13 15,3,a04 a13 a15,0,0,0,0,28,39
4,4 10 13 15,3,a10 a13 a15,0,0,0,0,28,39
4,4 10 13 15,4,a04 a10 a13 a15,0,0,0,0,34,39
4,4 10 13 20,0,,1,1,1,0,0,88
4,4 10 13 20,1,a04,0,0,0,0,42,88
4,4 10 13 20,1,a10,1,1,1,0,8,88
4,4 10 13 20,2,a04 a10,0,0,0,0,50,88
4,4 10 13 20,1,a13,0,0,0,0,42,88
4,4 10 13 20,2,a04 a13,0,0,0,0,65,88
4,4 10 13 20,2,a10 a13,0,0,0,0,50,88
4,4 10 13 20,3,a04 a10 a13,0,0,0,0,73,88
4,4 10 13 20,1,a20,0,0,0,0,54,88
4,4 10 13 20,2,a04 a20,0,0,0,0,64,88
4,4 10 13 20,2,a10 a20,0,0,0,0,62,88
4,4 10 13 20,3,a04 a10 a20,0,0,0,0,72,88
4,4 10 13 20,2,a13 a20,0,0,0,0,64,88
4,4 10 13 20,3,a04 a13 a20,0,0,0,0,73,88
4,4 10 13 20,3,a10 a13 a20,0,0,0,0,72,88
4,4 10 13 20,4,a04 a10 a13 a20,0,0,0,0,81,88
4,4 10 13 21,0,,1,1,1,0,0,39
4,4 10 13 21,1,a04,0,0,0,0,16,39
4,4 10 13 21,1,a10,1,1,1,0,6,39
4,4 10 13 21,2,a04 a10,0,0,0,0,22,39
4,4 10 13 21,1,a13,1,1,1,0,6,39
4,4 10 13 21,2,a04 a13,0,0,0,0,22,39
4,4 10 13 21,2,a10 a13,1,1,1,0,12,39
4,4 10 13 21,3,a04 a10 a13,0,0,0,0,28,39
4,4 10 13 21,1,a21,0,0,0,0,16,39
4,4 10 13 21,2,a04 a21,0,0,0,0,22,39
4,4 10 13 21,2,a10 a21,0,0,0,0,22,39
4,4 10 13 21,3,a04 a10 a21,0,0,0,0,28,39
4,4 10 13 21,2,a13 a21,0,0,0,0,22,39
4,4 10 13 21,3,a04 a13 a21,0,0,0,0,28,39
4,4 10 13 21,3,a10 a13 a21,0,0,0,0,28,39
4,4 10 13 21,4,a04 a10 a13 a21,0,0,0,0,34,39
4,4 10 13 23,0,,1,1,1,0,0,268
4,4 10 13 23,1,a04,0,0,0,0,140,268
4,4 10 13 23,1,a10,0,0,0,0,140,268
4,4 10 13 23,2,a04 a10,0,0,0,0,208,268
4,4 10 13 23,1,a13,0,0,0,0,140,268
4,4 10 13 23,2,a04 a13,0,0,0,0,208,268
4,4 10 13 23,2,a10 a13,0,0,0,0,208,268
4,4 10 13 23,3,a04 a10 a13,0,0,0,0,245,268
4,4 10 13 23,1,a23,0,0,0,0,204,268
4,4 10 13 23,2,a04 a23,0,0,0,0,226,268
4,4 10 13 23,2,a10 a23,0,0,0,0,226,268
4,4 10 13 23,3,a04 a10 a23,0,0,0,0,242,268
4,4 10 13 23,2,a13 a23,0,0,0,0,226,268
4,4 10 13 23,3,a04 a13 a23,0,0,0,0,242,268
4,4 10 13 23,3,a10 a13 a23,0,0,0,0,242,268
4,4 10 13 23,4,a04 a10 a13 a23,0,0,0,0,257,268
4,4 10 13 24,0,,1,1,1,0,0,88
4,4 10 13 24,1,a04,0,0,0,0,42,88
4,4 10 13 24,1,a10,0,0,0,0,42,88
4,4 10 13 24,2,a04 a10,0,0,0,0,65,88
4,4 10 13 24,1,a13,1,1,1,0,8,88
4,4 10 13 24,2,a04 a13,0,0,0,0,50,88
4,4 10 13 24,2,a10 a13,0,0,0,0,50,88
4,4 10 13 24,3,a04 a10 a13,0,0,0,0,73,88
4,4 10 13 24,1,a24,0,0,0,0,54,88
4,4 10 13 24,2,a04 a24,0,0,0,0,64,88
4,4 10 13 24,2,a10 a24,0,0,0,0,64,88
4,4 10 13 24,3,a04 a10 a24,0,0,0,0,73,88
4,4 10 13 24,2,a13 a24,0,0,0,0,62,88
4,4 10 13 24,3,a04 a13 a24,0,0,0,0,72,88
4,4 10 13 24,3,a10 a13 a24,0,0,0,0,72,88
4,4 10 13 24,4,a04 a10 a13 a24,0,0,0,0,81,88
4,4 10 14 15,0,,1,1,1,0,0,58
4,4 10 14 15,1,a04,1,1,1,0,7,58
4,4 10 14 15,1,a10,0,0,0,0,31,58
4,4 10 14 15,2,a04 a10,0,0,0,0,38,58
4,4 10 14 15,1,a14,1,1,1,0,19,58
4,4 10 14 15,2,a04 a14,1,1,1,0,26,58
4,4 10 14 15,2,a10 a14,0,0,0,0,38,58
4,4 10 14 15,3,a04 a10 a14,0,0,0,0,45,58
4,4 10 14 15,1,a15,0,0,0,0,19,58
4,4 10 14 15,2,a04 a15,0,0,0,0,26,58
4,4 10 14 15,2,a10 a15,0,0,0,0,38,58
4,4 10 14 15,3,a04 a10 a15,0,0,0,0,45,58
4,4 10 14 15,2,a14 a15,0,0,0,0,38,58
4,4 10 14 15,3,a04 a14 a15,0,0,0,0,45,58
4,4 10 14 15,3,a10 a14 a15,0,0,0,0,45,58
4,4 10 14 15,4,a04 a10 a14 a15,0,0,0,0,52,58
4,4 10 14 16,0,,1,1,1,0,0,132
4,4 10 14 16,1,a04,1,1,1,0,9,132
4,4 10 14 16,1,a10,0,0,0,0,85,132
4,4 10 14 16,2,a04 a10,0,0,0,0,94,132
4,4 10 14 16,1,a14,0,0,0,0,77,132
4,4 10 14 16,2,a04 a14,0,0,0,0,86,132
4,4 10 14 16,2,a10 a14,0,0,0,0,104,132
4,4 10 14 16,3,a04 a10 a14,0,0,0,0,113,132
4,4 10 14 16,1,a16,0,0,0,0,77,132
4,4 10 14 16,2,a04 a16,0,0,0,0,86,132
4,4 10 14 16,2,a10 a16,0,0,0,0,104,132
4,4 10 14 16,3,a04 a10 a16,0,0,0,0,113,132
4,4 10 14 16,2,a14 a16,0,0,0,0,103,132
4,4 10 14 16,3,a04 a14 a16,0,0,0,0,112,132
4,4 10 14 16,3,a10 a14 a16,0,0,0,0,114,132
4,4 10 14 16,4,a04 a10 a14 a16,0,0,0,0,123,132
4,4 10 14 21,0,,1,1,1,0,0,58
4,4 10 14 21,1,a04,0,0,0,0,19,58
4,4 10 14 21,1,a10,1,1,1,0,19,58
4,4 10 14 21,2,a04 a10,0,0,0,0,38,58
4,4 10 14 21,1,a14,1,1,1,0,19,58
4,4 10 14 21,2,a04 a14,0,0,0,0,38,58
4,4 10 14 21,2,a10 a14,1,1,1,0,26,58
4,4 10 14 21,3,a04 a10 a14,0,0,0,0,45,58
4,4 10 14 21,1,a21,0,0,0,0,19,58
4,4 10 14 21,2,a04 a21,0,0,0,0,26,58
4,4 10 14 21,2,a10 a21,0,0,0,0,38,58
4,4 10 14 21,3,a04 a10 a21,0,0,0,0,45,58
4,4 10 14 21,2,a14 a21,0,0,0,0,38,58
4,4 10 14 21,3,a04 a14 a21,0,0,0,0,45,58
4,4 10 14 21,3,a10 a14 a21,0,0,0,0,45,58
4,4 10 14 21,4,a04 a10 a14 a21,0,0,0,0,52,58
4,4 10 14 22,0,,1,1,1,0,0,214
4,4 10 14 22,1,a04,0,0,0,0,98,214
4,4 10 14 22,1,a10,0,0,0,0,98,214
4,4 10 14 22,2,a04 a10,0,0,0,0,159,214
4,4 10 14 22,1,a14,0,0,0,0,142,214
4,4 10 14 22,2,a04 a14,0,0,0,0,177,214
4,4 10 14 22,2,a10 a14,0,0,0,0,158,214
4,4 10 14 22,3,a04 a10 a14,0,0,0,0,191,214
4,4 10 14 22,1,a22,0,0,0,0,142,214
4,4 10 14 22,2,a04 a22,0,0,0,0,158,214
4,4 10 14 22,2,a10 a22,0,0,0,0,177,214
4,4 10 14 22,3,a04 a10 a22,0,0,0,0,191,214
4,4 10 14 22,2,a14 a22,0,0,0,0,176,214
4,4 10 14 22,3,a04 a14 a22,0,0,0,0,190,214
4,4 10 14 22,3,a10 a14 a22,0,0,0,0,190,214
4,4 10 14 22,4,a04 a10 a14 a22,0,0,0,0,203,214
4,4 10 14 24,0,,1,1,1,0,0,116
4,4 10 14 24,1,a04,0,0,0,0,48,116
4,4 10 14 24,1,a10,0,0,0,0,64,116
4,4 10 14 24,2,a04 a10,0,0,0,0,90,116
4,4 10 14 24,1,a14,1,1,1,0,25,116
4,4 10 14 24,2,a04 a14,0,0,0,0,73,116
4,4 10 14 24,2,a10 a14,0,0,0,0,73,116
4,4 10 14 24,3,a04 a10 a14,0,0,0,0,99,116
4,4 10 14 24,1,a24,0,0,0,0,62,116
4,4 10 14 24,2,a04 a24,0,0,0,0,73,116
4,4 10 14 24,2,a10 a24,0,0,0,0,89,116
4,4 10 14 24,3,a04 a10 a24,0,0,0,0,99,116
4,4 10 14 24,2,a14 a24,0,0,0,0,87,116
4,4 10 14 24,3,a04 a14 a24,0,0,0,0,98,116
4,4 10 14 24,3,a10 a14 a24,0,0,0,0,98,116
4,4 10 14 24,4,a04 a10 a14 a24,0,0,0,0,108,116
4,4 10 14 25,0,,1,1,1,0,0,364
4,4 10 14 25,1,a04,0,0,0,0,175,364
4,4 10 14 25,1,a10,0,0,0,0,253,364
4,4 10 14 25,2,a04 a10,0,0,0,0,306,364
4,4 10 14 25,1,a14,0,0,0,0,218,364
4,4 10 14 25,2,a04 a14,0,0,0,0,294,364
4,4 10 14 25,2,a10 a14,0,0,0,0,295,364
4,4 10 14 25,3,a04 a10 a14,0,0,0,0,335,364
4,4 10 14 25,1,a25,0,0,0,0,268,364
4,4 10 14 25,2,a04 a25,0,0,0,0,292,364
4,4 10 14 25,2,a10 a25,0,0,0,0,316,364
4,4 10 14 25,3,a04 a10 a25,0,0,0,0,333,364
4,4 10 14 25,2,a14 a25,0,0,0,0,313,364
4,4 10 14 25,3,a04 a14 a25,0,0,0,0,332,364
4,4 10 14 25,3,a10 a14 a25,0,0,0,0,333,364
4,4 10 14 25,4,a04 a10 a14 a25,0,0,0,0,349,364
4,4 10 15 16,0,,1,1,1,0,0,58
4,4 10 15 16,1,a04,1,1,1,0,7,58
4,4 10 15 16,1,a10,0,0,0,0,31,58
4,4 10 15 16,2,a04 a10,0,0,0,0,38,58
4,4 10 15 16,1,a15,0,0,0,0,19,58
4,4 10 15 16,2,a04 a15,0,0,0,0,26,58
4,4 10 15 16,2,a10 a15,0,0,0,0,38,58
4,4 10 15 16,3,a04 a10 a15,0,0,0,0,45,58
4,4 10 15 16,1,a16,1,1,1,0,19,58
4,4 10 15 16,2,a04 a16,1,1,1,0,26,58
4,4 10 15 16,2,a10 a16,0,0,0,0,38,58
4,4 10 15 16,3,a04 a10 a16,0,0,0,0,45,58
4,4 10 15 16,2,a15 a16,0,0,0,0,38,58
4,4 10 15 16,3,a04 a15 a16,0,0,0,0,45,58
4,4 10 15 16,3,a10 a15 a16,0,0,0,0,45,58
4,4 10 15 16,4,a04 a10 a15 a16,0,0,0,0,52,58
4,4 10 15 17,0,,1,1,1,0,0,116
4,4 10 15 17,1,a04,1,1,1,0,48,116
4,4 10 15 17,1,a10,0,0,0,0,25,116
4,4 10 15 17,2,a04 a10,0,0,0,0,73,116
4,4 10 15 17,1,a15,0,0,0,0,64,116
4,4 10 15 17,2,a04 a15,0,0,0,0,90,116
4,4 10 15 17,2,a10 a15,0,0,0,0,73,116
4,4 10 15 17,3,a04 a10 a15,0,0,0,0,99,116
4,4 10 15 17,1,a17,1,1,1,0,62,116
4,4 10 15 17,2,a04 a17,1,1,1,0,73,116
4,4 10 15 17,2,a10 a17,0,0,0,0,87,116
4,4 10 15 17,3,a04 a10 a17,0,0,0,0,98,116
4,4 10 15 17,2,a15 a17,0,0,0,0,89,116
4,4 10 15 17,3,a04 a15 a17,0,0,0,0,99,116
4,4 10 15 17,3,a10 a15 a17,0,0,0,0,98,116
4,4 10 15 17,4,a04 a10 a15 a17,0,0,0,0,108,116
4,4 10 15 18,0,,1,1,1,0,0,70
4,4 10 15 18,1,a04,1,1,1,0,36,70
4,4 10 15 18,1,a10,1,0,1,1,19,70
4,4 10 15 18,2,a04 a10,0,0,0,0,38,70
4,4 10 15 18,1,a15,0,0,0,0,36,70
4,4 10 15 18,2,a04 a15,0,0,0,0,56,70
4,4 10 15 18,2,a10 a15,0,0,0,0,43,70
4,4 10 15 18,3,a04 a10 a15,0,0,0,0,57,70
4,4 10 15 18,1,a18,1,1,1,0,46,70
4,4 10 15 18,2,a04 a18,1,1,1,0,55,70
4,4 10 15 18,2,a10 a18,0,0,0,0,49,70
4,4 10 15 18,3,a04 a10 a18,0,0,0,0,57,70
4,4 10 15 18,2,a15 a18,0,0,0,0,55,70
4,4 10 15 18,3,a04 a15 a18,0,0,0,0,63,70
4,4 10 15 18,3,a10 a15 a18,0,0,0,0,56,70
4,4 10 15 18,4,a04 a10 a15 a18,0,0,0,0,64,70
4,4 10 15 19,0,,1,1,1,0,0,116
4,4 10 15 19,1,a04,1,1,1,0,48,116
4,4 10 15 19,1,a10,0,0,0,0,25,116
4,4 10 15 19,2,a04 a10,0,0,0,0,73,116
4,4 10 15 19,1,a15,0,0,0,0,64,116
4,4 10 15 19,2,a04 a15,0,0,0,0,90,116
4,4 10 15 19,2,a10 a15,0,0,0,0,73,116
4,4 10 15 19,3,a04 a10 a15,0,0,0,0,99,116
4,4 10 15 19,1,a19,1,1,1,0,62,116
4,4 10 15 19,2,a04 a19,1,1,1,0,73,116
4,4 10 15 19,2,a10 a19,0,0,0,0,87,116
4,4 10 15 19,3,a04 a10 a19,0,0,0,0,98,116
4,4 10 15 19,2,a15 a19,0,0,0,0,89,116
4,4 10 15 19,3,a04 a15 a19,0,0,0,0,99,116
4,4 10 15 19,3,a10 a15 a19,0,0,0,0,98,116
4,4 10 15 19,4,a04 a10 a15 a19,0,0,0,0,108,116
4,4 10 15 20,0,,1,1,1,0,0,58
4,4 10 15 20,1,a04,1,1,1,0,19,58
4,4 10 15 20,1,a10,0,0,0,0,19,58
4,4 10 15 20,2,a04 a10,0,0,0,0,38,58
4,4 10 15 20,1,a15,0,0,0,0,19,58
4,4 10 15 20,2,a04 a15,0,0,0,0,38,58
4,4 10 15 20,2,a10 a15,0,0,0,0,26,58
4,4 10 15 20,3,a04 a10 a15,0,0,0,0,45,58
4,4 10 15 20,1,a20,1,1,1,0,19,58
4,4 10 15 20,2,a04 a20,1,1,1,0,26,58
4,4 10 15 20,2,a10 a20,0,0,0,0,38,58
4,4 10 15 20,3,a04 a10 a20,0,0,0,0,45,58
4,4 10 15 20,2,a15 a20,0,0,0,0,38,58
4,4 10 15 20,3,a04 a15 a20,0,0,0,0,45,58
4,4 10 15 20,3,a10 a15 a20,0,0,0,0,45,58
4,4 10 15 20,4,a04 a10 a15 a20,0,0,0,0,52,58
4,4 10 15 21,0,,1,1,1,0,0,44
4,4 10 15 21,1,a04,1,0,1,1,16,44
4,4 10 15 21,1,a10,1,1,1,0,16,44
4,4 10 15 21,2,a04 a10,0,0,0,0,27,44
4,4 10 15 21,1,a15,1,1,1,0,16,44
4,4 10 15 21,2,a04 a15,0,0,0,0,27,44
4,4 10 15 21,2,a10 a15,1,1,1,0,22,44
4,4 10 15 21,3,a04 a10 a15,0,0,0,0,33,44
4,4 10 15 21,1,a21,1,0,1,1,16,44
4,4 10 15 21,2,a04 a21,1,0,1,1,22,44
4,4 10 15 21,2,a10 a21,0,0,0,0,27,44
4,4 10 15 21,3,a04 a10 a21,0,0,0,0,33,44
4,4 10 15 21,2,a15 a21,0,0,0,0,27,44
4,4 10 15 21,3,a04 a15 a21,0,0,0,0,33,44
4,4 10 15 21,3,a10 a15 a21,0,0,0,0,33,44
4,4 10 15 21,4,a04 a10 a15 a21,0,0,0,0,39,44
4,4 10 15 22,0,,1,1,1,0,0,58
4,4 10 15 22,1,a04,1,1,1,0,19,58
4,4 10 15 22,1,a10,0,0,0,0,19,58
4,4 10 15 22,2,a04 a10,0,0,0,0,38,58
4,4 10 15 22,1,a15,0,0,0,0,19,58
4,4 10 15 22,2,a04 a15,0,0,0,0,38,58
4,4 10 15 22,2,a10 a15,0,0,0,0,26,58
4,4 10 15 22,3,a04 a10 a15,0,0,0,0,45,58
4,4 10 15 22,1,a22,1,1,1,0,19,58
4,4 10 15 22,2,a04 a22,1,1,1,0,26,58
4,4 10 15 22,2,a10 a22,0,0,0,0,38,58
4,4 10 15 22,3,a04 a10 a22,0,0,0,0,45,58
4,4 10 15 22,2,a15 a22,0,0,0,0,38,58
4,4 10 15 22,3,a04 a15 a22,0,0,0,0,45,58
4,4 10 15 22,3,a10 a15 a22,0,0,0,0,45,58
4,4 10 15 22,4,a04 a10 a15 a22,0,0,0,0,52,58
4,4 10 15 23,0,,1,1,1,0,0,116
4,4 10 15 23,1,a04,1,1,1,0,48,116
4,4 10 15 23,1,a10,0,0,0,0,64,116
4,4 10 15 23,2,a04 a10,0,0,0,0,90,116
4,4 10 15 23,1,a15,0,0,0,0,25,116
4,4 10 15 23,2,a04 a15,0,0,0,0,73,116
4,4 10 15 23,2,a10 a15,0,0,0,0,73,116
4,4 10 15 23,3,a04 a10 a15,0,0,0,0,99,116
4,4 10 15 23,1,a23,1,1,1,0,62,116
4,4 10 15 23,2,a04 a23,1,1,1,0,73,116
4,4 10 15 23,2,a10 a23,0,0,0,0,89,116
4,4 10 15 23,3,a04 a10 a23,0,0,0,0,99,116
4,4 10 15 23,2,a15 a23,0,0,0,0,87,116
4,4 10 15 23,3,a04 a15 a23,0,0,0,0,98,116
4,4 10 15 23,3,a10 a15 a23,0,0,0,0,98,116
4,4 10 15 23,4,a04 a10 a15 a23,0,0,0,0,108,116
4,4 10 15 24,0,,1,1,1,0,0,70
4,4 10 15 24,1,a04,1,1,1,0,36,70
4,4 10 15 24,1,a10,0,0,0,0,36,70
4,4 10 15 24,2,a04 a10,0,0,0,0,56,70
4,4 10 15 24,1,a15,1,0,1,1,19,70
4,4 10 15 24,2,a04 a15,0,0,0,0,38,70
4,4 10 15 24,2,a10 a15,0,0,0,0,43,70
4,4 10 15 24,3,a04 a10 a15,0,0,0,0,57,70
4,4 10 15 24,1,a24,1,1,1,0,46,70
4,4 10 15 24,2,a04 a24,1,1,1,0,55,70
4,4 10 15 24,2,a10 a24,0,0,0,0,55,70
4,4 10 15 24,3,a04 a10 a24,0,0,0,0,63,70
4,4 10 15 24,2,a15 a24,0,0,0,0,49,70
4,4 10 15 24,3,a04 a15 a24,0,0,0,0,57,70
4,4 10 15 24,3,a10 a15 a24,0,0,0,0,56,70
4,4 10 15 24,4,a04 a10 a15 a24,0,0,0,0,64,70
4,4 10 15 25,0,,1,1,1,0,0,116
4,4 10 15 25,1,a04,1,1,1,0,48,116
4,4 10 15 25,1,a10,0,0,0,0,64,116
4,4 10 15 25,2,a04 a10,0,0,0,0,90,116
4,4 10 15 25,1,a15,0,0,0,0,25,116
4,4 10 15 25,2,a04 a15,0,0,0,0,73,116
4,4 10 15 25,2,a10 a15,0,0,0,0,73,116
4,4 10 15 25,3,a04 a10 a15,0,0,0,0,99,116
4,4 10 15 25,1,a25,1,1,1,0,62,116
4,4 10 15 25,2,a04 a25,1,1,1,0,73,116
4,4 10 15 25,2,a10 a25,0,0,0,0,89,116
4,4 10 15 25,3,a04 a10 a25,0,0,0,0,99,116
4,4 10 15 25,2,a15 a25,0,0,0,0,87,116
4,4 10 15 25,3,a04 a15 a25,0,0,0,0,98,116
4,4 10 15 25,3,a10 a15 a25,0,0,0,0,98,116
4,4 10 15 25,4,a04 a10 a15 a25,0,0,0,0,108,116
4,4 10 16 20,0,,1,1,1,0,0,214
4,4 10 16 20,1,a04,0,0,0,0,98,214
4,4 10 16 20,1,a10,0,0,0,0,98,214
4,4 10 16 20,2,a04 a10,0,0,0,0,159,214
4,4 10 16 20,1,a16,0,0,0,0,142,214
4,4 10 16 20,2,a04 a16,0,0,0,0,177,214
4,4 10 16 20,2,a10 a16,0,0,0,0,158,214
4,4 10 16 20,3,a04 a10 a16,0,0,0,0,191,214
4,4 10 16 20,1,a20,0,0,0,0,142,214
4,4 10 16 20,2,a04 a20,0,0,0,0,158,214
4,4 10 16 20,2,a10 a20,0,0,0,0,177,214
4,4 10 16 20,3,a04 a10 a20,0,0,0,0,191,214
4,4 10 16 20,2,a16 a20,0,0,0,0,176,214
4,4 10 16 20,3,a04 a16 a20,0,0,0,0,190,214
4,4 10 16 20,3,a10 a16 a20,0,0,0,0,190,214
4,4 10 16 20,4,a04 a10 a16 a20,0,0,0,0,203,214
4,4 10 16 21,0,,1,1,1,0,0,58
4,4 10 16 21,1,a04,0,0,0,0,19,58
4,4 10 16 21,1,a10,1,1,1,0,19,58
4,4 10 16 21,2,a04 a10,0,0,0,0,38,58
4,4 10 16 21,1,a16,1,1,1,0,19,58
4,4 10 16 21,2,a04 a16,0,0,0,0,38,58
4,4 10 16 21,2,a10 a16,1,1,1,0,26,58
4,4 10 16 21,3,a04 a10 a16,0,0,0,0,45,58
4,4 10 16 21,1,a21,0,0,0,0,19,58
4,4 10 16 21,2,a04 a21,0,0,0,0,26,58
4,4 10 16 21,2,a10 a21,0,0,0,0,38,58
4,4 10 16 21,3,a04 a10 a21,0,0,0,0,45,58
4,4 10 16 21,2,a16 a21,0,0,0,0,38,58
4,4 10 16 21,3,a04 a16 a21,0,0,0,0,45,58
4,4 10 16 21,3,a10 a16 a21,0,0,0,0,45,58
4,4 10 16 21,4,a04 a10 a16 a21,0,0,0,0,52,58
4,4 10 16 23,0,,1,1,1,0,0,364
4,4 10 16 23,1,a04,0,0,0,0,175,364
4,4 10 16 23,1,a10,0,0,0,0,253,364
4,4 10 16 23,2,a04 a10,0,0,0,0,306,364
4,4 10 16 23,1,a16,0,0,0,0,218,364
4,4 10 16 23,2,a04 a16,0,0,0,0,294,364
4,4 10 16 23,2,a10 a16,0,0,0,0,295,364
4,4 10 16 23,3,a04 a10 a16,0,0,0,0,335,364
4,4 10 16 23,1,a23,0,0,0,0,268,364
4,4 10 16 23,2,a04 a23,0,0,0,0,292,364
4,4 10 16 23,2,a10 a23,0,0,0,0,316,364
4,4 10 16 23,3,a04 a10 a23,0,0,0,0,333,364
4,4 10 16 23,2,a16 a23,0,0,0,0,313,364
4,4 10 16 23,3,a04 a16 a23,0,0,0,0,332,364
4,4 10 16 23,3,a10 a16 a23,0,0,0,0,333,364
4,4 10 16 23,4,a04 a10 a16 a23,0,0,0,0,349,364
4,4 10 16 24,0,,1,1,1,0,0,116
4,4 10 16 24,1,a04,0,0,0,0,48,116
4,4 10 16 24,1,a10,0,0,0,0,64,116
4,4 10 16 24,2,a04 a10,0,0,0,0,90,116
4,4 10 16 24,1,a16,1,1,1,0,25,116
4,4 10 16 24,2,a04 a16,0,0,0,0,73,116
4,4 10 16 24,2,a10 a16,0,0,0,0,73,116
4,4 10 16 24,3,a04 a10 a16,0,0,0,0,99,116
4,4 10 16 24,1,a24,0,0,0,0,62,116
4,4 10 16 24,2,a04 a24,0,0,0,0,73,116
4,4 10 16 24,2,a10 a24,0,0,0,0,89,116
4,4 10 16 24,3,a04 a10 a24,0,0,0,0,99,116
4,4 10 16 24,2,a16 a24,0,0,0,0,87,116
4,4 10 16 24,3,a04 a16 a24,0,0,0,0,98,116
4,4 10 16 24,3,a10 a16 a24,0,0,0,0,98,116
4,4 10 16 24,4,a04 a10 a16 a24,0,0,0,0,108,116
4,4 10 17 21,0,,1,1,1,0,0,58
4,4 10 17 21,1,a04,0,0,0,0,31,58
4,4 10 17 21,1,a10,1,1,1,0,7,58
4,4 10 17 21,2,a04 a10,0,0,0,0,38,58
4,4 10 17 21,1,a17,1,1,1,0,19,58
4,4 10 17 21,2,a04 a17,0,0,0,0,38,58
4,4 10 17 21,2,a10 a17,1,1,1,0,26,58
4,4 10 17 21,3,a04 a10 a17,0,0,0,0,45,58
4,4 10 17 21,1,a21,0,0,0,0,19,58
4,4 10 17 21,2,a04 a21,0,0,0,0,38,58
4,4 10 17 21,2,a10 a21,0,0,0,0,26,58
4,4 10 17 21,3,a04 a10 a21,0,0,0,0,45,58
4,4 10 17 21,2,a17 a21,0,0,0,0,38,58
4,4 10 17 21,3,a04 a17 a21,0,0,0,0,45,58
4,4 10 17 21,3,a10 a17 a21,0,0,0,0,45,58
4,4 10 17 21,4,a04 a10 a17 a21,0,0,0,0,52,58
4,4 10 17 24,0,,1,1,1,0,0,214
4,4 10 17 24,1,a04,0,0,0,0,136,214
4,4 10 17 24,1,a10,0,0,0,0,60,214
4,4 10 17 24,2,a04 a10,0,0,0,0,168,214
4,4 10 17 24,1,a17,1,1,1,0,97,214
4,4 10 17 24,2,a04 a17,0,0,0,0,159,214
4,4 10 17 24,2,a10 a17,0,0,0,0,157,214
4,4 10 17 24,3,a04 a10 a17,0,0,0,0,191,214
4,4 10 17 24,1,a24,0,0,0,0,144,214
4,4 10 17 24,2,a04 a24,0,0,0,0,179,214
4,4 10 17 24,2,a10 a24,0,0,0,0,157,214
4,4 10 17 24,3,a04 a10 a24,0,0,0,0,191,214
4,4 10 17 24,2,a17 a24,0,0,0,0,176,214
4,4 10 17 24,3,a04 a17 a24,0,0,0,0,191,214
4,4 10 17 24,3,a10 a17 a24,0,0,0,0,189,214
4,4 10 17 24,4,a04 a10 a17 a24,0,0,0,0,203,214
4,4 10 18 21,0,,1,1,1,0,0,44
4,4 10 18 21,1,a04,0,0,0,0,26,44
4,4 10 18 21,1,a10,1,1,1,0,6,44
4,4 10 18 21,2,a04 a10,0,0,0,0,27,44
4,4 10 18 21,1,a18,1,1,1,0,16,44
4,4 10 18 21,2,a04 a18,0,0,0,0,32,44
4,4 10 18 21,2,a10 a18,1,1,1,0,17,44
4,4 10 18 21,3,a04 a10 a18,0,0,0,0,33,44
4,4 10 18 21,1,a21,0,0,0,0,16,44
4,4 10 18 21,2,a04 a21,0,0,0,0,32,44
4,4 10 18 21,2,a10 a21,0,0,0,0,22,44
4,4 10 18 21,3,a04 a10 a21,0,0,0,0,33,44
4,4 10 18 21,2,a18 a21,0,0,0,0,32,44
4,4 10 18 21,3,a04 a18 a21,0,0,0,0,38,44
4,4 10 18 21,3,a10 a18 a21,0,0,0,0,33,44
4,4 10 18 21,4,a04 a10 a18 a21,0,0,0,0,39,44
4,4 10 18 24,0,,1,1,1,0,0,109
4,4 10 18 24,1,a04,0,0,0,0,74,109
4,4 10 18 24,1,a10,1,0,1,1,42,109
4,4 10 18 24,2,a04 a10,0,0,0,0,78,109
4,4 10 18 24,1,a18,1,1,1,0,67,109
4,4 10 18 24,2,a04 a18,0,0,0,0,91,109
4,4 10 18 24,2,a10 a18,0,0,0,0,71,109
4,4 10 18 24,3,a04 a10 a18,0,0,0,0,94,109
4,4 10 18 24,1,a24,0,0,0,0,67,109
4,4 10 18 24,2,a04 a24,0,0,0,0,91,109
4,4 10 18 24,2,a10 a24,0,0,0,0,77,109
4,4 10 18 24,3,a04 a10 a24,0,0,0,0,93,109
4,4 10 18 24,2,a18 a24,0,0,0,0,90,109
4,4 10 18 24,3,a04 a18 a24,0,0,0,0,100,109
4,4 10 18 24,3,a10 a18 a24,0,0,0,0,93,109
4,4 10 18 24,4,a04 a10 a18 a24,0,0,0,0,102,109
4,4 10 19 21,0,,1,1,1,0,0,58
4,4 10 19 21,1,a04,0,0,0,0,31,58
4,4 10 19 21,1,a10,1,1,1,0,7,58
4,4 10 19 21,2,a04 a10,0,0,0,0,38,58
4,4 10 19 21,1,a19,1,1,1,0,19,58
4,4 10 19 21,2,a04 a19,0,0,0,0,38,58
4,4 10 19 21,2,a10 a19,1,1,1,0,26,58
4,4 10 19 21,3,a04 a10 a19,0,0,0,0,45,58
4,4 10 19 21,1,a21,0,0,0,0,19,58
4,4 10 19 21,2,a04 a21,0,0,0,0,38,58
4,4 10 19 21,2,a10 a21,0,0,0,0,26,58
4,4 10 19 21,3,a04 a10 a21,0,0,0,0,45,58
4,4 10 19 21,2,a19 a21,0,0,0,0,38,58
4,4 10 19 21,3,a04 a19 a21,0,0,0,0,45,58
4,4 10 19 21,3,a10 a19 a21,0,0,0,0,45,58
4,4 10 19 21,4,a04 a10 a19 a21,0,0,0,0,52,58
4,4 10 19 24,0,,1,1,1,0,0,214
4,4 10 19 24,1,a04,0,0,0,0,136,214
4,4 10 19 24,1,a10,0,0,0,0,60,214
4,4 10 19 24,2,a04 a10,0,0,0,0,168,214
4,4 10 19 24,1,a19,1,1,1,0,97,214
4,4 10 19 24,2,a04 a19,0,0,0,0,159,214
4,4 10 19 24,2,a10 a19,0,0,0,0,157,214
4,4 10 19 24,3,a04 a10 a19,0,0,0,0,191,214
4,4 10 19 24,1,a24,0,0,0,0,144,214
4,4 10 19 24,2,a04 a24,0,0,0,0,179,214
4,4 10 19 24,2,a10 a24,0,0,0,0,157,214
4,4 10 19 24,3,a04 a10 a24,0,0,0,0,191,214
4,4 10 19 24,2,a19 a24,0,0,0,0,176,214
4,4 10 19 24,3,a04 a19 a24,0,0,0,0,191,214
4,4 10 19 24,3,a10 a19 a24,0,0,0,0,189,214
4,4 10 19 24,4,a04 a10 a19 a24,0,0,0,0,203,214
4,4 10 20 21,0,,1,1,1,0,0,58
4,4 10 20 21,1,a04,0,0,0,0,31,58
4,4 10 20 21,1,a10,1,1,1,0,7,58
4,4 10 20 21,2,a04 a10,0,0,0,0,38,58
4,4 10 20 21,1,a20,1,1,1,0,19,58
4,4 10 20 21,2,a04 a20,0,0,0,0,38,58
4,4 10 20 21,2,a10 a20,1,1,1,0,26,58
4,4 10 20 21,3,a04 a10 a20,0,0,0,0,45,58
4,4 10 20 21,1,a21,0,0,0,0,19,58
4,4 10 20 21,2,a04 a21,0,0,0,0,38,58
4,4 10 20 21,2,a10 a21,0,0,0,0,26,58
4,4 10 20 21,3,a04 a10 a21,0,0,0,0,45,58
4,4 10 20 21,2,a20 a21,0,0,0,0,38,58
4,4 10 20 21,3,a04 a20 a21,0,0,0,0,45,58
4,4 10 20 21,3,a10 a20 a21,0,0,0,0,45,58
4,4 10 20 21,4,a04 a10 a20 a21,0,0,0,0,52,58
4,4 10 20 22,0,,1,1,1,0,0,132
4,4 10 20 22,1,a04,0,0,0,0,85,132
4,4 10 20 22,1,a10,1,1,1,0,9,132
4,4 10 20 22,2,a04 a10,0,0,0,0,94,132
4,4 10 20 22,1,a20,0,0,0,0,77,132
4,4 10 20 22,2,a04 a20,0,0,0,0,104,132
4,4 10 20 22,2,a10 a20,0,0,0,0,86,132
4,4 10 20 22,3,a04 a10 a20,0,0,0,0,113,132
4,4 10 20 22,1,a22,0,0,0,0,77,132
4,4 10 20 22,2,a04 a22,0,0,0,0,104,132
4,4 10 20 22,2,a10 a22,0,0,0,0,86,132
4,4 10 20 22,3,a04 a10 a22,0,0,0,0,113,132
4,4 10 20 22,2,a20 a22,0,0,0,0,103,132
4,4 10 20 22,3,a04 a20 a22,0,0,0,0,114,132
4,4 10 20 22,3,a10 a20 a22,0,0,0,0,112,132
4,4 10 20 22,4,a04 a10 a20 a22,0,0,0,0,123,132
4,4 10 20 24,0,,1,1,1,0,0,116
4,4 10 20 24,1,a04,0,0,0,0,64,116
4,4 10 20 24,1,a10,0,0,0,0,48,116
4,4 10 20 24,2,a04 a10,0,0,0,0,90,116
4,4 10 20 24,1,a20,1,1,1,0,25,116
4,4 10 20 24,2,a04 a20,0,0,0,0,73,116
4,4 10 20 24,2,a10 a20,0,0,0,0,73,116
4,4 10 20 24,3,a04 a10 a20,0,0,0,0,99,116
4,4 10 20 24,1,a24,0,0,0,0,62,116
4,4 10 20 24,2,a04 a24,0,0,0,0,89,116
4,4 10 20 24,2,a10 a24,0,0,0,0,73,116
4,4 10 20 24,3,a04 a10 a24,0,0,0,0,99,116
4,4 10 20 24,2,a20 a24,0,0,0,0,87,116
4,4 10 20 24,3,a04 a20 a24,0,0,0,0,98,116
4,4 10 20 24,3,a10 a20 a24,0,0,0,0,98,116
4,4 10 20 24,4,a04 a10 a20 a24,0,0,0,0,108,116
4,4 10 20 25,0,,1,1,1,0,0,364
4,4 10 20 25,1,a04,0,0,0,0,253,364
4,4 10 20 25,1,a10,0,0,0,0,175,364
4,4 10 20 25,2,a04 a10,0,0,0,0,306,364
4,4 10 20 25,1,a20,0,0,0,0,218,364
4,4 10 20 25,2,a04 a20,0,0,0,0,295,364
4,4 10 20 25,2,a10 a20,0,0,0,0,294,364
4,4 10 20 25,3,a04 a10 a20,0,0,0,0,335,364
4,4 10 20 25,1,a25,0,0,0,0,268,364
4,4 10 20 25,2,a04 a25,0,0,0,0,316,364
4,4 10 20 25,2,a10 a25,0,0,0,0,292,364
4,4 10 20 25,3,a04 a10 a25,0,0,0,0,333,364
4,4 10 20 25,2,a20 a25,0,0,0,0,313,364
4,4 10 20 25,3,a04 a20 a25,0,0,0,0,333,364
4,4 10 20 25,3,a10 a20 a25,0,0,0,0,332,364
4,4 10 20 25,4,a04 a10 a20 a25,0,0,0,0,349,364
4,4 10 21 22,0,,1,1,1,0,0,58
4,4 10 21 22,1,a04,0,0,0,0,31,58
4,4 10 21 22,1,a10,1,1,1,0,7,58
4,4 10 21 22,2,a04 a10,0,0,0,0,38,58
4,4 10 21 22,1,a21,0,0,0,0,19,58
4,4 10 21 22,2,a04 a21,0,0,0,0,38,58
4,4 10 21 22,2,a10 a21,0,0,0,0,26,58
4,4 10 21 22,3,a04 a10 a21,0,0,0,0,45,58
4,4 10 21 22,1,a22,1,1,1,0,19,58
4,4 10 21 22,2,a04 a22,0,0,0,0,38,58
4,4 10 21 22,2,a10 a22,1,1,1,0,26,58
4,4 10 21 22,3,a04 a10 a22,0,0,0,0,45,58
4,4 10 21 22,2,a21 a22,0,0,0,0,38,58
4,4 10 21 22,3,a04 a21 a22,0,0,0,0,45,58
4,4 10 21 22,3,a10 a21 a22,0,0,0,0,45,58
4,4 10 21 22,4,a04 a10 a21 a22,0,0,0,0,52,58
4,4 10 21 23,0,,1,1,1,0,0,116
4,4 10 21 23,1,a04,0,0,0,0,64,116
4,4 10 21 23,1,a10,1,1,1,0,48,116
4,4 10 21 23,2,a04 a10,0,0,0,0,90,116
4,4 10 21 23,1,a21,0,0,0,0,25,116
4,4 10 21 23,2,a04 a21,0,0,0,0,73,116
4,4 10 21 23,2,a10 a21,0,0,0,0,73,116
4,4 10 21 23,3,a04 a10 a21,0,0,0,0,99,116
4,4 10 21 23,1,a23,1,1,1,0,62,116
4,4 10 21 23,2,a04 a23,0,0,0,0,89,116
4,4 10 21 23,2,a10 a23,1,1,1,0,73,116
4,4 10 21 23,3,a04 a10 a23,0,0,0,0,99,116
4,4 10 21 23,2,a21 a23,0,0,0,0,87,116
4,4 10 21 23,3,a04 a21 a23,0,0,0,0,98,116
4,4 10 21 23,3,a10 a21 a23,0,0,0,0,98,116
4,4 10 21 23,4,a04 a10 a21 a23,0,0,0,0,108,116
4,4 10 21 24,0,,1,1,1,0,0,70
4,4 10 21 24,1,a04,0,0,0,0,36,70
4,4 10 21 24,1,a10,1,1,1,0,36,70
4,4 10 21 24,2,a04 a10,0,0,0,0,56,70
4,4 10 21 24,1,a21,1,0,1,1,19,70
4,4 10 21 24,2,a04 a21,0,0,0,0,43,70
4,4 10 21 24,2,a10 a21,0,0,0,0,38,70
4,4 10 21 24,3,a04 a10 a21,0,0,0,0,57,70
4,4 10 21 24,1,a24,1,1,1,0,46,70
4,4 10 21 24,2,a04 a24,0,0,0,0,55,70
4,4 10 21 24,2,a10 a24,1,1,1,0,55,70
4,4 10 21 24,3,a04 a10 a24,0,0,0,0,63,70
4,4 10 21 24,2,a21 a24,0,0,0,0,49,70
4,4 10 21 24,3,a04 a21 a24,0,0,0,0,56,70
4,4 10 21 24,3,a10 a21 a24,0,0,0,0,57,70
4,4 10 21 24,4,a04 a10 a21 a24,0,0,0,0,64,70
4,4 10 21 25,0,,1,1,1,0,0,116
4,4 10 21 25,1,a04,0,0,0,0,64,116
4,4 10 21 25,1,a10,1,1,1,0,48,116
4,4 10 21 25,2,a04 a10,0,0,0,0,90,116
4,4 10 21 25,1,a21,0,0,0,0,25,116
4,4 10 21 25,2,a04 a21,0,0,0,0,73,116
4,4 10 21 25,2,a10 a21,0,0,0,0,73,116
4,4 10 21 25,3,a04 a10 a21,0,0,0,0,99,116
4,4 10 21 25,1,a25,1,1,1,0,62,116
4,4 10 21 25,2,a04 a25,0,0,0,0,89,116
4,4 10 21 25,2,a10 a25,1,1,1,0,73,116
4,4 10 21 25,3,a04 a10 a25,0,0,0,0,99,116
4,4 10 21 25,2,a21 a25,0,0,0,0,87,116
4,4 10 21 25,3,a04 a21 a25,0,0,0,0,98,116
4,4 10 21 25,3,a10 a21 a25,0,0,0,0,98,116
4,4 10 21 25,4,a04 a10 a21 a25,0,0,0,0,108,116
4,4 10 22 23,0,,1,1,1,0,0,364
4,4 10 22 23,1,a04,0,0,0,0,253,364
4,4 10 22 23,1,a10,0,0,0,0,175,364
4,4 10 22 23,2,a04 a10,0,0,0,0,306,364
4,4 10 22 23,1,a22,0,0,0,0,218,364
4,4 10 22 23,2,a04 a22,0,0,0,0,295,364
4,4 10 22 23,2,a10 a22,0,0,0,0,294,364
4,4 10 22 23,3,a04 a10 a22,0,0,0,0,335,364
4,4 10 22 23,1,a23,0,0,0,0,268,364
4,4 10 22 23,2,a04 a23,0,0,0,0,316,364
4,4 10 22 23,2,a10 a23,0,0,0,0,292,364
4,4 10 22 23,3,a04 a10 a23,0,0,0,0,333,364
4,4 10 22 23,2,a22 a23,0,0,0,0,313,364
4,4 10 22 23,3,a04 a22 a23,0,0,0,0,333,364
4,4 10 22 23,3,a10 a22 a23,0,0,0,0,332,364
4,4 10 22 23,4,a04 a10 a22 a23,0,0,0,0,349,364
4,4 10 22 24,0,,1,1,1,0,0,116
4,4 10 22 24,1,a04,0,0,0,0,64,116
4,4 10 22 24,1,a10,0,0,0,0,48,116
4,4 10 22 24,2,a04 a10,0,0,0,0,90,116
4,4 10 22 24,1,a22,1,1,1,0,25,116
4,4 10 22 24,2,a04 a22,0,0,0,0,73,116
4,4 10 22 24,2,a10 a22,0,0,0,0,73,116
4,4 10 22 24,3,a04 a10 a22,0,0,0,0,99,116
4,4 10 22 24,1,a24,0,0,0,0,62,116
4,4 10 22 24,2,a04 a24,0,0,0,0,89,116
4,4 10 22 24,2,a10 a24,0,0,0,0,73,116
4,4 10 22 24,3,a04 a10 a24,0,0,0,0,99,116
4,4 10 22 24,2,a22 a24,0,0,0,0,87,116
4,4 10 22 24,3,a04 a22 a24,0,0,0,0,98,116
4,4 10 22 24,3,a10 a22 a24,0,0,0,0,98,116
4,4 10 22 24,4,a04 a10 a22 a24,0,0,0,0,108,116
4,4 10 23 24,0,,1,1,1,0,0,194
4,4 10 23 24,1,a04,0,0,0,0,109,194
4,4 10 23 24,1,a10,0,0,0,0,109,194
4,4 10 23 24,2,a04 a10,0,0,0,0,162,194
4,4 10 23 24,1,a23,1,1,1,0,78,194
4,4 10 23 24,2,a04 a23,0,0,0,0,140,194
4,4 10 23 24,2,a10 a23,0,0,0,0,140,194
4,4 10 23 24,3,a04 a10 a23,0,0,0,0,173,194
4,4 10 23 24,1,a24,0,0,0,0,78,194
4,4 10 23 24,2,a04 a24,0,0,0,0,140,194
4,4 10 23 24,2,a10 a24,0,0,0,0,140,194
4,4 10 23 24,3,a04 a10 a24,0,0,0,0,173,194
4,4 10 23 24,2,a23 a24,0,0,0,0,156,194
4,4 10 23 24,3,a04 a23 a24,0,0,0,0,171,194
4,4 10 23 24,3,a10 a23 a24,0,0,0,0,171,194
4,4 10 23 24,4,a04 a10 a23 a24,0,0,0,0,184,194
4,4 10 23 25,0,,1,1,1,0,0,606
4,4 10 23 25,1,a04,0,0,0,0,416,606
4,4 10 23 25,1,a10,0,0,0,0,416,606
4,4 10 23 25,2,a04 a10,0,0,0,0,532,606
4,4 10 23 25,1,a23,0,0,0,0,420,606
4,4 10 23 25,2,a04 a23,0,0,0,0,517,606
4,4 10 23 25,2,a10 a23,0,0,0,0,517,606
4,4 10 23 25,3,a04 a10 a23,0,0,0,0,565,606
4,4 10 23 25,1,a25,0,0,0,0,420,606
4,4 10 23 25,2,a04 a25,0,0,0,0,517,606
4,4 10 23 25,2,a10 a25,0,0,0,0,517,606
4,4 10 23 25,3,a04 a10 a25,0,0,0,0,565,606
4,4 10 23 25,2,a23 a25,0,0,0,0,536,606
4,4 10 23 25,3,a04 a23 a25,0,0,0,0,563,606
4,4 10 23 25,3,a10 a23 a25,0,0,0,0,563,606
4,4 10 23 25,4,a04 a10 a23 a25,0,0,0,0,583,606
4,4 10 24 25,0,,1,1,1,0,0,194
4,4 10 24 25,1,a04,0,0,0,0,109,194
4,4 10 24 25,1,a10,0,0,0,0,109,194
4,4 10 24 25,2,a04 a10,0,0,0,0,162,194
4,4 10 24 25,1,a24,0,0,0,0,78,194
4,4 10 24 25,2,a04 a24,0,0,0,0,140,194
4,4 10 24 25,2,a10 a24,0,0,0,0,140,194
4,4 10 24 25,3,a04 a10 a24,0,0,0,0,173,194
4,4 10 24 25,1,a25,1,1,1,0,78,194
4,4 10 24 25,2,a04 a25,0,0,0,0,140,194
4,4 10 24 25,2,a10 a25,0,0,0,0,140,194
4,4 10 24 25,3,a04 a10 a25,0,0,0,0,173,194
4,4 10 24 25,2,a24 a25,0,0,0,0,156,194
4,4 10 24 25,3,a04 a24 a25,0,0,0,0,171,194
4,4 10 24 25,3,a10 a24 a25,0,0,0,0,171,194
4,4 10 24 25,4,a04 a10 a24 a25,0,0,0,0,184,194
4,4 11 12 13,0,,1,1,1,0,0,58
4,4 11 12 13,1,a04,1,1,1,0,7,58
4,4 11 12 13,1,a11,1,1,1,0,19,58
4,4 11 12 13,2,a04 a11,1,1,1,0,26,58
4,4 11 12 13,1,a12,0,0,0,0,31,58
4,4 11 12 13,2,a04 a12,0,0,0,0,38,58
4,4 11 12 13,2,a11 a12,0,0,0,0,38,58
4,4 11 12 13,3,a04 a11 a12,0,0,0,0,45,58
4,4 11 12 13,1,a13,0,0,0,0,19,58
4,4 11 12 13,2,a04 a13,0,0,0,0,26,58
4,4 11 12 13,2,a11 a13,0,0,0,0,38,58
4,4 11 12 13,3,a04 a11 a13,0,0,0,0,45,58
4,4 11 12 13,2,a12 a13,0,0,0,0,38,58
4,4 11 12 13,3,a04 a12 a13,0,0,0,0,45,58
4,4 11 12 13,3,a11 a12 a13,0,0,0,0,45,58
4,4 11 12 13,4,a04 a11 a12 a13,0,0,0,0,52,58
4,4 11 12 15,0,,1,1,1,0,0,88
4,4 11 12 15,1,a04,1,1,1,0,8,88
4,4 11 12 15,1,a11,0,0,0,0,54,88
4,4 11 12 15,2,a04 a11,0,0,0,0,62,88
4,4 11 12 15,1,a12,0,0,0,0,42,88
4,4 11 12 15,2,a04 a12,0,0,0,0,50,88
4,4 11 12 15,2,a11 a12,0,0,0,0,64,88
4,4 11 12 15,3,a04 a11 a12,0,0,0,0,72,88
4,4 11 12 15,1,a15,0,0,0,0,42,88
4,4 11 12 15,2,a04 a15,0,0,0,0,50,88
4,4 11 12 15,2,a11 a15,0,0,0,0,64,88
4,4 11 12 15,3,a04 a11 a15,0,0,0,0,72,88
4,4 11 12 15,2,a12 a15,0,0,0,0,65,88
4,4 11 12 15,3,a04 a12 a15,0,0,0,0,73,88
4,4 11 12 15,3,a11 a12 a15,0,0,0,0,73,88
4,4 11 12 15,4,a04 a11 a12 a15,0,0,0,0,81,88
4,4 11 12 16,0,,1,1,1,0,0,132
4,4 11 12 16,1,a04,1,1,1,0,9,132
4,4 11 12 16,1,a11,0,0,0,0,77,132
4,4 11 12 16,2,a04 a11,0,0,0,0,86,132
4,4 11 12 16,1,a12,0,0,0,0,85,132
4,4 11 12 16,2,a04 a12,0,0,0,0,94,132
4,4 11 12 16,2,a11 a12,0,0,0,0,104,132
4,4 11 12 16,3,a04 a11 a12,0,0,0,0,113,132
4,4 11 12 16,1,a16,0,0,0,0,77,132
4,4 11 12 16,2,a04 a16,0,0,0,0,86,132
4,4 11 12 16,2,a11 a16,0,0,0,0,103,132
4,4 11 12 16,3,a04 a11 a16,0,0,0,0,112,132
4,4 11 12 16,2,a12 a16,0,0,0,0,104,132
4,4 11 12 16,3,a04 a12 a16,0,0,0,0,113,132
4,4 11 12 16,3,a11 a12 a16,0,0,0,0,114,132
4,4 11 12 16,4,a04 a11 a12 a16,0,0,0,0,123,132
4,4 11 12 21,0,,1,1,1,0,0,58
4,4 11 12 21,1,a04,0,0,0,0,19,58
4,4 11 12 21,1,a11,1,1,1,0,19,58
4,4 11 12 21,2,a04 a11,0,0,0,0,38,58
4,4 11 12 21,1,a12,1,1,1,0,19,58
4,4 11 12 21,2,a04 a12,0,0,0,0,38,58
4,4 11 12 21,2,a11 a12,1,1,1,0,26,58
4,4 11 12 21,3,a04 a11 a12,0,0,0,0,45,58
4,4 11 12 21,1,a21,0,0,0,0,19,58
4,4 11 12 21,2,a04 a21,0,0,0,0,26,58
4,4 11 12 21,2,a11 a21,0,0,0,0,38,58
4,4 11 12 21,3,a04 a11 a21,0,0,0,0,45,58
4,4 11 12 21,2,a12 a21,0,0,0,0,38,58
4,4 11 12 21,3,a04 a12 a21,0,0,0,0,45,58
4,4 11 12 21,3,a11 a12 a21,0,0,0,0,45,58
4,4 11 12 21,4,a04 a11 a12 a21,0,0,0,0,52,58
4,4 11 12 22,0,,1,1,1,0,0,116
4,4 11 12 22,1,a04,0,0,0,0,48,116
4,4 11 12 22,1,a11,1,1,1,0,25,116
4,4 11 12 22,2,a04 a11,0,0,0,0,73,116
4,4 11 12 22,1,a12,0,0,0,0,64,116
4,4 11 12 22,2,a04 a12,0,0,0,0,90,116
4,4 11 12 22,2,a11 a12,0,0,0,0,73,116
4,4 11 12 22,3,a04 a11 a12,0,0,0,0,99,116
4,4 11 12 22,1,a22,0,0,0,0,62,116
4,4 11 12 22,2,a04 a22,0,0,0,0,73,116
4,4 11 12 22,2,a11 a22,0,0,0,0,87,116
4,4 11 12 22,3,a04 a11 a22,0,0,0,0,98,116
4,4 11 12 22,2,a12 a22,0,0,0,0,89,116
4,4 11 12 22,3,a04 a12 a22,0,0,0,0,99,116
4,4 11 12 22,3,a11 a12 a22,0,0,0,0,98,116
4,4 11 12 22,4,a04 a11 a12 a22,0,0,0,0,108,116
4,4 11 12 24,0,,1,1,1,0,0,214
4,4 11 12 24,1,a04,0,0,0,0,98,214
4,4 11 12 24,1,a11,0,0,0,0,142,214
4,4 11 12 24,2,a04 a11,0,0,0,0,177,214
4,4 11 12 24,1,a12,0,0,0,0,98,214
4,4 11 12 24,2,a04 a12,0,0,0,0,159,214
4,4 11 12 24,2,a11 a12,0,0,0,0,158,214
4,4 11 12 24,3,a04 a11 a12,0,0,0,0,191,214
4,4 11 12 24,1,a24,0,0,0,0,142,214
4,4 11 12 24,2,a04 a24,0,0,0,0,158,214
4,4 11 12 24,2,a11 a24,0,0,0,0,176,214
4,4 11 12 24,3,a04 a11 a24,0,0,0,0,190,214
4,4 11 12 24,2,a12 a24,0,0,0,0,177,214
4,4 11 12 24,3,a04 a12 a24,0,0,0,0,191,214
4,4 11 12 24,3,a11 a12 a24,0,0,0,0,190,214
4,4 11 12 24,4,a04 a11 a12 a24,0,0,0,0,203,214
4,4 11 12 25,0,,1,1,1,0,0,364
4,4 11 12 25,1,a04,0,0,0,0,175,364
4,4 11 12 25,1,a11,0,0,0,0,218,364
4,4 11 12 25,2,a04 a11,0,0,0,0,294,364
4,4 11 12 25,1,a12,0,0,0,0,253,364
4,4 11 12 25,2,a04 a12,0,0,0,0,306,364
4,4 11 12 25,2,a11 a12,0,0,0,0,295,364
4,4 11 12 25,3,a04 a11 a12,0,0,0,0,335,364
4,4 11 12 25,1,a25,0,0,0,0,268,364
4,4 11 12 25,2,a04 a25,0,0,0,0,292,364
4,4 11 12 25,2,a11 a25,0,0,0,0,313,364
4,4 11 12 25,3,a04 a11 a25,0,0,0,0,332,364
4,4 11 12 25,2,a12 a25,0,0,0,0,316,364
4,4 11 12 25,3,a04 a12 a25,0,0,0,0,333,364
4,4 11 12 25,3,a11 a12 a25,0,0,0,0,333,364
4,4 11 12 25,4,a04 a11 a12 a25,0,0,0,0,349,364
4,4 11 13 20,0,,1,1,1,0,0,157
4,4 11 13 20,1,a04,0,0,0,0,80,157
4,4 11 13 20,1,a11,1,1,1,0,54,157
4,4 11 13 20,2,a04 a11,0,0,0,0,109,157
4,4 11 13 20,1,a13,0,0,0,0,54,157
4,4 11 13 20,2,a04 a13,0,0,0,0,109,157
4,4 11 13 20,2,a11 a13,0,0,0,0,108,157
4,4 11 13 20,3,a04 a11 a13,0,0,0,0,138,157
4,4 11 13 20,1,a20,0,0,0,0,112,157
4,4 11 13 20,2,a04 a20,0,0,0,0,126,157
4,4 11 13 20,2,a11 a20,0,0,0,0,124,157
4,4 11 13 20,3,a04 a11 a20,0,0,0,0,137,157
4,4 11 13 20,2,a13 a20,0,0,0,0,124,157
4,4 11 13 20,3,a04 a13 a20,0,0,0,0,137,157
4,4 11 13 20,3,a11 a13 a20,0,0,0,0,136,157
4,4 11 13 20,4,a04 a11 a13 a20,0,0,0,0,148,157
4,4 11 13 21,0,,1,1,1,0,0,39
4,4 11 13 21,1,a04,0,0,0,0,16,39
4,4 11 13 21,1,a11,1,1,1,0,6,39
4,4 11 13 21,2,a04 a11,0,0,0,0,22,39
4,4 11 13 21,1,a13,1,1,1,0,6,39
4,4 11 13 21,2,a04 a13,0,0,0,0,22,39
4,4 11 13 21,2,a11 a13,1,1,1,0,12,39
4,4 11 13 21,3,a04 a11 a13,0,0,0,0,28,39
4,4 11 13 21,1,a21,0,0,0,0,16,39
4,4 11 13 21,2,a04 a21,0,0,0,0,22,39
4,4 11 13 21,2,a11 a21,0,0,0,0,22,39
4,4 11 13 21,3,a04 a11 a21,0,0,0,0,28,39
4,4 11 13 21,2,a13 a21,0,0,0,0,22,39
4,4 11 13 21,3,a04 a13 a21,0,0,0,0,28,39
4,4 11 13 21,3,a11 a13 a21,0,0,0,0,28,39
4,4 11 13 21,4,a04 a11 a13 a21,0,0,0,0,34,39
4,4 11 14 21,0,,1,1,1,0,0,39
4,4 11 14 21,1,a04,0,0,0,0,16,39
4,4 11 14 21,1,a11,1,1,1,0,6,39
4,4 11 14 21,2,a04 a11,0,0,0,0,22,39
4,4 11 14 21,1,a14,1,1,1,0,6,39
4,4 11 14 21,2,a04 a14,0,0,0,0,22,39
4,4 11 14 21,2,a11 a14,1,1,1,0,12,39
4,4 11 14 21,3,a04 a11 a14,0,0,0,0,28,39
4,4 11 14 21,1,a21,0,0,0,0,16,39
4,4 11 14 21,2,a04 a21,0,0,0,0,22,39
4,4 11 14 21,2,a11 a21,0,0,0,0,22,39
4,4 11 14 21,3,a04 a11 a21,0,0,0,0,28,39
4,4 11 14 21,2,a14 a21,0,0,0,0,22,39
4,4 11 14 21,3,a04 a14 a21,0,0,0,0,28,39
4,4 11 14 21,3,a11 a14 a21,0,0,0,0,28,39
4,4 11 14 21,4,a04 a11 a14 a21,0,0,0,0,34,39
4,4 11 15 17,0,,1,1,1,0,0,364
4,4 11 15 17,1,a04,0,0,0,0,175,364
4,4 11 15 17,1,a11,0,0,0,0,218,364
4,4 11 15 17,2,a04 a11,0,0,0,0,294,364
4,4 11 15 17,1,a15,0,0,0,0,253,364
4,4 11 15 17,2,a04 a15,0,0,0,0,306,364
4,4 11 15 17,2,a11 a15,0,0,0,0,295,364
4,4 11 15 17,3,a04 a11 a15,0,0,0,0,335,364
4,4 11 15 17,1,a17,0,0,0,0,268,364
4,4 11 15 17,2,a04 a17,0,0,0,0,292,364
4,4 11 15 17,2,a11 a17,0,0,0,0,313,364
4,4 11 15 17,3,a04 a11 a17,0,0,0,0,332,364
4,4 11 15 17,2,a15 a17,0,0,0,0,316,364
4,4 11 15 17,3,a04 a15 a17,0,0,0,0,333,364
4,4 11 15 17,3,a11 a15 a17,0,0,0,0,333,364
4,4 11 15 17,4,a04 a11 a15 a17,0,0,0,0,349,364
4,4 11 15 18,0,,1,1,1,0,0,116
4,4 11 15 18,1,a04,0,0,0,0,48,116
4,4 11 15 18,1,a11,1,1,1,0,25,116
4,4 11 15 18,2,a04 a11,0,0,0,0,73,116
4,4 11 15 18,1,a15,0,0,0,0,64,116
4,4 11 15 18,2,a04 a15,0,0,0,0,90,116
4,4 11 15 18,2,a11 a15,0,0,0,0,73,116
4,4 11 15 18,3,a04 a11 a15,0,0,0,0,99,116
4,4 11 15 18,1,a18,0,0,0,0,62,116
4,4 11 15 18,2,a04 a18,0,0,0,0,73,116
4,4 11 15 18,2,a11 a18,0,0,0,0,87,116
4,4 11 15 18,3,a04 a11 a18,0,0,0,0,98,116
4,4 11 15 18,2,a15 a18,0,0,0,0,89,116
4,4 11 15 18,3,a04 a15 a18,0,0,0,0,99,116
4,4 11 15 18,3,a11 a15 a18,0,0,0,0,98,116
4,4 11 15 18,4,a04 a11 a15 a18,0,0,0,0,108,116
4,4 11 15 20,0,,1,1,1,0,0,214
4,4 11 15 20,1,a04,0,0,0,0,98,214
4,4 11 15 20,1,a11,0,0,0,0,142,214
4,4 11 15 20,2,a04 a11,0,0,0,0,177,214
4,4 11 15 20,1,a15,0,0,0,0,98,214
4,4 11 15 20,2,a04 a15,0,0,0,0,159,214
4,4 11 15 20,2,a11 a15,0,0,0,0,158,214
4,4 11 15 20,3,a04 a11 a15,0,0,0,0,191,214
4,4 11 15 20,1,a20,0,0,0,0,142,214
4,4 11 15 20,2,a04 a20,0,0,0,0,158,214
4,4 11 15 20,2,a11 a20,0,0,0,0,176,214
4,4 11 15 20,3,a04 a11 a20,0,0,0,0,190,214
4,4 11 15 20,2,a15 a20,0,0,0,0,177,214
4,4 11 15 20,3,a04 a15 a20,0,0,0,0,191,214
4,4 11 15 20,3,a11 a15 a20,0,0,0,0,190,214
4,4 11 15 20,4,a04 a11 a15 a20,0,0,0,0,203,214
4,4 11 15 21,0,,1,1,1,0,0,58
4,4 11 15 21,1,a04,0,0,0,0,19,58
4,4 11 15 21,1,a11,1,1,1,0,19,58
4,4 11 15 21,2,a04 a11,0,0,0,0,38,58
4,4 11 15 21,1,a15,1,1,1,0,19,58
4,4 11 15 21,2,a04 a15,0,0,0,0,38,58
4,4 11 15 21,2,a11 a15,1,1,1,0,26,58
4,4 11 15 21,3,a04 a11 a15,0,0,0,0,45,58
4,4 11 15 21,1,a21,0,0,0,0,19,58
4,4 11 15 21,2,a04 a21,0,0,0,0,26,58
4,4 11 15 21,2,a11 a21,0,0,0,0,38,58
4,4 11 15 21,3,a04 a11 a21,0,0,0,0,45,58
4,4 11 15 21,2,a15 a21,0,0,0,0,38,58
4,4 11 15 21,3,a04 a15 a21,0,0,0,0,45,58
4,4 11 15 21,3,a11 a15 a21,0,0,0,0,45,58
4,4 11 15 21,4,a04 a11 a15 a21,0,0,0,0,52,58
4,4 11 16 20,0,,1,1,1,0,0,472
4,4 11 16 20,1,a04,0,0,0,0,276,472
4,4 11 16 20,1,a11,0,0,0,0,310,472
4,4 11 16 20,2,a04 a11,0,0,0,0,393,472
4,4 11 16 20,1,a16,0,0,0,0,310,472
4,4 11 16 20,2,a04 a16,0,0,0,0,393,472
4,4 11 16 20,2,a11 a16,0,0,0,0,390,472
4,4 11 16 20,3,a04 a11 a16,0,0,0,0,436,472
4,4 11 16 20,1,a20,0,0,0,0,378,472
4,4 11 16 20,2,a04 a20,0,0,0,0,405,472
4,4 11 16 20,2,a11 a20,0,0,0,0,416,472
4,4 11 16 20,3,a04 a11 a20,0,0,0,0,436,472
4,4 11 16 20,2,a16 a20,0,0,0,0,416,472
4,4 11 16 20,3,a04 a16 a20,0,0,0,0,436,472
4,4 11 16 20,3,a11 a16 a20,0,0,0,0,434,472
4,4 11 16 20,4,a04 a11 a16 a20,0,0,0,0,453,472
4,4 11 16 21,0,,1,1,1,0,0,58
4,4 11 16 21,1,a04,0,0,0,0,19,58
4,4 11 16 21,1,a11,1,1,1,0,19,58
4,4 11 16 21,2,a04 a11,0,0,0,0,38,58
4,4 11 16 21,1,a16,1,1,1,0,19,58
4,4 11 16 21,2,a04 a16,0,0,0,0,38,58
4,4 11 16 21,2,a11 a16,1,1,1,0,26,58
4,4 11 16 21,3,a04 a11 a16,0,0,0,0,45,58
4,4 11 16 21,1,a21,0,0,0,0,19,58
4,4 11 16 21,2,a04 a21,0,0,0,0,26,58
4,4 11 16 21,2,a11 a21,0,0,0,0,38,58
4,4 11 16 21,3,a04 a11 a21,0,0,0,0,45,58
4,4 11 16 21,2,a16 a21,0,0,0,0,38,58
4,4 11 16 21,3,a04 a16 a21,0,0,0,0,45,58
4,4 11 16 21,3,a11 a16 a21,0,0,0,0,45,58
4,4 11 16 21,4,a04 a11 a16 a21,0,0,0,0,52,58
4,4 11 17 21,0,,1,1,1,0,0,116
4,4 11 17 21,1,a04,0,0,0,0,64,116
4,4 11 17 21,1,a11,1,1,1,0,48,116
4,4 11 17 21,2,a04 a11,0,0,0,0,90,116
4,4 11 17 21,1,a17,1,1,1,0,62,116
4,4 11 17 21,2,a04 a17,0,0,0,0,89,116
4,4 11 17 21,2,a11 a17,1,1,1,0,73,116
4,4 11 17 21,3,a04 a11 a17,0,0,0,0,99,116
4,4 11 17 21,1,a21,0,0,0,0,25,116
4,4 11 17 21,2,a04 a21,0,0,0,0,73,116
4,4 11 17 21,2,a11 a21,0,0,0,0,73,116
4,4 11 17 21,3,a04 a11 a21,0,0,0,0,99,116
4,4 11 17 21,2,a17 a21,0,0,0,0,87,116
4,4 11 17 21,3,a04 a17 a21,0,0,0,0,98,116
4,4 11 17 21,3,a11 a17 a21,0,0,0,0,98,116
4,4 11 17 21,4,a04 a11 a17 a21,0,0,0,0,108,116
4,4 11 17 24,0,,1,1,1,0,0,606
4,4 11 17 24,1,a04,0,0,0,0,453,606
4,4 11 17 24,1,a11,0,0,0,0,375,606
4,4 11 17 24,2,a04 a11,0,0,0,0,531,606
4,4 11 17 24,1,a17,0,0,0,0,420,606
4,4 11 17 24,2,a04 a17,0,0,0,0,517,606
4,4 11 17 24,2,a11 a17,0,0,0,0,514,606
4,4 11 17 24,3,a04 a11 a17,0,0,0,0,564,606
4,4 11 17 24,1,a24,0,0,0,0,461,606
4,4 11 17 24,2,a04 a24,0,0,0,0,531,606
4,4 11 17 24,2,a11 a24,0,0,0,0,516,606
4,4 11 17 24,3,a04 a11 a24,0,0,0,0,565,606
4,4 11 17 24,2,a17 a24,0,0,0,0,539,606
4,4 11 17 24,3,a04 a17 a24,0,0,0,0,564,606
4,4 11 17 24,3,a11 a17 a24,0,0,0,0,562,606
4,4 11 17 24,4,a04 a11 a17 a24,0,0,0,0,583,606
4,4 11 18 21,0,,1,1,1,0,0,58
4,4 11 18 21,1,a04,0,0,0,0,31,58
4,4 11 18 21,1,a11,1,1,1,0,7,58
4,4 11 18 21,2,a04 a11,0,0,0,0,38,58
4,4 11 18 21,1,a18,1,1,1,0,19,58
4,4 11 18 21,2,a04 a18,0,0,0,0,38,58
4,4 11 18 21,2,a11 a18,1,1,1,0,26,58
4,4 11 18 21,3,a04 a11 a18,0,0,0,0,45,58
4,4 11 18 21,1,a21,0,0,0,0,19,58
4,4 11 18 21,2,a04 a21,0,0,0,0,38,58
4,4 11 18 21,2,a11 a21,0,0,0,0,26,58
4,4 11 18 21,3,a04 a11 a21,0,0,0,0,45,58
4,4 11 18 21,2,a18 a21,0,0,0,0,38,58
4,4 11 18 21,3,a04 a18 a21,0,0,0,0,45,58
4,4 11 18 21,3,a11 a18 a21,0,0,0,0,45,58
4,4 11 18 21,4,a04 a11 a18 a21,0,0,0,0,52,58
4,4 11 18 24,0,,1,1,1,0,0,214
4,4 11 18 24,1,a04,0,0,0,0,136,214
4,4 11 18 24,1,a11,1,1,1,0,60,214
4,4 11 18 24,2,a04 a11,0,0,0,0,168,214
4,4 11 18 24,1,a18,0,0,0,0,97,214
4,4 11 18 24,2,a04 a18,0,0,0,0,159,214
4,4 11 18 24,2,a11 a18,0,0,0,0,157,214
4,4 11 18 24,3,a04 a11 a18,0,0,0,0,191,214
4,4 11 18 24,1,a24,0,0,0,0,144,214
4,4 11 18 24,2,a04 a24,0,0,0,0,179,214
4,4 11 18 24,2,a11 a24,0,0,0,0,157,214
4,4 11 18 24,3,a04 a11 a24,0,0,0,0,191,214
4,4 11 18 24,2,a18 a24,0,0,0,0,176,214
4,4 11 18 24,3,a04 a18 a24,0,0,0,0,191,214
4,4 11 18 24,3,a11 a18 a24,0,0,0,0,189,214
4,4 11 18 24,4,a04 a11 a18 a24,0,0,0,0,203,214
4,4 11 19 21,0,,1,1,1,0,0,44
4,4 11 19 21,1,a04,0,0,0,0,26,44
4,4 11 19 21,1,a11,1,1,1,0,6,44
4,4 11 19 21,2,a04 a11,0,0,0,0,27,44
4,4 11 19 21,1,a19,1,1,1,0,16,44
4,4 11 19 21,2,a04 a19,0,0,0,0,32,44
4,4 11 19 21,2,a11 a19,1,1,1,0,17,44
4,4 11 19 21,3,a04 a11 a19,0,0,0,0,33,44
4,4 11 19 21,1,a21,0,0,0,0,16,44
4,4 11 19 21,2,a04 a21,0,0,0,0,32,44
4,4 11 19 21,2,a11 a21,0,0,0,0,22,44
4,4 11 19 21,3,a04 a11 a21,0,0,0,0,33,44
4,4 11 19 21,2,a19 a21,0,0,0,0,32,44
4,4 11 19 21,3,a04 a19 a21,0,0,0,0,38,44
4,4 11 19 21,3,a11 a19 a21,0,0,0,0,33,44
4,4 11 19 21,4,a04 a11 a19 a21,0,0,0,0,39,44
4,4 11 20 21,0,,1,1,1,0,0,116
4,4 11 20 21,1,a04,0,0,0,0,64,116
4,4 11 20 21,1,a11,1,1,1,0,48,116
4,4 11 20 21,2,a04 a11,0,0,0,0,90,116
4,4 11 20 21,1,a20,1,1,1,0,62,116
4,4 11 20 21,2,a04 a20,0,0,0,0,89,116
4,4 11 20 21,2,a11 a20,1,1,1,0,73,116
4,4 11 20 21,3,a04 a11 a20,0,0,0,0,99,116
4,4 11 20 21,1,a21,0,0,0,0,25,116
4,4 11 20 21,2,a04 a21,0,0,0,0,73,116
4,4 11 20 21,2,a11 a21,0,0,0,0,73,116
4,4 11 20 21,3,a04 a11 a21,0,0,0,0,99,116
4,4 11 20 21,2,a20 a21,0,0,0,0,87,116
4,4 11 20 21,3,a04 a20 a21,0,0,0,0,98,116
4,4 11 20 21,3,a11 a20 a21,0,0,0,0,98,116
4,4 11 20 21,4,a04 a11 a20 a21,0,0,0,0,108,116
4,4 11 20 22,0,,1,1,1,0,0,214
4,4 11 20 22,1,a04,0,0,0,0,136,214
4,4 11 20 22,1,a11,1,1,1,0,60,214
4,4 11 20 22,2,a04 a11,0,0,0,0,168,214
4,4 11 20 22,1,a20,0,0,0,0,144,214
4,4 11 20 22,2,a04 a20,0,0,0,0,179,214
4,4 11 20 22,2,a11 a20,0,0,0,0,157,214
4,4 11 20 22,3,a04 a11 a20,0,0,0,0,191,214
4,4 11 20 22,1,a22,0,0,0,0,97,214
4,4 11 20 22,2,a04 a22,0,0,0,0,159,214
4,4 11 20 22,2,a11 a22,0,0,0,0,157,214
4,4 11 20 22,3,a04 a11 a22,0,0,0,0,191,214
4,4 11 20 22,2,a20 a22,0,0,0,0,176,214
4,4 11 20 22,3,a04 a20 a22,0,0,0,0,191,214
4,4 11 20 22,3,a11 a20 a22,0,0,0,0,189,214
4,4 11 20 22,4,a04 a11 a20 a22,0,0,0,0,203,214
4,4 11 20 24,0,,1,1,1,0,0,364
4,4 11 20 24,1,a04,0,0,0,0,232,364
4,4 11 20 24,1,a11,0,0,0,0,251,364
4,4 11 20 24,2,a04 a11,0,0,0,0,317,364
4,4 11 20 24,1,a20,0,0,0,0,216,364
4,4 11 20 24,2,a04 a20,0,0,0,0,294,364
4,4 11 20 24,2,a11 a20,0,0,0,0,292,364
4,4 11 20 24,3,a04 a11 a20,0,0,0,0,333,364
4,4 11 20 24,1,a24,0,0,0,0,216,364
4,4 11 20 24,2,a04 a24,0,0,0,0,294,364
4,4 11 20 24,2,a11 a24,0,0,0,0,292,364
4,4 11 20 24,3,a04 a11 a24,0,0,0,0,333,364
4,4 11 20 24,2,a20 a24,0,0,0,0,314,364
4,4 11 20 24,3,a04 a20 a24,0,0,0,0,333,364
4,4 11 20 24,3,a11 a20 a24,0,0,0,0,331,364
4,4 11 20 24,4,a04 a11 a20 a24,0,0,0,0,348,364
4,4 11 20 25,0,,1,1,1,0,0,606
4,4 11 20 25,1,a04,0,0,0,0,453,606
4,4 11 20 25,1,a11,0,0,0,0,375,606
4,4 11 20 25,2,a04 a11,0,0,0,0,531,606
4,4 11 20 25,1,a20,0,0,0,0,461,606
4,4 11 20 25,2,a04 a20,0,0,0,0,531,606
4,4 11 20 25,2,a11 a20,0,0,0,0,516,606
4,4 11 20 25,3,a04 a11 a20,0,0,0,0,565,606
4,4 11 20 25,1,a25,0,0,0,0,420,606
4,4 11 20 25,2,a04 a25,0,0,0,0,517,606
4,4 11 20 25,2,a11 a25,0,0,0,0,514,606
4,4 11 20 25,3,a04 a11 a25,0,0,0,0,564,606
4,4 11 20 25,2,a20 a25,0,0,0,0,539,606
4,4 11 20 25,3,a04 a20 a25,0,0,0,0,564,606
4,4 11 20 25,3,a11 a20 a25,0,0,0,0,562,606
4,4 11 20 25,4,a04 a11 a20 a25,0,0,0,0,583,606
4,4 11 21 22,0,,1,1,1,0,0,58
4,4 11 21 22,1,a04,0,0,0,0,31,58
4,4 11 21 22,1,a11,1,1,1,0,7,58
4,4 11 21 22,2,a04 a11,0,0,0,0,38,58
4,4 11 21 22,1,a21,0,0,0,0,19,58
4,4 11 21 22,2,a04 a21,0,0,0,0,38,58
4,4 11 21 22,2,a11 a21,0,0,0,0,26,58
4,4 11 21 22,3,a04 a11 a21,0,0,0,0,45,58
4,4 11 21 22,1,a22,1,1,1,0,19,58
4,4 11 21 22,2,a04 a22,0,0,0,0,38,58
4,4 11 21 22,2,a11 a22,1,1,1,0,26,58
4,4 11 21 22,3,a04 a11 a22,0,0,0,0,45,58
4,4 11 21 22,2,a21 a22,0,0,0,0,38,58
4,4 11 21 22,3,a04 a21 a22,0,0,0,0,45,58
4,4 11 21 22,3,a11 a21 a22,0,0,0,0,45,58
4,4 11 21 22,4,a04 a11 a21 a22,0,0,0,0,52,58
4,4 11 21 23,0,,1,1,1,0,0,58
4,4 11 21 23,1,a04,0,0,0,0,31,58
4,4 11 21 23,1,a11,1,1,1,0,7,58
4,4 11 21 23,2,a04 a11,0,0,0,0,38,58
4,4 11 21 23,1,a21,0,0,0,0,19,58
4,4 11 21 23,2,a04 a21,0,0,0,0,38,58
4,4 11 21 23,2,a11 a21,0,0,0,0,26,58
4,4 11 21 23,3,a04 a11 a21,0,0,0,0,45,58
4,4 11 21 23,1,a23,1,1,1,0,19,58
4,4 11 21 23,2,a04 a23,0,0,0,0,38,58
4,4 11 21 23,2,a11 a23,1,1,1,0,26,58
4,4 11 21 23,3,a04 a11 a23,0,0,0,0,45,58
4,4 11 21 23,2,a21 a23,0,0,0,0,38,58
4,4 11 21 23,3,a04 a21 a23,0,0,0,0,45,58
4,4 11 21 23,3,a11 a21 a23,0,0,0,0,45,58
4,4 11 21 23,4,a04 a11 a21 a23,0,0,0,0,52,58
4,4 11 21 24,0,,1,1,1,0,0,116
4,4 11 21 24,1,a04,0,0,0,0,64,116
4,4 11 21 24,1,a11,1,1,1,0,48,116
4,4 11 21 24,2,a04 a11,0,0,0,0,90,116
4,4 11 21 24,1,a21,0,0,0,0,25,116
4,4 11 21 24,2,a04 a21,0,0,0,0,73,116
4,4 11 21 24,2,a11 a21,0,0,0,0,73,116
4,4 11 21 24,3,a04 a11 a21,0,0,0,0,99,116
4,4 11 21 24,1,a24,1,1,1,0,62,116
4,4 11 21 24,2,a04 a24,0,0,0,0,89,116
4,4 11 21 24,2,a11 a24,1,1,1,0,73,116
4,4 11 21 24,3,a04 a11 a24,0,0,0,0,99,116
4,4 11 21 24,2,a21 a24,0,0,0,0,87,116
4,4 11 21 24,3,a04 a21 a24,0,0,0,0,98,116
4,4 11 21 24,3,a11 a21 a24,0,0,0,0,98,116
4,4 11 21 24,4,a04 a11 a21 a24,0,0,0,0,108,116
4,4 11 21 25,0,,1,1,1,0,0,116
4,4 11 21 25,1,a04,0,0,0,0,64,116
4,4 11 21 25,1,a11,1,1,1,0,48,116
4,4 11 21 25,2,a04 a11,0,0,0,0,90,116
4,4 11 21 25,1,a21,0,0,0,0,25,116
4,4 11 21 25,2,a04 a21,0,0,0,0,73,116
4,4 11 21 25,2,a11 a21,0,0,0,0,73,116
4,4 11 21 25,3,a04 a11 a21,0,0,0,0,99,116
4,4 11 21 25,1,a25,1,1,1,0,62,116
4,4 11 21 25,2,a04 a25,0,0,0,0,89,116
4,4 11 21 25,2,a11 a25,1,1,1,0,73,116
4,4 11 21 25,3,a04 a11 a25,0,0,0,0,99,116
4,4 11 21 25,2,a21 a25,0,0,0,0,87,116
4,4 11 21 25,3,a04 a21 a25,0,0,0,0,98,116
4,4 11 21 25,3,a11 a21 a25,0,0,0,0,98,116
4,4 11 21 25,4,a04 a11 a21 a25,0,0,0,0,108,116
4,4 12 13 14,0,,1,1,1,0,0,58
4,4 12 13 14,1,a04,1,1,1,0,7,58
4,4 12 13 14,1,a12,0,0,0,0,19,58
4,4 12 13 14,2,a04 a12,0,0,0,0,26,58
4,4 12 13 14,1,a13,0,0,0,0,31,58
4,4 12 13 14,2,a04 a13,0,0,0,0,38,58
4,4 12 13 14,2,a12 a13,0,0,0,0,38,58
4,4 12 13 14,3,a04 a12 a13,0,0,0,0,45,58
4,4 12 13 14,1,a14,1,1,1,0,19,58
4,4 12 13 14,2,a04 a14,1,1,1,0,26,58
4,4 12 13 14,2,a12 a14,0,0,0,0,38,58
4,4 12 13 14,3,a04 a12 a14,0,0,0,0,45,58
4,4 12 13 14,2,a13 a14,0,0,0,0,38,58
4,4 12 13 14,3,a04 a13 a14,0,0,0,0,45,58
4,4 12 13 14,3,a12 a13 a14,0,0,0,0,45,58
4,4 12 13 14,4,a04 a12 a13 a14,0,0,0,0,52,58
4,4 12 13 15,0,,1,1,1,0,0,39
4,4 12 13 15,1,a04,1,1,1,0,6,39
4,4 12 13 15,1,a12,0,0,0,0,16,39
4,4 12 13 15,2,a04 a12,0,0,0,0,22,39
4,4 12 13 15,1,a13,0,0,0,0,16,39
4,4 12 13 15,2,a04 a13,0,0,0,0,22,39
4,4 12 13 15,2,a12 a13,0,0,0,0,22,39
4,4 12 13 15,3,a04 a12 a13,0,0,0,0,28,39
4,4 12 13 15,1,a15,1,1,1,0,6,39
4,4 12 13 15,2,a04 a15,1,1,1,0,12,39
4,4 12 13 15,2,a12 a15,0,0,0,0,22,39
4,4 12 13 15,3,a04 a12 a15,0,0,0,0,28,39
4,4 12 13 15,2,a13 a15,0,0,0,0,22,39
4,4 12 13 15,3,a04 a13 a15,0,0,0,0,28,39
4,4 12 13 15,3,a12 a13 a15,0,0,0,0,28,39
4,4 12 13 15,4,a04 a12 a13 a15,0,0,0,0,34,39
4,4 12 13 16,0,,1,1,1,0,0,58
4,4 12 13 16,1,a04,1,1,1,0,7,58
4,4 12 13 16,1,a12,0,0,0,0,31,58
4,4 12 13 16,2,a04 a12,0,0,0,0,38,58
4,4 12 13 16,1,a13,0,0,0,0,19,58
4,4 12 13 16,2,a04 a13,0,0,0,0,26,58
4,4 12 13 16,2,a12 a13,0,0,0,0,38,58
4,4 12 13 16,3,a04 a12 a13,0,0,0,0,45,58
4,4 12 13 16,1,a16,1,1,1,0,19,58
4,4 12 13 16,2,a04 a16,1,1,1,0,26,58
4,4 12 13 16,2,a12 a16,0,0,0,0,38,58
4,4 12 13 16,3,a04 a12 a16,0,0,0,0,45,58
4,4 12 13 16,2,a13 a16,0,0,0,0,38,58
4,4 12 13 16,3,a04 a13 a16,0,0,0,0,45,58
4,4 12 13 16,3,a12 a13 a16,0,0,0,0,45,58
4,4 12 13 16,4,a04 a12 a13 a16,0,0,0,0,52,58
4,4 12 13 17,0,,1,1,1,0,0,116
4,4 12 13 17,1,a04,1,1,1,0,48,116
4,4 12 13 17,1,a12,0,0,0,0,25,116
4,4 12 13 17,2,a04 a12,0,0,0,0,73,116
4,4 12 13 17,1,a13,0,0,0,0,64,116
4,4 12 13 17,2,a04 a13,0,0,0,0,90,116
4,4 12 13 17,2,a12 a13,0,0,0,0,73,116
4,4 12 13 17,3,a04 a12 a13,0,0,0,0,99,116
4,4 12 13 17,1,a17,1,1,1,0,62,116
4,4 12 13 17,2,a04 a17,1,1,1,0,73,116
4,4 12 13 17,2,a12 a17,0,0,0,0,87,116
4,4 12 13 17,3,a04 a12 a17,0,0,0,0,98,116
4,4 12 13 17,2,a13 a17,0,0,0,0,89,116
4,4 12 13 17,3,a04 a13 a17,0,0,0,0,99,116
4,4 12 13 17,3,a12 a13 a17,0,0,0,0,98,116
4,4 12 13 17,4,a04 a12 a13 a17,0,0,0,0,108,116
4,4 12 13 18,0,,1,1,1,0,0,58
4,4 12 13 18,1,a04,1,1,1,0,19,58
4,4 12 13 18,1,a12,0,0,0,0,19,58
4,4 12 13 18,2,a04 a12,0,0,0,0,38,58
4,4 12 13 18,1,a13,0,0,0,0,19,58
4,4 12 13 18,2,a04 a13,0,0,0,0,38,58
4,4 12 13 18,2,a12 a13,0,0,0,0,26,58
4,4 12 13 18,3,a04 a12 a13,0,0,0,0,45,58
4,4 12 13 18,1,a18,1,1,1,0,19,58
4,4 12 13 18,2,a04 a18,1,1,1,0,26,58
4,4 12 13 18,2,a12 a18,0,0,0,0,38,58
4,4 12 13 18,3,a04 a12 a18,0,0,0,0,45,58
4,4 12 13 18,2,a13 a18,0,0,0,0,38,58
4,4 12 13 18,3,a04 a13 a18,0,0,0,0,45,58
4,4 12 13 18,3,a12 a13 a18,0,0,0,0,45,58
4,4 12 13 18,4,a04 a12 a13 a18,0,0,0,0,52,58
4,4 12 13 19,0,,1,1,1,0,0,116
4,4 12 13 19,1,a04,1,1,1,0,48,116
4,4 12 13 19,1,a12,0,0,0,0,64,116
4,4 12 13 19,2,a04 a12,0,0,0,0,90,116
4,4 12 13 19,1,a13,0,0,0,0,25,116
4,4 12 13 19,2,a04 a13,0,0,0,0,73,116
4,4 12 13 19,2,a12 a13,0,0,0,0,73,116
4,4 12 13 19,3,a04 a12 a13,0,0,0,0,99,116
4,4 12 13 19,1,a19,1,1,1,0,62,116
4,4 12 13 19,2,a04 a19,1,1,1,0,73,116
4,4 12 13 19,2,a12 a19,0,0,0,0,89,116
4,4 12 13 19,3,a04 a12 a19,0,0,0,0,99,116
4,4 12 13 19,2,a13 a19,0,0,0,0,87,116
4,4 12 13 19,3,a04 a13 a19,0,0,0,0,98,116
4,4 12 13 19,3,a12 a13 a19,0,0,0,0,98,116
4,4 12 13 19,4,a04 a12 a13 a19,0,0,0,0,108,116
4,4 12 13 20,0,,1,1,1,0,0,70
4,4 12 13 20,1,a04,1,1,1,0,36,70
4,4 12 13 20,1,a12,1,0,1,1,19,70
4,4 12 13 20,2,a04 a12,0,0,0,0,38,70
4,4 12 13 20,1,a13,0,0,0,0,36,70
4,4 12 13 20,2,a04 a13,0,0,0,0,56,70
4,4 12 13 20,2,a12 a13,0,0,0,0,43,70
4,4 12 13 20,3,a04 a12 a13,0,0,0,0,57,70
4,4 12 13 20,1,a20,1,1,1,0,46,70
4,4 12 13 20,2,a04 a20,1,1,1,0,55,70
4,4 12 13 20,2,a12 a20,0,0,0,0,49,70
4,4 12 13 20,3,a04 a12 a20,0,0,0,0,57,70
4,4 12 13 20,2,a13 a20,0,0,0,0,55,70
4,4 12 13 20,3,a04 a13 a20,0,0,0,0,63,70
4,4 12 13 20,3,a12 a13 a20,0,0,0,0,56,70
4,4 12 13 20,4,a04 a12 a13 a20,0,0,0,0,64,70
4,4 12 13 21,0,,1,1,1,0,0,44
4,4 12 13 21,1,a04,1,0,1,1,16,44
4,4 12 13 21,1,a12,1,1,1,0,16,44
4,4 12 13 21,2,a04 a12,0,0,0,0,27,44
4,4 12 13 21,1,a13,1,1,1,0,16,44
4,4 12 13 21,2,a04 a13,0,0,0,0,27,44
4,4 12 13 21,2,a12 a13,1,1,1,0,22,44
4,4 12 13 21,3,a04 a12 a13,0,0,0,0,33,44
4,4 12 13 21,1,a21,1,0,1,1,16,44
4,4 12 13 21,2,a04 a21,1,0,1,1,22,44
4,4 12 13 21,2,a12 a21,0,0,0,0,27,44
4,4 12 13 21,3,a04 a12 a21,0,0,0,0,33,44
4,4 12 13 21,2,a13 a21,0,0,0,0,27,44
4,4 12 13 21,3,a04 a13 a21,0,0,0,0,33,44
4,4 12 13 21,3,a12 a13 a21,0,0,0,0,33,44
4,4 12 13 21,4,a04 a12 a13 a21,0,0,0,0,39,44
4,4 12 13 22,0,,1,1,1,0,0,70
4,4 12 13 22,1,a04,1,1,1,0,36,70
4,4 12 13 22,1,a12,0,0,0,0,36,70
4,4 12 13 22,2,a04 a12,0,0,0,0,56,70
4,4 12 13 22,1,a13,1,0,1,1,19,70
4,4 12 13 22,2,a04 a13,0,0,0,0,38,70
4,4 12 13 22,2,a12 a13,0,0,0,0,43,70
4,4 12 13 22,3,a04 a12 a13,0,0,0,0,57,70
4,4 12 13 22,1,a22,1,1,1,0,46,70
4,4 12 13 22,2,a04 a22,1,1,1,0,55,70
4,4 12 13 22,2,a12 a22,0,0,0,0,55,70
4,4 12 13 22,3,a04 a12 a22,0,0,0,0,63,70
4,4 12 13 22,2,a13 a22,0,0,0,0,49,70
4,4 12 13 22,3,a04 a13 a22,0,0,0,0,57,70
4,4 12 13 22,3,a12 a13 a22,0,0,0,0,56,70
4,4 12 13 22,4,a04 a12 a13 a22,0,0,0,0,64,70
4,4 12 13 23,0,,1,1,1,0,0,116
4,4 12 13 23,1,a04,1,1,1,0,48,116
4,4 12 13 23,1,a12,0,0,0,0,25,116
4,4 12 13 23,2,a04 a12,0,0,0,0,73,116
4,4 12 13 23,1,a13,0,0,0,0,64,116
4,4 12 13 23,2,a04 a13,0,0,0,0,90,116
4,4 12 13 23,2,a12 a13,0,0,0,0,73,116
4,4 12 13 23,3,a04 a12 a13,0,0,0,0,99,116
4,4 12 13 23,1,a23,1,1,1,0,62,116
4,4 12 13 23,2,a04 a23,1,1,1,0,73,116
4,4 12 13 23,2,a12 a23,0,0,0,0,87,116
4,4 12 13 23,3,a04 a12 a23,0,0,0,0,98,116
4,4 12 13 23,2,a13 a23,0,0,0,0,89,116
4,4 12 13 23,3,a04 a13 a23,0,0,0,0,99,116
4,4 12 13 23,3,a12 a13 a23,0,0,0,0,98,116
4,4 12 13 23,4,a04 a12 a13 a23,0,0,0,0,108,116
4,4 12 13 24,0,,1,1,1,0,0,58
4,4 12 13 24,1,a04,1,1,1,0,19,58
4,4 12 13 24,1,a12,0,0,0,0,19,58
4,4 12 13 24,2,a04 a12,0,0,0,0,38,58
4,4 12 13 24,1,a13,0,0,0,0,19,58
4,4 12 13 24,2,a04 a13,0,0,0,0,38,58
4,4 12 13 24,2,a12 a13,0,0,0,0,26,58
4,4 12 13 24,3,a04 a12 a13,0,0,0,0,45,58
4,4 12 13 24,1,a24,1,1,1,0,19,58
4,4 12 13 24,2,a04 a24,1,1,1,0,26,58
4,4 12 13 24,2,a12 a24,0,0,0,0,38,58
4,4 12 13 24,3,a04 a12 a24,0,0,0,0,45,58
4,4 12 13 24,2,a13 a24,0,0,0,0,38,58
4,4 12 13 24,3,a04 a13 a24,0,0,0,0,45,58
4,4 12 13 24,3,a12 a13 a24,0,0,0,0,45,58
4,4 12 13 24,4,a04 a12 a13 a24,0,0,0,0,52,58
4,4 12 13 25,0,,1,1,1,0,0,116
4,4 12 13 25,1,a04,1,1,1,0,48,116
4,4 12 13 25,1,a12,0,0,0,0,64,116
4,4 12 13 25,2,a04 a12,0,0,0,0,90,116
4,4 12 13 25,1,a13,0,0,0,0,25,116
4,4 12 13 25,2,a04 a13,0,0,0,0,73,116
4,4 12 13 25,2,a12 a13,0,0,0,0,73,116
4,4 12 13 25,3,a04 a12 a13,0,0,0,0,99,116
4,4 12 13 25,1,a25,1,1,1,0,62,116
4,4 12 13 25,2,a04 a25,1,1,1,0,73,116
4,4 12 13 25,2,a12 a25,0,0,0,0,89,116
4,4 12 13 25,3,a04 a12 a25,0,0,0,0,99,116
4,4 12 13 25,2,a13 a25,0,0,0,0,87,116
4,4 12 13 25,3,a04 a13 a25,0,0,0,0,98,116
4,4 12 13 25,3,a12 a13 a25,0,0,0,0,98,116
4,4 12 13 25,4,a04 a12 a13 a25,0,0,0,0,108,116
4,4 12 14 21,0,,1,1,1,0,0,39
4,4 12 14 21,1,a04,0,0,0,0,16,39
4,4 12 14 21,1,a12,1,1,1,0,6,39
4,4 12 14 21,2,a04 a12,0,0,0,0,22,39
4,4 12 14 21,1,a14,1,1,1,0,6,39
4,4 12 14 21,2,a04 a14,0,0,0,0,22,39
4,4 12 14 21,2,a12 a14,1,1,1,0,12,39
4,4 12 14 21,3,a04 a12 a14,0,0,0,0,28,39
4,4 12 14 21,1,a21,0,0,0,0,16,39
4,4 12 14 21,2,a04 a21,0,0,0,0,22,39
4,4 12 14 21,2,a12 a21,0,0,0,0,22,39
4,4 12 14 21,3,a04 a12 a21,0,0,0,0,28,39
4,4 12 14 21,2,a14 a21,0,0,0,0,22,39
4,4 12 14 21,3,a04 a14 a21,0,0,0,0,28,39
4,4 12 14 21,3,a12 a14 a21,0,0,0,0,28,39
4,4 12 14 21,4,a04 a12 a14 a21,0,0,0,0,34,39
4,4 12 14 22,0,,1,1,1,0,0,157
4,4 12 14 22,1,a04,0,0,0,0,80,157
4,4 12 14 22,1,a12,0,0,0,0,54,157
4,4 12 14 22,2,a04 a12,0,0,0,0,109,157
4,4 12 14 22,1,a14,1,1,1,0,54,157
4,4 12 14 22,2,a04 a14,0,0,0,0,109,157
4,4 12 14 22,2,a12 a14,0,0,0,0,108,157
4,4 12 14 22,3,a04 a12 a14,0,0,0,0,138,157
4,4 12 14 22,1,a22,0,0,0,0,112,157
4,4 12 14 22,2,a04 a22,0,0,0,0,126,157
4,4 12 14 22,2,a12 a22,0,0,0,0,124,157
4,4 12 14 22,3,a04 a12 a22,0,0,0,0,137,157
4,4 12 14 22,2,a14 a22,0,0,0,0,124,157
4,4 12 14 22,3,a04 a14 a22,0,0,0,0,137,157
4,4 12 14 22,3,a12 a14 a22,0,0,0,0,136,157
4,4 12 14 22,4,a04 a12 a14 a22,0,0,0,0,148,157
4,4 12 15 18,0,,1,1,1,0,0,88
4,4 12 15 18,1,a04,0,0,0,0,42,88
4,4 12 15 18,1,a12,1,1,1,0,8,88
4,4 12 15 18,2,a04 a12,0,0,0,0,50,88
4,4 12 15 18,1,a15,0,0,0,0,42,88
4,4 12 15 18,2,a04 a15,0,0,0,0,65,88
4,4 12 15 18,2,a12 a15,0,0,0,0,50,88
4,4 12 15 18,3,a04 a12 a15,0,0,0,0,73,88
4,4 12 15 18,1,a18,0,0,0,0,54,88
4,4 12 15 18,2,a04 a18,0,0,0,0,64,88
4,4 12 15 18,2,a12 a18,0,0,0,0,62,88
4,4 12 15 18,3,a04 a12 a18,0,0,0,0,72,88
4,4 12 15 18,2,a15 a18,0,0,0,0,64,88
4,4 12 15 18,3,a04 a15 a18,0,0,0,0,73,88
4,4 12 15 18,3,a12 a15 a18,0,0,0,0,72,88
4,4 12 15 18,4,a04 a12 a15 a18,0,0,0,0,81,88
4,4 12 15 19,0,,1,1,1,0,0,268
4,4 12 15 19,1,a04,0,0,0,0,140,268
4,4 12 15 19,1,a12,0,0,0,0,140,268
4,4 12 15 19,2,a04 a12,0,0,0,0,208,268
4,4 12 15 19,1,a15,0,0,0,0,140,268
4,4 12 15 19,2,a04 a15,0,0,0,0,208,268
4,4 12 15 19,2,a12 a15,0,0,0,0,208,268
4,4 12 15 19,3,a04 a12 a15,0,0,0,0,245,268
4,4 12 15 19,1,a19,0,0,0,0,204,268
4,4 12 15 19,2,a04 a19,0,0,0,0,226,268
4,4 12 15 19,2,a12 a19,0,0,0,0,226,268
4,4 12 15 19,3,a04 a12 a19,0,0,0,0,242,268
4,4 12 15 19,2,a15 a19,0,0,0,0,226,268
4,4 12 15 19,3,a04 a15 a19,0,0,0,0,242,268
4,4 12 15 19,3,a12 a15 a19,0,0,0,0,242,268
4,4 12 15 19,4,a04 a12 a15 a19,0,0,0,0,257,268
4,4 12 15 21,0,,1,1,1,0,0,39
4,4 12 15 21,1,a04,0,0,0,0,16,39
4,4 12 15 21,1,a12,1,1,1,0,6,39
4,4 12 15 21,2,a04 a12,0,0,0,0,22,39
4,4 12 15 21,1,a15,1,1,1,0,6,39
4,4 12 15 21,2,a04 a15,0,0,0,0,22,39
4,4 12 15 21,2,a12 a15,1,1,1,0,12,39
4,4 12 15 21,3,a04 a12 a15,0,0,0,0,28,39
4,4 12 15 21,1,a21,0,0,0,0,16,39
4,4 12 15 21,2,a04 a21,0,0,0,0,22,39
4,4 12 15 21,2,a12 a21,0,0,0,0,22,39
4,4 12 15 21,3,a04 a12 a21,0,0,0,0,28,39
4,4 12 15 21,2,a15 a21,0,0,0,0,22,39
4,4 12 15 21,3,a04 a15 a21,0,0,0,0,28,39
4,4 12 15 21,3,a12 a15 a21,0,0,0,0,28,39
4,4 12 15 21,4,a04 a12 a15 a21,0,0,0,0,34,39
4,4 12 15 22,0,,1,1,1,0,0,88
4,4 12 15 22,1,a04,0,0,0,0,42,88
4,4 12 15 22,1,a12,0,0,0,0,42,88
4,4 12 15 22,2,a04 a12,0,0,0,0,65,88
4,4 12 15 22,1,a15,1,1,1,0,8,88
4,4 12 15 22,2,a04 a15,0,0,0,0,50,88
4,4 12 15 22,2,a12 a15,0,0,0,0,50,88
4,4 12 15 22,3,a04 a12 a15,0,0,0,0,73,88
4,4 12 15 22,1,a22,0,0,0,0,54,88
4,4 12 15 22,2,a04 a22,0,0,0,0,64,88
4,4 12 15 22,2,a12 a22,0,0,0,0,64,88
4,4 12 15 22,3,a04 a12 a22,0,0,0,0,73,88
4,4 12 15 22,2,a15 a22,0,0,0,0,62,88
4,4 12 15 22,3,a04 a15 a22,0,0,0,0,72,88
4,4 12 15 22,3,a12 a15 a22,0,0,0,0,72,88
4,4 12 15 22,4,a04 a12 a15 a22,0,0,0,0,81,88
4,4 12 16 18,0,,1,1,1,0,0,214
4,4 12 16 18,1,a04,0,0,0,0,98,214
4,4 12 16 18,1,a12,0,0,0,0,98,214
4,4 12 16 18,2,a04 a12,0,0,0,0,159,214
4,4 12 16 18,1,a16,0,0,0,0,142,214
4,4 12 16 18,2,a04 a16,0,0,0,0,177,214
4,4 12 16 18,2,a12 a16,0,0,0,0,158,214
4,4 12 16 18,3,a04 a12 a16,0,0,0,0,191,214
4,4 12 16 18,1,a18,0,0,0,0,142,214
4,4 12 16 18,2,a04 a18,0,0,0,0,158,214
4,4 12 16 18,2,a12 a18,0,0,0,0,177,214
4,4 12 16 18,3,a04 a12 a18,0,0,0,0,191,214
4,4 12 16 18,2,a16 a18,0,0,0,0,176,214
4,4 12 16 18,3,a04 a16 a18,0,0,0,0,190,214
4,4 12 16 18,3,a12 a16 a18,0,0,0,0,190,214
4,4 12 16 18,4,a04 a12 a16 a18,0,0,0,0,203,214
4,4 12 16 19,0,,1,1,1,0,0,364
4,4 12 16 19,1,a04,0,0,0,0,175,364
4,4 12 16 19,1,a12,0,0,0,0,253,364
4,4 12 16 19,2,a04 a12,0,0,0,0,306,364
4,4 12 16 19,1,a16,0,0,0,0,218,364
4,4 12 16 19,2,a04 a16,0,0,0,0,294,364
4,4 12 16 19,2,a12 a16,0,0,0,0,295,364
4,4 12 16 19,3,a04 a12 a16,0,0,0,0,335,364
4,4 12 16 19,1,a19,0,0,0,0,268,364
4,4 12 16 19,2,a04 a19,0,0,0,0,292,364
4,4 12 16 19,2,a12 a19,0,0,0,0,316,364
4,4 12 16 19,3,a04 a12 a19,0,0,0,0,333,364
4,4 12 16 19,2,a16 a19,0,0,0,0,313,364
4,4 12 16 19,3,a04 a16 a19,0,0,0,0,332,364
4,4 12 16 19,3,a12 a16 a19,0,0,0,0,333,364
4,4 12 16 19,4,a04 a12 a16 a19,0,0,0,0,349,364
4,4 12 16 21,0,,1,1,1,0,0,58
4,4 12 16 21,1,a04,0,0,0,0,19,58
4,4 12 16 21,1,a12,1,1,1,0,19,58
4,4 12 16 21,2,a04 a12,0,0,0,0,38,58
4,4 12 16 21,1,a16,1,1,1,0,19,58
4,4 12 16 21,2,a04 a16,0,0,0,0,38,58
4,4 12 16 21,2,a12 a16,1,1,1,0,26,58
4,4 12 16 21,3,a04 a12 a16,0,0,0,0,45,58
4,4 12 16 21,1,a21,0,0,0,0,19,58
4,4 12 16 21,2,a04 a21,0,0,0,0,26,58
4,4 12 16 21,2,a12 a21,0,0,0,0,38,58
4,4 12 16 21,3,a04 a12 a21,0,0,0,0,45,58
4,4 12 16 21,2,a16 a21,0,0,0,0,38,58
4,4 12 16 21,3,a04 a16 a21,0,0,0,0,45,58
4,4 12 16 21,3,a12 a16 a21,0,0,0,0,45,58
4,4 12 16 21,4,a04 a12 a16 a21,0,0,0,0,52,58
4,4 12 16 22,0,,1,1,1,0,0,116
4,4 12 16 22,1,a04,0,0,0,0,48,116
4,4 12 16 22,1,a12,0,0,0,0,64,116
4,4 12 16 22,2,a04 a12,0,0,0,0,90,116
4,4 12 16 22,1,a16,1,1,1,0,25,116
4,4 12 16 22,2,a04 a16,0,0,0,0,73,116
4,4 12 16 22,2,a12 a16,0,0,0,0,73,116
4,4 12 16 22,3,a04 a12 a16,0,0,0,0,99,116
4,4 12 16 22,1,a22,0,0,0,0,62,116
4,4 12 16 22,2,a04 a22,0,0,0,0,73,116
4,4 12 16 22,2,a12 a22,0,0,0,0,89,116
4,4 12 16 22,3,a04 a12 a22,0,0,0,0,99,116
4,4 12 16 22,2,a16 a22,0,0,0,0,87,116
4,4 12 16 22,3,a04 a16 a22,0,0,0,0,98,116
4,4 12 16 22,3,a12 a16 a22,0,0,0,0,98,116
4,4 12 16 22,4,a04 a12 a16 a22,0,0,0,0,108,116
4,4 12 17 21,0,,1,1,1,0,0,58
4,4 12 17 21,1,a04,0,0,0,0,31,58
4,4 12 17 21,1,a12,1,1,1,0,7,58
4,4 12 17 21,2,a04 a12,0,0,0,0,38,58
4,4 12 17 21,1,a17,1,1,1,0,19,58
4,4 12 17 21,2,a04 a17,0,0,0,0,38,58
4,4 12 17 21,2,a12 a17,1,1,1,0,26,58
4,4 12 17 21,3,a04 a12 a17,0,0,0,0,45,58
4,4 12 17 21,1,a21,0,0,0,0,19,58
4,4 12 17 21,2,a04 a21,0,0,0,0,38,58
4,4 12 17 21,2,a12 a21,0,0,0,0,26,58
4,4 12 17 21,3,a04 a12 a21,0,0,0,0,45,58
4,4 12 17 21,2,a17 a21,0,0,0,0,38,58
4,4 12 17 21,3,a04 a17 a21,0,0,0,0,45,58
4,4 12 17 21,3,a12 a17 a21,0,0,0,0,45,58
4,4 12 17 21,4,a04 a12 a17 a21,0,0,0,0,52,58
4,4 12 17 22,0,,1,1,1,0,0,214
4,4 12 17 22,1,a04,0,0,0,0,136,214
4,4 12 17 22,1,a12,0,0,0,0,60,214
4,4 12 17 22,2,a04 a12,0,0,0,0,168,214
4,4 12 17 22,1,a17,1,1,1,0,97,214
4,4 12 17 22,2,a04 a17,0,0,0,0,159,214
4,4 12 17 22,2,a12 a17,0,0,0,0,157,214
4,4 12 17 22,3,a04 a12 a17,0,0,0,0,191,214
4,4 12 17 22,1,a22,0,0,0,0,144,214
4,4 12 17 22,2,a04 a22,0,0,0,0,179,214
4,4 12 17 22,2,a12 a22,0,0,0,0,157,214
4,4 12 17 22,3,a04 a12 a22,0,0,0,0,191,214
4,4 12 17 22,2,a17 a22,0,0,0,0,176,214
4,4 12 17 22,3,a04 a17 a22,0,0,0,0,191,214
4,4 12 17 22,3,a12 a17 a22,0,0,0,0,189,214
4,4 12 17 22,4,a04 a12 a17 a22,0,0,0,0,203,214
4,4 12 18 21,0,,1,1,1,0,0,58
4,4 12 18 21,1,a04,0,0,0,0,31,58
4,4 12 18 21,1,a12,1,1,1,0,7,58
4,4 12 18 21,2,a04 a12,0,0,0,0,38,58
4,4 12 18 21,1,a18,1,1,1,0,19,58
4,4 12 18 21,2,a04 a18,0,0,0,0,38,58
4,4 12 18 21,2,a12 a18,1,1,1,0,26,58
4,4 12 18 21,3,a04 a12 a18,0,0,0,0,45,58
4,4 12 18 21,1,a21,0,0,0,0,19,58
4,4 12 18 21,2,a04 a21,0,0,0,0,38,58
4,4 12 18 21,2,a12 a21,0,0,0,0,26,58
4,4 12 18 21,3,a04 a12 a21,0,0,0,0,45,58
4,4 12 18 21,2,a18 a21,0,0,0,0,38,58
4,4 12 18 21,3,a04 a18 a21,0,0,0,0,45,58
4,4 12 18 21,3,a12 a18 a21,0,0,0,0,45,58
4,4 12 18 21,4,a04 a12 a18 a21,0,0,0,0,52,58
4,4 12 18 22,0,,1,1,1,0,0,116
4,4 12 18 22,1,a04,0,0,0,0,64,116
4,4 12 18 22,1,a12,0,0,0,0,48,116
4,4 12 18 22,2,a04 a12,0,0,0,0,90,116
4,4 12 18 22,1,a18,1,1,1,0,25,116
4,4 12 18 22,2,a04 a18,0,0,0,0,73,116
4,4 12 18 22,2,a12 a18,0,0,0,0,73,116
4,4 12 18 22,3,a04 a12 a18,0,0,0,0,99,116
4,4 12 18 22,1,a22,0,0,0,0,62,116
4,4 12 18 22,2,a04 a22,0,0,0,0,89,116
4,4 12 18 22,2,a12 a22,0,0,0,0,73,116
4,4 12 18 22,3,a04 a12 a22,0,0,0,0,99,116
4,4 12 18 22,2,a18 a22,0,0,0,0,87,116
4,4 12 18 22,3,a04 a18 a22,0,0,0,0,98,116
4,4 12 18 22,3,a12 a18 a22,0,0,0,0,98,116
4,4 12 18 22,4,a04 a12 a18 a22,0,0,0,0,108,116
4,4 12 18 24,0,,1,1,1,0,0,132
4,4 12 18 24,1,a04,0,0,0,0,85,132
4,4 12 18 24,1,a12,1,1,1,0,9,132
4,4 12 18 24,2,a04 a12,0,0,0,0,94,132
4,4 12 18 24,1,a18,0,0,0,0,77,132
4,4 12 18 24,2,a04 a18,0,0,0,0,104,132
4,4 12 18 24,2,a12 a18,0,0,0,0,86,132
4,4 12 18 24,3,a04 a12 a18,0,0,0,0,113,132
4,4 12 18 24,1,a24,0,0,0,0,77,132
4,4 12 18 24,2,a04 a24,0,0,0,0,104,132
4,4 12 18 24,2,a12 a24,0,0,0,0,86,132
4,4 12 18 24,3,a04 a12 a24,0,0,0,0,113,132
4,4 12 18 24,2,a18 a24,0,0,0,0,103,132
4,4 12 18 24,3,a04 a18 a24,0,0,0,0,114,132
4,4 12 18 24,3,a12 a18 a24,0,0,0,0,112,132
4,4 12 18 24,4,a04 a12 a18 a24,0,0,0,0,123,132
4,4 12 18 25,0,,1,1,1,0,0,364
4,4 12 18 25,1,a04,0,0,0,0,253,364
4,4 12 18 25,1,a12,0,0,0,0,175,364
4,4 12 18 25,2,a04 a12,0,0,0,0,306,364
4,4 12 18 25,1,a18,0,0,0,0,218,364
4,4 12 18 25,2,a04 a18,0,0,0,0,295,364
4,4 12 18 25,2,a12 a18,0,0,0,0,294,364
4,4 12 18 25,3,a04 a12 a18,0,0,0,0,335,364
4,4 12 18 25,1,a25,0,0,0,0,268,364
4,4 12 18 25,2,a04 a25,0,0,0,0,316,364
4,4 12 18 25,2,a12 a25,0,0,0,0,292,364
4,4 12 18 25,3,a04 a12 a25,0,0,0,0,333,364
4,4 12 18 25,2,a18 a25,0,0,0,0,313,364
4,4 12 18 25,3,a04 a18 a25,0,0,0,0,333,364
4,4 12 18 25,3,a12 a18 a25,0,0,0,0,332,364
4,4 12 18 25,4,a04 a12 a18 a25,0,0,0,0,349,364
4,4 12 19 21,0,,1,1,1,0,0,116
4,4 12 19 21,1,a04,0,0,0,0,64,116
4,4 12 19 21,1,a12,1,1,1,0,48,116
4,4 12 19 21,2,a04 a12,0,0,0,0,90,116
4,4 12 19 21,1,a19,1,1,1,0,62,116
4,4 12 19 21,2,a04 a19,0,0,0,0,89,116
4,4 12 19 21,2,a12 a19,1,1,1,0,73,116
4,4 12 19 21,3,a04 a12 a19,0,0,0,0,99,116
4,4 12 19 21,1,a21,0,0,0,0,25,116
4,4 12 19 21,2,a04 a21,0,0,0,0,73,116
4,4 12 19 21,2,a12 a21,0,0,0,0,73,116
4,4 12 19 21,3,a04 a12 a21,0,0,0,0,99,116
4,4 12 19 21,2,a19 a21,0,0,0,0,87,116
4,4 12 19 21,3,a04 a19 a21,0,0,0,0,98,116
4,4 12 19 21,3,a12 a19 a21,0,0,0,0,98,116
4,4 12 19 21,4,a04 a12 a19 a21,0,0,0,0,108,116
4,4 12 19 22,0,,1,1,1,0,0,194
4,4 12 19 22,1,a04,0,0,0,0,109,194
4,4 12 19 22,1,a12,0,0,0,0,109,194
4,4 12 19 22,2,a04 a12,0,0,0,0,162,194
4,4 12 19 22,1,a19,1,1,1,0,78,194
4,4 12 19 22,2,a04 a19,0,0,0,0,140,194
4,4 12 19 22,2,a12 a19,0,0,0,0,140,194
4,4 12 19 22,3,a04 a12 a19,0,0,0,0,173,194
4,4 12 19 22,1,a22,0,0,0,0,78,194
4,4 12 19 22,2,a04 a22,0,0,0,0,140,194
4,4 12 19 22,2,a12 a22,0,0,0,0,140,194
4,4 12 19 22,3,a04 a12 a22,0,0,0,0,173,194
4,4 12 19 22,2,a19 a22,0,0,0,0,156,194
4,4 12 19 22,3,a04 a19 a22,0,0,0,0,171,194
4,4 12 19 22,3,a12 a19 a22,0,0,0,0,171,194
4,4 12 19 22,4,a04 a12 a19 a22,0,0,0,0,184,194
4,4 12 19 24,0,,1,1,1,0,0,364
4,4 12 19 24,1,a04,0,0,0,0,253,364
4,4 12 19 24,1,a12,0,0,0,0,175,364
4,4 12 19 24,2,a04 a12,0,0,0,0,306,364
4,4 12 19 24,1,a19,0,0,0,0,268,364
4,4 12 19 24,2,a04 a19,0,0,0,0,316,364
4,4 12 19 24,2,a12 a19,0,0,0,0,292,364
4,4 12 19 24,3,a04 a12 a19,0,0,0,0,333,364
4,4 12 19 24,1,a24,0,0,0,0,218,364
4,4 12 19 24,2,a04 a24,0,0,0,0,295,364
4,4 12 19 24,2,a12 a24,0,0,0,0,294,364
4,4 12 19 24,3,a04 a12 a24,0,0,0,0,335,364
4,4 12 19 24,2,a19 a24,0,0,0,0,313,364
4,4 12 19 24,3,a04 a19 a24,0,0,0,0,333,364
4,4 12 19 24,3,a12 a19 a24,0,0,0,0,332,364
4,4 12 19 24,4,a04 a12 a19 a24,0,0,0,0,349,364
4,4 12 19 25,0,,1,1,1,0,0,606
4,4 12 19 25,1,a04,0,0,0,0,416,606
4,4 12 19 25,1,a12,0,0,0,0,416,606
4,4 12 19 25,2,a04 a12,0,0,0,0,532,606
4,4 12 19 25,1,a19,0,0,0,0,420,606
4,4 12 19 25,2,a04 a19,0,0,0,0,517,606
4,4 12 19 25,2,a12 a19,0,0,0,0,517,606
4,4 12 19 25,3,a04 a12 a19,0,0,0,0,565,606
4,4 12 19 25,1,a25,0,0,0,0,420,606
4,4 12 19 25,2,a04 a25,0,0,0,0,517,606
4,4 12 19 25,2,a12 a25,0,0,0,0,517,606
4,4 12 19 25,3,a04 a12 a25,0,0,0,0,565,606
4,4 12 19 25,2,a19 a25,0,0,0,0,536,606
4,4 12 19 25,3,a04 a19 a25,0,0,0,0,563,606
4,4 12 19 25,3,a12 a19 a25,0,0,0,0,563,606
4,4 12 19 25,4,a04 a12 a19 a25,0,0,0,0,583,606
4,4 12 20 21,0,,1,1,1,0,0,44
4,4 12 20 21,1,a04,0,0,0,0,26,44
4,4 12 20 21,1,a12,1,1,1,0,6,44
4,4 12 20 21,2,a04 a12,0,0,0,0,27,44
4,4 12 20 21,1,a20,1,1,1,0,16,44
4,4 12 20 21,2,a04 a20,0,0,0,0,32,44
4,4 12 20 21,2,a12 a20,1,1,1,0,17,44
4,4 12 20 21,3,a04 a12 a20,0,0,0,0,33,44
4,4 12 20 21,1,a21,0,0,0,0,16,44
4,4 12 20 21,2,a04 a21,0,0,0,0,32,44
4,4 12 20 21,2,a12 a21,0,0,0,0,22,44
4,4 12 20 21,3,a04 a12 a21,0,0,0,0,33,44
4,4 12 20 21,2,a20 a21,0,0,0,0,32,44
4,4 12 20 21,3,a04 a20 a21,0,0,0,0,38,44
4,4 12 20 21,3,a12 a20 a21,0,0,0,0,33,44
4,4 12 20 21,4,a04 a12 a20 a21,0,0,0,0,39,44
4,4 12 20 22,0,,1,1,1,0,0,109
4,4 12 20 22,1,a04,0,0,0,0,74,109
4,4 12 20 22,1,a12,1,0,1,1,42,109
4,4 12 20 22,2,a04 a12,0,0,0,0,78,109
4,4 12 20 22,1,a20,1,1,1,0,67,109
4,4 12 20 22,2,a04 a20,0,0,0,0,91,109
4,4 12 20 22,2,a12 a20,0,0,0,0,71,109
4,4 12 20 22,3,a04 a12 a20,0,0,0,0,94,109
4,4 12 20 22,1,a22,0,0,0,0,67,109
4,4 12 20 22,2,a04 a22,0,0,0,0,91,109
4,4 12 20 22,2,a12 a22,0,0,0,0,77,109
4,4 12 20 22,3,a04 a12 a22,0,0,0,0,93,109
4,4 12 20 22,2,a20 a22,0,0,0,0,90,109
4,4 12 20 22,3,a04 a20 a22,0,0,0,0,100,109
4,4 12 20 22,3,a12 a20 a22,0,0,0,0,93,109
4,4 12 20 22,4,a04 a12 a20 a22,0,0,0,0,102,109
4,4 12 21 22,0,,1,1,1,0,0,70
4,4 12 21 22,1,a04,0,0,0,0,36,70
4,4 12 21 22,1,a12,1,1,1,0,36,70
4,4 12 21 22,2,a04 a12,0,0,0,0,56,70
4,4 12 21 22,1,a21,1,0,1,1,19,70
4,4 12 21 22,2,a04 a21,0,0,0,0,43,70
4,4 12 21 22,2,a12 a21,0,0,0,0,38,70
4,4 12 21 22,3,a04 a12 a21,0,0,0,0,57,70
4,4 12 21 22,1,a22,1,1,1,0,46,70
4,4 12 21 22,2,a04 a22,0,0,0,0,55,70
4,4 12 21 22,2,a12 a22,1,1,1,0,55,70
4,4 12 21 22,3,a04 a12 a22,0,0,0,0,63,70
4,4 12 21 22,2,a21 a22,0,0,0,0,49,70
4,4 12 21 22,3,a04 a21 a22,0,0,0,0,56,70
4,4 12 21 22,3,a12 a21 a22,0,0,0,0,57,70
4,4 12 21 22,4,a04 a12 a21 a22,0,0,0,0,64,70
4,4 12 21 23,0,,1,1,1,0,0,58
4,4 12 21 23,1,a04,0,0,0,0,31,58
4,4 12 21 23,1,a12,1,1,1,0,7,58
4,4 12 21 23,2,a04 a12,0,0,0,0,38,58
4,4 12 21 23,1,a21,0,0,0,0,19,58
4,4 12 21 23,2,a04 a21,0,0,0,0,38,58
4,4 12 21 23,2,a12 a21,0,0,0,0,26,58
4,4 12 21 23,3,a04 a12 a21,0,0,0,0,45,58
4,4 12 21 23,1,a23,1,1,1,0,19,58
4,4 12 21 23,2,a04 a23,0,0,0,0,38,58
4,4 12 21 23,2,a12 a23,1,1,1,0,26,58
4,4 12 21 23,3,a04 a12 a23,0,0,0,0,45,58
4,4 12 21 23,2,a21 a23,0,0,0,0,38,58
4,4 12 21 23,3,a04 a21 a23,0,0,0,0,45,58
4,4 12 21 23,3,a12 a21 a23,0,0,0,0,45,58
4,4 12 21 23,4,a04 a12 a21 a23,0,0,0,0,52,58
4,4 12 21 24,0,,1,1,1,0,0,58
4,4 12 21 24,1,a04,0,0,0,0,31,58
4,4 12 21 24,1,a12,1,1,1,0,7,58
4,4 12 21 24,2,a04 a12,0,0,0,0,38,58
4,4 12 21 24,1,a21,0,0,0,0,19,58
4,4 12 21 24,2,a04 a21,0,0,0,0,38,58
4,4 12 21 24,2,a12 a21,0,0,0,0,26,58
4,4 12 21 24,3,a04 a12 a21,0,0,0,0,45,58
4,4 12 21 24,1,a24,1,1,1,0,19,58
4,4 12 21 24,2,a04 a24,0,0,0,0,38,58
4,4 12 21 24,2,a12 a24,1,1,1,0,26,58
4,4 12 21 24,3,a04 a12 a24,0,0,0,0,45,58
4,4 12 21 24,2,a21 a24,0,0,0,0,38,58
4,4 12 21 24,3,a04 a21 a24,0,0,0,0,45,58
4,4 12 21 24,3,a12 a21 a24,0,0,0,0,45,58
4,4 12 21 24,4,a04 a12 a21 a24,0,0,0,0,52,58
4,4 12 21 25,0,,1,1,1,0,0,116
4,4 12 21 25,1,a04,0,0,0,0,64,116
4,4 12 21 25,1,a12,1,1,1,0,48,116
4,4 12 21 25,2,a04 a12,0,0,0,0,90,116
4,4 12 21 25,1,a21,0,0,0,0,25,116
4,4 12 21 25,2,a04 a21,0,0,0,0,73,116
4,4 12 21 25,2,a12 a21,0,0,0,0,73,116
4,4 12 21 25,3,a04 a12 a21,0,0,0,0,99,116
4,4 12 21 25,1,a25,1,1,1,0,62,116
4,4 12 21 25,2,a04 a25,0,0,0,0,89,116
4,4 12 21 25,2,a12 a25,1,1,1,0,73,116
4,4 12 21 25,3,a04 a12 a25,0,0,0,0,99,116
4,4 12 21 25,2,a21 a25,0,0,0,0,87,116
4,4 12 21 25,3,a04 a21 a25,0,0,0,0,98,116
4,4 12 21 25,3,a12 a21 a25,0,0,0,0,98,116
4,4 12 21 25,4,a04 a12 a21 a25,0,0,0,0,108,116
4,4 12 22 23,0,,1,1,1,0,0,214
4,4 12 22 23,1,a04,0,0,0,0,136,214
4,4 12 22 23,1,a12,0,0,0,0,60,214
4,4 12 22 23,2,a04 a12,0,0,0,0,168,214
4,4 12 22 23,1,a22,0,0,0,0,144,214
4,4 12 22 23,2,a04 a22,0,0,0,0,179,214
4,4 12 22 23,2,a12 a22,0,0,0,0,157,214
4,4 12 22 23,3,a04 a12 a22,0,0,0,0,191,214
4,4 12 22 23,1,a23,1,1,1,0,97,214
4,4 12 22 23,2,a04 a23,0,0,0,0,159,214
4,4 12 22 23,2,a12 a23,0,0,0,0,157,214
4,4 12 22 23,3,a04 a12 a23,0,0,0,0,191,214
4,4 12 22 23,2,a22 a23,0,0,0,0,176,214
4,4 12 22 23,3,a04 a22 a23,0,0,0,0,191,214
4,4 12 22 23,3,a12 a22 a23,0,0,0,0,189,214
4,4 12 22 23,4,a04 a12 a22 a23,0,0,0,0,203,214
4,4 12 22 24,0,,1,1,1,0,0,116
4,4 12 22 24,1,a04,0,0,0,0,64,116
4,4 12 22 24,1,a12,0,0,0,0,48,116
4,4 12 22 24,2,a04 a12,0,0,0,0,90,116
4,4 12 22 24,1,a22,0,0,0,0,62,116
4,4 12 22 24,2,a04 a22,0,0,0,0,89,116
4,4 12 22 24,2,a12 a22,0,0,0,0,73,116
4,4 12 22 24,3,a04 a12 a22,0,0,0,0,99,116
4,4 12 22 24,1,a24,1,1,1,0,25,116
4,4 12 22 24,2,a04 a24,0,0,0,0,73,116
4,4 12 22 24,2,a12 a24,0,0,0,0,73,116
4,4 12 22 24,3,a04 a12 a24,0,0,0,0,99,116
4,4 12 22 24,2,a22 a24,0,0,0,0,87,116
4,4 12 22 24,3,a04 a22 a24,0,0,0,0,98,116
4,4 12 22 24,3,a12 a22 a24,0,0,0,0,98,116
4,4 12 22 24,4,a04 a12 a22 a24,0,0,0,0,108,116
4,4 12 22 25,0,,1,1,1,0,0,194
4,4 12 22 25,1,a04,0,0,0,0,109,194
4,4 12 22 25,1,a12,0,0,0,0,109,194
4,4 12 22 25,2,a04 a12,0,0,0,0,162,194
4,4 12 22 25,1,a22,0,0,0,0,78,194
4,4 12 22 25,2,a04 a22,0,0,0,0,140,194
4,4 12 22 25,2,a12 a22,0,0,0,0,140,194
4,4 12 22 25,3,a04 a12 a22,0,0,0,0,173,194
4,4 12 22 25,1,a25,1,1,1,0,78,194
4,4 12 22 25,2,a04 a25,0,0,0,0,140,194
4,4 12 22 25,2,a12 a25,0,0,0,0,140,194
4,4 12 22 25,3,a04 a12 a25,0,0,0,0,173,194
4,4 12 22 25,2,a22 a25,0,0,0,0,156,194
4,4 12 22 25,3,a04 a22 a25,0,0,0,0,171,194
4,4 12 22 25,3,a12 a22 a25,0,0,0,0,171,194
4,4 12 22 25,4,a04 a12 a22 a25,0,0,0,0,184,194
4,4 13 14 17,0,,1,1,1,0,0,364
4,4 13 14 17,1,a04,0,0,0,0,175,364
4,4 13 14 17,1,a13,0,0,0,0,253,364
4,4 13 14 17,2,a04 a13,0,0,0,0,306,364
4,4 13 14 17,1,a14,0,0,0,0,218,364
4,4 13 14 17,2,a04 a14,0,0,0,0,294,364
4,4 13 14 17,2,a13 a14,0,0,0,0,295,364
4,4 13 14 17,3,a04 a13 a14,0,0,0,0,335,364
4,4 13 14 17,1,a17,0,0,0,0,268,364
4,4 13 14 17,2,a04 a17,0,0,0,0,292,364
4,4 13 14 17,2,a13 a17,0,0,0,0,316,364
4,4 13 14 17,3,a04 a13 a17,0,0,0,0,333,364
4,4 13 14 17,2,a14 a17,0,0,0,0,313,364
4,4 13 14 17,3,a04 a14 a17,0,0,0,0,332,364
4,4 13 14 17,3,a13 a14 a17,0,0,0,0,333,364
4,4 13 14 17,4,a04 a13 a14 a17,0,0,0,0,349,364
4,4 13 14 18,0,,1,1,1,0,0,214
4,4 13 14 18,1,a04,0,0,0,0,98,214
4,4 13 14 18,1,a13,0,0,0,0,98,214
4,4 13 14 18,2,a04 a13,0,0,0,0,159,214
4,4 13 14 18,1,a14,0,0,0,0,142,214
4,4 13 14 18,2,a04 a14,0,0,0,0,177,214
4,4 13 14 18,2,a13 a14,0,0,0,0,158,214
4,4 13 14 18,3,a04 a13 a14,0,0,0,0,191,214
4,4 13 14 18,1,a18,0,0,0,0,142,214
4,4 13 14 18,2,a04 a18,0,0,0,0,158,214
4,4 13 14 18,2,a13 a18,0,0,0,0,177,214
4,4 13 14 18,3,a04 a13 a18,0,0,0,0,191,214
4,4 13 14 18,2,a14 a18,0,0,0,0,176,214
4,4 13 14 18,3,a04 a14 a18,0,0,0,0,190,214
4,4 13 14 18,3,a13 a14 a18,0,0,0,0,190,214
4,4 13 14 18,4,a04 a13 a14 a18,0,0,0,0,203,214
4,4 13 14 20,0,,1,1,1,0,0,116
4,4 13 14 20,1,a04,0,0,0,0,48,116
4,4 13 14 20,1,a13,0,0,0,0,64,116
4,4 13 14 20,2,a04 a13,0,0,0,0,90,116
4,4 13 14 20,1,a14,1,1,1,0,25,116
4,4 13 14 20,2,a04 a14,0,0,0,0,73,116
4,4 13 14 20,2,a13 a14,0,0,0,0,73,116
4,4 13 14 20,3,a04 a13 a14,0,0,0,0,99,116
4,4 13 14 20,1,a20,0,0,0,0,62,116
4,4 13 14 20,2,a04 a20,0,0,0,0,73,116
4,4 13 14 20,2,a13 a20,0,0,0,0,89,116
4,4 13 14 20,3,a04 a13 a20,0,0,0,0,99,116
4,4 13 14 20,2,a14 a20,0,0,0,0,87,116
4,4 13 14 20,3,a04 a14 a20,0,0,0,0,98,116
4,4 13 14 20,3,a13 a14 a20,0,0,0,0,98,116
4,4 13 14 20,4,a04 a13 a14 a20,0,0,0,0,108,116
4,4 13 14 21,0,,1,1,1,0,0,58
4,4 13 14 21,1,a04,0,0,0,0,19,58
4,4 13 14 21,1,a13,1,1,1,0,19,58
4,4 13 14 21,2,a04 a13,0,0,0,0,38,58
4,4 13 14 21,1,a14,1,1,1,0,19,58
4,4 13 14 21,2,a04 a14,0,0,0,0,38,58
4,4 13 14 21,2,a13 a14,1,1,1,0,26,58
4,4 13 14 21,3,a04 a13 a14,0,0,0,0,45,58
4,4 13 14 21,1,a21,0,0,0,0,19,58
4,4 13 14 21,2,a04 a21,0,0,0,0,26,58
4,4 13 14 21,2,a13 a21,0,0,0,0,38,58
4,4 13 14 21,3,a04 a13 a21,0,0,0,0,45,58
4,4 13 14 21,2,a14 a21,0,0,0,0,38,58
4,4 13 14 21,3,a04 a14 a21,0,0,0,0,45,58
4,4 13 14 21,3,a13 a14 a21,0,0,0,0,45,58
4,4 13 14 21,4,a04 a13 a14 a21,0,0,0,0,52,58
4,4 13 15 17,0,,1,1,1,0,0,268
4,4 13 15 17,1,a04,0,0,0,0,140,268
4,4 13 15 17,1,a13,0,0,0,0,140,268
4,4 13 15 17,2,a04 a13,0,0,0,0,208,268
4,4 13 15 17,1,a15,0,0,0,0,140,268
4,4 13 15 17,2,a04 a15,0,0,0,0,208,268
4,4 13 15 17,2,a13 a15,0,0,0,0,208,268
4,4 13 15 17,3,a04 a13 a15,0,0,0,0,245,268
4,4 13 15 17,1,a17,0,0,0,0,204,268
4,4 13 15 17,2,a04 a17,0,0,0,0,226,268
4,4 13 15 17,2,a13 a17,0,0,0,0,226,268
4,4 13 15 17,3,a04 a13 a17,0,0,0,0,242,268
4,4 13 15 17,2,a15 a17,0,0,0,0,226,268
4,4 13 15 17,3,a04 a15 a17,0,0,0,0,242,268
4,4 13 15 17,3,a13 a15 a17,0,0,0,0,242,268
4,4 13 15 17,4,a04 a13 a15 a17,0,0,0,0,257,268
4,4 13 15 18,0,,1,1,1,0,0,88
4,4 13 15 18,1,a04,0,0,0,0,42,88
4,4 13 15 18,1,a13,1,1,1,0,8,88
4,4 13 15 18,2,a04 a13,0,0,0,0,50,88
4,4 13 15 18,1,a15,0,0,0,0,42,88
4,4 13 15 18,2,a04 a15,0,0,0,0,65,88
4,4 13 15 18,2,a13 a15,0,0,0,0,50,88
4,4 13 15 18,3,a04 a13 a15,0,0,0,0,73,88
4,4 13 15 18,1,a18,0,0,0,0,54,88
4,4 13 15 18,2,a04 a18,0,0,0,0,64,88
4,4 13 15 18,2,a13 a18,0,0,0,0,62,88
4,4 13 15 18,3,a04 a13 a18,0,0,0,0,72,88
4,4 13 15 18,2,a15 a18,0,0,0,0,64,88
4,4 13 15 18,3,a04 a15 a18,0,0,0,0,73,88
4,4 13 15 18,3,a13 a15 a18,0,0,0,0,72,88
4,4 13 15 18,4,a04 a13 a15 a18,0,0,0,0,81,88
4,4 13 15 20,0,,1,1,1,0,0,88
4,4 13 15 20,1,a04,0,0,0,0,42,88
4,4 13 15 20,1,a13,0,0,0,0,42,88
4,4 13 15 20,2,a04 a13,0,0,0,0,65,88
4,4 13 15 20,1,a15,1,1,1,0,8,88
4,4 13 15 20,2,a04 a15,0,0,0,0,50,88
4,4 13 15 20,2,a13 a15,0,0,0,0,50,88
4,4 13 15 20,3,a04 a13 a15,0,0,0,0,73,88
4,4 13 15 20,1,a20,0,0,0,0,54,88
4,4 13 15 20,2,a04 a20,0,0,0,0,64,88
4,4 13 15 20,2,a13 a20,0,0,0,0,64,88
4,4 13 15 20,3,a04 a13 a20,0,0,0,0,73,88
4,4 13 15 20,2,a15 a20,0,0,0,0,62,88
4,4 13 15 20,3,a04 a15 a20,0,0,0,0,72,88
4,4 13 15 20,3,a13 a15 a20,0,0,0,0,72,88
4,4 13 15 20,4,a04 a13 a15 a20,0,0,0,0,81,88
4,4 13 15 21,0,,1,1,1,0,0,39
4,4 13 15 21,1,a04,0,0,0,0,16,39
4,4 13 15 21,1,a13,1,1,1,0,6,39
4,4 13 15 21,2,a04 a13,0,0,0,0,22,39
4,4 13 15 21,1,a15,1,1,1,0,6,39
4,4 13 15 21,2,a04 a15,0,0,0,0,22,39
4,4 13 15 21,2,a13 a15,1,1,1,0,12,39
4,4 13 15 21,3,a04 a13 a15,0,0,0,0,28,39
4,4 13 15 21,1,a21,0,0,0,0,16,39
4,4 13 15 21,2,a04 a21,0,0,0,0,22,39
4,4 13 15 21,2,a13 a21,0,0,0,0,22,39
4,4 13 15 21,3,a04 a13 a21,0,0,0,0,28,39
4,4 13 15 21,2,a15 a21,0,0,0,0,22,39
4,4 13 15 21,3,a04 a15 a21,0,0,0,0,28,39
4,4 13 15 21,3,a13 a15 a21,0,0,0,0,28,39
4,4 13 15 21,4,a04 a13 a15 a21,0,0,0,0,34,39
4,4 13 16 20,0,,1,1,1,0,0,157
4,4 13 16 20,1,a04,0,0,0,0,80,157
4,4 13 16 20,1,a13,0,0,0,0,54,157
4,4 13 16 20,2,a04 a13,0,0,0,0,109,157
4,4 13 16 20,1,a16,1,1,1,0,54,157
4,4 13 16 20,2,a04 a16,0,0,0,0,109,157
4,4 13 16 20,2,a13 a16,0,0,0,0,108,157
4,4 13 16 20,3,a04 a13 a16,0,0,0,0,138,157
4,4 13 16 20,1,a20,0,0,0,0,112,157
4,4 13 16 20,2,a04 a20,0,0,0,0,126,157
4,4 13 16 20,2,a13 a20,0,0,0,0,124,157
4,4 13 16 20,3,a04 a13 a20,0,0,0,0,137,157
4,4 13 16 20,2,a16 a20,0,0,0,0,124,157
4,4 13 16 20,3,a04 a16 a20,0,0,0,0,137,157
4,4 13 16 20,3,a13 a16 a20,0,0,0,0,136,157
4,4 13 16 20,4,a04 a13 a16 a20,0,0,0,0,148,157
4,4 13 16 21,0,,1,1,1,0,0,39
4,4 13 16 21,1,a04,0,0,0,0,16,39
4,4 13 16 21,1,a13,1,1,1,0,6,39
4,4 13 16 21,2,a04 a13,0,0,0,0,22,39
4,4 13 16 21,1,a16,1,1,1,0,6,39
4,4 13 16 21,2,a04 a16,0,0,0,0,22,39
4,4 13 16 21,2,a13 a16,1,1,1,0,12,39
4,4 13 16 21,3,a04 a13 a16,0,0,0,0,28,39
4,4 13 16 21,1,a21,0,0,0,0,16,39
4,4 13 16 21,2,a04 a21,0,0,0,0,22,39
4,4 13 16 21,2,a13 a21,0,0,0,0,22,39
4,4 13 16 21,3,a04 a13 a21,0,0,0,0,28,39
4,4 13 16 21,2,a16 a21,0,0,0,0,22,39
4,4 13 16 21,3,a04 a16 a21,0,0,0,0,28,39
4,4 13 16 21,3,a13 a16 a21,0,0,0,0,28,39
4,4 13 16 21,4,a04 a13 a16 a21,0,0,0,0,34,39
4,4 13 17 20,0,,1,1,1,0,0,194
4,4 13 17 20,1,a04,0,0,0,0,109,194
4,4 13 17 20,1,a13,0,0,0,0,109,194
4,4 13 17 20,2,a04 a13,0,0,0,0,162,194
4,4 13 17 20,1,a17,1,1,1,0,78,194
4,4 13 17 20,2,a04 a17,0,0,0,0,140,194
4,4 13 17 20,2,a13 a17,0,0,0,0,140,194
4,4 13 17 20,3,a04 a13 a17,0,0,0,0,173,194
4,4 13 17 20,1,a20,0,0,0,0,78,194
4,4 13 17 20,2,a04 a20,0,0,0,0,140,194
4,4 13 17 20,2,a13 a20,0,0,0,0,140,194
4,4 13 17 20,3,a04 a13 a20,0,0,0,0,173,194
4,4 13 17 20,2,a17 a20,0,0,0,0,156,194
4,4 13 17 20,3,a04 a17 a20,0,0,0,0,171,194
4,4 13 17 20,3,a13 a17 a20,0,0,0,0,171,194
4,4 13 17 20,4,a04 a13 a17 a20,0,0,0,0,184,194
4,4 13 17 21,0,,1,1,1,0,0,116
4,4 13 17 21,1,a04,0,0,0,0,64,116
4,4 13 17 21,1,a13,1,1,1,0,48,116
4,4 13 17 21,2,a04 a13,0,0,0,0,90,116
4,4 13 17 21,1,a17,1,1,1,0,62,116
4,4 13 17 21,2,a04 a17,0,0,0,0,89,116
4,4 13 17 21,2,a13 a17,1,1,1,0,73,116
4,4 13 17 21,3,a04 a13 a17,0,0,0,0,99,116
4,4 13 17 21,1,a21,0,0,0,0,25,116
4,4 13 17 21,2,a04 a21,0,0,0,0,73,116
4,4 13 17 21,2,a13 a21,0,0,0,0,73,116
4,4 13 17 21,3,a04 a13 a21,0,0,0,0,99,116
4,4 13 17 21,2,a17 a21,0,0,0,0,87,116
4,4 13 17 21,3,a04 a17 a21,0,0,0,0,98,116
4,4 13 17 21,3,a13 a17 a21,0,0,0,0,98,116
4,4 13 17 21,4,a04 a13 a17 a21,0,0,0,0,108,116
4,4 13 17 23,0,,1,1,1,0,0,606
4,4 13 17 23,1,a04,0,0,0,0,416,606
4,4 13 17 23,1,a13,0,0,0,0,416,606
4,4 13 17 23,2,a04 a13,0,0,0,0,532,606
4,4 13 17 23,1,a17,0,0,0,0,420,606
4,4 13 17 23,2,a04 a17,0,0,0,0,517,606
4,4 13 17 23,2,a13 a17,0,0,0,0,517,606
4,4 13 17 23,3,a04 a13 a17,0,0,0,0,565,606
4,4 13 17 23,1,a23,0,0,0,0,420,606
4,4 13 17 23,2,a04 a23,0,0,0,0,517,606
4,4 13 17 23,2,a13 a23,0,0,0,0,517,606
4,4 13 17 23,3,a04 a13 a23,0,0,0,0,565,606
4,4 13 17 23,2,a17 a23,0,0,0,0,536,606
4,4 13 17 23,3,a04 a17 a23,0,0,0,0,563,606
4,4 13 17 23,3,a13 a17 a23,0,0,0,0,563,606
4,4 13 17 23,4,a04 a13 a17 a23,0,0,0,0,583,606
4,4 13 17 24,0,,1,1,1,0,0,364
4,4 13 17 24,1,a04,0,0,0,0,253,364
4,4 13 17 24,1,a13,0,0,0,0,175,364
4,4 13 17 24,2,a04 a13,0,0,0,0,306,364
4,4 13 17 24,1,a17,0,0,0,0,268,364
4,4 13 17 24,2,a04 a17,0,0,0,0,316,364
4,4 13 17 24,2,a13 a17,0,0,0,0,292,364
4,4 13 17 24,3,a04 a13 a17,0,0,0,0,333,364
4,4 13 17 24,1,a24,0,0,0,0,218,364
4,4 13 17 24,2,a04 a24,0,0,0,0,295,364
4,4 13 17 24,2,a13 a24,0,0,0,0,294,364
4,4 13 17 24,3,a04 a13 a24,0,0,0,0,335,364
4,4 13 17 24,2,a17 a24,0,0,0,0,313,364
4,4 13 17 24,3,a04 a17 a24,0,0,0,0,333,364
4,4 13 17 24,3,a13 a17 a24,0,0,0,0,332,364
4,4 13 17 24,4,a04 a13 a17 a24,0,0,0,0,349,364
4,4 13 18 20,0,,1,1,1,0,0,116
4,4 13 18 20,1,a04,0,0,0,0,64,116
4,4 13 18 20,1,a13,0,0,0,0,48,116
4,4 13 18 20,2,a04 a13,0,0,0,0,90,116
4,4 13 18 20,1,a18,1,1,1,0,25,116
4,4 13 18 20,2,a04 a18,0,0,0,0,73,116
4,4 13 18 20,2,a13 a18,0,0,0,0,73,116
4,4 13 18 20,3,a04 a13 a18,0,0,0,0,99,116
4,4 13 18 20,1,a20,0,0,0,0,62,116
4,4 13 18 20,2,a04 a20,0,0,0,0,89,116
4,4 13 18 20,2,a13 a20,0,0,0,0,73,116
4,4 13 18 20,3,a04 a13 a20,0,0,0,0,99,116
4,4 13 18 20,2,a18 a20,0,0,0,0,87,116
4,4 13 18 20,3,a04 a18 a20,0,0,0,0,98,116
4,4 13 18 20,3,a13 a18 a20,0,0,0,0,98,116
4,4 13 18 20,4,a04 a13 a18 a20,0,0,0,0,108,116
4,4 13 18 21,0,,1,1,1,0,0,58
4,4 13 18 21,1,a04,0,0,0,0,31,58
4,4 13 18 21,1,a13,1,1,1,0,7,58
4,4 13 18 21,2,a04 a13,0,0,0,0,38,58
4,4 13 18 21,1,a18,1,1,1,0,19,58
4,4 13 18 21,2,a04 a18,0,0,0,0,38,58
4,4 13 18 21,2,a13 a18,1,1,1,0,26,58
4,4 13 18 21,3,a04 a13 a18,0,0,0,0,45,58
4,4 13 18 21,1,a21,0,0,0,0,19,58
4,4 13 18 21,2,a04 a21,0,0,0,0,38,58
4,4 13 18 21,2,a13 a21,0,0,0,0,26,58
4,4 13 18 21,3,a04 a13 a21,0,0,0,0,45,58
4,4 13 18 21,2,a18 a21,0,0,0,0,38,58
4,4 13 18 21,3,a04 a18 a21,0,0,0,0,45,58
4,4 13 18 21,3,a13 a18 a21,0,0,0,0,45,58
4,4 13 18 21,4,a04 a13 a18 a21,0,0,0,0,52,58
4,4 13 18 23,0,,1,1,1,0,0,364
4,4 13 18 23,1,a04,0,0,0,0,253,364
4,4 13 18 23,1,a13,0,0,0,0,175,364
4,4 13 18 23,2,a04 a13,0,0,0,0,306,364
4,4 13 18 23,1,a18,0,0,0,0,218,364
4,4 13 18 23,2,a04 a18,0,0,0,0,295,364
4,4 13 18 23,2,a13 a18,0,0,0,0,294,364
4,4 13 18 23,3,a04 a13 a18,0,0,0,0,335,364
4,4 13 18 23,1,a23,0,0,0,0,268,364
4,4 13 18 23,2,a04 a23,0,0,0,0,316,364
4,4 13 18 23,2,a13 a23,0,0,0,0,292,364
4,4 13 18 23,3,a04 a13 a23,0,0,0,0,333,364
4,4 13 18 23,2,a18 a23,0,0,0,0,313,364
4,4 13 18 23,3,a04 a18 a23,0,0,0,0,333,364
4,4 13 18 23,3,a13 a18 a23,0,0,0,0,332,364
4,4 13 18 23,4,a04 a13 a18 a23,0,0,0,0,349,364
4,4 13 18 24,0,,1,1,1,0,0,132
4,4 13 18 24,1,a04,0,0,0,0,85,132
4,4 13 18 24,1,a13,1,1,1,0,9,132
4,4 13 18 24,2,a04 a13,0,0,0,0,94,132
4,4 13 18 24,1,a18,0,0,0,0,77,132
4,4 13 18 24,2,a04 a18,0,0,0,0,104,132
4,4 13 18 24,2,a13 a18,0,0,0,0,86,132
4,4 13 18 24,3,a04 a13 a18,0,0,0,0,113,132
4,4 13 18 24,1,a24,0,0,0,0,77,132
4,4 13 18 24,2,a04 a24,0,0,0,0,104,132
4,4 13 18 24,2,a13 a24,0,0,0,0,86,132
4,4 13 18 24,3,a04 a13 a24,0,0,0,0,113,132
4,4 13 18 24,2,a18 a24,0,0,0,0,103,132
4,4 13 18 24,3,a04 a18 a24,0,0,0,0,114,132
4,4 13 18 24,3,a13 a18 a24,0,0,0,0,112,132
4,4 13 18 24,4,a04 a13 a18 a24,0,0,0,0,123,132
4,4 13 19 20,0,,1,1,1,0,0,214
4,4 13 19 20,1,a04,0,0,0,0,136,214
4,4 13 19 20,1,a13,0,0,0,0,60,214
4,4 13 19 20,2,a04 a13,0,0,0,0,168,214
4,4 13 19 20,1,a19,1,1,1,0,97,214
4,4 13 19 20,2,a04 a19,0,0,0,0,159,214
4,4 13 19 20,2,a13 a19,0,0,0,0,157,214
4,4 13 19 20,3,a04 a13 a19,0,0,0,0,191,214
4,4 13 19 20,1,a20,0,0,0,0,144,214
4,4 13 19 20,2,a04 a20,0,0,0,0,179,214
4,4 13 19 20,2,a13 a20,0,0,0,0,157,214
4,4 13 19 20,3,a04 a13 a20,0,0,0,0,191,214
4,4 13 19 20,2,a19 a20,0,0,0,0,176,214
4,4 13 19 20,3,a04 a19 a20,0,0,0,0,191,214
4,4 13 19 20,3,a13 a19 a20,0,0,0,0,189,214
4,4 13 19 20,4,a04 a13 a19 a20,0,0,0,0,203,214
4,4 13 19 21,0,,1,1,1,0,0,58
4,4 13 19 21,1,a04,0,0,0,0,31,58
4,4 13 19 21,1,a13,1,1,1,0,7,58
4,4 13 19 21,2,a04 a13,0,0,0,0,38,58
4,4 13 19 21,1,a19,1,1,1,0,19,58
4,4 13 19 21,2,a04 a19,0,0,0,0,38,58
4,4 13 19 21,2,a13 a19,1,1,1,0,26,58
4,4 13 19 21,3,a04 a13 a19,0,0,0,0,45,58
4,4 13 19 21,1,a21,0,0,0,0,19,58
4,4 13 19 21,2,a04 a21,0,0,0,0,38,58
4,4 13 19 21,2,a13 a21,0,0,0,0,26,58
4,4 13 19 21,3,a04 a13 a21,0,0,0,0,45,58
4,4 13 19 21,2,a19 a21,0,0,0,0,38,58
4,4 13 19 21,3,a04 a19 a21,0,0,0,0,45,58
4,4 13 19 21,3,a13 a19 a21,0,0,0,0,45,58
4,4 13 19 21,4,a04 a13 a19 a21,0,0,0,0,52,58
4,4 13 20 21,0,,1,1,1,0,0,70
4,4 13 20 21,1,a04,0,0,0,0,36,70
4,4 13 20 21,1,a13,1,1,1,0,36,70
4,4 13 20 21,2,a04 a13,0,0,0,0,56,70
4,4 13 20 21,1,a20,1,1,1,0,46,70
4,4 13 20 21,2,a04 a20,0,0,0,0,55,70
4,4 13 20 21,2,a13 a20,1,1,1,0,55,70
4,4 13 20 21,3,a04 a13 a20,0,0,0,0,63,70
4,4 13 20 21,1,a21,1,0,1,1,19,70
4,4 13 20 21,2,a04 a21,0,0,0,0,43,70
4,4 13 20 21,2,a13 a21,0,0,0,0,38,70
4,4 13 20 21,3,a04 a13 a21,0,0,0,0,57,70
4,4 13 20 21,2,a20 a21,0,0,0,0,49,70
4,4 13 20 21,3,a04 a20 a21,0,0,0,0,56,70
4,4 13 20 21,3,a13 a20 a21,0,0,0,0,57,70
4,4 13 20 21,4,a04 a13 a20 a21,0,0,0,0,64,70
4,4 13 20 22,0,,1,1,1,0,0,109
4,4 13 20 22,1,a04,0,0,0,0,74,109
4,4 13 20 22,1,a13,1,0,1,1,42,109
4,4 13 20 22,2,a04 a13,0,0,0,0,78,109
4,4 13 20 22,1,a20,0,0,0,0,67,109
4,4 13 20 22,2,a04 a20,0,0,0,0,91,109
4,4 13 20 22,2,a13 a20,0,0,0,0,77,109
4,4 13 20 22,3,a04 a13 a20,0,0,0,0,93,109
4,4 13 20 22,1,a22,1,1,1,0,67,109
4,4 13 20 22,2,a04 a22,0,0,0,0,91,109
4,4 13 20 22,2,a13 a22,0,0,0,0,71,109
4,4 13 20 22,3,a04 a13 a22,0,0,0,0,94,109
4,4 13 20 22,2,a20 a22,0,0,0,0,90,109
4,4 13 20 22,3,a04 a20 a22,0,0,0,0,100,109
4,4 13 20 22,3,a13 a20 a22,0,0,0,0,93,109
4,4 13 20 22,4,a04 a13 a20 a22,0,0,0,0,102,109
4,4 13 20 23,0,,1,1,1,0,0,194
4,4 13 20 23,1,a04,0,0,0,0,109,194
4,4 13 20 23,1,a13,0,0,0,0,109,194
4,4 13 20 23,2,a04 a13,0,0,0,0,162,194
4,4 13 20 23,1,a20,0,0,0,0,78,194
4,4 13 20 23,2,a04 a20,0,0,0,0,140,194
4,4 13 20 23,2,a13 a20,0,0,0,0,140,194
4,4 13 20 23,3,a04 a13 a20,0,0,0,0,173,194
4,4 13 20 23,1,a23,1,1,1,0,78,194
4,4 13 20 23,2,a04 a23,0,0,0,0,140,194
4,4 13 20 23,2,a13 a23,0,0,0,0,140,194
4,4 13 20 23,3,a04 a13 a23,0,0,0,0,173,194
4,4 13 20 23,2,a20 a23,0,0,0,0,156,194
4,4 13 20 23,3,a04 a20 a23,0,0,0,0,171,194
4,4 13 20 23,3,a13 a20 a23,0,0,0,0,171,194
4,4 13 20 23,4,a04 a13 a20 a23,0,0,0,0,184,194
4,4 13 20 24,0,,1,1,1,0,0,116
4,4 13 20 24,1,a04,0,0,0,0,64,116
4,4 13 20 24,1,a13,0,0,0,0,48,116
4,4 13 20 24,2,a04 a13,0,0,0,0,90,116
4,4 13 20 24,1,a20,0,0,0,0,62,116
4,4 13 20 24,2,a04 a20,0,0,0,0,89,116
4,4 13 20 24,2,a13 a20,0,0,0,0,73,116
4,4 13 20 24,3,a04 a13 a20,0,0,0,0,99,116
4,4 13 20 24,1,a24,1,1,1,0,25,116
4,4 13 20 24,2,a04 a24,0,0,0,0,73,116
4,4 13 20 24,2,a13 a24,0,0,0,0,73,116
4,4 13 20 24,3,a04 a13 a24,0,0,0,0,99,116
4,4 13 20 24,2,a20 a24,0,0,0,0,87,116
4,4 13 20 24,3,a04 a20 a24,0,0,0,0,98,116
4,4 13 20 24,3,a13 a20 a24,0,0,0,0,98,116
4,4 13 20 24,4,a04 a13 a20 a24,0,0,0,0,108,116
4,4 13 20 25,0,,1,1,1,0,0,214
4,4 13 20 25,1,a04,0,0,0,0,136,214
4,4 13 20 25,1,a13,0,0,0,0,60,214
4,4 13 20 25,2,a04 a13,0,0,0,0,168,214
4,4 13 20 25,1,a20,0,0,0,0,144,214
4,4 13 20 25,2,a04 a20,0,0,0,0,179,214
4,4 13 20 25,2,a13 a20,0,0,0,0,157,214
4,4 13 20 25,3,a04 a13 a20,0,0,0,0,191,214
4,4 13 20 25,1,a25,1,1,1,0,97,214
4,4 13 20 25,2,a04 a25,0,0,0,0,159,214
4,4 13 20 25,2,a13 a25,0,0,0,0,157,214
4,4 13 20 25,3,a04 a13 a25,0,0,0,0,191,214
4,4 13 20 25,2,a20 a25,0,0,0,0,176,214
4,4 13 20 25,3,a04 a20 a25,0,0,0,0,191,214
4,4 13 20 25,3,a13 a20 a25,0,0,0,0,189,214
4,4 13 20 25,4,a04 a13 a20 a25,0,0,0,0,203,214
4,4 13 21 22,0,,1,1,1,0,0,44
4,4 13 21 22,1,a04,0,0,0,0,26,44
4,4 13 21 22,1,a13,1,1,1,0,6,44
4,4 13 21 22,2,a04 a13,0,0,0,0,27,44
4,4 13 21 22,1,a21,0,0,0,0,16,44
4,4 13 21 22,2,a04 a21,0,0,0,0,32,44
4,4 13 21 22,2,a13 a21,0,0,0,0,22,44
4,4 13 21 22,3,a04 a13 a21,0,0,0,0,33,44
4,4 13 21 22,1,a22,1,1,1,0,16,44
4,4 13 21 22,2,a04 a22,0,0,0,0,32,44
4,4 13 21 22,2,a13 a22,1,1,1,0,17,44
4,4 13 21 22,3,a04 a13 a22,0,0,0,0,33,44
4,4 13 21 22,2,a21 a22,0,0,0,0,32,44
4,4 13 21 22,3,a04 a21 a22,0,0,0,0,38,44
4,4 13 21 22,3,a13 a21 a22,0,0,0,0,33,44
4,4 13 21 22,4,a04 a13 a21 a22,0,0,0,0,39,44
4,4 13 21 23,0,,1,1,1,0,0,116
4,4 13 21 23,1,a04,0,0,0,0,64,116
4,4 13 21 23,1,a13,1,1,1,0,48,116
4,4 13 21 23,2,a04 a13,0,0,0,0,90,116
4,4 13 21 23,1,a21,0,0,0,0,25,116
4,4 13 21 23,2,a04 a21,0,0,0,0,73,116
4,4 13 21 23,2,a13 a21,0,0,0,0,73,116
4,4 13 21 23,3,a04 a13 a21,0,0,0,0,99,116
4,4 13 21 23,1,a23,1,1,1,0,62,116
4,4 13 21 23,2,a04 a23,0,0,0,0,89,116
4,4 13 21 23,2,a13 a23,1,1,1,0,73,116
4,4 13 21 23,3,a04 a13 a23,0,0,0,0,99,116
4,4 13 21 23,2,a21 a23,0,0,0,0,87,116
4,4 13 21 23,3,a04 a21 a23,0,0,0,0,98,116
4,4 13 21 23,3,a13 a21 a23,0,0,0,0,98,116
4,4 13 21 23,4,a04 a13 a21 a23,0,0,0,0,108,116
4,4 13 21 24,0,,1,1,1,0,0,58
4,4 13 21 24,1,a04,0,0,0,0,31,58
4,4 13 21 24,1,a13,1,1,1,0,7,58
4,4 13 21 24,2,a04 a13,0,0,0,0,38,58
4,4 13 21 24,1,a21,0,0,0,0,19,58
4,4 13 21 24,2,a04 a21,0,0,0,0,38,58
4,4 13 21 24,2,a13 a21,0,0,0,0,26,58
4,4 13 21 24,3,a04 a13 a21,0,0,0,0,45,58
4,4 13 21 24,1,a24,1,1,1,0,19,58
4,4 13 21 24,2,a04 a24,0,0,0,0,38,58
4,4 13 21 24,2,a13 a24,1,1,1,0,26,58
4,4 13 21 24,3,a04 a13 a24,0,0,0,0,45,58
4,4 13 21 24,2,a21 a24,0,0,0,0,38,58
4,4 13 21 24,3,a04 a21 a24,0,0,0,0,45,58
4,4 13 21 24,3,a13 a21 a24,0,0,0,0,45,58
4,4 13 21 24,4,a04 a13 a21 a24,0,0,0,0,52,58
4,4 13 21 25,0,,1,1,1,0,0,58
4,4 13 21 25,1,a04,0,0,0,0,31,58
4,4 13 21 25,1,a13,1,1,1,0,7,58
4,4 13 21 25,2,a04 a13,0,0,0,0,38,58
4,4 13 21 25,1,a21,0,0,0,0,19,58
4,4 13 21 25,2,a04 a21,0,0,0,0,38,58
4,4 13 21 25,2,a13 a21,0,0,0,0,26,58
4,4 13 21 25,3,a04 a13 a21,0,0,0,0,45,58
4,4 13 21 25,1,a25,1,1,1,0,19,58
4,4 13 21 25,2,a04 a25,0,0,0,0,38,58
4,4 13 21 25,2,a13 a25,1,1,1,0,26,58
4,4 13 21 25,3,a04 a13 a25,0,0,0,0,45,58
4,4 13 21 25,2,a21 a25,0,0,0,0,38,58
4,4 13 21 25,3,a04 a21 a25,0,0,0,0,45,58
4,4 13 21 25,3,a13 a21 a25,0,0,0,0,45,58
4,4 13 21 25,4,a04 a13 a21 a25,0,0,0,0,52,58
4,4 14 15 18,0,,1,1,1,0,0,157
4,4 14 15 18,1,a04,0,0,0,0,80,157
4,4 14 15 18,1,a14,1,1,1,0,54,157
4,4 14 15 18,2,a04 a14,0,0,0,0,109,157
4,4 14 15 18,1,a15,0,0,0,0,54,157
4,4 14 15 18,2,a04 a15,0,0,0,0,109,157
4,4 14 15 18,2,a14 a15,0,0,0,0,108,157
4,4 14 15 18,3,a04 a14 a15,0,0,0,0,138,157
4,4 14 15 18,1,a18,0,0,0,0,112,157
4,4 14 15 18,2,a04 a18,0,0,0,0,126,157
4,4 14 15 18,2,a14 a18,0,0,0,0,124,157
4,4 14 15 18,3,a04 a14 a18,0,0,0,0,137,157
4,4 14 15 18,2,a15 a18,0,0,0,0,124,157
4,4 14 15 18,3,a04 a15 a18,0,0,0,0,137,157
4,4 14 15 18,3,a14 a15 a18,0,0,0,0,136,157
4,4 14 15 18,4,a04 a14 a15 a18,0,0,0,0,148,157
4,4 14 15 21,0,,1,1,1,0,0,39
4,4 14 15 21,1,a04,0,0,0,0,16,39
4,4 14 15 21,1,a14,1,1,1,0,6,39
4,4 14 15 21,2,a04 a14,0,0,0,0,22,39
4,4 14 15 21,1,a15,1,1,1,0,6,39
4,4 14 15 21,2,a04 a15,0,0,0,0,22,39
4,4 14 15 21,2,a14 a15,1,1,1,0,12,39
4,4 14 15 21,3,a04 a14 a15,0,0,0,0,28,39
4,4 14 15 21,1,a21,0,0,0,0,16,39
4,4 14 15 21,2,a04 a21,0,0,0,0,22,39
4,4 14 15 21,2,a14 a21,0,0,0,0,22,39
4,4 14 15 21,3,a04 a14 a21,0,0,0,0,28,39
4,4 14 15 21,2,a15 a21,0,0,0,0,22,39
4,4 14 15 21,3,a04 a15 a21,0,0,0,0,28,39
4,4 14 15 21,3,a14 a15 a21,0,0,0,0,28,39
4,4 14 15 21,4,a04 a14 a15 a21,0,0,0,0,34,39
4,4 14 16 18,0,,1,1,1,0,0,472
4,4 14 16 18,1,a04,0,0,0,0,276,472
4,4 14 16 18,1,a14,0,0,0,0,310,472
4,4 14 16 18,2,a04 a14,0,0,0,0,393,472
4,4 14 16 18,1,a16,0,0,0,0,310,472
4,4 14 16 18,2,a04 a16,0,0,0,0,393,472
4,4 14 16 18,2,a14 a16,0,0,0,0,390,472
4,4 14 16 18,3,a04 a14 a16,0,0,0,0,436,472
4,4 14 16 18,1,a18,0,0,0,0,378,472
4,4 14 16 18,2,a04 a18,0,0,0,0,405,472
4,4 14 16 18,2,a14 a18,0,0,0,0,416,472
4,4 14 16 18,3,a04 a14 a18,0,0,0,0,436,472
4,4 14 16 18,2,a16 a18,0,0,0,0,416,472
4,4 14 16 18,3,a04 a16 a18,0,0,0,0,436,472
4,4 14 16 18,3,a14 a16 a18,0,0,0,0,434,472
4,4 14 16 18,4,a04 a14 a16 a18,0,0,0,0,453,472
4,4 14 16 21,0,,1,1,1,0,0,58
4,4 14 16 21,1,a04,0,0,0,0,19,58
4,4 14 16 21,1,a14,1,1,1,0,19,58
4,4 14 16 21,2,a04 a14,0,0,0,0,38,58
4,4 14 16 21,1,a16,1,1,1,0,19,58
4,4 14 16 21,2,a04 a16,0,0,0,0,38,58
4,4 14 16 21,2,a14 a16,1,1,1,0,26,58
4,4 14 16 21,3,a04 a14 a16,0,0,0,0,45,58
4,4 14 16 21,1,a21,0,0,0,0,19,58
4,4 14 16 21,2,a04 a21,0,0,0,0,26,58
4,4 14 16 21,2,a14 a21,0,0,0,0,38,58
4,4 14 16 21,3,a04 a14 a21,0,0,0,0,45,58
4,4 14 16 21,2,a16 a21,0,0,0,0,38,58
4,4 14 16 21,3,a04 a16 a21,0,0,0,0,45,58
4,4 14 16 21,3,a14 a16 a21,0,0,0,0,45,58
4,4 14 16 21,4,a04 a14 a16 a21,0,0,0,0,52,58
4,4 14 17 21,0,,1,1,1,0,0,116
4,4 14 17 21,1,a04,0,0,0,0,64,116
4,4 14 17 21,1,a14,1,1,1,0,48,116
4,4 14 17 21,2,a04 a14,0,0,0,0,90,116
4,4 14 17 21,1,a17,1,1,1,0,62,116
4,4 14 17 21,2,a04 a17,0,0,0,0,89,116
4,4 14 17 21,2,a14 a17,1,1,1,0,73,116
4,4 14 17 21,3,a04 a14 a17,0,0,0,0,99,116
4,4 14 17 21,1,a21,0,0,0,0,25,116
4,4 14 17 21,2,a04 a21,0,0,0,0,73,116
4,4 14 17 21,2,a14 a21,0,0,0,0,73,116
4,4 14 17 21,3,a04 a14 a21,0,0,0,0,99,116
4,4 14 17 21,2,a17 a21,0,0,0,0,87,116
4,4 14 17 21,3,a04 a17 a21,0,0,0,0,98,116
4,4 14 17 21,3,a14 a17 a21,0,0,0,0,98,116
4,4 14 17 21,4,a04 a14 a17 a21,0,0,0,0,108,116
4,4 14 17 22,0,,1,1,1,0,0,606
4,4 14 17 22,1,a04,0,0,0,0,453,606
4,4 14 17 22,1,a14,0,0,0,0,375,606
4,4 14 17 22,2,a04 a14,0,0,0,0,531,606
4,4 14 17 22,1,a17,0,0,0,0,420,606
4,4 14 17 22,2,a04 a17,0,0,0,0,517,606
4,4 14 17 22,2,a14 a17,0,0,0,0,514,606
4,4 14 17 22,3,a04 a14 a17,0,0,0,0,564,606
4,4 14 17 22,1,a22,0,0,0,0,461,606
4,4 14 17 22,2,a04 a22,0,0,0,0,531,606
4,4 14 17 22,2,a14 a22,0,0,0,0,516,606
4,4 14 17 22,3,a04 a14 a22,0,0,0,0,565,606
4,4 14 17 22,2,a17 a22,0,0,0,0,539,606
4,4 14 17 22,3,a04 a17 a22,0,0,0,0,564,606
4,4 14 17 22,3,a14 a17 a22,0,0,0,0,562,606
4,4 14 17 22,4,a04 a14 a17 a22,0,0,0,0,583,606
4,4 14 18 21,0,,1,1,1,0,0,116
4,4 14 18 21,1,a04,0,0,0,0,64,116
4,4 14 18 21,1,a14,1,1,1,0,48,116
4,4 14 18 21,2,a04 a14,0,0,0,0,90,116
4,4 14 18 21,1,a18,1,1,1,0,62,116
4,4 14 18 21,2,a04 a18,0,0,0,0,89,116
4,4 14 18 21,2,a14 a18,1,1,1,0,73,116
4,4 14 18 21,3,a04 a14 a18,0,0,0,0,99,116
4,4 14 18 21,1,a21,0,0,0,0,25,116
4,4 14 18 21,2,a04 a21,0,0,0,0,73,116
4,4 14 18 21,2,a14 a21,0,0,0,0,73,116
4,4 14 18 21,3,a04 a14 a21,0,0,0,0,99,116
4,4 14 18 21,2,a18 a21,0,0,0,0,87,116
4,4 14 18 21,3,a04 a18 a21,0,0,0,0,98,116
4,4 14 18 21,3,a14 a18 a21,0,0,0,0,98,116
4,4 14 18 21,4,a04 a14 a18 a21,0,0,0,0,108,116
4,4 14 18 22,0,,1,1,1,0,0,364
4,4 14 18 22,1,a04,0,0,0,0,232,364
4,4 14 18 22,1,a14,0,0,0,0,251,364
4,4 14 18 22,2,a04 a14,0,0,0,0,317,364
4,4 14 18 22,1,a18,0,0,0,0,216,364
4,4 14 18 22,2,a04 a18,0,0,0,0,294,364
4,4 14 18 22,2,a14 a18,0,0,0,0,292,364
4,4 14 18 22,3,a04 a14 a18,0,0,0,0,333,364
4,4 14 18 22,1,a22,0,0,0,0,216,364
4,4 14 18 22,2,a04 a22,0,0,0,0,294,364
4,4 14 18 22,2,a14 a22,0,0,0,0,292,364
4,4 14 18 22,3,a04 a14 a22,0,0,0,0,333,364
4,4 14 18 22,2,a18 a22,0,0,0,0,314,364
4,4 14 18 22,3,a04 a18 a22,0,0,0,0,333,364
4,4 14 18 22,3,a14 a18 a22,0,0,0,0,331,364
4,4 14 18 22,4,a04 a14 a18 a22,0,0,0,0,348,364
4,4 14 18 24,0,,1,1,1,0,0,214
4,4 14 18 24,1,a04,0,0,0,0,136,214
4,4 14 18 24,1,a14,1,1,1,0,60,214
4,4 14 18 24,2,a04 a14,0,0,0,0,168,214
4,4 14 18 24,1,a18,0,0,0,0,144,214
4,4 14 18 24,2,a04 a18,0,0,0,0,179,214
4,4 14 18 24,2,a14 a18,0,0,0,0,157,214
4,4 14 18 24,3,a04 a14 a18,0,0,0,0,191,214
4,4 14 18 24,1,a24,0,0,0,0,97,214
4,4 14 18 24,2,a04 a24,0,0,0,0,159,214
4,4 14 18 24,2,a14 a24,0,0,0,0,157,214
4,4 14 18 24,3,a04 a14 a24,0,0,0,0,191,214
4,4 14 18 24,2,a18 a24,0,0,0,0,176,214
4,4 14 18 24,3,a04 a18 a24,0,0,0,0,191,214
4,4 14 18 24,3,a14 a18 a24,0,0,0,0,189,214
4,4 14 18 24,4,a04 a14 a18 a24,0,0,0,0,203,214
4,4 14 18 25,0,,1,1,1,0,0,606
4,4 14 18 25,1,a04,0,0,0,0,453,606
4,4 14 18 25,1,a14,0,0,0,0,375,606
4,4 14 18 25,2,a04 a14,0,0,0,0,531,606
4,4 14 18 25,1,a18,0,0,0,0,461,606
4,4 14 18 25,2,a04 a18,0,0,0,0,531,606
4,4 14 18 25,2,a14 a18,0,0,0,0,516,606
4,4 14 18 25,3,a04 a14 a18,0,0,0,0,565,606
4,4 14 18 25,1,a25,0,0,0,0,420,606
4,4 14 18 25,2,a04 a25,0,0,0,0,517,606
4,4 14 18 25,2,a14 a25,0,0,0,0,514,606
4,4 14 18 25,3,a04 a14 a25,0,0,0,0,564,606
4,4 14 18 25,2,a18 a25,0,0,0,0,539,606
4,4 14 18 25,3,a04 a18 a25,0,0,0,0,564,606
4,4 14 18 25,3,a14 a18 a25,0,0,0,0,562,606
4,4 14 18 25,4,a04 a14 a18 a25,0,0,0,0,583,606
4,4 14 19 21,0,,1,1,1,0,0,58
4,4 14 19 21,1,a04,0,0,0,0,31,58
4,4 14 19 21,1,a14,1,1,1,0,7,58
4,4 14 19 21,2,a04 a14,0,0,0,0,38,58
4,4 14 19 21,1,a19,1,1,1,0,19,58
4,4 14 19 21,2,a04 a19,0,0,0,0,38,58
4,4 14 19 21,2,a14 a19,1,1,1,0,26,58
4,4 14 19 21,3,a04 a14 a19,0,0,0,0,45,58
4,4 14 19 21,1,a21,0,0,0,0,19,58
4,4 14 19 21,2,a04 a21,0,0,0,0,38,58
4,4 14 19 21,2,a14 a21,0,0,0,0,26,58
4,4 14 19 21,3,a04 a14 a21,0,0,0,0,45,58
4,4 14 19 21,2,a19 a21,0,0,0,0,38,58
4,4 14 19 21,3,a04 a19 a21,0,0,0,0,45,58
4,4 14 19 21,3,a14 a19 a21,0,0,0,0,45,58
4,4 14 19 21,4,a04 a14 a19 a21,0,0,0,0,52,58
4,4 14 20 21,0,,1,1,1,0,0,58
4,4 14 20 21,1,a04,0,0,0,0,31,58
4,4 14 20 21,1,a14,1,1,1,0,7,58
4,4 14 20 21,2,a04 a14,0,0,0,0,38,58
4,4 14 20 21,1,a20,1,1,1,0,19,58
4,4 14 20 21,2,a04 a20,0,0,0,0,38,58
4,4 14 20 21,2,a14 a20,1,1,1,0,26,58
4,4 14 20 21,3,a04 a14 a20,0,0,0,0,45,58
4,4 14 20 21,1,a21,0,0,0,0,19,58
4,4 14 20 21,2,a04 a21,0,0,0,0,38,58
4,4 14 20 21,2,a14 a21,0,0,0,0,26,58
4,4 14 20 21,3,a04 a14 a21,0,0,0,0,45,58
4,4 14 20 21,2,a20 a21,0,0,0,0,38,58
4,4 14 20 21,3,a04 a20 a21,0,0,0,0,45,58
4,4 14 20 21,3,a14 a20 a21,0,0,0,0,45,58
4,4 14 20 21,4,a04 a14 a20 a21,0,0,0,0,52,58
4,4 14 20 22,0,,1,1,1,0,0,214
4,4 14 20 22,1,a04,0,0,0,0,136,214
4,4 14 20 22,1,a14,1,1,1,0,60,214
4,4 14 20 22,2,a04 a14,0,0,0,0,168,214
4,4 14 20 22,1,a20,0,0,0,0,97,214
4,4 14 20 22,2,a04 a20,0,0,0,0,159,214
4,4 14 20 22,2,a14 a20,0,0,0,0,157,214
4,4 14 20 22,3,a04 a14 a20,0,0,0,0,191,214
4,4 14 20 22,1,a22,0,0,0,0,144,214
4,4 14 20 22,2,a04 a22,0,0,0,0,179,214
4,4 14 20 22,2,a14 a22,0,0,0,0,157,214
4,4 14 20 22,3,a04 a14 a22,0,0,0,0,191,214
4,4 14 20 22,2,a20 a22,0,0,0,0,176,214
4,4 14 20 22,3,a04 a20 a22,0,0,0,0,191,214
4,4 14 20 22,3,a14 a20 a22,0,0,0,0,189,214
4,4 14 20 22,4,a04 a14 a20 a22,0,0,0,0,203,214
4,4 14 21 22,0,,1,1,1,0,0,116
4,4 14 21 22,1,a04,0,0,0,0,64,116
4,4 14 21 22,1,a14,1,1,1,0,48,116
4,4 14 21 22,2,a04 a14,0,0,0,0,90,116
4,4 14 21 22,1,a21,0,0,0,0,25,116
4,4 14 21 22,2,a04 a21,0,0,0,0,73,116
4,4 14 21 22,2,a14 a21,0,0,0,0,73,116
4,4 14 21 22,3,a04 a14 a21,0,0,0,0,99,116
4,4 14 21 22,1,a22,1,1,1,0,62,116
4,4 14 21 22,2,a04 a22,0,0,0,0,89,116
4,4 14 21 22,2,a14 a22,1,1,1,0,73,116
4,4 14 21 22,3,a04 a14 a22,0,0,0,0,99,116
4,4 14 21 22,2,a21 a22,0,0,0,0,87,116
4,4 14 21 22,3,a04 a21 a22,0,0,0,0,98,116
4,4 14 21 22,3,a14 a21 a22,0,0,0,0,98,116
4,4 14 21 22,4,a04 a14 a21 a22,0,0,0,0,108,116
4,4 14 21 23,0,,1,1,1,0,0,44
4,4 14 21 23,1,a04,0,0,0,0,26,44
4,4 14 21 23,1,a14,1,1,1,0,6,44
4,4 14 21 23,2,a04 a14,0,0,0,0,27,44
4,4 14 21 23,1,a21,0,0,0,0,16,44
4,4 14 21 23,2,a04 a21,0,0,0,0,32,44
4,4 14 21 23,2,a14 a21,0,0,0,0,22,44
4,4 14 21 23,3,a04 a14 a21,0,0,0,0,33,44
4,4 14 21 23,1,a23,1,1,1,0,16,44
4,4 14 21 23,2,a04 a23,0,0,0,0,32,44
4,4 14 21 23,2,a14 a23,1,1,1,0,17,44
4,4 14 21 23,3,a04 a14 a23,0,0,0,0,33,44
4,4 14 21 23,2,a21 a23,0,0,0,0,32,44
4,4 14 21 23,3,a04 a21 a23,0,0,0,0,38,44
4,4 14 21 23,3,a14 a21 a23,0,0,0,0,33,44
4,4 14 21 23,4,a04 a14 a21 a23,0,0,0,0,39,44
4,4 14 21 24,0,,1,1,1,0,0,58
4,4 14 21 24,1,a04,0,0,0,0,31,58
4,4 14 21 24,1,a14,1,1,1,0,7,58
4,4 14 21 24,2,a04 a14,0,0,0,0,38,58
4,4 14 21 24,1,a21,0,0,0,0,19,58
4,4 14 21 24,2,a04 a21,0,0,0,0,38,58
4,4 14 21 24,2,a14 a21,0,0,0,0,26,58
4,4 14 21 24,3,a04 a14 a21,0,0,0,0,45,58
4,4 14 21 24,1,a24,1,1,1,0,19,58
4,4 14 21 24,2,a04 a24,0,0,0,0,38,58
4,4 14 21 24,2,a14 a24,1,1,1,0,26,58
4,4 14 21 24,3,a04 a14 a24,0,0,0,0,45,58
4,4 14 21 24,2,a21 a24,0,0,0,0,38,58
4,4 14 21 24,3,a04 a21 a24,0,0,0,0,45,58
4,4 14 21 24,3,a14 a21 a24,0,0,0,0,45,58
4,4 14 21 24,4,a04 a14 a21 a24,0,0,0,0,52,58
4,4 14 21 25,0,,1,1,1,0,0,116
4,4 14 21 25,1,a04,0,0,0,0,64,116
4,4 14 21 25,1,a14,1,1,1,0,48,116
4,4 14 21 25,2,a04 a14,0,0,0,0,90,116
4,4 14 21 25,1,a21,0,0,0,0,25,116
4,4 14 21 25,2,a04 a21,0,0,0,0,73,116
4,4 14 21 25,2,a14 a21,0,0,0,0,73,116
4,4 14 21 25,3,a04 a14 a21,0,0,0,0,99,116
4,4 14 21 25,1,a25,1,1,1,0,62,116
4,4 14 21 25,2,a04 a25,0,0,0,0,89,116
4,4 14 21 25,2,a14 a25,1,1,1,0,73,116
4,4 14 21 25,3,a04 a14 a25,0,0,0,0,99,116
4,4 14 21 25,2,a21 a25,0,0,0,0,87,116
4,4 14 21 25,3,a04 a21 a25,0,0,0,0,98,116
4,4 14 21 25,3,a14 a21 a25,0,0,0,0,98,116
4,4 14 21 25,4,a04 a14 a21 a25,0,0,0,0,108,116
4,4 15 16 18,0,,1,1,1,0,0,157
4,4 15 16 18,1,a04,0,0,0,0,80,157
4,4 15 16 18,1,a15,0,0,0,0,54,157
4,4 15 16 18,2,a04 a15,0,0,0,0,109,157
4,4 15 16 18,1,a16,1,1,1,0,54,157
4,4 15 16 18,2,a04 a16,0,0,0,0,109,157
4,4 15 16 18,2,a15 a16,0,0,0,0,108,157
4,4 15 16 18,3,a04 a15 a16,0,0,0,0,138,157
4,4 15 16 18,1,a18,0,0,0,0,112,157
4,4 15 16 18,2,a04 a18,0,0,0,0,126,157
4,4 15 16 18,2,a15 a18,0,0,0,0,124,157
4,4 15 16 18,3,a04 a15 a18,0,0,0,0,137,157
4,4 15 16 18,2,a16 a18,0,0,0,0,124,157
4,4 15 16 18,3,a04 a16 a18,0,0,0,0,137,157
4,4 15 16 18,3,a15 a16 a18,0,0,0,0,136,157
4,4 15 16 18,4,a04 a15 a16 a18,0,0,0,0,148,157
4,4 15 16 21,0,,1,1,1,0,0,39
4,4 15 16 21,1,a04,0,0,0,0,16,39
4,4 15 16 21,1,a15,1,1,1,0,6,39
4,4 15 16 21,2,a04 a15,0,0,0,0,22,39
4,4 15 16 21,1,a16,1,1,1,0,6,39
4,4 15 16 21,2,a04 a16,0,0,0,0,22,39
4,4 15 16 21,2,a15 a16,1,1,1,0,12,39
4,4 15 16 21,3,a04 a15 a16,0,0,0,0,28,39
4,4 15 16 21,1,a21,0,0,0,0,16,39
4,4 15 16 21,2,a04 a21,0,0,0,0,22,39
4,4 15 16 21,2,a15 a21,0,0,0,0,22,39
4,4 15 16 21,3,a04 a15 a21,0,0,0,0,28,39
4,4 15 16 21,2,a16 a21,0,0,0,0,22,39
4,4 15 16 21,3,a04 a16 a21,0,0,0,0,28,39
4,4 15 16 21,3,a15 a16 a21,0,0,0,0,28,39
4,4 15 16 21,4,a04 a15 a16 a21,0,0,0,0,34,39
4,4 15 17 18,0,,1,1,1,0,0,194
4,4 15 17 18,1,a04,0,0,0,0,109,194
4,4 15 17 18,1,a15,0,0,0,0,109,194
4,4 15 17 18,2,a04 a15,0,0,0,0,162,194
4,4 15 17 18,1,a17,1,1,1,0,78,194
4,4 15 17 18,2,a04 a17,0,0,0,0,140,194
4,4 15 17 18,2,a15 a17,0,0,0,0,140,194
4,4 15 17 18,3,a04 a15 a17,0,0,0,0,173,194
4,4 15 17 18,1,a18,0,0,0,0,78,194
4,4 15 17 18,2,a04 a18,0,0,0,0,140,194
4,4 15 17 18,2,a15 a18,0,0,0,0,140,194
4,4 15 17 18,3,a04 a15 a18,0,0,0,0,173,194
4,4 15 17 18,2,a17 a18,0,0,0,0,156,194
4,4 15 17 18,3,a04 a17 a18,0,0,0,0,171,194
4,4 15 17 18,3,a15 a17 a18,0,0,0,0,171,194
4,4 15 17 18,4,a04 a15 a17 a18,0,0,0,0,184,194
4,4 15 17 19,0,,1,1,1,0,0,606
4,4 15 17 19,1,a04,0,0,0,0,416,606
4,4 15 17 19,1,a15,0,0,0,0,416,606
4,4 15 17 19,2,a04 a15,0,0,0,0,532,606
4,4 15 17 19,1,a17,0,0,0,0,420,606
4,4 15 17 19,2,a04 a17,0,0,0,0,517,606
4,4 15 17 19,2,a15 a17,0,0,0,0,517,606
4,4 15 17 19,3,a04 a15 a17,0,0,0,0,565,606
4,4 15 17 19,1,a19,0,0,0,0,420,606
4,4 15 17 19,2,a04 a19,0,0,0,0,517,606
4,4 15 17 19,2,a15 a19,0,0,0,0,517,606
4,4 15 17 19,3,a04 a15 a19,0,0,0,0,565,606
4,4 15 17 19,2,a17 a19,0,0,0,0,536,606
4,4 15 17 19,3,a04 a17 a19,0,0,0,0,563,606
4,4 15 17 19,3,a15 a17 a19,0,0,0,0,563,606
4,4 15 17 19,4,a04 a15 a17 a19,0,0,0,0,583,606
4,4 15 17 21,0,,1,1,1,0,0,116
4,4 15 17 21,1,a04,0,0,0,0,64,116
4,4 15 17 21,1,a15,1,1,1,0,48,116
4,4 15 17 21,2,a04 a15,0,0,0,0,90,116
4,4 15 17 21,1,a17,1,1,1,0,62,116
4,4 15 17 21,2,a04 a17,0,0,0,0,89,116
4,4 15 17 21,2,a15 a17,1,1,1,0,73,116
4,4 15 17 21,3,a04 a15 a17,0,0,0,0,99,116
4,4 15 17 21,1,a21,0,0,0,0,25,116
4,4 15 17 21,2,a04 a21,0,0,0,0,73,116
4,4 15 17 21,2,a15 a21,0,0,0,0,73,116
4,4 15 17 21,3,a04 a15 a21,0,0,0,0,99,116
4,4 15 17 21,2,a17 a21,0,0,0,0,87,116
4,4 15 17 21,3,a04 a17 a21,0,0,0,0,98,116
4,4 15 17 21,3,a15 a17 a21,0,0,0,0,98,116
4,4 15 17 21,4,a04 a15 a17 a21,0,0,0,0,108,116
4,4 15 17 22,0,,1,1,1,0,0,364
4,4 15 17 22,1,a04,0,0,0,0,253,364
4,4 15 17 22,1,a15,0,0,0,0,175,364
4,4 15 17 22,2,a04 a15,0,0,0,0,306,364
4,4 15 17 22,1,a17,0,0,0,0,268,364
4,4 15 17 22,2,a04 a17,0,0,0,0,316,364
4,4 15 17 22,2,a15 a17,0,0,0,0,292,364
4,4 15 17 22,3,a04 a15 a17,0,0,0,0,333,364
4,4 15 17 22,1,a22,0,0,0,0,218,364
4,4 15 17 22,2,a04 a22,0,0,0,0,295,364
4,4 15 17 22,2,a15 a22,0,0,0,0,294,364
4,4 15 17 22,3,a04 a15 a22,0,0,0,0,335,364
4,4 15 17 22,2,a17 a22,0,0,0,0,313,364
4,4 15 17 22,3,a04 a17 a22,0,0,0,0,333,364
4,4 15 17 22,3,a15 a17 a22,0,0,0,0,332,364
4,4 15 17 22,4,a04 a15 a17 a22,0,0,0,0,349,364
4,4 15 18 19,0,,1,1,1,0,0,194
4,4 15 18 19,1,a04,0,0,0,0,109,194
4,4 15 18 19,1,a15,0,0,0,0,109,194
4,4 15 18 19,2,a04 a15,0,0,0,0,162,194
4,4 15 18 19,1,a18,0,0,0,0,78,194
4,4 15 18 19,2,a04 a18,0,0,0,0,140,194
4,4 15 18 19,2,a15 a18,0,0,0,0,140,194
4,4 15 18 19,3,a04 a15 a18,0,0,0,0,173,194
4,4 15 18 19,1,a19,1,1,1,0,78,194
4,4 15 18 19,2,a04 a19,0,0,0,0,140,194
4,4 15 18 19,2,a15 a19,0,0,0,0,140,194
4,4 15 18 19,3,a04 a15 a19,0,0,0,0,173,194
4,4 15 18 19,2,a18 a19,0,0,0,0,156,194
4,4 15 18 19,3,a04 a18 a19,0,0,0,0,171,194
4,4 15 18 19,3,a15 a18 a19,0,0,0,0,171,194
4,4 15 18 19,4,a04 a15 a18 a19,0,0,0,0,184,194
4,4 15 18 20,0,,1,1,1,0,0,116
4,4 15 18 20,1,a04,0,0,0,0,64,116
4,4 15 18 20,1,a15,0,0,0,0,48,116
4,4 15 18 20,2,a04 a15,0,0,0,0,90,116
4,4 15 18 20,1,a18,0,0,0,0,62,116
4,4 15 18 20,2,a04 a18,0,0,0,0,89,116
4,4 15 18 20,2,a15 a18,0,0,0,0,73,116
4,4 15 18 20,3,a04 a15 a18,0,0,0,0,99,116
4,4 15 18 20,1,a20,1,1,1,0,25,116
4,4 15 18 20,2,a04 a20,0,0,0,0,73,116
4,4 15 18 20,2,a15 a20,0,0,0,0,73,116
4,4 15 18 20,3,a04 a15 a20,0,0,0,0,99,116
4,4 15 18 20,2,a18 a20,0,0,0,0,87,116
4,4 15 18 20,3,a04 a18 a20,0,0,0,0,98,116
4,4 15 18 20,3,a15 a18 a20,0,0,0,0,98,116
4,4 15 18 20,4,a04 a15 a18 a20,0,0,0,0,108,116
4,4 15 18 21,0,,1,1,1,0,0,70
4,4 15 18 21,1,a04,0,0,0,0,36,70
4,4 15 18 21,1,a15,1,1,1,0,36,70
4,4 15 18 21,2,a04 a15,0,0,0,0,56,70
4,4 15 18 21,1,a18,1,1,1,0,46,70
4,4 15 18 21,2,a04 a18,0,0,0,0,55,70
4,4 15 18 21,2,a15 a18,1,1,1,0,55,70
4,4 15 18 21,3,a04 a15 a18,0,0,0,0,63,70
4,4 15 18 21,1,a21,1,0,1,1,19,70
4,4 15 18 21,2,a04 a21,0,0,0,0,43,70
4,4 15 18 21,2,a15 a21,0,0,0,0,38,70
4,4 15 18 21,3,a04 a15 a21,0,0,0,0,57,70
4,4 15 18 21,2,a18 a21,0,0,0,0,49,70
4,4 15 18 21,3,a04 a18 a21,0,0,0,0,56,70
4,4 15 18 21,3,a15 a18 a21,0,0,0,0,57,70
4,4 15 18 21,4,a04 a15 a18 a21,0,0,0,0,64,70
4,4 15 18 22,0,,1,1,1,0,0,116
4,4 15 18 22,1,a04,0,0,0,0,64,116
4,4 15 18 22,1,a15,0,0,0,0,48,116
4,4 15 18 22,2,a04 a15,0,0,0,0,90,116
4,4 15 18 22,1,a18,0,0,0,0,62,116
4,4 15 18 22,2,a04 a18,0,0,0,0,89,116
4,4 15 18 22,2,a15 a18,0,0,0,0,73,116
4,4 15 18 22,3,a04 a15 a18,0,0,0,0,99,116
4,4 15 18 22,1,a22,1,1,1,0,25,116
4,4 15 18 22,2,a04 a22,0,0,0,0,73,116
4,4 15 18 22,2,a15 a22,0,0,0,0,73,116
4,4 15 18 22,3,a04 a15 a22,0,0,0,0,99,116
4,4 15 18 22,2,a18 a22,0,0,0,0,87,116
4,4 15 18 22,3,a04 a18 a22,0,0,0,0,98,116
4,4 15 18 22,3,a15 a18 a22,0,0,0,0,98,116
4,4 15 18 22,4,a04 a15 a18 a22,0,0,0,0,108,116
4,4 15 18 23,0,,1,1,1,0,0,214
4,4 15 18 23,1,a04,0,0,0,0,136,214
4,4 15 18 23,1,a15,0,0,0,0,60,214
4,4 15 18 23,2,a04 a15,0,0,0,0,168,214
4,4 15 18 23,1,a18,0,0,0,0,144,214
4,4 15 18 23,2,a04 a18,0,0,0,0,179,214
4,4 15 18 23,2,a15 a18,0,0,0,0,157,214
4,4 15 18 23,3,a04 a15 a18,0,0,0,0,191,214
4,4 15 18 23,1,a23,1,1,1,0,97,214
4,4 15 18 23,2,a04 a23,0,0,0,0,159,214
4,4 15 18 23,2,a15 a23,0,0,0,0,157,214
4,4 15 18 23,3,a04 a15 a23,0,0,0,0,191,214
4,4 15 18 23,2,a18 a23,0,0,0,0,176,214
4,4 15 18 23,3,a04 a18 a23,0,0,0,0,191,214
4,4 15 18 23,3,a15 a18 a23,0,0,0,0,189,214
4,4 15 18 23,4,a04 a15 a18 a23,0,0,0,0,203,214
4,4 15 18 24,0,,1,1,1,0,0,109
4,4 15 18 24,1,a04,0,0,0,0,74,109
4,4 15 18 24,1,a15,1,0,1,1,42,109
4,4 15 18 24,2,a04 a15,0,0,0,0,78,109
4,4 15 18 24,1,a18,0,0,0,0,67,109
4,4 15 18 24,2,a04 a18,0,0,0,0,91,109
4,4 15 18 24,2,a15 a18,0,0,0,0,77,109
4,4 15 18 24,3,a04 a15 a18,0,0,0,0,93,109
4,4 15 18 24,1,a24,1,1,1,0,67,109
4,4 15 18 24,2,a04 a24,0,0,0,0,91,109
4,4 15 18 24,2,a15 a24,0,0,0,0,71,109
4,4 15 18 24,3,a04 a15 a24,0,0,0,0,94,109
4,4 15 18 24,2,a18 a24,0,0,0,0,90,109
4,4 15 18 24,3,a04 a18 a24,0,0,0,0,100,109
4,4 15 18 24,3,a15 a18 a24,0,0,0,0,93,109
4,4 15 18 24,4,a04 a15 a18 a24,0,0,0,0,102,109
4,4 15 18 25,0,,1,1,1,0,0,214
4,4 15 18 25,1,a04,0,0,0,0,136,214
4,4 15 18 25,1,a15,0,0,0,0,60,214
4,4 15 18 25,2,a04 a15,0,0,0,0,168,214
4,4 15 18 25,1,a18,0,0,0,0,144,214
4,4 15 18 25,2,a04 a18,0,0,0,0,179,214
4,4 15 18 25,2,a15 a18,0,0,0,0,157,214
4,4 15 18 25,3,a04 a15 a18,0,0,0,0,191,214
4,4 15 18 25,1,a25,1,1,1,0,97,214
4,4 15 18 25,2,a04 a25,0,0,0,0,159,214
4,4 15 18 25,2,a15 a25,0,0,0,0,157,214
4,4 15 18 25,3,a04 a15 a25,0,0,0,0,191,214
4,4 15 18 25,2,a18 a25,0,0,0,0,176,214
4,4 15 18 25,3,a04 a18 a25,0,0,0,0,191,214
4,4 15 18 25,3,a15 a18 a25,0,0,0,0,189,214
4,4 15 18 25,4,a04 a15 a18 a25,0,0,0,0,203,214
4,4 15 19 20,0,,1,1,1,0,0,364
4,4 15 19 20,1,a04,0,0,0,0,253,364
4,4 15 19 20,1,a15,0,0,0,0,175,364
4,4 15 19 20,2,a04 a15,0,0,0,0,306,364
4,4 15 19 20,1,a19,0,0,0,0,268,364
4,4 15 19 20,2,a04 a19,0,0,0,0,316,364
4,4 15 19 20,2,a15 a19,0,0,0,0,292,364
4,4 15 19 20,3,a04 a15 a19,0,0,0,0,333,364
4,4 15 19 20,1,a20,0,0,0,0,218,364
4,4 15 19 20,2,a04 a20,0,0,0,0,295,364
4,4 15 19 20,2,a15 a20,0,0,0,0,294,364
4,4 15 19 20,3,a04 a15 a20,0,0,0,0,335,364
4,4 15 19 20,2,a19 a20,0,0,0,0,313,364
4,4 15 19 20,3,a04 a19 a20,0,0,0,0,333,364
4,4 15 19 20,3,a15 a19 a20,0,0,0,0,332,364
4,4 15 19 20,4,a04 a15 a19 a20,0,0,0,0,349,364
4,4 15 19 21,0,,1,1,1,0,0,116
4,4 15 19 21,1,a04,0,0,0,0,64,116
4,4 15 19 21,1,a15,1,1,1,0,48,116
4,4 15 19 21,2,a04 a15,0,0,0,0,90,116
4,4 15 19 21,1,a19,1,1,1,0,62,116
4,4 15 19 21,2,a04 a19,0,0,0,0,89,116
4,4 15 19 21,2,a15 a19,1,1,1,0,73,116
4,4 15 19 21,3,a04 a15 a19,0,0,0,0,99,116
4,4 15 19 21,1,a21,0,0,0,0,25,116
4,4 15 19 21,2,a04 a21,0,0,0,0,73,116
4,4 15 19 21,2,a15 a21,0,0,0,0,73,116
4,4 15 19 21,3,a04 a15 a21,0,0,0,0,99,116
4,4 15 19 21,2,a19 a21,0,0,0,0,87,116
4,4 15 19 21,3,a04 a19 a21,0,0,0,0,98,116
4,4 15 19 21,3,a15 a19 a21,0,0,0,0,98,116
4,4 15 19 21,4,a04 a15 a19 a21,0,0,0,0,108,116
4,4 15 20 21,0,,1,1,1,0,0,58
4,4 15 20 21,1,a04,0,0,0,0,31,58
4,4 15 20 21,1,a15,1,1,1,0,7,58
4,4 15 20 21,2,a04 a15,0,0,0,0,38,58
4,4 15 20 21,1,a20,1,1,1,0,19,58
4,4 15 20 21,2,a04 a20,0,0,0,0,38,58
4,4 15 20 21,2,a15 a20,1,1,1,0,26,58
4,4 15 20 21,3,a04 a15 a20,0,0,0,0,45,58
4,4 15 20 21,1,a21,0,0,0,0,19,58
4,4 15 20 21,2,a04 a21,0,0,0,0,38,58
4,4 15 20 21,2,a15 a21,0,0,0,0,26,58
4,4 15 20 21,3,a04 a15 a21,0,0,0,0,45,58
4,4 15 20 21,2,a20 a21,0,0,0,0,38,58
4,4 15 20 21,3,a04 a20 a21,0,0,0,0,45,58
4,4 15 20 21,3,a15 a20 a21,0,0,0,0,45,58
4,4 15 20 21,4,a04 a15 a20 a21,0,0,0,0,52,58
4,4 15 20 22,0,,1,1,1,0,0,132
4,4 15 20 22,1,a04,0,0,0,0,85,132
4,4 15 20 22,1,a15,1,1,1,0,9,132
4,4 15 20 22,2,a04 a15,0,0,0,0,94,132
4,4 15 20 22,1,a20,0,0,0,0,77,132
4,4 15 20 22,2,a04 a20,0,0,0,0,104,132
4,4 15 20 22,2,a15 a20,0,0,0,0,86,132
4,4 15 20 22,3,a04 a15 a20,0,0,0,0,113,132
4,4 15 20 22,1,a22,0,0,0,0,77,132
4,4 15 20 22,2,a04 a22,0,0,0,0,104,132
4,4 15 20 22,2,a15 a22,0,0,0,0,86,132
4,4 15 20 22,3,a04 a15 a22,0,0,0,0,113,132
4,4 15 20 22,2,a20 a22,0,0,0,0,103,132
4,4 15 20 22,3,a04 a20 a22,0,0,0,0,114,132
4,4 15 20 22,3,a15 a20 a22,0,0,0,0,112,132
4,4 15 20 22,4,a04 a15 a20 a22,0,0,0,0,123,132
4,4 15 21 22,0,,1,1,1,0,0,58
4,4 15 21 22,1,a04,0,0,0,0,31,58
4,4 15 21 22,1,a15,1,1,1,0,7,58
4,4 15 21 22,2,a04 a15,0,0,0,0,38,58
4,4 15 21 22,1,a21,0,0,0,0,19,58
4,4 15 21 22,2,a04 a21,0,0,0,0,38,58
4,4 15 21 22,2,a15 a21,0,0,0,0,26,58
4,4 15 21 22,3,a04 a15 a21,0,0,0,0,45,58
4,4 15 21 22,1,a22,1,1,1,0,19,58
4,4 15 21 22,2,a04 a22,0,0,0,0,38,58
4,4 15 21 22,2,a15 a22,1,1,1,0,26,58
4,4 15 21 22,3,a04 a15 a22,0,0,0,0,45,58
4,4 15 21 22,2,a21 a22,0,0,0,0,38,58
4,4 15 21 22,3,a04 a21 a22,0,0,0,0,45,58
4,4 15 21 22,3,a15 a21 a22,0,0,0,0,45,58
4,4 15 21 22,4,a04 a15 a21 a22,0,0,0,0,52,58
4,4 15 21 23,0,,1,1,1,0,0,58
4,4 15 21 23,1,a04,0,0,0,0,31,58
4,4 15 21 23,1,a15,1,1,1,0,7,58
4,4 15 21 23,2,a04 a15,0,0,0,0,38,58
4,4 15 21 23,1,a21,0,0,0,0,19,58
4,4 15 21 23,2,a04 a21,0,0,0,0,38,58
4,4 15 21 23,2,a15 a21,0,0,0,0,26,58
4,4 15 21 23,3,a04 a15 a21,0,0,0,0,45,58
4,4 15 21 23,1,a23,1,1,1,0,19,58
4,4 15 21 23,2,a04 a23,0,0,0,0,38,58
4,4 15 21 23,2,a15 a23,1,1,1,0,26,58
4,4 15 21 23,3,a04 a15 a23,0,0,0,0,45,58
4,4 15 21 23,2,a21 a23,0,0,0,0,38,58
4,4 15 21 23,3,a04 a21 a23,0,0,0,0,45,58
4,4 15 21 23,3,a15 a21 a23,0,0,0,0,45,58
4,4 15 21 23,4,a04 a15 a21 a23,0,0,0,0,52,58
4,4 15 21 24,0,,1,1,1,0,0,44
4,4 15 21 24,1,a04,0,0,0,0,26,44
4,4 15 21 24,1,a15,1,1,1,0,6,44
4,4 15 21 24,2,a04 a15,0,0,0,0,27,44
4,4 15 21 24,1,a21,0,0,0,0,16,44
4,4 15 21 24,2,a04 a21,0,0,0,0,32,44
4,4 15 21 24,2,a15 a21,0,0,0,0,22,44
4,4 15 21 24,3,a04 a15 a21,0,0,0,0,33,44
4,4 15 21 24,1,a24,1,1,1,0,16,44
4,4 15 21 24,2,a04 a24,0,0,0,0,32,44
4,4 15 21 24,2,a15 a24,1,1,1,0,17,44
4,4 15 21 24,3,a04 a15 a24,0,0,0,0,33,44
4,4 15 21 24,2,a21 a24,0,0,0,0,32,44
4,4 15 21 24,3,a04 a21 a24,0,0,0,0,38,44
4,4 15 21 24,3,a15 a21 a24,0,0,0,0,33,44
4,4 15 21 24,4,a04 a15 a21 a24,0,0,0,0,39,44
4,4 15 21 25,0,,1,1,1,0,0,58
4,4 15 21 25,1,a04,0,0,0,0,31,58
4,4 15 21 25,1,a15,1,1,1,0,7,58
4,4 15 21 25,2,a04 a15,0,0,0,0,38,58
4,4 15 21 25,1,a21,0,0,0,0,19,58
4,4 15 21 25,2,a04 a21,0,0,0,0,38,58
4,4 15 21 25,2,a15 a21,0,0,0,0,26,58
4,4 15 21 25,3,a04 a15 a21,0,0,0,0,45,58
4,4 15 21 25,1,a25,1,1,1,0,19,58
4,4 15 21 25,2,a04 a25,0,0,0,0,38,58
4,4 15 21 25,2,a15 a25,1,1,1,0,26,58
4,4 15 21 25,3,a04 a15 a25,0,0,0,0,45,58
4,4 15 21 25,2,a21 a25,0,0,0,0,38,58
4,4 15 21 25,3,a04 a21 a25,0,0,0,0,45,58
4,4 15 21 25,3,a15 a21 a25,0,0,0,0,45,58
4,4 15 21 25,4,a04 a15 a21 a25,0,0,0,0,52,58
4,4 16 17 21,0,,1,1,1,0,0,58
4,4 16 17 21,1,a04,0,0,0,0,31,58
4,4 16 17 21,1,a16,1,1,1,0,7,58
4,4 16 17 21,2,a04 a16,0,0,0,0,38,58
4,4 16 17 21,1,a17,1,1,1,0,19,58
4,4 16 17 21,2,a04 a17,0,0,0,0,38,58
4,4 16 17 21,2,a16 a17,1,1,1,0,26,58
4,4 16 17 21,3,a04 a16 a17,0,0,0,0,45,58
4,4 16 17 21,1,a21,0,0,0,0,19,58
4,4 16 17 21,2,a04 a21,0,0,0,0,38,58
4,4 16 17 21,2,a16 a21,0,0,0,0,26,58
4,4 16 17 21,3,a04 a16 a21,0,0,0,0,45,58
4,4 16 17 21,2,a17 a21,0,0,0,0,38,58
4,4 16 17 21,3,a04 a17 a21,0,0,0,0,45,58
4,4 16 17 21,3,a16 a17 a21,0,0,0,0,45,58
4,4 16 17 21,4,a04 a16 a17 a21,0,0,0,0,52,58
4,4 16 18 20,0,,1,1,1,0,0,364
4,4 16 18 20,1,a04,0,0,0,0,232,364
4,4 16 18 20,1,a16,0,0,0,0,251,364
4,4 16 18 20,2,a04 a16,0,0,0,0,317,364
4,4 16 18 20,1,a18,0,0,0,0,216,364
4,4 16 18 20,2,a04 a18,0,0,0,0,294,364
4,4 16 18 20,2,a16 a18,0,0,0,0,292,364
4,4 16 18 20,3,a04 a16 a18,0,0,0,0,333,364
4,4 16 18 20,1,a20,0,0,0,0,216,364
4,4 16 18 20,2,a04 a20,0,0,0,0,294,364
4,4 16 18 20,2,a16 a20,0,0,0,0,292,364
4,4 16 18 20,3,a04 a16 a20,0,0,0,0,333,364
4,4 16 18 20,2,a18 a20,0,0,0,0,314,364
4,4 16 18 20,3,a04 a18 a20,0,0,0,0,333,364
4,4 16 18 20,3,a16 a18 a20,0,0,0,0,331,364
4,4 16 18 20,4,a04 a16 a18 a20,0,0,0,0,348,364
4,4 16 18 21,0,,1,1,1,0,0,116
4,4 16 18 21,1,a04,0,0,0,0,64,116
4,4 16 18 21,1,a16,1,1,1,0,48,116
4,4 16 18 21,2,a04 a16,0,0,0,0,90,116
4,4 16 18 21,1,a18,1,1,1,0,62,116
4,4 16 18 21,2,a04 a18,0,0,0,0,89,116
4,4 16 18 21,2,a16 a18,1,1,1,0,73,116
4,4 16 18 21,3,a04 a16 a18,0,0,0,0,99,116
4,4 16 18 21,1,a21,0,0,0,0,25,116
4,4 16 18 21,2,a04 a21,0,0,0,0,73,116
4,4 16 18 21,2,a16 a21,0,0,0,0,73,116
4,4 16 18 21,3,a04 a16 a21,0,0,0,0,99,116
4,4 16 18 21,2,a18 a21,0,0,0,0,87,116
4,4 16 18 21,3,a04 a18 a21,0,0,0,0,98,116
4,4 16 18 21,3,a16 a18 a21,0,0,0,0,98,116
4,4 16 18 21,4,a04 a16 a18 a21,0,0,0,0,108,116
4,4 16 18 23,0,,1,1,1,0,0,606
4,4 16 18 23,1,a04,0,0,0,0,453,606
4,4 16 18 23,1,a16,0,0,0,0,375,606
4,4 16 18 23,2,a04 a16,0,0,0,0,531,606
4,4 16 18 23,1,a18,0,0,0,0,461,606
4,4 16 18 23,2,a04 a18,0,0,0,0,531,606
4,4 16 18 23,2,a16 a18,0,0,0,0,516,606
4,4 16 18 23,3,a04 a16 a18,0,0,0,0,565,606
4,4 16 18 23,1,a23,0,0,0,0,420,606
4,4 16 18 23,2,a04 a23,0,0,0,0,517,606
4,4 16 18 23,2,a16 a23,0,0,0,0,514,606
4,4 16 18 23,3,a04 a16 a23,0,0,0,0,564,606
4,4 16 18 23,2,a18 a23,0,0,0,0,539,606
4,4 16 18 23,3,a04 a18 a23,0,0,0,0,564,606
4,4 16 18 23,3,a16 a18 a23,0,0,0,0,562,606
4,4 16 18 23,4,a04 a16 a18 a23,0,0,0,0,583,606
4,4 16 18 24,0,,1,1,1,0,0,214
4,4 16 18 24,1,a04,0,0,0,0,136,214
4,4 16 18 24,1,a16,1,1,1,0,60,214
4,4 16 18 24,2,a04 a16,0,0,0,0,168,214
4,4 16 18 24,1,a18,0,0,0,0,144,214
4,4 16 18 24,2,a04 a18,0,0,0,0,179,214
4,4 16 18 24,2,a16 a18,0,0,0,0,157,214
4,4 16 18 24,3,a04 a16 a18,0,0,0,0,191,214
4,4 16 18 24,1,a24,0,0,0,0,97,214
4,4 16 18 24,2,a04 a24,0,0,0,0,159,214
4,4 16 18 24,2,a16 a24,0,0,0,0,157,214
4,4 16 18 24,3,a04 a16 a24,0,0,0,0,191,214
4,4 16 18 24,2,a18 a24,0,0,0,0,176,214
4,4 16 18 24,3,a04 a18 a24,0,0,0,0,191,214
4,4 16 18 24,3,a16 a18 a24,0,0,0,0,189,214
4,4 16 18 24,4,a04 a16 a18 a24,0,0,0,0,203,214
4,4 16 19 20,0,,1,1,1,0,0,606
4,4 16 19 20,1,a04,0,0,0,0,453,606
4,4 16 19 20,1,a16,0,0,0,0,375,606
4,4 16 19 20,2,a04 a16,0,0,0,0,531,606
4,4 16 19 20,1,a19,0,0,0,0,420,606
4,4 16 19 20,2,a04 a19,0,0,0,0,517,606
4,4 16 19 20,2,a16 a19,0,0,0,0,514,606
4,4 16 19 20,3,a04 a16 a19,0,0,0,0,564,606
4,4 16 19 20,1,a20,0,0,0,0,461,606
4,4 16 19 20,2,a04 a20,0,0,0,0,531,606
4,4 16 19 20,2,a16 a20,0,0,0,0,516,606
4,4 16 19 20,3,a04 a16 a20,0,0,0,0,565,606
4,4 16 19 20,2,a19 a20,0,0,0,0,539,606
4,4 16 19 20,3,a04 a19 a20,0,0,0,0,564,606
4,4 16 19 20,3,a16 a19 a20,0,0,0,0,562,606
4,4 16 19 20,4,a04 a16 a19 a20,0,0,0,0,583,606
4,4 16 19 21,0,,1,1,1,0,0,116
4,4 16 19 21,1,a04,0,0,0,0,64,116
4,4 16 19 21,1,a16,1,1,1,0,48,116
4,4 16 19 21,2,a04 a16,0,0,0,0,90,116
4,4 16 19 21,1,a19,1,1,1,0,62,116
4,4 16 19 21,2,a04 a19,0,0,0,0,89,116
4,4 16 19 21,2,a16 a19,1,1,1,0,73,116
4,4 16 19 21,3,a04 a16 a19,0,0,0,0,99,116
4,4 16 19 21,1,a21,0,0,0,0,25,116
4,4 16 19 21,2,a04 a21,0,0,0,0,73,116
4,4 16 19 21,2,a16 a21,0,0,0,0,73,116
4,4 16 19 21,3,a04 a16 a21,0,0,0,0,99,116
4,4 16 19 21,2,a19 a21,0,0,0,0,87,116
4,4 16 19 21,3,a04 a19 a21,0,0,0,0,98,116
4,4 16 19 21,3,a16 a19 a21,0,0,0,0,98,116
4,4 16 19 21,4,a04 a16 a19 a21,0,0,0,0,108,116
4,4 16 20 21,0,,1,1,1,0,0,116
4,4 16 20 21,1,a04,0,0,0,0,64,116
4,4 16 20 21,1,a16,1,1,1,0,48,116
4,4 16 20 21,2,a04 a16,0,0,0,0,90,116
4,4 16 20 21,1,a20,1,1,1,0,62,116
4,4 16 20 21,2,a04 a20,0,0,0,0,89,116
4,4 16 20 21,2,a16 a20,1,1,1,0,73,116
4,4 16 20 21,3,a04 a16 a20,0,0,0,0,99,116
4,4 16 20 21,1,a21,0,0,0,0,25,116
4,4 16 20 21,2,a04 a21,0,0,0,0,73,116
4,4 16 20 21,2,a16 a21,0,0,0,0,73,116
4,4 16 20 21,3,a04 a16 a21,0,0,0,0,99,116
4,4 16 20 21,2,a20 a21,0,0,0,0,87,116
4,4 16 20 21,3,a04 a20 a21,0,0,0,0,98,116
4,4 16 20 21,3,a16 a20 a21,0,0,0,0,98,116
4,4 16 20 21,4,a04 a16 a20 a21,0,0,0,0,108,116
4,4 16 20 22,0,,1,1,1,0,0,214
4,4 16 20 22,1,a04,0,0,0,0,136,214
4,4 16 20 22,1,a16,1,1,1,0,60,214
4,4 16 20 22,2,a04 a16,0,0,0,0,168,214
4,4 16 20 22,1,a20,0,0,0,0,144,214
4,4 16 20 22,2,a04 a20,0,0,0,0,179,214
4,4 16 20 22,2,a16 a20,0,0,0,0,157,214
4,4 16 20 22,3,a04 a16 a20,0,0,0,0,191,214
4,4 16 20 22,1,a22,0,0,0,0,97,214
4,4 16 20 22,2,a04 a22,0,0,0,0,159,214
4,4 16 20 22,2,a16 a22,0,0,0,0,157,214
4,4 16 20 22,3,a04 a16 a22,0,0,0,0,191,214
4,4 16 20 22,2,a20 a22,0,0,0,0,176,214
4,4 16 20 22,3,a04 a20 a22,0,0,0,0,191,214
4,4 16 20 22,3,a16 a20 a22,0,0,0,0,189,214
4,4 16 20 22,4,a04 a16 a20 a22,0,0,0,0,203,214
4,4 16 21 22,0,,1,1,1,0,0,58
4,4 16 21 22,1,a04,0,0,0,0,31,58
4,4 16 21 22,1,a16,1,1,1,0,7,58
4,4 16 21 22,2,a04 a16,0,0,0,0,38,58
4,4 16 21 22,1,a21,0,0,0,0,19,58
4,4 16 21 22,2,a04 a21,0,0,0,0,38,58
4,4 16 21 22,2,a16 a21,0,0,0,0,26,58
4,4 16 21 22,3,a04 a16 a21,0,0,0,0,45,58
4,4 16 21 22,1,a22,1,1,1,0,19,58
4,4 16 21 22,2,a04 a22,0,0,0,0,38,58
4,4 16 21 22,2,a16 a22,1,1,1,0,26,58
4,4 16 21 22,3,a04 a16 a22,0,0,0,0,45,58
4,4 16 21 22,2,a21 a22,0,0,0,0,38,58
4,4 16 21 22,3,a04 a21 a22,0,0,0,0,45,58
4,4 16 21 22,3,a16 a21 a22,0,0,0,0,45,58
4,4 16 21 22,4,a04 a16 a21 a22,0,0,0,0,52,58
4,4 16 21 23,0,,1,1,1,0,0,116
4,4 16 21 23,1,a04,0,0,0,0,64,116
4,4 16 21 23,1,a16,1,1,1,0,48,116
4,4 16 21 23,2,a04 a16,0,0,0,0,90,116
4,4 16 21 23,1,a21,0,0,0,0,25,116
4,4 16 21 23,2,a04 a21,0,0,0,0,73,116
4,4 16 21 23,2,a16 a21,0,0,0,0,73,116
4,4 16 21 23,3,a04 a16 a21,0,0,0,0,99,116
4,4 16 21 23,1,a23,1,1,1,0,62,116
4,4 16 21 23,2,a04 a23,0,0,0,0,89,116
4,4 16 21 23,2,a16 a23,1,1,1,0,73,116
4,4 16 21 23,3,a04 a16 a23,0,0,0,0,99,116
4,4 16 21 23,2,a21 a23,0,0,0,0,87,116
4,4 16 21 23,3,a04 a21 a23,0,0,0,0,98,116
4,4 16 21 23,3,a16 a21 a23,0,0,0,0,98,116
4,4 16 21 23,4,a04 a16 a21 a23,0,0,0,0,108,116
4,4 16 21 24,0,,1,1,1,0,0,58
4,4 16 21 24,1,a04,0,0,0,0,31,58
4,4 16 21 24,1,a16,1,1,1,0,7,58
4,4 16 21 24,2,a04 a16,0,0,0,0,38,58
4,4 16 21 24,1,a21,0,0,0,0,19,58
4,4 16 21 24,2,a04 a21,0,0,0,0,38,58
4,4 16 21 24,2,a16 a21,0,0,0,0,26,58
4,4 16 21 24,3,a04 a16 a21,0,0,0,0,45,58
4,4 16 21 24,1,a24,1,1,1,0,19,58
4,4 16 21 24,2,a04 a24,0,0,0,0,38,58
4,4 16 21 24,2,a16 a24,1,1,1,0,26,58
4,4 16 21 24,3,a04 a16 a24,0,0,0,0,45,58
4,4 16 21 24,2,a21 a24,0,0,0,0,38,58
4,4 16 21 24,3,a04 a21 a24,0,0,0,0,45,58
4,4 16 21 24,3,a16 a21 a24,0,0,0,0,45,58
4,4 16 21 24,4,a04 a16 a21 a24,0,0,0,0,52,58
4,4 16 21 25,0,,1,1,1,0,0,44
4,4 16 21 25,1,a04,0,0,0,0,26,44
4,4 16 21 25,1,a16,1,1,1,0,6,44
4,4 16 21 25,2,a04 a16,0,0,0,0,27,44
4,4 16 21 25,1,a21,0,0,0,0,16,44
4,4 16 21 25,2,a04 a21,0,0,0,0,32,44
4,4 16 21 25,2,a16 a21,0,0,0,0,22,44
4,4 16 21 25,3,a04 a16 a21,0,0,0,0,33,44
4,4 16 21 25,1,a25,1,1,1,0,16,44
4,4 16 21 25,2,a04 a25,0,0,0,0,32,44
4,4 16 21 25,2,a16 a25,1,1,1,0,17,44
4,4 16 21 25,3,a04 a16 a25,0,0,0,0,33,44
4,4 16 21 25,2,a21 a25,0,0,0,0,32,44
4,4 16 21 25,3,a04 a21 a25,0,0,0,0,38,44
4,4 16 21 25,3,a16 a21 a25,0,0,0,0,33,44
4,4 16 21 25,4,a04 a16 a21 a25,0,0,0,0,39,44
4,4 17 18 21,0,,1,1,1,0,0,81
4,4 17 18 21,1,a04,0,0,0,0,50,81
4,4 17 18 21,1,a17,1,1,1,0,22,81
4,4 17 18 21,2,a04 a17,0,0,0,0,58,81
4,4 17 18 21,1,a18,1,1,1,0,22,81
4,4 17 18 21,2,a04 a18,0,0,0,0,58,81
4,4 17 18 21,2,a17 a18,1,1,1,0,44,81
4,4 17 18 21,3,a04 a17 a18,0,0,0,0,66,81
4,4 17 18 21,1,a21,0,0,0,0,22,81
4,4 17 18 21,2,a04 a21,0,0,0,0,58,81
4,4 17 18 21,2,a17 a21,0,0,0,0,44,81
4,4 17 18 21,3,a04 a17 a21,0,0,0,0,66,81
4,4 17 18 21,2,a18 a21,0,0,0,0,44,81
4,4 17 18 21,3,a04 a18 a21,0,0,0,0,66,81
4,4 17 18 21,3,a17 a18 a21,0,0,0,0,66,81
4,4 17 18 21,4,a04 a17 a18 a21,0,0,0,0,74,81
4,4 17 18 24,0,,1,1,1,0,0,279
4,4 17 18 24,1,a04,0,0,0,0,202,279
4,4 17 18 24,1,a17,1,1,1,0,107,279
4,4 17 18 24,2,a04 a17,0,0,0,0,227,279
4,4 17 18 24,1,a18,0,0,0,0,107,279
4,4 17 18 24,2,a04 a18,0,0,0,0,227,279
4,4 17 18 24,2,a17 a18,0,0,0,0,214,279
4,4 17 18 24,3,a04 a17 a18,0,0,0,0,252,279
4,4 17 18 24,1,a24,0,0,0,0,180,279
4,4 17 18 24,2,a04 a24,0,0,0,0,240,279
4,4 17 18 24,2,a17 a24,0,0,0,0,215,279
4,4 17 18 24,3,a04 a17 a24,0,0,0,0,253,279
4,4 17 18 24,2,a18 a24,0,0,0,0,215,279
4,4 17 18 24,3,a04 a18 a24,0,0,0,0,253,279
4,4 17 18 24,3,a17 a18 a24,0,0,0,0,250,279
4,4 17 18 24,4,a04 a17 a18 a24,0,0,0,0,266,279
4,4 17 19 21,0,,1,1,1,0,0,166
4,4 17 19 21,1,a04,0,0,0,0,114,166
4,4 17 19 21,1,a17,1,1,1,0,87,166
4,4 17 19 21,2,a04 a17,0,0,0,0,135,166
4,4 17 19 21,1,a19,1,1,1,0,87,166
4,4 17 19 21,2,a04 a19,0,0,0,0,135,166
4,4 17 19 21,2,a17 a19,1,1,1,0,116,166
4,4 17 19 21,3,a04 a17 a19,0,0,0,0,146,166
4,4 17 19 21,1,a21,0,0,0,0,28,166
4,4 17 19 21,2,a04 a21,0,0,0,0,124,166
4,4 17 19 21,2,a17 a21,0,0,0,0,115,166
4,4 17 19 21,3,a04 a17 a21,0,0,0,0,145,166
4,4 17 19 21,2,a19 a21,0,0,0,0,115,166
4,4 17 19 21,3,a04 a19 a21,0,0,0,0,145,166
4,4 17 19 21,3,a17 a19 a21,0,0,0,0,144,166
4,4 17 19 21,4,a04 a17 a19 a21,0,0,0,0,156,166
4,4 17 19 24,0,,1,1,1,0,0,769
4,4 17 19 24,1,a04,0,0,0,0,628,769
4,4 17 19 24,1,a17,0,0,0,0,508,769
4,4 17 19 24,2,a04 a17,0,0,0,0,684,769
4,4 17 19 24,1,a19,0,0,0,0,508,769
4,4 17 19 24,2,a04 a19,0,0,0,0,684,769
4,4 17 19 24,2,a17 a19,0,0,0,0,661,769
4,4 17 19 24,3,a04 a17 a19,0,0,0,0,720,769
4,4 17 19 24,1,a24,0,0,0,0,552,769
4,4 17 19 24,2,a04 a24,0,0,0,0,685,769
4,4 17 19 24,2,a17 a24,0,0,0,0,664,769
4,4 17 19 24,3,a04 a17 a24,0,0,0,0,721,769
4,4 17 19 24,2,a19 a24,0,0,0,0,664,769
4,4 17 19 24,3,a04 a19 a24,0,0,0,0,721,769
4,4 17 19 24,3,a17 a19 a24,0,0,0,0,716,769
4,4 17 19 24,4,a04 a17 a19 a24,0,0,0,0,741,769
4,4 17 20 21,0,,1,1,1,0,0,81
4,4 17 20 21,1,a04,0,0,0,0,50,81
4,4 17 20 21,1,a17,1,1,1,0,22,81
4,4 17 20 21,2,a04 a17,0,0,0,0,58,81
4,4 17 20 21,1,a20,1,1,1,0,22,81
4,4 17 20 21,2,a04 a20,0,0,0,0,58,81
4,4 17 20 21,2,a17 a20,1,1,1,0,44,81
4,4 17 20 21,3,a04 a17 a20,0,0,0,0,66,81
4,4 17 20 21,1,a21,0,0,0,0,22,81
4,4 17 20 21,2,a04 a21,0,0,0,0,58,81
4,4 17 20 21,2,a17 a21,0,0,0,0,44,81
4,4 17 20 21,3,a04 a17 a21,0,0,0,0,66,81
4,4 17 20 21,2,a20 a21,0,0,0,0,44,81
4,4 17 20 21,3,a04 a20 a21,0,0,0,0,66,81
4,4 17 20 21,3,a17 a20 a21,0,0,0,0,66,81
4,4 17 20 21,4,a04 a17 a20 a21,0,0,0,0,74,81
4,4 17 20 22,0,,1,1,1,0,0,279
4,4 17 20 22,1,a04,0,0,0,0,202,279
4,4 17 20 22,1,a17,1,1,1,0,107,279
4,4 17 20 22,2,a04 a17,0,0,0,0,227,279
4,4 17 20 22,1,a20,0,0,0,0,107,279
4,4 17 20 22,2,a04 a20,0,0,0,0,227,279
4,4 17 20 22,2,a17 a20,0,0,0,0,214,279
4,4 17 20 22,3,a04 a17 a20,0,0,0,0,252,279
4,4 17 20 22,1,a22,0,0,0,0,180,279
4,4 17 20 22,2,a04 a22,0,0,0,0,240,279
4,4 17 20 22,2,a17 a22,0,0,0,0,215,279
4,4 17 20 22,3,a04 a17 a22,0,0,0,0,253,279
4,4 17 20 22,2,a20 a22,0,0,0,0,215,279
4,4 17 20 22,3,a04 a20 a22,0,0,0,0,253,279
4,4 17 20 22,3,a17 a20 a22,0,0,0,0,250,279
4,4 17 20 22,4,a04 a17 a20 a22,0,0,0,0,266,279
4,4 17 21 22,0,,1,1,1,0,0,166
4,4 17 21 22,1,a04,0,0,0,0,114,166
4,4 17 21 22,1,a17,1,1,1,0,87,166
4,4 17 21 22,2,a04 a17,0,0,0,0,135,166
4,4 17 21 22,1,a21,0,0,0,0,28,166
4,4 17 21 22,2,a04 a21,0,0,0,0,124,166
4,4 17 21 22,2,a17 a21,0,0,0,0,115,166
4,4 17 21 22,3,a04 a17 a21,0,0,0,0,145,166
4,4 17 21 22,1,a22,1,1,1,0,87,166
4,4 17 21 22,2,a04 a22,0,0,0,0,135,166
4,4 17 21 22,2,a17 a22,1,1,1,0,116,166
4,4 17 21 22,3,a04 a17 a22,0,0,0,0,146,166
4,4 17 21 22,2,a21 a22,0,0,0,0,115,166
4,4 17 21 22,3,a04 a21 a22,0,0,0,0,145,166
4,4 17 21 22,3,a17 a21 a22,0,0,0,0,144,166
4,4 17 21 22,4,a04 a17 a21 a22,0,0,0,0,156,166
4,4 17 21 23,0,,1,1,1,0,0,166
4,4 17 21 23,1,a04,0,0,0,0,114,166
4,4 17 21 23,1,a17,1,1,1,0,87,166
4,4 17 21 23,2,a04 a17,0,0,0,0,135,166
4,4 17 21 23,1,a21,0,0,0,0,28,166
4,4 17 21 23,2,a04 a21,0,0,0,0,124,166
4,4 17 21 23,2,a17 a21,0,0,0,0,115,166
4,4 17 21 23,3,a04 a17 a21,0,0,0,0,145,166
4,4 17 21 23,1,a23,1,1,1,0,87,166
4,4 17 21 23,2,a04 a23,0,0,0,0,135,166
4,4 17 21 23,2,a17 a23,1,1,1,0,116,166
4,4 17 21 23,3,a04 a17 a23,0,0,0,0,146,166
4,4 17 21 23,2,a21 a23,0,0,0,0,115,166
4,4 17 21 23,3,a04 a21 a23,0,0,0,0,145,166
4,4 17 21 23,3,a17 a21 a23,0,0,0,0,144,166
4,4 17 21 23,4,a04 a17 a21 a23,0,0,0,0,156,166
4,4 17 21 24,0,,1,1,1,0,0,166
4,4 17 21 24,1,a04,0,0,0,0,114,166
4,4 17 21 24,1,a17,1,1,1,0,87,166
4,4 17 21 24,2,a04 a17,0,0,0,0,135,166
4,4 17 21 24,1,a21,0,0,0,0,28,166
4,4 17 21 24,2,a04 a21,0,0,0,0,124,166
4,4 17 21 24,2,a17 a21,0,0,0,0,115,166
4,4 17 21 24,3,a04 a17 a21,0,0,0,0,145,166
4,4 17 21 24,1,a24,1,1,1,0,87,166
4,4 17 21 24,2,a04 a24,0,0,0,0,135,166
4,4 17 21 24,2,a17 a24,1,1,1,0,116,166
4,4 17 21 24,3,a04 a17 a24,0,0,0,0,146,166
4,4 17 21 24,2,a21 a24,0,0,0,0,115,166
4,4 17 21 24,3,a04 a21 a24,0,0,0,0,145,166
4,4 17 21 24,3,a17 a21 a24,0,0,0,0,144,166
4,4 17 21 24,4,a04 a17 a21 a24,0,0,0,0,156,166
4,4 17 21 25,0,,1,1,1,0,0,81
4,4 17 21 25,1,a04,0,0,0,0,50,81
4,4 17 21 25,1,a17,1,1,1,0,22,81
4,4 17 21 25,2,a04 a17,0,0,0,0,58,81
4,4 17 21 25,1,a21,0,0,0,0,22,81
4,4 17 21 25,2,a04 a21,0,0,0,0,58,81
4,4 17 21 25,2,a17 a21,0,0,0,0,44,81
4,4 17 21 25,3,a04 a17 a21,0,0,0,0,66,81
4,4 17 21 25,1,a25,1,1,1,0,22,81
4,4 17 21 25,2,a04 a25,0,0,0,0,58,81
4,4 17 21 25,2,a17 a25,1,1,1,0,44,81
4,4 17 21 25,3,a04 a17 a25,0,0,0,0,66,81
4,4 17 21 25,2,a21 a25,0,0,0,0,44,81
4,4 17 21 25,3,a04 a21 a25,0,0,0,0,66,81
4,4 17 21 25,3,a17 a21 a25,0,0,0,0,66,81
4,4 17 21 25,4,a04 a17 a21 a25,0,0,0,0,74,81
4,4 17 22 23,0,,1,1,1,0,0,769
4,4 17 22 23,1,a04,0,0,0,0,628,769
4,4 17 22 23,1,a17,0,0,0,0,508,769
4,4 17 22 23,2,a04 a17,0,0,0,0,684,769
4,4 17 22 23,1,a22,0,0,0,0,552,769
4,4 17 22 23,2,a04 a22,0,0,0,0,685,769
4,4 17 22 23,2,a17 a22,0,0,0,0,664,769
4,4 17 22 23,3,a04 a17 a22,0,0,0,0,721,769
4,4 17 22 23,1,a23,0,0,0,0,508,769
4,4 17 22 23,2,a04 a23,0,0,0,0,684,769
4,4 17 22 23,2,a17 a23,0,0,0,0,661,769
4,4 17 22 23,3,a04 a17 a23,0,0,0,0,720,769
4,4 17 22 23,2,a22 a23,0,0,0,0,664,769
4,4 17 22 23,3,a04 a22 a23,0,0,0,0,721,769
4,4 17 22 23,3,a17 a22 a23,0,0,0,0,716,769
4,4 17 22 23,4,a04 a17 a22 a23,0,0,0,0,741,769
4,4 17 22 24,0,,1,1,1,0,0,472
4,4 17 22 24,1,a04,0,0,0,0,372,472
4,4 17 22 24,1,a17,0,0,0,0,340,472
4,4 17 22 24,2,a04 a17,0,0,0,0,418,472
4,4 17 22 24,1,a22,0,0,0,0,260,472
4,4 17 22 24,2,a04 a22,0,0,0,0,406,472
4,4 17 22 24,2,a17 a22,0,0,0,0,388,472
4,4 17 22 24,3,a04 a17 a22,0,0,0,0,436,472
4,4 17 22 24,1,a24,0,0,0,0,260,472
4,4 17 22 24,2,a04 a24,0,0,0,0,406,472
4,4 17 22 24,2,a17 a24,0,0,0,0,388,472
4,4 17 22 24,3,a04 a17 a24,0,0,0,0,436,472
4,4 17 22 24,2,a22 a24,0,0,0,0,391,472
4,4 17 22 24,3,a04 a22 a24,0,0,0,0,437,472
4,4 17 22 24,3,a17 a22 a24,0,0,0,0,433,472
4,4 17 22 24,4,a04 a17 a22 a24,0,0,0,0,453,472
4,4 18 19 21,0,,1,1,1,0,0,81
4,4 18 19 21,1,a04,0,0,0,0,50,81
4,4 18 19 21,1,a18,1,1,1,0,22,81
4,4 18 19 21,2,a04 a18,0,0,0,0,58,81
4,4 18 19 21,1,a19,1,1,1,0,22,81
4,4 18 19 21,2,a04 a19,0,0,0,0,58,81
4,4 18 19 21,2,a18 a19,1,1,1,0,44,81
4,4 18 19 21,3,a04 a18 a19,0,0,0,0,66,81
4,4 18 19 21,1,a21,0,0,0,0,22,81
4,4 18 19 21,2,a04 a21,0,0,0,0,58,81
4,4 18 19 21,2,a18 a21,0,0,0,0,44,81
4,4 18 19 21,3,a04 a18 a21,0,0,0,0,66,81
4,4 18 19 21,2,a19 a21,0,0,0,0,44,81
4,4 18 19 21,3,a04 a19 a21,0,0,0,0,66,81
4,4 18 19 21,3,a18 a19 a21,0,0,0,0,66,81
4,4 18 19 21,4,a04 a18 a19 a21,0,0,0,0,74,81
4,4 18 19 24,0,,1,1,1,0,0,279
4,4 18 19 24,1,a04,0,0,0,0,202,279
4,4 18 19 24,1,a18,0,0,0,0,107,279
4,4 18 19 24,2,a04 a18,0,0,0,0,227,279
4,4 18 19 24,1,a19,1,1,1,0,107,279
4,4 18 19 24,2,a04 a19,0,0,0,0,227,279
4,4 18 19 24,2,a18 a19,0,0,0,0,214,279
4,4 18 19 24,3,a04 a18 a19,0,0,0,0,252,279
4,4 18 19 24,1,a24,0,0,0,0,180,279
4,4 18 19 24,2,a04 a24,0,0,0,0,240,279
4,4 18 19 24,2,a18 a24,0,0,0,0,215,279
4,4 18 19 24,3,a04 a18 a24,0,0,0,0,253,279
4,4 18 19 24,2,a19 a24,0,0,0,0,215,279
4,4 18 19 24,3,a04 a19 a24,0,0,0,0,253,279
4,4 18 19 24,3,a18 a19 a24,0,0,0,0,250,279
4,4 18 19 24,4,a04 a18 a19 a24,0,0,0,0,266,279
4,4 18 20 21,0,,1,1,1,0,0,81
4,4 18 20 21,1,a04,0,0,0,0,50,81
4,4 18 20 21,1,a18,1,1,1,0,22,81
4,4 18 20 21,2,a04 a18,0,0,0,0,58,81
4,4 18 20 21,1,a20,1,1,1,0,22,81
4,4 18 20 21,2,a04 a20,0,0,0,0,58,81
4,4 18 20 21,2,a18 a20,1,1,1,0,44,81
4,4 18 20 21,3,a04 a18 a20,0,0,0,0,66,81
4,4 18 20 21,1,a21,0,0,0,0,22,81
4,4 18 20 21,2,a04 a21,0,0,0,0,58,81
4,4 18 20 21,2,a18 a21,0,0,0,0,44,81
4,4 18 20 21,3,a04 a18 a21,0,0,0,0,66,81
4,4 18 20 21,2,a20 a21,0,0,0,0,44,81
4,4 18 20 21,3,a04 a20 a21,0,0,0,0,66,81
4,4 18 20 21,3,a18 a20 a21,0,0,0,0,66,81
4,4 18 20 21,4,a04 a18 a20 a21,0,0,0,0,74,81
4,4 18 20 22,0,,1,1,1,0,0,166
4,4 18 20 22,1,a04,0,0,0,0,114,166
4,4 18 20 22,1,a18,1,1,1,0,28,166
4,4 18 20 22,2,a04 a18,0,0,0,0,124,166
4,4 18 20 22,1,a20,0,0,0,0,87,166
4,4 18 20 22,2,a04 a20,0,0,0,0,135,166
4,4 18 20 22,2,a18 a20,0,0,0,0,115,166
4,4 18 20 22,3,a04 a18 a20,0,0,0,0,145,166
4,4 18 20 22,1,a22,0,0,0,0,87,166
4,4 18 20 22,2,a04 a22,0,0,0,0,135,166
4,4 18 20 22,2,a18 a22,0,0,0,0,115,166
4,4 18 20 22,3,a04 a18 a22,0,0,0,0,145,166
4,4 18 20 22,2,a20 a22,0,0,0,0,116,166
4,4 18 20 22,3,a04 a20 a22,0,0,0,0,146,166
4,4 18 20 22,3,a18 a20 a22,0,0,0,0,144,166
4,4 18 20 22,4,a04 a18 a20 a22,0,0,0,0,156,166
4,4 18 20 24,0,,1,1,1,0,0,166
4,4 18 20 24,1,a04,0,0,0,0,114,166
4,4 18 20 24,1,a18,0,0,0,0,87,166
4,4 18 20 24,2,a04 a18,0,0,0,0,135,166
4,4 18 20 24,1,a20,1,1,1,0,28,166
4,4 18 20 24,2,a04 a20,0,0,0,0,124,166
4,4 18 20 24,2,a18 a20,0,0,0,0,115,166
4,4 18 20 24,3,a04 a18 a20,0,0,0,0,145,166
4,4 18 20 24,1,a24,0,0,0,0,87,166
4,4 18 20 24,2,a04 a24,0,0,0,0,135,166
4,4 18 20 24,2,a18 a24,0,0,0,0,116,166
4,4 18 20 24,3,a04 a18 a24,0,0,0,0,146,166
4,4 18 20 24,2,a20 a24,0,0,0,0,115,166
4,4 18 20 24,3,a04 a20 a24,0,0,0,0,145,166
4,4 18 20 24,3,a18 a20 a24,0,0,0,0,144,166
4,4 18 20 24,4,a04 a18 a20 a24,0,0,0,0,156,166
4,4 18 20 25,0,,1,1,1,0,0,472
4,4 18 20 25,1,a04,0,0,0,0,372,472
4,4 18 20 25,1,a18,0,0,0,0,260,472
4,4 18 20 25,2,a04 a18,0,0,0,0,406,472
4,4 18 20 25,1,a20,0,0,0,0,260,472
4,4 18 20 25,2,a04 a20,0,0,0,0,406,472
4,4 18 20 25,2,a18 a20,0,0,0,0,391,472
4,4 18 20 25,3,a04 a18 a20,0,0,0,0,437,472
4,4 18 20 25,1,a25,0,0,0,0,340,472
4,4 18 20 25,2,a04 a25,0,0,0,0,418,472
4,4 18 20 25,2,a18 a25,0,0,0,0,388,472
4,4 18 20 25,3,a04 a18 a25,0,0,0,0,436,472
4,4 18 20 25,2,a20 a25,0,0,0,0,388,472
4,4 18 20 25,3,a04 a20 a25,0,0,0,0,436,472
4,4 18 20 25,3,a18 a20 a25,0,0,0,0,433,472
4,4 18 20 25,4,a04 a18 a20 a25,0,0,0,0,453,472
4,4 18 21 22,0,,1,1,1,0,0,81
4,4 18 21 22,1,a04,0,0,0,0,50,81
4,4 18 21 22,1,a18,1,1,1,0,22,81
4,4 18 21 22,2,a04 a18,0,0,0,0,58,81
4,4 18 21 22,1,a21,0,0,0,0,22,81
4,4 18 21 22,2,a04 a21,0,0,0,0,58,81
4,4 18 21 22,2,a18 a21,0,0,0,0,44,81
4,4 18 21 22,3,a04 a18 a21,0,0,0,0,66,81
4,4 18 21 22,1,a22,1,1,1,0,22,81
4,4 18 21 22,2,a04 a22,0,0,0,0,58,81
4,4 18 21 22,2,a18 a22,1,1,1,0,44,81
4,4 18 21 22,3,a04 a18 a22,0,0,0,0,66,81
4,4 18 21 22,2,a21 a22,0,0,0,0,44,81
4,4 18 21 22,3,a04 a21 a22,0,0,0,0,66,81
4,4 18 21 22,3,a18 a21 a22,0,0,0,0,66,81
4,4 18 21 22,4,a04 a18 a21 a22,0,0,0,0,74,81
4,4 18 21 23,0,,1,1,1,0,0,166
4,4 18 21 23,1,a04,0,0,0,0,114,166
4,4 18 21 23,1,a18,1,1,1,0,87,166
4,4 18 21 23,2,a04 a18,0,0,0,0,135,166
4,4 18 21 23,1,a21,0,0,0,0,28,166
4,4 18 21 23,2,a04 a21,0,0,0,0,124,166
4,4 18 21 23,2,a18 a21,0,0,0,0,115,166
4,4 18 21 23,3,a04 a18 a21,0,0,0,0,145,166
4,4 18 21 23,1,a23,1,1,1,0,87,166
4,4 18 21 23,2,a04 a23,0,0,0,0,135,166
4,4 18 21 23,2,a18 a23,1,1,1,0,116,166
4,4 18 21 23,3,a04 a18 a23,0,0,0,0,146,166
4,4 18 21 23,2,a21 a23,0,0,0,0,115,166
4,4 18 21 23,3,a04 a21 a23,0,0,0,0,145,166
4,4 18 21 23,3,a18 a21 a23,0,0,0,0,144,166
4,4 18 21 23,4,a04 a18 a21 a23,0,0,0,0,156,166
4,4 18 21 24,0,,1,1,1,0,0,109
4,4 18 21 24,1,a04,0,0,0,0,74,109
4,4 18 21 24,1,a18,1,1,1,0,67,109
4,4 18 21 24,2,a04 a18,0,0,0,0,91,109
4,4 18 21 24,1,a21,1,0,1,1,22,109
4,4 18 21 24,2,a04 a21,0,0,0,0,76,109
4,4 18 21 24,2,a18 a21,0,0,0,0,70,109
4,4 18 21 24,3,a04 a18 a21,0,0,0,0,92,109
4,4 18 21 24,1,a24,1,1,1,0,67,109
4,4 18 21 24,2,a04 a24,0,0,0,0,91,109
4,4 18 21 24,2,a18 a24,1,1,1,0,90,109
4,4 18 21 24,3,a04 a18 a24,0,0,0,0,100,109
4,4 18 21 24,2,a21 a24,0,0,0,0,70,109
4,4 18 21 24,3,a04 a21 a24,0,0,0,0,92,109
4,4 18 21 24,3,a18 a21 a24,0,0,0,0,93,109
4,4 18 21 24,4,a04 a18 a21 a24,0,0,0,0,101,109
4,4 18 21 25,0,,1,1,1,0,0,166
4,4 18 21 25,1,a04,0,0,0,0,114,166
4,4 18 21 25,1,a18,1,1,1,0,87,166
4,4 18 21 25,2,a04 a18,0,0,0,0,135,166
4,4 18 21 25,1,a21,0,0,0,0,28,166
4,4 18 21 25,2,a04 a21,0,0,0,0,124,166
4,4 18 21 25,2,a18 a21,0,0,0,0,115,166
4,4 18 21 25,3,a04 a18 a21,0,0,0,0,145,166
4,4 18 21 25,1,a25,1,1,1,0,87,166
4,4 18 21 25,2,a04 a25,0,0,0,0,135,166
4,4 18 21 25,2,a18 a25,1,1,1,0,116,166
4,4 18 21 25,3,a04 a18 a25,0,0,0,0,146,166
4,4 18 21 25,2,a21 a25,0,0,0,0,115,166
4,4 18 21 25,3,a04 a21 a25,0,0,0,0,145,166
4,4 18 21 25,3,a18 a21 a25,0,0,0,0,144,166
4,4 18 21 25,4,a04 a18 a21 a25,0,0,0,0,156,166
4,4 18 22 23,0,,1,1,1,0,0,472
4,4 18 22 23,1,a04,0,0,0,0,372,472
4,4 18 22 23,1,a18,0,0,0,0,260,472
4,4 18 22 23,2,a04 a18,0,0,0,0,406,472
4,4 18 22 23,1,a22,0,0,0,0,260,472
4,4 18 22 23,2,a04 a22,0,0,0,0,406,472
4,4 18 22 23,2,a18 a22,0,0,0,0,391,472
4,4 18 22 23,3,a04 a18 a22,0,0,0,0,437,472
4,4 18 22 23,1,a23,0,0,0,0,340,472
4,4 18 22 23,2,a04 a23,0,0,0,0,418,472
4,4 18 22 23,2,a18 a23,0,0,0,0,388,472
4,4 18 22 23,3,a04 a18 a23,0,0,0,0,436,472
4,4 18 22 23,2,a22 a23,0,0,0,0,388,472
4,4 18 22 23,3,a04 a22 a23,0,0,0,0,436,472
4,4 18 22 23,3,a18 a22 a23,0,0,0,0,433,472
4,4 18 22 23,4,a04 a18 a22 a23,0,0,0,0,453,472
4,4 18 22 24,0,,1,1,1,0,0,166
4,4 18 22 24,1,a04,0,0,0,0,114,166
4,4 18 22 24,1,a18,0,0,0,0,87,166
4,4 18 22 24,2,a04 a18,0,0,0,0,135,166
4,4 18 22 24,1,a22,1,1,1,0,28,166
4,4 18 22 24,2,a04 a22,0,0,0,0,124,166
4,4 18 22 24,2,a18 a22,0,0,0,0,115,166
4,4 18 22 24,3,a04 a18 a22,0,0,0,0,145,166
4,4 18 22 24,1,a24,0,0,0,0,87,166
4,4 18 22 24,2,a04 a24,0,0,0,0,135,166
4,4 18 22 24,2,a18 a24,0,0,0,0,116,166
4,4 18 22 24,3,a04 a18 a24,0,0,0,0,146,166
4,4 18 22 24,2,a22 a24,0,0,0,0,115,166
4,4 18 22 24,3,a04 a22 a24,0,0,0,0,145,166
4,4 18 22 24,3,a18 a22 a24,0,0,0,0,144,166
4,4 18 22 24,4,a04 a18 a22 a24,0,0,0,0,156,166
4,4 18 23 24,0,,1,1,1,0,0,279
4,4 18 23 24,1,a04,0,0,0,0,202,279
4,4 18 23 24,1,a18,0,0,0,0,180,279
4,4 18 23 24,2,a04 a18,0,0,0,0,240,279
4,4 18 23 24,1,a23,1,1,1,0,107,279
4,4 18 23 24,2,a04 a23,0,0,0,0,227,279
4,4 18 23 24,2,a18 a23,0,0,0,0,215,279
4,4 18 23 24,3,a04 a18 a23,0,0,0,0,253,279
4,4 18 23 24,1,a24,0,0,0,0,107,279
4,4 18 23 24,2,a04 a24,0,0,0,0,227,279
4,4 18 23 24,2,a18 a24,0,0,0,0,215,279
4,4 18 23 24,3,a04 a18 a24,0,0,0,0,253,279
4,4 18 23 24,2,a23 a24,0,0,0,0,214,279
4,4 18 23 24,3,a04 a23 a24,0,0,0,0,252,279
4,4 18 23 24,3,a18 a23 a24,0,0,0,0,250,279
4,4 18 23 24,4,a04 a18 a23 a24,0,0,0,0,266,279
4,4 18 23 25,0,,1,1,1,0,0,769
4,4 18 23 25,1,a04,0,0,0,0,628,769
4,4 18 23 25,1,a18,0,0,0,0,552,769
4,4 18 23 25,2,a04 a18,0,0,0,0,685,769
4,4 18 23 25,1,a23,0,0,0,0,508,769
4,4 18 23 25,2,a04 a23,0,0,0,0,684,769
4,4 18 23 25,2,a18 a23,0,0,0,0,664,769
4,4 18 23 25,3,a04 a18 a23,0,0,0,0,721,769
4,4 18 23 25,1,a25,0,0,0,0,508,769
4,4 18 23 25,2,a04 a25,0,0,0,0,684,769
4,4 18 23 25,2,a18 a25,0,0,0,0,664,769
4,4 18 23 25,3,a04 a18 a25,0,0,0,0,721,769
4,4 18 23 25,2,a23 a25,0,0,0,0,661,769
4,4 18 23 25,3,a04 a23 a25,0,0,0,0,720,769
4,4 18 23 25,3,a18 a23 a25,0,0,0,0,716,769
4,4 18 23 25,4,a04 a18 a23 a25,0,0,0,0,741,769
4,4 18 24 25,0,,1,1,1,0,0,279
4,4 18 24 25,1,a04,0,0,0,0,202,279
4,4 18 24 25,1,a18,0,0,0,0,180,279
4,4 18 24 25,2,a04 a18,0,0,0,0,240,279
4,4 18 24 25,1,a24,0,0,0,0,107,279
4,4 18 24 25,2,a04 a24,0,0,0,0,227,279
4,4 18 24 25,2,a18 a24,0,0,0,0,215,279
4,4 18 24 25,3,a04 a18 a24,0,0,0,0,253,279
4,4 18 24 25,1,a25,1,1,1,0,107,279
4,4 18 24 25,2,a04 a25,0,0,0,0,227,279
4,4 18 24 25,2,a18 a25,0,0,0,0,215,279
4,4 18 24 25,3,a04 a18 a25,0,0,0,0,253,279
4,4 18 24 25,2,a24 a25,0,0,0,0,214,279
4,4 18 24 25,3,a04 a24 a25,0,0,0,0,252,279
4,4 18 24 25,3,a18 a24 a25,0,0,0,0,250,279
4,4 18 24 25,4,a04 a18 a24 a25,0,0,0,0,266,279
4,4 19 20 21,0,,1,1,1,0,0,166
4,4 19 20 21,1,a04,0,0,0,0,114,166
4,4 19 20 21,1,a19,1,1,1,0,87,166
4,4 19 20 21,2,a04 a19,0,0,0,0,135,166
4,4 19 20 21,1,a20,1,1,1,0,87,166
4,4 19 20 21,2,a04 a20,0,0,0,0,135,166
4,4 19 20 21,2,a19 a20,1,1,1,0,116,166
4,4 19 20 21,3,a04 a19 a20,0,0,0,0,146,166
4,4 19 20 21,1,a21,0,0,0,0,28,166
4,4 19 20 21,2,a04 a21,0,0,0,0,124,166
4,4 19 20 21,2,a19 a21,0,0,0,0,115,166
4,4 19 20 21,3,a04 a19 a21,0,0,0,0,145,166
4,4 19 20 21,2,a20 a21,0,0,0,0,115,166
4,4 19 20 21,3,a04 a20 a21,0,0,0,0,145,166
4,4 19 20 21,3,a19 a20 a21,0,0,0,0,144,166
4,4 19 20 21,4,a04 a19 a20 a21,0,0,0,0,156,166
4,4 19 20 22,0,,1,1,1,0,0,279
4,4 19 20 22,1,a04,0,0,0,0,202,279
4,4 19 20 22,1,a19,1,1,1,0,107,279
4,4 19 20 22,2,a04 a19,0,0,0,0,227,279
4,4 19 20 22,1,a20,0,0,0,0,180,279
4,4 19 20 22,2,a04 a20,0,0,0,0,240,279
4,4 19 20 22,2,a19 a20,0,0,0,0,215,279
4,4 19 20 22,3,a04 a19 a20,0,0,0,0,253,279
4,4 19 20 22,1,a22,0,0,0,0,107,279
4,4 19 20 22,2,a04 a22,0,0,0,0,227,279
4,4 19 20 22,2,a19 a22,0,0,0,0,214,279
4,4 19 20 22,3,a04 a19 a22,0,0,0,0,252,279
4,4 19 20 22,2,a20 a22,0,0,0,0,215,279
4,4 19 20 22,3,a04 a20 a22,0,0,0,0,253,279
4,4 19 20 22,3,a19 a20 a22,0,0,0,0,250,279
4,4 19 20 22,4,a04 a19 a20 a22,0,0,0,0,266,279
4,4 19 20 24,0,,1,1,1,0,0,472
4,4 19 20 24,1,a04,0,0,0,0,372,472
4,4 19 20 24,1,a19,0,0,0,0,340,472
4,4 19 20 24,2,a04 a19,0,0,0,0,418,472
4,4 19 20 24,1,a20,0,0,0,0,260,472
4,4 19 20 24,2,a04 a20,0,0,0,0,406,472
4,4 19 20 24,2,a19 a20,0,0,0,0,388,472
4,4 19 20 24,3,a04 a19 a20,0,0,0,0,436,472
4,4 19 20 24,1,a24,0,0,0,0,260,472
4,4 19 20 24,2,a04 a24,0,0,0,0,406,472
4,4 19 20 24,2,a19 a24,0,0,0,0,388,472
4,4 19 20 24,3,a04 a19 a24,0,0,0,0,436,472
4,4 19 20 24,2,a20 a24,0,0,0,0,391,472
4,4 19 20 24,3,a04 a20 a24,0,0,0,0,437,472
4,4 19 20 24,3,a19 a20 a24,0,0,0,0,433,472
4,4 19 20 24,4,a04 a19 a20 a24,0,0,0,0,453,472
4,4 19 20 25,0,,1,1,1,0,0,769
4,4 19 20 25,1,a04,0,0,0,0,628,769
4,4 19 20 25,1,a19,0,0,0,0,508,769
4,4 19 20 25,2,a04 a19,0,0,0,0,684,769
4,4 19 20 25,1,a20,0,0,0,0,552,769
4,4 19 20 25,2,a04 a20,0,0,0,0,685,769
4,4 19 20 25,2,a19 a20,0,0,0,0,664,769
4,4 19 20 25,3,a04 a19 a20,0,0,0,0,721,769
4,4 19 20 25,1,a25,0,0,0,0,508,769
4,4 19 20 25,2,a04 a25,0,0,0,0,684,769
4,4 19 20 25,2,a19 a25,0,0,0,0,661,769
4,4 19 20 25,3,a04 a19 a25,0,0,0,0,720,769
4,4 19 20 25,2,a20 a25,0,0,0,0,664,769
4,4 19 20 25,3,a04 a20 a25,0,0,0,0,721,769
4,4 19 20 25,3,a19 a20 a25,0,0,0,0,716,769
4,4 19 20 25,4,a04 a19 a20 a25,0,0,0,0,741,769
4,4 19 21 22,0,,1,1,1,0,0,81
4,4 19 21 22,1,a04,0,0,0,0,50,81
4,4 19 21 22,1,a19,1,1,1,0,22,81
4,4 19 21 22,2,a04 a19,0,0,0,0,58,81
4,4 19 21 22,1,a21,0,0,0,0,22,81
4,4 19 21 22,2,a04 a21,0,0,0,0,58,81
4,4 19 21 22,2,a19 a21,0,0,0,0,44,81
4,4 19 21 22,3,a04 a19 a21,0,0,0,0,66,81
4,4 19 21 22,1,a22,1,1,1,0,22,81
4,4 19 21 22,2,a04 a22,0,0,0,0,58,81
4,4 19 21 22,2,a19 a22,1,1,1,0,44,81
4,4 19 21 22,3,a04 a19 a22,0,0,0,0,66,81
4,4 19 21 22,2,a21 a22,0,0,0,0,44,81
4,4 19 21 22,3,a04 a21 a22,0,0,0,0,66,81
4,4 19 21 22,3,a19 a21 a22,0,0,0,0,66,81
4,4 19 21 22,4,a04 a19 a21 a22,0,0,0,0,74,81
4,4 19 21 23,0,,1,1,1,0,0,81
4,4 19 21 23,1,a04,0,0,0,0,50,81
4,4 19 21 23,1,a19,1,1,1,0,22,81
4,4 19 21 23,2,a04 a19,0,0,0,0,58,81
4,4 19 21 23,1,a21,0,0,0,0,22,81
4,4 19 21 23,2,a04 a21,0,0,0,0,58,81
4,4 19 21 23,2,a19 a21,0,0,0,0,44,81
4,4 19 21 23,3,a04 a19 a21,0,0,0,0,66,81
4,4 19 21 23,1,a23,1,1,1,0,22,81
4,4 19 21 23,2,a04 a23,0,0,0,0,58,81
4,4 19 21 23,2,a19 a23,1,1,1,0,44,81
4,4 19 21 23,3,a04 a19 a23,0,0,0,0,66,81
4,4 19 21 23,2,a21 a23,0,0,0,0,44,81
4,4 19 21 23,3,a04 a21 a23,0,0,0,0,66,81
4,4 19 21 23,3,a19 a21 a23,0,0,0,0,66,81
4,4 19 21 23,4,a04 a19 a21 a23,0,0,0,0,74,81
4,4 19 21 24,0,,1,1,1,0,0,166
4,4 19 21 24,1,a04,0,0,0,0,114,166
4,4 19 21 24,1,a19,1,1,1,0,87,166
4,4 19 21 24,2,a04 a19,0,0,0,0,135,166
4,4 19 21 24,1,a21,0,0,0,0,28,166
4,4 19 21 24,2,a04 a21,0,0,0,0,124,166
4,4 19 21 24,2,a19 a21,0,0,0,0,115,166
4,4 19 21 24,3,a04 a19 a21,0,0,0,0,145,166
4,4 19 21 24,1,a24,1,1,1,0,87,166
4,4 19 21 24,2,a04 a24,0,0,0,0,135,166
4,4 19 21 24,2,a19 a24,1,1,1,0,116,166
4,4 19 21 24,3,a04 a19 a24,0,0,0,0,146,166
4,4 19 21 24,2,a21 a24,0,0,0,0,115,166
4,4 19 21 24,3,a04 a21 a24,0,0,0,0,145,166
4,4 19 21 24,3,a19 a21 a24,0,0,0,0,144,166
4,4 19 21 24,4,a04 a19 a21 a24,0,0,0,0,156,166
4,4 19 21 25,0,,1,1,1,0,0,166
4,4 19 21 25,1,a04,0,0,0,0,114,166
4,4 19 21 25,1,a19,1,1,1,0,87,166
4,4 19 21 25,2,a04 a19,0,0,0,0,135,166
4,4 19 21 25,1,a21,0,0,0,0,28,166
4,4 19 21 25,2,a04 a21,0,0,0,0,124,166
4,4 19 21 25,2,a19 a21,0,0,0,0,115,166
4,4 19 21 25,3,a04 a19 a21,0,0,0,0,145,166
4,4 19 21 25,1,a25,1,1,1,0,87,166
4,4 19 21 25,2,a04 a25,0,0,0,0,135,166
4,4 19 21 25,2,a19 a25,1,1,1,0,116,166
4,4 19 21 25,3,a04 a19 a25,0,0,0,0,146,166
4,4 19 21 25,2,a21 a25,0,0,0,0,115,166
4,4 19 21 25,3,a04 a21 a25,0,0,0,0,145,166
4,4 19 21 25,3,a19 a21 a25,0,0,0,0,144,166
4,4 19 21 25,4,a04 a19 a21 a25,0,0,0,0,156,166
4,4 20 21 22,0,,1,1,1,0,0,109
4,4 20 21 22,1,a04,0,0,0,0,74,109
4,4 20 21 22,1,a20,1,1,1,0,67,109
4,4 20 21 22,2,a04 a20,0,0,0,0,91,109
4,4 20 21 22,1,a21,1,0,1,1,22,109
4,4 20 21 22,2,a04 a21,0,0,0,0,76,109
4,4 20 21 22,2,a20 a21,0,0,0,0,70,109
4,4 20 21 22,3,a04 a20 a21,0,0,0,0,92,109
4,4 20 21 22,1,a22,1,1,1,0,67,109
4,4 20 21 22,2,a04 a22,0,0,0,0,91,109
4,4 20 21 22,2,a20 a22,1,1,1,0,90,109
4,4 20 21 22,3,a04 a20 a22,0,0,0,0,100,109
4,4 20 21 22,2,a21 a22,0,0,0,0,70,109
4,4 20 21 22,3,a04 a21 a22,0,0,0,0,92,109
4,4 20 21 22,3,a20 a21 a22,0,0,0,0,93,109
4,4 20 21 22,4,a04 a20 a21 a22,0,0,0,0,101,109
4,4 20 21 23,0,,1,1,1,0,0,81
4,4 20 21 23,1,a04,0,0,0,0,50,81
4,4 20 21 23,1,a20,1,1,1,0,22,81
4,4 20 21 23,2,a04 a20,0,0,0,0,58,81
4,4 20 21 23,1,a21,0,0,0,0,22,81
4,4 20 21 23,2,a04 a21,0,0,0,0,58,81
4,4 20 21 23,2,a20 a21,0,0,0,0,44,81
4,4 20 21 23,3,a04 a20 a21,0,0,0,0,66,81
4,4 20 21 23,1,a23,1,1,1,0,22,81
4,4 20 21 23,2,a04 a23,0,0,0,0,58,81
4,4 20 21 23,2,a20 a23,1,1,1,0,44,81
4,4 20 21 23,3,a04 a20 a23,0,0,0,0,66,81
4,4 20 21 23,2,a21 a23,0,0,0,0,44,81
4,4 20 21 23,3,a04 a21 a23,0,0,0,0,66,81
4,4 20 21 23,3,a20 a21 a23,0,0,0,0,66,81
4,4 20 21 23,4,a04 a20 a21 a23,0,0,0,0,74,81
4,4 20 21 24,0,,1,1,1,0,0,81
4,4 20 21 24,1,a04,0,0,0,0,50,81
4,4 20 21 24,1,a20,1,1,1,0,22,81
4,4 20 21 24,2,a04 a20,0,0,0,0,58,81
4,4 20 21 24,1,a21,0,0,0,0,22,81
4,4 20 21 24,2,a04 a21,0,0,0,0,58,81
4,4 20 21 24,2,a20 a21,0,0,0,0,44,81
4,4 20 21 24,3,a04 a20 a21,0,0,0,0,66,81
4,4 20 21 24,1,a24,1,1,1,0,22,81
4,4 20 21 24,2,a04 a24,0,0,0,0,58,81
4,4 20 21 24,2,a20 a24,1,1,1,0,44,81
4,4 20 21 24,3,a04 a20 a24,0,0,0,0,66,81
4,4 20 21 24,2,a21 a24,0,0,0,0,44,81
4,4 20 21 24,3,a04 a21 a24,0,0,0,0,66,81
4,4 20 21 24,3,a20 a21 a24,0,0,0,0,66,81
4,4 20 21 24,4,a04 a20 a21 a24,0,0,0,0,74,81
4,4 20 21 25,0,,1,1,1,0,0,166
4,4 20 21 25,1,a04,0,0,0,0,114,166
4,4 20 21 25,1,a20,1,1,1,0,87,166
4,4 20 21 25,2,a04 a20,0,0,0,0,135,166
4,4 20 21 25,1,a21,0,0,0,0,28,166
4,4 20 21 25,2,a04 a21,0,0,0,0,124,166
4,4 20 21 25,2,a20 a21,0,0,0,0,115,166
4,4 20 21 25,3,a04 a20 a21,0,0,0,0,145,166
4,4 20 21 25,1,a25,1,1,1,0,87,166
4,4 20 21 25,2,a04 a25,0,0,0,0,135,166
4,4 20 21 25,2,a20 a25,1,1,1,0,116,166
4,4 20 21 25,3,a04 a20 a25,0,0,0,0,146,166
4,4 20 21 25,2,a21 a25,0,0,0,0,115,166
4,4 20 21 25,3,a04 a21 a25,0,0,0,0,145,166
4,4 20 21 25,3,a20 a21 a25,0,0,0,0,144,166
4,4 20 21 25,4,a04 a20 a21 a25,0,0,0,0,156,166
4,4 20 22 23,0,,1,1,1,0,0,279
4,4 20 22 23,1,a04,0,0,0,0,202,279
4,4 20 22 23,1,a20,0,0,0,0,107,279
4,4 20 22 23,2,a04 a20,0,0,0,0,227,279
4,4 20 22 23,1,a22,0,0,0,0,180,279
4,4 20 22 23,2,a04 a22,0,0,0,0,240,279
4,4 20 22 23,2,a20 a22,0,0,0,0,215,279
4,4 20 22 23,3,a04 a20 a22,0,0,0,0,253,279
4,4 20 22 23,1,a23,1,1,1,0,107,279
4,4 20 22 23,2,a04 a23,0,0,0,0,227,279
4,4 20 22 23,2,a20 a23,0,0,0,0,214,279
4,4 20 22 23,3,a04 a20 a23,0,0,0,0,252,279
4,4 20 22 23,2,a22 a23,0,0,0,0,215,279
4,4 20 22 23,3,a04 a22 a23,0,0,0,0,253,279
4,4 20 22 23,3,a20 a22 a23,0,0,0,0,250,279
4,4 20 22 23,4,a04 a20 a22 a23,0,0,0,0,266,279
4,4 20 22 24,0,,1,1,1,0,0,166
4,4 20 22 24,1,a04,0,0,0,0,114,166
4,4 20 22 24,1,a20,0,0,0,0,87,166
4,4 20 22 24,2,a04 a20,0,0,0,0,135,166
4,4 20 22 24,1,a22,0,0,0,0,87,166
4,4 20 22 24,2,a04 a22,0,0,0,0,135,166
4,4 20 22 24,2,a20 a22,0,0,0,0,116,166
4,4 20 22 24,3,a04 a20 a22,0,0,0,0,146,166
4,4 20 22 24,1,a24,1,1,1,0,28,166
4,4 20 22 24,2,a04 a24,0,0,0,0,124,166
4,4 20 22 24,2,a20 a24,0,0,0,0,115,166
4,4 20 22 24,3,a04 a20 a24,0,0,0,0,145,166
4,4 20 22 24,2,a22 a24,0,0,0,0,115,166
4,4 20 22 24,3,a04 a22 a24,0,0,0,0,145,166
4,4 20 22 24,3,a20 a22 a24,0,0,0,0,144,166
4,4 20 22 24,4,a04 a20 a22 a24,0,0,0,0,156,166
4,4 20 22 25,0,,1,1,1,0,0,279
4,4 20 22 25,1,a04,0,0,0,0,202,279
4,4 20 22 25,1,a20,0,0,0,0,180,279
4,4 20 22 25,2,a04 a20,0,0,0,0,240,279
4,4 20 22 25,1,a22,0,0,0,0,107,279
4,4 20 22 25,2,a04 a22,0,0,0,0,227,279
4,4 20 22 25,2,a20 a22,0,0,0,0,215,279
4,4 20 22 25,3,a04 a20 a22,0,0,0,0,253,279
4,4 20 22 25,1,a25,1,1,1,0,107,279
4,4 20 22 25,2,a04 a25,0,0,0,0,227,279
4,4 20 22 25,2,a20 a25,0,0,0,0,215,279
4,4 20 22 25,3,a04 a20 a25,0,0,0,0,253,279
4,4 20 22 25,2,a22 a25,0,0,0,0,214,279
4,4 20 22 25,3,a04 a22 a25,0,0,0,0,252,279
4,4 20 22 25,3,a20 a22 a25,0,0,0,0,250,279
4,4 20 22 25,4,a04 a20 a22 a25,0,0,0,0,266,279
4,4 21 22 23,0,,1,1,1,0,0,166
4,4 21 22 23,1,a04,0,0,0,0,114,166
4,4 21 22 23,1,a21,0,0,0,0,28,166
4,4 21 22 23,2,a04 a21,0,0,0,0,124,166
4,4 21 22 23,1,a22,1,1,1,0,87,166
4,4 21 22 23,2,a04 a22,0,0,0,0,135,166
4,4 21 22 23,2,a21 a22,0,0,0,0,115,166
4,4 21 22 23,3,a04 a21 a22,0,0,0,0,145,166
4,4 21 22 23,1,a23,1,1,1,0,87,166
4,4 21 22 23,2,a04 a23,0,0,0,0,135,166
4,4 21 22 23,2,a21 a23,0,0,0,0,115,166
4,4 21 22 23,3,a04 a21 a23,0,0,0,0,145,166
4,4 21 22 23,2,a22 a23,1,1,1,0,116,166
4,4 21 22 23,3,a04 a22 a23,0,0,0,0,146,166
4,4 21 22 23,3,a21 a22 a23,0,0,0,0,144,166
4,4 21 22 23,4,a04 a21 a22 a23,0,0,0,0,156,166
4,4 21 22 24,0,,1,1,1,0,0,81
4,4 21 22 24,1,a04,0,0,0,0,50,81
4,4 21 22 24,1,a21,0,0,0,0,22,81
4,4 21 22 24,2,a04 a21,0,0,0,0,58,81
4,4 21 22 24,1,a22,1,1,1,0,22,81
4,4 21 22 24,2,a04 a22,0,0,0,0,58,81
4,4 21 22 24,2,a21 a22,0,0,0,0,44,81
4,4 21 22 24,3,a04 a21 a22,0,0,0,0,66,81
4,4 21 22 24,1,a24,1,1,1,0,22,81
4,4 21 22 24,2,a04 a24,0,0,0,0,58,81
4,4 21 22 24,2,a21 a24,0,0,0,0,44,81
4,4 21 22 24,3,a04 a21 a24,0,0,0,0,66,81
4,4 21 22 24,2,a22 a24,1,1,1,0,44,81
4,4 21 22 24,3,a04 a22 a24,0,0,0,0,66,81
4,4 21 22 24,3,a21 a22 a24,0,0,0,0,66,81
4,4 21 22 24,4,a04 a21 a22 a24,0,0,0,0,74,81
4,4 21 22 25,0,,1,1,1,0,0,81
4,4 21 22 25,1,a04,0,0,0,0,50,81
4,4 21 22 25,1,a21,0,0,0,0,22,81
4,4 21 22 25,2,a04 a21,0,0,0,0,58,81
4,4 21 22 25,1,a22,1,1,1,0,22,81
4,4 21 22 25,2,a04 a22,0,0,0,0,58,81
4,4 21 22 25,2,a21 a22,0,0,0,0,44,81
4,4 21 22 25,3,a04 a21 a22,0,0,0,0,66,81
4,4 21 22 25,1,a25,1,1,1,0,22,81
4,4 21 22 25,2,a04 a25,0,0,0,0,58,81
4,4 21 22 25,2,a21 a25,0,0,0,0,44,81
4,4 21 22 25,3,a04 a21 a25,0,0,0,0,66,81
4,4 21 22 25,2,a22 a25,1,1,1,0,44,81
4,4 21 22 25,3,a04 a22 a25,0,0,0,0,66,81
4,4 21 22 25,3,a21 a22 a25,0,0,0,0,66,81
4,4 21 22 25,4,a04 a21 a22 a25,0,0,0,0,74,81
4,4 21 23 24,0,,1,1,1,0,0,81
4,4 21 23 24,1,a04,0,0,0,0,50,81
4,4 21 23 24,1,a21,0,0,0,0,22,81
4,4 21 23 24,2,a04 a21,0,0,0,0,58,81
4,4 21 23 24,1,a23,1,1,1,0,22,81
4,4 21 23 24,2,a04 a23,0,0,0,0,58,81
4,4 21 23 24,2,a21 a23,0,0,0,0,44,81
4,4 21 23 24,3,a04 a21 a23,0,0,0,0,66,81
4,4 21 23 24,1,a24,1,1,1,0,22,81
4,4 21 23 24,2,a04 a24,0,0,0,0,58,81
4,4 21 23 24,2,a21 a24,0,0,0,0,44,81
4,4 21 23 24,3,a04 a21 a24,0,0,0,0,66,81
4,4 21 23 24,2,a23 a24,1,1,1,0,44,81
4,4 21 23 24,3,a04 a23 a24,0,0,0,0,66,81
4,4 21 23 24,3,a21 a23 a24,0,0,0,0,66,81
4,4 21 23 24,4,a04 a21 a23 a24,0,0,0,0,74,81
4,4 21 23 25,0,,1,1,1,0,0,166
4,4 21 23 25,1,a04,0,0,0,0,114,166
4,4 21 23 25,1,a21,0,0,0,0,28,166
4,4 21 23 25,2,a04 a21,0,0,0,0,124,166
4,4 21 23 25,1,a23,1,1,1,0,87,166
4,4 21 23 25,2,a04 a23,0,0,0,0,135,166
4,4 21 23 25,2,a21 a23,0,0,0,0,115,166
4,4 21 23 25,3,a04 a21 a23,0,0,0,0,145,166
4,4 21 23 25,1,a25,1,1,1,0,87,166
4,4 21 23 25,2,a04 a25,0,0,0,0,135,166
4,4 21 23 25,2,a21 a25,0,0,0,0,115,166
4,4 21 23 25,3,a04 a21 a25,0,0,0,0,145,166
4,4 21 23 25,2,a23 a25,1,1,1,0,116,166
4,4 21 23 25,3,a04 a23 a25,0,0,0,0,146,166
4,4 21 23 25,3,a21 a23 a25,0,0,0,0,144,166
4,4 21 23 25,4,a04 a21 a23 a25,0,0,0,0,156,166
4,4 21 24 25,0,,1,1,1,0,0,81
4,4 21 24 25,1,a04,0,0,0,0,50,81
4,4 21 24 25,1,a21,0,0,0,0,22,81
4,4 21 24 25,2,a04 a21,0,0,0,0,58,81
4,4 21 24 25,1,a24,1,1,1,0,22,81
4,4 21 24 25,2,a04 a24,0,0,0,0,58,81
4,4 21 24 25,2,a21 a24,0,0,0,0,44,81
4,4 21 24 25,3,a04 a21 a24,0,0,0,0,66,81
4,4 21 24 25,1,a25,1,1,1,0,22,81
4,4 21 24 25,2,a04 a25,0,0,0,0,58,81
4,4 21 24 25,2,a21 a25,0,0,0,0,44,81
4,4 21 24 25,3,a04 a21 a25,0,0,0,0,66,81
4,4 21 24 25,2,a24 a25,1,1,1,0,44,81
4,4 21 24 25,3,a04 a24 a25,0,0,0,0,66,81
4,4 21 24 25,3,a21 a24 a25,0,0,0,0,66,81
4,4 21 24 25,4,a04 a21 a24 a25,0,0,0,0,74,81
4,5 6 9 21,0,,1,1,1,0,0,606
4,5 6 9 21,1,a05,0,0,0,0,461,606
4,5 6 9 21,1,a06,0,0,0,0,420,606
4,5 6 9 21,2,a05 a06,0,0,0,0,539,606
4,5 6 9 21,1,a09,0,0,0,0,375,606
4,5 6 9 21,2,a05 a09,0,0,0,0,516,606
4,5 6 9 21,2,a06 a09,0,0,0,0,514,606
4,5 6 9 21,3,a05 a06 a09,0,0,0,0,562,606
4,5 6 9 21,1,a21,0,0,0,0,453,606
4,5 6 9 21,2,a05 a21,0,0,0,0,531,606
4,5 6 9 21,2,a06 a21,0,0,0,0,517,606
4,5 6 9 21,3,a05 a06 a21,0,0,0,0,564,606
4,5 6 9 21,2,a09 a21,0,0,0,0,531,606
4,5 6 9 21,3,a05 a09 a21,0,0,0,0,565,606
4,5 6 9 21,3,a06 a09 a21,0,0,0,0,564,606
4,5 6 9 21,4,a05 a06 a09 a21,0,0,0,0,583,606
4,5 6 10 15,0,,1,1,1,0,0,116
4,5 6 10 15,1,a05,1,1,1,0,48,116
4,5 6 10 15,1,a06,1,1,1,0,62,116
4,5 6 10 15,2,a05 a06,1,1,1,0,73,116
4,5 6 10 15,1,a10,0,0,0,0,64,116
4,5 6 10 15,2,a05 a10,0,0,0,0,90,116
4,5 6 10 15,2,a06 a10,0,0,0,0,89,116
4,5 6 10 15,3,a05 a06 a10,0,0,0,0,99,116
4,5 6 10 15,1,a15,0,0,0,0,25,116
4,5 6 10 15,2,a05 a15,0,0,0,0,73,116
4,5 6 10 15,2,a06 a15,0,0,0,0,87,116
4,5 6 10 15,3,a05 a06 a15,0,0,0,0,98,116
4,5 6 10 15,2,a10 a15,0,0,0,0,73,116
4,5 6 10 15,3,a05 a10 a15,0,0,0,0,99,116
4,5 6 10 15,3,a06 a10 a15,0,0,0,0,98,116
4,5 6 10 15,4,a05 a06 a10 a15,0,0,0,0,108,116
4,5 6 10 21,0,,1,1,1,0,0,364
4,5 6 10 21,1,a05,0,0,0,0,218,364
4,5 6 10 21,1,a06,0,0,0,0,268,364
4,5 6 10 21,2,a05 a06,0,0,0,0,313,364
4,5 6 10 21,1,a10,0,0,0,0,175,364
4,5 6 10 21,2,a05 a10,0,0,0,0,294,364
4,5 6 10 21,2,a06 a10,0,0,0,0,292,364
4,5 6 10 21,3,a05 a06 a10,0,0,0,0,332,364
4,5 6 10 21,1,a21,0,0,0,0,253,364
4,5 6 10 21,2,a05 a21,0,0,0,0,295,364
4,5 6 10 21,2,a06 a21,0,0,0,0,316,364
4,5 6 10 21,3,a05 a06 a21,0,0,0,0,333,364
4,5 6 10 21,2,a10 a21,0,0,0,0,306,364
4,5 6 10 21,3,a05 a10 a21,0,0,0,0,335,364
4,5 6 10 21,3,a06 a10 a21,0,0,0,0,333,364
4,5 6 10 21,4,a05 a06 a10 a21,0,0,0,0,349,364
4,5 6 10 24,0,,1,1,1,0,0,606
4,5 6 10 24,1,a05,0,0,0,0,375,606
4,5 6 10 24,1,a06,0,0,0,0,420,606
4,5 6 10 24,2,a05 a06,0,0,0,0,514,606
4,5 6 10 24,1,a10,0,0,0,0,453,606
4,5 6 10 24,2,a05 a10,0,0,0,0,531,606
4,5 6 10 24,2,a06 a10,0,0,0,0,517,606
4,5 6 10 24,3,a05 a06 a10,0,0,0,0,564,606
4,5 6 10 24,1,a24,0,0,0,0,461,606
4,5 6 10 24,2,a05 a24,0,0,0,0,516,606
4,5 6 10 24,2,a06 a24,0,0,0,0,539,606
4,5 6 10 24,3,a05 a06 a24,0,0,0,0,562,606
4,5 6 10 24,2,a10 a24,0,0,0,0,531,606
4,5 6 10 24,3,a05 a10 a24,0,0,0,0,565,606
4,5 6 10 24,3,a06 a10 a24,0,0,0,0,564,606
4,5 6 10 24,4,a05 a06 a10 a24,0,0,0,0,583,606
4,5 6 12 13,0,,1,1,1,0,0,88
4,5 6 12 13,1,a05,1,1,1,0,36,88
4,5 6 12 13,1,a06,1,1,1,0,29,88
4,5 6 12 13,2,a05 a06,1,1,1,0,51,88
4,5 6 12 13,1,a12,0,0,0,0,36,88
4,5 6 12 13,2,a05 a12,0,0,0,0,58,88
4,5 6 12 13,2,a06 a12,0,0,0,0,65,88
4,5 6 12 13,3,a05 a06 a12,0,0,0,0,73,88
4,5 6 12 13,1,a13,0,0,0,0,36,88
4,5 6 12 13,2,a05 a13,0,0,0,0,65,88
4,5 6 12 13,2,a06 a13,0,0,0,0,51,88
4,5 6 12 13,3,a05 a06 a13,0,0,0,0,73,88
4,5 6 12 13,2,a12 a13,0,0,0,0,58,88
4,5 6 12 13,3,a05 a12 a13,0,0,0,0,73,88
4,5 6 12 13,3,a06 a12 a13,0,0,0,0,73,88
4,5 6 12 13,4,a05 a06 a12 a13,0,0,0,0,81,88
4,5 6 12 21,0,,1,1,1,0,0,214
4,5 6 12 21,1,a05,0,0,0,0,144,214
4,5 6 12 21,1,a06,1,1,1,0,97,214
4,5 6 12 21,2,a05 a06,0,0,0,0,176,214
4,5 6 12 21,1,a12,0,0,0,0,60,214
4,5 6 12 21,2,a05 a12,0,0,0,0,157,214
4,5 6 12 21,2,a06 a12,0,0,0,0,157,214
4,5 6 12 21,3,a05 a06 a12,0,0,0,0,189,214
4,5 6 12 21,1,a21,0,0,0,0,136,214
4,5 6 12 21,2,a05 a21,0,0,0,0,179,214
4,5 6 12 21,2,a06 a21,0,0,0,0,159,214
4,5 6 12 21,3,a05 a06 a21,0,0,0,0,191,214
4,5 6 12 21,2,a12 a21,0,0,0,0,168,214
4,5 6 12 21,3,a05 a12 a21,0,0,0,0,191,214
4,5 6 12 21,3,a06 a12 a21,0,0,0,0,191,214
4,5 6 12 21,4,a05 a06 a12 a21,0,0,0,0,203,214
4,5 6 12 22,0,,1,1,1,0,0,472
4,5 6 12 22,1,a05,0,0,0,0,312,472
4,5 6 12 22,1,a06,1,1,1,0,258,472
4,5 6 12 22,2,a05 a06,0,0,0,0,391,472
4,5 6 12 22,1,a12,0,0,0,0,350,472
4,5 6 12 22,2,a05 a12,0,0,0,0,412,472
4,5 6 12 22,2,a06 a12,0,0,0,0,402,472
4,5 6 12 22,3,a05 a06 a12,0,0,0,0,435,472
4,5 6 12 22,1,a22,0,0,0,0,358,472
4,5 6 12 22,2,a05 a22,0,0,0,0,416,472
4,5 6 12 22,2,a06 a22,0,0,0,0,392,472
4,5 6 12 22,3,a05 a06 a22,0,0,0,0,435,472
4,5 6 12 22,2,a12 a22,0,0,0,0,402,472
4,5 6 12 22,3,a05 a12 a22,0,0,0,0,434,472
4,5 6 12 22,3,a06 a12 a22,0,0,0,0,436,472
4,5 6 12 22,4,a05 a06 a12 a22,0,0,0,0,453,472
4,5 7 9 21,0,,1,1,1,0,0,364
4,5 7 9 21,1,a05,0,0,0,0,216,364
4,5 7 9 21,1,a07,0,0,0,0,216,364
4,5 7 9 21,2,a05 a07,0,0,0,0,314,364
4,5 7 9 21,1,a09,0,0,0,0,251,364
4,5 7 9 21,2,a05 a09,0,0,0,0,292,364
4,5 7 9 21,2,a07 a09,0,0,0,0,292,364
4,5 7 9 21,3,a05 a07 a09,0,0,0,0,331,364
4,5 7 9 21,1,a21,0,0,0,0,232,364
4,5 7 9 21,2,a05 a21,0,0,0,0,294,364
4,5 7 9 21,2,a07 a21,0,0,0,0,294,364
4,5 7 9 21,3,a05 a07 a21,0,0,0,0,333,364
4,5 7 9 21,2,a09 a21,0,0,0,0,317,364
4,5 7 9 21,3,a05 a09 a21,0,0,0,0,333,364
4,5 7 9 21,3,a07 a09 a21,0,0,0,0,333,364
4,5 7 9 21,4,a05 a07 a09 a21,0,0,0,0,348,364
4,5 7 10 15,0,,1,1,1,0,0,58
4,5 7 10 15,1,a05,1,1,1,0,7,58
4,5 7 10 15,1,a07,1,1,1,0,19,58
4,5 7 10 15,2,a05 a07,1,1,1,0,26,58
4,5 7 10 15,1,a10,0,0,0,0,31,58
4,5 7 10 15,2,a05 a10,0,0,0,0,38,58
4,5 7 10 15,2,a07 a10,0,0,0,0,38,58
4,5 7 10 15,3,a05 a07 a10,0,0,0,0,45,58
4,5 7 10 15,1,a15,0,0,0,0,19,58
4,5 7 10 15,2,a05 a15,0,0,0,0,26,58
4,5 7 10 15,2,a07 a15,0,0,0,0,38,58
4,5 7 10 15,3,a05 a07 a15,0,0,0,0,45,58
4,5 7 10 15,2,a10 a15,0,0,0,0,38,58
4,5 7 10 15,3,a05 a10 a15,0,0,0,0,45,58
4,5 7 10 15,3,a07 a10 a15,0,0,0,0,45,58
4,5 7 10 15,4,a05 a07 a10 a15,0,0,0,0,52,58
4,5 7 10 21,0,,1,1,1,0,0,116
4,5 7 10 21,1,a05,1,1,1,0,25,116
4,5 7 10 21,1,a07,0,0,0,0,62,116
4,5 7 10 21,2,a05 a07,0,0,0,0,87,116
4,5 7 10 21,1,a10,0,0,0,0,48,116
4,5 7 10 21,2,a05 a10,0,0,0,0,73,116
4,5 7 10 21,2,a07 a10,0,0,0,0,73,116
4,5 7 10 21,3,a05 a07 a10,0,0,0,0,98,116
4,5 7 10 21,1,a21,0,0,0,0,64,116
4,5 7 10 21,2,a05 a21,0,0,0,0,73,116
4,5 7 10 21,2,a07 a21,0,0,0,0,89,116
4,5 7 10 21,3,a05 a07 a21,0,0,0,0,98,116
4,5 7 10 21,2,a10 a21,0,0,0,0,90,116
4,5 7 10 21,3,a05 a10 a21,0,0,0,0,99,116
4,5 7 10 21,3,a07 a10 a21,0,0,0,0,99,116
4,5 7 10 21,4,a05 a07 a10 a21,0,0,0,0,108,116
4,5 7 10 24,0,,1,1,1,0,0,214
4,5 7 10 24,1,a05,1,1,1,0,60,214
4,5 7 10 24,1,a07,0,0,0,0,97,214
4,5 7 10 24,2,a05 a07,0,0,0,0,157,214
4,5 7 10 24,1,a10,0,0,0,0,136,214
4,5 7 10 24,2,a05 a10,0,0,0,0,168,214
4,5 7 10 24,2,a07 a10,0,0,0,0,159,214
4,5 7 10 24,3,a05 a07 a10,0,0,0,0,191,214
4,5 7 10 24,1,a24,0,0,0,0,144,214
4,5 7 10 24,2,a05 a24,0,0,0,0,157,214
4,5 7 10 24,2,a07 a24,0,0,0,0,176,214
4,5 7 10 24,3,a05 a07 a24,0,0,0,0,189,214
4,5 7 10 24,2,a10 a24,0,0,0,0,179,214
4,5 7 10 24,3,a05 a10 a24,0,0,0,0,191,214
4,5 7 10 24,3,a07 a10 a24,0,0,0,0,191,214
4,5 7 10 24,4,a05 a07 a10 a24,0,0,0,0,203,214
4,5 7 12 13,0,,1,1,1,0,0,58
4,5 7 12 13,1,a05,1,1,1,0,19,58
4,5 7 12 13,1,a07,1,1,1,0,7,58
4,5 7 12 13,2,a05 a07,1,1,1,0,26,58
4,5 7 12 13,1,a12,0,0,0,0,31,58
4,5 7 12 13,2,a05 a12,0,0,0,0,38,58
4,5 7 12 13,2,a07 a12,0,0,0,0,38,58
4,5 7 12 13,3,a05 a07 a12,0,0,0,0,45,58
4,5 7 12 13,1,a13,0,0,0,0,19,58
4,5 7 12 13,2,a05 a13,0,0,0,0,38,58
4,5 7 12 13,2,a07 a13,0,0,0,0,26,58
4,5 7 12 13,3,a05 a07 a13,0,0,0,0,45,58
4,5 7 12 13,2,a12 a13,0,0,0,0,38,58
4,5 7 12 13,3,a05 a12 a13,0,0,0,0,45,58
4,5 7 12 13,3,a07 a12 a13,0,0,0,0,45,58
4,5 7 12 13,4,a05 a07 a12 a13,0,0,0,0,52,58
4,5 7 12 21,0,,1,1,1,0,0,116
4,5 7 12 21,1,a05,0,0,0,0,62,116
4,5 7 12 21,1,a07,1,1,1,0,25,116
4,5 7 12 21,2,a05 a07,0,0,0,0,87,116
4,5 7 12 21,1,a12,0,0,0,0,48,116
4,5 7 12 21,2,a05 a12,0,0,0,0,73,116
4,5 7 12 21,2,a07 a12,0,0,0,0,73,116
4,5 7 12 21,3,a05 a07 a12,0,0,0,0,98,116
4,5 7 12 21,1,a21,0,0,0,0,64,116
4,5 7 12 21,2,a05 a21,0,0,0,0,89,116
4,5 7 12 21,2,a07 a21,0,0,0,0,73,116
4,5 7 12 21,3,a05 a07 a21,0,0,0,0,98,116
4,5 7 12 21,2,a12 a21,0,0,0,0,90,116
4,5 7 12 21,3,a05 a12 a21,0,0,0,0,99,116
4,5 7 12 21,3,a07 a12 a21,0,0,0,0,99,116
4,5 7 12 21,4,a05 a07 a12 a21,0,0,0,0,108,116
4,5 7 12 22,0,,1,1,1,0,0,214
4,5 7 12 22,1,a05,0,0,0,0,97,214
4,5 7 12 22,1,a07,1,1,1,0,60,214
4,5 7 12 22,2,a05 a07,0,0,0,0,157,214
4,5 7 12 22,1,a12,0,0,0,0,136,214
4,5 7 12 22,2,a05 a12,0,0,0,0,159,214
4,5 7 12 22,2,a07 a12,0,0,0,0,168,214
4,5 7 12 22,3,a05 a07 a12,0,0,0,0,191,214
4,5 7 12 22,1,a22,0,0,0,0,144,214
4,5 7 12 22,2,a05 a22,0,0,0,0,176,214
4,5 7 12 22,2,a07 a22,0,0,0,0,157,214
4,5 7 12 22,3,a05 a07 a22,0,0,0,0,189,214
4,5 7 12 22,2,a12 a22,0,0,0,0,179,214
4,5 7 12 22,3,a05 a12 a22,0,0,0,0,191,214
4,5 7 12 22,3,a07 a12 a22,0,0,0,0,191,214
4,5 7 12 22,4,a05 a07 a12 a22,0,0,0,0,203,214
4,5 8 10 15,0,,1,1,1,0,0,44
4,5 8 10 15,1,a05,1,1,1,0,6,44
4,5 8 10 15,1,a08,1,1,1,0,16,44
4,5 8 10 15,2,a05 a08,1,1,1,0,17,44
4,5 8 10 15,1,a10,0,0,0,0,26,44
4,5 8 10 15,2,a05 a10,0,0,0,0,27,44
4,5 8 10 15,2,a08 a10,0,0,0,0,32,44
4,5 8 10 15,3,a05 a08 a10,0,0,0,0,33,44
4,5 8 10 15,1,a15,0,0,0,0,16,44
4,5 8 10 15,2,a05 a15,0,0,0,0,22,44
4,5 8 10 15,2,a08 a15,0,0,0,0,32,44
4,5 8 10 15,3,a05 a08 a15,0,0,0,0,33,44
4,5 8 10 15,2,a10 a15,0,0,0,0,32,44
4,5 8 10 15,3,a05 a10 a15,0,0,0,0,33,44
4,5 8 10 15,3,a08 a10 a15,0,0,0,0,38,44
4,5 8 10 15,4,a05 a08 a10 a15,0,0,0,0,39,44
4,5 8 12 13,0,,1,1,1,0,0,81
4,5 8 12 13,1,a05,1,1,1,0,22,81
4,5 8 12 13,1,a08,1,1,1,0,22,81
4,5 8 12 13,2,a05 a08,1,1,1,0,44,81
4,5 8 12 13,1,a12,0,0,0,0,50,81
4,5 8 12 13,2,a05 a12,0,0,0,0,58,81
4,5 8 12 13,2,a08 a12,0,0,0,0,58,81
4,5 8 12 13,3,a05 a08 a12,0,0,0,0,66,81
4,5 8 12 13,1,a13,0,0,0,0,22,81
4,5 8 12 13,2,a05 a13,0,0,0,0,44,81
4,5 8 12 13,2,a08 a13,0,0,0,0,44,81
4,5 8 12 13,3,a05 a08 a13,0,0,0,0,66,81
4,5 8 12 13,2,a12 a13,0,0,0,0,58,81
4,5 8 12 13,3,a05 a12 a13,0,0,0,0,66,81
4,5 8 12 13,3,a08 a12 a13,0,0,0,0,66,81
4,5 8 12 13,4,a05 a08 a12 a13,0,0,0,0,74,81
4,5 8 12 21,0,,1,1,1,0,0,194
4,5 8 12 21,1,a05,0,0,0,0,78,194
4,5 8 12 21,1,a08,1,1,1,0,78,194
4,5 8 12 21,2,a05 a08,0,0,0,0,156,194
4,5 8 12 21,1,a12,0,0,0,0,109,194
4,5 8 12 21,2,a05 a12,0,0,0,0,140,194
4,5 8 12 21,2,a08 a12,0,0,0,0,140,194
4,5 8 12 21,3,a05 a08 a12,0,0,0,0,171,194
4,5 8 12 21,1,a21,0,0,0,0,109,194
4,5 8 12 21,2,a05 a21,0,0,0,0,140,194
4,5 8 12 21,2,a08 a21,0,0,0,0,140,194
4,5 8 12 21,3,a05 a08 a21,0,0,0,0,171,194
4,5 8 12 21,2,a12 a21,0,0,0,0,162,194
4,5 8 12 21,3,a05 a12 a21,0,0,0,0,173,194
4,5 8 12 21,3,a08 a12 a21,0,0,0,0,173,194
4,5 8 12 21,4,a05 a08 a12 a21,0,0,0,0,184,194
4,5 8 12 22,0,,1,1,1,0,0,279
4,5 8 12 22,1,a05,0,0,0,0,107,279
4,5 8 12 22,1,a08,1,1,1,0,107,279
4,5 8 12 22,2,a05 a08,0,0,0,0,214,279
4,5 8 12 22,1,a12,0,0,0,0,202,279
4,5 8 12 22,2,a05 a12,0,0,0,0,227,279
4,5 8 12 22,2,a08 a12,0,0,0,0,227,279
4,5 8 12 22,3,a05 a08 a12,0,0,0,0,252,279
4,5 8 12 22,1,a22,0,0,0,0,180,279
4,5 8 12 22,2,a05 a22,0,0,0,0,215,279
4,5 8 12 22,2,a08 a22,0,0,0,0,215,279
4,5 8 12 22,3,a05 a08 a22,0,0,0,0,250,279
4,5 8 12 22,2,a12 a22,0,0,0,0,240,279
4,5 8 12 22,3,a05 a12 a22,0,0,0,0,253,279
4,5 8 12 22,3,a08 a12 a22,0,0,0,0,253,279
4,5 8 12 22,4,a05 a08 a12 a22,0,0,0,0,266,279
4,5 9 10 15,0,,1,1,1,0,0,116
4,5 9 10 15,1,a05,1,1,1,0,48,116
4,5 9 10 15,1,a09,1,1,1,0,62,116
4,5 9 10 15,2,a05 a09,1,1,1,0,73,116
4,5 9 10 15,1,a10,0,0,0,0,25,116
4,5 9 10 15,2,a05 a10,0,0,0,0,73,116
4,5 9 10 15,2,a09 a10,0,0,0,0,87,116
4,5 9 10 15,3,a05 a09 a10,0,0,0,0,98,116
4,5 9 10 15,1,a15,0,0,0,0,64,116
4,5 9 10 15,2,a05 a15,0,0,0,0,90,116
4,5 9 10 15,2,a09 a15,0,0,0,0,89,116
4,5 9 10 15,3,a05 a09 a15,0,0,0,0,99,116
4,5 9 10 15,2,a10 a15,0,0,0,0,73,116
4,5 9 10 15,3,a05 a10 a15,0,0,0,0,99,116
4,5 9 10 15,3,a09 a10 a15,0,0,0,0,98,116
4,5 9 10 15,4,a05 a09 a10 a15,0,0,0,0,108,116
4,5 9 11 15,0,,1,1,1,0,0,214
4,5 9 11 15,1,a05,1,1,1,0,60,214
4,5 9 11 15,1,a09,0,0,0,0,144,214
4,5 9 11 15,2,a05 a09,0,0,0,0,157,214
4,5 9 11 15,1,a11,0,0,0,0,97,214
4,5 9 11 15,2,a05 a11,0,0,0,0,157,214
4,5 9 11 15,2,a09 a11,0,0,0,0,176,214
4,5 9 11 15,3,a05 a09 a11,0,0,0,0,189,214
4,5 9 11 15,1,a15,0,0,0,0,136,214
4,5 9 11 15,2,a05 a15,0,0,0,0,168,214
4,5 9 11 15,2,a09 a15,0,0,0,0,179,214
4,5 9 11 15,3,a05 a09 a15,0,0,0,0,191,214
4,5 9 11 15,2,a11 a15,0,0,0,0,159,214
4,5 9 11 15,3,a05 a11 a15,0,0,0,0,191,214
4,5 9 11 15,3,a09 a11 a15,0,0,0,0,191,214
4,5 9 11 15,4,a05 a09 a11 a15,0,0,0,0,203,214
4,5 9 12 13,0,,1,1,1,0,0,108
4,5 9 12 13,1,a05,1,1,1,0,41,108
4,5 9 12 13,1,a09,1,1,1,0,41,108
4,5 9 12 13,2,a05 a09,1,1,1,0,66,108
4,5 9 12 13,1,a12,0,0,0,0,41,108
4,5 9 12 13,2,a05 a12,0,0,0,0,66,108
4,5 9 12 13,2,a09 a12,0,0,0,0,82,108
4,5 9 12 13,3,a05 a09 a12,0,0,0,0,91,108
4,5 9 12 13,1,a13,0,0,0,0,41,108
4,5 9 12 13,2,a05 a13,0,0,0,0,82,108
4,5 9 12 13,2,a09 a13,0,0,0,0,66,108
4,5 9 12 13,3,a05 a09 a13,0,0,0,0,91,108
4,5 9 12 13,2,a12 a13,0,0,0,0,66,108
4,5 9 12 13,3,a05 a12 a13,0,0,0,0,91,108
4,5 9 12 13,3,a09 a12 a13,0,0,0,0,91,108
4,5 9 12 13,4,a05 a09 a12 a13,0,0,0,0,100,108
4,5 9 12 21,0,,1,1,1,0,0,157
4,5 9 12 21,1,a05,0,0,0,0,112,157
4,5 9 12 21,1,a09,1,1,1,0,54,157
4,5 9 12 21,2,a05 a09,0,0,0,0,124,157
4,5 9 12 21,1,a12,0,0,0,0,54,157
4,5 9 12 21,2,a05 a12,0,0,0,0,124,157
4,5 9 12 21,2,a09 a12,0,0,0,0,108,157
4,5 9 12 21,3,a05 a09 a12,0,0,0,0,136,157
4,5 9 12 21,1,a21,0,0,0,0,80,157
4,5 9 12 21,2,a05 a21,0,0,0,0,126,157
4,5 9 12 21,2,a09 a21,0,0,0,0,109,157
4,5 9 12 21,3,a05 a09 a21,0,0,0,0,137,157
4,5 9 12 21,2,a12 a21,0,0,0,0,109,157
4,5 9 12 21,3,a05 a12 a21,0,0,0,0,137,157
4,5 9 12 21,3,a09 a12 a21,0,0,0,0,138,157
4,5 9 12 21,4,a05 a09 a12 a21,0,0,0,0,148,157
4,5 9 12 22,0,,1,1,1,0,0,364
4,5 9 12 22,1,a05,0,0,0,0,253,364
4,5 9 12 22,1,a09,1,1,1,0,173,364
4,5 9 12 22,2,a05 a09,0,0,0,0,293,364
4,5 9 12 22,1,a12,0,0,0,0,185,364
4,5 9 12 22,2,a05 a12,0,0,0,0,294,364
4,5 9 12 22,2,a09 a12,0,0,0,0,304,364
4,5 9 12 22,3,a05 a09 a12,0,0,0,0,333,364
4,5 9 12 22,1,a22,0,0,0,0,253,364
4,5 9 12 22,2,a05 a22,0,0,0,0,316,364
4,5 9 12 22,2,a09 a22,0,0,0,0,293,364
4,5 9 12 22,3,a05 a09 a22,0,0,0,0,332,364
4,5 9 12 22,2,a12 a22,0,0,0,0,294,364
4,5 9 12 22,3,a05 a12 a22,0,0,0,0,333,364
4,5 9 12 22,3,a09 a12 a22,0,0,0,0,333,364
4,5 9 12 22,4,a05 a09 a12 a22,0,0,0,0,348,364
4,5 9 13 14,0,,1,1,1,0,0,364
4,5 9 13 14,1,a05,1,1,1,0,173,364
4,5 9 13 14,1,a09,0,0,0,0,253,364
4,5 9 13 14,2,a05 a09,0,0,0,0,293,364
4,5 9 13 14,1,a13,0,0,0,0,185,364
4,5 9 13 14,2,a05 a13,0,0,0,0,304,364
4,5 9 13 14,2,a09 a13,0,0,0,0,294,364
4,5 9 13 14,3,a05 a09 a13,0,0,0,0,333,364
4,5 9 13 14,1,a14,0,0,0,0,253,364
4,5 9 13 14,2,a05 a14,0,0,0,0,293,364
4,5 9 13 14,2,a09 a14,0,0,0,0,316,364
4,5 9 13 14,3,a05 a09 a14,0,0,0,0,332,364
4,5 9 13 14,2,a13 a14,0,0,0,0,294,364
4,5 9 13 14,3,a05 a13 a14,0,0,0,0,333,364
4,5 9 13 14,3,a09 a13 a14,0,0,0,0,333,364
4,5 9 13 14,4,a05 a09 a13 a14,0,0,0,0,348,364
4,5 9 13 15,0,,1,1,1,0,0,157
4,5 9 13 15,1,a05,1,1,1,0,54,157
4,5 9 13 15,1,a09,0,0,0,0,112,157
4,5 9 13 15,2,a05 a09,0,0,0,0,124,157
4,5 9 13 15,1,a13,0,0,0,0,54,157
4,5 9 13 15,2,a05 a13,0,0,0,0,108,157
4,5 9 13 15,2,a09 a13,0,0,0,0,124,157
4,5 9 13 15,3,a05 a09 a13,0,0,0,0,136,157
4,5 9 13 15,1,a15,0,0,0,0,80,157
4,5 9 13 15,2,a05 a15,0,0,0,0,109,157
4,5 9 13 15,2,a09 a15,0,0,0,0,126,157
4,5 9 13 15,3,a05 a09 a15,0,0,0,0,137,157
4,5 9 13 15,2,a13 a15,0,0,0,0,109,157
4,5 9 13 15,3,a05 a13 a15,0,0,0,0,138,157
4,5 9 13 15,3,a09 a13 a15,0,0,0,0,137,157
4,5 9 13 15,4,a05 a09 a13 a15,0,0,0,0,148,157
4,5 9 14 21,0,,1,1,1,0,0,472
4,5 9 14 21,1,a05,0,0,0,0,378,472
4,5 9 14 21,1,a09,0,0,0,0,310,472
4,5 9 14 21,2,a05 a09,0,0,0,0,416,472
4,5 9 14 21,1,a14,0,0,0,0,310,472
4,5 9 14 21,2,a05 a14,0,0,0,0,416,472
4,5 9 14 21,2,a09 a14,0,0,0,0,390,472
4,5 9 14 21,3,a05 a09 a14,0,0,0,0,434,472
4,5 9 14 21,1,a21,0,0,0,0,276,472
4,5 9 14 21,2,a05 a21,0,0,0,0,405,472
4,5 9 14 21,2,a09 a21,0,0,0,0,393,472
4,5 9 14 21,3,a05 a09 a21,0,0,0,0,436,472
4,5 9 14 21,2,a14 a21,0,0,0,0,393,472
4,5 9 14 21,3,a05 a14 a21,0,0,0,0,436,472
4,5 9 14 21,3,a09 a14 a21,0,0,0,0,436,472
4,5 9 14 21,4,a05 a09 a14 a21,0,0,0,0,453,472
4,5 9 14 22,0,,1,1,1,0,0,1581
4,5 9 14 22,1,a05,0,0,0,0,1474,1581
4,5 9 14 22,1,a09,0,0,0,0,1474,1581
4,5 9 14 22,2,a05 a09,0,0,0,0,1505,1581
4,5 9 14 22,1,a14,0,0,0,0,1474,1581
4,5 9 14 22,2,a05 a14,0,0,0,0,1505,1581
4,5 9 14 22,2,a09 a14,0,0,0,0,1499,1581
4,5 9 14 22,3,a05 a09 a14,0,0,0,0,1516,1581
4,5 9 14 22,1,a22,0,0,0,0,1474,1581
4,5 9 14 22,2,a05 a22,0,0,0,0,1499,1581
4,5 9 14 22,2,a09 a22,0,0,0,0,1505,1581
4,5 9 14 22,3,a05 a09 a22,0,0,0,0,1516,1581
4,5 9 14 22,2,a14 a22,0,0,0,0,1505,1581
4,5 9 14 22,3,a05 a14 a22,0,0,0,0,1516,1581
4,5 9 14 22,3,a09 a14 a22,0,0,0,0,1516,1581
4,5 9 14 22,4,a05 a09 a14 a22,0,0,0,0,1524,1581
4,5 9 15 18,0,,1,1,1,0,0,364
4,5 9 15 18,1,a05,0,0,0,0,251,364
4,5 9 15 18,1,a09,0,0,0,0,216,364
4,5 9 15 18,2,a05 a09,0,0,0,0,292,364
4,5 9 15 18,1,a15,0,0,0,0,232,364
4,5 9 15 18,2,a05 a15,0,0,0,0,317,364
4,5 9 15 18,2,a09 a15,0,0,0,0,294,364
4,5 9 15 18,3,a05 a09 a15,0,0,0,0,333,364
4,5 9 15 18,1,a18,0,0,0,0,216,364
4,5 9 15 18,2,a05 a18,0,0,0,0,292,364
4,5 9 15 18,2,a09 a18,0,0,0,0,314,364
4,5 9 15 18,3,a05 a09 a18,0,0,0,0,331,364
4,5 9 15 18,2,a15 a18,0,0,0,0,294,364
4,5 9 15 18,3,a05 a15 a18,0,0,0,0,333,364
4,5 9 15 18,3,a09 a15 a18,0,0,0,0,333,364
4,5 9 15 18,4,a05 a09 a15 a18,0,0,0,0,348,364
4,5 9 15 19,0,,1,1,1,0,0,606
4,5 9 15 19,1,a05,0,0,0,0,375,606
4,5 9 15 19,1,a09,0,0,0,0,461,606
4,5 9 15 19,2,a05 a09,0,0,0,0,516,606
4,5 9 15 19,1,a15,0,0,0,0,453,606
4,5 9 15 19,2,a05 a15,0,0,0,0,531,606
4,5 9 15 19,2,a09 a15,0,0,0,0,531,606
4,5 9 15 19,3,a05 a09 a15,0,0,0,0,565,606
4,5 9 15 19,1,a19,0,0,0,0,420,606
4,5 9 15 19,2,a05 a19,0,0,0,0,514,606
4,5 9 15 19,2,a09 a19,0,0,0,0,539,606
4,5 9 15 19,3,a05 a09 a19,0,0,0,0,562,606
4,5 9 15 19,2,a15 a19,0,0,0,0,517,606
4,5 9 15 19,3,a05 a15 a19,0,0,0,0,564,606
4,5 9 15 19,3,a09 a15 a19,0,0,0,0,564,606
4,5 9 15 19,4,a05 a09 a15 a19,0,0,0,0,583,606
4,5 9 15 21,0,,1,1,1,0,0,214
4,5 9 15 21,1,a05,0,0,0,0,142,214
4,5 9 15 21,1,a09,0,0,0,0,142,214
4,5 9 15 21,2,a05 a09,0,0,0,0,176,214
4,5 9 15 21,1,a15,0,0,0,0,98,214
4,5 9 15 21,2,a05 a15,0,0,0,0,177,214
4,5 9 15 21,2,a09 a15,0,0,0,0,158,214
4,5 9 15 21,3,a05 a09 a15,0,0,0,0,190,214
4,5 9 15 21,1,a21,0,0,0,0,98,214
4,5 9 15 21,2,a05 a21,0,0,0,0,158,214
4,5 9 15 21,2,a09 a21,0,0,0,0,177,214
4,5 9 15 21,3,a05 a09 a21,0,0,0,0,190,214
4,5 9 15 21,2,a15 a21,0,0,0,0,159,214
4,5 9 15 21,3,a05 a15 a21,0,0,0,0,191,214
4,5 9 15 21,3,a09 a15 a21,0,0,0,0,191,214
4,5 9 15 21,4,a05 a09 a15 a21,0,0,0,0,203,214
4,5 9 15 22,0,,1,1,1,0,0,472
4,5 9 15 22,1,a05,0,0,0,0,310,472
4,5 9 15 22,1,a09,0,0,0,0,378,472
4,5 9 15 22,2,a05 a09,0,0,0,0,416,472
4,5 9 15 22,1,a15,0,0,0,0,276,472
4,5 9 15 22,2,a05 a15,0,0,0,0,393,472
4,5 9 15 22,2,a09 a15,0,0,0,0,405,472
4,5 9 15 22,3,a05 a09 a15,0,0,0,0,436,472
4,5 9 15 22,1,a22,0,0,0,0,310,472
4,5 9 15 22,2,a05 a22,0,0,0,0,390,472
4,5 9 15 22,2,a09 a22,0,0,0,0,416,472
4,5 9 15 22,3,a05 a09 a22,0,0,0,0,434,472
4,5 9 15 22,2,a15 a22,0,0,0,0,393,472
4,5 9 15 22,3,a05 a15 a22,0,0,0,0,436,472
4,5 9 15 22,3,a09 a15 a22,0,0,0,0,436,472
4,5 9 15 22,4,a05 a09 a15 a22,0,0,0,0,453,472
4,5 10 11 15,0,,1,1,1,0,0,58
4,5 10 11 15,1,a05,1,1,1,0,7,58
4,5 10 11 15,1,a10,0,0,0,0,19,58
4,5 10 11 15,2,a05 a10,0,0,0,0,26,58
4,5 10 11 15,1,a11,1,1,1,0,19,58
4,5 10 11 15,2,a05 a11,1,1,1,0,26,58
4,5 10 11 15,2,a10 a11,0,0,0,0,38,58
4,5 10 11 15,3,a05 a10 a11,0,0,0,0,45,58
4,5 10 11 15,1,a15,0,0,0,0,31,58
4,5 10 11 15,2,a05 a15,0,0,0,0,38,58
4,5 10 11 15,2,a10 a15,0,0,0,0,38,58
4,5 10 11 15,3,a05 a10 a15,0,0,0,0,45,58
4,5 10 11 15,2,a11 a15,0,0,0,0,38,58
4,5 10 11 15,3,a05 a11 a15,0,0,0,0,45,58
4,5 10 11 15,3,a10 a11 a15,0,0,0,0,45,58
4,5 10 11 15,4,a05 a10 a11 a15,0,0,0,0,52,58
4,5 10 12 13,0,,1,1,1,0,0,58
4,5 10 12 13,1,a05,1,1,1,0,19,58
4,5 10 12 13,1,a10,1,1,1,0,7,58
4,5 10 12 13,2,a05 a10,1,1,1,0,26,58
4,5 10 12 13,1,a12,0,0,0,0,31,58
4,5 10 12 13,2,a05 a12,0,0,0,0,38,58
4,5 10 12 13,2,a10 a12,0,0,0,0,38,58
4,5 10 12 13,3,a05 a10 a12,0,0,0,0,45,58
4,5 10 12 13,1,a13,0,0,0,0,19,58
4,5 10 12 13,2,a05 a13,0,0,0,0,38,58
4,5 10 12 13,2,a10 a13,0,0,0,0,26,58
4,5 10 12 13,3,a05 a10 a13,0,0,0,0,45,58
4,5 10 12 13,2,a12 a13,0,0,0,0,38,58
4,5 10 12 13,3,a05 a12 a13,0,0,0,0,45,58
4,5 10 12 13,3,a10 a12 a13,0,0,0,0,45,58
4,5 10 12 13,4,a05 a10 a12 a13,0,0,0,0,52,58
4,5 10 12 15,0,,1,1,1,0,0,58
4,5 10 12 15,1,a05,1,1,1,0,19,58
4,5 10 12 15,1,a10,0,0,0,0,19,58
4,5 10 12 15,2,a05 a10,0,0,0,0,38,58
4,5 10 12 15,1,a12,1,1,1,0,19,58
4,5 10 12 15,2,a05 a12,1,1,1,0,26,58
4,5 10 12 15,2,a10 a12,0,0,0,0,38,58
4,5 10 12 15,3,a05 a10 a12,0,0,0,0,45,58
4,5 10 12 15,1,a15,0,0,0,0,19,58
4,5 10 12 15,2,a05 a15,0,0,0,0,38,58
4,5 10 12 15,2,a10 a15,0,0,0,0,26,58
4,5 10 12 15,3,a05 a10 a15,0,0,0,0,45,58
4,5 10 12 15,2,a12 a15,0,0,0,0,38,58
4,5 10 12 15,3,a05 a12 a15,0,0,0,0,45,58
4,5 10 12 15,3,a10 a12 a15,0,0,0,0,45,58
4,5 10 12 15,4,a05 a10 a12 a15,0,0,0,0,52,58
4,5 10 12 16,0,,1,1,1,0,0,116
4,5 10 12 16,1,a05,1,1,1,0,25,116
4,5 10 12 16,1,a10,0,0,0,0,48,116
4,5 10 12 16,2,a05 a10,0,0,0,0,73,116
4,5 10 12 16,1,a12,0,0,0,0,64,116
4,5 10 12 16,2,a05 a12,0,0,0,0,73,116
4,5 10 12 16,2,a10 a12,0,0,0,0,90,116
4,5 10 12 16,3,a05 a10 a12,0,0,0,0,99,116
4,5 10 12 16,1,a16,0,0,0,0,62,116
4,5 10 12 16,2,a05 a16,0,0,0,0,87,116
4,5 10 12 16,2,a10 a16,0,0,0,0,73,116
4,5 10 12 16,3,a05 a10 a16,0,0,0,0,98,116
4,5 10 12 16,2,a12 a16,0,0,0,0,89,116
4,5 10 12 16,3,a05 a12 a16,0,0,0,0,98,116
4,5 10 12 16,3,a10 a12 a16,0,0,0,0,99,116
4,5 10 12 16,4,a05 a10 a12 a16,0,0,0,0,108,116
4,5 10 12 21,0,,1,1,1,0,0,88
4,5 10 12 21,1,a05,0,0,0,0,54,88
4,5 10 12 21,1,a10,1,1,1,0,8,88
4,5 10 12 21,2,a05 a10,0,0,0,0,62,88
4,5 10 12 21,1,a12,0,0,0,0,42,88
4,5 10 12 21,2,a05 a12,0,0,0,0,64,88
4,5 10 12 21,2,a10 a12,0,0,0,0,50,88
4,5 10 12 21,3,a05 a10 a12,0,0,0,0,72,88
4,5 10 12 21,1,a21,0,0,0,0,42,88
4,5 10 12 21,2,a05 a21,0,0,0,0,64,88
4,5 10 12 21,2,a10 a21,0,0,0,0,50,88
4,5 10 12 21,3,a05 a10 a21,0,0,0,0,72,88
4,5 10 12 21,2,a12 a21,0,0,0,0,65,88
4,5 10 12 21,3,a05 a12 a21,0,0,0,0,73,88
4,5 10 12 21,3,a10 a12 a21,0,0,0,0,73,88
4,5 10 12 21,4,a05 a10 a12 a21,0,0,0,0,81,88
4,5 10 12 22,0,,1,1,1,0,0,132
4,5 10 12 22,1,a05,0,0,0,0,77,132
4,5 10 12 22,1,a10,1,1,1,0,9,132
4,5 10 12 22,2,a05 a10,0,0,0,0,86,132
4,5 10 12 22,1,a12,0,0,0,0,85,132
4,5 10 12 22,2,a05 a12,0,0,0,0,104,132
4,5 10 12 22,2,a10 a12,0,0,0,0,94,132
4,5 10 12 22,3,a05 a10 a12,0,0,0,0,113,132
4,5 10 12 22,1,a22,0,0,0,0,77,132
4,5 10 12 22,2,a05 a22,0,0,0,0,103,132
4,5 10 12 22,2,a10 a22,0,0,0,0,86,132
4,5 10 12 22,3,a05 a10 a22,0,0,0,0,112,132
4,5 10 12 22,2,a12 a22,0,0,0,0,104,132
4,5 10 12 22,3,a05 a12 a22,0,0,0,0,114,132
4,5 10 12 22,3,a10 a12 a22,0,0,0,0,113,132
4,5 10 12 22,4,a05 a10 a12 a22,0,0,0,0,123,132
4,5 10 12 24,0,,1,1,1,0,0,214
4,5 10 12 24,1,a05,0,0,0,0,142,214
4,5 10 12 24,1,a10,0,0,0,0,98,214
4,5 10 12 24,2,a05 a10,0,0,0,0,177,214
4,5 10 12 24,1,a12,0,0,0,0,98,214
4,5 10 12 24,2,a05 a12,0,0,0,0,158,214
4,5 10 12 24,2,a10 a12,0,0,0,0,159,214
4,5 10 12 24,3,a05 a10 a12,0,0,0,0,191,214
4,5 10 12 24,1,a24,0,0,0,0,142,214
4,5 10 12 24,2,a05 a24,0,0,0,0,176,214
4,5 10 12 24,2,a10 a24,0,0,0,0,158,214
4,5 10 12 24,3,a05 a10 a24,0,0,0,0,190,214
4,5 10 12 24,2,a12 a24,0,0,0,0,177,214
4,5 10 12 24,3,a05 a12 a24,0,0,0,0,190,214
4,5 10 12 24,3,a10 a12 a24,0,0,0,0,191,214
4,5 10 12 24,4,a05 a10 a12 a24,0,0,0,0,203,214
4,5 10 12 25,0,,1,1,1,0,0,364
4,5 10 12 25,1,a05,0,0,0,0,218,364
4,5 10 12 25,1,a10,0,0,0,0,175,364
4,5 10 12 25,2,a05 a10,0,0,0,0,294,364
4,5 10 12 25,1,a12,0,0,0,0,253,364
4,5 10 12 25,2,a05 a12,0,0,0,0,295,364
4,5 10 12 25,2,a10 a12,0,0,0,0,306,364
4,5 10 12 25,3,a05 a10 a12,0,0,0,0,335,364
4,5 10 12 25,1,a25,0,0,0,0,268,364
4,5 10 12 25,2,a05 a25,0,0,0,0,313,364
4,5 10 12 25,2,a10 a25,0,0,0,0,292,364
4,5 10 12 25,3,a05 a10 a25,0,0,0,0,332,364
4,5 10 12 25,2,a12 a25,0,0,0,0,316,364
4,5 10 12 25,3,a05 a12 a25,0,0,0,0,333,364
4,5 10 12 25,3,a10 a12 a25,0,0,0,0,333,364
4,5 10 12 25,4,a05 a10 a12 a25,0,0,0,0,349,364
4,5 10 13 14,0,,1,1,1,0,0,157
4,5 10 13 14,1,a05,1,1,1,0,54,157
4,5 10 13 14,1,a10,0,0,0,0,80,157
4,5 10 13 14,2,a05 a10,0,0,0,0,109,157
4,5 10 13 14,1,a13,0,0,0,0,54,157
4,5 10 13 14,2,a05 a13,0,0,0,0,108,157
4,5 10 13 14,2,a10 a13,0,0,0,0,109,157
4,5 10 13 14,3,a05 a10 a13,0,0,0,0,138,157
4,5 10 13 14,1,a14,0,0,0,0,112,157
4,5 10 13 14,2,a05 a14,0,0,0,0,124,157
4,5 10 13 14,2,a10 a14,0,0,0,0,126,157
4,5 10 13 14,3,a05 a10 a14,0,0,0,0,137,157
4,5 10 13 14,2,a13 a14,0,0,0,0,124,157
4,5 10 13 14,3,a05 a13 a14,0,0,0,0,136,157
4,5 10 13 14,3,a10 a13 a14,0,0,0,0,137,157
4,5 10 13 14,4,a05 a10 a13 a14,0,0,0,0,148,157
4,5 10 13 15,0,,1,1,1,0,0,39
4,5 10 13 15,1,a05,1,1,1,0,6,39
4,5 10 13 15,1,a10,0,0,0,0,16,39
4,5 10 13 15,2,a05 a10,0,0,0,0,22,39
4,5 10 13 15,1,a13,1,1,1,0,6,39
4,5 10 13 15,2,a05 a13,1,1,1,0,12,39
4,5 10 13 15,2,a10 a13,0,0,0,0,22,39
4,5 10 13 15,3,a05 a10 a13,0,0,0,0,28,39
4,5 10 13 15,1,a15,0,0,0,0,16,39
4,5 10 13 15,2,a05 a15,0,0,0,0,22,39
4,5 10 13 15,2,a10 a15,0,0,0,0,22,39
4,5 10 13 15,3,a05 a10 a15,0,0,0,0,28,39
4,5 10 13 15,2,a13 a15,0,0,0,0,22,39
4,5 10 13 15,3,a05 a13 a15,0,0,0,0,28,39
4,5 10 13 15,3,a10 a13 a15,0,0,0,0,28,39
4,5 10 13 15,4,a05 a10 a13 a15,0,0,0,0,34,39
4,5 10 14 15,0,,1,1,1,0,0,116
4,5 10 14 15,1,a05,1,1,1,0,48,116
4,5 10 14 15,1,a10,0,0,0,0,64,116
4,5 10 14 15,2,a05 a10,0,0,0,0,90,116
4,5 10 14 15,1,a14,1,1,1,0,62,116
4,5 10 14 15,2,a05 a14,1,1,1,0,73,116
4,5 10 14 15,2,a10 a14,0,0,0,0,89,116
4,5 10 14 15,3,a05 a10 a14,0,0,0,0,99,116
4,5 10 14 15,1,a15,0,0,0,0,25,116
4,5 10 14 15,2,a05 a15,0,0,0,0,73,116
4,5 10 14 15,2,a10 a15,0,0,0,0,73,116
4,5 10 14 15,3,a05 a10 a15,0,0,0,0,99,116
4,5 10 14 15,2,a14 a15,0,0,0,0,87,116
4,5 10 14 15,3,a05 a14 a15,0,0,0,0,98,116
4,5 10 14 15,3,a10 a14 a15,0,0,0,0,98,116
4,5 10 14 15,4,a05 a10 a14 a15,0,0,0,0,108,116
4,5 10 14 16,0,,1,1,1,0,0,214
4,5 10 14 16,1,a05,1,1,1,0,60,214
4,5 10 14 16,1,a10,0,0,0,0,136,214
4,5 10 14 16,2,a05 a10,0,0,0,0,168,214
4,5 10 14 16,1,a14,0,0,0,0,144,214
4,5 10 14 16,2,a05 a14,0,0,0,0,157,214
4,5 10 14 16,2,a10 a14,0,0,0,0,179,214
4,5 10 14 16,3,a05 a10 a14,0,0,0,0,191,214
4,5 10 14 16,1,a16,0,0,0,0,97,214
4,5 10 14 16,2,a05 a16,0,0,0,0,157,214
4,5 10 14 16,2,a10 a16,0,0,0,0,159,214
4,5 10 14 16,3,a05 a10 a16,0,0,0,0,191,214
4,5 10 14 16,2,a14 a16,0,0,0,0,176,214
4,5 10 14 16,3,a05 a14 a16,0,0,0,0,189,214
4,5 10 14 16,3,a10 a14 a16,0,0,0,0,191,214
4,5 10 14 16,4,a05 a10 a14 a16,0,0,0,0,203,214
4,5 10 14 21,0,,1,1,1,0,0,214
4,5 10 14 21,1,a05,0,0,0,0,142,214
4,5 10 14 21,1,a10,0,0,0,0,98,214
4,5 10 14 21,2,a05 a10,0,0,0,0,177,214
4,5 10 14 21,1,a14,0,0,0,0,142,214
4,5 10 14 21,2,a05 a14,0,0,0,0,176,214
4,5 10 14 21,2,a10 a14,0,0,0,0,158,214
4,5 10 14 21,3,a05 a10 a14,0,0,0,0,190,214
4,5 10 14 21,1,a21,0,0,0,0,98,214
4,5 10 14 21,2,a05 a21,0,0,0,0,158,214
4,5 10 14 21,2,a10 a21,0,0,0,0,159,214
4,5 10 14 21,3,a05 a10 a21,0,0,0,0,191,214
4,5 10 14 21,2,a14 a21,0,0,0,0,177,214
4,5 10 14 21,3,a05 a14 a21,0,0,0,0,190,214
4,5 10 14 21,3,a10 a14 a21,0,0,0,0,191,214
4,5 10 14 21,4,a05 a10 a14 a21,0,0,0,0,203,214
4,5 10 14 22,0,,1,1,1,0,0,472
4,5 10 14 22,1,a05,0,0,0,0,310,472
4,5 10 14 22,1,a10,0,0,0,0,276,472
4,5 10 14 22,2,a05 a10,0,0,0,0,393,472
4,5 10 14 22,1,a14,0,0,0,0,378,472
4,5 10 14 22,2,a05 a14,0,0,0,0,416,472
4,5 10 14 22,2,a10 a14,0,0,0,0,405,472
4,5 10 14 22,3,a05 a10 a14,0,0,0,0,436,472
4,5 10 14 22,1,a22,0,0,0,0,310,472
4,5 10 14 22,2,a05 a22,0,0,0,0,390,472
4,5 10 14 22,2,a10 a22,0,0,0,0,393,472
4,5 10 14 22,3,a05 a10 a22,0,0,0,0,436,472
4,5 10 14 22,2,a14 a22,0,0,0,0,416,472
4,5 10 14 22,3,a05 a14 a22,0,0,0,0,434,472
4,5 10 14 22,3,a10 a14 a22,0,0,0,0,436,472
4,5 10 14 22,4,a05 a10 a14 a22,0,0,0,0,453,472
4,5 10 14 24,0,,1,1,1,0,0,364
4,5 10 14 24,1,a05,0,0,0,0,251,364
4,5 10 14 24,1,a10,0,0,0,0,232,364
4,5 10 14 24,2,a05 a10,0,0,0,0,317,364
4,5 10 14 24,1,a14,0,0,0,0,216,364
4,5 10 14 24,2,a05 a14,0,0,0,0,292,364
4,5 10 14 24,2,a10 a14,0,0,0,0,294,364
4,5 10 14 24,3,a05 a10 a14,0,0,0,0,333,364
4,5 10 14 24,1,a24,0,0,0,0,216,364
4,5 10 14 24,2,a05 a24,0,0,0,0,292,364
4,5 10 14 24,2,a10 a24,0,0,0,0,294,364
4,5 10 14 24,3,a05 a10 a24,0,0,0,0,333,364
4,5 10 14 24,2,a14 a24,0,0,0,0,314,364
4,5 10 14 24,3,a05 a14 a24,0,0,0,0,331,364
4,5 10 14 24,3,a10 a14 a24,0,0,0,0,333,364
4,5 10 14 24,4,a05 a10 a14 a24,0,0,0,0,348,364
4,5 10 14 25,0,,1,1,1,0,0,606
4,5 10 14 25,1,a05,0,0,0,0,375,606
4,5 10 14 25,1,a10,0,0,0,0,453,606
4,5 10 14 25,2,a05 a10,0,0,0,0,531,606
4,5 10 14 25,1,a14,0,0,0,0,461,606
4,5 10 14 25,2,a05 a14,0,0,0,0,516,606
4,5 10 14 25,2,a10 a14,0,0,0,0,531,606
4,5 10 14 25,3,a05 a10 a14,0,0,0,0,565,606
4,5 10 14 25,1,a25,0,0,0,0,420,606
4,5 10 14 25,2,a05 a25,0,0,0,0,514,606
4,5 10 14 25,2,a10 a25,0,0,0,0,517,606
4,5 10 14 25,3,a05 a10 a25,0,0,0,0,564,606
4,5 10 14 25,2,a14 a25,0,0,0,0,539,606
4,5 10 14 25,3,a05 a14 a25,0,0,0,0,562,606
4,5 10 14 25,3,a10 a14 a25,0,0,0,0,564,606
4,5 10 14 25,4,a05 a10 a14 a25,0,0,0,0,583,606
4,5 10 15 16,0,,1,1,1,0,0,58
4,5 10 15 16,1,a05,1,1,1,0,7,58
4,5 10 15 16,1,a10,0,0,0,0,31,58
4,5 10 15 16,2,a05 a10,0,0,0,0,38,58
4,5 10 15 16,1,a15,0,0,0,0,19,58
4,5 10 15 16,2,a05 a15,0,0,0,0,26,58
4,5 10 15 16,2,a10 a15,0,0,0,0,38,58
4,5 10 15 16,3,a05 a10 a15,0,0,0,0,45,58
4,5 10 15 16,1,a16,1,1,1,0,19,58
4,5 10 15 16,2,a05 a16,1,1,1,0,26,58
4,5 10 15 16,2,a10 a16,0,0,0,0,38,58
4,5 10 15 16,3,a05 a10 a16,0,0,0,0,45,58
4,5 10 15 16,2,a15 a16,0,0,0,0,38,58
4,5 10 15 16,3,a05 a15 a16,0,0,0,0,45,58
4,5 10 15 16,3,a10 a15 a16,0,0,0,0,45,58
4,5 10 15 16,4,a05 a10 a15 a16,0,0,0,0,52,58
4,5 10 15 17,0,,1,1,1,0,0,58
4,5 10 15 17,1,a05,1,1,1,0,7,58
4,5 10 15 17,1,a10,0,0,0,0,19,58
4,5 10 15 17,2,a05 a10,0,0,0,0,26,58
4,5 10 15 17,1,a15,0,0,0,0,31,58
4,5 10 15 17,2,a05 a15,0,0,0,0,38,58
4,5 10 15 17,2,a10 a15,0,0,0,0,38,58
4,5 10 15 17,3,a05 a10 a15,0,0,0,0,45,58
4,5 10 15 17,1,a17,1,1,1,0,19,58
4,5 10 15 17,2,a05 a17,1,1,1,0,26,58
4,5 10 15 17,2,a10 a17,0,0,0,0,38,58
4,5 10 15 17,3,a05 a10 a17,0,0,0,0,45,58
4,5 10 15 17,2,a15 a17,0,0,0,0,38,58
4,5 10 15 17,3,a05 a15 a17,0,0,0,0,45,58
4,5 10 15 17,3,a10 a15 a17,0,0,0,0,45,58
4,5 10 15 17,4,a05 a10 a15 a17,0,0,0,0,52,58
4,5 10 15 18,0,,1,1,1,0,0,116
4,5 10 15 18,1,a05,1,1,1,0,48,116
4,5 10 15 18,1,a10,0,0,0,0,25,116
4,5 10 15 18,2,a05 a10,0,0,0,0,73,116
4,5 10 15 18,1,a15,0,0,0,0,64,116
4,5 10 15 18,2,a05 a15,0,0,0,0,90,116
4,5 10 15 18,2,a10 a15,0,0,0,0,73,116
4,5 10 15 18,3,a05 a10 a15,0,0,0,0,99,116
4,5 10 15 18,1,a18,1,1,1,0,62,116
4,5 10 15 18,2,a05 a18,1,1,1,0,73,116
4,5 10 15 18,2,a10 a18,0,0,0,0,87,116
4,5 10 15 18,3,a05 a10 a18,0,0,0,0,98,116
4,5 10 15 18,2,a15 a18,0,0,0,0,89,116
4,5 10 15 18,3,a05 a15 a18,0,0,0,0,99,116
4,5 10 15 18,3,a10 a15 a18,0,0,0,0,98,116
4,5 10 15 18,4,a05 a10 a15 a18,0,0,0,0,108,116
4,5 10 15 19,0,,1,1,1,0,0,116
4,5 10 15 19,1,a05,1,1,1,0,48,116
4,5 10 15 19,1,a10,0,0,0,0,25,116
4,5 10 15 19,2,a05 a10,0,0,0,0,73,116
4,5 10 15 19,1,a15,0,0,0,0,64,116
4,5 10 15 19,2,a05 a15,0,0,0,0,90,116
4,5 10 15 19,2,a10 a15,0,0,0,0,73,116
4,5 10 15 19,3,a05 a10 a15,0,0,0,0,99,116
4,5 10 15 19,1,a19,1,1,1,0,62,116
4,5 10 15 19,2,a05 a19,1,1,1,0,73,116
4,5 10 15 19,2,a10 a19,0,0,0,0,87,116
4,5 10 15 19,3,a05 a10 a19,0,0,0,0,98,116
4,5 10 15 19,2,a15 a19,0,0,0,0,89,116
4,5 10 15 19,3,a05 a15 a19,0,0,0,0,99,116
4,5 10 15 19,3,a10 a15 a19,0,0,0,0,98,116
4,5 10 15 19,4,a05 a10 a15 a19,0,0,0,0,108,116
4,5 10 15 20,0,,1,1,1,0,0,39
4,5 10 15 20,1,a05,1,1,1,0,6,39
4,5 10 15 20,1,a10,0,0,0,0,16,39
4,5 10 15 20,2,a05 a10,0,0,0,0,22,39
4,5 10 15 20,1,a15,0,0,0,0,16,39
4,5 10 15 20,2,a05 a15,0,0,0,0,22,39
4,5 10 15 20,2,a10 a15,0,0,0,0,22,39
4,5 10 15 20,3,a05 a10 a15,0,0,0,0,28,39
4,5 10 15 20,1,a20,1,1,1,0,6,39
4,5 10 15 20,2,a05 a20,1,1,1,0,12,39
4,5 10 15 20,2,a10 a20,0,0,0,0,22,39
4,5 10 15 20,3,a05 a10 a20,0,0,0,0,28,39
4,5 10 15 20,2,a15 a20,0,0,0,0,22,39
4,5 10 15 20,3,a05 a15 a20,0,0,0,0,28,39
4,5 10 15 20,3,a10 a15 a20,0,0,0,0,28,39
4,5 10 15 20,4,a05 a10 a15 a20,0,0,0,0,34,39
4,5 10 15 21,0,,1,1,1,0,0,58
4,5 10 15 21,1,a05,1,1,1,0,19,58
4,5 10 15 21,1,a10,0,0,0,0,19,58
4,5 10 15 21,2,a05 a10,0,0,0,0,38,58
4,5 10 15 21,1,a15,0,0,0,0,19,58
4,5 10 15 21,2,a05 a15,0,0,0,0,38,58
4,5 10 15 21,2,a10 a15,0,0,0,0,26,58
4,5 10 15 21,3,a05 a10 a15,0,0,0,0,45,58
4,5 10 15 21,1,a21,1,1,1,0,19,58
4,5 10 15 21,2,a05 a21,1,1,1,0,26,58
4,5 10 15 21,2,a10 a21,0,0,0,0,38,58
4,5 10 15 21,3,a05 a10 a21,0,0,0,0,45,58
4,5 10 15 21,2,a15 a21,0,0,0,0,38,58
4,5 10 15 21,3,a05 a15 a21,0,0,0,0,45,58
4,5 10 15 21,3,a10 a15 a21,0,0,0,0,45,58
4,5 10 15 21,4,a05 a10 a15 a21,0,0,0,0,52,58
4,5 10 15 22,0,,1,1,1,0,0,58
4,5 10 15 22,1,a05,1,1,1,0,19,58
4,5 10 15 22,1,a10,0,0,0,0,19,58
4,5 10 15 22,2,a05 a10,0,0,0,0,38,58
4,5 10 15 22,1,a15,0,0,0,0,19,58
4,5 10 15 22,2,a05 a15,0,0,0,0,38,58
4,5 10 15 22,2,a10 a15,0,0,0,0,26,58
4,5 10 15 22,3,a05 a10 a15,0,0,0,0,45,58
4,5 10 15 22,1,a22,1,1,1,0,19,58
4,5 10 15 22,2,a05 a22,1,1,1,0,26,58
4,5 10 15 22,2,a10 a22,0,0,0,0,38,58
4,5 10 15 22,3,a05 a10 a22,0,0,0,0,45,58
4,5 10 15 22,2,a15 a22,0,0,0,0,38,58
4,5 10 15 22,3,a05 a15 a22,0,0,0,0,45,58
4,5 10 15 22,3,a10 a15 a22,0,0,0,0,45,58
4,5 10 15 22,4,a05 a10 a15 a22,0,0,0,0,52,58
4,5 10 15 23,0,,1,1,1,0,0,58
4,5 10 15 23,1,a05,1,1,1,0,7,58
4,5 10 15 23,1,a10,0,0,0,0,31,58
4,5 10 15 23,2,a05 a10,0,0,0,0,38,58
4,5 10 15 23,1,a15,0,0,0,0,19,58
4,5 10 15 23,2,a05 a15,0,0,0,0,26,58
4,5 10 15 23,2,a10 a15,0,0,0,0,38,58
4,5 10 15 23,3,a05 a10 a15,0,0,0,0,45,58
4,5 10 15 23,1,a23,1,1,1,0,19,58
4,5 10 15 23,2,a05 a23,1,1,1,0,26,58
4,5 10 15 23,2,a10 a23,0,0,0,0,38,58
4,5 10 15 23,3,a05 a10 a23,0,0,0,0,45,58
4,5 10 15 23,2,a15 a23,0,0,0,0,38,58
4,5 10 15 23,3,a05 a15 a23,0,0,0,0,45,58
4,5 10 15 23,3,a10 a15 a23,0,0,0,0,45,58
4,5 10 15 23,4,a05 a10 a15 a23,0,0,0,0,52,58
4,5 10 15 24,0,,1,1,1,0,0,116
4,5 10 15 24,1,a05,1,1,1,0,48,116
4,5 10 15 24,1,a10,0,0,0,0,64,116
4,5 10 15 24,2,a05 a10,0,0,0,0,90,116
4,5 10 15 24,1,a15,0,0,0,0,25,116
4,5 10 15 24,2,a05 a15,0,0,0,0,73,116
4,5 10 15 24,2,a10 a15,0,0,0,0,73,116
4,5 10 15 24,3,a05 a10 a15,0,0,0,0,99,116
4,5 10 15 24,1,a24,1,1,1,0,62,116
4,5 10 15 24,2,a05 a24,1,1,1,0,73,116
4,5 10 15 24,2,a10 a24,0,0,0,0,89,116
4,5 10 15 24,3,a05 a10 a24,0,0,0,0,99,116
4,5 10 15 24,2,a15 a24,0,0,0,0,87,116
4,5 10 15 24,3,a05 a15 a24,0,0,0,0,98,116
4,5 10 15 24,3,a10 a15 a24,0,0,0,0,98,116
4,5 10 15 24,4,a05 a10 a15 a24,0,0,0,0,108,116
4,5 10 15 25,0,,1,1,1,0,0,116
4,5 10 15 25,1,a05,1,1,1,0,48,116
4,5 10 15 25,1,a10,0,0,0,0,64,116
4,5 10 15 25,2,a05 a10,0,0,0,0,90,116
4,5 10 15 25,1,a15,0,0,0,0,25,116
4,5 10 15 25,2,a05 a15,0,0,0,0,73,116
4,5 10 15 25,2,a10 a15,0,0,0,0,73,116
4,5 10 15 25,3,a05 a10 a15,0,0,0,0,99,116
4,5 10 15 25,1,a25,1,1,1,0,62,116
4,5 10 15 25,2,a05 a25,1,1,1,0,73,116
4,5 10 15 25,2,a10 a25,0,0,0,0,89,116
4,5 10 15 25,3,a05 a10 a25,0,0,0,0,99,116
4,5 10 15 25,2,a15 a25,0,0,0,0,87,116
4,5 10 15 25,3,a05 a15 a25,0,0,0,0,98,116
4,5 10 15 25,3,a10 a15 a25,0,0,0,0,98,116
4,5 10 15 25,4,a05 a10 a15 a25,0,0,0,0,108,116
4,5 11 12 13,0,,1,1,1,0,0,81
4,5 11 12 13,1,a05,1,1,1,0,22,81
4,5 11 12 13,1,a11,1,1,1,0,22,81
4,5 11 12 13,2,a05 a11,1,1,1,0,44,81
4,5 11 12 13,1,a12,0,0,0,0,50,81
4,5 11 12 13,2,a05 a12,0,0,0,0,58,81
4,5 11 12 13,2,a11 a12,0,0,0,0,58,81
4,5 11 12 13,3,a05 a11 a12,0,0,0,0,66,81
4,5 11 12 13,1,a13,0,0,0,0,22,81
4,5 11 12 13,2,a05 a13,0,0,0,0,44,81
4,5 11 12 13,2,a11 a13,0,0,0,0,44,81
4,5 11 12 13,3,a05 a11 a13,0,0,0,0,66,81
4,5 11 12 13,2,a12 a13,0,0,0,0,58,81
4,5 11 12 13,3,a05 a12 a13,0,0,0,0,66,81
4,5 11 12 13,3,a11 a12 a13,0,0,0,0,66,81
4,5 11 12 13,4,a05 a11 a12 a13,0,0,0,0,74,81
4,5 11 12 15,0,,1,1,1,0,0,116
4,5 11 12 15,1,a05,1,1,1,0,25,116
4,5 11 12 15,1,a11,0,0,0,0,62,116
4,5 11 12 15,2,a05 a11,0,0,0,0,87,116
4,5 11 12 15,1,a12,0,0,0,0,64,116
4,5 11 12 15,2,a05 a12,0,0,0,0,73,116
4,5 11 12 15,2,a11 a12,0,0,0,0,89,116
4,5 11 12 15,3,a05 a11 a12,0,0,0,0,98,116
4,5 11 12 15,1,a15,0,0,0,0,48,116
4,5 11 12 15,2,a05 a15,0,0,0,0,73,116
4,5 11 12 15,2,a11 a15,0,0,0,0,73,116
4,5 11 12 15,3,a05 a11 a15,0,0,0,0,98,116
4,5 11 12 15,2,a12 a15,0,0,0,0,90,116
4,5 11 12 15,3,a05 a12 a15,0,0,0,0,99,116
4,5 11 12 15,3,a11 a12 a15,0,0,0,0,99,116
4,5 11 12 15,4,a05 a11 a12 a15,0,0,0,0,108,116
4,5 11 12 16,0,,1,1,1,0,0,166
4,5 11 12 16,1,a05,1,1,1,0,28,166
4,5 11 12 16,1,a11,0,0,0,0,87,166
4,5 11 12 16,2,a05 a11,0,0,0,0,115,166
4,5 11 12 16,1,a12,0,0,0,0,114,166
4,5 11 12 16,2,a05 a12,0,0,0,0,124,166
4,5 11 12 16,2,a11 a12,0,0,0,0,135,166
4,5 11 12 16,3,a05 a11 a12,0,0,0,0,145,166
4,5 11 12 16,1,a16,0,0,0,0,87,166
4,5 11 12 16,2,a05 a16,0,0,0,0,115,166
4,5 11 12 16,2,a11 a16,0,0,0,0,116,166
4,5 11 12 16,3,a05 a11 a16,0,0,0,0,144,166
4,5 11 12 16,2,a12 a16,0,0,0,0,135,166
4,5 11 12 16,3,a05 a12 a16,0,0,0,0,145,166
4,5 11 12 16,3,a11 a12 a16,0,0,0,0,146,166
4,5 11 12 16,4,a05 a11 a12 a16,0,0,0,0,156,166
4,5 11 12 21,0,,1,1,1,0,0,116
4,5 11 12 21,1,a05,0,0,0,0,62,116
4,5 11 12 21,1,a11,1,1,1,0,25,116
4,5 11 12 21,2,a05 a11,0,0,0,0,87,116
4,5 11 12 21,1,a12,0,0,0,0,64,116
4,5 11 12 21,2,a05 a12,0,0,0,0,89,116
4,5 11 12 21,2,a11 a12,0,0,0,0,73,116
4,5 11 12 21,3,a05 a11 a12,0,0,0,0,98,116
4,5 11 12 21,1,a21,0,0,0,0,48,116
4,5 11 12 21,2,a05 a21,0,0,0,0,73,116
4,5 11 12 21,2,a11 a21,0,0,0,0,73,116
4,5 11 12 21,3,a05 a11 a21,0,0,0,0,98,116
4,5 11 12 21,2,a12 a21,0,0,0,0,90,116
4,5 11 12 21,3,a05 a12 a21,0,0,0,0,99,116
4,5 11 12 21,3,a11 a12 a21,0,0,0,0,99,116
4,5 11 12 21,4,a05 a11 a12 a21,0,0,0,0,108,116
4,5 11 12 22,0,,1,1,1,0,0,166
4,5 11 12 22,1,a05,0,0,0,0,87,166
4,5 11 12 22,1,a11,1,1,1,0,28,166
4,5 11 12 22,2,a05 a11,0,0,0,0,115,166
4,5 11 12 22,1,a12,0,0,0,0,114,166
4,5 11 12 22,2,a05 a12,0,0,0,0,135,166
4,5 11 12 22,2,a11 a12,0,0,0,0,124,166
4,5 11 12 22,3,a05 a11 a12,0,0,0,0,145,166
4,5 11 12 22,1,a22,0,0,0,0,87,166
4,5 11 12 22,2,a05 a22,0,0,0,0,116,166
4,5 11 12 22,2,a11 a22,0,0,0,0,115,166
4,5 11 12 22,3,a05 a11 a22,0,0,0,0,144,166
4,5 11 12 22,2,a12 a22,0,0,0,0,135,166
4,5 11 12 22,3,a05 a12 a22,0,0,0,0,146,166
4,5 11 12 22,3,a11 a12 a22,0,0,0,0,145,166
4,5 11 12 22,4,a05 a11 a12 a22,0,0,0,0,156,166
4,5 11 12 24,0,,1,1,1,0,0,364
4,5 11 12 24,1,a05,0,0,0,0,216,364
4,5 11 12 24,1,a11,0,0,0,0,216,364
4,5 11 12 24,2,a05 a11,0,0,0,0,314,364
4,5 11 12 24,1,a12,0,0,0,0,232,364
4,5 11 12 24,2,a05 a12,0,0,0,0,294,364
4,5 11 12 24,2,a11 a12,0,0,0,0,294,364
4,5 11 12 24,3,a05 a11 a12,0,0,0,0,333,364
4,5 11 12 24,1,a24,0,0,0,0,251,364
4,5 11 12 24,2,a05 a24,0,0,0,0,292,364
4,5 11 12 24,2,a11 a24,0,0,0,0,292,364
4,5 11 12 24,3,a05 a11 a24,0,0,0,0,331,364
4,5 11 12 24,2,a12 a24,0,0,0,0,317,364
4,5 11 12 24,3,a05 a12 a24,0,0,0,0,333,364
4,5 11 12 24,3,a11 a12 a24,0,0,0,0,333,364
4,5 11 12 24,4,a05 a11 a12 a24,0,0,0,0,348,364
4,5 11 12 25,0,,1,1,1,0,0,472
4,5 11 12 25,1,a05,0,0,0,0,260,472
4,5 11 12 25,1,a11,0,0,0,0,260,472
4,5 11 12 25,2,a05 a11,0,0,0,0,391,472
4,5 11 12 25,1,a12,0,0,0,0,372,472
4,5 11 12 25,2,a05 a12,0,0,0,0,406,472
4,5 11 12 25,2,a11 a12,0,0,0,0,406,472
4,5 11 12 25,3,a05 a11 a12,0,0,0,0,437,472
4,5 11 12 25,1,a25,0,0,0,0,340,472
4,5 11 12 25,2,a05 a25,0,0,0,0,388,472
4,5 11 12 25,2,a11 a25,0,0,0,0,388,472
4,5 11 12 25,3,a05 a11 a25,0,0,0,0,433,472
4,5 11 12 25,2,a12 a25,0,0,0,0,418,472
4,5 11 12 25,3,a05 a12 a25,0,0,0,0,436,472
4,5 11 12 25,3,a11 a12 a25,0,0,0,0,436,472
4,5 11 12 25,4,a05 a11 a12 a25,0,0,0,0,453,472
4,5 12 13 14,0,,1,1,1,0,0,108
4,5 12 13 14,1,a05,1,1,1,0,41,108
4,5 12 13 14,1,a12,0,0,0,0,41,108
4,5 12 13 14,2,a05 a12,0,0,0,0,66,108
4,5 12 13 14,1,a13,0,0,0,0,41,108
4,5 12 13 14,2,a05 a13,0,0,0,0,82,108
4,5 12 13 14,2,a12 a13,0,0,0,0,66,108
4,5 12 13 14,3,a05 a12 a13,0,0,0,0,91,108
4,5 12 13 14,1,a14,1,1,1,0,41,108
4,5 12 13 14,2,a05 a14,1,1,1,0,66,108
4,5 12 13 14,2,a12 a14,0,0,0,0,82,108
4,5 12 13 14,3,a05 a12 a14,0,0,0,0,91,108
4,5 12 13 14,2,a13 a14,0,0,0,0,66,108
4,5 12 13 14,3,a05 a13 a14,0,0,0,0,91,108
4,5 12 13 14,3,a12 a13 a14,0,0,0,0,91,108
4,5 12 13 14,4,a05 a12 a13 a14,0,0,0,0,100,108
4,5 12 13 15,0,,1,1,1,0,0,58
4,5 12 13 15,1,a05,1,1,1,0,19,58
4,5 12 13 15,1,a12,0,0,0,0,31,58
4,5 12 13 15,2,a05 a12,0,0,0,0,38,58
4,5 12 13 15,1,a13,0,0,0,0,19,58
4,5 12 13 15,2,a05 a13,0,0,0,0,38,58
4,5 12 13 15,2,a12 a13,0,0,0,0,38,58
4,5 12 13 15,3,a05 a12 a13,0,0,0,0,45,58
4,5 12 13 15,1,a15,1,1,1,0,7,58
4,5 12 13 15,2,a05 a15,1,1,1,0,26,58
4,5 12 13 15,2,a12 a15,0,0,0,0,38,58
4,5 12 13 15,3,a05 a12 a15,0,0,0,0,45,58
4,5 12 13 15,2,a13 a15,0,0,0,0,26,58
4,5 12 13 15,3,a05 a13 a15,0,0,0,0,45,58
4,5 12 13 15,3,a12 a13 a15,0,0,0,0,45,58
4,5 12 13 15,4,a05 a12 a13 a15,0,0,0,0,52,58
4,5 12 13 16,0,,1,1,1,0,0,81
4,5 12 13 16,1,a05,1,1,1,0,22,81
4,5 12 13 16,1,a12,0,0,0,0,50,81
4,5 12 13 16,2,a05 a12,0,0,0,0,58,81
4,5 12 13 16,1,a13,0,0,0,0,22,81
4,5 12 13 16,2,a05 a13,0,0,0,0,44,81
4,5 12 13 16,2,a12 a13,0,0,0,0,58,81
4,5 12 13 16,3,a05 a12 a13,0,0,0,0,66,81
4,5 12 13 16,1,a16,1,1,1,0,22,81
4,5 12 13 16,2,a05 a16,1,1,1,0,44,81
4,5 12 13 16,2,a12 a16,0,0,0,0,58,81
4,5 12 13 16,3,a05 a12 a16,0,0,0,0,66,81
4,5 12 13 16,2,a13 a16,0,0,0,0,44,81
4,5 12 13 16,3,a05 a13 a16,0,0,0,0,66,81
4,5 12 13 16,3,a12 a13 a16,0,0,0,0,66,81
4,5 12 13 16,4,a05 a12 a13 a16,0,0,0,0,74,81
4,5 12 13 17,0,,1,1,1,0,0,279
4,5 12 13 17,1,a05,1,1,1,0,187,279
4,5 12 13 17,1,a12,0,0,0,0,160,279
4,5 12 13 17,2,a05 a12,0,0,0,0,223,279
4,5 12 13 17,1,a13,0,0,0,0,145,279
4,5 12 13 17,2,a05 a13,0,0,0,0,236,279
4,5 12 13 17,2,a12 a13,0,0,0,0,227,279
4,5 12 13 17,3,a05 a12 a13,0,0,0,0,249,279
4,5 12 13 17,1,a17,1,1,1,0,177,279
4,5 12 13 17,2,a05 a17,1,1,1,0,216,279
4,5 12 13 17,2,a12 a17,0,0,0,0,236,279
4,5 12 13 17,3,a05 a12 a17,0,0,0,0,252,279
4,5 12 13 17,2,a13 a17,0,0,0,0,213,279
4,5 12 13 17,3,a05 a13 a17,0,0,0,0,252,279
4,5 12 13 17,3,a12 a13 a17,0,0,0,0,249,279
4,5 12 13 17,4,a05 a12 a13 a17,0,0,0,0,265,279
4,5 12 13 18,0,,1,1,1,0,0,116
4,5 12 13 18,1,a05,1,1,1,0,62,116
4,5 12 13 18,1,a12,0,0,0,0,64,116
4,5 12 13 18,2,a05 a12,0,0,0,0,89,116
4,5 12 13 18,1,a13,0,0,0,0,25,116
4,5 12 13 18,2,a05 a13,0,0,0,0,87,116
4,5 12 13 18,2,a12 a13,0,0,0,0,73,116
4,5 12 13 18,3,a05 a12 a13,0,0,0,0,98,116
4,5 12 13 18,1,a18,1,1,1,0,48,116
4,5 12 13 18,2,a05 a18,1,1,1,0,73,116
4,5 12 13 18,2,a12 a18,0,0,0,0,90,116
4,5 12 13 18,3,a05 a12 a18,0,0,0,0,99,116
4,5 12 13 18,2,a13 a18,0,0,0,0,73,116
4,5 12 13 18,3,a05 a13 a18,0,0,0,0,98,116
4,5 12 13 18,3,a12 a13 a18,0,0,0,0,99,116
4,5 12 13 18,4,a05 a12 a13 a18,0,0,0,0,108,116
4,5 12 13 19,0,,1,1,1,0,0,166
4,5 12 13 19,1,a05,1,1,1,0,87,166
4,5 12 13 19,1,a12,0,0,0,0,114,166
4,5 12 13 19,2,a05 a12,0,0,0,0,135,166
4,5 12 13 19,1,a13,0,0,0,0,28,166
4,5 12 13 19,2,a05 a13,0,0,0,0,115,166
4,5 12 13 19,2,a12 a13,0,0,0,0,124,166
4,5 12 13 19,3,a05 a12 a13,0,0,0,0,145,166
4,5 12 13 19,1,a19,1,1,1,0,87,166
4,5 12 13 19,2,a05 a19,1,1,1,0,116,166
4,5 12 13 19,2,a12 a19,0,0,0,0,135,166
4,5 12 13 19,3,a05 a12 a19,0,0,0,0,146,166
4,5 12 13 19,2,a13 a19,0,0,0,0,115,166
4,5 12 13 19,3,a05 a13 a19,0,0,0,0,144,166
4,5 12 13 19,3,a12 a13 a19,0,0,0,0,145,166
4,5 12 13 19,4,a05 a12 a13 a19,0,0,0,0,156,166
4,5 12 13 20,0,,1,1,1,0,0,102
4,5 12 13 20,1,a05,1,1,1,0,78,102
4,5 12 13 20,1,a12,0,0,0,0,48,102
4,5 12 13 20,2,a05 a12,0,0,0,0,82,102
4,5 12 13 20,1,a13,0,0,0,0,48,102
4,5 12 13 20,2,a05 a13,0,0,0,0,83,102
4,5 12 13 20,2,a12 a13,0,0,0,0,76,102
4,5 12 13 20,3,a05 a12 a13,0,0,0,0,85,102
4,5 12 13 20,1,a20,1,1,1,0,78,102
4,5 12 13 20,2,a05 a20,1,1,1,0,90,102
4,5 12 13 20,2,a12 a20,0,0,0,0,83,102
4,5 12 13 20,3,a05 a12 a20,0,0,0,0,93,102
4,5 12 13 20,2,a13 a20,0,0,0,0,82,102
4,5 12 13 20,3,a05 a13 a20,0,0,0,0,93,102
4,5 12 13 20,3,a12 a13 a20,0,0,0,0,85,102
4,5 12 13 20,4,a05 a12 a13 a20,0,0,0,0,94,102
4,5 12 13 21,0,,1,1,1,0,0,70
4,5 12 13 21,1,a05,1,0,1,1,46,70
4,5 12 13 21,1,a12,0,0,0,0,36,70
4,5 12 13 21,2,a05 a12,0,0,0,0,55,70
4,5 12 13 21,1,a13,1,1,1,0,19,70
4,5 12 13 21,2,a05 a13,0,0,0,0,49,70
4,5 12 13 21,2,a12 a13,0,0,0,0,43,70
4,5 12 13 21,3,a05 a12 a13,0,0,0,0,56,70
4,5 12 13 21,1,a21,1,0,1,1,36,70
4,5 12 13 21,2,a05 a21,1,0,1,1,55,70
4,5 12 13 21,2,a12 a21,0,0,0,0,56,70
4,5 12 13 21,3,a05 a12 a21,0,0,0,0,63,70
4,5 12 13 21,2,a13 a21,0,0,0,0,38,70
4,5 12 13 21,3,a05 a13 a21,0,0,0,0,57,70
4,5 12 13 21,3,a12 a13 a21,0,0,0,0,57,70
4,5 12 13 21,4,a05 a12 a13 a21,0,0,0,0,64,70
4,5 12 13 22,0,,1,1,1,0,0,109
4,5 12 13 22,1,a05,1,1,1,0,67,109
4,5 12 13 22,1,a12,0,0,0,0,74,109
4,5 12 13 22,2,a05 a12,0,0,0,0,91,109
4,5 12 13 22,1,a13,1,0,1,1,22,109
4,5 12 13 22,2,a05 a13,0,0,0,0,70,109
4,5 12 13 22,2,a12 a13,0,0,0,0,76,109
4,5 12 13 22,3,a05 a12 a13,0,0,0,0,92,109
4,5 12 13 22,1,a22,1,1,1,0,67,109
4,5 12 13 22,2,a05 a22,1,1,1,0,90,109
4,5 12 13 22,2,a12 a22,0,0,0,0,91,109
4,5 12 13 22,3,a05 a12 a22,0,0,0,0,100,109
4,5 12 13 22,2,a13 a22,0,0,0,0,70,109
4,5 12 13 22,3,a05 a13 a22,0,0,0,0,93,109
4,5 12 13 22,3,a12 a13 a22,0,0,0,0,92,109
4,5 12 13 22,4,a05 a12 a13 a22,0,0,0,0,101,109
4,5 12 13 23,0,,1,1,1,0,0,279
4,5 12 13 23,1,a05,1,1,1,0,187,279
4,5 12 13 23,1,a12,0,0,0,0,160,279
4,5 12 13 23,2,a05 a12,0,0,0,0,223,279
4,5 12 13 23,1,a13,0,0,0,0,145,279
4,5 12 13 23,2,a05 a13,0,0,0,0,236,279
4,5 12 13 23,2,a12 a13,0,0,0,0,227,279
4,5 12 13 23,3,a05 a12 a13,0,0,0,0,249,279
4,5 12 13 23,1,a23,1,1,1,0,177,279
4,5 12 13 23,2,a05 a23,1,1,1,0,216,279
4,5 12 13 23,2,a12 a23,0,0,0,0,236,279
4,5 12 13 23,3,a05 a12 a23,0,0,0,0,252,279
4,5 12 13 23,2,a13 a23,0,0,0,0,213,279
4,5 12 13 23,3,a05 a13 a23,0,0,0,0,252,279
4,5 12 13 23,3,a12 a13 a23,0,0,0,0,249,279
4,5 12 13 23,4,a05 a12 a13 a23,0,0,0,0,265,279
4,5 12 13 24,0,,1,1,1,0,0,116
4,5 12 13 24,1,a05,1,1,1,0,62,116
4,5 12 13 24,1,a12,0,0,0,0,64,116
4,5 12 13 24,2,a05 a12,0,0,0,0,89,116
4,5 12 13 24,1,a13,0,0,0,0,25,116
4,5 12 13 24,2,a05 a13,0,0,0,0,87,116
4,5 12 13 24,2,a12 a13,0,0,0,0,73,116
4,5 12 13 24,3,a05 a12 a13,0,0,0,0,98,116
4,5 12 13 24,1,a24,1,1,1,0,48,116
4,5 12 13 24,2,a05 a24,1,1,1,0,73,116
4,5 12 13 24,2,a12 a24,0,0,0,0,90,116
4,5 12 13 24,3,a05 a12 a24,0,0,0,0,99,116
4,5 12 13 24,2,a13 a24,0,0,0,0,73,116
4,5 12 13 24,3,a05 a13 a24,0,0,0,0,98,116
4,5 12 13 24,3,a12 a13 a24,0,0,0,0,99,116
4,5 12 13 24,4,a05 a12 a13 a24,0,0,0,0,108,116
4,5 12 13 25,0,,1,1,1,0,0,166
4,5 12 13 25,1,a05,1,1,1,0,87,166
4,5 12 13 25,1,a12,0,0,0,0,114,166
4,5 12 13 25,2,a05 a12,0,0,0,0,135,166
4,5 12 13 25,1,a13,0,0,0,0,28,166
4,5 12 13 25,2,a05 a13,0,0,0,0,115,166
4,5 12 13 25,2,a12 a13,0,0,0,0,124,166
4,5 12 13 25,3,a05 a12 a13,0,0,0,0,145,166
4,5 12 13 25,1,a25,1,1,1,0,87,166
4,5 12 13 25,2,a05 a25,1,1,1,0,116,166
4,5 12 13 25,2,a12 a25,0,0,0,0,135,166
4,5 12 13 25,3,a05 a12 a25,0,0,0,0,146,166
4,5 12 13 25,2,a13 a25,0,0,0,0,115,166
4,5 12 13 25,3,a05 a13 a25,0,0,0,0,144,166
4,5 12 13 25,3,a12 a13 a25,0,0,0,0,145,166
4,5 12 13 25,4,a05 a12 a13 a25,0,0,0,0,156,166
4,5 12 14 21,0,,1,1,1,0,0,157
4,5 12 14 21,1,a05,0,0,0,0,112,157
4,5 12 14 21,1,a12,0,0,0,0,54,157
4,5 12 14 21,2,a05 a12,0,0,0,0,124,157
4,5 12 14 21,1,a14,1,1,1,0,54,157
4,5 12 14 21,2,a05 a14,0,0,0,0,124,157
4,5 12 14 21,2,a12 a14,0,0,0,0,108,157
4,5 12 14 21,3,a05 a12 a14,0,0,0,0,136,157
4,5 12 14 21,1,a21,0,0,0,0,80,157
4,5 12 14 21,2,a05 a21,0,0,0,0,126,157
4,5 12 14 21,2,a12 a21,0,0,0,0,109,157
4,5 12 14 21,3,a05 a12 a21,0,0,0,0,137,157
4,5 12 14 21,2,a14 a21,0,0,0,0,109,157
4,5 12 14 21,3,a05 a14 a21,0,0,0,0,137,157
4,5 12 14 21,3,a12 a14 a21,0,0,0,0,138,157
4,5 12 14 21,4,a05 a12 a14 a21,0,0,0,0,148,157
4,5 12 14 22,0,,1,1,1,0,0,364
4,5 12 14 22,1,a05,0,0,0,0,253,364
4,5 12 14 22,1,a12,0,0,0,0,185,364
4,5 12 14 22,2,a05 a12,0,0,0,0,294,364
4,5 12 14 22,1,a14,1,1,1,0,173,364
4,5 12 14 22,2,a05 a14,0,0,0,0,293,364
4,5 12 14 22,2,a12 a14,0,0,0,0,304,364
4,5 12 14 22,3,a05 a12 a14,0,0,0,0,333,364
4,5 12 14 22,1,a22,0,0,0,0,253,364
4,5 12 14 22,2,a05 a22,0,0,0,0,316,364
4,5 12 14 22,2,a12 a22,0,0,0,0,294,364
4,5 12 14 22,3,a05 a12 a22,0,0,0,0,333,364
4,5 12 14 22,2,a14 a22,0,0,0,0,293,364
4,5 12 14 22,3,a05 a14 a22,0,0,0,0,332,364
4,5 12 14 22,3,a12 a14 a22,0,0,0,0,333,364
4,5 12 14 22,4,a05 a12 a14 a22,0,0,0,0,348,364
4,5 12 15 18,0,,1,1,1,0,0,214
4,5 12 15 18,1,a05,0,0,0,0,142,214
4,5 12 15 18,1,a12,0,0,0,0,98,214
4,5 12 15 18,2,a05 a12,0,0,0,0,158,214
4,5 12 15 18,1,a15,0,0,0,0,98,214
4,5 12 15 18,2,a05 a15,0,0,0,0,177,214
4,5 12 15 18,2,a12 a15,0,0,0,0,159,214
4,5 12 15 18,3,a05 a12 a15,0,0,0,0,191,214
4,5 12 15 18,1,a18,0,0,0,0,142,214
4,5 12 15 18,2,a05 a18,0,0,0,0,176,214
4,5 12 15 18,2,a12 a18,0,0,0,0,177,214
4,5 12 15 18,3,a05 a12 a18,0,0,0,0,190,214
4,5 12 15 18,2,a15 a18,0,0,0,0,158,214
4,5 12 15 18,3,a05 a15 a18,0,0,0,0,190,214
4,5 12 15 18,3,a12 a15 a18,0,0,0,0,191,214
4,5 12 15 18,4,a05 a12 a15 a18,0,0,0,0,203,214
4,5 12 15 19,0,,1,1,1,0,0,364
4,5 12 15 19,1,a05,0,0,0,0,218,364
4,5 12 15 19,1,a12,0,0,0,0,253,364
4,5 12 15 19,2,a05 a12,0,0,0,0,295,364
4,5 12 15 19,1,a15,0,0,0,0,175,364
4,5 12 15 19,2,a05 a15,0,0,0,0,294,364
4,5 12 15 19,2,a12 a15,0,0,0,0,306,364
4,5 12 15 19,3,a05 a12 a15,0,0,0,0,335,364
4,5 12 15 19,1,a19,0,0,0,0,268,364
4,5 12 15 19,2,a05 a19,0,0,0,0,313,364
4,5 12 15 19,2,a12 a19,0,0,0,0,316,364
4,5 12 15 19,3,a05 a12 a19,0,0,0,0,333,364
4,5 12 15 19,2,a15 a19,0,0,0,0,292,364
4,5 12 15 19,3,a05 a15 a19,0,0,0,0,332,364
4,5 12 15 19,3,a12 a15 a19,0,0,0,0,333,364
4,5 12 15 19,4,a05 a12 a15 a19,0,0,0,0,349,364
4,5 12 15 21,0,,1,1,1,0,0,88
4,5 12 15 21,1,a05,0,0,0,0,54,88
4,5 12 15 21,1,a12,0,0,0,0,42,88
4,5 12 15 21,2,a05 a12,0,0,0,0,64,88
4,5 12 15 21,1,a15,1,1,1,0,8,88
4,5 12 15 21,2,a05 a15,0,0,0,0,62,88
4,5 12 15 21,2,a12 a15,0,0,0,0,50,88
4,5 12 15 21,3,a05 a12 a15,0,0,0,0,72,88
4,5 12 15 21,1,a21,0,0,0,0,42,88
4,5 12 15 21,2,a05 a21,0,0,0,0,64,88
4,5 12 15 21,2,a12 a21,0,0,0,0,65,88
4,5 12 15 21,3,a05 a12 a21,0,0,0,0,73,88
4,5 12 15 21,2,a15 a21,0,0,0,0,50,88
4,5 12 15 21,3,a05 a15 a21,0,0,0,0,72,88
4,5 12 15 21,3,a12 a15 a21,0,0,0,0,73,88
4,5 12 15 21,4,a05 a12 a15 a21,0,0,0,0,81,88
4,5 12 15 22,0,,1,1,1,0,0,132
4,5 12 15 22,1,a05,0,0,0,0,77,132
4,5 12 15 22,1,a12,0,0,0,0,85,132
4,5 12 15 22,2,a05 a12,0,0,0,0,104,132
4,5 12 15 22,1,a15,1,1,1,0,9,132
4,5 12 15 22,2,a05 a15,0,0,0,0,86,132
4,5 12 15 22,2,a12 a15,0,0,0,0,94,132
4,5 12 15 22,3,a05 a12 a15,0,0,0,0,113,132
4,5 12 15 22,1,a22,0,0,0,0,77,132
4,5 12 15 22,2,a05 a22,0,0,0,0,103,132
4,5 12 15 22,2,a12 a22,0,0,0,0,104,132
4,5 12 15 22,3,a05 a12 a22,0,0,0,0,114,132
4,5 12 15 22,2,a15 a22,0,0,0,0,86,132
4,5 12 15 22,3,a05 a15 a22,0,0,0,0,112,132
4,5 12 15 22,3,a12 a15 a22,0,0,0,0,113,132
4,5 12 15 22,4,a05 a12 a15 a22,0,0,0,0,123,132
4,5 12 16 18,0,,1,1,1,0,0,364
4,5 12 16 18,1,a05,0,0,0,0,216,364
4,5 12 16 18,1,a12,0,0,0,0,232,364
4,5 12 16 18,2,a05 a12,0,0,0,0,294,364
4,5 12 16 18,1,a16,0,0,0,0,216,364
4,5 12 16 18,2,a05 a16,0,0,0,0,314,364
4,5 12 16 18,2,a12 a16,0,0,0,0,294,364
4,5 12 16 18,3,a05 a12 a16,0,0,0,0,333,364
4,5 12 16 18,1,a18,0,0,0,0,251,364
4,5 12 16 18,2,a05 a18,0,0,0,0,292,364
4,5 12 16 18,2,a12 a18,0,0,0,0,317,364
4,5 12 16 18,3,a05 a12 a18,0,0,0,0,333,364
4,5 12 16 18,2,a16 a18,0,0,0,0,292,364
4,5 12 16 18,3,a05 a16 a18,0,0,0,0,331,364
4,5 12 16 18,3,a12 a16 a18,0,0,0,0,333,364
4,5 12 16 18,4,a05 a12 a16 a18,0,0,0,0,348,364
4,5 12 16 19,0,,1,1,1,0,0,472
4,5 12 16 19,1,a05,0,0,0,0,260,472
4,5 12 16 19,1,a12,0,0,0,0,372,472
4,5 12 16 19,2,a05 a12,0,0,0,0,406,472
4,5 12 16 19,1,a16,0,0,0,0,260,472
4,5 12 16 19,2,a05 a16,0,0,0,0,391,472
4,5 12 16 19,2,a12 a16,0,0,0,0,406,472
4,5 12 16 19,3,a05 a12 a16,0,0,0,0,437,472
4,5 12 16 19,1,a19,0,0,0,0,340,472
4,5 12 16 19,2,a05 a19,0,0,0,0,388,472
4,5 12 16 19,2,a12 a19,0,0,0,0,418,472
4,5 12 16 19,3,a05 a12 a19,0,0,0,0,436,472
4,5 12 16 19,2,a16 a19,0,0,0,0,388,472
4,5 12 16 19,3,a05 a16 a19,0,0,0,0,433,472
4,5 12 16 19,3,a12 a16 a19,0,0,0,0,436,472
4,5 12 16 19,4,a05 a12 a16 a19,0,0,0,0,453,472
4,5 12 16 21,0,,1,1,1,0,0,116
4,5 12 16 21,1,a05,0,0,0,0,62,116
4,5 12 16 21,1,a12,0,0,0,0,64,116
4,5 12 16 21,2,a05 a12,0,0,0,0,89,116
4,5 12 16 21,1,a16,1,1,1,0,25,116
4,5 12 16 21,2,a05 a16,0,0,0,0,87,116
4,5 12 16 21,2,a12 a16,0,0,0,0,73,116
4,5 12 16 21,3,a05 a12 a16,0,0,0,0,98,116
4,5 12 16 21,1,a21,0,0,0,0,48,116
4,5 12 16 21,2,a05 a21,0,0,0,0,73,116
4,5 12 16 21,2,a12 a21,0,0,0,0,90,116
4,5 12 16 21,3,a05 a12 a21,0,0,0,0,99,116
4,5 12 16 21,2,a16 a21,0,0,0,0,73,116
4,5 12 16 21,3,a05 a16 a21,0,0,0,0,98,116
4,5 12 16 21,3,a12 a16 a21,0,0,0,0,99,116
4,5 12 16 21,4,a05 a12 a16 a21,0,0,0,0,108,116
4,5 12 16 22,0,,1,1,1,0,0,166
4,5 12 16 22,1,a05,0,0,0,0,87,166
4,5 12 16 22,1,a12,0,0,0,0,114,166
4,5 12 16 22,2,a05 a12,0,0,0,0,135,166
4,5 12 16 22,1,a16,1,1,1,0,28,166
4,5 12 16 22,2,a05 a16,0,0,0,0,115,166
4,5 12 16 22,2,a12 a16,0,0,0,0,124,166
4,5 12 16 22,3,a05 a12 a16,0,0,0,0,145,166
4,5 12 16 22,1,a22,0,0,0,0,87,166
4,5 12 16 22,2,a05 a22,0,0,0,0,116,166
4,5 12 16 22,2,a12 a22,0,0,0,0,135,166
4,5 12 16 22,3,a05 a12 a22,0,0,0,0,146,166
4,5 12 16 22,2,a16 a22,0,0,0,0,115,166
4,5 12 16 22,3,a05 a16 a22,0,0,0,0,144,166
4,5 12 16 22,3,a12 a16 a22,0,0,0,0,145,166
4,5 12 16 22,4,a05 a12 a16 a22,0,0,0,0,156,166
4,5 12 17 21,0,,1,1,1,0,0,352
4,5 12 17 21,1,a05,0,0,0,0,285,352
4,5 12 17 21,1,a12,0,0,0,0,196,352
4,5 12 17 21,2,a05 a12,0,0,0,0,302,352
4,5 12 17 21,1,a17,1,1,1,0,204,352
4,5 12 17 21,2,a05 a17,0,0,0,0,304,352
4,5 12 17 21,2,a12 a17,0,0,0,0,279,352
4,5 12 17 21,3,a05 a12 a17,0,0,0,0,321,352
4,5 12 17 21,1,a21,0,0,0,0,196,352
4,5 12 17 21,2,a05 a21,0,0,0,0,302,352
4,5 12 17 21,2,a12 a21,0,0,0,0,290,352
4,5 12 17 21,3,a05 a12 a21,0,0,0,0,317,352
4,5 12 17 21,2,a17 a21,0,0,0,0,279,352
4,5 12 17 21,3,a05 a17 a21,0,0,0,0,321,352
4,5 12 17 21,3,a12 a17 a21,0,0,0,0,319,352
4,5 12 17 21,4,a05 a12 a17 a21,0,0,0,0,336,352
4,5 12 17 22,0,,1,1,1,0,0,472
4,5 12 17 22,1,a05,0,0,0,0,358,472
4,5 12 17 22,1,a12,0,0,0,0,350,472
4,5 12 17 22,2,a05 a12,0,0,0,0,402,472
4,5 12 17 22,1,a17,1,1,1,0,258,472
4,5 12 17 22,2,a05 a17,0,0,0,0,392,472
4,5 12 17 22,2,a12 a17,0,0,0,0,402,472
4,5 12 17 22,3,a05 a12 a17,0,0,0,0,436,472
4,5 12 17 22,1,a22,0,0,0,0,312,472
4,5 12 17 22,2,a05 a22,0,0,0,0,416,472
4,5 12 17 22,2,a12 a22,0,0,0,0,412,472
4,5 12 17 22,3,a05 a12 a22,0,0,0,0,434,472
4,5 12 17 22,2,a17 a22,0,0,0,0,391,472
4,5 12 17 22,3,a05 a17 a22,0,0,0,0,435,472
4,5 12 17 22,3,a12 a17 a22,0,0,0,0,435,472
4,5 12 17 22,4,a05 a12 a17 a22,0,0,0,0,453,472
4,5 12 18 21,0,,1,1,1,0,0,157
4,5 12 18 21,1,a05,0,0,0,0,112,157
4,5 12 18 21,1,a12,0,0,0,0,80,157
4,5 12 18 21,2,a05 a12,0,0,0,0,126,157
4,5 12 18 21,1,a18,1,1,1,0,54,157
4,5 12 18 21,2,a05 a18,0,0,0,0,124,157
4,5 12 18 21,2,a12 a18,0,0,0,0,109,157
4,5 12 18 21,3,a05 a12 a18,0,0,0,0,137,157
4,5 12 18 21,1,a21,0,0,0,0,54,157
4,5 12 18 21,2,a05 a21,0,0,0,0,124,157
4,5 12 18 21,2,a12 a21,0,0,0,0,109,157
4,5 12 18 21,3,a05 a12 a21,0,0,0,0,137,157
4,5 12 18 21,2,a18 a21,0,0,0,0,108,157
4,5 12 18 21,3,a05 a18 a21,0,0,0,0,136,157
4,5 12 18 21,3,a12 a18 a21,0,0,0,0,138,157
4,5 12 18 21,4,a05 a12 a18 a21,0,0,0,0,148,157
4,5 12 18 22,0,,1,1,1,0,0,214
4,5 12 18 22,1,a05,0,0,0,0,144,214
4,5 12 18 22,1,a12,0,0,0,0,136,214
4,5 12 18 22,2,a05 a12,0,0,0,0,179,214
4,5 12 18 22,1,a18,1,1,1,0,60,214
4,5 12 18 22,2,a05 a18,0,0,0,0,157,214
4,5 12 18 22,2,a12 a18,0,0,0,0,168,214
4,5 12 18 22,3,a05 a12 a18,0,0,0,0,191,214
4,5 12 18 22,1,a22,0,0,0,0,97,214
4,5 12 18 22,2,a05 a22,0,0,0,0,176,214
4,5 12 18 22,2,a12 a22,0,0,0,0,159,214
4,5 12 18 22,3,a05 a12 a22,0,0,0,0,191,214
4,5 12 18 22,2,a18 a22,0,0,0,0,157,214
4,5 12 18 22,3,a05 a18 a22,0,0,0,0,189,214
4,5 12 18 22,3,a12 a18 a22,0,0,0,0,191,214
4,5 12 18 22,4,a05 a12 a18 a22,0,0,0,0,203,214
4,5 12 18 24,0,,1,1,1,0,0,472
4,5 12 18 24,1,a05,0,0,0,0,378,472
4,5 12 18 24,1,a12,0,0,0,0,276,472
4,5 12 18 24,2,a05 a12,0,0,0,0,405,472
4,5 12 18 24,1,a18,0,0,0,0,310,472
4,5 12 18 24,2,a05 a18,0,0,0,0,416,472
4,5 12 18 24,2,a12 a18,0,0,0,0,393,472
4,5 12 18 24,3,a05 a12 a18,0,0,0,0,436,472
4,5 12 18 24,1,a24,0,0,0,0,310,472
4,5 12 18 24,2,a05 a24,0,0,0,0,416,472
4,5 12 18 24,2,a12 a24,0,0,0,0,393,472
4,5 12 18 24,3,a05 a12 a24,0,0,0,0,436,472
4,5 12 18 24,2,a18 a24,0,0,0,0,390,472
4,5 12 18 24,3,a05 a18 a24,0,0,0,0,434,472
4,5 12 18 24,3,a12 a18 a24,0,0,0,0,436,472
4,5 12 18 24,4,a05 a12 a18 a24,0,0,0,0,453,472
4,5 12 18 25,0,,1,1,1,0,0,606
4,5 12 18 25,1,a05,0,0,0,0,461,606
4,5 12 18 25,1,a12,0,0,0,0,453,606
4,5 12 18 25,2,a05 a12,0,0,0,0,531,606
4,5 12 18 25,1,a18,0,0,0,0,375,606
4,5 12 18 25,2,a05 a18,0,0,0,0,516,606
4,5 12 18 25,2,a12 a18,0,0,0,0,531,606
4,5 12 18 25,3,a05 a12 a18,0,0,0,0,565,606
4,5 12 18 25,1,a25,0,0,0,0,420,606
4,5 12 18 25,2,a05 a25,0,0,0,0,539,606
4,5 12 18 25,2,a12 a25,0,0,0,0,517,606
4,5 12 18 25,3,a05 a12 a25,0,0,0,0,564,606
4,5 12 18 25,2,a18 a25,0,0,0,0,514,606
4,5 12 18 25,3,a05 a18 a25,0,0,0,0,562,606
4,5 12 18 25,3,a12 a18 a25,0,0,0,0,564,606
4,5 12 18 25,4,a05 a12 a18 a25,0,0,0,0,583,606
4,5 12 19 21,0,,1,1,1,0,0,214
4,5 12 19 21,1,a05,0,0,0,0,144,214
4,5 12 19 21,1,a12,0,0,0,0,136,214
4,5 12 19 21,2,a05 a12,0,0,0,0,179,214
4,5 12 19 21,1,a19,1,1,1,0,97,214
4,5 12 19 21,2,a05 a19,0,0,0,0,176,214
4,5 12 19 21,2,a12 a19,0,0,0,0,159,214
4,5 12 19 21,3,a05 a12 a19,0,0,0,0,191,214
4,5 12 19 21,1,a21,0,0,0,0,60,214
4,5 12 19 21,2,a05 a21,0,0,0,0,157,214
4,5 12 19 21,2,a12 a21,0,0,0,0,168,214
4,5 12 19 21,3,a05 a12 a21,0,0,0,0,191,214
4,5 12 19 21,2,a19 a21,0,0,0,0,157,214
4,5 12 19 21,3,a05 a19 a21,0,0,0,0,189,214
4,5 12 19 21,3,a12 a19 a21,0,0,0,0,191,214
4,5 12 19 21,4,a05 a12 a19 a21,0,0,0,0,203,214
4,5 12 19 22,0,,1,1,1,0,0,279
4,5 12 19 22,1,a05,0,0,0,0,180,279
4,5 12 19 22,1,a12,0,0,0,0,202,279
4,5 12 19 22,2,a05 a12,0,0,0,0,240,279
4,5 12 19 22,1,a19,1,1,1,0,107,279
4,5 12 19 22,2,a05 a19,0,0,0,0,215,279
4,5 12 19 22,2,a12 a19,0,0,0,0,227,279
4,5 12 19 22,3,a05 a12 a19,0,0,0,0,253,279
4,5 12 19 22,1,a22,0,0,0,0,107,279
4,5 12 19 22,2,a05 a22,0,0,0,0,215,279
4,5 12 19 22,2,a12 a22,0,0,0,0,227,279
4,5 12 19 22,3,a05 a12 a22,0,0,0,0,253,279
4,5 12 19 22,2,a19 a22,0,0,0,0,214,279
4,5 12 19 22,3,a05 a19 a22,0,0,0,0,250,279
4,5 12 19 22,3,a12 a19 a22,0,0,0,0,252,279
4,5 12 19 22,4,a05 a12 a19 a22,0,0,0,0,266,279
4,5 12 19 24,0,,1,1,1,0,0,606
4,5 12 19 24,1,a05,0,0,0,0,461,606
4,5 12 19 24,1,a12,0,0,0,0,453,606
4,5 12 19 24,2,a05 a12,0,0,0,0,531,606
4,5 12 19 24,1,a19,0,0,0,0,420,606
4,5 12 19 24,2,a05 a19,0,0,0,0,539,606
4,5 12 19 24,2,a12 a19,0,0,0,0,517,606
4,5 12 19 24,3,a05 a12 a19,0,0,0,0,564,606
4,5 12 19 24,1,a24,0,0,0,0,375,606
4,5 12 19 24,2,a05 a24,0,0,0,0,516,606
4,5 12 19 24,2,a12 a24,0,0,0,0,531,606
4,5 12 19 24,3,a05 a12 a24,0,0,0,0,565,606
4,5 12 19 24,2,a19 a24,0,0,0,0,514,606
4,5 12 19 24,3,a05 a19 a24,0,0,0,0,562,606
4,5 12 19 24,3,a12 a19 a24,0,0,0,0,564,606
4,5 12 19 24,4,a05 a12 a19 a24,0,0,0,0,583,606
4,5 12 19 25,0,,1,1,1,0,0,769
4,5 12 19 25,1,a05,0,0,0,0,552,769
4,5 12 19 25,1,a12,0,0,0,0,628,769
4,5 12 19 25,2,a05 a12,0,0,0,0,685,769
4,5 12 19 25,1,a19,0,0,0,0,508,769
4,5 12 19 25,2,a05 a19,0,0,0,0,664,769
4,5 12 19 25,2,a12 a19,0,0,0,0,684,769
4,5 12 19 25,3,a05 a12 a19,0,0,0,0,721,769
4,5 12 19 25,1,a25,0,0,0,0,508,769
4,5 12 19 25,2,a05 a25,0,0,0,0,664,769
4,5 12 19 25,2,a12 a25,0,0,0,0,684,769
4,5 12 19 25,3,a05 a12 a25,0,0,0,0,721,769
4,5 12 19 25,2,a19 a25,0,0,0,0,661,769
4,5 12 19 25,3,a05 a19 a25,0,0,0,0,716,769
4,5 12 19 25,3,a12 a19 a25,0,0,0,0,720,769
4,5 12 19 25,4,a05 a12 a19 a25,0,0,0,0,741,769
4,5 12 20 21,0,,1,1,1,0,0,102
4,5 12 20 21,1,a05,0,0,0,0,78,102
4,5 12 20 21,1,a12,0,0,0,0,48,102
4,5 12 20 21,2,a05 a12,0,0,0,0,82,102
4,5 12 20 21,1,a20,1,1,1,0,78,102
4,5 12 20 21,2,a05 a20,0,0,0,0,90,102
4,5 12 20 21,2,a12 a20,0,0,0,0,83,102
4,5 12 20 21,3,a05 a12 a20,0,0,0,0,93,102
4,5 12 20 21,1,a21,0,0,0,0,48,102
4,5 12 20 21,2,a05 a21,0,0,0,0,82,102
4,5 12 20 21,2,a12 a21,0,0,0,0,77,102
4,5 12 20 21,3,a05 a12 a21,0,0,0,0,85,102
4,5 12 20 21,2,a20 a21,0,0,0,0,83,102
4,5 12 20 21,3,a05 a20 a21,0,0,0,0,93,102
4,5 12 20 21,3,a12 a20 a21,0,0,0,0,87,102
4,5 12 20 21,4,a05 a12 a20 a21,0,0,0,0,95,102
4,5 12 20 22,0,,1,1,1,0,0,156
4,5 12 20 22,1,a05,0,0,0,0,111,156
4,5 12 20 22,1,a12,0,0,0,0,98,156
4,5 12 20 22,2,a05 a12,0,0,0,0,118,156
4,5 12 20 22,1,a20,1,1,1,0,111,156
4,5 12 20 22,2,a05 a20,0,0,0,0,133,156
4,5 12 20 22,2,a12 a20,0,0,0,0,118,156
4,5 12 20 22,3,a05 a12 a20,0,0,0,0,137,156
4,5 12 20 22,1,a22,0,0,0,0,92,156
4,5 12 20 22,2,a05 a22,0,0,0,0,132,156
4,5 12 20 22,2,a12 a22,0,0,0,0,126,156
4,5 12 20 22,3,a05 a12 a22,0,0,0,0,136,156
4,5 12 20 22,2,a20 a22,0,0,0,0,132,156
4,5 12 20 22,3,a05 a20 a22,0,0,0,0,144,156
4,5 12 20 22,3,a12 a20 a22,0,0,0,0,137,156
4,5 12 20 22,4,a05 a12 a20 a22,0,0,0,0,147,156
4,5 12 21 22,0,,1,1,1,0,0,109
4,5 12 21 22,1,a05,0,0,0,0,67,109
4,5 12 21 22,1,a12,0,0,0,0,74,109
4,5 12 21 22,2,a05 a12,0,0,0,0,91,109
4,5 12 21 22,1,a21,1,0,1,1,42,109
4,5 12 21 22,2,a05 a21,0,0,0,0,77,109
4,5 12 21 22,2,a12 a21,0,0,0,0,78,109
4,5 12 21 22,3,a05 a12 a21,0,0,0,0,93,109
4,5 12 21 22,1,a22,1,1,1,0,67,109
4,5 12 21 22,2,a05 a22,0,0,0,0,90,109
4,5 12 21 22,2,a12 a22,0,0,0,0,91,109
4,5 12 21 22,3,a05 a12 a22,0,0,0,0,100,109
4,5 12 21 22,2,a21 a22,0,0,0,0,71,109
4,5 12 21 22,3,a05 a21 a22,0,0,0,0,93,109
4,5 12 21 22,3,a12 a21 a22,0,0,0,0,94,109
4,5 12 21 22,4,a05 a12 a21 a22,0,0,0,0,102,109
4,5 12 21 23,0,,1,1,1,0,0,352
4,5 12 21 23,1,a05,0,0,0,0,285,352
4,5 12 21 23,1,a12,0,0,0,0,196,352
4,5 12 21 23,2,a05 a12,0,0,0,0,302,352
4,5 12 21 23,1,a21,0,0,0,0,196,352
4,5 12 21 23,2,a05 a21,0,0,0,0,302,352
4,5 12 21 23,2,a12 a21,0,0,0,0,290,352
4,5 12 21 23,3,a05 a12 a21,0,0,0,0,317,352
4,5 12 21 23,1,a23,1,1,1,0,204,352
4,5 12 21 23,2,a05 a23,0,0,0,0,304,352
4,5 12 21 23,2,a12 a23,0,0,0,0,279,352
4,5 12 21 23,3,a05 a12 a23,0,0,0,0,321,352
4,5 12 21 23,2,a21 a23,0,0,0,0,279,352
4,5 12 21 23,3,a05 a21 a23,0,0,0,0,321,352
4,5 12 21 23,3,a12 a21 a23,0,0,0,0,319,352
4,5 12 21 23,4,a05 a12 a21 a23,0,0,0,0,336,352
4,5 12 21 24,0,,1,1,1,0,0,157
4,5 12 21 24,1,a05,0,0,0,0,112,157
4,5 12 21 24,1,a12,0,0,0,0,80,157
4,5 12 21 24,2,a05 a12,0,0,0,0,126,157
4,5 12 21 24,1,a21,0,0,0,0,54,157
4,5 12 21 24,2,a05 a21,0,0,0,0,124,157
4,5 12 21 24,2,a12 a21,0,0,0,0,109,157
4,5 12 21 24,3,a05 a12 a21,0,0,0,0,137,157
4,5 12 21 24,1,a24,1,1,1,0,54,157
4,5 12 21 24,2,a05 a24,0,0,0,0,124,157
4,5 12 21 24,2,a12 a24,0,0,0,0,109,157
4,5 12 21 24,3,a05 a12 a24,0,0,0,0,137,157
4,5 12 21 24,2,a21 a24,0,0,0,0,108,157
4,5 12 21 24,3,a05 a21 a24,0,0,0,0,136,157
4,5 12 21 24,3,a12 a21 a24,0,0,0,0,138,157
4,5 12 21 24,4,a05 a12 a21 a24,0,0,0,0,148,157
4,5 12 21 25,0,,1,1,1,0,0,214
4,5 12 21 25,1,a05,0,0,0,0,144,214
4,5 12 21 25,1,a12,0,0,0,0,136,214
4,5 12 21 25,2,a05 a12,0,0,0,0,179,214
4,5 12 21 25,1,a21,0,0,0,0,60,214
4,5 12 21 25,2,a05 a21,0,0,0,0,157,214
4,5 12 21 25,2,a12 a21,0,0,0,0,168,214
4,5 12 21 25,3,a05 a12 a21,0,0,0,0,191,214
4,5 12 21 25,1,a25,1,1,1,0,97,214
4,5 12 21 25,2,a05 a25,0,0,0,0,176,214
4,5 12 21 25,2,a12 a25,0,0,0,0,159,214
4,5 12 21 25,3,a05 a12 a25,0,0,0,0,191,214
4,5 12 21 25,2,a21 a25,0,0,0,0,157,214
4,5 12 21 25,3,a05 a21 a25,0,0,0,0,189,214
4,5 12 21 25,3,a12 a21 a25,0,0,0,0,191,214
4,5 12 21 25,4,a05 a12 a21 a25,0,0,0,0,203,214
4,5 12 22 23,0,,1,1,1,0,0,472
4,5 12 22 23,1,a05,0,0,0,0,358,472
4,5 12 22 23,1,a12,0,0,0,0,350,472
4,5 12 22 23,2,a05 a12,0,0,0,0,402,472
4,5 12 22 23,1,a22,0,0,0,0,312,472
4,5 12 22 23,2,a05 a22,0,0,0,0,416,472
4,5 12 22 23,2,a12 a22,0,0,0,0,412,472
4,5 12 22 23,3,a05 a12 a22,0,0,0,0,434,472
4,5 12 22 23,1,a23,1,1,1,0,258,472
4,5 12 22 23,2,a05 a23,0,0,0,0,392,472
4,5 12 22 23,2,a12 a23,0,0,0,0,402,472
4,5 12 22 23,3,a05 a12 a23,0,0,0,0,436,472
4,5 12 22 23,2,a22 a23,0,0,0,0,391,472
4,5 12 22 23,3,a05 a22 a23,0,0,0,0,435,472
4,5 12 22 23,3,a12 a22 a23,0,0,0,0,435,472
4,5 12 22 23,4,a05 a12 a22 a23,0,0,0,0,453,472
4,5 12 22 24,0,,1,1,1,0,0,214
4,5 12 22 24,1,a05,0,0,0,0,144,214
4,5 12 22 24,1,a12,0,0,0,0,136,214
4,5 12 22 24,2,a05 a12,0,0,0,0,179,214
4,5 12 22 24,1,a22,0,0,0,0,97,214
4,5 12 22 24,2,a05 a22,0,0,0,0,176,214
4,5 12 22 24,2,a12 a22,0,0,0,0,159,214
4,5 12 22 24,3,a05 a12 a22,0,0,0,0,191,214
4,5 12 22 24,1,a24,1,1,1,0,60,214
4,5 12 22 24,2,a05 a24,0,0,0,0,157,214
4,5 12 22 24,2,a12 a24,0,0,0,0,168,214
4,5 12 22 24,3,a05 a12 a24,0,0,0,0,191,214
4,5 12 22 24,2,a22 a24,0,0,0,0,157,214
4,5 12 22 24,3,a05 a22 a24,0,0,0,0,189,214
4,5 12 22 24,3,a12 a22 a24,0,0,0,0,191,214
4,5 12 22 24,4,a05 a12 a22 a24,0,0,0,0,203,214
4,5 12 22 25,0,,1,1,1,0,0,279
4,5 12 22 25,1,a05,0,0,0,0,180,279
4,5 12 22 25,1,a12,0,0,0,0,202,279
4,5 12 22 25,2,a05 a12,0,0,0,0,240,279
4,5 12 22 25,1,a22,0,0,0,0,107,279
4,5 12 22 25,2,a05 a22,0,0,0,0,215,279
4,5 12 22 25,2,a12 a22,0,0,0,0,227,279
4,5 12 22 25,3,a05 a12 a22,0,0,0,0,253,279
4,5 12 22 25,1,a25,1,1,1,0,107,279
4,5 12 22 25,2,a05 a25,0,0,0,0,215,279
4,5 12 22 25,2,a12 a25,0,0,0,0,227,279
4,5 12 22 25,3,a05 a12 a25,0,0,0,0,253,279
4,5 12 22 25,2,a22 a25,0,0,0,0,214,279
4,5 12 22 25,3,a05 a22 a25,0,0,0,0,250,279
4,5 12 22 25,3,a12 a22 a25,0,0,0,0,252,279
4,5 12 22 25,4,a05 a12 a22 a25,0,0,0,0,266,279
4,6 7 10 15,0,,1,1,1,0,0,81
4,6 7 10 15,1,a06,1,1,1,0,22,81
4,6 7 10 15,1,a07,1,1,1,0,22,81
4,6 7 10 15,2,a06 a07,1,1,1,0,44,81
4,6 7 10 15,1,a10,0,0,0,0,50,81
4,6 7 10 15,2,a06 a10,0,0,0,0,58,81
4,6 7 10 15,2,a07 a10,0,0,0,0,58,81
4,6 7 10 15,3,a06 a07 a10,0,0,0,0,66,81
4,6 7 10 15,1,a15,0,0,0,0,22,81
4,6 7 10 15,2,a06 a15,0,0,0,0,44,81
4,6 7 10 15,2,a07 a15,0,0,0,0,44,81
4,6 7 10 15,3,a06 a07 a15,0,0,0,0,66,81
4,6 7 10 15,2,a10 a15,0,0,0,0,58,81
4,6 7 10 15,3,a06 a10 a15,0,0,0,0,66,81
4,6 7 10 15,3,a07 a10 a15,0,0,0,0,66,81
4,6 7 10 15,4,a06 a07 a10 a15,0,0,0,0,74,81
4,6 7 10 21,0,,1,1,1,0,0,194
4,6 7 10 21,1,a06,1,1,1,0,78,194
4,6 7 10 21,1,a07,0,0,0,0,78,194
4,6 7 10 21,2,a06 a07,0,0,0,0,156,194
4,6 7 10 21,1,a10,0,0,0,0,109,194
4,6 7 10 21,2,a06 a10,0,0,0,0,140,194
4,6 7 10 21,2,a07 a10,0,0,0,0,140,194
4,6 7 10 21,3,a06 a07 a10,0,0,0,0,171,194
4,6 7 10 21,1,a21,0,0,0,0,109,194
4,6 7 10 21,2,a06 a21,0,0,0,0,140,194
4,6 7 10 21,2,a07 a21,0,0,0,0,140,194
4,6 7 10 21,3,a06 a07 a21,0,0,0,0,171,194
4,6 7 10 21,2,a10 a21,0,0,0,0,162,194
4,6 7 10 21,3,a06 a10 a21,0,0,0,0,173,194
4,6 7 10 21,3,a07 a10 a21,0,0,0,0,173,194
4,6 7 10 21,4,a06 a07 a10 a21,0,0,0,0,184,194
4,6 7 10 24,0,,1,1,1,0,0,279
4,6 7 10 24,1,a06,1,1,1,0,107,279
4,6 7 10 24,1,a07,0,0,0,0,107,279
4,6 7 10 24,2,a06 a07,0,0,0,0,214,279
4,6 7 10 24,1,a10,0,0,0,0,202,279
4,6 7 10 24,2,a06 a10,0,0,0,0,227,279
4,6 7 10 24,2,a07 a10,0,0,0,0,227,279
4,6 7 10 24,3,a06 a07 a10,0,0,0,0,252,279
4,6 7 10 24,1,a24,0,0,0,0,180,279
4,6 7 10 24,2,a06 a24,0,0,0,0,215,279
4,6 7 10 24,2,a07 a24,0,0,0,0,215,279
4,6 7 10 24,3,a06 a07 a24,0,0,0,0,250,279
4,6 7 10 24,2,a10 a24,0,0,0,0,240,279
4,6 7 10 24,3,a06 a10 a24,0,0,0,0,253,279
4,6 7 10 24,3,a07 a10 a24,0,0,0,0,253,279
4,6 7 10 24,4,a06 a07 a10 a24,0,0,0,0,266,279
4,6 7 12 13,0,,1,1,1,0,0,44
4,6 7 12 13,1,a06,1,1,1,0,16,44
4,6 7 12 13,1,a07,1,1,1,0,6,44
4,6 7 12 13,2,a06 a07,1,1,1,0,17,44
4,6 7 12 13,1,a12,0,0,0,0,16,44
4,6 7 12 13,2,a06 a12,0,0,0,0,32,44
4,6 7 12 13,2,a07 a12,0,0,0,0,22,44
4,6 7 12 13,3,a06 a07 a12,0,0,0,0,33,44
4,6 7 12 13,1,a13,0,0,0,0,26,44
4,6 7 12 13,2,a06 a13,0,0,0,0,32,44
4,6 7 12 13,2,a07 a13,0,0,0,0,27,44
4,6 7 12 13,3,a06 a07 a13,0,0,0,0,33,44
4,6 7 12 13,2,a12 a13,0,0,0,0,32,44
4,6 7 12 13,3,a06 a12 a13,0,0,0,0,38,44
4,6 7 12 13,3,a07 a12 a13,0,0,0,0,33,44
4,6 7 12 13,4,a06 a07 a12 a13,0,0,0,0,39,44
4,6 8 10 15,0,,1,1,1,0,0,166
4,6 8 10 15,1,a06,1,1,1,0,87,166
4,6 8 10 15,1,a08,1,1,1,0,87,166
4,6 8 10 15,2,a06 a08,1,1,1,0,116,166
4,6 8 10 15,1,a10,0,0,0,0,114,166
4,6 8 10 15,2,a06 a10,0,0,0,0,135,166
4,6 8 10 15,2,a08 a10,0,0,0,0,135,166
4,6 8 10 15,3,a06 a08 a10,0,0,0,0,146,166
4,6 8 10 15,1,a15,0,0,0,0,28,166
4,6 8 10 15,2,a06 a15,0,0,0,0,115,166
4,6 8 10 15,2,a08 a15,0,0,0,0,115,166
4,6 8 10 15,3,a06 a08 a15,0,0,0,0,144,166
4,6 8 10 15,2,a10 a15,0,0,0,0,124,166
4,6 8 10 15,3,a06 a10 a15,0,0,0,0,145,166
4,6 8 10 15,3,a08 a10 a15,0,0,0,0,145,166
4,6 8 10 15,4,a06 a08 a10 a15,0,0,0,0,156,166
4,6 8 10 21,0,,1,1,1,0,0,606
4,6 8 10 21,1,a06,0,0,0,0,420,606
4,6 8 10 21,1,a08,0,0,0,0,420,606
4,6 8 10 21,2,a06 a08,0,0,0,0,536,606
4,6 8 10 21,1,a10,0,0,0,0,416,606
4,6 8 10 21,2,a06 a10,0,0,0,0,517,606
4,6 8 10 21,2,a08 a10,0,0,0,0,517,606
4,6 8 10 21,3,a06 a08 a10,0,0,0,0,563,606
4,6 8 10 21,1,a21,0,0,0,0,416,606
4,6 8 10 21,2,a06 a21,0,0,0,0,517,606
4,6 8 10 21,2,a08 a21,0,0,0,0,517,606
4,6 8 10 21,3,a06 a08 a21,0,0,0,0,563,606
4,6 8 10 21,2,a10 a21,0,0,0,0,532,606
4,6 8 10 21,3,a06 a10 a21,0,0,0,0,565,606
4,6 8 10 21,3,a08 a10 a21,0,0,0,0,565,606
4,6 8 10 21,4,a06 a08 a10 a21,0,0,0,0,583,606
4,6 8 10 24,0,,1,1,1,0,0,769
4,6 8 10 24,1,a06,0,0,0,0,508,769
4,6 8 10 24,1,a08,0,0,0,0,508,769
4,6 8 10 24,2,a06 a08,0,0,0,0,661,769
4,6 8 10 24,1,a10,0,0,0,0,628,769
4,6 8 10 24,2,a06 a10,0,0,0,0,684,769
4,6 8 10 24,2,a08 a10,0,0,0,0,684,769
4,6 8 10 24,3,a06 a08 a10,0,0,0,0,720,769
4,6 8 10 24,1,a24,0,0,0,0,552,769
4,6 8 10 24,2,a06 a24,0,0,0,0,664,769
4,6 8 10 24,2,a08 a24,0,0,0,0,664,769
4,6 8 10 24,3,a06 a08 a24,0,0,0,0,716,769
4,6 8 10 24,2,a10 a24,0,0,0,0,685,769
4,6 8 10 24,3,a06 a10 a24,0,0,0,0,721,769
4,6 8 10 24,3,a08 a10 a24,0,0,0,0,721,769
4,6 8 10 24,4,a06 a08 a10 a24,0,0,0,0,741,769
4,6 8 12 13,0,,1,1,1,0,0,70
4,6 8 12 13,1,a06,1,1,1,0,25,70
4,6 8 12 13,1,a08,1,1,1,0,25,70
4,6 8 12 13,2,a06 a08,1,1,1,0,38,70
4,6 8 12 13,1,a12,0,0,0,0,31,70
4,6 8 12 13,2,a06 a12,0,0,0,0,50,70
4,6 8 12 13,2,a08 a12,0,0,0,0,44,70
4,6 8 12 13,3,a06 a08 a12,0,0,0,0,57,70
4,6 8 12 13,1,a13,0,0,0,0,31,70
4,6 8 12 13,2,a06 a13,0,0,0,0,44,70
4,6 8 12 13,2,a08 a13,0,0,0,0,50,70
4,6 8 12 13,3,a06 a08 a13,0,0,0,0,57,70
4,6 8 12 13,2,a12 a13,0,0,0,0,44,70
4,6 8 12 13,3,a06 a12 a13,0,0,0,0,57,70
4,6 8 12 13,3,a08 a12 a13,0,0,0,0,57,70
4,6 8 12 13,4,a06 a08 a12 a13,0,0,0,0,64,70
4,6 9 10 15,0,,1,1,1,0,0,88
4,6 9 10 15,1,a06,1,1,1,0,29,88
4,6 9 10 15,1,a09,1,1,1,0,36,88
4,6 9 10 15,2,a06 a09,1,1,1,0,51,88
4,6 9 10 15,1,a10,0,0,0,0,36,88
4,6 9 10 15,2,a06 a10,0,0,0,0,51,88
4,6 9 10 15,2,a09 a10,0,0,0,0,65,88
4,6 9 10 15,3,a06 a09 a10,0,0,0,0,73,88
4,6 9 10 15,1,a15,0,0,0,0,36,88
4,6 9 10 15,2,a06 a15,0,0,0,0,65,88
4,6 9 10 15,2,a09 a15,0,0,0,0,58,88
4,6 9 10 15,3,a06 a09 a15,0,0,0,0,73,88
4,6 9 10 15,2,a10 a15,0,0,0,0,58,88
4,6 9 10 15,3,a06 a10 a15,0,0,0,0,73,88
4,6 9 10 15,3,a09 a10 a15,0,0,0,0,73,88
4,6 9 10 15,4,a06 a09 a10 a15,0,0,0,0,81,88
4,6 9 11 15,0,,1,1,1,0,0,472
4,6 9 11 15,1,a06,1,1,1,0,258,472
4,6 9 11 15,1,a09,0,0,0,0,312,472
4,6 9 11 15,2,a06 a09,0,0,0,0,391,472
4,6 9 11 15,1,a11,0,0,0,0,358,472
4,6 9 11 15,2,a06 a11,0,0,0,0,392,472
4,6 9 11 15,2,a09 a11,0,0,0,0,416,472
4,6 9 11 15,3,a06 a09 a11,0,0,0,0,435,472
4,6 9 11 15,1,a15,0,0,0,0,350,472
4,6 9 11 15,2,a06 a15,0,0,0,0,402,472
4,6 9 11 15,2,a09 a15,0,0,0,0,412,472
4,6 9 11 15,3,a06 a09 a15,0,0,0,0,435,472
4,6 9 11 15,2,a11 a15,0,0,0,0,402,472
4,6 9 11 15,3,a06 a11 a15,0,0,0,0,436,472
4,6 9 11 15,3,a09 a11 a15,0,0,0,0,434,472
4,6 9 11 15,4,a06 a09 a11 a15,0,0,0,0,453,472
4,6 9 12 13,0,,1,1,1,0,0,166
4,6 9 12 13,1,a06,1,1,1,0,87,166
4,6 9 12 13,1,a09,1,1,1,0,87,166
4,6 9 12 13,2,a06 a09,1,1,1,0,116,166
4,6 9 12 13,1,a12,0,0,0,0,28,166
4,6 9 12 13,2,a06 a12,0,0,0,0,115,166
4,6 9 12 13,2,a09 a12,0,0,0,0,115,166
4,6 9 12 13,3,a06 a09 a12,0,0,0,0,144,166
4,6 9 12 13,1,a13,0,0,0,0,114,166
4,6 9 12 13,2,a06 a13,0,0,0,0,135,166
4,6 9 12 13,2,a09 a13,0,0,0,0,135,166
4,6 9 12 13,3,a06 a09 a13,0,0,0,0,146,166
4,6 9 12 13,2,a12 a13,0,0,0,0,124,166
4,6 9 12 13,3,a06 a12 a13,0,0,0,0,145,166
4,6 9 12 13,3,a09 a12 a13,0,0,0,0,145,166
4,6 9 12 13,4,a06 a09 a12 a13,0,0,0,0,156,166
4,6 9 13 14,0,,1,1,1,0,0,279
4,6 9 13 14,1,a06,1,1,1,0,107,279
4,6 9 13 14,1,a09,0,0,0,0,180,279
4,6 9 13 14,2,a06 a09,0,0,0,0,215,279
4,6 9 13 14,1,a13,0,0,0,0,202,279
4,6 9 13 14,2,a06 a13,0,0,0,0,227,279
4,6 9 13 14,2,a09 a13,0,0,0,0,240,279
4,6 9 13 14,3,a06 a09 a13,0,0,0,0,253,279
4,6 9 13 14,1,a14,0,0,0,0,107,279
4,6 9 13 14,2,a06 a14,0,0,0,0,214,279
4,6 9 13 14,2,a09 a14,0,0,0,0,215,279
4,6 9 13 14,3,a06 a09 a14,0,0,0,0,250,279
4,6 9 13 14,2,a13 a14,0,0,0,0,227,279
4,6 9 13 14,3,a06 a13 a14,0,0,0,0,252,279
4,6 9 13 14,3,a09 a13 a14,0,0,0,0,253,279
4,6 9 13 14,4,a06 a09 a13 a14,0,0,0,0,266,279
4,6 9 13 15,0,,1,1,1,0,0,214
4,6 9 13 15,1,a06,1,1,1,0,97,214
4,6 9 13 15,1,a09,0,0,0,0,144,214
4,6 9 13 15,2,a06 a09,0,0,0,0,176,214
4,6 9 13 15,1,a13,0,0,0,0,136,214
4,6 9 13 15,2,a06 a13,0,0,0,0,159,214
4,6 9 13 15,2,a09 a13,0,0,0,0,179,214
4,6 9 13 15,3,a06 a09 a13,0,0,0,0,191,214
4,6 9 13 15,1,a15,0,0,0,0,60,214
4,6 9 13 15,2,a06 a15,0,0,0,0,157,214
4,6 9 13 15,2,a09 a15,0,0,0,0,157,214
4,6 9 13 15,3,a06 a09 a15,0,0,0,0,189,214
4,6 9 13 15,2,a13 a15,0,0,0,0,168,214
4,6 9 13 15,3,a06 a13 a15,0,0,0,0,191,214
4,6 9 13 15,3,a09 a13 a15,0,0,0,0,191,214
4,6 9 13 15,4,a06 a09 a13 a15,0,0,0,0,203,214
4,6 9 13 20,0,,1,1,1,0,0,472
4,6 9 13 20,1,a06,0,0,0,0,340,472
4,6 9 13 20,1,a09,0,0,0,0,260,472
4,6 9 13 20,2,a06 a09,0,0,0,0,388,472
4,6 9 13 20,1,a13,0,0,0,0,372,472
4,6 9 13 20,2,a06 a13,0,0,0,0,418,472
4,6 9 13 20,2,a09 a13,0,0,0,0,406,472
4,6 9 13 20,3,a06 a09 a13,0,0,0,0,436,472
4,6 9 13 20,1,a20,0,0,0,0,260,472
4,6 9 13 20,2,a06 a20,0,0,0,0,388,472
4,6 9 13 20,2,a09 a20,0,0,0,0,391,472
4,6 9 13 20,3,a06 a09 a20,0,0,0,0,433,472
4,6 9 13 20,2,a13 a20,0,0,0,0,406,472
4,6 9 13 20,3,a06 a13 a20,0,0,0,0,436,472
4,6 9 13 20,3,a09 a13 a20,0,0,0,0,437,472
4,6 9 13 20,4,a06 a09 a13 a20,0,0,0,0,453,472
4,6 9 13 21,0,,1,1,1,0,0,364
4,6 9 13 21,1,a06,0,0,0,0,268,364
4,6 9 13 21,1,a09,0,0,0,0,218,364
4,6 9 13 21,2,a06 a09,0,0,0,0,313,364
4,6 9 13 21,1,a13,0,0,0,0,253,364
4,6 9 13 21,2,a06 a13,0,0,0,0,316,364
4,6 9 13 21,2,a09 a13,0,0,0,0,295,364
4,6 9 13 21,3,a06 a09 a13,0,0,0,0,333,364
4,6 9 13 21,1,a21,0,0,0,0,175,364
4,6 9 13 21,2,a06 a21,0,0,0,0,292,364
4,6 9 13 21,2,a09 a21,0,0,0,0,294,364
4,6 9 13 21,3,a06 a09 a21,0,0,0,0,332,364
4,6 9 13 21,2,a13 a21,0,0,0,0,306,364
4,6 9 13 21,3,a06 a13 a21,0,0,0,0,333,364
4,6 9 13 21,3,a09 a13 a21,0,0,0,0,335,364
4,6 9 13 21,4,a06 a09 a13 a21,0,0,0,0,349,364
4,6 9 13 23,0,,1,1,1,0,0,769
4,6 9 13 23,1,a06,0,0,0,0,508,769
4,6 9 13 23,1,a09,0,0,0,0,552,769
4,6 9 13 23,2,a06 a09,0,0,0,0,664,769
4,6 9 13 23,1,a13,0,0,0,0,628,769
4,6 9 13 23,2,a06 a13,0,0,0,0,684,769
4,6 9 13 23,2,a09 a13,0,0,0,0,685,769
4,6 9 13 23,3,a06 a09 a13,0,0,0,0,721,769
4,6 9 13 23,1,a23,0,0,0,0,508,769
4,6 9 13 23,2,a06 a23,0,0,0,0,661,769
4,6 9 13 23,2,a09 a23,0,0,0,0,664,769
4,6 9 13 23,3,a06 a09 a23,0,0,0,0,716,769
4,6 9 13 23,2,a13 a23,0,0,0,0,684,769
4,6 9 13 23,3,a06 a13 a23,0,0,0,0,720,769
4,6 9 13 23,3,a09 a13 a23,0,0,0,0,721,769
4,6 9 13 23,4,a06 a09 a13 a23,0,0,0,0,741,769
4,6 9 13 24,0,,1,1,1,0,0,606
4,6 9 13 24,1,a06,0,0,0,0,420,606
4,6 9 13 24,1,a09,0,0,0,0,461,606
4,6 9 13 24,2,a06 a09,0,0,0,0,539,606
4,6 9 13 24,1,a13,0,0,0,0,453,606
4,6 9 13 24,2,a06 a13,0,0,0,0,517,606
4,6 9 13 24,2,a09 a13,0,0,0,0,531,606
4,6 9 13 24,3,a06 a09 a13,0,0,0,0,564,606
4,6 9 13 24,1,a24,0,0,0,0,375,606
4,6 9 13 24,2,a06 a24,0,0,0,0,514,606
4,6 9 13 24,2,a09 a24,0,0,0,0,516,606
4,6 9 13 24,3,a06 a09 a24,0,0,0,0,562,606
4,6 9 13 24,2,a13 a24,0,0,0,0,531,606
4,6 9 13 24,3,a06 a13 a24,0,0,0,0,564,606
4,6 9 13 24,3,a09 a13 a24,0,0,0,0,565,606
4,6 9 13 24,4,a06 a09 a13 a24,0,0,0,0,583,606
4,6 10 11 15,0,,1,1,1,0,0,279
4,6 10 11 15,1,a06,1,1,1,0,177,279
4,6 10 11 15,1,a10,0,0,0,0,145,279
4,6 10 11 15,2,a06 a10,0,0,0,0,213,279
4,6 10 11 15,1,a11,1,1,1,0,187,279
4,6 10 11 15,2,a06 a11,1,1,1,0,216,279
4,6 10 11 15,2,a10 a11,0,0,0,0,236,279
4,6 10 11 15,3,a06 a10 a11,0,0,0,0,252,279
4,6 10 11 15,1,a15,0,0,0,0,160,279
4,6 10 11 15,2,a06 a15,0,0,0,0,236,279
4,6 10 11 15,2,a10 a15,0,0,0,0,227,279
4,6 10 11 15,3,a06 a10 a15,0,0,0,0,249,279
4,6 10 11 15,2,a11 a15,0,0,0,0,223,279
4,6 10 11 15,3,a06 a11 a15,0,0,0,0,252,279
4,6 10 11 15,3,a10 a11 a15,0,0,0,0,249,279
4,6 10 11 15,4,a06 a10 a11 a15,0,0,0,0,265,279
4,6 10 12 13,0,,1,1,1,0,0,116
4,6 10 12 13,1,a06,1,1,1,0,62,116
4,6 10 12 13,1,a10,1,1,1,0,48,116
4,6 10 12 13,2,a06 a10,1,1,1,0,73,116
4,6 10 12 13,1,a12,0,0,0,0,25,116
4,6 10 12 13,2,a06 a12,0,0,0,0,87,116
4,6 10 12 13,2,a10 a12,0,0,0,0,73,116
4,6 10 12 13,3,a06 a10 a12,0,0,0,0,98,116
4,6 10 12 13,1,a13,0,0,0,0,64,116
4,6 10 12 13,2,a06 a13,0,0,0,0,89,116
4,6 10 12 13,2,a10 a13,0,0,0,0,90,116
4,6 10 12 13,3,a06 a10 a13,0,0,0,0,99,116
4,6 10 12 13,2,a12 a13,0,0,0,0,73,116
4,6 10 12 13,3,a06 a12 a13,0,0,0,0,98,116
4,6 10 12 13,3,a10 a12 a13,0,0,0,0,99,116
4,6 10 12 13,4,a06 a10 a12 a13,0,0,0,0,108,116
4,6 10 12 15,0,,1,1,1,0,0,58
4,6 10 12 15,1,a06,1,1,1,0,19,58
4,6 10 12 15,1,a10,0,0,0,0,31,58
4,6 10 12 15,2,a06 a10,0,0,0,0,38,58
4,6 10 12 15,1,a12,1,1,1,0,7,58
4,6 10 12 15,2,a06 a12,1,1,1,0,26,58
4,6 10 12 15,2,a10 a12,0,0,0,0,38,58
4,6 10 12 15,3,a06 a10 a12,0,0,0,0,45,58
4,6 10 12 15,1,a15,0,0,0,0,19,58
4,6 10 12 15,2,a06 a15,0,0,0,0,38,58
4,6 10 12 15,2,a10 a15,0,0,0,0,38,58
4,6 10 12 15,3,a06 a10 a15,0,0,0,0,45,58
4,6 10 12 15,2,a12 a15,0,0,0,0,26,58
4,6 10 12 15,3,a06 a12 a15,0,0,0,0,45,58
4,6 10 12 15,3,a10 a12 a15,0,0,0,0,45,58
4,6 10 12 15,4,a06 a10 a12 a15,0,0,0,0,52,58
4,6 10 12 16,0,,1,1,1,0,0,214
4,6 10 12 16,1,a06,1,1,1,0,97,214
4,6 10 12 16,1,a10,0,0,0,0,136,214
4,6 10 12 16,2,a06 a10,0,0,0,0,159,214
4,6 10 12 16,1,a12,0,0,0,0,60,214
4,6 10 12 16,2,a06 a12,0,0,0,0,157,214
4,6 10 12 16,2,a10 a12,0,0,0,0,168,214
4,6 10 12 16,3,a06 a10 a12,0,0,0,0,191,214
4,6 10 12 16,1,a16,0,0,0,0,144,214
4,6 10 12 16,2,a06 a16,0,0,0,0,176,214
4,6 10 12 16,2,a10 a16,0,0,0,0,179,214
4,6 10 12 16,3,a06 a10 a16,0,0,0,0,191,214
4,6 10 12 16,2,a12 a16,0,0,0,0,157,214
4,6 10 12 16,3,a06 a12 a16,0,0,0,0,189,214
4,6 10 12 16,3,a10 a12 a16,0,0,0,0,191,214
4,6 10 12 16,4,a06 a10 a12 a16,0,0,0,0,203,214
4,6 10 13 14,0,,1,1,1,0,0,194
4,6 10 13 14,1,a06,1,1,1,0,78,194
4,6 10 13 14,1,a10,0,0,0,0,109,194
4,6 10 13 14,2,a06 a10,0,0,0,0,140,194
4,6 10 13 14,1,a13,0,0,0,0,109,194
4,6 10 13 14,2,a06 a13,0,0,0,0,140,194
4,6 10 13 14,2,a10 a13,0,0,0,0,162,194
4,6 10 13 14,3,a06 a10 a13,0,0,0,0,173,194
4,6 10 13 14,1,a14,0,0,0,0,78,194
4,6 10 13 14,2,a06 a14,0,0,0,0,156,194
4,6 10 13 14,2,a10 a14,0,0,0,0,140,194
4,6 10 13 14,3,a06 a10 a14,0,0,0,0,171,194
4,6 10 13 14,2,a13 a14,0,0,0,0,140,194
4,6 10 13 14,3,a06 a13 a14,0,0,0,0,171,194
4,6 10 13 14,3,a10 a13 a14,0,0,0,0,173,194
4,6 10 13 14,4,a06 a10 a13 a14,0,0,0,0,184,194
4,6 10 13 15,0,,1,1,1,0,0,116
4,6 10 13 15,1,a06,1,1,1,0,62,116
4,6 10 13 15,1,a10,0,0,0,0,64,116
4,6 10 13 15,2,a06 a10,0,0,0,0,89,116
4,6 10 13 15,1,a13,1,1,1,0,48,116
4,6 10 13 15,2,a06 a13,1,1,1,0,73,116
4,6 10 13 15,2,a10 a13,0,0,0,0,90,116
4,6 10 13 15,3,a06 a10 a13,0,0,0,0,99,116
4,6 10 13 15,1,a15,0,0,0,0,25,116
4,6 10 13 15,2,a06 a15,0,0,0,0,87,116
4,6 10 13 15,2,a10 a15,0,0,0,0,73,116
4,6 10 13 15,3,a06 a10 a15,0,0,0,0,98,116
4,6 10 13 15,2,a13 a15,0,0,0,0,73,116
4,6 10 13 15,3,a06 a13 a15,0,0,0,0,98,116
4,6 10 13 15,3,a10 a13 a15,0,0,0,0,99,116
4,6 10 13 15,4,a06 a10 a13 a15,0,0,0,0,108,116
4,6 10 13 20,0,,1,1,1,0,0,364
4,6 10 13 20,1,a06,0,0,0,0,268,364
4,6 10 13 20,1,a10,0,0,0,0,175,364
4,6 10 13 20,2,a06 a10,0,0,0,0,292,364
4,6 10 13 20,1,a13,0,0,0,0,253,364
4,6 10 13 20,2,a06 a13,0,0,0,0,316,364
4,6 10 13 20,2,a10 a13,0,0,0,0,306,364
4,6 10 13 20,3,a06 a10 a13,0,0,0,0,333,364
4,6 10 13 20,1,a20,0,0,0,0,218,364
4,6 10 13 20,2,a06 a20,0,0,0,0,313,364
4,6 10 13 20,2,a10 a20,0,0,0,0,294,364
4,6 10 13 20,3,a06 a10 a20,0,0,0,0,332,364
4,6 10 13 20,2,a13 a20,0,0,0,0,295,364
4,6 10 13 20,3,a06 a13 a20,0,0,0,0,333,364
4,6 10 13 20,3,a10 a13 a20,0,0,0,0,335,364
4,6 10 13 20,4,a06 a10 a13 a20,0,0,0,0,349,364
4,6 10 13 21,0,,1,1,1,0,0,268
4,6 10 13 21,1,a06,0,0,0,0,204,268
4,6 10 13 21,1,a10,0,0,0,0,140,268
4,6 10 13 21,2,a06 a10,0,0,0,0,226,268
4,6 10 13 21,1,a13,0,0,0,0,140,268
4,6 10 13 21,2,a06 a13,0,0,0,0,226,268
4,6 10 13 21,2,a10 a13,0,0,0,0,208,268
4,6 10 13 21,3,a06 a10 a13,0,0,0,0,242,268
4,6 10 13 21,1,a21,0,0,0,0,140,268
4,6 10 13 21,2,a06 a21,0,0,0,0,226,268
4,6 10 13 21,2,a10 a21,0,0,0,0,208,268
4,6 10 13 21,3,a06 a10 a21,0,0,0,0,242,268
4,6 10 13 21,2,a13 a21,0,0,0,0,208,268
4,6 10 13 21,3,a06 a13 a21,0,0,0,0,242,268
4,6 10 13 21,3,a10 a13 a21,0,0,0,0,245,268
4,6 10 13 21,4,a06 a10 a13 a21,0,0,0,0,257,268
4,6 10 13 23,0,,1,1,1,0,0,606
4,6 10 13 23,1,a06,0,0,0,0,420,606
4,6 10 13 23,1,a10,0,0,0,0,416,606
4,6 10 13 23,2,a06 a10,0,0,0,0,517,606
4,6 10 13 23,1,a13,0,0,0,0,416,606
4,6 10 13 23,2,a06 a13,0,0,0,0,517,606
4,6 10 13 23,2,a10 a13,0,0,0,0,532,606
4,6 10 13 23,3,a06 a10 a13,0,0,0,0,565,606
4,6 10 13 23,1,a23,0,0,0,0,420,606
4,6 10 13 23,2,a06 a23,0,0,0,0,536,606
4,6 10 13 23,2,a10 a23,0,0,0,0,517,606
4,6 10 13 23,3,a06 a10 a23,0,0,0,0,563,606
4,6 10 13 23,2,a13 a23,0,0,0,0,517,606
4,6 10 13 23,3,a06 a13 a23,0,0,0,0,563,606
4,6 10 13 23,3,a10 a13 a23,0,0,0,0,565,606
4,6 10 13 23,4,a06 a10 a13 a23,0,0,0,0,583,606
4,6 10 13 24,0,,1,1,1,0,0,364
4,6 10 13 24,1,a06,0,0,0,0,268,364
4,6 10 13 24,1,a10,0,0,0,0,253,364
4,6 10 13 24,2,a06 a10,0,0,0,0,316,364
4,6 10 13 24,1,a13,0,0,0,0,175,364
4,6 10 13 24,2,a06 a13,0,0,0,0,292,364
4,6 10 13 24,2,a10 a13,0,0,0,0,306,364
4,6 10 13 24,3,a06 a10 a13,0,0,0,0,333,364
4,6 10 13 24,1,a24,0,0,0,0,218,364
4,6 10 13 24,2,a06 a24,0,0,0,0,313,364
4,6 10 13 24,2,a10 a24,0,0,0,0,295,364
4,6 10 13 24,3,a06 a10 a24,0,0,0,0,333,364
4,6 10 13 24,2,a13 a24,0,0,0,0,294,364
4,6 10 13 24,3,a06 a13 a24,0,0,0,0,332,364
4,6 10 13 24,3,a10 a13 a24,0,0,0,0,335,364
4,6 10 13 24,4,a06 a10 a13 a24,0,0,0,0,349,364
4,6 10 14 15,0,,1,1,1,0,0,81
4,6 10 14 15,1,a06,1,1,1,0,22,81
4,6 10 14 15,1,a10,0,0,0,0,50,81
4,6 10 14 15,2,a06 a10,0,0,0,0,58,81
4,6 10 14 15,1,a14,1,1,1,0,22,81
4,6 10 14 15,2,a06 a14,1,1,1,0,44,81
4,6 10 14 15,2,a10 a14,0,0,0,0,58,81
4,6 10 14 15,3,a06 a10 a14,0,0,0,0,66,81
4,6 10 14 15,1,a15,0,0,0,0,22,81
4,6 10 14 15,2,a06 a15,0,0,0,0,44,81
4,6 10 14 15,2,a10 a15,0,0,0,0,58,81
4,6 10 14 15,3,a06 a10 a15,0,0,0,0,66,81
4,6 10 14 15,2,a14 a15,0,0,0,0,44,81
4,6 10 14 15,3,a06 a14 a15,0,0,0,0,66,81
4,6 10 14 15,3,a10 a14 a15,0,0,0,0,66,81
4,6 10 14 15,4,a06 a10 a14 a15,0,0,0,0,74,81
4,6 10 14 16,0,,1,1,1,0,0,279
4,6 10 14 16,1,a06,1,1,1,0,107,279
4,6 10 14 16,1,a10,0,0,0,0,202,279
4,6 10 14 16,2,a06 a10,0,0,0,0,227,279
4,6 10 14 16,1,a14,0,0,0,0,107,279
4,6 10 14 16,2,a06 a14,0,0,0,0,214,279
4,6 10 14 16,2,a10 a14,0,0,0,0,227,279
4,6 10 14 16,3,a06 a10 a14,0,0,0,0,252,279
4,6 10 14 16,1,a16,0,0,0,0,180,279
4,6 10 14 16,2,a06 a16,0,0,0,0,215,279
4,6 10 14 16,2,a10 a16,0,0,0,0,240,279
4,6 10 14 16,3,a06 a10 a16,0,0,0,0,253,279
4,6 10 14 16,2,a14 a16,0,0,0,0,215,279
4,6 10 14 16,3,a06 a14 a16,0,0,0,0,250,279
4,6 10 14 16,3,a10 a14 a16,0,0,0,0,253,279
4,6 10 14 16,4,a06 a10 a14 a16,0,0,0,0,266,279
4,6 10 15 16,0,,1,1,1,0,0,166
4,6 10 15 16,1,a06,1,1,1,0,87,166
4,6 10 15 16,1,a10,0,0,0,0,114,166
4,6 10 15 16,2,a06 a10,0,0,0,0,135,166
4,6 10 15 16,1,a15,0,0,0,0,28,166
4,6 10 15 16,2,a06 a15,0,0,0,0,115,166
4,6 10 15 16,2,a10 a15,0,0,0,0,124,166
4,6 10 15 16,3,a06 a10 a15,0,0,0,0,145,166
4,6 10 15 16,1,a16,1,1,1,0,87,166
4,6 10 15 16,2,a06 a16,1,1,1,0,116,166
4,6 10 15 16,2,a10 a16,0,0,0,0,135,166
4,6 10 15 16,3,a06 a10 a16,0,0,0,0,146,166
4,6 10 15 16,2,a15 a16,0,0,0,0,115,166
4,6 10 15 16,3,a06 a15 a16,0,0,0,0,144,166
4,6 10 15 16,3,a10 a15 a16,0,0,0,0,145,166
4,6 10 15 16,4,a06 a10 a15 a16,0,0,0,0,156,166
4,6 10 15 17,0,,1,1,1,0,0,224
4,6 10 15 17,1,a06,1,1,1,0,141,224
4,6 10 15 17,1,a10,0,0,0,0,122,224
4,6 10 15 17,2,a06 a10,0,0,0,0,174,224
4,6 10 15 17,1,a15,0,0,0,0,122,224
4,6 10 15 17,2,a06 a15,0,0,0,0,186,224
4,6 10 15 17,2,a10 a15,0,0,0,0,181,224
4,6 10 15 17,3,a06 a10 a15,0,0,0,0,198,224
4,6 10 15 17,1,a17,1,1,1,0,141,224
4,6 10 15 17,2,a06 a17,1,1,1,0,167,224
4,6 10 15 17,2,a10 a17,0,0,0,0,186,224
4,6 10 15 17,3,a06 a10 a17,0,0,0,0,200,224
4,6 10 15 17,2,a15 a17,0,0,0,0,174,224
4,6 10 15 17,3,a06 a15 a17,0,0,0,0,200,224
4,6 10 15 17,3,a10 a15 a17,0,0,0,0,198,224
4,6 10 15 17,4,a06 a10 a15 a17,0,0,0,0,212,224
4,6 10 15 18,0,,1,1,1,0,0,279
4,6 10 15 18,1,a06,1,1,1,0,177,279
4,6 10 15 18,1,a10,0,0,0,0,145,279
4,6 10 15 18,2,a06 a10,0,0,0,0,213,279
4,6 10 15 18,1,a15,0,0,0,0,160,279
4,6 10 15 18,2,a06 a15,0,0,0,0,236,279
4,6 10 15 18,2,a10 a15,0,0,0,0,227,279
4,6 10 15 18,3,a06 a10 a15,0,0,0,0,249,279
4,6 10 15 18,1,a18,1,1,1,0,187,279
4,6 10 15 18,2,a06 a18,1,1,1,0,216,279
4,6 10 15 18,2,a10 a18,0,0,0,0,236,279
4,6 10 15 18,3,a06 a10 a18,0,0,0,0,252,279
4,6 10 15 18,2,a15 a18,0,0,0,0,223,279
4,6 10 15 18,3,a06 a15 a18,0,0,0,0,252,279
4,6 10 15 18,3,a10 a15 a18,0,0,0,0,249,279
4,6 10 15 18,4,a06 a10 a15 a18,0,0,0,0,265,279
4,6 10 15 19,0,,1,1,1,0,0,81
4,6 10 15 19,1,a06,1,1,1,0,22,81
4,6 10 15 19,1,a10,0,0,0,0,36,81
4,6 10 15 19,2,a06 a10,0,0,0,0,44,81
4,6 10 15 19,1,a15,0,0,0,0,36,81
4,6 10 15 19,2,a06 a15,0,0,0,0,58,81
4,6 10 15 19,2,a10 a15,0,0,0,0,58,81
4,6 10 15 19,3,a06 a10 a15,0,0,0,0,66,81
4,6 10 15 19,1,a19,1,1,1,0,22,81
4,6 10 15 19,2,a06 a19,1,1,1,0,44,81
4,6 10 15 19,2,a10 a19,0,0,0,0,58,81
4,6 10 15 19,3,a06 a10 a19,0,0,0,0,66,81
4,6 10 15 19,2,a15 a19,0,0,0,0,44,81
4,6 10 15 19,3,a06 a15 a19,0,0,0,0,66,81
4,6 10 15 19,3,a10 a15 a19,0,0,0,0,66,81
4,6 10 15 19,4,a06 a10 a15 a19,0,0,0,0,74,81
4,6 10 15 20,0,,1,1,1,0,0,116
4,6 10 15 20,1,a06,1,1,1,0,62,116
4,6 10 15 20,1,a10,0,0,0,0,64,116
4,6 10 15 20,2,a06 a10,0,0,0,0,89,116
4,6 10 15 20,1,a15,0,0,0,0,25,116
4,6 10 15 20,2,a06 a15,0,0,0,0,87,116
4,6 10 15 20,2,a10 a15,0,0,0,0,73,116
4,6 10 15 20,3,a06 a10 a15,0,0,0,0,98,116
4,6 10 15 20,1,a20,1,1,1,0,48,116
4,6 10 15 20,2,a06 a20,1,1,1,0,73,116
4,6 10 15 20,2,a10 a20,0,0,0,0,90,116
4,6 10 15 20,3,a06 a10 a20,0,0,0,0,99,116
4,6 10 15 20,2,a15 a20,0,0,0,0,73,116
4,6 10 15 20,3,a06 a15 a20,0,0,0,0,98,116
4,6 10 15 20,3,a10 a15 a20,0,0,0,0,99,116
4,6 10 15 20,4,a06 a10 a15 a20,0,0,0,0,108,116
4,6 10 15 21,0,,1,1,1,0,0,116
4,6 10 15 21,1,a06,1,1,1,0,62,116
4,6 10 15 21,1,a10,0,0,0,0,64,116
4,6 10 15 21,2,a06 a10,0,0,0,0,89,116
4,6 10 15 21,1,a15,0,0,0,0,25,116
4,6 10 15 21,2,a06 a15,0,0,0,0,87,116
4,6 10 15 21,2,a10 a15,0,0,0,0,73,116
4,6 10 15 21,3,a06 a10 a15,0,0,0,0,98,116
4,6 10 15 21,1,a21,1,1,1,0,48,116
4,6 10 15 21,2,a06 a21,1,1,1,0,73,116
4,6 10 15 21,2,a10 a21,0,0,0,0,90,116
4,6 10 15 21,3,a06 a10 a21,0,0,0,0,99,116
4,6 10 15 21,2,a15 a21,0,0,0,0,73,116
4,6 10 15 21,3,a06 a15 a21,0,0,0,0,98,116
4,6 10 15 21,3,a10 a15 a21,0,0,0,0,99,116
4,6 10 15 21,4,a06 a10 a15 a21,0,0,0,0,108,116
4,6 10 15 22,0,,1,1,1,0,0,58
4,6 10 15 22,1,a06,1,1,1,0,19,58
4,6 10 15 22,1,a10,0,0,0,0,31,58
4,6 10 15 22,2,a06 a10,0,0,0,0,38,58
4,6 10 15 22,1,a15,0,0,0,0,19,58
4,6 10 15 22,2,a06 a15,0,0,0,0,38,58
4,6 10 15 22,2,a10 a15,0,0,0,0,38,58
4,6 10 15 22,3,a06 a10 a15,0,0,0,0,45,58
4,6 10 15 22,1,a22,1,1,1,0,7,58
4,6 10 15 22,2,a06 a22,1,1,1,0,26,58
4,6 10 15 22,2,a10 a22,0,0,0,0,38,58
4,6 10 15 22,3,a06 a10 a22,0,0,0,0,45,58
4,6 10 15 22,2,a15 a22,0,0,0,0,26,58
4,6 10 15 22,3,a06 a15 a22,0,0,0,0,45,58
4,6 10 15 22,3,a10 a15 a22,0,0,0,0,45,58
4,6 10 15 22,4,a06 a10 a15 a22,0,0,0,0,52,58
4,6 10 15 23,0,,1,1,1,0,0,166
4,6 10 15 23,1,a06,1,1,1,0,87,166
4,6 10 15 23,1,a10,0,0,0,0,114,166
4,6 10 15 23,2,a06 a10,0,0,0,0,135,166
4,6 10 15 23,1,a15,0,0,0,0,28,166
4,6 10 15 23,2,a06 a15,0,0,0,0,115,166
4,6 10 15 23,2,a10 a15,0,0,0,0,124,166
4,6 10 15 23,3,a06 a10 a15,0,0,0,0,145,166
4,6 10 15 23,1,a23,1,1,1,0,87,166
4,6 10 15 23,2,a06 a23,1,1,1,0,116,166
4,6 10 15 23,2,a10 a23,0,0,0,0,135,166
4,6 10 15 23,3,a06 a10 a23,0,0,0,0,146,166
4,6 10 15 23,2,a15 a23,0,0,0,0,115,166
4,6 10 15 23,3,a06 a15 a23,0,0,0,0,144,166
4,6 10 15 23,3,a10 a15 a23,0,0,0,0,145,166
4,6 10 15 23,4,a06 a10 a15 a23,0,0,0,0,156,166
4,6 10 15 24,0,,1,1,1,0,0,166
4,6 10 15 24,1,a06,1,1,1,0,87,166
4,6 10 15 24,1,a10,0,0,0,0,114,166
4,6 10 15 24,2,a06 a10,0,0,0,0,135,166
4,6 10 15 24,1,a15,0,0,0,0,28,166
4,6 10 15 24,2,a06 a15,0,0,0,0,115,166
4,6 10 15 24,2,a10 a15,0,0,0,0,124,166
4,6 10 15 24,3,a06 a10 a15,0,0,0,0,145,166
4,6 10 15 24,1,a24,1,1,1,0,87,166
4,6 10 15 24,2,a06 a24,1,1,1,0,116,166
4,6 10 15 24,2,a10 a24,0,0,0,0,135,166
4,6 10 15 24,3,a06 a10 a24,0,0,0,0,146,166
4,6 10 15 24,2,a15 a24,0,0,0,0,115,166
4,6 10 15 24,3,a06 a15 a24,0,0,0,0,144,166
4,6 10 15 24,3,a10 a15 a24,0,0,0,0,145,166
4,6 10 15 24,4,a06 a10 a15 a24,0,0,0,0,156,166
4,6 10 15 25,0,,1,1,1,0,0,81
4,6 10 15 25,1,a06,1,1,1,0,22,81
4,6 10 15 25,1,a10,0,0,0,0,50,81
4,6 10 15 25,2,a06 a10,0,0,0,0,58,81
4,6 10 15 25,1,a15,0,0,0,0,22,81
4,6 10 15 25,2,a06 a15,0,0,0,0,44,81
4,6 10 15 25,2,a10 a15,0,0,0,0,58,81
4,6 10 15 25,3,a06 a10 a15,0,0,0,0,66,81
4,6 10 15 25,1,a25,1,1,1,0,22,81
4,6 10 15 25,2,a06 a25,1,1,1,0,44,81
4,6 10 15 25,2,a10 a25,0,0,0,0,58,81
4,6 10 15 25,3,a06 a10 a25,0,0,0,0,66,81
4,6 10 15 25,2,a15 a25,0,0,0,0,44,81
4,6 10 15 25,3,a06 a15 a25,0,0,0,0,66,81
4,6 10 15 25,3,a10 a15 a25,0,0,0,0,66,81
4,6 10 15 25,4,a06 a10 a15 a25,0,0,0,0,74,81
4,6 10 16 20,0,,1,1,1,0,0,606
4,6 10 16 20,1,a06,0,0,0,0,420,606
4,6 10 16 20,1,a10,0,0,0,0,453,606
4,6 10 16 20,2,a06 a10,0,0,0,0,517,606
4,6 10 16 20,1,a16,0,0,0,0,461,606
4,6 10 16 20,2,a06 a16,0,0,0,0,539,606
4,6 10 16 20,2,a10 a16,0,0,0,0,531,606
4,6 10 16 20,3,a06 a10 a16,0,0,0,0,564,606
4,6 10 16 20,1,a20,0,0,0,0,375,606
4,6 10 16 20,2,a06 a20,0,0,0,0,514,606
4,6 10 16 20,2,a10 a20,0,0,0,0,531,606
4,6 10 16 20,3,a06 a10 a20,0,0,0,0,564,606
4,6 10 16 20,2,a16 a20,0,0,0,0,516,606
4,6 10 16 20,3,a06 a16 a20,0,0,0,0,562,606
4,6 10 16 20,3,a10 a16 a20,0,0,0,0,565,606
4,6 10 16 20,4,a06 a10 a16 a20,0,0,0,0,583,606
4,6 10 16 21,0,,1,1,1,0,0,364
4,6 10 16 21,1,a06,0,0,0,0,268,364
4,6 10 16 21,1,a10,0,0,0,0,253,364
4,6 10 16 21,2,a06 a10,0,0,0,0,316,364
4,6 10 16 21,1,a16,0,0,0,0,218,364
4,6 10 16 21,2,a06 a16,0,0,0,0,313,364
4,6 10 16 21,2,a10 a16,0,0,0,0,295,364
4,6 10 16 21,3,a06 a10 a16,0,0,0,0,333,364
4,6 10 16 21,1,a21,0,0,0,0,175,364
4,6 10 16 21,2,a06 a21,0,0,0,0,292,364
4,6 10 16 21,2,a10 a21,0,0,0,0,306,364
4,6 10 16 21,3,a06 a10 a21,0,0,0,0,333,364
4,6 10 16 21,2,a16 a21,0,0,0,0,294,364
4,6 10 16 21,3,a06 a16 a21,0,0,0,0,332,364
4,6 10 16 21,3,a10 a16 a21,0,0,0,0,335,364
4,6 10 16 21,4,a06 a10 a16 a21,0,0,0,0,349,364
4,6 10 16 23,0,,1,1,1,0,0,769
4,6 10 16 23,1,a06,0,0,0,0,508,769
4,6 10 16 23,1,a10,0,0,0,0,628,769
4,6 10 16 23,2,a06 a10,0,0,0,0,684,769
4,6 10 16 23,1,a16,0,0,0,0,552,769
4,6 10 16 23,2,a06 a16,0,0,0,0,664,769
4,6 10 16 23,2,a10 a16,0,0,0,0,685,769
4,6 10 16 23,3,a06 a10 a16,0,0,0,0,721,769
4,6 10 16 23,1,a23,0,0,0,0,508,769
4,6 10 16 23,2,a06 a23,0,0,0,0,661,769
4,6 10 16 23,2,a10 a23,0,0,0,0,684,769
4,6 10 16 23,3,a06 a10 a23,0,0,0,0,720,769
4,6 10 16 23,2,a16 a23,0,0,0,0,664,769
4,6 10 16 23,3,a06 a16 a23,0,0,0,0,716,769
4,6 10 16 23,3,a10 a16 a23,0,0,0,0,721,769
4,6 10 16 23,4,a06 a10 a16 a23,0,0,0,0,741,769
4,6 10 16 24,0,,1,1,1,0,0,472
4,6 10 16 24,1,a06,0,0,0,0,340,472
4,6 10 16 24,1,a10,0,0,0,0,372,472
4,6 10 16 24,2,a06 a10,0,0,0,0,418,472
4,6 10 16 24,1,a16,0,0,0,0,260,472
4,6 10 16 24,2,a06 a16,0,0,0,0,388,472
4,6 10 16 24,2,a10 a16,0,0,0,0,406,472
4,6 10 16 24,3,a06 a10 a16,0,0,0,0,436,472
4,6 10 16 24,1,a24,0,0,0,0,260,472
4,6 10 16 24,2,a06 a24,0,0,0,0,388,472
4,6 10 16 24,2,a10 a24,0,0,0,0,406,472
4,6 10 16 24,3,a06 a10 a24,0,0,0,0,436,472
4,6 10 16 24,2,a16 a24,0,0,0,0,391,472
4,6 10 16 24,3,a06 a16 a24,0,0,0,0,433,472
4,6 10 16 24,3,a10 a16 a24,0,0,0,0,437,472
4,6 10 16 24,4,a06 a10 a16 a24,0,0,0,0,453,472
4,6 11 12 13,0,,1,1,1,0,0,279
4,6 11 12 13,1,a06,1,1,1,0,177,279
4,6 11 12 13,1,a11,1,1,1,0,187,279
4,6 11 12 13,2,a06 a11,1,1,1,0,216,279
4,6 11 12 13,1,a12,0,0,0,0,160,279
4,6 11 12 13,2,a06 a12,0,0,0,0,236,279
4,6 11 12 13,2,a11 a12,0,0,0,0,223,279
4,6 11 12 13,3,a06 a11 a12,0,0,0,0,252,279
4,6 11 12 13,1,a13,0,0,0,0,145,279
4,6 11 12 13,2,a06 a13,0,0,0,0,213,279
4,6 11 12 13,2,a11 a13,0,0,0,0,236,279
4,6 11 12 13,3,a06 a11 a13,0,0,0,0,252,279
4,6 11 12 13,2,a12 a13,0,0,0,0,227,279
4,6 11 12 13,3,a06 a12 a13,0,0,0,0,249,279
4,6 11 12 13,3,a11 a12 a13,0,0,0,0,249,279
4,6 11 12 13,4,a06 a11 a12 a13,0,0,0,0,265,279
4,6 11 12 15,0,,1,1,1,0,0,352
4,6 11 12 15,1,a06,1,1,1,0,204,352
4,6 11 12 15,1,a11,0,0,0,0,285,352
4,6 11 12 15,2,a06 a11,0,0,0,0,304,352
4,6 11 12 15,1,a12,0,0,0,0,196,352
4,6 11 12 15,2,a06 a12,0,0,0,0,279,352
4,6 11 12 15,2,a11 a12,0,0,0,0,302,352
4,6 11 12 15,3,a06 a11 a12,0,0,0,0,321,352
4,6 11 12 15,1,a15,0,0,0,0,196,352
4,6 11 12 15,2,a06 a15,0,0,0,0,279,352
4,6 11 12 15,2,a11 a15,0,0,0,0,302,352
4,6 11 12 15,3,a06 a11 a15,0,0,0,0,321,352
4,6 11 12 15,2,a12 a15,0,0,0,0,290,352
4,6 11 12 15,3,a06 a12 a15,0,0,0,0,319,352
4,6 11 12 15,3,a11 a12 a15,0,0,0,0,317,352
4,6 11 12 15,4,a06 a11 a12 a15,0,0,0,0,336,352
4,6 11 12 16,0,,1,1,1,0,0,472
4,6 11 12 16,1,a06,1,1,1,0,258,472
4,6 11 12 16,1,a11,0,0,0,0,358,472
4,6 11 12 16,2,a06 a11,0,0,0,0,392,472
4,6 11 12 16,1,a12,0,0,0,0,350,472
4,6 11 12 16,2,a06 a12,0,0,0,0,402,472
4,6 11 12 16,2,a11 a12,0,0,0,0,402,472
4,6 11 12 16,3,a06 a11 a12,0,0,0,0,436,472
4,6 11 12 16,1,a16,0,0,0,0,312,472
4,6 11 12 16,2,a06 a16,0,0,0,0,391,472
4,6 11 12 16,2,a11 a16,0,0,0,0,416,472
4,6 11 12 16,3,a06 a11 a16,0,0,0,0,435,472
4,6 11 12 16,2,a12 a16,0,0,0,0,412,472
4,6 11 12 16,3,a06 a12 a16,0,0,0,0,435,472
4,6 11 12 16,3,a11 a12 a16,0,0,0,0,434,472
4,6 11 12 16,4,a06 a11 a12 a16,0,0,0,0,453,472
4,6 12 13 14,0,,1,1,1,0,0,81
4,6 12 13 14,1,a06,1,1,1,0,22,81
4,6 12 13 14,1,a12,0,0,0,0,22,81
4,6 12 13 14,2,a06 a12,0,0,0,0,44,81
4,6 12 13 14,1,a13,0,0,0,0,50,81
4,6 12 13 14,2,a06 a13,0,0,0,0,58,81
4,6 12 13 14,2,a12 a13,0,0,0,0,58,81
4,6 12 13 14,3,a06 a12 a13,0,0,0,0,66,81
4,6 12 13 14,1,a14,1,1,1,0,22,81
4,6 12 13 14,2,a06 a14,1,1,1,0,44,81
4,6 12 13 14,2,a12 a14,0,0,0,0,44,81
4,6 12 13 14,3,a06 a12 a14,0,0,0,0,66,81
4,6 12 13 14,2,a13 a14,0,0,0,0,58,81
4,6 12 13 14,3,a06 a13 a14,0,0,0,0,66,81
4,6 12 13 14,3,a12 a13 a14,0,0,0,0,66,81
4,6 12 13 14,4,a06 a12 a13 a14,0,0,0,0,74,81
4,6 12 13 15,0,,1,1,1,0,0,58
4,6 12 13 15,1,a06,1,1,1,0,19,58
4,6 12 13 15,1,a12,0,0,0,0,19,58
4,6 12 13 15,2,a06 a12,0,0,0,0,38,58
4,6 12 13 15,1,a13,0,0,0,0,31,58
4,6 12 13 15,2,a06 a13,0,0,0,0,38,58
4,6 12 13 15,2,a12 a13,0,0,0,0,38,58
4,6 12 13 15,3,a06 a12 a13,0,0,0,0,45,58
4,6 12 13 15,1,a15,1,1,1,0,7,58
4,6 12 13 15,2,a06 a15,1,1,1,0,26,58
4,6 12 13 15,2,a12 a15,0,0,0,0,26,58
4,6 12 13 15,3,a06 a12 a15,0,0,0,0,45,58
4,6 12 13 15,2,a13 a15,0,0,0,0,38,58
4,6 12 13 15,3,a06 a13 a15,0,0,0,0,45,58
4,6 12 13 15,3,a12 a13 a15,0,0,0,0,45,58
4,6 12 13 15,4,a06 a12 a13 a15,0,0,0,0,52,58
4,6 12 13 16,0,,1,1,1,0,0,88
4,6 12 13 16,1,a06,1,1,1,0,29,88
4,6 12 13 16,1,a12,0,0,0,0,36,88
4,6 12 13 16,2,a06 a12,0,0,0,0,65,88
4,6 12 13 16,1,a13,0,0,0,0,36,88
4,6 12 13 16,2,a06 a13,0,0,0,0,51,88
4,6 12 13 16,2,a12 a13,0,0,0,0,58,88
4,6 12 13 16,3,a06 a12 a13,0,0,0,0,73,88
4,6 12 13 16,1,a16,1,1,1,0,36,88
4,6 12 13 16,2,a06 a16,1,1,1,0,51,88
4,6 12 13 16,2,a12 a16,0,0,0,0,58,88
4,6 12 13 16,3,a06 a12 a16,0,0,0,0,73,88
4,6 12 13 16,2,a13 a16,0,0,0,0,65,88
4,6 12 13 16,3,a06 a13 a16,0,0,0,0,73,88
4,6 12 13 16,3,a12 a13 a16,0,0,0,0,73,88
4,6 12 13 16,4,a06 a12 a13 a16,0,0,0,0,81,88
4,6 12 13 17,0,,1,1,1,0,0,81
4,6 12 13 17,1,a06,1,1,1,0,22,81
4,6 12 13 17,1,a12,0,0,0,0,22,81
4,6 12 13 17,2,a06 a12,0,0,0,0,44,81
4,6 12 13 17,1,a13,0,0,0,0,50,81
4,6 12 13 17,2,a06 a13,0,0,0,0,58,81
4,6 12 13 17,2,a12 a13,0,0,0,0,58,81
4,6 12 13 17,3,a06 a12 a13,0,0,0,0,66,81
4,6 12 13 17,1,a17,1,1,1,0,22,81
4,6 12 13 17,2,a06 a17,1,1,1,0,44,81
4,6 12 13 17,2,a12 a17,0,0,0,0,44,81
4,6 12 13 17,3,a06 a12 a17,0,0,0,0,66,81
4,6 12 13 17,2,a13 a17,0,0,0,0,58,81
4,6 12 13 17,3,a06 a13 a17,0,0,0,0,66,81
4,6 12 13 17,3,a12 a13 a17,0,0,0,0,66,81
4,6 12 13 17,4,a06 a12 a13 a17,0,0,0,0,74,81
4,6 12 13 18,0,,1,1,1,0,0,58
4,6 12 13 18,1,a06,1,1,1,0,19,58
4,6 12 13 18,1,a12,0,0,0,0,19,58
4,6 12 13 18,2,a06 a12,0,0,0,0,38,58
4,6 12 13 18,1,a13,0,0,0,0,31,58
4,6 12 13 18,2,a06 a13,0,0,0,0,38,58
4,6 12 13 18,2,a12 a13,0,0,0,0,38,58
4,6 12 13 18,3,a06 a12 a13,0,0,0,0,45,58
4,6 12 13 18,1,a18,1,1,1,0,7,58
4,6 12 13 18,2,a06 a18,1,1,1,0,26,58
4,6 12 13 18,2,a12 a18,0,0,0,0,26,58
4,6 12 13 18,3,a06 a12 a18,0,0,0,0,45,58
4,6 12 13 18,2,a13 a18,0,0,0,0,38,58
4,6 12 13 18,3,a06 a13 a18,0,0,0,0,45,58
4,6 12 13 18,3,a12 a13 a18,0,0,0,0,45,58
4,6 12 13 18,4,a06 a12 a13 a18,0,0,0,0,52,58
4,6 12 13 19,0,,1,1,1,0,0,81
4,6 12 13 19,1,a06,1,1,1,0,22,81
4,6 12 13 19,1,a12,0,0,0,0,36,81
4,6 12 13 19,2,a06 a12,0,0,0,0,58,81
4,6 12 13 19,1,a13,0,0,0,0,36,81
4,6 12 13 19,2,a06 a13,0,0,0,0,44,81
4,6 12 13 19,2,a12 a13,0,0,0,0,58,81
4,6 12 13 19,3,a06 a12 a13,0,0,0,0,66,81
4,6 12 13 19,1,a19,1,1,1,0,22,81
4,6 12 13 19,2,a06 a19,1,1,1,0,44,81
4,6 12 13 19,2,a12 a19,0,0,0,0,44,81
4,6 12 13 19,3,a06 a12 a19,0,0,0,0,66,81
4,6 12 13 19,2,a13 a19,0,0,0,0,58,81
4,6 12 13 19,3,a06 a13 a19,0,0,0,0,66,81
4,6 12 13 19,3,a12 a13 a19,0,0,0,0,66,81
4,6 12 13 19,4,a06 a12 a13 a19,0,0,0,0,74,81
4,6 12 13 20,0,,1,1,1,0,0,166
4,6 12 13 20,1,a06,1,1,1,0,87,166
4,6 12 13 20,1,a12,0,0,0,0,28,166
4,6 12 13 20,2,a06 a12,0,0,0,0,115,166
4,6 12 13 20,1,a13,0,0,0,0,114,166
4,6 12 13 20,2,a06 a13,0,0,0,0,135,166
4,6 12 13 20,2,a12 a13,0,0,0,0,124,166
4,6 12 13 20,3,a06 a12 a13,0,0,0,0,145,166
4,6 12 13 20,1,a20,1,1,1,0,87,166
4,6 12 13 20,2,a06 a20,1,1,1,0,116,166
4,6 12 13 20,2,a12 a20,0,0,0,0,115,166
4,6 12 13 20,3,a06 a12 a20,0,0,0,0,144,166
4,6 12 13 20,2,a13 a20,0,0,0,0,135,166
4,6 12 13 20,3,a06 a13 a20,0,0,0,0,146,166
4,6 12 13 20,3,a12 a13 a20,0,0,0,0,145,166
4,6 12 13 20,4,a06 a12 a13 a20,0,0,0,0,156,166
4,6 12 13 21,0,,1,1,1,0,0,116
4,6 12 13 21,1,a06,1,1,1,0,62,116
4,6 12 13 21,1,a12,0,0,0,0,25,116
4,6 12 13 21,2,a06 a12,0,0,0,0,87,116
4,6 12 13 21,1,a13,0,0,0,0,64,116
4,6 12 13 21,2,a06 a13,0,0,0,0,89,116
4,6 12 13 21,2,a12 a13,0,0,0,0,73,116
4,6 12 13 21,3,a06 a12 a13,0,0,0,0,98,116
4,6 12 13 21,1,a21,1,1,1,0,48,116
4,6 12 13 21,2,a06 a21,1,1,1,0,73,116
4,6 12 13 21,2,a12 a21,0,0,0,0,73,116
4,6 12 13 21,3,a06 a12 a21,0,0,0,0,98,116
4,6 12 13 21,2,a13 a21,0,0,0,0,90,116
4,6 12 13 21,3,a06 a13 a21,0,0,0,0,99,116
4,6 12 13 21,3,a12 a13 a21,0,0,0,0,99,116
4,6 12 13 21,4,a06 a12 a13 a21,0,0,0,0,108,116
4,6 12 13 22,0,,1,1,1,0,0,279
4,6 12 13 22,1,a06,1,1,1,0,177,279
4,6 12 13 22,1,a12,0,0,0,0,160,279
4,6 12 13 22,2,a06 a12,0,0,0,0,236,279
4,6 12 13 22,1,a13,0,0,0,0,145,279
4,6 12 13 22,2,a06 a13,0,0,0,0,213,279
4,6 12 13 22,2,a12 a13,0,0,0,0,227,279
4,6 12 13 22,3,a06 a12 a13,0,0,0,0,249,279
4,6 12 13 22,1,a22,1,1,1,0,187,279
4,6 12 13 22,2,a06 a22,1,1,1,0,216,279
4,6 12 13 22,2,a12 a22,0,0,0,0,223,279
4,6 12 13 22,3,a06 a12 a22,0,0,0,0,252,279
4,6 12 13 22,2,a13 a22,0,0,0,0,236,279
4,6 12 13 22,3,a06 a13 a22,0,0,0,0,252,279
4,6 12 13 22,3,a12 a13 a22,0,0,0,0,249,279
4,6 12 13 22,4,a06 a12 a13 a22,0,0,0,0,265,279
4,6 12 13 23,0,,1,1,1,0,0,166
4,6 12 13 23,1,a06,1,1,1,0,87,166
4,6 12 13 23,1,a12,0,0,0,0,28,166
4,6 12 13 23,2,a06 a12,0,0,0,0,115,166
4,6 12 13 23,1,a13,0,0,0,0,114,166
4,6 12 13 23,2,a06 a13,0,0,0,0,135,166
4,6 12 13 23,2,a12 a13,0,0,0,0,124,166
4,6 12 13 23,3,a06 a12 a13,0,0,0,0,145,166
4,6 12 13 23,1,a23,1,1,1,0,87,166
4,6 12 13 23,2,a06 a23,1,1,1,0,116,166
4,6 12 13 23,2,a12 a23,0,0,0,0,115,166
4,6 12 13 23,3,a06 a12 a23,0,0,0,0,144,166
4,6 12 13 23,2,a13 a23,0,0,0,0,135,166
4,6 12 13 23,3,a06 a13 a23,0,0,0,0,146,166
4,6 12 13 23,3,a12 a13 a23,0,0,0,0,145,166
4,6 12 13 23,4,a06 a12 a13 a23,0,0,0,0,156,166
4,6 12 13 24,0,,1,1,1,0,0,116
4,6 12 13 24,1,a06,1,1,1,0,62,116
4,6 12 13 24,1,a12,0,0,0,0,25,116
4,6 12 13 24,2,a06 a12,0,0,0,0,87,116
4,6 12 13 24,1,a13,0,0,0,0,64,116
4,6 12 13 24,2,a06 a13,0,0,0,0,89,116
4,6 12 13 24,2,a12 a13,0,0,0,0,73,116
4,6 12 13 24,3,a06 a12 a13,0,0,0,0,98,116
4,6 12 13 24,1,a24,1,1,1,0,48,116
4,6 12 13 24,2,a06 a24,1,1,1,0,73,116
4,6 12 13 24,2,a12 a24,0,0,0,0,73,116
4,6 12 13 24,3,a06 a12 a24,0,0,0,0,98,116
4,6 12 13 24,2,a13 a24,0,0,0,0,90,116
4,6 12 13 24,3,a06 a13 a24,0,0,0,0,99,116
4,6 12 13 24,3,a12 a13 a24,0,0,0,0,99,116
4,6 12 13 24,4,a06 a12 a13 a24,0,0,0,0,108,116
4,6 12 13 25,0,,1,1,1,0,0,224
4,6 12 13 25,1,a06,1,1,1,0,141,224
4,6 12 13 25,1,a12,0,0,0,0,122,224
4,6 12 13 25,2,a06 a12,0,0,0,0,186,224
4,6 12 13 25,1,a13,0,0,0,0,122,224
4,6 12 13 25,2,a06 a13,0,0,0,0,174,224
4,6 12 13 25,2,a12 a13,0,0,0,0,181,224
4,6 12 13 25,3,a06 a12 a13,0,0,0,0,198,224
4,6 12 13 25,1,a25,1,1,1,0,141,224
4,6 12 13 25,2,a06 a25,1,1,1,0,167,224
4,6 12 13 25,2,a12 a25,0,0,0,0,174,224
4,6 12 13 25,3,a06 a12 a25,0,0,0,0,200,224
4,6 12 13 25,2,a13 a25,0,0,0,0,186,224
4,6 12 13 25,3,a06 a13 a25,0,0,0,0,200,224
4,6 12 13 25,3,a12 a13 a25,0,0,0,0,198,224
4,6 12 13 25,4,a06 a12 a13 a25,0,0,0,0,212,224
4,7 8 10 15,0,,1,1,1,0,0,81
4,7 8 10 15,1,a07,1,1,1,0,22,81
4,7 8 10 15,1,a08,1,1,1,0,22,81
4,7 8 10 15,2,a07 a08,1,1,1,0,44,81
4,7 8 10 15,1,a10,0,0,0,0,50,81
4,7 8 10 15,2,a07 a10,0,0,0,0,58,81
4,7 8 10 15,2,a08 a10,0,0,0,0,58,81
4,7 8 10 15,3,a07 a08 a10,0,0,0,0,66,81
4,7 8 10 15,1,a15,0,0,0,0,22,81
4,7 8 10 15,2,a07 a15,0,0,0,0,44,81
4,7 8 10 15,2,a08 a15,0,0,0,0,44,81
4,7 8 10 15,3,a07 a08 a15,0,0,0,0,66,81
4,7 8 10 15,2,a10 a15,0,0,0,0,58,81
4,7 8 10 15,3,a07 a10 a15,0,0,0,0,66,81
4,7 8 10 15,3,a08 a10 a15,0,0,0,0,66,81
4,7 8 10 15,4,a07 a08 a10 a15,0,0,0,0,74,81
4,7 8 10 21,0,,1,1,1,0,0,194
4,7 8 10 21,1,a07,0,0,0,0,78,194
4,7 8 10 21,1,a08,1,1,1,0,78,194
4,7 8 10 21,2,a07 a08,0,0,0,0,156,194
4,7 8 10 21,1,a10,0,0,0,0,109,194
4,7 8 10 21,2,a07 a10,0,0,0,0,140,194
4,7 8 10 21,2,a08 a10,0,0,0,0,140,194
4,7 8 10 21,3,a07 a08 a10,0,0,0,0,171,194
4,7 8 10 21,1,a21,0,0,0,0,109,194
4,7 8 10 21,2,a07 a21,0,0,0,0,140,194
4,7 8 10 21,2,a08 a21,0,0,0,0,140,194
4,7 8 10 21,3,a07 a08 a21,0,0,0,0,171,194
4,7 8 10 21,2,a10 a21,0,0,0,0,162,194
4,7 8 10 21,3,a07 a10 a21,0,0,0,0,173,194
4,7 8 10 21,3,a08 a10 a21,0,0,0,0,173,194
4,7 8 10 21,4,a07 a08 a10 a21,0,0,0,0,184,194
4,7 8 10 24,0,,1,1,1,0,0,279
4,7 8 10 24,1,a07,0,0,0,0,107,279
4,7 8 10 24,1,a08,1,1,1,0,107,279
4,7 8 10 24,2,a07 a08,0,0,0,0,214,279
4,7 8 10 24,1,a10,0,0,0,0,202,279
4,7 8 10 24,2,a07 a10,0,0,0,0,227,279
4,7 8 10 24,2,a08 a10,0,0,0,0,227,279
4,7 8 10 24,3,a07 a08 a10,0,0,0,0,252,279
4,7 8 10 24,1,a24,0,0,0,0,180,279
4,7 8 10 24,2,a07 a24,0,0,0,0,215,279
4,7 8 10 24,2,a08 a24,0,0,0,0,215,279
4,7 8 10 24,3,a07 a08 a24,0,0,0,0,250,279
4,7 8 10 24,2,a10 a24,0,0,0,0,240,279
4,7 8 10 24,3,a07 a10 a24,0,0,0,0,253,279
4,7 8 10 24,3,a08 a10 a24,0,0,0,0,253,279
4,7 8 10 24,4,a07 a08 a10 a24,0,0,0,0,266,279
4,7 8 12 13,0,,1,1,1,0,0,44
4,7 8 12 13,1,a07,1,1,1,0,6,44
4,7 8 12 13,1,a08,1,1,1,0,16,44
4,7 8 12 13,2,a07 a08,1,1,1,0,17,44
4,7 8 12 13,1,a12,0,0,0,0,26,44
4,7 8 12 13,2,a07 a12,0,0,0,0,27,44
4,7 8 12 13,2,a08 a12,0,0,0,0,32,44
4,7 8 12 13,3,a07 a08 a12,0,0,0,0,33,44
4,7 8 12 13,1,a13,0,0,0,0,16,44
4,7 8 12 13,2,a07 a13,0,0,0,0,22,44
4,7 8 12 13,2,a08 a13,0,0,0,0,32,44
4,7 8 12 13,3,a07 a08 a13,0,0,0,0,33,44
4,7 8 12 13,2,a12 a13,0,0,0,0,32,44
4,7 8 12 13,3,a07 a12 a13,0,0,0,0,33,44
4,7 8 12 13,3,a08 a12 a13,0,0,0,0,38,44
4,7 8 12 13,4,a07 a08 a12 a13,0,0,0,0,39,44
4,7 9 10 15,0,,1,1,1,0,0,108
4,7 9 10 15,1,a07,1,1,1,0,41,108
4,7 9 10 15,1,a09,1,1,1,0,41,108
4,7 9 10 15,2,a07 a09,1,1,1,0,66,108
4,7 9 10 15,1,a10,0,0,0,0,41,108
4,7 9 10 15,2,a07 a10,0,0,0,0,66,108
4,7 9 10 15,2,a09 a10,0,0,0,0,82,108
4,7 9 10 15,3,a07 a09 a10,0,0,0,0,91,108
4,7 9 10 15,1,a15,0,0,0,0,41,108
4,7 9 10 15,2,a07 a15,0,0,0,0,82,108
4,7 9 10 15,2,a09 a15,0,0,0,0,66,108
4,7 9 10 15,3,a07 a09 a15,0,0,0,0,91,108
4,7 9 10 15,2,a10 a15,0,0,0,0,66,108
4,7 9 10 15,3,a07 a10 a15,0,0,0,0,91,108
4,7 9 10 15,3,a09 a10 a15,0,0,0,0,91,108
4,7 9 10 15,4,a07 a09 a10 a15,0,0,0,0,100,108
4,7 9 10 21,0,,1,1,1,0,0,157
4,7 9 10 21,1,a07,0,0,0,0,112,157
4,7 9 10 21,1,a09,1,1,1,0,54,157
4,7 9 10 21,2,a07 a09,0,0,0,0,124,157
4,7 9 10 21,1,a10,0,0,0,0,54,157
4,7 9 10 21,2,a07 a10,0,0,0,0,124,157
4,7 9 10 21,2,a09 a10,0,0,0,0,108,157
4,7 9 10 21,3,a07 a09 a10,0,0,0,0,136,157
4,7 9 10 21,1,a21,0,0,0,0,80,157
4,7 9 10 21,2,a07 a21,0,0,0,0,126,157
4,7 9 10 21,2,a09 a21,0,0,0,0,109,157
4,7 9 10 21,3,a07 a09 a21,0,0,0,0,137,157
4,7 9 10 21,2,a10 a21,0,0,0,0,109,157
4,7 9 10 21,3,a07 a10 a21,0,0,0,0,137,157
4,7 9 10 21,3,a09 a10 a21,0,0,0,0,138,157
4,7 9 10 21,4,a07 a09 a10 a21,0,0,0,0,148,157
4,7 9 10 24,0,,1,1,1,0,0,364
4,7 9 10 24,1,a07,0,0,0,0,253,364
4,7 9 10 24,1,a09,1,1,1,0,173,364
4,7 9 10 24,2,a07 a09,0,0,0,0,293,364
4,7 9 10 24,1,a10,0,0,0,0,185,364
4,7 9 10 24,2,a07 a10,0,0,0,0,294,364
4,7 9 10 24,2,a09 a10,0,0,0,0,304,364
4,7 9 10 24,3,a07 a09 a10,0,0,0,0,333,364
4,7 9 10 24,1,a24,0,0,0,0,253,364
4,7 9 10 24,2,a07 a24,0,0,0,0,316,364
4,7 9 10 24,2,a09 a24,0,0,0,0,293,364
4,7 9 10 24,3,a07 a09 a24,0,0,0,0,332,364
4,7 9 10 24,2,a10 a24,0,0,0,0,294,364
4,7 9 10 24,3,a07 a10 a24,0,0,0,0,333,364
4,7 9 10 24,3,a09 a10 a24,0,0,0,0,333,364
4,7 9 10 24,4,a07 a09 a10 a24,0,0,0,0,348,364
4,7 9 11 15,0,,1,1,1,0,0,364
4,7 9 11 15,1,a07,1,1,1,0,173,364
4,7 9 11 15,1,a09,0,0,0,0,253,364
4,7 9 11 15,2,a07 a09,0,0,0,0,293,364
4,7 9 11 15,1,a11,0,0,0,0,253,364
4,7 9 11 15,2,a07 a11,0,0,0,0,293,364
4,7 9 11 15,2,a09 a11,0,0,0,0,316,364
4,7 9 11 15,3,a07 a09 a11,0,0,0,0,332,364
4,7 9 11 15,1,a15,0,0,0,0,185,364
4,7 9 11 15,2,a07 a15,0,0,0,0,304,364
4,7 9 11 15,2,a09 a15,0,0,0,0,294,364
4,7 9 11 15,3,a07 a09 a15,0,0,0,0,333,364
4,7 9 11 15,2,a11 a15,0,0,0,0,294,364
4,7 9 11 15,3,a07 a11 a15,0,0,0,0,333,364
4,7 9 11 15,3,a09 a11 a15,0,0,0,0,333,364
4,7 9 11 15,4,a07 a09 a11 a15,0,0,0,0,348,364
4,7 9 11 21,0,,1,1,1,0,0,472
4,7 9 11 21,1,a07,0,0,0,0,378,472
4,7 9 11 21,1,a09,0,0,0,0,310,472
4,7 9 11 21,2,a07 a09,0,0,0,0,416,472
4,7 9 11 21,1,a11,0,0,0,0,310,472
4,7 9 11 21,2,a07 a11,0,0,0,0,416,472
4,7 9 11 21,2,a09 a11,0,0,0,0,390,472
4,7 9 11 21,3,a07 a09 a11,0,0,0,0,434,472
4,7 9 11 21,1,a21,0,0,0,0,276,472
4,7 9 11 21,2,a07 a21,0,0,0,0,405,472
4,7 9 11 21,2,a09 a21,0,0,0,0,393,472
4,7 9 11 21,3,a07 a09 a21,0,0,0,0,436,472
4,7 9 11 21,2,a11 a21,0,0,0,0,393,472
4,7 9 11 21,3,a07 a11 a21,0,0,0,0,436,472
4,7 9 11 21,3,a09 a11 a21,0,0,0,0,436,472
4,7 9 11 21,4,a07 a09 a11 a21,0,0,0,0,453,472
4,7 9 11 24,0,,1,1,1,0,0,1581
4,7 9 11 24,1,a07,0,0,0,0,1474,1581
4,7 9 11 24,1,a09,0,0,0,0,1474,1581
4,7 9 11 24,2,a07 a09,0,0,0,0,1505,1581
4,7 9 11 24,1,a11,0,0,0,0,1474,1581
4,7 9 11 24,2,a07 a11,0,0,0,0,1505,1581
4,7 9 11 24,2,a09 a11,0,0,0,0,1499,1581
4,7 9 11 24,3,a07 a09 a11,0,0,0,0,1516,1581
4,7 9 11 24,1,a24,0,0,0,0,1474,1581
4,7 9 11 24,2,a07 a24,0,0,0,0,1499,1581
4,7 9 11 24,2,a09 a24,0,0,0,0,1505,1581
4,7 9 11 24,3,a07 a09 a24,0,0,0,0,1516,1581
4,7 9 11 24,2,a11 a24,0,0,0,0,1505,1581
4,7 9 11 24,3,a07 a11 a24,0,0,0,0,1516,1581
4,7 9 11 24,3,a09 a11 a24,0,0,0,0,1516,1581
4,7 9 11 24,4,a07 a09 a11 a24,0,0,0,0,1524,1581
4,7 9 12 13,0,,1,1,1,0,0,116
4,7 9 12 13,1,a07,1,1,1,0,48,116
4,7 9 12 13,1,a09,1,1,1,0,62,116
4,7 9 12 13,2,a07 a09,1,1,1,0,73,116
4,7 9 12 13,1,a12,0,0,0,0,25,116
4,7 9 12 13,2,a07 a12,0,0,0,0,73,116
4,7 9 12 13,2,a09 a12,0,0,0,0,87,116
4,7 9 12 13,3,a07 a09 a12,0,0,0,0,98,116
4,7 9 12 13,1,a13,0,0,0,0,64,116
4,7 9 12 13,2,a07 a13,0,0,0,0,90,116
4,7 9 12 13,2,a09 a13,0,0,0,0,89,116
4,7 9 12 13,3,a07 a09 a13,0,0,0,0,99,116
4,7 9 12 13,2,a12 a13,0,0,0,0,73,116
4,7 9 12 13,3,a07 a12 a13,0,0,0,0,99,116
4,7 9 12 13,3,a09 a12 a13,0,0,0,0,98,116
4,7 9 12 13,4,a07 a09 a12 a13,0,0,0,0,108,116
4,7 9 13 14,0,,1,1,1,0,0,214
4,7 9 13 14,1,a07,1,1,1,0,60,214
4,7 9 13 14,1,a09,0,0,0,0,144,214
4,7 9 13 14,2,a07 a09,0,0,0,0,157,214
4,7 9 13 14,1,a13,0,0,0,0,136,214
4,7 9 13 14,2,a07 a13,0,0,0,0,168,214
4,7 9 13 14,2,a09 a13,0,0,0,0,179,214
4,7 9 13 14,3,a07 a09 a13,0,0,0,0,191,214
4,7 9 13 14,1,a14,0,0,0,0,97,214
4,7 9 13 14,2,a07 a14,0,0,0,0,157,214
4,7 9 13 14,2,a09 a14,0,0,0,0,176,214
4,7 9 13 14,3,a07 a09 a14,0,0,0,0,189,214
4,7 9 13 14,2,a13 a14,0,0,0,0,159,214
4,7 9 13 14,3,a07 a13 a14,0,0,0,0,191,214
4,7 9 13 14,3,a09 a13 a14,0,0,0,0,191,214
4,7 9 13 14,4,a07 a09 a13 a14,0,0,0,0,203,214
4,7 9 13 15,0,,1,1,1,0,0,157
4,7 9 13 15,1,a07,1,1,1,0,54,157
4,7 9 13 15,1,a09,0,0,0,0,112,157
4,7 9 13 15,2,a07 a09,0,0,0,0,124,157
4,7 9 13 15,1,a13,0,0,0,0,80,157
4,7 9 13 15,2,a07 a13,0,0,0,0,109,157
4,7 9 13 15,2,a09 a13,0,0,0,0,126,157
4,7 9 13 15,3,a07 a09 a13,0,0,0,0,137,157
4,7 9 13 15,1,a15,0,0,0,0,54,157
4,7 9 13 15,2,a07 a15,0,0,0,0,108,157
4,7 9 13 15,2,a09 a15,0,0,0,0,124,157
4,7 9 13 15,3,a07 a09 a15,0,0,0,0,136,157
4,7 9 13 15,2,a13 a15,0,0,0,0,109,157
4,7 9 13 15,3,a07 a13 a15,0,0,0,0,138,157
4,7 9 13 15,3,a09 a13 a15,0,0,0,0,137,157
4,7 9 13 15,4,a07 a09 a13 a15,0,0,0,0,148,157
4,7 9 13 20,0,,1,1,1,0,0,364
4,7 9 13 20,1,a07,0,0,0,0,251,364
4,7 9 13 20,1,a09,0,0,0,0,216,364
4,7 9 13 20,2,a07 a09,0,0,0,0,292,364
4,7 9 13 20,1,a13,0,0,0,0,232,364
4,7 9 13 20,2,a07 a13,0,0,0,0,317,364
4,7 9 13 20,2,a09 a13,0,0,0,0,294,364
4,7 9 13 20,3,a07 a09 a13,0,0,0,0,333,364
4,7 9 13 20,1,a20,0,0,0,0,216,364
4,7 9 13 20,2,a07 a20,0,0,0,0,292,364
4,7 9 13 20,2,a09 a20,0,0,0,0,314,364
4,7 9 13 20,3,a07 a09 a20,0,0,0,0,331,364
4,7 9 13 20,2,a13 a20,0,0,0,0,294,364
4,7 9 13 20,3,a07 a13 a20,0,0,0,0,333,364
4,7 9 13 20,3,a09 a13 a20,0,0,0,0,333,364
4,7 9 13 20,4,a07 a09 a13 a20,0,0,0,0,348,364
4,7 9 13 21,0,,1,1,1,0,0,214
4,7 9 13 21,1,a07,0,0,0,0,142,214
4,7 9 13 21,1,a09,0,0,0,0,142,214
4,7 9 13 21,2,a07 a09,0,0,0,0,176,214
4,7 9 13 21,1,a13,0,0,0,0,98,214
4,7 9 13 21,2,a07 a13,0,0,0,0,177,214
4,7 9 13 21,2,a09 a13,0,0,0,0,158,214
4,7 9 13 21,3,a07 a09 a13,0,0,0,0,190,214
4,7 9 13 21,1,a21,0,0,0,0,98,214
4,7 9 13 21,2,a07 a21,0,0,0,0,158,214
4,7 9 13 21,2,a09 a21,0,0,0,0,177,214
4,7 9 13 21,3,a07 a09 a21,0,0,0,0,190,214
4,7 9 13 21,2,a13 a21,0,0,0,0,159,214
4,7 9 13 21,3,a07 a13 a21,0,0,0,0,191,214
4,7 9 13 21,3,a09 a13 a21,0,0,0,0,191,214
4,7 9 13 21,4,a07 a09 a13 a21,0,0,0,0,203,214
4,7 9 13 23,0,,1,1,1,0,0,606
4,7 9 13 23,1,a07,0,0,0,0,375,606
4,7 9 13 23,1,a09,0,0,0,0,461,606
4,7 9 13 23,2,a07 a09,0,0,0,0,516,606
4,7 9 13 23,1,a13,0,0,0,0,453,606
4,7 9 13 23,2,a07 a13,0,0,0,0,531,606
4,7 9 13 23,2,a09 a13,0,0,0,0,531,606
4,7 9 13 23,3,a07 a09 a13,0,0,0,0,565,606
4,7 9 13 23,1,a23,0,0,0,0,420,606
4,7 9 13 23,2,a07 a23,0,0,0,0,514,606
4,7 9 13 23,2,a09 a23,0,0,0,0,539,606
4,7 9 13 23,3,a07 a09 a23,0,0,0,0,562,606
4,7 9 13 23,2,a13 a23,0,0,0,0,517,606
4,7 9 13 23,3,a07 a13 a23,0,0,0,0,564,606
4,7 9 13 23,3,a09 a13 a23,0,0,0,0,564,606
4,7 9 13 23,4,a07 a09 a13 a23,0,0,0,0,583,606
4,7 9 13 24,0,,1,1,1,0,0,472
4,7 9 13 24,1,a07,0,0,0,0,310,472
4,7 9 13 24,1,a09,0,0,0,0,378,472
4,7 9 13 24,2,a07 a09,0,0,0,0,416,472
4,7 9 13 24,1,a13,0,0,0,0,276,472
4,7 9 13 24,2,a07 a13,0,0,0,0,393,472
4,7 9 13 24,2,a09 a13,0,0,0,0,405,472
4,7 9 13 24,3,a07 a09 a13,0,0,0,0,436,472
4,7 9 13 24,1,a24,0,0,0,0,310,472
4,7 9 13 24,2,a07 a24,0,0,0,0,390,472
4,7 9 13 24,2,a09 a24,0,0,0,0,416,472
4,7 9 13 24,3,a07 a09 a24,0,0,0,0,434,472
4,7 9 13 24,2,a13 a24,0,0,0,0,393,472
4,7 9 13 24,3,a07 a13 a24,0,0,0,0,436,472
4,7 9 13 24,3,a09 a13 a24,0,0,0,0,436,472
4,7 9 13 24,4,a07 a09 a13 a24,0,0,0,0,453,472
4,7 10 11 15,0,,1,1,1,0,0,108
4,7 10 11 15,1,a07,1,1,1,0,41,108
4,7 10 11 15,1,a10,0,0,0,0,41,108
4,7 10 11 15,2,a07 a10,0,0,0,0,66,108
4,7 10 11 15,1,a11,1,1,1,0,41,108
4,7 10 11 15,2,a07 a11,1,1,1,0,66,108
4,7 10 11 15,2,a10 a11,0,0,0,0,82,108
4,7 10 11 15,3,a07 a10 a11,0,0,0,0,91,108
4,7 10 11 15,1,a15,0,0,0,0,41,108
4,7 10 11 15,2,a07 a15,0,0,0,0,82,108
4,7 10 11 15,2,a10 a15,0,0,0,0,66,108
4,7 10 11 15,3,a07 a10 a15,0,0,0,0,91,108
4,7 10 11 15,2,a11 a15,0,0,0,0,66,108
4,7 10 11 15,3,a07 a11 a15,0,0,0,0,91,108
4,7 10 11 15,3,a10 a11 a15,0,0,0,0,91,108
4,7 10 11 15,4,a07 a10 a11 a15,0,0,0,0,100,108
4,7 10 11 21,0,,1,1,1,0,0,157
4,7 10 11 21,1,a07,0,0,0,0,112,157
4,7 10 11 21,1,a10,0,0,0,0,54,157
4,7 10 11 21,2,a07 a10,0,0,0,0,124,157
4,7 10 11 21,1,a11,1,1,1,0,54,157
4,7 10 11 21,2,a07 a11,0,0,0,0,124,157
4,7 10 11 21,2,a10 a11,0,0,0,0,108,157
4,7 10 11 21,3,a07 a10 a11,0,0,0,0,136,157
4,7 10 11 21,1,a21,0,0,0,0,80,157
4,7 10 11 21,2,a07 a21,0,0,0,0,126,157
4,7 10 11 21,2,a10 a21,0,0,0,0,109,157
4,7 10 11 21,3,a07 a10 a21,0,0,0,0,137,157
4,7 10 11 21,2,a11 a21,0,0,0,0,109,157
4,7 10 11 21,3,a07 a11 a21,0,0,0,0,137,157
4,7 10 11 21,3,a10 a11 a21,0,0,0,0,138,157
4,7 10 11 21,4,a07 a10 a11 a21,0,0,0,0,148,157
4,7 10 11 24,0,,1,1,1,0,0,364
4,7 10 11 24,1,a07,0,0,0,0,253,364
4,7 10 11 24,1,a10,0,0,0,0,185,364
4,7 10 11 24,2,a07 a10,0,0,0,0,294,364
4,7 10 11 24,1,a11,1,1,1,0,173,364
4,7 10 11 24,2,a07 a11,0,0,0,0,293,364
4,7 10 11 24,2,a10 a11,0,0,0,0,304,364
4,7 10 11 24,3,a07 a10 a11,0,0,0,0,333,364
4,7 10 11 24,1,a24,0,0,0,0,253,364
4,7 10 11 24,2,a07 a24,0,0,0,0,316,364
4,7 10 11 24,2,a10 a24,0,0,0,0,294,364
4,7 10 11 24,3,a07 a10 a24,0,0,0,0,333,364
4,7 10 11 24,2,a11 a24,0,0,0,0,293,364
4,7 10 11 24,3,a07 a11 a24,0,0,0,0,332,364
4,7 10 11 24,3,a10 a11 a24,0,0,0,0,333,364
4,7 10 11 24,4,a07 a10 a11 a24,0,0,0,0,348,364
4,7 10 12 13,0,,1,1,1,0,0,58
4,7 10 12 13,1,a07,1,1,1,0,19,58
4,7 10 12 13,1,a10,1,1,1,0,19,58
4,7 10 12 13,2,a07 a10,1,1,1,0,26,58
4,7 10 12 13,1,a12,0,0,0,0,19,58
4,7 10 12 13,2,a07 a12,0,0,0,0,38,58
4,7 10 12 13,2,a10 a12,0,0,0,0,38,58
4,7 10 12 13,3,a07 a10 a12,0,0,0,0,45,58
4,7 10 12 13,1,a13,0,0,0,0,19,58
4,7 10 12 13,2,a07 a13,0,0,0,0,38,58
4,7 10 12 13,2,a10 a13,0,0,0,0,38,58
4,7 10 12 13,3,a07 a10 a13,0,0,0,0,45,58
4,7 10 12 13,2,a12 a13,0,0,0,0,26,58
4,7 10 12 13,3,a07 a12 a13,0,0,0,0,45,58
4,7 10 12 13,3,a10 a12 a13,0,0,0,0,45,58
4,7 10 12 13,4,a07 a10 a12 a13,0,0,0,0,52,58
4,7 10 12 15,0,,1,1,1,0,0,58
4,7 10 12 15,1,a07,1,1,1,0,19,58
4,7 10 12 15,1,a10,0,0,0,0,31,58
4,7 10 12 15,2,a07 a10,0,0,0,0,38,58
4,7 10 12 15,1,a12,1,1,1,0,7,58
4,7 10 12 15,2,a07 a12,1,1,1,0,26,58
4,7 10 12 15,2,a10 a12,0,0,0,0,38,58
4,7 10 12 15,3,a07 a10 a12,0,0,0,0,45,58
4,7 10 12 15,1,a15,0,0,0,0,19,58
4,7 10 12 15,2,a07 a15,0,0,0,0,38,58
4,7 10 12 15,2,a10 a15,0,0,0,0,38,58
4,7 10 12 15,3,a07 a10 a15,0,0,0,0,45,58
4,7 10 12 15,2,a12 a15,0,0,0,0,26,58
4,7 10 12 15,3,a07 a12 a15,0,0,0,0,45,58
4,7 10 12 15,3,a10 a12 a15,0,0,0,0,45,58
4,7 10 12 15,4,a07 a10 a12 a15,0,0,0,0,52,58
4,7 10 12 16,0,,1,1,1,0,0,116
4,7 10 12 16,1,a07,1,1,1,0,25,116
4,7 10 12 16,1,a10,0,0,0,0,64,116
4,7 10 12 16,2,a07 a10,0,0,0,0,73,116
4,7 10 12 16,1,a12,0,0,0,0,48,116
4,7 10 12 16,2,a07 a12,0,0,0,0,73,116
4,7 10 12 16,2,a10 a12,0,0,0,0,90,116
4,7 10 12 16,3,a07 a10 a12,0,0,0,0,99,116
4,7 10 12 16,1,a16,0,0,0,0,62,116
4,7 10 12 16,2,a07 a16,0,0,0,0,87,116
4,7 10 12 16,2,a10 a16,0,0,0,0,89,116
4,7 10 12 16,3,a07 a10 a16,0,0,0,0,98,116
4,7 10 12 16,2,a12 a16,0,0,0,0,73,116
4,7 10 12 16,3,a07 a12 a16,0,0,0,0,98,116
4,7 10 12 16,3,a10 a12 a16,0,0,0,0,99,116
4,7 10 12 16,4,a07 a10 a12 a16,0,0,0,0,108,116
4,7 10 12 21,0,,1,1,1,0,0,88
4,7 10 12 21,1,a07,0,0,0,0,54,88
4,7 10 12 21,1,a10,0,0,0,0,42,88
4,7 10 12 21,2,a07 a10,0,0,0,0,64,88
4,7 10 12 21,1,a12,1,1,1,0,8,88
4,7 10 12 21,2,a07 a12,0,0,0,0,62,88
4,7 10 12 21,2,a10 a12,0,0,0,0,50,88
4,7 10 12 21,3,a07 a10 a12,0,0,0,0,72,88
4,7 10 12 21,1,a21,0,0,0,0,42,88
4,7 10 12 21,2,a07 a21,0,0,0,0,64,88
4,7 10 12 21,2,a10 a21,0,0,0,0,65,88
4,7 10 12 21,3,a07 a10 a21,0,0,0,0,73,88
4,7 10 12 21,2,a12 a21,0,0,0,0,50,88
4,7 10 12 21,3,a07 a12 a21,0,0,0,0,72,88
4,7 10 12 21,3,a10 a12 a21,0,0,0,0,73,88
4,7 10 12 21,4,a07 a10 a12 a21,0,0,0,0,81,88
4,7 10 12 22,0,,1,1,1,0,0,214
4,7 10 12 22,1,a07,0,0,0,0,142,214
4,7 10 12 22,1,a10,0,0,0,0,98,214
4,7 10 12 22,2,a07 a10,0,0,0,0,158,214
4,7 10 12 22,1,a12,0,0,0,0,98,214
4,7 10 12 22,2,a07 a12,0,0,0,0,177,214
4,7 10 12 22,2,a10 a12,0,0,0,0,159,214
4,7 10 12 22,3,a07 a10 a12,0,0,0,0,191,214
4,7 10 12 22,1,a22,0,0,0,0,142,214
4,7 10 12 22,2,a07 a22,0,0,0,0,176,214
4,7 10 12 22,2,a10 a22,0,0,0,0,177,214
4,7 10 12 22,3,a07 a10 a22,0,0,0,0,190,214
4,7 10 12 22,2,a12 a22,0,0,0,0,158,214
4,7 10 12 22,3,a07 a12 a22,0,0,0,0,190,214
4,7 10 12 22,3,a10 a12 a22,0,0,0,0,191,214
4,7 10 12 22,4,a07 a10 a12 a22,0,0,0,0,203,214
4,7 10 12 24,0,,1,1,1,0,0,132
4,7 10 12 24,1,a07,0,0,0,0,77,132
4,7 10 12 24,1,a10,0,0,0,0,85,132
4,7 10 12 24,2,a07 a10,0,0,0,0,104,132
4,7 10 12 24,1,a12,1,1,1,0,9,132
4,7 10 12 24,2,a07 a12,0,0,0,0,86,132
4,7 10 12 24,2,a10 a12,0,0,0,0,94,132
4,7 10 12 24,3,a07 a10 a12,0,0,0,0,113,132
4,7 10 12 24,1,a24,0,0,0,0,77,132
4,7 10 12 24,2,a07 a24,0,0,0,0,103,132
4,7 10 12 24,2,a10 a24,0,0,0,0,104,132
4,7 10 12 24,3,a07 a10 a24,0,0,0,0,114,132
4,7 10 12 24,2,a12 a24,0,0,0,0,86,132
4,7 10 12 24,3,a07 a12 a24,0,0,0,0,112,132
4,7 10 12 24,3,a10 a12 a24,0,0,0,0,113,132
4,7 10 12 24,4,a07 a10 a12 a24,0,0,0,0,123,132
4,7 10 12 25,0,,1,1,1,0,0,364
4,7 10 12 25,1,a07,0,0,0,0,218,364
4,7 10 12 25,1,a10,0,0,0,0,253,364
4,7 10 12 25,2,a07 a10,0,0,0,0,295,364
4,7 10 12 25,1,a12,0,0,0,0,175,364
4,7 10 12 25,2,a07 a12,0,0,0,0,294,364
4,7 10 12 25,2,a10 a12,0,0,0,0,306,364
4,7 10 12 25,3,a07 a10 a12,0,0,0,0,335,364
4,7 10 12 25,1,a25,0,0,0,0,268,364
4,7 10 12 25,2,a07 a25,0,0,0,0,313,364
4,7 10 12 25,2,a10 a25,0,0,0,0,316,364
4,7 10 12 25,3,a07 a10 a25,0,0,0,0,333,364
4,7 10 12 25,2,a12 a25,0,0,0,0,292,364
4,7 10 12 25,3,a07 a12 a25,0,0,0,0,332,364
4,7 10 12 25,3,a10 a12 a25,0,0,0,0,333,364
4,7 10 12 25,4,a07 a10 a12 a25,0,0,0,0,349,364
4,7 10 13 14,0,,1,1,1,0,0,116
4,7 10 13 14,1,a07,1,1,1,0,25,116
4,7 10 13 14,1,a10,0,0,0,0,64,116
4,7 10 13 14,2,a07 a10,0,0,0,0,73,116
4,7 10 13 14,1,a13,0,0,0,0,48,116
4,7 10 13 14,2,a07 a13,0,0,0,0,73,116
4,7 10 13 14,2,a10 a13,0,0,0,0,90,116
4,7 10 13 14,3,a07 a10 a13,0,0,0,0,99,116
4,7 10 13 14,1,a14,0,0,0,0,62,116
4,7 10 13 14,2,a07 a14,0,0,0,0,87,116
4,7 10 13 14,2,a10 a14,0,0,0,0,89,116
4,7 10 13 14,3,a07 a10 a14,0,0,0,0,98,116
4,7 10 13 14,2,a13 a14,0,0,0,0,73,116
4,7 10 13 14,3,a07 a13 a14,0,0,0,0,98,116
4,7 10 13 14,3,a10 a13 a14,0,0,0,0,99,116
4,7 10 13 14,4,a07 a10 a13 a14,0,0,0,0,108,116
4,7 10 13 15,0,,1,1,1,0,0,58
4,7 10 13 15,1,a07,1,1,1,0,19,58
4,7 10 13 15,1,a10,0,0,0,0,31,58
4,7 10 13 15,2,a07 a10,0,0,0,0,38,58
4,7 10 13 15,1,a13,1,1,1,0,7,58
4,7 10 13 15,2,a07 a13,1,1,1,0,26,58
4,7 10 13 15,2,a10 a13,0,0,0,0,38,58
4,7 10 13 15,3,a07 a10 a13,0,0,0,0,45,58
4,7 10 13 15,1,a15,0,0,0,0,19,58
4,7 10 13 15,2,a07 a15,0,0,0,0,38,58
4,7 10 13 15,2,a10 a15,0,0,0,0,38,58
4,7 10 13 15,3,a07 a10 a15,0,0,0,0,45,58
4,7 10 13 15,2,a13 a15,0,0,0,0,26,58
4,7 10 13 15,3,a07 a13 a15,0,0,0,0,45,58
4,7 10 13 15,3,a10 a13 a15,0,0,0,0,45,58
4,7 10 13 15,4,a07 a10 a13 a15,0,0,0,0,52,58
4,7 10 13 20,0,,1,1,1,0,0,214
4,7 10 13 20,1,a07,0,0,0,0,142,214
4,7 10 13 20,1,a10,0,0,0,0,98,214
4,7 10 13 20,2,a07 a10,0,0,0,0,158,214
4,7 10 13 20,1,a13,0,0,0,0,98,214
4,7 10 13 20,2,a07 a13,0,0,0,0,177,214
4,7 10 13 20,2,a10 a13,0,0,0,0,159,214
4,7 10 13 20,3,a07 a10 a13,0,0,0,0,191,214
4,7 10 13 20,1,a20,0,0,0,0,142,214
4,7 10 13 20,2,a07 a20,0,0,0,0,176,214
4,7 10 13 20,2,a10 a20,0,0,0,0,177,214
4,7 10 13 20,3,a07 a10 a20,0,0,0,0,190,214
4,7 10 13 20,2,a13 a20,0,0,0,0,158,214
4,7 10 13 20,3,a07 a13 a20,0,0,0,0,190,214
4,7 10 13 20,3,a10 a13 a20,0,0,0,0,191,214
4,7 10 13 20,4,a07 a10 a13 a20,0,0,0,0,203,214
4,7 10 13 21,0,,1,1,1,0,0,88
4,7 10 13 21,1,a07,0,0,0,0,54,88
4,7 10 13 21,1,a10,0,0,0,0,42,88
4,7 10 13 21,2,a07 a10,0,0,0,0,64,88
4,7 10 13 21,1,a13,1,1,1,0,8,88
4,7 10 13 21,2,a07 a13,0,0,0,0,62,88
4,7 10 13 21,2,a10 a13,0,0,0,0,50,88
4,7 10 13 21,3,a07 a10 a13,0,0,0,0,72,88
4,7 10 13 21,1,a21,0,0,0,0,42,88
4,7 10 13 21,2,a07 a21,0,0,0,0,64,88
4,7 10 13 21,2,a10 a21,0,0,0,0,65,88
4,7 10 13 21,3,a07 a10 a21,0,0,0,0,73,88
4,7 10 13 21,2,a13 a21,0,0,0,0,50,88
4,7 10 13 21,3,a07 a13 a21,0,0,0,0,72,88
4,7 10 13 21,3,a10 a13 a21,0,0,0,0,73,88
4,7 10 13 21,4,a07 a10 a13 a21,0,0,0,0,81,88
4,7 10 13 23,0,,1,1,1,0,0,364
4,7 10 13 23,1,a07,0,0,0,0,218,364
4,7 10 13 23,1,a10,0,0,0,0,253,364
4,7 10 13 23,2,a07 a10,0,0,0,0,295,364
4,7 10 13 23,1,a13,0,0,0,0,175,364
4,7 10 13 23,2,a07 a13,0,0,0,0,294,364
4,7 10 13 23,2,a10 a13,0,0,0,0,306,364
4,7 10 13 23,3,a07 a10 a13,0,0,0,0,335,364
4,7 10 13 23,1,a23,0,0,0,0,268,364
4,7 10 13 23,2,a07 a23,0,0,0,0,313,364
4,7 10 13 23,2,a10 a23,0,0,0,0,316,364
4,7 10 13 23,3,a07 a10 a23,0,0,0,0,333,364
4,7 10 13 23,2,a13 a23,0,0,0,0,292,364
4,7 10 13 23,3,a07 a13 a23,0,0,0,0,332,364
4,7 10 13 23,3,a10 a13 a23,0,0,0,0,333,364
4,7 10 13 23,4,a07 a10 a13 a23,0,0,0,0,349,364
4,7 10 13 24,0,,1,1,1,0,0,132
4,7 10 13 24,1,a07,0,0,0,0,77,132
4,7 10 13 24,1,a10,0,0,0,0,85,132
4,7 10 13 24,2,a07 a10,0,0,0,0,104,132
4,7 10 13 24,1,a13,1,1,1,0,9,132
4,7 10 13 24,2,a07 a13,0,0,0,0,86,132
4,7 10 13 24,2,a10 a13,0,0,0,0,94,132
4,7 10 13 24,3,a07 a10 a13,0,0,0,0,113,132
4,7 10 13 24,1,a24,0,0,0,0,77,132
4,7 10 13 24,2,a07 a24,0,0,0,0,103,132
4,7 10 13 24,2,a10 a24,0,0,0,0,104,132
4,7 10 13 24,3,a07 a10 a24,0,0,0,0,114,132
4,7 10 13 24,2,a13 a24,0,0,0,0,86,132
4,7 10 13 24,3,a07 a13 a24,0,0,0,0,112,132
4,7 10 13 24,3,a10 a13 a24,0,0,0,0,113,132
4,7 10 13 24,4,a07 a10 a13 a24,0,0,0,0,123,132
4,7 10 14 15,0,,1,1,1,0,0,81
4,7 10 14 15,1,a07,1,1,1,0,22,81
4,7 10 14 15,1,a10,0,0,0,0,50,81
4,7 10 14 15,2,a07 a10,0,0,0,0,58,81
4,7 10 14 15,1,a14,1,1,1,0,22,81
4,7 10 14 15,2,a07 a14,1,1,1,0,44,81
4,7 10 14 15,2,a10 a14,0,0,0,0,58,81
4,7 10 14 15,3,a07 a10 a14,0,0,0,0,66,81
4,7 10 14 15,1,a15,0,0,0,0,22,81
4,7 10 14 15,2,a07 a15,0,0,0,0,44,81
4,7 10 14 15,2,a10 a15,0,0,0,0,58,81
4,7 10 14 15,3,a07 a10 a15,0,0,0,0,66,81
4,7 10 14 15,2,a14 a15,0,0,0,0,44,81
4,7 10 14 15,3,a07 a14 a15,0,0,0,0,66,81
4,7 10 14 15,3,a10 a14 a15,0,0,0,0,66,81
4,7 10 14 15,4,a07 a10 a14 a15,0,0,0,0,74,81
4,7 10 14 16,0,,1,1,1,0,0,166
4,7 10 14 16,1,a07,1,1,1,0,28,166
4,7 10 14 16,1,a10,0,0,0,0,114,166
4,7 10 14 16,2,a07 a10,0,0,0,0,124,166
4,7 10 14 16,1,a14,0,0,0,0,87,166
4,7 10 14 16,2,a07 a14,0,0,0,0,115,166
4,7 10 14 16,2,a10 a14,0,0,0,0,135,166
4,7 10 14 16,3,a07 a10 a14,0,0,0,0,145,166
4,7 10 14 16,1,a16,0,0,0,0,87,166
4,7 10 14 16,2,a07 a16,0,0,0,0,115,166
4,7 10 14 16,2,a10 a16,0,0,0,0,135,166
4,7 10 14 16,3,a07 a10 a16,0,0,0,0,145,166
4,7 10 14 16,2,a14 a16,0,0,0,0,116,166
4,7 10 14 16,3,a07 a14 a16,0,0,0,0,144,166
4,7 10 14 16,3,a10 a14 a16,0,0,0,0,146,166
4,7 10 14 16,4,a07 a10 a14 a16,0,0,0,0,156,166
4,7 10 14 21,0,,1,1,1,0,0,116
4,7 10 14 21,1,a07,0,0,0,0,62,116
4,7 10 14 21,1,a10,0,0,0,0,64,116
4,7 10 14 21,2,a07 a10,0,0,0,0,89,116
4,7 10 14 21,1,a14,1,1,1,0,25,116
4,7 10 14 21,2,a07 a14,0,0,0,0,87,116
4,7 10 14 21,2,a10 a14,0,0,0,0,73,116
4,7 10 14 21,3,a07 a10 a14,0,0,0,0,98,116
4,7 10 14 21,1,a21,0,0,0,0,48,116
4,7 10 14 21,2,a07 a21,0,0,0,0,73,116
4,7 10 14 21,2,a10 a21,0,0,0,0,90,116
4,7 10 14 21,3,a07 a10 a21,0,0,0,0,99,116
4,7 10 14 21,2,a14 a21,0,0,0,0,73,116
4,7 10 14 21,3,a07 a14 a21,0,0,0,0,98,116
4,7 10 14 21,3,a10 a14 a21,0,0,0,0,99,116
4,7 10 14 21,4,a07 a10 a14 a21,0,0,0,0,108,116
4,7 10 14 22,0,,1,1,1,0,0,364
4,7 10 14 22,1,a07,0,0,0,0,216,364
4,7 10 14 22,1,a10,0,0,0,0,232,364
4,7 10 14 22,2,a07 a10,0,0,0,0,294,364
4,7 10 14 22,1,a14,0,0,0,0,216,364
4,7 10 14 22,2,a07 a14,0,0,0,0,314,364
4,7 10 14 22,2,a10 a14,0,0,0,0,294,364
4,7 10 14 22,3,a07 a10 a14,0,0,0,0,333,364
4,7 10 14 22,1,a22,0,0,0,0,251,364
4,7 10 14 22,2,a07 a22,0,0,0,0,292,364
4,7 10 14 22,2,a10 a22,0,0,0,0,317,364
4,7 10 14 22,3,a07 a10 a22,0,0,0,0,333,364
4,7 10 14 22,2,a14 a22,0,0,0,0,292,364
4,7 10 14 22,3,a07 a14 a22,0,0,0,0,331,364
4,7 10 14 22,3,a10 a14 a22,0,0,0,0,333,364
4,7 10 14 22,4,a07 a10 a14 a22,0,0,0,0,348,364
4,7 10 14 24,0,,1,1,1,0,0,166
4,7 10 14 24,1,a07,0,0,0,0,87,166
4,7 10 14 24,1,a10,0,0,0,0,114,166
4,7 10 14 24,2,a07 a10,0,0,0,0,135,166
4,7 10 14 24,1,a14,1,1,1,0,28,166
4,7 10 14 24,2,a07 a14,0,0,0,0,115,166
4,7 10 14 24,2,a10 a14,0,0,0,0,124,166
4,7 10 14 24,3,a07 a10 a14,0,0,0,0,145,166
4,7 10 14 24,1,a24,0,0,0,0,87,166
4,7 10 14 24,2,a07 a24,0,0,0,0,116,166
4,7 10 14 24,2,a10 a24,0,0,0,0,135,166
4,7 10 14 24,3,a07 a10 a24,0,0,0,0,146,166
4,7 10 14 24,2,a14 a24,0,0,0,0,115,166
4,7 10 14 24,3,a07 a14 a24,0,0,0,0,144,166
4,7 10 14 24,3,a10 a14 a24,0,0,0,0,145,166
4,7 10 14 24,4,a07 a10 a14 a24,0,0,0,0,156,166
4,7 10 14 25,0,,1,1,1,0,0,472
4,7 10 14 25,1,a07,0,0,0,0,260,472
4,7 10 14 25,1,a10,0,0,0,0,372,472
4,7 10 14 25,2,a07 a10,0,0,0,0,406,472
4,7 10 14 25,1,a14,0,0,0,0,260,472
4,7 10 14 25,2,a07 a14,0,0,0,0,391,472
4,7 10 14 25,2,a10 a14,0,0,0,0,406,472
4,7 10 14 25,3,a07 a10 a14,0,0,0,0,437,472
4,7 10 14 25,1,a25,0,0,0,0,340,472
4,7 10 14 25,2,a07 a25,0,0,0,0,388,472
4,7 10 14 25,2,a10 a25,0,0,0,0,418,472
4,7 10 14 25,3,a07 a10 a25,0,0,0,0,436,472
4,7 10 14 25,2,a14 a25,0,0,0,0,388,472
4,7 10 14 25,3,a07 a14 a25,0,0,0,0,433,472
4,7 10 14 25,3,a10 a14 a25,0,0,0,0,436,472
4,7 10 14 25,4,a07 a10 a14 a25,0,0,0,0,453,472
4,7 10 15 16,0,,1,1,1,0,0,81
4,7 10 15 16,1,a07,1,1,1,0,22,81
4,7 10 15 16,1,a10,0,0,0,0,50,81
4,7 10 15 16,2,a07 a10,0,0,0,0,58,81
4,7 10 15 16,1,a15,0,0,0,0,22,81
4,7 10 15 16,2,a07 a15,0,0,0,0,44,81
4,7 10 15 16,2,a10 a15,0,0,0,0,58,81
4,7 10 15 16,3,a07 a10 a15,0,0,0,0,66,81
4,7 10 15 16,1,a16,1,1,1,0,22,81
4,7 10 15 16,2,a07 a16,1,1,1,0,44,81
4,7 10 15 16,2,a10 a16,0,0,0,0,58,81
4,7 10 15 16,3,a07 a10 a16,0,0,0,0,66,81
4,7 10 15 16,2,a15 a16,0,0,0,0,44,81
4,7 10 15 16,3,a07 a15 a16,0,0,0,0,66,81
4,7 10 15 16,3,a10 a15 a16,0,0,0,0,66,81
4,7 10 15 16,4,a07 a10 a15 a16,0,0,0,0,74,81
4,7 10 15 17,0,,1,1,1,0,0,279
4,7 10 15 17,1,a07,1,1,1,0,187,279
4,7 10 15 17,1,a10,0,0,0,0,160,279
4,7 10 15 17,2,a07 a10,0,0,0,0,223,279
4,7 10 15 17,1,a15,0,0,0,0,145,279
4,7 10 15 17,2,a07 a15,0,0,0,0,236,279
4,7 10 15 17,2,a10 a15,0,0,0,0,227,279
4,7 10 15 17,3,a07 a10 a15,0,0,0,0,249,279
4,7 10 15 17,1,a17,1,1,1,0,177,279
4,7 10 15 17,2,a07 a17,1,1,1,0,216,279
4,7 10 15 17,2,a10 a17,0,0,0,0,236,279
4,7 10 15 17,3,a07 a10 a17,0,0,0,0,252,279
4,7 10 15 17,2,a15 a17,0,0,0,0,213,279
4,7 10 15 17,3,a07 a15 a17,0,0,0,0,252,279
4,7 10 15 17,3,a10 a15 a17,0,0,0,0,249,279
4,7 10 15 17,4,a07 a10 a15 a17,0,0,0,0,265,279
4,7 10 15 18,0,,1,1,1,0,0,102
4,7 10 15 18,1,a07,1,1,1,0,78,102
4,7 10 15 18,1,a10,0,0,0,0,48,102
4,7 10 15 18,2,a07 a10,0,0,0,0,82,102
4,7 10 15 18,1,a15,0,0,0,0,48,102
4,7 10 15 18,2,a07 a15,0,0,0,0,83,102
4,7 10 15 18,2,a10 a15,0,0,0,0,76,102
4,7 10 15 18,3,a07 a10 a15,0,0,0,0,85,102
4,7 10 15 18,1,a18,1,1,1,0,78,102
4,7 10 15 18,2,a07 a18,1,1,1,0,90,102
4,7 10 15 18,2,a10 a18,0,0,0,0,83,102
4,7 10 15 18,3,a07 a10 a18,0,0,0,0,93,102
4,7 10 15 18,2,a15 a18,0,0,0,0,82,102
4,7 10 15 18,3,a07 a15 a18,0,0,0,0,93,102
4,7 10 15 18,3,a10 a15 a18,0,0,0,0,85,102
4,7 10 15 18,4,a07 a10 a15 a18,0,0,0,0,94,102
4,7 10 15 19,0,,1,1,1,0,0,279
4,7 10 15 19,1,a07,1,1,1,0,187,279
4,7 10 15 19,1,a10,0,0,0,0,160,279
4,7 10 15 19,2,a07 a10,0,0,0,0,223,279
4,7 10 15 19,1,a15,0,0,0,0,145,279
4,7 10 15 19,2,a07 a15,0,0,0,0,236,279
4,7 10 15 19,2,a10 a15,0,0,0,0,227,279
4,7 10 15 19,3,a07 a10 a15,0,0,0,0,249,279
4,7 10 15 19,1,a19,1,1,1,0,177,279
4,7 10 15 19,2,a07 a19,1,1,1,0,216,279
4,7 10 15 19,2,a10 a19,0,0,0,0,236,279
4,7 10 15 19,3,a07 a10 a19,0,0,0,0,252,279
4,7 10 15 19,2,a15 a19,0,0,0,0,213,279
4,7 10 15 19,3,a07 a15 a19,0,0,0,0,252,279
4,7 10 15 19,3,a10 a15 a19,0,0,0,0,249,279
4,7 10 15 19,4,a07 a10 a15 a19,0,0,0,0,265,279
4,7 10 15 20,0,,1,1,1,0,0,116
4,7 10 15 20,1,a07,1,1,1,0,62,116
4,7 10 15 20,1,a10,0,0,0,0,64,116
4,7 10 15 20,2,a07 a10,0,0,0,0,89,116
4,7 10 15 20,1,a15,0,0,0,0,25,116
4,7 10 15 20,2,a07 a15,0,0,0,0,87,116
4,7 10 15 20,2,a10 a15,0,0,0,0,73,116
4,7 10 15 20,3,a07 a10 a15,0,0,0,0,98,116
4,7 10 15 20,1,a20,1,1,1,0,48,116
4,7 10 15 20,2,a07 a20,1,1,1,0,73,116
4,7 10 15 20,2,a10 a20,0,0,0,0,90,116
4,7 10 15 20,3,a07 a10 a20,0,0,0,0,99,116
4,7 10 15 20,2,a15 a20,0,0,0,0,73,116
4,7 10 15 20,3,a07 a15 a20,0,0,0,0,98,116
4,7 10 15 20,3,a10 a15 a20,0,0,0,0,99,116
4,7 10 15 20,4,a07 a10 a15 a20,0,0,0,0,108,116
4,7 10 15 21,0,,1,1,1,0,0,70
4,7 10 15 21,1,a07,1,0,1,1,46,70
4,7 10 15 21,1,a10,0,0,0,0,36,70
4,7 10 15 21,2,a07 a10,0,0,0,0,55,70
4,7 10 15 21,1,a15,1,1,1,0,19,70
4,7 10 15 21,2,a07 a15,0,0,0,0,49,70
4,7 10 15 21,2,a10 a15,0,0,0,0,43,70
4,7 10 15 21,3,a07 a10 a15,0,0,0,0,56,70
4,7 10 15 21,1,a21,1,0,1,1,36,70
4,7 10 15 21,2,a07 a21,1,0,1,1,55,70
4,7 10 15 21,2,a10 a21,0,0,0,0,56,70
4,7 10 15 21,3,a07 a10 a21,0,0,0,0,63,70
4,7 10 15 21,2,a15 a21,0,0,0,0,38,70
4,7 10 15 21,3,a07 a15 a21,0,0,0,0,57,70
4,7 10 15 21,3,a10 a15 a21,0,0,0,0,57,70
4,7 10 15 21,4,a07 a10 a15 a21,0,0,0,0,64,70
4,7 10 15 22,0,,1,1,1,0,0,116
4,7 10 15 22,1,a07,1,1,1,0,62,116
4,7 10 15 22,1,a10,0,0,0,0,64,116
4,7 10 15 22,2,a07 a10,0,0,0,0,89,116
4,7 10 15 22,1,a15,0,0,0,0,25,116
4,7 10 15 22,2,a07 a15,0,0,0,0,87,116
4,7 10 15 22,2,a10 a15,0,0,0,0,73,116
4,7 10 15 22,3,a07 a10 a15,0,0,0,0,98,116
4,7 10 15 22,1,a22,1,1,1,0,48,116
4,7 10 15 22,2,a07 a22,1,1,1,0,73,116
4,7 10 15 22,2,a10 a22,0,0,0,0,90,116
4,7 10 15 22,3,a07 a10 a22,0,0,0,0,99,116
4,7 10 15 22,2,a15 a22,0,0,0,0,73,116
4,7 10 15 22,3,a07 a15 a22,0,0,0,0,98,116
4,7 10 15 22,3,a10 a15 a22,0,0,0,0,99,116
4,7 10 15 22,4,a07 a10 a15 a22,0,0,0,0,108,116
4,7 10 15 23,0,,1,1,1,0,0,166
4,7 10 15 23,1,a07,1,1,1,0,87,166
4,7 10 15 23,1,a10,0,0,0,0,114,166
4,7 10 15 23,2,a07 a10,0,0,0,0,135,166
4,7 10 15 23,1,a15,0,0,0,0,28,166
4,7 10 15 23,2,a07 a15,0,0,0,0,115,166
4,7 10 15 23,2,a10 a15,0,0,0,0,124,166
4,7 10 15 23,3,a07 a10 a15,0,0,0,0,145,166
4,7 10 15 23,1,a23,1,1,1,0,87,166
4,7 10 15 23,2,a07 a23,1,1,1,0,116,166
4,7 10 15 23,2,a10 a23,0,0,0,0,135,166
4,7 10 15 23,3,a07 a10 a23,0,0,0,0,146,166
4,7 10 15 23,2,a15 a23,0,0,0,0,115,166
4,7 10 15 23,3,a07 a15 a23,0,0,0,0,144,166
4,7 10 15 23,3,a10 a15 a23,0,0,0,0,145,166
4,7 10 15 23,4,a07 a10 a15 a23,0,0,0,0,156,166
4,7 10 15 24,0,,1,1,1,0,0,109
4,7 10 15 24,1,a07,1,1,1,0,67,109
4,7 10 15 24,1,a10,0,0,0,0,74,109
4,7 10 15 24,2,a07 a10,0,0,0,0,91,109
4,7 10 15 24,1,a15,1,0,1,1,22,109
4,7 10 15 24,2,a07 a15,0,0,0,0,70,109
4,7 10 15 24,2,a10 a15,0,0,0,0,76,109
4,7 10 15 24,3,a07 a10 a15,0,0,0,0,92,109
4,7 10 15 24,1,a24,1,1,1,0,67,109
4,7 10 15 24,2,a07 a24,1,1,1,0,90,109
4,7 10 15 24,2,a10 a24,0,0,0,0,91,109
4,7 10 15 24,3,a07 a10 a24,0,0,0,0,100,109
4,7 10 15 24,2,a15 a24,0,0,0,0,70,109
4,7 10 15 24,3,a07 a15 a24,0,0,0,0,93,109
4,7 10 15 24,3,a10 a15 a24,0,0,0,0,92,109
4,7 10 15 24,4,a07 a10 a15 a24,0,0,0,0,101,109
4,7 10 15 25,0,,1,1,1,0,0,166
4,7 10 15 25,1,a07,1,1,1,0,87,166
4,7 10 15 25,1,a10,0,0,0,0,114,166
4,7 10 15 25,2,a07 a10,0,0,0,0,135,166
4,7 10 15 25,1,a15,0,0,0,0,28,166
4,7 10 15 25,2,a07 a15,0,0,0,0,115,166
4,7 10 15 25,2,a10 a15,0,0,0,0,124,166
4,7 10 15 25,3,a07 a10 a15,0,0,0,0,145,166
4,7 10 15 25,1,a25,1,1,1,0,87,166
4,7 10 15 25,2,a07 a25,1,1,1,0,116,166
4,7 10 15 25,2,a10 a25,0,0,0,0,135,166
4,7 10 15 25,3,a07 a10 a25,0,0,0,0,146,166
4,7 10 15 25,2,a15 a25,0,0,0,0,115,166
4,7 10 15 25,3,a07 a15 a25,0,0,0,0,144,166
4,7 10 15 25,3,a10 a15 a25,0,0,0,0,145,166
4,7 10 15 25,4,a07 a10 a15 a25,0,0,0,0,156,166
4,7 10 16 20,0,,1,1,1,0,0,364
4,7 10 16 20,1,a07,0,0,0,0,216,364
4,7 10 16 20,1,a10,0,0,0,0,232,364
4,7 10 16 20,2,a07 a10,0,0,0,0,294,364
4,7 10 16 20,1,a16,0,0,0,0,216,364
4,7 10 16 20,2,a07 a16,0,0,0,0,314,364
4,7 10 16 20,2,a10 a16,0,0,0,0,294,364
4,7 10 16 20,3,a07 a10 a16,0,0,0,0,333,364
4,7 10 16 20,1,a20,0,0,0,0,251,364
4,7 10 16 20,2,a07 a20,0,0,0,0,292,364
4,7 10 16 20,2,a10 a20,0,0,0,0,317,364
4,7 10 16 20,3,a07 a10 a20,0,0,0,0,333,364
4,7 10 16 20,2,a16 a20,0,0,0,0,292,364
4,7 10 16 20,3,a07 a16 a20,0,0,0,0,331,364
4,7 10 16 20,3,a10 a16 a20,0,0,0,0,333,364
4,7 10 16 20,4,a07 a10 a16 a20,0,0,0,0,348,364
4,7 10 16 21,0,,1,1,1,0,0,116
4,7 10 16 21,1,a07,0,0,0,0,62,116
4,7 10 16 21,1,a10,0,0,0,0,64,116
4,7 10 16 21,2,a07 a10,0,0,0,0,89,116
4,7 10 16 21,1,a16,1,1,1,0,25,116
4,7 10 16 21,2,a07 a16,0,0,0,0,87,116
4,7 10 16 21,2,a10 a16,0,0,0,0,73,116
4,7 10 16 21,3,a07 a10 a16,0,0,0,0,98,116
4,7 10 16 21,1,a21,0,0,0,0,48,116
4,7 10 16 21,2,a07 a21,0,0,0,0,73,116
4,7 10 16 21,2,a10 a21,0,0,0,0,90,116
4,7 10 16 21,3,a07 a10 a21,0,0,0,0,99,116
4,7 10 16 21,2,a16 a21,0,0,0,0,73,116
4,7 10 16 21,3,a07 a16 a21,0,0,0,0,98,116
4,7 10 16 21,3,a10 a16 a21,0,0,0,0,99,116
4,7 10 16 21,4,a07 a10 a16 a21,0,0,0,0,108,116
4,7 10 16 23,0,,1,1,1,0,0,472
4,7 10 16 23,1,a07,0,0,0,0,260,472
4,7 10 16 23,1,a10,0,0,0,0,372,472
4,7 10 16 23,2,a07 a10,0,0,0,0,406,472
4,7 10 16 23,1,a16,0,0,0,0,260,472
4,7 10 16 23,2,a07 a16,0,0,0,0,391,472
4,7 10 16 23,2,a10 a16,0,0,0,0,406,472
4,7 10 16 23,3,a07 a10 a16,0,0,0,0,437,472
4,7 10 16 23,1,a23,0,0,0,0,340,472
4,7 10 16 23,2,a07 a23,0,0,0,0,388,472
4,7 10 16 23,2,a10 a23,0,0,0,0,418,472
4,7 10 16 23,3,a07 a10 a23,0,0,0,0,436,472
4,7 10 16 23,2,a16 a23,0,0,0,0,388,472
4,7 10 16 23,3,a07 a16 a23,0,0,0,0,433,472
4,7 10 16 23,3,a10 a16 a23,0,0,0,0,436,472
4,7 10 16 23,4,a07 a10 a16 a23,0,0,0,0,453,472
4,7 10 16 24,0,,1,1,1,0,0,166
4,7 10 16 24,1,a07,0,0,0,0,87,166
4,7 10 16 24,1,a10,0,0,0,0,114,166
4,7 10 16 24,2,a07 a10,0,0,0,0,135,166
4,7 10 16 24,1,a16,1,1,1,0,28,166
4,7 10 16 24,2,a07 a16,0,0,0,0,115,166
4,7 10 16 24,2,a10 a16,0,0,0,0,124,166
4,7 10 16 24,3,a07 a10 a16,0,0,0,0,145,166
4,7 10 16 24,1,a24,0,0,0,0,87,166
4,7 10 16 24,2,a07 a24,0,0,0,0,116,166
4,7 10 16 24,2,a10 a24,0,0,0,0,135,166
4,7 10 16 24,3,a07 a10 a24,0,0,0,0,146,166
4,7 10 16 24,2,a16 a24,0,0,0,0,115,166
4,7 10 16 24,3,a07 a16 a24,0,0,0,0,144,166
4,7 10 16 24,3,a10 a16 a24,0,0,0,0,145,166
4,7 10 16 24,4,a07 a10 a16 a24,0,0,0,0,156,166
4,7 10 17 21,0,,1,1,1,0,0,352
4,7 10 17 21,1,a07,0,0,0,0,285,352
4,7 10 17 21,1,a10,0,0,0,0,196,352
4,7 10 17 21,2,a07 a10,0,0,0,0,302,352
4,7 10 17 21,1,a17,1,1,1,0,204,352
4,7 10 17 21,2,a07 a17,0,0,0,0,304,352
4,7 10 17 21,2,a10 a17,0,0,0,0,279,352
4,7 10 17 21,3,a07 a10 a17,0,0,0,0,321,352
4,7 10 17 21,1,a21,0,0,0,0,196,352
4,7 10 17 21,2,a07 a21,0,0,0,0,302,352
4,7 10 17 21,2,a10 a21,0,0,0,0,290,352
4,7 10 17 21,3,a07 a10 a21,0,0,0,0,317,352
4,7 10 17 21,2,a17 a21,0,0,0,0,279,352
4,7 10 17 21,3,a07 a17 a21,0,0,0,0,321,352
4,7 10 17 21,3,a10 a17 a21,0,0,0,0,319,352
4,7 10 17 21,4,a07 a10 a17 a21,0,0,0,0,336,352
4,7 10 17 24,0,,1,1,1,0,0,472
4,7 10 17 24,1,a07,0,0,0,0,358,472
4,7 10 17 24,1,a10,0,0,0,0,350,472
4,7 10 17 24,2,a07 a10,0,0,0,0,402,472
4,7 10 17 24,1,a17,1,1,1,0,258,472
4,7 10 17 24,2,a07 a17,0,0,0,0,392,472
4,7 10 17 24,2,a10 a17,0,0,0,0,402,472
4,7 10 17 24,3,a07 a10 a17,0,0,0,0,436,472
4,7 10 17 24,1,a24,0,0,0,0,312,472
4,7 10 17 24,2,a07 a24,0,0,0,0,416,472
4,7 10 17 24,2,a10 a24,0,0,0,0,412,472
4,7 10 17 24,3,a07 a10 a24,0,0,0,0,434,472
4,7 10 17 24,2,a17 a24,0,0,0,0,391,472
4,7 10 17 24,3,a07 a17 a24,0,0,0,0,435,472
4,7 10 17 24,3,a10 a17 a24,0,0,0,0,435,472
4,7 10 17 24,4,a07 a10 a17 a24,0,0,0,0,453,472
4,7 10 18 21,0,,1,1,1,0,0,102
4,7 10 18 21,1,a07,0,0,0,0,78,102
4,7 10 18 21,1,a10,0,0,0,0,48,102
4,7 10 18 21,2,a07 a10,0,0,0,0,82,102
4,7 10 18 21,1,a18,1,1,1,0,78,102
4,7 10 18 21,2,a07 a18,0,0,0,0,90,102
4,7 10 18 21,2,a10 a18,0,0,0,0,83,102
4,7 10 18 21,3,a07 a10 a18,0,0,0,0,93,102
4,7 10 18 21,1,a21,0,0,0,0,48,102
4,7 10 18 21,2,a07 a21,0,0,0,0,82,102
4,7 10 18 21,2,a10 a21,0,0,0,0,77,102
4,7 10 18 21,3,a07 a10 a21,0,0,0,0,85,102
4,7 10 18 21,2,a18 a21,0,0,0,0,83,102
4,7 10 18 21,3,a07 a18 a21,0,0,0,0,93,102
4,7 10 18 21,3,a10 a18 a21,0,0,0,0,87,102
4,7 10 18 21,4,a07 a10 a18 a21,0,0,0,0,95,102
4,7 10 18 24,0,,1,1,1,0,0,156
4,7 10 18 24,1,a07,0,0,0,0,111,156
4,7 10 18 24,1,a10,0,0,0,0,98,156
4,7 10 18 24,2,a07 a10,0,0,0,0,118,156
4,7 10 18 24,1,a18,1,1,1,0,111,156
4,7 10 18 24,2,a07 a18,0,0,0,0,133,156
4,7 10 18 24,2,a10 a18,0,0,0,0,118,156
4,7 10 18 24,3,a07 a10 a18,0,0,0,0,137,156
4,7 10 18 24,1,a24,0,0,0,0,92,156
4,7 10 18 24,2,a07 a24,0,0,0,0,132,156
4,7 10 18 24,2,a10 a24,0,0,0,0,126,156
4,7 10 18 24,3,a07 a10 a24,0,0,0,0,136,156
4,7 10 18 24,2,a18 a24,0,0,0,0,132,156
4,7 10 18 24,3,a07 a18 a24,0,0,0,0,144,156
4,7 10 18 24,3,a10 a18 a24,0,0,0,0,137,156
4,7 10 18 24,4,a07 a10 a18 a24,0,0,0,0,147,156
4,7 10 19 21,0,,1,1,1,0,0,352
4,7 10 19 21,1,a07,0,0,0,0,285,352
4,7 10 19 21,1,a10,0,0,0,0,196,352
4,7 10 19 21,2,a07 a10,0,0,0,0,302,352
4,7 10 19 21,1,a19,1,1,1,0,204,352
4,7 10 19 21,2,a07 a19,0,0,0,0,304,352
4,7 10 19 21,2,a10 a19,0,0,0,0,279,352
4,7 10 19 21,3,a07 a10 a19,0,0,0,0,321,352
4,7 10 19 21,1,a21,0,0,0,0,196,352
4,7 10 19 21,2,a07 a21,0,0,0,0,302,352
4,7 10 19 21,2,a10 a21,0,0,0,0,290,352
4,7 10 19 21,3,a07 a10 a21,0,0,0,0,317,352
4,7 10 19 21,2,a19 a21,0,0,0,0,279,352
4,7 10 19 21,3,a07 a19 a21,0,0,0,0,321,352
4,7 10 19 21,3,a10 a19 a21,0,0,0,0,319,352
4,7 10 19 21,4,a07 a10 a19 a21,0,0,0,0,336,352
4,7 10 19 24,0,,1,1,1,0,0,472
4,7 10 19 24,1,a07,0,0,0,0,358,472
4,7 10 19 24,1,a10,0,0,0,0,350,472
4,7 10 19 24,2,a07 a10,0,0,0,0,402,472
4,7 10 19 24,1,a19,1,1,1,0,258,472
4,7 10 19 24,2,a07 a19,0,0,0,0,392,472
4,7 10 19 24,2,a10 a19,0,0,0,0,402,472
4,7 10 19 24,3,a07 a10 a19,0,0,0,0,436,472
4,7 10 19 24,1,a24,0,0,0,0,312,472
4,7 10 19 24,2,a07 a24,0,0,0,0,416,472
4,7 10 19 24,2,a10 a24,0,0,0,0,412,472
4,7 10 19 24,3,a07 a10 a24,0,0,0,0,434,472
4,7 10 19 24,2,a19 a24,0,0,0,0,391,472
4,7 10 19 24,3,a07 a19 a24,0,0,0,0,435,472
4,7 10 19 24,3,a10 a19 a24,0,0,0,0,435,472
4,7 10 19 24,4,a07 a10 a19 a24,0,0,0,0,453,472
4,7 10 20 21,0,,1,1,1,0,0,157
4,7 10 20 21,1,a07,0,0,0,0,112,157
4,7 10 20 21,1,a10,0,0,0,0,80,157
4,7 10 20 21,2,a07 a10,0,0,0,0,126,157
4,7 10 20 21,1,a20,1,1,1,0,54,157
4,7 10 20 21,2,a07 a20,0,0,0,0,124,157
4,7 10 20 21,2,a10 a20,0,0,0,0,109,157
4,7 10 20 21,3,a07 a10 a20,0,0,0,0,137,157
4,7 10 20 21,1,a21,0,0,0,0,54,157
4,7 10 20 21,2,a07 a21,0,0,0,0,124,157
4,7 10 20 21,2,a10 a21,0,0,0,0,109,157
4,7 10 20 21,3,a07 a10 a21,0,0,0,0,137,157
4,7 10 20 21,2,a20 a21,0,0,0,0,108,157
4,7 10 20 21,3,a07 a20 a21,0,0,0,0,136,157
4,7 10 20 21,3,a10 a20 a21,0,0,0,0,138,157
4,7 10 20 21,4,a07 a10 a20 a21,0,0,0,0,148,157
4,7 10 20 22,0,,1,1,1,0,0,472
4,7 10 20 22,1,a07,0,0,0,0,378,472
4,7 10 20 22,1,a10,0,0,0,0,276,472
4,7 10 20 22,2,a07 a10,0,0,0,0,405,472
4,7 10 20 22,1,a20,0,0,0,0,310,472
4,7 10 20 22,2,a07 a20,0,0,0,0,416,472
4,7 10 20 22,2,a10 a20,0,0,0,0,393,472
4,7 10 20 22,3,a07 a10 a20,0,0,0,0,436,472
4,7 10 20 22,1,a22,0,0,0,0,310,472
4,7 10 20 22,2,a07 a22,0,0,0,0,416,472
4,7 10 20 22,2,a10 a22,0,0,0,0,393,472
4,7 10 20 22,3,a07 a10 a22,0,0,0,0,436,472
4,7 10 20 22,2,a20 a22,0,0,0,0,390,472
4,7 10 20 22,3,a07 a20 a22,0,0,0,0,434,472
4,7 10 20 22,3,a10 a20 a22,0,0,0,0,436,472
4,7 10 20 22,4,a07 a10 a20 a22,0,0,0,0,453,472
4,7 10 20 24,0,,1,1,1,0,0,214
4,7 10 20 24,1,a07,0,0,0,0,144,214
4,7 10 20 24,1,a10,0,0,0,0,136,214
4,7 10 20 24,2,a07 a10,0,0,0,0,179,214
4,7 10 20 24,1,a20,1,1,1,0,60,214
4,7 10 20 24,2,a07 a20,0,0,0,0,157,214
4,7 10 20 24,2,a10 a20,0,0,0,0,168,214
4,7 10 20 24,3,a07 a10 a20,0,0,0,0,191,214
4,7 10 20 24,1,a24,0,0,0,0,97,214
4,7 10 20 24,2,a07 a24,0,0,0,0,176,214
4,7 10 20 24,2,a10 a24,0,0,0,0,159,214
4,7 10 20 24,3,a07 a10 a24,0,0,0,0,191,214
4,7 10 20 24,2,a20 a24,0,0,0,0,157,214
4,7 10 20 24,3,a07 a20 a24,0,0,0,0,189,214
4,7 10 20 24,3,a10 a20 a24,0,0,0,0,191,214
4,7 10 20 24,4,a07 a10 a20 a24,0,0,0,0,203,214
4,7 10 20 25,0,,1,1,1,0,0,606
4,7 10 20 25,1,a07,0,0,0,0,461,606
4,7 10 20 25,1,a10,0,0,0,0,453,606
4,7 10 20 25,2,a07 a10,0,0,0,0,531,606
4,7 10 20 25,1,a20,0,0,0,0,375,606
4,7 10 20 25,2,a07 a20,0,0,0,0,516,606
4,7 10 20 25,2,a10 a20,0,0,0,0,531,606
4,7 10 20 25,3,a07 a10 a20,0,0,0,0,565,606
4,7 10 20 25,1,a25,0,0,0,0,420,606
4,7 10 20 25,2,a07 a25,0,0,0,0,539,606
4,7 10 20 25,2,a10 a25,0,0,0,0,517,606
4,7 10 20 25,3,a07 a10 a25,0,0,0,0,564,606
4,7 10 20 25,2,a20 a25,0,0,0,0,514,606
4,7 10 20 25,3,a07 a20 a25,0,0,0,0,562,606
4,7 10 20 25,3,a10 a20 a25,0,0,0,0,564,606
4,7 10 20 25,4,a07 a10 a20 a25,0,0,0,0,583,606
4,7 10 21 22,0,,1,1,1,0,0,157
4,7 10 21 22,1,a07,0,0,0,0,112,157
4,7 10 21 22,1,a10,0,0,0,0,80,157
4,7 10 21 22,2,a07 a10,0,0,0,0,126,157
4,7 10 21 22,1,a21,0,0,0,0,54,157
4,7 10 21 22,2,a07 a21,0,0,0,0,124,157
4,7 10 21 22,2,a10 a21,0,0,0,0,109,157
4,7 10 21 22,3,a07 a10 a21,0,0,0,0,137,157
4,7 10 21 22,1,a22,1,1,1,0,54,157
4,7 10 21 22,2,a07 a22,0,0,0,0,124,157
4,7 10 21 22,2,a10 a22,0,0,0,0,109,157
4,7 10 21 22,3,a07 a10 a22,0,0,0,0,137,157
4,7 10 21 22,2,a21 a22,0,0,0,0,108,157
4,7 10 21 22,3,a07 a21 a22,0,0,0,0,136,157
4,7 10 21 22,3,a10 a21 a22,0,0,0,0,138,157
4,7 10 21 22,4,a07 a10 a21 a22,0,0,0,0,148,157
4,7 10 21 23,0,,1,1,1,0,0,214
4,7 10 21 23,1,a07,0,0,0,0,144,214
4,7 10 21 23,1,a10,0,0,0,0,136,214
4,7 10 21 23,2,a07 a10,0,0,0,0,179,214
4,7 10 21 23,1,a21,0,0,0,0,60,214
4,7 10 21 23,2,a07 a21,0,0,0,0,157,214
4,7 10 21 23,2,a10 a21,0,0,0,0,168,214
4,7 10 21 23,3,a07 a10 a21,0,0,0,0,191,214
4,7 10 21 23,1,a23,1,1,1,0,97,214
4,7 10 21 23,2,a07 a23,0,0,0,0,176,214
4,7 10 21 23,2,a10 a23,0,0,0,0,159,214
4,7 10 21 23,3,a07 a10 a23,0,0,0,0,191,214
4,7 10 21 23,2,a21 a23,0,0,0,0,157,214
4,7 10 21 23,3,a07 a21 a23,0,0,0,0,189,214
4,7 10 21 23,3,a10 a21 a23,0,0,0,0,191,214
4,7 10 21 23,4,a07 a10 a21 a23,0,0,0,0,203,214
4,7 10 21 24,0,,1,1,1,0,0,109
4,7 10 21 24,1,a07,0,0,0,0,67,109
4,7 10 21 24,1,a10,0,0,0,0,74,109
4,7 10 21 24,2,a07 a10,0,0,0,0,91,109
4,7 10 21 24,1,a21,1,0,1,1,42,109
4,7 10 21 24,2,a07 a21,0,0,0,0,77,109
4,7 10 21 24,2,a10 a21,0,0,0,0,78,109
4,7 10 21 24,3,a07 a10 a21,0,0,0,0,93,109
4,7 10 21 24,1,a24,1,1,1,0,67,109
4,7 10 21 24,2,a07 a24,0,0,0,0,90,109
4,7 10 21 24,2,a10 a24,0,0,0,0,91,109
4,7 10 21 24,3,a07 a10 a24,0,0,0,0,100,109
4,7 10 21 24,2,a21 a24,0,0,0,0,71,109
4,7 10 21 24,3,a07 a21 a24,0,0,0,0,93,109
4,7 10 21 24,3,a10 a21 a24,0,0,0,0,94,109
4,7 10 21 24,4,a07 a10 a21 a24,0,0,0,0,102,109
4,7 10 21 25,0,,1,1,1,0,0,214
4,7 10 21 25,1,a07,0,0,0,0,144,214
4,7 10 21 25,1,a10,0,0,0,0,136,214
4,7 10 21 25,2,a07 a10,0,0,0,0,179,214
4,7 10 21 25,1,a21,0,0,0,0,60,214
4,7 10 21 25,2,a07 a21,0,0,0,0,157,214
4,7 10 21 25,2,a10 a21,0,0,0,0,168,214
4,7 10 21 25,3,a07 a10 a21,0,0,0,0,191,214
4,7 10 21 25,1,a25,1,1,1,0,97,214
4,7 10 21 25,2,a07 a25,0,0,0,0,176,214
4,7 10 21 25,2,a10 a25,0,0,0,0,159,214
4,7 10 21 25,3,a07 a10 a25,0,0,0,0,191,214
4,7 10 21 25,2,a21 a25,0,0,0,0,157,214
4,7 10 21 25,3,a07 a21 a25,0,0,0,0,189,214
4,7 10 21 25,3,a10 a21 a25,0,0,0,0,191,214
4,7 10 21 25,4,a07 a10 a21 a25,0,0,0,0,203,214
4,7 10 22 23,0,,1,1,1,0,0,606
4,7 10 22 23,1,a07,0,0,0,0,461,606
4,7 10 22 23,1,a10,0,0,0,0,453,606
4,7 10 22 23,2,a07 a10,0,0,0,0,531,606
4,7 10 22 23,1,a22,0,0,0,0,375,606
4,7 10 22 23,2,a07 a22,0,0,0,0,516,606
4,7 10 22 23,2,a10 a22,0,0,0,0,531,606
4,7 10 22 23,3,a07 a10 a22,0,0,0,0,565,606
4,7 10 22 23,1,a23,0,0,0,0,420,606
4,7 10 22 23,2,a07 a23,0,0,0,0,539,606
4,7 10 22 23,2,a10 a23,0,0,0,0,517,606
4,7 10 22 23,3,a07 a10 a23,0,0,0,0,564,606
4,7 10 22 23,2,a22 a23,0,0,0,0,514,606
4,7 10 22 23,3,a07 a22 a23,0,0,0,0,562,606
4,7 10 22 23,3,a10 a22 a23,0,0,0,0,564,606
4,7 10 22 23,4,a07 a10 a22 a23,0,0,0,0,583,606
4,7 10 22 24,0,,1,1,1,0,0,214
4,7 10 22 24,1,a07,0,0,0,0,144,214
4,7 10 22 24,1,a10,0,0,0,0,136,214
4,7 10 22 24,2,a07 a10,0,0,0,0,179,214
4,7 10 22 24,1,a22,1,1,1,0,60,214
4,7 10 22 24,2,a07 a22,0,0,0,0,157,214
4,7 10 22 24,2,a10 a22,0,0,0,0,168,214
4,7 10 22 24,3,a07 a10 a22,0,0,0,0,191,214
4,7 10 22 24,1,a24,0,0,0,0,97,214
4,7 10 22 24,2,a07 a24,0,0,0,0,176,214
4,7 10 22 24,2,a10 a24,0,0,0,0,159,214
4,7 10 22 24,3,a07 a10 a24,0,0,0,0,191,214
4,7 10 22 24,2,a22 a24,0,0,0,0,157,214
4,7 10 22 24,3,a07 a22 a24,0,0,0,0,189,214
4,7 10 22 24,3,a10 a22 a24,0,0,0,0,191,214
4,7 10 22 24,4,a07 a10 a22 a24,0,0,0,0,203,214
4,7 10 23 24,0,,1,1,1,0,0,279
4,7 10 23 24,1,a07,0,0,0,0,180,279
4,7 10 23 24,1,a10,0,0,0,0,202,279
4,7 10 23 24,2,a07 a10,0,0,0,0,240,279
4,7 10 23 24,1,a23,1,1,1,0,107,279
4,7 10 23 24,2,a07 a23,0,0,0,0,215,279
4,7 10 23 24,2,a10 a23,0,0,0,0,227,279
4,7 10 23 24,3,a07 a10 a23,0,0,0,0,253,279
4,7 10 23 24,1,a24,0,0,0,0,107,279
4,7 10 23 24,2,a07 a24,0,0,0,0,215,279
4,7 10 23 24,2,a10 a24,0,0,0,0,227,279
4,7 10 23 24,3,a07 a10 a24,0,0,0,0,253,279
4,7 10 23 24,2,a23 a24,0,0,0,0,214,279
4,7 10 23 24,3,a07 a23 a24,0,0,0,0,250,279
4,7 10 23 24,3,a10 a23 a24,0,0,0,0,252,279
4,7 10 23 24,4,a07 a10 a23 a24,0,0,0,0,266,279
4,7 10 23 25,0,,1,1,1,0,0,769
4,7 10 23 25,1,a07,0,0,0,0,552,769
4,7 10 23 25,1,a10,0,0,0,0,628,769
4,7 10 23 25,2,a07 a10,0,0,0,0,685,769
4,7 10 23 25,1,a23,0,0,0,0,508,769
4,7 10 23 25,2,a07 a23,0,0,0,0,664,769
4,7 10 23 25,2,a10 a23,0,0,0,0,684,769
4,7 10 23 25,3,a07 a10 a23,0,0,0,0,721,769
4,7 10 23 25,1,a25,0,0,0,0,508,769
4,7 10 23 25,2,a07 a25,0,0,0,0,664,769
4,7 10 23 25,2,a10 a25,0,0,0,0,684,769
4,7 10 23 25,3,a07 a10 a25,0,0,0,0,721,769
4,7 10 23 25,2,a23 a25,0,0,0,0,661,769
4,7 10 23 25,3,a07 a23 a25,0,0,0,0,716,769
4,7 10 23 25,3,a10 a23 a25,0,0,0,0,720,769
4,7 10 23 25,4,a07 a10 a23 a25,0,0,0,0,741,769
4,7 10 24 25,0,,1,1,1,0,0,279
4,7 10 24 25,1,a07,0,0,0,0,180,279
4,7 10 24 25,1,a10,0,0,0,0,202,279
4,7 10 24 25,2,a07 a10,0,0,0,0,240,279
4,7 10 24 25,1,a24,0,0,0,0,107,279
4,7 10 24 25,2,a07 a24,0,0,0,0,215,279
4,7 10 24 25,2,a10 a24,0,0,0,0,227,279
4,7 10 24 25,3,a07 a10 a24,0,0,0,0,253,279
4,7 10 24 25,1,a25,1,1,1,0,107,279
4,7 10 24 25,2,a07 a25,0,0,0,0,215,279
4,7 10 24 25,2,a10 a25,0,0,0,0,227,279
4,7 10 24 25,3,a07 a10 a25,0,0,0,0,253,279
4,7 10 24 25,2,a24 a25,0,0,0,0,214,279
4,7 10 24 25,3,a07 a24 a25,0,0,0,0,250,279
4,7 10 24 25,3,a10 a24 a25,0,0,0,0,252,279
4,7 10 24 25,4,a07 a10 a24 a25,0,0,0,0,266,279
4,7 11 12 13,0,,1,1,1,0,0,116
4,7 11 12 13,1,a07,1,1,1,0,48,116
4,7 11 12 13,1,a11,1,1,1,0,62,116
4,7 11 12 13,2,a07 a11,1,1,1,0,73,116
4,7 11 12 13,1,a12,0,0,0,0,64,116
4,7 11 12 13,2,a07 a12,0,0,0,0,90,116
4,7 11 12 13,2,a11 a12,0,0,0,0,89,116
4,7 11 12 13,3,a07 a11 a12,0,0,0,0,99,116
4,7 11 12 13,1,a13,0,0,0,0,25,116
4,7 11 12 13,2,a07 a13,0,0,0,0,73,116
4,7 11 12 13,2,a11 a13,0,0,0,0,87,116
4,7 11 12 13,3,a07 a11 a13,0,0,0,0,98,116
4,7 11 12 13,2,a12 a13,0,0,0,0,73,116
4,7 11 12 13,3,a07 a12 a13,0,0,0,0,99,116
4,7 11 12 13,3,a11 a12 a13,0,0,0,0,98,116
4,7 11 12 13,4,a07 a11 a12 a13,0,0,0,0,108,116
4,7 11 12 15,0,,1,1,1,0,0,157
4,7 11 12 15,1,a07,1,1,1,0,54,157
4,7 11 12 15,1,a11,0,0,0,0,112,157
4,7 11 12 15,2,a07 a11,0,0,0,0,124,157
4,7 11 12 15,1,a12,0,0,0,0,80,157
4,7 11 12 15,2,a07 a12,0,0,0,0,109,157
4,7 11 12 15,2,a11 a12,0,0,0,0,126,157
4,7 11 12 15,3,a07 a11 a12,0,0,0,0,137,157
4,7 11 12 15,1,a15,0,0,0,0,54,157
4,7 11 12 15,2,a07 a15,0,0,0,0,108,157
4,7 11 12 15,2,a11 a15,0,0,0,0,124,157
4,7 11 12 15,3,a07 a11 a15,0,0,0,0,136,157
4,7 11 12 15,2,a12 a15,0,0,0,0,109,157
4,7 11 12 15,3,a07 a12 a15,0,0,0,0,138,157
4,7 11 12 15,3,a11 a12 a15,0,0,0,0,137,157
4,7 11 12 15,4,a07 a11 a12 a15,0,0,0,0,148,157
4,7 11 12 16,0,,1,1,1,0,0,214
4,7 11 12 16,1,a07,1,1,1,0,60,214
4,7 11 12 16,1,a11,0,0,0,0,144,214
4,7 11 12 16,2,a07 a11,0,0,0,0,157,214
4,7 11 12 16,1,a12,0,0,0,0,136,214
4,7 11 12 16,2,a07 a12,0,0,0,0,168,214
4,7 11 12 16,2,a11 a12,0,0,0,0,179,214
4,7 11 12 16,3,a07 a11 a12,0,0,0,0,191,214
4,7 11 12 16,1,a16,0,0,0,0,97,214
4,7 11 12 16,2,a07 a16,0,0,0,0,157,214
4,7 11 12 16,2,a11 a16,0,0,0,0,176,214
4,7 11 12 16,3,a07 a11 a16,0,0,0,0,189,214
4,7 11 12 16,2,a12 a16,0,0,0,0,159,214
4,7 11 12 16,3,a07 a12 a16,0,0,0,0,191,214
4,7 11 12 16,3,a11 a12 a16,0,0,0,0,191,214
4,7 11 12 16,4,a07 a11 a12 a16,0,0,0,0,203,214
4,7 11 12 21,0,,1,1,1,0,0,214
4,7 11 12 21,1,a07,0,0,0,0,142,214
4,7 11 12 21,1,a11,0,0,0,0,142,214
4,7 11 12 21,2,a07 a11,0,0,0,0,176,214
4,7 11 12 21,1,a12,0,0,0,0,98,214
4,7 11 12 21,2,a07 a12,0,0,0,0,177,214
4,7 11 12 21,2,a11 a12,0,0,0,0,158,214
4,7 11 12 21,3,a07 a11 a12,0,0,0,0,190,214
4,7 11 12 21,1,a21,0,0,0,0,98,214
4,7 11 12 21,2,a07 a21,0,0,0,0,158,214
4,7 11 12 21,2,a11 a21,0,0,0,0,177,214
4,7 11 12 21,3,a07 a11 a21,0,0,0,0,190,214
4,7 11 12 21,2,a12 a21,0,0,0,0,159,214
4,7 11 12 21,3,a07 a12 a21,0,0,0,0,191,214
4,7 11 12 21,3,a11 a12 a21,0,0,0,0,191,214
4,7 11 12 21,4,a07 a11 a12 a21,0,0,0,0,203,214
4,7 11 12 22,0,,1,1,1,0,0,364
4,7 11 12 22,1,a07,0,0,0,0,251,364
4,7 11 12 22,1,a11,0,0,0,0,216,364
4,7 11 12 22,2,a07 a11,0,0,0,0,292,364
4,7 11 12 22,1,a12,0,0,0,0,232,364
4,7 11 12 22,2,a07 a12,0,0,0,0,317,364
4,7 11 12 22,2,a11 a12,0,0,0,0,294,364
4,7 11 12 22,3,a07 a11 a12,0,0,0,0,333,364
4,7 11 12 22,1,a22,0,0,0,0,216,364
4,7 11 12 22,2,a07 a22,0,0,0,0,292,364
4,7 11 12 22,2,a11 a22,0,0,0,0,314,364
4,7 11 12 22,3,a07 a11 a22,0,0,0,0,331,364
4,7 11 12 22,2,a12 a22,0,0,0,0,294,364
4,7 11 12 22,3,a07 a12 a22,0,0,0,0,333,364
4,7 11 12 22,3,a11 a12 a22,0,0,0,0,333,364
4,7 11 12 22,4,a07 a11 a12 a22,0,0,0,0,348,364
4,7 11 12 24,0,,1,1,1,0,0,472
4,7 11 12 24,1,a07,0,0,0,0,310,472
4,7 11 12 24,1,a11,0,0,0,0,378,472
4,7 11 12 24,2,a07 a11,0,0,0,0,416,472
4,7 11 12 24,1,a12,0,0,0,0,276,472
4,7 11 12 24,2,a07 a12,0,0,0,0,393,472
4,7 11 12 24,2,a11 a12,0,0,0,0,405,472
4,7 11 12 24,3,a07 a11 a12,0,0,0,0,436,472
4,7 11 12 24,1,a24,0,0,0,0,310,472
4,7 11 12 24,2,a07 a24,0,0,0,0,390,472
4,7 11 12 24,2,a11 a24,0,0,0,0,416,472
4,7 11 12 24,3,a07 a11 a24,0,0,0,0,434,472
4,7 11 12 24,2,a12 a24,0,0,0,0,393,472
4,7 11 12 24,3,a07 a12 a24,0,0,0,0,436,472
4,7 11 12 24,3,a11 a12 a24,0,0,0,0,436,472
4,7 11 12 24,4,a07 a11 a12 a24,0,0,0,0,453,472
4,7 11 12 25,0,,1,1,1,0,0,606
4,7 11 12 25,1,a07,0,0,0,0,375,606
4,7 11 12 25,1,a11,0,0,0,0,461,606
4,7 11 12 25,2,a07 a11,0,0,0,0,516,606
4,7 11 12 25,1,a12,0,0,0,0,453,606
4,7 11 12 25,2,a07 a12,0,0,0,0,531,606
4,7 11 12 25,2,a11 a12,0,0,0,0,531,606
4,7 11 12 25,3,a07 a11 a12,0,0,0,0,565,606
4,7 11 12 25,1,a25,0,0,0,0,420,606
4,7 11 12 25,2,a07 a25,0,0,0,0,514,606
4,7 11 12 25,2,a11 a25,0,0,0,0,539,606
4,7 11 12 25,3,a07 a11 a25,0,0,0,0,562,606
4,7 11 12 25,2,a12 a25,0,0,0,0,517,606
4,7 11 12 25,3,a07 a12 a25,0,0,0,0,564,606
4,7 11 12 25,3,a11 a12 a25,0,0,0,0,564,606
4,7 11 12 25,4,a07 a11 a12 a25,0,0,0,0,583,606
4,7 12 13 14,0,,1,1,1,0,0,58
4,7 12 13 14,1,a07,1,1,1,0,7,58
4,7 12 13 14,1,a12,0,0,0,0,19,58
4,7 12 13 14,2,a07 a12,0,0,0,0,26,58
4,7 12 13 14,1,a13,0,0,0,0,31,58
4,7 12 13 14,2,a07 a13,0,0,0,0,38,58
4,7 12 13 14,2,a12 a13,0,0,0,0,38,58
4,7 12 13 14,3,a07 a12 a13,0,0,0,0,45,58
4,7 12 13 14,1,a14,1,1,1,0,19,58
4,7 12 13 14,2,a07 a14,1,1,1,0,26,58
4,7 12 13 14,2,a12 a14,0,0,0,0,38,58
4,7 12 13 14,3,a07 a12 a14,0,0,0,0,45,58
4,7 12 13 14,2,a13 a14,0,0,0,0,38,58
4,7 12 13 14,3,a07 a13 a14,0,0,0,0,45,58
4,7 12 13 14,3,a12 a13 a14,0,0,0,0,45,58
4,7 12 13 14,4,a07 a12 a13 a14,0,0,0,0,52,58
4,7 12 13 15,0,,1,1,1,0,0,39
4,7 12 13 15,1,a07,1,1,1,0,6,39
4,7 12 13 15,1,a12,0,0,0,0,16,39
4,7 12 13 15,2,a07 a12,0,0,0,0,22,39
4,7 12 13 15,1,a13,0,0,0,0,16,39
4,7 12 13 15,2,a07 a13,0,0,0,0,22,39
4,7 12 13 15,2,a12 a13,0,0,0,0,22,39
4,7 12 13 15,3,a07 a12 a13,0,0,0,0,28,39
4,7 12 13 15,1,a15,1,1,1,0,6,39
4,7 12 13 15,2,a07 a15,1,1,1,0,12,39
4,7 12 13 15,2,a12 a15,0,0,0,0,22,39
4,7 12 13 15,3,a07 a12 a15,0,0,0,0,28,39
4,7 12 13 15,2,a13 a15,0,0,0,0,22,39
4,7 12 13 15,3,a07 a13 a15,0,0,0,0,28,39
4,7 12 13 15,3,a12 a13 a15,0,0,0,0,28,39
4,7 12 13 15,4,a07 a12 a13 a15,0,0,0,0,34,39
4,7 12 13 16,0,,1,1,1,0,0,58
4,7 12 13 16,1,a07,1,1,1,0,7,58
4,7 12 13 16,1,a12,0,0,0,0,31,58
4,7 12 13 16,2,a07 a12,0,0,0,0,38,58
4,7 12 13 16,1,a13,0,0,0,0,19,58
4,7 12 13 16,2,a07 a13,0,0,0,0,26,58
4,7 12 13 16,2,a12 a13,0,0,0,0,38,58
4,7 12 13 16,3,a07 a12 a13,0,0,0,0,45,58
4,7 12 13 16,1,a16,1,1,1,0,19,58
4,7 12 13 16,2,a07 a16,1,1,1,0,26,58
4,7 12 13 16,2,a12 a16,0,0,0,0,38,58
4,7 12 13 16,3,a07 a12 a16,0,0,0,0,45,58
4,7 12 13 16,2,a13 a16,0,0,0,0,38,58
4,7 12 13 16,3,a07 a13 a16,0,0,0,0,45,58
4,7 12 13 16,3,a12 a13 a16,0,0,0,0,45,58
4,7 12 13 16,4,a07 a12 a13 a16,0,0,0,0,52,58
4,7 12 13 17,0,,1,1,1,0,0,58
4,7 12 13 17,1,a07,1,1,1,0,7,58
4,7 12 13 17,1,a12,0,0,0,0,19,58
4,7 12 13 17,2,a07 a12,0,0,0,0,26,58
4,7 12 13 17,1,a13,0,0,0,0,31,58
4,7 12 13 17,2,a07 a13,0,0,0,0,38,58
4,7 12 13 17,2,a12 a13,0,0,0,0,38,58
4,7 12 13 17,3,a07 a12 a13,0,0,0,0,45,58
4,7 12 13 17,1,a17,1,1,1,0,19,58
4,7 12 13 17,2,a07 a17,1,1,1,0,26,58
4,7 12 13 17,2,a12 a17,0,0,0,0,38,58
4,7 12 13 17,3,a07 a12 a17,0,0,0,0,45,58
4,7 12 13 17,2,a13 a17,0,0,0,0,38,58
4,7 12 13 17,3,a07 a13 a17,0,0,0,0,45,58
4,7 12 13 17,3,a12 a13 a17,0,0,0,0,45,58
4,7 12 13 17,4,a07 a12 a13 a17,0,0,0,0,52,58
4,7 12 13 18,0,,1,1,1,0,0,39
4,7 12 13 18,1,a07,1,1,1,0,6,39
4,7 12 13 18,1,a12,0,0,0,0,16,39
4,7 12 13 18,2,a07 a12,0,0,0,0,22,39
4,7 12 13 18,1,a13,0,0,0,0,16,39
4,7 12 13 18,2,a07 a13,0,0,0,0,22,39
4,7 12 13 18,2,a12 a13,0,0,0,0,22,39
4,7 12 13 18,3,a07 a12 a13,0,0,0,0,28,39
4,7 12 13 18,1,a18,1,1,1,0,6,39
4,7 12 13 18,2,a07 a18,1,1,1,0,12,39
4,7 12 13 18,2,a12 a18,0,0,0,0,22,39
4,7 12 13 18,3,a07 a12 a18,0,0,0,0,28,39
4,7 12 13 18,2,a13 a18,0,0,0,0,22,39
4,7 12 13 18,3,a07 a13 a18,0,0,0,0,28,39
4,7 12 13 18,3,a12 a13 a18,0,0,0,0,28,39
4,7 12 13 18,4,a07 a12 a13 a18,0,0,0,0,34,39
4,7 12 13 19,0,,1,1,1,0,0,58
4,7 12 13 19,1,a07,1,1,1,0,7,58
4,7 12 13 19,1,a12,0,0,0,0,31,58
4,7 12 13 19,2,a07 a12,0,0,0,0,38,58
4,7 12 13 19,1,a13,0,0,0,0,19,58
4,7 12 13 19,2,a07 a13,0,0,0,0,26,58
4,7 12 13 19,2,a12 a13,0,0,0,0,38,58
4,7 12 13 19,3,a07 a12 a13,0,0,0,0,45,58
4,7 12 13 19,1,a19,1,1,1,0,19,58
4,7 12 13 19,2,a07 a19,1,1,1,0,26,58
4,7 12 13 19,2,a12 a19,0,0,0,0,38,58
4,7 12 13 19,3,a07 a12 a19,0,0,0,0,45,58
4,7 12 13 19,2,a13 a19,0,0,0,0,38,58
4,7 12 13 19,3,a07 a13 a19,0,0,0,0,45,58
4,7 12 13 19,3,a12 a13 a19,0,0,0,0,45,58
4,7 12 13 19,4,a07 a12 a13 a19,0,0,0,0,52,58
4,7 12 13 20,0,,1,1,1,0,0,116
4,7 12 13 20,1,a07,1,1,1,0,48,116
4,7 12 13 20,1,a12,0,0,0,0,25,116
4,7 12 13 20,2,a07 a12,0,0,0,0,73,116
4,7 12 13 20,1,a13,0,0,0,0,64,116
4,7 12 13 20,2,a07 a13,0,0,0,0,90,116
4,7 12 13 20,2,a12 a13,0,0,0,0,73,116
4,7 12 13 20,3,a07 a12 a13,0,0,0,0,99,116
4,7 12 13 20,1,a20,1,1,1,0,62,116
4,7 12 13 20,2,a07 a20,1,1,1,0,73,116
4,7 12 13 20,2,a12 a20,0,0,0,0,87,116
4,7 12 13 20,3,a07 a12 a20,0,0,0,0,98,116
4,7 12 13 20,2,a13 a20,0,0,0,0,89,116
4,7 12 13 20,3,a07 a13 a20,0,0,0,0,99,116
4,7 12 13 20,3,a12 a13 a20,0,0,0,0,98,116
4,7 12 13 20,4,a07 a12 a13 a20,0,0,0,0,108,116
4,7 12 13 21,0,,1,1,1,0,0,58
4,7 12 13 21,1,a07,1,1,1,0,19,58
4,7 12 13 21,1,a12,0,0,0,0,19,58
4,7 12 13 21,2,a07 a12,0,0,0,0,38,58
4,7 12 13 21,1,a13,0,0,0,0,19,58
4,7 12 13 21,2,a07 a13,0,0,0,0,38,58
4,7 12 13 21,2,a12 a13,0,0,0,0,26,58
4,7 12 13 21,3,a07 a12 a13,0,0,0,0,45,58
4,7 12 13 21,1,a21,1,1,1,0,19,58
4,7 12 13 21,2,a07 a21,1,1,1,0,26,58
4,7 12 13 21,2,a12 a21,0,0,0,0,38,58
4,7 12 13 21,3,a07 a12 a21,0,0,0,0,45,58
4,7 12 13 21,2,a13 a21,0,0,0,0,38,58
4,7 12 13 21,3,a07 a13 a21,0,0,0,0,45,58
4,7 12 13 21,3,a12 a13 a21,0,0,0,0,45,58
4,7 12 13 21,4,a07 a12 a13 a21,0,0,0,0,52,58
4,7 12 13 22,0,,1,1,1,0,0,116
4,7 12 13 22,1,a07,1,1,1,0,48,116
4,7 12 13 22,1,a12,0,0,0,0,64,116
4,7 12 13 22,2,a07 a12,0,0,0,0,90,116
4,7 12 13 22,1,a13,0,0,0,0,25,116
4,7 12 13 22,2,a07 a13,0,0,0,0,73,116
4,7 12 13 22,2,a12 a13,0,0,0,0,73,116
4,7 12 13 22,3,a07 a12 a13,0,0,0,0,99,116
4,7 12 13 22,1,a22,1,1,1,0,62,116
4,7 12 13 22,2,a07 a22,1,1,1,0,73,116
4,7 12 13 22,2,a12 a22,0,0,0,0,89,116
4,7 12 13 22,3,a07 a12 a22,0,0,0,0,99,116
4,7 12 13 22,2,a13 a22,0,0,0,0,87,116
4,7 12 13 22,3,a07 a13 a22,0,0,0,0,98,116
4,7 12 13 22,3,a12 a13 a22,0,0,0,0,98,116
4,7 12 13 22,4,a07 a12 a13 a22,0,0,0,0,108,116
4,7 12 13 23,0,,1,1,1,0,0,116
4,7 12 13 23,1,a07,1,1,1,0,48,116
4,7 12 13 23,1,a12,0,0,0,0,25,116
4,7 12 13 23,2,a07 a12,0,0,0,0,73,116
4,7 12 13 23,1,a13,0,0,0,0,64,116
4,7 12 13 23,2,a07 a13,0,0,0,0,90,116
4,7 12 13 23,2,a12 a13,0,0,0,0,73,116
4,7 12 13 23,3,a07 a12 a13,0,0,0,0,99,116
4,7 12 13 23,1,a23,1,1,1,0,62,116
4,7 12 13 23,2,a07 a23,1,1,1,0,73,116
4,7 12 13 23,2,a12 a23,0,0,0,0,87,116
4,7 12 13 23,3,a07 a12 a23,0,0,0,0,98,116
4,7 12 13 23,2,a13 a23,0,0,0,0,89,116
4,7 12 13 23,3,a07 a13 a23,0,0,0,0,99,116
4,7 12 13 23,3,a12 a13 a23,0,0,0,0,98,116
4,7 12 13 23,4,a07 a12 a13 a23,0,0,0,0,108,116
4,7 12 13 24,0,,1,1,1,0,0,58
4,7 12 13 24,1,a07,1,1,1,0,19,58
4,7 12 13 24,1,a12,0,0,0,0,19,58
4,7 12 13 24,2,a07 a12,0,0,0,0,38,58
4,7 12 13 24,1,a13,0,0,0,0,19,58
4,7 12 13 24,2,a07 a13,0,0,0,0,38,58
4,7 12 13 24,2,a12 a13,0,0,0,0,26,58
4,7 12 13 24,3,a07 a12 a13,0,0,0,0,45,58
4,7 12 13 24,1,a24,1,1,1,0,19,58
4,7 12 13 24,2,a07 a24,1,1,1,0,26,58
4,7 12 13 24,2,a12 a24,0,0,0,0,38,58
4,7 12 13 24,3,a07 a12 a24,0,0,0,0,45,58
4,7 12 13 24,2,a13 a24,0,0,0,0,38,58
4,7 12 13 24,3,a07 a13 a24,0,0,0,0,45,58
4,7 12 13 24,3,a12 a13 a24,0,0,0,0,45,58
4,7 12 13 24,4,a07 a12 a13 a24,0,0,0,0,52,58
4,7 12 13 25,0,,1,1,1,0,0,116
4,7 12 13 25,1,a07,1,1,1,0,48,116
4,7 12 13 25,1,a12,0,0,0,0,64,116
4,7 12 13 25,2,a07 a12,0,0,0,0,90,116
4,7 12 13 25,1,a13,0,0,0,0,25,116
4,7 12 13 25,2,a07 a13,0,0,0,0,73,116
4,7 12 13 25,2,a12 a13,0,0,0,0,73,116
4,7 12 13 25,3,a07 a12 a13,0,0,0,0,99,116
4,7 12 13 25,1,a25,1,1,1,0,62,116
4,7 12 13 25,2,a07 a25,1,1,1,0,73,116
4,7 12 13 25,2,a12 a25,0,0,0,0,89,116
4,7 12 13 25,3,a07 a12 a25,0,0,0,0,99,116
4,7 12 13 25,2,a13 a25,0,0,0,0,87,116
4,7 12 13 25,3,a07 a13 a25,0,0,0,0,98,116
4,7 12 13 25,3,a12 a13 a25,0,0,0,0,98,116
4,7 12 13 25,4,a07 a12 a13 a25,0,0,0,0,108,116
4,8 9 10 15,0,,1,1,1,0,0,279
4,8 9 10 15,1,a08,1,1,1,0,177,279
4,8 9 10 15,1,a09,1,1,1,0,187,279
4,8 9 10 15,2,a08 a09,1,1,1,0,216,279
4,8 9 10 15,1,a10,0,0,0,0,145,279
4,8 9 10 15,2,a08 a10,0,0,0,0,213,279
4,8 9 10 15,2,a09 a10,0,0,0,0,236,279
4,8 9 10 15,3,a08 a09 a10,0,0,0,0,252,279
4,8 9 10 15,1,a15,0,0,0,0,160,279
4,8 9 10 15,2,a08 a15,0,0,0,0,236,279
4,8 9 10 15,2,a09 a15,0,0,0,0,223,279
4,8 9 10 15,3,a08 a09 a15,0,0,0,0,252,279
4,8 9 10 15,2,a10 a15,0,0,0,0,227,279
4,8 9 10 15,3,a08 a10 a15,0,0,0,0,249,279
4,8 9 10 15,3,a09 a10 a15,0,0,0,0,249,279
4,8 9 10 15,4,a08 a09 a10 a15,0,0,0,0,265,279
4,8 9 11 15,0,,1,1,1,0,0,472
4,8 9 11 15,1,a08,1,1,1,0,258,472
4,8 9 11 15,1,a09,0,0,0,0,358,472
4,8 9 11 15,2,a08 a09,0,0,0,0,392,472
4,8 9 11 15,1,a11,0,0,0,0,312,472
4,8 9 11 15,2,a08 a11,0,0,0,0,391,472
4,8 9 11 15,2,a09 a11,0,0,0,0,416,472
4,8 9 11 15,3,a08 a09 a11,0,0,0,0,435,472
4,8 9 11 15,1,a15,0,0,0,0,350,472
4,8 9 11 15,2,a08 a15,0,0,0,0,402,472
4,8 9 11 15,2,a09 a15,0,0,0,0,402,472
4,8 9 11 15,3,a08 a09 a15,0,0,0,0,436,472
4,8 9 11 15,2,a11 a15,0,0,0,0,412,472
4,8 9 11 15,3,a08 a11 a15,0,0,0,0,435,472
4,8 9 11 15,3,a09 a11 a15,0,0,0,0,434,472
4,8 9 11 15,4,a08 a09 a11 a15,0,0,0,0,453,472
4,8 9 12 13,0,,1,1,1,0,0,279
4,8 9 12 13,1,a08,1,1,1,0,177,279
4,8 9 12 13,1,a09,1,1,1,0,187,279
4,8 9 12 13,2,a08 a09,1,1,1,0,216,279
4,8 9 12 13,1,a12,0,0,0,0,145,279
4,8 9 12 13,2,a08 a12,0,0,0,0,213,279
4,8 9 12 13,2,a09 a12,0,0,0,0,236,279
4,8 9 12 13,3,a08 a09 a12,0,0,0,0,252,279
4,8 9 12 13,1,a13,0,0,0,0,160,279
4,8 9 12 13,2,a08 a13,0,0,0,0,236,279
4,8 9 12 13,2,a09 a13,0,0,0,0,223,279
4,8 9 12 13,3,a08 a09 a13,0,0,0,0,252,279
4,8 9 12 13,2,a12 a13,0,0,0,0,227,279
4,8 9 12 13,3,a08 a12 a13,0,0,0,0,249,279
4,8 9 12 13,3,a09 a12 a13,0,0,0,0,249,279
4,8 9 12 13,4,a08 a09 a12 a13,0,0,0,0,265,279
4,8 9 13 14,0,,1,1,1,0,0,472
4,8 9 13 14,1,a08,1,1,1,0,258,472
4,8 9 13 14,1,a09,0,0,0,0,358,472
4,8 9 13 14,2,a08 a09,0,0,0,0,392,472
4,8 9 13 14,1,a13,0,0,0,0,350,472
4,8 9 13 14,2,a08 a13,0,0,0,0,402,472
4,8 9 13 14,2,a09 a13,0,0,0,0,402,472
4,8 9 13 14,3,a08 a09 a13,0,0,0,0,436,472
4,8 9 13 14,1,a14,0,0,0,0,312,472
4,8 9 13 14,2,a08 a14,0,0,0,0,391,472
4,8 9 13 14,2,a09 a14,0,0,0,0,416,472
4,8 9 13 14,3,a08 a09 a14,0,0,0,0,435,472
4,8 9 13 14,2,a13 a14,0,0,0,0,412,472
4,8 9 13 14,3,a08 a13 a14,0,0,0,0,435,472
4,8 9 13 14,3,a09 a13 a14,0,0,0,0,434,472
4,8 9 13 14,4,a08 a09 a13 a14,0,0,0,0,453,472
4,8 9 13 15,0,,1,1,1,0,0,352
4,8 9 13 15,1,a08,1,1,1,0,204,352
4,8 9 13 15,1,a09,0,0,0,0,285,352
4,8 9 13 15,2,a08 a09,0,0,0,0,304,352
4,8 9 13 15,1,a13,0,0,0,0,196,352
4,8 9 13 15,2,a08 a13,0,0,0,0,279,352
4,8 9 13 15,2,a09 a13,0,0,0,0,302,352
4,8 9 13 15,3,a08 a09 a13,0,0,0,0,321,352
4,8 9 13 15,1,a15,0,0,0,0,196,352
4,8 9 13 15,2,a08 a15,0,0,0,0,279,352
4,8 9 13 15,2,a09 a15,0,0,0,0,302,352
4,8 9 13 15,3,a08 a09 a15,0,0,0,0,321,352
4,8 9 13 15,2,a13 a15,0,0,0,0,290,352
4,8 9 13 15,3,a08 a13 a15,0,0,0,0,319,352
4,8 9 13 15,3,a09 a13 a15,0,0,0,0,317,352
4,8 9 13 15,4,a08 a09 a13 a15,0,0,0,0,336,352
4,8 10 11 15,0,,1,1,1,0,0,88
4,8 10 11 15,1,a08,1,1,1,0,29,88
4,8 10 11 15,1,a10,0,0,0,0,36,88
4,8 10 11 15,2,a08 a10,0,0,0,0,51,88
4,8 10 11 15,1,a11,1,1,1,0,36,88
4,8 10 11 15,2,a08 a11,1,1,1,0,51,88
4,8 10 11 15,2,a10 a11,0,0,0,0,65,88
4,8 10 11 15,3,a08 a10 a11,0,0,0,0,73,88
4,8 10 11 15,1,a15,0,0,0,0,36,88
4,8 10 11 15,2,a08 a15,0,0,0,0,65,88
4,8 10 11 15,2,a10 a15,0,0,0,0,58,88
4,8 10 11 15,3,a08 a10 a15,0,0,0,0,73,88
4,8 10 11 15,2,a11 a15,0,0,0,0,58,88
4,8 10 11 15,3,a08 a11 a15,0,0,0,0,73,88
4,8 10 11 15,3,a10 a11 a15,0,0,0,0,73,88
4,8 10 11 15,4,a08 a10 a11 a15,0,0,0,0,81,88
4,8 10 12 13,0,,1,1,1,0,0,116
4,8 10 12 13,1,a08,1,1,1,0,62,116
4,8 10 12 13,1,a10,1,1,1,0,48,116
4,8 10 12 13,2,a08 a10,1,1,1,0,73,116
4,8 10 12 13,1,a12,0,0,0,0,64,116
4,8 10 12 13,2,a08 a12,0,0,0,0,89,116
4,8 10 12 13,2,a10 a12,0,0,0,0,90,116
4,8 10 12 13,3,a08 a10 a12,0,0,0,0,99,116
4,8 10 12 13,1,a13,0,0,0,0,25,116
4,8 10 12 13,2,a08 a13,0,0,0,0,87,116
4,8 10 12 13,2,a10 a13,0,0,0,0,73,116
4,8 10 12 13,3,a08 a10 a13,0,0,0,0,98,116
4,8 10 12 13,2,a12 a13,0,0,0,0,73,116
4,8 10 12 13,3,a08 a12 a13,0,0,0,0,98,116
4,8 10 12 13,3,a10 a12 a13,0,0,0,0,99,116
4,8 10 12 13,4,a08 a10 a12 a13,0,0,0,0,108,116
4,8 10 12 15,0,,1,1,1,0,0,116
4,8 10 12 15,1,a08,1,1,1,0,62,116
4,8 10 12 15,1,a10,0,0,0,0,64,116
4,8 10 12 15,2,a08 a10,0,0,0,0,89,116
4,8 10 12 15,1,a12,1,1,1,0,48,116
4,8 10 12 15,2,a08 a12,1,1,1,0,73,116
4,8 10 12 15,2,a10 a12,0,0,0,0,90,116
4,8 10 12 15,3,a08 a10 a12,0,0,0,0,99,116
4,8 10 12 15,1,a15,0,0,0,0,25,116
4,8 10 12 15,2,a08 a15,0,0,0,0,87,116
4,8 10 12 15,2,a10 a15,0,0,0,0,73,116
4,8 10 12 15,3,a08 a10 a15,0,0,0,0,98,116
4,8 10 12 15,2,a12 a15,0,0,0,0,73,116
4,8 10 12 15,3,a08 a12 a15,0,0,0,0,98,116
4,8 10 12 15,3,a10 a12 a15,0,0,0,0,99,116
4,8 10 12 15,4,a08 a10 a12 a15,0,0,0,0,108,116
4,8 10 12 16,0,,1,1,1,0,0,194
4,8 10 12 16,1,a08,1,1,1,0,78,194
4,8 10 12 16,1,a10,0,0,0,0,109,194
4,8 10 12 16,2,a08 a10,0,0,0,0,140,194
4,8 10 12 16,1,a12,0,0,0,0,109,194
4,8 10 12 16,2,a08 a12,0,0,0,0,140,194
4,8 10 12 16,2,a10 a12,0,0,0,0,162,194
4,8 10 12 16,3,a08 a10 a12,0,0,0,0,173,194
4,8 10 12 16,1,a16,0,0,0,0,78,194
4,8 10 12 16,2,a08 a16,0,0,0,0,156,194
4,8 10 12 16,2,a10 a16,0,0,0,0,140,194
4,8 10 12 16,3,a08 a10 a16,0,0,0,0,171,194
4,8 10 12 16,2,a12 a16,0,0,0,0,140,194
4,8 10 12 16,3,a08 a12 a16,0,0,0,0,171,194
4,8 10 12 16,3,a10 a12 a16,0,0,0,0,173,194
4,8 10 12 16,4,a08 a10 a12 a16,0,0,0,0,184,194
4,8 10 12 21,0,,1,1,1,0,0,268
4,8 10 12 21,1,a08,0,0,0,0,204,268
4,8 10 12 21,1,a10,0,0,0,0,140,268
4,8 10 12 21,2,a08 a10,0,0,0,0,226,268
4,8 10 12 21,1,a12,0,0,0,0,140,268
4,8 10 12 21,2,a08 a12,0,0,0,0,226,268
4,8 10 12 21,2,a10 a12,0,0,0,0,208,268
4,8 10 12 21,3,a08 a10 a12,0,0,0,0,242,268
4,8 10 12 21,1,a21,0,0,0,0,140,268
4,8 10 12 21,2,a08 a21,0,0,0,0,226,268
4,8 10 12 21,2,a10 a21,0,0,0,0,208,268
4,8 10 12 21,3,a08 a10 a21,0,0,0,0,242,268
4,8 10 12 21,2,a12 a21,0,0,0,0,208,268
4,8 10 12 21,3,a08 a12 a21,0,0,0,0,242,268
4,8 10 12 21,3,a10 a12 a21,0,0,0,0,245,268
4,8 10 12 21,4,a08 a10 a12 a21,0,0,0,0,257,268
4,8 10 12 22,0,,1,1,1,0,0,364
4,8 10 12 22,1,a08,0,0,0,0,268,364
4,8 10 12 22,1,a10,0,0,0,0,175,364
4,8 10 12 22,2,a08 a10,0,0,0,0,292,364
4,8 10 12 22,1,a12,0,0,0,0,253,364
4,8 10 12 22,2,a08 a12,0,0,0,0,316,364
4,8 10 12 22,2,a10 a12,0,0,0,0,306,364
4,8 10 12 22,3,a08 a10 a12,0,0,0,0,333,364
4,8 10 12 22,1,a22,0,0,0,0,218,364
4,8 10 12 22,2,a08 a22,0,0,0,0,313,364
4,8 10 12 22,2,a10 a22,0,0,0,0,294,364
4,8 10 12 22,3,a08 a10 a22,0,0,0,0,332,364
4,8 10 12 22,2,a12 a22,0,0,0,0,295,364
4,8 10 12 22,3,a08 a12 a22,0,0,0,0,333,364
4,8 10 12 22,3,a10 a12 a22,0,0,0,0,335,364
4,8 10 12 22,4,a08 a10 a12 a22,0,0,0,0,349,364
4,8 10 12 24,0,,1,1,1,0,0,364
4,8 10 12 24,1,a08,0,0,0,0,268,364
4,8 10 12 24,1,a10,0,0,0,0,253,364
4,8 10 12 24,2,a08 a10,0,0,0,0,316,364
4,8 10 12 24,1,a12,0,0,0,0,175,364
4,8 10 12 24,2,a08 a12,0,0,0,0,292,364
4,8 10 12 24,2,a10 a12,0,0,0,0,306,364
4,8 10 12 24,3,a08 a10 a12,0,0,0,0,333,364
4,8 10 12 24,1,a24,0,0,0,0,218,364
4,8 10 12 24,2,a08 a24,0,0,0,0,313,364
4,8 10 12 24,2,a10 a24,0,0,0,0,295,364
4,8 10 12 24,3,a08 a10 a24,0,0,0,0,333,364
4,8 10 12 24,2,a12 a24,0,0,0,0,294,364
4,8 10 12 24,3,a08 a12 a24,0,0,0,0,332,364
4,8 10 12 24,3,a10 a12 a24,0,0,0,0,335,364
4,8 10 12 24,4,a08 a10 a12 a24,0,0,0,0,349,364
4,8 10 12 25,0,,1,1,1,0,0,606
4,8 10 12 25,1,a08,0,0,0,0,420,606
4,8 10 12 25,1,a10,0,0,0,0,416,606
4,8 10 12 25,2,a08 a10,0,0,0,0,517,606
4,8 10 12 25,1,a12,0,0,0,0,416,606
4,8 10 12 25,2,a08 a12,0,0,0,0,517,606
4,8 10 12 25,2,a10 a12,0,0,0,0,532,606
4,8 10 12 25,3,a08 a10 a12,0,0,0,0,565,606
4,8 10 12 25,1,a25,0,0,0,0,420,606
4,8 10 12 25,2,a08 a25,0,0,0,0,536,606
4,8 10 12 25,2,a10 a25,0,0,0,0,517,606
4,8 10 12 25,3,a08 a10 a25,0,0,0,0,563,606
4,8 10 12 25,2,a12 a25,0,0,0,0,517,606
4,8 10 12 25,3,a08 a12 a25,0,0,0,0,563,606
4,8 10 12 25,3,a10 a12 a25,0,0,0,0,565,606
4,8 10 12 25,4,a08 a10 a12 a25,0,0,0,0,583,606
4,8 10 13 14,0,,1,1,1,0,0,214
4,8 10 13 14,1,a08,1,1,1,0,97,214
4,8 10 13 14,1,a10,0,0,0,0,136,214
4,8 10 13 14,2,a08 a10,0,0,0,0,159,214
4,8 10 13 14,1,a13,0,0,0,0,60,214
4,8 10 13 14,2,a08 a13,0,0,0,0,157,214
4,8 10 13 14,2,a10 a13,0,0,0,0,168,214
4,8 10 13 14,3,a08 a10 a13,0,0,0,0,191,214
4,8 10 13 14,1,a14,0,0,0,0,144,214
4,8 10 13 14,2,a08 a14,0,0,0,0,176,214
4,8 10 13 14,2,a10 a14,0,0,0,0,179,214
4,8 10 13 14,3,a08 a10 a14,0,0,0,0,191,214
4,8 10 13 14,2,a13 a14,0,0,0,0,157,214
4,8 10 13 14,3,a08 a13 a14,0,0,0,0,189,214
4,8 10 13 14,3,a10 a13 a14,0,0,0,0,191,214
4,8 10 13 14,4,a08 a10 a13 a14,0,0,0,0,203,214
4,8 10 13 15,0,,1,1,1,0,0,58
4,8 10 13 15,1,a08,1,1,1,0,19,58
4,8 10 13 15,1,a10,0,0,0,0,31,58
4,8 10 13 15,2,a08 a10,0,0,0,0,38,58
4,8 10 13 15,1,a13,1,1,1,0,7,58
4,8 10 13 15,2,a08 a13,1,1,1,0,26,58
4,8 10 13 15,2,a10 a13,0,0,0,0,38,58
4,8 10 13 15,3,a08 a10 a13,0,0,0,0,45,58
4,8 10 13 15,1,a15,0,0,0,0,19,58
4,8 10 13 15,2,a08 a15,0,0,0,0,38,58
4,8 10 13 15,2,a10 a15,0,0,0,0,38,58
4,8 10 13 15,3,a08 a10 a15,0,0,0,0,45,58
4,8 10 13 15,2,a13 a15,0,0,0,0,26,58
4,8 10 13 15,3,a08 a13 a15,0,0,0,0,45,58
4,8 10 13 15,3,a10 a13 a15,0,0,0,0,45,58
4,8 10 13 15,4,a08 a10 a13 a15,0,0,0,0,52,58
4,8 10 14 15,0,,1,1,1,0,0,166
4,8 10 14 15,1,a08,1,1,1,0,87,166
4,8 10 14 15,1,a10,0,0,0,0,114,166
4,8 10 14 15,2,a08 a10,0,0,0,0,135,166
4,8 10 14 15,1,a14,1,1,1,0,87,166
4,8 10 14 15,2,a08 a14,1,1,1,0,116,166
4,8 10 14 15,2,a10 a14,0,0,0,0,135,166
4,8 10 14 15,3,a08 a10 a14,0,0,0,0,146,166
4,8 10 14 15,1,a15,0,0,0,0,28,166
4,8 10 14 15,2,a08 a15,0,0,0,0,115,166
4,8 10 14 15,2,a10 a15,0,0,0,0,124,166
4,8 10 14 15,3,a08 a10 a15,0,0,0,0,145,166
4,8 10 14 15,2,a14 a15,0,0,0,0,115,166
4,8 10 14 15,3,a08 a14 a15,0,0,0,0,144,166
4,8 10 14 15,3,a10 a14 a15,0,0,0,0,145,166
4,8 10 14 15,4,a08 a10 a14 a15,0,0,0,0,156,166
4,8 10 14 16,0,,1,1,1,0,0,279
4,8 10 14 16,1,a08,1,1,1,0,107,279
4,8 10 14 16,1,a10,0,0,0,0,202,279
4,8 10 14 16,2,a08 a10,0,0,0,0,227,279
4,8 10 14 16,1,a14,0,0,0,0,180,279
4,8 10 14 16,2,a08 a14,0,0,0,0,215,279
4,8 10 14 16,2,a10 a14,0,0,0,0,240,279
4,8 10 14 16,3,a08 a10 a14,0,0,0,0,253,279
4,8 10 14 16,1,a16,0,0,0,0,107,279
4,8 10 14 16,2,a08 a16,0,0,0,0,214,279
4,8 10 14 16,2,a10 a16,0,0,0,0,227,279
4,8 10 14 16,3,a08 a10 a16,0,0,0,0,252,279
4,8 10 14 16,2,a14 a16,0,0,0,0,215,279
4,8 10 14 16,3,a08 a14 a16,0,0,0,0,250,279
4,8 10 14 16,3,a10 a14 a16,0,0,0,0,253,279
4,8 10 14 16,4,a08 a10 a14 a16,0,0,0,0,266,279
4,8 10 14 21,0,,1,1,1,0,0,364
4,8 10 14 21,1,a08,0,0,0,0,268,364
4,8 10 14 21,1,a10,0,0,0,0,253,364
4,8 10 14 21,2,a08 a10,0,0,0,0,316,364
4,8 10 14 21,1,a14,0,0,0,0,218,364
4,8 10 14 21,2,a08 a14,0,0,0,0,313,364
4,8 10 14 21,2,a10 a14,0,0,0,0,295,364
4,8 10 14 21,3,a08 a10 a14,0,0,0,0,333,364
4,8 10 14 21,1,a21,0,0,0,0,175,364
4,8 10 14 21,2,a08 a21,0,0,0,0,292,364
4,8 10 14 21,2,a10 a21,0,0,0,0,306,364
4,8 10 14 21,3,a08 a10 a21,0,0,0,0,333,364
4,8 10 14 21,2,a14 a21,0,0,0,0,294,364
4,8 10 14 21,3,a08 a14 a21,0,0,0,0,332,364
4,8 10 14 21,3,a10 a14 a21,0,0,0,0,335,364
4,8 10 14 21,4,a08 a10 a14 a21,0,0,0,0,349,364
4,8 10 14 22,0,,1,1,1,0,0,606
4,8 10 14 22,1,a08,0,0,0,0,420,606
4,8 10 14 22,1,a10,0,0,0,0,453,606
4,8 10 14 22,2,a08 a10,0,0,0,0,517,606
4,8 10 14 22,1,a14,0,0,0,0,461,606
4,8 10 14 22,2,a08 a14,0,0,0,0,539,606
4,8 10 14 22,2,a10 a14,0,0,0,0,531,606
4,8 10 14 22,3,a08 a10 a14,0,0,0,0,564,606
4,8 10 14 22,1,a22,0,0,0,0,375,606
4,8 10 14 22,2,a08 a22,0,0,0,0,514,606
4,8 10 14 22,2,a10 a22,0,0,0,0,531,606
4,8 10 14 22,3,a08 a10 a22,0,0,0,0,564,606
4,8 10 14 22,2,a14 a22,0,0,0,0,516,606
4,8 10 14 22,3,a08 a14 a22,0,0,0,0,562,606
4,8 10 14 22,3,a10 a14 a22,0,0,0,0,565,606
4,8 10 14 22,4,a08 a10 a14 a22,0,0,0,0,583,606
4,8 10 14 24,0,,1,1,1,0,0,472
4,8 10 14 24,1,a08,0,0,0,0,340,472
4,8 10 14 24,1,a10,0,0,0,0,372,472
4,8 10 14 24,2,a08 a10,0,0,0,0,418,472
4,8 10 14 24,1,a14,0,0,0,0,260,472
4,8 10 14 24,2,a08 a14,0,0,0,0,388,472
4,8 10 14 24,2,a10 a14,0,0,0,0,406,472
4,8 10 14 24,3,a08 a10 a14,0,0,0,0,436,472
4,8 10 14 24,1,a24,0,0,0,0,260,472
4,8 10 14 24,2,a08 a24,0,0,0,0,388,472
4,8 10 14 24,2,a10 a24,0,0,0,0,406,472
4,8 10 14 24,3,a08 a10 a24,0,0,0,0,436,472
4,8 10 14 24,2,a14 a24,0,0,0,0,391,472
4,8 10 14 24,3,a08 a14 a24,0,0,0,0,433,472
4,8 10 14 24,3,a10 a14 a24,0,0,0,0,437,472
4,8 10 14 24,4,a08 a10 a14 a24,0,0,0,0,453,472
4,8 10 14 25,0,,1,1,1,0,0,769
4,8 10 14 25,1,a08,0,0,0,0,508,769
4,8 10 14 25,1,a10,0,0,0,0,628,769
4,8 10 14 25,2,a08 a10,0,0,0,0,684,769
4,8 10 14 25,1,a14,0,0,0,0,552,769
4,8 10 14 25,2,a08 a14,0,0,0,0,664,769
4,8 10 14 25,2,a10 a14,0,0,0,0,685,769
4,8 10 14 25,3,a08 a10 a14,0,0,0,0,721,769
4,8 10 14 25,1,a25,0,0,0,0,508,769
4,8 10 14 25,2,a08 a25,0,0,0,0,661,769
4,8 10 14 25,2,a10 a25,0,0,0,0,684,769
4,8 10 14 25,3,a08 a10 a25,0,0,0,0,720,769
4,8 10 14 25,2,a14 a25,0,0,0,0,664,769
4,8 10 14 25,3,a08 a14 a25,0,0,0,0,716,769
4,8 10 14 25,3,a10 a14 a25,0,0,0,0,721,769
4,8 10 14 25,4,a08 a10 a14 a25,0,0,0,0,741,769
4,8 10 15 16,0,,1,1,1,0,0,81
4,8 10 15 16,1,a08,1,1,1,0,22,81
4,8 10 15 16,1,a10,0,0,0,0,50,81
4,8 10 15 16,2,a08 a10,0,0,0,0,58,81
4,8 10 15 16,1,a15,0,0,0,0,22,81
4,8 10 15 16,2,a08 a15,0,0,0,0,44,81
4,8 10 15 16,2,a10 a15,0,0,0,0,58,81
4,8 10 15 16,3,a08 a10 a15,0,0,0,0,66,81
4,8 10 15 16,1,a16,1,1,1,0,22,81
4,8 10 15 16,2,a08 a16,1,1,1,0,44,81
4,8 10 15 16,2,a10 a16,0,0,0,0,58,81
4,8 10 15 16,3,a08 a10 a16,0,0,0,0,66,81
4,8 10 15 16,2,a15 a16,0,0,0,0,44,81
4,8 10 15 16,3,a08 a15 a16,0,0,0,0,66,81
4,8 10 15 16,3,a10 a15 a16,0,0,0,0,66,81
4,8 10 15 16,4,a08 a10 a15 a16,0,0,0,0,74,81
4,8 10 15 17,0,,1,1,1,0,0,81
4,8 10 15 17,1,a08,1,1,1,0,22,81
4,8 10 15 17,1,a10,0,0,0,0,36,81
4,8 10 15 17,2,a08 a10,0,0,0,0,44,81
4,8 10 15 17,1,a15,0,0,0,0,36,81
4,8 10 15 17,2,a08 a15,0,0,0,0,58,81
4,8 10 15 17,2,a10 a15,0,0,0,0,58,81
4,8 10 15 17,3,a08 a10 a15,0,0,0,0,66,81
4,8 10 15 17,1,a17,1,1,1,0,22,81
4,8 10 15 17,2,a08 a17,1,1,1,0,44,81
4,8 10 15 17,2,a10 a17,0,0,0,0,58,81
4,8 10 15 17,3,a08 a10 a17,0,0,0,0,66,81
4,8 10 15 17,2,a15 a17,0,0,0,0,44,81
4,8 10 15 17,3,a08 a15 a17,0,0,0,0,66,81
4,8 10 15 17,3,a10 a15 a17,0,0,0,0,66,81
4,8 10 15 17,4,a08 a10 a15 a17,0,0,0,0,74,81
4,8 10 15 18,0,,1,1,1,0,0,279
4,8 10 15 18,1,a08,1,1,1,0,177,279
4,8 10 15 18,1,a10,0,0,0,0,145,279
4,8 10 15 18,2,a08 a10,0,0,0,0,213,279
4,8 10 15 18,1,a15,0,0,0,0,160,279
4,8 10 15 18,2,a08 a15,0,0,0,0,236,279
4,8 10 15 18,2,a10 a15,0,0,0,0,227,279
4,8 10 15 18,3,a08 a10 a15,0,0,0,0,249,279
4,8 10 15 18,1,a18,1,1,1,0,187,279
4,8 10 15 18,2,a08 a18,1,1,1,0,216,279
4,8 10 15 18,2,a10 a18,0,0,0,0,236,279
4,8 10 15 18,3,a08 a10 a18,0,0,0,0,252,279
4,8 10 15 18,2,a15 a18,0,0,0,0,223,279
4,8 10 15 18,3,a08 a15 a18,0,0,0,0,252,279
4,8 10 15 18,3,a10 a15 a18,0,0,0,0,249,279
4,8 10 15 18,4,a08 a10 a15 a18,0,0,0,0,265,279
4,8 10 15 19,0,,1,1,1,0,0,224
4,8 10 15 19,1,a08,1,1,1,0,141,224
4,8 10 15 19,1,a10,0,0,0,0,122,224
4,8 10 15 19,2,a08 a10,0,0,0,0,174,224
4,8 10 15 19,1,a15,0,0,0,0,122,224
4,8 10 15 19,2,a08 a15,0,0,0,0,186,224
4,8 10 15 19,2,a10 a15,0,0,0,0,181,224
4,8 10 15 19,3,a08 a10 a15,0,0,0,0,198,224
4,8 10 15 19,1,a19,1,1,1,0,141,224
4,8 10 15 19,2,a08 a19,1,1,1,0,167,224
4,8 10 15 19,2,a10 a19,0,0,0,0,186,224
4,8 10 15 19,3,a08 a10 a19,0,0,0,0,200,224
4,8 10 15 19,2,a15 a19,0,0,0,0,174,224
4,8 10 15 19,3,a08 a15 a19,0,0,0,0,200,224
4,8 10 15 19,3,a10 a15 a19,0,0,0,0,198,224
4,8 10 15 19,4,a08 a10 a15 a19,0,0,0,0,212,224
4,8 10 15 20,0,,1,1,1,0,0,58
4,8 10 15 20,1,a08,1,1,1,0,19,58
4,8 10 15 20,1,a10,0,0,0,0,31,58
4,8 10 15 20,2,a08 a10,0,0,0,0,38,58
4,8 10 15 20,1,a15,0,0,0,0,19,58
4,8 10 15 20,2,a08 a15,0,0,0,0,38,58
4,8 10 15 20,2,a10 a15,0,0,0,0,38,58
4,8 10 15 20,3,a08 a10 a15,0,0,0,0,45,58
4,8 10 15 20,1,a20,1,1,1,0,7,58
4,8 10 15 20,2,a08 a20,1,1,1,0,26,58
4,8 10 15 20,2,a10 a20,0,0,0,0,38,58
4,8 10 15 20,3,a08 a10 a20,0,0,0,0,45,58
4,8 10 15 20,2,a15 a20,0,0,0,0,26,58
4,8 10 15 20,3,a08 a15 a20,0,0,0,0,45,58
4,8 10 15 20,3,a10 a15 a20,0,0,0,0,45,58
4,8 10 15 20,4,a08 a10 a15 a20,0,0,0,0,52,58
4,8 10 15 21,0,,1,1,1,0,0,116
4,8 10 15 21,1,a08,1,1,1,0,62,116
4,8 10 15 21,1,a10,0,0,0,0,64,116
4,8 10 15 21,2,a08 a10,0,0,0,0,89,116
4,8 10 15 21,1,a15,0,0,0,0,25,116
4,8 10 15 21,2,a08 a15,0,0,0,0,87,116
4,8 10 15 21,2,a10 a15,0,0,0,0,73,116
4,8 10 15 21,3,a08 a10 a15,0,0,0,0,98,116
4,8 10 15 21,1,a21,1,1,1,0,48,116
4,8 10 15 21,2,a08 a21,1,1,1,0,73,116
4,8 10 15 21,2,a10 a21,0,0,0,0,90,116
4,8 10 15 21,3,a08 a10 a21,0,0,0,0,99,116
4,8 10 15 21,2,a15 a21,0,0,0,0,73,116
4,8 10 15 21,3,a08 a15 a21,0,0,0,0,98,116
4,8 10 15 21,3,a10 a15 a21,0,0,0,0,99,116
4,8 10 15 21,4,a08 a10 a15 a21,0,0,0,0,108,116
4,8 10 15 22,0,,1,1,1,0,0,116
4,8 10 15 22,1,a08,1,1,1,0,62,116
4,8 10 15 22,1,a10,0,0,0,0,64,116
4,8 10 15 22,2,a08 a10,0,0,0,0,89,116
4,8 10 15 22,1,a15,0,0,0,0,25,116
4,8 10 15 22,2,a08 a15,0,0,0,0,87,116
4,8 10 15 22,2,a10 a15,0,0,0,0,73,116
4,8 10 15 22,3,a08 a10 a15,0,0,0,0,98,116
4,8 10 15 22,1,a22,1,1,1,0,48,116
4,8 10 15 22,2,a08 a22,1,1,1,0,73,116
4,8 10 15 22,2,a10 a22,0,0,0,0,90,116
4,8 10 15 22,3,a08 a10 a22,0,0,0,0,99,116
4,8 10 15 22,2,a15 a22,0,0,0,0,73,116
4,8 10 15 22,3,a08 a15 a22,0,0,0,0,98,116
4,8 10 15 22,3,a10 a15 a22,0,0,0,0,99,116
4,8 10 15 22,4,a08 a10 a15 a22,0,0,0,0,108,116
4,8 10 15 23,0,,1,1,1,0,0,81
4,8 10 15 23,1,a08,1,1,1,0,22,81
4,8 10 15 23,1,a10,0,0,0,0,50,81
4,8 10 15 23,2,a08 a10,0,0,0,0,58,81
4,8 10 15 23,1,a15,0,0,0,0,22,81
4,8 10 15 23,2,a08 a15,0,0,0,0,44,81
4,8 10 15 23,2,a10 a15,0,0,0,0,58,81
4,8 10 15 23,3,a08 a10 a15,0,0,0,0,66,81
4,8 10 15 23,1,a23,1,1,1,0,22,81
4,8 10 15 23,2,a08 a23,1,1,1,0,44,81
4,8 10 15 23,2,a10 a23,0,0,0,0,58,81
4,8 10 15 23,3,a08 a10 a23,0,0,0,0,66,81
4,8 10 15 23,2,a15 a23,0,0,0,0,44,81
4,8 10 15 23,3,a08 a15 a23,0,0,0,0,66,81
4,8 10 15 23,3,a10 a15 a23,0,0,0,0,66,81
4,8 10 15 23,4,a08 a10 a15 a23,0,0,0,0,74,81
4,8 10 15 24,0,,1,1,1,0,0,166
4,8 10 15 24,1,a08,1,1,1,0,87,166
4,8 10 15 24,1,a10,0,0,0,0,114,166
4,8 10 15 24,2,a08 a10,0,0,0,0,135,166
4,8 10 15 24,1,a15,0,0,0,0,28,166
4,8 10 15 24,2,a08 a15,0,0,0,0,115,166
4,8 10 15 24,2,a10 a15,0,0,0,0,124,166
4,8 10 15 24,3,a08 a10 a15,0,0,0,0,145,166
4,8 10 15 24,1,a24,1,1,1,0,87,166
4,8 10 15 24,2,a08 a24,1,1,1,0,116,166
4,8 10 15 24,2,a10 a24,0,0,0,0,135,166
4,8 10 15 24,3,a08 a10 a24,0,0,0,0,146,166
4,8 10 15 24,2,a15 a24,0,0,0,0,115,166
4,8 10 15 24,3,a08 a15 a24,0,0,0,0,144,166
4,8 10 15 24,3,a10 a15 a24,0,0,0,0,145,166
4,8 10 15 24,4,a08 a10 a15 a24,0,0,0,0,156,166
4,8 10 15 25,0,,1,1,1,0,0,166
4,8 10 15 25,1,a08,1,1,1,0,87,166
4,8 10 15 25,1,a10,0,0,0,0,114,166
4,8 10 15 25,2,a08 a10,0,0,0,0,135,166
4,8 10 15 25,1,a15,0,0,0,0,28,166
4,8 10 15 25,2,a08 a15,0,0,0,0,115,166
4,8 10 15 25,2,a10 a15,0,0,0,0,124,166
4,8 10 15 25,3,a08 a10 a15,0,0,0,0,145,166
4,8 10 15 25,1,a25,1,1,1,0,87,166
4,8 10 15 25,2,a08 a25,1,1,1,0,116,166
4,8 10 15 25,2,a10 a25,0,0,0,0,135,166
4,8 10 15 25,3,a08 a10 a25,0,0,0,0,146,166
4,8 10 15 25,2,a15 a25,0,0,0,0,115,166
4,8 10 15 25,3,a08 a15 a25,0,0,0,0,144,166
4,8 10 15 25,3,a10 a15 a25,0,0,0,0,145,166
4,8 10 15 25,4,a08 a10 a15 a25,0,0,0,0,156,166
4,8 11 12 13,0,,1,1,1,0,0,166
4,8 11 12 13,1,a08,1,1,1,0,87,166
4,8 11 12 13,1,a11,1,1,1,0,87,166
4,8 11 12 13,2,a08 a11,1,1,1,0,116,166
4,8 11 12 13,1,a12,0,0,0,0,114,166
4,8 11 12 13,2,a08 a12,0,0,0,0,135,166
4,8 11 12 13,2,a11 a12,0,0,0,0,135,166
4,8 11 12 13,3,a08 a11 a12,0,0,0,0,146,166
4,8 11 12 13,1,a13,0,0,0,0,28,166
4,8 11 12 13,2,a08 a13,0,0,0,0,115,166
4,8 11 12 13,2,a11 a13,0,0,0,0,115,166
4,8 11 12 13,3,a08 a11 a13,0,0,0,0,144,166
4,8 11 12 13,2,a12 a13,0,0,0,0,124,166
4,8 11 12 13,3,a08 a12 a13,0,0,0,0,145,166
4,8 11 12 13,3,a11 a12 a13,0,0,0,0,145,166
4,8 11 12 13,4,a08 a11 a12 a13,0,0,0,0,156,166
4,8 11 12 15,0,,1,1,1,0,0,214
4,8 11 12 15,1,a08,1,1,1,0,97,214
4,8 11 12 15,1,a11,0,0,0,0,144,214
4,8 11 12 15,2,a08 a11,0,0,0,0,176,214
4,8 11 12 15,1,a12,0,0,0,0,136,214
4,8 11 12 15,2,a08 a12,0,0,0,0,159,214
4,8 11 12 15,2,a11 a12,0,0,0,0,179,214
4,8 11 12 15,3,a08 a11 a12,0,0,0,0,191,214
4,8 11 12 15,1,a15,0,0,0,0,60,214
4,8 11 12 15,2,a08 a15,0,0,0,0,157,214
4,8 11 12 15,2,a11 a15,0,0,0,0,157,214
4,8 11 12 15,3,a08 a11 a15,0,0,0,0,189,214
4,8 11 12 15,2,a12 a15,0,0,0,0,168,214
4,8 11 12 15,3,a08 a12 a15,0,0,0,0,191,214
4,8 11 12 15,3,a11 a12 a15,0,0,0,0,191,214
4,8 11 12 15,4,a08 a11 a12 a15,0,0,0,0,203,214
4,8 11 12 16,0,,1,1,1,0,0,279
4,8 11 12 16,1,a08,1,1,1,0,107,279
4,8 11 12 16,1,a11,0,0,0,0,180,279
4,8 11 12 16,2,a08 a11,0,0,0,0,215,279
4,8 11 12 16,1,a12,0,0,0,0,202,279
4,8 11 12 16,2,a08 a12,0,0,0,0,227,279
4,8 11 12 16,2,a11 a12,0,0,0,0,240,279
4,8 11 12 16,3,a08 a11 a12,0,0,0,0,253,279
4,8 11 12 16,1,a16,0,0,0,0,107,279
4,8 11 12 16,2,a08 a16,0,0,0,0,214,279
4,8 11 12 16,2,a11 a16,0,0,0,0,215,279
4,8 11 12 16,3,a08 a11 a16,0,0,0,0,250,279
4,8 11 12 16,2,a12 a16,0,0,0,0,227,279
4,8 11 12 16,3,a08 a12 a16,0,0,0,0,252,279
4,8 11 12 16,3,a11 a12 a16,0,0,0,0,253,279
4,8 11 12 16,4,a08 a11 a12 a16,0,0,0,0,266,279
4,8 11 12 21,0,,1,1,1,0,0,364
4,8 11 12 21,1,a08,0,0,0,0,268,364
4,8 11 12 21,1,a11,0,0,0,0,218,364
4,8 11 12 21,2,a08 a11,0,0,0,0,313,364
4,8 11 12 21,1,a12,0,0,0,0,253,364
4,8 11 12 21,2,a08 a12,0,0,0,0,316,364
4,8 11 12 21,2,a11 a12,0,0,0,0,295,364
4,8 11 12 21,3,a08 a11 a12,0,0,0,0,333,364
4,8 11 12 21,1,a21,0,0,0,0,175,364
4,8 11 12 21,2,a08 a21,0,0,0,0,292,364
4,8 11 12 21,2,a11 a21,0,0,0,0,294,364
4,8 11 12 21,3,a08 a11 a21,0,0,0,0,332,364
4,8 11 12 21,2,a12 a21,0,0,0,0,306,364
4,8 11 12 21,3,a08 a12 a21,0,0,0,0,333,364
4,8 11 12 21,3,a11 a12 a21,0,0,0,0,335,364
4,8 11 12 21,4,a08 a11 a12 a21,0,0,0,0,349,364
4,8 11 12 22,0,,1,1,1,0,0,472
4,8 11 12 22,1,a08,0,0,0,0,340,472
4,8 11 12 22,1,a11,0,0,0,0,260,472
4,8 11 12 22,2,a08 a11,0,0,0,0,388,472
4,8 11 12 22,1,a12,0,0,0,0,372,472
4,8 11 12 22,2,a08 a12,0,0,0,0,418,472
4,8 11 12 22,2,a11 a12,0,0,0,0,406,472
4,8 11 12 22,3,a08 a11 a12,0,0,0,0,436,472
4,8 11 12 22,1,a22,0,0,0,0,260,472
4,8 11 12 22,2,a08 a22,0,0,0,0,388,472
4,8 11 12 22,2,a11 a22,0,0,0,0,391,472
4,8 11 12 22,3,a08 a11 a22,0,0,0,0,433,472
4,8 11 12 22,2,a12 a22,0,0,0,0,406,472
4,8 11 12 22,3,a08 a12 a22,0,0,0,0,436,472
4,8 11 12 22,3,a11 a12 a22,0,0,0,0,437,472
4,8 11 12 22,4,a08 a11 a12 a22,0,0,0,0,453,472
4,8 11 12 24,0,,1,1,1,0,0,606
4,8 11 12 24,1,a08,0,0,0,0,420,606
4,8 11 12 24,1,a11,0,0,0,0,461,606
4,8 11 12 24,2,a08 a11,0,0,0,0,539,606
4,8 11 12 24,1,a12,0,0,0,0,453,606
4,8 11 12 24,2,a08 a12,0,0,0,0,517,606
4,8 11 12 24,2,a11 a12,0,0,0,0,531,606
4,8 11 12 24,3,a08 a11 a12,0,0,0,0,564,606
4,8 11 12 24,1,a24,0,0,0,0,375,606
4,8 11 12 24,2,a08 a24,0,0,0,0,514,606
4,8 11 12 24,2,a11 a24,0,0,0,0,516,606
4,8 11 12 24,3,a08 a11 a24,0,0,0,0,562,606
4,8 11 12 24,2,a12 a24,0,0,0,0,531,606
4,8 11 12 24,3,a08 a12 a24,0,0,0,0,564,606
4,8 11 12 24,3,a11 a12 a24,0,0,0,0,565,606
4,8 11 12 24,4,a08 a11 a12 a24,0,0,0,0,583,606
4,8 11 12 25,0,,1,1,1,0,0,769
4,8 11 12 25,1,a08,0,0,0,0,508,769
4,8 11 12 25,1,a11,0,0,0,0,552,769
4,8 11 12 25,2,a08 a11,0,0,0,0,664,769
4,8 11 12 25,1,a12,0,0,0,0,628,769
4,8 11 12 25,2,a08 a12,0,0,0,0,684,769
4,8 11 12 25,2,a11 a12,0,0,0,0,685,769
4,8 11 12 25,3,a08 a11 a12,0,0,0,0,721,769
4,8 11 12 25,1,a25,0,0,0,0,508,769
4,8 11 12 25,2,a08 a25,0,0,0,0,661,769
4,8 11 12 25,2,a11 a25,0,0,0,0,664,769
4,8 11 12 25,3,a08 a11 a25,0,0,0,0,716,769
4,8 11 12 25,2,a12 a25,0,0,0,0,684,769
4,8 11 12 25,3,a08 a12 a25,0,0,0,0,720,769
4,8 11 12 25,3,a11 a12 a25,0,0,0,0,721,769
4,8 11 12 25,4,a08 a11 a12 a25,0,0,0,0,741,769
4,8 12 13 14,0,,1,1,1,0,0,88
4,8 12 13 14,1,a08,1,1,1,0,29,88
4,8 12 13 14,1,a12,0,0,0,0,36,88
4,8 12 13 14,2,a08 a12,0,0,0,0,51,88
4,8 12 13 14,1,a13,0,0,0,0,36,88
4,8 12 13 14,2,a08 a13,0,0,0,0,65,88
4,8 12 13 14,2,a12 a13,0,0,0,0,58,88
4,8 12 13 14,3,a08 a12 a13,0,0,0,0,73,88
4,8 12 13 14,1,a14,1,1,1,0,36,88
4,8 12 13 14,2,a08 a14,1,1,1,0,51,88
4,8 12 13 14,2,a12 a14,0,0,0,0,65,88
4,8 12 13 14,3,a08 a12 a14,0,0,0,0,73,88
4,8 12 13 14,2,a13 a14,0,0,0,0,58,88
4,8 12 13 14,3,a08 a13 a14,0,0,0,0,73,88
4,8 12 13 14,3,a12 a13 a14,0,0,0,0,73,88
4,8 12 13 14,4,a08 a12 a13 a14,0,0,0,0,81,88
4,8 12 13 15,0,,1,1,1,0,0,58
4,8 12 13 15,1,a08,1,1,1,0,19,58
4,8 12 13 15,1,a12,0,0,0,0,31,58
4,8 12 13 15,2,a08 a12,0,0,0,0,38,58
4,8 12 13 15,1,a13,0,0,0,0,19,58
4,8 12 13 15,2,a08 a13,0,0,0,0,38,58
4,8 12 13 15,2,a12 a13,0,0,0,0,38,58
4,8 12 13 15,3,a08 a12 a13,0,0,0,0,45,58
4,8 12 13 15,1,a15,1,1,1,0,7,58
4,8 12 13 15,2,a08 a15,1,1,1,0,26,58
4,8 12 13 15,2,a12 a15,0,0,0,0,38,58
4,8 12 13 15,3,a08 a12 a15,0,0,0,0,45,58
4,8 12 13 15,2,a13 a15,0,0,0,0,26,58
4,8 12 13 15,3,a08 a13 a15,0,0,0,0,45,58
4,8 12 13 15,3,a12 a13 a15,0,0,0,0,45,58
4,8 12 13 15,4,a08 a12 a13 a15,0,0,0,0,52,58
4,8 12 13 16,0,,1,1,1,0,0,81
4,8 12 13 16,1,a08,1,1,1,0,22,81
4,8 12 13 16,1,a12,0,0,0,0,50,81
4,8 12 13 16,2,a08 a12,0,0,0,0,58,81
4,8 12 13 16,1,a13,0,0,0,0,22,81
4,8 12 13 16,2,a08 a13,0,0,0,0,44,81
4,8 12 13 16,2,a12 a13,0,0,0,0,58,81
4,8 12 13 16,3,a08 a12 a13,0,0,0,0,66,81
4,8 12 13 16,1,a16,1,1,1,0,22,81
4,8 12 13 16,2,a08 a16,1,1,1,0,44,81
4,8 12 13 16,2,a12 a16,0,0,0,0,58,81
4,8 12 13 16,3,a08 a12 a16,0,0,0,0,66,81
4,8 12 13 16,2,a13 a16,0,0,0,0,44,81
4,8 12 13 16,3,a08 a13 a16,0,0,0,0,66,81
4,8 12 13 16,3,a12 a13 a16,0,0,0,0,66,81
4,8 12 13 16,4,a08 a12 a13 a16,0,0,0,0,74,81
4,8 12 13 17,0,,1,1,1,0,0,81
4,8 12 13 17,1,a08,1,1,1,0,22,81
4,8 12 13 17,1,a12,0,0,0,0,36,81
4,8 12 13 17,2,a08 a12,0,0,0,0,44,81
4,8 12 13 17,1,a13,0,0,0,0,36,81
4,8 12 13 17,2,a08 a13,0,0,0,0,58,81
4,8 12 13 17,2,a12 a13,0,0,0,0,58,81
4,8 12 13 17,3,a08 a12 a13,0,0,0,0,66,81
4,8 12 13 17,1,a17,1,1,1,0,22,81
4,8 12 13 17,2,a08 a17,1,1,1,0,44,81
4,8 12 13 17,2,a12 a17,0,0,0,0,58,81
4,8 12 13 17,3,a08 a12 a17,0,0,0,0,66,81
4,8 12 13 17,2,a13 a17,0,0,0,0,44,81
4,8 12 13 17,3,a08 a13 a17,0,0,0,0,66,81
4,8 12 13 17,3,a12 a13 a17,0,0,0,0,66,81
4,8 12 13 17,4,a08 a12 a13 a17,0,0,0,0,74,81
4,8 12 13 18,0,,1,1,1,0,0,58
4,8 12 13 18,1,a08,1,1,1,0,19,58
4,8 12 13 18,1,a12,0,0,0,0,31,58
4,8 12 13 18,2,a08 a12,0,0,0,0,38,58
4,8 12 13 18,1,a13,0,0,0,0,19,58
4,8 12 13 18,2,a08 a13,0,0,0,0,38,58
4,8 12 13 18,2,a12 a13,0,0,0,0,38,58
4,8 12 13 18,3,a08 a12 a13,0,0,0,0,45,58
4,8 12 13 18,1,a18,1,1,1,0,7,58
4,8 12 13 18,2,a08 a18,1,1,1,0,26,58
4,8 12 13 18,2,a12 a18,0,0,0,0,38,58
4,8 12 13 18,3,a08 a12 a18,0,0,0,0,45,58
4,8 12 13 18,2,a13 a18,0,0,0,0,26,58
4,8 12 13 18,3,a08 a13 a18,0,0,0,0,45,58
4,8 12 13 18,3,a12 a13 a18,0,0,0,0,45,58
4,8 12 13 18,4,a08 a12 a13 a18,0,0,0,0,52,58
4,8 12 13 19,0,,1,1,1,0,0,81
4,8 12 13 19,1,a08,1,1,1,0,22,81
4,8 12 13 19,1,a12,0,0,0,0,50,81
4,8 12 13 19,2,a08 a12,0,0,0,0,58,81
4,8 12 13 19,1,a13,0,0,0,0,22,81
4,8 12 13 19,2,a08 a13,0,0,0,0,44,81
4,8 12 13 19,2,a12 a13,0,0,0,0,58,81
4,8 12 13 19,3,a08 a12 a13,0,0,0,0,66,81
4,8 12 13 19,1,a19,1,1,1,0,22,81
4,8 12 13 19,2,a08 a19,1,1,1,0,44,81
4,8 12 13 19,2,a12 a19,0,0,0,0,58,81
4,8 12 13 19,3,a08 a12 a19,0,0,0,0,66,81
4,8 12 13 19,2,a13 a19,0,0,0,0,44,81
4,8 12 13 19,3,a08 a13 a19,0,0,0,0,66,81
4,8 12 13 19,3,a12 a13 a19,0,0,0,0,66,81
4,8 12 13 19,4,a08 a12 a13 a19,0,0,0,0,74,81
4,8 12 13 20,0,,1,1,1,0,0,279
4,8 12 13 20,1,a08,1,1,1,0,177,279
4,8 12 13 20,1,a12,0,0,0,0,145,279
4,8 12 13 20,2,a08 a12,0,0,0,0,213,279
4,8 12 13 20,1,a13,0,0,0,0,160,279
4,8 12 13 20,2,a08 a13,0,0,0,0,236,279
4,8 12 13 20,2,a12 a13,0,0,0,0,227,279
4,8 12 13 20,3,a08 a12 a13,0,0,0,0,249,279
4,8 12 13 20,1,a20,1,1,1,0,187,279
4,8 12 13 20,2,a08 a20,1,1,1,0,216,279
4,8 12 13 20,2,a12 a20,0,0,0,0,236,279
4,8 12 13 20,3,a08 a12 a20,0,0,0,0,252,279
4,8 12 13 20,2,a13 a20,0,0,0,0,223,279
4,8 12 13 20,3,a08 a13 a20,0,0,0,0,252,279
4,8 12 13 20,3,a12 a13 a20,0,0,0,0,249,279
4,8 12 13 20,4,a08 a12 a13 a20,0,0,0,0,265,279
4,8 12 13 21,0,,1,1,1,0,0,116
4,8 12 13 21,1,a08,1,1,1,0,62,116
4,8 12 13 21,1,a12,0,0,0,0,64,116
4,8 12 13 21,2,a08 a12,0,0,0,0,89,116
4,8 12 13 21,1,a13,0,0,0,0,25,116
4,8 12 13 21,2,a08 a13,0,0,0,0,87,116
4,8 12 13 21,2,a12 a13,0,0,0,0,73,116
4,8 12 13 21,3,a08 a12 a13,0,0,0,0,98,116
4,8 12 13 21,1,a21,1,1,1,0,48,116
4,8 12 13 21,2,a08 a21,1,1,1,0,73,116
4,8 12 13 21,2,a12 a21,0,0,0,0,90,116
4,8 12 13 21,3,a08 a12 a21,0,0,0,0,99,116
4,8 12 13 21,2,a13 a21,0,0,0,0,73,116
4,8 12 13 21,3,a08 a13 a21,0,0,0,0,98,116
4,8 12 13 21,3,a12 a13 a21,0,0,0,0,99,116
4,8 12 13 21,4,a08 a12 a13 a21,0,0,0,0,108,116
4,8 12 13 22,0,,1,1,1,0,0,166
4,8 12 13 22,1,a08,1,1,1,0,87,166
4,8 12 13 22,1,a12,0,0,0,0,114,166
4,8 12 13 22,2,a08 a12,0,0,0,0,135,166
4,8 12 13 22,1,a13,0,0,0,0,28,166
4,8 12 13 22,2,a08 a13,0,0,0,0,115,166
4,8 12 13 22,2,a12 a13,0,0,0,0,124,166
4,8 12 13 22,3,a08 a12 a13,0,0,0,0,145,166
4,8 12 13 22,1,a22,1,1,1,0,87,166
4,8 12 13 22,2,a08 a22,1,1,1,0,116,166
4,8 12 13 22,2,a12 a22,0,0,0,0,135,166
4,8 12 13 22,3,a08 a12 a22,0,0,0,0,146,166
4,8 12 13 22,2,a13 a22,0,0,0,0,115,166
4,8 12 13 22,3,a08 a13 a22,0,0,0,0,144,166
4,8 12 13 22,3,a12 a13 a22,0,0,0,0,145,166
4,8 12 13 22,4,a08 a12 a13 a22,0,0,0,0,156,166
4,8 12 13 23,0,,1,1,1,0,0,224
4,8 12 13 23,1,a08,1,1,1,0,141,224
4,8 12 13 23,1,a12,0,0,0,0,122,224
4,8 12 13 23,2,a08 a12,0,0,0,0,174,224
4,8 12 13 23,1,a13,0,0,0,0,122,224
4,8 12 13 23,2,a08 a13,0,0,0,0,186,224
4,8 12 13 23,2,a12 a13,0,0,0,0,181,224
4,8 12 13 23,3,a08 a12 a13,0,0,0,0,198,224
4,8 12 13 23,1,a23,1,1,1,0,141,224
4,8 12 13 23,2,a08 a23,1,1,1,0,167,224
4,8 12 13 23,2,a12 a23,0,0,0,0,186,224
4,8 12 13 23,3,a08 a12 a23,0,0,0,0,200,224
4,8 12 13 23,2,a13 a23,0,0,0,0,174,224
4,8 12 13 23,3,a08 a13 a23,0,0,0,0,200,224
4,8 12 13 23,3,a12 a13 a23,0,0,0,0,198,224
4,8 12 13 23,4,a08 a12 a13 a23,0,0,0,0,212,224
4,8 12 13 24,0,,1,1,1,0,0,116
4,8 12 13 24,1,a08,1,1,1,0,62,116
4,8 12 13 24,1,a12,0,0,0,0,64,116
4,8 12 13 24,2,a08 a12,0,0,0,0,89,116
4,8 12 13 24,1,a13,0,0,0,0,25,116
4,8 12 13 24,2,a08 a13,0,0,0,0,87,116
4,8 12 13 24,2,a12 a13,0,0,0,0,73,116
4,8 12 13 24,3,a08 a12 a13,0,0,0,0,98,116
4,8 12 13 24,1,a24,1,1,1,0,48,116
4,8 12 13 24,2,a08 a24,1,1,1,0,73,116
4,8 12 13 24,2,a12 a24,0,0,0,0,90,116
4,8 12 13 24,3,a08 a12 a24,0,0,0,0,99,116
4,8 12 13 24,2,a13 a24,0,0,0,0,73,116
4,8 12 13 24,3,a08 a13 a24,0,0,0,0,98,116
4,8 12 13 24,3,a12 a13 a24,0,0,0,0,99,116
4,8 12 13 24,4,a08 a12 a13 a24,0,0,0,0,108,116
4,8 12 13 25,0,,1,1,1,0,0,166
4,8 12 13 25,1,a08,1,1,1,0,87,166
4,8 12 13 25,1,a12,0,0,0,0,114,166
4,8 12 13 25,2,a08 a12,0,0,0,0,135,166
4,8 12 13 25,1,a13,0,0,0,0,28,166
4,8 12 13 25,2,a08 a13,0,0,0,0,115,166
4,8 12 13 25,2,a12 a13,0,0,0,0,124,166
4,8 12 13 25,3,a08 a12 a13,0,0,0,0,145,166
4,8 12 13 25,1,a25,1,1,1,0,87,166
4,8 12 13 25,2,a08 a25,1,1,1,0,116,166
4,8 12 13 25,2,a12 a25,0,0,0,0,135,166
4,8 12 13 25,3,a08 a12 a25,0,0,0,0,146,166
4,8 12 13 25,2,a13 a25,0,0,0,0,115,166
4,8 12 13 25,3,a08 a13 a25,0,0,0,0,144,166
4,8 12 13 25,3,a12 a13 a25,0,0,0,0,145,166
4,8 12 13 25,4,a08 a12 a13 a25,0,0,0,0,156,166
4,9 10 11 15,0,,1,1,1,0,0,109
4,9 10 11 15,1,a09,1,1,1,0,67,109
4,9 10 11 15,1,a10,1,0,1,1,22,109
4,9 10 11 15,2,a09 a10,0,0,0,0,70,109
4,9 10 11 15,1,a11,1,1,1,0,67,109
4,9 10 11 15,2,a09 a11,1,1,1,0,90,109
4,9 10 11 15,2,a10 a11,0,0,0,0,70,109
4,9 10 11 15,3,a09 a10 a11,0,0,0,0,93,109
4,9 10 11 15,1,a15,0,0,0,0,74,109
4,9 10 11 15,2,a09 a15,0,0,0,0,91,109
4,9 10 11 15,2,a10 a15,0,0,0,0,76,109
4,9 10 11 15,3,a09 a10 a15,0,0,0,0,92,109
4,9 10 11 15,2,a11 a15,0,0,0,0,91,109
4,9 10 11 15,3,a09 a11 a15,0,0,0,0,100,109
4,9 10 11 15,3,a10 a11 a15,0,0,0,0,92,109
4,9 10 11 15,4,a09 a10 a11 a15,0,0,0,0,101,109
4,9 10 12 13,0,,1,1,1,0,0,44
4,9 10 12 13,1,a09,1,1,1,0,16,44
4,9 10 12 13,1,a10,1,1,1,0,6,44
4,9 10 12 13,2,a09 a10,1,1,1,0,17,44
4,9 10 12 13,1,a12,0,0,0,0,16,44
4,9 10 12 13,2,a09 a12,0,0,0,0,32,44
4,9 10 12 13,2,a10 a12,0,0,0,0,22,44
4,9 10 12 13,3,a09 a10 a12,0,0,0,0,33,44
4,9 10 12 13,1,a13,0,0,0,0,26,44
4,9 10 12 13,2,a09 a13,0,0,0,0,32,44
4,9 10 12 13,2,a10 a13,0,0,0,0,27,44
4,9 10 12 13,3,a09 a10 a13,0,0,0,0,33,44
4,9 10 12 13,2,a12 a13,0,0,0,0,32,44
4,9 10 12 13,3,a09 a12 a13,0,0,0,0,38,44
4,9 10 12 13,3,a10 a12 a13,0,0,0,0,33,44
4,9 10 12 13,4,a09 a10 a12 a13,0,0,0,0,39,44
4,9 10 12 15,0,,1,1,1,0,0,44
4,9 10 12 15,1,a09,1,1,1,0,16,44
4,9 10 12 15,1,a10,0,0,0,0,16,44
4,9 10 12 15,2,a09 a10,0,0,0,0,32,44
4,9 10 12 15,1,a12,1,1,1,0,6,44
4,9 10 12 15,2,a09 a12,1,1,1,0,17,44
4,9 10 12 15,2,a10 a12,0,0,0,0,22,44
4,9 10 12 15,3,a09 a10 a12,0,0,0,0,33,44
4,9 10 12 15,1,a15,0,0,0,0,26,44
4,9 10 12 15,2,a09 a15,0,0,0,0,32,44
4,9 10 12 15,2,a10 a15,0,0,0,0,32,44
4,9 10 12 15,3,a09 a10 a15,0,0,0,0,38,44
4,9 10 12 15,2,a12 a15,0,0,0,0,27,44
4,9 10 12 15,3,a09 a12 a15,0,0,0,0,33,44
4,9 10 12 15,3,a10 a12 a15,0,0,0,0,33,44
4,9 10 12 15,4,a09 a10 a12 a15,0,0,0,0,39,44
4,9 10 12 16,0,,1,1,1,0,0,102
4,9 10 12 16,1,a09,1,1,1,0,78,102
4,9 10 12 16,1,a10,0,0,0,0,48,102
4,9 10 12 16,2,a09 a10,0,0,0,0,83,102
4,9 10 12 16,1,a12,0,0,0,0,48,102
4,9 10 12 16,2,a09 a12,0,0,0,0,83,102
4,9 10 12 16,2,a10 a12,0,0,0,0,77,102
4,9 10 12 16,3,a09 a10 a12,0,0,0,0,87,102
4,9 10 12 16,1,a16,0,0,0,0,78,102
4,9 10 12 16,2,a09 a16,0,0,0,0,90,102
4,9 10 12 16,2,a10 a16,0,0,0,0,82,102
4,9 10 12 16,3,a09 a10 a16,0,0,0,0,93,102
4,9 10 12 16,2,a12 a16,0,0,0,0,82,102
4,9 10 12 16,3,a09 a12 a16,0,0,0,0,93,102
4,9 10 12 16,3,a10 a12 a16,0,0,0,0,85,102
4,9 10 12 16,4,a09 a10 a12 a16,0,0,0,0,95,102
4,9 10 13 14,0,,1,1,1,0,0,109
4,9 10 13 14,1,a09,1,1,1,0,67,109
4,9 10 13 14,1,a10,1,0,1,1,42,109
4,9 10 13 14,2,a09 a10,0,0,0,0,71,109
4,9 10 13 14,1,a13,0,0,0,0,74,109
4,9 10 13 14,2,a09 a13,0,0,0,0,91,109
4,9 10 13 14,2,a10 a13,0,0,0,0,78,109
4,9 10 13 14,3,a09 a10 a13,0,0,0,0,94,109
4,9 10 13 14,1,a14,0,0,0,0,67,109
4,9 10 13 14,2,a09 a14,0,0,0,0,90,109
4,9 10 13 14,2,a10 a14,0,0,0,0,77,109
4,9 10 13 14,3,a09 a10 a14,0,0,0,0,93,109
4,9 10 13 14,2,a13 a14,0,0,0,0,91,109
4,9 10 13 14,3,a09 a13 a14,0,0,0,0,100,109
4,9 10 13 14,3,a10 a13 a14,0,0,0,0,93,109
4,9 10 13 14,4,a09 a10 a13 a14,0,0,0,0,102,109
4,9 10 13 15,0,,1,1,1,0,0,70
4,9 10 13 15,1,a09,1,1,1,0,46,70
4,9 10 13 15,1,a10,1,0,1,1,19,70
4,9 10 13 15,2,a09 a10,0,0,0,0,49,70
4,9 10 13 15,1,a13,1,1,1,0,36,70
4,9 10 13 15,2,a09 a13,1,1,1,0,55,70
4,9 10 13 15,2,a10 a13,0,0,0,0,38,70
4,9 10 13 15,3,a09 a10 a13,0,0,0,0,57,70
4,9 10 13 15,1,a15,0,0,0,0,36,70
4,9 10 13 15,2,a09 a15,0,0,0,0,55,70
4,9 10 13 15,2,a10 a15,0,0,0,0,43,70
4,9 10 13 15,3,a09 a10 a15,0,0,0,0,56,70
4,9 10 13 15,2,a13 a15,0,0,0,0,56,70
4,9 10 13 15,3,a09 a13 a15,0,0,0,0,63,70
4,9 10 13 15,3,a10 a13 a15,0,0,0,0,57,70
4,9 10 13 15,4,a09 a10 a13 a15,0,0,0,0,64,70
4,9 10 14 15,0,,1,1,1,0,0,70
4,9 10 14 15,1,a09,1,1,1,0,25,70
4,9 10 14 15,1,a10,0,0,0,0,31,70
4,9 10 14 15,2,a09 a10,0,0,0,0,50,70
4,9 10 14 15,1,a14,1,1,1,0,25,70
4,9 10 14 15,2,a09 a14,1,1,1,0,38,70
4,9 10 14 15,2,a10 a14,0,0,0,0,44,70
4,9 10 14 15,3,a09 a10 a14,0,0,0,0,57,70
4,9 10 14 15,1,a15,0,0,0,0,31,70
4,9 10 14 15,2,a09 a15,0,0,0,0,44,70
4,9 10 14 15,2,a10 a15,0,0,0,0,44,70
4,9 10 14 15,3,a09 a10 a15,0,0,0,0,57,70
4,9 10 14 15,2,a14 a15,0,0,0,0,50,70
4,9 10 14 15,3,a09 a14 a15,0,0,0,0,57,70
4,9 10 14 15,3,a10 a14 a15,0,0,0,0,57,70
4,9 10 14 15,4,a09 a10 a14 a15,0,0,0,0,64,70
4,9 10 14 16,0,,1,1,1,0,0,156
4,9 10 14 16,1,a09,1,1,1,0,111,156
4,9 10 14 16,1,a10,0,0,0,0,98,156
4,9 10 14 16,2,a09 a10,0,0,0,0,118,156
4,9 10 14 16,1,a14,0,0,0,0,92,156
4,9 10 14 16,2,a09 a14,0,0,0,0,132,156
4,9 10 14 16,2,a10 a14,0,0,0,0,126,156
4,9 10 14 16,3,a09 a10 a14,0,0,0,0,137,156
4,9 10 14 16,1,a16,0,0,0,0,111,156
4,9 10 14 16,2,a09 a16,0,0,0,0,133,156
4,9 10 14 16,2,a10 a16,0,0,0,0,118,156
4,9 10 14 16,3,a09 a10 a16,0,0,0,0,137,156
4,9 10 14 16,2,a14 a16,0,0,0,0,132,156
4,9 10 14 16,3,a09 a14 a16,0,0,0,0,144,156
4,9 10 14 16,3,a10 a14 a16,0,0,0,0,136,156
4,9 10 14 16,4,a09 a10 a14 a16,0,0,0,0,147,156
4,9 10 15 16,0,,1,1,1,0,0,102
4,9 10 15 16,1,a09,1,1,1,0,78,102
4,9 10 15 16,1,a10,0,0,0,0,48,102
4,9 10 15 16,2,a09 a10,0,0,0,0,83,102
4,9 10 15 16,1,a15,0,0,0,0,48,102
4,9 10 15 16,2,a09 a15,0,0,0,0,82,102
4,9 10 15 16,2,a10 a15,0,0,0,0,76,102
4,9 10 15 16,3,a09 a10 a15,0,0,0,0,85,102
4,9 10 15 16,1,a16,1,1,1,0,78,102
4,9 10 15 16,2,a09 a16,1,1,1,0,90,102
4,9 10 15 16,2,a10 a16,0,0,0,0,82,102
4,9 10 15 16,3,a09 a10 a16,0,0,0,0,93,102
4,9 10 15 16,2,a15 a16,0,0,0,0,83,102
4,9 10 15 16,3,a09 a15 a16,0,0,0,0,93,102
4,9 10 15 16,3,a10 a15 a16,0,0,0,0,85,102
4,9 10 15 16,4,a09 a10 a15 a16,0,0,0,0,94,102
4,9 10 15 17,0,,1,1,1,0,0,81
4,9 10 15 17,1,a09,1,1,1,0,22,81
4,9 10 15 17,1,a10,0,0,0,0,22,81
4,9 10 15 17,2,a09 a10,0,0,0,0,44,81
4,9 10 15 17,1,a15,0,0,0,0,50,81
4,9 10 15 17,2,a09 a15,0,0,0,0,58,81
4,9 10 15 17,2,a10 a15,0,0,0,0,58,81
4,9 10 15 17,3,a09 a10 a15,0,0,0,0,66,81
4,9 10 15 17,1,a17,1,1,1,0,22,81
4,9 10 15 17,2,a09 a17,1,1,1,0,44,81
4,9 10 15 17,2,a10 a17,0,0,0,0,44,81
4,9 10 15 17,3,a09 a10 a17,0,0,0,0,66,81
4,9 10 15 17,2,a15 a17,0,0,0,0,58,81
4,9 10 15 17,3,a09 a15 a17,0,0,0,0,66,81
4,9 10 15 17,3,a10 a15 a17,0,0,0,0,66,81
4,9 10 15 17,4,a09 a10 a15 a17,0,0,0,0,74,81
4,9 10 15 18,0,,1,1,1,0,0,81
4,9 10 15 18,1,a09,1,1,1,0,22,81
4,9 10 15 18,1,a10,0,0,0,0,22,81
4,9 10 15 18,2,a09 a10,0,0,0,0,44,81
4,9 10 15 18,1,a15,0,0,0,0,50,81
4,9 10 15 18,2,a09 a15,0,0,0,0,58,81
4,9 10 15 18,2,a10 a15,0,0,0,0,58,81
4,9 10 15 18,3,a09 a10 a15,0,0,0,0,66,81
4,9 10 15 18,1,a18,1,1,1,0,22,81
4,9 10 15 18,2,a09 a18,1,1,1,0,44,81
4,9 10 15 18,2,a10 a18,0,0,0,0,44,81
4,9 10 15 18,3,a09 a10 a18,0,0,0,0,66,81
4,9 10 15 18,2,a15 a18,0,0,0,0,58,81
4,9 10 15 18,3,a09 a15 a18,0,0,0,0,66,81
4,9 10 15 18,3,a10 a15 a18,0,0,0,0,66,81
4,9 10 15 18,4,a09 a10 a15 a18,0,0,0,0,74,81
4,9 10 15 19,0,,1,1,1,0,0,166
4,9 10 15 19,1,a09,1,1,1,0,87,166
4,9 10 15 19,1,a10,0,0,0,0,28,166
4,9 10 15 19,2,a09 a10,0,0,0,0,115,166
4,9 10 15 19,1,a15,0,0,0,0,114,166
4,9 10 15 19,2,a09 a15,0,0,0,0,135,166
4,9 10 15 19,2,a10 a15,0,0,0,0,124,166
4,9 10 15 19,3,a09 a10 a15,0,0,0,0,145,166
4,9 10 15 19,1,a19,1,1,1,0,87,166
4,9 10 15 19,2,a09 a19,1,1,1,0,116,166
4,9 10 15 19,2,a10 a19,0,0,0,0,115,166
4,9 10 15 19,3,a09 a10 a19,0,0,0,0,144,166
4,9 10 15 19,2,a15 a19,0,0,0,0,135,166
4,9 10 15 19,3,a09 a15 a19,0,0,0,0,146,166
4,9 10 15 19,3,a10 a15 a19,0,0,0,0,145,166
4,9 10 15 19,4,a09 a10 a15 a19,0,0,0,0,156,166
4,9 10 15 20,0,,1,1,1,0,0,58
4,9 10 15 20,1,a09,1,1,1,0,19,58
4,9 10 15 20,1,a10,0,0,0,0,19,58
4,9 10 15 20,2,a09 a10,0,0,0,0,38,58
4,9 10 15 20,1,a15,0,0,0,0,31,58
4,9 10 15 20,2,a09 a15,0,0,0,0,38,58
4,9 10 15 20,2,a10 a15,0,0,0,0,38,58
4,9 10 15 20,3,a09 a10 a15,0,0,0,0,45,58
4,9 10 15 20,1,a20,1,1,1,0,7,58
4,9 10 15 20,2,a09 a20,1,1,1,0,26,58
4,9 10 15 20,2,a10 a20,0,0,0,0,26,58
4,9 10 15 20,3,a09 a10 a20,0,0,0,0,45,58
4,9 10 15 20,2,a15 a20,0,0,0,0,38,58
4,9 10 15 20,3,a09 a15 a20,0,0,0,0,45,58
4,9 10 15 20,3,a10 a15 a20,0,0,0,0,45,58
4,9 10 15 20,4,a09 a10 a15 a20,0,0,0,0,52,58
4,9 10 15 21,0,,1,1,1,0,0,58
4,9 10 15 21,1,a09,1,1,1,0,19,58
4,9 10 15 21,1,a10,0,0,0,0,19,58
4,9 10 15 21,2,a09 a10,0,0,0,0,38,58
4,9 10 15 21,1,a15,0,0,0,0,31,58
4,9 10 15 21,2,a09 a15,0,0,0,0,38,58
4,9 10 15 21,2,a10 a15,0,0,0,0,38,58
4,9 10 15 21,3,a09 a10 a15,0,0,0,0,45,58
4,9 10 15 21,1,a21,1,1,1,0,7,58
4,9 10 15 21,2,a09 a21,1,1,1,0,26,58
4,9 10 15 21,2,a10 a21,0,0,0,0,26,58
4,9 10 15 21,3,a09 a10 a21,0,0,0,0,45,58
4,9 10 15 21,2,a15 a21,0,0,0,0,38,58
4,9 10 15 21,3,a09 a15 a21,0,0,0,0,45,58
4,9 10 15 21,3,a10 a15 a21,0,0,0,0,45,58
4,9 10 15 21,4,a09 a10 a15 a21,0,0,0,0,52,58
4,9 10 15 22,0,,1,1,1,0,0,116
4,9 10 15 22,1,a09,1,1,1,0,62,116
4,9 10 15 22,1,a10,0,0,0,0,25,116
4,9 10 15 22,2,a09 a10,0,0,0,0,87,116
4,9 10 15 22,1,a15,0,0,0,0,64,116
4,9 10 15 22,2,a09 a15,0,0,0,0,89,116
4,9 10 15 22,2,a10 a15,0,0,0,0,73,116
4,9 10 15 22,3,a09 a10 a15,0,0,0,0,98,116
4,9 10 15 22,1,a22,1,1,1,0,48,116
4,9 10 15 22,2,a09 a22,1,1,1,0,73,116
4,9 10 15 22,2,a10 a22,0,0,0,0,73,116
4,9 10 15 22,3,a09 a10 a22,0,0,0,0,98,116
4,9 10 15 22,2,a15 a22,0,0,0,0,90,116
4,9 10 15 22,3,a09 a15 a22,0,0,0,0,99,116
4,9 10 15 22,3,a10 a15 a22,0,0,0,0,99,116
4,9 10 15 22,4,a09 a10 a15 a22,0,0,0,0,108,116
4,9 10 15 23,0,,1,1,1,0,0,88
4,9 10 15 23,1,a09,1,1,1,0,36,88
4,9 10 15 23,1,a10,0,0,0,0,36,88
4,9 10 15 23,2,a09 a10,0,0,0,0,65,88
4,9 10 15 23,1,a15,0,0,0,0,36,88
4,9 10 15 23,2,a09 a15,0,0,0,0,58,88
4,9 10 15 23,2,a10 a15,0,0,0,0,58,88
4,9 10 15 23,3,a09 a10 a15,0,0,0,0,73,88
4,9 10 15 23,1,a23,1,1,1,0,29,88
4,9 10 15 23,2,a09 a23,1,1,1,0,51,88
4,9 10 15 23,2,a10 a23,0,0,0,0,51,88
4,9 10 15 23,3,a09 a10 a23,0,0,0,0,73,88
4,9 10 15 23,2,a15 a23,0,0,0,0,65,88
4,9 10 15 23,3,a09 a15 a23,0,0,0,0,73,88
4,9 10 15 23,3,a10 a15 a23,0,0,0,0,73,88
4,9 10 15 23,4,a09 a10 a15 a23,0,0,0,0,81,88
4,9 10 15 24,0,,1,1,1,0,0,108
4,9 10 15 24,1,a09,1,1,1,0,41,108
4,9 10 15 24,1,a10,0,0,0,0,41,108
4,9 10 15 24,2,a09 a10,0,0,0,0,82,108
4,9 10 15 24,1,a15,0,0,0,0,41,108
4,9 10 15 24,2,a09 a15,0,0,0,0,66,108
4,9 10 15 24,2,a10 a15,0,0,0,0,66,108
4,9 10 15 24,3,a09 a10 a15,0,0,0,0,91,108
4,9 10 15 24,1,a24,1,1,1,0,41,108
4,9 10 15 24,2,a09 a24,1,1,1,0,66,108
4,9 10 15 24,2,a10 a24,0,0,0,0,66,108
4,9 10 15 24,3,a09 a10 a24,0,0,0,0,91,108
4,9 10 15 24,2,a15 a24,0,0,0,0,82,108
4,9 10 15 24,3,a09 a15 a24,0,0,0,0,91,108
4,9 10 15 24,3,a10 a15 a24,0,0,0,0,91,108
4,9 10 15 24,4,a09 a10 a15 a24,0,0,0,0,100,108
4,9 10 15 25,0,,1,1,1,0,0,279
4,9 10 15 25,1,a09,1,1,1,0,187,279
4,9 10 15 25,1,a10,0,0,0,0,145,279
4,9 10 15 25,2,a09 a10,0,0,0,0,236,279
4,9 10 15 25,1,a15,0,0,0,0,160,279
4,9 10 15 25,2,a09 a15,0,0,0,0,223,279
4,9 10 15 25,2,a10 a15,0,0,0,0,227,279
4,9 10 15 25,3,a09 a10 a15,0,0,0,0,249,279
4,9 10 15 25,1,a25,1,1,1,0,177,279
4,9 10 15 25,2,a09 a25,1,1,1,0,216,279
4,9 10 15 25,2,a10 a25,0,0,0,0,213,279
4,9 10 15 25,3,a09 a10 a25,0,0,0,0,252,279
4,9 10 15 25,2,a15 a25,0,0,0,0,236,279
4,9 10 15 25,3,a09 a15 a25,0,0,0,0,252,279
4,9 10 15 25,3,a10 a15 a25,0,0,0,0,249,279
4,9 10 15 25,4,a09 a10 a15 a25,0,0,0,0,265,279
4,9 11 12 13,0,,1,1,1,0,0,70
4,9 11 12 13,1,a09,1,1,1,0,25,70
4,9 11 12 13,1,a11,1,1,1,0,25,70
4,9 11 12 13,2,a09 a11,1,1,1,0,38,70
4,9 11 12 13,1,a12,0,0,0,0,31,70
4,9 11 12 13,2,a09 a12,0,0,0,0,50,70
4,9 11 12 13,2,a11 a12,0,0,0,0,44,70
4,9 11 12 13,3,a09 a11 a12,0,0,0,0,57,70
4,9 11 12 13,1,a13,0,0,0,0,31,70
4,9 11 12 13,2,a09 a13,0,0,0,0,44,70
4,9 11 12 13,2,a11 a13,0,0,0,0,50,70
4,9 11 12 13,3,a09 a11 a13,0,0,0,0,57,70
4,9 11 12 13,2,a12 a13,0,0,0,0,44,70
4,9 11 12 13,3,a09 a12 a13,0,0,0,0,57,70
4,9 11 12 13,3,a11 a12 a13,0,0,0,0,57,70
4,9 11 12 13,4,a09 a11 a12 a13,0,0,0,0,64,70
4,9 11 12 15,0,,1,1,1,0,0,109
4,9 11 12 15,1,a09,1,0,1,1,67,109
4,9 11 12 15,1,a11,0,0,0,0,67,109
4,9 11 12 15,2,a09 a11,0,0,0,0,90,109
4,9 11 12 15,1,a12,1,1,1,0,42,109
4,9 11 12 15,2,a09 a12,0,0,0,0,71,109
4,9 11 12 15,2,a11 a12,0,0,0,0,77,109
4,9 11 12 15,3,a09 a11 a12,0,0,0,0,93,109
4,9 11 12 15,1,a15,0,0,0,0,74,109
4,9 11 12 15,2,a09 a15,0,0,0,0,91,109
4,9 11 12 15,2,a11 a15,0,0,0,0,91,109
4,9 11 12 15,3,a09 a11 a15,0,0,0,0,100,109
4,9 11 12 15,2,a12 a15,0,0,0,0,78,109
4,9 11 12 15,3,a09 a12 a15,0,0,0,0,94,109
4,9 11 12 15,3,a11 a12 a15,0,0,0,0,93,109
4,9 11 12 15,4,a09 a11 a12 a15,0,0,0,0,102,109
4,9 11 12 16,0,,1,1,1,0,0,156
4,9 11 12 16,1,a09,1,0,1,1,111,156
4,9 11 12 16,1,a11,0,0,0,0,92,156
4,9 11 12 16,2,a09 a11,0,0,0,0,132,156
4,9 11 12 16,1,a12,0,0,0,0,98,156
4,9 11 12 16,2,a09 a12,0,0,0,0,118,156
4,9 11 12 16,2,a11 a12,0,0,0,0,126,156
4,9 11 12 16,3,a09 a11 a12,0,0,0,0,137,156
4,9 11 12 16,1,a16,0,0,0,0,111,156
4,9 11 12 16,2,a09 a16,0,0,0,0,133,156
4,9 11 12 16,2,a11 a16,0,0,0,0,132,156
4,9 11 12 16,3,a09 a11 a16,0,0,0,0,144,156
4,9 11 12 16,2,a12 a16,0,0,0,0,118,156
4,9 11 12 16,3,a09 a12 a16,0,0,0,0,137,156
4,9 11 12 16,3,a11 a12 a16,0,0,0,0,136,156
4,9 11 12 16,4,a09 a11 a12 a16,0,0,0,0,147,156
4,9 11 13 14,0,,1,1,1,0,0,156
4,9 11 13 14,1,a09,0,0,0,0,92,156
4,9 11 13 14,1,a11,1,0,1,1,111,156
4,9 11 13 14,2,a09 a11,0,0,0,0,132,156
4,9 11 13 14,1,a13,0,0,0,0,98,156
4,9 11 13 14,2,a09 a13,0,0,0,0,126,156
4,9 11 13 14,2,a11 a13,0,0,0,0,118,156
4,9 11 13 14,3,a09 a11 a13,0,0,0,0,137,156
4,9 11 13 14,1,a14,0,0,0,0,111,156
4,9 11 13 14,2,a09 a14,0,0,0,0,132,156
4,9 11 13 14,2,a11 a14,0,0,0,0,133,156
4,9 11 13 14,3,a09 a11 a14,0,0,0,0,144,156
4,9 11 13 14,2,a13 a14,0,0,0,0,118,156
4,9 11 13 14,3,a09 a13 a14,0,0,0,0,136,156
4,9 11 13 14,3,a11 a13 a14,0,0,0,0,137,156
4,9 11 13 14,4,a09 a11 a13 a14,0,0,0,0,147,156
4,9 11 13 15,0,,1,1,1,0,0,109
4,9 11 13 15,1,a09,0,0,0,0,67,109
4,9 11 13 15,1,a11,1,0,1,1,67,109
4,9 11 13 15,2,a09 a11,0,0,0,0,90,109
4,9 11 13 15,1,a13,1,1,1,0,42,109
4,9 11 13 15,2,a09 a13,0,0,0,0,77,109
4,9 11 13 15,2,a11 a13,0,0,0,0,71,109
4,9 11 13 15,3,a09 a11 a13,0,0,0,0,93,109
4,9 11 13 15,1,a15,0,0,0,0,74,109
4,9 11 13 15,2,a09 a15,0,0,0,0,91,109
4,9 11 13 15,2,a11 a15,0,0,0,0,91,109
4,9 11 13 15,3,a09 a11 a15,0,0,0,0,100,109
4,9 11 13 15,2,a13 a15,0,0,0,0,78,109
4,9 11 13 15,3,a09 a13 a15,0,0,0,0,93,109
4,9 11 13 15,3,a11 a13 a15,0,0,0,0,94,109
4,9 11 13 15,4,a09 a11 a13 a15,0,0,0,0,102,109
4,9 11 14 15,0,,1,1,1,0,0,156
4,9 11 14 15,1,a09,0,0,0,0,92,156
4,9 11 14 15,1,a11,0,0,0,0,111,156
4,9 11 14 15,2,a09 a11,0,0,0,0,132,156
4,9 11 14 15,1,a14,1,1,1,0,111,156
4,9 11 14 15,2,a09 a14,0,0,0,0,132,156
4,9 11 14 15,2,a11 a14,0,0,0,0,133,156
4,9 11 14 15,3,a09 a11 a14,0,0,0,0,144,156
4,9 11 14 15,1,a15,0,0,0,0,98,156
4,9 11 14 15,2,a09 a15,0,0,0,0,126,156
4,9 11 14 15,2,a11 a15,0,0,0,0,118,156
4,9 11 14 15,3,a09 a11 a15,0,0,0,0,136,156
4,9 11 14 15,2,a14 a15,0,0,0,0,118,156
4,9 11 14 15,3,a09 a14 a15,0,0,0,0,137,156
4,9 11 14 15,3,a11 a14 a15,0,0,0,0,137,156
4,9 11 14 15,4,a09 a11 a14 a15,0,0,0,0,147,156
4,9 11 14 16,0,,1,1,1,0,0,220
4,9 11 14 16,1,a09,0,0,0,0,150,220
4,9 11 14 16,1,a11,0,0,0,0,150,220
4,9 11 14 16,2,a09 a11,0,0,0,0,174,220
4,9 11 14 16,1,a14,0,0,0,0,150,220
4,9 11 14 16,2,a09 a14,0,0,0,0,174,220
4,9 11 14 16,2,a11 a14,0,0,0,0,184,220
4,9 11 14 16,3,a09 a11 a14,0,0,0,0,196,220
4,9 11 14 16,1,a16,0,0,0,0,150,220
4,9 11 14 16,2,a09 a16,0,0,0,0,184,220
4,9 11 14 16,2,a11 a16,0,0,0,0,174,220
4,9 11 14 16,3,a09 a11 a16,0,0,0,0,196,220
4,9 11 14 16,2,a14 a16,0,0,0,0,174,220
4,9 11 14 16,3,a09 a14 a16,0,0,0,0,196,220
4,9 11 14 16,3,a11 a14 a16,0,0,0,0,196,220
4,9 11 14 16,4,a09 a11 a14 a16,0,0,0,0,208,220
4,9 11 15 16,0,,1,1,1,0,0,156
4,9 11 15 16,1,a09,0,0,0,0,111,156
4,9 11 15 16,1,a11,0,0,0,0,92,156
4,9 11 15 16,2,a09 a11,0,0,0,0,132,156
4,9 11 15 16,1,a15,0,0,0,0,98,156
4,9 11 15 16,2,a09 a15,0,0,0,0,118,156
4,9 11 15 16,2,a11 a15,0,0,0,0,126,156
4,9 11 15 16,3,a09 a11 a15,0,0,0,0,136,156
4,9 11 15 16,1,a16,1,1,1,0,111,156
4,9 11 15 16,2,a09 a16,0,0,0,0,133,156
4,9 11 15 16,2,a11 a16,0,0,0,0,132,156
4,9 11 15 16,3,a09 a11 a16,0,0,0,0,144,156
4,9 11 15 16,2,a15 a16,0,0,0,0,118,156
4,9 11 15 16,3,a09 a15 a16,0,0,0,0,137,156
4,9 11 15 16,3,a11 a15 a16,0,0,0,0,137,156
4,9 11 15 16,4,a09 a11 a15 a16,0,0,0,0,147,156
4,9 11 15 17,0,,1,1,1,0,0,279
4,9 11 15 17,1,a09,0,0,0,0,107,279
4,9 11 15 17,1,a11,0,0,0,0,180,279
4,9 11 15 17,2,a09 a11,0,0,0,0,215,279
4,9 11 15 17,1,a15,0,0,0,0,202,279
4,9 11 15 17,2,a09 a15,0,0,0,0,227,279
4,9 11 15 17,2,a11 a15,0,0,0,0,240,279
4,9 11 15 17,3,a09 a11 a15,0,0,0,0,253,279
4,9 11 15 17,1,a17,1,1,1,0,107,279
4,9 11 15 17,2,a09 a17,0,0,0,0,214,279
4,9 11 15 17,2,a11 a17,0,0,0,0,215,279
4,9 11 15 17,3,a09 a11 a17,0,0,0,0,250,279
4,9 11 15 17,2,a15 a17,0,0,0,0,227,279
4,9 11 15 17,3,a09 a15 a17,0,0,0,0,252,279
4,9 11 15 17,3,a11 a15 a17,0,0,0,0,253,279
4,9 11 15 17,4,a09 a11 a15 a17,0,0,0,0,266,279
4,9 11 15 18,0,,1,1,1,0,0,166
4,9 11 15 18,1,a09,0,0,0,0,87,166
4,9 11 15 18,1,a11,0,0,0,0,87,166
4,9 11 15 18,2,a09 a11,0,0,0,0,116,166
4,9 11 15 18,1,a15,0,0,0,0,114,166
4,9 11 15 18,2,a09 a15,0,0,0,0,135,166
4,9 11 15 18,2,a11 a15,0,0,0,0,135,166
4,9 11 15 18,3,a09 a11 a15,0,0,0,0,146,166
4,9 11 15 18,1,a18,1,1,1,0,28,166
4,9 11 15 18,2,a09 a18,0,0,0,0,115,166
4,9 11 15 18,2,a11 a18,0,0,0,0,115,166
4,9 11 15 18,3,a09 a11 a18,0,0,0,0,144,166
4,9 11 15 18,2,a15 a18,0,0,0,0,124,166
4,9 11 15 18,3,a09 a15 a18,0,0,0,0,145,166
4,9 11 15 18,3,a11 a15 a18,0,0,0,0,145,166
4,9 11 15 18,4,a09 a11 a15 a18,0,0,0,0,156,166
4,9 11 15 19,0,,1,1,1,0,0,279
4,9 11 15 19,1,a09,0,0,0,0,180,279
4,9 11 15 19,1,a11,0,0,0,0,107,279
4,9 11 15 19,2,a09 a11,0,0,0,0,215,279
4,9 11 15 19,1,a15,0,0,0,0,202,279
4,9 11 15 19,2,a09 a15,0,0,0,0,240,279
4,9 11 15 19,2,a11 a15,0,0,0,0,227,279
4,9 11 15 19,3,a09 a11 a15,0,0,0,0,253,279
4,9 11 15 19,1,a19,1,1,1,0,107,279
4,9 11 15 19,2,a09 a19,0,0,0,0,215,279
4,9 11 15 19,2,a11 a19,0,0,0,0,214,279
4,9 11 15 19,3,a09 a11 a19,0,0,0,0,250,279
4,9 11 15 19,2,a15 a19,0,0,0,0,227,279
4,9 11 15 19,3,a09 a15 a19,0,0,0,0,253,279
4,9 11 15 19,3,a11 a15 a19,0,0,0,0,252,279
4,9 11 15 19,4,a09 a11 a15 a19,0,0,0,0,266,279
4,9 11 15 20,0,,1,1,1,0,0,214
4,9 11 15 20,1,a09,0,0,0,0,97,214
4,9 11 15 20,1,a11,0,0,0,0,144,214
4,9 11 15 20,2,a09 a11,0,0,0,0,176,214
4,9 11 15 20,1,a15,0,0,0,0,136,214
4,9 11 15 20,2,a09 a15,0,0,0,0,159,214
4,9 11 15 20,2,a11 a15,0,0,0,0,179,214
4,9 11 15 20,3,a09 a11 a15,0,0,0,0,191,214
4,9 11 15 20,1,a20,1,1,1,0,60,214
4,9 11 15 20,2,a09 a20,0,0,0,0,157,214
4,9 11 15 20,2,a11 a20,0,0,0,0,157,214
4,9 11 15 20,3,a09 a11 a20,0,0,0,0,189,214
4,9 11 15 20,2,a15 a20,0,0,0,0,168,214
4,9 11 15 20,3,a09 a15 a20,0,0,0,0,191,214
4,9 11 15 20,3,a11 a15 a20,0,0,0,0,191,214
4,9 11 15 20,4,a09 a11 a15 a20,0,0,0,0,203,214
4,9 11 15 21,0,,1,1,1,0,0,132
4,9 11 15 21,1,a09,0,0,0,0,77,132
4,9 11 15 21,1,a11,0,0,0,0,77,132
4,9 11 15 21,2,a09 a11,0,0,0,0,103,132
4,9 11 15 21,1,a15,0,0,0,0,85,132
4,9 11 15 21,2,a09 a15,0,0,0,0,104,132
4,9 11 15 21,2,a11 a15,0,0,0,0,104,132
4,9 11 15 21,3,a09 a11 a15,0,0,0,0,114,132
4,9 11 15 21,1,a21,1,1,1,0,9,132
4,9 11 15 21,2,a09 a21,0,0,0,0,86,132
4,9 11 15 21,2,a11 a21,0,0,0,0,86,132
4,9 11 15 21,3,a09 a11 a21,0,0,0,0,112,132
4,9 11 15 21,2,a15 a21,0,0,0,0,94,132
4,9 11 15 21,3,a09 a15 a21,0,0,0,0,113,132
4,9 11 15 21,3,a11 a15 a21,0,0,0,0,113,132
4,9 11 15 21,4,a09 a11 a15 a21,0,0,0,0,123,132
4,9 11 15 22,0,,1,1,1,0,0,214
4,9 11 15 22,1,a09,0,0,0,0,144,214
4,9 11 15 22,1,a11,0,0,0,0,97,214
4,9 11 15 22,2,a09 a11,0,0,0,0,176,214
4,9 11 15 22,1,a15,0,0,0,0,136,214
4,9 11 15 22,2,a09 a15,0,0,0,0,179,214
4,9 11 15 22,2,a11 a15,0,0,0,0,159,214
4,9 11 15 22,3,a09 a11 a15,0,0,0,0,191,214
4,9 11 15 22,1,a22,1,1,1,0,60,214
4,9 11 15 22,2,a09 a22,0,0,0,0,157,214
4,9 11 15 22,2,a11 a22,0,0,0,0,157,214
4,9 11 15 22,3,a09 a11 a22,0,0,0,0,189,214
4,9 11 15 22,2,a15 a22,0,0,0,0,168,214
4,9 11 15 22,3,a09 a15 a22,0,0,0,0,191,214
4,9 11 15 22,3,a11 a15 a22,0,0,0,0,191,214
4,9 11 15 22,4,a09 a11 a15 a22,0,0,0,0,203,214
4,9 11 15 23,0,,1,1,1,0,0,472
4,9 11 15 23,1,a09,0,0,0,0,312,472
4,9 11 15 23,1,a11,0,0,0,0,358,472
4,9 11 15 23,2,a09 a11,0,0,0,0,416,472
4,9 11 15 23,1,a15,0,0,0,0,350,472
4,9 11 15 23,2,a09 a15,0,0,0,0,412,472
4,9 11 15 23,2,a11 a15,0,0,0,0,402,472
4,9 11 15 23,3,a09 a11 a15,0,0,0,0,434,472
4,9 11 15 23,1,a23,1,1,1,0,258,472
4,9 11 15 23,2,a09 a23,0,0,0,0,391,472
4,9 11 15 23,2,a11 a23,0,0,0,0,392,472
4,9 11 15 23,3,a09 a11 a23,0,0,0,0,435,472
4,9 11 15 23,2,a15 a23,0,0,0,0,402,472
4,9 11 15 23,3,a09 a15 a23,0,0,0,0,435,472
4,9 11 15 23,3,a11 a15 a23,0,0,0,0,436,472
4,9 11 15 23,4,a09 a11 a15 a23,0,0,0,0,453,472
4,9 11 15 24,0,,1,1,1,0,0,364
4,9 11 15 24,1,a09,0,0,0,0,253,364
4,9 11 15 24,1,a11,0,0,0,0,253,364
4,9 11 15 24,2,a09 a11,0,0,0,0,316,364
4,9 11 15 24,1,a15,0,0,0,0,185,364
4,9 11 15 24,2,a09 a15,0,0,0,0,294,364
4,9 11 15 24,2,a11 a15,0,0,0,0,294,364
4,9 11 15 24,3,a09 a11 a15,0,0,0,0,333,364
4,9 11 15 24,1,a24,1,1,1,0,173,364
4,9 11 15 24,2,a09 a24,0,0,0,0,293,364
4,9 11 15 24,2,a11 a24,0,0,0,0,293,364
4,9 11 15 24,3,a09 a11 a24,0,0,0,0,332,364
4,9 11 15 24,2,a15 a24,0,0,0,0,304,364
4,9 11 15 24,3,a09 a15 a24,0,0,0,0,333,364
4,9 11 15 24,3,a11 a15 a24,0,0,0,0,333,364
4,9 11 15 24,4,a09 a11 a15 a24,0,0,0,0,348,364
4,9 11 15 25,0,,1,1,1,0,0,472
4,9 11 15 25,1,a09,0,0,0,0,358,472
4,9 11 15 25,1,a11,0,0,0,0,312,472
4,9 11 15 25,2,a09 a11,0,0,0,0,416,472
4,9 11 15 25,1,a15,0,0,0,0,350,472
4,9 11 15 25,2,a09 a15,0,0,0,0,402,472
4,9 11 15 25,2,a11 a15,0,0,0,0,412,472
4,9 11 15 25,3,a09 a11 a15,0,0,0,0,434,472
4,9 11 15 25,1,a25,1,1,1,0,258,472
4,9 11 15 25,2,a09 a25,0,0,0,0,392,472
4,9 11 15 25,2,a11 a25,0,0,0,0,391,472
4,9 11 15 25,3,a09 a11 a25,0,0,0,0,435,472
4,9 11 15 25,2,a15 a25,0,0,0,0,402,472
4,9 11 15 25,3,a09 a15 a25,0,0,0,0,436,472
4,9 11 15 25,3,a11 a15 a25,0,0,0,0,435,472
4,9 11 15 25,4,a09 a11 a15 a25,0,0,0,0,453,472
4,9 12 13 14,0,,1,1,1,0,0,109
4,9 12 13 14,1,a09,1,1,1,0,67,109
4,9 12 13 14,1,a12,1,0,1,1,22,109
4,9 12 13 14,2,a09 a12,0,0,0,0,70,109
4,9 12 13 14,1,a13,0,0,0,0,74,109
4,9 12 13 14,2,a09 a13,0,0,0,0,91,109
4,9 12 13 14,2,a12 a13,0,0,0,0,76,109
4,9 12 13 14,3,a09 a12 a13,0,0,0,0,92,109
4,9 12 13 14,1,a14,1,1,1,0,67,109
4,9 12 13 14,2,a09 a14,1,1,1,0,90,109
4,9 12 13 14,2,a12 a14,0,0,0,0,70,109
4,9 12 13 14,3,a09 a12 a14,0,0,0,0,93,109
4,9 12 13 14,2,a13 a14,0,0,0,0,91,109
4,9 12 13 14,3,a09 a13 a14,0,0,0,0,100,109
4,9 12 13 14,3,a12 a13 a14,0,0,0,0,92,109
4,9 12 13 14,4,a09 a12 a13 a14,0,0,0,0,101,109
4,9 12 13 15,0,,1,1,1,0,0,70
4,9 12 13 15,1,a09,1,0,1,1,46,70
4,9 12 13 15,1,a12,1,1,1,0,19,70
4,9 12 13 15,2,a09 a12,0,0,0,0,49,70
4,9 12 13 15,1,a13,0,0,0,0,36,70
4,9 12 13 15,2,a09 a13,0,0,0,0,55,70
4,9 12 13 15,2,a12 a13,0,0,0,0,43,70
4,9 12 13 15,3,a09 a12 a13,0,0,0,0,56,70
4,9 12 13 15,1,a15,1,0,1,1,36,70
4,9 12 13 15,2,a09 a15,1,0,1,1,55,70
4,9 12 13 15,2,a12 a15,0,0,0,0,38,70
4,9 12 13 15,3,a09 a12 a15,0,0,0,0,57,70
4,9 12 13 15,2,a13 a15,0,0,0,0,56,70
4,9 12 13 15,3,a09 a13 a15,0,0,0,0,63,70
4,9 12 13 15,3,a12 a13 a15,0,0,0,0,57,70
4,9 12 13 15,4,a09 a12 a13 a15,0,0,0,0,64,70
4,9 12 13 16,0,,1,1,1,0,0,102
4,9 12 13 16,1,a09,1,1,1,0,78,102
4,9 12 13 16,1,a12,0,0,0,0,48,102
4,9 12 13 16,2,a09 a12,0,0,0,0,83,102
4,9 12 13 16,1,a13,0,0,0,0,48,102
4,9 12 13 16,2,a09 a13,0,0,0,0,82,102
4,9 12 13 16,2,a12 a13,0,0,0,0,76,102
4,9 12 13 16,3,a09 a12 a13,0,0,0,0,85,102
4,9 12 13 16,1,a16,1,1,1,0,78,102
4,9 12 13 16,2,a09 a16,1,1,1,0,90,102
4,9 12 13 16,2,a12 a16,0,0,0,0,82,102
4,9 12 13 16,3,a09 a12 a16,0,0,0,0,93,102
4,9 12 13 16,2,a13 a16,0,0,0,0,83,102
4,9 12 13 16,3,a09 a13 a16,0,0,0,0,93,102
4,9 12 13 16,3,a12 a13 a16,0,0,0,0,85,102
4,9 12 13 16,4,a09 a12 a13 a16,0,0,0,0,94,102
4,9 12 13 17,0,,1,1,1,0,0,81
4,9 12 13 17,1,a09,1,1,1,0,22,81
4,9 12 13 17,1,a12,0,0,0,0,22,81
4,9 12 13 17,2,a09 a12,0,0,0,0,44,81
4,9 12 13 17,1,a13,0,0,0,0,50,81
4,9 12 13 17,2,a09 a13,0,0,0,0,58,81
4,9 12 13 17,2,a12 a13,0,0,0,0,58,81
4,9 12 13 17,3,a09 a12 a13,0,0,0,0,66,81
4,9 12 13 17,1,a17,1,1,1,0,22,81
4,9 12 13 17,2,a09 a17,1,1,1,0,44,81
4,9 12 13 17,2,a12 a17,0,0,0,0,44,81
4,9 12 13 17,3,a09 a12 a17,0,0,0,0,66,81
4,9 12 13 17,2,a13 a17,0,0,0,0,58,81
4,9 12 13 17,3,a09 a13 a17,0,0,0,0,66,81
4,9 12 13 17,3,a12 a13 a17,0,0,0,0,66,81
4,9 12 13 17,4,a09 a12 a13 a17,0,0,0,0,74,81
4,9 12 13 18,0,,1,1,1,0,0,58
4,9 12 13 18,1,a09,1,1,1,0,19,58
4,9 12 13 18,1,a12,0,0,0,0,19,58
4,9 12 13 18,2,a09 a12,0,0,0,0,38,58
4,9 12 13 18,1,a13,0,0,0,0,31,58
4,9 12 13 18,2,a09 a13,0,0,0,0,38,58
4,9 12 13 18,2,a12 a13,0,0,0,0,38,58
4,9 12 13 18,3,a09 a12 a13,0,0,0,0,45,58
4,9 12 13 18,1,a18,1,1,1,0,7,58
4,9 12 13 18,2,a09 a18,1,1,1,0,26,58
4,9 12 13 18,2,a12 a18,0,0,0,0,26,58
4,9 12 13 18,3,a09 a12 a18,0,0,0,0,45,58
4,9 12 13 18,2,a13 a18,0,0,0,0,38,58
4,9 12 13 18,3,a09 a13 a18,0,0,0,0,45,58
4,9 12 13 18,3,a12 a13 a18,0,0,0,0,45,58
4,9 12 13 18,4,a09 a12 a13 a18,0,0,0,0,52,58
4,9 12 13 19,0,,1,1,1,0,0,88
4,9 12 13 19,1,a09,1,1,1,0,36,88
4,9 12 13 19,1,a12,0,0,0,0,36,88
4,9 12 13 19,2,a09 a12,0,0,0,0,65,88
4,9 12 13 19,1,a13,0,0,0,0,36,88
4,9 12 13 19,2,a09 a13,0,0,0,0,58,88
4,9 12 13 19,2,a12 a13,0,0,0,0,58,88
4,9 12 13 19,3,a09 a12 a13,0,0,0,0,73,88
4,9 12 13 19,1,a19,1,1,1,0,29,88
4,9 12 13 19,2,a09 a19,1,1,1,0,51,88
4,9 12 13 19,2,a12 a19,0,0,0,0,51,88
4,9 12 13 19,3,a09 a12 a19,0,0,0,0,73,88
4,9 12 13 19,2,a13 a19,0,0,0,0,65,88
4,9 12 13 19,3,a09 a13 a19,0,0,0,0,73,88
4,9 12 13 19,3,a12 a13 a19,0,0,0,0,73,88
4,9 12 13 19,4,a09 a12 a13 a19,0,0,0,0,81,88
4,9 12 13 20,0,,1,1,1,0,0,81
4,9 12 13 20,1,a09,1,1,1,0,22,81
4,9 12 13 20,1,a12,0,0,0,0,22,81
4,9 12 13 20,2,a09 a12,0,0,0,0,44,81
4,9 12 13 20,1,a13,0,0,0,0,50,81
4,9 12 13 20,2,a09 a13,0,0,0,0,58,81
4,9 12 13 20,2,a12 a13,0,0,0,0,58,81
4,9 12 13 20,3,a09 a12 a13,0,0,0,0,66,81
4,9 12 13 20,1,a20,1,1,1,0,22,81
4,9 12 13 20,2,a09 a20,1,1,1,0,44,81
4,9 12 13 20,2,a12 a20,0,0,0,0,44,81
4,9 12 13 20,3,a09 a12 a20,0,0,0,0,66,81
4,9 12 13 20,2,a13 a20,0,0,0,0,58,81
4,9 12 13 20,3,a09 a13 a20,0,0,0,0,66,81
4,9 12 13 20,3,a12 a13 a20,0,0,0,0,66,81
4,9 12 13 20,4,a09 a12 a13 a20,0,0,0,0,74,81
4,9 12 13 21,0,,1,1,1,0,0,58
4,9 12 13 21,1,a09,1,1,1,0,19,58
4,9 12 13 21,1,a12,0,0,0,0,19,58
4,9 12 13 21,2,a09 a12,0,0,0,0,38,58
4,9 12 13 21,1,a13,0,0,0,0,31,58
4,9 12 13 21,2,a09 a13,0,0,0,0,38,58
4,9 12 13 21,2,a12 a13,0,0,0,0,38,58
4,9 12 13 21,3,a09 a12 a13,0,0,0,0,45,58
4,9 12 13 21,1,a21,1,1,1,0,7,58
4,9 12 13 21,2,a09 a21,1,1,1,0,26,58
4,9 12 13 21,2,a12 a21,0,0,0,0,26,58
4,9 12 13 21,3,a09 a12 a21,0,0,0,0,45,58
4,9 12 13 21,2,a13 a21,0,0,0,0,38,58
4,9 12 13 21,3,a09 a13 a21,0,0,0,0,45,58
4,9 12 13 21,3,a12 a13 a21,0,0,0,0,45,58
4,9 12 13 21,4,a09 a12 a13 a21,0,0,0,0,52,58
4,9 12 13 22,0,,1,1,1,0,0,108
4,9 12 13 22,1,a09,1,1,1,0,41,108
4,9 12 13 22,1,a12,0,0,0,0,41,108
4,9 12 13 22,2,a09 a12,0,0,0,0,82,108
4,9 12 13 22,1,a13,0,0,0,0,41,108
4,9 12 13 22,2,a09 a13,0,0,0,0,66,108
4,9 12 13 22,2,a12 a13,0,0,0,0,66,108
4,9 12 13 22,3,a09 a12 a13,0,0,0,0,91,108
4,9 12 13 22,1,a22,1,1,1,0,41,108
4,9 12 13 22,2,a09 a22,1,1,1,0,66,108
4,9 12 13 22,2,a12 a22,0,0,0,0,66,108
4,9 12 13 22,3,a09 a12 a22,0,0,0,0,91,108
4,9 12 13 22,2,a13 a22,0,0,0,0,82,108
4,9 12 13 22,3,a09 a13 a22,0,0,0,0,91,108
4,9 12 13 22,3,a12 a13 a22,0,0,0,0,91,108
4,9 12 13 22,4,a09 a12 a13 a22,0,0,0,0,100,108
4,9 12 13 23,0,,1,1,1,0,0,166
4,9 12 13 23,1,a09,1,1,1,0,87,166
4,9 12 13 23,1,a12,0,0,0,0,28,166
4,9 12 13 23,2,a09 a12,0,0,0,0,115,166
4,9 12 13 23,1,a13,0,0,0,0,114,166
4,9 12 13 23,2,a09 a13,0,0,0,0,135,166
4,9 12 13 23,2,a12 a13,0,0,0,0,124,166
4,9 12 13 23,3,a09 a12 a13,0,0,0,0,145,166
4,9 12 13 23,1,a23,1,1,1,0,87,166
4,9 12 13 23,2,a09 a23,1,1,1,0,116,166
4,9 12 13 23,2,a12 a23,0,0,0,0,115,166
4,9 12 13 23,3,a09 a12 a23,0,0,0,0,144,166
4,9 12 13 23,2,a13 a23,0,0,0,0,135,166
4,9 12 13 23,3,a09 a13 a23,0,0,0,0,146,166
4,9 12 13 23,3,a12 a13 a23,0,0,0,0,145,166
4,9 12 13 23,4,a09 a12 a13 a23,0,0,0,0,156,166
4,9 12 13 24,0,,1,1,1,0,0,116
4,9 12 13 24,1,a09,1,1,1,0,62,116
4,9 12 13 24,1,a12,0,0,0,0,25,116
4,9 12 13 24,2,a09 a12,0,0,0,0,87,116
4,9 12 13 24,1,a13,0,0,0,0,64,116
4,9 12 13 24,2,a09 a13,0,0,0,0,89,116
4,9 12 13 24,2,a12 a13,0,0,0,0,73,116
4,9 12 13 24,3,a09 a12 a13,0,0,0,0,98,116
4,9 12 13 24,1,a24,1,1,1,0,48,116
4,9 12 13 24,2,a09 a24,1,1,1,0,73,116
4,9 12 13 24,2,a12 a24,0,0,0,0,73,116
4,9 12 13 24,3,a09 a12 a24,0,0,0,0,98,116
4,9 12 13 24,2,a13 a24,0,0,0,0,90,116
4,9 12 13 24,3,a09 a13 a24,0,0,0,0,99,116
4,9 12 13 24,3,a12 a13 a24,0,0,0,0,99,116
4,9 12 13 24,4,a09 a12 a13 a24,0,0,0,0,108,116
4,9 12 13 25,0,,1,1,1,0,0,279
4,9 12 13 25,1,a09,1,1,1,0,187,279
4,9 12 13 25,1,a12,0,0,0,0,145,279
4,9 12 13 25,2,a09 a12,0,0,0,0,236,279
4,9 12 13 25,1,a13,0,0,0,0,160,279
4,9 12 13 25,2,a09 a13,0,0,0,0,223,279
4,9 12 13 25,2,a12 a13,0,0,0,0,227,279
4,9 12 13 25,3,a09 a12 a13,0,0,0,0,249,279
4,9 12 13 25,1,a25,1,1,1,0,177,279
4,9 12 13 25,2,a09 a25,1,1,1,0,216,279
4,9 12 13 25,2,a12 a25,0,0,0,0,213,279
4,9 12 13 25,3,a09 a12 a25,0,0,0,0,252,279
4,9 12 13 25,2,a13 a25,0,0,0,0,236,279
4,9 12 13 25,3,a09 a13 a25,0,0,0,0,252,279
4,9 12 13 25,3,a12 a13 a25,0,0,0,0,249,279
4,9 12 13 25,4,a09 a12 a13 a25,0,0,0,0,265,279
4,9 13 14 15,0,,1,1,1,0,0,109
4,9 13 14 15,1,a09,0,0,0,0,67,109
4,9 13 14 15,1,a13,0,0,0,0,74,109
4,9 13 14 15,2,a09 a13,0,0,0,0,91,109
4,9 13 14 15,1,a14,1,1,1,0,67,109
4,9 13 14 15,2,a09 a14,0,0,0,0,90,109
4,9 13 14 15,2,a13 a14,0,0,0,0,91,109
4,9 13 14 15,3,a09 a13 a14,0,0,0,0,100,109
4,9 13 14 15,1,a15,1,0,1,1,42,109
4,9 13 14 15,2,a09 a15,0,0,0,0,77,109
4,9 13 14 15,2,a13 a15,0,0,0,0,78,109
4,9 13 14 15,3,a09 a13 a15,0,0,0,0,93,109
4,9 13 14 15,2,a14 a15,0,0,0,0,71,109
4,9 13 14 15,3,a09 a14 a15,0,0,0,0,93,109
4,9 13 14 15,3,a13 a14 a15,0,0,0,0,94,109
4,9 13 14 15,4,a09 a13 a14 a15,0,0,0,0,102,109
4,9 13 14 16,0,,1,1,1,0,0,156
4,9 13 14 16,1,a09,0,0,0,0,111,156
4,9 13 14 16,1,a13,0,0,0,0,98,156
4,9 13 14 16,2,a09 a13,0,0,0,0,118,156
4,9 13 14 16,1,a14,0,0,0,0,92,156
4,9 13 14 16,2,a09 a14,0,0,0,0,132,156
4,9 13 14 16,2,a13 a14,0,0,0,0,126,156
4,9 13 14 16,3,a09 a13 a14,0,0,0,0,136,156
4,9 13 14 16,1,a16,1,1,1,0,111,156
4,9 13 14 16,2,a09 a16,0,0,0,0,133,156
4,9 13 14 16,2,a13 a16,0,0,0,0,118,156
4,9 13 14 16,3,a09 a13 a16,0,0,0,0,137,156
4,9 13 14 16,2,a14 a16,0,0,0,0,132,156
4,9 13 14 16,3,a09 a14 a16,0,0,0,0,144,156
4,9 13 14 16,3,a13 a14 a16,0,0,0,0,137,156
4,9 13 14 16,4,a09 a13 a14 a16,0,0,0,0,147,156
4,9 13 14 17,0,,1,1,1,0,0,279
4,9 13 14 17,1,a09,0,0,0,0,107,279
4,9 13 14 17,1,a13,0,0,0,0,202,279
4,9 13 14 17,2,a09 a13,0,0,0,0,227,279
4,9 13 14 17,1,a14,0,0,0,0,180,279
4,9 13 14 17,2,a09 a14,0,0,0,0,215,279
4,9 13 14 17,2,a13 a14,0,0,0,0,240,279
4,9 13 14 17,3,a09 a13 a14,0,0,0,0,253,279
4,9 13 14 17,1,a17,1,1,1,0,107,279
4,9 13 14 17,2,a09 a17,0,0,0,0,214,279
4,9 13 14 17,2,a13 a17,0,0,0,0,227,279
4,9 13 14 17,3,a09 a13 a17,0,0,0,0,252,279
4,9 13 14 17,2,a14 a17,0,0,0,0,215,279
4,9 13 14 17,3,a09 a14 a17,0,0,0,0,250,279
4,9 13 14 17,3,a13 a14 a17,0,0,0,0,253,279
4,9 13 14 17,4,a09 a13 a14 a17,0,0,0,0,266,279
4,9 13 14 18,0,,1,1,1,0,0,214
4,9 13 14 18,1,a09,0,0,0,0,97,214
4,9 13 14 18,1,a13,0,0,0,0,136,214
4,9 13 14 18,2,a09 a13,0,0,0,0,159,214
4,9 13 14 18,1,a14,0,0,0,0,144,214
4,9 13 14 18,2,a09 a14,0,0,0,0,176,214
4,9 13 14 18,2,a13 a14,0,0,0,0,179,214
4,9 13 14 18,3,a09 a13 a14,0,0,0,0,191,214
4,9 13 14 18,1,a18,1,1,1,0,60,214
4,9 13 14 18,2,a09 a18,0,0,0,0,157,214
4,9 13 14 18,2,a13 a18,0,0,0,0,168,214
4,9 13 14 18,3,a09 a13 a18,0,0,0,0,191,214
4,9 13 14 18,2,a14 a18,0,0,0,0,157,214
4,9 13 14 18,3,a09 a14 a18,0,0,0,0,189,214
4,9 13 14 18,3,a13 a14 a18,0,0,0,0,191,214
4,9 13 14 18,4,a09 a13 a14 a18,0,0,0,0,203,214
4,9 13 14 19,0,,1,1,1,0,0,472
4,9 13 14 19,1,a09,0,0,0,0,312,472
4,9 13 14 19,1,a13,0,0,0,0,350,472
4,9 13 14 19,2,a09 a13,0,0,0,0,412,472
4,9 13 14 19,1,a14,0,0,0,0,358,472
4,9 13 14 19,2,a09 a14,0,0,0,0,416,472
4,9 13 14 19,2,a13 a14,0,0,0,0,402,472
4,9 13 14 19,3,a09 a13 a14,0,0,0,0,434,472
4,9 13 14 19,1,a19,1,1,1,0,258,472
4,9 13 14 19,2,a09 a19,0,0,0,0,391,472
4,9 13 14 19,2,a13 a19,0,0,0,0,402,472
4,9 13 14 19,3,a09 a13 a19,0,0,0,0,435,472
4,9 13 14 19,2,a14 a19,0,0,0,0,392,472
4,9 13 14 19,3,a09 a14 a19,0,0,0,0,435,472
4,9 13 14 19,3,a13 a14 a19,0,0,0,0,436,472
4,9 13 14 19,4,a09 a13 a14 a19,0,0,0,0,453,472
4,9 13 14 20,0,,1,1,1,0,0,166
4,9 13 14 20,1,a09,0,0,0,0,87,166
4,9 13 14 20,1,a13,0,0,0,0,114,166
4,9 13 14 20,2,a09 a13,0,0,0,0,135,166
4,9 13 14 20,1,a14,0,0,0,0,87,166
4,9 13 14 20,2,a09 a14,0,0,0,0,116,166
4,9 13 14 20,2,a13 a14,0,0,0,0,135,166
4,9 13 14 20,3,a09 a13 a14,0,0,0,0,146,166
4,9 13 14 20,1,a20,1,1,1,0,28,166
4,9 13 14 20,2,a09 a20,0,0,0,0,115,166
4,9 13 14 20,2,a13 a20,0,0,0,0,124,166
4,9 13 14 20,3,a09 a13 a20,0,0,0,0,145,166
4,9 13 14 20,2,a14 a20,0,0,0,0,115,166
4,9 13 14 20,3,a09 a14 a20,0,0,0,0,144,166
4,9 13 14 20,3,a13 a14 a20,0,0,0,0,145,166
4,9 13 14 20,4,a09 a13 a14 a20,0,0,0,0,156,166
4,9 13 14 21,0,,1,1,1,0,0,132
4,9 13 14 21,1,a09,0,0,0,0,77,132
4,9 13 14 21,1,a13,0,0,0,0,85,132
4,9 13 14 21,2,a09 a13,0,0,0,0,104,132
4,9 13 14 21,1,a14,0,0,0,0,77,132
4,9 13 14 21,2,a09 a14,0,0,0,0,103,132
4,9 13 14 21,2,a13 a14,0,0,0,0,104,132
4,9 13 14 21,3,a09 a13 a14,0,0,0,0,114,132
4,9 13 14 21,1,a21,1,1,1,0,9,132
4,9 13 14 21,2,a09 a21,0,0,0,0,86,132
4,9 13 14 21,2,a13 a21,0,0,0,0,94,132
4,9 13 14 21,3,a09 a13 a21,0,0,0,0,113,132
4,9 13 14 21,2,a14 a21,0,0,0,0,86,132
4,9 13 14 21,3,a09 a14 a21,0,0,0,0,112,132
4,9 13 14 21,3,a13 a14 a21,0,0,0,0,113,132
4,9 13 14 21,4,a09 a13 a14 a21,0,0,0,0,123,132
4,9 13 14 22,0,,1,1,1,0,0,364
4,9 13 14 22,1,a09,0,0,0,0,253,364
4,9 13 14 22,1,a13,0,0,0,0,185,364
4,9 13 14 22,2,a09 a13,0,0,0,0,294,364
4,9 13 14 22,1,a14,0,0,0,0,253,364
4,9 13 14 22,2,a09 a14,0,0,0,0,316,364
4,9 13 14 22,2,a13 a14,0,0,0,0,294,364
4,9 13 14 22,3,a09 a13 a14,0,0,0,0,333,364
4,9 13 14 22,1,a22,1,1,1,0,173,364
4,9 13 14 22,2,a09 a22,0,0,0,0,293,364
4,9 13 14 22,2,a13 a22,0,0,0,0,304,364
4,9 13 14 22,3,a09 a13 a22,0,0,0,0,333,364
4,9 13 14 22,2,a14 a22,0,0,0,0,293,364
4,9 13 14 22,3,a09 a14 a22,0,0,0,0,332,364
4,9 13 14 22,3,a13 a14 a22,0,0,0,0,333,364
4,9 13 14 22,4,a09 a13 a14 a22,0,0,0,0,348,364
4,9 13 14 23,0,,1,1,1,0,0,279
4,9 13 14 23,1,a09,0,0,0,0,180,279
4,9 13 14 23,1,a13,0,0,0,0,202,279
4,9 13 14 23,2,a09 a13,0,0,0,0,240,279
4,9 13 14 23,1,a14,0,0,0,0,107,279
4,9 13 14 23,2,a09 a14,0,0,0,0,215,279
4,9 13 14 23,2,a13 a14,0,0,0,0,227,279
4,9 13 14 23,3,a09 a13 a14,0,0,0,0,253,279
4,9 13 14 23,1,a23,1,1,1,0,107,279
4,9 13 14 23,2,a09 a23,0,0,0,0,215,279
4,9 13 14 23,2,a13 a23,0,0,0,0,227,279
4,9 13 14 23,3,a09 a13 a23,0,0,0,0,253,279
4,9 13 14 23,2,a14 a23,0,0,0,0,214,279
4,9 13 14 23,3,a09 a14 a23,0,0,0,0,250,279
4,9 13 14 23,3,a13 a14 a23,0,0,0,0,252,279
4,9 13 14 23,4,a09 a13 a14 a23,0,0,0,0,266,279
4,9 13 14 24,0,,1,1,1,0,0,214
4,9 13 14 24,1,a09,0,0,0,0,144,214
4,9 13 14 24,1,a13,0,0,0,0,136,214
4,9 13 14 24,2,a09 a13,0,0,0,0,179,214
4,9 13 14 24,1,a14,0,0,0,0,97,214
4,9 13 14 24,2,a09 a14,0,0,0,0,176,214
4,9 13 14 24,2,a13 a14,0,0,0,0,159,214
4,9 13 14 24,3,a09 a13 a14,0,0,0,0,191,214
4,9 13 14 24,1,a24,1,1,1,0,60,214
4,9 13 14 24,2,a09 a24,0,0,0,0,157,214
4,9 13 14 24,2,a13 a24,0,0,0,0,168,214
4,9 13 14 24,3,a09 a13 a24,0,0,0,0,191,214
4,9 13 14 24,2,a14 a24,0,0,0,0,157,214
4,9 13 14 24,3,a09 a14 a24,0,0,0,0,189,214
4,9 13 14 24,3,a13 a14 a24,0,0,0,0,191,214
4,9 13 14 24,4,a09 a13 a14 a24,0,0,0,0,203,214
4,9 13 14 25,0,,1,1,1,0,0,472
4,9 13 14 25,1,a09,0,0,0,0,358,472
4,9 13 14 25,1,a13,0,0,0,0,350,472
4,9 13 14 25,2,a09 a13,0,0,0,0,402,472
4,9 13 14 25,1,a14,0,0,0,0,312,472
4,9 13 14 25,2,a09 a14,0,0,0,0,416,472
4,9 13 14 25,2,a13 a14,0,0,0,0,412,472
4,9 13 14 25,3,a09 a13 a14,0,0,0,0,434,472
4,9 13 14 25,1,a25,1,1,1,0,258,472
4,9 13 14 25,2,a09 a25,0,0,0,0,392,472
4,9 13 14 25,2,a13 a25,0,0,0,0,402,472
4,9 13 14 25,3,a09 a13 a25,0,0,0,0,436,472
4,9 13 14 25,2,a14 a25,0,0,0,0,391,472
4,9 13 14 25,3,a09 a14 a25,0,0,0,0,435,472
4,9 13 14 25,3,a13 a14 a25,0,0,0,0,435,472
4,9 13 14 25,4,a09 a13 a14 a25,0,0,0,0,453,472
4,9 13 15 16,0,,1,1,1,0,0,102
4,9 13 15 16,1,a09,0,0,0,0,78,102
4,9 13 15 16,1,a13,0,0,0,0,48,102
4,9 13 15 16,2,a09 a13,0,0,0,0,82,102
4,9 13 15 16,1,a15,0,0,0,0,48,102
4,9 13 15 16,2,a09 a15,0,0,0,0,82,102
4,9 13 15 16,2,a13 a15,0,0,0,0,77,102
4,9 13 15 16,3,a09 a13 a15,0,0,0,0,85,102
4,9 13 15 16,1,a16,1,1,1,0,78,102
4,9 13 15 16,2,a09 a16,0,0,0,0,90,102
4,9 13 15 16,2,a13 a16,0,0,0,0,83,102
4,9 13 15 16,3,a09 a13 a16,0,0,0,0,93,102
4,9 13 15 16,2,a15 a16,0,0,0,0,83,102
4,9 13 15 16,3,a09 a15 a16,0,0,0,0,93,102
4,9 13 15 16,3,a13 a15 a16,0,0,0,0,87,102
4,9 13 15 16,4,a09 a13 a15 a16,0,0,0,0,95,102
4,9 13 15 17,0,,1,1,1,0,0,194
4,9 13 15 17,1,a09,0,0,0,0,78,194
4,9 13 15 17,1,a13,0,0,0,0,109,194
4,9 13 15 17,2,a09 a13,0,0,0,0,140,194
4,9 13 15 17,1,a15,0,0,0,0,109,194
4,9 13 15 17,2,a09 a15,0,0,0,0,140,194
4,9 13 15 17,2,a13 a15,0,0,0,0,162,194
4,9 13 15 17,3,a09 a13 a15,0,0,0,0,173,194
4,9 13 15 17,1,a17,1,1,1,0,78,194
4,9 13 15 17,2,a09 a17,0,0,0,0,156,194
4,9 13 15 17,2,a13 a17,0,0,0,0,140,194
4,9 13 15 17,3,a09 a13 a17,0,0,0,0,171,194
4,9 13 15 17,2,a15 a17,0,0,0,0,140,194
4,9 13 15 17,3,a09 a15 a17,0,0,0,0,171,194
4,9 13 15 17,3,a13 a15 a17,0,0,0,0,173,194
4,9 13 15 17,4,a09 a13 a15 a17,0,0,0,0,184,194
4,9 13 15 18,0,,1,1,1,0,0,116
4,9 13 15 18,1,a09,0,0,0,0,62,116
4,9 13 15 18,1,a13,0,0,0,0,48,116
4,9 13 15 18,2,a09 a13,0,0,0,0,73,116
4,9 13 15 18,1,a15,0,0,0,0,64,116
4,9 13 15 18,2,a09 a15,0,0,0,0,89,116
4,9 13 15 18,2,a13 a15,0,0,0,0,90,116
4,9 13 15 18,3,a09 a13 a15,0,0,0,0,99,116
4,9 13 15 18,1,a18,1,1,1,0,25,116
4,9 13 15 18,2,a09 a18,0,0,0,0,87,116
4,9 13 15 18,2,a13 a18,0,0,0,0,73,116
4,9 13 15 18,3,a09 a13 a18,0,0,0,0,98,116
4,9 13 15 18,2,a15 a18,0,0,0,0,73,116
4,9 13 15 18,3,a09 a15 a18,0,0,0,0,98,116
4,9 13 15 18,3,a13 a15 a18,0,0,0,0,99,116
4,9 13 15 18,4,a09 a13 a15 a18,0,0,0,0,108,116
4,9 13 15 19,0,,1,1,1,0,0,214
4,9 13 15 19,1,a09,0,0,0,0,144,214
4,9 13 15 19,1,a13,0,0,0,0,60,214
4,9 13 15 19,2,a09 a13,0,0,0,0,157,214
4,9 13 15 19,1,a15,0,0,0,0,136,214
4,9 13 15 19,2,a09 a15,0,0,0,0,179,214
4,9 13 15 19,2,a13 a15,0,0,0,0,168,214
4,9 13 15 19,3,a09 a13 a15,0,0,0,0,191,214
4,9 13 15 19,1,a19,1,1,1,0,97,214
4,9 13 15 19,2,a09 a19,0,0,0,0,176,214
4,9 13 15 19,2,a13 a19,0,0,0,0,157,214
4,9 13 15 19,3,a09 a13 a19,0,0,0,0,189,214
4,9 13 15 19,2,a15 a19,0,0,0,0,159,214
4,9 13 15 19,3,a09 a15 a19,0,0,0,0,191,214
4,9 13 15 19,3,a13 a15 a19,0,0,0,0,191,214
4,9 13 15 19,4,a09 a13 a15 a19,0,0,0,0,203,214
4,9 13 15 20,0,,1,1,1,0,0,116
4,9 13 15 20,1,a09,0,0,0,0,62,116
4,9 13 15 20,1,a13,0,0,0,0,64,116
4,9 13 15 20,2,a09 a13,0,0,0,0,89,116
4,9 13 15 20,1,a15,0,0,0,0,48,116
4,9 13 15 20,2,a09 a15,0,0,0,0,73,116
4,9 13 15 20,2,a13 a15,0,0,0,0,90,116
4,9 13 15 20,3,a09 a13 a15,0,0,0,0,99,116
4,9 13 15 20,1,a20,1,1,1,0,25,116
4,9 13 15 20,2,a09 a20,0,0,0,0,87,116
4,9 13 15 20,2,a13 a20,0,0,0,0,73,116
4,9 13 15 20,3,a09 a13 a20,0,0,0,0,98,116
4,9 13 15 20,2,a15 a20,0,0,0,0,73,116
4,9 13 15 20,3,a09 a15 a20,0,0,0,0,98,116
4,9 13 15 20,3,a13 a15 a20,0,0,0,0,99,116
4,9 13 15 20,4,a09 a13 a15 a20,0,0,0,0,108,116
4,9 13 15 21,0,,1,1,1,0,0,88
4,9 13 15 21,1,a09,0,0,0,0,54,88
4,9 13 15 21,1,a13,0,0,0,0,42,88
4,9 13 15 21,2,a09 a13,0,0,0,0,64,88
4,9 13 15 21,1,a15,0,0,0,0,42,88
4,9 13 15 21,2,a09 a15,0,0,0,0,64,88
4,9 13 15 21,2,a13 a15,0,0,0,0,65,88
4,9 13 15 21,3,a09 a13 a15,0,0,0,0,73,88
4,9 13 15 21,1,a21,1,1,1,0,8,88
4,9 13 15 21,2,a09 a21,0,0,0,0,62,88
4,9 13 15 21,2,a13 a21,0,0,0,0,50,88
4,9 13 15 21,3,a09 a13 a21,0,0,0,0,72,88
4,9 13 15 21,2,a15 a21,0,0,0,0,50,88
4,9 13 15 21,3,a09 a15 a21,0,0,0,0,72,88
4,9 13 15 21,3,a13 a15 a21,0,0,0,0,73,88
4,9 13 15 21,4,a09 a13 a15 a21,0,0,0,0,81,88
4,9 13 15 22,0,,1,1,1,0,0,157
4,9 13 15 22,1,a09,0,0,0,0,112,157
4,9 13 15 22,1,a13,0,0,0,0,54,157
4,9 13 15 22,2,a09 a13,0,0,0,0,124,157
4,9 13 15 22,1,a15,0,0,0,0,80,157
4,9 13 15 22,2,a09 a15,0,0,0,0,126,157
4,9 13 15 22,2,a13 a15,0,0,0,0,109,157
4,9 13 15 22,3,a09 a13 a15,0,0,0,0,137,157
4,9 13 15 22,1,a22,1,1,1,0,54,157
4,9 13 15 22,2,a09 a22,0,0,0,0,124,157
4,9 13 15 22,2,a13 a22,0,0,0,0,108,157
4,9 13 15 22,3,a09 a13 a22,0,0,0,0,136,157
4,9 13 15 22,2,a15 a22,0,0,0,0,109,157
4,9 13 15 22,3,a09 a15 a22,0,0,0,0,137,157
4,9 13 15 22,3,a13 a15 a22,0,0,0,0,138,157
4,9 13 15 22,4,a09 a13 a15 a22,0,0,0,0,148,157
4,9 13 15 23,0,,1,1,1,0,0,214
4,9 13 15 23,1,a09,0,0,0,0,144,214
4,9 13 15 23,1,a13,0,0,0,0,136,214
4,9 13 15 23,2,a09 a13,0,0,0,0,179,214
4,9 13 15 23,1,a15,0,0,0,0,60,214
4,9 13 15 23,2,a09 a15,0,0,0,0,157,214
4,9 13 15 23,2,a13 a15,0,0,0,0,168,214
4,9 13 15 23,3,a09 a13 a15,0,0,0,0,191,214
4,9 13 15 23,1,a23,1,1,1,0,97,214
4,9 13 15 23,2,a09 a23,0,0,0,0,176,214
4,9 13 15 23,2,a13 a23,0,0,0,0,159,214
4,9 13 15 23,3,a09 a13 a23,0,0,0,0,191,214
4,9 13 15 23,2,a15 a23,0,0,0,0,157,214
4,9 13 15 23,3,a09 a15 a23,0,0,0,0,189,214
4,9 13 15 23,3,a13 a15 a23,0,0,0,0,191,214
4,9 13 15 23,4,a09 a13 a15 a23,0,0,0,0,203,214
4,9 13 15 24,0,,1,1,1,0,0,157
4,9 13 15 24,1,a09,0,0,0,0,112,157
4,9 13 15 24,1,a13,0,0,0,0,80,157
4,9 13 15 24,2,a09 a13,0,0,0,0,126,157
4,9 13 15 24,1,a15,0,0,0,0,54,157
4,9 13 15 24,2,a09 a15,0,0,0,0,124,157
4,9 13 15 24,2,a13 a15,0,0,0,0,109,157
4,9 13 15 24,3,a09 a13 a15,0,0,0,0,137,157
4,9 13 15 24,1,a24,1,1,1,0,54,157
4,9 13 15 24,2,a09 a24,0,0,0,0,124,157
4,9 13 15 24,2,a13 a24,0,0,0,0,109,157
4,9 13 15 24,3,a09 a13 a24,0,0,0,0,137,157
4,9 13 15 24,2,a15 a24,0,0,0,0,108,157
4,9 13 15 24,3,a09 a15 a24,0,0,0,0,136,157
4,9 13 15 24,3,a13 a15 a24,0,0,0,0,138,157
4,9 13 15 24,4,a09 a13 a15 a24,0,0,0,0,148,157
4,9 13 15 25,0,,1,1,1,0,0,352
4,9 13 15 25,1,a09,0,0,0,0,285,352
4,9 13 15 25,1,a13,0,0,0,0,196,352
4,9 13 15 25,2,a09 a13,0,0,0,0,302,352
4,9 13 15 25,1,a15,0,0,0,0,196,352
4,9 13 15 25,2,a09 a15,0,0,0,0,302,352
4,9 13 15 25,2,a13 a15,0,0,0,0,290,352
4,9 13 15 25,3,a09 a13 a15,0,0,0,0,317,352
4,9 13 15 25,1,a25,1,1,1,0,204,352
4,9 13 15 25,2,a09 a25,0,0,0,0,304,352
4,9 13 15 25,2,a13 a25,0,0,0,0,279,352
4,9 13 15 25,3,a09 a13 a25,0,0,0,0,321,352
4,9 13 15 25,2,a15 a25,0,0,0,0,279,352
4,9 13 15 25,3,a09 a15 a25,0,0,0,0,321,352
4,9 13 15 25,3,a13 a15 a25,0,0,0,0,319,352
4,9 13 15 25,4,a09 a13 a15 a25,0,0,0,0,336,352
4,10 11 12 13,0,,1,1,1,0,0,44
4,10 11 12 13,1,a10,1,1,1,0,6,44
4,10 11 12 13,1,a11,1,1,1,0,16,44
4,10 11 12 13,2,a10 a11,1,1,1,0,17,44
4,10 11 12 13,1,a12,0,0,0,0,26,44
4,10 11 12 13,2,a10 a12,0,0,0,0,27,44
4,10 11 12 13,2,a11 a12,0,0,0,0,32,44
4,10 11 12 13,3,a10 a11 a12,0,0,0,0,33,44
4,10 11 12 13,1,a13,0,0,0,0,16,44
4,10 11 12 13,2,a10 a13,0,0,0,0,22,44
4,10 11 12 13,2,a11 a13,0,0,0,0,32,44
4,10 11 12 13,3,a10 a11 a13,0,0,0,0,33,44
4,10 11 12 13,2,a12 a13,0,0,0,0,32,44
4,10 11 12 13,3,a10 a12 a13,0,0,0,0,33,44
4,10 11 12 13,3,a11 a12 a13,0,0,0,0,38,44
4,10 11 12 13,4,a10 a11 a12 a13,0,0,0,0,39,44
4,10 11 12 15,0,,1,1,1,0,0,70
4,10 11 12 15,1,a10,1,0,1,1,19,70
4,10 11 12 15,1,a11,1,1,1,0,46,70
4,10 11 12 15,2,a10 a11,0,0,0,0,49,70
4,10 11 12 15,1,a12,1,1,1,0,36,70
4,10 11 12 15,2,a10 a12,0,0,0,0,38,70
4,10 11 12 15,2,a11 a12,1,1,1,0,55,70
4,10 11 12 15,3,a10 a11 a12,0,0,0,0,57,70
4,10 11 12 15,1,a15,0,0,0,0,36,70
4,10 11 12 15,2,a10 a15,0,0,0,0,43,70
4,10 11 12 15,2,a11 a15,0,0,0,0,55,70
4,10 11 12 15,3,a10 a11 a15,0,0,0,0,56,70
4,10 11 12 15,2,a12 a15,0,0,0,0,56,70
4,10 11 12 15,3,a10 a12 a15,0,0,0,0,57,70
4,10 11 12 15,3,a11 a12 a15,0,0,0,0,63,70
4,10 11 12 15,4,a10 a11 a12 a15,0,0,0,0,64,70
4,10 11 12 16,0,,1,1,1,0,0,109
4,10 11 12 16,1,a10,1,0,1,1,42,109
4,10 11 12 16,1,a11,1,1,1,0,67,109
4,10 11 12 16,2,a10 a11,0,0,0,0,71,109
4,10 11 12 16,1,a12,0,0,0,0,74,109
4,10 11 12 16,2,a10 a12,0,0,0,0,78,109
4,10 11 12 16,2,a11 a12,0,0,0,0,91,109
4,10 11 12 16,3,a10 a11 a12,0,0,0,0,94,109
4,10 11 12 16,1,a16,0,0,0,0,67,109
4,10 11 12 16,2,a10 a16,0,0,0,0,77,109
4,10 11 12 16,2,a11 a16,0,0,0,0,90,109
4,10 11 12 16,3,a10 a11 a16,0,0,0,0,93,109
4,10 11 12 16,2,a12 a16,0,0,0,0,91,109
4,10 11 12 16,3,a10 a12 a16,0,0,0,0,93,109
4,10 11 12 16,3,a11 a12 a16,0,0,0,0,100,109
4,10 11 12 16,4,a10 a11 a12 a16,0,0,0,0,102,109
4,10 11 13 14,0,,1,1,1,0,0,102
4,10 11 13 14,1,a10,0,0,0,0,48,102
4,10 11 13 14,1,a11,1,1,1,0,78,102
4,10 11 13 14,2,a10 a11,0,0,0,0,83,102
4,10 11 13 14,1,a13,0,0,0,0,48,102
4,10 11 13 14,2,a10 a13,0,0,0,0,77,102
4,10 11 13 14,2,a11 a13,0,0,0,0,83,102
4,10 11 13 14,3,a10 a11 a13,0,0,0,0,87,102
4,10 11 13 14,1,a14,0,0,0,0,78,102
4,10 11 13 14,2,a10 a14,0,0,0,0,82,102
4,10 11 13 14,2,a11 a14,0,0,0,0,90,102
4,10 11 13 14,3,a10 a11 a14,0,0,0,0,93,102
4,10 11 13 14,2,a13 a14,0,0,0,0,82,102
4,10 11 13 14,3,a10 a13 a14,0,0,0,0,85,102
4,10 11 13 14,3,a11 a13 a14,0,0,0,0,93,102
4,10 11 13 14,4,a10 a11 a13 a14,0,0,0,0,95,102
4,10 11 13 15,0,,1,1,1,0,0,44
4,10 11 13 15,1,a10,0,0,0,0,16,44
4,10 11 13 15,1,a11,1,1,1,0,16,44
4,10 11 13 15,2,a10 a11,0,0,0,0,32,44
4,10 11 13 15,1,a13,1,1,1,0,6,44
4,10 11 13 15,2,a10 a13,0,0,0,0,22,44
4,10 11 13 15,2,a11 a13,1,1,1,0,17,44
4,10 11 13 15,3,a10 a11 a13,0,0,0,0,33,44
4,10 11 13 15,1,a15,0,0,0,0,26,44
4,10 11 13 15,2,a10 a15,0,0,0,0,32,44
4,10 11 13 15,2,a11 a15,0,0,0,0,32,44
4,10 11 13 15,3,a10 a11 a15,0,0,0,0,38,44
4,10 11 13 15,2,a13 a15,0,0,0,0,27,44
4,10 11 13 15,3,a10 a13 a15,0,0,0,0,33,44
4,10 11 13 15,3,a11 a13 a15,0,0,0,0,33,44
4,10 11 13 15,4,a10 a11 a13 a15,0,0,0,0,39,44
4,10 11 14 15,0,,1,1,1,0,0,102
4,10 11 14 15,1,a10,0,0,0,0,48,102
4,10 11 14 15,1,a11,1,1,1,0,78,102
4,10 11 14 15,2,a10 a11,0,0,0,0,83,102
4,10 11 14 15,1,a14,1,1,1,0,78,102
4,10 11 14 15,2,a10 a14,0,0,0,0,82,102
4,10 11 14 15,2,a11 a14,1,1,1,0,90,102
4,10 11 14 15,3,a10 a11 a14,0,0,0,0,93,102
4,10 11 14 15,1,a15,0,0,0,0,48,102
4,10 11 14 15,2,a10 a15,0,0,0,0,76,102
4,10 11 14 15,2,a11 a15,0,0,0,0,82,102
4,10 11 14 15,3,a10 a11 a15,0,0,0,0,85,102
4,10 11 14 15,2,a14 a15,0,0,0,0,83,102
4,10 11 14 15,3,a10 a14 a15,0,0,0,0,85,102
4,10 11 14 15,3,a11 a14 a15,0,0,0,0,93,102
4,10 11 14 15,4,a10 a11 a14 a15,0,0,0,0,94,102
4,10 11 14 16,0,,1,1,1,0,0,156
4,10 11 14 16,1,a10,0,0,0,0,98,156
4,10 11 14 16,1,a11,1,1,1,0,111,156
4,10 11 14 16,2,a10 a11,0,0,0,0,118,156
4,10 11 14 16,1,a14,0,0,0,0,111,156
4,10 11 14 16,2,a10 a14,0,0,0,0,118,156
4,10 11 14 16,2,a11 a14,0,0,0,0,133,156
4,10 11 14 16,3,a10 a11 a14,0,0,0,0,137,156
4,10 11 14 16,1,a16,0,0,0,0,92,156
4,10 11 14 16,2,a10 a16,0,0,0,0,126,156
4,10 11 14 16,2,a11 a16,0,0,0,0,132,156
4,10 11 14 16,3,a10 a11 a16,0,0,0,0,137,156
4,10 11 14 16,2,a14 a16,0,0,0,0,132,156
4,10 11 14 16,3,a10 a14 a16,0,0,0,0,136,156
4,10 11 14 16,3,a11 a14 a16,0,0,0,0,144,156
4,10 11 14 16,4,a10 a11 a14 a16,0,0,0,0,147,156
4,10 11 15 16,0,,1,1,1,0,0,70
4,10 11 15 16,1,a10,0,0,0,0,31,70
4,10 11 15 16,1,a11,1,1,1,0,25,70
4,10 11 15 16,2,a10 a11,0,0,0,0,50,70
4,10 11 15 16,1,a15,0,0,0,0,31,70
4,10 11 15 16,2,a10 a15,0,0,0,0,44,70
4,10 11 15 16,2,a11 a15,0,0,0,0,44,70
4,10 11 15 16,3,a10 a11 a15,0,0,0,0,57,70
4,10 11 15 16,1,a16,1,1,1,0,25,70
4,10 11 15 16,2,a10 a16,0,0,0,0,44,70
4,10 11 15 16,2,a11 a16,1,1,1,0,38,70
4,10 11 15 16,3,a10 a11 a16,0,0,0,0,57,70
4,10 11 15 16,2,a15 a16,0,0,0,0,50,70
4,10 11 15 16,3,a10 a15 a16,0,0,0,0,57,70
4,10 11 15 16,3,a11 a15 a16,0,0,0,0,57,70
4,10 11 15 16,4,a10 a11 a15 a16,0,0,0,0,64,70
4,10 11 15 17,0,,1,1,1,0,0,166
4,10 11 15 17,1,a10,0,0,0,0,28,166
4,10 11 15 17,1,a11,1,1,1,0,87,166
4,10 11 15 17,2,a10 a11,0,0,0,0,115,166
4,10 11 15 17,1,a15,0,0,0,0,114,166
4,10 11 15 17,2,a10 a15,0,0,0,0,124,166
4,10 11 15 17,2,a11 a15,0,0,0,0,135,166
4,10 11 15 17,3,a10 a11 a15,0,0,0,0,145,166
4,10 11 15 17,1,a17,1,1,1,0,87,166
4,10 11 15 17,2,a10 a17,0,0,0,0,115,166
4,10 11 15 17,2,a11 a17,1,1,1,0,116,166
4,10 11 15 17,3,a10 a11 a17,0,0,0,0,144,166
4,10 11 15 17,2,a15 a17,0,0,0,0,135,166
4,10 11 15 17,3,a10 a15 a17,0,0,0,0,145,166
4,10 11 15 17,3,a11 a15 a17,0,0,0,0,146,166
4,10 11 15 17,4,a10 a11 a15 a17,0,0,0,0,156,166
4,10 11 15 18,0,,1,1,1,0,0,81
4,10 11 15 18,1,a10,0,0,0,0,22,81
4,10 11 15 18,1,a11,1,1,1,0,22,81
4,10 11 15 18,2,a10 a11,0,0,0,0,44,81
4,10 11 15 18,1,a15,0,0,0,0,50,81
4,10 11 15 18,2,a10 a15,0,0,0,0,58,81
4,10 11 15 18,2,a11 a15,0,0,0,0,58,81
4,10 11 15 18,3,a10 a11 a15,0,0,0,0,66,81
4,10 11 15 18,1,a18,1,1,1,0,22,81
4,10 11 15 18,2,a10 a18,0,0,0,0,44,81
4,10 11 15 18,2,a11 a18,1,1,1,0,44,81
4,10 11 15 18,3,a10 a11 a18,0,0,0,0,66,81
4,10 11 15 18,2,a15 a18,0,0,0,0,58,81
4,10 11 15 18,3,a10 a15 a18,0,0,0,0,66,81
4,10 11 15 18,3,a11 a15 a18,0,0,0,0,66,81
4,10 11 15 18,4,a10 a11 a15 a18,0,0,0,0,74,81
4,10 11 15 19,0,,1,1,1,0,0,81
4,10 11 15 19,1,a10,0,0,0,0,22,81
4,10 11 15 19,1,a11,1,1,1,0,22,81
4,10 11 15 19,2,a10 a11,0,0,0,0,44,81
4,10 11 15 19,1,a15,0,0,0,0,50,81
4,10 11 15 19,2,a10 a15,0,0,0,0,58,81
4,10 11 15 19,2,a11 a15,0,0,0,0,58,81
4,10 11 15 19,3,a10 a11 a15,0,0,0,0,66,81
4,10 11 15 19,1,a19,1,1,1,0,22,81
4,10 11 15 19,2,a10 a19,0,0,0,0,44,81
4,10 11 15 19,2,a11 a19,1,1,1,0,44,81
4,10 11 15 19,3,a10 a11 a19,0,0,0,0,66,81
4,10 11 15 19,2,a15 a19,0,0,0,0,58,81
4,10 11 15 19,3,a10 a15 a19,0,0,0,0,66,81
4,10 11 15 19,3,a11 a15 a19,0,0,0,0,66,81
4,10 11 15 19,4,a10 a11 a15 a19,0,0,0,0,74,81
4,10 11 15 20,0,,1,1,1,0,0,116
4,10 11 15 20,1,a10,0,0,0,0,25,116
4,10 11 15 20,1,a11,1,1,1,0,62,116
4,10 11 15 20,2,a10 a11,0,0,0,0,87,116
4,10 11 15 20,1,a15,0,0,0,0,64,116
4,10 11 15 20,2,a10 a15,0,0,0,0,73,116
4,10 11 15 20,2,a11 a15,0,0,0,0,89,116
4,10 11 15 20,3,a10 a11 a15,0,0,0,0,98,116
4,10 11 15 20,1,a20,1,1,1,0,48,116
4,10 11 15 20,2,a10 a20,0,0,0,0,73,116
4,10 11 15 20,2,a11 a20,1,1,1,0,73,116
4,10 11 15 20,3,a10 a11 a20,0,0,0,0,98,116
4,10 11 15 20,2,a15 a20,0,0,0,0,90,116
4,10 11 15 20,3,a10 a15 a20,0,0,0,0,99,116
4,10 11 15 20,3,a11 a15 a20,0,0,0,0,99,116
4,10 11 15 20,4,a10 a11 a15 a20,0,0,0,0,108,116
4,10 11 15 21,0,,1,1,1,0,0,58
4,10 11 15 21,1,a10,0,0,0,0,19,58
4,10 11 15 21,1,a11,1,1,1,0,19,58
4,10 11 15 21,2,a10 a11,0,0,0,0,38,58
4,10 11 15 21,1,a15,0,0,0,0,31,58
4,10 11 15 21,2,a10 a15,0,0,0,0,38,58
4,10 11 15 21,2,a11 a15,0,0,0,0,38,58
4,10 11 15 21,3,a10 a11 a15,0,0,0,0,45,58
4,10 11 15 21,1,a21,1,1,1,0,7,58
4,10 11 15 21,2,a10 a21,0,0,0,0,26,58
4,10 11 15 21,2,a11 a21,1,1,1,0,26,58
4,10 11 15 21,3,a10 a11 a21,0,0,0,0,45,58
4,10 11 15 21,2,a15 a21,0,0,0,0,38,58
4,10 11 15 21,3,a10 a15 a21,0,0,0,0,45,58
4,10 11 15 21,3,a11 a15 a21,0,0,0,0,45,58
4,10 11 15 21,4,a10 a11 a15 a21,0,0,0,0,52,58
4,10 11 15 22,0,,1,1,1,0,0,58
4,10 11 15 22,1,a10,0,0,0,0,19,58
4,10 11 15 22,1,a11,1,1,1,0,19,58
4,10 11 15 22,2,a10 a11,0,0,0,0,38,58
4,10 11 15 22,1,a15,0,0,0,0,31,58
4,10 11 15 22,2,a10 a15,0,0,0,0,38,58
4,10 11 15 22,2,a11 a15,0,0,0,0,38,58
4,10 11 15 22,3,a10 a11 a15,0,0,0,0,45,58
4,10 11 15 22,1,a22,1,1,1,0,7,58
4,10 11 15 22,2,a10 a22,0,0,0,0,26,58
4,10 11 15 22,2,a11 a22,1,1,1,0,26,58
4,10 11 15 22,3,a10 a11 a22,0,0,0,0,45,58
4,10 11 15 22,2,a15 a22,0,0,0,0,38,58
4,10 11 15 22,3,a10 a15 a22,0,0,0,0,45,58
4,10 11 15 22,3,a11 a15 a22,0,0,0,0,45,58
4,10 11 15 22,4,a10 a11 a15 a22,0,0,0,0,52,58
4,10 11 15 23,0,,1,1,1,0,0,279
4,10 11 15 23,1,a10,0,0,0,0,145,279
4,10 11 15 23,1,a11,1,1,1,0,187,279
4,10 11 15 23,2,a10 a11,0,0,0,0,236,279
4,10 11 15 23,1,a15,0,0,0,0,160,279
4,10 11 15 23,2,a10 a15,0,0,0,0,227,279
4,10 11 15 23,2,a11 a15,0,0,0,0,223,279
4,10 11 15 23,3,a10 a11 a15,0,0,0,0,249,279
4,10 11 15 23,1,a23,1,1,1,0,177,279
4,10 11 15 23,2,a10 a23,0,0,0,0,213,279
4,10 11 15 23,2,a11 a23,1,1,1,0,216,279
4,10 11 15 23,3,a10 a11 a23,0,0,0,0,252,279
4,10 11 15 23,2,a15 a23,0,0,0,0,236,279
4,10 11 15 23,3,a10 a15 a23,0,0,0,0,249,279
4,10 11 15 23,3,a11 a15 a23,0,0,0,0,252,279
4,10 11 15 23,4,a10 a11 a15 a23,0,0,0,0,265,279
4,10 11 15 24,0,,1,1,1,0,0,108
4,10 11 15 24,1,a10,0,0,0,0,41,108
4,10 11 15 24,1,a11,1,1,1,0,41,108
4,10 11 15 24,2,a10 a11,0,0,0,0,82,108
4,10 11 15 24,1,a15,0,0,0,0,41,108
4,10 11 15 24,2,a10 a15,0,0,0,0,66,108
4,10 11 15 24,2,a11 a15,0,0,0,0,66,108
4,10 11 15 24,3,a10 a11 a15,0,0,0,0,91,108
4,10 11 15 24,1,a24,1,1,1,0,41,108
4,10 11 15 24,2,a10 a24,0,0,0,0,66,108
4,10 11 15 24,2,a11 a24,1,1,1,0,66,108
4,10 11 15 24,3,a10 a11 a24,0,0,0,0,91,108
4,10 11 15 24,2,a15 a24,0,0,0,0,82,108
4,10 11 15 24,3,a10 a15 a24,0,0,0,0,91,108
4,10 11 15 24,3,a11 a15 a24,0,0,0,0,91,108
4,10 11 15 24,4,a10 a11 a15 a24,0,0,0,0,100,108
4,10 11 15 25,0,,1,1,1,0,0,88
4,10 11 15 25,1,a10,0,0,0,0,36,88
4,10 11 15 25,1,a11,1,1,1,0,36,88
4,10 11 15 25,2,a10 a11,0,0,0,0,65,88
4,10 11 15 25,1,a15,0,0,0,0,36,88
4,10 11 15 25,2,a10 a15,0,0,0,0,58,88
4,10 11 15 25,2,a11 a15,0,0,0,0,58,88
4,10 11 15 25,3,a10 a11 a15,0,0,0,0,73,88
4,10 11 15 25,1,a25,1,1,1,0,29,88
4,10 11 15 25,2,a10 a25,0,0,0,0,51,88
4,10 11 15 25,2,a11 a25,1,1,1,0,51,88
4,10 11 15 25,3,a10 a11 a25,0,0,0,0,73,88
4,10 11 15 25,2,a15 a25,0,0,0,0,65,88
4,10 11 15 25,3,a10 a15 a25,0,0,0,0,73,88
4,10 11 15 25,3,a11 a15 a25,0,0,0,0,73,88
4,10 11 15 25,4,a10 a11 a15 a25,0,0,0,0,81,88
4,10 12 13 14,0,,1,1,1,0,0,70
4,10 12 13 14,1,a10,1,1,1,0,36,70
4,10 12 13 14,1,a12,1,0,1,1,19,70
4,10 12 13 14,2,a10 a12,0,0,0,0,38,70
4,10 12 13 14,1,a13,0,0,0,0,36,70
4,10 12 13 14,2,a10 a13,0,0,0,0,56,70
4,10 12 13 14,2,a12 a13,0,0,0,0,43,70
4,10 12 13 14,3,a10 a12 a13,0,0,0,0,57,70
4,10 12 13 14,1,a14,1,1,1,0,46,70
4,10 12 13 14,2,a10 a14,1,1,1,0,55,70
4,10 12 13 14,2,a12 a14,0,0,0,0,49,70
4,10 12 13 14,3,a10 a12 a14,0,0,0,0,57,70
4,10 12 13 14,2,a13 a14,0,0,0,0,55,70
4,10 12 13 14,3,a10 a13 a14,0,0,0,0,63,70
4,10 12 13 14,3,a12 a13 a14,0,0,0,0,56,70
4,10 12 13 14,4,a10 a12 a13 a14,0,0,0,0,64,70
4,10 12 13 15,0,,1,1,1,0,0,44
4,10 12 13 15,1,a10,1,0,1,1,16,44
4,10 12 13 15,1,a12,1,1,1,0,16,44
4,10 12 13 15,2,a10 a12,0,0,0,0,27,44
4,10 12 13 15,1,a13,1,1,1,0,16,44
4,10 12 13 15,2,a10 a13,0,0,0,0,27,44
4,10 12 13 15,2,a12 a13,1,1,1,0,22,44
4,10 12 13 15,3,a10 a12 a13,0,0,0,0,33,44
4,10 12 13 15,1,a15,1,0,1,1,16,44
4,10 12 13 15,2,a10 a15,1,0,1,1,22,44
4,10 12 13 15,2,a12 a15,0,0,0,0,27,44
4,10 12 13 15,3,a10 a12 a15,0,0,0,0,33,44
4,10 12 13 15,2,a13 a15,0,0,0,0,27,44
4,10 12 13 15,3,a10 a13 a15,0,0,0,0,33,44
4,10 12 13 15,3,a12 a13 a15,0,0,0,0,33,44
4,10 12 13 15,4,a10 a12 a13 a15,0,0,0,0,39,44
4,10 12 13 16,0,,1,1,1,0,0,70
4,10 12 13 16,1,a10,1,1,1,0,36,70
4,10 12 13 16,1,a12,0,0,0,0,36,70
4,10 12 13 16,2,a10 a12,0,0,0,0,56,70
4,10 12 13 16,1,a13,1,0,1,1,19,70
4,10 12 13 16,2,a10 a13,0,0,0,0,38,70
4,10 12 13 16,2,a12 a13,0,0,0,0,43,70
4,10 12 13 16,3,a10 a12 a13,0,0,0,0,57,70
4,10 12 13 16,1,a16,1,1,1,0,46,70
4,10 12 13 16,2,a10 a16,1,1,1,0,55,70
4,10 12 13 16,2,a12 a16,0,0,0,0,55,70
4,10 12 13 16,3,a10 a12 a16,0,0,0,0,63,70
4,10 12 13 16,2,a13 a16,0,0,0,0,49,70
4,10 12 13 16,3,a10 a13 a16,0,0,0,0,57,70
4,10 12 13 16,3,a12 a13 a16,0,0,0,0,56,70
4,10 12 13 16,4,a10 a12 a13 a16,0,0,0,0,64,70
4,10 12 13 17,0,,1,1,1,0,0,58
4,10 12 13 17,1,a10,1,1,1,0,7,58
4,10 12 13 17,1,a12,0,0,0,0,19,58
4,10 12 13 17,2,a10 a12,0,0,0,0,26,58
4,10 12 13 17,1,a13,0,0,0,0,31,58
4,10 12 13 17,2,a10 a13,0,0,0,0,38,58
4,10 12 13 17,2,a12 a13,0,0,0,0,38,58
4,10 12 13 17,3,a10 a12 a13,0,0,0,0,45,58
4,10 12 13 17,1,a17,1,1,1,0,19,58
4,10 12 13 17,2,a10 a17,1,1,1,0,26,58
4,10 12 13 17,2,a12 a17,0,0,0,0,38,58
4,10 12 13 17,3,a10 a12 a17,0,0,0,0,45,58
4,10 12 13 17,2,a13 a17,0,0,0,0,38,58
4,10 12 13 17,3,a10 a13 a17,0,0,0,0,45,58
4,10 12 13 17,3,a12 a13 a17,0,0,0,0,45,58
4,10 12 13 17,4,a10 a12 a13 a17,0,0,0,0,52,58
4,10 12 13 18,0,,1,1,1,0,0,39
4,10 12 13 18,1,a10,1,1,1,0,6,39
4,10 12 13 18,1,a12,0,0,0,0,16,39
4,10 12 13 18,2,a10 a12,0,0,0,0,22,39
4,10 12 13 18,1,a13,0,0,0,0,16,39
4,10 12 13 18,2,a10 a13,0,0,0,0,22,39
4,10 12 13 18,2,a12 a13,0,0,0,0,22,39
4,10 12 13 18,3,a10 a12 a13,0,0,0,0,28,39
4,10 12 13 18,1,a18,1,1,1,0,6,39
4,10 12 13 18,2,a10 a18,1,1,1,0,12,39
4,10 12 13 18,2,a12 a18,0,0,0,0,22,39
4,10 12 13 18,3,a10 a12 a18,0,0,0,0,28,39
4,10 12 13 18,2,a13 a18,0,0,0,0,22,39
4,10 12 13 18,3,a10 a13 a18,0,0,0,0,28,39
4,10 12 13 18,3,a12 a13 a18,0,0,0,0,28,39
4,10 12 13 18,4,a10 a12 a13 a18,0,0,0,0,34,39
4,10 12 13 19,0,,1,1,1,0,0,58
4,10 12 13 19,1,a10,1,1,1,0,7,58
4,10 12 13 19,1,a12,0,0,0,0,31,58
4,10 12 13 19,2,a10 a12,0,0,0,0,38,58
4,10 12 13 19,1,a13,0,0,0,0,19,58
4,10 12 13 19,2,a10 a13,0,0,0,0,26,58
4,10 12 13 19,2,a12 a13,0,0,0,0,38,58
4,10 12 13 19,3,a10 a12 a13,0,0,0,0,45,58
4,10 12 13 19,1,a19,1,1,1,0,19,58
4,10 12 13 19,2,a10 a19,1,1,1,0,26,58
4,10 12 13 19,2,a12 a19,0,0,0,0,38,58
4,10 12 13 19,3,a10 a12 a19,0,0,0,0,45,58
4,10 12 13 19,2,a13 a19,0,0,0,0,38,58
4,10 12 13 19,3,a10 a13 a19,0,0,0,0,45,58
4,10 12 13 19,3,a12 a13 a19,0,0,0,0,45,58
4,10 12 13 19,4,a10 a12 a13 a19,0,0,0,0,52,58
4,10 12 13 20,0,,1,1,1,0,0,58
4,10 12 13 20,1,a10,1,1,1,0,7,58
4,10 12 13 20,1,a12,0,0,0,0,19,58
4,10 12 13 20,2,a10 a12,0,0,0,0,26,58
4,10 12 13 20,1,a13,0,0,0,0,31,58
4,10 12 13 20,2,a10 a13,0,0,0,0,38,58
4,10 12 13 20,2,a12 a13,0,0,0,0,38,58
4,10 12 13 20,3,a10 a12 a13,0,0,0,0,45,58
4,10 12 13 20,1,a20,1,1,1,0,19,58
4,10 12 13 20,2,a10 a20,1,1,1,0,26,58
4,10 12 13 20,2,a12 a20,0,0,0,0,38,58
4,10 12 13 20,3,a10 a12 a20,0,0,0,0,45,58
4,10 12 13 20,2,a13 a20,0,0,0,0,38,58
4,10 12 13 20,3,a10 a13 a20,0,0,0,0,45,58
4,10 12 13 20,3,a12 a13 a20,0,0,0,0,45,58
4,10 12 13 20,4,a10 a12 a13 a20,0,0,0,0,52,58
4,10 12 13 21,0,,1,1,1,0,0,39
4,10 12 13 21,1,a10,1,1,1,0,6,39
4,10 12 13 21,1,a12,0,0,0,0,16,39
4,10 12 13 21,2,a10 a12,0,0,0,0,22,39
4,10 12 13 21,1,a13,0,0,0,0,16,39
4,10 12 13 21,2,a10 a13,0,0,0,0,22,39
4,10 12 13 21,2,a12 a13,0,0,0,0,22,39
4,10 12 13 21,3,a10 a12 a13,0,0,0,0,28,39
4,10 12 13 21,1,a21,1,1,1,0,6,39
4,10 12 13 21,2,a10 a21,1,1,1,0,12,39
4,10 12 13 21,2,a12 a21,0,0,0,0,22,39
4,10 12 13 21,3,a10 a12 a21,0,0,0,0,28,39
4,10 12 13 21,2,a13 a21,0,0,0,0,22,39
4,10 12 13 21,3,a10 a13 a21,0,0,0,0,28,39
4,10 12 13 21,3,a12 a13 a21,0,0,0,0,28,39
4,10 12 13 21,4,a10 a12 a13 a21,0,0,0,0,34,39
4,10 12 13 22,0,,1,1,1,0,0,58
4,10 12 13 22,1,a10,1,1,1,0,7,58
4,10 12 13 22,1,a12,0,0,0,0,31,58
4,10 12 13 22,2,a10 a12,0,0,0,0,38,58
4,10 12 13 22,1,a13,0,0,0,0,19,58
4,10 12 13 22,2,a10 a13,0,0,0,0,26,58
4,10 12 13 22,2,a12 a13,0,0,0,0,38,58
4,10 12 13 22,3,a10 a12 a13,0,0,0,0,45,58
4,10 12 13 22,1,a22,1,1,1,0,19,58
4,10 12 13 22,2,a10 a22,1,1,1,0,26,58
4,10 12 13 22,2,a12 a22,0,0,0,0,38,58
4,10 12 13 22,3,a10 a12 a22,0,0,0,0,45,58
4,10 12 13 22,2,a13 a22,0,0,0,0,38,58
4,10 12 13 22,3,a10 a13 a22,0,0,0,0,45,58
4,10 12 13 22,3,a12 a13 a22,0,0,0,0,45,58
4,10 12 13 22,4,a10 a12 a13 a22,0,0,0,0,52,58
4,10 12 13 23,0,,1,1,1,0,0,116
4,10 12 13 23,1,a10,1,1,1,0,48,116
4,10 12 13 23,1,a12,0,0,0,0,25,116
4,10 12 13 23,2,a10 a12,0,0,0,0,73,116
4,10 12 13 23,1,a13,0,0,0,0,64,116
4,10 12 13 23,2,a10 a13,0,0,0,0,90,116
4,10 12 13 23,2,a12 a13,0,0,0,0,73,116
4,10 12 13 23,3,a10 a12 a13,0,0,0,0,99,116
4,10 12 13 23,1,a23,1,1,1,0,62,116
4,10 12 13 23,2,a10 a23,1,1,1,0,73,116
4,10 12 13 23,2,a12 a23,0,0,0,0,87,116
4,10 12 13 23,3,a10 a12 a23,0,0,0,0,98,116
4,10 12 13 23,2,a13 a23,0,0,0,0,89,116
4,10 12 13 23,3,a10 a13 a23,0,0,0,0,99,116
4,10 12 13 23,3,a12 a13 a23,0,0,0,0,98,116
4,10 12 13 23,4,a10 a12 a13 a23,0,0,0,0,108,116
4,10 12 13 24,0,,1,1,1,0,0,58
4,10 12 13 24,1,a10,1,1,1,0,19,58
4,10 12 13 24,1,a12,0,0,0,0,19,58
4,10 12 13 24,2,a10 a12,0,0,0,0,38,58
4,10 12 13 24,1,a13,0,0,0,0,19,58
4,10 12 13 24,2,a10 a13,0,0,0,0,38,58
4,10 12 13 24,2,a12 a13,0,0,0,0,26,58
4,10 12 13 24,3,a10 a12 a13,0,0,0,0,45,58
4,10 12 13 24,1,a24,1,1,1,0,19,58
4,10 12 13 24,2,a10 a24,1,1,1,0,26,58
4,10 12 13 24,2,a12 a24,0,0,0,0,38,58
4,10 12 13 24,3,a10 a12 a24,0,0,0,0,45,58
4,10 12 13 24,2,a13 a24,0,0,0,0,38,58
4,10 12 13 24,3,a10 a13 a24,0,0,0,0,45,58
4,10 12 13 24,3,a12 a13 a24,0,0,0,0,45,58
4,10 12 13 24,4,a10 a12 a13 a24,0,0,0,0,52,58
4,10 12 13 25,0,,1,1,1,0,0,116
4,10 12 13 25,1,a10,1,1,1,0,48,116
4,10 12 13 25,1,a12,0,0,0,0,64,116
4,10 12 13 25,2,a10 a12,0,0,0,0,90,116
4,10 12 13 25,1,a13,0,0,0,0,25,116
4,10 12 13 25,2,a10 a13,0,0,0,0,73,116
4,10 12 13 25,2,a12 a13,0,0,0,0,73,116
4,10 12 13 25,3,a10 a12 a13,0,0,0,0,99,116
4,10 12 13 25,1,a25,1,1,1,0,62,116
4,10 12 13 25,2,a10 a25,1,1,1,0,73,116
4,10 12 13 25,2,a12 a25,0,0,0,0,89,116
4,10 12 13 25,3,a10 a12 a25,0,0,0,0,99,116
4,10 12 13 25,2,a13 a25,0,0,0,0,87,116
4,10 12 13 25,3,a10 a13 a25,0,0,0,0,98,116
4,10 12 13 25,3,a12 a13 a25,0,0,0,0,98,116
4,10 12 13 25,4,a10 a12 a13 a25,0,0,0,0,108,116
4,10 12 14 15,0,,1,1,1,0,0,44
4,10 12 14 15,1,a10,0,0,0,0,26,44
4,10 12 14 15,1,a12,1,1,1,0,6,44
4,10 12 14 15,2,a10 a12,0,0,0,0,27,44
4,10 12 14 15,1,a14,1,1,1,0,16,44
4,10 12 14 15,2,a10 a14,0,0,0,0,32,44
4,10 12 14 15,2,a12 a14,1,1,1,0,17,44
4,10 12 14 15,3,a10 a12 a14,0,0,0,0,33,44
4,10 12 14 15,1,a15,0,0,0,0,16,44
4,10 12 14 15,2,a10 a15,0,0,0,0,32,44
4,10 12 14 15,2,a12 a15,0,0,0,0,22,44
4,10 12 14 15,3,a10 a12 a15,0,0,0,0,33,44
4,10 12 14 15,2,a14 a15,0,0,0,0,32,44
4,10 12 14 15,3,a10 a14 a15,0,0,0,0,38,44
4,10 12 14 15,3,a12 a14 a15,0,0,0,0,33,44
4,10 12 14 15,4,a10 a12 a14 a15,0,0,0,0,39,44
4,10 12 14 16,0,,1,1,1,0,0,109
4,10 12 14 16,1,a10,0,0,0,0,74,109
4,10 12 14 16,1,a12,1,0,1,1,42,109
4,10 12 14 16,2,a10 a12,0,0,0,0,78,109
4,10 12 14 16,1,a14,1,1,1,0,67,109
4,10 12 14 16,2,a10 a14,0,0,0,0,91,109
4,10 12 14 16,2,a12 a14,0,0,0,0,71,109
4,10 12 14 16,3,a10 a12 a14,0,0,0,0,94,109
4,10 12 14 16,1,a16,0,0,0,0,67,109
4,10 12 14 16,2,a10 a16,0,0,0,0,91,109
4,10 12 14 16,2,a12 a16,0,0,0,0,77,109
4,10 12 14 16,3,a10 a12 a16,0,0,0,0,93,109
4,10 12 14 16,2,a14 a16,0,0,0,0,90,109
4,10 12 14 16,3,a10 a14 a16,0,0,0,0,100,109
4,10 12 14 16,3,a12 a14 a16,0,0,0,0,93,109
4,10 12 14 16,4,a10 a12 a14 a16,0,0,0,0,102,109
4,10 12 15 16,0,,1,1,1,0,0,70
4,10 12 15 16,1,a10,0,0,0,0,36,70
4,10 12 15 16,1,a12,1,1,1,0,36,70
4,10 12 15 16,2,a10 a12,0,0,0,0,56,70
4,10 12 15 16,1,a15,1,0,1,1,19,70
4,10 12 15 16,2,a10 a15,0,0,0,0,43,70
4,10 12 15 16,2,a12 a15,0,0,0,0,38,70
4,10 12 15 16,3,a10 a12 a15,0,0,0,0,57,70
4,10 12 15 16,1,a16,1,1,1,0,46,70
4,10 12 15 16,2,a10 a16,0,0,0,0,55,70
4,10 12 15 16,2,a12 a16,1,1,1,0,55,70
4,10 12 15 16,3,a10 a12 a16,0,0,0,0,63,70
4,10 12 15 16,2,a15 a16,0,0,0,0,49,70
4,10 12 15 16,3,a10 a15 a16,0,0,0,0,56,70
4,10 12 15 16,3,a12 a15 a16,0,0,0,0,57,70
4,10 12 15 16,4,a10 a12 a15 a16,0,0,0,0,64,70
4,10 12 15 17,0,,1,1,1,0,0,58
4,10 12 15 17,1,a10,0,0,0,0,19,58
4,10 12 15 17,1,a12,1,1,1,0,7,58
4,10 12 15 17,2,a10 a12,0,0,0,0,26,58
4,10 12 15 17,1,a15,0,0,0,0,31,58
4,10 12 15 17,2,a10 a15,0,0,0,0,38,58
4,10 12 15 17,2,a12 a15,0,0,0,0,38,58
4,10 12 15 17,3,a10 a12 a15,0,0,0,0,45,58
4,10 12 15 17,1,a17,1,1,1,0,19,58
4,10 12 15 17,2,a10 a17,0,0,0,0,38,58
4,10 12 15 17,2,a12 a17,1,1,1,0,26,58
4,10 12 15 17,3,a10 a12 a17,0,0,0,0,45,58
4,10 12 15 17,2,a15 a17,0,0,0,0,38,58
4,10 12 15 17,3,a10 a15 a17,0,0,0,0,45,58
4,10 12 15 17,3,a12 a15 a17,0,0,0,0,45,58
4,10 12 15 17,4,a10 a12 a15 a17,0,0,0,0,52,58
4,10 12 15 18,0,,1,1,1,0,0,58
4,10 12 15 18,1,a10,0,0,0,0,19,58
4,10 12 15 18,1,a12,1,1,1,0,7,58
4,10 12 15 18,2,a10 a12,0,0,0,0,26,58
4,10 12 15 18,1,a15,0,0,0,0,31,58
4,10 12 15 18,2,a10 a15,0,0,0,0,38,58
4,10 12 15 18,2,a12 a15,0,0,0,0,38,58
4,10 12 15 18,3,a10 a12 a15,0,0,0,0,45,58
4,10 12 15 18,1,a18,1,1,1,0,19,58
4,10 12 15 18,2,a10 a18,0,0,0,0,38,58
4,10 12 15 18,2,a12 a18,1,1,1,0,26,58
4,10 12 15 18,3,a10 a12 a18,0,0,0,0,45,58
4,10 12 15 18,2,a15 a18,0,0,0,0,38,58
4,10 12 15 18,3,a10 a15 a18,0,0,0,0,45,58
4,10 12 15 18,3,a12 a15 a18,0,0,0,0,45,58
4,10 12 15 18,4,a10 a12 a15 a18,0,0,0,0,52,58
4,10 12 15 19,0,,1,1,1,0,0,116
4,10 12 15 19,1,a10,0,0,0,0,25,116
4,10 12 15 19,1,a12,1,1,1,0,48,116
4,10 12 15 19,2,a10 a12,0,0,0,0,73,116
4,10 12 15 19,1,a15,0,0,0,0,64,116
4,10 12 15 19,2,a10 a15,0,0,0,0,73,116
4,10 12 15 19,2,a12 a15,0,0,0,0,90,116
4,10 12 15 19,3,a10 a12 a15,0,0,0,0,99,116
4,10 12 15 19,1,a19,1,1,1,0,62,116
4,10 12 15 19,2,a10 a19,0,0,0,0,87,116
4,10 12 15 19,2,a12 a19,1,1,1,0,73,116
4,10 12 15 19,3,a10 a12 a19,0,0,0,0,98,116
4,10 12 15 19,2,a15 a19,0,0,0,0,89,116
4,10 12 15 19,3,a10 a15 a19,0,0,0,0,98,116
4,10 12 15 19,3,a12 a15 a19,0,0,0,0,99,116
4,10 12 15 19,4,a10 a12 a15 a19,0,0,0,0,108,116
4,10 12 15 20,0,,1,1,1,0,0,39
4,10 12 15 20,1,a10,0,0,0,0,16,39
4,10 12 15 20,1,a12,1,1,1,0,6,39
4,10 12 15 20,2,a10 a12,0,0,0,0,22,39
4,10 12 15 20,1,a15,0,0,0,0,16,39
4,10 12 15 20,2,a10 a15,0,0,0,0,22,39
4,10 12 15 20,2,a12 a15,0,0,0,0,22,39
4,10 12 15 20,3,a10 a12 a15,0,0,0,0,28,39
4,10 12 15 20,1,a20,1,1,1,0,6,39
4,10 12 15 20,2,a10 a20,0,0,0,0,22,39
4,10 12 15 20,2,a12 a20,1,1,1,0,12,39
4,10 12 15 20,3,a10 a12 a20,0,0,0,0,28,39
4,10 12 15 20,2,a15 a20,0,0,0,0,22,39
4,10 12 15 20,3,a10 a15 a20,0,0,0,0,28,39
4,10 12 15 20,3,a12 a15 a20,0,0,0,0,28,39
4,10 12 15 20,4,a10 a12 a15 a20,0,0,0,0,34,39
4,10 12 15 21,0,,1,1,1,0,0,39
4,10 12 15 21,1,a10,0,0,0,0,16,39
4,10 12 15 21,1,a12,1,1,1,0,6,39
4,10 12 15 21,2,a10 a12,0,0,0,0,22,39
4,10 12 15 21,1,a15,0,0,0,0,16,39
4,10 12 15 21,2,a10 a15,0,0,0,0,22,39
4,10 12 15 21,2,a12 a15,0,0,0,0,22,39
4,10 12 15 21,3,a10 a12 a15,0,0,0,0,28,39
4,10 12 15 21,1,a21,1,1,1,0,6,39
4,10 12 15 21,2,a10 a21,0,0,0,0,22,39
4,10 12 15 21,2,a12 a21,1,1,1,0,12,39
4,10 12 15 21,3,a10 a12 a21,0,0,0,0,28,39
4,10 12 15 21,2,a15 a21,0,0,0,0,22,39
4,10 12 15 21,3,a10 a15 a21,0,0,0,0,28,39
4,10 12 15 21,3,a12 a15 a21,0,0,0,0,28,39
4,10 12 15 21,4,a10 a12 a15 a21,0,0,0,0,34,39
4,10 12 15 22,0,,1,1,1,0,0,58
4,10 12 15 22,1,a10,0,0,0,0,19,58
4,10 12 15 22,1,a12,1,1,1,0,19,58
4,10 12 15 22,2,a10 a12,0,0,0,0,38,58
4,10 12 15 22,1,a15,0,0,0,0,19,58
4,10 12 15 22,2,a10 a15,0,0,0,0,26,58
4,10 12 15 22,2,a12 a15,0,0,0,0,38,58
4,10 12 15 22,3,a10 a12 a15,0,0,0,0,45,58
4,10 12 15 22,1,a22,1,1,1,0,19,58
4,10 12 15 22,2,a10 a22,0,0,0,0,38,58
4,10 12 15 22,2,a12 a22,1,1,1,0,26,58
4,10 12 15 22,3,a10 a12 a22,0,0,0,0,45,58
4,10 12 15 22,2,a15 a22,0,0,0,0,38,58
4,10 12 15 22,3,a10 a15 a22,0,0,0,0,45,58
4,10 12 15 22,3,a12 a15 a22,0,0,0,0,45,58
4,10 12 15 22,4,a10 a12 a15 a22,0,0,0,0,52,58
4,10 12 15 23,0,,1,1,1,0,0,58
4,10 12 15 23,1,a10,0,0,0,0,31,58
4,10 12 15 23,1,a12,1,1,1,0,7,58
4,10 12 15 23,2,a10 a12,0,0,0,0,38,58
4,10 12 15 23,1,a15,0,0,0,0,19,58
4,10 12 15 23,2,a10 a15,0,0,0,0,38,58
4,10 12 15 23,2,a12 a15,0,0,0,0,26,58
4,10 12 15 23,3,a10 a12 a15,0,0,0,0,45,58
4,10 12 15 23,1,a23,1,1,1,0,19,58
4,10 12 15 23,2,a10 a23,0,0,0,0,38,58
4,10 12 15 23,2,a12 a23,1,1,1,0,26,58
4,10 12 15 23,3,a10 a12 a23,0,0,0,0,45,58
4,10 12 15 23,2,a15 a23,0,0,0,0,38,58
4,10 12 15 23,3,a10 a15 a23,0,0,0,0,45,58
4,10 12 15 23,3,a12 a15 a23,0,0,0,0,45,58
4,10 12 15 23,4,a10 a12 a15 a23,0,0,0,0,52,58
4,10 12 15 24,0,,1,1,1,0,0,58
4,10 12 15 24,1,a10,0,0,0,0,31,58
4,10 12 15 24,1,a12,1,1,1,0,7,58
4,10 12 15 24,2,a10 a12,0,0,0,0,38,58
4,10 12 15 24,1,a15,0,0,0,0,19,58
4,10 12 15 24,2,a10 a15,0,0,0,0,38,58
4,10 12 15 24,2,a12 a15,0,0,0,0,26,58
4,10 12 15 24,3,a10 a12 a15,0,0,0,0,45,58
4,10 12 15 24,1,a24,1,1,1,0,19,58
4,10 12 15 24,2,a10 a24,0,0,0,0,38,58
4,10 12 15 24,2,a12 a24,1,1,1,0,26,58
4,10 12 15 24,3,a10 a12 a24,0,0,0,0,45,58
4,10 12 15 24,2,a15 a24,0,0,0,0,38,58
4,10 12 15 24,3,a10 a15 a24,0,0,0,0,45,58
4,10 12 15 24,3,a12 a15 a24,0,0,0,0,45,58
4,10 12 15 24,4,a10 a12 a15 a24,0,0,0,0,52,58
4,10 12 15 25,0,,1,1,1,0,0,116
4,10 12 15 25,1,a10,0,0,0,0,64,116
4,10 12 15 25,1,a12,1,1,1,0,48,116
4,10 12 15 25,2,a10 a12,0,0,0,0,90,116
4,10 12 15 25,1,a15,0,0,0,0,25,116
4,10 12 15 25,2,a10 a15,0,0,0,0,73,116
4,10 12 15 25,2,a12 a15,0,0,0,0,73,116
4,10 12 15 25,3,a10 a12 a15,0,0,0,0,99,116
4,10 12 15 25,1,a25,1,1,1,0,62,116
4,10 12 15 25,2,a10 a25,0,0,0,0,89,116
4,10 12 15 25,2,a12 a25,1,1,1,0,73,116
4,10 12 15 25,3,a10 a12 a25,0,0,0,0,99,116
4,10 12 15 25,2,a15 a25,0,0,0,0,87,116
4,10 12 15 25,3,a10 a15 a25,0,0,0,0,98,116
4,10 12 15 25,3,a12 a15 a25,0,0,0,0,98,116
4,10 12 15 25,4,a10 a12 a15 a25,0,0,0,0,108,116
4,10 12 16 17,0,,1,1,1,0,0,352
4,10 12 16 17,1,a10,0,0,0,0,196,352
4,10 12 16 17,1,a12,0,0,0,0,196,352
4,10 12 16 17,2,a10 a12,0,0,0,0,290,352
4,10 12 16 17,1,a16,0,0,0,0,285,352
4,10 12 16 17,2,a10 a16,0,0,0,0,302,352
4,10 12 16 17,2,a12 a16,0,0,0,0,302,352
4,10 12 16 17,3,a10 a12 a16,0,0,0,0,317,352
4,10 12 16 17,1,a17,1,1,1,0,204,352
4,10 12 16 17,2,a10 a17,0,0,0,0,279,352
4,10 12 16 17,2,a12 a17,0,0,0,0,279,352
4,10 12 16 17,3,a10 a12 a17,0,0,0,0,319,352
4,10 12 16 17,2,a16 a17,0,0,0,0,304,352
4,10 12 16 17,3,a10 a16 a17,0,0,0,0,321,352
4,10 12 16 17,3,a12 a16 a17,0,0,0,0,321,352
4,10 12 16 17,4,a10 a12 a16 a17,0,0,0,0,336,352
4,10 12 16 18,0,,1,1,1,0,0,157
4,10 12 16 18,1,a10,0,0,0,0,54,157
4,10 12 16 18,1,a12,0,0,0,0,80,157
4,10 12 16 18,2,a10 a12,0,0,0,0,109,157
4,10 12 16 18,1,a16,0,0,0,0,112,157
4,10 12 16 18,2,a10 a16,0,0,0,0,124,157
4,10 12 16 18,2,a12 a16,0,0,0,0,126,157
4,10 12 16 18,3,a10 a12 a16,0,0,0,0,137,157
4,10 12 16 18,1,a18,1,1,1,0,54,157
4,10 12 16 18,2,a10 a18,0,0,0,0,108,157
4,10 12 16 18,2,a12 a18,0,0,0,0,109,157
4,10 12 16 18,3,a10 a12 a18,0,0,0,0,138,157
4,10 12 16 18,2,a16 a18,0,0,0,0,124,157
4,10 12 16 18,3,a10 a16 a18,0,0,0,0,136,157
4,10 12 16 18,3,a12 a16 a18,0,0,0,0,137,157
4,10 12 16 18,4,a10 a12 a16 a18,0,0,0,0,148,157
4,10 12 16 19,0,,1,1,1,0,0,214
4,10 12 16 19,1,a10,0,0,0,0,60,214
4,10 12 16 19,1,a12,0,0,0,0,136,214
4,10 12 16 19,2,a10 a12,0,0,0,0,168,214
4,10 12 16 19,1,a16,0,0,0,0,144,214
4,10 12 16 19,2,a10 a16,0,0,0,0,157,214
4,10 12 16 19,2,a12 a16,0,0,0,0,179,214
4,10 12 16 19,3,a10 a12 a16,0,0,0,0,191,214
4,10 12 16 19,1,a19,1,1,1,0,97,214
4,10 12 16 19,2,a10 a19,0,0,0,0,157,214
4,10 12 16 19,2,a12 a19,0,0,0,0,159,214
4,10 12 16 19,3,a10 a12 a19,0,0,0,0,191,214
4,10 12 16 19,2,a16 a19,0,0,0,0,176,214
4,10 12 16 19,3,a10 a16 a19,0,0,0,0,189,214
4,10 12 16 19,3,a12 a16 a19,0,0,0,0,191,214
4,10 12 16 19,4,a10 a12 a16 a19,0,0,0,0,203,214
4,10 12 16 20,0,,1,1,1,0,0,157
4,10 12 16 20,1,a10,0,0,0,0,80,157
4,10 12 16 20,1,a12,0,0,0,0,54,157
4,10 12 16 20,2,a10 a12,0,0,0,0,109,157
4,10 12 16 20,1,a16,0,0,0,0,112,157
4,10 12 16 20,2,a10 a16,0,0,0,0,126,157
4,10 12 16 20,2,a12 a16,0,0,0,0,124,157
4,10 12 16 20,3,a10 a12 a16,0,0,0,0,137,157
4,10 12 16 20,1,a20,1,1,1,0,54,157
4,10 12 16 20,2,a10 a20,0,0,0,0,109,157
4,10 12 16 20,2,a12 a20,0,0,0,0,108,157
4,10 12 16 20,3,a10 a12 a20,0,0,0,0,138,157
4,10 12 16 20,2,a16 a20,0,0,0,0,124,157
4,10 12 16 20,3,a10 a16 a20,0,0,0,0,137,157
4,10 12 16 20,3,a12 a16 a20,0,0,0,0,136,157
4,10 12 16 20,4,a10 a12 a16 a20,0,0,0,0,148,157
4,10 12 16 21,0,,1,1,1,0,0,88
4,10 12 16 21,1,a10,0,0,0,0,42,88
4,10 12 16 21,1,a12,0,0,0,0,42,88
4,10 12 16 21,2,a10 a12,0,0,0,0,65,88
4,10 12 16 21,1,a16,0,0,0,0,54,88
4,10 12 16 21,2,a10 a16,0,0,0,0,64,88
4,10 12 16 21,2,a12 a16,0,0,0,0,64,88
4,10 12 16 21,3,a10 a12 a16,0,0,0,0,73,88
4,10 12 16 21,1,a21,1,1,1,0,8,88
4,10 12 16 21,2,a10 a21,0,0,0,0,50,88
4,10 12 16 21,2,a12 a21,0,0,0,0,50,88
4,10 12 16 21,3,a10 a12 a21,0,0,0,0,73,88
4,10 12 16 21,2,a16 a21,0,0,0,0,62,88
4,10 12 16 21,3,a10 a16 a21,0,0,0,0,72,88
4,10 12 16 21,3,a12 a16 a21,0,0,0,0,72,88
4,10 12 16 21,4,a10 a12 a16 a21,0,0,0,0,81,88
4,10 12 16 22,0,,1,1,1,0,0,116
4,10 12 16 22,1,a10,0,0,0,0,48,116
4,10 12 16 22,1,a12,0,0,0,0,64,116
4,10 12 16 22,2,a10 a12,0,0,0,0,90,116
4,10 12 16 22,1,a16,0,0,0,0,62,116
4,10 12 16 22,2,a10 a16,0,0,0,0,73,116
4,10 12 16 22,2,a12 a16,0,0,0,0,89,116
4,10 12 16 22,3,a10 a12 a16,0,0,0,0,99,116
4,10 12 16 22,1,a22,1,1,1,0,25,116
4,10 12 16 22,2,a10 a22,0,0,0,0,73,116
4,10 12 16 22,2,a12 a22,0,0,0,0,73,116
4,10 12 16 22,3,a10 a12 a22,0,0,0,0,99,116
4,10 12 16 22,2,a16 a22,0,0,0,0,87,116
4,10 12 16 22,3,a10 a16 a22,0,0,0,0,98,116
4,10 12 16 22,3,a12 a16 a22,0,0,0,0,98,116
4,10 12 16 22,4,a10 a12 a16 a22,0,0,0,0,108,116
4,10 12 16 23,0,,1,1,1,0,0,214
4,10 12 16 23,1,a10,0,0,0,0,136,214
4,10 12 16 23,1,a12,0,0,0,0,60,214
4,10 12 16 23,2,a10 a12,0,0,0,0,168,214
4,10 12 16 23,1,a16,0,0,0,0,144,214
4,10 12 16 23,2,a10 a16,0,0,0,0,179,214
4,10 12 16 23,2,a12 a16,0,0,0,0,157,214
4,10 12 16 23,3,a10 a12 a16,0,0,0,0,191,214
4,10 12 16 23,1,a23,1,1,1,0,97,214
4,10 12 16 23,2,a10 a23,0,0,0,0,159,214
4,10 12 16 23,2,a12 a23,0,0,0,0,157,214
4,10 12 16 23,3,a10 a12 a23,0,0,0,0,191,214
4,10 12 16 23,2,a16 a23,0,0,0,0,176,214
4,10 12 16 23,3,a10 a16 a23,0,0,0,0,191,214
4,10 12 16 23,3,a12 a16 a23,0,0,0,0,189,214
4,10 12 16 23,4,a10 a12 a16 a23,0,0,0,0,203,214
4,10 12 16 24,0,,1,1,1,0,0,116
4,10 12 16 24,1,a10,0,0,0,0,64,116
4,10 12 16 24,1,a12,0,0,0,0,48,116
4,10 12 16 24,2,a10 a12,0,0,0,0,90,116
4,10 12 16 24,1,a16,0,0,0,0,62,116
4,10 12 16 24,2,a10 a16,0,0,0,0,89,116
4,10 12 16 24,2,a12 a16,0,0,0,0,73,116
4,10 12 16 24,3,a10 a12 a16,0,0,0,0,99,116
4,10 12 16 24,1,a24,1,1,1,0,25,116
4,10 12 16 24,2,a10 a24,0,0,0,0,73,116
4,10 12 16 24,2,a12 a24,0,0,0,0,73,116
4,10 12 16 24,3,a10 a12 a24,0,0,0,0,99,116
4,10 12 16 24,2,a16 a24,0,0,0,0,87,116
4,10 12 16 24,3,a10 a16 a24,0,0,0,0,98,116
4,10 12 16 24,3,a12 a16 a24,0,0,0,0,98,116
4,10 12 16 24,4,a10 a12 a16 a24,0,0,0,0,108,116
4,10 12 16 25,0,,1,1,1,0,0,194
4,10 12 16 25,1,a10,0,0,0,0,109,194
4,10 12 16 25,1,a12,0,0,0,0,109,194
4,10 12 16 25,2,a10 a12,0,0,0,0,162,194
4,10 12 16 25,1,a16,0,0,0,0,78,194
4,10 12 16 25,2,a10 a16,0,0,0,0,140,194
4,10 12 16 25,2,a12 a16,0,0,0,0,140,194
4,10 12 16 25,3,a10 a12 a16,0,0,0,0,173,194
4,10 12 16 25,1,a25,1,1,1,0,78,194
4,10 12 16 25,2,a10 a25,0,0,0,0,140,194
4,10 12 16 25,2,a12 a25,0,0,0,0,140,194
4,10 12 16 25,3,a10 a12 a25,0,0,0,0,173,194
4,10 12 16 25,2,a16 a25,0,0,0,0,156,194
4,10 12 16 25,3,a10 a16 a25,0,0,0,0,171,194
4,10 12 16 25,3,a12 a16 a25,0,0,0,0,171,194
4,10 12 16 25,4,a10 a12 a16 a25,0,0,0,0,184,194
4,10 13 14 15,0,,1,1,1,0,0,70
4,10 13 14 15,1,a10,0,0,0,0,36,70
4,10 13 14 15,1,a13,1,1,1,0,36,70
4,10 13 14 15,2,a10 a13,0,0,0,0,56,70
4,10 13 14 15,1,a14,1,1,1,0,46,70
4,10 13 14 15,2,a10 a14,0,0,0,0,55,70
4,10 13 14 15,2,a13 a14,1,1,1,0,55,70
4,10 13 14 15,3,a10 a13 a14,0,0,0,0,63,70
4,10 13 14 15,1,a15,1,0,1,1,19,70
4,10 13 14 15,2,a10 a15,0,0,0,0,43,70
4,10 13 14 15,2,a13 a15,0,0,0,0,38,70
4,10 13 14 15,3,a10 a13 a15,0,0,0,0,57,70
4,10 13 14 15,2,a14 a15,0,0,0,0,49,70
4,10 13 14 15,3,a10 a14 a15,0,0,0,0,56,70
4,10 13 14 15,3,a13 a14 a15,0,0,0,0,57,70
4,10 13 14 15,4,a10 a13 a14 a15,0,0,0,0,64,70
4,10 13 14 16,0,,1,1,1,0,0,109
4,10 13 14 16,1,a10,0,0,0,0,74,109
4,10 13 14 16,1,a13,1,0,1,1,42,109
4,10 13 14 16,2,a10 a13,0,0,0,0,78,109
4,10 13 14 16,1,a14,0,0,0,0,67,109
4,10 13 14 16,2,a10 a14,0,0,0,0,91,109
4,10 13 14 16,2,a13 a14,0,0,0,0,77,109
4,10 13 14 16,3,a10 a13 a14,0,0,0,0,93,109
4,10 13 14 16,1,a16,1,1,1,0,67,109
4,10 13 14 16,2,a10 a16,0,0,0,0,91,109
4,10 13 14 16,2,a13 a16,0,0,0,0,71,109
4,10 13 14 16,3,a10 a13 a16,0,0,0,0,94,109
4,10 13 14 16,2,a14 a16,0,0,0,0,90,109
4,10 13 14 16,3,a10 a14 a16,0,0,0,0,100,109
4,10 13 14 16,3,a13 a14 a16,0,0,0,0,93,109
4,10 13 14 16,4,a10 a13 a14 a16,0,0,0,0,102,109
4,10 13 14 17,0,,1,1,1,0,0,214
4,10 13 14 17,1,a10,0,0,0,0,60,214
4,10 13 14 17,1,a13,0,0,0,0,136,214
4,10 13 14 17,2,a10 a13,0,0,0,0,168,214
4,10 13 14 17,1,a14,0,0,0,0,144,214
4,10 13 14 17,2,a10 a14,0,0,0,0,157,214
4,10 13 14 17,2,a13 a14,0,0,0,0,179,214
4,10 13 14 17,3,a10 a13 a14,0,0,0,0,191,214
4,10 13 14 17,1,a17,1,1,1,0,97,214
4,10 13 14 17,2,a10 a17,0,0,0,0,157,214
4,10 13 14 17,2,a13 a17,0,0,0,0,159,214
4,10 13 14 17,3,a10 a13 a17,0,0,0,0,191,214
4,10 13 14 17,2,a14 a17,0,0,0,0,176,214
4,10 13 14 17,3,a10 a14 a17,0,0,0,0,189,214
4,10 13 14 17,3,a13 a14 a17,0,0,0,0,191,214
4,10 13 14 17,4,a10 a13 a14 a17,0,0,0,0,203,214
4,10 13 14 18,0,,1,1,1,0,0,157
4,10 13 14 18,1,a10,0,0,0,0,54,157
4,10 13 14 18,1,a13,0,0,0,0,80,157
4,10 13 14 18,2,a10 a13,0,0,0,0,109,157
4,10 13 14 18,1,a14,0,0,0,0,112,157
4,10 13 14 18,2,a10 a14,0,0,0,0,124,157
4,10 13 14 18,2,a13 a14,0,0,0,0,126,157
4,10 13 14 18,3,a10 a13 a14,0,0,0,0,137,157
4,10 13 14 18,1,a18,1,1,1,0,54,157
4,10 13 14 18,2,a10 a18,0,0,0,0,108,157
4,10 13 14 18,2,a13 a18,0,0,0,0,109,157
4,10 13 14 18,3,a10 a13 a18,0,0,0,0,138,157
4,10 13 14 18,2,a14 a18,0,0,0,0,124,157
4,10 13 14 18,3,a10 a14 a18,0,0,0,0,136,157
4,10 13 14 18,3,a13 a14 a18,0,0,0,0,137,157
4,10 13 14 18,4,a10 a13 a14 a18,0,0,0,0,148,157
4,10 13 14 19,0,,1,1,1,0,0,352
4,10 13 14 19,1,a10,0,0,0,0,196,352
4,10 13 14 19,1,a13,0,0,0,0,196,352
4,10 13 14 19,2,a10 a13,0,0,0,0,290,352
4,10 13 14 19,1,a14,0,0,0,0,285,352
4,10 13 14 19,2,a10 a14,0,0,0,0,302,352
4,10 13 14 19,2,a13 a14,0,0,0,0,302,352
4,10 13 14 19,3,a10 a13 a14,0,0,0,0,317,352
4,10 13 14 19,1,a19,1,1,1,0,204,352
4,10 13 14 19,2,a10 a19,0,0,0,0,279,352
4,10 13 14 19,2,a13 a19,0,0,0,0,279,352
4,10 13 14 19,3,a10 a13 a19,0,0,0,0,319,352
4,10 13 14 19,2,a14 a19,0,0,0,0,304,352
4,10 13 14 19,3,a10 a14 a19,0,0,0,0,321,352
4,10 13 14 19,3,a13 a14 a19,0,0,0,0,321,352
4,10 13 14 19,4,a10 a13 a14 a19,0,0,0,0,336,352
4,10 13 14 20,0,,1,1,1,0,0,116
4,10 13 14 20,1,a10,0,0,0,0,48,116
4,10 13 14 20,1,a13,0,0,0,0,64,116
4,10 13 14 20,2,a10 a13,0,0,0,0,90,116
4,10 13 14 20,1,a14,0,0,0,0,62,116
4,10 13 14 20,2,a10 a14,0,0,0,0,73,116
4,10 13 14 20,2,a13 a14,0,0,0,0,89,116
4,10 13 14 20,3,a10 a13 a14,0,0,0,0,99,116
4,10 13 14 20,1,a20,1,1,1,0,25,116
4,10 13 14 20,2,a10 a20,0,0,0,0,73,116
4,10 13 14 20,2,a13 a20,0,0,0,0,73,116
4,10 13 14 20,3,a10 a13 a20,0,0,0,0,99,116
4,10 13 14 20,2,a14 a20,0,0,0,0,87,116
4,10 13 14 20,3,a10 a14 a20,0,0,0,0,98,116
4,10 13 14 20,3,a13 a14 a20,0,0,0,0,98,116
4,10 13 14 20,4,a10 a13 a14 a20,0,0,0,0,108,116
4,10 13 14 21,0,,1,1,1,0,0,88
4,10 13 14 21,1,a10,0,0,0,0,42,88
4,10 13 14 21,1,a13,0,0,0,0,42,88
4,10 13 14 21,2,a10 a13,0,0,0,0,65,88
4,10 13 14 21,1,a14,0,0,0,0,54,88
4,10 13 14 21,2,a10 a14,0,0,0,0,64,88
4,10 13 14 21,2,a13 a14,0,0,0,0,64,88
4,10 13 14 21,3,a10 a13 a14,0,0,0,0,73,88
4,10 13 14 21,1,a21,1,1,1,0,8,88
4,10 13 14 21,2,a10 a21,0,0,0,0,50,88
4,10 13 14 21,2,a13 a21,0,0,0,0,50,88
4,10 13 14 21,3,a10 a13 a21,0,0,0,0,73,88
4,10 13 14 21,2,a14 a21,0,0,0,0,62,88
4,10 13 14 21,3,a10 a14 a21,0,0,0,0,72,88
4,10 13 14 21,3,a13 a14 a21,0,0,0,0,72,88
4,10 13 14 21,4,a10 a13 a14 a21,0,0,0,0,81,88
4,10 13 14 22,0,,1,1,1,0,0,157
4,10 13 14 22,1,a10,0,0,0,0,80,157
4,10 13 14 22,1,a13,0,0,0,0,54,157
4,10 13 14 22,2,a10 a13,0,0,0,0,109,157
4,10 13 14 22,1,a14,0,0,0,0,112,157
4,10 13 14 22,2,a10 a14,0,0,0,0,126,157
4,10 13 14 22,2,a13 a14,0,0,0,0,124,157
4,10 13 14 22,3,a10 a13 a14,0,0,0,0,137,157
4,10 13 14 22,1,a22,1,1,1,0,54,157
4,10 13 14 22,2,a10 a22,0,0,0,0,109,157
4,10 13 14 22,2,a13 a22,0,0,0,0,108,157
4,10 13 14 22,3,a10 a13 a22,0,0,0,0,138,157
4,10 13 14 22,2,a14 a22,0,0,0,0,124,157
4,10 13 14 22,3,a10 a14 a22,0,0,0,0,137,157
4,10 13 14 22,3,a13 a14 a22,0,0,0,0,136,157
4,10 13 14 22,4,a10 a13 a14 a22,0,0,0,0,148,157
4,10 13 14 23,0,,1,1,1,0,0,194
4,10 13 14 23,1,a10,0,0,0,0,109,194
4,10 13 14 23,1,a13,0,0,0,0,109,194
4,10 13 14 23,2,a10 a13,0,0,0,0,162,194
4,10 13 14 23,1,a14,0,0,0,0,78,194
4,10 13 14 23,2,a10 a14,0,0,0,0,140,194
4,10 13 14 23,2,a13 a14,0,0,0,0,140,194
4,10 13 14 23,3,a10 a13 a14,0,0,0,0,173,194
4,10 13 14 23,1,a23,1,1,1,0,78,194
4,10 13 14 23,2,a10 a23,0,0,0,0,140,194
4,10 13 14 23,2,a13 a23,0,0,0,0,140,194
4,10 13 14 23,3,a10 a13 a23,0,0,0,0,173,194
4,10 13 14 23,2,a14 a23,0,0,0,0,156,194
4,10 13 14 23,3,a10 a14 a23,0,0,0,0,171,194
4,10 13 14 23,3,a13 a14 a23,0,0,0,0,171,194
4,10 13 14 23,4,a10 a13 a14 a23,0,0,0,0,184,194
4,10 13 14 24,0,,1,1,1,0,0,116
4,10 13 14 24,1,a10,0,0,0,0,64,116
4,10 13 14 24,1,a13,0,0,0,0,48,116
4,10 13 14 24,2,a10 a13,0,0,0,0,90,116
4,10 13 14 24,1,a14,0,0,0,0,62,116
4,10 13 14 24,2,a10 a14,0,0,0,0,89,116
4,10 13 14 24,2,a13 a14,0,0,0,0,73,116
4,10 13 14 24,3,a10 a13 a14,0,0,0,0,99,116
4,10 13 14 24,1,a24,1,1,1,0,25,116
4,10 13 14 24,2,a10 a24,0,0,0,0,73,116
4,10 13 14 24,2,a13 a24,0,0,0,0,73,116
4,10 13 14 24,3,a10 a13 a24,0,0,0,0,99,116
4,10 13 14 24,2,a14 a24,0,0,0,0,87,116
4,10 13 14 24,3,a10 a14 a24,0,0,0,0,98,116
4,10 13 14 24,3,a13 a14 a24,0,0,0,0,98,116
4,10 13 14 24,4,a10 a13 a14 a24,0,0,0,0,108,116
4,10 13 14 25,0,,1,1,1,0,0,214
4,10 13 14 25,1,a10,0,0,0,0,136,214
4,10 13 14 25,1,a13,0,0,0,0,60,214
4,10 13 14 25,2,a10 a13,0,0,0,0,168,214
4,10 13 14 25,1,a14,0,0,0,0,144,214
4,10 13 14 25,2,a10 a14,0,0,0,0,179,214
4,10 13 14 25,2,a13 a14,0,0,0,0,157,214
4,10 13 14 25,3,a10 a13 a14,0,0,0,0,191,214
4,10 13 14 25,1,a25,1,1,1,0,97,214
4,10 13 14 25,2,a10 a25,0,0,0,0,159,214
4,10 13 14 25,2,a13 a25,0,0,0,0,157,214
4,10 13 14 25,3,a10 a13 a25,0,0,0,0,191,214
4,10 13 14 25,2,a14 a25,0,0,0,0,176,214
4,10 13 14 25,3,a10 a14 a25,0,0,0,0,191,214
4,10 13 14 25,3,a13 a14 a25,0,0,0,0,189,214
4,10 13 14 25,4,a10 a13 a14 a25,0,0,0,0,203,214
4,10 13 15 16,0,,1,1,1,0,0,44
4,10 13 15 16,1,a10,0,0,0,0,26,44
4,10 13 15 16,1,a13,1,1,1,0,6,44
4,10 13 15 16,2,a10 a13,0,0,0,0,27,44
4,10 13 15 16,1,a15,0,0,0,0,16,44
4,10 13 15 16,2,a10 a15,0,0,0,0,32,44
4,10 13 15 16,2,a13 a15,0,0,0,0,22,44
4,10 13 15 16,3,a10 a13 a15,0,0,0,0,33,44
4,10 13 15 16,1,a16,1,1,1,0,16,44
4,10 13 15 16,2,a10 a16,0,0,0,0,32,44
4,10 13 15 16,2,a13 a16,1,1,1,0,17,44
4,10 13 15 16,3,a10 a13 a16,0,0,0,0,33,44
4,10 13 15 16,2,a15 a16,0,0,0,0,32,44
4,10 13 15 16,3,a10 a15 a16,0,0,0,0,38,44
4,10 13 15 16,3,a13 a15 a16,0,0,0,0,33,44
4,10 13 15 16,4,a10 a13 a15 a16,0,0,0,0,39,44
4,10 13 15 17,0,,1,1,1,0,0,116
4,10 13 15 17,1,a10,0,0,0,0,25,116
4,10 13 15 17,1,a13,1,1,1,0,48,116
4,10 13 15 17,2,a10 a13,0,0,0,0,73,116
4,10 13 15 17,1,a15,0,0,0,0,64,116
4,10 13 15 17,2,a10 a15,0,0,0,0,73,116
4,10 13 15 17,2,a13 a15,0,0,0,0,90,116
4,10 13 15 17,3,a10 a13 a15,0,0,0,0,99,116
4,10 13 15 17,1,a17,1,1,1,0,62,116
4,10 13 15 17,2,a10 a17,0,0,0,0,87,116
4,10 13 15 17,2,a13 a17,1,1,1,0,73,116
4,10 13 15 17,3,a10 a13 a17,0,0,0,0,98,116
4,10 13 15 17,2,a15 a17,0,0,0,0,89,116
4,10 13 15 17,3,a10 a15 a17,0,0,0,0,98,116
4,10 13 15 17,3,a13 a15 a17,0,0,0,0,99,116
4,10 13 15 17,4,a10 a13 a15 a17,0,0,0,0,108,116
4,10 13 15 18,0,,1,1,1,0,0,58
4,10 13 15 18,1,a10,0,0,0,0,19,58
4,10 13 15 18,1,a13,1,1,1,0,7,58
4,10 13 15 18,2,a10 a13,0,0,0,0,26,58
4,10 13 15 18,1,a15,0,0,0,0,31,58
4,10 13 15 18,2,a10 a15,0,0,0,0,38,58
4,10 13 15 18,2,a13 a15,0,0,0,0,38,58
4,10 13 15 18,3,a10 a13 a15,0,0,0,0,45,58
4,10 13 15 18,1,a18,1,1,1,0,19,58
4,10 13 15 18,2,a10 a18,0,0,0,0,38,58
4,10 13 15 18,2,a13 a18,1,1,1,0,26,58
4,10 13 15 18,3,a10 a13 a18,0,0,0,0,45,58
4,10 13 15 18,2,a15 a18,0,0,0,0,38,58
4,10 13 15 18,3,a10 a15 a18,0,0,0,0,45,58
4,10 13 15 18,3,a13 a15 a18,0,0,0,0,45,58
4,10 13 15 18,4,a10 a13 a15 a18,0,0,0,0,52,58
4,10 13 15 19,0,,1,1,1,0,0,58
4,10 13 15 19,1,a10,0,0,0,0,19,58
4,10 13 15 19,1,a13,1,1,1,0,7,58
4,10 13 15 19,2,a10 a13,0,0,0,0,26,58
4,10 13 15 19,1,a15,0,0,0,0,31,58
4,10 13 15 19,2,a10 a15,0,0,0,0,38,58
4,10 13 15 19,2,a13 a15,0,0,0,0,38,58
4,10 13 15 19,3,a10 a13 a15,0,0,0,0,45,58
4,10 13 15 19,1,a19,1,1,1,0,19,58
4,10 13 15 19,2,a10 a19,0,0,0,0,38,58
4,10 13 15 19,2,a13 a19,1,1,1,0,26,58
4,10 13 15 19,3,a10 a13 a19,0,0,0,0,45,58
4,10 13 15 19,2,a15 a19,0,0,0,0,38,58
4,10 13 15 19,3,a10 a15 a19,0,0,0,0,45,58
4,10 13 15 19,3,a13 a15 a19,0,0,0,0,45,58
4,10 13 15 19,4,a10 a13 a15 a19,0,0,0,0,52,58
4,10 13 15 20,0,,1,1,1,0,0,58
4,10 13 15 20,1,a10,0,0,0,0,19,58
4,10 13 15 20,1,a13,1,1,1,0,19,58
4,10 13 15 20,2,a10 a13,0,0,0,0,38,58
4,10 13 15 20,1,a15,0,0,0,0,19,58
4,10 13 15 20,2,a10 a15,0,0,0,0,26,58
4,10 13 15 20,2,a13 a15,0,0,0,0,38,58
4,10 13 15 20,3,a10 a13 a15,0,0,0,0,45,58
4,10 13 15 20,1,a20,1,1,1,0,19,58
4,10 13 15 20,2,a10 a20,0,0,0,0,38,58
4,10 13 15 20,2,a13 a20,1,1,1,0,26,58
4,10 13 15 20,3,a10 a13 a20,0,0,0,0,45,58
4,10 13 15 20,2,a15 a20,0,0,0,0,38,58
4,10 13 15 20,3,a10 a15 a20,0,0,0,0,45,58
4,10 13 15 20,3,a13 a15 a20,0,0,0,0,45,58
4,10 13 15 20,4,a10 a13 a15 a20,0,0,0,0,52,58
4,10 13 15 21,0,,1,1,1,0,0,39
4,10 13 15 21,1,a10,0,0,0,0,16,39
4,10 13 15 21,1,a13,1,1,1,0,6,39
4,10 13 15 21,2,a10 a13,0,0,0,0,22,39
4,10 13 15 21,1,a15,0,0,0,0,16,39
4,10 13 15 21,2,a10 a15,0,0,0,0,22,39
4,10 13 15 21,2,a13 a15,0,0,0,0,22,39
4,10 13 15 21,3,a10 a13 a15,0,0,0,0,28,39
4,10 13 15 21,1,a21,1,1,1,0,6,39
4,10 13 15 21,2,a10 a21,0,0,0,0,22,39
4,10 13 15 21,2,a13 a21,1,1,1,0,12,39
4,10 13 15 21,3,a10 a13 a21,0,0,0,0,28,39
4,10 13 15 21,2,a15 a21,0,0,0,0,22,39
4,10 13 15 21,3,a10 a15 a21,0,0,0,0,28,39
4,10 13 15 21,3,a13 a15 a21,0,0,0,0,28,39
4,10 13 15 21,4,a10 a13 a15 a21,0,0,0,0,34,39
4,10 13 15 22,0,,1,1,1,0,0,39
4,10 13 15 22,1,a10,0,0,0,0,16,39
4,10 13 15 22,1,a13,1,1,1,0,6,39
4,10 13 15 22,2,a10 a13,0,0,0,0,22,39
4,10 13 15 22,1,a15,0,0,0,0,16,39
4,10 13 15 22,2,a10 a15,0,0,0,0,22,39
4,10 13 15 22,2,a13 a15,0,0,0,0,22,39
4,10 13 15 22,3,a10 a13 a15,0,0,0,0,28,39
4,10 13 15 22,1,a22,1,1,1,0,6,39
4,10 13 15 22,2,a10 a22,0,0,0,0,22,39
4,10 13 15 22,2,a13 a22,1,1,1,0,12,39
4,10 13 15 22,3,a10 a13 a22,0,0,0,0,28,39
4,10 13 15 22,2,a15 a22,0,0,0,0,22,39
4,10 13 15 22,3,a10 a15 a22,0,0,0,0,28,39
4,10 13 15 22,3,a13 a15 a22,0,0,0,0,28,39
4,10 13 15 22,4,a10 a13 a15 a22,0,0,0,0,34,39
4,10 13 15 23,0,,1,1,1,0,0,116
4,10 13 15 23,1,a10,0,0,0,0,64,116
4,10 13 15 23,1,a13,1,1,1,0,48,116
4,10 13 15 23,2,a10 a13,0,0,0,0,90,116
4,10 13 15 23,1,a15,0,0,0,0,25,116
4,10 13 15 23,2,a10 a15,0,0,0,0,73,116
4,10 13 15 23,2,a13 a15,0,0,0,0,73,116
4,10 13 15 23,3,a10 a13 a15,0,0,0,0,99,116
4,10 13 15 23,1,a23,1,1,1,0,62,116
4,10 13 15 23,2,a10 a23,0,0,0,0,89,116
4,10 13 15 23,2,a13 a23,1,1,1,0,73,116
4,10 13 15 23,3,a10 a13 a23,0,0,0,0,99,116
4,10 13 15 23,2,a15 a23,0,0,0,0,87,116
4,10 13 15 23,3,a10 a15 a23,0,0,0,0,98,116
4,10 13 15 23,3,a13 a15 a23,0,0,0,0,98,116
4,10 13 15 23,4,a10 a13 a15 a23,0,0,0,0,108,116
4,10 13 15 24,0,,1,1,1,0,0,58
4,10 13 15 24,1,a10,0,0,0,0,31,58
4,10 13 15 24,1,a13,1,1,1,0,7,58
4,10 13 15 24,2,a10 a13,0,0,0,0,38,58
4,10 13 15 24,1,a15,0,0,0,0,19,58
4,10 13 15 24,2,a10 a15,0,0,0,0,38,58
4,10 13 15 24,2,a13 a15,0,0,0,0,26,58
4,10 13 15 24,3,a10 a13 a15,0,0,0,0,45,58
4,10 13 15 24,1,a24,1,1,1,0,19,58
4,10 13 15 24,2,a10 a24,0,0,0,0,38,58
4,10 13 15 24,2,a13 a24,1,1,1,0,26,58
4,10 13 15 24,3,a10 a13 a24,0,0,0,0,45,58
4,10 13 15 24,2,a15 a24,0,0,0,0,38,58
4,10 13 15 24,3,a10 a15 a24,0,0,0,0,45,58
4,10 13 15 24,3,a13 a15 a24,0,0,0,0,45,58
4,10 13 15 24,4,a10 a13 a15 a24,0,0,0,0,52,58
4,10 13 15 25,0,,1,1,1,0,0,58
4,10 13 15 25,1,a10,0,0,0,0,31,58
4,10 13 15 25,1,a13,1,1,1,0,7,58
4,10 13 15 25,2,a10 a13,0,0,0,0,38,58
4,10 13 15 25,1,a15,0,0,0,0,19,58
4,10 13 15 25,2,a10 a15,0,0,0,0,38,58
4,10 13 15 25,2,a13 a15,0,0,0,0,26,58
4,10 13 15 25,3,a10 a13 a15,0,0,0,0,45,58
4,10 13 15 25,1,a25,1,1,1,0,19,58
4,10 13 15 25,2,a10 a25,0,0,0,0,38,58
4,10 13 15 25,2,a13 a25,1,1,1,0,26,58
4,10 13 15 25,3,a10 a13 a25,0,0,0,0,45,58
4,10 13 15 25,2,a15 a25,0,0,0,0,38,58
4,10 13 15 25,3,a10 a15 a25,0,0,0,0,45,58
4,10 13 15 25,3,a13 a15 a25,0,0,0,0,45,58
4,10 13 15 25,4,a10 a13 a15 a25,0,0,0,0,52,58
4,10 14 15 16,0,,1,1,1,0,0,109
4,10 14 15 16,1,a10,0,0,0,0,74,109
4,10 14 15 16,1,a14,1,1,1,0,67,109
4,10 14 15 16,2,a10 a14,0,0,0,0,91,109
4,10 14 15 16,1,a15,1,0,1,1,22,109
4,10 14 15 16,2,a10 a15,0,0,0,0,76,109
4,10 14 15 16,2,a14 a15,0,0,0,0,70,109
4,10 14 15 16,3,a10 a14 a15,0,0,0,0,92,109
4,10 14 15 16,1,a16,1,1,1,0,67,109
4,10 14 15 16,2,a10 a16,0,0,0,0,91,109
4,10 14 15 16,2,a14 a16,1,1,1,0,90,109
4,10 14 15 16,3,a10 a14 a16,0,0,0,0,100,109
4,10 14 15 16,2,a15 a16,0,0,0,0,70,109
4,10 14 15 16,3,a10 a15 a16,0,0,0,0,92,109
4,10 14 15 16,3,a14 a15 a16,0,0,0,0,93,109
4,10 14 15 16,4,a10 a14 a15 a16,0,0,0,0,101,109
4,10 14 15 17,0,,1,1,1,0,0,88
4,10 14 15 17,1,a10,0,0,0,0,36,88
4,10 14 15 17,1,a14,1,1,1,0,36,88
4,10 14 15 17,2,a10 a14,0,0,0,0,58,88
4,10 14 15 17,1,a15,0,0,0,0,36,88
4,10 14 15 17,2,a10 a15,0,0,0,0,58,88
4,10 14 15 17,2,a14 a15,0,0,0,0,65,88
4,10 14 15 17,3,a10 a14 a15,0,0,0,0,73,88
4,10 14 15 17,1,a17,1,1,1,0,29,88
4,10 14 15 17,2,a10 a17,0,0,0,0,65,88
4,10 14 15 17,2,a14 a17,1,1,1,0,51,88
4,10 14 15 17,3,a10 a14 a17,0,0,0,0,73,88
4,10 14 15 17,2,a15 a17,0,0,0,0,51,88
4,10 14 15 17,3,a10 a15 a17,0,0,0,0,73,88
4,10 14 15 17,3,a14 a15 a17,0,0,0,0,73,88
4,10 14 15 17,4,a10 a14 a15 a17,0,0,0,0,81,88
4,10 14 15 18,0,,1,1,1,0,0,108
4,10 14 15 18,1,a10,0,0,0,0,41,108
4,10 14 15 18,1,a14,1,1,1,0,41,108
4,10 14 15 18,2,a10 a14,0,0,0,0,66,108
4,10 14 15 18,1,a15,0,0,0,0,41,108
4,10 14 15 18,2,a10 a15,0,0,0,0,66,108
4,10 14 15 18,2,a14 a15,0,0,0,0,82,108
4,10 14 15 18,3,a10 a14 a15,0,0,0,0,91,108
4,10 14 15 18,1,a18,1,1,1,0,41,108
4,10 14 15 18,2,a10 a18,0,0,0,0,82,108
4,10 14 15 18,2,a14 a18,1,1,1,0,66,108
4,10 14 15 18,3,a10 a14 a18,0,0,0,0,91,108
4,10 14 15 18,2,a15 a18,0,0,0,0,66,108
4,10 14 15 18,3,a10 a15 a18,0,0,0,0,91,108
4,10 14 15 18,3,a14 a15 a18,0,0,0,0,91,108
4,10 14 15 18,4,a10 a14 a15 a18,0,0,0,0,100,108
4,10 14 15 19,0,,1,1,1,0,0,279
4,10 14 15 19,1,a10,0,0,0,0,160,279
4,10 14 15 19,1,a14,1,1,1,0,187,279
4,10 14 15 19,2,a10 a14,0,0,0,0,223,279
4,10 14 15 19,1,a15,0,0,0,0,145,279
4,10 14 15 19,2,a10 a15,0,0,0,0,227,279
4,10 14 15 19,2,a14 a15,0,0,0,0,236,279
4,10 14 15 19,3,a10 a14 a15,0,0,0,0,249,279
4,10 14 15 19,1,a19,1,1,1,0,177,279
4,10 14 15 19,2,a10 a19,0,0,0,0,236,279
4,10 14 15 19,2,a14 a19,1,1,1,0,216,279
4,10 14 15 19,3,a10 a14 a19,0,0,0,0,252,279
4,10 14 15 19,2,a15 a19,0,0,0,0,213,279
4,10 14 15 19,3,a10 a15 a19,0,0,0,0,249,279
4,10 14 15 19,3,a14 a15 a19,0,0,0,0,252,279
4,10 14 15 19,4,a10 a14 a15 a19,0,0,0,0,265,279
4,10 14 15 20,0,,1,1,1,0,0,58
4,10 14 15 20,1,a10,0,0,0,0,31,58
4,10 14 15 20,1,a14,1,1,1,0,19,58
4,10 14 15 20,2,a10 a14,0,0,0,0,38,58
4,10 14 15 20,1,a15,0,0,0,0,19,58
4,10 14 15 20,2,a10 a15,0,0,0,0,38,58
4,10 14 15 20,2,a14 a15,0,0,0,0,38,58
4,10 14 15 20,3,a10 a14 a15,0,0,0,0,45,58
4,10 14 15 20,1,a20,1,1,1,0,7,58
4,10 14 15 20,2,a10 a20,0,0,0,0,38,58
4,10 14 15 20,2,a14 a20,1,1,1,0,26,58
4,10 14 15 20,3,a10 a14 a20,0,0,0,0,45,58
4,10 14 15 20,2,a15 a20,0,0,0,0,26,58
4,10 14 15 20,3,a10 a15 a20,0,0,0,0,45,58
4,10 14 15 20,3,a14 a15 a20,0,0,0,0,45,58
4,10 14 15 20,4,a10 a14 a15 a20,0,0,0,0,52,58
4,10 14 15 21,0,,1,1,1,0,0,58
4,10 14 15 21,1,a10,0,0,0,0,31,58
4,10 14 15 21,1,a14,1,1,1,0,19,58
4,10 14 15 21,2,a10 a14,0,0,0,0,38,58
4,10 14 15 21,1,a15,0,0,0,0,19,58
4,10 14 15 21,2,a10 a15,0,0,0,0,38,58
4,10 14 15 21,2,a14 a15,0,0,0,0,38,58
4,10 14 15 21,3,a10 a14 a15,0,0,0,0,45,58
4,10 14 15 21,1,a21,1,1,1,0,7,58
4,10 14 15 21,2,a10 a21,0,0,0,0,38,58
4,10 14 15 21,2,a14 a21,1,1,1,0,26,58
4,10 14 15 21,3,a10 a14 a21,0,0,0,0,45,58
4,10 14 15 21,2,a15 a21,0,0,0,0,26,58
4,10 14 15 21,3,a10 a15 a21,0,0,0,0,45,58
4,10 14 15 21,3,a14 a15 a21,0,0,0,0,45,58
4,10 14 15 21,4,a10 a14 a15 a21,0,0,0,0,52,58
4,10 14 15 22,0,,1,1,1,0,0,116
4,10 14 15 22,1,a10,0,0,0,0,64,116
4,10 14 15 22,1,a14,1,1,1,0,62,116
4,10 14 15 22,2,a10 a14,0,0,0,0,89,116
4,10 14 15 22,1,a15,0,0,0,0,25,116
4,10 14 15 22,2,a10 a15,0,0,0,0,73,116
4,10 14 15 22,2,a14 a15,0,0,0,0,87,116
4,10 14 15 22,3,a10 a14 a15,0,0,0,0,98,116
4,10 14 15 22,1,a22,1,1,1,0,48,116
4,10 14 15 22,2,a10 a22,0,0,0,0,90,116
4,10 14 15 22,2,a14 a22,1,1,1,0,73,116
4,10 14 15 22,3,a10 a14 a22,0,0,0,0,99,116
4,10 14 15 22,2,a15 a22,0,0,0,0,73,116
4,10 14 15 22,3,a10 a15 a22,0,0,0,0,99,116
4,10 14 15 22,3,a14 a15 a22,0,0,0,0,98,116
4,10 14 15 22,4,a10 a14 a15 a22,0,0,0,0,108,116
4,10 14 15 23,0,,1,1,1,0,0,81
4,10 14 15 23,1,a10,0,0,0,0,50,81
4,10 14 15 23,1,a14,1,1,1,0,22,81
4,10 14 15 23,2,a10 a14,0,0,0,0,58,81
4,10 14 15 23,1,a15,0,0,0,0,22,81
4,10 14 15 23,2,a10 a15,0,0,0,0,58,81
4,10 14 15 23,2,a14 a15,0,0,0,0,44,81
4,10 14 15 23,3,a10 a14 a15,0,0,0,0,66,81
4,10 14 15 23,1,a23,1,1,1,0,22,81
4,10 14 15 23,2,a10 a23,0,0,0,0,58,81
4,10 14 15 23,2,a14 a23,1,1,1,0,44,81
4,10 14 15 23,3,a10 a14 a23,0,0,0,0,66,81
4,10 14 15 23,2,a15 a23,0,0,0,0,44,81
4,10 14 15 23,3,a10 a15 a23,0,0,0,0,66,81
4,10 14 15 23,3,a14 a15 a23,0,0,0,0,66,81
4,10 14 15 23,4,a10 a14 a15 a23,0,0,0,0,74,81
4,10 14 15 24,0,,1,1,1,0,0,81
4,10 14 15 24,1,a10,0,0,0,0,50,81
4,10 14 15 24,1,a14,1,1,1,0,22,81
4,10 14 15 24,2,a10 a14,0,0,0,0,58,81
4,10 14 15 24,1,a15,0,0,0,0,22,81
4,10 14 15 24,2,a10 a15,0,0,0,0,58,81
4,10 14 15 24,2,a14 a15,0,0,0,0,44,81
4,10 14 15 24,3,a10 a14 a15,0,0,0,0,66,81
4,10 14 15 24,1,a24,1,1,1,0,22,81
4,10 14 15 24,2,a10 a24,0,0,0,0,58,81
4,10 14 15 24,2,a14 a24,1,1,1,0,44,81
4,10 14 15 24,3,a10 a14 a24,0,0,0,0,66,81
4,10 14 15 24,2,a15 a24,0,0,0,0,44,81
4,10 14 15 24,3,a10 a15 a24,0,0,0,0,66,81
4,10 14 15 24,3,a14 a15 a24,0,0,0,0,66,81
4,10 14 15 24,4,a10 a14 a15 a24,0,0,0,0,74,81
4,10 14 15 25,0,,1,1,1,0,0,166
4,10 14 15 25,1,a10,0,0,0,0,114,166
4,10 14 15 25,1,a14,1,1,1,0,87,166
4,10 14 15 25,2,a10 a14,0,0,0,0,135,166
4,10 14 15 25,1,a15,0,0,0,0,28,166
4,10 14 15 25,2,a10 a15,0,0,0,0,124,166
4,10 14 15 25,2,a14 a15,0,0,0,0,115,166
4,10 14 15 25,3,a10 a14 a15,0,0,0,0,145,166
4,10 14 15 25,1,a25,1,1,1,0,87,166
4,10 14 15 25,2,a10 a25,0,0,0,0,135,166
4,10 14 15 25,2,a14 a25,1,1,1,0,116,166
4,10 14 15 25,3,a10 a14 a25,0,0,0,0,146,166
4,10 14 15 25,2,a15 a25,0,0,0,0,115,166
4,10 14 15 25,3,a10 a15 a25,0,0,0,0,145,166
4,10 14 15 25,3,a14 a15 a25,0,0,0,0,144,166
4,10 14 15 25,4,a10 a14 a15 a25,0,0,0,0,156,166
4,10 14 16 17,0,,1,1,1,0,0,472
4,10 14 16 17,1,a10,0,0,0,0,350,472
4,10 14 16 17,1,a14,0,0,0,0,312,472
4,10 14 16 17,2,a10 a14,0,0,0,0,412,472
4,10 14 16 17,1,a16,0,0,0,0,358,472
4,10 14 16 17,2,a10 a16,0,0,0,0,402,472
4,10 14 16 17,2,a14 a16,0,0,0,0,416,472
4,10 14 16 17,3,a10 a14 a16,0,0,0,0,434,472
4,10 14 16 17,1,a17,1,1,1,0,258,472
4,10 14 16 17,2,a10 a17,0,0,0,0,402,472
4,10 14 16 17,2,a14 a17,0,0,0,0,391,472
4,10 14 16 17,3,a10 a14 a17,0,0,0,0,435,472
4,10 14 16 17,2,a16 a17,0,0,0,0,392,472
4,10 14 16 17,3,a10 a16 a17,0,0,0,0,436,472
4,10 14 16 17,3,a14 a16 a17,0,0,0,0,435,472
4,10 14 16 17,4,a10 a14 a16 a17,0,0,0,0,453,472
4,10 14 16 18,0,,1,1,1,0,0,364
4,10 14 16 18,1,a10,0,0,0,0,185,364
4,10 14 16 18,1,a14,0,0,0,0,253,364
4,10 14 16 18,2,a10 a14,0,0,0,0,294,364
4,10 14 16 18,1,a16,0,0,0,0,253,364
4,10 14 16 18,2,a10 a16,0,0,0,0,294,364
4,10 14 16 18,2,a14 a16,0,0,0,0,316,364
4,10 14 16 18,3,a10 a14 a16,0,0,0,0,333,364
4,10 14 16 18,1,a18,1,1,1,0,173,364
4,10 14 16 18,2,a10 a18,0,0,0,0,304,364
4,10 14 16 18,2,a14 a18,0,0,0,0,293,364
4,10 14 16 18,3,a10 a14 a18,0,0,0,0,333,364
4,10 14 16 18,2,a16 a18,0,0,0,0,293,364
4,10 14 16 18,3,a10 a16 a18,0,0,0,0,333,364
4,10 14 16 18,3,a14 a16 a18,0,0,0,0,332,364
4,10 14 16 18,4,a10 a14 a16 a18,0,0,0,0,348,364
4,10 14 16 19,0,,1,1,1,0,0,472
4,10 14 16 19,1,a10,0,0,0,0,350,472
4,10 14 16 19,1,a14,0,0,0,0,358,472
4,10 14 16 19,2,a10 a14,0,0,0,0,402,472
4,10 14 16 19,1,a16,0,0,0,0,312,472
4,10 14 16 19,2,a10 a16,0,0,0,0,412,472
4,10 14 16 19,2,a14 a16,0,0,0,0,416,472
4,10 14 16 19,3,a10 a14 a16,0,0,0,0,434,472
4,10 14 16 19,1,a19,1,1,1,0,258,472
4,10 14 16 19,2,a10 a19,0,0,0,0,402,472
4,10 14 16 19,2,a14 a19,0,0,0,0,392,472
4,10 14 16 19,3,a10 a14 a19,0,0,0,0,436,472
4,10 14 16 19,2,a16 a19,0,0,0,0,391,472
4,10 14 16 19,3,a10 a16 a19,0,0,0,0,435,472
4,10 14 16 19,3,a14 a16 a19,0,0,0,0,435,472
4,10 14 16 19,4,a10 a14 a16 a19,0,0,0,0,453,472
4,10 14 16 20,0,,1,1,1,0,0,214
4,10 14 16 20,1,a10,0,0,0,0,136,214
4,10 14 16 20,1,a14,0,0,0,0,97,214
4,10 14 16 20,2,a10 a14,0,0,0,0,159,214
4,10 14 16 20,1,a16,0,0,0,0,144,214
4,10 14 16 20,2,a10 a16,0,0,0,0,179,214
4,10 14 16 20,2,a14 a16,0,0,0,0,176,214
4,10 14 16 20,3,a10 a14 a16,0,0,0,0,191,214
4,10 14 16 20,1,a20,1,1,1,0,60,214
4,10 14 16 20,2,a10 a20,0,0,0,0,168,214
4,10 14 16 20,2,a14 a20,0,0,0,0,157,214
4,10 14 16 20,3,a10 a14 a20,0,0,0,0,191,214
4,10 14 16 20,2,a16 a20,0,0,0,0,157,214
4,10 14 16 20,3,a10 a16 a20,0,0,0,0,191,214
4,10 14 16 20,3,a14 a16 a20,0,0,0,0,189,214
4,10 14 16 20,4,a10 a14 a16 a20,0,0,0,0,203,214
4,10 14 16 21,0,,1,1,1,0,0,132
4,10 14 16 21,1,a10,0,0,0,0,85,132
4,10 14 16 21,1,a14,0,0,0,0,77,132
4,10 14 16 21,2,a10 a14,0,0,0,0,104,132
4,10 14 16 21,1,a16,0,0,0,0,77,132
4,10 14 16 21,2,a10 a16,0,0,0,0,104,132
4,10 14 16 21,2,a14 a16,0,0,0,0,103,132
4,10 14 16 21,3,a10 a14 a16,0,0,0,0,114,132
4,10 14 16 21,1,a21,1,1,1,0,9,132
4,10 14 16 21,2,a10 a21,0,0,0,0,94,132
4,10 14 16 21,2,a14 a21,0,0,0,0,86,132
4,10 14 16 21,3,a10 a14 a21,0,0,0,0,113,132
4,10 14 16 21,2,a16 a21,0,0,0,0,86,132
4,10 14 16 21,3,a10 a16 a21,0,0,0,0,113,132
4,10 14 16 21,3,a14 a16 a21,0,0,0,0,112,132
4,10 14 16 21,4,a10 a14 a16 a21,0,0,0,0,123,132
4,10 14 16 22,0,,1,1,1,0,0,214
4,10 14 16 22,1,a10,0,0,0,0,136,214
4,10 14 16 22,1,a14,0,0,0,0,144,214
4,10 14 16 22,2,a10 a14,0,0,0,0,179,214
4,10 14 16 22,1,a16,0,0,0,0,97,214
4,10 14 16 22,2,a10 a16,0,0,0,0,159,214
4,10 14 16 22,2,a14 a16,0,0,0,0,176,214
4,10 14 16 22,3,a10 a14 a16,0,0,0,0,191,214
4,10 14 16 22,1,a22,1,1,1,0,60,214
4,10 14 16 22,2,a10 a22,0,0,0,0,168,214
4,10 14 16 22,2,a14 a22,0,0,0,0,157,214
4,10 14 16 22,3,a10 a14 a22,0,0,0,0,191,214
4,10 14 16 22,2,a16 a22,0,0,0,0,157,214
4,10 14 16 22,3,a10 a16 a22,0,0,0,0,191,214
4,10 14 16 22,3,a14 a16 a22,0,0,0,0,189,214
4,10 14 16 22,4,a10 a14 a16 a22,0,0,0,0,203,214
4,10 14 16 23,0,,1,1,1,0,0,279
4,10 14 16 23,1,a10,0,0,0,0,202,279
4,10 14 16 23,1,a14,0,0,0,0,107,279
4,10 14 16 23,2,a10 a14,0,0,0,0,227,279
4,10 14 16 23,1,a16,0,0,0,0,180,279
4,10 14 16 23,2,a10 a16,0,0,0,0,240,279
4,10 14 16 23,2,a14 a16,0,0,0,0,215,279
4,10 14 16 23,3,a10 a14 a16,0,0,0,0,253,279
4,10 14 16 23,1,a23,1,1,1,0,107,279
4,10 14 16 23,2,a10 a23,0,0,0,0,227,279
4,10 14 16 23,2,a14 a23,0,0,0,0,214,279
4,10 14 16 23,3,a10 a14 a23,0,0,0,0,252,279
4,10 14 16 23,2,a16 a23,0,0,0,0,215,279
4,10 14 16 23,3,a10 a16 a23,0,0,0,0,253,279
4,10 14 16 23,3,a14 a16 a23,0,0,0,0,250,279
4,10 14 16 23,4,a10 a14 a16 a23,0,0,0,0,266,279
4,10 14 16 24,0,,1,1,1,0,0,166
4,10 14 16 24,1,a10,0,0,0,0,114,166
4,10 14 16 24,1,a14,0,0,0,0,87,166
4,10 14 16 24,2,a10 a14,0,0,0,0,135,166
4,10 14 16 24,1,a16,0,0,0,0,87,166
4,10 14 16 24,2,a10 a16,0,0,0,0,135,166
4,10 14 16 24,2,a14 a16,0,0,0,0,116,166
4,10 14 16 24,3,a10 a14 a16,0,0,0,0,146,166
4,10 14 16 24,1,a24,1,1,1,0,28,166
4,10 14 16 24,2,a10 a24,0,0,0,0,124,166
4,10 14 16 24,2,a14 a24,0,0,0,0,115,166
4,10 14 16 24,3,a10 a14 a24,0,0,0,0,145,166
4,10 14 16 24,2,a16 a24,0,0,0,0,115,166
4,10 14 16 24,3,a10 a16 a24,0,0,0,0,145,166
4,10 14 16 24,3,a14 a16 a24,0,0,0,0,144,166
4,10 14 16 24,4,a10 a14 a16 a24,0,0,0,0,156,166
4,10 14 16 25,0,,1,1,1,0,0,279
4,10 14 16 25,1,a10,0,0,0,0,202,279
4,10 14 16 25,1,a14,0,0,0,0,180,279
4,10 14 16 25,2,a10 a14,0,0,0,0,240,279
4,10 14 16 25,1,a16,0,0,0,0,107,279
4,10 14 16 25,2,a10 a16,0,0,0,0,227,279
4,10 14 16 25,2,a14 a16,0,0,0,0,215,279
4,10 14 16 25,3,a10 a14 a16,0,0,0,0,253,279
4,10 14 16 25,1,a25,1,1,1,0,107,279
4,10 14 16 25,2,a10 a25,0,0,0,0,227,279
4,10 14 16 25,2,a14 a25,0,0,0,0,215,279
4,10 14 16 25,3,a10 a14 a25,0,0,0,0,253,279
4,10 14 16 25,2,a16 a25,0,0,0,0,214,279
4,10 14 16 25,3,a10 a16 a25,0,0,0,0,252,279
4,10 14 16 25,3,a14 a16 a25,0,0,0,0,250,279
4,10 14 16 25,4,a10 a14 a16 a25,0,0,0,0,266,279
4,10 15 16 17,0,,1,1,1,0,0,279
4,10 15 16 17,1,a10,0,0,0,0,160,279
4,10 15 16 17,1,a15,0,0,0,0,145,279
4,10 15 16 17,2,a10 a15,0,0,0,0,227,279
4,10 15 16 17,1,a16,1,1,1,0,187,279
4,10 15 16 17,2,a10 a16,0,0,0,0,223,279
4,10 15 16 17,2,a15 a16,0,0,0,0,236,279
4,10 15 16 17,3,a10 a15 a16,0,0,0,0,249,279
4,10 15 16 17,1,a17,1,1,1,0,177,279
4,10 15 16 17,2,a10 a17,0,0,0,0,236,279
4,10 15 16 17,2,a15 a17,0,0,0,0,213,279
4,10 15 16 17,3,a10 a15 a17,0,0,0,0,249,279
4,10 15 16 17,2,a16 a17,1,1,1,0,216,279
4,10 15 16 17,3,a10 a16 a17,0,0,0,0,252,279
4,10 15 16 17,3,a15 a16 a17,0,0,0,0,252,279
4,10 15 16 17,4,a10 a15 a16 a17,0,0,0,0,265,279
4,10 15 16 18,0,,1,1,1,0,0,108
4,10 15 16 18,1,a10,0,0,0,0,41,108
4,10 15 16 18,1,a15,0,0,0,0,41,108
4,10 15 16 18,2,a10 a15,0,0,0,0,66,108
4,10 15 16 18,1,a16,1,1,1,0,41,108
4,10 15 16 18,2,a10 a16,0,0,0,0,66,108
4,10 15 16 18,2,a15 a16,0,0,0,0,82,108
4,10 15 16 18,3,a10 a15 a16,0,0,0,0,91,108
4,10 15 16 18,1,a18,1,1,1,0,41,108
4,10 15 16 18,2,a10 a18,0,0,0,0,82,108
4,10 15 16 18,2,a15 a18,0,0,0,0,66,108
4,10 15 16 18,3,a10 a15 a18,0,0,0,0,91,108
4,10 15 16 18,2,a16 a18,1,1,1,0,66,108
4,10 15 16 18,3,a10 a16 a18,0,0,0,0,91,108
4,10 15 16 18,3,a15 a16 a18,0,0,0,0,91,108
4,10 15 16 18,4,a10 a15 a16 a18,0,0,0,0,100,108
4,10 15 16 19,0,,1,1,1,0,0,88
4,10 15 16 19,1,a10,0,0,0,0,36,88
4,10 15 16 19,1,a15,0,0,0,0,36,88
4,10 15 16 19,2,a10 a15,0,0,0,0,58,88
4,10 15 16 19,1,a16,1,1,1,0,36,88
4,10 15 16 19,2,a10 a16,0,0,0,0,58,88
4,10 15 16 19,2,a15 a16,0,0,0,0,65,88
4,10 15 16 19,3,a10 a15 a16,0,0,0,0,73,88
4,10 15 16 19,1,a19,1,1,1,0,29,88
4,10 15 16 19,2,a10 a19,0,0,0,0,65,88
4,10 15 16 19,2,a15 a19,0,0,0,0,51,88
4,10 15 16 19,3,a10 a15 a19,0,0,0,0,73,88
4,10 15 16 19,2,a16 a19,1,1,1,0,51,88
4,10 15 16 19,3,a10 a16 a19,0,0,0,0,73,88
4,10 15 16 19,3,a15 a16 a19,0,0,0,0,73,88
4,10 15 16 19,4,a10 a15 a16 a19,0,0,0,0,81,88
4,10 15 16 20,0,,1,1,1,0,0,116
4,10 15 16 20,1,a10,0,0,0,0,64,116
4,10 15 16 20,1,a15,0,0,0,0,25,116
4,10 15 16 20,2,a10 a15,0,0,0,0,73,116
4,10 15 16 20,1,a16,1,1,1,0,62,116
4,10 15 16 20,2,a10 a16,0,0,0,0,89,116
4,10 15 16 20,2,a15 a16,0,0,0,0,87,116
4,10 15 16 20,3,a10 a15 a16,0,0,0,0,98,116
4,10 15 16 20,1,a20,1,1,1,0,48,116
4,10 15 16 20,2,a10 a20,0,0,0,0,90,116
4,10 15 16 20,2,a15 a20,0,0,0,0,73,116
4,10 15 16 20,3,a10 a15 a20,0,0,0,0,99,116
4,10 15 16 20,2,a16 a20,1,1,1,0,73,116
4,10 15 16 20,3,a10 a16 a20,0,0,0,0,99,116
4,10 15 16 20,3,a15 a16 a20,0,0,0,0,98,116
4,10 15 16 20,4,a10 a15 a16 a20,0,0,0,0,108,116
4,10 15 16 21,0,,1,1,1,0,0,58
4,10 15 16 21,1,a10,0,0,0,0,31,58
4,10 15 16 21,1,a15,0,0,0,0,19,58
4,10 15 16 21,2,a10 a15,0,0,0,0,38,58
4,10 15 16 21,1,a16,1,1,1,0,19,58
4,10 15 16 21,2,a10 a16,0,0,0,0,38,58
4,10 15 16 21,2,a15 a16,0,0,0,0,38,58
4,10 15 16 21,3,a10 a15 a16,0,0,0,0,45,58
4,10 15 16 21,1,a21,1,1,1,0,7,58
4,10 15 16 21,2,a10 a21,0,0,0,0,38,58
4,10 15 16 21,2,a15 a21,0,0,0,0,26,58
4,10 15 16 21,3,a10 a15 a21,0,0,0,0,45,58
4,10 15 16 21,2,a16 a21,1,1,1,0,26,58
4,10 15 16 21,3,a10 a16 a21,0,0,0,0,45,58
4,10 15 16 21,3,a15 a16 a21,0,0,0,0,45,58
4,10 15 16 21,4,a10 a15 a16 a21,0,0,0,0,52,58
4,10 15 16 22,0,,1,1,1,0,0,58
4,10 15 16 22,1,a10,0,0,0,0,31,58
4,10 15 16 22,1,a15,0,0,0,0,19,58
4,10 15 16 22,2,a10 a15,0,0,0,0,38,58
4,10 15 16 22,1,a16,1,1,1,0,19,58
4,10 15 16 22,2,a10 a16,0,0,0,0,38,58
4,10 15 16 22,2,a15 a16,0,0,0,0,38,58
4,10 15 16 22,3,a10 a15 a16,0,0,0,0,45,58
4,10 15 16 22,1,a22,1,1,1,0,7,58
4,10 15 16 22,2,a10 a22,0,0,0,0,38,58
4,10 15 16 22,2,a15 a22,0,0,0,0,26,58
4,10 15 16 22,3,a10 a15 a22,0,0,0,0,45,58
4,10 15 16 22,2,a16 a22,1,1,1,0,26,58
4,10 15 16 22,3,a10 a16 a22,0,0,0,0,45,58
4,10 15 16 22,3,a15 a16 a22,0,0,0,0,45,58
4,10 15 16 22,4,a10 a15 a16 a22,0,0,0,0,52,58
4,10 15 16 23,0,,1,1,1,0,0,166
4,10 15 16 23,1,a10,0,0,0,0,114,166
4,10 15 16 23,1,a15,0,0,0,0,28,166
4,10 15 16 23,2,a10 a15,0,0,0,0,124,166
4,10 15 16 23,1,a16,1,1,1,0,87,166
4,10 15 16 23,2,a10 a16,0,0,0,0,135,166
4,10 15 16 23,2,a15 a16,0,0,0,0,115,166
4,10 15 16 23,3,a10 a15 a16,0,0,0,0,145,166
4,10 15 16 23,1,a23,1,1,1,0,87,166
4,10 15 16 23,2,a10 a23,0,0,0,0,135,166
4,10 15 16 23,2,a15 a23,0,0,0,0,115,166
4,10 15 16 23,3,a10 a15 a23,0,0,0,0,145,166
4,10 15 16 23,2,a16 a23,1,1,1,0,116,166
4,10 15 16 23,3,a10 a16 a23,0,0,0,0,146,166
4,10 15 16 23,3,a15 a16 a23,0,0,0,0,144,166
4,10 15 16 23,4,a10 a15 a16 a23,0,0,0,0,156,166
4,10 15 16 24,0,,1,1,1,0,0,81
4,10 15 16 24,1,a10,0,0,0,0,50,81
4,10 15 16 24,1,a15,0,0,0,0,22,81
4,10 15 16 24,2,a10 a15,0,0,0,0,58,81
4,10 15 16 24,1,a16,1,1,1,0,22,81
4,10 15 16 24,2,a10 a16,0,0,0,0,58,81
4,10 15 16 24,2,a15 a16,0,0,0,0,44,81
4,10 15 16 24,3,a10 a15 a16,0,0,0,0,66,81
4,10 15 16 24,1,a24,1,1,1,0,22,81
4,10 15 16 24,2,a10 a24,0,0,0,0,58,81
4,10 15 16 24,2,a15 a24,0,0,0,0,44,81
4,10 15 16 24,3,a10 a15 a24,0,0,0,0,66,81
4,10 15 16 24,2,a16 a24,1,1,1,0,44,81
4,10 15 16 24,3,a10 a16 a24,0,0,0,0,66,81
4,10 15 16 24,3,a15 a16 a24,0,0,0,0,66,81
4,10 15 16 24,4,a10 a15 a16 a24,0,0,0,0,74,81
4,10 15 16 25,0,,1,1,1,0,0,81
4,10 15 16 25,1,a10,0,0,0,0,50,81
4,10 15 16 25,1,a15,0,0,0,0,22,81
4,10 15 16 25,2,a10 a15,0,0,0,0,58,81
4,10 15 16 25,1,a16,1,1,1,0,22,81
4,10 15 16 25,2,a10 a16,0,0,0,0,58,81
4,10 15 16 25,2,a15 a16,0,0,0,0,44,81
4,10 15 16 25,3,a10 a15 a16,0,0,0,0,66,81
4,10 15 16 25,1,a25,1,1,1,0,22,81
4,10 15 16 25,2,a10 a25,0,0,0,0,58,81
4,10 15 16 25,2,a15 a25,0,0,0,0,44,81
4,10 15 16 25,3,a10 a15 a25,0,0,0,0,66,81
4,10 15 16 25,2,a16 a25,1,1,1,0,44,81
4,10 15 16 25,3,a10 a16 a25,0,0,0,0,66,81
4,10 15 16 25,3,a15 a16 a25,0,0,0,0,66,81
4,10 15 16 25,4,a10 a15 a16 a25,0,0,0,0,74,81
4,10 15 17 18,0,,1,1,1,0,0,81
4,10 15 17 18,1,a10,0,0,0,0,22,81
4,10 15 17 18,1,a15,0,0,0,0,50,81
4,10 15 17 18,2,a10 a15,0,0,0,0,58,81
4,10 15 17 18,1,a17,1,1,1,0,22,81
4,10 15 17 18,2,a10 a17,0,0,0,0,44,81
4,10 15 17 18,2,a15 a17,0,0,0,0,58,81
4,10 15 17 18,3,a10 a15 a17,0,0,0,0,66,81
4,10 15 17 18,1,a18,1,1,1,0,22,81
4,10 15 17 18,2,a10 a18,0,0,0,0,44,81
4,10 15 17 18,2,a15 a18,0,0,0,0,58,81
4,10 15 17 18,3,a10 a15 a18,0,0,0,0,66,81
4,10 15 17 18,2,a17 a18,1,1,1,0,44,81
4,10 15 17 18,3,a10 a17 a18,0,0,0,0,66,81
4,10 15 17 18,3,a15 a17 a18,0,0,0,0,66,81
4,10 15 17 18,4,a10 a15 a17 a18,0,0,0,0,74,81
4,10 15 17 19,0,,1,1,1,0,0,166
4,10 15 17 19,1,a10,0,0,0,0,28,166
4,10 15 17 19,1,a15,0,0,0,0,114,166
4,10 15 17 19,2,a10 a15,0,0,0,0,124,166
4,10 15 17 19,1,a17,1,1,1,0,87,166
4,10 15 17 19,2,a10 a17,0,0,0,0,115,166
4,10 15 17 19,2,a15 a17,0,0,0,0,135,166
4,10 15 17 19,3,a10 a15 a17,0,0,0,0,145,166
4,10 15 17 19,1,a19,1,1,1,0,87,166
4,10 15 17 19,2,a10 a19,0,0,0,0,115,166
4,10 15 17 19,2,a15 a19,0,0,0,0,135,166
4,10 15 17 19,3,a10 a15 a19,0,0,0,0,145,166
4,10 15 17 19,2,a17 a19,1,1,1,0,116,166
4,10 15 17 19,3,a10 a17 a19,0,0,0,0,144,166
4,10 15 17 19,3,a15 a17 a19,0,0,0,0,146,166
4,10 15 17 19,4,a10 a15 a17 a19,0,0,0,0,156,166
4,10 15 17 20,0,,1,1,1,0,0,44
4,10 15 17 20,1,a10,0,0,0,0,16,44
4,10 15 17 20,1,a15,0,0,0,0,26,44
4,10 15 17 20,2,a10 a15,0,0,0,0,32,44
4,10 15 17 20,1,a17,1,1,1,0,16,44
4,10 15 17 20,2,a10 a17,0,0,0,0,32,44
4,10 15 17 20,2,a15 a17,0,0,0,0,32,44
4,10 15 17 20,3,a10 a15 a17,0,0,0,0,38,44
4,10 15 17 20,1,a20,1,1,1,0,6,44
4,10 15 17 20,2,a10 a20,0,0,0,0,22,44
4,10 15 17 20,2,a15 a20,0,0,0,0,27,44
4,10 15 17 20,3,a10 a15 a20,0,0,0,0,33,44
4,10 15 17 20,2,a17 a20,1,1,1,0,17,44
4,10 15 17 20,3,a10 a17 a20,0,0,0,0,33,44
4,10 15 17 20,3,a15 a17 a20,0,0,0,0,33,44
4,10 15 17 20,4,a10 a15 a17 a20,0,0,0,0,39,44
4,10 15 17 21,0,,1,1,1,0,0,58
4,10 15 17 21,1,a10,0,0,0,0,19,58
4,10 15 17 21,1,a15,0,0,0,0,31,58
4,10 15 17 21,2,a10 a15,0,0,0,0,38,58
4,10 15 17 21,1,a17,1,1,1,0,19,58
4,10 15 17 21,2,a10 a17,0,0,0,0,38,58
4,10 15 17 21,2,a15 a17,0,0,0,0,38,58
4,10 15 17 21,3,a10 a15 a17,0,0,0,0,45,58
4,10 15 17 21,1,a21,1,1,1,0,7,58
4,10 15 17 21,2,a10 a21,0,0,0,0,26,58
4,10 15 17 21,2,a15 a21,0,0,0,0,38,58
4,10 15 17 21,3,a10 a15 a21,0,0,0,0,45,58
4,10 15 17 21,2,a17 a21,1,1,1,0,26,58
4,10 15 17 21,3,a10 a17 a21,0,0,0,0,45,58
4,10 15 17 21,3,a15 a17 a21,0,0,0,0,45,58
4,10 15 17 21,4,a10 a15 a17 a21,0,0,0,0,52,58
4,10 15 17 22,0,,1,1,1,0,0,116
4,10 15 17 22,1,a10,0,0,0,0,25,116
4,10 15 17 22,1,a15,0,0,0,0,64,116
4,10 15 17 22,2,a10 a15,0,0,0,0,73,116
4,10 15 17 22,1,a17,1,1,1,0,62,116
4,10 15 17 22,2,a10 a17,0,0,0,0,87,116
4,10 15 17 22,2,a15 a17,0,0,0,0,89,116
4,10 15 17 22,3,a10 a15 a17,0,0,0,0,98,116
4,10 15 17 22,1,a22,1,1,1,0,48,116
4,10 15 17 22,2,a10 a22,0,0,0,0,73,116
4,10 15 17 22,2,a15 a22,0,0,0,0,90,116
4,10 15 17 22,3,a10 a15 a22,0,0,0,0,99,116
4,10 15 17 22,2,a17 a22,1,1,1,0,73,116
4,10 15 17 22,3,a10 a17 a22,0,0,0,0,98,116
4,10 15 17 22,3,a15 a17 a22,0,0,0,0,99,116
4,10 15 17 22,4,a10 a15 a17 a22,0,0,0,0,108,116
4,10 15 17 23,0,,1,1,1,0,0,70
4,10 15 17 23,1,a10,0,0,0,0,31,70
4,10 15 17 23,1,a15,0,0,0,0,31,70
4,10 15 17 23,2,a10 a15,0,0,0,0,44,70
4,10 15 17 23,1,a17,1,1,1,0,25,70
4,10 15 17 23,2,a10 a17,0,0,0,0,50,70
4,10 15 17 23,2,a15 a17,0,0,0,0,44,70
4,10 15 17 23,3,a10 a15 a17,0,0,0,0,57,70
4,10 15 17 23,1,a23,1,1,1,0,25,70
4,10 15 17 23,2,a10 a23,0,0,0,0,44,70
4,10 15 17 23,2,a15 a23,0,0,0,0,50,70
4,10 15 17 23,3,a10 a15 a23,0,0,0,0,57,70
4,10 15 17 23,2,a17 a23,1,1,1,0,38,70
4,10 15 17 23,3,a10 a17 a23,0,0,0,0,57,70
4,10 15 17 23,3,a15 a17 a23,0,0,0,0,57,70
4,10 15 17 23,4,a10 a15 a17 a23,0,0,0,0,64,70
4,10 15 17 24,0,,1,1,1,0,0,88
4,10 15 17 24,1,a10,0,0,0,0,36,88
4,10 15 17 24,1,a15,0,0,0,0,36,88
4,10 15 17 24,2,a10 a15,0,0,0,0,58,88
4,10 15 17 24,1,a17,1,1,1,0,29,88
4,10 15 17 24,2,a10 a17,0,0,0,0,65,88
4,10 15 17 24,2,a15 a17,0,0,0,0,51,88
4,10 15 17 24,3,a10 a15 a17,0,0,0,0,73,88
4,10 15 17 24,1,a24,1,1,1,0,36,88
4,10 15 17 24,2,a10 a24,0,0,0,0,58,88
4,10 15 17 24,2,a15 a24,0,0,0,0,65,88
4,10 15 17 24,3,a10 a15 a24,0,0,0,0,73,88
4,10 15 17 24,2,a17 a24,1,1,1,0,51,88
4,10 15 17 24,3,a10 a17 a24,0,0,0,0,73,88
4,10 15 17 24,3,a15 a17 a24,0,0,0,0,73,88
4,10 15 17 24,4,a10 a15 a17 a24,0,0,0,0,81,88
4,10 15 17 25,0,,1,1,1,0,0,224
4,10 15 17 25,1,a10,0,0,0,0,122,224
4,10 15 17 25,1,a15,0,0,0,0,122,224
4,10 15 17 25,2,a10 a15,0,0,0,0,181,224
4,10 15 17 25,1,a17,1,1,1,0,141,224
4,10 15 17 25,2,a10 a17,0,0,0,0,186,224
4,10 15 17 25,2,a15 a17,0,0,0,0,174,224
4,10 15 17 25,3,a10 a15 a17,0,0,0,0,198,224
4,10 15 17 25,1,a25,1,1,1,0,141,224
4,10 15 17 25,2,a10 a25,0,0,0,0,174,224
4,10 15 17 25,2,a15 a25,0,0,0,0,186,224
4,10 15 17 25,3,a10 a15 a25,0,0,0,0,198,224
4,10 15 17 25,2,a17 a25,1,1,1,0,167,224
4,10 15 17 25,3,a10 a17 a25,0,0,0,0,200,224
4,10 15 17 25,3,a15 a17 a25,0,0,0,0,200,224
4,10 15 17 25,4,a10 a15 a17 a25,0,0,0,0,212,224
4,10 15 18 19,0,,1,1,1,0,0,81
4,10 15 18 19,1,a10,0,0,0,0,22,81
4,10 15 18 19,1,a15,0,0,0,0,50,81
4,10 15 18 19,2,a10 a15,0,0,0,0,58,81
4,10 15 18 19,1,a18,1,1,1,0,22,81
4,10 15 18 19,2,a10 a18,0,0,0,0,44,81
4,10 15 18 19,2,a15 a18,0,0,0,0,58,81
4,10 15 18 19,3,a10 a15 a18,0,0,0,0,66,81
4,10 15 18 19,1,a19,1,1,1,0,22,81
4,10 15 18 19,2,a10 a19,0,0,0,0,44,81
4,10 15 18 19,2,a15 a19,0,0,0,0,58,81
4,10 15 18 19,3,a10 a15 a19,0,0,0,0,66,81
4,10 15 18 19,2,a18 a19,1,1,1,0,44,81
4,10 15 18 19,3,a10 a18 a19,0,0,0,0,66,81
4,10 15 18 19,3,a15 a18 a19,0,0,0,0,66,81
4,10 15 18 19,4,a10 a15 a18 a19,0,0,0,0,74,81
4,10 15 18 20,0,,1,1,1,0,0,58
4,10 15 18 20,1,a10,0,0,0,0,19,58
4,10 15 18 20,1,a15,0,0,0,0,31,58
4,10 15 18 20,2,a10 a15,0,0,0,0,38,58
4,10 15 18 20,1,a18,1,1,1,0,19,58
4,10 15 18 20,2,a10 a18,0,0,0,0,38,58
4,10 15 18 20,2,a15 a18,0,0,0,0,38,58
4,10 15 18 20,3,a10 a15 a18,0,0,0,0,45,58
4,10 15 18 20,1,a20,1,1,1,0,7,58
4,10 15 18 20,2,a10 a20,0,0,0,0,26,58
4,10 15 18 20,2,a15 a20,0,0,0,0,38,58
4,10 15 18 20,3,a10 a15 a20,0,0,0,0,45,58
4,10 15 18 20,2,a18 a20,1,1,1,0,26,58
4,10 15 18 20,3,a10 a18 a20,0,0,0,0,45,58
4,10 15 18 20,3,a15 a18 a20,0,0,0,0,45,58
4,10 15 18 20,4,a10 a15 a18 a20,0,0,0,0,52,58
4,10 15 18 21,0,,1,1,1,0,0,44
4,10 15 18 21,1,a10,0,0,0,0,16,44
4,10 15 18 21,1,a15,0,0,0,0,26,44
4,10 15 18 21,2,a10 a15,0,0,0,0,32,44
4,10 15 18 21,1,a18,1,1,1,0,16,44
4,10 15 18 21,2,a10 a18,0,0,0,0,32,44
4,10 15 18 21,2,a15 a18,0,0,0,0,32,44
4,10 15 18 21,3,a10 a15 a18,0,0,0,0,38,44
4,10 15 18 21,1,a21,1,1,1,0,6,44
4,10 15 18 21,2,a10 a21,0,0,0,0,22,44
4,10 15 18 21,2,a15 a21,0,0,0,0,27,44
4,10 15 18 21,3,a10 a15 a21,0,0,0,0,33,44
4,10 15 18 21,2,a18 a21,1,1,1,0,17,44
4,10 15 18 21,3,a10 a18 a21,0,0,0,0,33,44
4,10 15 18 21,3,a15 a18 a21,0,0,0,0,33,44
4,10 15 18 21,4,a10 a15 a18 a21,0,0,0,0,39,44
4,10 15 18 22,0,,1,1,1,0,0,58
4,10 15 18 22,1,a10,0,0,0,0,19,58
4,10 15 18 22,1,a15,0,0,0,0,31,58
4,10 15 18 22,2,a10 a15,0,0,0,0,38,58
4,10 15 18 22,1,a18,1,1,1,0,19,58
4,10 15 18 22,2,a10 a18,0,0,0,0,38,58
4,10 15 18 22,2,a15 a18,0,0,0,0,38,58
4,10 15 18 22,3,a10 a15 a18,0,0,0,0,45,58
4,10 15 18 22,1,a22,1,1,1,0,7,58
4,10 15 18 22,2,a10 a22,0,0,0,0,26,58
4,10 15 18 22,2,a15 a22,0,0,0,0,38,58
4,10 15 18 22,3,a10 a15 a22,0,0,0,0,45,58
4,10 15 18 22,2,a18 a22,1,1,1,0,26,58
4,10 15 18 22,3,a10 a18 a22,0,0,0,0,45,58
4,10 15 18 22,3,a15 a18 a22,0,0,0,0,45,58
4,10 15 18 22,4,a10 a15 a18 a22,0,0,0,0,52,58
4,10 15 18 23,0,,1,1,1,0,0,88
4,10 15 18 23,1,a10,0,0,0,0,36,88
4,10 15 18 23,1,a15,0,0,0,0,36,88
4,10 15 18 23,2,a10 a15,0,0,0,0,58,88
4,10 15 18 23,1,a18,1,1,1,0,36,88
4,10 15 18 23,2,a10 a18,0,0,0,0,65,88
4,10 15 18 23,2,a15 a18,0,0,0,0,58,88
4,10 15 18 23,3,a10 a15 a18,0,0,0,0,73,88
4,10 15 18 23,1,a23,1,1,1,0,29,88
4,10 15 18 23,2,a10 a23,0,0,0,0,51,88
4,10 15 18 23,2,a15 a23,0,0,0,0,65,88
4,10 15 18 23,3,a10 a15 a23,0,0,0,0,73,88
4,10 15 18 23,2,a18 a23,1,1,1,0,51,88
4,10 15 18 23,3,a10 a18 a23,0,0,0,0,73,88
4,10 15 18 23,3,a15 a18 a23,0,0,0,0,73,88
4,10 15 18 23,4,a10 a15 a18 a23,0,0,0,0,81,88
4,10 15 18 24,0,,1,1,1,0,0,70
4,10 15 18 24,1,a10,0,0,0,0,31,70
4,10 15 18 24,1,a15,0,0,0,0,31,70
4,10 15 18 24,2,a10 a15,0,0,0,0,44,70
4,10 15 18 24,1,a18,1,1,1,0,25,70
4,10 15 18 24,2,a10 a18,0,0,0,0,50,70
4,10 15 18 24,2,a15 a18,0,0,0,0,44,70
4,10 15 18 24,3,a10 a15 a18,0,0,0,0,57,70
4,10 15 18 24,1,a24,1,1,1,0,25,70
4,10 15 18 24,2,a10 a24,0,0,0,0,44,70
4,10 15 18 24,2,a15 a24,0,0,0,0,50,70
4,10 15 18 24,3,a10 a15 a24,0,0,0,0,57,70
4,10 15 18 24,2,a18 a24,1,1,1,0,38,70
4,10 15 18 24,3,a10 a18 a24,0,0,0,0,57,70
4,10 15 18 24,3,a15 a18 a24,0,0,0,0,57,70
4,10 15 18 24,4,a10 a15 a18 a24,0,0,0,0,64,70
4,10 15 18 25,0,,1,1,1,0,0,88
4,10 15 18 25,1,a10,0,0,0,0,36,88
4,10 15 18 25,1,a15,0,0,0,0,36,88
4,10 15 18 25,2,a10 a15,0,0,0,0,58,88
4,10 15 18 25,1,a18,1,1,1,0,36,88
4,10 15 18 25,2,a10 a18,0,0,0,0,65,88
4,10 15 18 25,2,a15 a18,0,0,0,0,58,88
4,10 15 18 25,3,a10 a15 a18,0,0,0,0,73,88
4,10 15 18 25,1,a25,1,1,1,0,29,88
4,10 15 18 25,2,a10 a25,0,0,0,0,51,88
4,10 15 18 25,2,a15 a25,0,0,0,0,65,88
4,10 15 18 25,3,a10 a15 a25,0,0,0,0,73,88
4,10 15 18 25,2,a18 a25,1,1,1,0,51,88
4,10 15 18 25,3,a10 a18 a25,0,0,0,0,73,88
4,10 15 18 25,3,a15 a18 a25,0,0,0,0,73,88
4,10 15 18 25,4,a10 a15 a18 a25,0,0,0,0,81,88
4,10 15 19 20,0,,1,1,1,0,0,116
4,10 15 19 20,1,a10,0,0,0,0,25,116
4,10 15 19 20,1,a15,0,0,0,0,64,116
4,10 15 19 20,2,a10 a15,0,0,0,0,73,116
4,10 15 19 20,1,a19,1,1,1,0,62,116
4,10 15 19 20,2,a10 a19,0,0,0,0,87,116
4,10 15 19 20,2,a15 a19,0,0,0,0,89,116
4,10 15 19 20,3,a10 a15 a19,0,0,0,0,98,116
4,10 15 19 20,1,a20,1,1,1,0,48,116
4,10 15 19 20,2,a10 a20,0,0,0,0,73,116
4,10 15 19 20,2,a15 a20,0,0,0,0,90,116
4,10 15 19 20,3,a10 a15 a20,0,0,0,0,99,116
4,10 15 19 20,2,a19 a20,1,1,1,0,73,116
4,10 15 19 20,3,a10 a19 a20,0,0,0,0,98,116
4,10 15 19 20,3,a15 a19 a20,0,0,0,0,99,116
4,10 15 19 20,4,a10 a15 a19 a20,0,0,0,0,108,116
4,10 15 19 21,0,,1,1,1,0,0,58
4,10 15 19 21,1,a10,0,0,0,0,19,58
4,10 15 19 21,1,a15,0,0,0,0,31,58
4,10 15 19 21,2,a10 a15,0,0,0,0,38,58
4,10 15 19 21,1,a19,1,1,1,0,19,58
4,10 15 19 21,2,a10 a19,0,0,0,0,38,58
4,10 15 19 21,2,a15 a19,0,0,0,0,38,58
4,10 15 19 21,3,a10 a15 a19,0,0,0,0,45,58
4,10 15 19 21,1,a21,1,1,1,0,7,58
4,10 15 19 21,2,a10 a21,0,0,0,0,26,58
4,10 15 19 21,2,a15 a21,0,0,0,0,38,58
4,10 15 19 21,3,a10 a15 a21,0,0,0,0,45,58
4,10 15 19 21,2,a19 a21,1,1,1,0,26,58
4,10 15 19 21,3,a10 a19 a21,0,0,0,0,45,58
4,10 15 19 21,3,a15 a19 a21,0,0,0,0,45,58
4,10 15 19 21,4,a10 a15 a19 a21,0,0,0,0,52,58
4,10 15 19 22,0,,1,1,1,0,0,44
4,10 15 19 22,1,a10,0,0,0,0,16,44
4,10 15 19 22,1,a15,0,0,0,0,26,44
4,10 15 19 22,2,a10 a15,0,0,0,0,32,44
4,10 15 19 22,1,a19,1,1,1,0,16,44
4,10 15 19 22,2,a10 a19,0,0,0,0,32,44
4,10 15 19 22,2,a15 a19,0,0,0,0,32,44
4,10 15 19 22,3,a10 a15 a19,0,0,0,0,38,44
4,10 15 19 22,1,a22,1,1,1,0,6,44
4,10 15 19 22,2,a10 a22,0,0,0,0,22,44
4,10 15 19 22,2,a15 a22,0,0,0,0,27,44
4,10 15 19 22,3,a10 a15 a22,0,0,0,0,33,44
4,10 15 19 22,2,a19 a22,1,1,1,0,17,44
4,10 15 19 22,3,a10 a19 a22,0,0,0,0,33,44
4,10 15 19 22,3,a15 a19 a22,0,0,0,0,33,44
4,10 15 19 22,4,a10 a15 a19 a22,0,0,0,0,39,44
4,10 15 19 23,0,,1,1,1,0,0,224
4,10 15 19 23,1,a10,0,0,0,0,122,224
4,10 15 19 23,1,a15,0,0,0,0,122,224
4,10 15 19 23,2,a10 a15,0,0,0,0,181,224
4,10 15 19 23,1,a19,1,1,1,0,141,224
4,10 15 19 23,2,a10 a19,0,0,0,0,186,224
4,10 15 19 23,2,a15 a19,0,0,0,0,174,224
4,10 15 19 23,3,a10 a15 a19,0,0,0,0,198,224
4,10 15 19 23,1,a23,1,1,1,0,141,224
4,10 15 19 23,2,a10 a23,0,0,0,0,174,224
4,10 15 19 23,2,a15 a23,0,0,0,0,186,224
4,10 15 19 23,3,a10 a15 a23,0,0,0,0,198,224
4,10 15 19 23,2,a19 a23,1,1,1,0,167,224
4,10 15 19 23,3,a10 a19 a23,0,0,0,0,200,224
4,10 15 19 23,3,a15 a19 a23,0,0,0,0,200,224
4,10 15 19 23,4,a10 a15 a19 a23,0,0,0,0,212,224
4,10 15 19 24,0,,1,1,1,0,0,88
4,10 15 19 24,1,a10,0,0,0,0,36,88
4,10 15 19 24,1,a15,0,0,0,0,36,88
4,10 15 19 24,2,a10 a15,0,0,0,0,58,88
4,10 15 19 24,1,a19,1,1,1,0,29,88
4,10 15 19 24,2,a10 a19,0,0,0,0,65,88
4,10 15 19 24,2,a15 a19,0,0,0,0,51,88
4,10 15 19 24,3,a10 a15 a19,0,0,0,0,73,88
4,10 15 19 24,1,a24,1,1,1,0,36,88
4,10 15 19 24,2,a10 a24,0,0,0,0,58,88
4,10 15 19 24,2,a15 a24,0,0,0,0,65,88
4,10 15 19 24,3,a10 a15 a24,0,0,0,0,73,88
4,10 15 19 24,2,a19 a24,1,1,1,0,51,88
4,10 15 19 24,3,a10 a19 a24,0,0,0,0,73,88
4,10 15 19 24,3,a15 a19 a24,0,0,0,0,73,88
4,10 15 19 24,4,a10 a15 a19 a24,0,0,0,0,81,88
4,10 15 19 25,0,,1,1,1,0,0,70
4,10 15 19 25,1,a10,0,0,0,0,31,70
4,10 15 19 25,1,a15,0,0,0,0,31,70
4,10 15 19 25,2,a10 a15,0,0,0,0,44,70
4,10 15 19 25,1,a19,1,1,1,0,25,70
4,10 15 19 25,2,a10 a19,0,0,0,0,50,70
4,10 15 19 25,2,a15 a19,0,0,0,0,44,70
4,10 15 19 25,3,a10 a15 a19,0,0,0,0,57,70
4,10 15 19 25,1,a25,1,1,1,0,25,70
4,10 15 19 25,2,a10 a25,0,0,0,0,44,70
4,10 15 19 25,2,a15 a25,0,0,0,0,50,70
4,10 15 19 25,3,a10 a15 a25,0,0,0,0,57,70
4,10 15 19 25,2,a19 a25,1,1,1,0,38,70
4,10 15 19 25,3,a10 a19 a25,0,0,0,0,57,70
4,10 15 19 25,3,a15 a19 a25,0,0,0,0,57,70
4,10 15 19 25,4,a10 a15 a19 a25,0,0,0,0,64,70
4,10 15 20 21,0,,1,1,1,0,0,39
4,10 15 20 21,1,a10,0,0,0,0,16,39
4,10 15 20 21,1,a15,0,0,0,0,16,39
4,10 15 20 21,2,a10 a15,0,0,0,0,22,39
4,10 15 20 21,1,a20,1,1,1,0,6,39
4,10 15 20 21,2,a10 a20,0,0,0,0,22,39
4,10 15 20 21,2,a15 a20,0,0,0,0,22,39
4,10 15 20 21,3,a10 a15 a20,0,0,0,0,28,39
4,10 15 20 21,1,a21,1,1,1,0,6,39
4,10 15 20 21,2,a10 a21,0,0,0,0,22,39
4,10 15 20 21,2,a15 a21,0,0,0,0,22,39
4,10 15 20 21,3,a10 a15 a21,0,0,0,0,28,39
4,10 15 20 21,2,a20 a21,1,1,1,0,12,39
4,10 15 20 21,3,a10 a20 a21,0,0,0,0,28,39
4,10 15 20 21,3,a15 a20 a21,0,0,0,0,28,39
4,10 15 20 21,4,a10 a15 a20 a21,0,0,0,0,34,39
4,10 15 20 22,0,,1,1,1,0,0,58
4,10 15 20 22,1,a10,0,0,0,0,19,58
4,10 15 20 22,1,a15,0,0,0,0,19,58
4,10 15 20 22,2,a10 a15,0,0,0,0,26,58
4,10 15 20 22,1,a20,1,1,1,0,19,58
4,10 15 20 22,2,a10 a20,0,0,0,0,38,58
4,10 15 20 22,2,a15 a20,0,0,0,0,38,58
4,10 15 20 22,3,a10 a15 a20,0,0,0,0,45,58
4,10 15 20 22,1,a22,1,1,1,0,19,58
4,10 15 20 22,2,a10 a22,0,0,0,0,38,58
4,10 15 20 22,2,a15 a22,0,0,0,0,38,58
4,10 15 20 22,3,a10 a15 a22,0,0,0,0,45,58
4,10 15 20 22,2,a20 a22,1,1,1,0,26,58
4,10 15 20 22,3,a10 a20 a22,0,0,0,0,45,58
4,10 15 20 22,3,a15 a20 a22,0,0,0,0,45,58
4,10 15 20 22,4,a10 a15 a20 a22,0,0,0,0,52,58
4,10 15 20 23,0,,1,1,1,0,0,44
4,10 15 20 23,1,a10,0,0,0,0,26,44
4,10 15 20 23,1,a15,0,0,0,0,16,44
4,10 15 20 23,2,a10 a15,0,0,0,0,32,44
4,10 15 20 23,1,a20,1,1,1,0,6,44
4,10 15 20 23,2,a10 a20,0,0,0,0,27,44
4,10 15 20 23,2,a15 a20,0,0,0,0,22,44
4,10 15 20 23,3,a10 a15 a20,0,0,0,0,33,44
4,10 15 20 23,1,a23,1,1,1,0,16,44
4,10 15 20 23,2,a10 a23,0,0,0,0,32,44
4,10 15 20 23,2,a15 a23,0,0,0,0,32,44
4,10 15 20 23,3,a10 a15 a23,0,0,0,0,38,44
4,10 15 20 23,2,a20 a23,1,1,1,0,17,44
4,10 15 20 23,3,a10 a20 a23,0,0,0,0,33,44
4,10 15 20 23,3,a15 a20 a23,0,0,0,0,33,44
4,10 15 20 23,4,a10 a15 a20 a23,0,0,0,0,39,44
4,10 15 20 24,0,,1,1,1,0,0,58
4,10 15 20 24,1,a10,0,0,0,0,31,58
4,10 15 20 24,1,a15,0,0,0,0,19,58
4,10 15 20 24,2,a10 a15,0,0,0,0,38,58
4,10 15 20 24,1,a20,1,1,1,0,7,58
4,10 15 20 24,2,a10 a20,0,0,0,0,38,58
4,10 15 20 24,2,a15 a20,0,0,0,0,26,58
4,10 15 20 24,3,a10 a15 a20,0,0,0,0,45,58
4,10 15 20 24,1,a24,1,1,1,0,19,58
4,10 15 20 24,2,a10 a24,0,0,0,0,38,58
4,10 15 20 24,2,a15 a24,0,0,0,0,38,58
4,10 15 20 24,3,a10 a15 a24,0,0,0,0,45,58
4,10 15 20 24,2,a20 a24,1,1,1,0,26,58
4,10 15 20 24,3,a10 a20 a24,0,0,0,0,45,58
4,10 15 20 24,3,a15 a20 a24,0,0,0,0,45,58
4,10 15 20 24,4,a10 a15 a20 a24,0,0,0,0,52,58
4,10 15 20 25,0,,1,1,1,0,0,116
4,10 15 20 25,1,a10,0,0,0,0,64,116
4,10 15 20 25,1,a15,0,0,0,0,25,116
4,10 15 20 25,2,a10 a15,0,0,0,0,73,116
4,10 15 20 25,1,a20,1,1,1,0,48,116
4,10 15 20 25,2,a10 a20,0,0,0,0,90,116
4,10 15 20 25,2,a15 a20,0,0,0,0,73,116
4,10 15 20 25,3,a10 a15 a20,0,0,0,0,99,116
4,10 15 20 25,1,a25,1,1,1,0,62,116
4,10 15 20 25,2,a10 a25,0,0,0,0,89,116
4,10 15 20 25,2,a15 a25,0,0,0,0,87,116
4,10 15 20 25,3,a10 a15 a25,0,0,0,0,98,116
4,10 15 20 25,2,a20 a25,1,1,1,0,73,116
4,10 15 20 25,3,a10 a20 a25,0,0,0,0,99,116
4,10 15 20 25,3,a15 a20 a25,0,0,0,0,98,116
4,10 15 20 25,4,a10 a15 a20 a25,0,0,0,0,108,116
4,10 15 21 22,0,,1,1,1,0,0,39
4,10 15 21 22,1,a10,0,0,0,0,16,39
4,10 15 21 22,1,a15,0,0,0,0,16,39
4,10 15 21 22,2,a10 a15,0,0,0,0,22,39
4,10 15 21 22,1,a21,1,1,1,0,6,39
4,10 15 21 22,2,a10 a21,0,0,0,0,22,39
4,10 15 21 22,2,a15 a21,0,0,0,0,22,39
4,10 15 21 22,3,a10 a15 a21,0,0,0,0,28,39
4,10 15 21 22,1,a22,1,1,1,0,6,39
4,10 15 21 22,2,a10 a22,0,0,0,0,22,39
4,10 15 21 22,2,a15 a22,0,0,0,0,22,39
4,10 15 21 22,3,a10 a15 a22,0,0,0,0,28,39
4,10 15 21 22,2,a21 a22,1,1,1,0,12,39
4,10 15 21 22,3,a10 a21 a22,0,0,0,0,28,39
4,10 15 21 22,3,a15 a21 a22,0,0,0,0,28,39
4,10 15 21 22,4,a10 a15 a21 a22,0,0,0,0,34,39
4,10 15 21 23,0,,1,1,1,0,0,58
4,10 15 21 23,1,a10,0,0,0,0,31,58
4,10 15 21 23,1,a15,0,0,0,0,19,58
4,10 15 21 23,2,a10 a15,0,0,0,0,38,58
4,10 15 21 23,1,a21,1,1,1,0,7,58
4,10 15 21 23,2,a10 a21,0,0,0,0,38,58
4,10 15 21 23,2,a15 a21,0,0,0,0,26,58
4,10 15 21 23,3,a10 a15 a21,0,0,0,0,45,58
4,10 15 21 23,1,a23,1,1,1,0,19,58
4,10 15 21 23,2,a10 a23,0,0,0,0,38,58
4,10 15 21 23,2,a15 a23,0,0,0,0,38,58
4,10 15 21 23,3,a10 a15 a23,0,0,0,0,45,58
4,10 15 21 23,2,a21 a23,1,1,1,0,26,58
4,10 15 21 23,3,a10 a21 a23,0,0,0,0,45,58
4,10 15 21 23,3,a15 a21 a23,0,0,0,0,45,58
4,10 15 21 23,4,a10 a15 a21 a23,0,0,0,0,52,58
4,10 15 21 24,0,,1,1,1,0,0,44
4,10 15 21 24,1,a10,0,0,0,0,26,44
4,10 15 21 24,1,a15,0,0,0,0,16,44
4,10 15 21 24,2,a10 a15,0,0,0,0,32,44
4,10 15 21 24,1,a21,1,1,1,0,6,44
4,10 15 21 24,2,a10 a21,0,0,0,0,27,44
4,10 15 21 24,2,a15 a21,0,0,0,0,22,44
4,10 15 21 24,3,a10 a15 a21,0,0,0,0,33,44
4,10 15 21 24,1,a24,1,1,1,0,16,44
4,10 15 21 24,2,a10 a24,0,0,0,0,32,44
4,10 15 21 24,2,a15 a24,0,0,0,0,32,44
4,10 15 21 24,3,a10 a15 a24,0,0,0,0,38,44
4,10 15 21 24,2,a21 a24,1,1,1,0,17,44
4,10 15 21 24,3,a10 a21 a24,0,0,0,0,33,44
4,10 15 21 24,3,a15 a21 a24,0,0,0,0,33,44
4,10 15 21 24,4,a10 a15 a21 a24,0,0,0,0,39,44
4,10 15 21 25,0,,1,1,1,0,0,58
4,10 15 21 25,1,a10,0,0,0,0,31,58
4,10 15 21 25,1,a15,0,0,0,0,19,58
4,10 15 21 25,2,a10 a15,0,0,0,0,38,58
4,10 15 21 25,1,a21,1,1,1,0,7,58
4,10 15 21 25,2,a10 a21,0,0,0,0,38,58
4,10 15 21 25,2,a15 a21,0,0,0,0,26,58
4,10 15 21 25,3,a10 a15 a21,0,0,0,0,45,58
4,10 15 21 25,1,a25,1,1,1,0,19,58
4,10 15 21 25,2,a10 a25,0,0,0,0,38,58
4,10 15 21 25,2,a15 a25,0,0,0,0,38,58
4,10 15 21 25,3,a10 a15 a25,0,0,0,0,45,58
4,10 15 21 25,2,a21 a25,1,1,1,0,26,58
4,10 15 21 25,3,a10 a21 a25,0,0,0,0,45,58
4,10 15 21 25,3,a15 a21 a25,0,0,0,0,45,58
4,10 15 21 25,4,a10 a15 a21 a25,0,0,0,0,52,58
4,10 15 22 23,0,,1,1,1,0,0,116
4,10 15 22 23,1,a10,0,0,0,0,64,116
4,10 15 22 23,1,a15,0,0,0,0,25,116
4,10 15 22 23,2,a10 a15,0,0,0,0,73,116
4,10 15 22 23,1,a22,1,1,1,0,48,116
4,10 15 22 23,2,a10 a22,0,0,0,0,90,116
4,10 15 22 23,2,a15 a22,0,0,0,0,73,116
4,10 15 22 23,3,a10 a15 a22,0,0,0,0,99,116
4,10 15 22 23,1,a23,1,1,1,0,62,116
4,10 15 22 23,2,a10 a23,0,0,0,0,89,116
4,10 15 22 23,2,a15 a23,0,0,0,0,87,116
4,10 15 22 23,3,a10 a15 a23,0,0,0,0,98,116
4,10 15 22 23,2,a22 a23,1,1,1,0,73,116
4,10 15 22 23,3,a10 a22 a23,0,0,0,0,99,116
4,10 15 22 23,3,a15 a22 a23,0,0,0,0,98,116
4,10 15 22 23,4,a10 a15 a22 a23,0,0,0,0,108,116
4,10 15 22 24,0,,1,1,1,0,0,58
4,10 15 22 24,1,a10,0,0,0,0,31,58
4,10 15 22 24,1,a15,0,0,0,0,19,58
4,10 15 22 24,2,a10 a15,0,0,0,0,38,58
4,10 15 22 24,1,a22,1,1,1,0,7,58
4,10 15 22 24,2,a10 a22,0,0,0,0,38,58
4,10 15 22 24,2,a15 a22,0,0,0,0,26,58
4,10 15 22 24,3,a10 a15 a22,0,0,0,0,45,58
4,10 15 22 24,1,a24,1,1,1,0,19,58
4,10 15 22 24,2,a10 a24,0,0,0,0,38,58
4,10 15 22 24,2,a15 a24,0,0,0,0,38,58
4,10 15 22 24,3,a10 a15 a24,0,0,0,0,45,58
4,10 15 22 24,2,a22 a24,1,1,1,0,26,58
4,10 15 22 24,3,a10 a22 a24,0,0,0,0,45,58
4,10 15 22 24,3,a15 a22 a24,0,0,0,0,45,58
4,10 15 22 24,4,a10 a15 a22 a24,0,0,0,0,52,58
4,10 15 22 25,0,,1,1,1,0,0,44
4,10 15 22 25,1,a10,0,0,0,0,26,44
4,10 15 22 25,1,a15,0,0,0,0,16,44
4,10 15 22 25,2,a10 a15,0,0,0,0,32,44
4,10 15 22 25,1,a22,1,1,1,0,6,44
4,10 15 22 25,2,a10 a22,0,0,0,0,27,44
4,10 15 22 25,2,a15 a22,0,0,0,0,22,44
4,10 15 22 25,3,a10 a15 a22,0,0,0,0,33,44
4,10 15 22 25,1,a25,1,1,1,0,16,44
4,10 15 22 25,2,a10 a25,0,0,0,0,32,44
4,10 15 22 25,2,a15 a25,0,0,0,0,32,44
4,10 15 22 25,3,a10 a15 a25,0,0,0,0,38,44
4,10 15 22 25,2,a22 a25,1,1,1,0,17,44
4,10 15 22 25,3,a10 a22 a25,0,0,0,0,33,44
4,10 15 22 25,3,a15 a22 a25,0,0,0,0,33,44
4,10 15 22 25,4,a10 a15 a22 a25,0,0,0,0,39,44
4,10 15 23 24,0,,1,1,1,0,0,81
4,10 15 23 24,1,a10,0,0,0,0,50,81
4,10 15 23 24,1,a15,0,0,0,0,22,81
4,10 15 23 24,2,a10 a15,0,0,0,0,58,81
4,10 15 23 24,1,a23,1,1,1,0,22,81
4,10 15 23 24,2,a10 a23,0,0,0,0,58,81
4,10 15 23 24,2,a15 a23,0,0,0,0,44,81
4,10 15 23 24,3,a10 a15 a23,0,0,0,0,66,81
4,10 15 23 24,1,a24,1,1,1,0,22,81
4,10 15 23 24,2,a10 a24,0,0,0,0,58,81
4,10 15 23 24,2,a15 a24,0,0,0,0,44,81
4,10 15 23 24,3,a10 a15 a24,0,0,0,0,66,81
4,10 15 23 24,2,a23 a24,1,1,1,0,44,81
4,10 15 23 24,3,a10 a23 a24,0,0,0,0,66,81
4,10 15 23 24,3,a15 a23 a24,0,0,0,0,66,81
4,10 15 23 24,4,a10 a15 a23 a24,0,0,0,0,74,81
4,10 15 23 25,0,,1,1,1,0,0,166
4,10 15 23 25,1,a10,0,0,0,0,114,166
4,10 15 23 25,1,a15,0,0,0,0,28,166
4,10 15 23 25,2,a10 a15,0,0,0,0,124,166
4,10 15 23 25,1,a23,1,1,1,0,87,166
4,10 15 23 25,2,a10 a23,0,0,0,0,135,166
4,10 15 23 25,2,a15 a23,0,0,0,0,115,166
4,10 15 23 25,3,a10 a15 a23,0,0,0,0,145,166
4,10 15 23 25,1,a25,1,1,1,0,87,166
4,10 15 23 25,2,a10 a25,0,0,0,0,135,166
4,10 15 23 25,2,a15 a25,0,0,0,0,115,166
4,10 15 23 25,3,a10 a15 a25,0,0,0,0,145,166
4,10 15 23 25,2,a23 a25,1,1,1,0,116,166
4,10 15 23 25,3,a10 a23 a25,0,0,0,0,146,166
4,10 15 23 25,3,a15 a23 a25,0,0,0,0,144,166
4,10 15 23 25,4,a10 a15 a23 a25,0,0,0,0,156,166
4,10 15 24 25,0,,1,1,1,0,0,81
4,10 15 24 25,1,a10,0,0,0,0,50,81
4,10 15 24 25,1,a15,0,0,0,0,22,81
4,10 15 24 25,2,a10 a15,0,0,0,0,58,81
4,10 15 24 25,1,a24,1,1,1,0,22,81
4,10 15 24 25,2,a10 a24,0,0,0,0,58,81
4,10 15 24 25,2,a15 a24,0,0,0,0,44,81
4,10 15 24 25,3,a10 a15 a24,0,0,0,0,66,81
4,10 15 24 25,1,a25,1,1,1,0,22,81
4,10 15 24 25,2,a10 a25,0,0,0,0,58,81
4,10 15 24 25,2,a15 a25,0,0,0,0,44,81
4,10 15 24 25,3,a10 a15 a25,0,0,0,0,66,81
4,10 15 24 25,2,a24 a25,1,1,1,0,44,81
4,10 15 24 25,3,a10 a24 a25,0,0,0,0,66,81
4,10 15 24 25,3,a15 a24 a25,0,0,0,0,66,81
4,10 15 24 25,4,a10 a15 a24 a25,0,0,0,0,74,81
4,11 12 13 14,0,,1,1,1,0,0,102
4,11 12 13 14,1,a11,1,1,1,0,78,102
4,11 12 13 14,1,a12,0,0,0,0,48,102
4,11 12 13 14,2,a11 a12,0,0,0,0,82,102
4,11 12 13 14,1,a13,0,0,0,0,48,102
4,11 12 13 14,2,a11 a13,0,0,0,0,83,102
4,11 12 13 14,2,a12 a13,0,0,0,0,76,102
4,11 12 13 14,3,a11 a12 a13,0,0,0,0,85,102
4,11 12 13 14,1,a14,1,1,1,0,78,102
4,11 12 13 14,2,a11 a14,1,1,1,0,90,102
4,11 12 13 14,2,a12 a14,0,0,0,0,83,102
4,11 12 13 14,3,a11 a12 a14,0,0,0,0,93,102
4,11 12 13 14,2,a13 a14,0,0,0,0,82,102
4,11 12 13 14,3,a11 a13 a14,0,0,0,0,93,102
4,11 12 13 14,3,a12 a13 a14,0,0,0,0,85,102
4,11 12 13 14,4,a11 a12 a13 a14,0,0,0,0,94,102
4,11 12 13 15,0,,1,1,1,0,0,70
4,11 12 13 15,1,a11,1,0,1,1,46,70
4,11 12 13 15,1,a12,0,0,0,0,36,70
4,11 12 13 15,2,a11 a12,0,0,0,0,55,70
4,11 12 13 15,1,a13,1,1,1,0,19,70
4,11 12 13 15,2,a11 a13,0,0,0,0,49,70
4,11 12 13 15,2,a12 a13,0,0,0,0,43,70
4,11 12 13 15,3,a11 a12 a13,0,0,0,0,56,70
4,11 12 13 15,1,a15,1,0,1,1,36,70
4,11 12 13 15,2,a11 a15,1,0,1,1,55,70
4,11 12 13 15,2,a12 a15,0,0,0,0,56,70
4,11 12 13 15,3,a11 a12 a15,0,0,0,0,63,70
4,11 12 13 15,2,a13 a15,0,0,0,0,38,70
4,11 12 13 15,3,a11 a13 a15,0,0,0,0,57,70
4,11 12 13 15,3,a12 a13 a15,0,0,0,0,57,70
4,11 12 13 15,4,a11 a12 a13 a15,0,0,0,0,64,70
4,11 12 13 16,0,,1,1,1,0,0,109
4,11 12 13 16,1,a11,1,1,1,0,67,109
4,11 12 13 16,1,a12,0,0,0,0,74,109
4,11 12 13 16,2,a11 a12,0,0,0,0,91,109
4,11 12 13 16,1,a13,1,0,1,1,22,109
4,11 12 13 16,2,a11 a13,0,0,0,0,70,109
4,11 12 13 16,2,a12 a13,0,0,0,0,76,109
4,11 12 13 16,3,a11 a12 a13,0,0,0,0,92,109
4,11 12 13 16,1,a16,1,1,1,0,67,109
4,11 12 13 16,2,a11 a16,1,1,1,0,90,109
4,11 12 13 16,2,a12 a16,0,0,0,0,91,109
4,11 12 13 16,3,a11 a12 a16,0,0,0,0,100,109
4,11 12 13 16,2,a13 a16,0,0,0,0,70,109
4,11 12 13 16,3,a11 a13 a16,0,0,0,0,93,109
4,11 12 13 16,3,a12 a13 a16,0,0,0,0,92,109
4,11 12 13 16,4,a11 a12 a13 a16,0,0,0,0,101,109
4,11 12 13 17,0,,1,1,1,0,0,88
4,11 12 13 17,1,a11,1,1,1,0,36,88
4,11 12 13 17,1,a12,0,0,0,0,36,88
4,11 12 13 17,2,a11 a12,0,0,0,0,58,88
4,11 12 13 17,1,a13,0,0,0,0,36,88
4,11 12 13 17,2,a11 a13,0,0,0,0,65,88
4,11 12 13 17,2,a12 a13,0,0,0,0,58,88
4,11 12 13 17,3,a11 a12 a13,0,0,0,0,73,88
4,11 12 13 17,1,a17,1,1,1,0,29,88
4,11 12 13 17,2,a11 a17,1,1,1,0,51,88
4,11 12 13 17,2,a12 a17,0,0,0,0,65,88
4,11 12 13 17,3,a11 a12 a17,0,0,0,0,73,88
4,11 12 13 17,2,a13 a17,0,0,0,0,51,88
4,11 12 13 17,3,a11 a13 a17,0,0,0,0,73,88
4,11 12 13 17,3,a12 a13 a17,0,0,0,0,73,88
4,11 12 13 17,4,a11 a12 a13 a17,0,0,0,0,81,88
4,11 12 13 18,0,,1,1,1,0,0,58
4,11 12 13 18,1,a11,1,1,1,0,19,58
4,11 12 13 18,1,a12,0,0,0,0,31,58
4,11 12 13 18,2,a11 a12,0,0,0,0,38,58
4,11 12 13 18,1,a13,0,0,0,0,19,58
4,11 12 13 18,2,a11 a13,0,0,0,0,38,58
4,11 12 13 18,2,a12 a13,0,0,0,0,38,58
4,11 12 13 18,3,a11 a12 a13,0,0,0,0,45,58
4,11 12 13 18,1,a18,1,1,1,0,7,58
4,11 12 13 18,2,a11 a18,1,1,1,0,26,58
4,11 12 13 18,2,a12 a18,0,0,0,0,38,58
4,11 12 13 18,3,a11 a12 a18,0,0,0,0,45,58
4,11 12 13 18,2,a13 a18,0,0,0,0,26,58
4,11 12 13 18,3,a11 a13 a18,0,0,0,0,45,58
4,11 12 13 18,3,a12 a13 a18,0,0,0,0,45,58
4,11 12 13 18,4,a11 a12 a13 a18,0,0,0,0,52,58
4,11 12 13 19,0,,1,1,1,0,0,81
4,11 12 13 19,1,a11,1,1,1,0,22,81
4,11 12 13 19,1,a12,0,0,0,0,50,81
4,11 12 13 19,2,a11 a12,0,0,0,0,58,81
4,11 12 13 19,1,a13,0,0,0,0,22,81
4,11 12 13 19,2,a11 a13,0,0,0,0,44,81
4,11 12 13 19,2,a12 a13,0,0,0,0,58,81
4,11 12 13 19,3,a11 a12 a13,0,0,0,0,66,81
4,11 12 13 19,1,a19,1,1,1,0,22,81
4,11 12 13 19,2,a11 a19,1,1,1,0,44,81
4,11 12 13 19,2,a12 a19,0,0,0,0,58,81
4,11 12 13 19,3,a11 a12 a19,0,0,0,0,66,81
4,11 12 13 19,2,a13 a19,0,0,0,0,44,81
4,11 12 13 19,3,a11 a13 a19,0,0,0,0,66,81
4,11 12 13 19,3,a12 a13 a19,0,0,0,0,66,81
4,11 12 13 19,4,a11 a12 a13 a19,0,0,0,0,74,81
4,11 12 13 20,0,,1,1,1,0,0,108
4,11 12 13 20,1,a11,1,1,1,0,41,108
4,11 12 13 20,1,a12,0,0,0,0,41,108
4,11 12 13 20,2,a11 a12,0,0,0,0,66,108
4,11 12 13 20,1,a13,0,0,0,0,41,108
4,11 12 13 20,2,a11 a13,0,0,0,0,82,108
4,11 12 13 20,2,a12 a13,0,0,0,0,66,108
4,11 12 13 20,3,a11 a12 a13,0,0,0,0,91,108
4,11 12 13 20,1,a20,1,1,1,0,41,108
4,11 12 13 20,2,a11 a20,1,1,1,0,66,108
4,11 12 13 20,2,a12 a20,0,0,0,0,82,108
4,11 12 13 20,3,a11 a12 a20,0,0,0,0,91,108
4,11 12 13 20,2,a13 a20,0,0,0,0,66,108
4,11 12 13 20,3,a11 a13 a20,0,0,0,0,91,108
4,11 12 13 20,3,a12 a13 a20,0,0,0,0,91,108
4,11 12 13 20,4,a11 a12 a13 a20,0,0,0,0,100,108
4,11 12 13 21,0,,1,1,1,0,0,58
4,11 12 13 21,1,a11,1,1,1,0,19,58
4,11 12 13 21,1,a12,0,0,0,0,31,58
4,11 12 13 21,2,a11 a12,0,0,0,0,38,58
4,11 12 13 21,1,a13,0,0,0,0,19,58
4,11 12 13 21,2,a11 a13,0,0,0,0,38,58
4,11 12 13 21,2,a12 a13,0,0,0,0,38,58
4,11 12 13 21,3,a11 a12 a13,0,0,0,0,45,58
4,11 12 13 21,1,a21,1,1,1,0,7,58
4,11 12 13 21,2,a11 a21,1,1,1,0,26,58
4,11 12 13 21,2,a12 a21,0,0,0,0,38,58
4,11 12 13 21,3,a11 a12 a21,0,0,0,0,45,58
4,11 12 13 21,2,a13 a21,0,0,0,0,26,58
4,11 12 13 21,3,a11 a13 a21,0,0,0,0,45,58
4,11 12 13 21,3,a12 a13 a21,0,0,0,0,45,58
4,11 12 13 21,4,a11 a12 a13 a21,0,0,0,0,52,58
4,11 12 13 22,0,,1,1,1,0,0,81
4,11 12 13 22,1,a11,1,1,1,0,22,81
4,11 12 13 22,1,a12,0,0,0,0,50,81
4,11 12 13 22,2,a11 a12,0,0,0,0,58,81
4,11 12 13 22,1,a13,0,0,0,0,22,81
4,11 12 13 22,2,a11 a13,0,0,0,0,44,81
4,11 12 13 22,2,a12 a13,0,0,0,0,58,81
4,11 12 13 22,3,a11 a12 a13,0,0,0,0,66,81
4,11 12 13 22,1,a22,1,1,1,0,22,81
4,11 12 13 22,2,a11 a22,1,1,1,0,44,81
4,11 12 13 22,2,a12 a22,0,0,0,0,58,81
4,11 12 13 22,3,a11 a12 a22,0,0,0,0,66,81
4,11 12 13 22,2,a13 a22,0,0,0,0,44,81
4,11 12 13 22,3,a11 a13 a22,0,0,0,0,66,81
4,11 12 13 22,3,a12 a13 a22,0,0,0,0,66,81
4,11 12 13 22,4,a11 a12 a13 a22,0,0,0,0,74,81
4,11 12 13 23,0,,1,1,1,0,0,279
4,11 12 13 23,1,a11,1,1,1,0,187,279
4,11 12 13 23,1,a12,0,0,0,0,160,279
4,11 12 13 23,2,a11 a12,0,0,0,0,223,279
4,11 12 13 23,1,a13,0,0,0,0,145,279
4,11 12 13 23,2,a11 a13,0,0,0,0,236,279
4,11 12 13 23,2,a12 a13,0,0,0,0,227,279
4,11 12 13 23,3,a11 a12 a13,0,0,0,0,249,279
4,11 12 13 23,1,a23,1,1,1,0,177,279
4,11 12 13 23,2,a11 a23,1,1,1,0,216,279
4,11 12 13 23,2,a12 a23,0,0,0,0,236,279
4,11 12 13 23,3,a11 a12 a23,0,0,0,0,252,279
4,11 12 13 23,2,a13 a23,0,0,0,0,213,279
4,11 12 13 23,3,a11 a13 a23,0,0,0,0,252,279
4,11 12 13 23,3,a12 a13 a23,0,0,0,0,249,279
4,11 12 13 23,4,a11 a12 a13 a23,0,0,0,0,265,279
4,11 12 13 24,0,,1,1,1,0,0,116
4,11 12 13 24,1,a11,1,1,1,0,62,116
4,11 12 13 24,1,a12,0,0,0,0,64,116
4,11 12 13 24,2,a11 a12,0,0,0,0,89,116
4,11 12 13 24,1,a13,0,0,0,0,25,116
4,11 12 13 24,2,a11 a13,0,0,0,0,87,116
4,11 12 13 24,2,a12 a13,0,0,0,0,73,116
4,11 12 13 24,3,a11 a12 a13,0,0,0,0,98,116
4,11 12 13 24,1,a24,1,1,1,0,48,116
4,11 12 13 24,2,a11 a24,1,1,1,0,73,116
4,11 12 13 24,2,a12 a24,0,0,0,0,90,116
4,11 12 13 24,3,a11 a12 a24,0,0,0,0,99,116
4,11 12 13 24,2,a13 a24,0,0,0,0,73,116
4,11 12 13 24,3,a11 a13 a24,0,0,0,0,98,116
4,11 12 13 24,3,a12 a13 a24,0,0,0,0,99,116
4,11 12 13 24,4,a11 a12 a13 a24,0,0,0,0,108,116
4,11 12 13 25,0,,1,1,1,0,0,166
4,11 12 13 25,1,a11,1,1,1,0,87,166
4,11 12 13 25,1,a12,0,0,0,0,114,166
4,11 12 13 25,2,a11 a12,0,0,0,0,135,166
4,11 12 13 25,1,a13,0,0,0,0,28,166
4,11 12 13 25,2,a11 a13,0,0,0,0,115,166
4,11 12 13 25,2,a12 a13,0,0,0,0,124,166
4,11 12 13 25,3,a11 a12 a13,0,0,0,0,145,166
4,11 12 13 25,1,a25,1,1,1,0,87,166
4,11 12 13 25,2,a11 a25,1,1,1,0,116,166
4,11 12 13 25,2,a12 a25,0,0,0,0,135,166
4,11 12 13 25,3,a11 a12 a25,0,0,0,0,146,166
4,11 12 13 25,2,a13 a25,0,0,0,0,115,166
4,11 12 13 25,3,a11 a13 a25,0,0,0,0,144,166
4,11 12 13 25,3,a12 a13 a25,0,0,0,0,145,166
4,11 12 13 25,4,a11 a12 a13 a25,0,0,0,0,156,166
4,11 12 14 15,0,,1,1,1,0,0,102
4,11 12 14 15,1,a11,0,0,0,0,78,102
4,11 12 14 15,1,a12,0,0,0,0,48,102
4,11 12 14 15,2,a11 a12,0,0,0,0,82,102
4,11 12 14 15,1,a14,1,1,1,0,78,102
4,11 12 14 15,2,a11 a14,0,0,0,0,90,102
4,11 12 14 15,2,a12 a14,0,0,0,0,83,102
4,11 12 14 15,3,a11 a12 a14,0,0,0,0,93,102
4,11 12 14 15,1,a15,0,0,0,0,48,102
4,11 12 14 15,2,a11 a15,0,0,0,0,82,102
4,11 12 14 15,2,a12 a15,0,0,0,0,77,102
4,11 12 14 15,3,a11 a12 a15,0,0,0,0,85,102
4,11 12 14 15,2,a14 a15,0,0,0,0,83,102
4,11 12 14 15,3,a11 a14 a15,0,0,0,0,93,102
4,11 12 14 15,3,a12 a14 a15,0,0,0,0,87,102
4,11 12 14 15,4,a11 a12 a14 a15,0,0,0,0,95,102
4,11 12 14 16,0,,1,1,1,0,0,156
4,11 12 14 16,1,a11,0,0,0,0,111,156
4,11 12 14 16,1,a12,0,0,0,0,98,156
4,11 12 14 16,2,a11 a12,0,0,0,0,118,156
4,11 12 14 16,1,a14,1,1,1,0,111,156
4,11 12 14 16,2,a11 a14,0,0,0,0,133,156
4,11 12 14 16,2,a12 a14,0,0,0,0,118,156
4,11 12 14 16,3,a11 a12 a14,0,0,0,0,137,156
4,11 12 14 16,1,a16,0,0,0,0,92,156
4,11 12 14 16,2,a11 a16,0,0,0,0,132,156
4,11 12 14 16,2,a12 a16,0,0,0,0,126,156
4,11 12 14 16,3,a11 a12 a16,0,0,0,0,136,156
4,11 12 14 16,2,a14 a16,0,0,0,0,132,156
4,11 12 14 16,3,a11 a14 a16,0,0,0,0,144,156
4,11 12 14 16,3,a12 a14 a16,0,0,0,0,137,156
4,11 12 14 16,4,a11 a12 a14 a16,0,0,0,0,147,156
4,11 12 15 16,0,,1,1,1,0,0,109
4,11 12 15 16,1,a11,0,0,0,0,67,109
4,11 12 15 16,1,a12,0,0,0,0,74,109
4,11 12 15 16,2,a11 a12,0,0,0,0,91,109
4,11 12 15 16,1,a15,1,0,1,1,42,109
4,11 12 15 16,2,a11 a15,0,0,0,0,77,109
4,11 12 15 16,2,a12 a15,0,0,0,0,78,109
4,11 12 15 16,3,a11 a12 a15,0,0,0,0,93,109
4,11 12 15 16,1,a16,1,1,1,0,67,109
4,11 12 15 16,2,a11 a16,0,0,0,0,90,109
4,11 12 15 16,2,a12 a16,0,0,0,0,91,109
4,11 12 15 16,3,a11 a12 a16,0,0,0,0,100,109
4,11 12 15 16,2,a15 a16,0,0,0,0,71,109
4,11 12 15 16,3,a11 a15 a16,0,0,0,0,93,109
4,11 12 15 16,3,a12 a15 a16,0,0,0,0,94,109
4,11 12 15 16,4,a11 a12 a15 a16,0,0,0,0,102,109
4,11 12 15 17,0,,1,1,1,0,0,214
4,11 12 15 17,1,a11,0,0,0,0,144,214
4,11 12 15 17,1,a12,0,0,0,0,60,214
4,11 12 15 17,2,a11 a12,0,0,0,0,157,214
4,11 12 15 17,1,a15,0,0,0,0,136,214
4,11 12 15 17,2,a11 a15,0,0,0,0,179,214
4,11 12 15 17,2,a12 a15,0,0,0,0,168,214
4,11 12 15 17,3,a11 a12 a15,0,0,0,0,191,214
4,11 12 15 17,1,a17,1,1,1,0,97,214
4,11 12 15 17,2,a11 a17,0,0,0,0,176,214
4,11 12 15 17,2,a12 a17,0,0,0,0,157,214
4,11 12 15 17,3,a11 a12 a17,0,0,0,0,189,214
4,11 12 15 17,2,a15 a17,0,0,0,0,159,214
4,11 12 15 17,3,a11 a15 a17,0,0,0,0,191,214
4,11 12 15 17,3,a12 a15 a17,0,0,0,0,191,214
4,11 12 15 17,4,a11 a12 a15 a17,0,0,0,0,203,214
4,11 12 15 18,0,,1,1,1,0,0,116
4,11 12 15 18,1,a11,0,0,0,0,62,116
4,11 12 15 18,1,a12,0,0,0,0,48,116
4,11 12 15 18,2,a11 a12,0,0,0,0,73,116
4,11 12 15 18,1,a15,0,0,0,0,64,116
4,11 12 15 18,2,a11 a15,0,0,0,0,89,116
4,11 12 15 18,2,a12 a15,0,0,0,0,90,116
4,11 12 15 18,3,a11 a12 a15,0,0,0,0,99,116
4,11 12 15 18,1,a18,1,1,1,0,25,116
4,11 12 15 18,2,a11 a18,0,0,0,0,87,116
4,11 12 15 18,2,a12 a18,0,0,0,0,73,116
4,11 12 15 18,3,a11 a12 a18,0,0,0,0,98,116
4,11 12 15 18,2,a15 a18,0,0,0,0,73,116
4,11 12 15 18,3,a11 a15 a18,0,0,0,0,98,116
4,11 12 15 18,3,a12 a15 a18,0,0,0,0,99,116
4,11 12 15 18,4,a11 a12 a15 a18,0,0,0,0,108,116
4,11 12 15 19,0,,1,1,1,0,0,194
4,11 12 15 19,1,a11,0,0,0,0,78,194
4,11 12 15 19,1,a12,0,0,0,0,109,194
4,11 12 15 19,2,a11 a12,0,0,0,0,140,194
4,11 12 15 19,1,a15,0,0,0,0,109,194
4,11 12 15 19,2,a11 a15,0,0,0,0,140,194
4,11 12 15 19,2,a12 a15,0,0,0,0,162,194
4,11 12 15 19,3,a11 a12 a15,0,0,0,0,173,194
4,11 12 15 19,1,a19,1,1,1,0,78,194
4,11 12 15 19,2,a11 a19,0,0,0,0,156,194
4,11 12 15 19,2,a12 a19,0,0,0,0,140,194
4,11 12 15 19,3,a11 a12 a19,0,0,0,0,171,194
4,11 12 15 19,2,a15 a19,0,0,0,0,140,194
4,11 12 15 19,3,a11 a15 a19,0,0,0,0,171,194
4,11 12 15 19,3,a12 a15 a19,0,0,0,0,173,194
4,11 12 15 19,4,a11 a12 a15 a19,0,0,0,0,184,194
4,11 12 15 20,0,,1,1,1,0,0,157
4,11 12 15 20,1,a11,0,0,0,0,112,157
4,11 12 15 20,1,a12,0,0,0,0,54,157
4,11 12 15 20,2,a11 a12,0,0,0,0,124,157
4,11 12 15 20,1,a15,0,0,0,0,80,157
4,11 12 15 20,2,a11 a15,0,0,0,0,126,157
4,11 12 15 20,2,a12 a15,0,0,0,0,109,157
4,11 12 15 20,3,a11 a12 a15,0,0,0,0,137,157
4,11 12 15 20,1,a20,1,1,1,0,54,157
4,11 12 15 20,2,a11 a20,0,0,0,0,124,157
4,11 12 15 20,2,a12 a20,0,0,0,0,108,157
4,11 12 15 20,3,a11 a12 a20,0,0,0,0,136,157
4,11 12 15 20,2,a15 a20,0,0,0,0,109,157
4,11 12 15 20,3,a11 a15 a20,0,0,0,0,137,157
4,11 12 15 20,3,a12 a15 a20,0,0,0,0,138,157
4,11 12 15 20,4,a11 a12 a15 a20,0,0,0,0,148,157
4,11 12 15 21,0,,1,1,1,0,0,88
4,11 12 15 21,1,a11,0,0,0,0,54,88
4,11 12 15 21,1,a12,0,0,0,0,42,88
4,11 12 15 21,2,a11 a12,0,0,0,0,64,88
4,11 12 15 21,1,a15,0,0,0,0,42,88
4,11 12 15 21,2,a11 a15,0,0,0,0,64,88
4,11 12 15 21,2,a12 a15,0,0,0,0,65,88
4,11 12 15 21,3,a11 a12 a15,0,0,0,0,73,88
4,11 12 15 21,1,a21,1,1,1,0,8,88
4,11 12 15 21,2,a11 a21,0,0,0,0,62,88
4,11 12 15 21,2,a12 a21,0,0,0,0,50,88
4,11 12 15 21,3,a11 a12 a21,0,0,0,0,72,88
4,11 12 15 21,2,a15 a21,0,0,0,0,50,88
4,11 12 15 21,3,a11 a15 a21,0,0,0,0,72,88
4,11 12 15 21,3,a12 a15 a21,0,0,0,0,73,88
4,11 12 15 21,4,a11 a12 a15 a21,0,0,0,0,81,88
4,11 12 15 22,0,,1,1,1,0,0,116
4,11 12 15 22,1,a11,0,0,0,0,62,116
4,11 12 15 22,1,a12,0,0,0,0,64,116
4,11 12 15 22,2,a11 a12,0,0,0,0,89,116
4,11 12 15 22,1,a15,0,0,0,0,48,116
4,11 12 15 22,2,a11 a15,0,0,0,0,73,116
4,11 12 15 22,2,a12 a15,0,0,0,0,90,116
4,11 12 15 22,3,a11 a12 a15,0,0,0,0,99,116
4,11 12 15 22,1,a22,1,1,1,0,25,116
4,11 12 15 22,2,a11 a22,0,0,0,0,87,116
4,11 12 15 22,2,a12 a22,0,0,0,0,73,116
4,11 12 15 22,3,a11 a12 a22,0,0,0,0,98,116
4,11 12 15 22,2,a15 a22,0,0,0,0,73,116
4,11 12 15 22,3,a11 a15 a22,0,0,0,0,98,116
4,11 12 15 22,3,a12 a15 a22,0,0,0,0,99,116
4,11 12 15 22,4,a11 a12 a15 a22,0,0,0,0,108,116
4,11 12 15 23,0,,1,1,1,0,0,352
4,11 12 15 23,1,a11,0,0,0,0,285,352
4,11 12 15 23,1,a12,0,0,0,0,196,352
4,11 12 15 23,2,a11 a12,0,0,0,0,302,352
4,11 12 15 23,1,a15,0,0,0,0,196,352
4,11 12 15 23,2,a11 a15,0,0,0,0,302,352
4,11 12 15 23,2,a12 a15,0,0,0,0,290,352
4,11 12 15 23,3,a11 a12 a15,0,0,0,0,317,352
4,11 12 15 23,1,a23,1,1,1,0,204,352
4,11 12 15 23,2,a11 a23,0,0,0,0,304,352
4,11 12 15 23,2,a12 a23,0,0,0,0,279,352
4,11 12 15 23,3,a11 a12 a23,0,0,0,0,321,352
4,11 12 15 23,2,a15 a23,0,0,0,0,279,352
4,11 12 15 23,3,a11 a15 a23,0,0,0,0,321,352
4,11 12 15 23,3,a12 a15 a23,0,0,0,0,319,352
4,11 12 15 23,4,a11 a12 a15 a23,0,0,0,0,336,352
4,11 12 15 24,0,,1,1,1,0,0,157
4,11 12 15 24,1,a11,0,0,0,0,112,157
4,11 12 15 24,1,a12,0,0,0,0,80,157
4,11 12 15 24,2,a11 a12,0,0,0,0,126,157
4,11 12 15 24,1,a15,0,0,0,0,54,157
4,11 12 15 24,2,a11 a15,0,0,0,0,124,157
4,11 12 15 24,2,a12 a15,0,0,0,0,109,157
4,11 12 15 24,3,a11 a12 a15,0,0,0,0,137,157
4,11 12 15 24,1,a24,1,1,1,0,54,157
4,11 12 15 24,2,a11 a24,0,0,0,0,124,157
4,11 12 15 24,2,a12 a24,0,0,0,0,109,157
4,11 12 15 24,3,a11 a12 a24,0,0,0,0,137,157
4,11 12 15 24,2,a15 a24,0,0,0,0,108,157
4,11 12 15 24,3,a11 a15 a24,0,0,0,0,136,157
4,11 12 15 24,3,a12 a15 a24,0,0,0,0,138,157
4,11 12 15 24,4,a11 a12 a15 a24,0,0,0,0,148,157
4,11 12 15 25,0,,1,1,1,0,0,214
4,11 12 15 25,1,a11,0,0,0,0,144,214
4,11 12 15 25,1,a12,0,0,0,0,136,214
4,11 12 15 25,2,a11 a12,0,0,0,0,179,214
4,11 12 15 25,1,a15,0,0,0,0,60,214
4,11 12 15 25,2,a11 a15,0,0,0,0,157,214
4,11 12 15 25,2,a12 a15,0,0,0,0,168,214
4,11 12 15 25,3,a11 a12 a15,0,0,0,0,191,214
4,11 12 15 25,1,a25,1,1,1,0,97,214
4,11 12 15 25,2,a11 a25,0,0,0,0,176,214
4,11 12 15 25,2,a12 a25,0,0,0,0,159,214
4,11 12 15 25,3,a11 a12 a25,0,0,0,0,191,214
4,11 12 15 25,2,a15 a25,0,0,0,0,157,214
4,11 12 15 25,3,a11 a15 a25,0,0,0,0,189,214
4,11 12 15 25,3,a12 a15 a25,0,0,0,0,191,214
4,11 12 15 25,4,a11 a12 a15 a25,0,0,0,0,203,214
4,11 12 16 17,0,,1,1,1,0,0,472
4,11 12 16 17,1,a11,0,0,0,0,312,472
4,11 12 16 17,1,a12,0,0,0,0,350,472
4,11 12 16 17,2,a11 a12,0,0,0,0,412,472
4,11 12 16 17,1,a16,0,0,0,0,358,472
4,11 12 16 17,2,a11 a16,0,0,0,0,416,472
4,11 12 16 17,2,a12 a16,0,0,0,0,402,472
4,11 12 16 17,3,a11 a12 a16,0,0,0,0,434,472
4,11 12 16 17,1,a17,1,1,1,0,258,472
4,11 12 16 17,2,a11 a17,0,0,0,0,391,472
4,11 12 16 17,2,a12 a17,0,0,0,0,402,472
4,11 12 16 17,3,a11 a12 a17,0,0,0,0,435,472
4,11 12 16 17,2,a16 a17,0,0,0,0,392,472
4,11 12 16 17,3,a11 a16 a17,0,0,0,0,435,472
4,11 12 16 17,3,a12 a16 a17,0,0,0,0,436,472
4,11 12 16 17,4,a11 a12 a16 a17,0,0,0,0,453,472
4,11 12 16 18,0,,1,1,1,0,0,214
4,11 12 16 18,1,a11,0,0,0,0,97,214
4,11 12 16 18,1,a12,0,0,0,0,136,214
4,11 12 16 18,2,a11 a12,0,0,0,0,159,214
4,11 12 16 18,1,a16,0,0,0,0,144,214
4,11 12 16 18,2,a11 a16,0,0,0,0,176,214
4,11 12 16 18,2,a12 a16,0,0,0,0,179,214
4,11 12 16 18,3,a11 a12 a16,0,0,0,0,191,214
4,11 12 16 18,1,a18,1,1,1,0,60,214
4,11 12 16 18,2,a11 a18,0,0,0,0,157,214
4,11 12 16 18,2,a12 a18,0,0,0,0,168,214
4,11 12 16 18,3,a11 a12 a18,0,0,0,0,191,214
4,11 12 16 18,2,a16 a18,0,0,0,0,157,214
4,11 12 16 18,3,a11 a16 a18,0,0,0,0,189,214
4,11 12 16 18,3,a12 a16 a18,0,0,0,0,191,214
4,11 12 16 18,4,a11 a12 a16 a18,0,0,0,0,203,214
4,11 12 16 19,0,,1,1,1,0,0,279
4,11 12 16 19,1,a11,0,0,0,0,107,279
4,11 12 16 19,1,a12,0,0,0,0,202,279
4,11 12 16 19,2,a11 a12,0,0,0,0,227,279
4,11 12 16 19,1,a16,0,0,0,0,180,279
4,11 12 16 19,2,a11 a16,0,0,0,0,215,279
4,11 12 16 19,2,a12 a16,0,0,0,0,240,279
4,11 12 16 19,3,a11 a12 a16,0,0,0,0,253,279
4,11 12 16 19,1,a19,1,1,1,0,107,279
4,11 12 16 19,2,a11 a19,0,0,0,0,214,279
4,11 12 16 19,2,a12 a19,0,0,0,0,227,279
4,11 12 16 19,3,a11 a12 a19,0,0,0,0,252,279
4,11 12 16 19,2,a16 a19,0,0,0,0,215,279
4,11 12 16 19,3,a11 a16 a19,0,0,0,0,250,279
4,11 12 16 19,3,a12 a16 a19,0,0,0,0,253,279
4,11 12 16 19,4,a11 a12 a16 a19,0,0,0,0,266,279
4,11 12 16 20,0,,1,1,1,0,0,364
4,11 12 16 20,1,a11,0,0,0,0,253,364
4,11 12 16 20,1,a12,0,0,0,0,185,364
4,11 12 16 20,2,a11 a12,0,0,0,0,294,364
4,11 12 16 20,1,a16,0,0,0,0,253,364
4,11 12 16 20,2,a11 a16,0,0,0,0,316,364
4,11 12 16 20,2,a12 a16,0,0,0,0,294,364
4,11 12 16 20,3,a11 a12 a16,0,0,0,0,333,364
4,11 12 16 20,1,a20,1,1,1,0,173,364
4,11 12 16 20,2,a11 a20,0,0,0,0,293,364
4,11 12 16 20,2,a12 a20,0,0,0,0,304,364
4,11 12 16 20,3,a11 a12 a20,0,0,0,0,333,364
4,11 12 16 20,2,a16 a20,0,0,0,0,293,364
4,11 12 16 20,3,a11 a16 a20,0,0,0,0,332,364
4,11 12 16 20,3,a12 a16 a20,0,0,0,0,333,364
4,11 12 16 20,4,a11 a12 a16 a20,0,0,0,0,348,364
4,11 12 16 21,0,,1,1,1,0,0,132
4,11 12 16 21,1,a11,0,0,0,0,77,132
4,11 12 16 21,1,a12,0,0,0,0,85,132
4,11 12 16 21,2,a11 a12,0,0,0,0,104,132
4,11 12 16 21,1,a16,0,0,0,0,77,132
4,11 12 16 21,2,a11 a16,0,0,0,0,103,132
4,11 12 16 21,2,a12 a16,0,0,0,0,104,132
4,11 12 16 21,3,a11 a12 a16,0,0,0,0,114,132
4,11 12 16 21,1,a21,1,1,1,0,9,132
4,11 12 16 21,2,a11 a21,0,0,0,0,86,132
4,11 12 16 21,2,a12 a21,0,0,0,0,94,132
4,11 12 16 21,3,a11 a12 a21,0,0,0,0,113,132
4,11 12 16 21,2,a16 a21,0,0,0,0,86,132
4,11 12 16 21,3,a11 a16 a21,0,0,0,0,112,132
4,11 12 16 21,3,a12 a16 a21,0,0,0,0,113,132
4,11 12 16 21,4,a11 a12 a16 a21,0,0,0,0,123,132
4,11 12 16 22,0,,1,1,1,0,0,166
4,11 12 16 22,1,a11,0,0,0,0,87,166
4,11 12 16 22,1,a12,0,0,0,0,114,166
4,11 12 16 22,2,a11 a12,0,0,0,0,135,166
4,11 12 16 22,1,a16,0,0,0,0,87,166
4,11 12 16 22,2,a11 a16,0,0,0,0,116,166
4,11 12 16 22,2,a12 a16,0,0,0,0,135,166
4,11 12 16 22,3,a11 a12 a16,0,0,0,0,146,166
4,11 12 16 22,1,a22,1,1,1,0,28,166
4,11 12 16 22,2,a11 a22,0,0,0,0,115,166
4,11 12 16 22,2,a12 a22,0,0,0,0,124,166
4,11 12 16 22,3,a11 a12 a22,0,0,0,0,145,166
4,11 12 16 22,2,a16 a22,0,0,0,0,115,166
4,11 12 16 22,3,a11 a16 a22,0,0,0,0,144,166
4,11 12 16 22,3,a12 a16 a22,0,0,0,0,145,166
4,11 12 16 22,4,a11 a12 a16 a22,0,0,0,0,156,166
4,11 12 16 23,0,,1,1,1,0,0,472
4,11 12 16 23,1,a11,0,0,0,0,358,472
4,11 12 16 23,1,a12,0,0,0,0,350,472
4,11 12 16 23,2,a11 a12,0,0,0,0,402,472
4,11 12 16 23,1,a16,0,0,0,0,312,472
4,11 12 16 23,2,a11 a16,0,0,0,0,416,472
4,11 12 16 23,2,a12 a16,0,0,0,0,412,472
4,11 12 16 23,3,a11 a12 a16,0,0,0,0,434,472
4,11 12 16 23,1,a23,1,1,1,0,258,472
4,11 12 16 23,2,a11 a23,0,0,0,0,392,472
4,11 12 16 23,2,a12 a23,0,0,0,0,402,472
4,11 12 16 23,3,a11 a12 a23,0,0,0,0,436,472
4,11 12 16 23,2,a16 a23,0,0,0,0,391,472
4,11 12 16 23,3,a11 a16 a23,0,0,0,0,435,472
4,11 12 16 23,3,a12 a16 a23,0,0,0,0,435,472
4,11 12 16 23,4,a11 a12 a16 a23,0,0,0,0,453,472
4,11 12 16 24,0,,1,1,1,0,0,214
4,11 12 16 24,1,a11,0,0,0,0,144,214
4,11 12 16 24,1,a12,0,0,0,0,136,214
4,11 12 16 24,2,a11 a12,0,0,0,0,179,214
4,11 12 16 24,1,a16,0,0,0,0,97,214
4,11 12 16 24,2,a11 a16,0,0,0,0,176,214
4,11 12 16 24,2,a12 a16,0,0,0,0,159,214
4,11 12 16 24,3,a11 a12 a16,0,0,0,0,191,214
4,11 12 16 24,1,a24,1,1,1,0,60,214
4,11 12 16 24,2,a11 a24,0,0,0,0,157,214
4,11 12 16 24,2,a12 a24,0,0,0,0,168,214
4,11 12 16 24,3,a11 a12 a24,0,0,0,0,191,214
4,11 12 16 24,2,a16 a24,0,0,0,0,157,214
4,11 12 16 24,3,a11 a16 a24,0,0,0,0,189,214
4,11 12 16 24,3,a12 a16 a24,0,0,0,0,191,214
4,11 12 16 24,4,a11 a12 a16 a24,0,0,0,0,203,214
4,11 12 16 25,0,,1,1,1,0,0,279
4,11 12 16 25,1,a11,0,0,0,0,180,279
4,11 12 16 25,1,a12,0,0,0,0,202,279
4,11 12 16 25,2,a11 a12,0,0,0,0,240,279
4,11 12 16 25,1,a16,0,0,0,0,107,279
4,11 12 16 25,2,a11 a16,0,0,0,0,215,279
4,11 12 16 25,2,a12 a16,0,0,0,0,227,279
4,11 12 16 25,3,a11 a12 a16,0,0,0,0,253,279
4,11 12 16 25,1,a25,1,1,1,0,107,279
4,11 12 16 25,2,a11 a25,0,0,0,0,215,279
4,11 12 16 25,2,a12 a25,0,0,0,0,227,279
4,11 12 16 25,3,a11 a12 a25,0,0,0,0,253,279
4,11 12 16 25,2,a16 a25,0,0,0,0,214,279
4,11 12 16 25,3,a11 a16 a25,0,0,0,0,250,279
4,11 12 16 25,3,a12 a16 a25,0,0,0,0,252,279
4,11 12 16 25,4,a11 a12 a16 a25,0,0,0,0,266,279
4,12 13 14 15,0,,1,1,1,0,0,44
4,12 13 14 15,1,a12,0,0,0,0,16,44
4,12 13 14 15,1,a13,0,0,0,0,26,44
4,12 13 14 15,2,a12 a13,0,0,0,0,32,44
4,12 13 14 15,1,a14,1,1,1,0,16,44
4,12 13 14 15,2,a12 a14,0,0,0,0,32,44
4,12 13 14 15,2,a13 a14,0,0,0,0,32,44
4,12 13 14 15,3,a12 a13 a14,0,0,0,0,38,44
4,12 13 14 15,1,a15,1,1,1,0,6,44
4,12 13 14 15,2,a12 a15,0,0,0,0,22,44
4,12 13 14 15,2,a13 a15,0,0,0,0,27,44
4,12 13 14 15,3,a12 a13 a15,0,0,0,0,33,44
4,12 13 14 15,2,a14 a15,1,1,1,0,17,44
4,12 13 14 15,3,a12 a14 a15,0,0,0,0,33,44
4,12 13 14 15,3,a13 a14 a15,0,0,0,0,33,44
4,12 13 14 15,4,a12 a13 a14 a15,0,0,0,0,39,44
4,12 13 14 16,0,,1,1,1,0,0,70
4,12 13 14 16,1,a12,0,0,0,0,31,70
4,12 13 14 16,1,a13,0,0,0,0,31,70
4,12 13 14 16,2,a12 a13,0,0,0,0,44,70
4,12 13 14 16,1,a14,1,1,1,0,25,70
4,12 13 14 16,2,a12 a14,0,0,0,0,50,70
4,12 13 14 16,2,a13 a14,0,0,0,0,44,70
4,12 13 14 16,3,a12 a13 a14,0,0,0,0,57,70
4,12 13 14 16,1,a16,1,1,1,0,25,70
4,12 13 14 16,2,a12 a16,0,0,0,0,44,70
4,12 13 14 16,2,a13 a16,0,0,0,0,50,70
4,12 13 14 16,3,a12 a13 a16,0,0,0,0,57,70
4,12 13 14 16,2,a14 a16,1,1,1,0,38,70
4,12 13 14 16,3,a12 a14 a16,0,0,0,0,57,70
4,12 13 14 16,3,a13 a14 a16,0,0,0,0,57,70
4,12 13 14 16,4,a12 a13 a14 a16,0,0,0,0,64,70
4,12 13 14 17,0,,1,1,1,0,0,166
4,12 13 14 17,1,a12,0,0,0,0,28,166
4,12 13 14 17,1,a13,0,0,0,0,114,166
4,12 13 14 17,2,a12 a13,0,0,0,0,124,166
4,12 13 14 17,1,a14,1,1,1,0,87,166
4,12 13 14 17,2,a12 a14,0,0,0,0,115,166
4,12 13 14 17,2,a13 a14,0,0,0,0,135,166
4,12 13 14 17,3,a12 a13 a14,0,0,0,0,145,166
4,12 13 14 17,1,a17,1,1,1,0,87,166
4,12 13 14 17,2,a12 a17,0,0,0,0,115,166
4,12 13 14 17,2,a13 a17,0,0,0,0,135,166
4,12 13 14 17,3,a12 a13 a17,0,0,0,0,145,166
4,12 13 14 17,2,a14 a17,1,1,1,0,116,166
4,12 13 14 17,3,a12 a14 a17,0,0,0,0,144,166
4,12 13 14 17,3,a13 a14 a17,0,0,0,0,146,166
4,12 13 14 17,4,a12 a13 a14 a17,0,0,0,0,156,166
4,12 13 14 18,0,,1,1,1,0,0,116
4,12 13 14 18,1,a12,0,0,0,0,25,116
4,12 13 14 18,1,a13,0,0,0,0,64,116
4,12 13 14 18,2,a12 a13,0,0,0,0,73,116
4,12 13 14 18,1,a14,1,1,1,0,62,116
4,12 13 14 18,2,a12 a14,0,0,0,0,87,116
4,12 13 14 18,2,a13 a14,0,0,0,0,89,116
4,12 13 14 18,3,a12 a13 a14,0,0,0,0,98,116
4,12 13 14 18,1,a18,1,1,1,0,48,116
4,12 13 14 18,2,a12 a18,0,0,0,0,73,116
4,12 13 14 18,2,a13 a18,0,0,0,0,90,116
4,12 13 14 18,3,a12 a13 a18,0,0,0,0,99,116
4,12 13 14 18,2,a14 a18,1,1,1,0,73,116
4,12 13 14 18,3,a12 a14 a18,0,0,0,0,98,116
4,12 13 14 18,3,a13 a14 a18,0,0,0,0,99,116
4,12 13 14 18,4,a12 a13 a14 a18,0,0,0,0,108,116
4,12 13 14 19,0,,1,1,1,0,0,279
4,12 13 14 19,1,a12,0,0,0,0,145,279
4,12 13 14 19,1,a13,0,0,0,0,160,279
4,12 13 14 19,2,a12 a13,0,0,0,0,227,279
4,12 13 14 19,1,a14,1,1,1,0,187,279
4,12 13 14 19,2,a12 a14,0,0,0,0,236,279
4,12 13 14 19,2,a13 a14,0,0,0,0,223,279
4,12 13 14 19,3,a12 a13 a14,0,0,0,0,249,279
4,12 13 14 19,1,a19,1,1,1,0,177,279
4,12 13 14 19,2,a12 a19,0,0,0,0,213,279
4,12 13 14 19,2,a13 a19,0,0,0,0,236,279
4,12 13 14 19,3,a12 a13 a19,0,0,0,0,249,279
4,12 13 14 19,2,a14 a19,1,1,1,0,216,279
4,12 13 14 19,3,a12 a14 a19,0,0,0,0,252,279
4,12 13 14 19,3,a13 a14 a19,0,0,0,0,252,279
4,12 13 14 19,4,a12 a13 a14 a19,0,0,0,0,265,279
4,12 13 14 20,0,,1,1,1,0,0,81
4,12 13 14 20,1,a12,0,0,0,0,22,81
4,12 13 14 20,1,a13,0,0,0,0,50,81
4,12 13 14 20,2,a12 a13,0,0,0,0,58,81
4,12 13 14 20,1,a14,1,1,1,0,22,81
4,12 13 14 20,2,a12 a14,0,0,0,0,44,81
4,12 13 14 20,2,a13 a14,0,0,0,0,58,81
4,12 13 14 20,3,a12 a13 a14,0,0,0,0,66,81
4,12 13 14 20,1,a20,1,1,1,0,22,81
4,12 13 14 20,2,a12 a20,0,0,0,0,44,81
4,12 13 14 20,2,a13 a20,0,0,0,0,58,81
4,12 13 14 20,3,a12 a13 a20,0,0,0,0,66,81
4,12 13 14 20,2,a14 a20,1,1,1,0,44,81
4,12 13 14 20,3,a12 a14 a20,0,0,0,0,66,81
4,12 13 14 20,3,a13 a14 a20,0,0,0,0,66,81
4,12 13 14 20,4,a12 a13 a14 a20,0,0,0,0,74,81
4,12 13 14 21,0,,1,1,1,0,0,58
4,12 13 14 21,1,a12,0,0,0,0,19,58
4,12 13 14 21,1,a13,0,0,0,0,31,58
4,12 13 14 21,2,a12 a13,0,0,0,0,38,58
4,12 13 14 21,1,a14,1,1,1,0,19,58
4,12 13 14 21,2,a12 a14,0,0,0,0,38,58
4,12 13 14 21,2,a13 a14,0,0,0,0,38,58
4,12 13 14 21,3,a12 a13 a14,0,0,0,0,45,58
4,12 13 14 21,1,a21,1,1,1,0,7,58
4,12 13 14 21,2,a12 a21,0,0,0,0,26,58
4,12 13 14 21,2,a13 a21,0,0,0,0,38,58
4,12 13 14 21,3,a12 a13 a21,0,0,0,0,45,58
4,12 13 14 21,2,a14 a21,1,1,1,0,26,58
4,12 13 14 21,3,a12 a14 a21,0,0,0,0,45,58
4,12 13 14 21,3,a13 a14 a21,0,0,0,0,45,58
4,12 13 14 21,4,a12 a13 a14 a21,0,0,0,0,52,58
4,12 13 14 22,0,,1,1,1,0,0,108
4,12 13 14 22,1,a12,0,0,0,0,41,108
4,12 13 14 22,1,a13,0,0,0,0,41,108
4,12 13 14 22,2,a12 a13,0,0,0,0,66,108
4,12 13 14 22,1,a14,1,1,1,0,41,108
4,12 13 14 22,2,a12 a14,0,0,0,0,82,108
4,12 13 14 22,2,a13 a14,0,0,0,0,66,108
4,12 13 14 22,3,a12 a13 a14,0,0,0,0,91,108
4,12 13 14 22,1,a22,1,1,1,0,41,108
4,12 13 14 22,2,a12 a22,0,0,0,0,66,108
4,12 13 14 22,2,a13 a22,0,0,0,0,82,108
4,12 13 14 22,3,a12 a13 a22,0,0,0,0,91,108
4,12 13 14 22,2,a14 a22,1,1,1,0,66,108
4,12 13 14 22,3,a12 a14 a22,0,0,0,0,91,108
4,12 13 14 22,3,a13 a14 a22,0,0,0,0,91,108
4,12 13 14 22,4,a12 a13 a14 a22,0,0,0,0,100,108
4,12 13 14 23,0,,1,1,1,0,0,81
4,12 13 14 23,1,a12,0,0,0,0,22,81
4,12 13 14 23,1,a13,0,0,0,0,50,81
4,12 13 14 23,2,a12 a13,0,0,0,0,58,81
4,12 13 14 23,1,a14,1,1,1,0,22,81
4,12 13 14 23,2,a12 a14,0,0,0,0,44,81
4,12 13 14 23,2,a13 a14,0,0,0,0,58,81
4,12 13 14 23,3,a12 a13 a14,0,0,0,0,66,81
4,12 13 14 23,1,a23,1,1,1,0,22,81
4,12 13 14 23,2,a12 a23,0,0,0,0,44,81
4,12 13 14 23,2,a13 a23,0,0,0,0,58,81
4,12 13 14 23,3,a12 a13 a23,0,0,0,0,66,81
4,12 13 14 23,2,a14 a23,1,1,1,0,44,81
4,12 13 14 23,3,a12 a14 a23,0,0,0,0,66,81
4,12 13 14 23,3,a13 a14 a23,0,0,0,0,66,81
4,12 13 14 23,4,a12 a13 a14 a23,0,0,0,0,74,81
4,12 13 14 24,0,,1,1,1,0,0,58
4,12 13 14 24,1,a12,0,0,0,0,19,58
4,12 13 14 24,1,a13,0,0,0,0,31,58
4,12 13 14 24,2,a12 a13,0,0,0,0,38,58
4,12 13 14 24,1,a14,1,1,1,0,19,58
4,12 13 14 24,2,a12 a14,0,0,0,0,38,58
4,12 13 14 24,2,a13 a14,0,0,0,0,38,58
4,12 13 14 24,3,a12 a13 a14,0,0,0,0,45,58
4,12 13 14 24,1,a24,1,1,1,0,7,58
4,12 13 14 24,2,a12 a24,0,0,0,0,26,58
4,12 13 14 24,2,a13 a24,0,0,0,0,38,58
4,12 13 14 24,3,a12 a13 a24,0,0,0,0,45,58
4,12 13 14 24,2,a14 a24,1,1,1,0,26,58
4,12 13 14 24,3,a12 a14 a24,0,0,0,0,45,58
4,12 13 14 24,3,a13 a14 a24,0,0,0,0,45,58
4,12 13 14 24,4,a12 a13 a14 a24,0,0,0,0,52,58
4,12 13 14 25,0,,1,1,1,0,0,88
4,12 13 14 25,1,a12,0,0,0,0,36,88
4,12 13 14 25,1,a13,0,0,0,0,36,88
4,12 13 14 25,2,a12 a13,0,0,0,0,58,88
4,12 13 14 25,1,a14,1,1,1,0,36,88
4,12 13 14 25,2,a12 a14,0,0,0,0,65,88
4,12 13 14 25,2,a13 a14,0,0,0,0,58,88
4,12 13 14 25,3,a12 a13 a14,0,0,0,0,73,88
4,12 13 14 25,1,a25,1,1,1,0,29,88
4,12 13 14 25,2,a12 a25,0,0,0,0,51,88
4,12 13 14 25,2,a13 a25,0,0,0,0,65,88
4,12 13 14 25,3,a12 a13 a25,0,0,0,0,73,88
4,12 13 14 25,2,a14 a25,1,1,1,0,51,88
4,12 13 14 25,3,a12 a14 a25,0,0,0,0,73,88
4,12 13 14 25,3,a13 a14 a25,0,0,0,0,73,88
4,12 13 14 25,4,a12 a13 a14 a25,0,0,0,0,81,88
4,12 13 15 16,0,,1,1,1,0,0,44
4,12 13 15 16,1,a12,0,0,0,0,26,44
4,12 13 15 16,1,a13,0,0,0,0,16,44
4,12 13 15 16,2,a12 a13,0,0,0,0,32,44
4,12 13 15 16,1,a15,1,1,1,0,6,44
4,12 13 15 16,2,a12 a15,0,0,0,0,27,44
4,12 13 15 16,2,a13 a15,0,0,0,0,22,44
4,12 13 15 16,3,a12 a13 a15,0,0,0,0,33,44
4,12 13 15 16,1,a16,1,1,1,0,16,44
4,12 13 15 16,2,a12 a16,0,0,0,0,32,44
4,12 13 15 16,2,a13 a16,0,0,0,0,32,44
4,12 13 15 16,3,a12 a13 a16,0,0,0,0,38,44
4,12 13 15 16,2,a15 a16,1,1,1,0,17,44
4,12 13 15 16,3,a12 a15 a16,0,0,0,0,33,44
4,12 13 15 16,3,a13 a15 a16,0,0,0,0,33,44
4,12 13 15 16,4,a12 a13 a15 a16,0,0,0,0,39,44
4,12 13 15 17,0,,1,1,1,0,0,116
4,12 13 15 17,1,a12,0,0,0,0,25,116
4,12 13 15 17,1,a13,0,0,0,0,64,116
4,12 13 15 17,2,a12 a13,0,0,0,0,73,116
4,12 13 15 17,1,a15,1,1,1,0,48,116
4,12 13 15 17,2,a12 a15,0,0,0,0,73,116
4,12 13 15 17,2,a13 a15,0,0,0,0,90,116
4,12 13 15 17,3,a12 a13 a15,0,0,0,0,99,116
4,12 13 15 17,1,a17,1,1,1,0,62,116
4,12 13 15 17,2,a12 a17,0,0,0,0,87,116
4,12 13 15 17,2,a13 a17,0,0,0,0,89,116
4,12 13 15 17,3,a12 a13 a17,0,0,0,0,98,116
4,12 13 15 17,2,a15 a17,1,1,1,0,73,116
4,12 13 15 17,3,a12 a15 a17,0,0,0,0,98,116
4,12 13 15 17,3,a13 a15 a17,0,0,0,0,99,116
4,12 13 15 17,4,a12 a13 a15 a17,0,0,0,0,108,116
4,12 13 15 18,0,,1,1,1,0,0,58
4,12 13 15 18,1,a12,0,0,0,0,19,58
4,12 13 15 18,1,a13,0,0,0,0,19,58
4,12 13 15 18,2,a12 a13,0,0,0,0,26,58
4,12 13 15 18,1,a15,1,1,1,0,19,58
4,12 13 15 18,2,a12 a15,0,0,0,0,38,58
4,12 13 15 18,2,a13 a15,0,0,0,0,38,58
4,12 13 15 18,3,a12 a13 a15,0,0,0,0,45,58
4,12 13 15 18,1,a18,1,1,1,0,19,58
4,12 13 15 18,2,a12 a18,0,0,0,0,38,58
4,12 13 15 18,2,a13 a18,0,0,0,0,38,58
4,12 13 15 18,3,a12 a13 a18,0,0,0,0,45,58
4,12 13 15 18,2,a15 a18,1,1,1,0,26,58
4,12 13 15 18,3,a12 a15 a18,0,0,0,0,45,58
4,12 13 15 18,3,a13 a15 a18,0,0,0,0,45,58
4,12 13 15 18,4,a12 a13 a15 a18,0,0,0,0,52,58
4,12 13 15 19,0,,1,1,1,0,0,116
4,12 13 15 19,1,a12,0,0,0,0,64,116
4,12 13 15 19,1,a13,0,0,0,0,25,116
4,12 13 15 19,2,a12 a13,0,0,0,0,73,116
4,12 13 15 19,1,a15,1,1,1,0,48,116
4,12 13 15 19,2,a12 a15,0,0,0,0,90,116
4,12 13 15 19,2,a13 a15,0,0,0,0,73,116
4,12 13 15 19,3,a12 a13 a15,0,0,0,0,99,116
4,12 13 15 19,1,a19,1,1,1,0,62,116
4,12 13 15 19,2,a12 a19,0,0,0,0,89,116
4,12 13 15 19,2,a13 a19,0,0,0,0,87,116
4,12 13 15 19,3,a12 a13 a19,0,0,0,0,98,116
4,12 13 15 19,2,a15 a19,1,1,1,0,73,116
4,12 13 15 19,3,a12 a15 a19,0,0,0,0,99,116
4,12 13 15 19,3,a13 a15 a19,0,0,0,0,98,116
4,12 13 15 19,4,a12 a13 a15 a19,0,0,0,0,108,116
4,12 13 15 20,0,,1,1,1,0,0,58
4,12 13 15 20,1,a12,0,0,0,0,19,58
4,12 13 15 20,1,a13,0,0,0,0,31,58
4,12 13 15 20,2,a12 a13,0,0,0,0,38,58
4,12 13 15 20,1,a15,1,1,1,0,7,58
4,12 13 15 20,2,a12 a15,0,0,0,0,26,58
4,12 13 15 20,2,a13 a15,0,0,0,0,38,58
4,12 13 15 20,3,a12 a13 a15,0,0,0,0,45,58
4,12 13 15 20,1,a20,1,1,1,0,19,58
4,12 13 15 20,2,a12 a20,0,0,0,0,38,58
4,12 13 15 20,2,a13 a20,0,0,0,0,38,58
4,12 13 15 20,3,a12 a13 a20,0,0,0,0,45,58
4,12 13 15 20,2,a15 a20,1,1,1,0,26,58
4,12 13 15 20,3,a12 a15 a20,0,0,0,0,45,58
4,12 13 15 20,3,a13 a15 a20,0,0,0,0,45,58
4,12 13 15 20,4,a12 a13 a15 a20,0,0,0,0,52,58
4,12 13 15 21,0,,1,1,1,0,0,39
4,12 13 15 21,1,a12,0,0,0,0,16,39
4,12 13 15 21,1,a13,0,0,0,0,16,39
4,12 13 15 21,2,a12 a13,0,0,0,0,22,39
4,12 13 15 21,1,a15,1,1,1,0,6,39
4,12 13 15 21,2,a12 a15,0,0,0,0,22,39
4,12 13 15 21,2,a13 a15,0,0,0,0,22,39
4,12 13 15 21,3,a12 a13 a15,0,0,0,0,28,39
4,12 13 15 21,1,a21,1,1,1,0,6,39
4,12 13 15 21,2,a12 a21,0,0,0,0,22,39
4,12 13 15 21,2,a13 a21,0,0,0,0,22,39
4,12 13 15 21,3,a12 a13 a21,0,0,0,0,28,39
4,12 13 15 21,2,a15 a21,1,1,1,0,12,39
4,12 13 15 21,3,a12 a15 a21,0,0,0,0,28,39
4,12 13 15 21,3,a13 a15 a21,0,0,0,0,28,39
4,12 13 15 21,4,a12 a13 a15 a21,0,0,0,0,34,39
4,12 13 15 22,0,,1,1,1,0,0,58
4,12 13 15 22,1,a12,0,0,0,0,31,58
4,12 13 15 22,1,a13,0,0,0,0,19,58
4,12 13 15 22,2,a12 a13,0,0,0,0,38,58
4,12 13 15 22,1,a15,1,1,1,0,7,58
4,12 13 15 22,2,a12 a15,0,0,0,0,38,58
4,12 13 15 22,2,a13 a15,0,0,0,0,26,58
4,12 13 15 22,3,a12 a13 a15,0,0,0,0,45,58
4,12 13 15 22,1,a22,1,1,1,0,19,58
4,12 13 15 22,2,a12 a22,0,0,0,0,38,58
4,12 13 15 22,2,a13 a22,0,0,0,0,38,58
4,12 13 15 22,3,a12 a13 a22,0,0,0,0,45,58
4,12 13 15 22,2,a15 a22,1,1,1,0,26,58
4,12 13 15 22,3,a12 a15 a22,0,0,0,0,45,58
4,12 13 15 22,3,a13 a15 a22,0,0,0,0,45,58
4,12 13 15 22,4,a12 a13 a15 a22,0,0,0,0,52,58
4,12 13 15 23,0,,1,1,1,0,0,58
4,12 13 15 23,1,a12,0,0,0,0,19,58
4,12 13 15 23,1,a13,0,0,0,0,31,58
4,12 13 15 23,2,a12 a13,0,0,0,0,38,58
4,12 13 15 23,1,a15,1,1,1,0,7,58
4,12 13 15 23,2,a12 a15,0,0,0,0,26,58
4,12 13 15 23,2,a13 a15,0,0,0,0,38,58
4,12 13 15 23,3,a12 a13 a15,0,0,0,0,45,58
4,12 13 15 23,1,a23,1,1,1,0,19,58
4,12 13 15 23,2,a12 a23,0,0,0,0,38,58
4,12 13 15 23,2,a13 a23,0,0,0,0,38,58
4,12 13 15 23,3,a12 a13 a23,0,0,0,0,45,58
4,12 13 15 23,2,a15 a23,1,1,1,0,26,58
4,12 13 15 23,3,a12 a15 a23,0,0,0,0,45,58
4,12 13 15 23,3,a13 a15 a23,0,0,0,0,45,58
4,12 13 15 23,4,a12 a13 a15 a23,0,0,0,0,52,58
4,12 13 15 24,0,,1,1,1,0,0,39
4,12 13 15 24,1,a12,0,0,0,0,16,39
4,12 13 15 24,1,a13,0,0,0,0,16,39
4,12 13 15 24,2,a12 a13,0,0,0,0,22,39
4,12 13 15 24,1,a15,1,1,1,0,6,39
4,12 13 15 24,2,a12 a15,0,0,0,0,22,39
4,12 13 15 24,2,a13 a15,0,0,0,0,22,39
4,12 13 15 24,3,a12 a13 a15,0,0,0,0,28,39
4,12 13 15 24,1,a24,1,1,1,0,6,39
4,12 13 15 24,2,a12 a24,0,0,0,0,22,39
4,12 13 15 24,2,a13 a24,0,0,0,0,22,39
4,12 13 15 24,3,a12 a13 a24,0,0,0,0,28,39
4,12 13 15 24,2,a15 a24,1,1,1,0,12,39
4,12 13 15 24,3,a12 a15 a24,0,0,0,0,28,39
4,12 13 15 24,3,a13 a15 a24,0,0,0,0,28,39
4,12 13 15 24,4,a12 a13 a15 a24,0,0,0,0,34,39
4,12 13 15 25,0,,1,1,1,0,0,58
4,12 13 15 25,1,a12,0,0,0,0,31,58
4,12 13 15 25,1,a13,0,0,0,0,19,58
4,12 13 15 25,2,a12 a13,0,0,0,0,38,58
4,12 13 15 25,1,a15,1,1,1,0,7,58
4,12 13 15 25,2,a12 a15,0,0,0,0,38,58
4,12 13 15 25,2,a13 a15,0,0,0,0,26,58
4,12 13 15 25,3,a12 a13 a15,0,0,0,0,45,58
4,12 13 15 25,1,a25,1,1,1,0,19,58
4,12 13 15 25,2,a12 a25,0,0,0,0,38,58
4,12 13 15 25,2,a13 a25,0,0,0,0,38,58
4,12 13 15 25,3,a12 a13 a25,0,0,0,0,45,58
4,12 13 15 25,2,a15 a25,1,1,1,0,26,58
4,12 13 15 25,3,a12 a15 a25,0,0,0,0,45,58
4,12 13 15 25,3,a13 a15 a25,0,0,0,0,45,58
4,12 13 15 25,4,a12 a13 a15 a25,0,0,0,0,52,58
4,12 13 16 17,0,,1,1,1,0,0,279
4,12 13 16 17,1,a12,0,0,0,0,160,279
4,12 13 16 17,1,a13,0,0,0,0,145,279
4,12 13 16 17,2,a12 a13,0,0,0,0,227,279
4,12 13 16 17,1,a16,1,1,1,0,187,279
4,12 13 16 17,2,a12 a16,0,0,0,0,223,279
4,12 13 16 17,2,a13 a16,0,0,0,0,236,279
4,12 13 16 17,3,a12 a13 a16,0,0,0,0,249,279
4,12 13 16 17,1,a17,1,1,1,0,177,279
4,12 13 16 17,2,a12 a17,0,0,0,0,236,279
4,12 13 16 17,2,a13 a17,0,0,0,0,213,279
4,12 13 16 17,3,a12 a13 a17,0,0,0,0,249,279
4,12 13 16 17,2,a16 a17,1,1,1,0,216,279
4,12 13 16 17,3,a12 a16 a17,0,0,0,0,252,279
4,12 13 16 17,3,a13 a16 a17,0,0,0,0,252,279
4,12 13 16 17,4,a12 a13 a16 a17,0,0,0,0,265,279
4,12 13 16 18,0,,1,1,1,0,0,116
4,12 13 16 18,1,a12,0,0,0,0,64,116
4,12 13 16 18,1,a13,0,0,0,0,25,116
4,12 13 16 18,2,a12 a13,0,0,0,0,73,116
4,12 13 16 18,1,a16,1,1,1,0,62,116
4,12 13 16 18,2,a12 a16,0,0,0,0,89,116
4,12 13 16 18,2,a13 a16,0,0,0,0,87,116
4,12 13 16 18,3,a12 a13 a16,0,0,0,0,98,116
4,12 13 16 18,1,a18,1,1,1,0,48,116
4,12 13 16 18,2,a12 a18,0,0,0,0,90,116
4,12 13 16 18,2,a13 a18,0,0,0,0,73,116
4,12 13 16 18,3,a12 a13 a18,0,0,0,0,99,116
4,12 13 16 18,2,a16 a18,1,1,1,0,73,116
4,12 13 16 18,3,a12 a16 a18,0,0,0,0,99,116
4,12 13 16 18,3,a13 a16 a18,0,0,0,0,98,116
4,12 13 16 18,4,a12 a13 a16 a18,0,0,0,0,108,116
4,12 13 16 19,0,,1,1,1,0,0,166
4,12 13 16 19,1,a12,0,0,0,0,114,166
4,12 13 16 19,1,a13,0,0,0,0,28,166
4,12 13 16 19,2,a12 a13,0,0,0,0,124,166
4,12 13 16 19,1,a16,1,1,1,0,87,166
4,12 13 16 19,2,a12 a16,0,0,0,0,135,166
4,12 13 16 19,2,a13 a16,0,0,0,0,115,166
4,12 13 16 19,3,a12 a13 a16,0,0,0,0,145,166
4,12 13 16 19,1,a19,1,1,1,0,87,166
4,12 13 16 19,2,a12 a19,0,0,0,0,135,166
4,12 13 16 19,2,a13 a19,0,0,0,0,115,166
4,12 13 16 19,3,a12 a13 a19,0,0,0,0,145,166
4,12 13 16 19,2,a16 a19,1,1,1,0,116,166
4,12 13 16 19,3,a12 a16 a19,0,0,0,0,146,166
4,12 13 16 19,3,a13 a16 a19,0,0,0,0,144,166
4,12 13 16 19,4,a12 a13 a16 a19,0,0,0,0,156,166
4,12 13 16 20,0,,1,1,1,0,0,108
4,12 13 16 20,1,a12,0,0,0,0,41,108
4,12 13 16 20,1,a13,0,0,0,0,41,108
4,12 13 16 20,2,a12 a13,0,0,0,0,66,108
4,12 13 16 20,1,a16,1,1,1,0,41,108
4,12 13 16 20,2,a12 a16,0,0,0,0,66,108
4,12 13 16 20,2,a13 a16,0,0,0,0,82,108
4,12 13 16 20,3,a12 a13 a16,0,0,0,0,91,108
4,12 13 16 20,1,a20,1,1,1,0,41,108
4,12 13 16 20,2,a12 a20,0,0,0,0,82,108
4,12 13 16 20,2,a13 a20,0,0,0,0,66,108
4,12 13 16 20,3,a12 a13 a20,0,0,0,0,91,108
4,12 13 16 20,2,a16 a20,1,1,1,0,66,108
4,12 13 16 20,3,a12 a16 a20,0,0,0,0,91,108
4,12 13 16 20,3,a13 a16 a20,0,0,0,0,91,108
4,12 13 16 20,4,a12 a13 a16 a20,0,0,0,0,100,108
4,12 13 16 21,0,,1,1,1,0,0,58
4,12 13 16 21,1,a12,0,0,0,0,31,58
4,12 13 16 21,1,a13,0,0,0,0,19,58
4,12 13 16 21,2,a12 a13,0,0,0,0,38,58
4,12 13 16 21,1,a16,1,1,1,0,19,58
4,12 13 16 21,2,a12 a16,0,0,0,0,38,58
4,12 13 16 21,2,a13 a16,0,0,0,0,38,58
4,12 13 16 21,3,a12 a13 a16,0,0,0,0,45,58
4,12 13 16 21,1,a21,1,1,1,0,7,58
4,12 13 16 21,2,a12 a21,0,0,0,0,38,58
4,12 13 16 21,2,a13 a21,0,0,0,0,26,58
4,12 13 16 21,3,a12 a13 a21,0,0,0,0,45,58
4,12 13 16 21,2,a16 a21,1,1,1,0,26,58
4,12 13 16 21,3,a12 a16 a21,0,0,0,0,45,58
4,12 13 16 21,3,a13 a16 a21,0,0,0,0,45,58
4,12 13 16 21,4,a12 a13 a16 a21,0,0,0,0,52,58
4,12 13 16 22,0,,1,1,1,0,0,81
4,12 13 16 22,1,a12,0,0,0,0,50,81
4,12 13 16 22,1,a13,0,0,0,0,22,81
4,12 13 16 22,2,a12 a13,0,0,0,0,58,81
4,12 13 16 22,1,a16,1,1,1,0,22,81
4,12 13 16 22,2,a12 a16,0,0,0,0,58,81
4,12 13 16 22,2,a13 a16,0,0,0,0,44,81
4,12 13 16 22,3,a12 a13 a16,0,0,0,0,66,81
4,12 13 16 22,1,a22,1,1,1,0,22,81
4,12 13 16 22,2,a12 a22,0,0,0,0,58,81
4,12 13 16 22,2,a13 a22,0,0,0,0,44,81
4,12 13 16 22,3,a12 a13 a22,0,0,0,0,66,81
4,12 13 16 22,2,a16 a22,1,1,1,0,44,81
4,12 13 16 22,3,a12 a16 a22,0,0,0,0,66,81
4,12 13 16 22,3,a13 a16 a22,0,0,0,0,66,81
4,12 13 16 22,4,a12 a13 a16 a22,0,0,0,0,74,81
4,12 13 16 23,0,,1,1,1,0,0,88
4,12 13 16 23,1,a12,0,0,0,0,36,88
4,12 13 16 23,1,a13,0,0,0,0,36,88
4,12 13 16 23,2,a12 a13,0,0,0,0,58,88
4,12 13 16 23,1,a16,1,1,1,0,36,88
4,12 13 16 23,2,a12 a16,0,0,0,0,58,88
4,12 13 16 23,2,a13 a16,0,0,0,0,65,88
4,12 13 16 23,3,a12 a13 a16,0,0,0,0,73,88
4,12 13 16 23,1,a23,1,1,1,0,29,88
4,12 13 16 23,2,a12 a23,0,0,0,0,65,88
4,12 13 16 23,2,a13 a23,0,0,0,0,51,88
4,12 13 16 23,3,a12 a13 a23,0,0,0,0,73,88
4,12 13 16 23,2,a16 a23,1,1,1,0,51,88
4,12 13 16 23,3,a12 a16 a23,0,0,0,0,73,88
4,12 13 16 23,3,a13 a16 a23,0,0,0,0,73,88
4,12 13 16 23,4,a12 a13 a16 a23,0,0,0,0,81,88
4,12 13 16 24,0,,1,1,1,0,0,58
4,12 13 16 24,1,a12,0,0,0,0,31,58
4,12 13 16 24,1,a13,0,0,0,0,19,58
4,12 13 16 24,2,a12 a13,0,0,0,0,38,58
4,12 13 16 24,1,a16,1,1,1,0,19,58
4,12 13 16 24,2,a12 a16,0,0,0,0,38,58
4,12 13 16 24,2,a13 a16,0,0,0,0,38,58
4,12 13 16 24,3,a12 a13 a16,0,0,0,0,45,58
4,12 13 16 24,1,a24,1,1,1,0,7,58
4,12 13 16 24,2,a12 a24,0,0,0,0,38,58
4,12 13 16 24,2,a13 a24,0,0,0,0,26,58
4,12 13 16 24,3,a12 a13 a24,0,0,0,0,45,58
4,12 13 16 24,2,a16 a24,1,1,1,0,26,58
4,12 13 16 24,3,a12 a16 a24,0,0,0,0,45,58
4,12 13 16 24,3,a13 a16 a24,0,0,0,0,45,58
4,12 13 16 24,4,a12 a13 a16 a24,0,0,0,0,52,58
4,12 13 16 25,0,,1,1,1,0,0,81
4,12 13 16 25,1,a12,0,0,0,0,50,81
4,12 13 16 25,1,a13,0,0,0,0,22,81
4,12 13 16 25,2,a12 a13,0,0,0,0,58,81
4,12 13 16 25,1,a16,1,1,1,0,22,81
4,12 13 16 25,2,a12 a16,0,0,0,0,58,81
4,12 13 16 25,2,a13 a16,0,0,0,0,44,81
4,12 13 16 25,3,a12 a13 a16,0,0,0,0,66,81
4,12 13 16 25,1,a25,1,1,1,0,22,81
4,12 13 16 25,2,a12 a25,0,0,0,0,58,81
4,12 13 16 25,2,a13 a25,0,0,0,0,44,81
4,12 13 16 25,3,a12 a13 a25,0,0,0,0,66,81
4,12 13 16 25,2,a16 a25,1,1,1,0,44,81
4,12 13 16 25,3,a12 a16 a25,0,0,0,0,66,81
4,12 13 16 25,3,a13 a16 a25,0,0,0,0,66,81
4,12 13 16 25,4,a12 a13 a16 a25,0,0,0,0,74,81
4,12 13 17 18,0,,1,1,1,0,0,44
4,12 13 17 18,1,a12,0,0,0,0,16,44
4,12 13 17 18,1,a13,0,0,0,0,26,44
4,12 13 17 18,2,a12 a13,0,0,0,0,32,44
4,12 13 17 18,1,a17,1,1,1,0,16,44
4,12 13 17 18,2,a12 a17,0,0,0,0,32,44
4,12 13 17 18,2,a13 a17,0,0,0,0,32,44
4,12 13 17 18,3,a12 a13 a17,0,0,0,0,38,44
4,12 13 17 18,1,a18,1,1,1,0,6,44
4,12 13 17 18,2,a12 a18,0,0,0,0,22,44
4,12 13 17 18,2,a13 a18,0,0,0,0,27,44
4,12 13 17 18,3,a12 a13 a18,0,0,0,0,33,44
4,12 13 17 18,2,a17 a18,1,1,1,0,17,44
4,12 13 17 18,3,a12 a17 a18,0,0,0,0,33,44
4,12 13 17 18,3,a13 a17 a18,0,0,0,0,33,44
4,12 13 17 18,4,a12 a13 a17 a18,0,0,0,0,39,44
4,12 13 17 19,0,,1,1,1,0,0,70
4,12 13 17 19,1,a12,0,0,0,0,31,70
4,12 13 17 19,1,a13,0,0,0,0,31,70
4,12 13 17 19,2,a12 a13,0,0,0,0,44,70
4,12 13 17 19,1,a17,1,1,1,0,25,70
4,12 13 17 19,2,a12 a17,0,0,0,0,50,70
4,12 13 17 19,2,a13 a17,0,0,0,0,44,70
4,12 13 17 19,3,a12 a13 a17,0,0,0,0,57,70
4,12 13 17 19,1,a19,1,1,1,0,25,70
4,12 13 17 19,2,a12 a19,0,0,0,0,44,70
4,12 13 17 19,2,a13 a19,0,0,0,0,50,70
4,12 13 17 19,3,a12 a13 a19,0,0,0,0,57,70
4,12 13 17 19,2,a17 a19,1,1,1,0,38,70
4,12 13 17 19,3,a12 a17 a19,0,0,0,0,57,70
4,12 13 17 19,3,a13 a17 a19,0,0,0,0,57,70
4,12 13 17 19,4,a12 a13 a17 a19,0,0,0,0,64,70
4,12 13 17 20,0,,1,1,1,0,0,81
4,12 13 17 20,1,a12,0,0,0,0,22,81
4,12 13 17 20,1,a13,0,0,0,0,50,81
4,12 13 17 20,2,a12 a13,0,0,0,0,58,81
4,12 13 17 20,1,a17,1,1,1,0,22,81
4,12 13 17 20,2,a12 a17,0,0,0,0,44,81
4,12 13 17 20,2,a13 a17,0,0,0,0,58,81
4,12 13 17 20,3,a12 a13 a17,0,0,0,0,66,81
4,12 13 17 20,1,a20,1,1,1,0,22,81
4,12 13 17 20,2,a12 a20,0,0,0,0,44,81
4,12 13 17 20,2,a13 a20,0,0,0,0,58,81
4,12 13 17 20,3,a12 a13 a20,0,0,0,0,66,81
4,12 13 17 20,2,a17 a20,1,1,1,0,44,81
4,12 13 17 20,3,a12 a17 a20,0,0,0,0,66,81
4,12 13 17 20,3,a13 a17 a20,0,0,0,0,66,81
4,12 13 17 20,4,a12 a13 a17 a20,0,0,0,0,74,81
4,12 13 17 21,0,,1,1,1,0,0,58
4,12 13 17 21,1,a12,0,0,0,0,19,58
4,12 13 17 21,1,a13,0,0,0,0,31,58
4,12 13 17 21,2,a12 a13,0,0,0,0,38,58
4,12 13 17 21,1,a17,1,1,1,0,19,58
4,12 13 17 21,2,a12 a17,0,0,0,0,38,58
4,12 13 17 21,2,a13 a17,0,0,0,0,38,58
4,12 13 17 21,3,a12 a13 a17,0,0,0,0,45,58
4,12 13 17 21,1,a21,1,1,1,0,7,58
4,12 13 17 21,2,a12 a21,0,0,0,0,26,58
4,12 13 17 21,2,a13 a21,0,0,0,0,38,58
4,12 13 17 21,3,a12 a13 a21,0,0,0,0,45,58
4,12 13 17 21,2,a17 a21,1,1,1,0,26,58
4,12 13 17 21,3,a12 a17 a21,0,0,0,0,45,58
4,12 13 17 21,3,a13 a17 a21,0,0,0,0,45,58
4,12 13 17 21,4,a12 a13 a17 a21,0,0,0,0,52,58
4,12 13 17 22,0,,1,1,1,0,0,88
4,12 13 17 22,1,a12,0,0,0,0,36,88
4,12 13 17 22,1,a13,0,0,0,0,36,88
4,12 13 17 22,2,a12 a13,0,0,0,0,58,88
4,12 13 17 22,1,a17,1,1,1,0,29,88
4,12 13 17 22,2,a12 a17,0,0,0,0,65,88
4,12 13 17 22,2,a13 a17,0,0,0,0,51,88
4,12 13 17 22,3,a12 a13 a17,0,0,0,0,73,88
4,12 13 17 22,1,a22,1,1,1,0,36,88
4,12 13 17 22,2,a12 a22,0,0,0,0,58,88
4,12 13 17 22,2,a13 a22,0,0,0,0,65,88
4,12 13 17 22,3,a12 a13 a22,0,0,0,0,73,88
4,12 13 17 22,2,a17 a22,1,1,1,0,51,88
4,12 13 17 22,3,a12 a17 a22,0,0,0,0,73,88
4,12 13 17 22,3,a13 a17 a22,0,0,0,0,73,88
4,12 13 17 22,4,a12 a13 a17 a22,0,0,0,0,81,88
4,12 13 17 23,0,,1,1,1,0,0,166
4,12 13 17 23,1,a12,0,0,0,0,28,166
4,12 13 17 23,1,a13,0,0,0,0,114,166
4,12 13 17 23,2,a12 a13,0,0,0,0,124,166
4,12 13 17 23,1,a17,1,1,1,0,87,166
4,12 13 17 23,2,a12 a17,0,0,0,0,115,166
4,12 13 17 23,2,a13 a17,0,0,0,0,135,166
4,12 13 17 23,3,a12 a13 a17,0,0,0,0,145,166
4,12 13 17 23,1,a23,1,1,1,0,87,166
4,12 13 17 23,2,a12 a23,0,0,0,0,115,166
4,12 13 17 23,2,a13 a23,0,0,0,0,135,166
4,12 13 17 23,3,a12 a13 a23,0,0,0,0,145,166
4,12 13 17 23,2,a17 a23,1,1,1,0,116,166
4,12 13 17 23,3,a12 a17 a23,0,0,0,0,144,166
4,12 13 17 23,3,a13 a17 a23,0,0,0,0,146,166
4,12 13 17 23,4,a12 a13 a17 a23,0,0,0,0,156,166
4,12 13 17 24,0,,1,1,1,0,0,116
4,12 13 17 24,1,a12,0,0,0,0,25,116
4,12 13 17 24,1,a13,0,0,0,0,64,116
4,12 13 17 24,2,a12 a13,0,0,0,0,73,116
4,12 13 17 24,1,a17,1,1,1,0,62,116
4,12 13 17 24,2,a12 a17,0,0,0,0,87,116
4,12 13 17 24,2,a13 a17,0,0,0,0,89,116
4,12 13 17 24,3,a12 a13 a17,0,0,0,0,98,116
4,12 13 17 24,1,a24,1,1,1,0,48,116
4,12 13 17 24,2,a12 a24,0,0,0,0,73,116
4,12 13 17 24,2,a13 a24,0,0,0,0,90,116
4,12 13 17 24,3,a12 a13 a24,0,0,0,0,99,116
4,12 13 17 24,2,a17 a24,1,1,1,0,73,116
4,12 13 17 24,3,a12 a17 a24,0,0,0,0,98,116
4,12 13 17 24,3,a13 a17 a24,0,0,0,0,99,116
4,12 13 17 24,4,a12 a13 a17 a24,0,0,0,0,108,116
4,12 13 17 25,0,,1,1,1,0,0,224
4,12 13 17 25,1,a12,0,0,0,0,122,224
4,12 13 17 25,1,a13,0,0,0,0,122,224
4,12 13 17 25,2,a12 a13,0,0,0,0,181,224
4,12 13 17 25,1,a17,1,1,1,0,141,224
4,12 13 17 25,2,a12 a17,0,0,0,0,186,224
4,12 13 17 25,2,a13 a17,0,0,0,0,174,224
4,12 13 17 25,3,a12 a13 a17,0,0,0,0,198,224
4,12 13 17 25,1,a25,1,1,1,0,141,224
4,12 13 17 25,2,a12 a25,0,0,0,0,174,224
4,12 13 17 25,2,a13 a25,0,0,0,0,186,224
4,12 13 17 25,3,a12 a13 a25,0,0,0,0,198,224
4,12 13 17 25,2,a17 a25,1,1,1,0,167,224
4,12 13 17 25,3,a12 a17 a25,0,0,0,0,200,224
4,12 13 17 25,3,a13 a17 a25,0,0,0,0,200,224
4,12 13 17 25,4,a12 a13 a17 a25,0,0,0,0,212,224
4,12 13 18 19,0,,1,1,1,0,0,44
4,12 13 18 19,1,a12,0,0,0,0,26,44
4,12 13 18 19,1,a13,0,0,0,0,16,44
4,12 13 18 19,2,a12 a13,0,0,0,0,32,44
4,12 13 18 19,1,a18,1,1,1,0,6,44
4,12 13 18 19,2,a12 a18,0,0,0,0,27,44
4,12 13 18 19,2,a13 a18,0,0,0,0,22,44
4,12 13 18 19,3,a12 a13 a18,0,0,0,0,33,44
4,12 13 18 19,1,a19,1,1,1,0,16,44
4,12 13 18 19,2,a12 a19,0,0,0,0,32,44
4,12 13 18 19,2,a13 a19,0,0,0,0,32,44
4,12 13 18 19,3,a12 a13 a19,0,0,0,0,38,44
4,12 13 18 19,2,a18 a19,1,1,1,0,17,44
4,12 13 18 19,3,a12 a18 a19,0,0,0,0,33,44
4,12 13 18 19,3,a13 a18 a19,0,0,0,0,33,44
4,12 13 18 19,4,a12 a13 a18 a19,0,0,0,0,39,44
4,12 13 18 20,0,,1,1,1,0,0,58
4,12 13 18 20,1,a12,0,0,0,0,19,58
4,12 13 18 20,1,a13,0,0,0,0,31,58
4,12 13 18 20,2,a12 a13,0,0,0,0,38,58
4,12 13 18 20,1,a18,1,1,1,0,7,58
4,12 13 18 20,2,a12 a18,0,0,0,0,26,58
4,12 13 18 20,2,a13 a18,0,0,0,0,38,58
4,12 13 18 20,3,a12 a13 a18,0,0,0,0,45,58
4,12 13 18 20,1,a20,1,1,1,0,19,58
4,12 13 18 20,2,a12 a20,0,0,0,0,38,58
4,12 13 18 20,2,a13 a20,0,0,0,0,38,58
4,12 13 18 20,3,a12 a13 a20,0,0,0,0,45,58
4,12 13 18 20,2,a18 a20,1,1,1,0,26,58
4,12 13 18 20,3,a12 a18 a20,0,0,0,0,45,58
4,12 13 18 20,3,a13 a18 a20,0,0,0,0,45,58
4,12 13 18 20,4,a12 a13 a18 a20,0,0,0,0,52,58
4,12 13 18 21,0,,1,1,1,0,0,39
4,12 13 18 21,1,a12,0,0,0,0,16,39
4,12 13 18 21,1,a13,0,0,0,0,16,39
4,12 13 18 21,2,a12 a13,0,0,0,0,22,39
4,12 13 18 21,1,a18,1,1,1,0,6,39
4,12 13 18 21,2,a12 a18,0,0,0,0,22,39
4,12 13 18 21,2,a13 a18,0,0,0,0,22,39
4,12 13 18 21,3,a12 a13 a18,0,0,0,0,28,39
4,12 13 18 21,1,a21,1,1,1,0,6,39
4,12 13 18 21,2,a12 a21,0,0,0,0,22,39
4,12 13 18 21,2,a13 a21,0,0,0,0,22,39
4,12 13 18 21,3,a12 a13 a21,0,0,0,0,28,39
4,12 13 18 21,2,a18 a21,1,1,1,0,12,39
4,12 13 18 21,3,a12 a18 a21,0,0,0,0,28,39
4,12 13 18 21,3,a13 a18 a21,0,0,0,0,28,39
4,12 13 18 21,4,a12 a13 a18 a21,0,0,0,0,34,39
4,12 13 18 22,0,,1,1,1,0,0,58
4,12 13 18 22,1,a12,0,0,0,0,31,58
4,12 13 18 22,1,a13,0,0,0,0,19,58
4,12 13 18 22,2,a12 a13,0,0,0,0,38,58
4,12 13 18 22,1,a18,1,1,1,0,7,58
4,12 13 18 22,2,a12 a18,0,0,0,0,38,58
4,12 13 18 22,2,a13 a18,0,0,0,0,26,58
4,12 13 18 22,3,a12 a13 a18,0,0,0,0,45,58
4,12 13 18 22,1,a22,1,1,1,0,19,58
4,12 13 18 22,2,a12 a22,0,0,0,0,38,58
4,12 13 18 22,2,a13 a22,0,0,0,0,38,58
4,12 13 18 22,3,a12 a13 a22,0,0,0,0,45,58
4,12 13 18 22,2,a18 a22,1,1,1,0,26,58
4,12 13 18 22,3,a12 a18 a22,0,0,0,0,45,58
4,12 13 18 22,3,a13 a18 a22,0,0,0,0,45,58
4,12 13 18 22,4,a12 a13 a18 a22,0,0,0,0,52,58
4,12 13 18 23,0,,1,1,1,0,0,116
4,12 13 18 23,1,a12,0,0,0,0,25,116
4,12 13 18 23,1,a13,0,0,0,0,64,116
4,12 13 18 23,2,a12 a13,0,0,0,0,73,116
4,12 13 18 23,1,a18,1,1,1,0,48,116
4,12 13 18 23,2,a12 a18,0,0,0,0,73,116
4,12 13 18 23,2,a13 a18,0,0,0,0,90,116
4,12 13 18 23,3,a12 a13 a18,0,0,0,0,99,116
4,12 13 18 23,1,a23,1,1,1,0,62,116
4,12 13 18 23,2,a12 a23,0,0,0,0,87,116
4,12 13 18 23,2,a13 a23,0,0,0,0,89,116
4,12 13 18 23,3,a12 a13 a23,0,0,0,0,98,116
4,12 13 18 23,2,a18 a23,1,1,1,0,73,116
4,12 13 18 23,3,a12 a18 a23,0,0,0,0,98,116
4,12 13 18 23,3,a13 a18 a23,0,0,0,0,99,116
4,12 13 18 23,4,a12 a13 a18 a23,0,0,0,0,108,116
4,12 13 18 24,0,,1,1,1,0,0,58
4,12 13 18 24,1,a12,0,0,0,0,19,58
4,12 13 18 24,1,a13,0,0,0,0,19,58
4,12 13 18 24,2,a12 a13,0,0,0,0,26,58
4,12 13 18 24,1,a18,1,1,1,0,19,58
4,12 13 18 24,2,a12 a18,0,0,0,0,38,58
4,12 13 18 24,2,a13 a18,0,0,0,0,38,58
4,12 13 18 24,3,a12 a13 a18,0,0,0,0,45,58
4,12 13 18 24,1,a24,1,1,1,0,19,58
4,12 13 18 24,2,a12 a24,0,0,0,0,38,58
4,12 13 18 24,2,a13 a24,0,0,0,0,38,58
4,12 13 18 24,3,a12 a13 a24,0,0,0,0,45,58
4,12 13 18 24,2,a18 a24,1,1,1,0,26,58
4,12 13 18 24,3,a12 a18 a24,0,0,0,0,45,58
4,12 13 18 24,3,a13 a18 a24,0,0,0,0,45,58
4,12 13 18 24,4,a12 a13 a18 a24,0,0,0,0,52,58
4,12 13 18 25,0,,1,1,1,0,0,116
4,12 13 18 25,1,a12,0,0,0,0,64,116
4,12 13 18 25,1,a13,0,0,0,0,25,116
4,12 13 18 25,2,a12 a13,0,0,0,0,73,116
4,12 13 18 25,1,a18,1,1,1,0,48,116
4,12 13 18 25,2,a12 a18,0,0,0,0,90,116
4,12 13 18 25,2,a13 a18,0,0,0,0,73,116
4,12 13 18 25,3,a12 a13 a18,0,0,0,0,99,116
4,12 13 18 25,1,a25,1,1,1,0,62,116
4,12 13 18 25,2,a12 a25,0,0,0,0,89,116
4,12 13 18 25,2,a13 a25,0,0,0,0,87,116
4,12 13 18 25,3,a12 a13 a25,0,0,0,0,98,116
4,12 13 18 25,2,a18 a25,1,1,1,0,73,116
4,12 13 18 25,3,a12 a18 a25,0,0,0,0,99,116
4,12 13 18 25,3,a13 a18 a25,0,0,0,0,98,116
4,12 13 18 25,4,a12 a13 a18 a25,0,0,0,0,108,116
4,12 13 19 20,0,,1,1,1,0,0,88
4,12 13 19 20,1,a12,0,0,0,0,36,88
4,12 13 19 20,1,a13,0,0,0,0,36,88
4,12 13 19 20,2,a12 a13,0,0,0,0,58,88
4,12 13 19 20,1,a19,1,1,1,0,29,88
4,12 13 19 20,2,a12 a19,0,0,0,0,51,88
4,12 13 19 20,2,a13 a19,0,0,0,0,65,88
4,12 13 19 20,3,a12 a13 a19,0,0,0,0,73,88
4,12 13 19 20,1,a20,1,1,1,0,36,88
4,12 13 19 20,2,a12 a20,0,0,0,0,65,88
4,12 13 19 20,2,a13 a20,0,0,0,0,58,88
4,12 13 19 20,3,a12 a13 a20,0,0,0,0,73,88
4,12 13 19 20,2,a19 a20,1,1,1,0,51,88
4,12 13 19 20,3,a12 a19 a20,0,0,0,0,73,88
4,12 13 19 20,3,a13 a19 a20,0,0,0,0,73,88
4,12 13 19 20,4,a12 a13 a19 a20,0,0,0,0,81,88
4,12 13 19 21,0,,1,1,1,0,0,58
4,12 13 19 21,1,a12,0,0,0,0,31,58
4,12 13 19 21,1,a13,0,0,0,0,19,58
4,12 13 19 21,2,a12 a13,0,0,0,0,38,58
4,12 13 19 21,1,a19,1,1,1,0,19,58
4,12 13 19 21,2,a12 a19,0,0,0,0,38,58
4,12 13 19 21,2,a13 a19,0,0,0,0,38,58
4,12 13 19 21,3,a12 a13 a19,0,0,0,0,45,58
4,12 13 19 21,1,a21,1,1,1,0,7,58
4,12 13 19 21,2,a12 a21,0,0,0,0,38,58
4,12 13 19 21,2,a13 a21,0,0,0,0,26,58
4,12 13 19 21,3,a12 a13 a21,0,0,0,0,45,58
4,12 13 19 21,2,a19 a21,1,1,1,0,26,58
4,12 13 19 21,3,a12 a19 a21,0,0,0,0,45,58
4,12 13 19 21,3,a13 a19 a21,0,0,0,0,45,58
4,12 13 19 21,4,a12 a13 a19 a21,0,0,0,0,52,58
4,12 13 19 22,0,,1,1,1,0,0,81
4,12 13 19 22,1,a12,0,0,0,0,50,81
4,12 13 19 22,1,a13,0,0,0,0,22,81
4,12 13 19 22,2,a12 a13,0,0,0,0,58,81
4,12 13 19 22,1,a19,1,1,1,0,22,81
4,12 13 19 22,2,a12 a19,0,0,0,0,58,81
4,12 13 19 22,2,a13 a19,0,0,0,0,44,81
4,12 13 19 22,3,a12 a13 a19,0,0,0,0,66,81
4,12 13 19 22,1,a22,1,1,1,0,22,81
4,12 13 19 22,2,a12 a22,0,0,0,0,58,81
4,12 13 19 22,2,a13 a22,0,0,0,0,44,81
4,12 13 19 22,3,a12 a13 a22,0,0,0,0,66,81
4,12 13 19 22,2,a19 a22,1,1,1,0,44,81
4,12 13 19 22,3,a12 a19 a22,0,0,0,0,66,81
4,12 13 19 22,3,a13 a19 a22,0,0,0,0,66,81
4,12 13 19 22,4,a12 a13 a19 a22,0,0,0,0,74,81
4,12 13 19 23,0,,1,1,1,0,0,224
4,12 13 19 23,1,a12,0,0,0,0,122,224
4,12 13 19 23,1,a13,0,0,0,0,122,224
4,12 13 19 23,2,a12 a13,0,0,0,0,181,224
4,12 13 19 23,1,a19,1,1,1,0,141,224
4,12 13 19 23,2,a12 a19,0,0,0,0,174,224
4,12 13 19 23,2,a13 a19,0,0,0,0,186,224
4,12 13 19 23,3,a12 a13 a19,0,0,0,0,198,224
4,12 13 19 23,1,a23,1,1,1,0,141,224
4,12 13 19 23,2,a12 a23,0,0,0,0,186,224
4,12 13 19 23,2,a13 a23,0,0,0,0,174,224
4,12 13 19 23,3,a12 a13 a23,0,0,0,0,198,224
4,12 13 19 23,2,a19 a23,1,1,1,0,167,224
4,12 13 19 23,3,a12 a19 a23,0,0,0,0,200,224
4,12 13 19 23,3,a13 a19 a23,0,0,0,0,200,224
4,12 13 19 23,4,a12 a13 a19 a23,0,0,0,0,212,224
4,12 13 19 24,0,,1,1,1,0,0,116
4,12 13 19 24,1,a12,0,0,0,0,64,116
4,12 13 19 24,1,a13,0,0,0,0,25,116
4,12 13 19 24,2,a12 a13,0,0,0,0,73,116
4,12 13 19 24,1,a19,1,1,1,0,62,116
4,12 13 19 24,2,a12 a19,0,0,0,0,89,116
4,12 13 19 24,2,a13 a19,0,0,0,0,87,116
4,12 13 19 24,3,a12 a13 a19,0,0,0,0,98,116
4,12 13 19 24,1,a24,1,1,1,0,48,116
4,12 13 19 24,2,a12 a24,0,0,0,0,90,116
4,12 13 19 24,2,a13 a24,0,0,0,0,73,116
4,12 13 19 24,3,a12 a13 a24,0,0,0,0,99,116
4,12 13 19 24,2,a19 a24,1,1,1,0,73,116
4,12 13 19 24,3,a12 a19 a24,0,0,0,0,99,116
4,12 13 19 24,3,a13 a19 a24,0,0,0,0,98,116
4,12 13 19 24,4,a12 a13 a19 a24,0,0,0,0,108,116
4,12 13 19 25,0,,1,1,1,0,0,166
4,12 13 19 25,1,a12,0,0,0,0,114,166
4,12 13 19 25,1,a13,0,0,0,0,28,166
4,12 13 19 25,2,a12 a13,0,0,0,0,124,166
4,12 13 19 25,1,a19,1,1,1,0,87,166
4,12 13 19 25,2,a12 a19,0,0,0,0,135,166
4,12 13 19 25,2,a13 a19,0,0,0,0,115,166
4,12 13 19 25,3,a12 a13 a19,0,0,0,0,145,166
4,12 13 19 25,1,a25,1,1,1,0,87,166
4,12 13 19 25,2,a12 a25,0,0,0,0,135,166
4,12 13 19 25,2,a13 a25,0,0,0,0,115,166
4,12 13 19 25,3,a12 a13 a25,0,0,0,0,145,166
4,12 13 19 25,2,a19 a25,1,1,1,0,116,166
4,12 13 19 25,3,a12 a19 a25,0,0,0,0,146,166
4,12 13 19 25,3,a13 a19 a25,0,0,0,0,144,166
4,12 13 19 25,4,a12 a13 a19 a25,0,0,0,0,156,166
4,12 13 20 21,0,,1,1,1,0,0,44
4,12 13 20 21,1,a12,0,0,0,0,16,44
4,12 13 20 21,1,a13,0,0,0,0,26,44
4,12 13 20 21,2,a12 a13,0,0,0,0,32,44
4,12 13 20 21,1,a20,1,1,1,0,16,44
4,12 13 20 21,2,a12 a20,0,0,0,0,32,44
4,12 13 20 21,2,a13 a20,0,0,0,0,32,44
4,12 13 20 21,3,a12 a13 a20,0,0,0,0,38,44
4,12 13 20 21,1,a21,1,1,1,0,6,44
4,12 13 20 21,2,a12 a21,0,0,0,0,22,44
4,12 13 20 21,2,a13 a21,0,0,0,0,27,44
4,12 13 20 21,3,a12 a13 a21,0,0,0,0,33,44
4,12 13 20 21,2,a20 a21,1,1,1,0,17,44
4,12 13 20 21,3,a12 a20 a21,0,0,0,0,33,44
4,12 13 20 21,3,a13 a20 a21,0,0,0,0,33,44
4,12 13 20 21,4,a12 a13 a20 a21,0,0,0,0,39,44
4,12 13 20 22,0,,1,1,1,0,0,70
4,12 13 20 22,1,a12,0,0,0,0,31,70
4,12 13 20 22,1,a13,0,0,0,0,31,70
4,12 13 20 22,2,a12 a13,0,0,0,0,44,70
4,12 13 20 22,1,a20,1,1,1,0,25,70
4,12 13 20 22,2,a12 a20,0,0,0,0,50,70
4,12 13 20 22,2,a13 a20,0,0,0,0,44,70
4,12 13 20 22,3,a12 a13 a20,0,0,0,0,57,70
4,12 13 20 22,1,a22,1,1,1,0,25,70
4,12 13 20 22,2,a12 a22,0,0,0,0,44,70
4,12 13 20 22,2,a13 a22,0,0,0,0,50,70
4,12 13 20 22,3,a12 a13 a22,0,0,0,0,57,70
4,12 13 20 22,2,a20 a22,1,1,1,0,38,70
4,12 13 20 22,3,a12 a20 a22,0,0,0,0,57,70
4,12 13 20 22,3,a13 a20 a22,0,0,0,0,57,70
4,12 13 20 22,4,a12 a13 a20 a22,0,0,0,0,64,70
4,12 13 20 23,0,,1,1,1,0,0,81
4,12 13 20 23,1,a12,0,0,0,0,22,81
4,12 13 20 23,1,a13,0,0,0,0,50,81
4,12 13 20 23,2,a12 a13,0,0,0,0,58,81
4,12 13 20 23,1,a20,1,1,1,0,22,81
4,12 13 20 23,2,a12 a20,0,0,0,0,44,81
4,12 13 20 23,2,a13 a20,0,0,0,0,58,81
4,12 13 20 23,3,a12 a13 a20,0,0,0,0,66,81
4,12 13 20 23,1,a23,1,1,1,0,22,81
4,12 13 20 23,2,a12 a23,0,0,0,0,44,81
4,12 13 20 23,2,a13 a23,0,0,0,0,58,81
4,12 13 20 23,3,a12 a13 a23,0,0,0,0,66,81
4,12 13 20 23,2,a20 a23,1,1,1,0,44,81
4,12 13 20 23,3,a12 a20 a23,0,0,0,0,66,81
4,12 13 20 23,3,a13 a20 a23,0,0,0,0,66,81
4,12 13 20 23,4,a12 a13 a20 a23,0,0,0,0,74,81
4,12 13 20 24,0,,1,1,1,0,0,58
4,12 13 20 24,1,a12,0,0,0,0,19,58
4,12 13 20 24,1,a13,0,0,0,0,31,58
4,12 13 20 24,2,a12 a13,0,0,0,0,38,58
4,12 13 20 24,1,a20,1,1,1,0,19,58
4,12 13 20 24,2,a12 a20,0,0,0,0,38,58
4,12 13 20 24,2,a13 a20,0,0,0,0,38,58
4,12 13 20 24,3,a12 a13 a20,0,0,0,0,45,58
4,12 13 20 24,1,a24,1,1,1,0,7,58
4,12 13 20 24,2,a12 a24,0,0,0,0,26,58
4,12 13 20 24,2,a13 a24,0,0,0,0,38,58
4,12 13 20 24,3,a12 a13 a24,0,0,0,0,45,58
4,12 13 20 24,2,a20 a24,1,1,1,0,26,58
4,12 13 20 24,3,a12 a20 a24,0,0,0,0,45,58
4,12 13 20 24,3,a13 a20 a24,0,0,0,0,45,58
4,12 13 20 24,4,a12 a13 a20 a24,0,0,0,0,52,58
4,12 13 20 25,0,,1,1,1,0,0,88
4,12 13 20 25,1,a12,0,0,0,0,36,88
4,12 13 20 25,1,a13,0,0,0,0,36,88
4,12 13 20 25,2,a12 a13,0,0,0,0,58,88
4,12 13 20 25,1,a20,1,1,1,0,36,88
4,12 13 20 25,2,a12 a20,0,0,0,0,65,88
4,12 13 20 25,2,a13 a20,0,0,0,0,58,88
4,12 13 20 25,3,a12 a13 a20,0,0,0,0,73,88
4,12 13 20 25,1,a25,1,1,1,0,29,88
4,12 13 20 25,2,a12 a25,0,0,0,0,51,88
4,12 13 20 25,2,a13 a25,0,0,0,0,65,88
4,12 13 20 25,3,a12 a13 a25,0,0,0,0,73,88
4,12 13 20 25,2,a20 a25,1,1,1,0,51,88
4,12 13 20 25,3,a12 a20 a25,0,0,0,0,73,88
4,12 13 20 25,3,a13 a20 a25,0,0,0,0,73,88
4,12 13 20 25,4,a12 a13 a20 a25,0,0,0,0,81,88
4,12 13 21 22,0,,1,1,1,0,0,44
4,12 13 21 22,1,a12,0,0,0,0,26,44
4,12 13 21 22,1,a13,0,0,0,0,16,44
4,12 13 21 22,2,a12 a13,0,0,0,0,32,44
4,12 13 21 22,1,a21,1,1,1,0,6,44
4,12 13 21 22,2,a12 a21,0,0,0,0,27,44
4,12 13 21 22,2,a13 a21,0,0,0,0,22,44
4,12 13 21 22,3,a12 a13 a21,0,0,0,0,33,44
4,12 13 21 22,1,a22,1,1,1,0,16,44
4,12 13 21 22,2,a12 a22,0,0,0,0,32,44
4,12 13 21 22,2,a13 a22,0,0,0,0,32,44
4,12 13 21 22,3,a12 a13 a22,0,0,0,0,38,44
4,12 13 21 22,2,a21 a22,1,1,1,0,17,44
4,12 13 21 22,3,a12 a21 a22,0,0,0,0,33,44
4,12 13 21 22,3,a13 a21 a22,0,0,0,0,33,44
4,12 13 21 22,4,a12 a13 a21 a22,0,0,0,0,39,44
4,12 13 21 23,0,,1,1,1,0,0,58
4,12 13 21 23,1,a12,0,0,0,0,19,58
4,12 13 21 23,1,a13,0,0,0,0,31,58
4,12 13 21 23,2,a12 a13,0,0,0,0,38,58
4,12 13 21 23,1,a21,1,1,1,0,7,58
4,12 13 21 23,2,a12 a21,0,0,0,0,26,58
4,12 13 21 23,2,a13 a21,0,0,0,0,38,58
4,12 13 21 23,3,a12 a13 a21,0,0,0,0,45,58
4,12 13 21 23,1,a23,1,1,1,0,19,58
4,12 13 21 23,2,a12 a23,0,0,0,0,38,58
4,12 13 21 23,2,a13 a23,0,0,0,0,38,58
4,12 13 21 23,3,a12 a13 a23,0,0,0,0,45,58
4,12 13 21 23,2,a21 a23,1,1,1,0,26,58
4,12 13 21 23,3,a12 a21 a23,0,0,0,0,45,58
4,12 13 21 23,3,a13 a21 a23,0,0,0,0,45,58
4,12 13 21 23,4,a12 a13 a21 a23,0,0,0,0,52,58
4,12 13 21 24,0,,1,1,1,0,0,39
4,12 13 21 24,1,a12,0,0,0,0,16,39
4,12 13 21 24,1,a13,0,0,0,0,16,39
4,12 13 21 24,2,a12 a13,0,0,0,0,22,39
4,12 13 21 24,1,a21,1,1,1,0,6,39
4,12 13 21 24,2,a12 a21,0,0,0,0,22,39
4,12 13 21 24,2,a13 a21,0,0,0,0,22,39
4,12 13 21 24,3,a12 a13 a21,0,0,0,0,28,39
4,12 13 21 24,1,a24,1,1,1,0,6,39
4,12 13 21 24,2,a12 a24,0,0,0,0,22,39
4,12 13 21 24,2,a13 a24,0,0,0,0,22,39
4,12 13 21 24,3,a12 a13 a24,0,0,0,0,28,39
4,12 13 21 24,2,a21 a24,1,1,1,0,12,39
4,12 13 21 24,3,a12 a21 a24,0,0,0,0,28,39
4,12 13 21 24,3,a13 a21 a24,0,0,0,0,28,39
4,12 13 21 24,4,a12 a13 a21 a24,0,0,0,0,34,39
4,12 13 21 25,0,,1,1,1,0,0,58
4,12 13 21 25,1,a12,0,0,0,0,31,58
4,12 13 21 25,1,a13,0,0,0,0,19,58
4,12 13 21 25,2,a12 a13,0,0,0,0,38,58
4,12 13 21 25,1,a21,1,1,1,0,7,58
4,12 13 21 25,2,a12 a21,0,0,0,0,38,58
4,12 13 21 25,2,a13 a21,0,0,0,0,26,58
4,12 13 21 25,3,a12 a13 a21,0,0,0,0,45,58
4,12 13 21 25,1,a25,1,1,1,0,19,58
4,12 13 21 25,2,a12 a25,0,0,0,0,38,58
4,12 13 21 25,2,a13 a25,0,0,0,0,38,58
4,12 13 21 25,3,a12 a13 a25,0,0,0,0,45,58
4,12 13 21 25,2,a21 a25,1,1,1,0,26,58
4,12 13 21 25,3,a12 a21 a25,0,0,0,0,45,58
4,12 13 21 25,3,a13 a21 a25,0,0,0,0,45,58
4,12 13 21 25,4,a12 a13 a21 a25,0,0,0,0,52,58
4,12 13 22 23,0,,1,1,1,0,0,88
4,12 13 22 23,1,a12,0,0,0,0,36,88
4,12 13 22 23,1,a13,0,0,0,0,36,88
4,12 13 22 23,2,a12 a13,0,0,0,0,58,88
4,12 13 22 23,1,a22,1,1,1,0,36,88
4,12 13 22 23,2,a12 a22,0,0,0,0,58,88
4,12 13 22 23,2,a13 a22,0,0,0,0,65,88
4,12 13 22 23,3,a12 a13 a22,0,0,0,0,73,88
4,12 13 22 23,1,a23,1,1,1,0,29,88
4,12 13 22 23,2,a12 a23,0,0,0,0,65,88
4,12 13 22 23,2,a13 a23,0,0,0,0,51,88
4,12 13 22 23,3,a12 a13 a23,0,0,0,0,73,88
4,12 13 22 23,2,a22 a23,1,1,1,0,51,88
4,12 13 22 23,3,a12 a22 a23,0,0,0,0,73,88
4,12 13 22 23,3,a13 a22 a23,0,0,0,0,73,88
4,12 13 22 23,4,a12 a13 a22 a23,0,0,0,0,81,88
4,12 13 22 24,0,,1,1,1,0,0,58
4,12 13 22 24,1,a12,0,0,0,0,31,58
4,12 13 22 24,1,a13,0,0,0,0,19,58
4,12 13 22 24,2,a12 a13,0,0,0,0,38,58
4,12 13 22 24,1,a22,1,1,1,0,19,58
4,12 13 22 24,2,a12 a22,0,0,0,0,38,58
4,12 13 22 24,2,a13 a22,0,0,0,0,38,58
4,12 13 22 24,3,a12 a13 a22,0,0,0,0,45,58
4,12 13 22 24,1,a24,1,1,1,0,7,58
4,12 13 22 24,2,a12 a24,0,0,0,0,38,58
4,12 13 22 24,2,a13 a24,0,0,0,0,26,58
4,12 13 22 24,3,a12 a13 a24,0,0,0,0,45,58
4,12 13 22 24,2,a22 a24,1,1,1,0,26,58
4,12 13 22 24,3,a12 a22 a24,0,0,0,0,45,58
4,12 13 22 24,3,a13 a22 a24,0,0,0,0,45,58
4,12 13 22 24,4,a12 a13 a22 a24,0,0,0,0,52,58
4,12 13 22 25,0,,1,1,1,0,0,81
4,12 13 22 25,1,a12,0,0,0,0,50,81
4,12 13 22 25,1,a13,0,0,0,0,22,81
4,12 13 22 25,2,a12 a13,0,0,0,0,58,81
4,12 13 22 25,1,a22,1,1,1,0,22,81
4,12 13 22 25,2,a12 a22,0,0,0,0,58,81
4,12 13 22 25,2,a13 a22,0,0,0,0,44,81
4,12 13 22 25,3,a12 a13 a22,0,0,0,0,66,81
4,12 13 22 25,1,a25,1,1,1,0,22,81
4,12 13 22 25,2,a12 a25,0,0,0,0,58,81
4,12 13 22 25,2,a13 a25,0,0,0,0,44,81
4,12 13 22 25,3,a12 a13 a25,0,0,0,0,66,81
4,12 13 22 25,2,a22 a25,1,1,1,0,44,81
4,12 13 22 25,3,a12 a22 a25,0,0,0,0,66,81
4,12 13 22 25,3,a13 a22 a25,0,0,0,0,66,81
4,12 13 22 25,4,a12 a13 a22 a25,0,0,0,0,74,81
4,12 13 23 24,0,,1,1,1,0,0,44
4,12 13 23 24,1,a12,0,0,0,0,16,44
4,12 13 23 24,1,a13,0,0,0,0,26,44
4,12 13 23 24,2,a12 a13,0,0,0,0,32,44
4,12 13 23 24,1,a23,1,1,1,0,16,44
4,12 13 23 24,2,a12 a23,0,0,0,0,32,44
4,12 13 23 24,2,a13 a23,0,0,0,0,32,44
4,12 13 23 24,3,a12 a13 a23,0,0,0,0,38,44
4,12 13 23 24,1,a24,1,1,1,0,6,44
4,12 13 23 24,2,a12 a24,0,0,0,0,22,44
4,12 13 23 24,2,a13 a24,0,0,0,0,27,44
4,12 13 23 24,3,a12 a13 a24,0,0,0,0,33,44
4,12 13 23 24,2,a23 a24,1,1,1,0,17,44
4,12 13 23 24,3,a12 a23 a24,0,0,0,0,33,44
4,12 13 23 24,3,a13 a23 a24,0,0,0,0,33,44
4,12 13 23 24,4,a12 a13 a23 a24,0,0,0,0,39,44
4,12 13 23 25,0,,1,1,1,0,0,70
4,12 13 23 25,1,a12,0,0,0,0,31,70
4,12 13 23 25,1,a13,0,0,0,0,31,70
4,12 13 23 25,2,a12 a13,0,0,0,0,44,70
4,12 13 23 25,1,a23,1,1,1,0,25,70
4,12 13 23 25,2,a12 a23,0,0,0,0,50,70
4,12 13 23 25,2,a13 a23,0,0,0,0,44,70
4,12 13 23 25,3,a12 a13 a23,0,0,0,0,57,70
4,12 13 23 25,1,a25,1,1,1,0,25,70
4,12 13 23 25,2,a12 a25,0,0,0,0,44,70
4,12 13 23 25,2,a13 a25,0,0,0,0,50,70
4,12 13 23 25,3,a12 a13 a25,0,0,0,0,57,70
4,12 13 23 25,2,a23 a25,1,1,1,0,38,70
4,12 13 23 25,3,a12 a23 a25,0,0,0,0,57,70
4,12 13 23 25,3,a13 a23 a25,0,0,0,0,57,70
4,12 13 23 25,4,a12 a13 a23 a25,0,0,0,0,64,70
4,12 13 24 25,0,,1,1,1,0,0,44
4,12 13 24 25,1,a12,0,0,0,0,26,44
4,12 13 24 25,1,a13,0,0,0,0,16,44
4,12 13 24 25,2,a12 a13,0,0,0,0,32,44
4,12 13 24 25,1,a24,1,1,1,0,6,44
4,12 13 24 25,2,a12 a24,0,0,0,0,27,44
4,12 13 24 25,2,a13 a24,0,0,0,0,22,44
4,12 13 24 25,3,a12 a13 a24,0,0,0,0,33,44
4,12 13 24 25,1,a25,1,1,1,0,16,44
4,12 13 24 25,2,a12 a25,0,0,0,0,32,44
4,12 13 24 25,2,a13 a25,0,0,0,0,32,44
4,12 13 24 25,3,a12 a13 a25,0,0,0,0,38,44
4,12 13 24 25,2,a24 a25,1,1,1,0,17,44
4,12 13 24 25,3,a12 a24 a25,0,0,0,0,33,44
4,12 13 24 25,3,a13 a24 a25,0,0,0,0,33,44
4,12 13 24 25,4,a12 a13 a24 a25,0,0,0,0,39,44
