source_mask,target_mask,source_unsat,target_unsat,closed_accept,witness_rechecked,incremental_match
0,0,0,0,0,0,1
1,1,0,0,0,0,1
1,0,0,0,0,0,1
2,2,0,0,0,0,1
2,0,0,0,0,0,1
3,3,0,0,0,0,1
3,2,0,0,0,0,1
3,1,0,0,0,0,1
3,0,0,0,0,0,1
4,4,0,0,0,0,1
4,0,0,0,0,0,1
5,5,0,0,0,0,1
5,4,0,0,0,0,1
5,1,0,0,0,0,1
5,0,0,0,0,0,1
6,6,0,0,0,0,1
6,4,0,0,0,0,1
6,2,0,0,0,0,1
6,0,0,0,0,0,1
7,7,0,0,0,0,1
7,6,0,0,0,0,1
7,5,0,0,0,0,1
7,4,0,0,0,0,1
7,3,0,0,0,0,1
7,2,0,0,0,0,1
7,1,0,0,0,0,1
7,0,0,0,0,0,1
8,8,0,0,0,0,1
8,0,0,0,0,0,1
9,9,0,0,0,0,1
9,8,0,0,0,0,1
9,1,0,0,0,0,1
9,0,0,0,0,0,1
10,10,0,0,0,0,1
10,8,0,0,0,0,1
10,2,0,0,0,0,1
10,0,0,0,0,0,1
11,11,0,0,0,0,1
11,10,0,0,0,0,1
11,9,0,0,0,0,1
11,8,0,0,0,0,1
11,3,0,0,0,0,1
11,2,0,0,0,0,1
11,1,0,0,0,0,1
11,0,0,0,0,0,1
12,12,0,0,0,0,1
12,8,0,0,0,0,1
12,4,0,0,0,0,1
12,0,0,0,0,0,1
13,13,0,0,0,0,1
13,12,0,0,0,0,1
13,9,0,0,0,0,1
13,8,0,0,0,0,1
13,5,0,0,0,0,1
13,4,0,0,0,0,1
13,1,0,0,0,0,1
13,0,0,0,0,0,1
14,14,0,0,0,0,1
14,12,0,0,0,0,1
14,10,0,0,0,0,1
14,8,0,0,0,0,1
14,6,0,0,0,0,1
14,4,0,0,0,0,1
14,2,0,0,0,0,1
14,0,0,0,0,0,1
15,15,0,0,0,0,1
15,14,0,0,0,0,1
15,13,0,0,0,0,1
15,12,0,0,0,0,1
15,11,0,0,0,0,1
15,10,0,0,0,0,1
15,9,0,0,0,0,1
15,8,0,0,0,0,1
15,7,0,0,0,0,1
15,6,0,0,0,0,1
15,5,0,0,0,0,1
15,4,0,0,0,0,1
15,3,0,0,0,0,1
15,2,0,0,0,0,1
15,1,0,0,0,0,1
15,0,0,0,0,0,1
16,16,1,1,1,1,1
16,0,1,0,0,0,1
17,17,1,1,1,1,1
17,16,1,1,1,1,1
17,1,1,0,0,0,1
17,0,1,0,0,0,1
18,18,1,1,1,1,1
18,16,1,1,1,1,1
18,2,1,0,0,0,1
18,0,1,0,0,0,1
19,19,1,1,1,1,1
19,18,1,1,1,1,1
19,17,1,1,1,1,1
19,16,1,1,1,1,1
19,3,1,0,0,0,1
19,2,1,0,0,0,1
19,1,1,0,0,0,1
19,0,1,0,0,0,1
20,20,1,1,1,1,1
20,16,1,1,1,1,1
20,4,1,0,0,0,1
20,0,1,0,0,0,1
21,21,1,1,1,1,1
21,20,1,1,1,1,1
21,17,1,1,1,1,1
21,16,1,1,1,1,1
21,5,1,0,0,0,1
21,4,1,0,0,0,1
21,1,1,0,0,0,1
21,0,1,0,0,0,1
22,22,1,1,1,1,1
22,20,1,1,1,1,1
22,18,1,1,1,1,1
22,16,1,1,1,1,1
22,6,1,0,0,0,1
22,4,1,0,0,0,1
22,2,1,0,0,0,1
22,0,1,0,0,0,1
23,23,1,1,1,1,1
23,22,1,1,1,1,1
23,21,1,1,1,1,1
23,20,1,1,1,1,1
23,19,1,1,1,1,1
23,18,1,1,1,1,1
23,17,1,1,1,1,1
23,16,1,1,1,1,1
23,7,1,0,0,0,1
23,6,1,0,0,0,1
23,5,1,0,0,0,1
23,4,1,0,0,0,1
23,3,1,0,0,0,1
23,2,1,0,0,0,1
23,1,1,0,0,0,1
23,0,1,0,0,0,1
24,24,1,1,1,1,1
24,16,1,1,1,1,1
24,8,1,0,0,0,1
24,0,1,0,0,0,1
25,25,1,1,1,1,1
25,24,1,1,1,1,1
25,17,1,1,1,1,1
25,16,1,1,1,1,1
25,9,1,0,0,0,1
25,8,1,0,0,0,1
25,1,1,0,0,0,1
25,0,1,0,0,0,1
26,26,1,1,1,1,1
26,24,1,1,1,1,1
26,18,1,1,1,1,1
26,16,1,1,1,1,1
26,10,1,0,0,0,1
26,8,1,0,0,0,1
26,2,1,0,0,0,1
26,0,1,0,0,0,1
27,27,1,1,1,1,1
27,26,1,1,1,1,1
27,25,1,1,1,1,1
27,24,1,1,1,1,1
27,19,1,1,1,1,1
27,18,1,1,1,1,1
27,17,1,1,1,1,1
27,16,1,1,1,1,1
27,11,1,0,0,0,1
27,10,1,0,0,0,1
27,9,1,0,0,0,1
27,8,1,0,0,0,1
27,3,1,0,0,0,1
27,2,1,0,0,0,1
27,1,1,0,0,0,1
27,0,1,0,0,0,1
28,28,1,1,1,1,1
28,24,1,1,1,1,1
28,20,1,1,1,1,1
28,16,1,1,1,1,1
28,12,1,0,0,0,1
28,8,1,0,0,0,1
28,4,1,0,0,0,1
28,0,1,0,0,0,1
29,29,1,1,1,1,1
29,28,1,1,1,1,1
29,25,1,1,1,1,1
29,24,1,1,1,1,1
29,21,1,1,1,1,1
29,20,1,1,1,1,1
29,17,1,1,1,1,1
29,16,1,1,1,1,1
29,13,1,0,0,0,1
29,12,1,0,0,0,1
29,9,1,0,0,0,1
29,8,1,0,0,0,1
29,5,1,0,0,0,1
29,4,1,0,0,0,1
29,1,1,0,0,0,1
29,0,1,0,0,0,1
30,30,1,1,1,1,1
30,28,1,1,1,1,1
30,26,1,1,1,1,1
30,24,1,1,1,1,1
30,22,1,1,1,1,1
30,20,1,1,1,1,1
30,18,1,1,1,1,1
30,16,1,1,1,1,1
30,14,1,0,0,0,1
30,12,1,0,0,0,1
30,10,1,0,0,0,1
30,8,1,0,0,0,1
30,6,1,0,0,0,1
30,4,1,0,0,0,1
30,2,1,0,0,0,1
30,0,1,0,0,0,1
31,31,1,1,1,1,1
31,30,1,1,1,1,1
31,29,1,1,1,1,1
31,28,1,1,1,1,1
31,27,1,1,1,1,1
31,26,1,1,1,1,1
31,25,1,1,1,1,1
31,24,1,1,1,1,1
31,23,1,1,1,1,1
31,22,1,1,1,1,1
31,21,1,1,1,1,1
31,20,1,1,1,1,1
31,19,1,1,1,1,1
31,18,1,1,1,1,1
31,17,1,1,1,1,1
31,16,1,1,1,1,1
31,15,1,0,0,0,1
31,14,1,0,0,0,1
31,13,1,0,0,0,1
31,12,1,0,0,0,1
31,11,1,0,0,0,1
31,10,1,0,0,0,1
31,9,1,0,0,0,1
31,8,1,0,0,0,1
31,7,1,0,0,0,1
31,6,1,0,0,0,1
31,5,1,0,0,0,1
31,4,1,0,0,0,1
31,3,1,0,0,0,1
31,2,1,0,0,0,1
31,1,1,0,0,0,1
31,0,1,0,0,0,1
32,32,0,0,0,0,1
32,0,0,0,0,0,1
33,33,0,0,0,0,1
33,32,0,0,0,0,1
33,1,0,0,0,0,1
33,0,0,0,0,0,1
34,34,0,0,0,0,1
34,32,0,0,0,0,1
34,2,0,0,0,0,1
34,0,0,0,0,0,1
35,35,0,0,0,0,1
35,34,0,0,0,0,1
35,33,0,0,0,0,1
35,32,0,0,0,0,1
35,3,0,0,0,0,1
35,2,0,0,0,0,1
35,1,0,0,0,0,1
35,0,0,0,0,0,1
36,36,0,0,0,0,1
36,32,0,0,0,0,1
36,4,0,0,0,0,1
36,0,0,0,0,0,1
37,37,0,0,0,0,1
37,36,0,0,0,0,1
37,33,0,0,0,0,1
37,32,0,0,0,0,1
37,5,0,0,0,0,1
37,4,0,0,0,0,1
37,1,0,0,0,0,1
37,0,0,0,0,0,1
38,38,0,0,0,0,1
38,36,0,0,0,0,1
38,34,0,0,0,0,1
38,32,0,0,0,0,1
38,6,0,0,0,0,1
38,4,0,0,0,0,1
38,2,0,0,0,0,1
38,0,0,0,0,0,1
39,39,0,0,0,0,1
39,38,0,0,0,0,1
39,37,0,0,0,0,1
39,36,0,0,0,0,1
39,35,0,0,0,0,1
39,34,0,0,0,0,1
39,33,0,0,0,0,1
39,32,0,0,0,0,1
39,7,0,0,0,0,1
39,6,0,0,0,0,1
39,5,0,0,0,0,1
39,4,0,0,0,0,1
39,3,0,0,0,0,1
39,2,0,0,0,0,1
39,1,0,0,0,0,1
39,0,0,0,0,0,1
40,40,1,1,1,1,1
40,32,1,0,0,0,1
40,8,1,0,0,0,1
40,0,1,0,0,0,1
41,41,1,1,1,1,1
41,40,1,1,1,1,1
41,33,1,0,0,0,1
41,32,1,0,0,0,1
41,9,1,0,0,0,1
41,8,1,0,0,0,1
41,1,1,0,0,0,1
41,0,1,0,0,0,1
42,42,1,1,1,1,1
42,40,1,1,1,1,1
42,34,1,0,0,0,1
42,32,1,0,0,0,1
42,10,1,0,0,0,1
42,8,1,0,0,0,1
42,2,1,0,0,0,1
42,0,1,0,0,0,1
43,43,1,1,1,1,1
43,42,1,1,1,1,1
43,41,1,1,1,1,1
43,40,1,1,1,1,1
43,35,1,0,0,0,1
43,34,1,0,0,0,1
43,33,1,0,0,0,1
43,32,1,0,0,0,1
43,11,1,0,0,0,1
43,10,1,0,0,0,1
43,9,1,0,0,0,1
43,8,1,0,0,0,1
43,3,1,0,0,0,1
43,2,1,0,0,0,1
43,1,1,0,0,0,1
43,0,1,0,0,0,1
44,44,1,1,1,1,1
44,40,1,1,1,1,1
44,36,1,0,0,0,1
44,32,1,0,0,0,1
44,12,1,0,0,0,1
44,8,1,0,0,0,1
44,4,1,0,0,0,1
44,0,1,0,0,0,1
45,45,1,1,1,1,1
45,44,1,1,1,1,1
45,41,1,1,1,1,1
45,40,1,1,1,1,1
45,37,1,0,0,0,1
45,36,1,0,0,0,1
45,33,1,0,0,0,1
45,32,1,0,0,0,1
45,13,1,0,0,0,1
45,12,1,0,0,0,1
45,9,1,0,0,0,1
45,8,1,0,0,0,1
45,5,1,0,0,0,1
45,4,1,0,0,0,1
45,1,1,0,0,0,1
45,0,1,0,0,0,1
46,46,1,1,1,1,1
46,44,1,1,1,1,1
46,42,1,1,1,1,1
46,40,1,1,1,1,1
46,38,1,0,0,0,1
46,36,1,0,0,0,1
46,34,1,0,0,0,1
46,32,1,0,0,0,1
46,14,1,0,0,0,1
46,12,1,0,0,0,1
46,10,1,0,0,0,1
46,8,1,0,0,0,1
46,6,1,0,0,0,1
46,4,1,0,0,0,1
46,2,1,0,0,0,1
46,0,1,0,0,0,1
47,47,1,1,1,1,1
47,46,1,1,1,1,1
47,45,1,1,1,1,1
47,44,1,1,1,1,1
47,43,1,1,1,1,1
47,42,1,1,1,1,1
47,41,1,1,1,1,1
47,40,1,1,1,1,1
47,39,1,0,0,0,1
47,38,1,0,0,0,1
47,37,1,0,0,0,1
47,36,1,0,0,0,1
47,35,1,0,0,0,1
47,34,1,0,0,0,1
47,33,1,0,0,0,1
47,32,1,0,0,0,1
47,15,1,0,0,0,1
47,14,1,0,0,0,1
47,13,1,0,0,0,1
47,12,1,0,0,0,1
47,11,1,0,0,0,1
47,10,1,0,0,0,1
47,9,1,0,0,0,1
47,8,1,0,0,0,1
47,7,1,0,0,0,1
47,6,1,0,0,0,1
47,5,1,0,0,0,1
47,4,1,0,0,0,1
47,3,1,0,0,0,1
47,2,1,0,0,0,1
47,1,1,0,0,0,1
47,0,1,0,0,0,1
48,48,1,1,1,1,1
48,32,1,0,0,0,1
48,16,1,1,1,1,1
48,0,1,0,0,0,1
49,49,1,1,1,1,1
49,48,1,1,1,1,1
49,33,1,0,0,0,1
49,32,1,0,0,0,1
49,17,1,1,1,1,1
49,16,1,1,1,1,1
49,1,1,0,0,0,1
49,0,1,0,0,0,1
50,50,1,1,1,1,1
50,48,1,1,1,1,1
50,34,1,0,0,0,1
50,32,1,0,0,0,1
50,18,1,1,1,1,1
50,16,1,1,1,1,1
50,2,1,0,0,0,1
50,0,1,0,0,0,1
51,51,1,1,1,1,1
51,50,1,1,1,1,1
51,49,1,1,1,1,1
51,48,1,1,1,1,1
51,35,1,0,0,0,1
51,34,1,0,0,0,1
51,33,1,0,0,0,1
51,32,1,0,0,0,1
51,19,1,1,1,1,1
51,18,1,1,1,1,1
51,17,1,1,1,1,1
51,16,1,1,1,1,1
51,3,1,0,0,0,1
51,2,1,0,0,0,1
51,1,1,0,0,0,1
51,0,1,0,0,0,1
52,52,1,1,1,1,1
52,48,1,1,1,1,1
52,36,1,0,0,0,1
52,32,1,0,0,0,1
52,20,1,1,1,1,1
52,16,1,1,1,1,1
52,4,1,0,0,0,1
52,0,1,0,0,0,1
53,53,1,1,1,1,1
53,52,1,1,1,1,1
53,49,1,1,1,1,1
53,48,1,1,1,1,1
53,37,1,0,0,0,1
53,36,1,0,0,0,1
53,33,1,0,0,0,1
53,32,1,0,0,0,1
53,21,1,1,1,1,1
53,20,1,1,1,1,1
53,17,1,1,1,1,1
53,16,1,1,1,1,1
53,5,1,0,0,0,1
53,4,1,0,0,0,1
53,1,1,0,0,0,1
53,0,1,0,0,0,1
54,54,1,1,1,1,1
54,52,1,1,1,1,1
54,50,1,1,1,1,1
54,48,1,1,1,1,1
54,38,1,0,0,0,1
54,36,1,0,0,0,1
54,34,1,0,0,0,1
54,32,1,0,0,0,1
54,22,1,1,1,1,1
54,20,1,1,1,1,1
54,18,1,1,1,1,1
54,16,1,1,1,1,1
54,6,1,0,0,0,1
54,4,1,0,0,0,1
54,2,1,0,0,0,1
54,0,1,0,0,0,1
55,55,1,1,1,1,1
55,54,1,1,1,1,1
55,53,1,1,1,1,1
55,52,1,1,1,1,1
55,51,1,1,1,1,1
55,50,1,1,1,1,1
55,49,1,1,1,1,1
55,48,1,1,1,1,1
55,39,1,0,0,0,1
55,38,1,0,0,0,1
55,37,1,0,0,0,1
55,36,1,0,0,0,1
55,35,1,0,0,0,1
55,34,1,0,0,0,1
55,33,1,0,0,0,1
55,32,1,0,0,0,1
55,23,1,1,1,1,1
55,22,1,1,1,1,1
55,21,1,1,1,1,1
55,20,1,1,1,1,1
55,19,1,1,1,1,1
55,18,1,1,1,1,1
55,17,1,1,1,1,1
55,16,1,1,1,1,1
55,7,1,0,0,0,1
55,6,1,0,0,0,1
55,5,1,0,0,0,1
55,4,1,0,0,0,1
55,3,1,0,0,0,1
55,2,1,0,0,0,1
55,1,1,0,0,0,1
55,0,1,0,0,0,1
56,56,1,1,1,1,1
56,48,1,1,1,1,1
56,40,1,1,1,1,1
56,32,1,0,0,0,1
56,24,1,1,1,1,1
56,16,1,1,1,1,1
56,8,1,0,0,0,1
56,0,1,0,0,0,1
57,57,1,1,1,1,1
57,56,1,1,1,1,1
57,49,1,1,1,1,1
57,48,1,1,1,1,1
57,41,1,1,1,1,1
57,40,1,1,1,1,1
57,33,1,0,0,0,1
57,32,1,0,0,0,1
57,25,1,1,1,1,1
57,24,1,1,1,1,1
57,17,1,1,1,1,1
57,16,1,1,1,1,1
57,9,1,0,0,0,1
57,8,1,0,0,0,1
57,1,1,0,0,0,1
57,0,1,0,0,0,1
58,58,1,1,1,1,1
58,56,1,1,1,1,1
58,50,1,1,1,1,1
58,48,1,1,1,1,1
58,42,1,1,1,1,1
58,40,1,1,1,1,1
58,34,1,0,0,0,1
58,32,1,0,0,0,1
58,26,1,1,1,1,1
58,24,1,1,1,1,1
58,18,1,1,1,1,1
58,16,1,1,1,1,1
58,10,1,0,0,0,1
58,8,1,0,0,0,1
58,2,1,0,0,0,1
58,0,1,0,0,0,1
59,59,1,1,1,1,1
59,58,1,1,1,1,1
59,57,1,1,1,1,1
59,56,1,1,1,1,1
59,51,1,1,1,1,1
59,50,1,1,1,1,1
59,49,1,1,1,1,1
59,48,1,1,1,1,1
59,43,1,1,1,1,1
59,42,1,1,1,1,1
59,41,1,1,1,1,1
59,40,1,1,1,1,1
59,35,1,0,0,0,1
59,34,1,0,0,0,1
59,33,1,0,0,0,1
59,32,1,0,0,0,1
59,27,1,1,1,1,1
59,26,1,1,1,1,1
59,25,1,1,1,1,1
59,24,1,1,1,1,1
59,19,1,1,1,1,1
59,18,1,1,1,1,1
59,17,1,1,1,1,1
59,16,1,1,1,1,1
59,11,1,0,0,0,1
59,10,1,0,0,0,1
59,9,1,0,0,0,1
59,8,1,0,0,0,1
59,3,1,0,0,0,1
59,2,1,0,0,0,1
59,1,1,0,0,0,1
59,0,1,0,0,0,1
60,60,1,1,1,1,1
60,56,1,1,1,1,1
60,52,1,1,1,1,1
60,48,1,1,1,1,1
60,44,1,1,1,1,1
60,40,1,1,1,1,1
60,36,1,0,0,0,1
60,32,1,0,0,0,1
60,28,1,1,1,1,1
60,24,1,1,1,1,1
60,20,1,1,1,1,1
60,16,1,1,1,1,1
60,12,1,0,0,0,1
60,8,1,0,0,0,1
60,4,1,0,0,0,1
60,0,1,0,0,0,1
61,61,1,1,1,1,1
61,60,1,1,1,1,1
61,57,1,1,1,1,1
61,56,1,1,1,1,1
61,53,1,1,1,1,1
61,52,1,1,1,1,1
61,49,1,1,1,1,1
61,48,1,1,1,1,1
61,45,1,1,1,1,1
61,44,1,1,1,1,1
61,41,1,1,1,1,1
61,40,1,1,1,1,1
61,37,1,0,0,0,1
61,36,1,0,0,0,1
61,33,1,0,0,0,1
61,32,1,0,0,0,1
61,29,1,1,1,1,1
61,28,1,1,1,1,1
61,25,1,1,1,1,1
61,24,1,1,1,1,1
61,21,1,1,1,1,1
61,20,1,1,1,1,1
61,17,1,1,1,1,1
61,16,1,1,1,1,1
61,13,1,0,0,0,1
61,12,1,0,0,0,1
61,9,1,0,0,0,1
61,8,1,0,0,0,1
61,5,1,0,0,0,1
61,4,1,0,0,0,1
61,1,1,0,0,0,1
61,0,1,0,0,0,1
62,62,1,1,1,1,1
62,60,1,1,1,1,1
62,58,1,1,1,1,1
62,56,1,1,1,1,1
62,54,1,1,1,1,1
62,52,1,1,1,1,1
62,50,1,1,1,1,1
62,48,1,1,1,1,1
62,46,1,1,1,1,1
62,44,1,1,1,1,1
62,42,1,1,1,1,1
62,40,1,1,1,1,1
62,38,1,0,0,0,1
62,36,1,0,0,0,1
62,34,1,0,0,0,1
62,32,1,0,0,0,1
62,30,1,1,1,1,1
62,28,1,1,1,1,1
62,26,1,1,1,1,1
62,24,1,1,1,1,1
62,22,1,1,1,1,1
62,20,1,1,1,1,1
62,18,1,1,1,1,1
62,16,1,1,1,1,1
62,14,1,0,0,0,1
62,12,1,0,0,0,1
62,10,1,0,0,0,1
62,8,1,0,0,0,1
62,6,1,0,0,0,1
62,4,1,0,0,0,1
62,2,1,0,0,0,1
62,0,1,0,0,0,1
63,63,1,1,1,1,1
63,62,1,1,1,1,1
63,61,1,1,1,1,1
63,60,1,1,1,1,1
63,59,1,1,1,1,1
63,58,1,1,1,1,1
63,57,1,1,1,1,1
63,56,1,1,1,1,1
63,55,1,1,1,1,1
63,54,1,1,1,1,1
63,53,1,1,1,1,1
63,52,1,1,1,1,1
63,51,1,1,1,1,1
63,50,1,1,1,1,1
63,49,1,1,1,1,1
63,48,1,1,1,1,1
63,47,1,1,1,1,1
63,46,1,1,1,1,1
63,45,1,1,1,1,1
63,44,1,1,1,1,1
63,43,1,1,1,1,1
63,42,1,1,1,1,1
63,41,1,1,1,1,1
63,40,1,1,1,1,1
63,39,1,0,0,0,1
63,38,1,0,0,0,1
63,37,1,0,0,0,1
63,36,1,0,0,0,1
63,35,1,0,0,0,1
63,34,1,0,0,0,1
63,33,1,0,0,0,1
63,32,1,0,0,0,1
63,31,1,1,1,1,1
63,30,1,1,1,1,1
63,29,1,1,1,1,1
63,28,1,1,1,1,1
63,27,1,1,1,1,1
63,26,1,1,1,1,1
63,25,1,1,1,1,1
63,24,1,1,1,1,1
63,23,1,1,1,1,1
63,22,1,1,1,1,1
63,21,1,1,1,1,1
63,20,1,1,1,1,1
63,19,1,1,1,1,1
63,18,1,1,1,1,1
63,17,1,1,1,1,1
63,16,1,1,1,1,1
63,15,1,0,0,0,1
63,14,1,0,0,0,1
63,13,1,0,0,0,1
63,12,1,0,0,0,1
63,11,1,0,0,0,1
63,10,1,0,0,0,1
63,9,1,0,0,0,1
63,8,1,0,0,0,1
63,7,1,0,0,0,1
63,6,1,0,0,0,1
63,5,1,0,0,0,1
63,4,1,0,0,0,1
63,3,1,0,0,0,1
63,2,1,0,0,0,1
63,1,1,0,0,0,1
63,0,1,0,0,0,1
64,64,0,0,0,0,1
64,0,0,0,0,0,1
65,65,0,0,0,0,1
65,64,0,0,0,0,1
65,1,0,0,0,0,1
65,0,0,0,0,0,1
66,66,0,0,0,0,1
66,64,0,0,0,0,1
66,2,0,0,0,0,1
66,0,0,0,0,0,1
67,67,0,0,0,0,1
67,66,0,0,0,0,1
67,65,0,0,0,0,1
67,64,0,0,0,0,1
67,3,0,0,0,0,1
67,2,0,0,0,0,1
67,1,0,0,0,0,1
67,0,0,0,0,0,1
68,68,0,0,0,0,1
68,64,0,0,0,0,1
68,4,0,0,0,0,1
68,0,0,0,0,0,1
69,69,0,0,0,0,1
69,68,0,0,0,0,1
69,65,0,0,0,0,1
69,64,0,0,0,0,1
69,5,0,0,0,0,1
69,4,0,0,0,0,1
69,1,0,0,0,0,1
69,0,0,0,0,0,1
70,70,0,0,0,0,1
70,68,0,0,0,0,1
70,66,0,0,0,0,1
70,64,0,0,0,0,1
70,6,0,0,0,0,1
70,4,0,0,0,0,1
70,2,0,0,0,0,1
70,0,0,0,0,0,1
71,71,0,0,0,0,1
71,70,0,0,0,0,1
71,69,0,0,0,0,1
71,68,0,0,0,0,1
71,67,0,0,0,0,1
71,66,0,0,0,0,1
71,65,0,0,0,0,1
71,64,0,0,0,0,1
71,7,0,0,0,0,1
71,6,0,0,0,0,1
71,5,0,0,0,0,1
71,4,0,0,0,0,1
71,3,0,0,0,0,1
71,2,0,0,0,0,1
71,1,0,0,0,0,1
71,0,0,0,0,0,1
72,72,0,0,0,0,1
72,64,0,0,0,0,1
72,8,0,0,0,0,1
72,0,0,0,0,0,1
73,73,0,0,0,0,1
73,72,0,0,0,0,1
73,65,0,0,0,0,1
73,64,0,0,0,0,1
73,9,0,0,0,0,1
73,8,0,0,0,0,1
73,1,0,0,0,0,1
73,0,0,0,0,0,1
74,74,0,0,0,0,1
74,72,0,0,0,0,1
74,66,0,0,0,0,1
74,64,0,0,0,0,1
74,10,0,0,0,0,1
74,8,0,0,0,0,1
74,2,0,0,0,0,1
74,0,0,0,0,0,1
75,75,0,0,0,0,1
75,74,0,0,0,0,1
75,73,0,0,0,0,1
75,72,0,0,0,0,1
75,67,0,0,0,0,1
75,66,0,0,0,0,1
75,65,0,0,0,0,1
75,64,0,0,0,0,1
75,11,0,0,0,0,1
75,10,0,0,0,0,1
75,9,0,0,0,0,1
75,8,0,0,0,0,1
75,3,0,0,0,0,1
75,2,0,0,0,0,1
75,1,0,0,0,0,1
75,0,0,0,0,0,1
76,76,0,0,0,0,1
76,72,0,0,0,0,1
76,68,0,0,0,0,1
76,64,0,0,0,0,1
76,12,0,0,0,0,1
76,8,0,0,0,0,1
76,4,0,0,0,0,1
76,0,0,0,0,0,1
77,77,0,0,0,0,1
77,76,0,0,0,0,1
77,73,0,0,0,0,1
77,72,0,0,0,0,1
77,69,0,0,0,0,1
77,68,0,0,0,0,1
77,65,0,0,0,0,1
77,64,0,0,0,0,1
77,13,0,0,0,0,1
77,12,0,0,0,0,1
77,9,0,0,0,0,1
77,8,0,0,0,0,1
77,5,0,0,0,0,1
77,4,0,0,0,0,1
77,1,0,0,0,0,1
77,0,0,0,0,0,1
78,78,0,0,0,0,1
78,76,0,0,0,0,1
78,74,0,0,0,0,1
78,72,0,0,0,0,1
78,70,0,0,0,0,1
78,68,0,0,0,0,1
78,66,0,0,0,0,1
78,64,0,0,0,0,1
78,14,0,0,0,0,1
78,12,0,0,0,0,1
78,10,0,0,0,0,1
78,8,0,0,0,0,1
78,6,0,0,0,0,1
78,4,0,0,0,0,1
78,2,0,0,0,0,1
78,0,0,0,0,0,1
79,79,0,0,0,0,1
79,78,0,0,0,0,1
79,77,0,0,0,0,1
79,76,0,0,0,0,1
79,75,0,0,0,0,1
79,74,0,0,0,0,1
79,73,0,0,0,0,1
79,72,0,0,0,0,1
79,71,0,0,0,0,1
79,70,0,0,0,0,1
79,69,0,0,0,0,1
79,68,0,0,0,0,1
79,67,0,0,0,0,1
79,66,0,0,0,0,1
79,65,0,0,0,0,1
79,64,0,0,0,0,1
79,15,0,0,0,0,1
79,14,0,0,0,0,1
79,13,0,0,0,0,1
79,12,0,0,0,0,1
79,11,0,0,0,0,1
79,10,0,0,0,0,1
79,9,0,0,0,0,1
79,8,0,0,0,0,1
79,7,0,0,0,0,1
79,6,0,0,0,0,1
79,5,0,0,0,0,1
79,4,0,0,0,0,1
79,3,0,0,0,0,1
79,2,0,0,0,0,1
79,1,0,0,0,0,1
79,0,0,0,0,0,1
80,80,1,1,1,1,1
80,64,1,0,0,0,1
80,16,1,1,1,1,1
80,0,1,0,0,0,1
81,81,1,1,1,1,1
81,80,1,1,1,1,1
81,65,1,0,0,0,1
81,64,1,0,0,0,1
81,17,1,1,1,1,1
81,16,1,1,1,1,1
81,1,1,0,0,0,1
81,0,1,0,0,0,1
82,82,1,1,1,1,1
82,80,1,1,1,1,1
82,66,1,0,0,0,1
82,64,1,0,0,0,1
82,18,1,1,1,1,1
82,16,1,1,1,1,1
82,2,1,0,0,0,1
82,0,1,0,0,0,1
83,83,1,1,1,1,1
83,82,1,1,1,1,1
83,81,1,1,1,1,1
83,80,1,1,1,1,1
83,67,1,0,0,0,1
83,66,1,0,0,0,1
83,65,1,0,0,0,1
83,64,1,0,0,0,1
83,19,1,1,1,1,1
83,18,1,1,1,1,1
83,17,1,1,1,1,1
83,16,1,1,1,1,1
83,3,1,0,0,0,1
83,2,1,0,0,0,1
83,1,1,0,0,0,1
83,0,1,0,0,0,1
84,84,1,1,1,1,1
84,80,1,1,1,1,1
84,68,1,0,0,0,1
84,64,1,0,0,0,1
84,20,1,1,1,1,1
84,16,1,1,1,1,1
84,4,1,0,0,0,1
84,0,1,0,0,0,1
85,85,1,1,1,1,1
85,84,1,1,1,1,1
85,81,1,1,1,1,1
85,80,1,1,1,1,1
85,69,1,0,0,0,1
85,68,1,0,0,0,1
85,65,1,0,0,0,1
85,64,1,0,0,0,1
85,21,1,1,1,1,1
85,20,1,1,1,1,1
85,17,1,1,1,1,1
85,16,1,1,1,1,1
85,5,1,0,0,0,1
85,4,1,0,0,0,1
85,1,1,0,0,0,1
85,0,1,0,0,0,1
86,86,1,1,1,1,1
86,84,1,1,1,1,1
86,82,1,1,1,1,1
86,80,1,1,1,1,1
86,70,1,0,0,0,1
86,68,1,0,0,0,1
86,66,1,0,0,0,1
86,64,1,0,0,0,1
86,22,1,1,1,1,1
86,20,1,1,1,1,1
86,18,1,1,1,1,1
86,16,1,1,1,1,1
86,6,1,0,0,0,1
86,4,1,0,0,0,1
86,2,1,0,0,0,1
86,0,1,0,0,0,1
87,87,1,1,1,1,1
87,86,1,1,1,1,1
87,85,1,1,1,1,1
87,84,1,1,1,1,1
87,83,1,1,1,1,1
87,82,1,1,1,1,1
87,81,1,1,1,1,1
87,80,1,1,1,1,1
87,71,1,0,0,0,1
87,70,1,0,0,0,1
87,69,1,0,0,0,1
87,68,1,0,0,0,1
87,67,1,0,0,0,1
87,66,1,0,0,0,1
87,65,1,0,0,0,1
87,64,1,0,0,0,1
87,23,1,1,1,1,1
87,22,1,1,1,1,1
87,21,1,1,1,1,1
87,20,1,1,1,1,1
87,19,1,1,1,1,1
87,18,1,1,1,1,1
87,17,1,1,1,1,1
87,16,1,1,1,1,1
87,7,1,0,0,0,1
87,6,1,0,0,0,1
87,5,1,0,0,0,1
87,4,1,0,0,0,1
87,3,1,0,0,0,1
87,2,1,0,0,0,1
87,1,1,0,0,0,1
87,0,1,0,0,0,1
88,88,1,1,1,1,1
88,80,1,1,1,1,1
88,72,1,0,0,0,1
88,64,1,0,0,0,1
88,24,1,1,1,1,1
88,16,1,1,1,1,1
88,8,1,0,0,0,1
88,0,1,0,0,0,1
89,89,1,1,1,1,1
89,88,1,1,1,1,1
89,81,1,1,1,1,1
89,80,1,1,1,1,1
89,73,1,0,0,0,1
89,72,1,0,0,0,1
89,65,1,0,0,0,1
89,64,1,0,0,0,1
89,25,1,1,1,1,1
89,24,1,1,1,1,1
89,17,1,1,1,1,1
89,16,1,1,1,1,1
89,9,1,0,0,0,1
89,8,1,0,0,0,1
89,1,1,0,0,0,1
89,0,1,0,0,0,1
90,90,1,1,1,1,1
90,88,1,1,1,1,1
90,82,1,1,1,1,1
90,80,1,1,1,1,1
90,74,1,0,0,0,1
90,72,1,0,0,0,1
90,66,1,0,0,0,1
90,64,1,0,0,0,1
90,26,1,1,1,1,1
90,24,1,1,1,1,1
90,18,1,1,1,1,1
90,16,1,1,1,1,1
90,10,1,0,0,0,1
90,8,1,0,0,0,1
90,2,1,0,0,0,1
90,0,1,0,0,0,1
91,91,1,1,1,1,1
91,90,1,1,1,1,1
91,89,1,1,1,1,1
91,88,1,1,1,1,1
91,83,1,1,1,1,1
91,82,1,1,1,1,1
91,81,1,1,1,1,1
91,80,1,1,1,1,1
91,75,1,0,0,0,1
91,74,1,0,0,0,1
91,73,1,0,0,0,1
91,72,1,0,0,0,1
91,67,1,0,0,0,1
91,66,1,0,0,0,1
91,65,1,0,0,0,1
91,64,1,0,0,0,1
91,27,1,1,1,1,1
91,26,1,1,1,1,1
91,25,1,1,1,1,1
91,24,1,1,1,1,1
91,19,1,1,1,1,1
91,18,1,1,1,1,1
91,17,1,1,1,1,1
91,16,1,1,1,1,1
91,11,1,0,0,0,1
91,10,1,0,0,0,1
91,9,1,0,0,0,1
91,8,1,0,0,0,1
91,3,1,0,0,0,1
91,2,1,0,0,0,1
91,1,1,0,0,0,1
91,0,1,0,0,0,1
92,92,1,1,1,1,1
92,88,1,1,1,1,1
92,84,1,1,1,1,1
92,80,1,1,1,1,1
92,76,1,0,0,0,1
92,72,1,0,0,0,1
92,68,1,0,0,0,1
92,64,1,0,0,0,1
92,28,1,1,1,1,1
92,24,1,1,1,1,1
92,20,1,1,1,1,1
92,16,1,1,1,1,1
92,12,1,0,0,0,1
92,8,1,0,0,0,1
92,4,1,0,0,0,1
92,0,1,0,0,0,1
93,93,1,1,1,1,1
93,92,1,1,1,1,1
93,89,1,1,1,1,1
93,88,1,1,1,1,1
93,85,1,1,1,1,1
93,84,1,1,1,1,1
93,81,1,1,1,1,1
93,80,1,1,1,1,1
93,77,1,0,0,0,1
93,76,1,0,0,0,1
93,73,1,0,0,0,1
93,72,1,0,0,0,1
93,69,1,0,0,0,1
93,68,1,0,0,0,1
93,65,1,0,0,0,1
93,64,1,0,0,0,1
93,29,1,1,1,1,1
93,28,1,1,1,1,1
93,25,1,1,1,1,1
93,24,1,1,1,1,1
93,21,1,1,1,1,1
93,20,1,1,1,1,1
93,17,1,1,1,1,1
93,16,1,1,1,1,1
93,13,1,0,0,0,1
93,12,1,0,0,0,1
93,9,1,0,0,0,1
93,8,1,0,0,0,1
93,5,1,0,0,0,1
93,4,1,0,0,0,1
93,1,1,0,0,0,1
93,0,1,0,0,0,1
94,94,1,1,1,1,1
94,92,1,1,1,1,1
94,90,1,1,1,1,1
94,88,1,1,1,1,1
94,86,1,1,1,1,1
94,84,1,1,1,1,1
94,82,1,1,1,1,1
94,80,1,1,1,1,1
94,78,1,0,0,0,1
94,76,1,0,0,0,1
94,74,1,0,0,0,1
94,72,1,0,0,0,1
94,70,1,0,0,0,1
94,68,1,0,0,0,1
94,66,1,0,0,0,1
94,64,1,0,0,0,1
94,30,1,1,1,1,1
94,28,1,1,1,1,1
94,26,1,1,1,1,1
94,24,1,1,1,1,1
94,22,1,1,1,1,1
94,20,1,1,1,1,1
94,18,1,1,1,1,1
94,16,1,1,1,1,1
94,14,1,0,0,0,1
94,12,1,0,0,0,1
94,10,1,0,0,0,1
94,8,1,0,0,0,1
94,6,1,0,0,0,1
94,4,1,0,0,0,1
94,2,1,0,0,0,1
94,0,1,0,0,0,1
95,95,1,1,1,1,1
95,94,1,1,1,1,1
95,93,1,1,1,1,1
95,92,1,1,1,1,1
95,91,1,1,1,1,1
95,90,1,1,1,1,1
95,89,1,1,1,1,1
95,88,1,1,1,1,1
95,87,1,1,1,1,1
95,86,1,1,1,1,1
95,85,1,1,1,1,1
95,84,1,1,1,1,1
95,83,1,1,1,1,1
95,82,1,1,1,1,1
95,81,1,1,1,1,1
95,80,1,1,1,1,1
95,79,1,0,0,0,1
95,78,1,0,0,0,1
95,77,1,0,0,0,1
95,76,1,0,0,0,1
95,75,1,0,0,0,1
95,74,1,0,0,0,1
95,73,1,0,0,0,1
95,72,1,0,0,0,1
95,71,1,0,0,0,1
95,70,1,0,0,0,1
95,69,1,0,0,0,1
95,68,1,0,0,0,1
95,67,1,0,0,0,1
95,66,1,0,0,0,1
95,65,1,0,0,0,1
95,64,1,0,0,0,1
95,31,1,1,1,1,1
95,30,1,1,1,1,1
95,29,1,1,1,1,1
95,28,1,1,1,1,1
95,27,1,1,1,1,1
95,26,1,1,1,1,1
95,25,1,1,1,1,1
95,24,1,1,1,1,1
95,23,1,1,1,1,1
95,22,1,1,1,1,1
95,21,1,1,1,1,1
95,20,1,1,1,1,1
95,19,1,1,1,1,1
95,18,1,1,1,1,1
95,17,1,1,1,1,1
95,16,1,1,1,1,1
95,15,1,0,0,0,1
95,14,1,0,0,0,1
95,13,1,0,0,0,1
95,12,1,0,0,0,1
95,11,1,0,0,0,1
95,10,1,0,0,0,1
95,9,1,0,0,0,1
95,8,1,0,0,0,1
95,7,1,0,0,0,1
95,6,1,0,0,0,1
95,5,1,0,0,0,1
95,4,1,0,0,0,1
95,3,1,0,0,0,1
95,2,1,0,0,0,1
95,1,1,0,0,0,1
95,0,1,0,0,0,1
96,96,0,0,0,0,1
96,64,0,0,0,0,1
96,32,0,0,0,0,1
96,0,0,0,0,0,1
97,97,1,1,1,1,1
97,96,1,0,0,0,1
97,65,1,0,0,0,1
97,64,1,0,0,0,1
97,33,1,0,0,0,1
97,32,1,0,0,0,1
97,1,1,0,0,0,1
97,0,1,0,0,0,1
98,98,1,1,1,1,1
98,96,1,0,0,0,1
98,66,1,0,0,0,1
98,64,1,0,0,0,1
98,34,1,0,0,0,1
98,32,1,0,0,0,1
98,2,1,0,0,0,1
98,0,1,0,0,0,1
99,99,1,1,1,1,1
99,98,1,1,1,1,1
99,97,1,1,1,1,1
99,96,1,0,0,0,1
99,67,1,0,0,0,1
99,66,1,0,0,0,1
99,65,1,0,0,0,1
99,64,1,0,0,0,1
99,35,1,0,0,0,1
99,34,1,0,0,0,1
99,33,1,0,0,0,1
99,32,1,0,0,0,1
99,3,1,0,0,0,1
99,2,1,0,0,0,1
99,1,1,0,0,0,1
99,0,1,0,0,0,1
100,100,0,0,0,0,1
100,96,0,0,0,0,1
100,68,0,0,0,0,1
100,64,0,0,0,0,1
100,36,0,0,0,0,1
100,32,0,0,0,0,1
100,4,0,0,0,0,1
100,0,0,0,0,0,1
101,101,1,1,1,1,1
101,100,1,0,0,0,1
101,97,1,1,1,1,1
101,96,1,0,0,0,1
101,69,1,0,0,0,1
101,68,1,0,0,0,1
101,65,1,0,0,0,1
101,64,1,0,0,0,1
101,37,1,0,0,0,1
101,36,1,0,0,0,1
101,33,1,0,0,0,1
101,32,1,0,0,0,1
101,5,1,0,0,0,1
101,4,1,0,0,0,1
101,1,1,0,0,0,1
101,0,1,0,0,0,1
102,102,1,1,1,1,1
102,100,1,0,0,0,1
102,98,1,1,1,1,1
102,96,1,0,0,0,1
102,70,1,0,0,0,1
102,68,1,0,0,0,1
102,66,1,0,0,0,1
102,64,1,0,0,0,1
102,38,1,0,0,0,1
102,36,1,0,0,0,1
102,34,1,0,0,0,1
102,32,1,0,0,0,1
102,6,1,0,0,0,1
102,4,1,0,0,0,1
102,2,1,0,0,0,1
102,0,1,0,0,0,1
103,103,1,1,1,1,1
103,102,1,1,1,1,1
103,101,1,1,1,1,1
103,100,1,0,0,0,1
103,99,1,1,1,1,1
103,98,1,1,1,1,1
103,97,1,1,1,1,1
103,96,1,0,0,0,1
103,71,1,0,0,0,1
103,70,1,0,0,0,1
103,69,1,0,0,0,1
103,68,1,0,0,0,1
103,67,1,0,0,0,1
103,66,1,0,0,0,1
103,65,1,0,0,0,1
103,64,1,0,0,0,1
103,39,1,0,0,0,1
103,38,1,0,0,0,1
103,37,1,0,0,0,1
103,36,1,0,0,0,1
103,35,1,0,0,0,1
103,34,1,0,0,0,1
103,33,1,0,0,0,1
103,32,1,0,0,0,1
103,7,1,0,0,0,1
103,6,1,0,0,0,1
103,5,1,0,0,0,1
103,4,1,0,0,0,1
103,3,1,0,0,0,1
103,2,1,0,0,0,1
103,1,1,0,0,0,1
103,0,1,0,0,0,1
104,104,1,1,1,1,1
104,96,1,0,0,0,1
104,72,1,0,0,0,1
104,64,1,0,0,0,1
104,40,1,1,1,1,1
104,32,1,0,0,0,1
104,8,1,0,0,0,1
104,0,1,0,0,0,1
105,105,1,1,1,1,1
105,104,1,1,1,1,1
105,97,1,1,1,1,1
105,96,1,0,0,0,1
105,73,1,0,0,0,1
105,72,1,0,0,0,1
105,65,1,0,0,0,1
105,64,1,0,0,0,1
105,41,1,1,1,1,1
105,40,1,1,1,1,1
105,33,1,0,0,0,1
105,32,1,0,0,0,1
105,9,1,0,0,0,1
105,8,1,0,0,0,1
105,1,1,0,0,0,1
105,0,1,0,0,0,1
106,106,1,1,1,1,1
106,104,1,1,1,1,1
106,98,1,1,1,1,1
106,96,1,0,0,0,1
106,74,1,0,0,0,1
106,72,1,0,0,0,1
106,66,1,0,0,0,1
106,64,1,0,0,0,1
106,42,1,1,1,1,1
106,40,1,1,1,1,1
106,34,1,0,0,0,1
106,32,1,0,0,0,1
106,10,1,0,0,0,1
106,8,1,0,0,0,1
106,2,1,0,0,0,1
106,0,1,0,0,0,1
107,107,1,1,1,1,1
107,106,1,1,1,1,1
107,105,1,1,1,1,1
107,104,1,1,1,1,1
107,99,1,1,1,1,1
107,98,1,1,1,1,1
107,97,1,1,1,1,1
107,96,1,0,0,0,1
107,75,1,0,0,0,1
107,74,1,0,0,0,1
107,73,1,0,0,0,1
107,72,1,0,0,0,1
107,67,1,0,0,0,1
107,66,1,0,0,0,1
107,65,1,0,0,0,1
107,64,1,0,0,0,1
107,43,1,1,1,1,1
107,42,1,1,1,1,1
107,41,1,1,1,1,1
107,40,1,1,1,1,1
107,35,1,0,0,0,1
107,34,1,0,0,0,1
107,33,1,0,0,0,1
107,32,1,0,0,0,1
107,11,1,0,0,0,1
107,10,1,0,0,0,1
107,9,1,0,0,0,1
107,8,1,0,0,0,1
107,3,1,0,0,0,1
107,2,1,0,0,0,1
107,1,1,0,0,0,1
107,0,1,0,0,0,1
108,108,1,1,1,1,1
108,104,1,1,1,1,1
108,100,1,0,0,0,1
108,96,1,0,0,0,1
108,76,1,0,0,0,1
108,72,1,0,0,0,1
108,68,1,0,0,0,1
108,64,1,0,0,0,1
108,44,1,1,1,1,1
108,40,1,1,1,1,1
108,36,1,0,0,0,1
108,32,1,0,0,0,1
108,12,1,0,0,0,1
108,8,1,0,0,0,1
108,4,1,0,0,0,1
108,0,1,0,0,0,1
109,109,1,1,1,1,1
109,108,1,1,1,1,1
109,105,1,1,1,1,1
109,104,1,1,1,1,1
109,101,1,1,1,1,1
109,100,1,0,0,0,1
109,97,1,1,1,1,1
109,96,1,0,0,0,1
109,77,1,0,0,0,1
109,76,1,0,0,0,1
109,73,1,0,0,0,1
109,72,1,0,0,0,1
109,69,1,0,0,0,1
109,68,1,0,0,0,1
109,65,1,0,0,0,1
109,64,1,0,0,0,1
109,45,1,1,1,1,1
109,44,1,1,1,1,1
109,41,1,1,1,1,1
109,40,1,1,1,1,1
109,37,1,0,0,0,1
109,36,1,0,0,0,1
109,33,1,0,0,0,1
109,32,1,0,0,0,1
109,13,1,0,0,0,1
109,12,1,0,0,0,1
109,9,1,0,0,0,1
109,8,1,0,0,0,1
109,5,1,0,0,0,1
109,4,1,0,0,0,1
109,1,1,0,0,0,1
109,0,1,0,0,0,1
110,110,1,1,1,1,1
110,108,1,1,1,1,1
110,106,1,1,1,1,1
110,104,1,1,1,1,1
110,102,1,1,1,1,1
110,100,1,0,0,0,1
110,98,1,1,1,1,1
110,96,1,0,0,0,1
110,78,1,0,0,0,1
110,76,1,0,0,0,1
110,74,1,0,0,0,1
110,72,1,0,0,0,1
110,70,1,0,0,0,1
110,68,1,0,0,0,1
110,66,1,0,0,0,1
110,64,1,0,0,0,1
110,46,1,1,1,1,1
110,44,1,1,1,1,1
110,42,1,1,1,1,1
110,40,1,1,1,1,1
110,38,1,0,0,0,1
110,36,1,0,0,0,1
110,34,1,0,0,0,1
110,32,1,0,0,0,1
110,14,1,0,0,0,1
110,12,1,0,0,0,1
110,10,1,0,0,0,1
110,8,1,0,0,0,1
110,6,1,0,0,0,1
110,4,1,0,0,0,1
110,2,1,0,0,0,1
110,0,1,0,0,0,1
111,111,1,1,1,1,1
111,110,1,1,1,1,1
111,109,1,1,1,1,1
111,108,1,1,1,1,1
111,107,1,1,1,1,1
111,106,1,1,1,1,1
111,105,1,1,1,1,1
111,104,1,1,1,1,1
111,103,1,1,1,1,1
111,102,1,1,1,1,1
111,101,1,1,1,1,1
111,100,1,0,0,0,1
111,99,1,1,1,1,1
111,98,1,1,1,1,1
111,97,1,1,1,1,1
111,96,1,0,0,0,1
111,79,1,0,0,0,1
111,78,1,0,0,0,1
111,77,1,0,0,0,1
111,76,1,0,0,0,1
111,75,1,0,0,0,1
111,74,1,0,0,0,1
111,73,1,0,0,0,1
111,72,1,0,0,0,1
111,71,1,0,0,0,1
111,70,1,0,0,0,1
111,69,1,0,0,0,1
111,68,1,0,0,0,1
111,67,1,0,0,0,1
111,66,1,0,0,0,1
111,65,1,0,0,0,1
111,64,1,0,0,0,1
111,47,1,1,1,1,1
111,46,1,1,1,1,1
111,45,1,1,1,1,1
111,44,1,1,1,1,1
111,43,1,1,1,1,1
111,42,1,1,1,1,1
111,41,1,1,1,1,1
111,40,1,1,1,1,1
111,39,1,0,0,0,1
111,38,1,0,0,0,1
111,37,1,0,0,0,1
111,36,1,0,0,0,1
111,35,1,0,0,0,1
111,34,1,0,0,0,1
111,33,1,0,0,0,1
111,32,1,0,0,0,1
111,15,1,0,0,0,1
111,14,1,0,0,0,1
111,13,1,0,0,0,1
111,12,1,0,0,0,1
111,11,1,0,0,0,1
111,10,1,0,0,0,1
111,9,1,0,0,0,1
111,8,1,0,0,0,1
111,7,1,0,0,0,1
111,6,1,0,0,0,1
111,5,1,0,0,0,1
111,4,1,0,0,0,1
111,3,1,0,0,0,1
111,2,1,0,0,0,1
111,1,1,0,0,0,1
111,0,1,0,0,0,1
112,112,1,1,1,1,1
112,96,1,0,0,0,1
112,80,1,1,1,1,1
112,64,1,0,0,0,1
112,48,1,1,1,1,1
112,32,1,0,0,0,1
112,16,1,1,1,1,1
112,0,1,0,0,0,1
113,113,1,1,1,1,1
113,112,1,1,1,1,1
113,97,1,1,1,1,1
113,96,1,0,0,0,1
113,81,1,1,1,1,1
113,80,1,1,1,1,1
113,65,1,0,0,0,1
113,64,1,0,0,0,1
113,49,1,1,1,1,1
113,48,1,1,1,1,1
113,33,1,0,0,0,1
113,32,1,0,0,0,1
113,17,1,1,1,1,1
113,16,1,1,1,1,1
113,1,1,0,0,0,1
113,0,1,0,0,0,1
114,114,1,1,1,1,1
114,112,1,1,1,1,1
114,98,1,1,1,1,1
114,96,1,0,0,0,1
114,82,1,1,1,1,1
114,80,1,1,1,1,1
114,66,1,0,0,0,1
114,64,1,0,0,0,1
114,50,1,1,1,1,1
114,48,1,1,1,1,1
114,34,1,0,0,0,1
114,32,1,0,0,0,1
114,18,1,1,1,1,1
114,16,1,1,1,1,1
114,2,1,0,0,0,1
114,0,1,0,0,0,1
115,115,1,1,1,1,1
115,114,1,1,1,1,1
115,113,1,1,1,1,1
115,112,1,1,1,1,1
115,99,1,1,1,1,1
115,98,1,1,1,1,1
115,97,1,1,1,1,1
115,96,1,0,0,0,1
115,83,1,1,1,1,1
115,82,1,1,1,1,1
115,81,1,1,1,1,1
115,80,1,1,1,1,1
115,67,1,0,0,0,1
115,66,1,0,0,0,1
115,65,1,0,0,0,1
115,64,1,0,0,0,1
115,51,1,1,1,1,1
115,50,1,1,1,1,1
115,49,1,1,1,1,1
115,48,1,1,1,1,1
115,35,1,0,0,0,1
115,34,1,0,0,0,1
115,33,1,0,0,0,1
115,32,1,0,0,0,1
115,19,1,1,1,1,1
115,18,1,1,1,1,1
115,17,1,1,1,1,1
115,16,1,1,1,1,1
115,3,1,0,0,0,1
115,2,1,0,0,0,1
115,1,1,0,0,0,1
115,0,1,0,0,0,1
116,116,1,1,1,1,1
116,112,1,1,1,1,1
116,100,1,0,0,0,1
116,96,1,0,0,0,1
116,84,1,1,1,1,1
116,80,1,1,1,1,1
116,68,1,0,0,0,1
116,64,1,0,0,0,1
116,52,1,1,1,1,1
116,48,1,1,1,1,1
116,36,1,0,0,0,1
116,32,1,0,0,0,1
116,20,1,1,1,1,1
116,16,1,1,1,1,1
116,4,1,0,0,0,1
116,0,1,0,0,0,1
117,117,1,1,1,1,1
117,116,1,1,1,1,1
117,113,1,1,1,1,1
117,112,1,1,1,1,1
117,101,1,1,1,1,1
117,100,1,0,0,0,1
117,97,1,1,1,1,1
117,96,1,0,0,0,1
117,85,1,1,1,1,1
117,84,1,1,1,1,1
117,81,1,1,1,1,1
117,80,1,1,1,1,1
117,69,1,0,0,0,1
117,68,1,0,0,0,1
117,65,1,0,0,0,1
117,64,1,0,0,0,1
117,53,1,1,1,1,1
117,52,1,1,1,1,1
117,49,1,1,1,1,1
117,48,1,1,1,1,1
117,37,1,0,0,0,1
117,36,1,0,0,0,1
117,33,1,0,0,0,1
117,32,1,0,0,0,1
117,21,1,1,1,1,1
117,20,1,1,1,1,1
117,17,1,1,1,1,1
117,16,1,1,1,1,1
117,5,1,0,0,0,1
117,4,1,0,0,0,1
117,1,1,0,0,0,1
117,0,1,0,0,0,1
118,118,1,1,1,1,1
118,116,1,1,1,1,1
118,114,1,1,1,1,1
118,112,1,1,1,1,1
118,102,1,1,1,1,1
118,100,1,0,0,0,1
118,98,1,1,1,1,1
118,96,1,0,0,0,1
118,86,1,1,1,1,1
118,84,1,1,1,1,1
118,82,1,1,1,1,1
118,80,1,1,1,1,1
118,70,1,0,0,0,1
118,68,1,0,0,0,1
118,66,1,0,0,0,1
118,64,1,0,0,0,1
118,54,1,1,1,1,1
118,52,1,1,1,1,1
118,50,1,1,1,1,1
118,48,1,1,1,1,1
118,38,1,0,0,0,1
118,36,1,0,0,0,1
118,34,1,0,0,0,1
118,32,1,0,0,0,1
118,22,1,1,1,1,1
118,20,1,1,1,1,1
118,18,1,1,1,1,1
118,16,1,1,1,1,1
118,6,1,0,0,0,1
118,4,1,0,0,0,1
118,2,1,0,0,0,1
118,0,1,0,0,0,1
119,119,1,1,1,1,1
119,118,1,1,1,1,1
119,117,1,1,1,1,1
119,116,1,1,1,1,1
119,115,1,1,1,1,1
119,114,1,1,1,1,1
119,113,1,1,1,1,1
119,112,1,1,1,1,1
119,103,1,1,1,1,1
119,102,1,1,1,1,1
119,101,1,1,1,1,1
119,100,1,0,0,0,1
119,99,1,1,1,1,1
119,98,1,1,1,1,1
119,97,1,1,1,1,1
119,96,1,0,0,0,1
119,87,1,1,1,1,1
119,86,1,1,1,1,1
119,85,1,1,1,1,1
119,84,1,1,1,1,1
119,83,1,1,1,1,1
119,82,1,1,1,1,1
119,81,1,1,1,1,1
119,80,1,1,1,1,1
119,71,1,0,0,0,1
119,70,1,0,0,0,1
119,69,1,0,0,0,1
119,68,1,0,0,0,1
119,67,1,0,0,0,1
119,66,1,0,0,0,1
119,65,1,0,0,0,1
119,64,1,0,0,0,1
119,55,1,1,1,1,1
119,54,1,1,1,1,1
119,53,1,1,1,1,1
119,52,1,1,1,1,1
119,51,1,1,1,1,1
119,50,1,1,1,1,1
119,49,1,1,1,1,1
119,48,1,1,1,1,1
119,39,1,0,0,0,1
119,38,1,0,0,0,1
119,37,1,0,0,0,1
119,36,1,0,0,0,1
119,35,1,0,0,0,1
119,34,1,0,0,0,1
119,33,1,0,0,0,1
119,32,1,0,0,0,1
119,23,1,1,1,1,1
119,22,1,1,1,1,1
119,21,1,1,1,1,1
119,20,1,1,1,1,1
119,19,1,1,1,1,1
119,18,1,1,1,1,1
119,17,1,1,1,1,1
119,16,1,1,1,1,1
119,7,1,0,0,0,1
119,6,1,0,0,0,1
119,5,1,0,0,0,1
119,4,1,0,0,0,1
119,3,1,0,0,0,1
119,2,1,0,0,0,1
119,1,1,0,0,0,1
119,0,1,0,0,0,1
120,120,1,1,1,1,1
120,112,1,1,1,1,1
120,104,1,1,1,1,1
120,96,1,0,0,0,1
120,88,1,1,1,1,1
120,80,1,1,1,1,1
120,72,1,0,0,0,1
120,64,1,0,0,0,1
120,56,1,1,1,1,1
120,48,1,1,1,1,1
120,40,1,1,1,1,1
120,32,1,0,0,0,1
120,24,1,1,1,1,1
120,16,1,1,1,1,1
120,8,1,0,0,0,1
120,0,1,0,0,0,1
121,121,1,1,1,1,1
121,120,1,1,1,1,1
121,113,1,1,1,1,1
121,112,1,1,1,1,1
121,105,1,1,1,1,1
121,104,1,1,1,1,1
121,97,1,1,1,1,1
121,96,1,0,0,0,1
121,89,1,1,1,1,1
121,88,1,1,1,1,1
121,81,1,1,1,1,1
121,80,1,1,1,1,1
121,73,1,0,0,0,1
121,72,1,0,0,0,1
121,65,1,0,0,0,1
121,64,1,0,0,0,1
121,57,1,1,1,1,1
121,56,1,1,1,1,1
121,49,1,1,1,1,1
121,48,1,1,1,1,1
121,41,1,1,1,1,1
121,40,1,1,1,1,1
121,33,1,0,0,0,1
121,32,1,0,0,0,1
121,25,1,1,1,1,1
121,24,1,1,1,1,1
121,17,1,1,1,1,1
121,16,1,1,1,1,1
121,9,1,0,0,0,1
121,8,1,0,0,0,1
121,1,1,0,0,0,1
121,0,1,0,0,0,1
122,122,1,1,1,1,1
122,120,1,1,1,1,1
122,114,1,1,1,1,1
122,112,1,1,1,1,1
122,106,1,1,1,1,1
122,104,1,1,1,1,1
122,98,1,1,1,1,1
122,96,1,0,0,0,1
122,90,1,1,1,1,1
122,88,1,1,1,1,1
122,82,1,1,1,1,1
122,80,1,1,1,1,1
122,74,1,0,0,0,1
122,72,1,0,0,0,1
122,66,1,0,0,0,1
122,64,1,0,0,0,1
122,58,1,1,1,1,1
122,56,1,1,1,1,1
122,50,1,1,1,1,1
122,48,1,1,1,1,1
122,42,1,1,1,1,1
122,40,1,1,1,1,1
122,34,1,0,0,0,1
122,32,1,0,0,0,1
122,26,1,1,1,1,1
122,24,1,1,1,1,1
122,18,1,1,1,1,1
122,16,1,1,1,1,1
122,10,1,0,0,0,1
122,8,1,0,0,0,1
122,2,1,0,0,0,1
122,0,1,0,0,0,1
123,123,1,1,1,1,1
123,122,1,1,1,1,1
123,121,1,1,1,1,1
123,120,1,1,1,1,1
123,115,1,1,1,1,1
123,114,1,1,1,1,1
123,113,1,1,1,1,1
123,112,1,1,1,1,1
123,107,1,1,1,1,1
123,106,1,1,1,1,1
123,105,1,1,1,1,1
123,104,1,1,1,1,1
123,99,1,1,1,1,1
123,98,1,1,1,1,1
123,97,1,1,1,1,1
123,96,1,0,0,0,1
123,91,1,1,1,1,1
123,90,1,1,1,1,1
123,89,1,1,1,1,1
123,88,1,1,1,1,1
123,83,1,1,1,1,1
123,82,1,1,1,1,1
123,81,1,1,1,1,1
123,80,1,1,1,1,1
123,75,1,0,0,0,1
123,74,1,0,0,0,1
123,73,1,0,0,0,1
123,72,1,0,0,0,1
123,67,1,0,0,0,1
123,66,1,0,0,0,1
123,65,1,0,0,0,1
123,64,1,0,0,0,1
123,59,1,1,1,1,1
123,58,1,1,1,1,1
123,57,1,1,1,1,1
123,56,1,1,1,1,1
123,51,1,1,1,1,1
123,50,1,1,1,1,1
123,49,1,1,1,1,1
123,48,1,1,1,1,1
123,43,1,1,1,1,1
123,42,1,1,1,1,1
123,41,1,1,1,1,1
123,40,1,1,1,1,1
123,35,1,0,0,0,1
123,34,1,0,0,0,1
123,33,1,0,0,0,1
123,32,1,0,0,0,1
123,27,1,1,1,1,1
123,26,1,1,1,1,1
123,25,1,1,1,1,1
123,24,1,1,1,1,1
123,19,1,1,1,1,1
123,18,1,1,1,1,1
123,17,1,1,1,1,1
123,16,1,1,1,1,1
123,11,1,0,0,0,1
123,10,1,0,0,0,1
123,9,1,0,0,0,1
123,8,1,0,0,0,1
123,3,1,0,0,0,1
123,2,1,0,0,0,1
123,1,1,0,0,0,1
123,0,1,0,0,0,1
124,124,1,1,1,1,1
124,120,1,1,1,1,1
124,116,1,1,1,1,1
124,112,1,1,1,1,1
124,108,1,1,1,1,1
124,104,1,1,1,1,1
124,100,1,0,0,0,1
124,96,1,0,0,0,1
124,92,1,1,1,1,1
124,88,1,1,1,1,1
124,84,1,1,1,1,1
124,80,1,1,1,1,1
124,76,1,0,0,0,1
124,72,1,0,0,0,1
124,68,1,0,0,0,1
124,64,1,0,0,0,1
124,60,1,1,1,1,1
124,56,1,1,1,1,1
124,52,1,1,1,1,1
124,48,1,1,1,1,1
124,44,1,1,1,1,1
124,40,1,1,1,1,1
124,36,1,0,0,0,1
124,32,1,0,0,0,1
124,28,1,1,1,1,1
124,24,1,1,1,1,1
124,20,1,1,1,1,1
124,16,1,1,1,1,1
124,12,1,0,0,0,1
124,8,1,0,0,0,1
124,4,1,0,0,0,1
124,0,1,0,0,0,1
125,125,1,1,1,1,1
125,124,1,1,1,1,1
125,121,1,1,1,1,1
125,120,1,1,1,1,1
125,117,1,1,1,1,1
125,116,1,1,1,1,1
125,113,1,1,1,1,1
125,112,1,1,1,1,1
125,109,1,1,1,1,1
125,108,1,1,1,1,1
125,105,1,1,1,1,1
125,104,1,1,1,1,1
125,101,1,1,1,1,1
125,100,1,0,0,0,1
125,97,1,1,1,1,1
125,96,1,0,0,0,1
125,93,1,1,1,1,1
125,92,1,1,1,1,1
125,89,1,1,1,1,1
125,88,1,1,1,1,1
125,85,1,1,1,1,1
125,84,1,1,1,1,1
125,81,1,1,1,1,1
125,80,1,1,1,1,1
125,77,1,0,0,0,1
125,76,1,0,0,0,1
125,73,1,0,0,0,1
125,72,1,0,0,0,1
125,69,1,0,0,0,1
125,68,1,0,0,0,1
125,65,1,0,0,0,1
125,64,1,0,0,0,1
125,61,1,1,1,1,1
125,60,1,1,1,1,1
125,57,1,1,1,1,1
125,56,1,1,1,1,1
125,53,1,1,1,1,1
125,52,1,1,1,1,1
125,49,1,1,1,1,1
125,48,1,1,1,1,1
125,45,1,1,1,1,1
125,44,1,1,1,1,1
125,41,1,1,1,1,1
125,40,1,1,1,1,1
125,37,1,0,0,0,1
125,36,1,0,0,0,1
125,33,1,0,0,0,1
125,32,1,0,0,0,1
125,29,1,1,1,1,1
125,28,1,1,1,1,1
125,25,1,1,1,1,1
125,24,1,1,1,1,1
125,21,1,1,1,1,1
125,20,1,1,1,1,1
125,17,1,1,1,1,1
125,16,1,1,1,1,1
125,13,1,0,0,0,1
125,12,1,0,0,0,1
125,9,1,0,0,0,1
125,8,1,0,0,0,1
125,5,1,0,0,0,1
125,4,1,0,0,0,1
125,1,1,0,0,0,1
125,0,1,0,0,0,1
126,126,1,1,1,1,1
126,124,1,1,1,1,1
126,122,1,1,1,1,1
126,120,1,1,1,1,1
126,118,1,1,1,1,1
126,116,1,1,1,1,1
126,114,1,1,1,1,1
126,112,1,1,1,1,1
126,110,1,1,1,1,1
126,108,1,1,1,1,1
126,106,1,1,1,1,1
126,104,1,1,1,1,1
126,102,1,1,1,1,1
126,100,1,0,0,0,1
126,98,1,1,1,1,1
126,96,1,0,0,0,1
126,94,1,1,1,1,1
126,92,1,1,1,1,1
126,90,1,1,1,1,1
126,88,1,1,1,1,1
126,86,1,1,1,1,1
126,84,1,1,1,1,1
126,82,1,1,1,1,1
126,80,1,1,1,1,1
126,78,1,0,0,0,1
126,76,1,0,0,0,1
126,74,1,0,0,0,1
126,72,1,0,0,0,1
126,70,1,0,0,0,1
126,68,1,0,0,0,1
126,66,1,0,0,0,1
126,64,1,0,0,0,1
126,62,1,1,1,1,1
126,60,1,1,1,1,1
126,58,1,1,1,1,1
126,56,1,1,1,1,1
126,54,1,1,1,1,1
126,52,1,1,1,1,1
126,50,1,1,1,1,1
126,48,1,1,1,1,1
126,46,1,1,1,1,1
126,44,1,1,1,1,1
126,42,1,1,1,1,1
126,40,1,1,1,1,1
126,38,1,0,0,0,1
126,36,1,0,0,0,1
126,34,1,0,0,0,1
126,32,1,0,0,0,1
126,30,1,1,1,1,1
126,28,1,1,1,1,1
126,26,1,1,1,1,1
126,24,1,1,1,1,1
126,22,1,1,1,1,1
126,20,1,1,1,1,1
126,18,1,1,1,1,1
126,16,1,1,1,1,1
126,14,1,0,0,0,1
126,12,1,0,0,0,1
126,10,1,0,0,0,1
126,8,1,0,0,0,1
126,6,1,0,0,0,1
126,4,1,0,0,0,1
126,2,1,0,0,0,1
126,0,1,0,0,0,1
127,127,1,1,1,1,1
127,126,1,1,1,1,1
127,125,1,1,1,1,1
127,124,1,1,1,1,1
127,123,1,1,1,1,1
127,122,1,1,1,1,1
127,121,1,1,1,1,1
127,120,1,1,1,1,1
127,119,1,1,1,1,1
127,118,1,1,1,1,1
127,117,1,1,1,1,1
127,116,1,1,1,1,1
127,115,1,1,1,1,1
127,114,1,1,1,1,1
127,113,1,1,1,1,1
127,112,1,1,1,1,1
127,111,1,1,1,1,1
127,110,1,1,1,1,1
127,109,1,1,1,1,1
127,108,1,1,1,1,1
127,107,1,1,1,1,1
127,106,1,1,1,1,1
127,105,1,1,1,1,1
127,104,1,1,1,1,1
127,103,1,1,1,1,1
127,102,1,1,1,1,1
127,101,1,1,1,1,1
127,100,1,0,0,0,1
127,99,1,1,1,1,1
127,98,1,1,1,1,1
127,97,1,1,1,1,1
127,96,1,0,0,0,1
127,95,1,1,1,1,1
127,94,1,1,1,1,1
127,93,1,1,1,1,1
127,92,1,1,1,1,1
127,91,1,1,1,1,1
127,90,1,1,1,1,1
127,89,1,1,1,1,1
127,88,1,1,1,1,1
127,87,1,1,1,1,1
127,86,1,1,1,1,1
127,85,1,1,1,1,1
127,84,1,1,1,1,1
127,83,1,1,1,1,1
127,82,1,1,1,1,1
127,81,1,1,1,1,1
127,80,1,1,1,1,1
127,79,1,0,0,0,1
127,78,1,0,0,0,1
127,77,1,0,0,0,1
127,76,1,0,0,0,1
127,75,1,0,0,0,1
127,74,1,0,0,0,1
127,73,1,0,0,0,1
127,72,1,0,0,0,1
127,71,1,0,0,0,1
127,70,1,0,0,0,1
127,69,1,0,0,0,1
127,68,1,0,0,0,1
127,67,1,0,0,0,1
127,66,1,0,0,0,1
127,65,1,0,0,0,1
127,64,1,0,0,0,1
127,63,1,1,1,1,1
127,62,1,1,1,1,1
127,61,1,1,1,1,1
127,60,1,1,1,1,1
127,59,1,1,1,1,1
127,58,1,1,1,1,1
127,57,1,1,1,1,1
127,56,1,1,1,1,1
127,55,1,1,1,1,1
127,54,1,1,1,1,1
127,53,1,1,1,1,1
127,52,1,1,1,1,1
127,51,1,1,1,1,1
127,50,1,1,1,1,1
127,49,1,1,1,1,1
127,48,1,1,1,1,1
127,47,1,1,1,1,1
127,46,1,1,1,1,1
127,45,1,1,1,1,1
127,44,1,1,1,1,1
127,43,1,1,1,1,1
127,42,1,1,1,1,1
127,41,1,1,1,1,1
127,40,1,1,1,1,1
127,39,1,0,0,0,1
127,38,1,0,0,0,1
127,37,1,0,0,0,1
127,36,1,0,0,0,1
127,35,1,0,0,0,1
127,34,1,0,0,0,1
127,33,1,0,0,0,1
127,32,1,0,0,0,1
127,31,1,1,1,1,1
127,30,1,1,1,1,1
127,29,1,1,1,1,1
127,28,1,1,1,1,1
127,27,1,1,1,1,1
127,26,1,1,1,1,1
127,25,1,1,1,1,1
127,24,1,1,1,1,1
127,23,1,1,1,1,1
127,22,1,1,1,1,1
127,21,1,1,1,1,1
127,20,1,1,1,1,1
127,19,1,1,1,1,1
127,18,1,1,1,1,1
127,17,1,1,1,1,1
127,16,1,1,1,1,1
127,15,1,0,0,0,1
127,14,1,0,0,0,1
127,13,1,0,0,0,1
127,12,1,0,0,0,1
127,11,1,0,0,0,1
127,10,1,0,0,0,1
127,9,1,0,0,0,1
127,8,1,0,0,0,1
127,7,1,0,0,0,1
127,6,1,0,0,0,1
127,5,1,0,0,0,1
127,4,1,0,0,0,1
127,3,1,0,0,0,1
127,2,1,0,0,0,1
127,1,1,0,0,0,1
127,0,1,0,0,0,1
128,128,0,0,0,0,1
128,0,0,0,0,0,1
129,129,0,0,0,0,1
129,128,0,0,0,0,1
129,1,0,0,0,0,1
129,0,0,0,0,0,1
130,130,1,1,1,1,1
130,128,1,0,0,0,1
130,2,1,0,0,0,1
130,0,1,0,0,0,1
131,131,1,1,1,1,1
131,130,1,1,1,1,1
131,129,1,0,0,0,1
131,128,1,0,0,0,1
131,3,1,0,0,0,1
131,2,1,0,0,0,1
131,1,1,0,0,0,1
131,0,1,0,0,0,1
132,132,0,0,0,0,1
132,128,0,0,0,0,1
132,4,0,0,0,0,1
132,0,0,0,0,0,1
133,133,1,1,1,1,1
133,132,1,0,0,0,1
133,129,1,0,0,0,1
133,128,1,0,0,0,1
133,5,1,0,0,0,1
133,4,1,0,0,0,1
133,1,1,0,0,0,1
133,0,1,0,0,0,1
134,134,1,1,1,1,1
134,132,1,0,0,0,1
134,130,1,1,1,1,1
134,128,1,0,0,0,1
134,6,1,0,0,0,1
134,4,1,0,0,0,1
134,2,1,0,0,0,1
134,0,1,0,0,0,1
135,135,1,1,1,1,1
135,134,1,1,1,1,1
135,133,1,1,1,1,1
135,132,1,0,0,0,1
135,131,1,1,1,1,1
135,130,1,1,1,1,1
135,129,1,0,0,0,1
135,128,1,0,0,0,1
135,7,1,0,0,0,1
135,6,1,0,0,0,1
135,5,1,0,0,0,1
135,4,1,0,0,0,1
135,3,1,0,0,0,1
135,2,1,0,0,0,1
135,1,1,0,0,0,1
135,0,1,0,0,0,1
136,136,0,0,0,0,1
136,128,0,0,0,0,1
136,8,0,0,0,0,1
136,0,0,0,0,0,1
137,137,0,0,0,0,1
137,136,0,0,0,0,1
137,129,0,0,0,0,1
137,128,0,0,0,0,1
137,9,0,0,0,0,1
137,8,0,0,0,0,1
137,1,0,0,0,0,1
137,0,0,0,0,0,1
138,138,1,1,1,1,1
138,136,1,0,0,0,1
138,130,1,1,1,1,1
138,128,1,0,0,0,1
138,10,1,0,0,0,1
138,8,1,0,0,0,1
138,2,1,0,0,0,1
138,0,1,0,0,0,1
139,139,1,1,1,1,1
139,138,1,1,1,1,1
139,137,1,0,0,0,1
139,136,1,0,0,0,1
139,131,1,1,1,1,1
139,130,1,1,1,1,1
139,129,1,0,0,0,1
139,128,1,0,0,0,1
139,11,1,0,0,0,1
139,10,1,0,0,0,1
139,9,1,0,0,0,1
139,8,1,0,0,0,1
139,3,1,0,0,0,1
139,2,1,0,0,0,1
139,1,1,0,0,0,1
139,0,1,0,0,0,1
140,140,1,1,1,1,1
140,136,1,0,0,0,1
140,132,1,0,0,0,1
140,128,1,0,0,0,1
140,12,1,0,0,0,1
140,8,1,0,0,0,1
140,4,1,0,0,0,1
140,0,1,0,0,0,1
141,141,1,1,1,1,1
141,140,1,1,1,1,1
141,137,1,0,0,0,1
141,136,1,0,0,0,1
141,133,1,1,1,1,1
141,132,1,0,0,0,1
141,129,1,0,0,0,1
141,128,1,0,0,0,1
141,13,1,0,0,0,1
141,12,1,0,0,0,1
141,9,1,0,0,0,1
141,8,1,0,0,0,1
141,5,1,0,0,0,1
141,4,1,0,0,0,1
141,1,1,0,0,0,1
141,0,1,0,0,0,1
142,142,1,1,1,1,1
142,140,1,1,1,1,1
142,138,1,1,1,1,1
142,136,1,0,0,0,1
142,134,1,1,1,1,1
142,132,1,0,0,0,1
142,130,1,1,1,1,1
142,128,1,0,0,0,1
142,14,1,0,0,0,1
142,12,1,0,0,0,1
142,10,1,0,0,0,1
142,8,1,0,0,0,1
142,6,1,0,0,0,1
142,4,1,0,0,0,1
142,2,1,0,0,0,1
142,0,1,0,0,0,1
143,143,1,1,1,1,1
143,142,1,1,1,1,1
143,141,1,1,1,1,1
143,140,1,1,1,1,1
143,139,1,1,1,1,1
143,138,1,1,1,1,1
143,137,1,0,0,0,1
143,136,1,0,0,0,1
143,135,1,1,1,1,1
143,134,1,1,1,1,1
143,133,1,1,1,1,1
143,132,1,0,0,0,1
143,131,1,1,1,1,1
143,130,1,1,1,1,1
143,129,1,0,0,0,1
143,128,1,0,0,0,1
143,15,1,0,0,0,1
143,14,1,0,0,0,1
143,13,1,0,0,0,1
143,12,1,0,0,0,1
143,11,1,0,0,0,1
143,10,1,0,0,0,1
143,9,1,0,0,0,1
143,8,1,0,0,0,1
143,7,1,0,0,0,1
143,6,1,0,0,0,1
143,5,1,0,0,0,1
143,4,1,0,0,0,1
143,3,1,0,0,0,1
143,2,1,0,0,0,1
143,1,1,0,0,0,1
143,0,1,0,0,0,1
144,144,1,1,1,1,1
144,128,1,0,0,0,1
144,16,1,1,1,1,1
144,0,1,0,0,0,1
145,145,1,1,1,1,1
145,144,1,1,1,1,1
145,129,1,0,0,0,1
145,128,1,0,0,0,1
145,17,1,1,1,1,1
145,16,1,1,1,1,1
145,1,1,0,0,0,1
145,0,1,0,0,0,1
146,146,1,1,1,1,1
146,144,1,1,1,1,1
146,130,1,1,1,1,1
146,128,1,0,0,0,1
146,18,1,1,1,1,1
146,16,1,1,1,1,1
146,2,1,0,0,0,1
146,0,1,0,0,0,1
147,147,1,1,1,1,1
147,146,1,1,1,1,1
147,145,1,1,1,1,1
147,144,1,1,1,1,1
147,131,1,1,1,1,1
147,130,1,1,1,1,1
147,129,1,0,0,0,1
147,128,1,0,0,0,1
147,19,1,1,1,1,1
147,18,1,1,1,1,1
147,17,1,1,1,1,1
147,16,1,1,1,1,1
147,3,1,0,0,0,1
147,2,1,0,0,0,1
147,1,1,0,0,0,1
147,0,1,0,0,0,1
148,148,1,1,1,1,1
148,144,1,1,1,1,1
148,132,1,0,0,0,1
148,128,1,0,0,0,1
148,20,1,1,1,1,1
148,16,1,1,1,1,1
148,4,1,0,0,0,1
148,0,1,0,0,0,1
149,149,1,1,1,1,1
149,148,1,1,1,1,1
149,145,1,1,1,1,1
149,144,1,1,1,1,1
149,133,1,1,1,1,1
149,132,1,0,0,0,1
149,129,1,0,0,0,1
149,128,1,0,0,0,1
149,21,1,1,1,1,1
149,20,1,1,1,1,1
149,17,1,1,1,1,1
149,16,1,1,1,1,1
149,5,1,0,0,0,1
149,4,1,0,0,0,1
149,1,1,0,0,0,1
149,0,1,0,0,0,1
150,150,1,1,1,1,1
150,148,1,1,1,1,1
150,146,1,1,1,1,1
150,144,1,1,1,1,1
150,134,1,1,1,1,1
150,132,1,0,0,0,1
150,130,1,1,1,1,1
150,128,1,0,0,0,1
150,22,1,1,1,1,1
150,20,1,1,1,1,1
150,18,1,1,1,1,1
150,16,1,1,1,1,1
150,6,1,0,0,0,1
150,4,1,0,0,0,1
150,2,1,0,0,0,1
150,0,1,0,0,0,1
151,151,1,1,1,1,1
151,150,1,1,1,1,1
151,149,1,1,1,1,1
151,148,1,1,1,1,1
151,147,1,1,1,1,1
151,146,1,1,1,1,1
151,145,1,1,1,1,1
151,144,1,1,1,1,1
151,135,1,1,1,1,1
151,134,1,1,1,1,1
151,133,1,1,1,1,1
151,132,1,0,0,0,1
151,131,1,1,1,1,1
151,130,1,1,1,1,1
151,129,1,0,0,0,1
151,128,1,0,0,0,1
151,23,1,1,1,1,1
151,22,1,1,1,1,1
151,21,1,1,1,1,1
151,20,1,1,1,1,1
151,19,1,1,1,1,1
151,18,1,1,1,1,1
151,17,1,1,1,1,1
151,16,1,1,1,1,1
151,7,1,0,0,0,1
151,6,1,0,0,0,1
151,5,1,0,0,0,1
151,4,1,0,0,0,1
151,3,1,0,0,0,1
151,2,1,0,0,0,1
151,1,1,0,0,0,1
151,0,1,0,0,0,1
152,152,1,1,1,1,1
152,144,1,1,1,1,1
152,136,1,0,0,0,1
152,128,1,0,0,0,1
152,24,1,1,1,1,1
152,16,1,1,1,1,1
152,8,1,0,0,0,1
152,0,1,0,0,0,1
153,153,1,1,1,1,1
153,152,1,1,1,1,1
153,145,1,1,1,1,1
153,144,1,1,1,1,1
153,137,1,0,0,0,1
153,136,1,0,0,0,1
153,129,1,0,0,0,1
153,128,1,0,0,0,1
153,25,1,1,1,1,1
153,24,1,1,1,1,1
153,17,1,1,1,1,1
153,16,1,1,1,1,1
153,9,1,0,0,0,1
153,8,1,0,0,0,1
153,1,1,0,0,0,1
153,0,1,0,0,0,1
154,154,1,1,1,1,1
154,152,1,1,1,1,1
154,146,1,1,1,1,1
154,144,1,1,1,1,1
154,138,1,1,1,1,1
154,136,1,0,0,0,1
154,130,1,1,1,1,1
154,128,1,0,0,0,1
154,26,1,1,1,1,1
154,24,1,1,1,1,1
154,18,1,1,1,1,1
154,16,1,1,1,1,1
154,10,1,0,0,0,1
154,8,1,0,0,0,1
154,2,1,0,0,0,1
154,0,1,0,0,0,1
155,155,1,1,1,1,1
155,154,1,1,1,1,1
155,153,1,1,1,1,1
155,152,1,1,1,1,1
155,147,1,1,1,1,1
155,146,1,1,1,1,1
155,145,1,1,1,1,1
155,144,1,1,1,1,1
155,139,1,1,1,1,1
155,138,1,1,1,1,1
155,137,1,0,0,0,1
155,136,1,0,0,0,1
155,131,1,1,1,1,1
155,130,1,1,1,1,1
155,129,1,0,0,0,1
155,128,1,0,0,0,1
155,27,1,1,1,1,1
155,26,1,1,1,1,1
155,25,1,1,1,1,1
155,24,1,1,1,1,1
155,19,1,1,1,1,1
155,18,1,1,1,1,1
155,17,1,1,1,1,1
155,16,1,1,1,1,1
155,11,1,0,0,0,1
155,10,1,0,0,0,1
155,9,1,0,0,0,1
155,8,1,0,0,0,1
155,3,1,0,0,0,1
155,2,1,0,0,0,1
155,1,1,0,0,0,1
155,0,1,0,0,0,1
156,156,1,1,1,1,1
156,152,1,1,1,1,1
156,148,1,1,1,1,1
156,144,1,1,1,1,1
156,140,1,1,1,1,1
156,136,1,0,0,0,1
156,132,1,0,0,0,1
156,128,1,0,0,0,1
156,28,1,1,1,1,1
156,24,1,1,1,1,1
156,20,1,1,1,1,1
156,16,1,1,1,1,1
156,12,1,0,0,0,1
156,8,1,0,0,0,1
156,4,1,0,0,0,1
156,0,1,0,0,0,1
157,157,1,1,1,1,1
157,156,1,1,1,1,1
157,153,1,1,1,1,1
157,152,1,1,1,1,1
157,149,1,1,1,1,1
157,148,1,1,1,1,1
157,145,1,1,1,1,1
157,144,1,1,1,1,1
157,141,1,1,1,1,1
157,140,1,1,1,1,1
157,137,1,0,0,0,1
157,136,1,0,0,0,1
157,133,1,1,1,1,1
157,132,1,0,0,0,1
157,129,1,0,0,0,1
157,128,1,0,0,0,1
157,29,1,1,1,1,1
157,28,1,1,1,1,1
157,25,1,1,1,1,1
157,24,1,1,1,1,1
157,21,1,1,1,1,1
157,20,1,1,1,1,1
157,17,1,1,1,1,1
157,16,1,1,1,1,1
157,13,1,0,0,0,1
157,12,1,0,0,0,1
157,9,1,0,0,0,1
157,8,1,0,0,0,1
157,5,1,0,0,0,1
157,4,1,0,0,0,1
157,1,1,0,0,0,1
157,0,1,0,0,0,1
158,158,1,1,1,1,1
158,156,1,1,1,1,1
158,154,1,1,1,1,1
158,152,1,1,1,1,1
158,150,1,1,1,1,1
158,148,1,1,1,1,1
158,146,1,1,1,1,1
158,144,1,1,1,1,1
158,142,1,1,1,1,1
158,140,1,1,1,1,1
158,138,1,1,1,1,1
158,136,1,0,0,0,1
158,134,1,1,1,1,1
158,132,1,0,0,0,1
158,130,1,1,1,1,1
158,128,1,0,0,0,1
158,30,1,1,1,1,1
158,28,1,1,1,1,1
158,26,1,1,1,1,1
158,24,1,1,1,1,1
158,22,1,1,1,1,1
158,20,1,1,1,1,1
158,18,1,1,1,1,1
158,16,1,1,1,1,1
158,14,1,0,0,0,1
158,12,1,0,0,0,1
158,10,1,0,0,0,1
158,8,1,0,0,0,1
158,6,1,0,0,0,1
158,4,1,0,0,0,1
158,2,1,0,0,0,1
158,0,1,0,0,0,1
159,159,1,1,1,1,1
159,158,1,1,1,1,1
159,157,1,1,1,1,1
159,156,1,1,1,1,1
159,155,1,1,1,1,1
159,154,1,1,1,1,1
159,153,1,1,1,1,1
159,152,1,1,1,1,1
159,151,1,1,1,1,1
159,150,1,1,1,1,1
159,149,1,1,1,1,1
159,148,1,1,1,1,1
159,147,1,1,1,1,1
159,146,1,1,1,1,1
159,145,1,1,1,1,1
159,144,1,1,1,1,1
159,143,1,1,1,1,1
159,142,1,1,1,1,1
159,141,1,1,1,1,1
159,140,1,1,1,1,1
159,139,1,1,1,1,1
159,138,1,1,1,1,1
159,137,1,0,0,0,1
159,136,1,0,0,0,1
159,135,1,1,1,1,1
159,134,1,1,1,1,1
159,133,1,1,1,1,1
159,132,1,0,0,0,1
159,131,1,1,1,1,1
159,130,1,1,1,1,1
159,129,1,0,0,0,1
159,128,1,0,0,0,1
159,31,1,1,1,1,1
159,30,1,1,1,1,1
159,29,1,1,1,1,1
159,28,1,1,1,1,1
159,27,1,1,1,1,1
159,26,1,1,1,1,1
159,25,1,1,1,1,1
159,24,1,1,1,1,1
159,23,1,1,1,1,1
159,22,1,1,1,1,1
159,21,1,1,1,1,1
159,20,1,1,1,1,1
159,19,1,1,1,1,1
159,18,1,1,1,1,1
159,17,1,1,1,1,1
159,16,1,1,1,1,1
159,15,1,0,0,0,1
159,14,1,0,0,0,1
159,13,1,0,0,0,1
159,12,1,0,0,0,1
159,11,1,0,0,0,1
159,10,1,0,0,0,1
159,9,1,0,0,0,1
159,8,1,0,0,0,1
159,7,1,0,0,0,1
159,6,1,0,0,0,1
159,5,1,0,0,0,1
159,4,1,0,0,0,1
159,3,1,0,0,0,1
159,2,1,0,0,0,1
159,1,1,0,0,0,1
159,0,1,0,0,0,1
160,160,0,0,0,0,1
160,128,0,0,0,0,1
160,32,0,0,0,0,1
160,0,0,0,0,0,1
161,161,1,1,1,1,1
161,160,1,0,0,0,1
161,129,1,0,0,0,1
161,128,1,0,0,0,1
161,33,1,0,0,0,1
161,32,1,0,0,0,1
161,1,1,0,0,0,1
161,0,1,0,0,0,1
162,162,1,1,1,1,1
162,160,1,0,0,0,1
162,130,1,1,1,1,1
162,128,1,0,0,0,1
162,34,1,0,0,0,1
162,32,1,0,0,0,1
162,2,1,0,0,0,1
162,0,1,0,0,0,1
163,163,1,1,1,1,1
163,162,1,1,1,1,1
163,161,1,1,1,1,1
163,160,1,0,0,0,1
163,131,1,1,1,1,1
163,130,1,1,1,1,1
163,129,1,0,0,0,1
163,128,1,0,0,0,1
163,35,1,0,0,0,1
163,34,1,0,0,0,1
163,33,1,0,0,0,1
163,32,1,0,0,0,1
163,3,1,0,0,0,1
163,2,1,0,0,0,1
163,1,1,0,0,0,1
163,0,1,0,0,0,1
164,164,0,0,0,0,1
164,160,0,0,0,0,1
164,132,0,0,0,0,1
164,128,0,0,0,0,1
164,36,0,0,0,0,1
164,32,0,0,0,0,1
164,4,0,0,0,0,1
164,0,0,0,0,0,1
165,165,1,1,1,1,1
165,164,1,0,0,0,1
165,161,1,1,1,1,1
165,160,1,0,0,0,1
165,133,1,1,1,1,1
165,132,1,0,0,0,1
165,129,1,0,0,0,1
165,128,1,0,0,0,1
165,37,1,0,0,0,1
165,36,1,0,0,0,1
165,33,1,0,0,0,1
165,32,1,0,0,0,1
165,5,1,0,0,0,1
165,4,1,0,0,0,1
165,1,1,0,0,0,1
165,0,1,0,0,0,1
166,166,1,1,1,1,1
166,164,1,0,0,0,1
166,162,1,1,1,1,1
166,160,1,0,0,0,1
166,134,1,1,1,1,1
166,132,1,0,0,0,1
166,130,1,1,1,1,1
166,128,1,0,0,0,1
166,38,1,0,0,0,1
166,36,1,0,0,0,1
166,34,1,0,0,0,1
166,32,1,0,0,0,1
166,6,1,0,0,0,1
166,4,1,0,0,0,1
166,2,1,0,0,0,1
166,0,1,0,0,0,1
167,167,1,1,1,1,1
167,166,1,1,1,1,1
167,165,1,1,1,1,1
167,164,1,0,0,0,1
167,163,1,1,1,1,1
167,162,1,1,1,1,1
167,161,1,1,1,1,1
167,160,1,0,0,0,1
167,135,1,1,1,1,1
167,134,1,1,1,1,1
167,133,1,1,1,1,1
167,132,1,0,0,0,1
167,131,1,1,1,1,1
167,130,1,1,1,1,1
167,129,1,0,0,0,1
167,128,1,0,0,0,1
167,39,1,0,0,0,1
167,38,1,0,0,0,1
167,37,1,0,0,0,1
167,36,1,0,0,0,1
167,35,1,0,0,0,1
167,34,1,0,0,0,1
167,33,1,0,0,0,1
167,32,1,0,0,0,1
167,7,1,0,0,0,1
167,6,1,0,0,0,1
167,5,1,0,0,0,1
167,4,1,0,0,0,1
167,3,1,0,0,0,1
167,2,1,0,0,0,1
167,1,1,0,0,0,1
167,0,1,0,0,0,1
168,168,1,1,1,1,1
168,160,1,0,0,0,1
168,136,1,0,0,0,1
168,128,1,0,0,0,1
168,40,1,1,1,1,1
168,32,1,0,0,0,1
168,8,1,0,0,0,1
168,0,1,0,0,0,1
169,169,1,1,1,1,1
169,168,1,1,1,1,1
169,161,1,1,1,1,1
169,160,1,0,0,0,1
169,137,1,0,0,0,1
169,136,1,0,0,0,1
169,129,1,0,0,0,1
169,128,1,0,0,0,1
169,41,1,1,1,1,1
169,40,1,1,1,1,1
169,33,1,0,0,0,1
169,32,1,0,0,0,1
169,9,1,0,0,0,1
169,8,1,0,0,0,1
169,1,1,0,0,0,1
169,0,1,0,0,0,1
170,170,1,1,1,1,1
170,168,1,1,1,1,1
170,162,1,1,1,1,1
170,160,1,0,0,0,1
170,138,1,1,1,1,1
170,136,1,0,0,0,1
170,130,1,1,1,1,1
170,128,1,0,0,0,1
170,42,1,1,1,1,1
170,40,1,1,1,1,1
170,34,1,0,0,0,1
170,32,1,0,0,0,1
170,10,1,0,0,0,1
170,8,1,0,0,0,1
170,2,1,0,0,0,1
170,0,1,0,0,0,1
171,171,1,1,1,1,1
171,170,1,1,1,1,1
171,169,1,1,1,1,1
171,168,1,1,1,1,1
171,163,1,1,1,1,1
171,162,1,1,1,1,1
171,161,1,1,1,1,1
171,160,1,0,0,0,1
171,139,1,1,1,1,1
171,138,1,1,1,1,1
171,137,1,0,0,0,1
171,136,1,0,0,0,1
171,131,1,1,1,1,1
171,130,1,1,1,1,1
171,129,1,0,0,0,1
171,128,1,0,0,0,1
171,43,1,1,1,1,1
171,42,1,1,1,1,1
171,41,1,1,1,1,1
171,40,1,1,1,1,1
171,35,1,0,0,0,1
171,34,1,0,0,0,1
171,33,1,0,0,0,1
171,32,1,0,0,0,1
171,11,1,0,0,0,1
171,10,1,0,0,0,1
171,9,1,0,0,0,1
171,8,1,0,0,0,1
171,3,1,0,0,0,1
171,2,1,0,0,0,1
171,1,1,0,0,0,1
171,0,1,0,0,0,1
172,172,1,1,1,1,1
172,168,1,1,1,1,1
172,164,1,0,0,0,1
172,160,1,0,0,0,1
172,140,1,1,1,1,1
172,136,1,0,0,0,1
172,132,1,0,0,0,1
172,128,1,0,0,0,1
172,44,1,1,1,1,1
172,40,1,1,1,1,1
172,36,1,0,0,0,1
172,32,1,0,0,0,1
172,12,1,0,0,0,1
172,8,1,0,0,0,1
172,4,1,0,0,0,1
172,0,1,0,0,0,1
173,173,1,1,1,1,1
173,172,1,1,1,1,1
173,169,1,1,1,1,1
173,168,1,1,1,1,1
173,165,1,1,1,1,1
173,164,1,0,0,0,1
173,161,1,1,1,1,1
173,160,1,0,0,0,1
173,141,1,1,1,1,1
173,140,1,1,1,1,1
173,137,1,0,0,0,1
173,136,1,0,0,0,1
173,133,1,1,1,1,1
173,132,1,0,0,0,1
173,129,1,0,0,0,1
173,128,1,0,0,0,1
173,45,1,1,1,1,1
173,44,1,1,1,1,1
173,41,1,1,1,1,1
173,40,1,1,1,1,1
173,37,1,0,0,0,1
173,36,1,0,0,0,1
173,33,1,0,0,0,1
173,32,1,0,0,0,1
173,13,1,0,0,0,1
173,12,1,0,0,0,1
173,9,1,0,0,0,1
173,8,1,0,0,0,1
173,5,1,0,0,0,1
173,4,1,0,0,0,1
173,1,1,0,0,0,1
173,0,1,0,0,0,1
174,174,1,1,1,1,1
174,172,1,1,1,1,1
174,170,1,1,1,1,1
174,168,1,1,1,1,1
174,166,1,1,1,1,1
174,164,1,0,0,0,1
174,162,1,1,1,1,1
174,160,1,0,0,0,1
174,142,1,1,1,1,1
174,140,1,1,1,1,1
174,138,1,1,1,1,1
174,136,1,0,0,0,1
174,134,1,1,1,1,1
174,132,1,0,0,0,1
174,130,1,1,1,1,1
174,128,1,0,0,0,1
174,46,1,1,1,1,1
174,44,1,1,1,1,1
174,42,1,1,1,1,1
174,40,1,1,1,1,1
174,38,1,0,0,0,1
174,36,1,0,0,0,1
174,34,1,0,0,0,1
174,32,1,0,0,0,1
174,14,1,0,0,0,1
174,12,1,0,0,0,1
174,10,1,0,0,0,1
174,8,1,0,0,0,1
174,6,1,0,0,0,1
174,4,1,0,0,0,1
174,2,1,0,0,0,1
174,0,1,0,0,0,1
175,175,1,1,1,1,1
175,174,1,1,1,1,1
175,173,1,1,1,1,1
175,172,1,1,1,1,1
175,171,1,1,1,1,1
175,170,1,1,1,1,1
175,169,1,1,1,1,1
175,168,1,1,1,1,1
175,167,1,1,1,1,1
175,166,1,1,1,1,1
175,165,1,1,1,1,1
175,164,1,0,0,0,1
175,163,1,1,1,1,1
175,162,1,1,1,1,1
175,161,1,1,1,1,1
175,160,1,0,0,0,1
175,143,1,1,1,1,1
175,142,1,1,1,1,1
175,141,1,1,1,1,1
175,140,1,1,1,1,1
175,139,1,1,1,1,1
175,138,1,1,1,1,1
175,137,1,0,0,0,1
175,136,1,0,0,0,1
175,135,1,1,1,1,1
175,134,1,1,1,1,1
175,133,1,1,1,1,1
175,132,1,0,0,0,1
175,131,1,1,1,1,1
175,130,1,1,1,1,1
175,129,1,0,0,0,1
175,128,1,0,0,0,1
175,47,1,1,1,1,1
175,46,1,1,1,1,1
175,45,1,1,1,1,1
175,44,1,1,1,1,1
175,43,1,1,1,1,1
175,42,1,1,1,1,1
175,41,1,1,1,1,1
175,40,1,1,1,1,1
175,39,1,0,0,0,1
175,38,1,0,0,0,1
175,37,1,0,0,0,1
175,36,1,0,0,0,1
175,35,1,0,0,0,1
175,34,1,0,0,0,1
175,33,1,0,0,0,1
175,32,1,0,0,0,1
175,15,1,0,0,0,1
175,14,1,0,0,0,1
175,13,1,0,0,0,1
175,12,1,0,0,0,1
175,11,1,0,0,0,1
175,10,1,0,0,0,1
175,9,1,0,0,0,1
175,8,1,0,0,0,1
175,7,1,0,0,0,1
175,6,1,0,0,0,1
175,5,1,0,0,0,1
175,4,1,0,0,0,1
175,3,1,0,0,0,1
175,2,1,0,0,0,1
175,1,1,0,0,0,1
175,0,1,0,0,0,1
176,176,1,1,1,1,1
176,160,1,0,0,0,1
176,144,1,1,1,1,1
176,128,1,0,0,0,1
176,48,1,1,1,1,1
176,32,1,0,0,0,1
176,16,1,1,1,1,1
176,0,1,0,0,0,1
177,177,1,1,1,1,1
177,176,1,1,1,1,1
177,161,1,1,1,1,1
177,160,1,0,0,0,1
177,145,1,1,1,1,1
177,144,1,1,1,1,1
177,129,1,0,0,0,1
177,128,1,0,0,0,1
177,49,1,1,1,1,1
177,48,1,1,1,1,1
177,33,1,0,0,0,1
177,32,1,0,0,0,1
177,17,1,1,1,1,1
177,16,1,1,1,1,1
177,1,1,0,0,0,1
177,0,1,0,0,0,1
178,178,1,1,1,1,1
178,176,1,1,1,1,1
178,162,1,1,1,1,1
178,160,1,0,0,0,1
178,146,1,1,1,1,1
178,144,1,1,1,1,1
178,130,1,1,1,1,1
178,128,1,0,0,0,1
178,50,1,1,1,1,1
178,48,1,1,1,1,1
178,34,1,0,0,0,1
178,32,1,0,0,0,1
178,18,1,1,1,1,1
178,16,1,1,1,1,1
178,2,1,0,0,0,1
178,0,1,0,0,0,1
179,179,1,1,1,1,1
179,178,1,1,1,1,1
179,177,1,1,1,1,1
179,176,1,1,1,1,1
179,163,1,1,1,1,1
179,162,1,1,1,1,1
179,161,1,1,1,1,1
179,160,1,0,0,0,1
179,147,1,1,1,1,1
179,146,1,1,1,1,1
179,145,1,1,1,1,1
179,144,1,1,1,1,1
179,131,1,1,1,1,1
179,130,1,1,1,1,1
179,129,1,0,0,0,1
179,128,1,0,0,0,1
179,51,1,1,1,1,1
179,50,1,1,1,1,1
179,49,1,1,1,1,1
179,48,1,1,1,1,1
179,35,1,0,0,0,1
179,34,1,0,0,0,1
179,33,1,0,0,0,1
179,32,1,0,0,0,1
179,19,1,1,1,1,1
179,18,1,1,1,1,1
179,17,1,1,1,1,1
179,16,1,1,1,1,1
179,3,1,0,0,0,1
179,2,1,0,0,0,1
179,1,1,0,0,0,1
179,0,1,0,0,0,1
180,180,1,1,1,1,1
180,176,1,1,1,1,1
180,164,1,0,0,0,1
180,160,1,0,0,0,1
180,148,1,1,1,1,1
180,144,1,1,1,1,1
180,132,1,0,0,0,1
180,128,1,0,0,0,1
180,52,1,1,1,1,1
180,48,1,1,1,1,1
180,36,1,0,0,0,1
180,32,1,0,0,0,1
180,20,1,1,1,1,1
180,16,1,1,1,1,1
180,4,1,0,0,0,1
180,0,1,0,0,0,1
181,181,1,1,1,1,1
181,180,1,1,1,1,1
181,177,1,1,1,1,1
181,176,1,1,1,1,1
181,165,1,1,1,1,1
181,164,1,0,0,0,1
181,161,1,1,1,1,1
181,160,1,0,0,0,1
181,149,1,1,1,1,1
181,148,1,1,1,1,1
181,145,1,1,1,1,1
181,144,1,1,1,1,1
181,133,1,1,1,1,1
181,132,1,0,0,0,1
181,129,1,0,0,0,1
181,128,1,0,0,0,1
181,53,1,1,1,1,1
181,52,1,1,1,1,1
181,49,1,1,1,1,1
181,48,1,1,1,1,1
181,37,1,0,0,0,1
181,36,1,0,0,0,1
181,33,1,0,0,0,1
181,32,1,0,0,0,1
181,21,1,1,1,1,1
181,20,1,1,1,1,1
181,17,1,1,1,1,1
181,16,1,1,1,1,1
181,5,1,0,0,0,1
181,4,1,0,0,0,1
181,1,1,0,0,0,1
181,0,1,0,0,0,1
182,182,1,1,1,1,1
182,180,1,1,1,1,1
182,178,1,1,1,1,1
182,176,1,1,1,1,1
182,166,1,1,1,1,1
182,164,1,0,0,0,1
182,162,1,1,1,1,1
182,160,1,0,0,0,1
182,150,1,1,1,1,1
182,148,1,1,1,1,1
182,146,1,1,1,1,1
182,144,1,1,1,1,1
182,134,1,1,1,1,1
182,132,1,0,0,0,1
182,130,1,1,1,1,1
182,128,1,0,0,0,1
182,54,1,1,1,1,1
182,52,1,1,1,1,1
182,50,1,1,1,1,1
182,48,1,1,1,1,1
182,38,1,0,0,0,1
182,36,1,0,0,0,1
182,34,1,0,0,0,1
182,32,1,0,0,0,1
182,22,1,1,1,1,1
182,20,1,1,1,1,1
182,18,1,1,1,1,1
182,16,1,1,1,1,1
182,6,1,0,0,0,1
182,4,1,0,0,0,1
182,2,1,0,0,0,1
182,0,1,0,0,0,1
183,183,1,1,1,1,1
183,182,1,1,1,1,1
183,181,1,1,1,1,1
183,180,1,1,1,1,1
183,179,1,1,1,1,1
183,178,1,1,1,1,1
183,177,1,1,1,1,1
183,176,1,1,1,1,1
183,167,1,1,1,1,1
183,166,1,1,1,1,1
183,165,1,1,1,1,1
183,164,1,0,0,0,1
183,163,1,1,1,1,1
183,162,1,1,1,1,1
183,161,1,1,1,1,1
183,160,1,0,0,0,1
183,151,1,1,1,1,1
183,150,1,1,1,1,1
183,149,1,1,1,1,1
183,148,1,1,1,1,1
183,147,1,1,1,1,1
183,146,1,1,1,1,1
183,145,1,1,1,1,1
183,144,1,1,1,1,1
183,135,1,1,1,1,1
183,134,1,1,1,1,1
183,133,1,1,1,1,1
183,132,1,0,0,0,1
183,131,1,1,1,1,1
183,130,1,1,1,1,1
183,129,1,0,0,0,1
183,128,1,0,0,0,1
183,55,1,1,1,1,1
183,54,1,1,1,1,1
183,53,1,1,1,1,1
183,52,1,1,1,1,1
183,51,1,1,1,1,1
183,50,1,1,1,1,1
183,49,1,1,1,1,1
183,48,1,1,1,1,1
183,39,1,0,0,0,1
183,38,1,0,0,0,1
183,37,1,0,0,0,1
183,36,1,0,0,0,1
183,35,1,0,0,0,1
183,34,1,0,0,0,1
183,33,1,0,0,0,1
183,32,1,0,0,0,1
183,23,1,1,1,1,1
183,22,1,1,1,1,1
183,21,1,1,1,1,1
183,20,1,1,1,1,1
183,19,1,1,1,1,1
183,18,1,1,1,1,1
183,17,1,1,1,1,1
183,16,1,1,1,1,1
183,7,1,0,0,0,1
183,6,1,0,0,0,1
183,5,1,0,0,0,1
183,4,1,0,0,0,1
183,3,1,0,0,0,1
183,2,1,0,0,0,1
183,1,1,0,0,0,1
183,0,1,0,0,0,1
184,184,1,1,1,1,1
184,176,1,1,1,1,1
184,168,1,1,1,1,1
184,160,1,0,0,0,1
184,152,1,1,1,1,1
184,144,1,1,1,1,1
184,136,1,0,0,0,1
184,128,1,0,0,0,1
184,56,1,1,1,1,1
184,48,1,1,1,1,1
184,40,1,1,1,1,1
184,32,1,0,0,0,1
184,24,1,1,1,1,1
184,16,1,1,1,1,1
184,8,1,0,0,0,1
184,0,1,0,0,0,1
185,185,1,1,1,1,1
185,184,1,1,1,1,1
185,177,1,1,1,1,1
185,176,1,1,1,1,1
185,169,1,1,1,1,1
185,168,1,1,1,1,1
185,161,1,1,1,1,1
185,160,1,0,0,0,1
185,153,1,1,1,1,1
185,152,1,1,1,1,1
185,145,1,1,1,1,1
185,144,1,1,1,1,1
185,137,1,0,0,0,1
185,136,1,0,0,0,1
185,129,1,0,0,0,1
185,128,1,0,0,0,1
185,57,1,1,1,1,1
185,56,1,1,1,1,1
185,49,1,1,1,1,1
185,48,1,1,1,1,1
185,41,1,1,1,1,1
185,40,1,1,1,1,1
185,33,1,0,0,0,1
185,32,1,0,0,0,1
185,25,1,1,1,1,1
185,24,1,1,1,1,1
185,17,1,1,1,1,1
185,16,1,1,1,1,1
185,9,1,0,0,0,1
185,8,1,0,0,0,1
185,1,1,0,0,0,1
185,0,1,0,0,0,1
186,186,1,1,1,1,1
186,184,1,1,1,1,1
186,178,1,1,1,1,1
186,176,1,1,1,1,1
186,170,1,1,1,1,1
186,168,1,1,1,1,1
186,162,1,1,1,1,1
186,160,1,0,0,0,1
186,154,1,1,1,1,1
186,152,1,1,1,1,1
186,146,1,1,1,1,1
186,144,1,1,1,1,1
186,138,1,1,1,1,1
186,136,1,0,0,0,1
186,130,1,1,1,1,1
186,128,1,0,0,0,1
186,58,1,1,1,1,1
186,56,1,1,1,1,1
186,50,1,1,1,1,1
186,48,1,1,1,1,1
186,42,1,1,1,1,1
186,40,1,1,1,1,1
186,34,1,0,0,0,1
186,32,1,0,0,0,1
186,26,1,1,1,1,1
186,24,1,1,1,1,1
186,18,1,1,1,1,1
186,16,1,1,1,1,1
186,10,1,0,0,0,1
186,8,1,0,0,0,1
186,2,1,0,0,0,1
186,0,1,0,0,0,1
187,187,1,1,1,1,1
187,186,1,1,1,1,1
187,185,1,1,1,1,1
187,184,1,1,1,1,1
187,179,1,1,1,1,1
187,178,1,1,1,1,1
187,177,1,1,1,1,1
187,176,1,1,1,1,1
187,171,1,1,1,1,1
187,170,1,1,1,1,1
187,169,1,1,1,1,1
187,168,1,1,1,1,1
187,163,1,1,1,1,1
187,162,1,1,1,1,1
187,161,1,1,1,1,1
187,160,1,0,0,0,1
187,155,1,1,1,1,1
187,154,1,1,1,1,1
187,153,1,1,1,1,1
187,152,1,1,1,1,1
187,147,1,1,1,1,1
187,146,1,1,1,1,1
187,145,1,1,1,1,1
187,144,1,1,1,1,1
187,139,1,1,1,1,1
187,138,1,1,1,1,1
187,137,1,0,0,0,1
187,136,1,0,0,0,1
187,131,1,1,1,1,1
187,130,1,1,1,1,1
187,129,1,0,0,0,1
187,128,1,0,0,0,1
187,59,1,1,1,1,1
187,58,1,1,1,1,1
187,57,1,1,1,1,1
187,56,1,1,1,1,1
187,51,1,1,1,1,1
187,50,1,1,1,1,1
187,49,1,1,1,1,1
187,48,1,1,1,1,1
187,43,1,1,1,1,1
187,42,1,1,1,1,1
187,41,1,1,1,1,1
187,40,1,1,1,1,1
187,35,1,0,0,0,1
187,34,1,0,0,0,1
187,33,1,0,0,0,1
187,32,1,0,0,0,1
187,27,1,1,1,1,1
187,26,1,1,1,1,1
187,25,1,1,1,1,1
187,24,1,1,1,1,1
187,19,1,1,1,1,1
187,18,1,1,1,1,1
187,17,1,1,1,1,1
187,16,1,1,1,1,1
187,11,1,0,0,0,1
187,10,1,0,0,0,1
187,9,1,0,0,0,1
187,8,1,0,0,0,1
187,3,1,0,0,0,1
187,2,1,0,0,0,1
187,1,1,0,0,0,1
187,0,1,0,0,0,1
188,188,1,1,1,1,1
188,184,1,1,1,1,1
188,180,1,1,1,1,1
188,176,1,1,1,1,1
188,172,1,1,1,1,1
188,168,1,1,1,1,1
188,164,1,0,0,0,1
188,160,1,0,0,0,1
188,156,1,1,1,1,1
188,152,1,1,1,1,1
188,148,1,1,1,1,1
188,144,1,1,1,1,1
188,140,1,1,1,1,1
188,136,1,0,0,0,1
188,132,1,0,0,0,1
188,128,1,0,0,0,1
188,60,1,1,1,1,1
188,56,1,1,1,1,1
188,52,1,1,1,1,1
188,48,1,1,1,1,1
188,44,1,1,1,1,1
188,40,1,1,1,1,1
188,36,1,0,0,0,1
188,32,1,0,0,0,1
188,28,1,1,1,1,1
188,24,1,1,1,1,1
188,20,1,1,1,1,1
188,16,1,1,1,1,1
188,12,1,0,0,0,1
188,8,1,0,0,0,1
188,4,1,0,0,0,1
188,0,1,0,0,0,1
189,189,1,1,1,1,1
189,188,1,1,1,1,1
189,185,1,1,1,1,1
189,184,1,1,1,1,1
189,181,1,1,1,1,1
189,180,1,1,1,1,1
189,177,1,1,1,1,1
189,176,1,1,1,1,1
189,173,1,1,1,1,1
189,172,1,1,1,1,1
189,169,1,1,1,1,1
189,168,1,1,1,1,1
189,165,1,1,1,1,1
189,164,1,0,0,0,1
189,161,1,1,1,1,1
189,160,1,0,0,0,1
189,157,1,1,1,1,1
189,156,1,1,1,1,1
189,153,1,1,1,1,1
189,152,1,1,1,1,1
189,149,1,1,1,1,1
189,148,1,1,1,1,1
189,145,1,1,1,1,1
189,144,1,1,1,1,1
189,141,1,1,1,1,1
189,140,1,1,1,1,1
189,137,1,0,0,0,1
189,136,1,0,0,0,1
189,133,1,1,1,1,1
189,132,1,0,0,0,1
189,129,1,0,0,0,1
189,128,1,0,0,0,1
189,61,1,1,1,1,1
189,60,1,1,1,1,1
189,57,1,1,1,1,1
189,56,1,1,1,1,1
189,53,1,1,1,1,1
189,52,1,1,1,1,1
189,49,1,1,1,1,1
189,48,1,1,1,1,1
189,45,1,1,1,1,1
189,44,1,1,1,1,1
189,41,1,1,1,1,1
189,40,1,1,1,1,1
189,37,1,0,0,0,1
189,36,1,0,0,0,1
189,33,1,0,0,0,1
189,32,1,0,0,0,1
189,29,1,1,1,1,1
189,28,1,1,1,1,1
189,25,1,1,1,1,1
189,24,1,1,1,1,1
189,21,1,1,1,1,1
189,20,1,1,1,1,1
189,17,1,1,1,1,1
189,16,1,1,1,1,1
189,13,1,0,0,0,1
189,12,1,0,0,0,1
189,9,1,0,0,0,1
189,8,1,0,0,0,1
189,5,1,0,0,0,1
189,4,1,0,0,0,1
189,1,1,0,0,0,1
189,0,1,0,0,0,1
190,190,1,1,1,1,1
190,188,1,1,1,1,1
190,186,1,1,1,1,1
190,184,1,1,1,1,1
190,182,1,1,1,1,1
190,180,1,1,1,1,1
190,178,1,1,1,1,1
190,176,1,1,1,1,1
190,174,1,1,1,1,1
190,172,1,1,1,1,1
190,170,1,1,1,1,1
190,168,1,1,1,1,1
190,166,1,1,1,1,1
190,164,1,0,0,0,1
190,162,1,1,1,1,1
190,160,1,0,0,0,1
190,158,1,1,1,1,1
190,156,1,1,1,1,1
190,154,1,1,1,1,1
190,152,1,1,1,1,1
190,150,1,1,1,1,1
190,148,1,1,1,1,1
190,146,1,1,1,1,1
190,144,1,1,1,1,1
190,142,1,1,1,1,1
190,140,1,1,1,1,1
190,138,1,1,1,1,1
190,136,1,0,0,0,1
190,134,1,1,1,1,1
190,132,1,0,0,0,1
190,130,1,1,1,1,1
190,128,1,0,0,0,1
190,62,1,1,1,1,1
190,60,1,1,1,1,1
190,58,1,1,1,1,1
190,56,1,1,1,1,1
190,54,1,1,1,1,1
190,52,1,1,1,1,1
190,50,1,1,1,1,1
190,48,1,1,1,1,1
190,46,1,1,1,1,1
190,44,1,1,1,1,1
190,42,1,1,1,1,1
190,40,1,1,1,1,1
190,38,1,0,0,0,1
190,36,1,0,0,0,1
190,34,1,0,0,0,1
190,32,1,0,0,0,1
190,30,1,1,1,1,1
190,28,1,1,1,1,1
190,26,1,1,1,1,1
190,24,1,1,1,1,1
190,22,1,1,1,1,1
190,20,1,1,1,1,1
190,18,1,1,1,1,1
190,16,1,1,1,1,1
190,14,1,0,0,0,1
190,12,1,0,0,0,1
190,10,1,0,0,0,1
190,8,1,0,0,0,1
190,6,1,0,0,0,1
190,4,1,0,0,0,1
190,2,1,0,0,0,1
190,0,1,0,0,0,1
191,191,1,1,1,1,1
191,190,1,1,1,1,1
191,189,1,1,1,1,1
191,188,1,1,1,1,1
191,187,1,1,1,1,1
191,186,1,1,1,1,1
191,185,1,1,1,1,1
191,184,1,1,1,1,1
191,183,1,1,1,1,1
191,182,1,1,1,1,1
191,181,1,1,1,1,1
191,180,1,1,1,1,1
191,179,1,1,1,1,1
191,178,1,1,1,1,1
191,177,1,1,1,1,1
191,176,1,1,1,1,1
191,175,1,1,1,1,1
191,174,1,1,1,1,1
191,173,1,1,1,1,1
191,172,1,1,1,1,1
191,171,1,1,1,1,1
191,170,1,1,1,1,1
191,169,1,1,1,1,1
191,168,1,1,1,1,1
191,167,1,1,1,1,1
191,166,1,1,1,1,1
191,165,1,1,1,1,1
191,164,1,0,0,0,1
191,163,1,1,1,1,1
191,162,1,1,1,1,1
191,161,1,1,1,1,1
191,160,1,0,0,0,1
191,159,1,1,1,1,1
191,158,1,1,1,1,1
191,157,1,1,1,1,1
191,156,1,1,1,1,1
191,155,1,1,1,1,1
191,154,1,1,1,1,1
191,153,1,1,1,1,1
191,152,1,1,1,1,1
191,151,1,1,1,1,1
191,150,1,1,1,1,1
191,149,1,1,1,1,1
191,148,1,1,1,1,1
191,147,1,1,1,1,1
191,146,1,1,1,1,1
191,145,1,1,1,1,1
191,144,1,1,1,1,1
191,143,1,1,1,1,1
191,142,1,1,1,1,1
191,141,1,1,1,1,1
191,140,1,1,1,1,1
191,139,1,1,1,1,1
191,138,1,1,1,1,1
191,137,1,0,0,0,1
191,136,1,0,0,0,1
191,135,1,1,1,1,1
191,134,1,1,1,1,1
191,133,1,1,1,1,1
191,132,1,0,0,0,1
191,131,1,1,1,1,1
191,130,1,1,1,1,1
191,129,1,0,0,0,1
191,128,1,0,0,0,1
191,63,1,1,1,1,1
191,62,1,1,1,1,1
191,61,1,1,1,1,1
191,60,1,1,1,1,1
191,59,1,1,1,1,1
191,58,1,1,1,1,1
191,57,1,1,1,1,1
191,56,1,1,1,1,1
191,55,1,1,1,1,1
191,54,1,1,1,1,1
191,53,1,1,1,1,1
191,52,1,1,1,1,1
191,51,1,1,1,1,1
191,50,1,1,1,1,1
191,49,1,1,1,1,1
191,48,1,1,1,1,1
191,47,1,1,1,1,1
191,46,1,1,1,1,1
191,45,1,1,1,1,1
191,44,1,1,1,1,1
191,43,1,1,1,1,1
191,42,1,1,1,1,1
191,41,1,1,1,1,1
191,40,1,1,1,1,1
191,39,1,0,0,0,1
191,38,1,0,0,0,1
191,37,1,0,0,0,1
191,36,1,0,0,0,1
191,35,1,0,0,0,1
191,34,1,0,0,0,1
191,33,1,0,0,0,1
191,32,1,0,0,0,1
191,31,1,1,1,1,1
191,30,1,1,1,1,1
191,29,1,1,1,1,1
191,28,1,1,1,1,1
191,27,1,1,1,1,1
191,26,1,1,1,1,1
191,25,1,1,1,1,1
191,24,1,1,1,1,1
191,23,1,1,1,1,1
191,22,1,1,1,1,1
191,21,1,1,1,1,1
191,20,1,1,1,1,1
191,19,1,1,1,1,1
191,18,1,1,1,1,1
191,17,1,1,1,1,1
191,16,1,1,1,1,1
191,15,1,0,0,0,1
191,14,1,0,0,0,1
191,13,1,0,0,0,1
191,12,1,0,0,0,1
191,11,1,0,0,0,1
191,10,1,0,0,0,1
191,9,1,0,0,0,1
191,8,1,0,0,0,1
191,7,1,0,0,0,1
191,6,1,0,0,0,1
191,5,1,0,0,0,1
191,4,1,0,0,0,1
191,3,1,0,0,0,1
191,2,1,0,0,0,1
191,1,1,0,0,0,1
191,0,1,0,0,0,1
192,192,0,0,0,0,1
192,128,0,0,0,0,1
192,64,0,0,0,0,1
192,0,0,0,0,0,1
193,193,0,0,0,0,1
193,192,0,0,0,0,1
193,129,0,0,0,0,1
193,128,0,0,0,0,1
193,65,0,0,0,0,1
193,64,0,0,0,0,1
193,1,0,0,0,0,1
193,0,0,0,0,0,1
194,194,1,1,1,1,1
194,192,1,0,0,0,1
194,130,1,1,1,1,1
194,128,1,0,0,0,1
194,66,1,0,0,0,1
194,64,1,0,0,0,1
194,2,1,0,0,0,1
194,0,1,0,0,0,1
195,195,1,1,1,1,1
195,194,1,1,1,1,1
195,193,1,0,0,0,1
195,192,1,0,0,0,1
195,131,1,1,1,1,1
195,130,1,1,1,1,1
195,129,1,0,0,0,1
195,128,1,0,0,0,1
195,67,1,0,0,0,1
195,66,1,0,0,0,1
195,65,1,0,0,0,1
195,64,1,0,0,0,1
195,3,1,0,0,0,1
195,2,1,0,0,0,1
195,1,1,0,0,0,1
195,0,1,0,0,0,1
196,196,0,0,0,0,1
196,192,0,0,0,0,1
196,132,0,0,0,0,1
196,128,0,0,0,0,1
196,68,0,0,0,0,1
196,64,0,0,0,0,1
196,4,0,0,0,0,1
196,0,0,0,0,0,1
197,197,1,1,1,1,1
197,196,1,0,0,0,1
197,193,1,0,0,0,1
197,192,1,0,0,0,1
197,133,1,1,1,1,1
197,132,1,0,0,0,1
197,129,1,0,0,0,1
197,128,1,0,0,0,1
197,69,1,0,0,0,1
197,68,1,0,0,0,1
197,65,1,0,0,0,1
197,64,1,0,0,0,1
197,5,1,0,0,0,1
197,4,1,0,0,0,1
197,1,1,0,0,0,1
197,0,1,0,0,0,1
198,198,1,1,1,1,1
198,196,1,0,0,0,1
198,194,1,1,1,1,1
198,192,1,0,0,0,1
198,134,1,1,1,1,1
198,132,1,0,0,0,1
198,130,1,1,1,1,1
198,128,1,0,0,0,1
198,70,1,0,0,0,1
198,68,1,0,0,0,1
198,66,1,0,0,0,1
198,64,1,0,0,0,1
198,6,1,0,0,0,1
198,4,1,0,0,0,1
198,2,1,0,0,0,1
198,0,1,0,0,0,1
199,199,1,1,1,1,1
199,198,1,1,1,1,1
199,197,1,1,1,1,1
199,196,1,0,0,0,1
199,195,1,1,1,1,1
199,194,1,1,1,1,1
199,193,1,0,0,0,1
199,192,1,0,0,0,1
199,135,1,1,1,1,1
199,134,1,1,1,1,1
199,133,1,1,1,1,1
199,132,1,0,0,0,1
199,131,1,1,1,1,1
199,130,1,1,1,1,1
199,129,1,0,0,0,1
199,128,1,0,0,0,1
199,71,1,0,0,0,1
199,70,1,0,0,0,1
199,69,1,0,0,0,1
199,68,1,0,0,0,1
199,67,1,0,0,0,1
199,66,1,0,0,0,1
199,65,1,0,0,0,1
199,64,1,0,0,0,1
199,7,1,0,0,0,1
199,6,1,0,0,0,1
199,5,1,0,0,0,1
199,4,1,0,0,0,1
199,3,1,0,0,0,1
199,2,1,0,0,0,1
199,1,1,0,0,0,1
199,0,1,0,0,0,1
200,200,0,0,0,0,1
200,192,0,0,0,0,1
200,136,0,0,0,0,1
200,128,0,0,0,0,1
200,72,0,0,0,0,1
200,64,0,0,0,0,1
200,8,0,0,0,0,1
200,0,0,0,0,0,1
201,201,0,0,0,0,1
201,200,0,0,0,0,1
201,193,0,0,0,0,1
201,192,0,0,0,0,1
201,137,0,0,0,0,1
201,136,0,0,0,0,1
201,129,0,0,0,0,1
201,128,0,0,0,0,1
201,73,0,0,0,0,1
201,72,0,0,0,0,1
201,65,0,0,0,0,1
201,64,0,0,0,0,1
201,9,0,0,0,0,1
201,8,0,0,0,0,1
201,1,0,0,0,0,1
201,0,0,0,0,0,1
202,202,1,1,1,1,1
202,200,1,0,0,0,1
202,194,1,1,1,1,1
202,192,1,0,0,0,1
202,138,1,1,1,1,1
202,136,1,0,0,0,1
202,130,1,1,1,1,1
202,128,1,0,0,0,1
202,74,1,0,0,0,1
202,72,1,0,0,0,1
202,66,1,0,0,0,1
202,64,1,0,0,0,1
202,10,1,0,0,0,1
202,8,1,0,0,0,1
202,2,1,0,0,0,1
202,0,1,0,0,0,1
203,203,1,1,1,1,1
203,202,1,1,1,1,1
203,201,1,0,0,0,1
203,200,1,0,0,0,1
203,195,1,1,1,1,1
203,194,1,1,1,1,1
203,193,1,0,0,0,1
203,192,1,0,0,0,1
203,139,1,1,1,1,1
203,138,1,1,1,1,1
203,137,1,0,0,0,1
203,136,1,0,0,0,1
203,131,1,1,1,1,1
203,130,1,1,1,1,1
203,129,1,0,0,0,1
203,128,1,0,0,0,1
203,75,1,0,0,0,1
203,74,1,0,0,0,1
203,73,1,0,0,0,1
203,72,1,0,0,0,1
203,67,1,0,0,0,1
203,66,1,0,0,0,1
203,65,1,0,0,0,1
203,64,1,0,0,0,1
203,11,1,0,0,0,1
203,10,1,0,0,0,1
203,9,1,0,0,0,1
203,8,1,0,0,0,1
203,3,1,0,0,0,1
203,2,1,0,0,0,1
203,1,1,0,0,0,1
203,0,1,0,0,0,1
204,204,1,1,1,1,1
204,200,1,0,0,0,1
204,196,1,0,0,0,1
204,192,1,0,0,0,1
204,140,1,1,1,1,1
204,136,1,0,0,0,1
204,132,1,0,0,0,1
204,128,1,0,0,0,1
204,76,1,0,0,0,1
204,72,1,0,0,0,1
204,68,1,0,0,0,1
204,64,1,0,0,0,1
204,12,1,0,0,0,1
204,8,1,0,0,0,1
204,4,1,0,0,0,1
204,0,1,0,0,0,1
205,205,1,1,1,1,1
205,204,1,1,1,1,1
205,201,1,0,0,0,1
205,200,1,0,0,0,1
205,197,1,1,1,1,1
205,196,1,0,0,0,1
205,193,1,0,0,0,1
205,192,1,0,0,0,1
205,141,1,1,1,1,1
205,140,1,1,1,1,1
205,137,1,0,0,0,1
205,136,1,0,0,0,1
205,133,1,1,1,1,1
205,132,1,0,0,0,1
205,129,1,0,0,0,1
205,128,1,0,0,0,1
205,77,1,0,0,0,1
205,76,1,0,0,0,1
205,73,1,0,0,0,1
205,72,1,0,0,0,1
205,69,1,0,0,0,1
205,68,1,0,0,0,1
205,65,1,0,0,0,1
205,64,1,0,0,0,1
205,13,1,0,0,0,1
205,12,1,0,0,0,1
205,9,1,0,0,0,1
205,8,1,0,0,0,1
205,5,1,0,0,0,1
205,4,1,0,0,0,1
205,1,1,0,0,0,1
205,0,1,0,0,0,1
206,206,1,1,1,1,1
206,204,1,1,1,1,1
206,202,1,1,1,1,1
206,200,1,0,0,0,1
206,198,1,1,1,1,1
206,196,1,0,0,0,1
206,194,1,1,1,1,1
206,192,1,0,0,0,1
206,142,1,1,1,1,1
206,140,1,1,1,1,1
206,138,1,1,1,1,1
206,136,1,0,0,0,1
206,134,1,1,1,1,1
206,132,1,0,0,0,1
206,130,1,1,1,1,1
206,128,1,0,0,0,1
206,78,1,0,0,0,1
206,76,1,0,0,0,1
206,74,1,0,0,0,1
206,72,1,0,0,0,1
206,70,1,0,0,0,1
206,68,1,0,0,0,1
206,66,1,0,0,0,1
206,64,1,0,0,0,1
206,14,1,0,0,0,1
206,12,1,0,0,0,1
206,10,1,0,0,0,1
206,8,1,0,0,0,1
206,6,1,0,0,0,1
206,4,1,0,0,0,1
206,2,1,0,0,0,1
206,0,1,0,0,0,1
207,207,1,1,1,1,1
207,206,1,1,1,1,1
207,205,1,1,1,1,1
207,204,1,1,1,1,1
207,203,1,1,1,1,1
207,202,1,1,1,1,1
207,201,1,0,0,0,1
207,200,1,0,0,0,1
207,199,1,1,1,1,1
207,198,1,1,1,1,1
207,197,1,1,1,1,1
207,196,1,0,0,0,1
207,195,1,1,1,1,1
207,194,1,1,1,1,1
207,193,1,0,0,0,1
207,192,1,0,0,0,1
207,143,1,1,1,1,1
207,142,1,1,1,1,1
207,141,1,1,1,1,1
207,140,1,1,1,1,1
207,139,1,1,1,1,1
207,138,1,1,1,1,1
207,137,1,0,0,0,1
207,136,1,0,0,0,1
207,135,1,1,1,1,1
207,134,1,1,1,1,1
207,133,1,1,1,1,1
207,132,1,0,0,0,1
207,131,1,1,1,1,1
207,130,1,1,1,1,1
207,129,1,0,0,0,1
207,128,1,0,0,0,1
207,79,1,0,0,0,1
207,78,1,0,0,0,1
207,77,1,0,0,0,1
207,76,1,0,0,0,1
207,75,1,0,0,0,1
207,74,1,0,0,0,1
207,73,1,0,0,0,1
207,72,1,0,0,0,1
207,71,1,0,0,0,1
207,70,1,0,0,0,1
207,69,1,0,0,0,1
207,68,1,0,0,0,1
207,67,1,0,0,0,1
207,66,1,0,0,0,1
207,65,1,0,0,0,1
207,64,1,0,0,0,1
207,15,1,0,0,0,1
207,14,1,0,0,0,1
207,13,1,0,0,0,1
207,12,1,0,0,0,1
207,11,1,0,0,0,1
207,10,1,0,0,0,1
207,9,1,0,0,0,1
207,8,1,0,0,0,1
207,7,1,0,0,0,1
207,6,1,0,0,0,1
207,5,1,0,0,0,1
207,4,1,0,0,0,1
207,3,1,0,0,0,1
207,2,1,0,0,0,1
207,1,1,0,0,0,1
207,0,1,0,0,0,1
208,208,1,1,1,1,1
208,192,1,0,0,0,1
208,144,1,1,1,1,1
208,128,1,0,0,0,1
208,80,1,1,1,1,1
208,64,1,0,0,0,1
208,16,1,1,1,1,1
208,0,1,0,0,0,1
209,209,1,1,1,1,1
209,208,1,1,1,1,1
209,193,1,0,0,0,1
209,192,1,0,0,0,1
209,145,1,1,1,1,1
209,144,1,1,1,1,1
209,129,1,0,0,0,1
209,128,1,0,0,0,1
209,81,1,1,1,1,1
209,80,1,1,1,1,1
209,65,1,0,0,0,1
209,64,1,0,0,0,1
209,17,1,1,1,1,1
209,16,1,1,1,1,1
209,1,1,0,0,0,1
209,0,1,0,0,0,1
210,210,1,1,1,1,1
210,208,1,1,1,1,1
210,194,1,1,1,1,1
210,192,1,0,0,0,1
210,146,1,1,1,1,1
210,144,1,1,1,1,1
210,130,1,1,1,1,1
210,128,1,0,0,0,1
210,82,1,1,1,1,1
210,80,1,1,1,1,1
210,66,1,0,0,0,1
210,64,1,0,0,0,1
210,18,1,1,1,1,1
210,16,1,1,1,1,1
210,2,1,0,0,0,1
210,0,1,0,0,0,1
211,211,1,1,1,1,1
211,210,1,1,1,1,1
211,209,1,1,1,1,1
211,208,1,1,1,1,1
211,195,1,1,1,1,1
211,194,1,1,1,1,1
211,193,1,0,0,0,1
211,192,1,0,0,0,1
211,147,1,1,1,1,1
211,146,1,1,1,1,1
211,145,1,1,1,1,1
211,144,1,1,1,1,1
211,131,1,1,1,1,1
211,130,1,1,1,1,1
211,129,1,0,0,0,1
211,128,1,0,0,0,1
211,83,1,1,1,1,1
211,82,1,1,1,1,1
211,81,1,1,1,1,1
211,80,1,1,1,1,1
211,67,1,0,0,0,1
211,66,1,0,0,0,1
211,65,1,0,0,0,1
211,64,1,0,0,0,1
211,19,1,1,1,1,1
211,18,1,1,1,1,1
211,17,1,1,1,1,1
211,16,1,1,1,1,1
211,3,1,0,0,0,1
211,2,1,0,0,0,1
211,1,1,0,0,0,1
211,0,1,0,0,0,1
212,212,1,1,1,1,1
212,208,1,1,1,1,1
212,196,1,0,0,0,1
212,192,1,0,0,0,1
212,148,1,1,1,1,1
212,144,1,1,1,1,1
212,132,1,0,0,0,1
212,128,1,0,0,0,1
212,84,1,1,1,1,1
212,80,1,1,1,1,1
212,68,1,0,0,0,1
212,64,1,0,0,0,1
212,20,1,1,1,1,1
212,16,1,1,1,1,1
212,4,1,0,0,0,1
212,0,1,0,0,0,1
213,213,1,1,1,1,1
213,212,1,1,1,1,1
213,209,1,1,1,1,1
213,208,1,1,1,1,1
213,197,1,1,1,1,1
213,196,1,0,0,0,1
213,193,1,0,0,0,1
213,192,1,0,0,0,1
213,149,1,1,1,1,1
213,148,1,1,1,1,1
213,145,1,1,1,1,1
213,144,1,1,1,1,1
213,133,1,1,1,1,1
213,132,1,0,0,0,1
213,129,1,0,0,0,1
213,128,1,0,0,0,1
213,85,1,1,1,1,1
213,84,1,1,1,1,1
213,81,1,1,1,1,1
213,80,1,1,1,1,1
213,69,1,0,0,0,1
213,68,1,0,0,0,1
213,65,1,0,0,0,1
213,64,1,0,0,0,1
213,21,1,1,1,1,1
213,20,1,1,1,1,1
213,17,1,1,1,1,1
213,16,1,1,1,1,1
213,5,1,0,0,0,1
213,4,1,0,0,0,1
213,1,1,0,0,0,1
213,0,1,0,0,0,1
214,214,1,1,1,1,1
214,212,1,1,1,1,1
214,210,1,1,1,1,1
214,208,1,1,1,1,1
214,198,1,1,1,1,1
214,196,1,0,0,0,1
214,194,1,1,1,1,1
214,192,1,0,0,0,1
214,150,1,1,1,1,1
214,148,1,1,1,1,1
214,146,1,1,1,1,1
214,144,1,1,1,1,1
214,134,1,1,1,1,1
214,132,1,0,0,0,1
214,130,1,1,1,1,1
214,128,1,0,0,0,1
214,86,1,1,1,1,1
214,84,1,1,1,1,1
214,82,1,1,1,1,1
214,80,1,1,1,1,1
214,70,1,0,0,0,1
214,68,1,0,0,0,1
214,66,1,0,0,0,1
214,64,1,0,0,0,1
214,22,1,1,1,1,1
214,20,1,1,1,1,1
214,18,1,1,1,1,1
214,16,1,1,1,1,1
214,6,1,0,0,0,1
214,4,1,0,0,0,1
214,2,1,0,0,0,1
214,0,1,0,0,0,1
215,215,1,1,1,1,1
215,214,1,1,1,1,1
215,213,1,1,1,1,1
215,212,1,1,1,1,1
215,211,1,1,1,1,1
215,210,1,1,1,1,1
215,209,1,1,1,1,1
215,208,1,1,1,1,1
215,199,1,1,1,1,1
215,198,1,1,1,1,1
215,197,1,1,1,1,1
215,196,1,0,0,0,1
215,195,1,1,1,1,1
215,194,1,1,1,1,1
215,193,1,0,0,0,1
215,192,1,0,0,0,1
215,151,1,1,1,1,1
215,150,1,1,1,1,1
215,149,1,1,1,1,1
215,148,1,1,1,1,1
215,147,1,1,1,1,1
215,146,1,1,1,1,1
215,145,1,1,1,1,1
215,144,1,1,1,1,1
215,135,1,1,1,1,1
215,134,1,1,1,1,1
215,133,1,1,1,1,1
215,132,1,0,0,0,1
215,131,1,1,1,1,1
215,130,1,1,1,1,1
215,129,1,0,0,0,1
215,128,1,0,0,0,1
215,87,1,1,1,1,1
215,86,1,1,1,1,1
215,85,1,1,1,1,1
215,84,1,1,1,1,1
215,83,1,1,1,1,1
215,82,1,1,1,1,1
215,81,1,1,1,1,1
215,80,1,1,1,1,1
215,71,1,0,0,0,1
215,70,1,0,0,0,1
215,69,1,0,0,0,1
215,68,1,0,0,0,1
215,67,1,0,0,0,1
215,66,1,0,0,0,1
215,65,1,0,0,0,1
215,64,1,0,0,0,1
215,23,1,1,1,1,1
215,22,1,1,1,1,1
215,21,1,1,1,1,1
215,20,1,1,1,1,1
215,19,1,1,1,1,1
215,18,1,1,1,1,1
215,17,1,1,1,1,1
215,16,1,1,1,1,1
215,7,1,0,0,0,1
215,6,1,0,0,0,1
215,5,1,0,0,0,1
215,4,1,0,0,0,1
215,3,1,0,0,0,1
215,2,1,0,0,0,1
215,1,1,0,0,0,1
215,0,1,0,0,0,1
216,216,1,1,1,1,1
216,208,1,1,1,1,1
216,200,1,0,0,0,1
216,192,1,0,0,0,1
216,152,1,1,1,1,1
216,144,1,1,1,1,1
216,136,1,0,0,0,1
216,128,1,0,0,0,1
216,88,1,1,1,1,1
216,80,1,1,1,1,1
216,72,1,0,0,0,1
216,64,1,0,0,0,1
216,24,1,1,1,1,1
216,16,1,1,1,1,1
216,8,1,0,0,0,1
216,0,1,0,0,0,1
217,217,1,1,1,1,1
217,216,1,1,1,1,1
217,209,1,1,1,1,1
217,208,1,1,1,1,1
217,201,1,0,0,0,1
217,200,1,0,0,0,1
217,193,1,0,0,0,1
217,192,1,0,0,0,1
217,153,1,1,1,1,1
217,152,1,1,1,1,1
217,145,1,1,1,1,1
217,144,1,1,1,1,1
217,137,1,0,0,0,1
217,136,1,0,0,0,1
217,129,1,0,0,0,1
217,128,1,0,0,0,1
217,89,1,1,1,1,1
217,88,1,1,1,1,1
217,81,1,1,1,1,1
217,80,1,1,1,1,1
217,73,1,0,0,0,1
217,72,1,0,0,0,1
217,65,1,0,0,0,1
217,64,1,0,0,0,1
217,25,1,1,1,1,1
217,24,1,1,1,1,1
217,17,1,1,1,1,1
217,16,1,1,1,1,1
217,9,1,0,0,0,1
217,8,1,0,0,0,1
217,1,1,0,0,0,1
217,0,1,0,0,0,1
218,218,1,1,1,1,1
218,216,1,1,1,1,1
218,210,1,1,1,1,1
218,208,1,1,1,1,1
218,202,1,1,1,1,1
218,200,1,0,0,0,1
218,194,1,1,1,1,1
218,192,1,0,0,0,1
218,154,1,1,1,1,1
218,152,1,1,1,1,1
218,146,1,1,1,1,1
218,144,1,1,1,1,1
218,138,1,1,1,1,1
218,136,1,0,0,0,1
218,130,1,1,1,1,1
218,128,1,0,0,0,1
218,90,1,1,1,1,1
218,88,1,1,1,1,1
218,82,1,1,1,1,1
218,80,1,1,1,1,1
218,74,1,0,0,0,1
218,72,1,0,0,0,1
218,66,1,0,0,0,1
218,64,1,0,0,0,1
218,26,1,1,1,1,1
218,24,1,1,1,1,1
218,18,1,1,1,1,1
218,16,1,1,1,1,1
218,10,1,0,0,0,1
218,8,1,0,0,0,1
218,2,1,0,0,0,1
218,0,1,0,0,0,1
219,219,1,1,1,1,1
219,218,1,1,1,1,1
219,217,1,1,1,1,1
219,216,1,1,1,1,1
219,211,1,1,1,1,1
219,210,1,1,1,1,1
219,209,1,1,1,1,1
219,208,1,1,1,1,1
219,203,1,1,1,1,1
219,202,1,1,1,1,1
219,201,1,0,0,0,1
219,200,1,0,0,0,1
219,195,1,1,1,1,1
219,194,1,1,1,1,1
219,193,1,0,0,0,1
219,192,1,0,0,0,1
219,155,1,1,1,1,1
219,154,1,1,1,1,1
219,153,1,1,1,1,1
219,152,1,1,1,1,1
219,147,1,1,1,1,1
219,146,1,1,1,1,1
219,145,1,1,1,1,1
219,144,1,1,1,1,1
219,139,1,1,1,1,1
219,138,1,1,1,1,1
219,137,1,0,0,0,1
219,136,1,0,0,0,1
219,131,1,1,1,1,1
219,130,1,1,1,1,1
219,129,1,0,0,0,1
219,128,1,0,0,0,1
219,91,1,1,1,1,1
219,90,1,1,1,1,1
219,89,1,1,1,1,1
219,88,1,1,1,1,1
219,83,1,1,1,1,1
219,82,1,1,1,1,1
219,81,1,1,1,1,1
219,80,1,1,1,1,1
219,75,1,0,0,0,1
219,74,1,0,0,0,1
219,73,1,0,0,0,1
219,72,1,0,0,0,1
219,67,1,0,0,0,1
219,66,1,0,0,0,1
219,65,1,0,0,0,1
219,64,1,0,0,0,1
219,27,1,1,1,1,1
219,26,1,1,1,1,1
219,25,1,1,1,1,1
219,24,1,1,1,1,1
219,19,1,1,1,1,1
219,18,1,1,1,1,1
219,17,1,1,1,1,1
219,16,1,1,1,1,1
219,11,1,0,0,0,1
219,10,1,0,0,0,1
219,9,1,0,0,0,1
219,8,1,0,0,0,1
219,3,1,0,0,0,1
219,2,1,0,0,0,1
219,1,1,0,0,0,1
219,0,1,0,0,0,1
220,220,1,1,1,1,1
220,216,1,1,1,1,1
220,212,1,1,1,1,1
220,208,1,1,1,1,1
220,204,1,1,1,1,1
220,200,1,0,0,0,1
220,196,1,0,0,0,1
220,192,1,0,0,0,1
220,156,1,1,1,1,1
220,152,1,1,1,1,1
220,148,1,1,1,1,1
220,144,1,1,1,1,1
220,140,1,1,1,1,1
220,136,1,0,0,0,1
220,132,1,0,0,0,1
220,128,1,0,0,0,1
220,92,1,1,1,1,1
220,88,1,1,1,1,1
220,84,1,1,1,1,1
220,80,1,1,1,1,1
220,76,1,0,0,0,1
220,72,1,0,0,0,1
220,68,1,0,0,0,1
220,64,1,0,0,0,1
220,28,1,1,1,1,1
220,24,1,1,1,1,1
220,20,1,1,1,1,1
220,16,1,1,1,1,1
220,12,1,0,0,0,1
220,8,1,0,0,0,1
220,4,1,0,0,0,1
220,0,1,0,0,0,1
221,221,1,1,1,1,1
221,220,1,1,1,1,1
221,217,1,1,1,1,1
221,216,1,1,1,1,1
221,213,1,1,1,1,1
221,212,1,1,1,1,1
221,209,1,1,1,1,1
221,208,1,1,1,1,1
221,205,1,1,1,1,1
221,204,1,1,1,1,1
221,201,1,0,0,0,1
221,200,1,0,0,0,1
221,197,1,1,1,1,1
221,196,1,0,0,0,1
221,193,1,0,0,0,1
221,192,1,0,0,0,1
221,157,1,1,1,1,1
221,156,1,1,1,1,1
221,153,1,1,1,1,1
221,152,1,1,1,1,1
221,149,1,1,1,1,1
221,148,1,1,1,1,1
221,145,1,1,1,1,1
221,144,1,1,1,1,1
221,141,1,1,1,1,1
221,140,1,1,1,1,1
221,137,1,0,0,0,1
221,136,1,0,0,0,1
221,133,1,1,1,1,1
221,132,1,0,0,0,1
221,129,1,0,0,0,1
221,128,1,0,0,0,1
221,93,1,1,1,1,1
221,92,1,1,1,1,1
221,89,1,1,1,1,1
221,88,1,1,1,1,1
221,85,1,1,1,1,1
221,84,1,1,1,1,1
221,81,1,1,1,1,1
221,80,1,1,1,1,1
221,77,1,0,0,0,1
221,76,1,0,0,0,1
221,73,1,0,0,0,1
221,72,1,0,0,0,1
221,69,1,0,0,0,1
221,68,1,0,0,0,1
221,65,1,0,0,0,1
221,64,1,0,0,0,1
221,29,1,1,1,1,1
221,28,1,1,1,1,1
221,25,1,1,1,1,1
221,24,1,1,1,1,1
221,21,1,1,1,1,1
221,20,1,1,1,1,1
221,17,1,1,1,1,1
221,16,1,1,1,1,1
221,13,1,0,0,0,1
221,12,1,0,0,0,1
221,9,1,0,0,0,1
221,8,1,0,0,0,1
221,5,1,0,0,0,1
221,4,1,0,0,0,1
221,1,1,0,0,0,1
221,0,1,0,0,0,1
222,222,1,1,1,1,1
222,220,1,1,1,1,1
222,218,1,1,1,1,1
222,216,1,1,1,1,1
222,214,1,1,1,1,1
222,212,1,1,1,1,1
222,210,1,1,1,1,1
222,208,1,1,1,1,1
222,206,1,1,1,1,1
222,204,1,1,1,1,1
222,202,1,1,1,1,1
222,200,1,0,0,0,1
222,198,1,1,1,1,1
222,196,1,0,0,0,1
222,194,1,1,1,1,1
222,192,1,0,0,0,1
222,158,1,1,1,1,1
222,156,1,1,1,1,1
222,154,1,1,1,1,1
222,152,1,1,1,1,1
222,150,1,1,1,1,1
222,148,1,1,1,1,1
222,146,1,1,1,1,1
222,144,1,1,1,1,1
222,142,1,1,1,1,1
222,140,1,1,1,1,1
222,138,1,1,1,1,1
222,136,1,0,0,0,1
222,134,1,1,1,1,1
222,132,1,0,0,0,1
222,130,1,1,1,1,1
222,128,1,0,0,0,1
222,94,1,1,1,1,1
222,92,1,1,1,1,1
222,90,1,1,1,1,1
222,88,1,1,1,1,1
222,86,1,1,1,1,1
222,84,1,1,1,1,1
222,82,1,1,1,1,1
222,80,1,1,1,1,1
222,78,1,0,0,0,1
222,76,1,0,0,0,1
222,74,1,0,0,0,1
222,72,1,0,0,0,1
222,70,1,0,0,0,1
222,68,1,0,0,0,1
222,66,1,0,0,0,1
222,64,1,0,0,0,1
222,30,1,1,1,1,1
222,28,1,1,1,1,1
222,26,1,1,1,1,1
222,24,1,1,1,1,1
222,22,1,1,1,1,1
222,20,1,1,1,1,1
222,18,1,1,1,1,1
222,16,1,1,1,1,1
222,14,1,0,0,0,1
222,12,1,0,0,0,1
222,10,1,0,0,0,1
222,8,1,0,0,0,1
222,6,1,0,0,0,1
222,4,1,0,0,0,1
222,2,1,0,0,0,1
222,0,1,0,0,0,1
223,223,1,1,1,1,1
223,222,1,1,1,1,1
223,221,1,1,1,1,1
223,220,1,1,1,1,1
223,219,1,1,1,1,1
223,218,1,1,1,1,1
223,217,1,1,1,1,1
223,216,1,1,1,1,1
223,215,1,1,1,1,1
223,214,1,1,1,1,1
223,213,1,1,1,1,1
223,212,1,1,1,1,1
223,211,1,1,1,1,1
223,210,1,1,1,1,1
223,209,1,1,1,1,1
223,208,1,1,1,1,1
223,207,1,1,1,1,1
223,206,1,1,1,1,1
223,205,1,1,1,1,1
223,204,1,1,1,1,1
223,203,1,1,1,1,1
223,202,1,1,1,1,1
223,201,1,0,0,0,1
223,200,1,0,0,0,1
223,199,1,1,1,1,1
223,198,1,1,1,1,1
223,197,1,1,1,1,1
223,196,1,0,0,0,1
223,195,1,1,1,1,1
223,194,1,1,1,1,1
223,193,1,0,0,0,1
223,192,1,0,0,0,1
223,159,1,1,1,1,1
223,158,1,1,1,1,1
223,157,1,1,1,1,1
223,156,1,1,1,1,1
223,155,1,1,1,1,1
223,154,1,1,1,1,1
223,153,1,1,1,1,1
223,152,1,1,1,1,1
223,151,1,1,1,1,1
223,150,1,1,1,1,1
223,149,1,1,1,1,1
223,148,1,1,1,1,1
223,147,1,1,1,1,1
223,146,1,1,1,1,1
223,145,1,1,1,1,1
223,144,1,1,1,1,1
223,143,1,1,1,1,1
223,142,1,1,1,1,1
223,141,1,1,1,1,1
223,140,1,1,1,1,1
223,139,1,1,1,1,1
223,138,1,1,1,1,1
223,137,1,0,0,0,1
223,136,1,0,0,0,1
223,135,1,1,1,1,1
223,134,1,1,1,1,1
223,133,1,1,1,1,1
223,132,1,0,0,0,1
223,131,1,1,1,1,1
223,130,1,1,1,1,1
223,129,1,0,0,0,1
223,128,1,0,0,0,1
223,95,1,1,1,1,1
223,94,1,1,1,1,1
223,93,1,1,1,1,1
223,92,1,1,1,1,1
223,91,1,1,1,1,1
223,90,1,1,1,1,1
223,89,1,1,1,1,1
223,88,1,1,1,1,1
223,87,1,1,1,1,1
223,86,1,1,1,1,1
223,85,1,1,1,1,1
223,84,1,1,1,1,1
223,83,1,1,1,1,1
223,82,1,1,1,1,1
223,81,1,1,1,1,1
223,80,1,1,1,1,1
223,79,1,0,0,0,1
223,78,1,0,0,0,1
223,77,1,0,0,0,1
223,76,1,0,0,0,1
223,75,1,0,0,0,1
223,74,1,0,0,0,1
223,73,1,0,0,0,1
223,72,1,0,0,0,1
223,71,1,0,0,0,1
223,70,1,0,0,0,1
223,69,1,0,0,0,1
223,68,1,0,0,0,1
223,67,1,0,0,0,1
223,66,1,0,0,0,1
223,65,1,0,0,0,1
223,64,1,0,0,0,1
223,31,1,1,1,1,1
223,30,1,1,1,1,1
223,29,1,1,1,1,1
223,28,1,1,1,1,1
223,27,1,1,1,1,1
223,26,1,1,1,1,1
223,25,1,1,1,1,1
223,24,1,1,1,1,1
223,23,1,1,1,1,1
223,22,1,1,1,1,1
223,21,1,1,1,1,1
223,20,1,1,1,1,1
223,19,1,1,1,1,1
223,18,1,1,1,1,1
223,17,1,1,1,1,1
223,16,1,1,1,1,1
223,15,1,0,0,0,1
223,14,1,0,0,0,1
223,13,1,0,0,0,1
223,12,1,0,0,0,1
223,11,1,0,0,0,1
223,10,1,0,0,0,1
223,9,1,0,0,0,1
223,8,1,0,0,0,1
223,7,1,0,0,0,1
223,6,1,0,0,0,1
223,5,1,0,0,0,1
223,4,1,0,0,0,1
223,3,1,0,0,0,1
223,2,1,0,0,0,1
223,1,1,0,0,0,1
223,0,1,0,0,0,1
224,224,0,0,0,0,1
224,192,0,0,0,0,1
224,160,0,0,0,0,1
224,128,0,0,0,0,1
224,96,0,0,0,0,1
224,64,0,0,0,0,1
224,32,0,0,0,0,1
224,0,0,0,0,0,1
225,225,1,1,1,1,1
225,224,1,0,0,0,1
225,193,1,0,0,0,1
225,192,1,0,0,0,1
225,161,1,1,1,1,1
225,160,1,0,0,0,1
225,129,1,0,0,0,1
225,128,1,0,0,0,1
225,97,1,1,1,1,1
225,96,1,0,0,0,1
225,65,1,0,0,0,1
225,64,1,0,0,0,1
225,33,1,0,0,0,1
225,32,1,0,0,0,1
225,1,1,0,0,0,1
225,0,1,0,0,0,1
226,226,1,1,1,1,1
226,224,1,0,0,0,1
226,194,1,1,1,1,1
226,192,1,0,0,0,1
226,162,1,1,1,1,1
226,160,1,0,0,0,1
226,130,1,1,1,1,1
226,128,1,0,0,0,1
226,98,1,1,1,1,1
226,96,1,0,0,0,1
226,66,1,0,0,0,1
226,64,1,0,0,0,1
226,34,1,0,0,0,1
226,32,1,0,0,0,1
226,2,1,0,0,0,1
226,0,1,0,0,0,1
227,227,1,1,1,1,1
227,226,1,1,1,1,1
227,225,1,1,1,1,1
227,224,1,0,0,0,1
227,195,1,1,1,1,1
227,194,1,1,1,1,1
227,193,1,0,0,0,1
227,192,1,0,0,0,1
227,163,1,1,1,1,1
227,162,1,1,1,1,1
227,161,1,1,1,1,1
227,160,1,0,0,0,1
227,131,1,1,1,1,1
227,130,1,1,1,1,1
227,129,1,0,0,0,1
227,128,1,0,0,0,1
227,99,1,1,1,1,1
227,98,1,1,1,1,1
227,97,1,1,1,1,1
227,96,1,0,0,0,1
227,67,1,0,0,0,1
227,66,1,0,0,0,1
227,65,1,0,0,0,1
227,64,1,0,0,0,1
227,35,1,0,0,0,1
227,34,1,0,0,0,1
227,33,1,0,0,0,1
227,32,1,0,0,0,1
227,3,1,0,0,0,1
227,2,1,0,0,0,1
227,1,1,0,0,0,1
227,0,1,0,0,0,1
228,228,0,0,0,0,1
228,224,0,0,0,0,1
228,196,0,0,0,0,1
228,192,0,0,0,0,1
228,164,0,0,0,0,1
228,160,0,0,0,0,1
228,132,0,0,0,0,1
228,128,0,0,0,0,1
228,100,0,0,0,0,1
228,96,0,0,0,0,1
228,68,0,0,0,0,1
228,64,0,0,0,0,1
228,36,0,0,0,0,1
228,32,0,0,0,0,1
228,4,0,0,0,0,1
228,0,0,0,0,0,1
229,229,1,1,1,1,1
229,228,1,0,0,0,1
229,225,1,1,1,1,1
229,224,1,0,0,0,1
229,197,1,1,1,1,1
229,196,1,0,0,0,1
229,193,1,0,0,0,1
229,192,1,0,0,0,1
229,165,1,1,1,1,1
229,164,1,0,0,0,1
229,161,1,1,1,1,1
229,160,1,0,0,0,1
229,133,1,1,1,1,1
229,132,1,0,0,0,1
229,129,1,0,0,0,1
229,128,1,0,0,0,1
229,101,1,1,1,1,1
229,100,1,0,0,0,1
229,97,1,1,1,1,1
229,96,1,0,0,0,1
229,69,1,0,0,0,1
229,68,1,0,0,0,1
229,65,1,0,0,0,1
229,64,1,0,0,0,1
229,37,1,0,0,0,1
229,36,1,0,0,0,1
229,33,1,0,0,0,1
229,32,1,0,0,0,1
229,5,1,0,0,0,1
229,4,1,0,0,0,1
229,1,1,0,0,0,1
229,0,1,0,0,0,1
230,230,1,1,1,1,1
230,228,1,0,0,0,1
230,226,1,1,1,1,1
230,224,1,0,0,0,1
230,198,1,1,1,1,1
230,196,1,0,0,0,1
230,194,1,1,1,1,1
230,192,1,0,0,0,1
230,166,1,1,1,1,1
230,164,1,0,0,0,1
230,162,1,1,1,1,1
230,160,1,0,0,0,1
230,134,1,1,1,1,1
230,132,1,0,0,0,1
230,130,1,1,1,1,1
230,128,1,0,0,0,1
230,102,1,1,1,1,1
230,100,1,0,0,0,1
230,98,1,1,1,1,1
230,96,1,0,0,0,1
230,70,1,0,0,0,1
230,68,1,0,0,0,1
230,66,1,0,0,0,1
230,64,1,0,0,0,1
230,38,1,0,0,0,1
230,36,1,0,0,0,1
230,34,1,0,0,0,1
230,32,1,0,0,0,1
230,6,1,0,0,0,1
230,4,1,0,0,0,1
230,2,1,0,0,0,1
230,0,1,0,0,0,1
231,231,1,1,1,1,1
231,230,1,1,1,1,1
231,229,1,1,1,1,1
231,228,1,0,0,0,1
231,227,1,1,1,1,1
231,226,1,1,1,1,1
231,225,1,1,1,1,1
231,224,1,0,0,0,1
231,199,1,1,1,1,1
231,198,1,1,1,1,1
231,197,1,1,1,1,1
231,196,1,0,0,0,1
231,195,1,1,1,1,1
231,194,1,1,1,1,1
231,193,1,0,0,0,1
231,192,1,0,0,0,1
231,167,1,1,1,1,1
231,166,1,1,1,1,1
231,165,1,1,1,1,1
231,164,1,0,0,0,1
231,163,1,1,1,1,1
231,162,1,1,1,1,1
231,161,1,1,1,1,1
231,160,1,0,0,0,1
231,135,1,1,1,1,1
231,134,1,1,1,1,1
231,133,1,1,1,1,1
231,132,1,0,0,0,1
231,131,1,1,1,1,1
231,130,1,1,1,1,1
231,129,1,0,0,0,1
231,128,1,0,0,0,1
231,103,1,1,1,1,1
231,102,1,1,1,1,1
231,101,1,1,1,1,1
231,100,1,0,0,0,1
231,99,1,1,1,1,1
231,98,1,1,1,1,1
231,97,1,1,1,1,1
231,96,1,0,0,0,1
231,71,1,0,0,0,1
231,70,1,0,0,0,1
231,69,1,0,0,0,1
231,68,1,0,0,0,1
231,67,1,0,0,0,1
231,66,1,0,0,0,1
231,65,1,0,0,0,1
231,64,1,0,0,0,1
231,39,1,0,0,0,1
231,38,1,0,0,0,1
231,37,1,0,0,0,1
231,36,1,0,0,0,1
231,35,1,0,0,0,1
231,34,1,0,0,0,1
231,33,1,0,0,0,1
231,32,1,0,0,0,1
231,7,1,0,0,0,1
231,6,1,0,0,0,1
231,5,1,0,0,0,1
231,4,1,0,0,0,1
231,3,1,0,0,0,1
231,2,1,0,0,0,1
231,1,1,0,0,0,1
231,0,1,0,0,0,1
232,232,1,1,1,1,1
232,224,1,0,0,0,1
232,200,1,0,0,0,1
232,192,1,0,0,0,1
232,168,1,1,1,1,1
232,160,1,0,0,0,1
232,136,1,0,0,0,1
232,128,1,0,0,0,1
232,104,1,1,1,1,1
232,96,1,0,0,0,1
232,72,1,0,0,0,1
232,64,1,0,0,0,1
232,40,1,1,1,1,1
232,32,1,0,0,0,1
232,8,1,0,0,0,1
232,0,1,0,0,0,1
233,233,1,1,1,1,1
233,232,1,1,1,1,1
233,225,1,1,1,1,1
233,224,1,0,0,0,1
233,201,1,0,0,0,1
233,200,1,0,0,0,1
233,193,1,0,0,0,1
233,192,1,0,0,0,1
233,169,1,1,1,1,1
233,168,1,1,1,1,1
233,161,1,1,1,1,1
233,160,1,0,0,0,1
233,137,1,0,0,0,1
233,136,1,0,0,0,1
233,129,1,0,0,0,1
233,128,1,0,0,0,1
233,105,1,1,1,1,1
233,104,1,1,1,1,1
233,97,1,1,1,1,1
233,96,1,0,0,0,1
233,73,1,0,0,0,1
233,72,1,0,0,0,1
233,65,1,0,0,0,1
233,64,1,0,0,0,1
233,41,1,1,1,1,1
233,40,1,1,1,1,1
233,33,1,0,0,0,1
233,32,1,0,0,0,1
233,9,1,0,0,0,1
233,8,1,0,0,0,1
233,1,1,0,0,0,1
233,0,1,0,0,0,1
234,234,1,1,1,1,1
234,232,1,1,1,1,1
234,226,1,1,1,1,1
234,224,1,0,0,0,1
234,202,1,1,1,1,1
234,200,1,0,0,0,1
234,194,1,1,1,1,1
234,192,1,0,0,0,1
234,170,1,1,1,1,1
234,168,1,1,1,1,1
234,162,1,1,1,1,1
234,160,1,0,0,0,1
234,138,1,1,1,1,1
234,136,1,0,0,0,1
234,130,1,1,1,1,1
234,128,1,0,0,0,1
234,106,1,1,1,1,1
234,104,1,1,1,1,1
234,98,1,1,1,1,1
234,96,1,0,0,0,1
234,74,1,0,0,0,1
234,72,1,0,0,0,1
234,66,1,0,0,0,1
234,64,1,0,0,0,1
234,42,1,1,1,1,1
234,40,1,1,1,1,1
234,34,1,0,0,0,1
234,32,1,0,0,0,1
234,10,1,0,0,0,1
234,8,1,0,0,0,1
234,2,1,0,0,0,1
234,0,1,0,0,0,1
235,235,1,1,1,1,1
235,234,1,1,1,1,1
235,233,1,1,1,1,1
235,232,1,1,1,1,1
235,227,1,1,1,1,1
235,226,1,1,1,1,1
235,225,1,1,1,1,1
235,224,1,0,0,0,1
235,203,1,1,1,1,1
235,202,1,1,1,1,1
235,201,1,0,0,0,1
235,200,1,0,0,0,1
235,195,1,1,1,1,1
235,194,1,1,1,1,1
235,193,1,0,0,0,1
235,192,1,0,0,0,1
235,171,1,1,1,1,1
235,170,1,1,1,1,1
235,169,1,1,1,1,1
235,168,1,1,1,1,1
235,163,1,1,1,1,1
235,162,1,1,1,1,1
235,161,1,1,1,1,1
235,160,1,0,0,0,1
235,139,1,1,1,1,1
235,138,1,1,1,1,1
235,137,1,0,0,0,1
235,136,1,0,0,0,1
235,131,1,1,1,1,1
235,130,1,1,1,1,1
235,129,1,0,0,0,1
235,128,1,0,0,0,1
235,107,1,1,1,1,1
235,106,1,1,1,1,1
235,105,1,1,1,1,1
235,104,1,1,1,1,1
235,99,1,1,1,1,1
235,98,1,1,1,1,1
235,97,1,1,1,1,1
235,96,1,0,0,0,1
235,75,1,0,0,0,1
235,74,1,0,0,0,1
235,73,1,0,0,0,1
235,72,1,0,0,0,1
235,67,1,0,0,0,1
235,66,1,0,0,0,1
235,65,1,0,0,0,1
235,64,1,0,0,0,1
235,43,1,1,1,1,1
235,42,1,1,1,1,1
235,41,1,1,1,1,1
235,40,1,1,1,1,1
235,35,1,0,0,0,1
235,34,1,0,0,0,1
235,33,1,0,0,0,1
235,32,1,0,0,0,1
235,11,1,0,0,0,1
235,10,1,0,0,0,1
235,9,1,0,0,0,1
235,8,1,0,0,0,1
235,3,1,0,0,0,1
235,2,1,0,0,0,1
235,1,1,0,0,0,1
235,0,1,0,0,0,1
236,236,1,1,1,1,1
236,232,1,1,1,1,1
236,228,1,0,0,0,1
236,224,1,0,0,0,1
236,204,1,1,1,1,1
236,200,1,0,0,0,1
236,196,1,0,0,0,1
236,192,1,0,0,0,1
236,172,1,1,1,1,1
236,168,1,1,1,1,1
236,164,1,0,0,0,1
236,160,1,0,0,0,1
236,140,1,1,1,1,1
236,136,1,0,0,0,1
236,132,1,0,0,0,1
236,128,1,0,0,0,1
236,108,1,1,1,1,1
236,104,1,1,1,1,1
236,100,1,0,0,0,1
236,96,1,0,0,0,1
236,76,1,0,0,0,1
236,72,1,0,0,0,1
236,68,1,0,0,0,1
236,64,1,0,0,0,1
236,44,1,1,1,1,1
236,40,1,1,1,1,1
236,36,1,0,0,0,1
236,32,1,0,0,0,1
236,12,1,0,0,0,1
236,8,1,0,0,0,1
236,4,1,0,0,0,1
236,0,1,0,0,0,1
237,237,1,1,1,1,1
237,236,1,1,1,1,1
237,233,1,1,1,1,1
237,232,1,1,1,1,1
237,229,1,1,1,1,1
237,228,1,0,0,0,1
237,225,1,1,1,1,1
237,224,1,0,0,0,1
237,205,1,1,1,1,1
237,204,1,1,1,1,1
237,201,1,0,0,0,1
237,200,1,0,0,0,1
237,197,1,1,1,1,1
237,196,1,0,0,0,1
237,193,1,0,0,0,1
237,192,1,0,0,0,1
237,173,1,1,1,1,1
237,172,1,1,1,1,1
237,169,1,1,1,1,1
237,168,1,1,1,1,1
237,165,1,1,1,1,1
237,164,1,0,0,0,1
237,161,1,1,1,1,1
237,160,1,0,0,0,1
237,141,1,1,1,1,1
237,140,1,1,1,1,1
237,137,1,0,0,0,1
237,136,1,0,0,0,1
237,133,1,1,1,1,1
237,132,1,0,0,0,1
237,129,1,0,0,0,1
237,128,1,0,0,0,1
237,109,1,1,1,1,1
237,108,1,1,1,1,1
237,105,1,1,1,1,1
237,104,1,1,1,1,1
237,101,1,1,1,1,1
237,100,1,0,0,0,1
237,97,1,1,1,1,1
237,96,1,0,0,0,1
237,77,1,0,0,0,1
237,76,1,0,0,0,1
237,73,1,0,0,0,1
237,72,1,0,0,0,1
237,69,1,0,0,0,1
237,68,1,0,0,0,1
237,65,1,0,0,0,1
237,64,1,0,0,0,1
237,45,1,1,1,1,1
237,44,1,1,1,1,1
237,41,1,1,1,1,1
237,40,1,1,1,1,1
237,37,1,0,0,0,1
237,36,1,0,0,0,1
237,33,1,0,0,0,1
237,32,1,0,0,0,1
237,13,1,0,0,0,1
237,12,1,0,0,0,1
237,9,1,0,0,0,1
237,8,1,0,0,0,1
237,5,1,0,0,0,1
237,4,1,0,0,0,1
237,1,1,0,0,0,1
237,0,1,0,0,0,1
238,238,1,1,1,1,1
238,236,1,1,1,1,1
238,234,1,1,1,1,1
238,232,1,1,1,1,1
238,230,1,1,1,1,1
238,228,1,0,0,0,1
238,226,1,1,1,1,1
238,224,1,0,0,0,1
238,206,1,1,1,1,1
238,204,1,1,1,1,1
238,202,1,1,1,1,1
238,200,1,0,0,0,1
238,198,1,1,1,1,1
238,196,1,0,0,0,1
238,194,1,1,1,1,1
238,192,1,0,0,0,1
238,174,1,1,1,1,1
238,172,1,1,1,1,1
238,170,1,1,1,1,1
238,168,1,1,1,1,1
238,166,1,1,1,1,1
238,164,1,0,0,0,1
238,162,1,1,1,1,1
238,160,1,0,0,0,1
238,142,1,1,1,1,1
238,140,1,1,1,1,1
238,138,1,1,1,1,1
238,136,1,0,0,0,1
238,134,1,1,1,1,1
238,132,1,0,0,0,1
238,130,1,1,1,1,1
238,128,1,0,0,0,1
238,110,1,1,1,1,1
238,108,1,1,1,1,1
238,106,1,1,1,1,1
238,104,1,1,1,1,1
238,102,1,1,1,1,1
238,100,1,0,0,0,1
238,98,1,1,1,1,1
238,96,1,0,0,0,1
238,78,1,0,0,0,1
238,76,1,0,0,0,1
238,74,1,0,0,0,1
238,72,1,0,0,0,1
238,70,1,0,0,0,1
238,68,1,0,0,0,1
238,66,1,0,0,0,1
238,64,1,0,0,0,1
238,46,1,1,1,1,1
238,44,1,1,1,1,1
238,42,1,1,1,1,1
238,40,1,1,1,1,1
238,38,1,0,0,0,1
238,36,1,0,0,0,1
238,34,1,0,0,0,1
238,32,1,0,0,0,1
238,14,1,0,0,0,1
238,12,1,0,0,0,1
238,10,1,0,0,0,1
238,8,1,0,0,0,1
238,6,1,0,0,0,1
238,4,1,0,0,0,1
238,2,1,0,0,0,1
238,0,1,0,0,0,1
239,239,1,1,1,1,1
239,238,1,1,1,1,1
239,237,1,1,1,1,1
239,236,1,1,1,1,1
239,235,1,1,1,1,1
239,234,1,1,1,1,1
239,233,1,1,1,1,1
239,232,1,1,1,1,1
239,231,1,1,1,1,1
239,230,1,1,1,1,1
239,229,1,1,1,1,1
239,228,1,0,0,0,1
239,227,1,1,1,1,1
239,226,1,1,1,1,1
239,225,1,1,1,1,1
239,224,1,0,0,0,1
239,207,1,1,1,1,1
239,206,1,1,1,1,1
239,205,1,1,1,1,1
239,204,1,1,1,1,1
239,203,1,1,1,1,1
239,202,1,1,1,1,1
239,201,1,0,0,0,1
239,200,1,0,0,0,1
239,199,1,1,1,1,1
239,198,1,1,1,1,1
239,197,1,1,1,1,1
239,196,1,0,0,0,1
239,195,1,1,1,1,1
239,194,1,1,1,1,1
239,193,1,0,0,0,1
239,192,1,0,0,0,1
239,175,1,1,1,1,1
239,174,1,1,1,1,1
239,173,1,1,1,1,1
239,172,1,1,1,1,1
239,171,1,1,1,1,1
239,170,1,1,1,1,1
239,169,1,1,1,1,1
239,168,1,1,1,1,1
239,167,1,1,1,1,1
239,166,1,1,1,1,1
239,165,1,1,1,1,1
239,164,1,0,0,0,1
239,163,1,1,1,1,1
239,162,1,1,1,1,1
239,161,1,1,1,1,1
239,160,1,0,0,0,1
239,143,1,1,1,1,1
239,142,1,1,1,1,1
239,141,1,1,1,1,1
239,140,1,1,1,1,1
239,139,1,1,1,1,1
239,138,1,1,1,1,1
239,137,1,0,0,0,1
239,136,1,0,0,0,1
239,135,1,1,1,1,1
239,134,1,1,1,1,1
239,133,1,1,1,1,1
239,132,1,0,0,0,1
239,131,1,1,1,1,1
239,130,1,1,1,1,1
239,129,1,0,0,0,1
239,128,1,0,0,0,1
239,111,1,1,1,1,1
239,110,1,1,1,1,1
239,109,1,1,1,1,1
239,108,1,1,1,1,1
239,107,1,1,1,1,1
239,106,1,1,1,1,1
239,105,1,1,1,1,1
239,104,1,1,1,1,1
239,103,1,1,1,1,1
239,102,1,1,1,1,1
239,101,1,1,1,1,1
239,100,1,0,0,0,1
239,99,1,1,1,1,1
239,98,1,1,1,1,1
239,97,1,1,1,1,1
239,96,1,0,0,0,1
239,79,1,0,0,0,1
239,78,1,0,0,0,1
239,77,1,0,0,0,1
239,76,1,0,0,0,1
239,75,1,0,0,0,1
239,74,1,0,0,0,1
239,73,1,0,0,0,1
239,72,1,0,0,0,1
239,71,1,0,0,0,1
239,70,1,0,0,0,1
239,69,1,0,0,0,1
239,68,1,0,0,0,1
239,67,1,0,0,0,1
239,66,1,0,0,0,1
239,65,1,0,0,0,1
239,64,1,0,0,0,1
239,47,1,1,1,1,1
239,46,1,1,1,1,1
239,45,1,1,1,1,1
239,44,1,1,1,1,1
239,43,1,1,1,1,1
239,42,1,1,1,1,1
239,41,1,1,1,1,1
239,40,1,1,1,1,1
239,39,1,0,0,0,1
239,38,1,0,0,0,1
239,37,1,0,0,0,1
239,36,1,0,0,0,1
239,35,1,0,0,0,1
239,34,1,0,0,0,1
239,33,1,0,0,0,1
239,32,1,0,0,0,1
239,15,1,0,0,0,1
239,14,1,0,0,0,1
239,13,1,0,0,0,1
239,12,1,0,0,0,1
239,11,1,0,0,0,1
239,10,1,0,0,0,1
239,9,1,0,0,0,1
239,8,1,0,0,0,1
239,7,1,0,0,0,1
239,6,1,0,0,0,1
239,5,1,0,0,0,1
239,4,1,0,0,0,1
239,3,1,0,0,0,1
239,2,1,0,0,0,1
239,1,1,0,0,0,1
239,0,1,0,0,0,1
240,240,1,1,1,1,1
240,224,1,0,0,0,1
240,208,1,1,1,1,1
240,192,1,0,0,0,1
240,176,1,1,1,1,1
240,160,1,0,0,0,1
240,144,1,1,1,1,1
240,128,1,0,0,0,1
240,112,1,1,1,1,1
240,96,1,0,0,0,1
240,80,1,1,1,1,1
240,64,1,0,0,0,1
240,48,1,1,1,1,1
240,32,1,0,0,0,1
240,16,1,1,1,1,1
240,0,1,0,0,0,1
241,241,1,1,1,1,1
241,240,1,1,1,1,1
241,225,1,1,1,1,1
241,224,1,0,0,0,1
241,209,1,1,1,1,1
241,208,1,1,1,1,1
241,193,1,0,0,0,1
241,192,1,0,0,0,1
241,177,1,1,1,1,1
241,176,1,1,1,1,1
241,161,1,1,1,1,1
241,160,1,0,0,0,1
241,145,1,1,1,1,1
241,144,1,1,1,1,1
241,129,1,0,0,0,1
241,128,1,0,0,0,1
241,113,1,1,1,1,1
241,112,1,1,1,1,1
241,97,1,1,1,1,1
241,96,1,0,0,0,1
241,81,1,1,1,1,1
241,80,1,1,1,1,1
241,65,1,0,0,0,1
241,64,1,0,0,0,1
241,49,1,1,1,1,1
241,48,1,1,1,1,1
241,33,1,0,0,0,1
241,32,1,0,0,0,1
241,17,1,1,1,1,1
241,16,1,1,1,1,1
241,1,1,0,0,0,1
241,0,1,0,0,0,1
242,242,1,1,1,1,1
242,240,1,1,1,1,1
242,226,1,1,1,1,1
242,224,1,0,0,0,1
242,210,1,1,1,1,1
242,208,1,1,1,1,1
242,194,1,1,1,1,1
242,192,1,0,0,0,1
242,178,1,1,1,1,1
242,176,1,1,1,1,1
242,162,1,1,1,1,1
242,160,1,0,0,0,1
242,146,1,1,1,1,1
242,144,1,1,1,1,1
242,130,1,1,1,1,1
242,128,1,0,0,0,1
242,114,1,1,1,1,1
242,112,1,1,1,1,1
242,98,1,1,1,1,1
242,96,1,0,0,0,1
242,82,1,1,1,1,1
242,80,1,1,1,1,1
242,66,1,0,0,0,1
242,64,1,0,0,0,1
242,50,1,1,1,1,1
242,48,1,1,1,1,1
242,34,1,0,0,0,1
242,32,1,0,0,0,1
242,18,1,1,1,1,1
242,16,1,1,1,1,1
242,2,1,0,0,0,1
242,0,1,0,0,0,1
243,243,1,1,1,1,1
243,242,1,1,1,1,1
243,241,1,1,1,1,1
243,240,1,1,1,1,1
243,227,1,1,1,1,1
243,226,1,1,1,1,1
243,225,1,1,1,1,1
243,224,1,0,0,0,1
243,211,1,1,1,1,1
243,210,1,1,1,1,1
243,209,1,1,1,1,1
243,208,1,1,1,1,1
243,195,1,1,1,1,1
243,194,1,1,1,1,1
243,193,1,0,0,0,1
243,192,1,0,0,0,1
243,179,1,1,1,1,1
243,178,1,1,1,1,1
243,177,1,1,1,1,1
243,176,1,1,1,1,1
243,163,1,1,1,1,1
243,162,1,1,1,1,1
243,161,1,1,1,1,1
243,160,1,0,0,0,1
243,147,1,1,1,1,1
243,146,1,1,1,1,1
243,145,1,1,1,1,1
243,144,1,1,1,1,1
243,131,1,1,1,1,1
243,130,1,1,1,1,1
243,129,1,0,0,0,1
243,128,1,0,0,0,1
243,115,1,1,1,1,1
243,114,1,1,1,1,1
243,113,1,1,1,1,1
243,112,1,1,1,1,1
243,99,1,1,1,1,1
243,98,1,1,1,1,1
243,97,1,1,1,1,1
243,96,1,0,0,0,1
243,83,1,1,1,1,1
243,82,1,1,1,1,1
243,81,1,1,1,1,1
243,80,1,1,1,1,1
243,67,1,0,0,0,1
243,66,1,0,0,0,1
243,65,1,0,0,0,1
243,64,1,0,0,0,1
243,51,1,1,1,1,1
243,50,1,1,1,1,1
243,49,1,1,1,1,1
243,48,1,1,1,1,1
243,35,1,0,0,0,1
243,34,1,0,0,0,1
243,33,1,0,0,0,1
243,32,1,0,0,0,1
243,19,1,1,1,1,1
243,18,1,1,1,1,1
243,17,1,1,1,1,1
243,16,1,1,1,1,1
243,3,1,0,0,0,1
243,2,1,0,0,0,1
243,1,1,0,0,0,1
243,0,1,0,0,0,1
244,244,1,1,1,1,1
244,240,1,1,1,1,1
244,228,1,0,0,0,1
244,224,1,0,0,0,1
244,212,1,1,1,1,1
244,208,1,1,1,1,1
244,196,1,0,0,0,1
244,192,1,0,0,0,1
244,180,1,1,1,1,1
244,176,1,1,1,1,1
244,164,1,0,0,0,1
244,160,1,0,0,0,1
244,148,1,1,1,1,1
244,144,1,1,1,1,1
244,132,1,0,0,0,1
244,128,1,0,0,0,1
244,116,1,1,1,1,1
244,112,1,1,1,1,1
244,100,1,0,0,0,1
244,96,1,0,0,0,1
244,84,1,1,1,1,1
244,80,1,1,1,1,1
244,68,1,0,0,0,1
244,64,1,0,0,0,1
244,52,1,1,1,1,1
244,48,1,1,1,1,1
244,36,1,0,0,0,1
244,32,1,0,0,0,1
244,20,1,1,1,1,1
244,16,1,1,1,1,1
244,4,1,0,0,0,1
244,0,1,0,0,0,1
245,245,1,1,1,1,1
245,244,1,1,1,1,1
245,241,1,1,1,1,1
245,240,1,1,1,1,1
245,229,1,1,1,1,1
245,228,1,0,0,0,1
245,225,1,1,1,1,1
245,224,1,0,0,0,1
245,213,1,1,1,1,1
245,212,1,1,1,1,1
245,209,1,1,1,1,1
245,208,1,1,1,1,1
245,197,1,1,1,1,1
245,196,1,0,0,0,1
245,193,1,0,0,0,1
245,192,1,0,0,0,1
245,181,1,1,1,1,1
245,180,1,1,1,1,1
245,177,1,1,1,1,1
245,176,1,1,1,1,1
245,165,1,1,1,1,1
245,164,1,0,0,0,1
245,161,1,1,1,1,1
245,160,1,0,0,0,1
245,149,1,1,1,1,1
245,148,1,1,1,1,1
245,145,1,1,1,1,1
245,144,1,1,1,1,1
245,133,1,1,1,1,1
245,132,1,0,0,0,1
245,129,1,0,0,0,1
245,128,1,0,0,0,1
245,117,1,1,1,1,1
245,116,1,1,1,1,1
245,113,1,1,1,1,1
245,112,1,1,1,1,1
245,101,1,1,1,1,1
245,100,1,0,0,0,1
245,97,1,1,1,1,1
245,96,1,0,0,0,1
245,85,1,1,1,1,1
245,84,1,1,1,1,1
245,81,1,1,1,1,1
245,80,1,1,1,1,1
245,69,1,0,0,0,1
245,68,1,0,0,0,1
245,65,1,0,0,0,1
245,64,1,0,0,0,1
245,53,1,1,1,1,1
245,52,1,1,1,1,1
245,49,1,1,1,1,1
245,48,1,1,1,1,1
245,37,1,0,0,0,1
245,36,1,0,0,0,1
245,33,1,0,0,0,1
245,32,1,0,0,0,1
245,21,1,1,1,1,1
245,20,1,1,1,1,1
245,17,1,1,1,1,1
245,16,1,1,1,1,1
245,5,1,0,0,0,1
245,4,1,0,0,0,1
245,1,1,0,0,0,1
245,0,1,0,0,0,1
246,246,1,1,1,1,1
246,244,1,1,1,1,1
246,242,1,1,1,1,1
246,240,1,1,1,1,1
246,230,1,1,1,1,1
246,228,1,0,0,0,1
246,226,1,1,1,1,1
246,224,1,0,0,0,1
246,214,1,1,1,1,1
246,212,1,1,1,1,1
246,210,1,1,1,1,1
246,208,1,1,1,1,1
246,198,1,1,1,1,1
246,196,1,0,0,0,1
246,194,1,1,1,1,1
246,192,1,0,0,0,1
246,182,1,1,1,1,1
246,180,1,1,1,1,1
246,178,1,1,1,1,1
246,176,1,1,1,1,1
246,166,1,1,1,1,1
246,164,1,0,0,0,1
246,162,1,1,1,1,1
246,160,1,0,0,0,1
246,150,1,1,1,1,1
246,148,1,1,1,1,1
246,146,1,1,1,1,1
246,144,1,1,1,1,1
246,134,1,1,1,1,1
246,132,1,0,0,0,1
246,130,1,1,1,1,1
246,128,1,0,0,0,1
246,118,1,1,1,1,1
246,116,1,1,1,1,1
246,114,1,1,1,1,1
246,112,1,1,1,1,1
246,102,1,1,1,1,1
246,100,1,0,0,0,1
246,98,1,1,1,1,1
246,96,1,0,0,0,1
246,86,1,1,1,1,1
246,84,1,1,1,1,1
246,82,1,1,1,1,1
246,80,1,1,1,1,1
246,70,1,0,0,0,1
246,68,1,0,0,0,1
246,66,1,0,0,0,1
246,64,1,0,0,0,1
246,54,1,1,1,1,1
246,52,1,1,1,1,1
246,50,1,1,1,1,1
246,48,1,1,1,1,1
246,38,1,0,0,0,1
246,36,1,0,0,0,1
246,34,1,0,0,0,1
246,32,1,0,0,0,1
246,22,1,1,1,1,1
246,20,1,1,1,1,1
246,18,1,1,1,1,1
246,16,1,1,1,1,1
246,6,1,0,0,0,1
246,4,1,0,0,0,1
246,2,1,0,0,0,1
246,0,1,0,0,0,1
247,247,1,1,1,1,1
247,246,1,1,1,1,1
247,245,1,1,1,1,1
247,244,1,1,1,1,1
247,243,1,1,1,1,1
247,242,1,1,1,1,1
247,241,1,1,1,1,1
247,240,1,1,1,1,1
247,231,1,1,1,1,1
247,230,1,1,1,1,1
247,229,1,1,1,1,1
247,228,1,0,0,0,1
247,227,1,1,1,1,1
247,226,1,1,1,1,1
247,225,1,1,1,1,1
247,224,1,0,0,0,1
247,215,1,1,1,1,1
247,214,1,1,1,1,1
247,213,1,1,1,1,1
247,212,1,1,1,1,1
247,211,1,1,1,1,1
247,210,1,1,1,1,1
247,209,1,1,1,1,1
247,208,1,1,1,1,1
247,199,1,1,1,1,1
247,198,1,1,1,1,1
247,197,1,1,1,1,1
247,196,1,0,0,0,1
247,195,1,1,1,1,1
247,194,1,1,1,1,1
247,193,1,0,0,0,1
247,192,1,0,0,0,1
247,183,1,1,1,1,1
247,182,1,1,1,1,1
247,181,1,1,1,1,1
247,180,1,1,1,1,1
247,179,1,1,1,1,1
247,178,1,1,1,1,1
247,177,1,1,1,1,1
247,176,1,1,1,1,1
247,167,1,1,1,1,1
247,166,1,1,1,1,1
247,165,1,1,1,1,1
247,164,1,0,0,0,1
247,163,1,1,1,1,1
247,162,1,1,1,1,1
247,161,1,1,1,1,1
247,160,1,0,0,0,1
247,151,1,1,1,1,1
247,150,1,1,1,1,1
247,149,1,1,1,1,1
247,148,1,1,1,1,1
247,147,1,1,1,1,1
247,146,1,1,1,1,1
247,145,1,1,1,1,1
247,144,1,1,1,1,1
247,135,1,1,1,1,1
247,134,1,1,1,1,1
247,133,1,1,1,1,1
247,132,1,0,0,0,1
247,131,1,1,1,1,1
247,130,1,1,1,1,1
247,129,1,0,0,0,1
247,128,1,0,0,0,1
247,119,1,1,1,1,1
247,118,1,1,1,1,1
247,117,1,1,1,1,1
247,116,1,1,1,1,1
247,115,1,1,1,1,1
247,114,1,1,1,1,1
247,113,1,1,1,1,1
247,112,1,1,1,1,1
247,103,1,1,1,1,1
247,102,1,1,1,1,1
247,101,1,1,1,1,1
247,100,1,0,0,0,1
247,99,1,1,1,1,1
247,98,1,1,1,1,1
247,97,1,1,1,1,1
247,96,1,0,0,0,1
247,87,1,1,1,1,1
247,86,1,1,1,1,1
247,85,1,1,1,1,1
247,84,1,1,1,1,1
247,83,1,1,1,1,1
247,82,1,1,1,1,1
247,81,1,1,1,1,1
247,80,1,1,1,1,1
247,71,1,0,0,0,1
247,70,1,0,0,0,1
247,69,1,0,0,0,1
247,68,1,0,0,0,1
247,67,1,0,0,0,1
247,66,1,0,0,0,1
247,65,1,0,0,0,1
247,64,1,0,0,0,1
247,55,1,1,1,1,1
247,54,1,1,1,1,1
247,53,1,1,1,1,1
247,52,1,1,1,1,1
247,51,1,1,1,1,1
247,50,1,1,1,1,1
247,49,1,1,1,1,1
247,48,1,1,1,1,1
247,39,1,0,0,0,1
247,38,1,0,0,0,1
247,37,1,0,0,0,1
247,36,1,0,0,0,1
247,35,1,0,0,0,1
247,34,1,0,0,0,1
247,33,1,0,0,0,1
247,32,1,0,0,0,1
247,23,1,1,1,1,1
247,22,1,1,1,1,1
247,21,1,1,1,1,1
247,20,1,1,1,1,1
247,19,1,1,1,1,1
247,18,1,1,1,1,1
247,17,1,1,1,1,1
247,16,1,1,1,1,1
247,7,1,0,0,0,1
247,6,1,0,0,0,1
247,5,1,0,0,0,1
247,4,1,0,0,0,1
247,3,1,0,0,0,1
247,2,1,0,0,0,1
247,1,1,0,0,0,1
247,0,1,0,0,0,1
248,248,1,1,1,1,1
248,240,1,1,1,1,1
248,232,1,1,1,1,1
248,224,1,0,0,0,1
248,216,1,1,1,1,1
248,208,1,1,1,1,1
248,200,1,0,0,0,1
248,192,1,0,0,0,1
248,184,1,1,1,1,1
248,176,1,1,1,1,1
248,168,1,1,1,1,1
248,160,1,0,0,0,1
248,152,1,1,1,1,1
248,144,1,1,1,1,1
248,136,1,0,0,0,1
248,128,1,0,0,0,1
248,120,1,1,1,1,1
248,112,1,1,1,1,1
248,104,1,1,1,1,1
248,96,1,0,0,0,1
248,88,1,1,1,1,1
248,80,1,1,1,1,1
248,72,1,0,0,0,1
248,64,1,0,0,0,1
248,56,1,1,1,1,1
248,48,1,1,1,1,1
248,40,1,1,1,1,1
248,32,1,0,0,0,1
248,24,1,1,1,1,1
248,16,1,1,1,1,1
248,8,1,0,0,0,1
248,0,1,0,0,0,1
249,249,1,1,1,1,1
249,248,1,1,1,1,1
249,241,1,1,1,1,1
249,240,1,1,1,1,1
249,233,1,1,1,1,1
249,232,1,1,1,1,1
249,225,1,1,1,1,1
249,224,1,0,0,0,1
249,217,1,1,1,1,1
249,216,1,1,1,1,1
249,209,1,1,1,1,1
249,208,1,1,1,1,1
249,201,1,0,0,0,1
249,200,1,0,0,0,1
249,193,1,0,0,0,1
249,192,1,0,0,0,1
249,185,1,1,1,1,1
249,184,1,1,1,1,1
249,177,1,1,1,1,1
249,176,1,1,1,1,1
249,169,1,1,1,1,1
249,168,1,1,1,1,1
249,161,1,1,1,1,1
249,160,1,0,0,0,1
249,153,1,1,1,1,1
249,152,1,1,1,1,1
249,145,1,1,1,1,1
249,144,1,1,1,1,1
249,137,1,0,0,0,1
249,136,1,0,0,0,1
249,129,1,0,0,0,1
249,128,1,0,0,0,1
249,121,1,1,1,1,1
249,120,1,1,1,1,1
249,113,1,1,1,1,1
249,112,1,1,1,1,1
249,105,1,1,1,1,1
249,104,1,1,1,1,1
249,97,1,1,1,1,1
249,96,1,0,0,0,1
249,89,1,1,1,1,1
249,88,1,1,1,1,1
249,81,1,1,1,1,1
249,80,1,1,1,1,1
249,73,1,0,0,0,1
249,72,1,0,0,0,1
249,65,1,0,0,0,1
249,64,1,0,0,0,1
249,57,1,1,1,1,1
249,56,1,1,1,1,1
249,49,1,1,1,1,1
249,48,1,1,1,1,1
249,41,1,1,1,1,1
249,40,1,1,1,1,1
249,33,1,0,0,0,1
249,32,1,0,0,0,1
249,25,1,1,1,1,1
249,24,1,1,1,1,1
249,17,1,1,1,1,1
249,16,1,1,1,1,1
249,9,1,0,0,0,1
249,8,1,0,0,0,1
249,1,1,0,0,0,1
249,0,1,0,0,0,1
250,250,1,1,1,1,1
250,248,1,1,1,1,1
250,242,1,1,1,1,1
250,240,1,1,1,1,1
250,234,1,1,1,1,1
250,232,1,1,1,1,1
250,226,1,1,1,1,1
250,224,1,0,0,0,1
250,218,1,1,1,1,1
250,216,1,1,1,1,1
250,210,1,1,1,1,1
250,208,1,1,1,1,1
250,202,1,1,1,1,1
250,200,1,0,0,0,1
250,194,1,1,1,1,1
250,192,1,0,0,0,1
250,186,1,1,1,1,1
250,184,1,1,1,1,1
250,178,1,1,1,1,1
250,176,1,1,1,1,1
250,170,1,1,1,1,1
250,168,1,1,1,1,1
250,162,1,1,1,1,1
250,160,1,0,0,0,1
250,154,1,1,1,1,1
250,152,1,1,1,1,1
250,146,1,1,1,1,1
250,144,1,1,1,1,1
250,138,1,1,1,1,1
250,136,1,0,0,0,1
250,130,1,1,1,1,1
250,128,1,0,0,0,1
250,122,1,1,1,1,1
250,120,1,1,1,1,1
250,114,1,1,1,1,1
250,112,1,1,1,1,1
250,106,1,1,1,1,1
250,104,1,1,1,1,1
250,98,1,1,1,1,1
250,96,1,0,0,0,1
250,90,1,1,1,1,1
250,88,1,1,1,1,1
250,82,1,1,1,1,1
250,80,1,1,1,1,1
250,74,1,0,0,0,1
250,72,1,0,0,0,1
250,66,1,0,0,0,1
250,64,1,0,0,0,1
250,58,1,1,1,1,1
250,56,1,1,1,1,1
250,50,1,1,1,1,1
250,48,1,1,1,1,1
250,42,1,1,1,1,1
250,40,1,1,1,1,1
250,34,1,0,0,0,1
250,32,1,0,0,0,1
250,26,1,1,1,1,1
250,24,1,1,1,1,1
250,18,1,1,1,1,1
250,16,1,1,1,1,1
250,10,1,0,0,0,1
250,8,1,0,0,0,1
250,2,1,0,0,0,1
250,0,1,0,0,0,1
251,251,1,1,1,1,1
251,250,1,1,1,1,1
251,249,1,1,1,1,1
251,248,1,1,1,1,1
251,243,1,1,1,1,1
251,242,1,1,1,1,1
251,241,1,1,1,1,1
251,240,1,1,1,1,1
251,235,1,1,1,1,1
251,234,1,1,1,1,1
251,233,1,1,1,1,1
251,232,1,1,1,1,1
251,227,1,1,1,1,1
251,226,1,1,1,1,1
251,225,1,1,1,1,1
251,224,1,0,0,0,1
251,219,1,1,1,1,1
251,218,1,1,1,1,1
251,217,1,1,1,1,1
251,216,1,1,1,1,1
251,211,1,1,1,1,1
251,210,1,1,1,1,1
251,209,1,1,1,1,1
251,208,1,1,1,1,1
251,203,1,1,1,1,1
251,202,1,1,1,1,1
251,201,1,0,0,0,1
251,200,1,0,0,0,1
251,195,1,1,1,1,1
251,194,1,1,1,1,1
251,193,1,0,0,0,1
251,192,1,0,0,0,1
251,187,1,1,1,1,1
251,186,1,1,1,1,1
251,185,1,1,1,1,1
251,184,1,1,1,1,1
251,179,1,1,1,1,1
251,178,1,1,1,1,1
251,177,1,1,1,1,1
251,176,1,1,1,1,1
251,171,1,1,1,1,1
251,170,1,1,1,1,1
251,169,1,1,1,1,1
251,168,1,1,1,1,1
251,163,1,1,1,1,1
251,162,1,1,1,1,1
251,161,1,1,1,1,1
251,160,1,0,0,0,1
251,155,1,1,1,1,1
251,154,1,1,1,1,1
251,153,1,1,1,1,1
251,152,1,1,1,1,1
251,147,1,1,1,1,1
251,146,1,1,1,1,1
251,145,1,1,1,1,1
251,144,1,1,1,1,1
251,139,1,1,1,1,1
251,138,1,1,1,1,1
251,137,1,0,0,0,1
251,136,1,0,0,0,1
251,131,1,1,1,1,1
251,130,1,1,1,1,1
251,129,1,0,0,0,1
251,128,1,0,0,0,1
251,123,1,1,1,1,1
251,122,1,1,1,1,1
251,121,1,1,1,1,1
251,120,1,1,1,1,1
251,115,1,1,1,1,1
251,114,1,1,1,1,1
251,113,1,1,1,1,1
251,112,1,1,1,1,1
251,107,1,1,1,1,1
251,106,1,1,1,1,1
251,105,1,1,1,1,1
251,104,1,1,1,1,1
251,99,1,1,1,1,1
251,98,1,1,1,1,1
251,97,1,1,1,1,1
251,96,1,0,0,0,1
251,91,1,1,1,1,1
251,90,1,1,1,1,1
251,89,1,1,1,1,1
251,88,1,1,1,1,1
251,83,1,1,1,1,1
251,82,1,1,1,1,1
251,81,1,1,1,1,1
251,80,1,1,1,1,1
251,75,1,0,0,0,1
251,74,1,0,0,0,1
251,73,1,0,0,0,1
251,72,1,0,0,0,1
251,67,1,0,0,0,1
251,66,1,0,0,0,1
251,65,1,0,0,0,1
251,64,1,0,0,0,1
251,59,1,1,1,1,1
251,58,1,1,1,1,1
251,57,1,1,1,1,1
251,56,1,1,1,1,1
251,51,1,1,1,1,1
251,50,1,1,1,1,1
251,49,1,1,1,1,1
251,48,1,1,1,1,1
251,43,1,1,1,1,1
251,42,1,1,1,1,1
251,41,1,1,1,1,1
251,40,1,1,1,1,1
251,35,1,0,0,0,1
251,34,1,0,0,0,1
251,33,1,0,0,0,1
251,32,1,0,0,0,1
251,27,1,1,1,1,1
251,26,1,1,1,1,1
251,25,1,1,1,1,1
251,24,1,1,1,1,1
251,19,1,1,1,1,1
251,18,1,1,1,1,1
251,17,1,1,1,1,1
251,16,1,1,1,1,1
251,11,1,0,0,0,1
251,10,1,0,0,0,1
251,9,1,0,0,0,1
251,8,1,0,0,0,1
251,3,1,0,0,0,1
251,2,1,0,0,0,1
251,1,1,0,0,0,1
251,0,1,0,0,0,1
252,252,1,1,1,1,1
252,248,1,1,1,1,1
252,244,1,1,1,1,1
252,240,1,1,1,1,1
252,236,1,1,1,1,1
252,232,1,1,1,1,1
252,228,1,0,0,0,1
252,224,1,0,0,0,1
252,220,1,1,1,1,1
252,216,1,1,1,1,1
252,212,1,1,1,1,1
252,208,1,1,1,1,1
252,204,1,1,1,1,1
252,200,1,0,0,0,1
252,196,1,0,0,0,1
252,192,1,0,0,0,1
252,188,1,1,1,1,1
252,184,1,1,1,1,1
252,180,1,1,1,1,1
252,176,1,1,1,1,1
252,172,1,1,1,1,1
252,168,1,1,1,1,1
252,164,1,0,0,0,1
252,160,1,0,0,0,1
252,156,1,1,1,1,1
252,152,1,1,1,1,1
252,148,1,1,1,1,1
252,144,1,1,1,1,1
252,140,1,1,1,1,1
252,136,1,0,0,0,1
252,132,1,0,0,0,1
252,128,1,0,0,0,1
252,124,1,1,1,1,1
252,120,1,1,1,1,1
252,116,1,1,1,1,1
252,112,1,1,1,1,1
252,108,1,1,1,1,1
252,104,1,1,1,1,1
252,100,1,0,0,0,1
252,96,1,0,0,0,1
252,92,1,1,1,1,1
252,88,1,1,1,1,1
252,84,1,1,1,1,1
252,80,1,1,1,1,1
252,76,1,0,0,0,1
252,72,1,0,0,0,1
252,68,1,0,0,0,1
252,64,1,0,0,0,1
252,60,1,1,1,1,1
252,56,1,1,1,1,1
252,52,1,1,1,1,1
252,48,1,1,1,1,1
252,44,1,1,1,1,1
252,40,1,1,1,1,1
252,36,1,0,0,0,1
252,32,1,0,0,0,1
252,28,1,1,1,1,1
252,24,1,1,1,1,1
252,20,1,1,1,1,1
252,16,1,1,1,1,1
252,12,1,0,0,0,1
252,8,1,0,0,0,1
252,4,1,0,0,0,1
252,0,1,0,0,0,1
253,253,1,1,1,1,1
253,252,1,1,1,1,1
253,249,1,1,1,1,1
253,248,1,1,1,1,1
253,245,1,1,1,1,1
253,244,1,1,1,1,1
253,241,1,1,1,1,1
253,240,1,1,1,1,1
253,237,1,1,1,1,1
253,236,1,1,1,1,1
253,233,1,1,1,1,1
253,232,1,1,1,1,1
253,229,1,1,1,1,1
253,228,1,0,0,0,1
253,225,1,1,1,1,1
253,224,1,0,0,0,1
253,221,1,1,1,1,1
253,220,1,1,1,1,1
253,217,1,1,1,1,1
253,216,1,1,1,1,1
253,213,1,1,1,1,1
253,212,1,1,1,1,1
253,209,1,1,1,1,1
253,208,1,1,1,1,1
253,205,1,1,1,1,1
253,204,1,1,1,1,1
253,201,1,0,0,0,1
253,200,1,0,0,0,1
253,197,1,1,1,1,1
253,196,1,0,0,0,1
253,193,1,0,0,0,1
253,192,1,0,0,0,1
253,189,1,1,1,1,1
253,188,1,1,1,1,1
253,185,1,1,1,1,1
253,184,1,1,1,1,1
253,181,1,1,1,1,1
253,180,1,1,1,1,1
253,177,1,1,1,1,1
253,176,1,1,1,1,1
253,173,1,1,1,1,1
253,172,1,1,1,1,1
253,169,1,1,1,1,1
253,168,1,1,1,1,1
253,165,1,1,1,1,1
253,164,1,0,0,0,1
253,161,1,1,1,1,1
253,160,1,0,0,0,1
253,157,1,1,1,1,1
253,156,1,1,1,1,1
253,153,1,1,1,1,1
253,152,1,1,1,1,1
253,149,1,1,1,1,1
253,148,1,1,1,1,1
253,145,1,1,1,1,1
253,144,1,1,1,1,1
253,141,1,1,1,1,1
253,140,1,1,1,1,1
253,137,1,0,0,0,1
253,136,1,0,0,0,1
253,133,1,1,1,1,1
253,132,1,0,0,0,1
253,129,1,0,0,0,1
253,128,1,0,0,0,1
253,125,1,1,1,1,1
253,124,1,1,1,1,1
253,121,1,1,1,1,1
253,120,1,1,1,1,1
253,117,1,1,1,1,1
253,116,1,1,1,1,1
253,113,1,1,1,1,1
253,112,1,1,1,1,1
253,109,1,1,1,1,1
253,108,1,1,1,1,1
253,105,1,1,1,1,1
253,104,1,1,1,1,1
253,101,1,1,1,1,1
253,100,1,0,0,0,1
253,97,1,1,1,1,1
253,96,1,0,0,0,1
253,93,1,1,1,1,1
253,92,1,1,1,1,1
253,89,1,1,1,1,1
253,88,1,1,1,1,1
253,85,1,1,1,1,1
253,84,1,1,1,1,1
253,81,1,1,1,1,1
253,80,1,1,1,1,1
253,77,1,0,0,0,1
253,76,1,0,0,0,1
253,73,1,0,0,0,1
253,72,1,0,0,0,1
253,69,1,0,0,0,1
253,68,1,0,0,0,1
253,65,1,0,0,0,1
253,64,1,0,0,0,1
253,61,1,1,1,1,1
253,60,1,1,1,1,1
253,57,1,1,1,1,1
253,56,1,1,1,1,1
253,53,1,1,1,1,1
253,52,1,1,1,1,1
253,49,1,1,1,1,1
253,48,1,1,1,1,1
253,45,1,1,1,1,1
253,44,1,1,1,1,1
253,41,1,1,1,1,1
253,40,1,1,1,1,1
253,37,1,0,0,0,1
253,36,1,0,0,0,1
253,33,1,0,0,0,1
253,32,1,0,0,0,1
253,29,1,1,1,1,1
253,28,1,1,1,1,1
253,25,1,1,1,1,1
253,24,1,1,1,1,1
253,21,1,1,1,1,1
253,20,1,1,1,1,1
253,17,1,1,1,1,1
253,16,1,1,1,1,1
253,13,1,0,0,0,1
253,12,1,0,0,0,1
253,9,1,0,0,0,1
253,8,1,0,0,0,1
253,5,1,0,0,0,1
253,4,1,0,0,0,1
253,1,1,0,0,0,1
253,0,1,0,0,0,1
254,254,1,1,1,1,1
254,252,1,1,1,1,1
254,250,1,1,1,1,1
254,248,1,1,1,1,1
254,246,1,1,1,1,1
254,244,1,1,1,1,1
254,242,1,1,1,1,1
254,240,1,1,1,1,1
254,238,1,1,1,1,1
254,236,1,1,1,1,1
254,234,1,1,1,1,1
254,232,1,1,1,1,1
254,230,1,1,1,1,1
254,228,1,0,0,0,1
254,226,1,1,1,1,1
254,224,1,0,0,0,1
254,222,1,1,1,1,1
254,220,1,1,1,1,1
254,218,1,1,1,1,1
254,216,1,1,1,1,1
254,214,1,1,1,1,1
254,212,1,1,1,1,1
254,210,1,1,1,1,1
254,208,1,1,1,1,1
254,206,1,1,1,1,1
254,204,1,1,1,1,1
254,202,1,1,1,1,1
254,200,1,0,0,0,1
254,198,1,1,1,1,1
254,196,1,0,0,0,1
254,194,1,1,1,1,1
254,192,1,0,0,0,1
254,190,1,1,1,1,1
254,188,1,1,1,1,1
254,186,1,1,1,1,1
254,184,1,1,1,1,1
254,182,1,1,1,1,1
254,180,1,1,1,1,1
254,178,1,1,1,1,1
254,176,1,1,1,1,1
254,174,1,1,1,1,1
254,172,1,1,1,1,1
254,170,1,1,1,1,1
254,168,1,1,1,1,1
254,166,1,1,1,1,1
254,164,1,0,0,0,1
254,162,1,1,1,1,1
254,160,1,0,0,0,1
254,158,1,1,1,1,1
254,156,1,1,1,1,1
254,154,1,1,1,1,1
254,152,1,1,1,1,1
254,150,1,1,1,1,1
254,148,1,1,1,1,1
254,146,1,1,1,1,1
254,144,1,1,1,1,1
254,142,1,1,1,1,1
254,140,1,1,1,1,1
254,138,1,1,1,1,1
254,136,1,0,0,0,1
254,134,1,1,1,1,1
254,132,1,0,0,0,1
254,130,1,1,1,1,1
254,128,1,0,0,0,1
254,126,1,1,1,1,1
254,124,1,1,1,1,1
254,122,1,1,1,1,1
254,120,1,1,1,1,1
254,118,1,1,1,1,1
254,116,1,1,1,1,1
254,114,1,1,1,1,1
254,112,1,1,1,1,1
254,110,1,1,1,1,1
254,108,1,1,1,1,1
254,106,1,1,1,1,1
254,104,1,1,1,1,1
254,102,1,1,1,1,1
254,100,1,0,0,0,1
254,98,1,1,1,1,1
254,96,1,0,0,0,1
254,94,1,1,1,1,1
254,92,1,1,1,1,1
254,90,1,1,1,1,1
254,88,1,1,1,1,1
254,86,1,1,1,1,1
254,84,1,1,1,1,1
254,82,1,1,1,1,1
254,80,1,1,1,1,1
254,78,1,0,0,0,1
254,76,1,0,0,0,1
254,74,1,0,0,0,1
254,72,1,0,0,0,1
254,70,1,0,0,0,1
254,68,1,0,0,0,1
254,66,1,0,0,0,1
254,64,1,0,0,0,1
254,62,1,1,1,1,1
254,60,1,1,1,1,1
254,58,1,1,1,1,1
254,56,1,1,1,1,1
254,54,1,1,1,1,1
254,52,1,1,1,1,1
254,50,1,1,1,1,1
254,48,1,1,1,1,1
254,46,1,1,1,1,1
254,44,1,1,1,1,1
254,42,1,1,1,1,1
254,40,1,1,1,1,1
254,38,1,0,0,0,1
254,36,1,0,0,0,1
254,34,1,0,0,0,1
254,32,1,0,0,0,1
254,30,1,1,1,1,1
254,28,1,1,1,1,1
254,26,1,1,1,1,1
254,24,1,1,1,1,1
254,22,1,1,1,1,1
254,20,1,1,1,1,1
254,18,1,1,1,1,1
254,16,1,1,1,1,1
254,14,1,0,0,0,1
254,12,1,0,0,0,1
254,10,1,0,0,0,1
254,8,1,0,0,0,1
254,6,1,0,0,0,1
254,4,1,0,0,0,1
254,2,1,0,0,0,1
254,0,1,0,0,0,1
255,255,1,1,1,1,1
255,254,1,1,1,1,1
255,253,1,1,1,1,1
255,252,1,1,1,1,1
255,251,1,1,1,1,1
255,250,1,1,1,1,1
255,249,1,1,1,1,1
255,248,1,1,1,1,1
255,247,1,1,1,1,1
255,246,1,1,1,1,1
255,245,1,1,1,1,1
255,244,1,1,1,1,1
255,243,1,1,1,1,1
255,242,1,1,1,1,1
255,241,1,1,1,1,1
255,240,1,1,1,1,1
255,239,1,1,1,1,1
255,238,1,1,1,1,1
255,237,1,1,1,1,1
255,236,1,1,1,1,1
255,235,1,1,1,1,1
255,234,1,1,1,1,1
255,233,1,1,1,1,1
255,232,1,1,1,1,1
255,231,1,1,1,1,1
255,230,1,1,1,1,1
255,229,1,1,1,1,1
255,228,1,0,0,0,1
255,227,1,1,1,1,1
255,226,1,1,1,1,1
255,225,1,1,1,1,1
255,224,1,0,0,0,1
255,223,1,1,1,1,1
255,222,1,1,1,1,1
255,221,1,1,1,1,1
255,220,1,1,1,1,1
255,219,1,1,1,1,1
255,218,1,1,1,1,1
255,217,1,1,1,1,1
255,216,1,1,1,1,1
255,215,1,1,1,1,1
255,214,1,1,1,1,1
255,213,1,1,1,1,1
255,212,1,1,1,1,1
255,211,1,1,1,1,1
255,210,1,1,1,1,1
255,209,1,1,1,1,1
255,208,1,1,1,1,1
255,207,1,1,1,1,1
255,206,1,1,1,1,1
255,205,1,1,1,1,1
255,204,1,1,1,1,1
255,203,1,1,1,1,1
255,202,1,1,1,1,1
255,201,1,0,0,0,1
255,200,1,0,0,0,1
255,199,1,1,1,1,1
255,198,1,1,1,1,1
255,197,1,1,1,1,1
255,196,1,0,0,0,1
255,195,1,1,1,1,1
255,194,1,1,1,1,1
255,193,1,0,0,0,1
255,192,1,0,0,0,1
255,191,1,1,1,1,1
255,190,1,1,1,1,1
255,189,1,1,1,1,1
255,188,1,1,1,1,1
255,187,1,1,1,1,1
255,186,1,1,1,1,1
255,185,1,1,1,1,1
255,184,1,1,1,1,1
255,183,1,1,1,1,1
255,182,1,1,1,1,1
255,181,1,1,1,1,1
255,180,1,1,1,1,1
255,179,1,1,1,1,1
255,178,1,1,1,1,1
255,177,1,1,1,1,1
255,176,1,1,1,1,1
255,175,1,1,1,1,1
255,174,1,1,1,1,1
255,173,1,1,1,1,1
255,172,1,1,1,1,1
255,171,1,1,1,1,1
255,170,1,1,1,1,1
255,169,1,1,1,1,1
255,168,1,1,1,1,1
255,167,1,1,1,1,1
255,166,1,1,1,1,1
255,165,1,1,1,1,1
255,164,1,0,0,0,1
255,163,1,1,1,1,1
255,162,1,1,1,1,1
255,161,1,1,1,1,1
255,160,1,0,0,0,1
255,159,1,1,1,1,1
255,158,1,1,1,1,1
255,157,1,1,1,1,1
255,156,1,1,1,1,1
255,155,1,1,1,1,1
255,154,1,1,1,1,1
255,153,1,1,1,1,1
255,152,1,1,1,1,1
255,151,1,1,1,1,1
255,150,1,1,1,1,1
255,149,1,1,1,1,1
255,148,1,1,1,1,1
255,147,1,1,1,1,1
255,146,1,1,1,1,1
255,145,1,1,1,1,1
255,144,1,1,1,1,1
255,143,1,1,1,1,1
255,142,1,1,1,1,1
255,141,1,1,1,1,1
255,140,1,1,1,1,1
255,139,1,1,1,1,1
255,138,1,1,1,1,1
255,137,1,0,0,0,1
255,136,1,0,0,0,1
255,135,1,1,1,1,1
255,134,1,1,1,1,1
255,133,1,1,1,1,1
255,132,1,0,0,0,1
255,131,1,1,1,1,1
255,130,1,1,1,1,1
255,129,1,0,0,0,1
255,128,1,0,0,0,1
255,127,1,1,1,1,1
255,126,1,1,1,1,1
255,125,1,1,1,1,1
255,124,1,1,1,1,1
255,123,1,1,1,1,1
255,122,1,1,1,1,1
255,121,1,1,1,1,1
255,120,1,1,1,1,1
255,119,1,1,1,1,1
255,118,1,1,1,1,1
255,117,1,1,1,1,1
255,116,1,1,1,1,1
255,115,1,1,1,1,1
255,114,1,1,1,1,1
255,113,1,1,1,1,1
255,112,1,1,1,1,1
255,111,1,1,1,1,1
255,110,1,1,1,1,1
255,109,1,1,1,1,1
255,108,1,1,1,1,1
255,107,1,1,1,1,1
255,106,1,1,1,1,1
255,105,1,1,1,1,1
255,104,1,1,1,1,1
255,103,1,1,1,1,1
255,102,1,1,1,1,1
255,101,1,1,1,1,1
255,100,1,0,0,0,1
255,99,1,1,1,1,1
255,98,1,1,1,1,1
255,97,1,1,1,1,1
255,96,1,0,0,0,1
255,95,1,1,1,1,1
255,94,1,1,1,1,1
255,93,1,1,1,1,1
255,92,1,1,1,1,1
255,91,1,1,1,1,1
255,90,1,1,1,1,1
255,89,1,1,1,1,1
255,88,1,1,1,1,1
255,87,1,1,1,1,1
255,86,1,1,1,1,1
255,85,1,1,1,1,1
255,84,1,1,1,1,1
255,83,1,1,1,1,1
255,82,1,1,1,1,1
255,81,1,1,1,1,1
255,80,1,1,1,1,1
255,79,1,0,0,0,1
255,78,1,0,0,0,1
255,77,1,0,0,0,1
255,76,1,0,0,0,1
255,75,1,0,0,0,1
255,74,1,0,0,0,1
255,73,1,0,0,0,1
255,72,1,0,0,0,1
255,71,1,0,0,0,1
255,70,1,0,0,0,1
255,69,1,0,0,0,1
255,68,1,0,0,0,1
255,67,1,0,0,0,1
255,66,1,0,0,0,1
255,65,1,0,0,0,1
255,64,1,0,0,0,1
255,63,1,1,1,1,1
255,62,1,1,1,1,1
255,61,1,1,1,1,1
255,60,1,1,1,1,1
255,59,1,1,1,1,1
255,58,1,1,1,1,1
255,57,1,1,1,1,1
255,56,1,1,1,1,1
255,55,1,1,1,1,1
255,54,1,1,1,1,1
255,53,1,1,1,1,1
255,52,1,1,1,1,1
255,51,1,1,1,1,1
255,50,1,1,1,1,1
255,49,1,1,1,1,1
255,48,1,1,1,1,1
255,47,1,1,1,1,1
255,46,1,1,1,1,1
255,45,1,1,1,1,1
255,44,1,1,1,1,1
255,43,1,1,1,1,1
255,42,1,1,1,1,1
255,41,1,1,1,1,1
255,40,1,1,1,1,1
255,39,1,0,0,0,1
255,38,1,0,0,0,1
255,37,1,0,0,0,1
255,36,1,0,0,0,1
255,35,1,0,0,0,1
255,34,1,0,0,0,1
255,33,1,0,0,0,1
255,32,1,0,0,0,1
255,31,1,1,1,1,1
255,30,1,1,1,1,1
255,29,1,1,1,1,1
255,28,1,1,1,1,1
255,27,1,1,1,1,1
255,26,1,1,1,1,1
255,25,1,1,1,1,1
255,24,1,1,1,1,1
255,23,1,1,1,1,1
255,22,1,1,1,1,1
255,21,1,1,1,1,1
255,20,1,1,1,1,1
255,19,1,1,1,1,1
255,18,1,1,1,1,1
255,17,1,1,1,1,1
255,16,1,1,1,1,1
255,15,1,0,0,0,1
255,14,1,0,0,0,1
255,13,1,0,0,0,1
255,12,1,0,0,0,1
255,11,1,0,0,0,1
255,10,1,0,0,0,1
255,9,1,0,0,0,1
255,8,1,0,0,0,1
255,7,1,0,0,0,1
255,6,1,0,0,0,1
255,5,1,0,0,0,1
255,4,1,0,0,0,1
255,3,1,0,0,0,1
255,2,1,0,0,0,1
255,1,1,0,0,0,1
255,0,1,0,0,0,1
256,256,0,0,0,0,1
256,0,0,0,0,0,1
257,257,0,0,0,0,1
257,256,0,0,0,0,1
257,1,0,0,0,0,1
257,0,0,0,0,0,1
258,258,0,0,0,0,1
258,256,0,0,0,0,1
258,2,0,0,0,0,1
258,0,0,0,0,0,1
259,259,0,0,0,0,1
259,258,0,0,0,0,1
259,257,0,0,0,0,1
259,256,0,0,0,0,1
259,3,0,0,0,0,1
259,2,0,0,0,0,1
259,1,0,0,0,0,1
259,0,0,0,0,0,1
260,260,0,0,0,0,1
260,256,0,0,0,0,1
260,4,0,0,0,0,1
260,0,0,0,0,0,1
261,261,0,0,0,0,1
261,260,0,0,0,0,1
261,257,0,0,0,0,1
261,256,0,0,0,0,1
261,5,0,0,0,0,1
261,4,0,0,0,0,1
261,1,0,0,0,0,1
261,0,0,0,0,0,1
262,262,0,0,0,0,1
262,260,0,0,0,0,1
262,258,0,0,0,0,1
262,256,0,0,0,0,1
262,6,0,0,0,0,1
262,4,0,0,0,0,1
262,2,0,0,0,0,1
262,0,0,0,0,0,1
263,263,0,0,0,0,1
263,262,0,0,0,0,1
263,261,0,0,0,0,1
263,260,0,0,0,0,1
263,259,0,0,0,0,1
263,258,0,0,0,0,1
263,257,0,0,0,0,1
263,256,0,0,0,0,1
263,7,0,0,0,0,1
263,6,0,0,0,0,1
263,5,0,0,0,0,1
263,4,0,0,0,0,1
263,3,0,0,0,0,1
263,2,0,0,0,0,1
263,1,0,0,0,0,1
263,0,0,0,0,0,1
264,264,0,0,0,0,1
264,256,0,0,0,0,1
264,8,0,0,0,0,1
264,0,0,0,0,0,1
265,265,0,0,0,0,1
265,264,0,0,0,0,1
265,257,0,0,0,0,1
265,256,0,0,0,0,1
265,9,0,0,0,0,1
265,8,0,0,0,0,1
265,1,0,0,0,0,1
265,0,0,0,0,0,1
266,266,1,1,1,1,1
266,264,1,0,0,0,1
266,258,1,0,0,0,1
266,256,1,0,0,0,1
266,10,1,0,0,0,1
266,8,1,0,0,0,1
266,2,1,0,0,0,1
266,0,1,0,0,0,1
267,267,1,1,1,1,1
267,266,1,1,1,1,1
267,265,1,0,0,0,1
267,264,1,0,0,0,1
267,259,1,0,0,0,1
267,258,1,0,0,0,1
267,257,1,0,0,0,1
267,256,1,0,0,0,1
267,11,1,0,0,0,1
267,10,1,0,0,0,1
267,9,1,0,0,0,1
267,8,1,0,0,0,1
267,3,1,0,0,0,1
267,2,1,0,0,0,1
267,1,1,0,0,0,1
267,0,1,0,0,0,1
268,268,1,1,1,1,1
268,264,1,0,0,0,1
268,260,1,0,0,0,1
268,256,1,0,0,0,1
268,12,1,0,0,0,1
268,8,1,0,0,0,1
268,4,1,0,0,0,1
268,0,1,0,0,0,1
269,269,1,1,1,1,1
269,268,1,1,1,1,1
269,265,1,0,0,0,1
269,264,1,0,0,0,1
269,261,1,0,0,0,1
269,260,1,0,0,0,1
269,257,1,0,0,0,1
269,256,1,0,0,0,1
269,13,1,0,0,0,1
269,12,1,0,0,0,1
269,9,1,0,0,0,1
269,8,1,0,0,0,1
269,5,1,0,0,0,1
269,4,1,0,0,0,1
269,1,1,0,0,0,1
269,0,1,0,0,0,1
270,270,1,1,1,1,1
270,268,1,1,1,1,1
270,266,1,1,1,1,1
270,264,1,0,0,0,1
270,262,1,0,0,0,1
270,260,1,0,0,0,1
270,258,1,0,0,0,1
270,256,1,0,0,0,1
270,14,1,0,0,0,1
270,12,1,0,0,0,1
270,10,1,0,0,0,1
270,8,1,0,0,0,1
270,6,1,0,0,0,1
270,4,1,0,0,0,1
270,2,1,0,0,0,1
270,0,1,0,0,0,1
271,271,1,1,1,1,1
271,270,1,1,1,1,1
271,269,1,1,1,1,1
271,268,1,1,1,1,1
271,267,1,1,1,1,1
271,266,1,1,1,1,1
271,265,1,0,0,0,1
271,264,1,0,0,0,1
271,263,1,0,0,0,1
271,262,1,0,0,0,1
271,261,1,0,0,0,1
271,260,1,0,0,0,1
271,259,1,0,0,0,1
271,258,1,0,0,0,1
271,257,1,0,0,0,1
271,256,1,0,0,0,1
271,15,1,0,0,0,1
271,14,1,0,0,0,1
271,13,1,0,0,0,1
271,12,1,0,0,0,1
271,11,1,0,0,0,1
271,10,1,0,0,0,1
271,9,1,0,0,0,1
271,8,1,0,0,0,1
271,7,1,0,0,0,1
271,6,1,0,0,0,1
271,5,1,0,0,0,1
271,4,1,0,0,0,1
271,3,1,0,0,0,1
271,2,1,0,0,0,1
271,1,1,0,0,0,1
271,0,1,0,0,0,1
272,272,1,1,1,1,1
272,256,1,0,0,0,1
272,16,1,1,1,1,1
272,0,1,0,0,0,1
273,273,1,1,1,1,1
273,272,1,1,1,1,1
273,257,1,0,0,0,1
273,256,1,0,0,0,1
273,17,1,1,1,1,1
273,16,1,1,1,1,1
273,1,1,0,0,0,1
273,0,1,0,0,0,1
274,274,1,1,1,1,1
274,272,1,1,1,1,1
274,258,1,0,0,0,1
274,256,1,0,0,0,1
274,18,1,1,1,1,1
274,16,1,1,1,1,1
274,2,1,0,0,0,1
274,0,1,0,0,0,1
275,275,1,1,1,1,1
275,274,1,1,1,1,1
275,273,1,1,1,1,1
275,272,1,1,1,1,1
275,259,1,0,0,0,1
275,258,1,0,0,0,1
275,257,1,0,0,0,1
275,256,1,0,0,0,1
275,19,1,1,1,1,1
275,18,1,1,1,1,1
275,17,1,1,1,1,1
275,16,1,1,1,1,1
275,3,1,0,0,0,1
275,2,1,0,0,0,1
275,1,1,0,0,0,1
275,0,1,0,0,0,1
276,276,1,1,1,1,1
276,272,1,1,1,1,1
276,260,1,0,0,0,1
276,256,1,0,0,0,1
276,20,1,1,1,1,1
276,16,1,1,1,1,1
276,4,1,0,0,0,1
276,0,1,0,0,0,1
277,277,1,1,1,1,1
277,276,1,1,1,1,1
277,273,1,1,1,1,1
277,272,1,1,1,1,1
277,261,1,0,0,0,1
277,260,1,0,0,0,1
277,257,1,0,0,0,1
277,256,1,0,0,0,1
277,21,1,1,1,1,1
277,20,1,1,1,1,1
277,17,1,1,1,1,1
277,16,1,1,1,1,1
277,5,1,0,0,0,1
277,4,1,0,0,0,1
277,1,1,0,0,0,1
277,0,1,0,0,0,1
278,278,1,1,1,1,1
278,276,1,1,1,1,1
278,274,1,1,1,1,1
278,272,1,1,1,1,1
278,262,1,0,0,0,1
278,260,1,0,0,0,1
278,258,1,0,0,0,1
278,256,1,0,0,0,1
278,22,1,1,1,1,1
278,20,1,1,1,1,1
278,18,1,1,1,1,1
278,16,1,1,1,1,1
278,6,1,0,0,0,1
278,4,1,0,0,0,1
278,2,1,0,0,0,1
278,0,1,0,0,0,1
279,279,1,1,1,1,1
279,278,1,1,1,1,1
279,277,1,1,1,1,1
279,276,1,1,1,1,1
279,275,1,1,1,1,1
279,274,1,1,1,1,1
279,273,1,1,1,1,1
279,272,1,1,1,1,1
279,263,1,0,0,0,1
279,262,1,0,0,0,1
279,261,1,0,0,0,1
279,260,1,0,0,0,1
279,259,1,0,0,0,1
279,258,1,0,0,0,1
279,257,1,0,0,0,1
279,256,1,0,0,0,1
279,23,1,1,1,1,1
279,22,1,1,1,1,1
279,21,1,1,1,1,1
279,20,1,1,1,1,1
279,19,1,1,1,1,1
279,18,1,1,1,1,1
279,17,1,1,1,1,1
279,16,1,1,1,1,1
279,7,1,0,0,0,1
279,6,1,0,0,0,1
279,5,1,0,0,0,1
279,4,1,0,0,0,1
279,3,1,0,0,0,1
279,2,1,0,0,0,1
279,1,1,0,0,0,1
279,0,1,0,0,0,1
280,280,1,1,1,1,1
280,272,1,1,1,1,1
280,264,1,0,0,0,1
280,256,1,0,0,0,1
280,24,1,1,1,1,1
280,16,1,1,1,1,1
280,8,1,0,0,0,1
280,0,1,0,0,0,1
281,281,1,1,1,1,1
281,280,1,1,1,1,1
281,273,1,1,1,1,1
281,272,1,1,1,1,1
281,265,1,0,0,0,1
281,264,1,0,0,0,1
281,257,1,0,0,0,1
281,256,1,0,0,0,1
281,25,1,1,1,1,1
281,24,1,1,1,1,1
281,17,1,1,1,1,1
281,16,1,1,1,1,1
281,9,1,0,0,0,1
281,8,1,0,0,0,1
281,1,1,0,0,0,1
281,0,1,0,0,0,1
282,282,1,1,1,1,1
282,280,1,1,1,1,1
282,274,1,1,1,1,1
282,272,1,1,1,1,1
282,266,1,1,1,1,1
282,264,1,0,0,0,1
282,258,1,0,0,0,1
282,256,1,0,0,0,1
282,26,1,1,1,1,1
282,24,1,1,1,1,1
282,18,1,1,1,1,1
282,16,1,1,1,1,1
282,10,1,0,0,0,1
282,8,1,0,0,0,1
282,2,1,0,0,0,1
282,0,1,0,0,0,1
283,283,1,1,1,1,1
283,282,1,1,1,1,1
283,281,1,1,1,1,1
283,280,1,1,1,1,1
283,275,1,1,1,1,1
283,274,1,1,1,1,1
283,273,1,1,1,1,1
283,272,1,1,1,1,1
283,267,1,1,1,1,1
283,266,1,1,1,1,1
283,265,1,0,0,0,1
283,264,1,0,0,0,1
283,259,1,0,0,0,1
283,258,1,0,0,0,1
283,257,1,0,0,0,1
283,256,1,0,0,0,1
283,27,1,1,1,1,1
283,26,1,1,1,1,1
283,25,1,1,1,1,1
283,24,1,1,1,1,1
283,19,1,1,1,1,1
283,18,1,1,1,1,1
283,17,1,1,1,1,1
283,16,1,1,1,1,1
283,11,1,0,0,0,1
283,10,1,0,0,0,1
283,9,1,0,0,0,1
283,8,1,0,0,0,1
283,3,1,0,0,0,1
283,2,1,0,0,0,1
283,1,1,0,0,0,1
283,0,1,0,0,0,1
284,284,1,1,1,1,1
284,280,1,1,1,1,1
284,276,1,1,1,1,1
284,272,1,1,1,1,1
284,268,1,1,1,1,1
284,264,1,0,0,0,1
284,260,1,0,0,0,1
284,256,1,0,0,0,1
284,28,1,1,1,1,1
284,24,1,1,1,1,1
284,20,1,1,1,1,1
284,16,1,1,1,1,1
284,12,1,0,0,0,1
284,8,1,0,0,0,1
284,4,1,0,0,0,1
284,0,1,0,0,0,1
285,285,1,1,1,1,1
285,284,1,1,1,1,1
285,281,1,1,1,1,1
285,280,1,1,1,1,1
285,277,1,1,1,1,1
285,276,1,1,1,1,1
285,273,1,1,1,1,1
285,272,1,1,1,1,1
285,269,1,1,1,1,1
285,268,1,1,1,1,1
285,265,1,0,0,0,1
285,264,1,0,0,0,1
285,261,1,0,0,0,1
285,260,1,0,0,0,1
285,257,1,0,0,0,1
285,256,1,0,0,0,1
285,29,1,1,1,1,1
285,28,1,1,1,1,1
285,25,1,1,1,1,1
285,24,1,1,1,1,1
285,21,1,1,1,1,1
285,20,1,1,1,1,1
285,17,1,1,1,1,1
285,16,1,1,1,1,1
285,13,1,0,0,0,1
285,12,1,0,0,0,1
285,9,1,0,0,0,1
285,8,1,0,0,0,1
285,5,1,0,0,0,1
285,4,1,0,0,0,1
285,1,1,0,0,0,1
285,0,1,0,0,0,1
286,286,1,1,1,1,1
286,284,1,1,1,1,1
286,282,1,1,1,1,1
286,280,1,1,1,1,1
286,278,1,1,1,1,1
286,276,1,1,1,1,1
286,274,1,1,1,1,1
286,272,1,1,1,1,1
286,270,1,1,1,1,1
286,268,1,1,1,1,1
286,266,1,1,1,1,1
286,264,1,0,0,0,1
286,262,1,0,0,0,1
286,260,1,0,0,0,1
286,258,1,0,0,0,1
286,256,1,0,0,0,1
286,30,1,1,1,1,1
286,28,1,1,1,1,1
286,26,1,1,1,1,1
286,24,1,1,1,1,1
286,22,1,1,1,1,1
286,20,1,1,1,1,1
286,18,1,1,1,1,1
286,16,1,1,1,1,1
286,14,1,0,0,0,1
286,12,1,0,0,0,1
286,10,1,0,0,0,1
286,8,1,0,0,0,1
286,6,1,0,0,0,1
286,4,1,0,0,0,1
286,2,1,0,0,0,1
286,0,1,0,0,0,1
287,287,1,1,1,1,1
287,286,1,1,1,1,1
287,285,1,1,1,1,1
287,284,1,1,1,1,1
287,283,1,1,1,1,1
287,282,1,1,1,1,1
287,281,1,1,1,1,1
287,280,1,1,1,1,1
287,279,1,1,1,1,1
287,278,1,1,1,1,1
287,277,1,1,1,1,1
287,276,1,1,1,1,1
287,275,1,1,1,1,1
287,274,1,1,1,1,1
287,273,1,1,1,1,1
287,272,1,1,1,1,1
287,271,1,1,1,1,1
287,270,1,1,1,1,1
287,269,1,1,1,1,1
287,268,1,1,1,1,1
287,267,1,1,1,1,1
287,266,1,1,1,1,1
287,265,1,0,0,0,1
287,264,1,0,0,0,1
287,263,1,0,0,0,1
287,262,1,0,0,0,1
287,261,1,0,0,0,1
287,260,1,0,0,0,1
287,259,1,0,0,0,1
287,258,1,0,0,0,1
287,257,1,0,0,0,1
287,256,1,0,0,0,1
287,31,1,1,1,1,1
287,30,1,1,1,1,1
287,29,1,1,1,1,1
287,28,1,1,1,1,1
287,27,1,1,1,1,1
287,26,1,1,1,1,1
287,25,1,1,1,1,1
287,24,1,1,1,1,1
287,23,1,1,1,1,1
287,22,1,1,1,1,1
287,21,1,1,1,1,1
287,20,1,1,1,1,1
287,19,1,1,1,1,1
287,18,1,1,1,1,1
287,17,1,1,1,1,1
287,16,1,1,1,1,1
287,15,1,0,0,0,1
287,14,1,0,0,0,1
287,13,1,0,0,0,1
287,12,1,0,0,0,1
287,11,1,0,0,0,1
287,10,1,0,0,0,1
287,9,1,0,0,0,1
287,8,1,0,0,0,1
287,7,1,0,0,0,1
287,6,1,0,0,0,1
287,5,1,0,0,0,1
287,4,1,0,0,0,1
287,3,1,0,0,0,1
287,2,1,0,0,0,1
287,1,1,0,0,0,1
287,0,1,0,0,0,1
288,288,0,0,0,0,1
288,256,0,0,0,0,1
288,32,0,0,0,0,1
288,0,0,0,0,0,1
289,289,0,0,0,0,1
289,288,0,0,0,0,1
289,257,0,0,0,0,1
289,256,0,0,0,0,1
289,33,0,0,0,0,1
289,32,0,0,0,0,1
289,1,0,0,0,0,1
289,0,0,0,0,0,1
290,290,0,0,0,0,1
290,288,0,0,0,0,1
290,258,0,0,0,0,1
290,256,0,0,0,0,1
290,34,0,0,0,0,1
290,32,0,0,0,0,1
290,2,0,0,0,0,1
290,0,0,0,0,0,1
291,291,0,0,0,0,1
291,290,0,0,0,0,1
291,289,0,0,0,0,1
291,288,0,0,0,0,1
291,259,0,0,0,0,1
291,258,0,0,0,0,1
291,257,0,0,0,0,1
291,256,0,0,0,0,1
291,35,0,0,0,0,1
291,34,0,0,0,0,1
291,33,0,0,0,0,1
291,32,0,0,0,0,1
291,3,0,0,0,0,1
291,2,0,0,0,0,1
291,1,0,0,0,0,1
291,0,0,0,0,0,1
292,292,0,0,0,0,1
292,288,0,0,0,0,1
292,260,0,0,0,0,1
292,256,0,0,0,0,1
292,36,0,0,0,0,1
292,32,0,0,0,0,1
292,4,0,0,0,0,1
292,0,0,0,0,0,1
293,293,0,0,0,0,1
293,292,0,0,0,0,1
293,289,0,0,0,0,1
293,288,0,0,0,0,1
293,261,0,0,0,0,1
293,260,0,0,0,0,1
293,257,0,0,0,0,1
293,256,0,0,0,0,1
293,37,0,0,0,0,1
293,36,0,0,0,0,1
293,33,0,0,0,0,1
293,32,0,0,0,0,1
293,5,0,0,0,0,1
293,4,0,0,0,0,1
293,1,0,0,0,0,1
293,0,0,0,0,0,1
294,294,0,0,0,0,1
294,292,0,0,0,0,1
294,290,0,0,0,0,1
294,288,0,0,0,0,1
294,262,0,0,0,0,1
294,260,0,0,0,0,1
294,258,0,0,0,0,1
294,256,0,0,0,0,1
294,38,0,0,0,0,1
294,36,0,0,0,0,1
294,34,0,0,0,0,1
294,32,0,0,0,0,1
294,6,0,0,0,0,1
294,4,0,0,0,0,1
294,2,0,0,0,0,1
294,0,0,0,0,0,1
295,295,0,0,0,0,1
295,294,0,0,0,0,1
295,293,0,0,0,0,1
295,292,0,0,0,0,1
295,291,0,0,0,0,1
295,290,0,0,0,0,1
295,289,0,0,0,0,1
295,288,0,0,0,0,1
295,263,0,0,0,0,1
295,262,0,0,0,0,1
295,261,0,0,0,0,1
295,260,0,0,0,0,1
295,259,0,0,0,0,1
295,258,0,0,0,0,1
295,257,0,0,0,0,1
295,256,0,0,0,0,1
295,39,0,0,0,0,1
295,38,0,0,0,0,1
295,37,0,0,0,0,1
295,36,0,0,0,0,1
295,35,0,0,0,0,1
295,34,0,0,0,0,1
295,33,0,0,0,0,1
295,32,0,0,0,0,1
295,7,0,0,0,0,1
295,6,0,0,0,0,1
295,5,0,0,0,0,1
295,4,0,0,0,0,1
295,3,0,0,0,0,1
295,2,0,0,0,0,1
295,1,0,0,0,0,1
295,0,0,0,0,0,1
296,296,1,1,1,1,1
296,288,1,0,0,0,1
296,264,1,0,0,0,1
296,256,1,0,0,0,1
296,40,1,1,1,1,1
296,32,1,0,0,0,1
296,8,1,0,0,0,1
296,0,1,0,0,0,1
297,297,1,1,1,1,1
297,296,1,1,1,1,1
297,289,1,0,0,0,1
297,288,1,0,0,0,1
297,265,1,0,0,0,1
297,264,1,0,0,0,1
297,257,1,0,0,0,1
297,256,1,0,0,0,1
297,41,1,1,1,1,1
297,40,1,1,1,1,1
297,33,1,0,0,0,1
297,32,1,0,0,0,1
297,9,1,0,0,0,1
297,8,1,0,0,0,1
297,1,1,0,0,0,1
297,0,1,0,0,0,1
298,298,1,1,1,1,1
298,296,1,1,1,1,1
298,290,1,0,0,0,1
298,288,1,0,0,0,1
298,266,1,1,1,1,1
298,264,1,0,0,0,1
298,258,1,0,0,0,1
298,256,1,0,0,0,1
298,42,1,1,1,1,1
298,40,1,1,1,1,1
298,34,1,0,0,0,1
298,32,1,0,0,0,1
298,10,1,0,0,0,1
298,8,1,0,0,0,1
298,2,1,0,0,0,1
298,0,1,0,0,0,1
299,299,1,1,1,1,1
299,298,1,1,1,1,1
299,297,1,1,1,1,1
299,296,1,1,1,1,1
299,291,1,0,0,0,1
299,290,1,0,0,0,1
299,289,1,0,0,0,1
299,288,1,0,0,0,1
299,267,1,1,1,1,1
299,266,1,1,1,1,1
299,265,1,0,0,0,1
299,264,1,0,0,0,1
299,259,1,0,0,0,1
299,258,1,0,0,0,1
299,257,1,0,0,0,1
299,256,1,0,0,0,1
299,43,1,1,1,1,1
299,42,1,1,1,1,1
299,41,1,1,1,1,1
299,40,1,1,1,1,1
299,35,1,0,0,0,1
299,34,1,0,0,0,1
299,33,1,0,0,0,1
299,32,1,0,0,0,1
299,11,1,0,0,0,1
299,10,1,0,0,0,1
299,9,1,0,0,0,1
299,8,1,0,0,0,1
299,3,1,0,0,0,1
299,2,1,0,0,0,1
299,1,1,0,0,0,1
299,0,1,0,0,0,1
300,300,1,1,1,1,1
300,296,1,1,1,1,1
300,292,1,0,0,0,1
300,288,1,0,0,0,1
300,268,1,1,1,1,1
300,264,1,0,0,0,1
300,260,1,0,0,0,1
300,256,1,0,0,0,1
300,44,1,1,1,1,1
300,40,1,1,1,1,1
300,36,1,0,0,0,1
300,32,1,0,0,0,1
300,12,1,0,0,0,1
300,8,1,0,0,0,1
300,4,1,0,0,0,1
300,0,1,0,0,0,1
301,301,1,1,1,1,1
301,300,1,1,1,1,1
301,297,1,1,1,1,1
301,296,1,1,1,1,1
301,293,1,0,0,0,1
301,292,1,0,0,0,1
301,289,1,0,0,0,1
301,288,1,0,0,0,1
301,269,1,1,1,1,1
301,268,1,1,1,1,1
301,265,1,0,0,0,1
301,264,1,0,0,0,1
301,261,1,0,0,0,1
301,260,1,0,0,0,1
301,257,1,0,0,0,1
301,256,1,0,0,0,1
301,45,1,1,1,1,1
301,44,1,1,1,1,1
301,41,1,1,1,1,1
301,40,1,1,1,1,1
301,37,1,0,0,0,1
301,36,1,0,0,0,1
301,33,1,0,0,0,1
301,32,1,0,0,0,1
301,13,1,0,0,0,1
301,12,1,0,0,0,1
301,9,1,0,0,0,1
301,8,1,0,0,0,1
301,5,1,0,0,0,1
301,4,1,0,0,0,1
301,1,1,0,0,0,1
301,0,1,0,0,0,1
302,302,1,1,1,1,1
302,300,1,1,1,1,1
302,298,1,1,1,1,1
302,296,1,1,1,1,1
302,294,1,0,0,0,1
302,292,1,0,0,0,1
302,290,1,0,0,0,1
302,288,1,0,0,0,1
302,270,1,1,1,1,1
302,268,1,1,1,1,1
302,266,1,1,1,1,1
302,264,1,0,0,0,1
302,262,1,0,0,0,1
302,260,1,0,0,0,1
302,258,1,0,0,0,1
302,256,1,0,0,0,1
302,46,1,1,1,1,1
302,44,1,1,1,1,1
302,42,1,1,1,1,1
302,40,1,1,1,1,1
302,38,1,0,0,0,1
302,36,1,0,0,0,1
302,34,1,0,0,0,1
302,32,1,0,0,0,1
302,14,1,0,0,0,1
302,12,1,0,0,0,1
302,10,1,0,0,0,1
302,8,1,0,0,0,1
302,6,1,0,0,0,1
302,4,1,0,0,0,1
302,2,1,0,0,0,1
302,0,1,0,0,0,1
303,303,1,1,1,1,1
303,302,1,1,1,1,1
303,301,1,1,1,1,1
303,300,1,1,1,1,1
303,299,1,1,1,1,1
303,298,1,1,1,1,1
303,297,1,1,1,1,1
303,296,1,1,1,1,1
303,295,1,0,0,0,1
303,294,1,0,0,0,1
303,293,1,0,0,0,1
303,292,1,0,0,0,1
303,291,1,0,0,0,1
303,290,1,0,0,0,1
303,289,1,0,0,0,1
303,288,1,0,0,0,1
303,271,1,1,1,1,1
303,270,1,1,1,1,1
303,269,1,1,1,1,1
303,268,1,1,1,1,1
303,267,1,1,1,1,1
303,266,1,1,1,1,1
303,265,1,0,0,0,1
303,264,1,0,0,0,1
303,263,1,0,0,0,1
303,262,1,0,0,0,1
303,261,1,0,0,0,1
303,260,1,0,0,0,1
303,259,1,0,0,0,1
303,258,1,0,0,0,1
303,257,1,0,0,0,1
303,256,1,0,0,0,1
303,47,1,1,1,1,1
303,46,1,1,1,1,1
303,45,1,1,1,1,1
303,44,1,1,1,1,1
303,43,1,1,1,1,1
303,42,1,1,1,1,1
303,41,1,1,1,1,1
303,40,1,1,1,1,1
303,39,1,0,0,0,1
303,38,1,0,0,0,1
303,37,1,0,0,0,1
303,36,1,0,0,0,1
303,35,1,0,0,0,1
303,34,1,0,0,0,1
303,33,1,0,0,0,1
303,32,1,0,0,0,1
303,15,1,0,0,0,1
303,14,1,0,0,0,1
303,13,1,0,0,0,1
303,12,1,0,0,0,1
303,11,1,0,0,0,1
303,10,1,0,0,0,1
303,9,1,0,0,0,1
303,8,1,0,0,0,1
303,7,1,0,0,0,1
303,6,1,0,0,0,1
303,5,1,0,0,0,1
303,4,1,0,0,0,1
303,3,1,0,0,0,1
303,2,1,0,0,0,1
303,1,1,0,0,0,1
303,0,1,0,0,0,1
304,304,1,1,1,1,1
304,288,1,0,0,0,1
304,272,1,1,1,1,1
304,256,1,0,0,0,1
304,48,1,1,1,1,1
304,32,1,0,0,0,1
304,16,1,1,1,1,1
304,0,1,0,0,0,1
305,305,1,1,1,1,1
305,304,1,1,1,1,1
305,289,1,0,0,0,1
305,288,1,0,0,0,1
305,273,1,1,1,1,1
305,272,1,1,1,1,1
305,257,1,0,0,0,1
305,256,1,0,0,0,1
305,49,1,1,1,1,1
305,48,1,1,1,1,1
305,33,1,0,0,0,1
305,32,1,0,0,0,1
305,17,1,1,1,1,1
305,16,1,1,1,1,1
305,1,1,0,0,0,1
305,0,1,0,0,0,1
306,306,1,1,1,1,1
306,304,1,1,1,1,1
306,290,1,0,0,0,1
306,288,1,0,0,0,1
306,274,1,1,1,1,1
306,272,1,1,1,1,1
306,258,1,0,0,0,1
306,256,1,0,0,0,1
306,50,1,1,1,1,1
306,48,1,1,1,1,1
306,34,1,0,0,0,1
306,32,1,0,0,0,1
306,18,1,1,1,1,1
306,16,1,1,1,1,1
306,2,1,0,0,0,1
306,0,1,0,0,0,1
307,307,1,1,1,1,1
307,306,1,1,1,1,1
307,305,1,1,1,1,1
307,304,1,1,1,1,1
307,291,1,0,0,0,1
307,290,1,0,0,0,1
307,289,1,0,0,0,1
307,288,1,0,0,0,1
307,275,1,1,1,1,1
307,274,1,1,1,1,1
307,273,1,1,1,1,1
307,272,1,1,1,1,1
307,259,1,0,0,0,1
307,258,1,0,0,0,1
307,257,1,0,0,0,1
307,256,1,0,0,0,1
307,51,1,1,1,1,1
307,50,1,1,1,1,1
307,49,1,1,1,1,1
307,48,1,1,1,1,1
307,35,1,0,0,0,1
307,34,1,0,0,0,1
307,33,1,0,0,0,1
307,32,1,0,0,0,1
307,19,1,1,1,1,1
307,18,1,1,1,1,1
307,17,1,1,1,1,1
307,16,1,1,1,1,1
307,3,1,0,0,0,1
307,2,1,0,0,0,1
307,1,1,0,0,0,1
307,0,1,0,0,0,1
308,308,1,1,1,1,1
308,304,1,1,1,1,1
308,292,1,0,0,0,1
308,288,1,0,0,0,1
308,276,1,1,1,1,1
308,272,1,1,1,1,1
308,260,1,0,0,0,1
308,256,1,0,0,0,1
308,52,1,1,1,1,1
308,48,1,1,1,1,1
308,36,1,0,0,0,1
308,32,1,0,0,0,1
308,20,1,1,1,1,1
308,16,1,1,1,1,1
308,4,1,0,0,0,1
308,0,1,0,0,0,1
309,309,1,1,1,1,1
309,308,1,1,1,1,1
309,305,1,1,1,1,1
309,304,1,1,1,1,1
309,293,1,0,0,0,1
309,292,1,0,0,0,1
309,289,1,0,0,0,1
309,288,1,0,0,0,1
309,277,1,1,1,1,1
309,276,1,1,1,1,1
309,273,1,1,1,1,1
309,272,1,1,1,1,1
309,261,1,0,0,0,1
309,260,1,0,0,0,1
309,257,1,0,0,0,1
309,256,1,0,0,0,1
309,53,1,1,1,1,1
309,52,1,1,1,1,1
309,49,1,1,1,1,1
309,48,1,1,1,1,1
309,37,1,0,0,0,1
309,36,1,0,0,0,1
309,33,1,0,0,0,1
309,32,1,0,0,0,1
309,21,1,1,1,1,1
309,20,1,1,1,1,1
309,17,1,1,1,1,1
309,16,1,1,1,1,1
309,5,1,0,0,0,1
309,4,1,0,0,0,1
309,1,1,0,0,0,1
309,0,1,0,0,0,1
310,310,1,1,1,1,1
310,308,1,1,1,1,1
310,306,1,1,1,1,1
310,304,1,1,1,1,1
310,294,1,0,0,0,1
310,292,1,0,0,0,1
310,290,1,0,0,0,1
310,288,1,0,0,0,1
310,278,1,1,1,1,1
310,276,1,1,1,1,1
310,274,1,1,1,1,1
310,272,1,1,1,1,1
310,262,1,0,0,0,1
310,260,1,0,0,0,1
310,258,1,0,0,0,1
310,256,1,0,0,0,1
310,54,1,1,1,1,1
310,52,1,1,1,1,1
310,50,1,1,1,1,1
310,48,1,1,1,1,1
310,38,1,0,0,0,1
310,36,1,0,0,0,1
310,34,1,0,0,0,1
310,32,1,0,0,0,1
310,22,1,1,1,1,1
310,20,1,1,1,1,1
310,18,1,1,1,1,1
310,16,1,1,1,1,1
310,6,1,0,0,0,1
310,4,1,0,0,0,1
310,2,1,0,0,0,1
310,0,1,0,0,0,1
311,311,1,1,1,1,1
311,310,1,1,1,1,1
311,309,1,1,1,1,1
311,308,1,1,1,1,1
311,307,1,1,1,1,1
311,306,1,1,1,1,1
311,305,1,1,1,1,1
311,304,1,1,1,1,1
311,295,1,0,0,0,1
311,294,1,0,0,0,1
311,293,1,0,0,0,1
311,292,1,0,0,0,1
311,291,1,0,0,0,1
311,290,1,0,0,0,1
311,289,1,0,0,0,1
311,288,1,0,0,0,1
311,279,1,1,1,1,1
311,278,1,1,1,1,1
311,277,1,1,1,1,1
311,276,1,1,1,1,1
311,275,1,1,1,1,1
311,274,1,1,1,1,1
311,273,1,1,1,1,1
311,272,1,1,1,1,1
311,263,1,0,0,0,1
311,262,1,0,0,0,1
311,261,1,0,0,0,1
311,260,1,0,0,0,1
311,259,1,0,0,0,1
311,258,1,0,0,0,1
311,257,1,0,0,0,1
311,256,1,0,0,0,1
311,55,1,1,1,1,1
311,54,1,1,1,1,1
311,53,1,1,1,1,1
311,52,1,1,1,1,1
311,51,1,1,1,1,1
311,50,1,1,1,1,1
311,49,1,1,1,1,1
311,48,1,1,1,1,1
311,39,1,0,0,0,1
311,38,1,0,0,0,1
311,37,1,0,0,0,1
311,36,1,0,0,0,1
311,35,1,0,0,0,1
311,34,1,0,0,0,1
311,33,1,0,0,0,1
311,32,1,0,0,0,1
311,23,1,1,1,1,1
311,22,1,1,1,1,1
311,21,1,1,1,1,1
311,20,1,1,1,1,1
311,19,1,1,1,1,1
311,18,1,1,1,1,1
311,17,1,1,1,1,1
311,16,1,1,1,1,1
311,7,1,0,0,0,1
311,6,1,0,0,0,1
311,5,1,0,0,0,1
311,4,1,0,0,0,1
311,3,1,0,0,0,1
311,2,1,0,0,0,1
311,1,1,0,0,0,1
311,0,1,0,0,0,1
312,312,1,1,1,1,1
312,304,1,1,1,1,1
312,296,1,1,1,1,1
312,288,1,0,0,0,1
312,280,1,1,1,1,1
312,272,1,1,1,1,1
312,264,1,0,0,0,1
312,256,1,0,0,0,1
312,56,1,1,1,1,1
312,48,1,1,1,1,1
312,40,1,1,1,1,1
312,32,1,0,0,0,1
312,24,1,1,1,1,1
312,16,1,1,1,1,1
312,8,1,0,0,0,1
312,0,1,0,0,0,1
313,313,1,1,1,1,1
313,312,1,1,1,1,1
313,305,1,1,1,1,1
313,304,1,1,1,1,1
313,297,1,1,1,1,1
313,296,1,1,1,1,1
313,289,1,0,0,0,1
313,288,1,0,0,0,1
313,281,1,1,1,1,1
313,280,1,1,1,1,1
313,273,1,1,1,1,1
313,272,1,1,1,1,1
313,265,1,0,0,0,1
313,264,1,0,0,0,1
313,257,1,0,0,0,1
313,256,1,0,0,0,1
313,57,1,1,1,1,1
313,56,1,1,1,1,1
313,49,1,1,1,1,1
313,48,1,1,1,1,1
313,41,1,1,1,1,1
313,40,1,1,1,1,1
313,33,1,0,0,0,1
313,32,1,0,0,0,1
313,25,1,1,1,1,1
313,24,1,1,1,1,1
313,17,1,1,1,1,1
313,16,1,1,1,1,1
313,9,1,0,0,0,1
313,8,1,0,0,0,1
313,1,1,0,0,0,1
313,0,1,0,0,0,1
314,314,1,1,1,1,1
314,312,1,1,1,1,1
314,306,1,1,1,1,1
314,304,1,1,1,1,1
314,298,1,1,1,1,1
314,296,1,1,1,1,1
314,290,1,0,0,0,1
314,288,1,0,0,0,1
314,282,1,1,1,1,1
314,280,1,1,1,1,1
314,274,1,1,1,1,1
314,272,1,1,1,1,1
314,266,1,1,1,1,1
314,264,1,0,0,0,1
314,258,1,0,0,0,1
314,256,1,0,0,0,1
314,58,1,1,1,1,1
314,56,1,1,1,1,1
314,50,1,1,1,1,1
314,48,1,1,1,1,1
314,42,1,1,1,1,1
314,40,1,1,1,1,1
314,34,1,0,0,0,1
314,32,1,0,0,0,1
314,26,1,1,1,1,1
314,24,1,1,1,1,1
314,18,1,1,1,1,1
314,16,1,1,1,1,1
314,10,1,0,0,0,1
314,8,1,0,0,0,1
314,2,1,0,0,0,1
314,0,1,0,0,0,1
315,315,1,1,1,1,1
315,314,1,1,1,1,1
315,313,1,1,1,1,1
315,312,1,1,1,1,1
315,307,1,1,1,1,1
315,306,1,1,1,1,1
315,305,1,1,1,1,1
315,304,1,1,1,1,1
315,299,1,1,1,1,1
315,298,1,1,1,1,1
315,297,1,1,1,1,1
315,296,1,1,1,1,1
315,291,1,0,0,0,1
315,290,1,0,0,0,1
315,289,1,0,0,0,1
315,288,1,0,0,0,1
315,283,1,1,1,1,1
315,282,1,1,1,1,1
315,281,1,1,1,1,1
315,280,1,1,1,1,1
315,275,1,1,1,1,1
315,274,1,1,1,1,1
315,273,1,1,1,1,1
315,272,1,1,1,1,1
315,267,1,1,1,1,1
315,266,1,1,1,1,1
315,265,1,0,0,0,1
315,264,1,0,0,0,1
315,259,1,0,0,0,1
315,258,1,0,0,0,1
315,257,1,0,0,0,1
315,256,1,0,0,0,1
315,59,1,1,1,1,1
315,58,1,1,1,1,1
315,57,1,1,1,1,1
315,56,1,1,1,1,1
315,51,1,1,1,1,1
315,50,1,1,1,1,1
315,49,1,1,1,1,1
315,48,1,1,1,1,1
315,43,1,1,1,1,1
315,42,1,1,1,1,1
315,41,1,1,1,1,1
315,40,1,1,1,1,1
315,35,1,0,0,0,1
315,34,1,0,0,0,1
315,33,1,0,0,0,1
315,32,1,0,0,0,1
315,27,1,1,1,1,1
315,26,1,1,1,1,1
315,25,1,1,1,1,1
315,24,1,1,1,1,1
315,19,1,1,1,1,1
315,18,1,1,1,1,1
315,17,1,1,1,1,1
315,16,1,1,1,1,1
315,11,1,0,0,0,1
315,10,1,0,0,0,1
315,9,1,0,0,0,1
315,8,1,0,0,0,1
315,3,1,0,0,0,1
315,2,1,0,0,0,1
315,1,1,0,0,0,1
315,0,1,0,0,0,1
316,316,1,1,1,1,1
316,312,1,1,1,1,1
316,308,1,1,1,1,1
316,304,1,1,1,1,1
316,300,1,1,1,1,1
316,296,1,1,1,1,1
316,292,1,0,0,0,1
316,288,1,0,0,0,1
316,284,1,1,1,1,1
316,280,1,1,1,1,1
316,276,1,1,1,1,1
316,272,1,1,1,1,1
316,268,1,1,1,1,1
316,264,1,0,0,0,1
316,260,1,0,0,0,1
316,256,1,0,0,0,1
316,60,1,1,1,1,1
316,56,1,1,1,1,1
316,52,1,1,1,1,1
316,48,1,1,1,1,1
316,44,1,1,1,1,1
316,40,1,1,1,1,1
316,36,1,0,0,0,1
316,32,1,0,0,0,1
316,28,1,1,1,1,1
316,24,1,1,1,1,1
316,20,1,1,1,1,1
316,16,1,1,1,1,1
316,12,1,0,0,0,1
316,8,1,0,0,0,1
316,4,1,0,0,0,1
316,0,1,0,0,0,1
317,317,1,1,1,1,1
317,316,1,1,1,1,1
317,313,1,1,1,1,1
317,312,1,1,1,1,1
317,309,1,1,1,1,1
317,308,1,1,1,1,1
317,305,1,1,1,1,1
317,304,1,1,1,1,1
317,301,1,1,1,1,1
317,300,1,1,1,1,1
317,297,1,1,1,1,1
317,296,1,1,1,1,1
317,293,1,0,0,0,1
317,292,1,0,0,0,1
317,289,1,0,0,0,1
317,288,1,0,0,0,1
317,285,1,1,1,1,1
317,284,1,1,1,1,1
317,281,1,1,1,1,1
317,280,1,1,1,1,1
317,277,1,1,1,1,1
317,276,1,1,1,1,1
317,273,1,1,1,1,1
317,272,1,1,1,1,1
317,269,1,1,1,1,1
317,268,1,1,1,1,1
317,265,1,0,0,0,1
317,264,1,0,0,0,1
317,261,1,0,0,0,1
317,260,1,0,0,0,1
317,257,1,0,0,0,1
317,256,1,0,0,0,1
317,61,1,1,1,1,1
317,60,1,1,1,1,1
317,57,1,1,1,1,1
317,56,1,1,1,1,1
317,53,1,1,1,1,1
317,52,1,1,1,1,1
317,49,1,1,1,1,1
317,48,1,1,1,1,1
317,45,1,1,1,1,1
317,44,1,1,1,1,1
317,41,1,1,1,1,1
317,40,1,1,1,1,1
317,37,1,0,0,0,1
317,36,1,0,0,0,1
317,33,1,0,0,0,1
317,32,1,0,0,0,1
317,29,1,1,1,1,1
317,28,1,1,1,1,1
317,25,1,1,1,1,1
317,24,1,1,1,1,1
317,21,1,1,1,1,1
317,20,1,1,1,1,1
317,17,1,1,1,1,1
317,16,1,1,1,1,1
317,13,1,0,0,0,1
317,12,1,0,0,0,1
317,9,1,0,0,0,1
317,8,1,0,0,0,1
317,5,1,0,0,0,1
317,4,1,0,0,0,1
317,1,1,0,0,0,1
317,0,1,0,0,0,1
318,318,1,1,1,1,1
318,316,1,1,1,1,1
318,314,1,1,1,1,1
318,312,1,1,1,1,1
318,310,1,1,1,1,1
318,308,1,1,1,1,1
318,306,1,1,1,1,1
318,304,1,1,1,1,1
318,302,1,1,1,1,1
318,300,1,1,1,1,1
318,298,1,1,1,1,1
318,296,1,1,1,1,1
318,294,1,0,0,0,1
318,292,1,0,0,0,1
318,290,1,0,0,0,1
318,288,1,0,0,0,1
318,286,1,1,1,1,1
318,284,1,1,1,1,1
318,282,1,1,1,1,1
318,280,1,1,1,1,1
318,278,1,1,1,1,1
318,276,1,1,1,1,1
318,274,1,1,1,1,1
318,272,1,1,1,1,1
318,270,1,1,1,1,1
318,268,1,1,1,1,1
318,266,1,1,1,1,1
318,264,1,0,0,0,1
318,262,1,0,0,0,1
318,260,1,0,0,0,1
318,258,1,0,0,0,1
318,256,1,0,0,0,1
318,62,1,1,1,1,1
318,60,1,1,1,1,1
318,58,1,1,1,1,1
318,56,1,1,1,1,1
318,54,1,1,1,1,1
318,52,1,1,1,1,1
318,50,1,1,1,1,1
318,48,1,1,1,1,1
318,46,1,1,1,1,1
318,44,1,1,1,1,1
318,42,1,1,1,1,1
318,40,1,1,1,1,1
318,38,1,0,0,0,1
318,36,1,0,0,0,1
318,34,1,0,0,0,1
318,32,1,0,0,0,1
318,30,1,1,1,1,1
318,28,1,1,1,1,1
318,26,1,1,1,1,1
318,24,1,1,1,1,1
318,22,1,1,1,1,1
318,20,1,1,1,1,1
318,18,1,1,1,1,1
318,16,1,1,1,1,1
318,14,1,0,0,0,1
318,12,1,0,0,0,1
318,10,1,0,0,0,1
318,8,1,0,0,0,1
318,6,1,0,0,0,1
318,4,1,0,0,0,1
318,2,1,0,0,0,1
318,0,1,0,0,0,1
319,319,1,1,1,1,1
319,318,1,1,1,1,1
319,317,1,1,1,1,1
319,316,1,1,1,1,1
319,315,1,1,1,1,1
319,314,1,1,1,1,1
319,313,1,1,1,1,1
319,312,1,1,1,1,1
319,311,1,1,1,1,1
319,310,1,1,1,1,1
319,309,1,1,1,1,1
319,308,1,1,1,1,1
319,307,1,1,1,1,1
319,306,1,1,1,1,1
319,305,1,1,1,1,1
319,304,1,1,1,1,1
319,303,1,1,1,1,1
319,302,1,1,1,1,1
319,301,1,1,1,1,1
319,300,1,1,1,1,1
319,299,1,1,1,1,1
319,298,1,1,1,1,1
319,297,1,1,1,1,1
319,296,1,1,1,1,1
319,295,1,0,0,0,1
319,294,1,0,0,0,1
319,293,1,0,0,0,1
319,292,1,0,0,0,1
319,291,1,0,0,0,1
319,290,1,0,0,0,1
319,289,1,0,0,0,1
319,288,1,0,0,0,1
319,287,1,1,1,1,1
319,286,1,1,1,1,1
319,285,1,1,1,1,1
319,284,1,1,1,1,1
319,283,1,1,1,1,1
319,282,1,1,1,1,1
319,281,1,1,1,1,1
319,280,1,1,1,1,1
319,279,1,1,1,1,1
319,278,1,1,1,1,1
319,277,1,1,1,1,1
319,276,1,1,1,1,1
319,275,1,1,1,1,1
319,274,1,1,1,1,1
319,273,1,1,1,1,1
319,272,1,1,1,1,1
319,271,1,1,1,1,1
319,270,1,1,1,1,1
319,269,1,1,1,1,1
319,268,1,1,1,1,1
319,267,1,1,1,1,1
319,266,1,1,1,1,1
319,265,1,0,0,0,1
319,264,1,0,0,0,1
319,263,1,0,0,0,1
319,262,1,0,0,0,1
319,261,1,0,0,0,1
319,260,1,0,0,0,1
319,259,1,0,0,0,1
319,258,1,0,0,0,1
319,257,1,0,0,0,1
319,256,1,0,0,0,1
319,63,1,1,1,1,1
319,62,1,1,1,1,1
319,61,1,1,1,1,1
319,60,1,1,1,1,1
319,59,1,1,1,1,1
319,58,1,1,1,1,1
319,57,1,1,1,1,1
319,56,1,1,1,1,1
319,55,1,1,1,1,1
319,54,1,1,1,1,1
319,53,1,1,1,1,1
319,52,1,1,1,1,1
319,51,1,1,1,1,1
319,50,1,1,1,1,1
319,49,1,1,1,1,1
319,48,1,1,1,1,1
319,47,1,1,1,1,1
319,46,1,1,1,1,1
319,45,1,1,1,1,1
319,44,1,1,1,1,1
319,43,1,1,1,1,1
319,42,1,1,1,1,1
319,41,1,1,1,1,1
319,40,1,1,1,1,1
319,39,1,0,0,0,1
319,38,1,0,0,0,1
319,37,1,0,0,0,1
319,36,1,0,0,0,1
319,35,1,0,0,0,1
319,34,1,0,0,0,1
319,33,1,0,0,0,1
319,32,1,0,0,0,1
319,31,1,1,1,1,1
319,30,1,1,1,1,1
319,29,1,1,1,1,1
319,28,1,1,1,1,1
319,27,1,1,1,1,1
319,26,1,1,1,1,1
319,25,1,1,1,1,1
319,24,1,1,1,1,1
319,23,1,1,1,1,1
319,22,1,1,1,1,1
319,21,1,1,1,1,1
319,20,1,1,1,1,1
319,19,1,1,1,1,1
319,18,1,1,1,1,1
319,17,1,1,1,1,1
319,16,1,1,1,1,1
319,15,1,0,0,0,1
319,14,1,0,0,0,1
319,13,1,0,0,0,1
319,12,1,0,0,0,1
319,11,1,0,0,0,1
319,10,1,0,0,0,1
319,9,1,0,0,0,1
319,8,1,0,0,0,1
319,7,1,0,0,0,1
319,6,1,0,0,0,1
319,5,1,0,0,0,1
319,4,1,0,0,0,1
319,3,1,0,0,0,1
319,2,1,0,0,0,1
319,1,1,0,0,0,1
319,0,1,0,0,0,1
320,320,0,0,0,0,1
320,256,0,0,0,0,1
320,64,0,0,0,0,1
320,0,0,0,0,0,1
321,321,0,0,0,0,1
321,320,0,0,0,0,1
321,257,0,0,0,0,1
321,256,0,0,0,0,1
321,65,0,0,0,0,1
321,64,0,0,0,0,1
321,1,0,0,0,0,1
321,0,0,0,0,0,1
322,322,1,1,1,1,1
322,320,1,0,0,0,1
322,258,1,0,0,0,1
322,256,1,0,0,0,1
322,66,1,0,0,0,1
322,64,1,0,0,0,1
322,2,1,0,0,0,1
322,0,1,0,0,0,1
323,323,1,1,1,1,1
323,322,1,1,1,1,1
323,321,1,0,0,0,1
323,320,1,0,0,0,1
323,259,1,0,0,0,1
323,258,1,0,0,0,1
323,257,1,0,0,0,1
323,256,1,0,0,0,1
323,67,1,0,0,0,1
323,66,1,0,0,0,1
323,65,1,0,0,0,1
323,64,1,0,0,0,1
323,3,1,0,0,0,1
323,2,1,0,0,0,1
323,1,1,0,0,0,1
323,0,1,0,0,0,1
324,324,0,0,0,0,1
324,320,0,0,0,0,1
324,260,0,0,0,0,1
324,256,0,0,0,0,1
324,68,0,0,0,0,1
324,64,0,0,0,0,1
324,4,0,0,0,0,1
324,0,0,0,0,0,1
325,325,1,1,1,1,1
325,324,1,0,0,0,1
325,321,1,0,0,0,1
325,320,1,0,0,0,1
325,261,1,0,0,0,1
325,260,1,0,0,0,1
325,257,1,0,0,0,1
325,256,1,0,0,0,1
325,69,1,0,0,0,1
325,68,1,0,0,0,1
325,65,1,0,0,0,1
325,64,1,0,0,0,1
325,5,1,0,0,0,1
325,4,1,0,0,0,1
325,1,1,0,0,0,1
325,0,1,0,0,0,1
326,326,1,1,1,1,1
326,324,1,0,0,0,1
326,322,1,1,1,1,1
326,320,1,0,0,0,1
326,262,1,0,0,0,1
326,260,1,0,0,0,1
326,258,1,0,0,0,1
326,256,1,0,0,0,1
326,70,1,0,0,0,1
326,68,1,0,0,0,1
326,66,1,0,0,0,1
326,64,1,0,0,0,1
326,6,1,0,0,0,1
326,4,1,0,0,0,1
326,2,1,0,0,0,1
326,0,1,0,0,0,1
327,327,1,1,1,1,1
327,326,1,1,1,1,1
327,325,1,1,1,1,1
327,324,1,0,0,0,1
327,323,1,1,1,1,1
327,322,1,1,1,1,1
327,321,1,0,0,0,1
327,320,1,0,0,0,1
327,263,1,0,0,0,1
327,262,1,0,0,0,1
327,261,1,0,0,0,1
327,260,1,0,0,0,1
327,259,1,0,0,0,1
327,258,1,0,0,0,1
327,257,1,0,0,0,1
327,256,1,0,0,0,1
327,71,1,0,0,0,1
327,70,1,0,0,0,1
327,69,1,0,0,0,1
327,68,1,0,0,0,1
327,67,1,0,0,0,1
327,66,1,0,0,0,1
327,65,1,0,0,0,1
327,64,1,0,0,0,1
327,7,1,0,0,0,1
327,6,1,0,0,0,1
327,5,1,0,0,0,1
327,4,1,0,0,0,1
327,3,1,0,0,0,1
327,2,1,0,0,0,1
327,1,1,0,0,0,1
327,0,1,0,0,0,1
328,328,0,0,0,0,1
328,320,0,0,0,0,1
328,264,0,0,0,0,1
328,256,0,0,0,0,1
328,72,0,0,0,0,1
328,64,0,0,0,0,1
328,8,0,0,0,0,1
328,0,0,0,0,0,1
329,329,0,0,0,0,1
329,328,0,0,0,0,1
329,321,0,0,0,0,1
329,320,0,0,0,0,1
329,265,0,0,0,0,1
329,264,0,0,0,0,1
329,257,0,0,0,0,1
329,256,0,0,0,0,1
329,73,0,0,0,0,1
329,72,0,0,0,0,1
329,65,0,0,0,0,1
329,64,0,0,0,0,1
329,9,0,0,0,0,1
329,8,0,0,0,0,1
329,1,0,0,0,0,1
329,0,0,0,0,0,1
330,330,1,1,1,1,1
330,328,1,0,0,0,1
330,322,1,1,1,1,1
330,320,1,0,0,0,1
330,266,1,1,1,1,1
330,264,1,0,0,0,1
330,258,1,0,0,0,1
330,256,1,0,0,0,1
330,74,1,0,0,0,1
330,72,1,0,0,0,1
330,66,1,0,0,0,1
330,64,1,0,0,0,1
330,10,1,0,0,0,1
330,8,1,0,0,0,1
330,2,1,0,0,0,1
330,0,1,0,0,0,1
331,331,1,1,1,1,1
331,330,1,1,1,1,1
331,329,1,0,0,0,1
331,328,1,0,0,0,1
331,323,1,1,1,1,1
331,322,1,1,1,1,1
331,321,1,0,0,0,1
331,320,1,0,0,0,1
331,267,1,1,1,1,1
331,266,1,1,1,1,1
331,265,1,0,0,0,1
331,264,1,0,0,0,1
331,259,1,0,0,0,1
331,258,1,0,0,0,1
331,257,1,0,0,0,1
331,256,1,0,0,0,1
331,75,1,0,0,0,1
331,74,1,0,0,0,1
331,73,1,0,0,0,1
331,72,1,0,0,0,1
331,67,1,0,0,0,1
331,66,1,0,0,0,1
331,65,1,0,0,0,1
331,64,1,0,0,0,1
331,11,1,0,0,0,1
331,10,1,0,0,0,1
331,9,1,0,0,0,1
331,8,1,0,0,0,1
331,3,1,0,0,0,1
331,2,1,0,0,0,1
331,1,1,0,0,0,1
331,0,1,0,0,0,1
332,332,1,1,1,1,1
332,328,1,0,0,0,1
332,324,1,0,0,0,1
332,320,1,0,0,0,1
332,268,1,1,1,1,1
332,264,1,0,0,0,1
332,260,1,0,0,0,1
332,256,1,0,0,0,1
332,76,1,0,0,0,1
332,72,1,0,0,0,1
332,68,1,0,0,0,1
332,64,1,0,0,0,1
332,12,1,0,0,0,1
332,8,1,0,0,0,1
332,4,1,0,0,0,1
332,0,1,0,0,0,1
333,333,1,1,1,1,1
333,332,1,1,1,1,1
333,329,1,0,0,0,1
333,328,1,0,0,0,1
333,325,1,1,1,1,1
333,324,1,0,0,0,1
333,321,1,0,0,0,1
333,320,1,0,0,0,1
333,269,1,1,1,1,1
333,268,1,1,1,1,1
333,265,1,0,0,0,1
333,264,1,0,0,0,1
333,261,1,0,0,0,1
333,260,1,0,0,0,1
333,257,1,0,0,0,1
333,256,1,0,0,0,1
333,77,1,0,0,0,1
333,76,1,0,0,0,1
333,73,1,0,0,0,1
333,72,1,0,0,0,1
333,69,1,0,0,0,1
333,68,1,0,0,0,1
333,65,1,0,0,0,1
333,64,1,0,0,0,1
333,13,1,0,0,0,1
333,12,1,0,0,0,1
333,9,1,0,0,0,1
333,8,1,0,0,0,1
333,5,1,0,0,0,1
333,4,1,0,0,0,1
333,1,1,0,0,0,1
333,0,1,0,0,0,1
334,334,1,1,1,1,1
334,332,1,1,1,1,1
334,330,1,1,1,1,1
334,328,1,0,0,0,1
334,326,1,1,1,1,1
334,324,1,0,0,0,1
334,322,1,1,1,1,1
334,320,1,0,0,0,1
334,270,1,1,1,1,1
334,268,1,1,1,1,1
334,266,1,1,1,1,1
334,264,1,0,0,0,1
334,262,1,0,0,0,1
334,260,1,0,0,0,1
334,258,1,0,0,0,1
334,256,1,0,0,0,1
334,78,1,0,0,0,1
334,76,1,0,0,0,1
334,74,1,0,0,0,1
334,72,1,0,0,0,1
334,70,1,0,0,0,1
334,68,1,0,0,0,1
334,66,1,0,0,0,1
334,64,1,0,0,0,1
334,14,1,0,0,0,1
334,12,1,0,0,0,1
334,10,1,0,0,0,1
334,8,1,0,0,0,1
334,6,1,0,0,0,1
334,4,1,0,0,0,1
334,2,1,0,0,0,1
334,0,1,0,0,0,1
335,335,1,1,1,1,1
335,334,1,1,1,1,1
335,333,1,1,1,1,1
335,332,1,1,1,1,1
335,331,1,1,1,1,1
335,330,1,1,1,1,1
335,329,1,0,0,0,1
335,328,1,0,0,0,1
335,327,1,1,1,1,1
335,326,1,1,1,1,1
335,325,1,1,1,1,1
335,324,1,0,0,0,1
335,323,1,1,1,1,1
335,322,1,1,1,1,1
335,321,1,0,0,0,1
335,320,1,0,0,0,1
335,271,1,1,1,1,1
335,270,1,1,1,1,1
335,269,1,1,1,1,1
335,268,1,1,1,1,1
335,267,1,1,1,1,1
335,266,1,1,1,1,1
335,265,1,0,0,0,1
335,264,1,0,0,0,1
335,263,1,0,0,0,1
335,262,1,0,0,0,1
335,261,1,0,0,0,1
335,260,1,0,0,0,1
335,259,1,0,0,0,1
335,258,1,0,0,0,1
335,257,1,0,0,0,1
335,256,1,0,0,0,1
335,79,1,0,0,0,1
335,78,1,0,0,0,1
335,77,1,0,0,0,1
335,76,1,0,0,0,1
335,75,1,0,0,0,1
335,74,1,0,0,0,1
335,73,1,0,0,0,1
335,72,1,0,0,0,1
335,71,1,0,0,0,1
335,70,1,0,0,0,1
335,69,1,0,0,0,1
335,68,1,0,0,0,1
335,67,1,0,0,0,1
335,66,1,0,0,0,1
335,65,1,0,0,0,1
335,64,1,0,0,0,1
335,15,1,0,0,0,1
335,14,1,0,0,0,1
335,13,1,0,0,0,1
335,12,1,0,0,0,1
335,11,1,0,0,0,1
335,10,1,0,0,0,1
335,9,1,0,0,0,1
335,8,1,0,0,0,1
335,7,1,0,0,0,1
335,6,1,0,0,0,1
335,5,1,0,0,0,1
335,4,1,0,0,0,1
335,3,1,0,0,0,1
335,2,1,0,0,0,1
335,1,1,0,0,0,1
335,0,1,0,0,0,1
336,336,1,1,1,1,1
336,320,1,0,0,0,1
336,272,1,1,1,1,1
336,256,1,0,0,0,1
336,80,1,1,1,1,1
336,64,1,0,0,0,1
336,16,1,1,1,1,1
336,0,1,0,0,0,1
337,337,1,1,1,1,1
337,336,1,1,1,1,1
337,321,1,0,0,0,1
337,320,1,0,0,0,1
337,273,1,1,1,1,1
337,272,1,1,1,1,1
337,257,1,0,0,0,1
337,256,1,0,0,0,1
337,81,1,1,1,1,1
337,80,1,1,1,1,1
337,65,1,0,0,0,1
337,64,1,0,0,0,1
337,17,1,1,1,1,1
337,16,1,1,1,1,1
337,1,1,0,0,0,1
337,0,1,0,0,0,1
338,338,1,1,1,1,1
338,336,1,1,1,1,1
338,322,1,1,1,1,1
338,320,1,0,0,0,1
338,274,1,1,1,1,1
338,272,1,1,1,1,1
338,258,1,0,0,0,1
338,256,1,0,0,0,1
338,82,1,1,1,1,1
338,80,1,1,1,1,1
338,66,1,0,0,0,1
338,64,1,0,0,0,1
338,18,1,1,1,1,1
338,16,1,1,1,1,1
338,2,1,0,0,0,1
338,0,1,0,0,0,1
339,339,1,1,1,1,1
339,338,1,1,1,1,1
339,337,1,1,1,1,1
339,336,1,1,1,1,1
339,323,1,1,1,1,1
339,322,1,1,1,1,1
339,321,1,0,0,0,1
339,320,1,0,0,0,1
339,275,1,1,1,1,1
339,274,1,1,1,1,1
339,273,1,1,1,1,1
339,272,1,1,1,1,1
339,259,1,0,0,0,1
339,258,1,0,0,0,1
339,257,1,0,0,0,1
339,256,1,0,0,0,1
339,83,1,1,1,1,1
339,82,1,1,1,1,1
339,81,1,1,1,1,1
339,80,1,1,1,1,1
339,67,1,0,0,0,1
339,66,1,0,0,0,1
339,65,1,0,0,0,1
339,64,1,0,0,0,1
339,19,1,1,1,1,1
339,18,1,1,1,1,1
339,17,1,1,1,1,1
339,16,1,1,1,1,1
339,3,1,0,0,0,1
339,2,1,0,0,0,1
339,1,1,0,0,0,1
339,0,1,0,0,0,1
340,340,1,1,1,1,1
340,336,1,1,1,1,1
340,324,1,0,0,0,1
340,320,1,0,0,0,1
340,276,1,1,1,1,1
340,272,1,1,1,1,1
340,260,1,0,0,0,1
340,256,1,0,0,0,1
340,84,1,1,1,1,1
340,80,1,1,1,1,1
340,68,1,0,0,0,1
340,64,1,0,0,0,1
340,20,1,1,1,1,1
340,16,1,1,1,1,1
340,4,1,0,0,0,1
340,0,1,0,0,0,1
341,341,1,1,1,1,1
341,340,1,1,1,1,1
341,337,1,1,1,1,1
341,336,1,1,1,1,1
341,325,1,1,1,1,1
341,324,1,0,0,0,1
341,321,1,0,0,0,1
341,320,1,0,0,0,1
341,277,1,1,1,1,1
341,276,1,1,1,1,1
341,273,1,1,1,1,1
341,272,1,1,1,1,1
341,261,1,0,0,0,1
341,260,1,0,0,0,1
341,257,1,0,0,0,1
341,256,1,0,0,0,1
341,85,1,1,1,1,1
341,84,1,1,1,1,1
341,81,1,1,1,1,1
341,80,1,1,1,1,1
341,69,1,0,0,0,1
341,68,1,0,0,0,1
341,65,1,0,0,0,1
341,64,1,0,0,0,1
341,21,1,1,1,1,1
341,20,1,1,1,1,1
341,17,1,1,1,1,1
341,16,1,1,1,1,1
341,5,1,0,0,0,1
341,4,1,0,0,0,1
341,1,1,0,0,0,1
341,0,1,0,0,0,1
342,342,1,1,1,1,1
342,340,1,1,1,1,1
342,338,1,1,1,1,1
342,336,1,1,1,1,1
342,326,1,1,1,1,1
342,324,1,0,0,0,1
342,322,1,1,1,1,1
342,320,1,0,0,0,1
342,278,1,1,1,1,1
342,276,1,1,1,1,1
342,274,1,1,1,1,1
342,272,1,1,1,1,1
342,262,1,0,0,0,1
342,260,1,0,0,0,1
342,258,1,0,0,0,1
342,256,1,0,0,0,1
342,86,1,1,1,1,1
342,84,1,1,1,1,1
342,82,1,1,1,1,1
342,80,1,1,1,1,1
342,70,1,0,0,0,1
342,68,1,0,0,0,1
342,66,1,0,0,0,1
342,64,1,0,0,0,1
342,22,1,1,1,1,1
342,20,1,1,1,1,1
342,18,1,1,1,1,1
342,16,1,1,1,1,1
342,6,1,0,0,0,1
342,4,1,0,0,0,1
342,2,1,0,0,0,1
342,0,1,0,0,0,1
343,343,1,1,1,1,1
343,342,1,1,1,1,1
343,341,1,1,1,1,1
343,340,1,1,1,1,1
343,339,1,1,1,1,1
343,338,1,1,1,1,1
343,337,1,1,1,1,1
343,336,1,1,1,1,1
343,327,1,1,1,1,1
343,326,1,1,1,1,1
343,325,1,1,1,1,1
343,324,1,0,0,0,1
343,323,1,1,1,1,1
343,322,1,1,1,1,1
343,321,1,0,0,0,1
343,320,1,0,0,0,1
343,279,1,1,1,1,1
343,278,1,1,1,1,1
343,277,1,1,1,1,1
343,276,1,1,1,1,1
343,275,1,1,1,1,1
343,274,1,1,1,1,1
343,273,1,1,1,1,1
343,272,1,1,1,1,1
343,263,1,0,0,0,1
343,262,1,0,0,0,1
343,261,1,0,0,0,1
343,260,1,0,0,0,1
343,259,1,0,0,0,1
343,258,1,0,0,0,1
343,257,1,0,0,0,1
343,256,1,0,0,0,1
343,87,1,1,1,1,1
343,86,1,1,1,1,1
343,85,1,1,1,1,1
343,84,1,1,1,1,1
343,83,1,1,1,1,1
343,82,1,1,1,1,1
343,81,1,1,1,1,1
343,80,1,1,1,1,1
343,71,1,0,0,0,1
343,70,1,0,0,0,1
343,69,1,0,0,0,1
343,68,1,0,0,0,1
343,67,1,0,0,0,1
343,66,1,0,0,0,1
343,65,1,0,0,0,1
343,64,1,0,0,0,1
343,23,1,1,1,1,1
343,22,1,1,1,1,1
343,21,1,1,1,1,1
343,20,1,1,1,1,1
343,19,1,1,1,1,1
343,18,1,1,1,1,1
343,17,1,1,1,1,1
343,16,1,1,1,1,1
343,7,1,0,0,0,1
343,6,1,0,0,0,1
343,5,1,0,0,0,1
343,4,1,0,0,0,1
343,3,1,0,0,0,1
343,2,1,0,0,0,1
343,1,1,0,0,0,1
343,0,1,0,0,0,1
344,344,1,1,1,1,1
344,336,1,1,1,1,1
344,328,1,0,0,0,1
344,320,1,0,0,0,1
344,280,1,1,1,1,1
344,272,1,1,1,1,1
344,264,1,0,0,0,1
344,256,1,0,0,0,1
344,88,1,1,1,1,1
344,80,1,1,1,1,1
344,72,1,0,0,0,1
344,64,1,0,0,0,1
344,24,1,1,1,1,1
344,16,1,1,1,1,1
344,8,1,0,0,0,1
344,0,1,0,0,0,1
345,345,1,1,1,1,1
345,344,1,1,1,1,1
345,337,1,1,1,1,1
345,336,1,1,1,1,1
345,329,1,0,0,0,1
345,328,1,0,0,0,1
345,321,1,0,0,0,1
345,320,1,0,0,0,1
345,281,1,1,1,1,1
345,280,1,1,1,1,1
345,273,1,1,1,1,1
345,272,1,1,1,1,1
345,265,1,0,0,0,1
345,264,1,0,0,0,1
345,257,1,0,0,0,1
345,256,1,0,0,0,1
345,89,1,1,1,1,1
345,88,1,1,1,1,1
345,81,1,1,1,1,1
345,80,1,1,1,1,1
345,73,1,0,0,0,1
345,72,1,0,0,0,1
345,65,1,0,0,0,1
345,64,1,0,0,0,1
345,25,1,1,1,1,1
345,24,1,1,1,1,1
345,17,1,1,1,1,1
345,16,1,1,1,1,1
345,9,1,0,0,0,1
345,8,1,0,0,0,1
345,1,1,0,0,0,1
345,0,1,0,0,0,1
346,346,1,1,1,1,1
346,344,1,1,1,1,1
346,338,1,1,1,1,1
346,336,1,1,1,1,1
346,330,1,1,1,1,1
346,328,1,0,0,0,1
346,322,1,1,1,1,1
346,320,1,0,0,0,1
346,282,1,1,1,1,1
346,280,1,1,1,1,1
346,274,1,1,1,1,1
346,272,1,1,1,1,1
346,266,1,1,1,1,1
346,264,1,0,0,0,1
346,258,1,0,0,0,1
346,256,1,0,0,0,1
346,90,1,1,1,1,1
346,88,1,1,1,1,1
346,82,1,1,1,1,1
346,80,1,1,1,1,1
346,74,1,0,0,0,1
346,72,1,0,0,0,1
346,66,1,0,0,0,1
346,64,1,0,0,0,1
346,26,1,1,1,1,1
346,24,1,1,1,1,1
346,18,1,1,1,1,1
346,16,1,1,1,1,1
346,10,1,0,0,0,1
346,8,1,0,0,0,1
346,2,1,0,0,0,1
346,0,1,0,0,0,1
347,347,1,1,1,1,1
347,346,1,1,1,1,1
347,345,1,1,1,1,1
347,344,1,1,1,1,1
347,339,1,1,1,1,1
347,338,1,1,1,1,1
347,337,1,1,1,1,1
347,336,1,1,1,1,1
347,331,1,1,1,1,1
347,330,1,1,1,1,1
347,329,1,0,0,0,1
347,328,1,0,0,0,1
347,323,1,1,1,1,1
347,322,1,1,1,1,1
347,321,1,0,0,0,1
347,320,1,0,0,0,1
347,283,1,1,1,1,1
347,282,1,1,1,1,1
347,281,1,1,1,1,1
347,280,1,1,1,1,1
347,275,1,1,1,1,1
347,274,1,1,1,1,1
347,273,1,1,1,1,1
347,272,1,1,1,1,1
347,267,1,1,1,1,1
347,266,1,1,1,1,1
347,265,1,0,0,0,1
347,264,1,0,0,0,1
347,259,1,0,0,0,1
347,258,1,0,0,0,1
347,257,1,0,0,0,1
347,256,1,0,0,0,1
347,91,1,1,1,1,1
347,90,1,1,1,1,1
347,89,1,1,1,1,1
347,88,1,1,1,1,1
347,83,1,1,1,1,1
347,82,1,1,1,1,1
347,81,1,1,1,1,1
347,80,1,1,1,1,1
347,75,1,0,0,0,1
347,74,1,0,0,0,1
347,73,1,0,0,0,1
347,72,1,0,0,0,1
347,67,1,0,0,0,1
347,66,1,0,0,0,1
347,65,1,0,0,0,1
347,64,1,0,0,0,1
347,27,1,1,1,1,1
347,26,1,1,1,1,1
347,25,1,1,1,1,1
347,24,1,1,1,1,1
347,19,1,1,1,1,1
347,18,1,1,1,1,1
347,17,1,1,1,1,1
347,16,1,1,1,1,1
347,11,1,0,0,0,1
347,10,1,0,0,0,1
347,9,1,0,0,0,1
347,8,1,0,0,0,1
347,3,1,0,0,0,1
347,2,1,0,0,0,1
347,1,1,0,0,0,1
347,0,1,0,0,0,1
348,348,1,1,1,1,1
348,344,1,1,1,1,1
348,340,1,1,1,1,1
348,336,1,1,1,1,1
348,332,1,1,1,1,1
348,328,1,0,0,0,1
348,324,1,0,0,0,1
348,320,1,0,0,0,1
348,284,1,1,1,1,1
348,280,1,1,1,1,1
348,276,1,1,1,1,1
348,272,1,1,1,1,1
348,268,1,1,1,1,1
348,264,1,0,0,0,1
348,260,1,0,0,0,1
348,256,1,0,0,0,1
348,92,1,1,1,1,1
348,88,1,1,1,1,1
348,84,1,1,1,1,1
348,80,1,1,1,1,1
348,76,1,0,0,0,1
348,72,1,0,0,0,1
348,68,1,0,0,0,1
348,64,1,0,0,0,1
348,28,1,1,1,1,1
348,24,1,1,1,1,1
348,20,1,1,1,1,1
348,16,1,1,1,1,1
348,12,1,0,0,0,1
348,8,1,0,0,0,1
348,4,1,0,0,0,1
348,0,1,0,0,0,1
349,349,1,1,1,1,1
349,348,1,1,1,1,1
349,345,1,1,1,1,1
349,344,1,1,1,1,1
349,341,1,1,1,1,1
349,340,1,1,1,1,1
349,337,1,1,1,1,1
349,336,1,1,1,1,1
349,333,1,1,1,1,1
349,332,1,1,1,1,1
349,329,1,0,0,0,1
349,328,1,0,0,0,1
349,325,1,1,1,1,1
349,324,1,0,0,0,1
349,321,1,0,0,0,1
349,320,1,0,0,0,1
349,285,1,1,1,1,1
349,284,1,1,1,1,1
349,281,1,1,1,1,1
349,280,1,1,1,1,1
349,277,1,1,1,1,1
349,276,1,1,1,1,1
349,273,1,1,1,1,1
349,272,1,1,1,1,1
349,269,1,1,1,1,1
349,268,1,1,1,1,1
349,265,1,0,0,0,1
349,264,1,0,0,0,1
349,261,1,0,0,0,1
349,260,1,0,0,0,1
349,257,1,0,0,0,1
349,256,1,0,0,0,1
349,93,1,1,1,1,1
349,92,1,1,1,1,1
349,89,1,1,1,1,1
349,88,1,1,1,1,1
349,85,1,1,1,1,1
349,84,1,1,1,1,1
349,81,1,1,1,1,1
349,80,1,1,1,1,1
349,77,1,0,0,0,1
349,76,1,0,0,0,1
349,73,1,0,0,0,1
349,72,1,0,0,0,1
349,69,1,0,0,0,1
349,68,1,0,0,0,1
349,65,1,0,0,0,1
349,64,1,0,0,0,1
349,29,1,1,1,1,1
349,28,1,1,1,1,1
349,25,1,1,1,1,1
349,24,1,1,1,1,1
349,21,1,1,1,1,1
349,20,1,1,1,1,1
349,17,1,1,1,1,1
349,16,1,1,1,1,1
349,13,1,0,0,0,1
349,12,1,0,0,0,1
349,9,1,0,0,0,1
349,8,1,0,0,0,1
349,5,1,0,0,0,1
349,4,1,0,0,0,1
349,1,1,0,0,0,1
349,0,1,0,0,0,1
350,350,1,1,1,1,1
350,348,1,1,1,1,1
350,346,1,1,1,1,1
350,344,1,1,1,1,1
350,342,1,1,1,1,1
350,340,1,1,1,1,1
350,338,1,1,1,1,1
350,336,1,1,1,1,1
350,334,1,1,1,1,1
350,332,1,1,1,1,1
350,330,1,1,1,1,1
350,328,1,0,0,0,1
350,326,1,1,1,1,1
350,324,1,0,0,0,1
350,322,1,1,1,1,1
350,320,1,0,0,0,1
350,286,1,1,1,1,1
350,284,1,1,1,1,1
350,282,1,1,1,1,1
350,280,1,1,1,1,1
350,278,1,1,1,1,1
350,276,1,1,1,1,1
350,274,1,1,1,1,1
350,272,1,1,1,1,1
350,270,1,1,1,1,1
350,268,1,1,1,1,1
350,266,1,1,1,1,1
350,264,1,0,0,0,1
350,262,1,0,0,0,1
350,260,1,0,0,0,1
350,258,1,0,0,0,1
350,256,1,0,0,0,1
350,94,1,1,1,1,1
350,92,1,1,1,1,1
350,90,1,1,1,1,1
350,88,1,1,1,1,1
350,86,1,1,1,1,1
350,84,1,1,1,1,1
350,82,1,1,1,1,1
350,80,1,1,1,1,1
350,78,1,0,0,0,1
350,76,1,0,0,0,1
350,74,1,0,0,0,1
350,72,1,0,0,0,1
350,70,1,0,0,0,1
350,68,1,0,0,0,1
350,66,1,0,0,0,1
350,64,1,0,0,0,1
350,30,1,1,1,1,1
350,28,1,1,1,1,1
350,26,1,1,1,1,1
350,24,1,1,1,1,1
350,22,1,1,1,1,1
350,20,1,1,1,1,1
350,18,1,1,1,1,1
350,16,1,1,1,1,1
350,14,1,0,0,0,1
350,12,1,0,0,0,1
350,10,1,0,0,0,1
350,8,1,0,0,0,1
350,6,1,0,0,0,1
350,4,1,0,0,0,1
350,2,1,0,0,0,1
350,0,1,0,0,0,1
351,351,1,1,1,1,1
351,350,1,1,1,1,1
351,349,1,1,1,1,1
351,348,1,1,1,1,1
351,347,1,1,1,1,1
351,346,1,1,1,1,1
351,345,1,1,1,1,1
351,344,1,1,1,1,1
351,343,1,1,1,1,1
351,342,1,1,1,1,1
351,341,1,1,1,1,1
351,340,1,1,1,1,1
351,339,1,1,1,1,1
351,338,1,1,1,1,1
351,337,1,1,1,1,1
351,336,1,1,1,1,1
351,335,1,1,1,1,1
351,334,1,1,1,1,1
351,333,1,1,1,1,1
351,332,1,1,1,1,1
351,331,1,1,1,1,1
351,330,1,1,1,1,1
351,329,1,0,0,0,1
351,328,1,0,0,0,1
351,327,1,1,1,1,1
351,326,1,1,1,1,1
351,325,1,1,1,1,1
351,324,1,0,0,0,1
351,323,1,1,1,1,1
351,322,1,1,1,1,1
351,321,1,0,0,0,1
351,320,1,0,0,0,1
351,287,1,1,1,1,1
351,286,1,1,1,1,1
351,285,1,1,1,1,1
351,284,1,1,1,1,1
351,283,1,1,1,1,1
351,282,1,1,1,1,1
351,281,1,1,1,1,1
351,280,1,1,1,1,1
351,279,1,1,1,1,1
351,278,1,1,1,1,1
351,277,1,1,1,1,1
351,276,1,1,1,1,1
351,275,1,1,1,1,1
351,274,1,1,1,1,1
351,273,1,1,1,1,1
351,272,1,1,1,1,1
351,271,1,1,1,1,1
351,270,1,1,1,1,1
351,269,1,1,1,1,1
351,268,1,1,1,1,1
351,267,1,1,1,1,1
351,266,1,1,1,1,1
351,265,1,0,0,0,1
351,264,1,0,0,0,1
351,263,1,0,0,0,1
351,262,1,0,0,0,1
351,261,1,0,0,0,1
351,260,1,0,0,0,1
351,259,1,0,0,0,1
351,258,1,0,0,0,1
351,257,1,0,0,0,1
351,256,1,0,0,0,1
351,95,1,1,1,1,1
351,94,1,1,1,1,1
351,93,1,1,1,1,1
351,92,1,1,1,1,1
351,91,1,1,1,1,1
351,90,1,1,1,1,1
351,89,1,1,1,1,1
351,88,1,1,1,1,1
351,87,1,1,1,1,1
351,86,1,1,1,1,1
351,85,1,1,1,1,1
351,84,1,1,1,1,1
351,83,1,1,1,1,1
351,82,1,1,1,1,1
351,81,1,1,1,1,1
351,80,1,1,1,1,1
351,79,1,0,0,0,1
351,78,1,0,0,0,1
351,77,1,0,0,0,1
351,76,1,0,0,0,1
351,75,1,0,0,0,1
351,74,1,0,0,0,1
351,73,1,0,0,0,1
351,72,1,0,0,0,1
351,71,1,0,0,0,1
351,70,1,0,0,0,1
351,69,1,0,0,0,1
351,68,1,0,0,0,1
351,67,1,0,0,0,1
351,66,1,0,0,0,1
351,65,1,0,0,0,1
351,64,1,0,0,0,1
351,31,1,1,1,1,1
351,30,1,1,1,1,1
351,29,1,1,1,1,1
351,28,1,1,1,1,1
351,27,1,1,1,1,1
351,26,1,1,1,1,1
351,25,1,1,1,1,1
351,24,1,1,1,1,1
351,23,1,1,1,1,1
351,22,1,1,1,1,1
351,21,1,1,1,1,1
351,20,1,1,1,1,1
351,19,1,1,1,1,1
351,18,1,1,1,1,1
351,17,1,1,1,1,1
351,16,1,1,1,1,1
351,15,1,0,0,0,1
351,14,1,0,0,0,1
351,13,1,0,0,0,1
351,12,1,0,0,0,1
351,11,1,0,0,0,1
351,10,1,0,0,0,1
351,9,1,0,0,0,1
351,8,1,0,0,0,1
351,7,1,0,0,0,1
351,6,1,0,0,0,1
351,5,1,0,0,0,1
351,4,1,0,0,0,1
351,3,1,0,0,0,1
351,2,1,0,0,0,1
351,1,1,0,0,0,1
351,0,1,0,0,0,1
352,352,0,0,0,0,1
352,320,0,0,0,0,1
352,288,0,0,0,0,1
352,256,0,0,0,0,1
352,96,0,0,0,0,1
352,64,0,0,0,0,1
352,32,0,0,0,0,1
352,0,0,0,0,0,1
353,353,1,1,1,1,1
353,352,1,0,0,0,1
353,321,1,0,0,0,1
353,320,1,0,0,0,1
353,289,1,0,0,0,1
353,288,1,0,0,0,1
353,257,1,0,0,0,1
353,256,1,0,0,0,1
353,97,1,1,1,1,1
353,96,1,0,0,0,1
353,65,1,0,0,0,1
353,64,1,0,0,0,1
353,33,1,0,0,0,1
353,32,1,0,0,0,1
353,1,1,0,0,0,1
353,0,1,0,0,0,1
354,354,1,1,1,1,1
354,352,1,0,0,0,1
354,322,1,1,1,1,1
354,320,1,0,0,0,1
354,290,1,0,0,0,1
354,288,1,0,0,0,1
354,258,1,0,0,0,1
354,256,1,0,0,0,1
354,98,1,1,1,1,1
354,96,1,0,0,0,1
354,66,1,0,0,0,1
354,64,1,0,0,0,1
354,34,1,0,0,0,1
354,32,1,0,0,0,1
354,2,1,0,0,0,1
354,0,1,0,0,0,1
355,355,1,1,1,1,1
355,354,1,1,1,1,1
355,353,1,1,1,1,1
355,352,1,0,0,0,1
355,323,1,1,1,1,1
355,322,1,1,1,1,1
355,321,1,0,0,0,1
355,320,1,0,0,0,1
355,291,1,0,0,0,1
355,290,1,0,0,0,1
355,289,1,0,0,0,1
355,288,1,0,0,0,1
355,259,1,0,0,0,1
355,258,1,0,0,0,1
355,257,1,0,0,0,1
355,256,1,0,0,0,1
355,99,1,1,1,1,1
355,98,1,1,1,1,1
355,97,1,1,1,1,1
355,96,1,0,0,0,1
355,67,1,0,0,0,1
355,66,1,0,0,0,1
355,65,1,0,0,0,1
355,64,1,0,0,0,1
355,35,1,0,0,0,1
355,34,1,0,0,0,1
355,33,1,0,0,0,1
355,32,1,0,0,0,1
355,3,1,0,0,0,1
355,2,1,0,0,0,1
355,1,1,0,0,0,1
355,0,1,0,0,0,1
356,356,0,0,0,0,1
356,352,0,0,0,0,1
356,324,0,0,0,0,1
356,320,0,0,0,0,1
356,292,0,0,0,0,1
356,288,0,0,0,0,1
356,260,0,0,0,0,1
356,256,0,0,0,0,1
356,100,0,0,0,0,1
356,96,0,0,0,0,1
356,68,0,0,0,0,1
356,64,0,0,0,0,1
356,36,0,0,0,0,1
356,32,0,0,0,0,1
356,4,0,0,0,0,1
356,0,0,0,0,0,1
357,357,1,1,1,1,1
357,356,1,0,0,0,1
357,353,1,1,1,1,1
357,352,1,0,0,0,1
357,325,1,1,1,1,1
357,324,1,0,0,0,1
357,321,1,0,0,0,1
357,320,1,0,0,0,1
357,293,1,0,0,0,1
357,292,1,0,0,0,1
357,289,1,0,0,0,1
357,288,1,0,0,0,1
357,261,1,0,0,0,1
357,260,1,0,0,0,1
357,257,1,0,0,0,1
357,256,1,0,0,0,1
357,101,1,1,1,1,1
357,100,1,0,0,0,1
357,97,1,1,1,1,1
357,96,1,0,0,0,1
357,69,1,0,0,0,1
357,68,1,0,0,0,1
357,65,1,0,0,0,1
357,64,1,0,0,0,1
357,37,1,0,0,0,1
357,36,1,0,0,0,1
357,33,1,0,0,0,1
357,32,1,0,0,0,1
357,5,1,0,0,0,1
357,4,1,0,0,0,1
357,1,1,0,0,0,1
357,0,1,0,0,0,1
358,358,1,1,1,1,1
358,356,1,0,0,0,1
358,354,1,1,1,1,1
358,352,1,0,0,0,1
358,326,1,1,1,1,1
358,324,1,0,0,0,1
358,322,1,1,1,1,1
358,320,1,0,0,0,1
358,294,1,0,0,0,1
358,292,1,0,0,0,1
358,290,1,0,0,0,1
358,288,1,0,0,0,1
358,262,1,0,0,0,1
358,260,1,0,0,0,1
358,258,1,0,0,0,1
358,256,1,0,0,0,1
358,102,1,1,1,1,1
358,100,1,0,0,0,1
358,98,1,1,1,1,1
358,96,1,0,0,0,1
358,70,1,0,0,0,1
358,68,1,0,0,0,1
358,66,1,0,0,0,1
358,64,1,0,0,0,1
358,38,1,0,0,0,1
358,36,1,0,0,0,1
358,34,1,0,0,0,1
358,32,1,0,0,0,1
358,6,1,0,0,0,1
358,4,1,0,0,0,1
358,2,1,0,0,0,1
358,0,1,0,0,0,1
359,359,1,1,1,1,1
359,358,1,1,1,1,1
359,357,1,1,1,1,1
359,356,1,0,0,0,1
359,355,1,1,1,1,1
359,354,1,1,1,1,1
359,353,1,1,1,1,1
359,352,1,0,0,0,1
359,327,1,1,1,1,1
359,326,1,1,1,1,1
359,325,1,1,1,1,1
359,324,1,0,0,0,1
359,323,1,1,1,1,1
359,322,1,1,1,1,1
359,321,1,0,0,0,1
359,320,1,0,0,0,1
359,295,1,0,0,0,1
359,294,1,0,0,0,1
359,293,1,0,0,0,1
359,292,1,0,0,0,1
359,291,1,0,0,0,1
359,290,1,0,0,0,1
359,289,1,0,0,0,1
359,288,1,0,0,0,1
359,263,1,0,0,0,1
359,262,1,0,0,0,1
359,261,1,0,0,0,1
359,260,1,0,0,0,1
359,259,1,0,0,0,1
359,258,1,0,0,0,1
359,257,1,0,0,0,1
359,256,1,0,0,0,1
359,103,1,1,1,1,1
359,102,1,1,1,1,1
359,101,1,1,1,1,1
359,100,1,0,0,0,1
359,99,1,1,1,1,1
359,98,1,1,1,1,1
359,97,1,1,1,1,1
359,96,1,0,0,0,1
359,71,1,0,0,0,1
359,70,1,0,0,0,1
359,69,1,0,0,0,1
359,68,1,0,0,0,1
359,67,1,0,0,0,1
359,66,1,0,0,0,1
359,65,1,0,0,0,1
359,64,1,0,0,0,1
359,39,1,0,0,0,1
359,38,1,0,0,0,1
359,37,1,0,0,0,1
359,36,1,0,0,0,1
359,35,1,0,0,0,1
359,34,1,0,0,0,1
359,33,1,0,0,0,1
359,32,1,0,0,0,1
359,7,1,0,0,0,1
359,6,1,0,0,0,1
359,5,1,0,0,0,1
359,4,1,0,0,0,1
359,3,1,0,0,0,1
359,2,1,0,0,0,1
359,1,1,0,0,0,1
359,0,1,0,0,0,1
360,360,1,1,1,1,1
360,352,1,0,0,0,1
360,328,1,0,0,0,1
360,320,1,0,0,0,1
360,296,1,1,1,1,1
360,288,1,0,0,0,1
360,264,1,0,0,0,1
360,256,1,0,0,0,1
360,104,1,1,1,1,1
360,96,1,0,0,0,1
360,72,1,0,0,0,1
360,64,1,0,0,0,1
360,40,1,1,1,1,1
360,32,1,0,0,0,1
360,8,1,0,0,0,1
360,0,1,0,0,0,1
361,361,1,1,1,1,1
361,360,1,1,1,1,1
361,353,1,1,1,1,1
361,352,1,0,0,0,1
361,329,1,0,0,0,1
361,328,1,0,0,0,1
361,321,1,0,0,0,1
361,320,1,0,0,0,1
361,297,1,1,1,1,1
361,296,1,1,1,1,1
361,289,1,0,0,0,1
361,288,1,0,0,0,1
361,265,1,0,0,0,1
361,264,1,0,0,0,1
361,257,1,0,0,0,1
361,256,1,0,0,0,1
361,105,1,1,1,1,1
361,104,1,1,1,1,1
361,97,1,1,1,1,1
361,96,1,0,0,0,1
361,73,1,0,0,0,1
361,72,1,0,0,0,1
361,65,1,0,0,0,1
361,64,1,0,0,0,1
361,41,1,1,1,1,1
361,40,1,1,1,1,1
361,33,1,0,0,0,1
361,32,1,0,0,0,1
361,9,1,0,0,0,1
361,8,1,0,0,0,1
361,1,1,0,0,0,1
361,0,1,0,0,0,1
362,362,1,1,1,1,1
362,360,1,1,1,1,1
362,354,1,1,1,1,1
362,352,1,0,0,0,1
362,330,1,1,1,1,1
362,328,1,0,0,0,1
362,322,1,1,1,1,1
362,320,1,0,0,0,1
362,298,1,1,1,1,1
362,296,1,1,1,1,1
362,290,1,0,0,0,1
362,288,1,0,0,0,1
362,266,1,1,1,1,1
362,264,1,0,0,0,1
362,258,1,0,0,0,1
362,256,1,0,0,0,1
362,106,1,1,1,1,1
362,104,1,1,1,1,1
362,98,1,1,1,1,1
362,96,1,0,0,0,1
362,74,1,0,0,0,1
362,72,1,0,0,0,1
362,66,1,0,0,0,1
362,64,1,0,0,0,1
362,42,1,1,1,1,1
362,40,1,1,1,1,1
362,34,1,0,0,0,1
362,32,1,0,0,0,1
362,10,1,0,0,0,1
362,8,1,0,0,0,1
362,2,1,0,0,0,1
362,0,1,0,0,0,1
363,363,1,1,1,1,1
363,362,1,1,1,1,1
363,361,1,1,1,1,1
363,360,1,1,1,1,1
363,355,1,1,1,1,1
363,354,1,1,1,1,1
363,353,1,1,1,1,1
363,352,1,0,0,0,1
363,331,1,1,1,1,1
363,330,1,1,1,1,1
363,329,1,0,0,0,1
363,328,1,0,0,0,1
363,323,1,1,1,1,1
363,322,1,1,1,1,1
363,321,1,0,0,0,1
363,320,1,0,0,0,1
363,299,1,1,1,1,1
363,298,1,1,1,1,1
363,297,1,1,1,1,1
363,296,1,1,1,1,1
363,291,1,0,0,0,1
363,290,1,0,0,0,1
363,289,1,0,0,0,1
363,288,1,0,0,0,1
363,267,1,1,1,1,1
363,266,1,1,1,1,1
363,265,1,0,0,0,1
363,264,1,0,0,0,1
363,259,1,0,0,0,1
363,258,1,0,0,0,1
363,257,1,0,0,0,1
363,256,1,0,0,0,1
363,107,1,1,1,1,1
363,106,1,1,1,1,1
363,105,1,1,1,1,1
363,104,1,1,1,1,1
363,99,1,1,1,1,1
363,98,1,1,1,1,1
363,97,1,1,1,1,1
363,96,1,0,0,0,1
363,75,1,0,0,0,1
363,74,1,0,0,0,1
363,73,1,0,0,0,1
363,72,1,0,0,0,1
363,67,1,0,0,0,1
363,66,1,0,0,0,1
363,65,1,0,0,0,1
363,64,1,0,0,0,1
363,43,1,1,1,1,1
363,42,1,1,1,1,1
363,41,1,1,1,1,1
363,40,1,1,1,1,1
363,35,1,0,0,0,1
363,34,1,0,0,0,1
363,33,1,0,0,0,1
363,32,1,0,0,0,1
363,11,1,0,0,0,1
363,10,1,0,0,0,1
363,9,1,0,0,0,1
363,8,1,0,0,0,1
363,3,1,0,0,0,1
363,2,1,0,0,0,1
363,1,1,0,0,0,1
363,0,1,0,0,0,1
364,364,1,1,1,1,1
364,360,1,1,1,1,1
364,356,1,0,0,0,1
364,352,1,0,0,0,1
364,332,1,1,1,1,1
364,328,1,0,0,0,1
364,324,1,0,0,0,1
364,320,1,0,0,0,1
364,300,1,1,1,1,1
364,296,1,1,1,1,1
364,292,1,0,0,0,1
364,288,1,0,0,0,1
364,268,1,1,1,1,1
364,264,1,0,0,0,1
364,260,1,0,0,0,1
364,256,1,0,0,0,1
364,108,1,1,1,1,1
364,104,1,1,1,1,1
364,100,1,0,0,0,1
364,96,1,0,0,0,1
364,76,1,0,0,0,1
364,72,1,0,0,0,1
364,68,1,0,0,0,1
364,64,1,0,0,0,1
364,44,1,1,1,1,1
364,40,1,1,1,1,1
364,36,1,0,0,0,1
364,32,1,0,0,0,1
364,12,1,0,0,0,1
364,8,1,0,0,0,1
364,4,1,0,0,0,1
364,0,1,0,0,0,1
365,365,1,1,1,1,1
365,364,1,1,1,1,1
365,361,1,1,1,1,1
365,360,1,1,1,1,1
365,357,1,1,1,1,1
365,356,1,0,0,0,1
365,353,1,1,1,1,1
365,352,1,0,0,0,1
365,333,1,1,1,1,1
365,332,1,1,1,1,1
365,329,1,0,0,0,1
365,328,1,0,0,0,1
365,325,1,1,1,1,1
365,324,1,0,0,0,1
365,321,1,0,0,0,1
365,320,1,0,0,0,1
365,301,1,1,1,1,1
365,300,1,1,1,1,1
365,297,1,1,1,1,1
365,296,1,1,1,1,1
365,293,1,0,0,0,1
365,292,1,0,0,0,1
365,289,1,0,0,0,1
365,288,1,0,0,0,1
365,269,1,1,1,1,1
365,268,1,1,1,1,1
365,265,1,0,0,0,1
365,264,1,0,0,0,1
365,261,1,0,0,0,1
365,260,1,0,0,0,1
365,257,1,0,0,0,1
365,256,1,0,0,0,1
365,109,1,1,1,1,1
365,108,1,1,1,1,1
365,105,1,1,1,1,1
365,104,1,1,1,1,1
365,101,1,1,1,1,1
365,100,1,0,0,0,1
365,97,1,1,1,1,1
365,96,1,0,0,0,1
365,77,1,0,0,0,1
365,76,1,0,0,0,1
365,73,1,0,0,0,1
365,72,1,0,0,0,1
365,69,1,0,0,0,1
365,68,1,0,0,0,1
365,65,1,0,0,0,1
365,64,1,0,0,0,1
365,45,1,1,1,1,1
365,44,1,1,1,1,1
365,41,1,1,1,1,1
365,40,1,1,1,1,1
365,37,1,0,0,0,1
365,36,1,0,0,0,1
365,33,1,0,0,0,1
365,32,1,0,0,0,1
365,13,1,0,0,0,1
365,12,1,0,0,0,1
365,9,1,0,0,0,1
365,8,1,0,0,0,1
365,5,1,0,0,0,1
365,4,1,0,0,0,1
365,1,1,0,0,0,1
365,0,1,0,0,0,1
366,366,1,1,1,1,1
366,364,1,1,1,1,1
366,362,1,1,1,1,1
366,360,1,1,1,1,1
366,358,1,1,1,1,1
366,356,1,0,0,0,1
366,354,1,1,1,1,1
366,352,1,0,0,0,1
366,334,1,1,1,1,1
366,332,1,1,1,1,1
366,330,1,1,1,1,1
366,328,1,0,0,0,1
366,326,1,1,1,1,1
366,324,1,0,0,0,1
366,322,1,1,1,1,1
366,320,1,0,0,0,1
366,302,1,1,1,1,1
366,300,1,1,1,1,1
366,298,1,1,1,1,1
366,296,1,1,1,1,1
366,294,1,0,0,0,1
366,292,1,0,0,0,1
366,290,1,0,0,0,1
366,288,1,0,0,0,1
366,270,1,1,1,1,1
366,268,1,1,1,1,1
366,266,1,1,1,1,1
366,264,1,0,0,0,1
366,262,1,0,0,0,1
366,260,1,0,0,0,1
366,258,1,0,0,0,1
366,256,1,0,0,0,1
366,110,1,1,1,1,1
366,108,1,1,1,1,1
366,106,1,1,1,1,1
366,104,1,1,1,1,1
366,102,1,1,1,1,1
366,100,1,0,0,0,1
366,98,1,1,1,1,1
366,96,1,0,0,0,1
366,78,1,0,0,0,1
366,76,1,0,0,0,1
366,74,1,0,0,0,1
366,72,1,0,0,0,1
366,70,1,0,0,0,1
366,68,1,0,0,0,1
366,66,1,0,0,0,1
366,64,1,0,0,0,1
366,46,1,1,1,1,1
366,44,1,1,1,1,1
366,42,1,1,1,1,1
366,40,1,1,1,1,1
366,38,1,0,0,0,1
366,36,1,0,0,0,1
366,34,1,0,0,0,1
366,32,1,0,0,0,1
366,14,1,0,0,0,1
366,12,1,0,0,0,1
366,10,1,0,0,0,1
366,8,1,0,0,0,1
366,6,1,0,0,0,1
366,4,1,0,0,0,1
366,2,1,0,0,0,1
366,0,1,0,0,0,1
367,367,1,1,1,1,1
367,366,1,1,1,1,1
367,365,1,1,1,1,1
367,364,1,1,1,1,1
367,363,1,1,1,1,1
367,362,1,1,1,1,1
367,361,1,1,1,1,1
367,360,1,1,1,1,1
367,359,1,1,1,1,1
367,358,1,1,1,1,1
367,357,1,1,1,1,1
367,356,1,0,0,0,1
367,355,1,1,1,1,1
367,354,1,1,1,1,1
367,353,1,1,1,1,1
367,352,1,0,0,0,1
367,335,1,1,1,1,1
367,334,1,1,1,1,1
367,333,1,1,1,1,1
367,332,1,1,1,1,1
367,331,1,1,1,1,1
367,330,1,1,1,1,1
367,329,1,0,0,0,1
367,328,1,0,0,0,1
367,327,1,1,1,1,1
367,326,1,1,1,1,1
367,325,1,1,1,1,1
367,324,1,0,0,0,1
367,323,1,1,1,1,1
367,322,1,1,1,1,1
367,321,1,0,0,0,1
367,320,1,0,0,0,1
367,303,1,1,1,1,1
367,302,1,1,1,1,1
367,301,1,1,1,1,1
367,300,1,1,1,1,1
367,299,1,1,1,1,1
367,298,1,1,1,1,1
367,297,1,1,1,1,1
367,296,1,1,1,1,1
367,295,1,0,0,0,1
367,294,1,0,0,0,1
367,293,1,0,0,0,1
367,292,1,0,0,0,1
367,291,1,0,0,0,1
367,290,1,0,0,0,1
367,289,1,0,0,0,1
367,288,1,0,0,0,1
367,271,1,1,1,1,1
367,270,1,1,1,1,1
367,269,1,1,1,1,1
367,268,1,1,1,1,1
367,267,1,1,1,1,1
367,266,1,1,1,1,1
367,265,1,0,0,0,1
367,264,1,0,0,0,1
367,263,1,0,0,0,1
367,262,1,0,0,0,1
367,261,1,0,0,0,1
367,260,1,0,0,0,1
367,259,1,0,0,0,1
367,258,1,0,0,0,1
367,257,1,0,0,0,1
367,256,1,0,0,0,1
367,111,1,1,1,1,1
367,110,1,1,1,1,1
367,109,1,1,1,1,1
367,108,1,1,1,1,1
367,107,1,1,1,1,1
367,106,1,1,1,1,1
367,105,1,1,1,1,1
367,104,1,1,1,1,1
367,103,1,1,1,1,1
367,102,1,1,1,1,1
367,101,1,1,1,1,1
367,100,1,0,0,0,1
367,99,1,1,1,1,1
367,98,1,1,1,1,1
367,97,1,1,1,1,1
367,96,1,0,0,0,1
367,79,1,0,0,0,1
367,78,1,0,0,0,1
367,77,1,0,0,0,1
367,76,1,0,0,0,1
367,75,1,0,0,0,1
367,74,1,0,0,0,1
367,73,1,0,0,0,1
367,72,1,0,0,0,1
367,71,1,0,0,0,1
367,70,1,0,0,0,1
367,69,1,0,0,0,1
367,68,1,0,0,0,1
367,67,1,0,0,0,1
367,66,1,0,0,0,1
367,65,1,0,0,0,1
367,64,1,0,0,0,1
367,47,1,1,1,1,1
367,46,1,1,1,1,1
367,45,1,1,1,1,1
367,44,1,1,1,1,1
367,43,1,1,1,1,1
367,42,1,1,1,1,1
367,41,1,1,1,1,1
367,40,1,1,1,1,1
367,39,1,0,0,0,1
367,38,1,0,0,0,1
367,37,1,0,0,0,1
367,36,1,0,0,0,1
367,35,1,0,0,0,1
367,34,1,0,0,0,1
367,33,1,0,0,0,1
367,32,1,0,0,0,1
367,15,1,0,0,0,1
367,14,1,0,0,0,1
367,13,1,0,0,0,1
367,12,1,0,0,0,1
367,11,1,0,0,0,1
367,10,1,0,0,0,1
367,9,1,0,0,0,1
367,8,1,0,0,0,1
367,7,1,0,0,0,1
367,6,1,0,0,0,1
367,5,1,0,0,0,1
367,4,1,0,0,0,1
367,3,1,0,0,0,1
367,2,1,0,0,0,1
367,1,1,0,0,0,1
367,0,1,0,0,0,1
368,368,1,1,1,1,1
368,352,1,0,0,0,1
368,336,1,1,1,1,1
368,320,1,0,0,0,1
368,304,1,1,1,1,1
368,288,1,0,0,0,1
368,272,1,1,1,1,1
368,256,1,0,0,0,1
368,112,1,1,1,1,1
368,96,1,0,0,0,1
368,80,1,1,1,1,1
368,64,1,0,0,0,1
368,48,1,1,1,1,1
368,32,1,0,0,0,1
368,16,1,1,1,1,1
368,0,1,0,0,0,1
369,369,1,1,1,1,1
369,368,1,1,1,1,1
369,353,1,1,1,1,1
369,352,1,0,0,0,1
369,337,1,1,1,1,1
369,336,1,1,1,1,1
369,321,1,0,0,0,1
369,320,1,0,0,0,1
369,305,1,1,1,1,1
369,304,1,1,1,1,1
369,289,1,0,0,0,1
369,288,1,0,0,0,1
369,273,1,1,1,1,1
369,272,1,1,1,1,1
369,257,1,0,0,0,1
369,256,1,0,0,0,1
369,113,1,1,1,1,1
369,112,1,1,1,1,1
369,97,1,1,1,1,1
369,96,1,0,0,0,1
369,81,1,1,1,1,1
369,80,1,1,1,1,1
369,65,1,0,0,0,1
369,64,1,0,0,0,1
369,49,1,1,1,1,1
369,48,1,1,1,1,1
369,33,1,0,0,0,1
369,32,1,0,0,0,1
369,17,1,1,1,1,1
369,16,1,1,1,1,1
369,1,1,0,0,0,1
369,0,1,0,0,0,1
370,370,1,1,1,1,1
370,368,1,1,1,1,1
370,354,1,1,1,1,1
370,352,1,0,0,0,1
370,338,1,1,1,1,1
370,336,1,1,1,1,1
370,322,1,1,1,1,1
370,320,1,0,0,0,1
370,306,1,1,1,1,1
370,304,1,1,1,1,1
370,290,1,0,0,0,1
370,288,1,0,0,0,1
370,274,1,1,1,1,1
370,272,1,1,1,1,1
370,258,1,0,0,0,1
370,256,1,0,0,0,1
370,114,1,1,1,1,1
370,112,1,1,1,1,1
370,98,1,1,1,1,1
370,96,1,0,0,0,1
370,82,1,1,1,1,1
370,80,1,1,1,1,1
370,66,1,0,0,0,1
370,64,1,0,0,0,1
370,50,1,1,1,1,1
370,48,1,1,1,1,1
370,34,1,0,0,0,1
370,32,1,0,0,0,1
370,18,1,1,1,1,1
370,16,1,1,1,1,1
370,2,1,0,0,0,1
370,0,1,0,0,0,1
371,371,1,1,1,1,1
371,370,1,1,1,1,1
371,369,1,1,1,1,1
371,368,1,1,1,1,1
371,355,1,1,1,1,1
371,354,1,1,1,1,1
371,353,1,1,1,1,1
371,352,1,0,0,0,1
371,339,1,1,1,1,1
371,338,1,1,1,1,1
371,337,1,1,1,1,1
371,336,1,1,1,1,1
371,323,1,1,1,1,1
371,322,1,1,1,1,1
371,321,1,0,0,0,1
371,320,1,0,0,0,1
371,307,1,1,1,1,1
371,306,1,1,1,1,1
371,305,1,1,1,1,1
371,304,1,1,1,1,1
371,291,1,0,0,0,1
371,290,1,0,0,0,1
371,289,1,0,0,0,1
371,288,1,0,0,0,1
371,275,1,1,1,1,1
371,274,1,1,1,1,1
371,273,1,1,1,1,1
371,272,1,1,1,1,1
371,259,1,0,0,0,1
371,258,1,0,0,0,1
371,257,1,0,0,0,1
371,256,1,0,0,0,1
371,115,1,1,1,1,1
371,114,1,1,1,1,1
371,113,1,1,1,1,1
371,112,1,1,1,1,1
371,99,1,1,1,1,1
371,98,1,1,1,1,1
371,97,1,1,1,1,1
371,96,1,0,0,0,1
371,83,1,1,1,1,1
371,82,1,1,1,1,1
371,81,1,1,1,1,1
371,80,1,1,1,1,1
371,67,1,0,0,0,1
371,66,1,0,0,0,1
371,65,1,0,0,0,1
371,64,1,0,0,0,1
371,51,1,1,1,1,1
371,50,1,1,1,1,1
371,49,1,1,1,1,1
371,48,1,1,1,1,1
371,35,1,0,0,0,1
371,34,1,0,0,0,1
371,33,1,0,0,0,1
371,32,1,0,0,0,1
371,19,1,1,1,1,1
371,18,1,1,1,1,1
371,17,1,1,1,1,1
371,16,1,1,1,1,1
371,3,1,0,0,0,1
371,2,1,0,0,0,1
371,1,1,0,0,0,1
371,0,1,0,0,0,1
372,372,1,1,1,1,1
372,368,1,1,1,1,1
372,356,1,0,0,0,1
372,352,1,0,0,0,1
372,340,1,1,1,1,1
372,336,1,1,1,1,1
372,324,1,0,0,0,1
372,320,1,0,0,0,1
372,308,1,1,1,1,1
372,304,1,1,1,1,1
372,292,1,0,0,0,1
372,288,1,0,0,0,1
372,276,1,1,1,1,1
372,272,1,1,1,1,1
372,260,1,0,0,0,1
372,256,1,0,0,0,1
372,116,1,1,1,1,1
372,112,1,1,1,1,1
372,100,1,0,0,0,1
372,96,1,0,0,0,1
372,84,1,1,1,1,1
372,80,1,1,1,1,1
372,68,1,0,0,0,1
372,64,1,0,0,0,1
372,52,1,1,1,1,1
372,48,1,1,1,1,1
372,36,1,0,0,0,1
372,32,1,0,0,0,1
372,20,1,1,1,1,1
372,16,1,1,1,1,1
372,4,1,0,0,0,1
372,0,1,0,0,0,1
373,373,1,1,1,1,1
373,372,1,1,1,1,1
373,369,1,1,1,1,1
373,368,1,1,1,1,1
373,357,1,1,1,1,1
373,356,1,0,0,0,1
373,353,1,1,1,1,1
373,352,1,0,0,0,1
373,341,1,1,1,1,1
373,340,1,1,1,1,1
373,337,1,1,1,1,1
373,336,1,1,1,1,1
373,325,1,1,1,1,1
373,324,1,0,0,0,1
373,321,1,0,0,0,1
373,320,1,0,0,0,1
373,309,1,1,1,1,1
373,308,1,1,1,1,1
373,305,1,1,1,1,1
373,304,1,1,1,1,1
373,293,1,0,0,0,1
373,292,1,0,0,0,1
373,289,1,0,0,0,1
373,288,1,0,0,0,1
373,277,1,1,1,1,1
373,276,1,1,1,1,1
373,273,1,1,1,1,1
373,272,1,1,1,1,1
373,261,1,0,0,0,1
373,260,1,0,0,0,1
373,257,1,0,0,0,1
373,256,1,0,0,0,1
373,117,1,1,1,1,1
373,116,1,1,1,1,1
373,113,1,1,1,1,1
373,112,1,1,1,1,1
373,101,1,1,1,1,1
373,100,1,0,0,0,1
373,97,1,1,1,1,1
373,96,1,0,0,0,1
373,85,1,1,1,1,1
373,84,1,1,1,1,1
373,81,1,1,1,1,1
373,80,1,1,1,1,1
373,69,1,0,0,0,1
373,68,1,0,0,0,1
373,65,1,0,0,0,1
373,64,1,0,0,0,1
373,53,1,1,1,1,1
373,52,1,1,1,1,1
373,49,1,1,1,1,1
373,48,1,1,1,1,1
373,37,1,0,0,0,1
373,36,1,0,0,0,1
373,33,1,0,0,0,1
373,32,1,0,0,0,1
373,21,1,1,1,1,1
373,20,1,1,1,1,1
373,17,1,1,1,1,1
373,16,1,1,1,1,1
373,5,1,0,0,0,1
373,4,1,0,0,0,1
373,1,1,0,0,0,1
373,0,1,0,0,0,1
374,374,1,1,1,1,1
374,372,1,1,1,1,1
374,370,1,1,1,1,1
374,368,1,1,1,1,1
374,358,1,1,1,1,1
374,356,1,0,0,0,1
374,354,1,1,1,1,1
374,352,1,0,0,0,1
374,342,1,1,1,1,1
374,340,1,1,1,1,1
374,338,1,1,1,1,1
374,336,1,1,1,1,1
374,326,1,1,1,1,1
374,324,1,0,0,0,1
374,322,1,1,1,1,1
374,320,1,0,0,0,1
374,310,1,1,1,1,1
374,308,1,1,1,1,1
374,306,1,1,1,1,1
374,304,1,1,1,1,1
374,294,1,0,0,0,1
374,292,1,0,0,0,1
374,290,1,0,0,0,1
374,288,1,0,0,0,1
374,278,1,1,1,1,1
374,276,1,1,1,1,1
374,274,1,1,1,1,1
374,272,1,1,1,1,1
374,262,1,0,0,0,1
374,260,1,0,0,0,1
374,258,1,0,0,0,1
374,256,1,0,0,0,1
374,118,1,1,1,1,1
374,116,1,1,1,1,1
374,114,1,1,1,1,1
374,112,1,1,1,1,1
374,102,1,1,1,1,1
374,100,1,0,0,0,1
374,98,1,1,1,1,1
374,96,1,0,0,0,1
374,86,1,1,1,1,1
374,84,1,1,1,1,1
374,82,1,1,1,1,1
374,80,1,1,1,1,1
374,70,1,0,0,0,1
374,68,1,0,0,0,1
374,66,1,0,0,0,1
374,64,1,0,0,0,1
374,54,1,1,1,1,1
374,52,1,1,1,1,1
374,50,1,1,1,1,1
374,48,1,1,1,1,1
374,38,1,0,0,0,1
374,36,1,0,0,0,1
374,34,1,0,0,0,1
374,32,1,0,0,0,1
374,22,1,1,1,1,1
374,20,1,1,1,1,1
374,18,1,1,1,1,1
374,16,1,1,1,1,1
374,6,1,0,0,0,1
374,4,1,0,0,0,1
374,2,1,0,0,0,1
374,0,1,0,0,0,1
375,375,1,1,1,1,1
375,374,1,1,1,1,1
375,373,1,1,1,1,1
375,372,1,1,1,1,1
375,371,1,1,1,1,1
375,370,1,1,1,1,1
375,369,1,1,1,1,1
375,368,1,1,1,1,1
375,359,1,1,1,1,1
375,358,1,1,1,1,1
375,357,1,1,1,1,1
375,356,1,0,0,0,1
375,355,1,1,1,1,1
375,354,1,1,1,1,1
375,353,1,1,1,1,1
375,352,1,0,0,0,1
375,343,1,1,1,1,1
375,342,1,1,1,1,1
375,341,1,1,1,1,1
375,340,1,1,1,1,1
375,339,1,1,1,1,1
375,338,1,1,1,1,1
375,337,1,1,1,1,1
375,336,1,1,1,1,1
375,327,1,1,1,1,1
375,326,1,1,1,1,1
375,325,1,1,1,1,1
375,324,1,0,0,0,1
375,323,1,1,1,1,1
375,322,1,1,1,1,1
375,321,1,0,0,0,1
375,320,1,0,0,0,1
375,311,1,1,1,1,1
375,310,1,1,1,1,1
375,309,1,1,1,1,1
375,308,1,1,1,1,1
375,307,1,1,1,1,1
375,306,1,1,1,1,1
375,305,1,1,1,1,1
375,304,1,1,1,1,1
375,295,1,0,0,0,1
375,294,1,0,0,0,1
375,293,1,0,0,0,1
375,292,1,0,0,0,1
375,291,1,0,0,0,1
375,290,1,0,0,0,1
375,289,1,0,0,0,1
375,288,1,0,0,0,1
375,279,1,1,1,1,1
375,278,1,1,1,1,1
375,277,1,1,1,1,1
375,276,1,1,1,1,1
375,275,1,1,1,1,1
375,274,1,1,1,1,1
375,273,1,1,1,1,1
375,272,1,1,1,1,1
375,263,1,0,0,0,1
375,262,1,0,0,0,1
375,261,1,0,0,0,1
375,260,1,0,0,0,1
375,259,1,0,0,0,1
375,258,1,0,0,0,1
375,257,1,0,0,0,1
375,256,1,0,0,0,1
375,119,1,1,1,1,1
375,118,1,1,1,1,1
375,117,1,1,1,1,1
375,116,1,1,1,1,1
375,115,1,1,1,1,1
375,114,1,1,1,1,1
375,113,1,1,1,1,1
375,112,1,1,1,1,1
375,103,1,1,1,1,1
375,102,1,1,1,1,1
375,101,1,1,1,1,1
375,100,1,0,0,0,1
375,99,1,1,1,1,1
375,98,1,1,1,1,1
375,97,1,1,1,1,1
375,96,1,0,0,0,1
375,87,1,1,1,1,1
375,86,1,1,1,1,1
375,85,1,1,1,1,1
375,84,1,1,1,1,1
375,83,1,1,1,1,1
375,82,1,1,1,1,1
375,81,1,1,1,1,1
375,80,1,1,1,1,1
375,71,1,0,0,0,1
375,70,1,0,0,0,1
375,69,1,0,0,0,1
375,68,1,0,0,0,1
375,67,1,0,0,0,1
375,66,1,0,0,0,1
375,65,1,0,0,0,1
375,64,1,0,0,0,1
375,55,1,1,1,1,1
375,54,1,1,1,1,1
375,53,1,1,1,1,1
375,52,1,1,1,1,1
375,51,1,1,1,1,1
375,50,1,1,1,1,1
375,49,1,1,1,1,1
375,48,1,1,1,1,1
375,39,1,0,0,0,1
375,38,1,0,0,0,1
375,37,1,0,0,0,1
375,36,1,0,0,0,1
375,35,1,0,0,0,1
375,34,1,0,0,0,1
375,33,1,0,0,0,1
375,32,1,0,0,0,1
375,23,1,1,1,1,1
375,22,1,1,1,1,1
375,21,1,1,1,1,1
375,20,1,1,1,1,1
375,19,1,1,1,1,1
375,18,1,1,1,1,1
375,17,1,1,1,1,1
375,16,1,1,1,1,1
375,7,1,0,0,0,1
375,6,1,0,0,0,1
375,5,1,0,0,0,1
375,4,1,0,0,0,1
375,3,1,0,0,0,1
375,2,1,0,0,0,1
375,1,1,0,0,0,1
375,0,1,0,0,0,1
376,376,1,1,1,1,1
376,368,1,1,1,1,1
376,360,1,1,1,1,1
376,352,1,0,0,0,1
376,344,1,1,1,1,1
376,336,1,1,1,1,1
376,328,1,0,0,0,1
376,320,1,0,0,0,1
376,312,1,1,1,1,1
376,304,1,1,1,1,1
376,296,1,1,1,1,1
376,288,1,0,0,0,1
376,280,1,1,1,1,1
376,272,1,1,1,1,1
376,264,1,0,0,0,1
376,256,1,0,0,0,1
376,120,1,1,1,1,1
376,112,1,1,1,1,1
376,104,1,1,1,1,1
376,96,1,0,0,0,1
376,88,1,1,1,1,1
376,80,1,1,1,1,1
376,72,1,0,0,0,1
376,64,1,0,0,0,1
376,56,1,1,1,1,1
376,48,1,1,1,1,1
376,40,1,1,1,1,1
376,32,1,0,0,0,1
376,24,1,1,1,1,1
376,16,1,1,1,1,1
376,8,1,0,0,0,1
376,0,1,0,0,0,1
377,377,1,1,1,1,1
377,376,1,1,1,1,1
377,369,1,1,1,1,1
377,368,1,1,1,1,1
377,361,1,1,1,1,1
377,360,1,1,1,1,1
377,353,1,1,1,1,1
377,352,1,0,0,0,1
377,345,1,1,1,1,1
377,344,1,1,1,1,1
377,337,1,1,1,1,1
377,336,1,1,1,1,1
377,329,1,0,0,0,1
377,328,1,0,0,0,1
377,321,1,0,0,0,1
377,320,1,0,0,0,1
377,313,1,1,1,1,1
377,312,1,1,1,1,1
377,305,1,1,1,1,1
377,304,1,1,1,1,1
377,297,1,1,1,1,1
377,296,1,1,1,1,1
377,289,1,0,0,0,1
377,288,1,0,0,0,1
377,281,1,1,1,1,1
377,280,1,1,1,1,1
377,273,1,1,1,1,1
377,272,1,1,1,1,1
377,265,1,0,0,0,1
377,264,1,0,0,0,1
377,257,1,0,0,0,1
377,256,1,0,0,0,1
377,121,1,1,1,1,1
377,120,1,1,1,1,1
377,113,1,1,1,1,1
377,112,1,1,1,1,1
377,105,1,1,1,1,1
377,104,1,1,1,1,1
377,97,1,1,1,1,1
377,96,1,0,0,0,1
377,89,1,1,1,1,1
377,88,1,1,1,1,1
377,81,1,1,1,1,1
377,80,1,1,1,1,1
377,73,1,0,0,0,1
377,72,1,0,0,0,1
377,65,1,0,0,0,1
377,64,1,0,0,0,1
377,57,1,1,1,1,1
377,56,1,1,1,1,1
377,49,1,1,1,1,1
377,48,1,1,1,1,1
377,41,1,1,1,1,1
377,40,1,1,1,1,1
377,33,1,0,0,0,1
377,32,1,0,0,0,1
377,25,1,1,1,1,1
377,24,1,1,1,1,1
377,17,1,1,1,1,1
377,16,1,1,1,1,1
377,9,1,0,0,0,1
377,8,1,0,0,0,1
377,1,1,0,0,0,1
377,0,1,0,0,0,1
378,378,1,1,1,1,1
378,376,1,1,1,1,1
378,370,1,1,1,1,1
378,368,1,1,1,1,1
378,362,1,1,1,1,1
378,360,1,1,1,1,1
378,354,1,1,1,1,1
378,352,1,0,0,0,1
378,346,1,1,1,1,1
378,344,1,1,1,1,1
378,338,1,1,1,1,1
378,336,1,1,1,1,1
378,330,1,1,1,1,1
378,328,1,0,0,0,1
378,322,1,1,1,1,1
378,320,1,0,0,0,1
378,314,1,1,1,1,1
378,312,1,1,1,1,1
378,306,1,1,1,1,1
378,304,1,1,1,1,1
378,298,1,1,1,1,1
378,296,1,1,1,1,1
378,290,1,0,0,0,1
378,288,1,0,0,0,1
378,282,1,1,1,1,1
378,280,1,1,1,1,1
378,274,1,1,1,1,1
378,272,1,1,1,1,1
378,266,1,1,1,1,1
378,264,1,0,0,0,1
378,258,1,0,0,0,1
378,256,1,0,0,0,1
378,122,1,1,1,1,1
378,120,1,1,1,1,1
378,114,1,1,1,1,1
378,112,1,1,1,1,1
378,106,1,1,1,1,1
378,104,1,1,1,1,1
378,98,1,1,1,1,1
378,96,1,0,0,0,1
378,90,1,1,1,1,1
378,88,1,1,1,1,1
378,82,1,1,1,1,1
378,80,1,1,1,1,1
378,74,1,0,0,0,1
378,72,1,0,0,0,1
378,66,1,0,0,0,1
378,64,1,0,0,0,1
378,58,1,1,1,1,1
378,56,1,1,1,1,1
378,50,1,1,1,1,1
378,48,1,1,1,1,1
378,42,1,1,1,1,1
378,40,1,1,1,1,1
378,34,1,0,0,0,1
378,32,1,0,0,0,1
378,26,1,1,1,1,1
378,24,1,1,1,1,1
378,18,1,1,1,1,1
378,16,1,1,1,1,1
378,10,1,0,0,0,1
378,8,1,0,0,0,1
378,2,1,0,0,0,1
378,0,1,0,0,0,1
379,379,1,1,1,1,1
379,378,1,1,1,1,1
379,377,1,1,1,1,1
379,376,1,1,1,1,1
379,371,1,1,1,1,1
379,370,1,1,1,1,1
379,369,1,1,1,1,1
379,368,1,1,1,1,1
379,363,1,1,1,1,1
379,362,1,1,1,1,1
379,361,1,1,1,1,1
379,360,1,1,1,1,1
379,355,1,1,1,1,1
379,354,1,1,1,1,1
379,353,1,1,1,1,1
379,352,1,0,0,0,1
379,347,1,1,1,1,1
379,346,1,1,1,1,1
379,345,1,1,1,1,1
379,344,1,1,1,1,1
379,339,1,1,1,1,1
379,338,1,1,1,1,1
379,337,1,1,1,1,1
379,336,1,1,1,1,1
379,331,1,1,1,1,1
379,330,1,1,1,1,1
379,329,1,0,0,0,1
379,328,1,0,0,0,1
379,323,1,1,1,1,1
379,322,1,1,1,1,1
379,321,1,0,0,0,1
379,320,1,0,0,0,1
379,315,1,1,1,1,1
379,314,1,1,1,1,1
379,313,1,1,1,1,1
379,312,1,1,1,1,1
379,307,1,1,1,1,1
379,306,1,1,1,1,1
379,305,1,1,1,1,1
379,304,1,1,1,1,1
379,299,1,1,1,1,1
379,298,1,1,1,1,1
379,297,1,1,1,1,1
379,296,1,1,1,1,1
379,291,1,0,0,0,1
379,290,1,0,0,0,1
379,289,1,0,0,0,1
379,288,1,0,0,0,1
379,283,1,1,1,1,1
379,282,1,1,1,1,1
379,281,1,1,1,1,1
379,280,1,1,1,1,1
379,275,1,1,1,1,1
379,274,1,1,1,1,1
379,273,1,1,1,1,1
379,272,1,1,1,1,1
379,267,1,1,1,1,1
379,266,1,1,1,1,1
379,265,1,0,0,0,1
379,264,1,0,0,0,1
379,259,1,0,0,0,1
379,258,1,0,0,0,1
379,257,1,0,0,0,1
379,256,1,0,0,0,1
379,123,1,1,1,1,1
379,122,1,1,1,1,1
379,121,1,1,1,1,1
379,120,1,1,1,1,1
379,115,1,1,1,1,1
379,114,1,1,1,1,1
379,113,1,1,1,1,1
379,112,1,1,1,1,1
379,107,1,1,1,1,1
379,106,1,1,1,1,1
379,105,1,1,1,1,1
379,104,1,1,1,1,1
379,99,1,1,1,1,1
379,98,1,1,1,1,1
379,97,1,1,1,1,1
379,96,1,0,0,0,1
379,91,1,1,1,1,1
379,90,1,1,1,1,1
379,89,1,1,1,1,1
379,88,1,1,1,1,1
379,83,1,1,1,1,1
379,82,1,1,1,1,1
379,81,1,1,1,1,1
379,80,1,1,1,1,1
379,75,1,0,0,0,1
379,74,1,0,0,0,1
379,73,1,0,0,0,1
379,72,1,0,0,0,1
379,67,1,0,0,0,1
379,66,1,0,0,0,1
379,65,1,0,0,0,1
379,64,1,0,0,0,1
379,59,1,1,1,1,1
379,58,1,1,1,1,1
379,57,1,1,1,1,1
379,56,1,1,1,1,1
379,51,1,1,1,1,1
379,50,1,1,1,1,1
379,49,1,1,1,1,1
379,48,1,1,1,1,1
379,43,1,1,1,1,1
379,42,1,1,1,1,1
379,41,1,1,1,1,1
379,40,1,1,1,1,1
379,35,1,0,0,0,1
379,34,1,0,0,0,1
379,33,1,0,0,0,1
379,32,1,0,0,0,1
379,27,1,1,1,1,1
379,26,1,1,1,1,1
379,25,1,1,1,1,1
379,24,1,1,1,1,1
379,19,1,1,1,1,1
379,18,1,1,1,1,1
379,17,1,1,1,1,1
379,16,1,1,1,1,1
379,11,1,0,0,0,1
379,10,1,0,0,0,1
379,9,1,0,0,0,1
379,8,1,0,0,0,1
379,3,1,0,0,0,1
379,2,1,0,0,0,1
379,1,1,0,0,0,1
379,0,1,0,0,0,1
380,380,1,1,1,1,1
380,376,1,1,1,1,1
380,372,1,1,1,1,1
380,368,1,1,1,1,1
380,364,1,1,1,1,1
380,360,1,1,1,1,1
380,356,1,0,0,0,1
380,352,1,0,0,0,1
380,348,1,1,1,1,1
380,344,1,1,1,1,1
380,340,1,1,1,1,1
380,336,1,1,1,1,1
380,332,1,1,1,1,1
380,328,1,0,0,0,1
380,324,1,0,0,0,1
380,320,1,0,0,0,1
380,316,1,1,1,1,1
380,312,1,1,1,1,1
380,308,1,1,1,1,1
380,304,1,1,1,1,1
380,300,1,1,1,1,1
380,296,1,1,1,1,1
380,292,1,0,0,0,1
380,288,1,0,0,0,1
380,284,1,1,1,1,1
380,280,1,1,1,1,1
380,276,1,1,1,1,1
380,272,1,1,1,1,1
380,268,1,1,1,1,1
380,264,1,0,0,0,1
380,260,1,0,0,0,1
380,256,1,0,0,0,1
380,124,1,1,1,1,1
380,120,1,1,1,1,1
380,116,1,1,1,1,1
380,112,1,1,1,1,1
380,108,1,1,1,1,1
380,104,1,1,1,1,1
380,100,1,0,0,0,1
380,96,1,0,0,0,1
380,92,1,1,1,1,1
380,88,1,1,1,1,1
380,84,1,1,1,1,1
380,80,1,1,1,1,1
380,76,1,0,0,0,1
380,72,1,0,0,0,1
380,68,1,0,0,0,1
380,64,1,0,0,0,1
380,60,1,1,1,1,1
380,56,1,1,1,1,1
380,52,1,1,1,1,1
380,48,1,1,1,1,1
380,44,1,1,1,1,1
380,40,1,1,1,1,1
380,36,1,0,0,0,1
380,32,1,0,0,0,1
380,28,1,1,1,1,1
380,24,1,1,1,1,1
380,20,1,1,1,1,1
380,16,1,1,1,1,1
380,12,1,0,0,0,1
380,8,1,0,0,0,1
380,4,1,0,0,0,1
380,0,1,0,0,0,1
381,381,1,1,1,1,1
381,380,1,1,1,1,1
381,377,1,1,1,1,1
381,376,1,1,1,1,1
381,373,1,1,1,1,1
381,372,1,1,1,1,1
381,369,1,1,1,1,1
381,368,1,1,1,1,1
381,365,1,1,1,1,1
381,364,1,1,1,1,1
381,361,1,1,1,1,1
381,360,1,1,1,1,1
381,357,1,1,1,1,1
381,356,1,0,0,0,1
381,353,1,1,1,1,1
381,352,1,0,0,0,1
381,349,1,1,1,1,1
381,348,1,1,1,1,1
381,345,1,1,1,1,1
381,344,1,1,1,1,1
381,341,1,1,1,1,1
381,340,1,1,1,1,1
381,337,1,1,1,1,1
381,336,1,1,1,1,1
381,333,1,1,1,1,1
381,332,1,1,1,1,1
381,329,1,0,0,0,1
381,328,1,0,0,0,1
381,325,1,1,1,1,1
381,324,1,0,0,0,1
381,321,1,0,0,0,1
381,320,1,0,0,0,1
381,317,1,1,1,1,1
381,316,1,1,1,1,1
381,313,1,1,1,1,1
381,312,1,1,1,1,1
381,309,1,1,1,1,1
381,308,1,1,1,1,1
381,305,1,1,1,1,1
381,304,1,1,1,1,1
381,301,1,1,1,1,1
381,300,1,1,1,1,1
381,297,1,1,1,1,1
381,296,1,1,1,1,1
381,293,1,0,0,0,1
381,292,1,0,0,0,1
381,289,1,0,0,0,1
381,288,1,0,0,0,1
381,285,1,1,1,1,1
381,284,1,1,1,1,1
381,281,1,1,1,1,1
381,280,1,1,1,1,1
381,277,1,1,1,1,1
381,276,1,1,1,1,1
381,273,1,1,1,1,1
381,272,1,1,1,1,1
381,269,1,1,1,1,1
381,268,1,1,1,1,1
381,265,1,0,0,0,1
381,264,1,0,0,0,1
381,261,1,0,0,0,1
381,260,1,0,0,0,1
381,257,1,0,0,0,1
381,256,1,0,0,0,1
381,125,1,1,1,1,1
381,124,1,1,1,1,1
381,121,1,1,1,1,1
381,120,1,1,1,1,1
381,117,1,1,1,1,1
381,116,1,1,1,1,1
381,113,1,1,1,1,1
381,112,1,1,1,1,1
381,109,1,1,1,1,1
381,108,1,1,1,1,1
381,105,1,1,1,1,1
381,104,1,1,1,1,1
381,101,1,1,1,1,1
381,100,1,0,0,0,1
381,97,1,1,1,1,1
381,96,1,0,0,0,1
381,93,1,1,1,1,1
381,92,1,1,1,1,1
381,89,1,1,1,1,1
381,88,1,1,1,1,1
381,85,1,1,1,1,1
381,84,1,1,1,1,1
381,81,1,1,1,1,1
381,80,1,1,1,1,1
381,77,1,0,0,0,1
381,76,1,0,0,0,1
381,73,1,0,0,0,1
381,72,1,0,0,0,1
381,69,1,0,0,0,1
381,68,1,0,0,0,1
381,65,1,0,0,0,1
381,64,1,0,0,0,1
381,61,1,1,1,1,1
381,60,1,1,1,1,1
381,57,1,1,1,1,1
381,56,1,1,1,1,1
381,53,1,1,1,1,1
381,52,1,1,1,1,1
381,49,1,1,1,1,1
381,48,1,1,1,1,1
381,45,1,1,1,1,1
381,44,1,1,1,1,1
381,41,1,1,1,1,1
381,40,1,1,1,1,1
381,37,1,0,0,0,1
381,36,1,0,0,0,1
381,33,1,0,0,0,1
381,32,1,0,0,0,1
381,29,1,1,1,1,1
381,28,1,1,1,1,1
381,25,1,1,1,1,1
381,24,1,1,1,1,1
381,21,1,1,1,1,1
381,20,1,1,1,1,1
381,17,1,1,1,1,1
381,16,1,1,1,1,1
381,13,1,0,0,0,1
381,12,1,0,0,0,1
381,9,1,0,0,0,1
381,8,1,0,0,0,1
381,5,1,0,0,0,1
381,4,1,0,0,0,1
381,1,1,0,0,0,1
381,0,1,0,0,0,1
382,382,1,1,1,1,1
382,380,1,1,1,1,1
382,378,1,1,1,1,1
382,376,1,1,1,1,1
382,374,1,1,1,1,1
382,372,1,1,1,1,1
382,370,1,1,1,1,1
382,368,1,1,1,1,1
382,366,1,1,1,1,1
382,364,1,1,1,1,1
382,362,1,1,1,1,1
382,360,1,1,1,1,1
382,358,1,1,1,1,1
382,356,1,0,0,0,1
382,354,1,1,1,1,1
382,352,1,0,0,0,1
382,350,1,1,1,1,1
382,348,1,1,1,1,1
382,346,1,1,1,1,1
382,344,1,1,1,1,1
382,342,1,1,1,1,1
382,340,1,1,1,1,1
382,338,1,1,1,1,1
382,336,1,1,1,1,1
382,334,1,1,1,1,1
382,332,1,1,1,1,1
382,330,1,1,1,1,1
382,328,1,0,0,0,1
382,326,1,1,1,1,1
382,324,1,0,0,0,1
382,322,1,1,1,1,1
382,320,1,0,0,0,1
382,318,1,1,1,1,1
382,316,1,1,1,1,1
382,314,1,1,1,1,1
382,312,1,1,1,1,1
382,310,1,1,1,1,1
382,308,1,1,1,1,1
382,306,1,1,1,1,1
382,304,1,1,1,1,1
382,302,1,1,1,1,1
382,300,1,1,1,1,1
382,298,1,1,1,1,1
382,296,1,1,1,1,1
382,294,1,0,0,0,1
382,292,1,0,0,0,1
382,290,1,0,0,0,1
382,288,1,0,0,0,1
382,286,1,1,1,1,1
382,284,1,1,1,1,1
382,282,1,1,1,1,1
382,280,1,1,1,1,1
382,278,1,1,1,1,1
382,276,1,1,1,1,1
382,274,1,1,1,1,1
382,272,1,1,1,1,1
382,270,1,1,1,1,1
382,268,1,1,1,1,1
382,266,1,1,1,1,1
382,264,1,0,0,0,1
382,262,1,0,0,0,1
382,260,1,0,0,0,1
382,258,1,0,0,0,1
382,256,1,0,0,0,1
382,126,1,1,1,1,1
382,124,1,1,1,1,1
382,122,1,1,1,1,1
382,120,1,1,1,1,1
382,118,1,1,1,1,1
382,116,1,1,1,1,1
382,114,1,1,1,1,1
382,112,1,1,1,1,1
382,110,1,1,1,1,1
382,108,1,1,1,1,1
382,106,1,1,1,1,1
382,104,1,1,1,1,1
382,102,1,1,1,1,1
382,100,1,0,0,0,1
382,98,1,1,1,1,1
382,96,1,0,0,0,1
382,94,1,1,1,1,1
382,92,1,1,1,1,1
382,90,1,1,1,1,1
382,88,1,1,1,1,1
382,86,1,1,1,1,1
382,84,1,1,1,1,1
382,82,1,1,1,1,1
382,80,1,1,1,1,1
382,78,1,0,0,0,1
382,76,1,0,0,0,1
382,74,1,0,0,0,1
382,72,1,0,0,0,1
382,70,1,0,0,0,1
382,68,1,0,0,0,1
382,66,1,0,0,0,1
382,64,1,0,0,0,1
382,62,1,1,1,1,1
382,60,1,1,1,1,1
382,58,1,1,1,1,1
382,56,1,1,1,1,1
382,54,1,1,1,1,1
382,52,1,1,1,1,1
382,50,1,1,1,1,1
382,48,1,1,1,1,1
382,46,1,1,1,1,1
382,44,1,1,1,1,1
382,42,1,1,1,1,1
382,40,1,1,1,1,1
382,38,1,0,0,0,1
382,36,1,0,0,0,1
382,34,1,0,0,0,1
382,32,1,0,0,0,1
382,30,1,1,1,1,1
382,28,1,1,1,1,1
382,26,1,1,1,1,1
382,24,1,1,1,1,1
382,22,1,1,1,1,1
382,20,1,1,1,1,1
382,18,1,1,1,1,1
382,16,1,1,1,1,1
382,14,1,0,0,0,1
382,12,1,0,0,0,1
382,10,1,0,0,0,1
382,8,1,0,0,0,1
382,6,1,0,0,0,1
382,4,1,0,0,0,1
382,2,1,0,0,0,1
382,0,1,0,0,0,1
383,383,1,1,1,1,1
383,382,1,1,1,1,1
383,381,1,1,1,1,1
383,380,1,1,1,1,1
383,379,1,1,1,1,1
383,378,1,1,1,1,1
383,377,1,1,1,1,1
383,376,1,1,1,1,1
383,375,1,1,1,1,1
383,374,1,1,1,1,1
383,373,1,1,1,1,1
383,372,1,1,1,1,1
383,371,1,1,1,1,1
383,370,1,1,1,1,1
383,369,1,1,1,1,1
383,368,1,1,1,1,1
383,367,1,1,1,1,1
383,366,1,1,1,1,1
383,365,1,1,1,1,1
383,364,1,1,1,1,1
383,363,1,1,1,1,1
383,362,1,1,1,1,1
383,361,1,1,1,1,1
383,360,1,1,1,1,1
383,359,1,1,1,1,1
383,358,1,1,1,1,1
383,357,1,1,1,1,1
383,356,1,0,0,0,1
383,355,1,1,1,1,1
383,354,1,1,1,1,1
383,353,1,1,1,1,1
383,352,1,0,0,0,1
383,351,1,1,1,1,1
383,350,1,1,1,1,1
383,349,1,1,1,1,1
383,348,1,1,1,1,1
383,347,1,1,1,1,1
383,346,1,1,1,1,1
383,345,1,1,1,1,1
383,344,1,1,1,1,1
383,343,1,1,1,1,1
383,342,1,1,1,1,1
383,341,1,1,1,1,1
383,340,1,1,1,1,1
383,339,1,1,1,1,1
383,338,1,1,1,1,1
383,337,1,1,1,1,1
383,336,1,1,1,1,1
383,335,1,1,1,1,1
383,334,1,1,1,1,1
383,333,1,1,1,1,1
383,332,1,1,1,1,1
383,331,1,1,1,1,1
383,330,1,1,1,1,1
383,329,1,0,0,0,1
383,328,1,0,0,0,1
383,327,1,1,1,1,1
383,326,1,1,1,1,1
383,325,1,1,1,1,1
383,324,1,0,0,0,1
383,323,1,1,1,1,1
383,322,1,1,1,1,1
383,321,1,0,0,0,1
383,320,1,0,0,0,1
383,319,1,1,1,1,1
383,318,1,1,1,1,1
383,317,1,1,1,1,1
383,316,1,1,1,1,1
383,315,1,1,1,1,1
383,314,1,1,1,1,1
383,313,1,1,1,1,1
383,312,1,1,1,1,1
383,311,1,1,1,1,1
383,310,1,1,1,1,1
383,309,1,1,1,1,1
383,308,1,1,1,1,1
383,307,1,1,1,1,1
383,306,1,1,1,1,1
383,305,1,1,1,1,1
383,304,1,1,1,1,1
383,303,1,1,1,1,1
383,302,1,1,1,1,1
383,301,1,1,1,1,1
383,300,1,1,1,1,1
383,299,1,1,1,1,1
383,298,1,1,1,1,1
383,297,1,1,1,1,1
383,296,1,1,1,1,1
383,295,1,0,0,0,1
383,294,1,0,0,0,1
383,293,1,0,0,0,1
383,292,1,0,0,0,1
383,291,1,0,0,0,1
383,290,1,0,0,0,1
383,289,1,0,0,0,1
383,288,1,0,0,0,1
383,287,1,1,1,1,1
383,286,1,1,1,1,1
383,285,1,1,1,1,1
383,284,1,1,1,1,1
383,283,1,1,1,1,1
383,282,1,1,1,1,1
383,281,1,1,1,1,1
383,280,1,1,1,1,1
383,279,1,1,1,1,1
383,278,1,1,1,1,1
383,277,1,1,1,1,1
383,276,1,1,1,1,1
383,275,1,1,1,1,1
383,274,1,1,1,1,1
383,273,1,1,1,1,1
383,272,1,1,1,1,1
383,271,1,1,1,1,1
383,270,1,1,1,1,1
383,269,1,1,1,1,1
383,268,1,1,1,1,1
383,267,1,1,1,1,1
383,266,1,1,1,1,1
383,265,1,0,0,0,1
383,264,1,0,0,0,1
383,263,1,0,0,0,1
383,262,1,0,0,0,1
383,261,1,0,0,0,1
383,260,1,0,0,0,1
383,259,1,0,0,0,1
383,258,1,0,0,0,1
383,257,1,0,0,0,1
383,256,1,0,0,0,1
383,127,1,1,1,1,1
383,126,1,1,1,1,1
383,125,1,1,1,1,1
383,124,1,1,1,1,1
383,123,1,1,1,1,1
383,122,1,1,1,1,1
383,121,1,1,1,1,1
383,120,1,1,1,1,1
383,119,1,1,1,1,1
383,118,1,1,1,1,1
383,117,1,1,1,1,1
383,116,1,1,1,1,1
383,115,1,1,1,1,1
383,114,1,1,1,1,1
383,113,1,1,1,1,1
383,112,1,1,1,1,1
383,111,1,1,1,1,1
383,110,1,1,1,1,1
383,109,1,1,1,1,1
383,108,1,1,1,1,1
383,107,1,1,1,1,1
383,106,1,1,1,1,1
383,105,1,1,1,1,1
383,104,1,1,1,1,1
383,103,1,1,1,1,1
383,102,1,1,1,1,1
383,101,1,1,1,1,1
383,100,1,0,0,0,1
383,99,1,1,1,1,1
383,98,1,1,1,1,1
383,97,1,1,1,1,1
383,96,1,0,0,0,1
383,95,1,1,1,1,1
383,94,1,1,1,1,1
383,93,1,1,1,1,1
383,92,1,1,1,1,1
383,91,1,1,1,1,1
383,90,1,1,1,1,1
383,89,1,1,1,1,1
383,88,1,1,1,1,1
383,87,1,1,1,1,1
383,86,1,1,1,1,1
383,85,1,1,1,1,1
383,84,1,1,1,1,1
383,83,1,1,1,1,1
383,82,1,1,1,1,1
383,81,1,1,1,1,1
383,80,1,1,1,1,1
383,79,1,0,0,0,1
383,78,1,0,0,0,1
383,77,1,0,0,0,1
383,76,1,0,0,0,1
383,75,1,0,0,0,1
383,74,1,0,0,0,1
383,73,1,0,0,0,1
383,72,1,0,0,0,1
383,71,1,0,0,0,1
383,70,1,0,0,0,1
383,69,1,0,0,0,1
383,68,1,0,0,0,1
383,67,1,0,0,0,1
383,66,1,0,0,0,1
383,65,1,0,0,0,1
383,64,1,0,0,0,1
383,63,1,1,1,1,1
383,62,1,1,1,1,1
383,61,1,1,1,1,1
383,60,1,1,1,1,1
383,59,1,1,1,1,1
383,58,1,1,1,1,1
383,57,1,1,1,1,1
383,56,1,1,1,1,1
383,55,1,1,1,1,1
383,54,1,1,1,1,1
383,53,1,1,1,1,1
383,52,1,1,1,1,1
383,51,1,1,1,1,1
383,50,1,1,1,1,1
383,49,1,1,1,1,1
383,48,1,1,1,1,1
383,47,1,1,1,1,1
383,46,1,1,1,1,1
383,45,1,1,1,1,1
383,44,1,1,1,1,1
383,43,1,1,1,1,1
383,42,1,1,1,1,1
383,41,1,1,1,1,1
383,40,1,1,1,1,1
383,39,1,0,0,0,1
383,38,1,0,0,0,1
383,37,1,0,0,0,1
383,36,1,0,0,0,1
383,35,1,0,0,0,1
383,34,1,0,0,0,1
383,33,1,0,0,0,1
383,32,1,0,0,0,1
383,31,1,1,1,1,1
383,30,1,1,1,1,1
383,29,1,1,1,1,1
383,28,1,1,1,1,1
383,27,1,1,1,1,1
383,26,1,1,1,1,1
383,25,1,1,1,1,1
383,24,1,1,1,1,1
383,23,1,1,1,1,1
383,22,1,1,1,1,1
383,21,1,1,1,1,1
383,20,1,1,1,1,1
383,19,1,1,1,1,1
383,18,1,1,1,1,1
383,17,1,1,1,1,1
383,16,1,1,1,1,1
383,15,1,0,0,0,1
383,14,1,0,0,0,1
383,13,1,0,0,0,1
383,12,1,0,0,0,1
383,11,1,0,0,0,1
383,10,1,0,0,0,1
383,9,1,0,0,0,1
383,8,1,0,0,0,1
383,7,1,0,0,0,1
383,6,1,0,0,0,1
383,5,1,0,0,0,1
383,4,1,0,0,0,1
383,3,1,0,0,0,1
383,2,1,0,0,0,1
383,1,1,0,0,0,1
383,0,1,0,0,0,1
384,384,0,0,0,0,1
384,256,0,0,0,0,1
384,128,0,0,0,0,1
384,0,0,0,0,0,1
385,385,0,0,0,0,1
385,384,0,0,0,0,1
385,257,0,0,0,0,1
385,256,0,0,0,0,1
385,129,0,0,0,0,1
385,128,0,0,0,0,1
385,1,0,0,0,0,1
385,0,0,0,0,0,1
386,386,1,1,1,1,1
386,384,1,0,0,0,1
386,258,1,0,0,0,1
386,256,1,0,0,0,1
386,130,1,1,1,1,1
386,128,1,0,0,0,1
386,2,1,0,0,0,1
386,0,1,0,0,0,1
387,387,1,1,1,1,1
387,386,1,1,1,1,1
387,385,1,0,0,0,1
387,384,1,0,0,0,1
387,259,1,0,0,0,1
387,258,1,0,0,0,1
387,257,1,0,0,0,1
387,256,1,0,0,0,1
387,131,1,1,1,1,1
387,130,1,1,1,1,1
387,129,1,0,0,0,1
387,128,1,0,0,0,1
387,3,1,0,0,0,1
387,2,1,0,0,0,1
387,1,1,0,0,0,1
387,0,1,0,0,0,1
388,388,0,0,0,0,1
388,384,0,0,0,0,1
388,260,0,0,0,0,1
388,256,0,0,0,0,1
388,132,0,0,0,0,1
388,128,0,0,0,0,1
388,4,0,0,0,0,1
388,0,0,0,0,0,1
389,389,1,1,1,1,1
389,388,1,0,0,0,1
389,385,1,0,0,0,1
389,384,1,0,0,0,1
389,261,1,0,0,0,1
389,260,1,0,0,0,1
389,257,1,0,0,0,1
389,256,1,0,0,0,1
389,133,1,1,1,1,1
389,132,1,0,0,0,1
389,129,1,0,0,0,1
389,128,1,0,0,0,1
389,5,1,0,0,0,1
389,4,1,0,0,0,1
389,1,1,0,0,0,1
389,0,1,0,0,0,1
390,390,1,1,1,1,1
390,388,1,0,0,0,1
390,386,1,1,1,1,1
390,384,1,0,0,0,1
390,262,1,0,0,0,1
390,260,1,0,0,0,1
390,258,1,0,0,0,1
390,256,1,0,0,0,1
390,134,1,1,1,1,1
390,132,1,0,0,0,1
390,130,1,1,1,1,1
390,128,1,0,0,0,1
390,6,1,0,0,0,1
390,4,1,0,0,0,1
390,2,1,0,0,0,1
390,0,1,0,0,0,1
391,391,1,1,1,1,1
391,390,1,1,1,1,1
391,389,1,1,1,1,1
391,388,1,0,0,0,1
391,387,1,1,1,1,1
391,386,1,1,1,1,1
391,385,1,0,0,0,1
391,384,1,0,0,0,1
391,263,1,0,0,0,1
391,262,1,0,0,0,1
391,261,1,0,0,0,1
391,260,1,0,0,0,1
391,259,1,0,0,0,1
391,258,1,0,0,0,1
391,257,1,0,0,0,1
391,256,1,0,0,0,1
391,135,1,1,1,1,1
391,134,1,1,1,1,1
391,133,1,1,1,1,1
391,132,1,0,0,0,1
391,131,1,1,1,1,1
391,130,1,1,1,1,1
391,129,1,0,0,0,1
391,128,1,0,0,0,1
391,7,1,0,0,0,1
391,6,1,0,0,0,1
391,5,1,0,0,0,1
391,4,1,0,0,0,1
391,3,1,0,0,0,1
391,2,1,0,0,0,1
391,1,1,0,0,0,1
391,0,1,0,0,0,1
392,392,0,0,0,0,1
392,384,0,0,0,0,1
392,264,0,0,0,0,1
392,256,0,0,0,0,1
392,136,0,0,0,0,1
392,128,0,0,0,0,1
392,8,0,0,0,0,1
392,0,0,0,0,0,1
393,393,0,0,0,0,1
393,392,0,0,0,0,1
393,385,0,0,0,0,1
393,384,0,0,0,0,1
393,265,0,0,0,0,1
393,264,0,0,0,0,1
393,257,0,0,0,0,1
393,256,0,0,0,0,1
393,137,0,0,0,0,1
393,136,0,0,0,0,1
393,129,0,0,0,0,1
393,128,0,0,0,0,1
393,9,0,0,0,0,1
393,8,0,0,0,0,1
393,1,0,0,0,0,1
393,0,0,0,0,0,1
394,394,1,1,1,1,1
394,392,1,0,0,0,1
394,386,1,1,1,1,1
394,384,1,0,0,0,1
394,266,1,1,1,1,1
394,264,1,0,0,0,1
394,258,1,0,0,0,1
394,256,1,0,0,0,1
394,138,1,1,1,1,1
394,136,1,0,0,0,1
394,130,1,1,1,1,1
394,128,1,0,0,0,1
394,10,1,0,0,0,1
394,8,1,0,0,0,1
394,2,1,0,0,0,1
394,0,1,0,0,0,1
395,395,1,1,1,1,1
395,394,1,1,1,1,1
395,393,1,0,0,0,1
395,392,1,0,0,0,1
395,387,1,1,1,1,1
395,386,1,1,1,1,1
395,385,1,0,0,0,1
395,384,1,0,0,0,1
395,267,1,1,1,1,1
395,266,1,1,1,1,1
395,265,1,0,0,0,1
395,264,1,0,0,0,1
395,259,1,0,0,0,1
395,258,1,0,0,0,1
395,257,1,0,0,0,1
395,256,1,0,0,0,1
395,139,1,1,1,1,1
395,138,1,1,1,1,1
395,137,1,0,0,0,1
395,136,1,0,0,0,1
395,131,1,1,1,1,1
395,130,1,1,1,1,1
395,129,1,0,0,0,1
395,128,1,0,0,0,1
395,11,1,0,0,0,1
395,10,1,0,0,0,1
395,9,1,0,0,0,1
395,8,1,0,0,0,1
395,3,1,0,0,0,1
395,2,1,0,0,0,1
395,1,1,0,0,0,1
395,0,1,0,0,0,1
396,396,1,1,1,1,1
396,392,1,0,0,0,1
396,388,1,0,0,0,1
396,384,1,0,0,0,1
396,268,1,1,1,1,1
396,264,1,0,0,0,1
396,260,1,0,0,0,1
396,256,1,0,0,0,1
396,140,1,1,1,1,1
396,136,1,0,0,0,1
396,132,1,0,0,0,1
396,128,1,0,0,0,1
396,12,1,0,0,0,1
396,8,1,0,0,0,1
396,4,1,0,0,0,1
396,0,1,0,0,0,1
397,397,1,1,1,1,1
397,396,1,1,1,1,1
397,393,1,0,0,0,1
397,392,1,0,0,0,1
397,389,1,1,1,1,1
397,388,1,0,0,0,1
397,385,1,0,0,0,1
397,384,1,0,0,0,1
397,269,1,1,1,1,1
397,268,1,1,1,1,1
397,265,1,0,0,0,1
397,264,1,0,0,0,1
397,261,1,0,0,0,1
397,260,1,0,0,0,1
397,257,1,0,0,0,1
397,256,1,0,0,0,1
397,141,1,1,1,1,1
397,140,1,1,1,1,1
397,137,1,0,0,0,1
397,136,1,0,0,0,1
397,133,1,1,1,1,1
397,132,1,0,0,0,1
397,129,1,0,0,0,1
397,128,1,0,0,0,1
397,13,1,0,0,0,1
397,12,1,0,0,0,1
397,9,1,0,0,0,1
397,8,1,0,0,0,1
397,5,1,0,0,0,1
397,4,1,0,0,0,1
397,1,1,0,0,0,1
397,0,1,0,0,0,1
398,398,1,1,1,1,1
398,396,1,1,1,1,1
398,394,1,1,1,1,1
398,392,1,0,0,0,1
398,390,1,1,1,1,1
398,388,1,0,0,0,1
398,386,1,1,1,1,1
398,384,1,0,0,0,1
398,270,1,1,1,1,1
398,268,1,1,1,1,1
398,266,1,1,1,1,1
398,264,1,0,0,0,1
398,262,1,0,0,0,1
398,260,1,0,0,0,1
398,258,1,0,0,0,1
398,256,1,0,0,0,1
398,142,1,1,1,1,1
398,140,1,1,1,1,1
398,138,1,1,1,1,1
398,136,1,0,0,0,1
398,134,1,1,1,1,1
398,132,1,0,0,0,1
398,130,1,1,1,1,1
398,128,1,0,0,0,1
398,14,1,0,0,0,1
398,12,1,0,0,0,1
398,10,1,0,0,0,1
398,8,1,0,0,0,1
398,6,1,0,0,0,1
398,4,1,0,0,0,1
398,2,1,0,0,0,1
398,0,1,0,0,0,1
399,399,1,1,1,1,1
399,398,1,1,1,1,1
399,397,1,1,1,1,1
399,396,1,1,1,1,1
399,395,1,1,1,1,1
399,394,1,1,1,1,1
399,393,1,0,0,0,1
399,392,1,0,0,0,1
399,391,1,1,1,1,1
399,390,1,1,1,1,1
399,389,1,1,1,1,1
399,388,1,0,0,0,1
399,387,1,1,1,1,1
399,386,1,1,1,1,1
399,385,1,0,0,0,1
399,384,1,0,0,0,1
399,271,1,1,1,1,1
399,270,1,1,1,1,1
399,269,1,1,1,1,1
399,268,1,1,1,1,1
399,267,1,1,1,1,1
399,266,1,1,1,1,1
399,265,1,0,0,0,1
399,264,1,0,0,0,1
399,263,1,0,0,0,1
399,262,1,0,0,0,1
399,261,1,0,0,0,1
399,260,1,0,0,0,1
399,259,1,0,0,0,1
399,258,1,0,0,0,1
399,257,1,0,0,0,1
399,256,1,0,0,0,1
399,143,1,1,1,1,1
399,142,1,1,1,1,1
399,141,1,1,1,1,1
399,140,1,1,1,1,1
399,139,1,1,1,1,1
399,138,1,1,1,1,1
399,137,1,0,0,0,1
399,136,1,0,0,0,1
399,135,1,1,1,1,1
399,134,1,1,1,1,1
399,133,1,1,1,1,1
399,132,1,0,0,0,1
399,131,1,1,1,1,1
399,130,1,1,1,1,1
399,129,1,0,0,0,1
399,128,1,0,0,0,1
399,15,1,0,0,0,1
399,14,1,0,0,0,1
399,13,1,0,0,0,1
399,12,1,0,0,0,1
399,11,1,0,0,0,1
399,10,1,0,0,0,1
399,9,1,0,0,0,1
399,8,1,0,0,0,1
399,7,1,0,0,0,1
399,6,1,0,0,0,1
399,5,1,0,0,0,1
399,4,1,0,0,0,1
399,3,1,0,0,0,1
399,2,1,0,0,0,1
399,1,1,0,0,0,1
399,0,1,0,0,0,1
400,400,1,1,1,1,1
400,384,1,0,0,0,1
400,272,1,1,1,1,1
400,256,1,0,0,0,1
400,144,1,1,1,1,1
400,128,1,0,0,0,1
400,16,1,1,1,1,1
400,0,1,0,0,0,1
401,401,1,1,1,1,1
401,400,1,1,1,1,1
401,385,1,0,0,0,1
401,384,1,0,0,0,1
401,273,1,1,1,1,1
401,272,1,1,1,1,1
401,257,1,0,0,0,1
401,256,1,0,0,0,1
401,145,1,1,1,1,1
401,144,1,1,1,1,1
401,129,1,0,0,0,1
401,128,1,0,0,0,1
401,17,1,1,1,1,1
401,16,1,1,1,1,1
401,1,1,0,0,0,1
401,0,1,0,0,0,1
402,402,1,1,1,1,1
402,400,1,1,1,1,1
402,386,1,1,1,1,1
402,384,1,0,0,0,1
402,274,1,1,1,1,1
402,272,1,1,1,1,1
402,258,1,0,0,0,1
402,256,1,0,0,0,1
402,146,1,1,1,1,1
402,144,1,1,1,1,1
402,130,1,1,1,1,1
402,128,1,0,0,0,1
402,18,1,1,1,1,1
402,16,1,1,1,1,1
402,2,1,0,0,0,1
402,0,1,0,0,0,1
403,403,1,1,1,1,1
403,402,1,1,1,1,1
403,401,1,1,1,1,1
403,400,1,1,1,1,1
403,387,1,1,1,1,1
403,386,1,1,1,1,1
403,385,1,0,0,0,1
403,384,1,0,0,0,1
403,275,1,1,1,1,1
403,274,1,1,1,1,1
403,273,1,1,1,1,1
403,272,1,1,1,1,1
403,259,1,0,0,0,1
403,258,1,0,0,0,1
403,257,1,0,0,0,1
403,256,1,0,0,0,1
403,147,1,1,1,1,1
403,146,1,1,1,1,1
403,145,1,1,1,1,1
403,144,1,1,1,1,1
403,131,1,1,1,1,1
403,130,1,1,1,1,1
403,129,1,0,0,0,1
403,128,1,0,0,0,1
403,19,1,1,1,1,1
403,18,1,1,1,1,1
403,17,1,1,1,1,1
403,16,1,1,1,1,1
403,3,1,0,0,0,1
403,2,1,0,0,0,1
403,1,1,0,0,0,1
403,0,1,0,0,0,1
404,404,1,1,1,1,1
404,400,1,1,1,1,1
404,388,1,0,0,0,1
404,384,1,0,0,0,1
404,276,1,1,1,1,1
404,272,1,1,1,1,1
404,260,1,0,0,0,1
404,256,1,0,0,0,1
404,148,1,1,1,1,1
404,144,1,1,1,1,1
404,132,1,0,0,0,1
404,128,1,0,0,0,1
404,20,1,1,1,1,1
404,16,1,1,1,1,1
404,4,1,0,0,0,1
404,0,1,0,0,0,1
405,405,1,1,1,1,1
405,404,1,1,1,1,1
405,401,1,1,1,1,1
405,400,1,1,1,1,1
405,389,1,1,1,1,1
405,388,1,0,0,0,1
405,385,1,0,0,0,1
405,384,1,0,0,0,1
405,277,1,1,1,1,1
405,276,1,1,1,1,1
405,273,1,1,1,1,1
405,272,1,1,1,1,1
405,261,1,0,0,0,1
405,260,1,0,0,0,1
405,257,1,0,0,0,1
405,256,1,0,0,0,1
405,149,1,1,1,1,1
405,148,1,1,1,1,1
405,145,1,1,1,1,1
405,144,1,1,1,1,1
405,133,1,1,1,1,1
405,132,1,0,0,0,1
405,129,1,0,0,0,1
405,128,1,0,0,0,1
405,21,1,1,1,1,1
405,20,1,1,1,1,1
405,17,1,1,1,1,1
405,16,1,1,1,1,1
405,5,1,0,0,0,1
405,4,1,0,0,0,1
405,1,1,0,0,0,1
405,0,1,0,0,0,1
406,406,1,1,1,1,1
406,404,1,1,1,1,1
406,402,1,1,1,1,1
406,400,1,1,1,1,1
406,390,1,1,1,1,1
406,388,1,0,0,0,1
406,386,1,1,1,1,1
406,384,1,0,0,0,1
406,278,1,1,1,1,1
406,276,1,1,1,1,1
406,274,1,1,1,1,1
406,272,1,1,1,1,1
406,262,1,0,0,0,1
406,260,1,0,0,0,1
406,258,1,0,0,0,1
406,256,1,0,0,0,1
406,150,1,1,1,1,1
406,148,1,1,1,1,1
406,146,1,1,1,1,1
406,144,1,1,1,1,1
406,134,1,1,1,1,1
406,132,1,0,0,0,1
406,130,1,1,1,1,1
406,128,1,0,0,0,1
406,22,1,1,1,1,1
406,20,1,1,1,1,1
406,18,1,1,1,1,1
406,16,1,1,1,1,1
406,6,1,0,0,0,1
406,4,1,0,0,0,1
406,2,1,0,0,0,1
406,0,1,0,0,0,1
407,407,1,1,1,1,1
407,406,1,1,1,1,1
407,405,1,1,1,1,1
407,404,1,1,1,1,1
407,403,1,1,1,1,1
407,402,1,1,1,1,1
407,401,1,1,1,1,1
407,400,1,1,1,1,1
407,391,1,1,1,1,1
407,390,1,1,1,1,1
407,389,1,1,1,1,1
407,388,1,0,0,0,1
407,387,1,1,1,1,1
407,386,1,1,1,1,1
407,385,1,0,0,0,1
407,384,1,0,0,0,1
407,279,1,1,1,1,1
407,278,1,1,1,1,1
407,277,1,1,1,1,1
407,276,1,1,1,1,1
407,275,1,1,1,1,1
407,274,1,1,1,1,1
407,273,1,1,1,1,1
407,272,1,1,1,1,1
407,263,1,0,0,0,1
407,262,1,0,0,0,1
407,261,1,0,0,0,1
407,260,1,0,0,0,1
407,259,1,0,0,0,1
407,258,1,0,0,0,1
407,257,1,0,0,0,1
407,256,1,0,0,0,1
407,151,1,1,1,1,1
407,150,1,1,1,1,1
407,149,1,1,1,1,1
407,148,1,1,1,1,1
407,147,1,1,1,1,1
407,146,1,1,1,1,1
407,145,1,1,1,1,1
407,144,1,1,1,1,1
407,135,1,1,1,1,1
407,134,1,1,1,1,1
407,133,1,1,1,1,1
407,132,1,0,0,0,1
407,131,1,1,1,1,1
407,130,1,1,1,1,1
407,129,1,0,0,0,1
407,128,1,0,0,0,1
407,23,1,1,1,1,1
407,22,1,1,1,1,1
407,21,1,1,1,1,1
407,20,1,1,1,1,1
407,19,1,1,1,1,1
407,18,1,1,1,1,1
407,17,1,1,1,1,1
407,16,1,1,1,1,1
407,7,1,0,0,0,1
407,6,1,0,0,0,1
407,5,1,0,0,0,1
407,4,1,0,0,0,1
407,3,1,0,0,0,1
407,2,1,0,0,0,1
407,1,1,0,0,0,1
407,0,1,0,0,0,1
408,408,1,1,1,1,1
408,400,1,1,1,1,1
408,392,1,0,0,0,1
408,384,1,0,0,0,1
408,280,1,1,1,1,1
408,272,1,1,1,1,1
408,264,1,0,0,0,1
408,256,1,0,0,0,1
408,152,1,1,1,1,1
408,144,1,1,1,1,1
408,136,1,0,0,0,1
408,128,1,0,0,0,1
408,24,1,1,1,1,1
408,16,1,1,1,1,1
408,8,1,0,0,0,1
408,0,1,0,0,0,1
409,409,1,1,1,1,1
409,408,1,1,1,1,1
409,401,1,1,1,1,1
409,400,1,1,1,1,1
409,393,1,0,0,0,1
409,392,1,0,0,0,1
409,385,1,0,0,0,1
409,384,1,0,0,0,1
409,281,1,1,1,1,1
409,280,1,1,1,1,1
409,273,1,1,1,1,1
409,272,1,1,1,1,1
409,265,1,0,0,0,1
409,264,1,0,0,0,1
409,257,1,0,0,0,1
409,256,1,0,0,0,1
409,153,1,1,1,1,1
409,152,1,1,1,1,1
409,145,1,1,1,1,1
409,144,1,1,1,1,1
409,137,1,0,0,0,1
409,136,1,0,0,0,1
409,129,1,0,0,0,1
409,128,1,0,0,0,1
409,25,1,1,1,1,1
409,24,1,1,1,1,1
409,17,1,1,1,1,1
409,16,1,1,1,1,1
409,9,1,0,0,0,1
409,8,1,0,0,0,1
409,1,1,0,0,0,1
409,0,1,0,0,0,1
410,410,1,1,1,1,1
410,408,1,1,1,1,1
410,402,1,1,1,1,1
410,400,1,1,1,1,1
410,394,1,1,1,1,1
410,392,1,0,0,0,1
410,386,1,1,1,1,1
410,384,1,0,0,0,1
410,282,1,1,1,1,1
410,280,1,1,1,1,1
410,274,1,1,1,1,1
410,272,1,1,1,1,1
410,266,1,1,1,1,1
410,264,1,0,0,0,1
410,258,1,0,0,0,1
410,256,1,0,0,0,1
410,154,1,1,1,1,1
410,152,1,1,1,1,1
410,146,1,1,1,1,1
410,144,1,1,1,1,1
410,138,1,1,1,1,1
410,136,1,0,0,0,1
410,130,1,1,1,1,1
410,128,1,0,0,0,1
410,26,1,1,1,1,1
410,24,1,1,1,1,1
410,18,1,1,1,1,1
410,16,1,1,1,1,1
410,10,1,0,0,0,1
410,8,1,0,0,0,1
410,2,1,0,0,0,1
410,0,1,0,0,0,1
411,411,1,1,1,1,1
411,410,1,1,1,1,1
411,409,1,1,1,1,1
411,408,1,1,1,1,1
411,403,1,1,1,1,1
411,402,1,1,1,1,1
411,401,1,1,1,1,1
411,400,1,1,1,1,1
411,395,1,1,1,1,1
411,394,1,1,1,1,1
411,393,1,0,0,0,1
411,392,1,0,0,0,1
411,387,1,1,1,1,1
411,386,1,1,1,1,1
411,385,1,0,0,0,1
411,384,1,0,0,0,1
411,283,1,1,1,1,1
411,282,1,1,1,1,1
411,281,1,1,1,1,1
411,280,1,1,1,1,1
411,275,1,1,1,1,1
411,274,1,1,1,1,1
411,273,1,1,1,1,1
411,272,1,1,1,1,1
411,267,1,1,1,1,1
411,266,1,1,1,1,1
411,265,1,0,0,0,1
411,264,1,0,0,0,1
411,259,1,0,0,0,1
411,258,1,0,0,0,1
411,257,1,0,0,0,1
411,256,1,0,0,0,1
411,155,1,1,1,1,1
411,154,1,1,1,1,1
411,153,1,1,1,1,1
411,152,1,1,1,1,1
411,147,1,1,1,1,1
411,146,1,1,1,1,1
411,145,1,1,1,1,1
411,144,1,1,1,1,1
411,139,1,1,1,1,1
411,138,1,1,1,1,1
411,137,1,0,0,0,1
411,136,1,0,0,0,1
411,131,1,1,1,1,1
411,130,1,1,1,1,1
411,129,1,0,0,0,1
411,128,1,0,0,0,1
411,27,1,1,1,1,1
411,26,1,1,1,1,1
411,25,1,1,1,1,1
411,24,1,1,1,1,1
411,19,1,1,1,1,1
411,18,1,1,1,1,1
411,17,1,1,1,1,1
411,16,1,1,1,1,1
411,11,1,0,0,0,1
411,10,1,0,0,0,1
411,9,1,0,0,0,1
411,8,1,0,0,0,1
411,3,1,0,0,0,1
411,2,1,0,0,0,1
411,1,1,0,0,0,1
411,0,1,0,0,0,1
412,412,1,1,1,1,1
412,408,1,1,1,1,1
412,404,1,1,1,1,1
412,400,1,1,1,1,1
412,396,1,1,1,1,1
412,392,1,0,0,0,1
412,388,1,0,0,0,1
412,384,1,0,0,0,1
412,284,1,1,1,1,1
412,280,1,1,1,1,1
412,276,1,1,1,1,1
412,272,1,1,1,1,1
412,268,1,1,1,1,1
412,264,1,0,0,0,1
412,260,1,0,0,0,1
412,256,1,0,0,0,1
412,156,1,1,1,1,1
412,152,1,1,1,1,1
412,148,1,1,1,1,1
412,144,1,1,1,1,1
412,140,1,1,1,1,1
412,136,1,0,0,0,1
412,132,1,0,0,0,1
412,128,1,0,0,0,1
412,28,1,1,1,1,1
412,24,1,1,1,1,1
412,20,1,1,1,1,1
412,16,1,1,1,1,1
412,12,1,0,0,0,1
412,8,1,0,0,0,1
412,4,1,0,0,0,1
412,0,1,0,0,0,1
413,413,1,1,1,1,1
413,412,1,1,1,1,1
413,409,1,1,1,1,1
413,408,1,1,1,1,1
413,405,1,1,1,1,1
413,404,1,1,1,1,1
413,401,1,1,1,1,1
413,400,1,1,1,1,1
413,397,1,1,1,1,1
413,396,1,1,1,1,1
413,393,1,0,0,0,1
413,392,1,0,0,0,1
413,389,1,1,1,1,1
413,388,1,0,0,0,1
413,385,1,0,0,0,1
413,384,1,0,0,0,1
413,285,1,1,1,1,1
413,284,1,1,1,1,1
413,281,1,1,1,1,1
413,280,1,1,1,1,1
413,277,1,1,1,1,1
413,276,1,1,1,1,1
413,273,1,1,1,1,1
413,272,1,1,1,1,1
413,269,1,1,1,1,1
413,268,1,1,1,1,1
413,265,1,0,0,0,1
413,264,1,0,0,0,1
413,261,1,0,0,0,1
413,260,1,0,0,0,1
413,257,1,0,0,0,1
413,256,1,0,0,0,1
413,157,1,1,1,1,1
413,156,1,1,1,1,1
413,153,1,1,1,1,1
413,152,1,1,1,1,1
413,149,1,1,1,1,1
413,148,1,1,1,1,1
413,145,1,1,1,1,1
413,144,1,1,1,1,1
413,141,1,1,1,1,1
413,140,1,1,1,1,1
413,137,1,0,0,0,1
413,136,1,0,0,0,1
413,133,1,1,1,1,1
413,132,1,0,0,0,1
413,129,1,0,0,0,1
413,128,1,0,0,0,1
413,29,1,1,1,1,1
413,28,1,1,1,1,1
413,25,1,1,1,1,1
413,24,1,1,1,1,1
413,21,1,1,1,1,1
413,20,1,1,1,1,1
413,17,1,1,1,1,1
413,16,1,1,1,1,1
413,13,1,0,0,0,1
413,12,1,0,0,0,1
413,9,1,0,0,0,1
413,8,1,0,0,0,1
413,5,1,0,0,0,1
413,4,1,0,0,0,1
413,1,1,0,0,0,1
413,0,1,0,0,0,1
414,414,1,1,1,1,1
414,412,1,1,1,1,1
414,410,1,1,1,1,1
414,408,1,1,1,1,1
414,406,1,1,1,1,1
414,404,1,1,1,1,1
414,402,1,1,1,1,1
414,400,1,1,1,1,1
414,398,1,1,1,1,1
414,396,1,1,1,1,1
414,394,1,1,1,1,1
414,392,1,0,0,0,1
414,390,1,1,1,1,1
414,388,1,0,0,0,1
414,386,1,1,1,1,1
414,384,1,0,0,0,1
414,286,1,1,1,1,1
414,284,1,1,1,1,1
414,282,1,1,1,1,1
414,280,1,1,1,1,1
414,278,1,1,1,1,1
414,276,1,1,1,1,1
414,274,1,1,1,1,1
414,272,1,1,1,1,1
414,270,1,1,1,1,1
414,268,1,1,1,1,1
414,266,1,1,1,1,1
414,264,1,0,0,0,1
414,262,1,0,0,0,1
414,260,1,0,0,0,1
414,258,1,0,0,0,1
414,256,1,0,0,0,1
414,158,1,1,1,1,1
414,156,1,1,1,1,1
414,154,1,1,1,1,1
414,152,1,1,1,1,1
414,150,1,1,1,1,1
414,148,1,1,1,1,1
414,146,1,1,1,1,1
414,144,1,1,1,1,1
414,142,1,1,1,1,1
414,140,1,1,1,1,1
414,138,1,1,1,1,1
414,136,1,0,0,0,1
414,134,1,1,1,1,1
414,132,1,0,0,0,1
414,130,1,1,1,1,1
414,128,1,0,0,0,1
414,30,1,1,1,1,1
414,28,1,1,1,1,1
414,26,1,1,1,1,1
414,24,1,1,1,1,1
414,22,1,1,1,1,1
414,20,1,1,1,1,1
414,18,1,1,1,1,1
414,16,1,1,1,1,1
414,14,1,0,0,0,1
414,12,1,0,0,0,1
414,10,1,0,0,0,1
414,8,1,0,0,0,1
414,6,1,0,0,0,1
414,4,1,0,0,0,1
414,2,1,0,0,0,1
414,0,1,0,0,0,1
415,415,1,1,1,1,1
415,414,1,1,1,1,1
415,413,1,1,1,1,1
415,412,1,1,1,1,1
415,411,1,1,1,1,1
415,410,1,1,1,1,1
415,409,1,1,1,1,1
415,408,1,1,1,1,1
415,407,1,1,1,1,1
415,406,1,1,1,1,1
415,405,1,1,1,1,1
415,404,1,1,1,1,1
415,403,1,1,1,1,1
415,402,1,1,1,1,1
415,401,1,1,1,1,1
415,400,1,1,1,1,1
415,399,1,1,1,1,1
415,398,1,1,1,1,1
415,397,1,1,1,1,1
415,396,1,1,1,1,1
415,395,1,1,1,1,1
415,394,1,1,1,1,1
415,393,1,0,0,0,1
415,392,1,0,0,0,1
415,391,1,1,1,1,1
415,390,1,1,1,1,1
415,389,1,1,1,1,1
415,388,1,0,0,0,1
415,387,1,1,1,1,1
415,386,1,1,1,1,1
415,385,1,0,0,0,1
415,384,1,0,0,0,1
415,287,1,1,1,1,1
415,286,1,1,1,1,1
415,285,1,1,1,1,1
415,284,1,1,1,1,1
415,283,1,1,1,1,1
415,282,1,1,1,1,1
415,281,1,1,1,1,1
415,280,1,1,1,1,1
415,279,1,1,1,1,1
415,278,1,1,1,1,1
415,277,1,1,1,1,1
415,276,1,1,1,1,1
415,275,1,1,1,1,1
415,274,1,1,1,1,1
415,273,1,1,1,1,1
415,272,1,1,1,1,1
415,271,1,1,1,1,1
415,270,1,1,1,1,1
415,269,1,1,1,1,1
415,268,1,1,1,1,1
415,267,1,1,1,1,1
415,266,1,1,1,1,1
415,265,1,0,0,0,1
415,264,1,0,0,0,1
415,263,1,0,0,0,1
415,262,1,0,0,0,1
415,261,1,0,0,0,1
415,260,1,0,0,0,1
415,259,1,0,0,0,1
415,258,1,0,0,0,1
415,257,1,0,0,0,1
415,256,1,0,0,0,1
415,159,1,1,1,1,1
415,158,1,1,1,1,1
415,157,1,1,1,1,1
415,156,1,1,1,1,1
415,155,1,1,1,1,1
415,154,1,1,1,1,1
415,153,1,1,1,1,1
415,152,1,1,1,1,1
415,151,1,1,1,1,1
415,150,1,1,1,1,1
415,149,1,1,1,1,1
415,148,1,1,1,1,1
415,147,1,1,1,1,1
415,146,1,1,1,1,1
415,145,1,1,1,1,1
415,144,1,1,1,1,1
415,143,1,1,1,1,1
415,142,1,1,1,1,1
415,141,1,1,1,1,1
415,140,1,1,1,1,1
415,139,1,1,1,1,1
415,138,1,1,1,1,1
415,137,1,0,0,0,1
415,136,1,0,0,0,1
415,135,1,1,1,1,1
415,134,1,1,1,1,1
415,133,1,1,1,1,1
415,132,1,0,0,0,1
415,131,1,1,1,1,1
415,130,1,1,1,1,1
415,129,1,0,0,0,1
415,128,1,0,0,0,1
415,31,1,1,1,1,1
415,30,1,1,1,1,1
415,29,1,1,1,1,1
415,28,1,1,1,1,1
415,27,1,1,1,1,1
415,26,1,1,1,1,1
415,25,1,1,1,1,1
415,24,1,1,1,1,1
415,23,1,1,1,1,1
415,22,1,1,1,1,1
415,21,1,1,1,1,1
415,20,1,1,1,1,1
415,19,1,1,1,1,1
415,18,1,1,1,1,1
415,17,1,1,1,1,1
415,16,1,1,1,1,1
415,15,1,0,0,0,1
415,14,1,0,0,0,1
415,13,1,0,0,0,1
415,12,1,0,0,0,1
415,11,1,0,0,0,1
415,10,1,0,0,0,1
415,9,1,0,0,0,1
415,8,1,0,0,0,1
415,7,1,0,0,0,1
415,6,1,0,0,0,1
415,5,1,0,0,0,1
415,4,1,0,0,0,1
415,3,1,0,0,0,1
415,2,1,0,0,0,1
415,1,1,0,0,0,1
415,0,1,0,0,0,1
416,416,0,0,0,0,1
416,384,0,0,0,0,1
416,288,0,0,0,0,1
416,256,0,0,0,0,1
416,160,0,0,0,0,1
416,128,0,0,0,0,1
416,32,0,0,0,0,1
416,0,0,0,0,0,1
417,417,1,1,1,1,1
417,416,1,0,0,0,1
417,385,1,0,0,0,1
417,384,1,0,0,0,1
417,289,1,0,0,0,1
417,288,1,0,0,0,1
417,257,1,0,0,0,1
417,256,1,0,0,0,1
417,161,1,1,1,1,1
417,160,1,0,0,0,1
417,129,1,0,0,0,1
417,128,1,0,0,0,1
417,33,1,0,0,0,1
417,32,1,0,0,0,1
417,1,1,0,0,0,1
417,0,1,0,0,0,1
418,418,1,1,1,1,1
418,416,1,0,0,0,1
418,386,1,1,1,1,1
418,384,1,0,0,0,1
418,290,1,0,0,0,1
418,288,1,0,0,0,1
418,258,1,0,0,0,1
418,256,1,0,0,0,1
418,162,1,1,1,1,1
418,160,1,0,0,0,1
418,130,1,1,1,1,1
418,128,1,0,0,0,1
418,34,1,0,0,0,1
418,32,1,0,0,0,1
418,2,1,0,0,0,1
418,0,1,0,0,0,1
419,419,1,1,1,1,1
419,418,1,1,1,1,1
419,417,1,1,1,1,1
419,416,1,0,0,0,1
419,387,1,1,1,1,1
419,386,1,1,1,1,1
419,385,1,0,0,0,1
419,384,1,0,0,0,1
419,291,1,0,0,0,1
419,290,1,0,0,0,1
419,289,1,0,0,0,1
419,288,1,0,0,0,1
419,259,1,0,0,0,1
419,258,1,0,0,0,1
419,257,1,0,0,0,1
419,256,1,0,0,0,1
419,163,1,1,1,1,1
419,162,1,1,1,1,1
419,161,1,1,1,1,1
419,160,1,0,0,0,1
419,131,1,1,1,1,1
419,130,1,1,1,1,1
419,129,1,0,0,0,1
419,128,1,0,0,0,1
419,35,1,0,0,0,1
419,34,1,0,0,0,1
419,33,1,0,0,0,1
419,32,1,0,0,0,1
419,3,1,0,0,0,1
419,2,1,0,0,0,1
419,1,1,0,0,0,1
419,0,1,0,0,0,1
420,420,0,0,0,0,1
420,416,0,0,0,0,1
420,388,0,0,0,0,1
420,384,0,0,0,0,1
420,292,0,0,0,0,1
420,288,0,0,0,0,1
420,260,0,0,0,0,1
420,256,0,0,0,0,1
420,164,0,0,0,0,1
420,160,0,0,0,0,1
420,132,0,0,0,0,1
420,128,0,0,0,0,1
420,36,0,0,0,0,1
420,32,0,0,0,0,1
420,4,0,0,0,0,1
420,0,0,0,0,0,1
421,421,1,1,1,1,1
421,420,1,0,0,0,1
421,417,1,1,1,1,1
421,416,1,0,0,0,1
421,389,1,1,1,1,1
421,388,1,0,0,0,1
421,385,1,0,0,0,1
421,384,1,0,0,0,1
421,293,1,0,0,0,1
421,292,1,0,0,0,1
421,289,1,0,0,0,1
421,288,1,0,0,0,1
421,261,1,0,0,0,1
421,260,1,0,0,0,1
421,257,1,0,0,0,1
421,256,1,0,0,0,1
421,165,1,1,1,1,1
421,164,1,0,0,0,1
421,161,1,1,1,1,1
421,160,1,0,0,0,1
421,133,1,1,1,1,1
421,132,1,0,0,0,1
421,129,1,0,0,0,1
421,128,1,0,0,0,1
421,37,1,0,0,0,1
421,36,1,0,0,0,1
421,33,1,0,0,0,1
421,32,1,0,0,0,1
421,5,1,0,0,0,1
421,4,1,0,0,0,1
421,1,1,0,0,0,1
421,0,1,0,0,0,1
422,422,1,1,1,1,1
422,420,1,0,0,0,1
422,418,1,1,1,1,1
422,416,1,0,0,0,1
422,390,1,1,1,1,1
422,388,1,0,0,0,1
422,386,1,1,1,1,1
422,384,1,0,0,0,1
422,294,1,0,0,0,1
422,292,1,0,0,0,1
422,290,1,0,0,0,1
422,288,1,0,0,0,1
422,262,1,0,0,0,1
422,260,1,0,0,0,1
422,258,1,0,0,0,1
422,256,1,0,0,0,1
422,166,1,1,1,1,1
422,164,1,0,0,0,1
422,162,1,1,1,1,1
422,160,1,0,0,0,1
422,134,1,1,1,1,1
422,132,1,0,0,0,1
422,130,1,1,1,1,1
422,128,1,0,0,0,1
422,38,1,0,0,0,1
422,36,1,0,0,0,1
422,34,1,0,0,0,1
422,32,1,0,0,0,1
422,6,1,0,0,0,1
422,4,1,0,0,0,1
422,2,1,0,0,0,1
422,0,1,0,0,0,1
423,423,1,1,1,1,1
423,422,1,1,1,1,1
423,421,1,1,1,1,1
423,420,1,0,0,0,1
423,419,1,1,1,1,1
423,418,1,1,1,1,1
423,417,1,1,1,1,1
423,416,1,0,0,0,1
423,391,1,1,1,1,1
423,390,1,1,1,1,1
423,389,1,1,1,1,1
423,388,1,0,0,0,1
423,387,1,1,1,1,1
423,386,1,1,1,1,1
423,385,1,0,0,0,1
423,384,1,0,0,0,1
423,295,1,0,0,0,1
423,294,1,0,0,0,1
423,293,1,0,0,0,1
423,292,1,0,0,0,1
423,291,1,0,0,0,1
423,290,1,0,0,0,1
423,289,1,0,0,0,1
423,288,1,0,0,0,1
423,263,1,0,0,0,1
423,262,1,0,0,0,1
423,261,1,0,0,0,1
423,260,1,0,0,0,1
423,259,1,0,0,0,1
423,258,1,0,0,0,1
423,257,1,0,0,0,1
423,256,1,0,0,0,1
423,167,1,1,1,1,1
423,166,1,1,1,1,1
423,165,1,1,1,1,1
423,164,1,0,0,0,1
423,163,1,1,1,1,1
423,162,1,1,1,1,1
423,161,1,1,1,1,1
423,160,1,0,0,0,1
423,135,1,1,1,1,1
423,134,1,1,1,1,1
423,133,1,1,1,1,1
423,132,1,0,0,0,1
423,131,1,1,1,1,1
423,130,1,1,1,1,1
423,129,1,0,0,0,1
423,128,1,0,0,0,1
423,39,1,0,0,0,1
423,38,1,0,0,0,1
423,37,1,0,0,0,1
423,36,1,0,0,0,1
423,35,1,0,0,0,1
423,34,1,0,0,0,1
423,33,1,0,0,0,1
423,32,1,0,0,0,1
423,7,1,0,0,0,1
423,6,1,0,0,0,1
423,5,1,0,0,0,1
423,4,1,0,0,0,1
423,3,1,0,0,0,1
423,2,1,0,0,0,1
423,1,1,0,0,0,1
423,0,1,0,0,0,1
424,424,1,1,1,1,1
424,416,1,0,0,0,1
424,392,1,0,0,0,1
424,384,1,0,0,0,1
424,296,1,1,1,1,1
424,288,1,0,0,0,1
424,264,1,0,0,0,1
424,256,1,0,0,0,1
424,168,1,1,1,1,1
424,160,1,0,0,0,1
424,136,1,0,0,0,1
424,128,1,0,0,0,1
424,40,1,1,1,1,1
424,32,1,0,0,0,1
424,8,1,0,0,0,1
424,0,1,0,0,0,1
425,425,1,1,1,1,1
425,424,1,1,1,1,1
425,417,1,1,1,1,1
425,416,1,0,0,0,1
425,393,1,0,0,0,1
425,392,1,0,0,0,1
425,385,1,0,0,0,1
425,384,1,0,0,0,1
425,297,1,1,1,1,1
425,296,1,1,1,1,1
425,289,1,0,0,0,1
425,288,1,0,0,0,1
425,265,1,0,0,0,1
425,264,1,0,0,0,1
425,257,1,0,0,0,1
425,256,1,0,0,0,1
425,169,1,1,1,1,1
425,168,1,1,1,1,1
425,161,1,1,1,1,1
425,160,1,0,0,0,1
425,137,1,0,0,0,1
425,136,1,0,0,0,1
425,129,1,0,0,0,1
425,128,1,0,0,0,1
425,41,1,1,1,1,1
425,40,1,1,1,1,1
425,33,1,0,0,0,1
425,32,1,0,0,0,1
425,9,1,0,0,0,1
425,8,1,0,0,0,1
425,1,1,0,0,0,1
425,0,1,0,0,0,1
426,426,1,1,1,1,1
426,424,1,1,1,1,1
426,418,1,1,1,1,1
426,416,1,0,0,0,1
426,394,1,1,1,1,1
426,392,1,0,0,0,1
426,386,1,1,1,1,1
426,384,1,0,0,0,1
426,298,1,1,1,1,1
426,296,1,1,1,1,1
426,290,1,0,0,0,1
426,288,1,0,0,0,1
426,266,1,1,1,1,1
426,264,1,0,0,0,1
426,258,1,0,0,0,1
426,256,1,0,0,0,1
426,170,1,1,1,1,1
426,168,1,1,1,1,1
426,162,1,1,1,1,1
426,160,1,0,0,0,1
426,138,1,1,1,1,1
426,136,1,0,0,0,1
426,130,1,1,1,1,1
426,128,1,0,0,0,1
426,42,1,1,1,1,1
426,40,1,1,1,1,1
426,34,1,0,0,0,1
426,32,1,0,0,0,1
426,10,1,0,0,0,1
426,8,1,0,0,0,1
426,2,1,0,0,0,1
426,0,1,0,0,0,1
427,427,1,1,1,1,1
427,426,1,1,1,1,1
427,425,1,1,1,1,1
427,424,1,1,1,1,1
427,419,1,1,1,1,1
427,418,1,1,1,1,1
427,417,1,1,1,1,1
427,416,1,0,0,0,1
427,395,1,1,1,1,1
427,394,1,1,1,1,1
427,393,1,0,0,0,1
427,392,1,0,0,0,1
427,387,1,1,1,1,1
427,386,1,1,1,1,1
427,385,1,0,0,0,1
427,384,1,0,0,0,1
427,299,1,1,1,1,1
427,298,1,1,1,1,1
427,297,1,1,1,1,1
427,296,1,1,1,1,1
427,291,1,0,0,0,1
427,290,1,0,0,0,1
427,289,1,0,0,0,1
427,288,1,0,0,0,1
427,267,1,1,1,1,1
427,266,1,1,1,1,1
427,265,1,0,0,0,1
427,264,1,0,0,0,1
427,259,1,0,0,0,1
427,258,1,0,0,0,1
427,257,1,0,0,0,1
427,256,1,0,0,0,1
427,171,1,1,1,1,1
427,170,1,1,1,1,1
427,169,1,1,1,1,1
427,168,1,1,1,1,1
427,163,1,1,1,1,1
427,162,1,1,1,1,1
427,161,1,1,1,1,1
427,160,1,0,0,0,1
427,139,1,1,1,1,1
427,138,1,1,1,1,1
427,137,1,0,0,0,1
427,136,1,0,0,0,1
427,131,1,1,1,1,1
427,130,1,1,1,1,1
427,129,1,0,0,0,1
427,128,1,0,0,0,1
427,43,1,1,1,1,1
427,42,1,1,1,1,1
427,41,1,1,1,1,1
427,40,1,1,1,1,1
427,35,1,0,0,0,1
427,34,1,0,0,0,1
427,33,1,0,0,0,1
427,32,1,0,0,0,1
427,11,1,0,0,0,1
427,10,1,0,0,0,1
427,9,1,0,0,0,1
427,8,1,0,0,0,1
427,3,1,0,0,0,1
427,2,1,0,0,0,1
427,1,1,0,0,0,1
427,0,1,0,0,0,1
428,428,1,1,1,1,1
428,424,1,1,1,1,1
428,420,1,0,0,0,1
428,416,1,0,0,0,1
428,396,1,1,1,1,1
428,392,1,0,0,0,1
428,388,1,0,0,0,1
428,384,1,0,0,0,1
428,300,1,1,1,1,1
428,296,1,1,1,1,1
428,292,1,0,0,0,1
428,288,1,0,0,0,1
428,268,1,1,1,1,1
428,264,1,0,0,0,1
428,260,1,0,0,0,1
428,256,1,0,0,0,1
428,172,1,1,1,1,1
428,168,1,1,1,1,1
428,164,1,0,0,0,1
428,160,1,0,0,0,1
428,140,1,1,1,1,1
428,136,1,0,0,0,1
428,132,1,0,0,0,1
428,128,1,0,0,0,1
428,44,1,1,1,1,1
428,40,1,1,1,1,1
428,36,1,0,0,0,1
428,32,1,0,0,0,1
428,12,1,0,0,0,1
428,8,1,0,0,0,1
428,4,1,0,0,0,1
428,0,1,0,0,0,1
429,429,1,1,1,1,1
429,428,1,1,1,1,1
429,425,1,1,1,1,1
429,424,1,1,1,1,1
429,421,1,1,1,1,1
429,420,1,0,0,0,1
429,417,1,1,1,1,1
429,416,1,0,0,0,1
429,397,1,1,1,1,1
429,396,1,1,1,1,1
429,393,1,0,0,0,1
429,392,1,0,0,0,1
429,389,1,1,1,1,1
429,388,1,0,0,0,1
429,385,1,0,0,0,1
429,384,1,0,0,0,1
429,301,1,1,1,1,1
429,300,1,1,1,1,1
429,297,1,1,1,1,1
429,296,1,1,1,1,1
429,293,1,0,0,0,1
429,292,1,0,0,0,1
429,289,1,0,0,0,1
429,288,1,0,0,0,1
429,269,1,1,1,1,1
429,268,1,1,1,1,1
429,265,1,0,0,0,1
429,264,1,0,0,0,1
429,261,1,0,0,0,1
429,260,1,0,0,0,1
429,257,1,0,0,0,1
429,256,1,0,0,0,1
429,173,1,1,1,1,1
429,172,1,1,1,1,1
429,169,1,1,1,1,1
429,168,1,1,1,1,1
429,165,1,1,1,1,1
429,164,1,0,0,0,1
429,161,1,1,1,1,1
429,160,1,0,0,0,1
429,141,1,1,1,1,1
429,140,1,1,1,1,1
429,137,1,0,0,0,1
429,136,1,0,0,0,1
429,133,1,1,1,1,1
429,132,1,0,0,0,1
429,129,1,0,0,0,1
429,128,1,0,0,0,1
429,45,1,1,1,1,1
429,44,1,1,1,1,1
429,41,1,1,1,1,1
429,40,1,1,1,1,1
429,37,1,0,0,0,1
429,36,1,0,0,0,1
429,33,1,0,0,0,1
429,32,1,0,0,0,1
429,13,1,0,0,0,1
429,12,1,0,0,0,1
429,9,1,0,0,0,1
429,8,1,0,0,0,1
429,5,1,0,0,0,1
429,4,1,0,0,0,1
429,1,1,0,0,0,1
429,0,1,0,0,0,1
430,430,1,1,1,1,1
430,428,1,1,1,1,1
430,426,1,1,1,1,1
430,424,1,1,1,1,1
430,422,1,1,1,1,1
430,420,1,0,0,0,1
430,418,1,1,1,1,1
430,416,1,0,0,0,1
430,398,1,1,1,1,1
430,396,1,1,1,1,1
430,394,1,1,1,1,1
430,392,1,0,0,0,1
430,390,1,1,1,1,1
430,388,1,0,0,0,1
430,386,1,1,1,1,1
430,384,1,0,0,0,1
430,302,1,1,1,1,1
430,300,1,1,1,1,1
430,298,1,1,1,1,1
430,296,1,1,1,1,1
430,294,1,0,0,0,1
430,292,1,0,0,0,1
430,290,1,0,0,0,1
430,288,1,0,0,0,1
430,270,1,1,1,1,1
430,268,1,1,1,1,1
430,266,1,1,1,1,1
430,264,1,0,0,0,1
430,262,1,0,0,0,1
430,260,1,0,0,0,1
430,258,1,0,0,0,1
430,256,1,0,0,0,1
430,174,1,1,1,1,1
430,172,1,1,1,1,1
430,170,1,1,1,1,1
430,168,1,1,1,1,1
430,166,1,1,1,1,1
430,164,1,0,0,0,1
430,162,1,1,1,1,1
430,160,1,0,0,0,1
430,142,1,1,1,1,1
430,140,1,1,1,1,1
430,138,1,1,1,1,1
430,136,1,0,0,0,1
430,134,1,1,1,1,1
430,132,1,0,0,0,1
430,130,1,1,1,1,1
430,128,1,0,0,0,1
430,46,1,1,1,1,1
430,44,1,1,1,1,1
430,42,1,1,1,1,1
430,40,1,1,1,1,1
430,38,1,0,0,0,1
430,36,1,0,0,0,1
430,34,1,0,0,0,1
430,32,1,0,0,0,1
430,14,1,0,0,0,1
430,12,1,0,0,0,1
430,10,1,0,0,0,1
430,8,1,0,0,0,1
430,6,1,0,0,0,1
430,4,1,0,0,0,1
430,2,1,0,0,0,1
430,0,1,0,0,0,1
431,431,1,1,1,1,1
431,430,1,1,1,1,1
431,429,1,1,1,1,1
431,428,1,1,1,1,1
431,427,1,1,1,1,1
431,426,1,1,1,1,1
431,425,1,1,1,1,1
431,424,1,1,1,1,1
431,423,1,1,1,1,1
431,422,1,1,1,1,1
431,421,1,1,1,1,1
431,420,1,0,0,0,1
431,419,1,1,1,1,1
431,418,1,1,1,1,1
431,417,1,1,1,1,1
431,416,1,0,0,0,1
431,399,1,1,1,1,1
431,398,1,1,1,1,1
431,397,1,1,1,1,1
431,396,1,1,1,1,1
431,395,1,1,1,1,1
431,394,1,1,1,1,1
431,393,1,0,0,0,1
431,392,1,0,0,0,1
431,391,1,1,1,1,1
431,390,1,1,1,1,1
431,389,1,1,1,1,1
431,388,1,0,0,0,1
431,387,1,1,1,1,1
431,386,1,1,1,1,1
431,385,1,0,0,0,1
431,384,1,0,0,0,1
431,303,1,1,1,1,1
431,302,1,1,1,1,1
431,301,1,1,1,1,1
431,300,1,1,1,1,1
431,299,1,1,1,1,1
431,298,1,1,1,1,1
431,297,1,1,1,1,1
431,296,1,1,1,1,1
431,295,1,0,0,0,1
431,294,1,0,0,0,1
431,293,1,0,0,0,1
431,292,1,0,0,0,1
431,291,1,0,0,0,1
431,290,1,0,0,0,1
431,289,1,0,0,0,1
431,288,1,0,0,0,1
431,271,1,1,1,1,1
431,270,1,1,1,1,1
431,269,1,1,1,1,1
431,268,1,1,1,1,1
431,267,1,1,1,1,1
431,266,1,1,1,1,1
431,265,1,0,0,0,1
431,264,1,0,0,0,1
431,263,1,0,0,0,1
431,262,1,0,0,0,1
431,261,1,0,0,0,1
431,260,1,0,0,0,1
431,259,1,0,0,0,1
431,258,1,0,0,0,1
431,257,1,0,0,0,1
431,256,1,0,0,0,1
431,175,1,1,1,1,1
431,174,1,1,1,1,1
431,173,1,1,1,1,1
431,172,1,1,1,1,1
431,171,1,1,1,1,1
431,170,1,1,1,1,1
431,169,1,1,1,1,1
431,168,1,1,1,1,1
431,167,1,1,1,1,1
431,166,1,1,1,1,1
431,165,1,1,1,1,1
431,164,1,0,0,0,1
431,163,1,1,1,1,1
431,162,1,1,1,1,1
431,161,1,1,1,1,1
431,160,1,0,0,0,1
431,143,1,1,1,1,1
431,142,1,1,1,1,1
431,141,1,1,1,1,1
431,140,1,1,1,1,1
431,139,1,1,1,1,1
431,138,1,1,1,1,1
431,137,1,0,0,0,1
431,136,1,0,0,0,1
431,135,1,1,1,1,1
431,134,1,1,1,1,1
431,133,1,1,1,1,1
431,132,1,0,0,0,1
431,131,1,1,1,1,1
431,130,1,1,1,1,1
431,129,1,0,0,0,1
431,128,1,0,0,0,1
431,47,1,1,1,1,1
431,46,1,1,1,1,1
431,45,1,1,1,1,1
431,44,1,1,1,1,1
431,43,1,1,1,1,1
431,42,1,1,1,1,1
431,41,1,1,1,1,1
431,40,1,1,1,1,1
431,39,1,0,0,0,1
431,38,1,0,0,0,1
431,37,1,0,0,0,1
431,36,1,0,0,0,1
431,35,1,0,0,0,1
431,34,1,0,0,0,1
431,33,1,0,0,0,1
431,32,1,0,0,0,1
431,15,1,0,0,0,1
431,14,1,0,0,0,1
431,13,1,0,0,0,1
431,12,1,0,0,0,1
431,11,1,0,0,0,1
431,10,1,0,0,0,1
431,9,1,0,0,0,1
431,8,1,0,0,0,1
431,7,1,0,0,0,1
431,6,1,0,0,0,1
431,5,1,0,0,0,1
431,4,1,0,0,0,1
431,3,1,0,0,0,1
431,2,1,0,0,0,1
431,1,1,0,0,0,1
431,0,1,0,0,0,1
432,432,1,1,1,1,1
432,416,1,0,0,0,1
432,400,1,1,1,1,1
432,384,1,0,0,0,1
432,304,1,1,1,1,1
432,288,1,0,0,0,1
432,272,1,1,1,1,1
432,256,1,0,0,0,1
432,176,1,1,1,1,1
432,160,1,0,0,0,1
432,144,1,1,1,1,1
432,128,1,0,0,0,1
432,48,1,1,1,1,1
432,32,1,0,0,0,1
432,16,1,1,1,1,1
432,0,1,0,0,0,1
433,433,1,1,1,1,1
433,432,1,1,1,1,1
433,417,1,1,1,1,1
433,416,1,0,0,0,1
433,401,1,1,1,1,1
433,400,1,1,1,1,1
433,385,1,0,0,0,1
433,384,1,0,0,0,1
433,305,1,1,1,1,1
433,304,1,1,1,1,1
433,289,1,0,0,0,1
433,288,1,0,0,0,1
433,273,1,1,1,1,1
433,272,1,1,1,1,1
433,257,1,0,0,0,1
433,256,1,0,0,0,1
433,177,1,1,1,1,1
433,176,1,1,1,1,1
433,161,1,1,1,1,1
433,160,1,0,0,0,1
433,145,1,1,1,1,1
433,144,1,1,1,1,1
433,129,1,0,0,0,1
433,128,1,0,0,0,1
433,49,1,1,1,1,1
433,48,1,1,1,1,1
433,33,1,0,0,0,1
433,32,1,0,0,0,1
433,17,1,1,1,1,1
433,16,1,1,1,1,1
433,1,1,0,0,0,1
433,0,1,0,0,0,1
434,434,1,1,1,1,1
434,432,1,1,1,1,1
434,418,1,1,1,1,1
434,416,1,0,0,0,1
434,402,1,1,1,1,1
434,400,1,1,1,1,1
434,386,1,1,1,1,1
434,384,1,0,0,0,1
434,306,1,1,1,1,1
434,304,1,1,1,1,1
434,290,1,0,0,0,1
434,288,1,0,0,0,1
434,274,1,1,1,1,1
434,272,1,1,1,1,1
434,258,1,0,0,0,1
434,256,1,0,0,0,1
434,178,1,1,1,1,1
434,176,1,1,1,1,1
434,162,1,1,1,1,1
434,160,1,0,0,0,1
434,146,1,1,1,1,1
434,144,1,1,1,1,1
434,130,1,1,1,1,1
434,128,1,0,0,0,1
434,50,1,1,1,1,1
434,48,1,1,1,1,1
434,34,1,0,0,0,1
434,32,1,0,0,0,1
434,18,1,1,1,1,1
434,16,1,1,1,1,1
434,2,1,0,0,0,1
434,0,1,0,0,0,1
435,435,1,1,1,1,1
435,434,1,1,1,1,1
435,433,1,1,1,1,1
435,432,1,1,1,1,1
435,419,1,1,1,1,1
435,418,1,1,1,1,1
435,417,1,1,1,1,1
435,416,1,0,0,0,1
435,403,1,1,1,1,1
435,402,1,1,1,1,1
435,401,1,1,1,1,1
435,400,1,1,1,1,1
435,387,1,1,1,1,1
435,386,1,1,1,1,1
435,385,1,0,0,0,1
435,384,1,0,0,0,1
435,307,1,1,1,1,1
435,306,1,1,1,1,1
435,305,1,1,1,1,1
435,304,1,1,1,1,1
435,291,1,0,0,0,1
435,290,1,0,0,0,1
435,289,1,0,0,0,1
435,288,1,0,0,0,1
435,275,1,1,1,1,1
435,274,1,1,1,1,1
435,273,1,1,1,1,1
435,272,1,1,1,1,1
435,259,1,0,0,0,1
435,258,1,0,0,0,1
435,257,1,0,0,0,1
435,256,1,0,0,0,1
435,179,1,1,1,1,1
435,178,1,1,1,1,1
435,177,1,1,1,1,1
435,176,1,1,1,1,1
435,163,1,1,1,1,1
435,162,1,1,1,1,1
435,161,1,1,1,1,1
435,160,1,0,0,0,1
435,147,1,1,1,1,1
435,146,1,1,1,1,1
435,145,1,1,1,1,1
435,144,1,1,1,1,1
435,131,1,1,1,1,1
435,130,1,1,1,1,1
435,129,1,0,0,0,1
435,128,1,0,0,0,1
435,51,1,1,1,1,1
435,50,1,1,1,1,1
435,49,1,1,1,1,1
435,48,1,1,1,1,1
435,35,1,0,0,0,1
435,34,1,0,0,0,1
435,33,1,0,0,0,1
435,32,1,0,0,0,1
435,19,1,1,1,1,1
435,18,1,1,1,1,1
435,17,1,1,1,1,1
435,16,1,1,1,1,1
435,3,1,0,0,0,1
435,2,1,0,0,0,1
435,1,1,0,0,0,1
435,0,1,0,0,0,1
436,436,1,1,1,1,1
436,432,1,1,1,1,1
436,420,1,0,0,0,1
436,416,1,0,0,0,1
436,404,1,1,1,1,1
436,400,1,1,1,1,1
436,388,1,0,0,0,1
436,384,1,0,0,0,1
436,308,1,1,1,1,1
436,304,1,1,1,1,1
436,292,1,0,0,0,1
436,288,1,0,0,0,1
436,276,1,1,1,1,1
436,272,1,1,1,1,1
436,260,1,0,0,0,1
436,256,1,0,0,0,1
436,180,1,1,1,1,1
436,176,1,1,1,1,1
436,164,1,0,0,0,1
436,160,1,0,0,0,1
436,148,1,1,1,1,1
436,144,1,1,1,1,1
436,132,1,0,0,0,1
436,128,1,0,0,0,1
436,52,1,1,1,1,1
436,48,1,1,1,1,1
436,36,1,0,0,0,1
436,32,1,0,0,0,1
436,20,1,1,1,1,1
436,16,1,1,1,1,1
436,4,1,0,0,0,1
436,0,1,0,0,0,1
437,437,1,1,1,1,1
437,436,1,1,1,1,1
437,433,1,1,1,1,1
437,432,1,1,1,1,1
437,421,1,1,1,1,1
437,420,1,0,0,0,1
437,417,1,1,1,1,1
437,416,1,0,0,0,1
437,405,1,1,1,1,1
437,404,1,1,1,1,1
437,401,1,1,1,1,1
437,400,1,1,1,1,1
437,389,1,1,1,1,1
437,388,1,0,0,0,1
437,385,1,0,0,0,1
437,384,1,0,0,0,1
437,309,1,1,1,1,1
437,308,1,1,1,1,1
437,305,1,1,1,1,1
437,304,1,1,1,1,1
437,293,1,0,0,0,1
437,292,1,0,0,0,1
437,289,1,0,0,0,1
437,288,1,0,0,0,1
437,277,1,1,1,1,1
437,276,1,1,1,1,1
437,273,1,1,1,1,1
437,272,1,1,1,1,1
437,261,1,0,0,0,1
437,260,1,0,0,0,1
437,257,1,0,0,0,1
437,256,1,0,0,0,1
437,181,1,1,1,1,1
437,180,1,1,1,1,1
437,177,1,1,1,1,1
437,176,1,1,1,1,1
437,165,1,1,1,1,1
437,164,1,0,0,0,1
437,161,1,1,1,1,1
437,160,1,0,0,0,1
437,149,1,1,1,1,1
437,148,1,1,1,1,1
437,145,1,1,1,1,1
437,144,1,1,1,1,1
437,133,1,1,1,1,1
437,132,1,0,0,0,1
437,129,1,0,0,0,1
437,128,1,0,0,0,1
437,53,1,1,1,1,1
437,52,1,1,1,1,1
437,49,1,1,1,1,1
437,48,1,1,1,1,1
437,37,1,0,0,0,1
437,36,1,0,0,0,1
437,33,1,0,0,0,1
437,32,1,0,0,0,1
437,21,1,1,1,1,1
437,20,1,1,1,1,1
437,17,1,1,1,1,1
437,16,1,1,1,1,1
437,5,1,0,0,0,1
437,4,1,0,0,0,1
437,1,1,0,0,0,1
437,0,1,0,0,0,1
438,438,1,1,1,1,1
438,436,1,1,1,1,1
438,434,1,1,1,1,1
438,432,1,1,1,1,1
438,422,1,1,1,1,1
438,420,1,0,0,0,1
438,418,1,1,1,1,1
438,416,1,0,0,0,1
438,406,1,1,1,1,1
438,404,1,1,1,1,1
438,402,1,1,1,1,1
438,400,1,1,1,1,1
438,390,1,1,1,1,1
438,388,1,0,0,0,1
438,386,1,1,1,1,1
438,384,1,0,0,0,1
438,310,1,1,1,1,1
438,308,1,1,1,1,1
438,306,1,1,1,1,1
438,304,1,1,1,1,1
438,294,1,0,0,0,1
438,292,1,0,0,0,1
438,290,1,0,0,0,1
438,288,1,0,0,0,1
438,278,1,1,1,1,1
438,276,1,1,1,1,1
438,274,1,1,1,1,1
438,272,1,1,1,1,1
438,262,1,0,0,0,1
438,260,1,0,0,0,1
438,258,1,0,0,0,1
438,256,1,0,0,0,1
438,182,1,1,1,1,1
438,180,1,1,1,1,1
438,178,1,1,1,1,1
438,176,1,1,1,1,1
438,166,1,1,1,1,1
438,164,1,0,0,0,1
438,162,1,1,1,1,1
438,160,1,0,0,0,1
438,150,1,1,1,1,1
438,148,1,1,1,1,1
438,146,1,1,1,1,1
438,144,1,1,1,1,1
438,134,1,1,1,1,1
438,132,1,0,0,0,1
438,130,1,1,1,1,1
438,128,1,0,0,0,1
438,54,1,1,1,1,1
438,52,1,1,1,1,1
438,50,1,1,1,1,1
438,48,1,1,1,1,1
438,38,1,0,0,0,1
438,36,1,0,0,0,1
438,34,1,0,0,0,1
438,32,1,0,0,0,1
438,22,1,1,1,1,1
438,20,1,1,1,1,1
438,18,1,1,1,1,1
438,16,1,1,1,1,1
438,6,1,0,0,0,1
438,4,1,0,0,0,1
438,2,1,0,0,0,1
438,0,1,0,0,0,1
439,439,1,1,1,1,1
439,438,1,1,1,1,1
439,437,1,1,1,1,1
439,436,1,1,1,1,1
439,435,1,1,1,1,1
439,434,1,1,1,1,1
439,433,1,1,1,1,1
439,432,1,1,1,1,1
439,423,1,1,1,1,1
439,422,1,1,1,1,1
439,421,1,1,1,1,1
439,420,1,0,0,0,1
439,419,1,1,1,1,1
439,418,1,1,1,1,1
439,417,1,1,1,1,1
439,416,1,0,0,0,1
439,407,1,1,1,1,1
439,406,1,1,1,1,1
439,405,1,1,1,1,1
439,404,1,1,1,1,1
439,403,1,1,1,1,1
439,402,1,1,1,1,1
439,401,1,1,1,1,1
439,400,1,1,1,1,1
439,391,1,1,1,1,1
439,390,1,1,1,1,1
439,389,1,1,1,1,1
439,388,1,0,0,0,1
439,387,1,1,1,1,1
439,386,1,1,1,1,1
439,385,1,0,0,0,1
439,384,1,0,0,0,1
439,311,1,1,1,1,1
439,310,1,1,1,1,1
439,309,1,1,1,1,1
439,308,1,1,1,1,1
439,307,1,1,1,1,1
439,306,1,1,1,1,1
439,305,1,1,1,1,1
439,304,1,1,1,1,1
439,295,1,0,0,0,1
439,294,1,0,0,0,1
439,293,1,0,0,0,1
439,292,1,0,0,0,1
439,291,1,0,0,0,1
439,290,1,0,0,0,1
439,289,1,0,0,0,1
439,288,1,0,0,0,1
439,279,1,1,1,1,1
439,278,1,1,1,1,1
439,277,1,1,1,1,1
439,276,1,1,1,1,1
439,275,1,1,1,1,1
439,274,1,1,1,1,1
439,273,1,1,1,1,1
439,272,1,1,1,1,1
439,263,1,0,0,0,1
439,262,1,0,0,0,1
439,261,1,0,0,0,1
439,260,1,0,0,0,1
439,259,1,0,0,0,1
439,258,1,0,0,0,1
439,257,1,0,0,0,1
439,256,1,0,0,0,1
439,183,1,1,1,1,1
439,182,1,1,1,1,1
439,181,1,1,1,1,1
439,180,1,1,1,1,1
439,179,1,1,1,1,1
439,178,1,1,1,1,1
439,177,1,1,1,1,1
439,176,1,1,1,1,1
439,167,1,1,1,1,1
439,166,1,1,1,1,1
439,165,1,1,1,1,1
439,164,1,0,0,0,1
439,163,1,1,1,1,1
439,162,1,1,1,1,1
439,161,1,1,1,1,1
439,160,1,0,0,0,1
439,151,1,1,1,1,1
439,150,1,1,1,1,1
439,149,1,1,1,1,1
439,148,1,1,1,1,1
439,147,1,1,1,1,1
439,146,1,1,1,1,1
439,145,1,1,1,1,1
439,144,1,1,1,1,1
439,135,1,1,1,1,1
439,134,1,1,1,1,1
439,133,1,1,1,1,1
439,132,1,0,0,0,1
439,131,1,1,1,1,1
439,130,1,1,1,1,1
439,129,1,0,0,0,1
439,128,1,0,0,0,1
439,55,1,1,1,1,1
439,54,1,1,1,1,1
439,53,1,1,1,1,1
439,52,1,1,1,1,1
439,51,1,1,1,1,1
439,50,1,1,1,1,1
439,49,1,1,1,1,1
439,48,1,1,1,1,1
439,39,1,0,0,0,1
439,38,1,0,0,0,1
439,37,1,0,0,0,1
439,36,1,0,0,0,1
439,35,1,0,0,0,1
439,34,1,0,0,0,1
439,33,1,0,0,0,1
439,32,1,0,0,0,1
439,23,1,1,1,1,1
439,22,1,1,1,1,1
439,21,1,1,1,1,1
439,20,1,1,1,1,1
439,19,1,1,1,1,1
439,18,1,1,1,1,1
439,17,1,1,1,1,1
439,16,1,1,1,1,1
439,7,1,0,0,0,1
439,6,1,0,0,0,1
439,5,1,0,0,0,1
439,4,1,0,0,0,1
439,3,1,0,0,0,1
439,2,1,0,0,0,1
439,1,1,0,0,0,1
439,0,1,0,0,0,1
440,440,1,1,1,1,1
440,432,1,1,1,1,1
440,424,1,1,1,1,1
440,416,1,0,0,0,1
440,408,1,1,1,1,1
440,400,1,1,1,1,1
440,392,1,0,0,0,1
440,384,1,0,0,0,1
440,312,1,1,1,1,1
440,304,1,1,1,1,1
440,296,1,1,1,1,1
440,288,1,0,0,0,1
440,280,1,1,1,1,1
440,272,1,1,1,1,1
440,264,1,0,0,0,1
440,256,1,0,0,0,1
440,184,1,1,1,1,1
440,176,1,1,1,1,1
440,168,1,1,1,1,1
440,160,1,0,0,0,1
440,152,1,1,1,1,1
440,144,1,1,1,1,1
440,136,1,0,0,0,1
440,128,1,0,0,0,1
440,56,1,1,1,1,1
440,48,1,1,1,1,1
440,40,1,1,1,1,1
440,32,1,0,0,0,1
440,24,1,1,1,1,1
440,16,1,1,1,1,1
440,8,1,0,0,0,1
440,0,1,0,0,0,1
441,441,1,1,1,1,1
441,440,1,1,1,1,1
441,433,1,1,1,1,1
441,432,1,1,1,1,1
441,425,1,1,1,1,1
441,424,1,1,1,1,1
441,417,1,1,1,1,1
441,416,1,0,0,0,1
441,409,1,1,1,1,1
441,408,1,1,1,1,1
441,401,1,1,1,1,1
441,400,1,1,1,1,1
441,393,1,0,0,0,1
441,392,1,0,0,0,1
441,385,1,0,0,0,1
441,384,1,0,0,0,1
441,313,1,1,1,1,1
441,312,1,1,1,1,1
441,305,1,1,1,1,1
441,304,1,1,1,1,1
441,297,1,1,1,1,1
441,296,1,1,1,1,1
441,289,1,0,0,0,1
441,288,1,0,0,0,1
441,281,1,1,1,1,1
441,280,1,1,1,1,1
441,273,1,1,1,1,1
441,272,1,1,1,1,1
441,265,1,0,0,0,1
441,264,1,0,0,0,1
441,257,1,0,0,0,1
441,256,1,0,0,0,1
441,185,1,1,1,1,1
441,184,1,1,1,1,1
441,177,1,1,1,1,1
441,176,1,1,1,1,1
441,169,1,1,1,1,1
441,168,1,1,1,1,1
441,161,1,1,1,1,1
441,160,1,0,0,0,1
441,153,1,1,1,1,1
441,152,1,1,1,1,1
441,145,1,1,1,1,1
441,144,1,1,1,1,1
441,137,1,0,0,0,1
441,136,1,0,0,0,1
441,129,1,0,0,0,1
441,128,1,0,0,0,1
441,57,1,1,1,1,1
441,56,1,1,1,1,1
441,49,1,1,1,1,1
441,48,1,1,1,1,1
441,41,1,1,1,1,1
441,40,1,1,1,1,1
441,33,1,0,0,0,1
441,32,1,0,0,0,1
441,25,1,1,1,1,1
441,24,1,1,1,1,1
441,17,1,1,1,1,1
441,16,1,1,1,1,1
441,9,1,0,0,0,1
441,8,1,0,0,0,1
441,1,1,0,0,0,1
441,0,1,0,0,0,1
442,442,1,1,1,1,1
442,440,1,1,1,1,1
442,434,1,1,1,1,1
442,432,1,1,1,1,1
442,426,1,1,1,1,1
442,424,1,1,1,1,1
442,418,1,1,1,1,1
442,416,1,0,0,0,1
442,410,1,1,1,1,1
442,408,1,1,1,1,1
442,402,1,1,1,1,1
442,400,1,1,1,1,1
442,394,1,1,1,1,1
442,392,1,0,0,0,1
442,386,1,1,1,1,1
442,384,1,0,0,0,1
442,314,1,1,1,1,1
442,312,1,1,1,1,1
442,306,1,1,1,1,1
442,304,1,1,1,1,1
442,298,1,1,1,1,1
442,296,1,1,1,1,1
442,290,1,0,0,0,1
442,288,1,0,0,0,1
442,282,1,1,1,1,1
442,280,1,1,1,1,1
442,274,1,1,1,1,1
442,272,1,1,1,1,1
442,266,1,1,1,1,1
442,264,1,0,0,0,1
442,258,1,0,0,0,1
442,256,1,0,0,0,1
442,186,1,1,1,1,1
442,184,1,1,1,1,1
442,178,1,1,1,1,1
442,176,1,1,1,1,1
442,170,1,1,1,1,1
442,168,1,1,1,1,1
442,162,1,1,1,1,1
442,160,1,0,0,0,1
442,154,1,1,1,1,1
442,152,1,1,1,1,1
442,146,1,1,1,1,1
442,144,1,1,1,1,1
442,138,1,1,1,1,1
442,136,1,0,0,0,1
442,130,1,1,1,1,1
442,128,1,0,0,0,1
442,58,1,1,1,1,1
442,56,1,1,1,1,1
442,50,1,1,1,1,1
442,48,1,1,1,1,1
442,42,1,1,1,1,1
442,40,1,1,1,1,1
442,34,1,0,0,0,1
442,32,1,0,0,0,1
442,26,1,1,1,1,1
442,24,1,1,1,1,1
442,18,1,1,1,1,1
442,16,1,1,1,1,1
442,10,1,0,0,0,1
442,8,1,0,0,0,1
442,2,1,0,0,0,1
442,0,1,0,0,0,1
443,443,1,1,1,1,1
443,442,1,1,1,1,1
443,441,1,1,1,1,1
443,440,1,1,1,1,1
443,435,1,1,1,1,1
443,434,1,1,1,1,1
443,433,1,1,1,1,1
443,432,1,1,1,1,1
443,427,1,1,1,1,1
443,426,1,1,1,1,1
443,425,1,1,1,1,1
443,424,1,1,1,1,1
443,419,1,1,1,1,1
443,418,1,1,1,1,1
443,417,1,1,1,1,1
443,416,1,0,0,0,1
443,411,1,1,1,1,1
443,410,1,1,1,1,1
443,409,1,1,1,1,1
443,408,1,1,1,1,1
443,403,1,1,1,1,1
443,402,1,1,1,1,1
443,401,1,1,1,1,1
443,400,1,1,1,1,1
443,395,1,1,1,1,1
443,394,1,1,1,1,1
443,393,1,0,0,0,1
443,392,1,0,0,0,1
443,387,1,1,1,1,1
443,386,1,1,1,1,1
443,385,1,0,0,0,1
443,384,1,0,0,0,1
443,315,1,1,1,1,1
443,314,1,1,1,1,1
443,313,1,1,1,1,1
443,312,1,1,1,1,1
443,307,1,1,1,1,1
443,306,1,1,1,1,1
443,305,1,1,1,1,1
443,304,1,1,1,1,1
443,299,1,1,1,1,1
443,298,1,1,1,1,1
443,297,1,1,1,1,1
443,296,1,1,1,1,1
443,291,1,0,0,0,1
443,290,1,0,0,0,1
443,289,1,0,0,0,1
443,288,1,0,0,0,1
443,283,1,1,1,1,1
443,282,1,1,1,1,1
443,281,1,1,1,1,1
443,280,1,1,1,1,1
443,275,1,1,1,1,1
443,274,1,1,1,1,1
443,273,1,1,1,1,1
443,272,1,1,1,1,1
443,267,1,1,1,1,1
443,266,1,1,1,1,1
443,265,1,0,0,0,1
443,264,1,0,0,0,1
443,259,1,0,0,0,1
443,258,1,0,0,0,1
443,257,1,0,0,0,1
443,256,1,0,0,0,1
443,187,1,1,1,1,1
443,186,1,1,1,1,1
443,185,1,1,1,1,1
443,184,1,1,1,1,1
443,179,1,1,1,1,1
443,178,1,1,1,1,1
443,177,1,1,1,1,1
443,176,1,1,1,1,1
443,171,1,1,1,1,1
443,170,1,1,1,1,1
443,169,1,1,1,1,1
443,168,1,1,1,1,1
443,163,1,1,1,1,1
443,162,1,1,1,1,1
443,161,1,1,1,1,1
443,160,1,0,0,0,1
443,155,1,1,1,1,1
443,154,1,1,1,1,1
443,153,1,1,1,1,1
443,152,1,1,1,1,1
443,147,1,1,1,1,1
443,146,1,1,1,1,1
443,145,1,1,1,1,1
443,144,1,1,1,1,1
443,139,1,1,1,1,1
443,138,1,1,1,1,1
443,137,1,0,0,0,1
443,136,1,0,0,0,1
443,131,1,1,1,1,1
443,130,1,1,1,1,1
443,129,1,0,0,0,1
443,128,1,0,0,0,1
443,59,1,1,1,1,1
443,58,1,1,1,1,1
443,57,1,1,1,1,1
443,56,1,1,1,1,1
443,51,1,1,1,1,1
443,50,1,1,1,1,1
443,49,1,1,1,1,1
443,48,1,1,1,1,1
443,43,1,1,1,1,1
443,42,1,1,1,1,1
443,41,1,1,1,1,1
443,40,1,1,1,1,1
443,35,1,0,0,0,1
443,34,1,0,0,0,1
443,33,1,0,0,0,1
443,32,1,0,0,0,1
443,27,1,1,1,1,1
443,26,1,1,1,1,1
443,25,1,1,1,1,1
443,24,1,1,1,1,1
443,19,1,1,1,1,1
443,18,1,1,1,1,1
443,17,1,1,1,1,1
443,16,1,1,1,1,1
443,11,1,0,0,0,1
443,10,1,0,0,0,1
443,9,1,0,0,0,1
443,8,1,0,0,0,1
443,3,1,0,0,0,1
443,2,1,0,0,0,1
443,1,1,0,0,0,1
443,0,1,0,0,0,1
444,444,1,1,1,1,1
444,440,1,1,1,1,1
444,436,1,1,1,1,1
444,432,1,1,1,1,1
444,428,1,1,1,1,1
444,424,1,1,1,1,1
444,420,1,0,0,0,1
444,416,1,0,0,0,1
444,412,1,1,1,1,1
444,408,1,1,1,1,1
444,404,1,1,1,1,1
444,400,1,1,1,1,1
444,396,1,1,1,1,1
444,392,1,0,0,0,1
444,388,1,0,0,0,1
444,384,1,0,0,0,1
444,316,1,1,1,1,1
444,312,1,1,1,1,1
444,308,1,1,1,1,1
444,304,1,1,1,1,1
444,300,1,1,1,1,1
444,296,1,1,1,1,1
444,292,1,0,0,0,1
444,288,1,0,0,0,1
444,284,1,1,1,1,1
444,280,1,1,1,1,1
444,276,1,1,1,1,1
444,272,1,1,1,1,1
444,268,1,1,1,1,1
444,264,1,0,0,0,1
444,260,1,0,0,0,1
444,256,1,0,0,0,1
444,188,1,1,1,1,1
444,184,1,1,1,1,1
444,180,1,1,1,1,1
444,176,1,1,1,1,1
444,172,1,1,1,1,1
444,168,1,1,1,1,1
444,164,1,0,0,0,1
444,160,1,0,0,0,1
444,156,1,1,1,1,1
444,152,1,1,1,1,1
444,148,1,1,1,1,1
444,144,1,1,1,1,1
444,140,1,1,1,1,1
444,136,1,0,0,0,1
444,132,1,0,0,0,1
444,128,1,0,0,0,1
444,60,1,1,1,1,1
444,56,1,1,1,1,1
444,52,1,1,1,1,1
444,48,1,1,1,1,1
444,44,1,1,1,1,1
444,40,1,1,1,1,1
444,36,1,0,0,0,1
444,32,1,0,0,0,1
444,28,1,1,1,1,1
444,24,1,1,1,1,1
444,20,1,1,1,1,1
444,16,1,1,1,1,1
444,12,1,0,0,0,1
444,8,1,0,0,0,1
444,4,1,0,0,0,1
444,0,1,0,0,0,1
445,445,1,1,1,1,1
445,444,1,1,1,1,1
445,441,1,1,1,1,1
445,440,1,1,1,1,1
445,437,1,1,1,1,1
445,436,1,1,1,1,1
445,433,1,1,1,1,1
445,432,1,1,1,1,1
445,429,1,1,1,1,1
445,428,1,1,1,1,1
445,425,1,1,1,1,1
445,424,1,1,1,1,1
445,421,1,1,1,1,1
445,420,1,0,0,0,1
445,417,1,1,1,1,1
445,416,1,0,0,0,1
445,413,1,1,1,1,1
445,412,1,1,1,1,1
445,409,1,1,1,1,1
445,408,1,1,1,1,1
445,405,1,1,1,1,1
445,404,1,1,1,1,1
445,401,1,1,1,1,1
445,400,1,1,1,1,1
445,397,1,1,1,1,1
445,396,1,1,1,1,1
445,393,1,0,0,0,1
445,392,1,0,0,0,1
445,389,1,1,1,1,1
445,388,1,0,0,0,1
445,385,1,0,0,0,1
445,384,1,0,0,0,1
445,317,1,1,1,1,1
445,316,1,1,1,1,1
445,313,1,1,1,1,1
445,312,1,1,1,1,1
445,309,1,1,1,1,1
445,308,1,1,1,1,1
445,305,1,1,1,1,1
445,304,1,1,1,1,1
445,301,1,1,1,1,1
445,300,1,1,1,1,1
445,297,1,1,1,1,1
445,296,1,1,1,1,1
445,293,1,0,0,0,1
445,292,1,0,0,0,1
445,289,1,0,0,0,1
445,288,1,0,0,0,1
445,285,1,1,1,1,1
445,284,1,1,1,1,1
445,281,1,1,1,1,1
445,280,1,1,1,1,1
445,277,1,1,1,1,1
445,276,1,1,1,1,1
445,273,1,1,1,1,1
445,272,1,1,1,1,1
445,269,1,1,1,1,1
445,268,1,1,1,1,1
445,265,1,0,0,0,1
445,264,1,0,0,0,1
445,261,1,0,0,0,1
445,260,1,0,0,0,1
445,257,1,0,0,0,1
445,256,1,0,0,0,1
445,189,1,1,1,1,1
445,188,1,1,1,1,1
445,185,1,1,1,1,1
445,184,1,1,1,1,1
445,181,1,1,1,1,1
445,180,1,1,1,1,1
445,177,1,1,1,1,1
445,176,1,1,1,1,1
445,173,1,1,1,1,1
445,172,1,1,1,1,1
445,169,1,1,1,1,1
445,168,1,1,1,1,1
445,165,1,1,1,1,1
445,164,1,0,0,0,1
445,161,1,1,1,1,1
445,160,1,0,0,0,1
445,157,1,1,1,1,1
445,156,1,1,1,1,1
445,153,1,1,1,1,1
445,152,1,1,1,1,1
445,149,1,1,1,1,1
445,148,1,1,1,1,1
445,145,1,1,1,1,1
445,144,1,1,1,1,1
445,141,1,1,1,1,1
445,140,1,1,1,1,1
445,137,1,0,0,0,1
445,136,1,0,0,0,1
445,133,1,1,1,1,1
445,132,1,0,0,0,1
445,129,1,0,0,0,1
445,128,1,0,0,0,1
445,61,1,1,1,1,1
445,60,1,1,1,1,1
445,57,1,1,1,1,1
445,56,1,1,1,1,1
445,53,1,1,1,1,1
445,52,1,1,1,1,1
445,49,1,1,1,1,1
445,48,1,1,1,1,1
445,45,1,1,1,1,1
445,44,1,1,1,1,1
445,41,1,1,1,1,1
445,40,1,1,1,1,1
445,37,1,0,0,0,1
445,36,1,0,0,0,1
445,33,1,0,0,0,1
445,32,1,0,0,0,1
445,29,1,1,1,1,1
445,28,1,1,1,1,1
445,25,1,1,1,1,1
445,24,1,1,1,1,1
445,21,1,1,1,1,1
445,20,1,1,1,1,1
445,17,1,1,1,1,1
445,16,1,1,1,1,1
445,13,1,0,0,0,1
445,12,1,0,0,0,1
445,9,1,0,0,0,1
445,8,1,0,0,0,1
445,5,1,0,0,0,1
445,4,1,0,0,0,1
445,1,1,0,0,0,1
445,0,1,0,0,0,1
446,446,1,1,1,1,1
446,444,1,1,1,1,1
446,442,1,1,1,1,1
446,440,1,1,1,1,1
446,438,1,1,1,1,1
446,436,1,1,1,1,1
446,434,1,1,1,1,1
446,432,1,1,1,1,1
446,430,1,1,1,1,1
446,428,1,1,1,1,1
446,426,1,1,1,1,1
446,424,1,1,1,1,1
446,422,1,1,1,1,1
446,420,1,0,0,0,1
446,418,1,1,1,1,1
446,416,1,0,0,0,1
446,414,1,1,1,1,1
446,412,1,1,1,1,1
446,410,1,1,1,1,1
446,408,1,1,1,1,1
446,406,1,1,1,1,1
446,404,1,1,1,1,1
446,402,1,1,1,1,1
446,400,1,1,1,1,1
446,398,1,1,1,1,1
446,396,1,1,1,1,1
446,394,1,1,1,1,1
446,392,1,0,0,0,1
446,390,1,1,1,1,1
446,388,1,0,0,0,1
446,386,1,1,1,1,1
446,384,1,0,0,0,1
446,318,1,1,1,1,1
446,316,1,1,1,1,1
446,314,1,1,1,1,1
446,312,1,1,1,1,1
446,310,1,1,1,1,1
446,308,1,1,1,1,1
446,306,1,1,1,1,1
446,304,1,1,1,1,1
446,302,1,1,1,1,1
446,300,1,1,1,1,1
446,298,1,1,1,1,1
446,296,1,1,1,1,1
446,294,1,0,0,0,1
446,292,1,0,0,0,1
446,290,1,0,0,0,1
446,288,1,0,0,0,1
446,286,1,1,1,1,1
446,284,1,1,1,1,1
446,282,1,1,1,1,1
446,280,1,1,1,1,1
446,278,1,1,1,1,1
446,276,1,1,1,1,1
446,274,1,1,1,1,1
446,272,1,1,1,1,1
446,270,1,1,1,1,1
446,268,1,1,1,1,1
446,266,1,1,1,1,1
446,264,1,0,0,0,1
446,262,1,0,0,0,1
446,260,1,0,0,0,1
446,258,1,0,0,0,1
446,256,1,0,0,0,1
446,190,1,1,1,1,1
446,188,1,1,1,1,1
446,186,1,1,1,1,1
446,184,1,1,1,1,1
446,182,1,1,1,1,1
446,180,1,1,1,1,1
446,178,1,1,1,1,1
446,176,1,1,1,1,1
446,174,1,1,1,1,1
446,172,1,1,1,1,1
446,170,1,1,1,1,1
446,168,1,1,1,1,1
446,166,1,1,1,1,1
446,164,1,0,0,0,1
446,162,1,1,1,1,1
446,160,1,0,0,0,1
446,158,1,1,1,1,1
446,156,1,1,1,1,1
446,154,1,1,1,1,1
446,152,1,1,1,1,1
446,150,1,1,1,1,1
446,148,1,1,1,1,1
446,146,1,1,1,1,1
446,144,1,1,1,1,1
446,142,1,1,1,1,1
446,140,1,1,1,1,1
446,138,1,1,1,1,1
446,136,1,0,0,0,1
446,134,1,1,1,1,1
446,132,1,0,0,0,1
446,130,1,1,1,1,1
446,128,1,0,0,0,1
446,62,1,1,1,1,1
446,60,1,1,1,1,1
446,58,1,1,1,1,1
446,56,1,1,1,1,1
446,54,1,1,1,1,1
446,52,1,1,1,1,1
446,50,1,1,1,1,1
446,48,1,1,1,1,1
446,46,1,1,1,1,1
446,44,1,1,1,1,1
446,42,1,1,1,1,1
446,40,1,1,1,1,1
446,38,1,0,0,0,1
446,36,1,0,0,0,1
446,34,1,0,0,0,1
446,32,1,0,0,0,1
446,30,1,1,1,1,1
446,28,1,1,1,1,1
446,26,1,1,1,1,1
446,24,1,1,1,1,1
446,22,1,1,1,1,1
446,20,1,1,1,1,1
446,18,1,1,1,1,1
446,16,1,1,1,1,1
446,14,1,0,0,0,1
446,12,1,0,0,0,1
446,10,1,0,0,0,1
446,8,1,0,0,0,1
446,6,1,0,0,0,1
446,4,1,0,0,0,1
446,2,1,0,0,0,1
446,0,1,0,0,0,1
447,447,1,1,1,1,1
447,446,1,1,1,1,1
447,445,1,1,1,1,1
447,444,1,1,1,1,1
447,443,1,1,1,1,1
447,442,1,1,1,1,1
447,441,1,1,1,1,1
447,440,1,1,1,1,1
447,439,1,1,1,1,1
447,438,1,1,1,1,1
447,437,1,1,1,1,1
447,436,1,1,1,1,1
447,435,1,1,1,1,1
447,434,1,1,1,1,1
447,433,1,1,1,1,1
447,432,1,1,1,1,1
447,431,1,1,1,1,1
447,430,1,1,1,1,1
447,429,1,1,1,1,1
447,428,1,1,1,1,1
447,427,1,1,1,1,1
447,426,1,1,1,1,1
447,425,1,1,1,1,1
447,424,1,1,1,1,1
447,423,1,1,1,1,1
447,422,1,1,1,1,1
447,421,1,1,1,1,1
447,420,1,0,0,0,1
447,419,1,1,1,1,1
447,418,1,1,1,1,1
447,417,1,1,1,1,1
447,416,1,0,0,0,1
447,415,1,1,1,1,1
447,414,1,1,1,1,1
447,413,1,1,1,1,1
447,412,1,1,1,1,1
447,411,1,1,1,1,1
447,410,1,1,1,1,1
447,409,1,1,1,1,1
447,408,1,1,1,1,1
447,407,1,1,1,1,1
447,406,1,1,1,1,1
447,405,1,1,1,1,1
447,404,1,1,1,1,1
447,403,1,1,1,1,1
447,402,1,1,1,1,1
447,401,1,1,1,1,1
447,400,1,1,1,1,1
447,399,1,1,1,1,1
447,398,1,1,1,1,1
447,397,1,1,1,1,1
447,396,1,1,1,1,1
447,395,1,1,1,1,1
447,394,1,1,1,1,1
447,393,1,0,0,0,1
447,392,1,0,0,0,1
447,391,1,1,1,1,1
447,390,1,1,1,1,1
447,389,1,1,1,1,1
447,388,1,0,0,0,1
447,387,1,1,1,1,1
447,386,1,1,1,1,1
447,385,1,0,0,0,1
447,384,1,0,0,0,1
447,319,1,1,1,1,1
447,318,1,1,1,1,1
447,317,1,1,1,1,1
447,316,1,1,1,1,1
447,315,1,1,1,1,1
447,314,1,1,1,1,1
447,313,1,1,1,1,1
447,312,1,1,1,1,1
447,311,1,1,1,1,1
447,310,1,1,1,1,1
447,309,1,1,1,1,1
447,308,1,1,1,1,1
447,307,1,1,1,1,1
447,306,1,1,1,1,1
447,305,1,1,1,1,1
447,304,1,1,1,1,1
447,303,1,1,1,1,1
447,302,1,1,1,1,1
447,301,1,1,1,1,1
447,300,1,1,1,1,1
447,299,1,1,1,1,1
447,298,1,1,1,1,1
447,297,1,1,1,1,1
447,296,1,1,1,1,1
447,295,1,0,0,0,1
447,294,1,0,0,0,1
447,293,1,0,0,0,1
447,292,1,0,0,0,1
447,291,1,0,0,0,1
447,290,1,0,0,0,1
447,289,1,0,0,0,1
447,288,1,0,0,0,1
447,287,1,1,1,1,1
447,286,1,1,1,1,1
447,285,1,1,1,1,1
447,284,1,1,1,1,1
447,283,1,1,1,1,1
447,282,1,1,1,1,1
447,281,1,1,1,1,1
447,280,1,1,1,1,1
447,279,1,1,1,1,1
447,278,1,1,1,1,1
447,277,1,1,1,1,1
447,276,1,1,1,1,1
447,275,1,1,1,1,1
447,274,1,1,1,1,1
447,273,1,1,1,1,1
447,272,1,1,1,1,1
447,271,1,1,1,1,1
447,270,1,1,1,1,1
447,269,1,1,1,1,1
447,268,1,1,1,1,1
447,267,1,1,1,1,1
447,266,1,1,1,1,1
447,265,1,0,0,0,1
447,264,1,0,0,0,1
447,263,1,0,0,0,1
447,262,1,0,0,0,1
447,261,1,0,0,0,1
447,260,1,0,0,0,1
447,259,1,0,0,0,1
447,258,1,0,0,0,1
447,257,1,0,0,0,1
447,256,1,0,0,0,1
447,191,1,1,1,1,1
447,190,1,1,1,1,1
447,189,1,1,1,1,1
447,188,1,1,1,1,1
447,187,1,1,1,1,1
447,186,1,1,1,1,1
447,185,1,1,1,1,1
447,184,1,1,1,1,1
447,183,1,1,1,1,1
447,182,1,1,1,1,1
447,181,1,1,1,1,1
447,180,1,1,1,1,1
447,179,1,1,1,1,1
447,178,1,1,1,1,1
447,177,1,1,1,1,1
447,176,1,1,1,1,1
447,175,1,1,1,1,1
447,174,1,1,1,1,1
447,173,1,1,1,1,1
447,172,1,1,1,1,1
447,171,1,1,1,1,1
447,170,1,1,1,1,1
447,169,1,1,1,1,1
447,168,1,1,1,1,1
447,167,1,1,1,1,1
447,166,1,1,1,1,1
447,165,1,1,1,1,1
447,164,1,0,0,0,1
447,163,1,1,1,1,1
447,162,1,1,1,1,1
447,161,1,1,1,1,1
447,160,1,0,0,0,1
447,159,1,1,1,1,1
447,158,1,1,1,1,1
447,157,1,1,1,1,1
447,156,1,1,1,1,1
447,155,1,1,1,1,1
447,154,1,1,1,1,1
447,153,1,1,1,1,1
447,152,1,1,1,1,1
447,151,1,1,1,1,1
447,150,1,1,1,1,1
447,149,1,1,1,1,1
447,148,1,1,1,1,1
447,147,1,1,1,1,1
447,146,1,1,1,1,1
447,145,1,1,1,1,1
447,144,1,1,1,1,1
447,143,1,1,1,1,1
447,142,1,1,1,1,1
447,141,1,1,1,1,1
447,140,1,1,1,1,1
447,139,1,1,1,1,1
447,138,1,1,1,1,1
447,137,1,0,0,0,1
447,136,1,0,0,0,1
447,135,1,1,1,1,1
447,134,1,1,1,1,1
447,133,1,1,1,1,1
447,132,1,0,0,0,1
447,131,1,1,1,1,1
447,130,1,1,1,1,1
447,129,1,0,0,0,1
447,128,1,0,0,0,1
447,63,1,1,1,1,1
447,62,1,1,1,1,1
447,61,1,1,1,1,1
447,60,1,1,1,1,1
447,59,1,1,1,1,1
447,58,1,1,1,1,1
447,57,1,1,1,1,1
447,56,1,1,1,1,1
447,55,1,1,1,1,1
447,54,1,1,1,1,1
447,53,1,1,1,1,1
447,52,1,1,1,1,1
447,51,1,1,1,1,1
447,50,1,1,1,1,1
447,49,1,1,1,1,1
447,48,1,1,1,1,1
447,47,1,1,1,1,1
447,46,1,1,1,1,1
447,45,1,1,1,1,1
447,44,1,1,1,1,1
447,43,1,1,1,1,1
447,42,1,1,1,1,1
447,41,1,1,1,1,1
447,40,1,1,1,1,1
447,39,1,0,0,0,1
447,38,1,0,0,0,1
447,37,1,0,0,0,1
447,36,1,0,0,0,1
447,35,1,0,0,0,1
447,34,1,0,0,0,1
447,33,1,0,0,0,1
447,32,1,0,0,0,1
447,31,1,1,1,1,1
447,30,1,1,1,1,1
447,29,1,1,1,1,1
447,28,1,1,1,1,1
447,27,1,1,1,1,1
447,26,1,1,1,1,1
447,25,1,1,1,1,1
447,24,1,1,1,1,1
447,23,1,1,1,1,1
447,22,1,1,1,1,1
447,21,1,1,1,1,1
447,20,1,1,1,1,1
447,19,1,1,1,1,1
447,18,1,1,1,1,1
447,17,1,1,1,1,1
447,16,1,1,1,1,1
447,15,1,0,0,0,1
447,14,1,0,0,0,1
447,13,1,0,0,0,1
447,12,1,0,0,0,1
447,11,1,0,0,0,1
447,10,1,0,0,0,1
447,9,1,0,0,0,1
447,8,1,0,0,0,1
447,7,1,0,0,0,1
447,6,1,0,0,0,1
447,5,1,0,0,0,1
447,4,1,0,0,0,1
447,3,1,0,0,0,1
447,2,1,0,0,0,1
447,1,1,0,0,0,1
447,0,1,0,0,0,1
448,448,0,0,0,0,1
448,384,0,0,0,0,1
448,320,0,0,0,0,1
448,256,0,0,0,0,1
448,192,0,0,0,0,1
448,128,0,0,0,0,1
448,64,0,0,0,0,1
448,0,0,0,0,0,1
449,449,0,0,0,0,1
449,448,0,0,0,0,1
449,385,0,0,0,0,1
449,384,0,0,0,0,1
449,321,0,0,0,0,1
449,320,0,0,0,0,1
449,257,0,0,0,0,1
449,256,0,0,0,0,1
449,193,0,0,0,0,1
449,192,0,0,0,0,1
449,129,0,0,0,0,1
449,128,0,0,0,0,1
449,65,0,0,0,0,1
449,64,0,0,0,0,1
449,1,0,0,0,0,1
449,0,0,0,0,0,1
450,450,1,1,1,1,1
450,448,1,0,0,0,1
450,386,1,1,1,1,1
450,384,1,0,0,0,1
450,322,1,1,1,1,1
450,320,1,0,0,0,1
450,258,1,0,0,0,1
450,256,1,0,0,0,1
450,194,1,1,1,1,1
450,192,1,0,0,0,1
450,130,1,1,1,1,1
450,128,1,0,0,0,1
450,66,1,0,0,0,1
450,64,1,0,0,0,1
450,2,1,0,0,0,1
450,0,1,0,0,0,1
451,451,1,1,1,1,1
451,450,1,1,1,1,1
451,449,1,0,0,0,1
451,448,1,0,0,0,1
451,387,1,1,1,1,1
451,386,1,1,1,1,1
451,385,1,0,0,0,1
451,384,1,0,0,0,1
451,323,1,1,1,1,1
451,322,1,1,1,1,1
451,321,1,0,0,0,1
451,320,1,0,0,0,1
451,259,1,0,0,0,1
451,258,1,0,0,0,1
451,257,1,0,0,0,1
451,256,1,0,0,0,1
451,195,1,1,1,1,1
451,194,1,1,1,1,1
451,193,1,0,0,0,1
451,192,1,0,0,0,1
451,131,1,1,1,1,1
451,130,1,1,1,1,1
451,129,1,0,0,0,1
451,128,1,0,0,0,1
451,67,1,0,0,0,1
451,66,1,0,0,0,1
451,65,1,0,0,0,1
451,64,1,0,0,0,1
451,3,1,0,0,0,1
451,2,1,0,0,0,1
451,1,1,0,0,0,1
451,0,1,0,0,0,1
452,452,0,0,0,0,1
452,448,0,0,0,0,1
452,388,0,0,0,0,1
452,384,0,0,0,0,1
452,324,0,0,0,0,1
452,320,0,0,0,0,1
452,260,0,0,0,0,1
452,256,0,0,0,0,1
452,196,0,0,0,0,1
452,192,0,0,0,0,1
452,132,0,0,0,0,1
452,128,0,0,0,0,1
452,68,0,0,0,0,1
452,64,0,0,0,0,1
452,4,0,0,0,0,1
452,0,0,0,0,0,1
453,453,1,1,1,1,1
453,452,1,0,0,0,1
453,449,1,0,0,0,1
453,448,1,0,0,0,1
453,389,1,1,1,1,1
453,388,1,0,0,0,1
453,385,1,0,0,0,1
453,384,1,0,0,0,1
453,325,1,1,1,1,1
453,324,1,0,0,0,1
453,321,1,0,0,0,1
453,320,1,0,0,0,1
453,261,1,0,0,0,1
453,260,1,0,0,0,1
453,257,1,0,0,0,1
453,256,1,0,0,0,1
453,197,1,1,1,1,1
453,196,1,0,0,0,1
453,193,1,0,0,0,1
453,192,1,0,0,0,1
453,133,1,1,1,1,1
453,132,1,0,0,0,1
453,129,1,0,0,0,1
453,128,1,0,0,0,1
453,69,1,0,0,0,1
453,68,1,0,0,0,1
453,65,1,0,0,0,1
453,64,1,0,0,0,1
453,5,1,0,0,0,1
453,4,1,0,0,0,1
453,1,1,0,0,0,1
453,0,1,0,0,0,1
454,454,1,1,1,1,1
454,452,1,0,0,0,1
454,450,1,1,1,1,1
454,448,1,0,0,0,1
454,390,1,1,1,1,1
454,388,1,0,0,0,1
454,386,1,1,1,1,1
454,384,1,0,0,0,1
454,326,1,1,1,1,1
454,324,1,0,0,0,1
454,322,1,1,1,1,1
454,320,1,0,0,0,1
454,262,1,0,0,0,1
454,260,1,0,0,0,1
454,258,1,0,0,0,1
454,256,1,0,0,0,1
454,198,1,1,1,1,1
454,196,1,0,0,0,1
454,194,1,1,1,1,1
454,192,1,0,0,0,1
454,134,1,1,1,1,1
454,132,1,0,0,0,1
454,130,1,1,1,1,1
454,128,1,0,0,0,1
454,70,1,0,0,0,1
454,68,1,0,0,0,1
454,66,1,0,0,0,1
454,64,1,0,0,0,1
454,6,1,0,0,0,1
454,4,1,0,0,0,1
454,2,1,0,0,0,1
454,0,1,0,0,0,1
455,455,1,1,1,1,1
455,454,1,1,1,1,1
455,453,1,1,1,1,1
455,452,1,0,0,0,1
455,451,1,1,1,1,1
455,450,1,1,1,1,1
455,449,1,0,0,0,1
455,448,1,0,0,0,1
455,391,1,1,1,1,1
455,390,1,1,1,1,1
455,389,1,1,1,1,1
455,388,1,0,0,0,1
455,387,1,1,1,1,1
455,386,1,1,1,1,1
455,385,1,0,0,0,1
455,384,1,0,0,0,1
455,327,1,1,1,1,1
455,326,1,1,1,1,1
455,325,1,1,1,1,1
455,324,1,0,0,0,1
455,323,1,1,1,1,1
455,322,1,1,1,1,1
455,321,1,0,0,0,1
455,320,1,0,0,0,1
455,263,1,0,0,0,1
455,262,1,0,0,0,1
455,261,1,0,0,0,1
455,260,1,0,0,0,1
455,259,1,0,0,0,1
455,258,1,0,0,0,1
455,257,1,0,0,0,1
455,256,1,0,0,0,1
455,199,1,1,1,1,1
455,198,1,1,1,1,1
455,197,1,1,1,1,1
455,196,1,0,0,0,1
455,195,1,1,1,1,1
455,194,1,1,1,1,1
455,193,1,0,0,0,1
455,192,1,0,0,0,1
455,135,1,1,1,1,1
455,134,1,1,1,1,1
455,133,1,1,1,1,1
455,132,1,0,0,0,1
455,131,1,1,1,1,1
455,130,1,1,1,1,1
455,129,1,0,0,0,1
455,128,1,0,0,0,1
455,71,1,0,0,0,1
455,70,1,0,0,0,1
455,69,1,0,0,0,1
455,68,1,0,0,0,1
455,67,1,0,0,0,1
455,66,1,0,0,0,1
455,65,1,0,0,0,1
455,64,1,0,0,0,1
455,7,1,0,0,0,1
455,6,1,0,0,0,1
455,5,1,0,0,0,1
455,4,1,0,0,0,1
455,3,1,0,0,0,1
455,2,1,0,0,0,1
455,1,1,0,0,0,1
455,0,1,0,0,0,1
456,456,0,0,0,0,1
456,448,0,0,0,0,1
456,392,0,0,0,0,1
456,384,0,0,0,0,1
456,328,0,0,0,0,1
456,320,0,0,0,0,1
456,264,0,0,0,0,1
456,256,0,0,0,0,1
456,200,0,0,0,0,1
456,192,0,0,0,0,1
456,136,0,0,0,0,1
456,128,0,0,0,0,1
456,72,0,0,0,0,1
456,64,0,0,0,0,1
456,8,0,0,0,0,1
456,0,0,0,0,0,1
457,457,0,0,0,0,1
457,456,0,0,0,0,1
457,449,0,0,0,0,1
457,448,0,0,0,0,1
457,393,0,0,0,0,1
457,392,0,0,0,0,1
457,385,0,0,0,0,1
457,384,0,0,0,0,1
457,329,0,0,0,0,1
457,328,0,0,0,0,1
457,321,0,0,0,0,1
457,320,0,0,0,0,1
457,265,0,0,0,0,1
457,264,0,0,0,0,1
457,257,0,0,0,0,1
457,256,0,0,0,0,1
457,201,0,0,0,0,1
457,200,0,0,0,0,1
457,193,0,0,0,0,1
457,192,0,0,0,0,1
457,137,0,0,0,0,1
457,136,0,0,0,0,1
457,129,0,0,0,0,1
457,128,0,0,0,0,1
457,73,0,0,0,0,1
457,72,0,0,0,0,1
457,65,0,0,0,0,1
457,64,0,0,0,0,1
457,9,0,0,0,0,1
457,8,0,0,0,0,1
457,1,0,0,0,0,1
457,0,0,0,0,0,1
458,458,1,1,1,1,1
458,456,1,0,0,0,1
458,450,1,1,1,1,1
458,448,1,0,0,0,1
458,394,1,1,1,1,1
458,392,1,0,0,0,1
458,386,1,1,1,1,1
458,384,1,0,0,0,1
458,330,1,1,1,1,1
458,328,1,0,0,0,1
458,322,1,1,1,1,1
458,320,1,0,0,0,1
458,266,1,1,1,1,1
458,264,1,0,0,0,1
458,258,1,0,0,0,1
458,256,1,0,0,0,1
458,202,1,1,1,1,1
458,200,1,0,0,0,1
458,194,1,1,1,1,1
458,192,1,0,0,0,1
458,138,1,1,1,1,1
458,136,1,0,0,0,1
458,130,1,1,1,1,1
458,128,1,0,0,0,1
458,74,1,0,0,0,1
458,72,1,0,0,0,1
458,66,1,0,0,0,1
458,64,1,0,0,0,1
458,10,1,0,0,0,1
458,8,1,0,0,0,1
458,2,1,0,0,0,1
458,0,1,0,0,0,1
459,459,1,1,1,1,1
459,458,1,1,1,1,1
459,457,1,0,0,0,1
459,456,1,0,0,0,1
459,451,1,1,1,1,1
459,450,1,1,1,1,1
459,449,1,0,0,0,1
459,448,1,0,0,0,1
459,395,1,1,1,1,1
459,394,1,1,1,1,1
459,393,1,0,0,0,1
459,392,1,0,0,0,1
459,387,1,1,1,1,1
459,386,1,1,1,1,1
459,385,1,0,0,0,1
459,384,1,0,0,0,1
459,331,1,1,1,1,1
459,330,1,1,1,1,1
459,329,1,0,0,0,1
459,328,1,0,0,0,1
459,323,1,1,1,1,1
459,322,1,1,1,1,1
459,321,1,0,0,0,1
459,320,1,0,0,0,1
459,267,1,1,1,1,1
459,266,1,1,1,1,1
459,265,1,0,0,0,1
459,264,1,0,0,0,1
459,259,1,0,0,0,1
459,258,1,0,0,0,1
459,257,1,0,0,0,1
459,256,1,0,0,0,1
459,203,1,1,1,1,1
459,202,1,1,1,1,1
459,201,1,0,0,0,1
459,200,1,0,0,0,1
459,195,1,1,1,1,1
459,194,1,1,1,1,1
459,193,1,0,0,0,1
459,192,1,0,0,0,1
459,139,1,1,1,1,1
459,138,1,1,1,1,1
459,137,1,0,0,0,1
459,136,1,0,0,0,1
459,131,1,1,1,1,1
459,130,1,1,1,1,1
459,129,1,0,0,0,1
459,128,1,0,0,0,1
459,75,1,0,0,0,1
459,74,1,0,0,0,1
459,73,1,0,0,0,1
459,72,1,0,0,0,1
459,67,1,0,0,0,1
459,66,1,0,0,0,1
459,65,1,0,0,0,1
459,64,1,0,0,0,1
459,11,1,0,0,0,1
459,10,1,0,0,0,1
459,9,1,0,0,0,1
459,8,1,0,0,0,1
459,3,1,0,0,0,1
459,2,1,0,0,0,1
459,1,1,0,0,0,1
459,0,1,0,0,0,1
460,460,1,1,1,1,1
460,456,1,0,0,0,1
460,452,1,0,0,0,1
460,448,1,0,0,0,1
460,396,1,1,1,1,1
460,392,1,0,0,0,1
460,388,1,0,0,0,1
460,384,1,0,0,0,1
460,332,1,1,1,1,1
460,328,1,0,0,0,1
460,324,1,0,0,0,1
460,320,1,0,0,0,1
460,268,1,1,1,1,1
460,264,1,0,0,0,1
460,260,1,0,0,0,1
460,256,1,0,0,0,1
460,204,1,1,1,1,1
460,200,1,0,0,0,1
460,196,1,0,0,0,1
460,192,1,0,0,0,1
460,140,1,1,1,1,1
460,136,1,0,0,0,1
460,132,1,0,0,0,1
460,128,1,0,0,0,1
460,76,1,0,0,0,1
460,72,1,0,0,0,1
460,68,1,0,0,0,1
460,64,1,0,0,0,1
460,12,1,0,0,0,1
460,8,1,0,0,0,1
460,4,1,0,0,0,1
460,0,1,0,0,0,1
461,461,1,1,1,1,1
461,460,1,1,1,1,1
461,457,1,0,0,0,1
461,456,1,0,0,0,1
461,453,1,1,1,1,1
461,452,1,0,0,0,1
461,449,1,0,0,0,1
461,448,1,0,0,0,1
461,397,1,1,1,1,1
461,396,1,1,1,1,1
461,393,1,0,0,0,1
461,392,1,0,0,0,1
461,389,1,1,1,1,1
461,388,1,0,0,0,1
461,385,1,0,0,0,1
461,384,1,0,0,0,1
461,333,1,1,1,1,1
461,332,1,1,1,1,1
461,329,1,0,0,0,1
461,328,1,0,0,0,1
461,325,1,1,1,1,1
461,324,1,0,0,0,1
461,321,1,0,0,0,1
461,320,1,0,0,0,1
461,269,1,1,1,1,1
461,268,1,1,1,1,1
461,265,1,0,0,0,1
461,264,1,0,0,0,1
461,261,1,0,0,0,1
461,260,1,0,0,0,1
461,257,1,0,0,0,1
461,256,1,0,0,0,1
461,205,1,1,1,1,1
461,204,1,1,1,1,1
461,201,1,0,0,0,1
461,200,1,0,0,0,1
461,197,1,1,1,1,1
461,196,1,0,0,0,1
461,193,1,0,0,0,1
461,192,1,0,0,0,1
461,141,1,1,1,1,1
461,140,1,1,1,1,1
461,137,1,0,0,0,1
461,136,1,0,0,0,1
461,133,1,1,1,1,1
461,132,1,0,0,0,1
461,129,1,0,0,0,1
461,128,1,0,0,0,1
461,77,1,0,0,0,1
461,76,1,0,0,0,1
461,73,1,0,0,0,1
461,72,1,0,0,0,1
461,69,1,0,0,0,1
461,68,1,0,0,0,1
461,65,1,0,0,0,1
461,64,1,0,0,0,1
461,13,1,0,0,0,1
461,12,1,0,0,0,1
461,9,1,0,0,0,1
461,8,1,0,0,0,1
461,5,1,0,0,0,1
461,4,1,0,0,0,1
461,1,1,0,0,0,1
461,0,1,0,0,0,1
462,462,1,1,1,1,1
462,460,1,1,1,1,1
462,458,1,1,1,1,1
462,456,1,0,0,0,1
462,454,1,1,1,1,1
462,452,1,0,0,0,1
462,450,1,1,1,1,1
462,448,1,0,0,0,1
462,398,1,1,1,1,1
462,396,1,1,1,1,1
462,394,1,1,1,1,1
462,392,1,0,0,0,1
462,390,1,1,1,1,1
462,388,1,0,0,0,1
462,386,1,1,1,1,1
462,384,1,0,0,0,1
462,334,1,1,1,1,1
462,332,1,1,1,1,1
462,330,1,1,1,1,1
462,328,1,0,0,0,1
462,326,1,1,1,1,1
462,324,1,0,0,0,1
462,322,1,1,1,1,1
462,320,1,0,0,0,1
462,270,1,1,1,1,1
462,268,1,1,1,1,1
462,266,1,1,1,1,1
462,264,1,0,0,0,1
462,262,1,0,0,0,1
462,260,1,0,0,0,1
462,258,1,0,0,0,1
462,256,1,0,0,0,1
462,206,1,1,1,1,1
462,204,1,1,1,1,1
462,202,1,1,1,1,1
462,200,1,0,0,0,1
462,198,1,1,1,1,1
462,196,1,0,0,0,1
462,194,1,1,1,1,1
462,192,1,0,0,0,1
462,142,1,1,1,1,1
462,140,1,1,1,1,1
462,138,1,1,1,1,1
462,136,1,0,0,0,1
462,134,1,1,1,1,1
462,132,1,0,0,0,1
462,130,1,1,1,1,1
462,128,1,0,0,0,1
462,78,1,0,0,0,1
462,76,1,0,0,0,1
462,74,1,0,0,0,1
462,72,1,0,0,0,1
462,70,1,0,0,0,1
462,68,1,0,0,0,1
462,66,1,0,0,0,1
462,64,1,0,0,0,1
462,14,1,0,0,0,1
462,12,1,0,0,0,1
462,10,1,0,0,0,1
462,8,1,0,0,0,1
462,6,1,0,0,0,1
462,4,1,0,0,0,1
462,2,1,0,0,0,1
462,0,1,0,0,0,1
463,463,1,1,1,1,1
463,462,1,1,1,1,1
463,461,1,1,1,1,1
463,460,1,1,1,1,1
463,459,1,1,1,1,1
463,458,1,1,1,1,1
463,457,1,0,0,0,1
463,456,1,0,0,0,1
463,455,1,1,1,1,1
463,454,1,1,1,1,1
463,453,1,1,1,1,1
463,452,1,0,0,0,1
463,451,1,1,1,1,1
463,450,1,1,1,1,1
463,449,1,0,0,0,1
463,448,1,0,0,0,1
463,399,1,1,1,1,1
463,398,1,1,1,1,1
463,397,1,1,1,1,1
463,396,1,1,1,1,1
463,395,1,1,1,1,1
463,394,1,1,1,1,1
463,393,1,0,0,0,1
463,392,1,0,0,0,1
463,391,1,1,1,1,1
463,390,1,1,1,1,1
463,389,1,1,1,1,1
463,388,1,0,0,0,1
463,387,1,1,1,1,1
463,386,1,1,1,1,1
463,385,1,0,0,0,1
463,384,1,0,0,0,1
463,335,1,1,1,1,1
463,334,1,1,1,1,1
463,333,1,1,1,1,1
463,332,1,1,1,1,1
463,331,1,1,1,1,1
463,330,1,1,1,1,1
463,329,1,0,0,0,1
463,328,1,0,0,0,1
463,327,1,1,1,1,1
463,326,1,1,1,1,1
463,325,1,1,1,1,1
463,324,1,0,0,0,1
463,323,1,1,1,1,1
463,322,1,1,1,1,1
463,321,1,0,0,0,1
463,320,1,0,0,0,1
463,271,1,1,1,1,1
463,270,1,1,1,1,1
463,269,1,1,1,1,1
463,268,1,1,1,1,1
463,267,1,1,1,1,1
463,266,1,1,1,1,1
463,265,1,0,0,0,1
463,264,1,0,0,0,1
463,263,1,0,0,0,1
463,262,1,0,0,0,1
463,261,1,0,0,0,1
463,260,1,0,0,0,1
463,259,1,0,0,0,1
463,258,1,0,0,0,1
463,257,1,0,0,0,1
463,256,1,0,0,0,1
463,207,1,1,1,1,1
463,206,1,1,1,1,1
463,205,1,1,1,1,1
463,204,1,1,1,1,1
463,203,1,1,1,1,1
463,202,1,1,1,1,1
463,201,1,0,0,0,1
463,200,1,0,0,0,1
463,199,1,1,1,1,1
463,198,1,1,1,1,1
463,197,1,1,1,1,1
463,196,1,0,0,0,1
463,195,1,1,1,1,1
463,194,1,1,1,1,1
463,193,1,0,0,0,1
463,192,1,0,0,0,1
463,143,1,1,1,1,1
463,142,1,1,1,1,1
463,141,1,1,1,1,1
463,140,1,1,1,1,1
463,139,1,1,1,1,1
463,138,1,1,1,1,1
463,137,1,0,0,0,1
463,136,1,0,0,0,1
463,135,1,1,1,1,1
463,134,1,1,1,1,1
463,133,1,1,1,1,1
463,132,1,0,0,0,1
463,131,1,1,1,1,1
463,130,1,1,1,1,1
463,129,1,0,0,0,1
463,128,1,0,0,0,1
463,79,1,0,0,0,1
463,78,1,0,0,0,1
463,77,1,0,0,0,1
463,76,1,0,0,0,1
463,75,1,0,0,0,1
463,74,1,0,0,0,1
463,73,1,0,0,0,1
463,72,1,0,0,0,1
463,71,1,0,0,0,1
463,70,1,0,0,0,1
463,69,1,0,0,0,1
463,68,1,0,0,0,1
463,67,1,0,0,0,1
463,66,1,0,0,0,1
463,65,1,0,0,0,1
463,64,1,0,0,0,1
463,15,1,0,0,0,1
463,14,1,0,0,0,1
463,13,1,0,0,0,1
463,12,1,0,0,0,1
463,11,1,0,0,0,1
463,10,1,0,0,0,1
463,9,1,0,0,0,1
463,8,1,0,0,0,1
463,7,1,0,0,0,1
463,6,1,0,0,0,1
463,5,1,0,0,0,1
463,4,1,0,0,0,1
463,3,1,0,0,0,1
463,2,1,0,0,0,1
463,1,1,0,0,0,1
463,0,1,0,0,0,1
464,464,1,1,1,1,1
464,448,1,0,0,0,1
464,400,1,1,1,1,1
464,384,1,0,0,0,1
464,336,1,1,1,1,1
464,320,1,0,0,0,1
464,272,1,1,1,1,1
464,256,1,0,0,0,1
464,208,1,1,1,1,1
464,192,1,0,0,0,1
464,144,1,1,1,1,1
464,128,1,0,0,0,1
464,80,1,1,1,1,1
464,64,1,0,0,0,1
464,16,1,1,1,1,1
464,0,1,0,0,0,1
465,465,1,1,1,1,1
465,464,1,1,1,1,1
465,449,1,0,0,0,1
465,448,1,0,0,0,1
465,401,1,1,1,1,1
465,400,1,1,1,1,1
465,385,1,0,0,0,1
465,384,1,0,0,0,1
465,337,1,1,1,1,1
465,336,1,1,1,1,1
465,321,1,0,0,0,1
465,320,1,0,0,0,1
465,273,1,1,1,1,1
465,272,1,1,1,1,1
465,257,1,0,0,0,1
465,256,1,0,0,0,1
465,209,1,1,1,1,1
465,208,1,1,1,1,1
465,193,1,0,0,0,1
465,192,1,0,0,0,1
465,145,1,1,1,1,1
465,144,1,1,1,1,1
465,129,1,0,0,0,1
465,128,1,0,0,0,1
465,81,1,1,1,1,1
465,80,1,1,1,1,1
465,65,1,0,0,0,1
465,64,1,0,0,0,1
465,17,1,1,1,1,1
465,16,1,1,1,1,1
465,1,1,0,0,0,1
465,0,1,0,0,0,1
466,466,1,1,1,1,1
466,464,1,1,1,1,1
466,450,1,1,1,1,1
466,448,1,0,0,0,1
466,402,1,1,1,1,1
466,400,1,1,1,1,1
466,386,1,1,1,1,1
466,384,1,0,0,0,1
466,338,1,1,1,1,1
466,336,1,1,1,1,1
466,322,1,1,1,1,1
466,320,1,0,0,0,1
466,274,1,1,1,1,1
466,272,1,1,1,1,1
466,258,1,0,0,0,1
466,256,1,0,0,0,1
466,210,1,1,1,1,1
466,208,1,1,1,1,1
466,194,1,1,1,1,1
466,192,1,0,0,0,1
466,146,1,1,1,1,1
466,144,1,1,1,1,1
466,130,1,1,1,1,1
466,128,1,0,0,0,1
466,82,1,1,1,1,1
466,80,1,1,1,1,1
466,66,1,0,0,0,1
466,64,1,0,0,0,1
466,18,1,1,1,1,1
466,16,1,1,1,1,1
466,2,1,0,0,0,1
466,0,1,0,0,0,1
467,467,1,1,1,1,1
467,466,1,1,1,1,1
467,465,1,1,1,1,1
467,464,1,1,1,1,1
467,451,1,1,1,1,1
467,450,1,1,1,1,1
467,449,1,0,0,0,1
467,448,1,0,0,0,1
467,403,1,1,1,1,1
467,402,1,1,1,1,1
467,401,1,1,1,1,1
467,400,1,1,1,1,1
467,387,1,1,1,1,1
467,386,1,1,1,1,1
467,385,1,0,0,0,1
467,384,1,0,0,0,1
467,339,1,1,1,1,1
467,338,1,1,1,1,1
467,337,1,1,1,1,1
467,336,1,1,1,1,1
467,323,1,1,1,1,1
467,322,1,1,1,1,1
467,321,1,0,0,0,1
467,320,1,0,0,0,1
467,275,1,1,1,1,1
467,274,1,1,1,1,1
467,273,1,1,1,1,1
467,272,1,1,1,1,1
467,259,1,0,0,0,1
467,258,1,0,0,0,1
467,257,1,0,0,0,1
467,256,1,0,0,0,1
467,211,1,1,1,1,1
467,210,1,1,1,1,1
467,209,1,1,1,1,1
467,208,1,1,1,1,1
467,195,1,1,1,1,1
467,194,1,1,1,1,1
467,193,1,0,0,0,1
467,192,1,0,0,0,1
467,147,1,1,1,1,1
467,146,1,1,1,1,1
467,145,1,1,1,1,1
467,144,1,1,1,1,1
467,131,1,1,1,1,1
467,130,1,1,1,1,1
467,129,1,0,0,0,1
467,128,1,0,0,0,1
467,83,1,1,1,1,1
467,82,1,1,1,1,1
467,81,1,1,1,1,1
467,80,1,1,1,1,1
467,67,1,0,0,0,1
467,66,1,0,0,0,1
467,65,1,0,0,0,1
467,64,1,0,0,0,1
467,19,1,1,1,1,1
467,18,1,1,1,1,1
467,17,1,1,1,1,1
467,16,1,1,1,1,1
467,3,1,0,0,0,1
467,2,1,0,0,0,1
467,1,1,0,0,0,1
467,0,1,0,0,0,1
468,468,1,1,1,1,1
468,464,1,1,1,1,1
468,452,1,0,0,0,1
468,448,1,0,0,0,1
468,404,1,1,1,1,1
468,400,1,1,1,1,1
468,388,1,0,0,0,1
468,384,1,0,0,0,1
468,340,1,1,1,1,1
468,336,1,1,1,1,1
468,324,1,0,0,0,1
468,320,1,0,0,0,1
468,276,1,1,1,1,1
468,272,1,1,1,1,1
468,260,1,0,0,0,1
468,256,1,0,0,0,1
468,212,1,1,1,1,1
468,208,1,1,1,1,1
468,196,1,0,0,0,1
468,192,1,0,0,0,1
468,148,1,1,1,1,1
468,144,1,1,1,1,1
468,132,1,0,0,0,1
468,128,1,0,0,0,1
468,84,1,1,1,1,1
468,80,1,1,1,1,1
468,68,1,0,0,0,1
468,64,1,0,0,0,1
468,20,1,1,1,1,1
468,16,1,1,1,1,1
468,4,1,0,0,0,1
468,0,1,0,0,0,1
469,469,1,1,1,1,1
469,468,1,1,1,1,1
469,465,1,1,1,1,1
469,464,1,1,1,1,1
469,453,1,1,1,1,1
469,452,1,0,0,0,1
469,449,1,0,0,0,1
469,448,1,0,0,0,1
469,405,1,1,1,1,1
469,404,1,1,1,1,1
469,401,1,1,1,1,1
469,400,1,1,1,1,1
469,389,1,1,1,1,1
469,388,1,0,0,0,1
469,385,1,0,0,0,1
469,384,1,0,0,0,1
469,341,1,1,1,1,1
469,340,1,1,1,1,1
469,337,1,1,1,1,1
469,336,1,1,1,1,1
469,325,1,1,1,1,1
469,324,1,0,0,0,1
469,321,1,0,0,0,1
469,320,1,0,0,0,1
469,277,1,1,1,1,1
469,276,1,1,1,1,1
469,273,1,1,1,1,1
469,272,1,1,1,1,1
469,261,1,0,0,0,1
469,260,1,0,0,0,1
469,257,1,0,0,0,1
469,256,1,0,0,0,1
469,213,1,1,1,1,1
469,212,1,1,1,1,1
469,209,1,1,1,1,1
469,208,1,1,1,1,1
469,197,1,1,1,1,1
469,196,1,0,0,0,1
469,193,1,0,0,0,1
469,192,1,0,0,0,1
469,149,1,1,1,1,1
469,148,1,1,1,1,1
469,145,1,1,1,1,1
469,144,1,1,1,1,1
469,133,1,1,1,1,1
469,132,1,0,0,0,1
469,129,1,0,0,0,1
469,128,1,0,0,0,1
469,85,1,1,1,1,1
469,84,1,1,1,1,1
469,81,1,1,1,1,1
469,80,1,1,1,1,1
469,69,1,0,0,0,1
469,68,1,0,0,0,1
469,65,1,0,0,0,1
469,64,1,0,0,0,1
469,21,1,1,1,1,1
469,20,1,1,1,1,1
469,17,1,1,1,1,1
469,16,1,1,1,1,1
469,5,1,0,0,0,1
469,4,1,0,0,0,1
469,1,1,0,0,0,1
469,0,1,0,0,0,1
470,470,1,1,1,1,1
470,468,1,1,1,1,1
470,466,1,1,1,1,1
470,464,1,1,1,1,1
470,454,1,1,1,1,1
470,452,1,0,0,0,1
470,450,1,1,1,1,1
470,448,1,0,0,0,1
470,406,1,1,1,1,1
470,404,1,1,1,1,1
470,402,1,1,1,1,1
470,400,1,1,1,1,1
470,390,1,1,1,1,1
470,388,1,0,0,0,1
470,386,1,1,1,1,1
470,384,1,0,0,0,1
470,342,1,1,1,1,1
470,340,1,1,1,1,1
470,338,1,1,1,1,1
470,336,1,1,1,1,1
470,326,1,1,1,1,1
470,324,1,0,0,0,1
470,322,1,1,1,1,1
470,320,1,0,0,0,1
470,278,1,1,1,1,1
470,276,1,1,1,1,1
470,274,1,1,1,1,1
470,272,1,1,1,1,1
470,262,1,0,0,0,1
470,260,1,0,0,0,1
470,258,1,0,0,0,1
470,256,1,0,0,0,1
470,214,1,1,1,1,1
470,212,1,1,1,1,1
470,210,1,1,1,1,1
470,208,1,1,1,1,1
470,198,1,1,1,1,1
470,196,1,0,0,0,1
470,194,1,1,1,1,1
470,192,1,0,0,0,1
470,150,1,1,1,1,1
470,148,1,1,1,1,1
470,146,1,1,1,1,1
470,144,1,1,1,1,1
470,134,1,1,1,1,1
470,132,1,0,0,0,1
470,130,1,1,1,1,1
470,128,1,0,0,0,1
470,86,1,1,1,1,1
470,84,1,1,1,1,1
470,82,1,1,1,1,1
470,80,1,1,1,1,1
470,70,1,0,0,0,1
470,68,1,0,0,0,1
470,66,1,0,0,0,1
470,64,1,0,0,0,1
470,22,1,1,1,1,1
470,20,1,1,1,1,1
470,18,1,1,1,1,1
470,16,1,1,1,1,1
470,6,1,0,0,0,1
470,4,1,0,0,0,1
470,2,1,0,0,0,1
470,0,1,0,0,0,1
471,471,1,1,1,1,1
471,470,1,1,1,1,1
471,469,1,1,1,1,1
471,468,1,1,1,1,1
471,467,1,1,1,1,1
471,466,1,1,1,1,1
471,465,1,1,1,1,1
471,464,1,1,1,1,1
471,455,1,1,1,1,1
471,454,1,1,1,1,1
471,453,1,1,1,1,1
471,452,1,0,0,0,1
471,451,1,1,1,1,1
471,450,1,1,1,1,1
471,449,1,0,0,0,1
471,448,1,0,0,0,1
471,407,1,1,1,1,1
471,406,1,1,1,1,1
471,405,1,1,1,1,1
471,404,1,1,1,1,1
471,403,1,1,1,1,1
471,402,1,1,1,1,1
471,401,1,1,1,1,1
471,400,1,1,1,1,1
471,391,1,1,1,1,1
471,390,1,1,1,1,1
471,389,1,1,1,1,1
471,388,1,0,0,0,1
471,387,1,1,1,1,1
471,386,1,1,1,1,1
471,385,1,0,0,0,1
471,384,1,0,0,0,1
471,343,1,1,1,1,1
471,342,1,1,1,1,1
471,341,1,1,1,1,1
471,340,1,1,1,1,1
471,339,1,1,1,1,1
471,338,1,1,1,1,1
471,337,1,1,1,1,1
471,336,1,1,1,1,1
471,327,1,1,1,1,1
471,326,1,1,1,1,1
471,325,1,1,1,1,1
471,324,1,0,0,0,1
471,323,1,1,1,1,1
471,322,1,1,1,1,1
471,321,1,0,0,0,1
471,320,1,0,0,0,1
471,279,1,1,1,1,1
471,278,1,1,1,1,1
471,277,1,1,1,1,1
471,276,1,1,1,1,1
471,275,1,1,1,1,1
471,274,1,1,1,1,1
471,273,1,1,1,1,1
471,272,1,1,1,1,1
471,263,1,0,0,0,1
471,262,1,0,0,0,1
471,261,1,0,0,0,1
471,260,1,0,0,0,1
471,259,1,0,0,0,1
471,258,1,0,0,0,1
471,257,1,0,0,0,1
471,256,1,0,0,0,1
471,215,1,1,1,1,1
471,214,1,1,1,1,1
471,213,1,1,1,1,1
471,212,1,1,1,1,1
471,211,1,1,1,1,1
471,210,1,1,1,1,1
471,209,1,1,1,1,1
471,208,1,1,1,1,1
471,199,1,1,1,1,1
471,198,1,1,1,1,1
471,197,1,1,1,1,1
471,196,1,0,0,0,1
471,195,1,1,1,1,1
471,194,1,1,1,1,1
471,193,1,0,0,0,1
471,192,1,0,0,0,1
471,151,1,1,1,1,1
471,150,1,1,1,1,1
471,149,1,1,1,1,1
471,148,1,1,1,1,1
471,147,1,1,1,1,1
471,146,1,1,1,1,1
471,145,1,1,1,1,1
471,144,1,1,1,1,1
471,135,1,1,1,1,1
471,134,1,1,1,1,1
471,133,1,1,1,1,1
471,132,1,0,0,0,1
471,131,1,1,1,1,1
471,130,1,1,1,1,1
471,129,1,0,0,0,1
471,128,1,0,0,0,1
471,87,1,1,1,1,1
471,86,1,1,1,1,1
471,85,1,1,1,1,1
471,84,1,1,1,1,1
471,83,1,1,1,1,1
471,82,1,1,1,1,1
471,81,1,1,1,1,1
471,80,1,1,1,1,1
471,71,1,0,0,0,1
471,70,1,0,0,0,1
471,69,1,0,0,0,1
471,68,1,0,0,0,1
471,67,1,0,0,0,1
471,66,1,0,0,0,1
471,65,1,0,0,0,1
471,64,1,0,0,0,1
471,23,1,1,1,1,1
471,22,1,1,1,1,1
471,21,1,1,1,1,1
471,20,1,1,1,1,1
471,19,1,1,1,1,1
471,18,1,1,1,1,1
471,17,1,1,1,1,1
471,16,1,1,1,1,1
471,7,1,0,0,0,1
471,6,1,0,0,0,1
471,5,1,0,0,0,1
471,4,1,0,0,0,1
471,3,1,0,0,0,1
471,2,1,0,0,0,1
471,1,1,0,0,0,1
471,0,1,0,0,0,1
472,472,1,1,1,1,1
472,464,1,1,1,1,1
472,456,1,0,0,0,1
472,448,1,0,0,0,1
472,408,1,1,1,1,1
472,400,1,1,1,1,1
472,392,1,0,0,0,1
472,384,1,0,0,0,1
472,344,1,1,1,1,1
472,336,1,1,1,1,1
472,328,1,0,0,0,1
472,320,1,0,0,0,1
472,280,1,1,1,1,1
472,272,1,1,1,1,1
472,264,1,0,0,0,1
472,256,1,0,0,0,1
472,216,1,1,1,1,1
472,208,1,1,1,1,1
472,200,1,0,0,0,1
472,192,1,0,0,0,1
472,152,1,1,1,1,1
472,144,1,1,1,1,1
472,136,1,0,0,0,1
472,128,1,0,0,0,1
472,88,1,1,1,1,1
472,80,1,1,1,1,1
472,72,1,0,0,0,1
472,64,1,0,0,0,1
472,24,1,1,1,1,1
472,16,1,1,1,1,1
472,8,1,0,0,0,1
472,0,1,0,0,0,1
473,473,1,1,1,1,1
473,472,1,1,1,1,1
473,465,1,1,1,1,1
473,464,1,1,1,1,1
473,457,1,0,0,0,1
473,456,1,0,0,0,1
473,449,1,0,0,0,1
473,448,1,0,0,0,1
473,409,1,1,1,1,1
473,408,1,1,1,1,1
473,401,1,1,1,1,1
473,400,1,1,1,1,1
473,393,1,0,0,0,1
473,392,1,0,0,0,1
473,385,1,0,0,0,1
473,384,1,0,0,0,1
473,345,1,1,1,1,1
473,344,1,1,1,1,1
473,337,1,1,1,1,1
473,336,1,1,1,1,1
473,329,1,0,0,0,1
473,328,1,0,0,0,1
473,321,1,0,0,0,1
473,320,1,0,0,0,1
473,281,1,1,1,1,1
473,280,1,1,1,1,1
473,273,1,1,1,1,1
473,272,1,1,1,1,1
473,265,1,0,0,0,1
473,264,1,0,0,0,1
473,257,1,0,0,0,1
473,256,1,0,0,0,1
473,217,1,1,1,1,1
473,216,1,1,1,1,1
473,209,1,1,1,1,1
473,208,1,1,1,1,1
473,201,1,0,0,0,1
473,200,1,0,0,0,1
473,193,1,0,0,0,1
473,192,1,0,0,0,1
473,153,1,1,1,1,1
473,152,1,1,1,1,1
473,145,1,1,1,1,1
473,144,1,1,1,1,1
473,137,1,0,0,0,1
473,136,1,0,0,0,1
473,129,1,0,0,0,1
473,128,1,0,0,0,1
473,89,1,1,1,1,1
473,88,1,1,1,1,1
473,81,1,1,1,1,1
473,80,1,1,1,1,1
473,73,1,0,0,0,1
473,72,1,0,0,0,1
473,65,1,0,0,0,1
473,64,1,0,0,0,1
473,25,1,1,1,1,1
473,24,1,1,1,1,1
473,17,1,1,1,1,1
473,16,1,1,1,1,1
473,9,1,0,0,0,1
473,8,1,0,0,0,1
473,1,1,0,0,0,1
473,0,1,0,0,0,1
474,474,1,1,1,1,1
474,472,1,1,1,1,1
474,466,1,1,1,1,1
474,464,1,1,1,1,1
474,458,1,1,1,1,1
474,456,1,0,0,0,1
474,450,1,1,1,1,1
474,448,1,0,0,0,1
474,410,1,1,1,1,1
474,408,1,1,1,1,1
474,402,1,1,1,1,1
474,400,1,1,1,1,1
474,394,1,1,1,1,1
474,392,1,0,0,0,1
474,386,1,1,1,1,1
474,384,1,0,0,0,1
474,346,1,1,1,1,1
474,344,1,1,1,1,1
474,338,1,1,1,1,1
474,336,1,1,1,1,1
474,330,1,1,1,1,1
474,328,1,0,0,0,1
474,322,1,1,1,1,1
474,320,1,0,0,0,1
474,282,1,1,1,1,1
474,280,1,1,1,1,1
474,274,1,1,1,1,1
474,272,1,1,1,1,1
474,266,1,1,1,1,1
474,264,1,0,0,0,1
474,258,1,0,0,0,1
474,256,1,0,0,0,1
474,218,1,1,1,1,1
474,216,1,1,1,1,1
474,210,1,1,1,1,1
474,208,1,1,1,1,1
474,202,1,1,1,1,1
474,200,1,0,0,0,1
474,194,1,1,1,1,1
474,192,1,0,0,0,1
474,154,1,1,1,1,1
474,152,1,1,1,1,1
474,146,1,1,1,1,1
474,144,1,1,1,1,1
474,138,1,1,1,1,1
474,136,1,0,0,0,1
474,130,1,1,1,1,1
474,128,1,0,0,0,1
474,90,1,1,1,1,1
474,88,1,1,1,1,1
474,82,1,1,1,1,1
474,80,1,1,1,1,1
474,74,1,0,0,0,1
474,72,1,0,0,0,1
474,66,1,0,0,0,1
474,64,1,0,0,0,1
474,26,1,1,1,1,1
474,24,1,1,1,1,1
474,18,1,1,1,1,1
474,16,1,1,1,1,1
474,10,1,0,0,0,1
474,8,1,0,0,0,1
474,2,1,0,0,0,1
474,0,1,0,0,0,1
475,475,1,1,1,1,1
475,474,1,1,1,1,1
475,473,1,1,1,1,1
475,472,1,1,1,1,1
475,467,1,1,1,1,1
475,466,1,1,1,1,1
475,465,1,1,1,1,1
475,464,1,1,1,1,1
475,459,1,1,1,1,1
475,458,1,1,1,1,1
475,457,1,0,0,0,1
475,456,1,0,0,0,1
475,451,1,1,1,1,1
475,450,1,1,1,1,1
475,449,1,0,0,0,1
475,448,1,0,0,0,1
475,411,1,1,1,1,1
475,410,1,1,1,1,1
475,409,1,1,1,1,1
475,408,1,1,1,1,1
475,403,1,1,1,1,1
475,402,1,1,1,1,1
475,401,1,1,1,1,1
475,400,1,1,1,1,1
475,395,1,1,1,1,1
475,394,1,1,1,1,1
475,393,1,0,0,0,1
475,392,1,0,0,0,1
475,387,1,1,1,1,1
475,386,1,1,1,1,1
475,385,1,0,0,0,1
475,384,1,0,0,0,1
475,347,1,1,1,1,1
475,346,1,1,1,1,1
475,345,1,1,1,1,1
475,344,1,1,1,1,1
475,339,1,1,1,1,1
475,338,1,1,1,1,1
475,337,1,1,1,1,1
475,336,1,1,1,1,1
475,331,1,1,1,1,1
475,330,1,1,1,1,1
475,329,1,0,0,0,1
475,328,1,0,0,0,1
475,323,1,1,1,1,1
475,322,1,1,1,1,1
475,321,1,0,0,0,1
475,320,1,0,0,0,1
475,283,1,1,1,1,1
475,282,1,1,1,1,1
475,281,1,1,1,1,1
475,280,1,1,1,1,1
475,275,1,1,1,1,1
475,274,1,1,1,1,1
475,273,1,1,1,1,1
475,272,1,1,1,1,1
475,267,1,1,1,1,1
475,266,1,1,1,1,1
475,265,1,0,0,0,1
475,264,1,0,0,0,1
475,259,1,0,0,0,1
475,258,1,0,0,0,1
475,257,1,0,0,0,1
475,256,1,0,0,0,1
475,219,1,1,1,1,1
475,218,1,1,1,1,1
475,217,1,1,1,1,1
475,216,1,1,1,1,1
475,211,1,1,1,1,1
475,210,1,1,1,1,1
475,209,1,1,1,1,1
475,208,1,1,1,1,1
475,203,1,1,1,1,1
475,202,1,1,1,1,1
475,201,1,0,0,0,1
475,200,1,0,0,0,1
475,195,1,1,1,1,1
475,194,1,1,1,1,1
475,193,1,0,0,0,1
475,192,1,0,0,0,1
475,155,1,1,1,1,1
475,154,1,1,1,1,1
475,153,1,1,1,1,1
475,152,1,1,1,1,1
475,147,1,1,1,1,1
475,146,1,1,1,1,1
475,145,1,1,1,1,1
475,144,1,1,1,1,1
475,139,1,1,1,1,1
475,138,1,1,1,1,1
475,137,1,0,0,0,1
475,136,1,0,0,0,1
475,131,1,1,1,1,1
475,130,1,1,1,1,1
475,129,1,0,0,0,1
475,128,1,0,0,0,1
475,91,1,1,1,1,1
475,90,1,1,1,1,1
475,89,1,1,1,1,1
475,88,1,1,1,1,1
475,83,1,1,1,1,1
475,82,1,1,1,1,1
475,81,1,1,1,1,1
475,80,1,1,1,1,1
475,75,1,0,0,0,1
475,74,1,0,0,0,1
475,73,1,0,0,0,1
475,72,1,0,0,0,1
475,67,1,0,0,0,1
475,66,1,0,0,0,1
475,65,1,0,0,0,1
475,64,1,0,0,0,1
475,27,1,1,1,1,1
475,26,1,1,1,1,1
475,25,1,1,1,1,1
475,24,1,1,1,1,1
475,19,1,1,1,1,1
475,18,1,1,1,1,1
475,17,1,1,1,1,1
475,16,1,1,1,1,1
475,11,1,0,0,0,1
475,10,1,0,0,0,1
475,9,1,0,0,0,1
475,8,1,0,0,0,1
475,3,1,0,0,0,1
475,2,1,0,0,0,1
475,1,1,0,0,0,1
475,0,1,0,0,0,1
476,476,1,1,1,1,1
476,472,1,1,1,1,1
476,468,1,1,1,1,1
476,464,1,1,1,1,1
476,460,1,1,1,1,1
476,456,1,0,0,0,1
476,452,1,0,0,0,1
476,448,1,0,0,0,1
476,412,1,1,1,1,1
476,408,1,1,1,1,1
476,404,1,1,1,1,1
476,400,1,1,1,1,1
476,396,1,1,1,1,1
476,392,1,0,0,0,1
476,388,1,0,0,0,1
476,384,1,0,0,0,1
476,348,1,1,1,1,1
476,344,1,1,1,1,1
476,340,1,1,1,1,1
476,336,1,1,1,1,1
476,332,1,1,1,1,1
476,328,1,0,0,0,1
476,324,1,0,0,0,1
476,320,1,0,0,0,1
476,284,1,1,1,1,1
476,280,1,1,1,1,1
476,276,1,1,1,1,1
476,272,1,1,1,1,1
476,268,1,1,1,1,1
476,264,1,0,0,0,1
476,260,1,0,0,0,1
476,256,1,0,0,0,1
476,220,1,1,1,1,1
476,216,1,1,1,1,1
476,212,1,1,1,1,1
476,208,1,1,1,1,1
476,204,1,1,1,1,1
476,200,1,0,0,0,1
476,196,1,0,0,0,1
476,192,1,0,0,0,1
476,156,1,1,1,1,1
476,152,1,1,1,1,1
476,148,1,1,1,1,1
476,144,1,1,1,1,1
476,140,1,1,1,1,1
476,136,1,0,0,0,1
476,132,1,0,0,0,1
476,128,1,0,0,0,1
476,92,1,1,1,1,1
476,88,1,1,1,1,1
476,84,1,1,1,1,1
476,80,1,1,1,1,1
476,76,1,0,0,0,1
476,72,1,0,0,0,1
476,68,1,0,0,0,1
476,64,1,0,0,0,1
476,28,1,1,1,1,1
476,24,1,1,1,1,1
476,20,1,1,1,1,1
476,16,1,1,1,1,1
476,12,1,0,0,0,1
476,8,1,0,0,0,1
476,4,1,0,0,0,1
476,0,1,0,0,0,1
477,477,1,1,1,1,1
477,476,1,1,1,1,1
477,473,1,1,1,1,1
477,472,1,1,1,1,1
477,469,1,1,1,1,1
477,468,1,1,1,1,1
477,465,1,1,1,1,1
477,464,1,1,1,1,1
477,461,1,1,1,1,1
477,460,1,1,1,1,1
477,457,1,0,0,0,1
477,456,1,0,0,0,1
477,453,1,1,1,1,1
477,452,1,0,0,0,1
477,449,1,0,0,0,1
477,448,1,0,0,0,1
477,413,1,1,1,1,1
477,412,1,1,1,1,1
477,409,1,1,1,1,1
477,408,1,1,1,1,1
477,405,1,1,1,1,1
477,404,1,1,1,1,1
477,401,1,1,1,1,1
477,400,1,1,1,1,1
477,397,1,1,1,1,1
477,396,1,1,1,1,1
477,393,1,0,0,0,1
477,392,1,0,0,0,1
477,389,1,1,1,1,1
477,388,1,0,0,0,1
477,385,1,0,0,0,1
477,384,1,0,0,0,1
477,349,1,1,1,1,1
477,348,1,1,1,1,1
477,345,1,1,1,1,1
477,344,1,1,1,1,1
477,341,1,1,1,1,1
477,340,1,1,1,1,1
477,337,1,1,1,1,1
477,336,1,1,1,1,1
477,333,1,1,1,1,1
477,332,1,1,1,1,1
477,329,1,0,0,0,1
477,328,1,0,0,0,1
477,325,1,1,1,1,1
477,324,1,0,0,0,1
477,321,1,0,0,0,1
477,320,1,0,0,0,1
477,285,1,1,1,1,1
477,284,1,1,1,1,1
477,281,1,1,1,1,1
477,280,1,1,1,1,1
477,277,1,1,1,1,1
477,276,1,1,1,1,1
477,273,1,1,1,1,1
477,272,1,1,1,1,1
477,269,1,1,1,1,1
477,268,1,1,1,1,1
477,265,1,0,0,0,1
477,264,1,0,0,0,1
477,261,1,0,0,0,1
477,260,1,0,0,0,1
477,257,1,0,0,0,1
477,256,1,0,0,0,1
477,221,1,1,1,1,1
477,220,1,1,1,1,1
477,217,1,1,1,1,1
477,216,1,1,1,1,1
477,213,1,1,1,1,1
477,212,1,1,1,1,1
477,209,1,1,1,1,1
477,208,1,1,1,1,1
477,205,1,1,1,1,1
477,204,1,1,1,1,1
477,201,1,0,0,0,1
477,200,1,0,0,0,1
477,197,1,1,1,1,1
477,196,1,0,0,0,1
477,193,1,0,0,0,1
477,192,1,0,0,0,1
477,157,1,1,1,1,1
477,156,1,1,1,1,1
477,153,1,1,1,1,1
477,152,1,1,1,1,1
477,149,1,1,1,1,1
477,148,1,1,1,1,1
477,145,1,1,1,1,1
477,144,1,1,1,1,1
477,141,1,1,1,1,1
477,140,1,1,1,1,1
477,137,1,0,0,0,1
477,136,1,0,0,0,1
477,133,1,1,1,1,1
477,132,1,0,0,0,1
477,129,1,0,0,0,1
477,128,1,0,0,0,1
477,93,1,1,1,1,1
477,92,1,1,1,1,1
477,89,1,1,1,1,1
477,88,1,1,1,1,1
477,85,1,1,1,1,1
477,84,1,1,1,1,1
477,81,1,1,1,1,1
477,80,1,1,1,1,1
477,77,1,0,0,0,1
477,76,1,0,0,0,1
477,73,1,0,0,0,1
477,72,1,0,0,0,1
477,69,1,0,0,0,1
477,68,1,0,0,0,1
477,65,1,0,0,0,1
477,64,1,0,0,0,1
477,29,1,1,1,1,1
477,28,1,1,1,1,1
477,25,1,1,1,1,1
477,24,1,1,1,1,1
477,21,1,1,1,1,1
477,20,1,1,1,1,1
477,17,1,1,1,1,1
477,16,1,1,1,1,1
477,13,1,0,0,0,1
477,12,1,0,0,0,1
477,9,1,0,0,0,1
477,8,1,0,0,0,1
477,5,1,0,0,0,1
477,4,1,0,0,0,1
477,1,1,0,0,0,1
477,0,1,0,0,0,1
478,478,1,1,1,1,1
478,476,1,1,1,1,1
478,474,1,1,1,1,1
478,472,1,1,1,1,1
478,470,1,1,1,1,1
478,468,1,1,1,1,1
478,466,1,1,1,1,1
478,464,1,1,1,1,1
478,462,1,1,1,1,1
478,460,1,1,1,1,1
478,458,1,1,1,1,1
478,456,1,0,0,0,1
478,454,1,1,1,1,1
478,452,1,0,0,0,1
478,450,1,1,1,1,1
478,448,1,0,0,0,1
478,414,1,1,1,1,1
478,412,1,1,1,1,1
478,410,1,1,1,1,1
478,408,1,1,1,1,1
478,406,1,1,1,1,1
478,404,1,1,1,1,1
478,402,1,1,1,1,1
478,400,1,1,1,1,1
478,398,1,1,1,1,1
478,396,1,1,1,1,1
478,394,1,1,1,1,1
478,392,1,0,0,0,1
478,390,1,1,1,1,1
478,388,1,0,0,0,1
478,386,1,1,1,1,1
478,384,1,0,0,0,1
478,350,1,1,1,1,1
478,348,1,1,1,1,1
478,346,1,1,1,1,1
478,344,1,1,1,1,1
478,342,1,1,1,1,1
478,340,1,1,1,1,1
478,338,1,1,1,1,1
478,336,1,1,1,1,1
478,334,1,1,1,1,1
478,332,1,1,1,1,1
478,330,1,1,1,1,1
478,328,1,0,0,0,1
478,326,1,1,1,1,1
478,324,1,0,0,0,1
478,322,1,1,1,1,1
478,320,1,0,0,0,1
478,286,1,1,1,1,1
478,284,1,1,1,1,1
478,282,1,1,1,1,1
478,280,1,1,1,1,1
478,278,1,1,1,1,1
478,276,1,1,1,1,1
478,274,1,1,1,1,1
478,272,1,1,1,1,1
478,270,1,1,1,1,1
478,268,1,1,1,1,1
478,266,1,1,1,1,1
478,264,1,0,0,0,1
478,262,1,0,0,0,1
478,260,1,0,0,0,1
478,258,1,0,0,0,1
478,256,1,0,0,0,1
478,222,1,1,1,1,1
478,220,1,1,1,1,1
478,218,1,1,1,1,1
478,216,1,1,1,1,1
478,214,1,1,1,1,1
478,212,1,1,1,1,1
478,210,1,1,1,1,1
478,208,1,1,1,1,1
478,206,1,1,1,1,1
478,204,1,1,1,1,1
478,202,1,1,1,1,1
478,200,1,0,0,0,1
478,198,1,1,1,1,1
478,196,1,0,0,0,1
478,194,1,1,1,1,1
478,192,1,0,0,0,1
478,158,1,1,1,1,1
478,156,1,1,1,1,1
478,154,1,1,1,1,1
478,152,1,1,1,1,1
478,150,1,1,1,1,1
478,148,1,1,1,1,1
478,146,1,1,1,1,1
478,144,1,1,1,1,1
478,142,1,1,1,1,1
478,140,1,1,1,1,1
478,138,1,1,1,1,1
478,136,1,0,0,0,1
478,134,1,1,1,1,1
478,132,1,0,0,0,1
478,130,1,1,1,1,1
478,128,1,0,0,0,1
478,94,1,1,1,1,1
478,92,1,1,1,1,1
478,90,1,1,1,1,1
478,88,1,1,1,1,1
478,86,1,1,1,1,1
478,84,1,1,1,1,1
478,82,1,1,1,1,1
478,80,1,1,1,1,1
478,78,1,0,0,0,1
478,76,1,0,0,0,1
478,74,1,0,0,0,1
478,72,1,0,0,0,1
478,70,1,0,0,0,1
478,68,1,0,0,0,1
478,66,1,0,0,0,1
478,64,1,0,0,0,1
478,30,1,1,1,1,1
478,28,1,1,1,1,1
478,26,1,1,1,1,1
478,24,1,1,1,1,1
478,22,1,1,1,1,1
478,20,1,1,1,1,1
478,18,1,1,1,1,1
478,16,1,1,1,1,1
478,14,1,0,0,0,1
478,12,1,0,0,0,1
478,10,1,0,0,0,1
478,8,1,0,0,0,1
478,6,1,0,0,0,1
478,4,1,0,0,0,1
478,2,1,0,0,0,1
478,0,1,0,0,0,1
479,479,1,1,1,1,1
479,478,1,1,1,1,1
479,477,1,1,1,1,1
479,476,1,1,1,1,1
479,475,1,1,1,1,1
479,474,1,1,1,1,1
479,473,1,1,1,1,1
479,472,1,1,1,1,1
479,471,1,1,1,1,1
479,470,1,1,1,1,1
479,469,1,1,1,1,1
479,468,1,1,1,1,1
479,467,1,1,1,1,1
479,466,1,1,1,1,1
479,465,1,1,1,1,1
479,464,1,1,1,1,1
479,463,1,1,1,1,1
479,462,1,1,1,1,1
479,461,1,1,1,1,1
479,460,1,1,1,1,1
479,459,1,1,1,1,1
479,458,1,1,1,1,1
479,457,1,0,0,0,1
479,456,1,0,0,0,1
479,455,1,1,1,1,1
479,454,1,1,1,1,1
479,453,1,1,1,1,1
479,452,1,0,0,0,1
479,451,1,1,1,1,1
479,450,1,1,1,1,1
479,449,1,0,0,0,1
479,448,1,0,0,0,1
479,415,1,1,1,1,1
479,414,1,1,1,1,1
479,413,1,1,1,1,1
479,412,1,1,1,1,1
479,411,1,1,1,1,1
479,410,1,1,1,1,1
479,409,1,1,1,1,1
479,408,1,1,1,1,1
479,407,1,1,1,1,1
479,406,1,1,1,1,1
479,405,1,1,1,1,1
479,404,1,1,1,1,1
479,403,1,1,1,1,1
479,402,1,1,1,1,1
479,401,1,1,1,1,1
479,400,1,1,1,1,1
479,399,1,1,1,1,1
479,398,1,1,1,1,1
479,397,1,1,1,1,1
479,396,1,1,1,1,1
479,395,1,1,1,1,1
479,394,1,1,1,1,1
479,393,1,0,0,0,1
479,392,1,0,0,0,1
479,391,1,1,1,1,1
479,390,1,1,1,1,1
479,389,1,1,1,1,1
479,388,1,0,0,0,1
479,387,1,1,1,1,1
479,386,1,1,1,1,1
479,385,1,0,0,0,1
479,384,1,0,0,0,1
479,351,1,1,1,1,1
479,350,1,1,1,1,1
479,349,1,1,1,1,1
479,348,1,1,1,1,1
479,347,1,1,1,1,1
479,346,1,1,1,1,1
479,345,1,1,1,1,1
479,344,1,1,1,1,1
479,343,1,1,1,1,1
479,342,1,1,1,1,1
479,341,1,1,1,1,1
479,340,1,1,1,1,1
479,339,1,1,1,1,1
479,338,1,1,1,1,1
479,337,1,1,1,1,1
479,336,1,1,1,1,1
479,335,1,1,1,1,1
479,334,1,1,1,1,1
479,333,1,1,1,1,1
479,332,1,1,1,1,1
479,331,1,1,1,1,1
479,330,1,1,1,1,1
479,329,1,0,0,0,1
479,328,1,0,0,0,1
479,327,1,1,1,1,1
479,326,1,1,1,1,1
479,325,1,1,1,1,1
479,324,1,0,0,0,1
479,323,1,1,1,1,1
479,322,1,1,1,1,1
479,321,1,0,0,0,1
479,320,1,0,0,0,1
479,287,1,1,1,1,1
479,286,1,1,1,1,1
479,285,1,1,1,1,1
479,284,1,1,1,1,1
479,283,1,1,1,1,1
479,282,1,1,1,1,1
479,281,1,1,1,1,1
479,280,1,1,1,1,1
479,279,1,1,1,1,1
479,278,1,1,1,1,1
479,277,1,1,1,1,1
479,276,1,1,1,1,1
479,275,1,1,1,1,1
479,274,1,1,1,1,1
479,273,1,1,1,1,1
479,272,1,1,1,1,1
479,271,1,1,1,1,1
479,270,1,1,1,1,1
479,269,1,1,1,1,1
479,268,1,1,1,1,1
479,267,1,1,1,1,1
479,266,1,1,1,1,1
479,265,1,0,0,0,1
479,264,1,0,0,0,1
479,263,1,0,0,0,1
479,262,1,0,0,0,1
479,261,1,0,0,0,1
479,260,1,0,0,0,1
479,259,1,0,0,0,1
479,258,1,0,0,0,1
479,257,1,0,0,0,1
479,256,1,0,0,0,1
479,223,1,1,1,1,1
479,222,1,1,1,1,1
479,221,1,1,1,1,1
479,220,1,1,1,1,1
479,219,1,1,1,1,1
479,218,1,1,1,1,1
479,217,1,1,1,1,1
479,216,1,1,1,1,1
479,215,1,1,1,1,1
479,214,1,1,1,1,1
479,213,1,1,1,1,1
479,212,1,1,1,1,1
479,211,1,1,1,1,1
479,210,1,1,1,1,1
479,209,1,1,1,1,1
479,208,1,1,1,1,1
479,207,1,1,1,1,1
479,206,1,1,1,1,1
479,205,1,1,1,1,1
479,204,1,1,1,1,1
479,203,1,1,1,1,1
479,202,1,1,1,1,1
479,201,1,0,0,0,1
479,200,1,0,0,0,1
479,199,1,1,1,1,1
479,198,1,1,1,1,1
479,197,1,1,1,1,1
479,196,1,0,0,0,1
479,195,1,1,1,1,1
479,194,1,1,1,1,1
479,193,1,0,0,0,1
479,192,1,0,0,0,1
479,159,1,1,1,1,1
479,158,1,1,1,1,1
479,157,1,1,1,1,1
479,156,1,1,1,1,1
479,155,1,1,1,1,1
479,154,1,1,1,1,1
479,153,1,1,1,1,1
479,152,1,1,1,1,1
479,151,1,1,1,1,1
479,150,1,1,1,1,1
479,149,1,1,1,1,1
479,148,1,1,1,1,1
479,147,1,1,1,1,1
479,146,1,1,1,1,1
479,145,1,1,1,1,1
479,144,1,1,1,1,1
479,143,1,1,1,1,1
479,142,1,1,1,1,1
479,141,1,1,1,1,1
479,140,1,1,1,1,1
479,139,1,1,1,1,1
479,138,1,1,1,1,1
479,137,1,0,0,0,1
479,136,1,0,0,0,1
479,135,1,1,1,1,1
479,134,1,1,1,1,1
479,133,1,1,1,1,1
479,132,1,0,0,0,1
479,131,1,1,1,1,1
479,130,1,1,1,1,1
479,129,1,0,0,0,1
479,128,1,0,0,0,1
479,95,1,1,1,1,1
479,94,1,1,1,1,1
479,93,1,1,1,1,1
479,92,1,1,1,1,1
479,91,1,1,1,1,1
479,90,1,1,1,1,1
479,89,1,1,1,1,1
479,88,1,1,1,1,1
479,87,1,1,1,1,1
479,86,1,1,1,1,1
479,85,1,1,1,1,1
479,84,1,1,1,1,1
479,83,1,1,1,1,1
479,82,1,1,1,1,1
479,81,1,1,1,1,1
479,80,1,1,1,1,1
479,79,1,0,0,0,1
479,78,1,0,0,0,1
479,77,1,0,0,0,1
479,76,1,0,0,0,1
479,75,1,0,0,0,1
479,74,1,0,0,0,1
479,73,1,0,0,0,1
479,72,1,0,0,0,1
479,71,1,0,0,0,1
479,70,1,0,0,0,1
479,69,1,0,0,0,1
479,68,1,0,0,0,1
479,67,1,0,0,0,1
479,66,1,0,0,0,1
479,65,1,0,0,0,1
479,64,1,0,0,0,1
479,31,1,1,1,1,1
479,30,1,1,1,1,1
479,29,1,1,1,1,1
479,28,1,1,1,1,1
479,27,1,1,1,1,1
479,26,1,1,1,1,1
479,25,1,1,1,1,1
479,24,1,1,1,1,1
479,23,1,1,1,1,1
479,22,1,1,1,1,1
479,21,1,1,1,1,1
479,20,1,1,1,1,1
479,19,1,1,1,1,1
479,18,1,1,1,1,1
479,17,1,1,1,1,1
479,16,1,1,1,1,1
479,15,1,0,0,0,1
479,14,1,0,0,0,1
479,13,1,0,0,0,1
479,12,1,0,0,0,1
479,11,1,0,0,0,1
479,10,1,0,0,0,1
479,9,1,0,0,0,1
479,8,1,0,0,0,1
479,7,1,0,0,0,1
479,6,1,0,0,0,1
479,5,1,0,0,0,1
479,4,1,0,0,0,1
479,3,1,0,0,0,1
479,2,1,0,0,0,1
479,1,1,0,0,0,1
479,0,1,0,0,0,1
480,480,0,0,0,0,1
480,448,0,0,0,0,1
480,416,0,0,0,0,1
480,384,0,0,0,0,1
480,352,0,0,0,0,1
480,320,0,0,0,0,1
480,288,0,0,0,0,1
480,256,0,0,0,0,1
480,224,0,0,0,0,1
480,192,0,0,0,0,1
480,160,0,0,0,0,1
480,128,0,0,0,0,1
480,96,0,0,0,0,1
480,64,0,0,0,0,1
480,32,0,0,0,0,1
480,0,0,0,0,0,1
481,481,1,1,1,1,1
481,480,1,0,0,0,1
481,449,1,0,0,0,1
481,448,1,0,0,0,1
481,417,1,1,1,1,1
481,416,1,0,0,0,1
481,385,1,0,0,0,1
481,384,1,0,0,0,1
481,353,1,1,1,1,1
481,352,1,0,0,0,1
481,321,1,0,0,0,1
481,320,1,0,0,0,1
481,289,1,0,0,0,1
481,288,1,0,0,0,1
481,257,1,0,0,0,1
481,256,1,0,0,0,1
481,225,1,1,1,1,1
481,224,1,0,0,0,1
481,193,1,0,0,0,1
481,192,1,0,0,0,1
481,161,1,1,1,1,1
481,160,1,0,0,0,1
481,129,1,0,0,0,1
481,128,1,0,0,0,1
481,97,1,1,1,1,1
481,96,1,0,0,0,1
481,65,1,0,0,0,1
481,64,1,0,0,0,1
481,33,1,0,0,0,1
481,32,1,0,0,0,1
481,1,1,0,0,0,1
481,0,1,0,0,0,1
482,482,1,1,1,1,1
482,480,1,0,0,0,1
482,450,1,1,1,1,1
482,448,1,0,0,0,1
482,418,1,1,1,1,1
482,416,1,0,0,0,1
482,386,1,1,1,1,1
482,384,1,0,0,0,1
482,354,1,1,1,1,1
482,352,1,0,0,0,1
482,322,1,1,1,1,1
482,320,1,0,0,0,1
482,290,1,0,0,0,1
482,288,1,0,0,0,1
482,258,1,0,0,0,1
482,256,1,0,0,0,1
482,226,1,1,1,1,1
482,224,1,0,0,0,1
482,194,1,1,1,1,1
482,192,1,0,0,0,1
482,162,1,1,1,1,1
482,160,1,0,0,0,1
482,130,1,1,1,1,1
482,128,1,0,0,0,1
482,98,1,1,1,1,1
482,96,1,0,0,0,1
482,66,1,0,0,0,1
482,64,1,0,0,0,1
482,34,1,0,0,0,1
482,32,1,0,0,0,1
482,2,1,0,0,0,1
482,0,1,0,0,0,1
483,483,1,1,1,1,1
483,482,1,1,1,1,1
483,481,1,1,1,1,1
483,480,1,0,0,0,1
483,451,1,1,1,1,1
483,450,1,1,1,1,1
483,449,1,0,0,0,1
483,448,1,0,0,0,1
483,419,1,1,1,1,1
483,418,1,1,1,1,1
483,417,1,1,1,1,1
483,416,1,0,0,0,1
483,387,1,1,1,1,1
483,386,1,1,1,1,1
483,385,1,0,0,0,1
483,384,1,0,0,0,1
483,355,1,1,1,1,1
483,354,1,1,1,1,1
483,353,1,1,1,1,1
483,352,1,0,0,0,1
483,323,1,1,1,1,1
483,322,1,1,1,1,1
483,321,1,0,0,0,1
483,320,1,0,0,0,1
483,291,1,0,0,0,1
483,290,1,0,0,0,1
483,289,1,0,0,0,1
483,288,1,0,0,0,1
483,259,1,0,0,0,1
483,258,1,0,0,0,1
483,257,1,0,0,0,1
483,256,1,0,0,0,1
483,227,1,1,1,1,1
483,226,1,1,1,1,1
483,225,1,1,1,1,1
483,224,1,0,0,0,1
483,195,1,1,1,1,1
483,194,1,1,1,1,1
483,193,1,0,0,0,1
483,192,1,0,0,0,1
483,163,1,1,1,1,1
483,162,1,1,1,1,1
483,161,1,1,1,1,1
483,160,1,0,0,0,1
483,131,1,1,1,1,1
483,130,1,1,1,1,1
483,129,1,0,0,0,1
483,128,1,0,0,0,1
483,99,1,1,1,1,1
483,98,1,1,1,1,1
483,97,1,1,1,1,1
483,96,1,0,0,0,1
483,67,1,0,0,0,1
483,66,1,0,0,0,1
483,65,1,0,0,0,1
483,64,1,0,0,0,1
483,35,1,0,0,0,1
483,34,1,0,0,0,1
483,33,1,0,0,0,1
483,32,1,0,0,0,1
483,3,1,0,0,0,1
483,2,1,0,0,0,1
483,1,1,0,0,0,1
483,0,1,0,0,0,1
484,484,0,0,0,0,1
484,480,0,0,0,0,1
484,452,0,0,0,0,1
484,448,0,0,0,0,1
484,420,0,0,0,0,1
484,416,0,0,0,0,1
484,388,0,0,0,0,1
484,384,0,0,0,0,1
484,356,0,0,0,0,1
484,352,0,0,0,0,1
484,324,0,0,0,0,1
484,320,0,0,0,0,1
484,292,0,0,0,0,1
484,288,0,0,0,0,1
484,260,0,0,0,0,1
484,256,0,0,0,0,1
484,228,0,0,0,0,1
484,224,0,0,0,0,1
484,196,0,0,0,0,1
484,192,0,0,0,0,1
484,164,0,0,0,0,1
484,160,0,0,0,0,1
484,132,0,0,0,0,1
484,128,0,0,0,0,1
484,100,0,0,0,0,1
484,96,0,0,0,0,1
484,68,0,0,0,0,1
484,64,0,0,0,0,1
484,36,0,0,0,0,1
484,32,0,0,0,0,1
484,4,0,0,0,0,1
484,0,0,0,0,0,1
485,485,1,1,1,1,1
485,484,1,0,0,0,1
485,481,1,1,1,1,1
485,480,1,0,0,0,1
485,453,1,1,1,1,1
485,452,1,0,0,0,1
485,449,1,0,0,0,1
485,448,1,0,0,0,1
485,421,1,1,1,1,1
485,420,1,0,0,0,1
485,417,1,1,1,1,1
485,416,1,0,0,0,1
485,389,1,1,1,1,1
485,388,1,0,0,0,1
485,385,1,0,0,0,1
485,384,1,0,0,0,1
485,357,1,1,1,1,1
485,356,1,0,0,0,1
485,353,1,1,1,1,1
485,352,1,0,0,0,1
485,325,1,1,1,1,1
485,324,1,0,0,0,1
485,321,1,0,0,0,1
485,320,1,0,0,0,1
485,293,1,0,0,0,1
485,292,1,0,0,0,1
485,289,1,0,0,0,1
485,288,1,0,0,0,1
485,261,1,0,0,0,1
485,260,1,0,0,0,1
485,257,1,0,0,0,1
485,256,1,0,0,0,1
485,229,1,1,1,1,1
485,228,1,0,0,0,1
485,225,1,1,1,1,1
485,224,1,0,0,0,1
485,197,1,1,1,1,1
485,196,1,0,0,0,1
485,193,1,0,0,0,1
485,192,1,0,0,0,1
485,165,1,1,1,1,1
485,164,1,0,0,0,1
485,161,1,1,1,1,1
485,160,1,0,0,0,1
485,133,1,1,1,1,1
485,132,1,0,0,0,1
485,129,1,0,0,0,1
485,128,1,0,0,0,1
485,101,1,1,1,1,1
485,100,1,0,0,0,1
485,97,1,1,1,1,1
485,96,1,0,0,0,1
485,69,1,0,0,0,1
485,68,1,0,0,0,1
485,65,1,0,0,0,1
485,64,1,0,0,0,1
485,37,1,0,0,0,1
485,36,1,0,0,0,1
485,33,1,0,0,0,1
485,32,1,0,0,0,1
485,5,1,0,0,0,1
485,4,1,0,0,0,1
485,1,1,0,0,0,1
485,0,1,0,0,0,1
486,486,1,1,1,1,1
486,484,1,0,0,0,1
486,482,1,1,1,1,1
486,480,1,0,0,0,1
486,454,1,1,1,1,1
486,452,1,0,0,0,1
486,450,1,1,1,1,1
486,448,1,0,0,0,1
486,422,1,1,1,1,1
486,420,1,0,0,0,1
486,418,1,1,1,1,1
486,416,1,0,0,0,1
486,390,1,1,1,1,1
486,388,1,0,0,0,1
486,386,1,1,1,1,1
486,384,1,0,0,0,1
486,358,1,1,1,1,1
486,356,1,0,0,0,1
486,354,1,1,1,1,1
486,352,1,0,0,0,1
486,326,1,1,1,1,1
486,324,1,0,0,0,1
486,322,1,1,1,1,1
486,320,1,0,0,0,1
486,294,1,0,0,0,1
486,292,1,0,0,0,1
486,290,1,0,0,0,1
486,288,1,0,0,0,1
486,262,1,0,0,0,1
486,260,1,0,0,0,1
486,258,1,0,0,0,1
486,256,1,0,0,0,1
486,230,1,1,1,1,1
486,228,1,0,0,0,1
486,226,1,1,1,1,1
486,224,1,0,0,0,1
486,198,1,1,1,1,1
486,196,1,0,0,0,1
486,194,1,1,1,1,1
486,192,1,0,0,0,1
486,166,1,1,1,1,1
486,164,1,0,0,0,1
486,162,1,1,1,1,1
486,160,1,0,0,0,1
486,134,1,1,1,1,1
486,132,1,0,0,0,1
486,130,1,1,1,1,1
486,128,1,0,0,0,1
486,102,1,1,1,1,1
486,100,1,0,0,0,1
486,98,1,1,1,1,1
486,96,1,0,0,0,1
486,70,1,0,0,0,1
486,68,1,0,0,0,1
486,66,1,0,0,0,1
486,64,1,0,0,0,1
486,38,1,0,0,0,1
486,36,1,0,0,0,1
486,34,1,0,0,0,1
486,32,1,0,0,0,1
486,6,1,0,0,0,1
486,4,1,0,0,0,1
486,2,1,0,0,0,1
486,0,1,0,0,0,1
487,487,1,1,1,1,1
487,486,1,1,1,1,1
487,485,1,1,1,1,1
487,484,1,0,0,0,1
487,483,1,1,1,1,1
487,482,1,1,1,1,1
487,481,1,1,1,1,1
487,480,1,0,0,0,1
487,455,1,1,1,1,1
487,454,1,1,1,1,1
487,453,1,1,1,1,1
487,452,1,0,0,0,1
487,451,1,1,1,1,1
487,450,1,1,1,1,1
487,449,1,0,0,0,1
487,448,1,0,0,0,1
487,423,1,1,1,1,1
487,422,1,1,1,1,1
487,421,1,1,1,1,1
487,420,1,0,0,0,1
487,419,1,1,1,1,1
487,418,1,1,1,1,1
487,417,1,1,1,1,1
487,416,1,0,0,0,1
487,391,1,1,1,1,1
487,390,1,1,1,1,1
487,389,1,1,1,1,1
487,388,1,0,0,0,1
487,387,1,1,1,1,1
487,386,1,1,1,1,1
487,385,1,0,0,0,1
487,384,1,0,0,0,1
487,359,1,1,1,1,1
487,358,1,1,1,1,1
487,357,1,1,1,1,1
487,356,1,0,0,0,1
487,355,1,1,1,1,1
487,354,1,1,1,1,1
487,353,1,1,1,1,1
487,352,1,0,0,0,1
487,327,1,1,1,1,1
487,326,1,1,1,1,1
487,325,1,1,1,1,1
487,324,1,0,0,0,1
487,323,1,1,1,1,1
487,322,1,1,1,1,1
487,321,1,0,0,0,1
487,320,1,0,0,0,1
487,295,1,0,0,0,1
487,294,1,0,0,0,1
487,293,1,0,0,0,1
487,292,1,0,0,0,1
487,291,1,0,0,0,1
487,290,1,0,0,0,1
487,289,1,0,0,0,1
487,288,1,0,0,0,1
487,263,1,0,0,0,1
487,262,1,0,0,0,1
487,261,1,0,0,0,1
487,260,1,0,0,0,1
487,259,1,0,0,0,1
487,258,1,0,0,0,1
487,257,1,0,0,0,1
487,256,1,0,0,0,1
487,231,1,1,1,1,1
487,230,1,1,1,1,1
487,229,1,1,1,1,1
487,228,1,0,0,0,1
487,227,1,1,1,1,1
487,226,1,1,1,1,1
487,225,1,1,1,1,1
487,224,1,0,0,0,1
487,199,1,1,1,1,1
487,198,1,1,1,1,1
487,197,1,1,1,1,1
487,196,1,0,0,0,1
487,195,1,1,1,1,1
487,194,1,1,1,1,1
487,193,1,0,0,0,1
487,192,1,0,0,0,1
487,167,1,1,1,1,1
487,166,1,1,1,1,1
487,165,1,1,1,1,1
487,164,1,0,0,0,1
487,163,1,1,1,1,1
487,162,1,1,1,1,1
487,161,1,1,1,1,1
487,160,1,0,0,0,1
487,135,1,1,1,1,1
487,134,1,1,1,1,1
487,133,1,1,1,1,1
487,132,1,0,0,0,1
487,131,1,1,1,1,1
487,130,1,1,1,1,1
487,129,1,0,0,0,1
487,128,1,0,0,0,1
487,103,1,1,1,1,1
487,102,1,1,1,1,1
487,101,1,1,1,1,1
487,100,1,0,0,0,1
487,99,1,1,1,1,1
487,98,1,1,1,1,1
487,97,1,1,1,1,1
487,96,1,0,0,0,1
487,71,1,0,0,0,1
487,70,1,0,0,0,1
487,69,1,0,0,0,1
487,68,1,0,0,0,1
487,67,1,0,0,0,1
487,66,1,0,0,0,1
487,65,1,0,0,0,1
487,64,1,0,0,0,1
487,39,1,0,0,0,1
487,38,1,0,0,0,1
487,37,1,0,0,0,1
487,36,1,0,0,0,1
487,35,1,0,0,0,1
487,34,1,0,0,0,1
487,33,1,0,0,0,1
487,32,1,0,0,0,1
487,7,1,0,0,0,1
487,6,1,0,0,0,1
487,5,1,0,0,0,1
487,4,1,0,0,0,1
487,3,1,0,0,0,1
487,2,1,0,0,0,1
487,1,1,0,0,0,1
487,0,1,0,0,0,1
488,488,1,1,1,1,1
488,480,1,0,0,0,1
488,456,1,0,0,0,1
488,448,1,0,0,0,1
488,424,1,1,1,1,1
488,416,1,0,0,0,1
488,392,1,0,0,0,1
488,384,1,0,0,0,1
488,360,1,1,1,1,1
488,352,1,0,0,0,1
488,328,1,0,0,0,1
488,320,1,0,0,0,1
488,296,1,1,1,1,1
488,288,1,0,0,0,1
488,264,1,0,0,0,1
488,256,1,0,0,0,1
488,232,1,1,1,1,1
488,224,1,0,0,0,1
488,200,1,0,0,0,1
488,192,1,0,0,0,1
488,168,1,1,1,1,1
488,160,1,0,0,0,1
488,136,1,0,0,0,1
488,128,1,0,0,0,1
488,104,1,1,1,1,1
488,96,1,0,0,0,1
488,72,1,0,0,0,1
488,64,1,0,0,0,1
488,40,1,1,1,1,1
488,32,1,0,0,0,1
488,8,1,0,0,0,1
488,0,1,0,0,0,1
489,489,1,1,1,1,1
489,488,1,1,1,1,1
489,481,1,1,1,1,1
489,480,1,0,0,0,1
489,457,1,0,0,0,1
489,456,1,0,0,0,1
489,449,1,0,0,0,1
489,448,1,0,0,0,1
489,425,1,1,1,1,1
489,424,1,1,1,1,1
489,417,1,1,1,1,1
489,416,1,0,0,0,1
489,393,1,0,0,0,1
489,392,1,0,0,0,1
489,385,1,0,0,0,1
489,384,1,0,0,0,1
489,361,1,1,1,1,1
489,360,1,1,1,1,1
489,353,1,1,1,1,1
489,352,1,0,0,0,1
489,329,1,0,0,0,1
489,328,1,0,0,0,1
489,321,1,0,0,0,1
489,320,1,0,0,0,1
489,297,1,1,1,1,1
489,296,1,1,1,1,1
489,289,1,0,0,0,1
489,288,1,0,0,0,1
489,265,1,0,0,0,1
489,264,1,0,0,0,1
489,257,1,0,0,0,1
489,256,1,0,0,0,1
489,233,1,1,1,1,1
489,232,1,1,1,1,1
489,225,1,1,1,1,1
489,224,1,0,0,0,1
489,201,1,0,0,0,1
489,200,1,0,0,0,1
489,193,1,0,0,0,1
489,192,1,0,0,0,1
489,169,1,1,1,1,1
489,168,1,1,1,1,1
489,161,1,1,1,1,1
489,160,1,0,0,0,1
489,137,1,0,0,0,1
489,136,1,0,0,0,1
489,129,1,0,0,0,1
489,128,1,0,0,0,1
489,105,1,1,1,1,1
489,104,1,1,1,1,1
489,97,1,1,1,1,1
489,96,1,0,0,0,1
489,73,1,0,0,0,1
489,72,1,0,0,0,1
489,65,1,0,0,0,1
489,64,1,0,0,0,1
489,41,1,1,1,1,1
489,40,1,1,1,1,1
489,33,1,0,0,0,1
489,32,1,0,0,0,1
489,9,1,0,0,0,1
489,8,1,0,0,0,1
489,1,1,0,0,0,1
489,0,1,0,0,0,1
490,490,1,1,1,1,1
490,488,1,1,1,1,1
490,482,1,1,1,1,1
490,480,1,0,0,0,1
490,458,1,1,1,1,1
490,456,1,0,0,0,1
490,450,1,1,1,1,1
490,448,1,0,0,0,1
490,426,1,1,1,1,1
490,424,1,1,1,1,1
490,418,1,1,1,1,1
490,416,1,0,0,0,1
490,394,1,1,1,1,1
490,392,1,0,0,0,1
490,386,1,1,1,1,1
490,384,1,0,0,0,1
490,362,1,1,1,1,1
490,360,1,1,1,1,1
490,354,1,1,1,1,1
490,352,1,0,0,0,1
490,330,1,1,1,1,1
490,328,1,0,0,0,1
490,322,1,1,1,1,1
490,320,1,0,0,0,1
490,298,1,1,1,1,1
490,296,1,1,1,1,1
490,290,1,0,0,0,1
490,288,1,0,0,0,1
490,266,1,1,1,1,1
490,264,1,0,0,0,1
490,258,1,0,0,0,1
490,256,1,0,0,0,1
490,234,1,1,1,1,1
490,232,1,1,1,1,1
490,226,1,1,1,1,1
490,224,1,0,0,0,1
490,202,1,1,1,1,1
490,200,1,0,0,0,1
490,194,1,1,1,1,1
490,192,1,0,0,0,1
490,170,1,1,1,1,1
490,168,1,1,1,1,1
490,162,1,1,1,1,1
490,160,1,0,0,0,1
490,138,1,1,1,1,1
490,136,1,0,0,0,1
490,130,1,1,1,1,1
490,128,1,0,0,0,1
490,106,1,1,1,1,1
490,104,1,1,1,1,1
490,98,1,1,1,1,1
490,96,1,0,0,0,1
490,74,1,0,0,0,1
490,72,1,0,0,0,1
490,66,1,0,0,0,1
490,64,1,0,0,0,1
490,42,1,1,1,1,1
490,40,1,1,1,1,1
490,34,1,0,0,0,1
490,32,1,0,0,0,1
490,10,1,0,0,0,1
490,8,1,0,0,0,1
490,2,1,0,0,0,1
490,0,1,0,0,0,1
491,491,1,1,1,1,1
491,490,1,1,1,1,1
491,489,1,1,1,1,1
491,488,1,1,1,1,1
491,483,1,1,1,1,1
491,482,1,1,1,1,1
491,481,1,1,1,1,1
491,480,1,0,0,0,1
491,459,1,1,1,1,1
491,458,1,1,1,1,1
491,457,1,0,0,0,1
491,456,1,0,0,0,1
491,451,1,1,1,1,1
491,450,1,1,1,1,1
491,449,1,0,0,0,1
491,448,1,0,0,0,1
491,427,1,1,1,1,1
491,426,1,1,1,1,1
491,425,1,1,1,1,1
491,424,1,1,1,1,1
491,419,1,1,1,1,1
491,418,1,1,1,1,1
491,417,1,1,1,1,1
491,416,1,0,0,0,1
491,395,1,1,1,1,1
491,394,1,1,1,1,1
491,393,1,0,0,0,1
491,392,1,0,0,0,1
491,387,1,1,1,1,1
491,386,1,1,1,1,1
491,385,1,0,0,0,1
491,384,1,0,0,0,1
491,363,1,1,1,1,1
491,362,1,1,1,1,1
491,361,1,1,1,1,1
491,360,1,1,1,1,1
491,355,1,1,1,1,1
491,354,1,1,1,1,1
491,353,1,1,1,1,1
491,352,1,0,0,0,1
491,331,1,1,1,1,1
491,330,1,1,1,1,1
491,329,1,0,0,0,1
491,328,1,0,0,0,1
491,323,1,1,1,1,1
491,322,1,1,1,1,1
491,321,1,0,0,0,1
491,320,1,0,0,0,1
491,299,1,1,1,1,1
491,298,1,1,1,1,1
491,297,1,1,1,1,1
491,296,1,1,1,1,1
491,291,1,0,0,0,1
491,290,1,0,0,0,1
491,289,1,0,0,0,1
491,288,1,0,0,0,1
491,267,1,1,1,1,1
491,266,1,1,1,1,1
491,265,1,0,0,0,1
491,264,1,0,0,0,1
491,259,1,0,0,0,1
491,258,1,0,0,0,1
491,257,1,0,0,0,1
491,256,1,0,0,0,1
491,235,1,1,1,1,1
491,234,1,1,1,1,1
491,233,1,1,1,1,1
491,232,1,1,1,1,1
491,227,1,1,1,1,1
491,226,1,1,1,1,1
491,225,1,1,1,1,1
491,224,1,0,0,0,1
491,203,1,1,1,1,1
491,202,1,1,1,1,1
491,201,1,0,0,0,1
491,200,1,0,0,0,1
491,195,1,1,1,1,1
491,194,1,1,1,1,1
491,193,1,0,0,0,1
491,192,1,0,0,0,1
491,171,1,1,1,1,1
491,170,1,1,1,1,1
491,169,1,1,1,1,1
491,168,1,1,1,1,1
491,163,1,1,1,1,1
491,162,1,1,1,1,1
491,161,1,1,1,1,1
491,160,1,0,0,0,1
491,139,1,1,1,1,1
491,138,1,1,1,1,1
491,137,1,0,0,0,1
491,136,1,0,0,0,1
491,131,1,1,1,1,1
491,130,1,1,1,1,1
491,129,1,0,0,0,1
491,128,1,0,0,0,1
491,107,1,1,1,1,1
491,106,1,1,1,1,1
491,105,1,1,1,1,1
491,104,1,1,1,1,1
491,99,1,1,1,1,1
491,98,1,1,1,1,1
491,97,1,1,1,1,1
491,96,1,0,0,0,1
491,75,1,0,0,0,1
491,74,1,0,0,0,1
491,73,1,0,0,0,1
491,72,1,0,0,0,1
491,67,1,0,0,0,1
491,66,1,0,0,0,1
491,65,1,0,0,0,1
491,64,1,0,0,0,1
491,43,1,1,1,1,1
491,42,1,1,1,1,1
491,41,1,1,1,1,1
491,40,1,1,1,1,1
491,35,1,0,0,0,1
491,34,1,0,0,0,1
491,33,1,0,0,0,1
491,32,1,0,0,0,1
491,11,1,0,0,0,1
491,10,1,0,0,0,1
491,9,1,0,0,0,1
491,8,1,0,0,0,1
491,3,1,0,0,0,1
491,2,1,0,0,0,1
491,1,1,0,0,0,1
491,0,1,0,0,0,1
492,492,1,1,1,1,1
492,488,1,1,1,1,1
492,484,1,0,0,0,1
492,480,1,0,0,0,1
492,460,1,1,1,1,1
492,456,1,0,0,0,1
492,452,1,0,0,0,1
492,448,1,0,0,0,1
492,428,1,1,1,1,1
492,424,1,1,1,1,1
492,420,1,0,0,0,1
492,416,1,0,0,0,1
492,396,1,1,1,1,1
492,392,1,0,0,0,1
492,388,1,0,0,0,1
492,384,1,0,0,0,1
492,364,1,1,1,1,1
492,360,1,1,1,1,1
492,356,1,0,0,0,1
492,352,1,0,0,0,1
492,332,1,1,1,1,1
492,328,1,0,0,0,1
492,324,1,0,0,0,1
492,320,1,0,0,0,1
492,300,1,1,1,1,1
492,296,1,1,1,1,1
492,292,1,0,0,0,1
492,288,1,0,0,0,1
492,268,1,1,1,1,1
492,264,1,0,0,0,1
492,260,1,0,0,0,1
492,256,1,0,0,0,1
492,236,1,1,1,1,1
492,232,1,1,1,1,1
492,228,1,0,0,0,1
492,224,1,0,0,0,1
492,204,1,1,1,1,1
492,200,1,0,0,0,1
492,196,1,0,0,0,1
492,192,1,0,0,0,1
492,172,1,1,1,1,1
492,168,1,1,1,1,1
492,164,1,0,0,0,1
492,160,1,0,0,0,1
492,140,1,1,1,1,1
492,136,1,0,0,0,1
492,132,1,0,0,0,1
492,128,1,0,0,0,1
492,108,1,1,1,1,1
492,104,1,1,1,1,1
492,100,1,0,0,0,1
492,96,1,0,0,0,1
492,76,1,0,0,0,1
492,72,1,0,0,0,1
492,68,1,0,0,0,1
492,64,1,0,0,0,1
492,44,1,1,1,1,1
492,40,1,1,1,1,1
492,36,1,0,0,0,1
492,32,1,0,0,0,1
492,12,1,0,0,0,1
492,8,1,0,0,0,1
492,4,1,0,0,0,1
492,0,1,0,0,0,1
493,493,1,1,1,1,1
493,492,1,1,1,1,1
493,489,1,1,1,1,1
493,488,1,1,1,1,1
493,485,1,1,1,1,1
493,484,1,0,0,0,1
493,481,1,1,1,1,1
493,480,1,0,0,0,1
493,461,1,1,1,1,1
493,460,1,1,1,1,1
493,457,1,0,0,0,1
493,456,1,0,0,0,1
493,453,1,1,1,1,1
493,452,1,0,0,0,1
493,449,1,0,0,0,1
493,448,1,0,0,0,1
493,429,1,1,1,1,1
493,428,1,1,1,1,1
493,425,1,1,1,1,1
493,424,1,1,1,1,1
493,421,1,1,1,1,1
493,420,1,0,0,0,1
493,417,1,1,1,1,1
493,416,1,0,0,0,1
493,397,1,1,1,1,1
493,396,1,1,1,1,1
493,393,1,0,0,0,1
493,392,1,0,0,0,1
493,389,1,1,1,1,1
493,388,1,0,0,0,1
493,385,1,0,0,0,1
493,384,1,0,0,0,1
493,365,1,1,1,1,1
493,364,1,1,1,1,1
493,361,1,1,1,1,1
493,360,1,1,1,1,1
493,357,1,1,1,1,1
493,356,1,0,0,0,1
493,353,1,1,1,1,1
493,352,1,0,0,0,1
493,333,1,1,1,1,1
493,332,1,1,1,1,1
493,329,1,0,0,0,1
493,328,1,0,0,0,1
493,325,1,1,1,1,1
493,324,1,0,0,0,1
493,321,1,0,0,0,1
493,320,1,0,0,0,1
493,301,1,1,1,1,1
493,300,1,1,1,1,1
493,297,1,1,1,1,1
493,296,1,1,1,1,1
493,293,1,0,0,0,1
493,292,1,0,0,0,1
493,289,1,0,0,0,1
493,288,1,0,0,0,1
493,269,1,1,1,1,1
493,268,1,1,1,1,1
493,265,1,0,0,0,1
493,264,1,0,0,0,1
493,261,1,0,0,0,1
493,260,1,0,0,0,1
493,257,1,0,0,0,1
493,256,1,0,0,0,1
493,237,1,1,1,1,1
493,236,1,1,1,1,1
493,233,1,1,1,1,1
493,232,1,1,1,1,1
493,229,1,1,1,1,1
493,228,1,0,0,0,1
493,225,1,1,1,1,1
493,224,1,0,0,0,1
493,205,1,1,1,1,1
493,204,1,1,1,1,1
493,201,1,0,0,0,1
493,200,1,0,0,0,1
493,197,1,1,1,1,1
493,196,1,0,0,0,1
493,193,1,0,0,0,1
493,192,1,0,0,0,1
493,173,1,1,1,1,1
493,172,1,1,1,1,1
493,169,1,1,1,1,1
493,168,1,1,1,1,1
493,165,1,1,1,1,1
493,164,1,0,0,0,1
493,161,1,1,1,1,1
493,160,1,0,0,0,1
493,141,1,1,1,1,1
493,140,1,1,1,1,1
493,137,1,0,0,0,1
493,136,1,0,0,0,1
493,133,1,1,1,1,1
493,132,1,0,0,0,1
493,129,1,0,0,0,1
493,128,1,0,0,0,1
493,109,1,1,1,1,1
493,108,1,1,1,1,1
493,105,1,1,1,1,1
493,104,1,1,1,1,1
493,101,1,1,1,1,1
493,100,1,0,0,0,1
493,97,1,1,1,1,1
493,96,1,0,0,0,1
493,77,1,0,0,0,1
493,76,1,0,0,0,1
493,73,1,0,0,0,1
493,72,1,0,0,0,1
493,69,1,0,0,0,1
493,68,1,0,0,0,1
493,65,1,0,0,0,1
493,64,1,0,0,0,1
493,45,1,1,1,1,1
493,44,1,1,1,1,1
493,41,1,1,1,1,1
493,40,1,1,1,1,1
493,37,1,0,0,0,1
493,36,1,0,0,0,1
493,33,1,0,0,0,1
493,32,1,0,0,0,1
493,13,1,0,0,0,1
493,12,1,0,0,0,1
493,9,1,0,0,0,1
493,8,1,0,0,0,1
493,5,1,0,0,0,1
493,4,1,0,0,0,1
493,1,1,0,0,0,1
493,0,1,0,0,0,1
494,494,1,1,1,1,1
494,492,1,1,1,1,1
494,490,1,1,1,1,1
494,488,1,1,1,1,1
494,486,1,1,1,1,1
494,484,1,0,0,0,1
494,482,1,1,1,1,1
494,480,1,0,0,0,1
494,462,1,1,1,1,1
494,460,1,1,1,1,1
494,458,1,1,1,1,1
494,456,1,0,0,0,1
494,454,1,1,1,1,1
494,452,1,0,0,0,1
494,450,1,1,1,1,1
494,448,1,0,0,0,1
494,430,1,1,1,1,1
494,428,1,1,1,1,1
494,426,1,1,1,1,1
494,424,1,1,1,1,1
494,422,1,1,1,1,1
494,420,1,0,0,0,1
494,418,1,1,1,1,1
494,416,1,0,0,0,1
494,398,1,1,1,1,1
494,396,1,1,1,1,1
494,394,1,1,1,1,1
494,392,1,0,0,0,1
494,390,1,1,1,1,1
494,388,1,0,0,0,1
494,386,1,1,1,1,1
494,384,1,0,0,0,1
494,366,1,1,1,1,1
494,364,1,1,1,1,1
494,362,1,1,1,1,1
494,360,1,1,1,1,1
494,358,1,1,1,1,1
494,356,1,0,0,0,1
494,354,1,1,1,1,1
494,352,1,0,0,0,1
494,334,1,1,1,1,1
494,332,1,1,1,1,1
494,330,1,1,1,1,1
494,328,1,0,0,0,1
494,326,1,1,1,1,1
494,324,1,0,0,0,1
494,322,1,1,1,1,1
494,320,1,0,0,0,1
494,302,1,1,1,1,1
494,300,1,1,1,1,1
494,298,1,1,1,1,1
494,296,1,1,1,1,1
494,294,1,0,0,0,1
494,292,1,0,0,0,1
494,290,1,0,0,0,1
494,288,1,0,0,0,1
494,270,1,1,1,1,1
494,268,1,1,1,1,1
494,266,1,1,1,1,1
494,264,1,0,0,0,1
494,262,1,0,0,0,1
494,260,1,0,0,0,1
494,258,1,0,0,0,1
494,256,1,0,0,0,1
494,238,1,1,1,1,1
494,236,1,1,1,1,1
494,234,1,1,1,1,1
494,232,1,1,1,1,1
494,230,1,1,1,1,1
494,228,1,0,0,0,1
494,226,1,1,1,1,1
494,224,1,0,0,0,1
494,206,1,1,1,1,1
494,204,1,1,1,1,1
494,202,1,1,1,1,1
494,200,1,0,0,0,1
494,198,1,1,1,1,1
494,196,1,0,0,0,1
494,194,1,1,1,1,1
494,192,1,0,0,0,1
494,174,1,1,1,1,1
494,172,1,1,1,1,1
494,170,1,1,1,1,1
494,168,1,1,1,1,1
494,166,1,1,1,1,1
494,164,1,0,0,0,1
494,162,1,1,1,1,1
494,160,1,0,0,0,1
494,142,1,1,1,1,1
494,140,1,1,1,1,1
494,138,1,1,1,1,1
494,136,1,0,0,0,1
494,134,1,1,1,1,1
494,132,1,0,0,0,1
494,130,1,1,1,1,1
494,128,1,0,0,0,1
494,110,1,1,1,1,1
494,108,1,1,1,1,1
494,106,1,1,1,1,1
494,104,1,1,1,1,1
494,102,1,1,1,1,1
494,100,1,0,0,0,1
494,98,1,1,1,1,1
494,96,1,0,0,0,1
494,78,1,0,0,0,1
494,76,1,0,0,0,1
494,74,1,0,0,0,1
494,72,1,0,0,0,1
494,70,1,0,0,0,1
494,68,1,0,0,0,1
494,66,1,0,0,0,1
494,64,1,0,0,0,1
494,46,1,1,1,1,1
494,44,1,1,1,1,1
494,42,1,1,1,1,1
494,40,1,1,1,1,1
494,38,1,0,0,0,1
494,36,1,0,0,0,1
494,34,1,0,0,0,1
494,32,1,0,0,0,1
494,14,1,0,0,0,1
494,12,1,0,0,0,1
494,10,1,0,0,0,1
494,8,1,0,0,0,1
494,6,1,0,0,0,1
494,4,1,0,0,0,1
494,2,1,0,0,0,1
494,0,1,0,0,0,1
495,495,1,1,1,1,1
495,494,1,1,1,1,1
495,493,1,1,1,1,1
495,492,1,1,1,1,1
495,491,1,1,1,1,1
495,490,1,1,1,1,1
495,489,1,1,1,1,1
495,488,1,1,1,1,1
495,487,1,1,1,1,1
495,486,1,1,1,1,1
495,485,1,1,1,1,1
495,484,1,0,0,0,1
495,483,1,1,1,1,1
495,482,1,1,1,1,1
495,481,1,1,1,1,1
495,480,1,0,0,0,1
495,463,1,1,1,1,1
495,462,1,1,1,1,1
495,461,1,1,1,1,1
495,460,1,1,1,1,1
495,459,1,1,1,1,1
495,458,1,1,1,1,1
495,457,1,0,0,0,1
495,456,1,0,0,0,1
495,455,1,1,1,1,1
495,454,1,1,1,1,1
495,453,1,1,1,1,1
495,452,1,0,0,0,1
495,451,1,1,1,1,1
495,450,1,1,1,1,1
495,449,1,0,0,0,1
495,448,1,0,0,0,1
495,431,1,1,1,1,1
495,430,1,1,1,1,1
495,429,1,1,1,1,1
495,428,1,1,1,1,1
495,427,1,1,1,1,1
495,426,1,1,1,1,1
495,425,1,1,1,1,1
495,424,1,1,1,1,1
495,423,1,1,1,1,1
495,422,1,1,1,1,1
495,421,1,1,1,1,1
495,420,1,0,0,0,1
495,419,1,1,1,1,1
495,418,1,1,1,1,1
495,417,1,1,1,1,1
495,416,1,0,0,0,1
495,399,1,1,1,1,1
495,398,1,1,1,1,1
495,397,1,1,1,1,1
495,396,1,1,1,1,1
495,395,1,1,1,1,1
495,394,1,1,1,1,1
495,393,1,0,0,0,1
495,392,1,0,0,0,1
495,391,1,1,1,1,1
495,390,1,1,1,1,1
495,389,1,1,1,1,1
495,388,1,0,0,0,1
495,387,1,1,1,1,1
495,386,1,1,1,1,1
495,385,1,0,0,0,1
495,384,1,0,0,0,1
495,367,1,1,1,1,1
495,366,1,1,1,1,1
495,365,1,1,1,1,1
495,364,1,1,1,1,1
495,363,1,1,1,1,1
495,362,1,1,1,1,1
495,361,1,1,1,1,1
495,360,1,1,1,1,1
495,359,1,1,1,1,1
495,358,1,1,1,1,1
495,357,1,1,1,1,1
495,356,1,0,0,0,1
495,355,1,1,1,1,1
495,354,1,1,1,1,1
495,353,1,1,1,1,1
495,352,1,0,0,0,1
495,335,1,1,1,1,1
495,334,1,1,1,1,1
495,333,1,1,1,1,1
495,332,1,1,1,1,1
495,331,1,1,1,1,1
495,330,1,1,1,1,1
495,329,1,0,0,0,1
495,328,1,0,0,0,1
495,327,1,1,1,1,1
495,326,1,1,1,1,1
495,325,1,1,1,1,1
495,324,1,0,0,0,1
495,323,1,1,1,1,1
495,322,1,1,1,1,1
495,321,1,0,0,0,1
495,320,1,0,0,0,1
495,303,1,1,1,1,1
495,302,1,1,1,1,1
495,301,1,1,1,1,1
495,300,1,1,1,1,1
495,299,1,1,1,1,1
495,298,1,1,1,1,1
495,297,1,1,1,1,1
495,296,1,1,1,1,1
495,295,1,0,0,0,1
495,294,1,0,0,0,1
495,293,1,0,0,0,1
495,292,1,0,0,0,1
495,291,1,0,0,0,1
495,290,1,0,0,0,1
495,289,1,0,0,0,1
495,288,1,0,0,0,1
495,271,1,1,1,1,1
495,270,1,1,1,1,1
495,269,1,1,1,1,1
495,268,1,1,1,1,1
495,267,1,1,1,1,1
495,266,1,1,1,1,1
495,265,1,0,0,0,1
495,264,1,0,0,0,1
495,263,1,0,0,0,1
495,262,1,0,0,0,1
495,261,1,0,0,0,1
495,260,1,0,0,0,1
495,259,1,0,0,0,1
495,258,1,0,0,0,1
495,257,1,0,0,0,1
495,256,1,0,0,0,1
495,239,1,1,1,1,1
495,238,1,1,1,1,1
495,237,1,1,1,1,1
495,236,1,1,1,1,1
495,235,1,1,1,1,1
495,234,1,1,1,1,1
495,233,1,1,1,1,1
495,232,1,1,1,1,1
495,231,1,1,1,1,1
495,230,1,1,1,1,1
495,229,1,1,1,1,1
495,228,1,0,0,0,1
495,227,1,1,1,1,1
495,226,1,1,1,1,1
495,225,1,1,1,1,1
495,224,1,0,0,0,1
495,207,1,1,1,1,1
495,206,1,1,1,1,1
495,205,1,1,1,1,1
495,204,1,1,1,1,1
495,203,1,1,1,1,1
495,202,1,1,1,1,1
495,201,1,0,0,0,1
495,200,1,0,0,0,1
495,199,1,1,1,1,1
495,198,1,1,1,1,1
495,197,1,1,1,1,1
495,196,1,0,0,0,1
495,195,1,1,1,1,1
495,194,1,1,1,1,1
495,193,1,0,0,0,1
495,192,1,0,0,0,1
495,175,1,1,1,1,1
495,174,1,1,1,1,1
495,173,1,1,1,1,1
495,172,1,1,1,1,1
495,171,1,1,1,1,1
495,170,1,1,1,1,1
495,169,1,1,1,1,1
495,168,1,1,1,1,1
495,167,1,1,1,1,1
495,166,1,1,1,1,1
495,165,1,1,1,1,1
495,164,1,0,0,0,1
495,163,1,1,1,1,1
495,162,1,1,1,1,1
495,161,1,1,1,1,1
495,160,1,0,0,0,1
495,143,1,1,1,1,1
495,142,1,1,1,1,1
495,141,1,1,1,1,1
495,140,1,1,1,1,1
495,139,1,1,1,1,1
495,138,1,1,1,1,1
495,137,1,0,0,0,1
495,136,1,0,0,0,1
495,135,1,1,1,1,1
495,134,1,1,1,1,1
495,133,1,1,1,1,1
495,132,1,0,0,0,1
495,131,1,1,1,1,1
495,130,1,1,1,1,1
495,129,1,0,0,0,1
495,128,1,0,0,0,1
495,111,1,1,1,1,1
495,110,1,1,1,1,1
495,109,1,1,1,1,1
495,108,1,1,1,1,1
495,107,1,1,1,1,1
495,106,1,1,1,1,1
495,105,1,1,1,1,1
495,104,1,1,1,1,1
495,103,1,1,1,1,1
495,102,1,1,1,1,1
495,101,1,1,1,1,1
495,100,1,0,0,0,1
495,99,1,1,1,1,1
495,98,1,1,1,1,1
495,97,1,1,1,1,1
495,96,1,0,0,0,1
495,79,1,0,0,0,1
495,78,1,0,0,0,1
495,77,1,0,0,0,1
495,76,1,0,0,0,1
495,75,1,0,0,0,1
495,74,1,0,0,0,1
495,73,1,0,0,0,1
495,72,1,0,0,0,1
495,71,1,0,0,0,1
495,70,1,0,0,0,1
495,69,1,0,0,0,1
495,68,1,0,0,0,1
495,67,1,0,0,0,1
495,66,1,0,0,0,1
495,65,1,0,0,0,1
495,64,1,0,0,0,1
495,47,1,1,1,1,1
495,46,1,1,1,1,1
495,45,1,1,1,1,1
495,44,1,1,1,1,1
495,43,1,1,1,1,1
495,42,1,1,1,1,1
495,41,1,1,1,1,1
495,40,1,1,1,1,1
495,39,1,0,0,0,1
495,38,1,0,0,0,1
495,37,1,0,0,0,1
495,36,1,0,0,0,1
495,35,1,0,0,0,1
495,34,1,0,0,0,1
495,33,1,0,0,0,1
495,32,1,0,0,0,1
495,15,1,0,0,0,1
495,14,1,0,0,0,1
495,13,1,0,0,0,1
495,12,1,0,0,0,1
495,11,1,0,0,0,1
495,10,1,0,0,0,1
495,9,1,0,0,0,1
495,8,1,0,0,0,1
495,7,1,0,0,0,1
495,6,1,0,0,0,1
495,5,1,0,0,0,1
495,4,1,0,0,0,1
495,3,1,0,0,0,1
495,2,1,0,0,0,1
495,1,1,0,0,0,1
495,0,1,0,0,0,1
496,496,1,1,1,1,1
496,480,1,0,0,0,1
496,464,1,1,1,1,1
496,448,1,0,0,0,1
496,432,1,1,1,1,1
496,416,1,0,0,0,1
496,400,1,1,1,1,1
496,384,1,0,0,0,1
496,368,1,1,1,1,1
496,352,1,0,0,0,1
496,336,1,1,1,1,1
496,320,1,0,0,0,1
496,304,1,1,1,1,1
496,288,1,0,0,0,1
496,272,1,1,1,1,1
496,256,1,0,0,0,1
496,240,1,1,1,1,1
496,224,1,0,0,0,1
496,208,1,1,1,1,1
496,192,1,0,0,0,1
496,176,1,1,1,1,1
496,160,1,0,0,0,1
496,144,1,1,1,1,1
496,128,1,0,0,0,1
496,112,1,1,1,1,1
496,96,1,0,0,0,1
496,80,1,1,1,1,1
496,64,1,0,0,0,1
496,48,1,1,1,1,1
496,32,1,0,0,0,1
496,16,1,1,1,1,1
496,0,1,0,0,0,1
497,497,1,1,1,1,1
497,496,1,1,1,1,1
497,481,1,1,1,1,1
497,480,1,0,0,0,1
497,465,1,1,1,1,1
497,464,1,1,1,1,1
497,449,1,0,0,0,1
497,448,1,0,0,0,1
497,433,1,1,1,1,1
497,432,1,1,1,1,1
497,417,1,1,1,1,1
497,416,1,0,0,0,1
497,401,1,1,1,1,1
497,400,1,1,1,1,1
497,385,1,0,0,0,1
497,384,1,0,0,0,1
497,369,1,1,1,1,1
497,368,1,1,1,1,1
497,353,1,1,1,1,1
497,352,1,0,0,0,1
497,337,1,1,1,1,1
497,336,1,1,1,1,1
497,321,1,0,0,0,1
497,320,1,0,0,0,1
497,305,1,1,1,1,1
497,304,1,1,1,1,1
497,289,1,0,0,0,1
497,288,1,0,0,0,1
497,273,1,1,1,1,1
497,272,1,1,1,1,1
497,257,1,0,0,0,1
497,256,1,0,0,0,1
497,241,1,1,1,1,1
497,240,1,1,1,1,1
497,225,1,1,1,1,1
497,224,1,0,0,0,1
497,209,1,1,1,1,1
497,208,1,1,1,1,1
497,193,1,0,0,0,1
497,192,1,0,0,0,1
497,177,1,1,1,1,1
497,176,1,1,1,1,1
497,161,1,1,1,1,1
497,160,1,0,0,0,1
497,145,1,1,1,1,1
497,144,1,1,1,1,1
497,129,1,0,0,0,1
497,128,1,0,0,0,1
497,113,1,1,1,1,1
497,112,1,1,1,1,1
497,97,1,1,1,1,1
497,96,1,0,0,0,1
497,81,1,1,1,1,1
497,80,1,1,1,1,1
497,65,1,0,0,0,1
497,64,1,0,0,0,1
497,49,1,1,1,1,1
497,48,1,1,1,1,1
497,33,1,0,0,0,1
497,32,1,0,0,0,1
497,17,1,1,1,1,1
497,16,1,1,1,1,1
497,1,1,0,0,0,1
497,0,1,0,0,0,1
498,498,1,1,1,1,1
498,496,1,1,1,1,1
498,482,1,1,1,1,1
498,480,1,0,0,0,1
498,466,1,1,1,1,1
498,464,1,1,1,1,1
498,450,1,1,1,1,1
498,448,1,0,0,0,1
498,434,1,1,1,1,1
498,432,1,1,1,1,1
498,418,1,1,1,1,1
498,416,1,0,0,0,1
498,402,1,1,1,1,1
498,400,1,1,1,1,1
498,386,1,1,1,1,1
498,384,1,0,0,0,1
498,370,1,1,1,1,1
498,368,1,1,1,1,1
498,354,1,1,1,1,1
498,352,1,0,0,0,1
498,338,1,1,1,1,1
498,336,1,1,1,1,1
498,322,1,1,1,1,1
498,320,1,0,0,0,1
498,306,1,1,1,1,1
498,304,1,1,1,1,1
498,290,1,0,0,0,1
498,288,1,0,0,0,1
498,274,1,1,1,1,1
498,272,1,1,1,1,1
498,258,1,0,0,0,1
498,256,1,0,0,0,1
498,242,1,1,1,1,1
498,240,1,1,1,1,1
498,226,1,1,1,1,1
498,224,1,0,0,0,1
498,210,1,1,1,1,1
498,208,1,1,1,1,1
498,194,1,1,1,1,1
498,192,1,0,0,0,1
498,178,1,1,1,1,1
498,176,1,1,1,1,1
498,162,1,1,1,1,1
498,160,1,0,0,0,1
498,146,1,1,1,1,1
498,144,1,1,1,1,1
498,130,1,1,1,1,1
498,128,1,0,0,0,1
498,114,1,1,1,1,1
498,112,1,1,1,1,1
498,98,1,1,1,1,1
498,96,1,0,0,0,1
498,82,1,1,1,1,1
498,80,1,1,1,1,1
498,66,1,0,0,0,1
498,64,1,0,0,0,1
498,50,1,1,1,1,1
498,48,1,1,1,1,1
498,34,1,0,0,0,1
498,32,1,0,0,0,1
498,18,1,1,1,1,1
498,16,1,1,1,1,1
498,2,1,0,0,0,1
498,0,1,0,0,0,1
499,499,1,1,1,1,1
499,498,1,1,1,1,1
499,497,1,1,1,1,1
499,496,1,1,1,1,1
499,483,1,1,1,1,1
499,482,1,1,1,1,1
499,481,1,1,1,1,1
499,480,1,0,0,0,1
499,467,1,1,1,1,1
499,466,1,1,1,1,1
499,465,1,1,1,1,1
499,464,1,1,1,1,1
499,451,1,1,1,1,1
499,450,1,1,1,1,1
499,449,1,0,0,0,1
499,448,1,0,0,0,1
499,435,1,1,1,1,1
499,434,1,1,1,1,1
499,433,1,1,1,1,1
499,432,1,1,1,1,1
499,419,1,1,1,1,1
499,418,1,1,1,1,1
499,417,1,1,1,1,1
499,416,1,0,0,0,1
499,403,1,1,1,1,1
499,402,1,1,1,1,1
499,401,1,1,1,1,1
499,400,1,1,1,1,1
499,387,1,1,1,1,1
499,386,1,1,1,1,1
499,385,1,0,0,0,1
499,384,1,0,0,0,1
499,371,1,1,1,1,1
499,370,1,1,1,1,1
499,369,1,1,1,1,1
499,368,1,1,1,1,1
499,355,1,1,1,1,1
499,354,1,1,1,1,1
499,353,1,1,1,1,1
499,352,1,0,0,0,1
499,339,1,1,1,1,1
499,338,1,1,1,1,1
499,337,1,1,1,1,1
499,336,1,1,1,1,1
499,323,1,1,1,1,1
499,322,1,1,1,1,1
499,321,1,0,0,0,1
499,320,1,0,0,0,1
499,307,1,1,1,1,1
499,306,1,1,1,1,1
499,305,1,1,1,1,1
499,304,1,1,1,1,1
499,291,1,0,0,0,1
499,290,1,0,0,0,1
499,289,1,0,0,0,1
499,288,1,0,0,0,1
499,275,1,1,1,1,1
499,274,1,1,1,1,1
499,273,1,1,1,1,1
499,272,1,1,1,1,1
499,259,1,0,0,0,1
499,258,1,0,0,0,1
499,257,1,0,0,0,1
499,256,1,0,0,0,1
499,243,1,1,1,1,1
499,242,1,1,1,1,1
499,241,1,1,1,1,1
499,240,1,1,1,1,1
499,227,1,1,1,1,1
499,226,1,1,1,1,1
499,225,1,1,1,1,1
499,224,1,0,0,0,1
499,211,1,1,1,1,1
499,210,1,1,1,1,1
499,209,1,1,1,1,1
499,208,1,1,1,1,1
499,195,1,1,1,1,1
499,194,1,1,1,1,1
499,193,1,0,0,0,1
499,192,1,0,0,0,1
499,179,1,1,1,1,1
499,178,1,1,1,1,1
499,177,1,1,1,1,1
499,176,1,1,1,1,1
499,163,1,1,1,1,1
499,162,1,1,1,1,1
499,161,1,1,1,1,1
499,160,1,0,0,0,1
499,147,1,1,1,1,1
499,146,1,1,1,1,1
499,145,1,1,1,1,1
499,144,1,1,1,1,1
499,131,1,1,1,1,1
499,130,1,1,1,1,1
499,129,1,0,0,0,1
499,128,1,0,0,0,1
499,115,1,1,1,1,1
499,114,1,1,1,1,1
499,113,1,1,1,1,1
499,112,1,1,1,1,1
499,99,1,1,1,1,1
499,98,1,1,1,1,1
499,97,1,1,1,1,1
499,96,1,0,0,0,1
499,83,1,1,1,1,1
499,82,1,1,1,1,1
499,81,1,1,1,1,1
499,80,1,1,1,1,1
499,67,1,0,0,0,1
499,66,1,0,0,0,1
499,65,1,0,0,0,1
499,64,1,0,0,0,1
499,51,1,1,1,1,1
499,50,1,1,1,1,1
499,49,1,1,1,1,1
499,48,1,1,1,1,1
499,35,1,0,0,0,1
499,34,1,0,0,0,1
499,33,1,0,0,0,1
499,32,1,0,0,0,1
499,19,1,1,1,1,1
499,18,1,1,1,1,1
499,17,1,1,1,1,1
499,16,1,1,1,1,1
499,3,1,0,0,0,1
499,2,1,0,0,0,1
499,1,1,0,0,0,1
499,0,1,0,0,0,1
500,500,1,1,1,1,1
500,496,1,1,1,1,1
500,484,1,0,0,0,1
500,480,1,0,0,0,1
500,468,1,1,1,1,1
500,464,1,1,1,1,1
500,452,1,0,0,0,1
500,448,1,0,0,0,1
500,436,1,1,1,1,1
500,432,1,1,1,1,1
500,420,1,0,0,0,1
500,416,1,0,0,0,1
500,404,1,1,1,1,1
500,400,1,1,1,1,1
500,388,1,0,0,0,1
500,384,1,0,0,0,1
500,372,1,1,1,1,1
500,368,1,1,1,1,1
500,356,1,0,0,0,1
500,352,1,0,0,0,1
500,340,1,1,1,1,1
500,336,1,1,1,1,1
500,324,1,0,0,0,1
500,320,1,0,0,0,1
500,308,1,1,1,1,1
500,304,1,1,1,1,1
500,292,1,0,0,0,1
500,288,1,0,0,0,1
500,276,1,1,1,1,1
500,272,1,1,1,1,1
500,260,1,0,0,0,1
500,256,1,0,0,0,1
500,244,1,1,1,1,1
500,240,1,1,1,1,1
500,228,1,0,0,0,1
500,224,1,0,0,0,1
500,212,1,1,1,1,1
500,208,1,1,1,1,1
500,196,1,0,0,0,1
500,192,1,0,0,0,1
500,180,1,1,1,1,1
500,176,1,1,1,1,1
500,164,1,0,0,0,1
500,160,1,0,0,0,1
500,148,1,1,1,1,1
500,144,1,1,1,1,1
500,132,1,0,0,0,1
500,128,1,0,0,0,1
500,116,1,1,1,1,1
500,112,1,1,1,1,1
500,100,1,0,0,0,1
500,96,1,0,0,0,1
500,84,1,1,1,1,1
500,80,1,1,1,1,1
500,68,1,0,0,0,1
500,64,1,0,0,0,1
500,52,1,1,1,1,1
500,48,1,1,1,1,1
500,36,1,0,0,0,1
500,32,1,0,0,0,1
500,20,1,1,1,1,1
500,16,1,1,1,1,1
500,4,1,0,0,0,1
500,0,1,0,0,0,1
501,501,1,1,1,1,1
501,500,1,1,1,1,1
501,497,1,1,1,1,1
501,496,1,1,1,1,1
501,485,1,1,1,1,1
501,484,1,0,0,0,1
501,481,1,1,1,1,1
501,480,1,0,0,0,1
501,469,1,1,1,1,1
501,468,1,1,1,1,1
501,465,1,1,1,1,1
501,464,1,1,1,1,1
501,453,1,1,1,1,1
501,452,1,0,0,0,1
501,449,1,0,0,0,1
501,448,1,0,0,0,1
501,437,1,1,1,1,1
501,436,1,1,1,1,1
501,433,1,1,1,1,1
501,432,1,1,1,1,1
501,421,1,1,1,1,1
501,420,1,0,0,0,1
501,417,1,1,1,1,1
501,416,1,0,0,0,1
501,405,1,1,1,1,1
501,404,1,1,1,1,1
501,401,1,1,1,1,1
501,400,1,1,1,1,1
501,389,1,1,1,1,1
501,388,1,0,0,0,1
501,385,1,0,0,0,1
501,384,1,0,0,0,1
501,373,1,1,1,1,1
501,372,1,1,1,1,1
501,369,1,1,1,1,1
501,368,1,1,1,1,1
501,357,1,1,1,1,1
501,356,1,0,0,0,1
501,353,1,1,1,1,1
501,352,1,0,0,0,1
501,341,1,1,1,1,1
501,340,1,1,1,1,1
501,337,1,1,1,1,1
501,336,1,1,1,1,1
501,325,1,1,1,1,1
501,324,1,0,0,0,1
501,321,1,0,0,0,1
501,320,1,0,0,0,1
501,309,1,1,1,1,1
501,308,1,1,1,1,1
501,305,1,1,1,1,1
501,304,1,1,1,1,1
501,293,1,0,0,0,1
501,292,1,0,0,0,1
501,289,1,0,0,0,1
501,288,1,0,0,0,1
501,277,1,1,1,1,1
501,276,1,1,1,1,1
501,273,1,1,1,1,1
501,272,1,1,1,1,1
501,261,1,0,0,0,1
501,260,1,0,0,0,1
501,257,1,0,0,0,1
501,256,1,0,0,0,1
501,245,1,1,1,1,1
501,244,1,1,1,1,1
501,241,1,1,1,1,1
501,240,1,1,1,1,1
501,229,1,1,1,1,1
501,228,1,0,0,0,1
501,225,1,1,1,1,1
501,224,1,0,0,0,1
501,213,1,1,1,1,1
501,212,1,1,1,1,1
501,209,1,1,1,1,1
501,208,1,1,1,1,1
501,197,1,1,1,1,1
501,196,1,0,0,0,1
501,193,1,0,0,0,1
501,192,1,0,0,0,1
501,181,1,1,1,1,1
501,180,1,1,1,1,1
501,177,1,1,1,1,1
501,176,1,1,1,1,1
501,165,1,1,1,1,1
501,164,1,0,0,0,1
501,161,1,1,1,1,1
501,160,1,0,0,0,1
501,149,1,1,1,1,1
501,148,1,1,1,1,1
501,145,1,1,1,1,1
501,144,1,1,1,1,1
501,133,1,1,1,1,1
501,132,1,0,0,0,1
501,129,1,0,0,0,1
501,128,1,0,0,0,1
501,117,1,1,1,1,1
501,116,1,1,1,1,1
501,113,1,1,1,1,1
501,112,1,1,1,1,1
501,101,1,1,1,1,1
501,100,1,0,0,0,1
501,97,1,1,1,1,1
501,96,1,0,0,0,1
501,85,1,1,1,1,1
501,84,1,1,1,1,1
501,81,1,1,1,1,1
501,80,1,1,1,1,1
501,69,1,0,0,0,1
501,68,1,0,0,0,1
501,65,1,0,0,0,1
501,64,1,0,0,0,1
501,53,1,1,1,1,1
501,52,1,1,1,1,1
501,49,1,1,1,1,1
501,48,1,1,1,1,1
501,37,1,0,0,0,1
501,36,1,0,0,0,1
501,33,1,0,0,0,1
501,32,1,0,0,0,1
501,21,1,1,1,1,1
501,20,1,1,1,1,1
501,17,1,1,1,1,1
501,16,1,1,1,1,1
501,5,1,0,0,0,1
501,4,1,0,0,0,1
501,1,1,0,0,0,1
501,0,1,0,0,0,1
502,502,1,1,1,1,1
502,500,1,1,1,1,1
502,498,1,1,1,1,1
502,496,1,1,1,1,1
502,486,1,1,1,1,1
502,484,1,0,0,0,1
502,482,1,1,1,1,1
502,480,1,0,0,0,1
502,470,1,1,1,1,1
502,468,1,1,1,1,1
502,466,1,1,1,1,1
502,464,1,1,1,1,1
502,454,1,1,1,1,1
502,452,1,0,0,0,1
502,450,1,1,1,1,1
502,448,1,0,0,0,1
502,438,1,1,1,1,1
502,436,1,1,1,1,1
502,434,1,1,1,1,1
502,432,1,1,1,1,1
502,422,1,1,1,1,1
502,420,1,0,0,0,1
502,418,1,1,1,1,1
502,416,1,0,0,0,1
502,406,1,1,1,1,1
502,404,1,1,1,1,1
502,402,1,1,1,1,1
502,400,1,1,1,1,1
502,390,1,1,1,1,1
502,388,1,0,0,0,1
502,386,1,1,1,1,1
502,384,1,0,0,0,1
502,374,1,1,1,1,1
502,372,1,1,1,1,1
502,370,1,1,1,1,1
502,368,1,1,1,1,1
502,358,1,1,1,1,1
502,356,1,0,0,0,1
502,354,1,1,1,1,1
502,352,1,0,0,0,1
502,342,1,1,1,1,1
502,340,1,1,1,1,1
502,338,1,1,1,1,1
502,336,1,1,1,1,1
502,326,1,1,1,1,1
502,324,1,0,0,0,1
502,322,1,1,1,1,1
502,320,1,0,0,0,1
502,310,1,1,1,1,1
502,308,1,1,1,1,1
502,306,1,1,1,1,1
502,304,1,1,1,1,1
502,294,1,0,0,0,1
502,292,1,0,0,0,1
502,290,1,0,0,0,1
502,288,1,0,0,0,1
502,278,1,1,1,1,1
502,276,1,1,1,1,1
502,274,1,1,1,1,1
502,272,1,1,1,1,1
502,262,1,0,0,0,1
502,260,1,0,0,0,1
502,258,1,0,0,0,1
502,256,1,0,0,0,1
502,246,1,1,1,1,1
502,244,1,1,1,1,1
502,242,1,1,1,1,1
502,240,1,1,1,1,1
502,230,1,1,1,1,1
502,228,1,0,0,0,1
502,226,1,1,1,1,1
502,224,1,0,0,0,1
502,214,1,1,1,1,1
502,212,1,1,1,1,1
502,210,1,1,1,1,1
502,208,1,1,1,1,1
502,198,1,1,1,1,1
502,196,1,0,0,0,1
502,194,1,1,1,1,1
502,192,1,0,0,0,1
502,182,1,1,1,1,1
502,180,1,1,1,1,1
502,178,1,1,1,1,1
502,176,1,1,1,1,1
502,166,1,1,1,1,1
502,164,1,0,0,0,1
502,162,1,1,1,1,1
502,160,1,0,0,0,1
502,150,1,1,1,1,1
502,148,1,1,1,1,1
502,146,1,1,1,1,1
502,144,1,1,1,1,1
502,134,1,1,1,1,1
502,132,1,0,0,0,1
502,130,1,1,1,1,1
502,128,1,0,0,0,1
502,118,1,1,1,1,1
502,116,1,1,1,1,1
502,114,1,1,1,1,1
502,112,1,1,1,1,1
502,102,1,1,1,1,1
502,100,1,0,0,0,1
502,98,1,1,1,1,1
502,96,1,0,0,0,1
502,86,1,1,1,1,1
502,84,1,1,1,1,1
502,82,1,1,1,1,1
502,80,1,1,1,1,1
502,70,1,0,0,0,1
502,68,1,0,0,0,1
502,66,1,0,0,0,1
502,64,1,0,0,0,1
502,54,1,1,1,1,1
502,52,1,1,1,1,1
502,50,1,1,1,1,1
502,48,1,1,1,1,1
502,38,1,0,0,0,1
502,36,1,0,0,0,1
502,34,1,0,0,0,1
502,32,1,0,0,0,1
502,22,1,1,1,1,1
502,20,1,1,1,1,1
502,18,1,1,1,1,1
502,16,1,1,1,1,1
502,6,1,0,0,0,1
502,4,1,0,0,0,1
502,2,1,0,0,0,1
502,0,1,0,0,0,1
503,503,1,1,1,1,1
503,502,1,1,1,1,1
503,501,1,1,1,1,1
503,500,1,1,1,1,1
503,499,1,1,1,1,1
503,498,1,1,1,1,1
503,497,1,1,1,1,1
503,496,1,1,1,1,1
503,487,1,1,1,1,1
503,486,1,1,1,1,1
503,485,1,1,1,1,1
503,484,1,0,0,0,1
503,483,1,1,1,1,1
503,482,1,1,1,1,1
503,481,1,1,1,1,1
503,480,1,0,0,0,1
503,471,1,1,1,1,1
503,470,1,1,1,1,1
503,469,1,1,1,1,1
503,468,1,1,1,1,1
503,467,1,1,1,1,1
503,466,1,1,1,1,1
503,465,1,1,1,1,1
503,464,1,1,1,1,1
503,455,1,1,1,1,1
503,454,1,1,1,1,1
503,453,1,1,1,1,1
503,452,1,0,0,0,1
503,451,1,1,1,1,1
503,450,1,1,1,1,1
503,449,1,0,0,0,1
503,448,1,0,0,0,1
503,439,1,1,1,1,1
503,438,1,1,1,1,1
503,437,1,1,1,1,1
503,436,1,1,1,1,1
503,435,1,1,1,1,1
503,434,1,1,1,1,1
503,433,1,1,1,1,1
503,432,1,1,1,1,1
503,423,1,1,1,1,1
503,422,1,1,1,1,1
503,421,1,1,1,1,1
503,420,1,0,0,0,1
503,419,1,1,1,1,1
503,418,1,1,1,1,1
503,417,1,1,1,1,1
503,416,1,0,0,0,1
503,407,1,1,1,1,1
503,406,1,1,1,1,1
503,405,1,1,1,1,1
503,404,1,1,1,1,1
503,403,1,1,1,1,1
503,402,1,1,1,1,1
503,401,1,1,1,1,1
503,400,1,1,1,1,1
503,391,1,1,1,1,1
503,390,1,1,1,1,1
503,389,1,1,1,1,1
503,388,1,0,0,0,1
503,387,1,1,1,1,1
503,386,1,1,1,1,1
503,385,1,0,0,0,1
503,384,1,0,0,0,1
503,375,1,1,1,1,1
503,374,1,1,1,1,1
503,373,1,1,1,1,1
503,372,1,1,1,1,1
503,371,1,1,1,1,1
503,370,1,1,1,1,1
503,369,1,1,1,1,1
503,368,1,1,1,1,1
503,359,1,1,1,1,1
503,358,1,1,1,1,1
503,357,1,1,1,1,1
503,356,1,0,0,0,1
503,355,1,1,1,1,1
503,354,1,1,1,1,1
503,353,1,1,1,1,1
503,352,1,0,0,0,1
503,343,1,1,1,1,1
503,342,1,1,1,1,1
503,341,1,1,1,1,1
503,340,1,1,1,1,1
503,339,1,1,1,1,1
503,338,1,1,1,1,1
503,337,1,1,1,1,1
503,336,1,1,1,1,1
503,327,1,1,1,1,1
503,326,1,1,1,1,1
503,325,1,1,1,1,1
503,324,1,0,0,0,1
503,323,1,1,1,1,1
503,322,1,1,1,1,1
503,321,1,0,0,0,1
503,320,1,0,0,0,1
503,311,1,1,1,1,1
503,310,1,1,1,1,1
503,309,1,1,1,1,1
503,308,1,1,1,1,1
503,307,1,1,1,1,1
503,306,1,1,1,1,1
503,305,1,1,1,1,1
503,304,1,1,1,1,1
503,295,1,0,0,0,1
503,294,1,0,0,0,1
503,293,1,0,0,0,1
503,292,1,0,0,0,1
503,291,1,0,0,0,1
503,290,1,0,0,0,1
503,289,1,0,0,0,1
503,288,1,0,0,0,1
503,279,1,1,1,1,1
503,278,1,1,1,1,1
503,277,1,1,1,1,1
503,276,1,1,1,1,1
503,275,1,1,1,1,1
503,274,1,1,1,1,1
503,273,1,1,1,1,1
503,272,1,1,1,1,1
503,263,1,0,0,0,1
503,262,1,0,0,0,1
503,261,1,0,0,0,1
503,260,1,0,0,0,1
503,259,1,0,0,0,1
503,258,1,0,0,0,1
503,257,1,0,0,0,1
503,256,1,0,0,0,1
503,247,1,1,1,1,1
503,246,1,1,1,1,1
503,245,1,1,1,1,1
503,244,1,1,1,1,1
503,243,1,1,1,1,1
503,242,1,1,1,1,1
503,241,1,1,1,1,1
503,240,1,1,1,1,1
503,231,1,1,1,1,1
503,230,1,1,1,1,1
503,229,1,1,1,1,1
503,228,1,0,0,0,1
503,227,1,1,1,1,1
503,226,1,1,1,1,1
503,225,1,1,1,1,1
503,224,1,0,0,0,1
503,215,1,1,1,1,1
503,214,1,1,1,1,1
503,213,1,1,1,1,1
503,212,1,1,1,1,1
503,211,1,1,1,1,1
503,210,1,1,1,1,1
503,209,1,1,1,1,1
503,208,1,1,1,1,1
503,199,1,1,1,1,1
503,198,1,1,1,1,1
503,197,1,1,1,1,1
503,196,1,0,0,0,1
503,195,1,1,1,1,1
503,194,1,1,1,1,1
503,193,1,0,0,0,1
503,192,1,0,0,0,1
503,183,1,1,1,1,1
503,182,1,1,1,1,1
503,181,1,1,1,1,1
503,180,1,1,1,1,1
503,179,1,1,1,1,1
503,178,1,1,1,1,1
503,177,1,1,1,1,1
503,176,1,1,1,1,1
503,167,1,1,1,1,1
503,166,1,1,1,1,1
503,165,1,1,1,1,1
503,164,1,0,0,0,1
503,163,1,1,1,1,1
503,162,1,1,1,1,1
503,161,1,1,1,1,1
503,160,1,0,0,0,1
503,151,1,1,1,1,1
503,150,1,1,1,1,1
503,149,1,1,1,1,1
503,148,1,1,1,1,1
503,147,1,1,1,1,1
503,146,1,1,1,1,1
503,145,1,1,1,1,1
503,144,1,1,1,1,1
503,135,1,1,1,1,1
503,134,1,1,1,1,1
503,133,1,1,1,1,1
503,132,1,0,0,0,1
503,131,1,1,1,1,1
503,130,1,1,1,1,1
503,129,1,0,0,0,1
503,128,1,0,0,0,1
503,119,1,1,1,1,1
503,118,1,1,1,1,1
503,117,1,1,1,1,1
503,116,1,1,1,1,1
503,115,1,1,1,1,1
503,114,1,1,1,1,1
503,113,1,1,1,1,1
503,112,1,1,1,1,1
503,103,1,1,1,1,1
503,102,1,1,1,1,1
503,101,1,1,1,1,1
503,100,1,0,0,0,1
503,99,1,1,1,1,1
503,98,1,1,1,1,1
503,97,1,1,1,1,1
503,96,1,0,0,0,1
503,87,1,1,1,1,1
503,86,1,1,1,1,1
503,85,1,1,1,1,1
503,84,1,1,1,1,1
503,83,1,1,1,1,1
503,82,1,1,1,1,1
503,81,1,1,1,1,1
503,80,1,1,1,1,1
503,71,1,0,0,0,1
503,70,1,0,0,0,1
503,69,1,0,0,0,1
503,68,1,0,0,0,1
503,67,1,0,0,0,1
503,66,1,0,0,0,1
503,65,1,0,0,0,1
503,64,1,0,0,0,1
503,55,1,1,1,1,1
503,54,1,1,1,1,1
503,53,1,1,1,1,1
503,52,1,1,1,1,1
503,51,1,1,1,1,1
503,50,1,1,1,1,1
503,49,1,1,1,1,1
503,48,1,1,1,1,1
503,39,1,0,0,0,1
503,38,1,0,0,0,1
503,37,1,0,0,0,1
503,36,1,0,0,0,1
503,35,1,0,0,0,1
503,34,1,0,0,0,1
503,33,1,0,0,0,1
503,32,1,0,0,0,1
503,23,1,1,1,1,1
503,22,1,1,1,1,1
503,21,1,1,1,1,1
503,20,1,1,1,1,1
503,19,1,1,1,1,1
503,18,1,1,1,1,1
503,17,1,1,1,1,1
503,16,1,1,1,1,1
503,7,1,0,0,0,1
503,6,1,0,0,0,1
503,5,1,0,0,0,1
503,4,1,0,0,0,1
503,3,1,0,0,0,1
503,2,1,0,0,0,1
503,1,1,0,0,0,1
503,0,1,0,0,0,1
504,504,1,1,1,1,1
504,496,1,1,1,1,1
504,488,1,1,1,1,1
504,480,1,0,0,0,1
504,472,1,1,1,1,1
504,464,1,1,1,1,1
504,456,1,0,0,0,1
504,448,1,0,0,0,1
504,440,1,1,1,1,1
504,432,1,1,1,1,1
504,424,1,1,1,1,1
504,416,1,0,0,0,1
504,408,1,1,1,1,1
504,400,1,1,1,1,1
504,392,1,0,0,0,1
504,384,1,0,0,0,1
504,376,1,1,1,1,1
504,368,1,1,1,1,1
504,360,1,1,1,1,1
504,352,1,0,0,0,1
504,344,1,1,1,1,1
504,336,1,1,1,1,1
504,328,1,0,0,0,1
504,320,1,0,0,0,1
504,312,1,1,1,1,1
504,304,1,1,1,1,1
504,296,1,1,1,1,1
504,288,1,0,0,0,1
504,280,1,1,1,1,1
504,272,1,1,1,1,1
504,264,1,0,0,0,1
504,256,1,0,0,0,1
504,248,1,1,1,1,1
504,240,1,1,1,1,1
504,232,1,1,1,1,1
504,224,1,0,0,0,1
504,216,1,1,1,1,1
504,208,1,1,1,1,1
504,200,1,0,0,0,1
504,192,1,0,0,0,1
504,184,1,1,1,1,1
504,176,1,1,1,1,1
504,168,1,1,1,1,1
504,160,1,0,0,0,1
504,152,1,1,1,1,1
504,144,1,1,1,1,1
504,136,1,0,0,0,1
504,128,1,0,0,0,1
504,120,1,1,1,1,1
504,112,1,1,1,1,1
504,104,1,1,1,1,1
504,96,1,0,0,0,1
504,88,1,1,1,1,1
504,80,1,1,1,1,1
504,72,1,0,0,0,1
504,64,1,0,0,0,1
504,56,1,1,1,1,1
504,48,1,1,1,1,1
504,40,1,1,1,1,1
504,32,1,0,0,0,1
504,24,1,1,1,1,1
504,16,1,1,1,1,1
504,8,1,0,0,0,1
504,0,1,0,0,0,1
505,505,1,1,1,1,1
505,504,1,1,1,1,1
505,497,1,1,1,1,1
505,496,1,1,1,1,1
505,489,1,1,1,1,1
505,488,1,1,1,1,1
505,481,1,1,1,1,1
505,480,1,0,0,0,1
505,473,1,1,1,1,1
505,472,1,1,1,1,1
505,465,1,1,1,1,1
505,464,1,1,1,1,1
505,457,1,0,0,0,1
505,456,1,0,0,0,1
505,449,1,0,0,0,1
505,448,1,0,0,0,1
505,441,1,1,1,1,1
505,440,1,1,1,1,1
505,433,1,1,1,1,1
505,432,1,1,1,1,1
505,425,1,1,1,1,1
505,424,1,1,1,1,1
505,417,1,1,1,1,1
505,416,1,0,0,0,1
505,409,1,1,1,1,1
505,408,1,1,1,1,1
505,401,1,1,1,1,1
505,400,1,1,1,1,1
505,393,1,0,0,0,1
505,392,1,0,0,0,1
505,385,1,0,0,0,1
505,384,1,0,0,0,1
505,377,1,1,1,1,1
505,376,1,1,1,1,1
505,369,1,1,1,1,1
505,368,1,1,1,1,1
505,361,1,1,1,1,1
505,360,1,1,1,1,1
505,353,1,1,1,1,1
505,352,1,0,0,0,1
505,345,1,1,1,1,1
505,344,1,1,1,1,1
505,337,1,1,1,1,1
505,336,1,1,1,1,1
505,329,1,0,0,0,1
505,328,1,0,0,0,1
505,321,1,0,0,0,1
505,320,1,0,0,0,1
505,313,1,1,1,1,1
505,312,1,1,1,1,1
505,305,1,1,1,1,1
505,304,1,1,1,1,1
505,297,1,1,1,1,1
505,296,1,1,1,1,1
505,289,1,0,0,0,1
505,288,1,0,0,0,1
505,281,1,1,1,1,1
505,280,1,1,1,1,1
505,273,1,1,1,1,1
505,272,1,1,1,1,1
505,265,1,0,0,0,1
505,264,1,0,0,0,1
505,257,1,0,0,0,1
505,256,1,0,0,0,1
505,249,1,1,1,1,1
505,248,1,1,1,1,1
505,241,1,1,1,1,1
505,240,1,1,1,1,1
505,233,1,1,1,1,1
505,232,1,1,1,1,1
505,225,1,1,1,1,1
505,224,1,0,0,0,1
505,217,1,1,1,1,1
505,216,1,1,1,1,1
505,209,1,1,1,1,1
505,208,1,1,1,1,1
505,201,1,0,0,0,1
505,200,1,0,0,0,1
505,193,1,0,0,0,1
505,192,1,0,0,0,1
505,185,1,1,1,1,1
505,184,1,1,1,1,1
505,177,1,1,1,1,1
505,176,1,1,1,1,1
505,169,1,1,1,1,1
505,168,1,1,1,1,1
505,161,1,1,1,1,1
505,160,1,0,0,0,1
505,153,1,1,1,1,1
505,152,1,1,1,1,1
505,145,1,1,1,1,1
505,144,1,1,1,1,1
505,137,1,0,0,0,1
505,136,1,0,0,0,1
505,129,1,0,0,0,1
505,128,1,0,0,0,1
505,121,1,1,1,1,1
505,120,1,1,1,1,1
505,113,1,1,1,1,1
505,112,1,1,1,1,1
505,105,1,1,1,1,1
505,104,1,1,1,1,1
505,97,1,1,1,1,1
505,96,1,0,0,0,1
505,89,1,1,1,1,1
505,88,1,1,1,1,1
505,81,1,1,1,1,1
505,80,1,1,1,1,1
505,73,1,0,0,0,1
505,72,1,0,0,0,1
505,65,1,0,0,0,1
505,64,1,0,0,0,1
505,57,1,1,1,1,1
505,56,1,1,1,1,1
505,49,1,1,1,1,1
505,48,1,1,1,1,1
505,41,1,1,1,1,1
505,40,1,1,1,1,1
505,33,1,0,0,0,1
505,32,1,0,0,0,1
505,25,1,1,1,1,1
505,24,1,1,1,1,1
505,17,1,1,1,1,1
505,16,1,1,1,1,1
505,9,1,0,0,0,1
505,8,1,0,0,0,1
505,1,1,0,0,0,1
505,0,1,0,0,0,1
506,506,1,1,1,1,1
506,504,1,1,1,1,1
506,498,1,1,1,1,1
506,496,1,1,1,1,1
506,490,1,1,1,1,1
506,488,1,1,1,1,1
506,482,1,1,1,1,1
506,480,1,0,0,0,1
506,474,1,1,1,1,1
506,472,1,1,1,1,1
506,466,1,1,1,1,1
506,464,1,1,1,1,1
506,458,1,1,1,1,1
506,456,1,0,0,0,1
506,450,1,1,1,1,1
506,448,1,0,0,0,1
506,442,1,1,1,1,1
506,440,1,1,1,1,1
506,434,1,1,1,1,1
506,432,1,1,1,1,1
506,426,1,1,1,1,1
506,424,1,1,1,1,1
506,418,1,1,1,1,1
506,416,1,0,0,0,1
506,410,1,1,1,1,1
506,408,1,1,1,1,1
506,402,1,1,1,1,1
506,400,1,1,1,1,1
506,394,1,1,1,1,1
506,392,1,0,0,0,1
506,386,1,1,1,1,1
506,384,1,0,0,0,1
506,378,1,1,1,1,1
506,376,1,1,1,1,1
506,370,1,1,1,1,1
506,368,1,1,1,1,1
506,362,1,1,1,1,1
506,360,1,1,1,1,1
506,354,1,1,1,1,1
506,352,1,0,0,0,1
506,346,1,1,1,1,1
506,344,1,1,1,1,1
506,338,1,1,1,1,1
506,336,1,1,1,1,1
506,330,1,1,1,1,1
506,328,1,0,0,0,1
506,322,1,1,1,1,1
506,320,1,0,0,0,1
506,314,1,1,1,1,1
506,312,1,1,1,1,1
506,306,1,1,1,1,1
506,304,1,1,1,1,1
506,298,1,1,1,1,1
506,296,1,1,1,1,1
506,290,1,0,0,0,1
506,288,1,0,0,0,1
506,282,1,1,1,1,1
506,280,1,1,1,1,1
506,274,1,1,1,1,1
506,272,1,1,1,1,1
506,266,1,1,1,1,1
506,264,1,0,0,0,1
506,258,1,0,0,0,1
506,256,1,0,0,0,1
506,250,1,1,1,1,1
506,248,1,1,1,1,1
506,242,1,1,1,1,1
506,240,1,1,1,1,1
506,234,1,1,1,1,1
506,232,1,1,1,1,1
506,226,1,1,1,1,1
506,224,1,0,0,0,1
506,218,1,1,1,1,1
506,216,1,1,1,1,1
506,210,1,1,1,1,1
506,208,1,1,1,1,1
506,202,1,1,1,1,1
506,200,1,0,0,0,1
506,194,1,1,1,1,1
506,192,1,0,0,0,1
506,186,1,1,1,1,1
506,184,1,1,1,1,1
506,178,1,1,1,1,1
506,176,1,1,1,1,1
506,170,1,1,1,1,1
506,168,1,1,1,1,1
506,162,1,1,1,1,1
506,160,1,0,0,0,1
506,154,1,1,1,1,1
506,152,1,1,1,1,1
506,146,1,1,1,1,1
506,144,1,1,1,1,1
506,138,1,1,1,1,1
506,136,1,0,0,0,1
506,130,1,1,1,1,1
506,128,1,0,0,0,1
506,122,1,1,1,1,1
506,120,1,1,1,1,1
506,114,1,1,1,1,1
506,112,1,1,1,1,1
506,106,1,1,1,1,1
506,104,1,1,1,1,1
506,98,1,1,1,1,1
506,96,1,0,0,0,1
506,90,1,1,1,1,1
506,88,1,1,1,1,1
506,82,1,1,1,1,1
506,80,1,1,1,1,1
506,74,1,0,0,0,1
506,72,1,0,0,0,1
506,66,1,0,0,0,1
506,64,1,0,0,0,1
506,58,1,1,1,1,1
506,56,1,1,1,1,1
506,50,1,1,1,1,1
506,48,1,1,1,1,1
506,42,1,1,1,1,1
506,40,1,1,1,1,1
506,34,1,0,0,0,1
506,32,1,0,0,0,1
506,26,1,1,1,1,1
506,24,1,1,1,1,1
506,18,1,1,1,1,1
506,16,1,1,1,1,1
506,10,1,0,0,0,1
506,8,1,0,0,0,1
506,2,1,0,0,0,1
506,0,1,0,0,0,1
507,507,1,1,1,1,1
507,506,1,1,1,1,1
507,505,1,1,1,1,1
507,504,1,1,1,1,1
507,499,1,1,1,1,1
507,498,1,1,1,1,1
507,497,1,1,1,1,1
507,496,1,1,1,1,1
507,491,1,1,1,1,1
507,490,1,1,1,1,1
507,489,1,1,1,1,1
507,488,1,1,1,1,1
507,483,1,1,1,1,1
507,482,1,1,1,1,1
507,481,1,1,1,1,1
507,480,1,0,0,0,1
507,475,1,1,1,1,1
507,474,1,1,1,1,1
507,473,1,1,1,1,1
507,472,1,1,1,1,1
507,467,1,1,1,1,1
507,466,1,1,1,1,1
507,465,1,1,1,1,1
507,464,1,1,1,1,1
507,459,1,1,1,1,1
507,458,1,1,1,1,1
507,457,1,0,0,0,1
507,456,1,0,0,0,1
507,451,1,1,1,1,1
507,450,1,1,1,1,1
507,449,1,0,0,0,1
507,448,1,0,0,0,1
507,443,1,1,1,1,1
507,442,1,1,1,1,1
507,441,1,1,1,1,1
507,440,1,1,1,1,1
507,435,1,1,1,1,1
507,434,1,1,1,1,1
507,433,1,1,1,1,1
507,432,1,1,1,1,1
507,427,1,1,1,1,1
507,426,1,1,1,1,1
507,425,1,1,1,1,1
507,424,1,1,1,1,1
507,419,1,1,1,1,1
507,418,1,1,1,1,1
507,417,1,1,1,1,1
507,416,1,0,0,0,1
507,411,1,1,1,1,1
507,410,1,1,1,1,1
507,409,1,1,1,1,1
507,408,1,1,1,1,1
507,403,1,1,1,1,1
507,402,1,1,1,1,1
507,401,1,1,1,1,1
507,400,1,1,1,1,1
507,395,1,1,1,1,1
507,394,1,1,1,1,1
507,393,1,0,0,0,1
507,392,1,0,0,0,1
507,387,1,1,1,1,1
507,386,1,1,1,1,1
507,385,1,0,0,0,1
507,384,1,0,0,0,1
507,379,1,1,1,1,1
507,378,1,1,1,1,1
507,377,1,1,1,1,1
507,376,1,1,1,1,1
507,371,1,1,1,1,1
507,370,1,1,1,1,1
507,369,1,1,1,1,1
507,368,1,1,1,1,1
507,363,1,1,1,1,1
507,362,1,1,1,1,1
507,361,1,1,1,1,1
507,360,1,1,1,1,1
507,355,1,1,1,1,1
507,354,1,1,1,1,1
507,353,1,1,1,1,1
507,352,1,0,0,0,1
507,347,1,1,1,1,1
507,346,1,1,1,1,1
507,345,1,1,1,1,1
507,344,1,1,1,1,1
507,339,1,1,1,1,1
507,338,1,1,1,1,1
507,337,1,1,1,1,1
507,336,1,1,1,1,1
507,331,1,1,1,1,1
507,330,1,1,1,1,1
507,329,1,0,0,0,1
507,328,1,0,0,0,1
507,323,1,1,1,1,1
507,322,1,1,1,1,1
507,321,1,0,0,0,1
507,320,1,0,0,0,1
507,315,1,1,1,1,1
507,314,1,1,1,1,1
507,313,1,1,1,1,1
507,312,1,1,1,1,1
507,307,1,1,1,1,1
507,306,1,1,1,1,1
507,305,1,1,1,1,1
507,304,1,1,1,1,1
507,299,1,1,1,1,1
507,298,1,1,1,1,1
507,297,1,1,1,1,1
507,296,1,1,1,1,1
507,291,1,0,0,0,1
507,290,1,0,0,0,1
507,289,1,0,0,0,1
507,288,1,0,0,0,1
507,283,1,1,1,1,1
507,282,1,1,1,1,1
507,281,1,1,1,1,1
507,280,1,1,1,1,1
507,275,1,1,1,1,1
507,274,1,1,1,1,1
507,273,1,1,1,1,1
507,272,1,1,1,1,1
507,267,1,1,1,1,1
507,266,1,1,1,1,1
507,265,1,0,0,0,1
507,264,1,0,0,0,1
507,259,1,0,0,0,1
507,258,1,0,0,0,1
507,257,1,0,0,0,1
507,256,1,0,0,0,1
507,251,1,1,1,1,1
507,250,1,1,1,1,1
507,249,1,1,1,1,1
507,248,1,1,1,1,1
507,243,1,1,1,1,1
507,242,1,1,1,1,1
507,241,1,1,1,1,1
507,240,1,1,1,1,1
507,235,1,1,1,1,1
507,234,1,1,1,1,1
507,233,1,1,1,1,1
507,232,1,1,1,1,1
507,227,1,1,1,1,1
507,226,1,1,1,1,1
507,225,1,1,1,1,1
507,224,1,0,0,0,1
507,219,1,1,1,1,1
507,218,1,1,1,1,1
507,217,1,1,1,1,1
507,216,1,1,1,1,1
507,211,1,1,1,1,1
507,210,1,1,1,1,1
507,209,1,1,1,1,1
507,208,1,1,1,1,1
507,203,1,1,1,1,1
507,202,1,1,1,1,1
507,201,1,0,0,0,1
507,200,1,0,0,0,1
507,195,1,1,1,1,1
507,194,1,1,1,1,1
507,193,1,0,0,0,1
507,192,1,0,0,0,1
507,187,1,1,1,1,1
507,186,1,1,1,1,1
507,185,1,1,1,1,1
507,184,1,1,1,1,1
507,179,1,1,1,1,1
507,178,1,1,1,1,1
507,177,1,1,1,1,1
507,176,1,1,1,1,1
507,171,1,1,1,1,1
507,170,1,1,1,1,1
507,169,1,1,1,1,1
507,168,1,1,1,1,1
507,163,1,1,1,1,1
507,162,1,1,1,1,1
507,161,1,1,1,1,1
507,160,1,0,0,0,1
507,155,1,1,1,1,1
507,154,1,1,1,1,1
507,153,1,1,1,1,1
507,152,1,1,1,1,1
507,147,1,1,1,1,1
507,146,1,1,1,1,1
507,145,1,1,1,1,1
507,144,1,1,1,1,1
507,139,1,1,1,1,1
507,138,1,1,1,1,1
507,137,1,0,0,0,1
507,136,1,0,0,0,1
507,131,1,1,1,1,1
507,130,1,1,1,1,1
507,129,1,0,0,0,1
507,128,1,0,0,0,1
507,123,1,1,1,1,1
507,122,1,1,1,1,1
507,121,1,1,1,1,1
507,120,1,1,1,1,1
507,115,1,1,1,1,1
507,114,1,1,1,1,1
507,113,1,1,1,1,1
507,112,1,1,1,1,1
507,107,1,1,1,1,1
507,106,1,1,1,1,1
507,105,1,1,1,1,1
507,104,1,1,1,1,1
507,99,1,1,1,1,1
507,98,1,1,1,1,1
507,97,1,1,1,1,1
507,96,1,0,0,0,1
507,91,1,1,1,1,1
507,90,1,1,1,1,1
507,89,1,1,1,1,1
507,88,1,1,1,1,1
507,83,1,1,1,1,1
507,82,1,1,1,1,1
507,81,1,1,1,1,1
507,80,1,1,1,1,1
507,75,1,0,0,0,1
507,74,1,0,0,0,1
507,73,1,0,0,0,1
507,72,1,0,0,0,1
507,67,1,0,0,0,1
507,66,1,0,0,0,1
507,65,1,0,0,0,1
507,64,1,0,0,0,1
507,59,1,1,1,1,1
507,58,1,1,1,1,1
507,57,1,1,1,1,1
507,56,1,1,1,1,1
507,51,1,1,1,1,1
507,50,1,1,1,1,1
507,49,1,1,1,1,1
507,48,1,1,1,1,1
507,43,1,1,1,1,1
507,42,1,1,1,1,1
507,41,1,1,1,1,1
507,40,1,1,1,1,1
507,35,1,0,0,0,1
507,34,1,0,0,0,1
507,33,1,0,0,0,1
507,32,1,0,0,0,1
507,27,1,1,1,1,1
507,26,1,1,1,1,1
507,25,1,1,1,1,1
507,24,1,1,1,1,1
507,19,1,1,1,1,1
507,18,1,1,1,1,1
507,17,1,1,1,1,1
507,16,1,1,1,1,1
507,11,1,0,0,0,1
507,10,1,0,0,0,1
507,9,1,0,0,0,1
507,8,1,0,0,0,1
507,3,1,0,0,0,1
507,2,1,0,0,0,1
507,1,1,0,0,0,1
507,0,1,0,0,0,1
508,508,1,1,1,1,1
508,504,1,1,1,1,1
508,500,1,1,1,1,1
508,496,1,1,1,1,1
508,492,1,1,1,1,1
508,488,1,1,1,1,1
508,484,1,0,0,0,1
508,480,1,0,0,0,1
508,476,1,1,1,1,1
508,472,1,1,1,1,1
508,468,1,1,1,1,1
508,464,1,1,1,1,1
508,460,1,1,1,1,1
508,456,1,0,0,0,1
508,452,1,0,0,0,1
508,448,1,0,0,0,1
508,444,1,1,1,1,1
508,440,1,1,1,1,1
508,436,1,1,1,1,1
508,432,1,1,1,1,1
508,428,1,1,1,1,1
508,424,1,1,1,1,1
508,420,1,0,0,0,1
508,416,1,0,0,0,1
508,412,1,1,1,1,1
508,408,1,1,1,1,1
508,404,1,1,1,1,1
508,400,1,1,1,1,1
508,396,1,1,1,1,1
508,392,1,0,0,0,1
508,388,1,0,0,0,1
508,384,1,0,0,0,1
508,380,1,1,1,1,1
508,376,1,1,1,1,1
508,372,1,1,1,1,1
508,368,1,1,1,1,1
508,364,1,1,1,1,1
508,360,1,1,1,1,1
508,356,1,0,0,0,1
508,352,1,0,0,0,1
508,348,1,1,1,1,1
508,344,1,1,1,1,1
508,340,1,1,1,1,1
508,336,1,1,1,1,1
508,332,1,1,1,1,1
508,328,1,0,0,0,1
508,324,1,0,0,0,1
508,320,1,0,0,0,1
508,316,1,1,1,1,1
508,312,1,1,1,1,1
508,308,1,1,1,1,1
508,304,1,1,1,1,1
508,300,1,1,1,1,1
508,296,1,1,1,1,1
508,292,1,0,0,0,1
508,288,1,0,0,0,1
508,284,1,1,1,1,1
508,280,1,1,1,1,1
508,276,1,1,1,1,1
508,272,1,1,1,1,1
508,268,1,1,1,1,1
508,264,1,0,0,0,1
508,260,1,0,0,0,1
508,256,1,0,0,0,1
508,252,1,1,1,1,1
508,248,1,1,1,1,1
508,244,1,1,1,1,1
508,240,1,1,1,1,1
508,236,1,1,1,1,1
508,232,1,1,1,1,1
508,228,1,0,0,0,1
508,224,1,0,0,0,1
508,220,1,1,1,1,1
508,216,1,1,1,1,1
508,212,1,1,1,1,1
508,208,1,1,1,1,1
508,204,1,1,1,1,1
508,200,1,0,0,0,1
508,196,1,0,0,0,1
508,192,1,0,0,0,1
508,188,1,1,1,1,1
508,184,1,1,1,1,1
508,180,1,1,1,1,1
508,176,1,1,1,1,1
508,172,1,1,1,1,1
508,168,1,1,1,1,1
508,164,1,0,0,0,1
508,160,1,0,0,0,1
508,156,1,1,1,1,1
508,152,1,1,1,1,1
508,148,1,1,1,1,1
508,144,1,1,1,1,1
508,140,1,1,1,1,1
508,136,1,0,0,0,1
508,132,1,0,0,0,1
508,128,1,0,0,0,1
508,124,1,1,1,1,1
508,120,1,1,1,1,1
508,116,1,1,1,1,1
508,112,1,1,1,1,1
508,108,1,1,1,1,1
508,104,1,1,1,1,1
508,100,1,0,0,0,1
508,96,1,0,0,0,1
508,92,1,1,1,1,1
508,88,1,1,1,1,1
508,84,1,1,1,1,1
508,80,1,1,1,1,1
508,76,1,0,0,0,1
508,72,1,0,0,0,1
508,68,1,0,0,0,1
508,64,1,0,0,0,1
508,60,1,1,1,1,1
508,56,1,1,1,1,1
508,52,1,1,1,1,1
508,48,1,1,1,1,1
508,44,1,1,1,1,1
508,40,1,1,1,1,1
508,36,1,0,0,0,1
508,32,1,0,0,0,1
508,28,1,1,1,1,1
508,24,1,1,1,1,1
508,20,1,1,1,1,1
508,16,1,1,1,1,1
508,12,1,0,0,0,1
508,8,1,0,0,0,1
508,4,1,0,0,0,1
508,0,1,0,0,0,1
509,509,1,1,1,1,1
509,508,1,1,1,1,1
509,505,1,1,1,1,1
509,504,1,1,1,1,1
509,501,1,1,1,1,1
509,500,1,1,1,1,1
509,497,1,1,1,1,1
509,496,1,1,1,1,1
509,493,1,1,1,1,1
509,492,1,1,1,1,1
509,489,1,1,1,1,1
509,488,1,1,1,1,1
509,485,1,1,1,1,1
509,484,1,0,0,0,1
509,481,1,1,1,1,1
509,480,1,0,0,0,1
509,477,1,1,1,1,1
509,476,1,1,1,1,1
509,473,1,1,1,1,1
509,472,1,1,1,1,1
509,469,1,1,1,1,1
509,468,1,1,1,1,1
509,465,1,1,1,1,1
509,464,1,1,1,1,1
509,461,1,1,1,1,1
509,460,1,1,1,1,1
509,457,1,0,0,0,1
509,456,1,0,0,0,1
509,453,1,1,1,1,1
509,452,1,0,0,0,1
509,449,1,0,0,0,1
509,448,1,0,0,0,1
509,445,1,1,1,1,1
509,444,1,1,1,1,1
509,441,1,1,1,1,1
509,440,1,1,1,1,1
509,437,1,1,1,1,1
509,436,1,1,1,1,1
509,433,1,1,1,1,1
509,432,1,1,1,1,1
509,429,1,1,1,1,1
509,428,1,1,1,1,1
509,425,1,1,1,1,1
509,424,1,1,1,1,1
509,421,1,1,1,1,1
509,420,1,0,0,0,1
509,417,1,1,1,1,1
509,416,1,0,0,0,1
509,413,1,1,1,1,1
509,412,1,1,1,1,1
509,409,1,1,1,1,1
509,408,1,1,1,1,1
509,405,1,1,1,1,1
509,404,1,1,1,1,1
509,401,1,1,1,1,1
509,400,1,1,1,1,1
509,397,1,1,1,1,1
509,396,1,1,1,1,1
509,393,1,0,0,0,1
509,392,1,0,0,0,1
509,389,1,1,1,1,1
509,388,1,0,0,0,1
509,385,1,0,0,0,1
509,384,1,0,0,0,1
509,381,1,1,1,1,1
509,380,1,1,1,1,1
509,377,1,1,1,1,1
509,376,1,1,1,1,1
509,373,1,1,1,1,1
509,372,1,1,1,1,1
509,369,1,1,1,1,1
509,368,1,1,1,1,1
509,365,1,1,1,1,1
509,364,1,1,1,1,1
509,361,1,1,1,1,1
509,360,1,1,1,1,1
509,357,1,1,1,1,1
509,356,1,0,0,0,1
509,353,1,1,1,1,1
509,352,1,0,0,0,1
509,349,1,1,1,1,1
509,348,1,1,1,1,1
509,345,1,1,1,1,1
509,344,1,1,1,1,1
509,341,1,1,1,1,1
509,340,1,1,1,1,1
509,337,1,1,1,1,1
509,336,1,1,1,1,1
509,333,1,1,1,1,1
509,332,1,1,1,1,1
509,329,1,0,0,0,1
509,328,1,0,0,0,1
509,325,1,1,1,1,1
509,324,1,0,0,0,1
509,321,1,0,0,0,1
509,320,1,0,0,0,1
509,317,1,1,1,1,1
509,316,1,1,1,1,1
509,313,1,1,1,1,1
509,312,1,1,1,1,1
509,309,1,1,1,1,1
509,308,1,1,1,1,1
509,305,1,1,1,1,1
509,304,1,1,1,1,1
509,301,1,1,1,1,1
509,300,1,1,1,1,1
509,297,1,1,1,1,1
509,296,1,1,1,1,1
509,293,1,0,0,0,1
509,292,1,0,0,0,1
509,289,1,0,0,0,1
509,288,1,0,0,0,1
509,285,1,1,1,1,1
509,284,1,1,1,1,1
509,281,1,1,1,1,1
509,280,1,1,1,1,1
509,277,1,1,1,1,1
509,276,1,1,1,1,1
509,273,1,1,1,1,1
509,272,1,1,1,1,1
509,269,1,1,1,1,1
509,268,1,1,1,1,1
509,265,1,0,0,0,1
509,264,1,0,0,0,1
509,261,1,0,0,0,1
509,260,1,0,0,0,1
509,257,1,0,0,0,1
509,256,1,0,0,0,1
509,253,1,1,1,1,1
509,252,1,1,1,1,1
509,249,1,1,1,1,1
509,248,1,1,1,1,1
509,245,1,1,1,1,1
509,244,1,1,1,1,1
509,241,1,1,1,1,1
509,240,1,1,1,1,1
509,237,1,1,1,1,1
509,236,1,1,1,1,1
509,233,1,1,1,1,1
509,232,1,1,1,1,1
509,229,1,1,1,1,1
509,228,1,0,0,0,1
509,225,1,1,1,1,1
509,224,1,0,0,0,1
509,221,1,1,1,1,1
509,220,1,1,1,1,1
509,217,1,1,1,1,1
509,216,1,1,1,1,1
509,213,1,1,1,1,1
509,212,1,1,1,1,1
509,209,1,1,1,1,1
509,208,1,1,1,1,1
509,205,1,1,1,1,1
509,204,1,1,1,1,1
509,201,1,0,0,0,1
509,200,1,0,0,0,1
509,197,1,1,1,1,1
509,196,1,0,0,0,1
509,193,1,0,0,0,1
509,192,1,0,0,0,1
509,189,1,1,1,1,1
509,188,1,1,1,1,1
509,185,1,1,1,1,1
509,184,1,1,1,1,1
509,181,1,1,1,1,1
509,180,1,1,1,1,1
509,177,1,1,1,1,1
509,176,1,1,1,1,1
509,173,1,1,1,1,1
509,172,1,1,1,1,1
509,169,1,1,1,1,1
509,168,1,1,1,1,1
509,165,1,1,1,1,1
509,164,1,0,0,0,1
509,161,1,1,1,1,1
509,160,1,0,0,0,1
509,157,1,1,1,1,1
509,156,1,1,1,1,1
509,153,1,1,1,1,1
509,152,1,1,1,1,1
509,149,1,1,1,1,1
509,148,1,1,1,1,1
509,145,1,1,1,1,1
509,144,1,1,1,1,1
509,141,1,1,1,1,1
509,140,1,1,1,1,1
509,137,1,0,0,0,1
509,136,1,0,0,0,1
509,133,1,1,1,1,1
509,132,1,0,0,0,1
509,129,1,0,0,0,1
509,128,1,0,0,0,1
509,125,1,1,1,1,1
509,124,1,1,1,1,1
509,121,1,1,1,1,1
509,120,1,1,1,1,1
509,117,1,1,1,1,1
509,116,1,1,1,1,1
509,113,1,1,1,1,1
509,112,1,1,1,1,1
509,109,1,1,1,1,1
509,108,1,1,1,1,1
509,105,1,1,1,1,1
509,104,1,1,1,1,1
509,101,1,1,1,1,1
509,100,1,0,0,0,1
509,97,1,1,1,1,1
509,96,1,0,0,0,1
509,93,1,1,1,1,1
509,92,1,1,1,1,1
509,89,1,1,1,1,1
509,88,1,1,1,1,1
509,85,1,1,1,1,1
509,84,1,1,1,1,1
509,81,1,1,1,1,1
509,80,1,1,1,1,1
509,77,1,0,0,0,1
509,76,1,0,0,0,1
509,73,1,0,0,0,1
509,72,1,0,0,0,1
509,69,1,0,0,0,1
509,68,1,0,0,0,1
509,65,1,0,0,0,1
509,64,1,0,0,0,1
509,61,1,1,1,1,1
509,60,1,1,1,1,1
509,57,1,1,1,1,1
509,56,1,1,1,1,1
509,53,1,1,1,1,1
509,52,1,1,1,1,1
509,49,1,1,1,1,1
509,48,1,1,1,1,1
509,45,1,1,1,1,1
509,44,1,1,1,1,1
509,41,1,1,1,1,1
509,40,1,1,1,1,1
509,37,1,0,0,0,1
509,36,1,0,0,0,1
509,33,1,0,0,0,1
509,32,1,0,0,0,1
509,29,1,1,1,1,1
509,28,1,1,1,1,1
509,25,1,1,1,1,1
509,24,1,1,1,1,1
509,21,1,1,1,1,1
509,20,1,1,1,1,1
509,17,1,1,1,1,1
509,16,1,1,1,1,1
509,13,1,0,0,0,1
509,12,1,0,0,0,1
509,9,1,0,0,0,1
509,8,1,0,0,0,1
509,5,1,0,0,0,1
509,4,1,0,0,0,1
509,1,1,0,0,0,1
509,0,1,0,0,0,1
510,510,1,1,1,1,1
510,508,1,1,1,1,1
510,506,1,1,1,1,1
510,504,1,1,1,1,1
510,502,1,1,1,1,1
510,500,1,1,1,1,1
510,498,1,1,1,1,1
510,496,1,1,1,1,1
510,494,1,1,1,1,1
510,492,1,1,1,1,1
510,490,1,1,1,1,1
510,488,1,1,1,1,1
510,486,1,1,1,1,1
510,484,1,0,0,0,1
510,482,1,1,1,1,1
510,480,1,0,0,0,1
510,478,1,1,1,1,1
510,476,1,1,1,1,1
510,474,1,1,1,1,1
510,472,1,1,1,1,1
510,470,1,1,1,1,1
510,468,1,1,1,1,1
510,466,1,1,1,1,1
510,464,1,1,1,1,1
510,462,1,1,1,1,1
510,460,1,1,1,1,1
510,458,1,1,1,1,1
510,456,1,0,0,0,1
510,454,1,1,1,1,1
510,452,1,0,0,0,1
510,450,1,1,1,1,1
510,448,1,0,0,0,1
510,446,1,1,1,1,1
510,444,1,1,1,1,1
510,442,1,1,1,1,1
510,440,1,1,1,1,1
510,438,1,1,1,1,1
510,436,1,1,1,1,1
510,434,1,1,1,1,1
510,432,1,1,1,1,1
510,430,1,1,1,1,1
510,428,1,1,1,1,1
510,426,1,1,1,1,1
510,424,1,1,1,1,1
510,422,1,1,1,1,1
510,420,1,0,0,0,1
510,418,1,1,1,1,1
510,416,1,0,0,0,1
510,414,1,1,1,1,1
510,412,1,1,1,1,1
510,410,1,1,1,1,1
510,408,1,1,1,1,1
510,406,1,1,1,1,1
510,404,1,1,1,1,1
510,402,1,1,1,1,1
510,400,1,1,1,1,1
510,398,1,1,1,1,1
510,396,1,1,1,1,1
510,394,1,1,1,1,1
510,392,1,0,0,0,1
510,390,1,1,1,1,1
510,388,1,0,0,0,1
510,386,1,1,1,1,1
510,384,1,0,0,0,1
510,382,1,1,1,1,1
510,380,1,1,1,1,1
510,378,1,1,1,1,1
510,376,1,1,1,1,1
510,374,1,1,1,1,1
510,372,1,1,1,1,1
510,370,1,1,1,1,1
510,368,1,1,1,1,1
510,366,1,1,1,1,1
510,364,1,1,1,1,1
510,362,1,1,1,1,1
510,360,1,1,1,1,1
510,358,1,1,1,1,1
510,356,1,0,0,0,1
510,354,1,1,1,1,1
510,352,1,0,0,0,1
510,350,1,1,1,1,1
510,348,1,1,1,1,1
510,346,1,1,1,1,1
510,344,1,1,1,1,1
510,342,1,1,1,1,1
510,340,1,1,1,1,1
510,338,1,1,1,1,1
510,336,1,1,1,1,1
510,334,1,1,1,1,1
510,332,1,1,1,1,1
510,330,1,1,1,1,1
510,328,1,0,0,0,1
510,326,1,1,1,1,1
510,324,1,0,0,0,1
510,322,1,1,1,1,1
510,320,1,0,0,0,1
510,318,1,1,1,1,1
510,316,1,1,1,1,1
510,314,1,1,1,1,1
510,312,1,1,1,1,1
510,310,1,1,1,1,1
510,308,1,1,1,1,1
510,306,1,1,1,1,1
510,304,1,1,1,1,1
510,302,1,1,1,1,1
510,300,1,1,1,1,1
510,298,1,1,1,1,1
510,296,1,1,1,1,1
510,294,1,0,0,0,1
510,292,1,0,0,0,1
510,290,1,0,0,0,1
510,288,1,0,0,0,1
510,286,1,1,1,1,1
510,284,1,1,1,1,1
510,282,1,1,1,1,1
510,280,1,1,1,1,1
510,278,1,1,1,1,1
510,276,1,1,1,1,1
510,274,1,1,1,1,1
510,272,1,1,1,1,1
510,270,1,1,1,1,1
510,268,1,1,1,1,1
510,266,1,1,1,1,1
510,264,1,0,0,0,1
510,262,1,0,0,0,1
510,260,1,0,0,0,1
510,258,1,0,0,0,1
510,256,1,0,0,0,1
510,254,1,1,1,1,1
510,252,1,1,1,1,1
510,250,1,1,1,1,1
510,248,1,1,1,1,1
510,246,1,1,1,1,1
510,244,1,1,1,1,1
510,242,1,1,1,1,1
510,240,1,1,1,1,1
510,238,1,1,1,1,1
510,236,1,1,1,1,1
510,234,1,1,1,1,1
510,232,1,1,1,1,1
510,230,1,1,1,1,1
510,228,1,0,0,0,1
510,226,1,1,1,1,1
510,224,1,0,0,0,1
510,222,1,1,1,1,1
510,220,1,1,1,1,1
510,218,1,1,1,1,1
510,216,1,1,1,1,1
510,214,1,1,1,1,1
510,212,1,1,1,1,1
510,210,1,1,1,1,1
510,208,1,1,1,1,1
510,206,1,1,1,1,1
510,204,1,1,1,1,1
510,202,1,1,1,1,1
510,200,1,0,0,0,1
510,198,1,1,1,1,1
510,196,1,0,0,0,1
510,194,1,1,1,1,1
510,192,1,0,0,0,1
510,190,1,1,1,1,1
510,188,1,1,1,1,1
510,186,1,1,1,1,1
510,184,1,1,1,1,1
510,182,1,1,1,1,1
510,180,1,1,1,1,1
510,178,1,1,1,1,1
510,176,1,1,1,1,1
510,174,1,1,1,1,1
510,172,1,1,1,1,1
510,170,1,1,1,1,1
510,168,1,1,1,1,1
510,166,1,1,1,1,1
510,164,1,0,0,0,1
510,162,1,1,1,1,1
510,160,1,0,0,0,1
510,158,1,1,1,1,1
510,156,1,1,1,1,1
510,154,1,1,1,1,1
510,152,1,1,1,1,1
510,150,1,1,1,1,1
510,148,1,1,1,1,1
510,146,1,1,1,1,1
510,144,1,1,1,1,1
510,142,1,1,1,1,1
510,140,1,1,1,1,1
510,138,1,1,1,1,1
510,136,1,0,0,0,1
510,134,1,1,1,1,1
510,132,1,0,0,0,1
510,130,1,1,1,1,1
510,128,1,0,0,0,1
510,126,1,1,1,1,1
510,124,1,1,1,1,1
510,122,1,1,1,1,1
510,120,1,1,1,1,1
510,118,1,1,1,1,1
510,116,1,1,1,1,1
510,114,1,1,1,1,1
510,112,1,1,1,1,1
510,110,1,1,1,1,1
510,108,1,1,1,1,1
510,106,1,1,1,1,1
510,104,1,1,1,1,1
510,102,1,1,1,1,1
510,100,1,0,0,0,1
510,98,1,1,1,1,1
510,96,1,0,0,0,1
510,94,1,1,1,1,1
510,92,1,1,1,1,1
510,90,1,1,1,1,1
510,88,1,1,1,1,1
510,86,1,1,1,1,1
510,84,1,1,1,1,1
510,82,1,1,1,1,1
510,80,1,1,1,1,1
510,78,1,0,0,0,1
510,76,1,0,0,0,1
510,74,1,0,0,0,1
510,72,1,0,0,0,1
510,70,1,0,0,0,1
510,68,1,0,0,0,1
510,66,1,0,0,0,1
510,64,1,0,0,0,1
510,62,1,1,1,1,1
510,60,1,1,1,1,1
510,58,1,1,1,1,1
510,56,1,1,1,1,1
510,54,1,1,1,1,1
510,52,1,1,1,1,1
510,50,1,1,1,1,1
510,48,1,1,1,1,1
510,46,1,1,1,1,1
510,44,1,1,1,1,1
510,42,1,1,1,1,1
510,40,1,1,1,1,1
510,38,1,0,0,0,1
510,36,1,0,0,0,1
510,34,1,0,0,0,1
510,32,1,0,0,0,1
510,30,1,1,1,1,1
510,28,1,1,1,1,1
510,26,1,1,1,1,1
510,24,1,1,1,1,1
510,22,1,1,1,1,1
510,20,1,1,1,1,1
510,18,1,1,1,1,1
510,16,1,1,1,1,1
510,14,1,0,0,0,1
510,12,1,0,0,0,1
510,10,1,0,0,0,1
510,8,1,0,0,0,1
510,6,1,0,0,0,1
510,4,1,0,0,0,1
510,2,1,0,0,0,1
510,0,1,0,0,0,1
511,511,1,1,1,1,1
511,510,1,1,1,1,1
511,509,1,1,1,1,1
511,508,1,1,1,1,1
511,507,1,1,1,1,1
511,506,1,1,1,1,1
511,505,1,1,1,1,1
511,504,1,1,1,1,1
511,503,1,1,1,1,1
511,502,1,1,1,1,1
511,501,1,1,1,1,1
511,500,1,1,1,1,1
511,499,1,1,1,1,1
511,498,1,1,1,1,1
511,497,1,1,1,1,1
511,496,1,1,1,1,1
511,495,1,1,1,1,1
511,494,1,1,1,1,1
511,493,1,1,1,1,1
511,492,1,1,1,1,1
511,491,1,1,1,1,1
511,490,1,1,1,1,1
511,489,1,1,1,1,1
511,488,1,1,1,1,1
511,487,1,1,1,1,1
511,486,1,1,1,1,1
511,485,1,1,1,1,1
511,484,1,0,0,0,1
511,483,1,1,1,1,1
511,482,1,1,1,1,1
511,481,1,1,1,1,1
511,480,1,0,0,0,1
511,479,1,1,1,1,1
511,478,1,1,1,1,1
511,477,1,1,1,1,1
511,476,1,1,1,1,1
511,475,1,1,1,1,1
511,474,1,1,1,1,1
511,473,1,1,1,1,1
511,472,1,1,1,1,1
511,471,1,1,1,1,1
511,470,1,1,1,1,1
511,469,1,1,1,1,1
511,468,1,1,1,1,1
511,467,1,1,1,1,1
511,466,1,1,1,1,1
511,465,1,1,1,1,1
511,464,1,1,1,1,1
511,463,1,1,1,1,1
511,462,1,1,1,1,1
511,461,1,1,1,1,1
511,460,1,1,1,1,1
511,459,1,1,1,1,1
511,458,1,1,1,1,1
511,457,1,0,0,0,1
511,456,1,0,0,0,1
511,455,1,1,1,1,1
511,454,1,1,1,1,1
511,453,1,1,1,1,1
511,452,1,0,0,0,1
511,451,1,1,1,1,1
511,450,1,1,1,1,1
511,449,1,0,0,0,1
511,448,1,0,0,0,1
511,447,1,1,1,1,1
511,446,1,1,1,1,1
511,445,1,1,1,1,1
511,444,1,1,1,1,1
511,443,1,1,1,1,1
511,442,1,1,1,1,1
511,441,1,1,1,1,1
511,440,1,1,1,1,1
511,439,1,1,1,1,1
511,438,1,1,1,1,1
511,437,1,1,1,1,1
511,436,1,1,1,1,1
511,435,1,1,1,1,1
511,434,1,1,1,1,1
511,433,1,1,1,1,1
511,432,1,1,1,1,1
511,431,1,1,1,1,1
511,430,1,1,1,1,1
511,429,1,1,1,1,1
511,428,1,1,1,1,1
511,427,1,1,1,1,1
511,426,1,1,1,1,1
511,425,1,1,1,1,1
511,424,1,1,1,1,1
511,423,1,1,1,1,1
511,422,1,1,1,1,1
511,421,1,1,1,1,1
511,420,1,0,0,0,1
511,419,1,1,1,1,1
511,418,1,1,1,1,1
511,417,1,1,1,1,1
511,416,1,0,0,0,1
511,415,1,1,1,1,1
511,414,1,1,1,1,1
511,413,1,1,1,1,1
511,412,1,1,1,1,1
511,411,1,1,1,1,1
511,410,1,1,1,1,1
511,409,1,1,1,1,1
511,408,1,1,1,1,1
511,407,1,1,1,1,1
511,406,1,1,1,1,1
511,405,1,1,1,1,1
511,404,1,1,1,1,1
511,403,1,1,1,1,1
511,402,1,1,1,1,1
511,401,1,1,1,1,1
511,400,1,1,1,1,1
511,399,1,1,1,1,1
511,398,1,1,1,1,1
511,397,1,1,1,1,1
511,396,1,1,1,1,1
511,395,1,1,1,1,1
511,394,1,1,1,1,1
511,393,1,0,0,0,1
511,392,1,0,0,0,1
511,391,1,1,1,1,1
511,390,1,1,1,1,1
511,389,1,1,1,1,1
511,388,1,0,0,0,1
511,387,1,1,1,1,1
511,386,1,1,1,1,1
511,385,1,0,0,0,1
511,384,1,0,0,0,1
511,383,1,1,1,1,1
511,382,1,1,1,1,1
511,381,1,1,1,1,1
511,380,1,1,1,1,1
511,379,1,1,1,1,1
511,378,1,1,1,1,1
511,377,1,1,1,1,1
511,376,1,1,1,1,1
511,375,1,1,1,1,1
511,374,1,1,1,1,1
511,373,1,1,1,1,1
511,372,1,1,1,1,1
511,371,1,1,1,1,1
511,370,1,1,1,1,1
511,369,1,1,1,1,1
511,368,1,1,1,1,1
511,367,1,1,1,1,1
511,366,1,1,1,1,1
511,365,1,1,1,1,1
511,364,1,1,1,1,1
511,363,1,1,1,1,1
511,362,1,1,1,1,1
511,361,1,1,1,1,1
511,360,1,1,1,1,1
511,359,1,1,1,1,1
511,358,1,1,1,1,1
511,357,1,1,1,1,1
511,356,1,0,0,0,1
511,355,1,1,1,1,1
511,354,1,1,1,1,1
511,353,1,1,1,1,1
511,352,1,0,0,0,1
511,351,1,1,1,1,1
511,350,1,1,1,1,1
511,349,1,1,1,1,1
511,348,1,1,1,1,1
511,347,1,1,1,1,1
511,346,1,1,1,1,1
511,345,1,1,1,1,1
511,344,1,1,1,1,1
511,343,1,1,1,1,1
511,342,1,1,1,1,1
511,341,1,1,1,1,1
511,340,1,1,1,1,1
511,339,1,1,1,1,1
511,338,1,1,1,1,1
511,337,1,1,1,1,1
511,336,1,1,1,1,1
511,335,1,1,1,1,1
511,334,1,1,1,1,1
511,333,1,1,1,1,1
511,332,1,1,1,1,1
511,331,1,1,1,1,1
511,330,1,1,1,1,1
511,329,1,0,0,0,1
511,328,1,0,0,0,1
511,327,1,1,1,1,1
511,326,1,1,1,1,1
511,325,1,1,1,1,1
511,324,1,0,0,0,1
511,323,1,1,1,1,1
511,322,1,1,1,1,1
511,321,1,0,0,0,1
511,320,1,0,0,0,1
511,319,1,1,1,1,1
511,318,1,1,1,1,1
511,317,1,1,1,1,1
511,316,1,1,1,1,1
511,315,1,1,1,1,1
511,314,1,1,1,1,1
511,313,1,1,1,1,1
511,312,1,1,1,1,1
511,311,1,1,1,1,1
511,310,1,1,1,1,1
511,309,1,1,1,1,1
511,308,1,1,1,1,1
511,307,1,1,1,1,1
511,306,1,1,1,1,1
511,305,1,1,1,1,1
511,304,1,1,1,1,1
511,303,1,1,1,1,1
511,302,1,1,1,1,1
511,301,1,1,1,1,1
511,300,1,1,1,1,1
511,299,1,1,1,1,1
511,298,1,1,1,1,1
511,297,1,1,1,1,1
511,296,1,1,1,1,1
511,295,1,0,0,0,1
511,294,1,0,0,0,1
511,293,1,0,0,0,1
511,292,1,0,0,0,1
511,291,1,0,0,0,1
511,290,1,0,0,0,1
511,289,1,0,0,0,1
511,288,1,0,0,0,1
511,287,1,1,1,1,1
511,286,1,1,1,1,1
511,285,1,1,1,1,1
511,284,1,1,1,1,1
511,283,1,1,1,1,1
511,282,1,1,1,1,1
511,281,1,1,1,1,1
511,280,1,1,1,1,1
511,279,1,1,1,1,1
511,278,1,1,1,1,1
511,277,1,1,1,1,1
511,276,1,1,1,1,1
511,275,1,1,1,1,1
511,274,1,1,1,1,1
511,273,1,1,1,1,1
511,272,1,1,1,1,1
511,271,1,1,1,1,1
511,270,1,1,1,1,1
511,269,1,1,1,1,1
511,268,1,1,1,1,1
511,267,1,1,1,1,1
511,266,1,1,1,1,1
511,265,1,0,0,0,1
511,264,1,0,0,0,1
511,263,1,0,0,0,1
511,262,1,0,0,0,1
511,261,1,0,0,0,1
511,260,1,0,0,0,1
511,259,1,0,0,0,1
511,258,1,0,0,0,1
511,257,1,0,0,0,1
511,256,1,0,0,0,1
511,255,1,1,1,1,1
511,254,1,1,1,1,1
511,253,1,1,1,1,1
511,252,1,1,1,1,1
511,251,1,1,1,1,1
511,250,1,1,1,1,1
511,249,1,1,1,1,1
511,248,1,1,1,1,1
511,247,1,1,1,1,1
511,246,1,1,1,1,1
511,245,1,1,1,1,1
511,244,1,1,1,1,1
511,243,1,1,1,1,1
511,242,1,1,1,1,1
511,241,1,1,1,1,1
511,240,1,1,1,1,1
511,239,1,1,1,1,1
511,238,1,1,1,1,1
511,237,1,1,1,1,1
511,236,1,1,1,1,1
511,235,1,1,1,1,1
511,234,1,1,1,1,1
511,233,1,1,1,1,1
511,232,1,1,1,1,1
511,231,1,1,1,1,1
511,230,1,1,1,1,1
511,229,1,1,1,1,1
511,228,1,0,0,0,1
511,227,1,1,1,1,1
511,226,1,1,1,1,1
511,225,1,1,1,1,1
511,224,1,0,0,0,1
511,223,1,1,1,1,1
511,222,1,1,1,1,1
511,221,1,1,1,1,1
511,220,1,1,1,1,1
511,219,1,1,1,1,1
511,218,1,1,1,1,1
511,217,1,1,1,1,1
511,216,1,1,1,1,1
511,215,1,1,1,1,1
511,214,1,1,1,1,1
511,213,1,1,1,1,1
511,212,1,1,1,1,1
511,211,1,1,1,1,1
511,210,1,1,1,1,1
511,209,1,1,1,1,1
511,208,1,1,1,1,1
511,207,1,1,1,1,1
511,206,1,1,1,1,1
511,205,1,1,1,1,1
511,204,1,1,1,1,1
511,203,1,1,1,1,1
511,202,1,1,1,1,1
511,201,1,0,0,0,1
511,200,1,0,0,0,1
511,199,1,1,1,1,1
511,198,1,1,1,1,1
511,197,1,1,1,1,1
511,196,1,0,0,0,1
511,195,1,1,1,1,1
511,194,1,1,1,1,1
511,193,1,0,0,0,1
511,192,1,0,0,0,1
511,191,1,1,1,1,1
511,190,1,1,1,1,1
511,189,1,1,1,1,1
511,188,1,1,1,1,1
511,187,1,1,1,1,1
511,186,1,1,1,1,1
511,185,1,1,1,1,1
511,184,1,1,1,1,1
511,183,1,1,1,1,1
511,182,1,1,1,1,1
511,181,1,1,1,1,1
511,180,1,1,1,1,1
511,179,1,1,1,1,1
511,178,1,1,1,1,1
511,177,1,1,1,1,1
511,176,1,1,1,1,1
511,175,1,1,1,1,1
511,174,1,1,1,1,1
511,173,1,1,1,1,1
511,172,1,1,1,1,1
511,171,1,1,1,1,1
511,170,1,1,1,1,1
511,169,1,1,1,1,1
511,168,1,1,1,1,1
511,167,1,1,1,1,1
511,166,1,1,1,1,1
511,165,1,1,1,1,1
511,164,1,0,0,0,1
511,163,1,1,1,1,1
511,162,1,1,1,1,1
511,161,1,1,1,1,1
511,160,1,0,0,0,1
511,159,1,1,1,1,1
511,158,1,1,1,1,1
511,157,1,1,1,1,1
511,156,1,1,1,1,1
511,155,1,1,1,1,1
511,154,1,1,1,1,1
511,153,1,1,1,1,1
511,152,1,1,1,1,1
511,151,1,1,1,1,1
511,150,1,1,1,1,1
511,149,1,1,1,1,1
511,148,1,1,1,1,1
511,147,1,1,1,1,1
511,146,1,1,1,1,1
511,145,1,1,1,1,1
511,144,1,1,1,1,1
511,143,1,1,1,1,1
511,142,1,1,1,1,1
511,141,1,1,1,1,1
511,140,1,1,1,1,1
511,139,1,1,1,1,1
511,138,1,1,1,1,1
511,137,1,0,0,0,1
511,136,1,0,0,0,1
511,135,1,1,1,1,1
511,134,1,1,1,1,1
511,133,1,1,1,1,1
511,132,1,0,0,0,1
511,131,1,1,1,1,1
511,130,1,1,1,1,1
511,129,1,0,0,0,1
511,128,1,0,0,0,1
511,127,1,1,1,1,1
511,126,1,1,1,1,1
511,125,1,1,1,1,1
511,124,1,1,1,1,1
511,123,1,1,1,1,1
511,122,1,1,1,1,1
511,121,1,1,1,1,1
511,120,1,1,1,1,1
511,119,1,1,1,1,1
511,118,1,1,1,1,1
511,117,1,1,1,1,1
511,116,1,1,1,1,1
511,115,1,1,1,1,1
511,114,1,1,1,1,1
511,113,1,1,1,1,1
511,112,1,1,1,1,1
511,111,1,1,1,1,1
511,110,1,1,1,1,1
511,109,1,1,1,1,1
511,108,1,1,1,1,1
511,107,1,1,1,1,1
511,106,1,1,1,1,1
511,105,1,1,1,1,1
511,104,1,1,1,1,1
511,103,1,1,1,1,1
511,102,1,1,1,1,1
511,101,1,1,1,1,1
511,100,1,0,0,0,1
511,99,1,1,1,1,1
511,98,1,1,1,1,1
511,97,1,1,1,1,1
511,96,1,0,0,0,1
511,95,1,1,1,1,1
511,94,1,1,1,1,1
511,93,1,1,1,1,1
511,92,1,1,1,1,1
511,91,1,1,1,1,1
511,90,1,1,1,1,1
511,89,1,1,1,1,1
511,88,1,1,1,1,1
511,87,1,1,1,1,1
511,86,1,1,1,1,1
511,85,1,1,1,1,1
511,84,1,1,1,1,1
511,83,1,1,1,1,1
511,82,1,1,1,1,1
511,81,1,1,1,1,1
511,80,1,1,1,1,1
511,79,1,0,0,0,1
511,78,1,0,0,0,1
511,77,1,0,0,0,1
511,76,1,0,0,0,1
511,75,1,0,0,0,1
511,74,1,0,0,0,1
511,73,1,0,0,0,1
511,72,1,0,0,0,1
511,71,1,0,0,0,1
511,70,1,0,0,0,1
511,69,1,0,0,0,1
511,68,1,0,0,0,1
511,67,1,0,0,0,1
511,66,1,0,0,0,1
511,65,1,0,0,0,1
511,64,1,0,0,0,1
511,63,1,1,1,1,1
511,62,1,1,1,1,1
511,61,1,1,1,1,1
511,60,1,1,1,1,1
511,59,1,1,1,1,1
511,58,1,1,1,1,1
511,57,1,1,1,1,1
511,56,1,1,1,1,1
511,55,1,1,1,1,1
511,54,1,1,1,1,1
511,53,1,1,1,1,1
511,52,1,1,1,1,1
511,51,1,1,1,1,1
511,50,1,1,1,1,1
511,49,1,1,1,1,1
511,48,1,1,1,1,1
511,47,1,1,1,1,1
511,46,1,1,1,1,1
511,45,1,1,1,1,1
511,44,1,1,1,1,1
511,43,1,1,1,1,1
511,42,1,1,1,1,1
511,41,1,1,1,1,1
511,40,1,1,1,1,1
511,39,1,0,0,0,1
511,38,1,0,0,0,1
511,37,1,0,0,0,1
511,36,1,0,0,0,1
511,35,1,0,0,0,1
511,34,1,0,0,0,1
511,33,1,0,0,0,1
511,32,1,0,0,0,1
511,31,1,1,1,1,1
511,30,1,1,1,1,1
511,29,1,1,1,1,1
511,28,1,1,1,1,1
511,27,1,1,1,1,1
511,26,1,1,1,1,1
511,25,1,1,1,1,1
511,24,1,1,1,1,1
511,23,1,1,1,1,1
511,22,1,1,1,1,1
511,21,1,1,1,1,1
511,20,1,1,1,1,1
511,19,1,1,1,1,1
511,18,1,1,1,1,1
511,17,1,1,1,1,1
511,16,1,1,1,1,1
511,15,1,0,0,0,1
511,14,1,0,0,0,1
511,13,1,0,0,0,1
511,12,1,0,0,0,1
511,11,1,0,0,0,1
511,10,1,0,0,0,1
511,9,1,0,0,0,1
511,8,1,0,0,0,1
511,7,1,0,0,0,1
511,6,1,0,0,0,1
511,5,1,0,0,0,1
511,4,1,0,0,0,1
511,3,1,0,0,0,1
511,2,1,0,0,0,1
511,1,1,0,0,0,1
511,0,1,0,0,0,1
