source_mask,target_mask,edit_distance,source_unsat,target_unsat,fragments,accepted,entailed,false_accepts,conservative_rejections,stale_unsat_false_accept,reused_unsat
0,0,0,0,0,0,0,0,0,0,0,0
0,1,1,0,0,0,0,0,0,0,0,0
0,2,1,0,0,0,0,0,0,0,0,0
0,4,1,0,0,0,0,0,0,0,0,0
0,8,1,0,0,0,0,0,0,0,0,0
0,16,1,0,1,0,0,0,0,0,0,0
0,32,1,0,0,0,0,0,0,0,0,0
0,64,1,0,0,0,0,0,0,0,0,0
0,128,1,0,0,0,0,0,0,0,0,0
0,256,1,0,0,0,0,0,0,0,0,0
0,3,2,0,0,0,0,0,0,0,0,0
0,5,2,0,0,0,0,0,0,0,0,0
0,9,2,0,0,0,0,0,0,0,0,0
0,17,2,0,1,0,0,0,0,0,0,0
0,33,2,0,0,0,0,0,0,0,0,0
0,65,2,0,0,0,0,0,0,0,0,0
0,129,2,0,0,0,0,0,0,0,0,0
0,257,2,0,0,0,0,0,0,0,0,0
0,6,2,0,0,0,0,0,0,0,0,0
0,10,2,0,0,0,0,0,0,0,0,0
0,18,2,0,1,0,0,0,0,0,0,0
0,34,2,0,0,0,0,0,0,0,0,0
0,66,2,0,0,0,0,0,0,0,0,0
0,130,2,0,1,0,0,0,0,0,0,0
0,258,2,0,0,0,0,0,0,0,0,0
0,12,2,0,0,0,0,0,0,0,0,0
0,20,2,0,1,0,0,0,0,0,0,0
0,36,2,0,0,0,0,0,0,0,0,0
0,68,2,0,0,0,0,0,0,0,0,0
0,132,2,0,0,0,0,0,0,0,0,0
0,260,2,0,0,0,0,0,0,0,0,0
0,24,2,0,1,0,0,0,0,0,0,0
0,40,2,0,1,0,0,0,0,0,0,0
0,72,2,0,0,0,0,0,0,0,0,0
0,136,2,0,0,0,0,0,0,0,0,0
0,264,2,0,0,0,0,0,0,0,0,0
0,48,2,0,1,0,0,0,0,0,0,0
0,80,2,0,1,0,0,0,0,0,0,0
0,144,2,0,1,0,0,0,0,0,0,0
0,272,2,0,1,0,0,0,0,0,0,0
0,96,2,0,0,0,0,0,0,0,0,0
0,160,2,0,0,0,0,0,0,0,0,0
0,288,2,0,0,0,0,0,0,0,0,0
0,192,2,0,0,0,0,0,0,0,0,0
0,320,2,0,0,0,0,0,0,0,0,0
0,384,2,0,0,0,0,0,0,0,0,0
1,1,0,0,0,0,0,0,0,0,0,0
1,0,1,0,0,0,0,0,0,0,0,0
1,3,1,0,0,0,0,0,0,0,0,0
1,5,1,0,0,0,0,0,0,0,0,0
1,9,1,0,0,0,0,0,0,0,0,0
1,17,1,0,1,0,0,0,0,0,0,0
1,33,1,0,0,0,0,0,0,0,0,0
1,65,1,0,0,0,0,0,0,0,0,0
1,129,1,0,0,0,0,0,0,0,0,0
1,257,1,0,0,0,0,0,0,0,0,0
1,2,2,0,0,0,0,0,0,0,0,0
1,4,2,0,0,0,0,0,0,0,0,0
1,8,2,0,0,0,0,0,0,0,0,0
1,16,2,0,1,0,0,0,0,0,0,0
1,32,2,0,0,0,0,0,0,0,0,0
1,64,2,0,0,0,0,0,0,0,0,0
1,128,2,0,0,0,0,0,0,0,0,0
1,256,2,0,0,0,0,0,0,0,0,0
1,7,2,0,0,0,0,0,0,0,0,0
1,11,2,0,0,0,0,0,0,0,0,0
1,19,2,0,1,0,0,0,0,0,0,0
1,35,2,0,0,0,0,0,0,0,0,0
1,67,2,0,0,0,0,0,0,0,0,0
1,131,2,0,1,0,0,0,0,0,0,0
1,259,2,0,0,0,0,0,0,0,0,0
1,13,2,0,0,0,0,0,0,0,0,0
1,21,2,0,1,0,0,0,0,0,0,0
1,37,2,0,0,0,0,0,0,0,0,0
1,69,2,0,0,0,0,0,0,0,0,0
1,133,2,0,1,0,0,0,0,0,0,0
1,261,2,0,0,0,0,0,0,0,0,0
1,25,2,0,1,0,0,0,0,0,0,0
1,41,2,0,1,0,0,0,0,0,0,0
1,73,2,0,0,0,0,0,0,0,0,0
1,137,2,0,0,0,0,0,0,0,0,0
1,265,2,0,0,0,0,0,0,0,0,0
1,49,2,0,1,0,0,0,0,0,0,0
1,81,2,0,1,0,0,0,0,0,0,0
1,145,2,0,1,0,0,0,0,0,0,0
1,273,2,0,1,0,0,0,0,0,0,0
1,97,2,0,1,0,0,0,0,0,0,0
1,161,2,0,1,0,0,0,0,0,0,0
1,289,2,0,0,0,0,0,0,0,0,0
1,193,2,0,0,0,0,0,0,0,0,0
1,321,2,0,0,0,0,0,0,0,0,0
1,385,2,0,0,0,0,0,0,0,0,0
2,2,0,0,0,0,0,0,0,0,0,0
2,3,1,0,0,0,0,0,0,0,0,0
2,0,1,0,0,0,0,0,0,0,0,0
2,6,1,0,0,0,0,0,0,0,0,0
2,10,1,0,0,0,0,0,0,0,0,0
2,18,1,0,1,0,0,0,0,0,0,0
2,34,1,0,0,0,0,0,0,0,0,0
2,66,1,0,0,0,0,0,0,0,0,0
2,130,1,0,1,0,0,0,0,0,0,0
2,258,1,0,0,0,0,0,0,0,0,0
2,1,2,0,0,0,0,0,0,0,0,0
2,7,2,0,0,0,0,0,0,0,0,0
2,11,2,0,0,0,0,0,0,0,0,0
2,19,2,0,1,0,0,0,0,0,0,0
2,35,2,0,0,0,0,0,0,0,0,0
2,67,2,0,0,0,0,0,0,0,0,0
2,131,2,0,1,0,0,0,0,0,0,0
2,259,2,0,0,0,0,0,0,0,0,0
2,4,2,0,0,0,0,0,0,0,0,0
2,8,2,0,0,0,0,0,0,0,0,0
2,16,2,0,1,0,0,0,0,0,0,0
2,32,2,0,0,0,0,0,0,0,0,0
2,64,2,0,0,0,0,0,0,0,0,0
2,128,2,0,0,0,0,0,0,0,0,0
2,256,2,0,0,0,0,0,0,0,0,0
2,14,2,0,0,0,0,0,0,0,0,0
2,22,2,0,1,0,0,0,0,0,0,0
2,38,2,0,0,0,0,0,0,0,0,0
2,70,2,0,0,0,0,0,0,0,0,0
2,134,2,0,1,0,0,0,0,0,0,0
2,262,2,0,0,0,0,0,0,0,0,0
2,26,2,0,1,0,0,0,0,0,0,0
2,42,2,0,1,0,0,0,0,0,0,0
2,74,2,0,0,0,0,0,0,0,0,0
2,138,2,0,1,0,0,0,0,0,0,0
2,266,2,0,1,0,0,0,0,0,0,0
2,50,2,0,1,0,0,0,0,0,0,0
2,82,2,0,1,0,0,0,0,0,0,0
2,146,2,0,1,0,0,0,0,0,0,0
2,274,2,0,1,0,0,0,0,0,0,0
2,98,2,0,1,0,0,0,0,0,0,0
2,162,2,0,1,0,0,0,0,0,0,0
2,290,2,0,0,0,0,0,0,0,0,0
2,194,2,0,1,0,0,0,0,0,0,0
2,322,2,0,1,0,0,0,0,0,0,0
2,386,2,0,1,0,0,0,0,0,0,0
3,3,0,0,0,0,0,0,0,0,0,0
3,2,1,0,0,0,0,0,0,0,0,0
3,1,1,0,0,0,0,0,0,0,0,0
3,7,1,0,0,0,0,0,0,0,0,0
3,11,1,0,0,0,0,0,0,0,0,0
3,19,1,0,1,0,0,0,0,0,0,0
3,35,1,0,0,0,0,0,0,0,0,0
3,67,1,0,0,0,0,0,0,0,0,0
3,131,1,0,1,0,0,0,0,0,0,0
3,259,1,0,0,0,0,0,0,0,0,0
3,0,2,0,0,0,0,0,0,0,0,0
3,6,2,0,0,0,0,0,0,0,0,0
3,10,2,0,0,0,0,0,0,0,0,0
3,18,2,0,1,0,0,0,0,0,0,0
3,34,2,0,0,0,0,0,0,0,0,0
3,66,2,0,0,0,0,0,0,0,0,0
3,130,2,0,1,0,0,0,0,0,0,0
3,258,2,0,0,0,0,0,0,0,0,0
3,5,2,0,0,0,0,0,0,0,0,0
3,9,2,0,0,0,0,0,0,0,0,0
3,17,2,0,1,0,0,0,0,0,0,0
3,33,2,0,0,0,0,0,0,0,0,0
3,65,2,0,0,0,0,0,0,0,0,0
3,129,2,0,0,0,0,0,0,0,0,0
3,257,2,0,0,0,0,0,0,0,0,0
3,15,2,0,0,0,0,0,0,0,0,0
3,23,2,0,1,0,0,0,0,0,0,0
3,39,2,0,0,0,0,0,0,0,0,0
3,71,2,0,0,0,0,0,0,0,0,0
3,135,2,0,1,0,0,0,0,0,0,0
3,263,2,0,0,0,0,0,0,0,0,0
3,27,2,0,1,0,0,0,0,0,0,0
3,43,2,0,1,0,0,0,0,0,0,0
3,75,2,0,0,0,0,0,0,0,0,0
3,139,2,0,1,0,0,0,0,0,0,0
3,267,2,0,1,0,0,0,0,0,0,0
3,51,2,0,1,0,0,0,0,0,0,0
3,83,2,0,1,0,0,0,0,0,0,0
3,147,2,0,1,0,0,0,0,0,0,0
3,275,2,0,1,0,0,0,0,0,0,0
3,99,2,0,1,0,0,0,0,0,0,0
3,163,2,0,1,0,0,0,0,0,0,0
3,291,2,0,0,0,0,0,0,0,0,0
3,195,2,0,1,0,0,0,0,0,0,0
3,323,2,0,1,0,0,0,0,0,0,0
3,387,2,0,1,0,0,0,0,0,0,0
4,4,0,0,0,0,0,0,0,0,0,0
4,5,1,0,0,0,0,0,0,0,0,0
4,6,1,0,0,0,0,0,0,0,0,0
4,0,1,0,0,0,0,0,0,0,0,0
4,12,1,0,0,0,0,0,0,0,0,0
4,20,1,0,1,0,0,0,0,0,0,0
4,36,1,0,0,0,0,0,0,0,0,0
4,68,1,0,0,0,0,0,0,0,0,0
4,132,1,0,0,0,0,0,0,0,0,0
4,260,1,0,0,0,0,0,0,0,0,0
4,7,2,0,0,0,0,0,0,0,0,0
4,1,2,0,0,0,0,0,0,0,0,0
4,13,2,0,0,0,0,0,0,0,0,0
4,21,2,0,1,0,0,0,0,0,0,0
4,37,2,0,0,0,0,0,0,0,0,0
4,69,2,0,0,0,0,0,0,0,0,0
4,133,2,0,1,0,0,0,0,0,0,0
4,261,2,0,0,0,0,0,0,0,0,0
4,2,2,0,0,0,0,0,0,0,0,0
4,14,2,0,0,0,0,0,0,0,0,0
4,22,2,0,1,0,0,0,0,0,0,0
4,38,2,0,0,0,0,0,0,0,0,0
4,70,2,0,0,0,0,0,0,0,0,0
4,134,2,0,1,0,0,0,0,0,0,0
4,262,2,0,0,0,0,0,0,0,0,0
4,8,2,0,0,0,0,0,0,0,0,0
4,16,2,0,1,0,0,0,0,0,0,0
4,32,2,0,0,0,0,0,0,0,0,0
4,64,2,0,0,0,0,0,0,0,0,0
4,128,2,0,0,0,0,0,0,0,0,0
4,256,2,0,0,0,0,0,0,0,0,0
4,28,2,0,1,0,0,0,0,0,0,0
4,44,2,0,1,0,0,0,0,0,0,0
4,76,2,0,0,0,0,0,0,0,0,0
4,140,2,0,1,0,0,0,0,0,0,0
4,268,2,0,1,0,0,0,0,0,0,0
4,52,2,0,1,0,0,0,0,0,0,0
4,84,2,0,1,0,0,0,0,0,0,0
4,148,2,0,1,0,0,0,0,0,0,0
4,276,2,0,1,0,0,0,0,0,0,0
4,100,2,0,0,0,0,0,0,0,0,0
4,164,2,0,0,0,0,0,0,0,0,0
4,292,2,0,0,0,0,0,0,0,0,0
4,196,2,0,0,0,0,0,0,0,0,0
4,324,2,0,0,0,0,0,0,0,0,0
4,388,2,0,0,0,0,0,0,0,0,0
5,5,0,0,0,1,1,1,0,0,0,0
5,4,1,0,0,1,0,0,0,0,0,0
5,7,1,0,0,1,1,1,0,0,0,0
5,1,1,0,0,1,0,0,0,0,0,0
5,13,1,0,0,1,1,1,0,0,0,0
5,21,1,0,1,1,1,1,0,0,0,0
5,37,1,0,0,1,1,1,0,0,0,0
5,69,1,0,0,1,1,1,0,0,0,0
5,133,1,0,1,1,1,1,0,0,0,0
5,261,1,0,0,1,1,1,0,0,0,0
5,6,2,0,0,1,0,1,0,1,0,0
5,0,2,0,0,1,0,0,0,0,0,0
5,12,2,0,0,1,0,1,0,1,0,0
5,20,2,0,1,1,0,1,0,1,0,0
5,36,2,0,0,1,0,0,0,0,0,0
5,68,2,0,0,1,0,0,0,0,0,0
5,132,2,0,0,1,0,0,0,0,0,0
5,260,2,0,0,1,0,0,0,0,0,0
5,3,2,0,0,1,0,1,0,1,0,0
5,15,2,0,0,1,1,1,0,0,0,0
5,23,2,0,1,1,1,1,0,0,0,0
5,39,2,0,0,1,1,1,0,0,0,0
5,71,2,0,0,1,1,1,0,0,0,0
5,135,2,0,1,1,1,1,0,0,0,0
5,263,2,0,0,1,1,1,0,0,0,0
5,9,2,0,0,1,0,0,0,0,0,0
5,17,2,0,1,1,0,1,0,1,0,0
5,33,2,0,0,1,0,1,0,1,0,0
5,65,2,0,0,1,0,0,0,0,0,0
5,129,2,0,0,1,0,0,0,0,0,0
5,257,2,0,0,1,0,0,0,0,0,0
5,29,2,0,1,1,1,1,0,0,0,0
5,45,2,0,1,1,1,1,0,0,0,0
5,77,2,0,0,1,1,1,0,0,0,0
5,141,2,0,1,1,1,1,0,0,0,0
5,269,2,0,1,1,1,1,0,0,0,0
5,53,2,0,1,1,1,1,0,0,0,0
5,85,2,0,1,1,1,1,0,0,0,0
5,149,2,0,1,1,1,1,0,0,0,0
5,277,2,0,1,1,1,1,0,0,0,0
5,101,2,0,1,1,1,1,0,0,0,0
5,165,2,0,1,1,1,1,0,0,0,0
5,293,2,0,0,1,1,1,0,0,0,0
5,197,2,0,1,1,1,1,0,0,0,0
5,325,2,0,1,1,1,1,0,0,0,0
5,389,2,0,1,1,1,1,0,0,0,0
6,6,0,0,0,0,0,0,0,0,0,0
6,7,1,0,0,0,0,0,0,0,0,0
6,4,1,0,0,0,0,0,0,0,0,0
6,2,1,0,0,0,0,0,0,0,0,0
6,14,1,0,0,0,0,0,0,0,0,0
6,22,1,0,1,0,0,0,0,0,0,0
6,38,1,0,0,0,0,0,0,0,0,0
6,70,1,0,0,0,0,0,0,0,0,0
6,134,1,0,1,0,0,0,0,0,0,0
6,262,1,0,0,0,0,0,0,0,0,0
6,5,2,0,0,0,0,0,0,0,0,0
6,3,2,0,0,0,0,0,0,0,0,0
6,15,2,0,0,0,0,0,0,0,0,0
6,23,2,0,1,0,0,0,0,0,0,0
6,39,2,0,0,0,0,0,0,0,0,0
6,71,2,0,0,0,0,0,0,0,0,0
6,135,2,0,1,0,0,0,0,0,0,0
6,263,2,0,0,0,0,0,0,0,0,0
6,0,2,0,0,0,0,0,0,0,0,0
6,12,2,0,0,0,0,0,0,0,0,0
6,20,2,0,1,0,0,0,0,0,0,0
6,36,2,0,0,0,0,0,0,0,0,0
6,68,2,0,0,0,0,0,0,0,0,0
6,132,2,0,0,0,0,0,0,0,0,0
6,260,2,0,0,0,0,0,0,0,0,0
6,10,2,0,0,0,0,0,0,0,0,0
6,18,2,0,1,0,0,0,0,0,0,0
6,34,2,0,0,0,0,0,0,0,0,0
6,66,2,0,0,0,0,0,0,0,0,0
6,130,2,0,1,0,0,0,0,0,0,0
6,258,2,0,0,0,0,0,0,0,0,0
6,30,2,0,1,0,0,0,0,0,0,0
6,46,2,0,1,0,0,0,0,0,0,0
6,78,2,0,0,0,0,0,0,0,0,0
6,142,2,0,1,0,0,0,0,0,0,0
6,270,2,0,1,0,0,0,0,0,0,0
6,54,2,0,1,0,0,0,0,0,0,0
6,86,2,0,1,0,0,0,0,0,0,0
6,150,2,0,1,0,0,0,0,0,0,0
6,278,2,0,1,0,0,0,0,0,0,0
6,102,2,0,1,0,0,0,0,0,0,0
6,166,2,0,1,0,0,0,0,0,0,0
6,294,2,0,0,0,0,0,0,0,0,0
6,198,2,0,1,0,0,0,0,0,0,0
6,326,2,0,1,0,0,0,0,0,0,0
6,390,2,0,1,0,0,0,0,0,0,0
7,7,0,0,0,0,0,0,0,0,0,0
7,6,1,0,0,0,0,0,0,0,0,0
7,5,1,0,0,0,0,0,0,0,0,0
7,3,1,0,0,0,0,0,0,0,0,0
7,15,1,0,0,0,0,0,0,0,0,0
7,23,1,0,1,0,0,0,0,0,0,0
7,39,1,0,0,0,0,0,0,0,0,0
7,71,1,0,0,0,0,0,0,0,0,0
7,135,1,0,1,0,0,0,0,0,0,0
7,263,1,0,0,0,0,0,0,0,0,0
7,4,2,0,0,0,0,0,0,0,0,0
7,2,2,0,0,0,0,0,0,0,0,0
7,14,2,0,0,0,0,0,0,0,0,0
7,22,2,0,1,0,0,0,0,0,0,0
7,38,2,0,0,0,0,0,0,0,0,0
7,70,2,0,0,0,0,0,0,0,0,0
7,134,2,0,1,0,0,0,0,0,0,0
7,262,2,0,0,0,0,0,0,0,0,0
7,1,2,0,0,0,0,0,0,0,0,0
7,13,2,0,0,0,0,0,0,0,0,0
7,21,2,0,1,0,0,0,0,0,0,0
7,37,2,0,0,0,0,0,0,0,0,0
7,69,2,0,0,0,0,0,0,0,0,0
7,133,2,0,1,0,0,0,0,0,0,0
7,261,2,0,0,0,0,0,0,0,0,0
7,11,2,0,0,0,0,0,0,0,0,0
7,19,2,0,1,0,0,0,0,0,0,0
7,35,2,0,0,0,0,0,0,0,0,0
7,67,2,0,0,0,0,0,0,0,0,0
7,131,2,0,1,0,0,0,0,0,0,0
7,259,2,0,0,0,0,0,0,0,0,0
7,31,2,0,1,0,0,0,0,0,0,0
7,47,2,0,1,0,0,0,0,0,0,0
7,79,2,0,0,0,0,0,0,0,0,0
7,143,2,0,1,0,0,0,0,0,0,0
7,271,2,0,1,0,0,0,0,0,0,0
7,55,2,0,1,0,0,0,0,0,0,0
7,87,2,0,1,0,0,0,0,0,0,0
7,151,2,0,1,0,0,0,0,0,0,0
7,279,2,0,1,0,0,0,0,0,0,0
7,103,2,0,1,0,0,0,0,0,0,0
7,167,2,0,1,0,0,0,0,0,0,0
7,295,2,0,0,0,0,0,0,0,0,0
7,199,2,0,1,0,0,0,0,0,0,0
7,327,2,0,1,0,0,0,0,0,0,0
7,391,2,0,1,0,0,0,0,0,0,0
8,8,0,0,0,0,0,0,0,0,0,0
8,9,1,0,0,0,0,0,0,0,0,0
8,10,1,0,0,0,0,0,0,0,0,0
8,12,1,0,0,0,0,0,0,0,0,0
8,0,1,0,0,0,0,0,0,0,0,0
8,24,1,0,1,0,0,0,0,0,0,0
8,40,1,0,1,0,0,0,0,0,0,0
8,72,1,0,0,0,0,0,0,0,0,0
8,136,1,0,0,0,0,0,0,0,0,0
8,264,1,0,0,0,0,0,0,0,0,0
8,11,2,0,0,0,0,0,0,0,0,0
8,13,2,0,0,0,0,0,0,0,0,0
8,1,2,0,0,0,0,0,0,0,0,0
8,25,2,0,1,0,0,0,0,0,0,0
8,41,2,0,1,0,0,0,0,0,0,0
8,73,2,0,0,0,0,0,0,0,0,0
8,137,2,0,0,0,0,0,0,0,0,0
8,265,2,0,0,0,0,0,0,0,0,0
8,14,2,0,0,0,0,0,0,0,0,0
8,2,2,0,0,0,0,0,0,0,0,0
8,26,2,0,1,0,0,0,0,0,0,0
8,42,2,0,1,0,0,0,0,0,0,0
8,74,2,0,0,0,0,0,0,0,0,0
8,138,2,0,1,0,0,0,0,0,0,0
8,266,2,0,1,0,0,0,0,0,0,0
8,4,2,0,0,0,0,0,0,0,0,0
8,28,2,0,1,0,0,0,0,0,0,0
8,44,2,0,1,0,0,0,0,0,0,0
8,76,2,0,0,0,0,0,0,0,0,0
8,140,2,0,1,0,0,0,0,0,0,0
8,268,2,0,1,0,0,0,0,0,0,0
8,16,2,0,1,0,0,0,0,0,0,0
8,32,2,0,0,0,0,0,0,0,0,0
8,64,2,0,0,0,0,0,0,0,0,0
8,128,2,0,0,0,0,0,0,0,0,0
8,256,2,0,0,0,0,0,0,0,0,0
8,56,2,0,1,0,0,0,0,0,0,0
8,88,2,0,1,0,0,0,0,0,0,0
8,152,2,0,1,0,0,0,0,0,0,0
8,280,2,0,1,0,0,0,0,0,0,0
8,104,2,0,1,0,0,0,0,0,0,0
8,168,2,0,1,0,0,0,0,0,0,0
8,296,2,0,1,0,0,0,0,0,0,0
8,200,2,0,0,0,0,0,0,0,0,0
8,328,2,0,0,0,0,0,0,0,0,0
8,392,2,0,0,0,0,0,0,0,0,0
9,9,0,0,0,0,0,0,0,0,0,0
9,8,1,0,0,0,0,0,0,0,0,0
9,11,1,0,0,0,0,0,0,0,0,0
9,13,1,0,0,0,0,0,0,0,0,0
9,1,1,0,0,0,0,0,0,0,0,0
9,25,1,0,1,0,0,0,0,0,0,0
9,41,1,0,1,0,0,0,0,0,0,0
9,73,1,0,0,0,0,0,0,0,0,0
9,137,1,0,0,0,0,0,0,0,0,0
9,265,1,0,0,0,0,0,0,0,0,0
9,10,2,0,0,0,0,0,0,0,0,0
9,12,2,0,0,0,0,0,0,0,0,0
9,0,2,0,0,0,0,0,0,0,0,0
9,24,2,0,1,0,0,0,0,0,0,0
9,40,2,0,1,0,0,0,0,0,0,0
9,72,2,0,0,0,0,0,0,0,0,0
9,136,2,0,0,0,0,0,0,0,0,0
9,264,2,0,0,0,0,0,0,0,0,0
9,15,2,0,0,0,0,0,0,0,0,0
9,3,2,0,0,0,0,0,0,0,0,0
9,27,2,0,1,0,0,0,0,0,0,0
9,43,2,0,1,0,0,0,0,0,0,0
9,75,2,0,0,0,0,0,0,0,0,0
9,139,2,0,1,0,0,0,0,0,0,0
9,267,2,0,1,0,0,0,0,0,0,0
9,5,2,0,0,0,0,0,0,0,0,0
9,29,2,0,1,0,0,0,0,0,0,0
9,45,2,0,1,0,0,0,0,0,0,0
9,77,2,0,0,0,0,0,0,0,0,0
9,141,2,0,1,0,0,0,0,0,0,0
9,269,2,0,1,0,0,0,0,0,0,0
9,17,2,0,1,0,0,0,0,0,0,0
9,33,2,0,0,0,0,0,0,0,0,0
9,65,2,0,0,0,0,0,0,0,0,0
9,129,2,0,0,0,0,0,0,0,0,0
9,257,2,0,0,0,0,0,0,0,0,0
9,57,2,0,1,0,0,0,0,0,0,0
9,89,2,0,1,0,0,0,0,0,0,0
9,153,2,0,1,0,0,0,0,0,0,0
9,281,2,0,1,0,0,0,0,0,0,0
9,105,2,0,1,0,0,0,0,0,0,0
9,169,2,0,1,0,0,0,0,0,0,0
9,297,2,0,1,0,0,0,0,0,0,0
9,201,2,0,0,0,0,0,0,0,0,0
9,329,2,0,0,0,0,0,0,0,0,0
9,393,2,0,0,0,0,0,0,0,0,0
10,10,0,0,0,0,0,0,0,0,0,0
10,11,1,0,0,0,0,0,0,0,0,0
10,8,1,0,0,0,0,0,0,0,0,0
10,14,1,0,0,0,0,0,0,0,0,0
10,2,1,0,0,0,0,0,0,0,0,0
10,26,1,0,1,0,0,0,0,0,0,0
10,42,1,0,1,0,0,0,0,0,0,0
10,74,1,0,0,0,0,0,0,0,0,0
10,138,1,0,1,0,0,0,0,0,0,0
10,266,1,0,1,0,0,0,0,0,0,0
10,9,2,0,0,0,0,0,0,0,0,0
10,15,2,0,0,0,0,0,0,0,0,0
10,3,2,0,0,0,0,0,0,0,0,0
10,27,2,0,1,0,0,0,0,0,0,0
10,43,2,0,1,0,0,0,0,0,0,0
10,75,2,0,0,0,0,0,0,0,0,0
10,139,2,0,1,0,0,0,0,0,0,0
10,267,2,0,1,0,0,0,0,0,0,0
10,12,2,0,0,0,0,0,0,0,0,0
10,0,2,0,0,0,0,0,0,0,0,0
10,24,2,0,1,0,0,0,0,0,0,0
10,40,2,0,1,0,0,0,0,0,0,0
10,72,2,0,0,0,0,0,0,0,0,0
10,136,2,0,0,0,0,0,0,0,0,0
10,264,2,0,0,0,0,0,0,0,0,0
10,6,2,0,0,0,0,0,0,0,0,0
10,30,2,0,1,0,0,0,0,0,0,0
10,46,2,0,1,0,0,0,0,0,0,0
10,78,2,0,0,0,0,0,0,0,0,0
10,142,2,0,1,0,0,0,0,0,0,0
10,270,2,0,1,0,0,0,0,0,0,0
10,18,2,0,1,0,0,0,0,0,0,0
10,34,2,0,0,0,0,0,0,0,0,0
10,66,2,0,0,0,0,0,0,0,0,0
10,130,2,0,1,0,0,0,0,0,0,0
10,258,2,0,0,0,0,0,0,0,0,0
10,58,2,0,1,0,0,0,0,0,0,0
10,90,2,0,1,0,0,0,0,0,0,0
10,154,2,0,1,0,0,0,0,0,0,0
10,282,2,0,1,0,0,0,0,0,0,0
10,106,2,0,1,0,0,0,0,0,0,0
10,170,2,0,1,0,0,0,0,0,0,0
10,298,2,0,1,0,0,0,0,0,0,0
10,202,2,0,1,0,0,0,0,0,0,0
10,330,2,0,1,0,0,0,0,0,0,0
10,394,2,0,1,0,0,0,0,0,0,0
11,11,0,0,0,0,0,0,0,0,0,0
11,10,1,0,0,0,0,0,0,0,0,0
11,9,1,0,0,0,0,0,0,0,0,0
11,15,1,0,0,0,0,0,0,0,0,0
11,3,1,0,0,0,0,0,0,0,0,0
11,27,1,0,1,0,0,0,0,0,0,0
11,43,1,0,1,0,0,0,0,0,0,0
11,75,1,0,0,0,0,0,0,0,0,0
11,139,1,0,1,0,0,0,0,0,0,0
11,267,1,0,1,0,0,0,0,0,0,0
11,8,2,0,0,0,0,0,0,0,0,0
11,14,2,0,0,0,0,0,0,0,0,0
11,2,2,0,0,0,0,0,0,0,0,0
11,26,2,0,1,0,0,0,0,0,0,0
11,42,2,0,1,0,0,0,0,0,0,0
11,74,2,0,0,0,0,0,0,0,0,0
11,138,2,0,1,0,0,0,0,0,0,0
11,266,2,0,1,0,0,0,0,0,0,0
11,13,2,0,0,0,0,0,0,0,0,0
11,1,2,0,0,0,0,0,0,0,0,0
11,25,2,0,1,0,0,0,0,0,0,0
11,41,2,0,1,0,0,0,0,0,0,0
11,73,2,0,0,0,0,0,0,0,0,0
11,137,2,0,0,0,0,0,0,0,0,0
11,265,2,0,0,0,0,0,0,0,0,0
11,7,2,0,0,0,0,0,0,0,0,0
11,31,2,0,1,0,0,0,0,0,0,0
11,47,2,0,1,0,0,0,0,0,0,0
11,79,2,0,0,0,0,0,0,0,0,0
11,143,2,0,1,0,0,0,0,0,0,0
11,271,2,0,1,0,0,0,0,0,0,0
11,19,2,0,1,0,0,0,0,0,0,0
11,35,2,0,0,0,0,0,0,0,0,0
11,67,2,0,0,0,0,0,0,0,0,0
11,131,2,0,1,0,0,0,0,0,0,0
11,259,2,0,0,0,0,0,0,0,0,0
11,59,2,0,1,0,0,0,0,0,0,0
11,91,2,0,1,0,0,0,0,0,0,0
11,155,2,0,1,0,0,0,0,0,0,0
11,283,2,0,1,0,0,0,0,0,0,0
11,107,2,0,1,0,0,0,0,0,0,0
11,171,2,0,1,0,0,0,0,0,0,0
11,299,2,0,1,0,0,0,0,0,0,0
11,203,2,0,1,0,0,0,0,0,0,0
11,331,2,0,1,0,0,0,0,0,0,0
11,395,2,0,1,0,0,0,0,0,0,0
12,12,0,0,0,1,1,1,0,0,0,0
12,13,1,0,0,1,1,1,0,0,0,0
12,14,1,0,0,1,1,1,0,0,0,0
12,8,1,0,0,1,0,0,0,0,0,0
12,4,1,0,0,1,0,0,0,0,0,0
12,28,1,0,1,1,1,1,0,0,0,0
12,44,1,0,1,1,1,1,0,0,0,0
12,76,1,0,0,1,1,1,0,0,0,0
12,140,1,0,1,1,1,1,0,0,0,0
12,268,1,0,1,1,1,1,0,0,0,0
12,15,2,0,0,1,1,1,0,0,0,0
12,9,2,0,0,1,0,0,0,0,0,0
12,5,2,0,0,1,0,1,0,1,0,0
12,29,2,0,1,1,1,1,0,0,0,0
12,45,2,0,1,1,1,1,0,0,0,0
12,77,2,0,0,1,1,1,0,0,0,0
12,141,2,0,1,1,1,1,0,0,0,0
12,269,2,0,1,1,1,1,0,0,0,0
12,10,2,0,0,1,0,1,0,1,0,0
12,6,2,0,0,1,0,1,0,1,0,0
12,30,2,0,1,1,1,1,0,0,0,0
12,46,2,0,1,1,1,1,0,0,0,0
12,78,2,0,0,1,1,1,0,0,0,0
12,142,2,0,1,1,1,1,0,0,0,0
12,270,2,0,1,1,1,1,0,0,0,0
12,0,2,0,0,1,0,0,0,0,0,0
12,24,2,0,1,1,0,1,0,1,0,0
12,40,2,0,1,1,0,1,0,1,0,0
12,72,2,0,0,1,0,0,0,0,0,0
12,136,2,0,0,1,0,0,0,0,0,0
12,264,2,0,0,1,0,0,0,0,0,0
12,20,2,0,1,1,0,1,0,1,0,0
12,36,2,0,0,1,0,0,0,0,0,0
12,68,2,0,0,1,0,0,0,0,0,0
12,132,2,0,0,1,0,0,0,0,0,0
12,260,2,0,0,1,0,0,0,0,0,0
12,60,2,0,1,1,1,1,0,0,0,0
12,92,2,0,1,1,1,1,0,0,0,0
12,156,2,0,1,1,1,1,0,0,0,0
12,284,2,0,1,1,1,1,0,0,0,0
12,108,2,0,1,1,1,1,0,0,0,0
12,172,2,0,1,1,1,1,0,0,0,0
12,300,2,0,1,1,1,1,0,0,0,0
12,204,2,0,1,1,1,1,0,0,0,0
12,332,2,0,1,1,1,1,0,0,0,0
12,396,2,0,1,1,1,1,0,0,0,0
13,13,0,0,0,1,1,1,0,0,0,0
13,12,1,0,0,1,0,1,0,1,0,0
13,15,1,0,0,1,1,1,0,0,0,0
13,9,1,0,0,1,0,0,0,0,0,0
13,5,1,0,0,1,1,1,0,0,0,0
13,29,1,0,1,1,1,1,0,0,0,0
13,45,1,0,1,1,1,1,0,0,0,0
13,77,1,0,0,1,1,1,0,0,0,0
13,141,1,0,1,1,1,1,0,0,0,0
13,269,1,0,1,1,1,1,0,0,0,0
13,14,2,0,0,1,0,1,0,1,0,0
13,8,2,0,0,1,0,0,0,0,0,0
13,4,2,0,0,1,0,0,0,0,0,0
13,28,2,0,1,1,0,1,0,1,0,0
13,44,2,0,1,1,0,1,0,1,0,0
13,76,2,0,0,1,0,1,0,1,0,0
13,140,2,0,1,1,0,1,0,1,0,0
13,268,2,0,1,1,0,1,0,1,0,0
13,11,2,0,0,1,0,1,0,1,0,0
13,7,2,0,0,1,1,1,0,0,0,0
13,31,2,0,1,1,1,1,0,0,0,0
13,47,2,0,1,1,1,1,0,0,0,0
13,79,2,0,0,1,1,1,0,0,0,0
13,143,2,0,1,1,1,1,0,0,0,0
13,271,2,0,1,1,1,1,0,0,0,0
13,1,2,0,0,1,0,0,0,0,0,0
13,25,2,0,1,1,0,1,0,1,0,0
13,41,2,0,1,1,0,1,0,1,0,0
13,73,2,0,0,1,0,0,0,0,0,0
13,137,2,0,0,1,0,0,0,0,0,0
13,265,2,0,0,1,0,0,0,0,0,0
13,21,2,0,1,1,1,1,0,0,0,0
13,37,2,0,0,1,1,1,0,0,0,0
13,69,2,0,0,1,1,1,0,0,0,0
13,133,2,0,1,1,1,1,0,0,0,0
13,261,2,0,0,1,1,1,0,0,0,0
13,61,2,0,1,1,1,1,0,0,0,0
13,93,2,0,1,1,1,1,0,0,0,0
13,157,2,0,1,1,1,1,0,0,0,0
13,285,2,0,1,1,1,1,0,0,0,0
13,109,2,0,1,1,1,1,0,0,0,0
13,173,2,0,1,1,1,1,0,0,0,0
13,301,2,0,1,1,1,1,0,0,0,0
13,205,2,0,1,1,1,1,0,0,0,0
13,333,2,0,1,1,1,1,0,0,0,0
13,397,2,0,1,1,1,1,0,0,0,0
14,14,0,0,0,0,0,0,0,0,0,0
14,15,1,0,0,0,0,0,0,0,0,0
14,12,1,0,0,0,0,0,0,0,0,0
14,10,1,0,0,0,0,0,0,0,0,0
14,6,1,0,0,0,0,0,0,0,0,0
14,30,1,0,1,0,0,0,0,0,0,0
14,46,1,0,1,0,0,0,0,0,0,0
14,78,1,0,0,0,0,0,0,0,0,0
14,142,1,0,1,0,0,0,0,0,0,0
14,270,1,0,1,0,0,0,0,0,0,0
14,13,2,0,0,0,0,0,0,0,0,0
14,11,2,0,0,0,0,0,0,0,0,0
14,7,2,0,0,0,0,0,0,0,0,0
14,31,2,0,1,0,0,0,0,0,0,0
14,47,2,0,1,0,0,0,0,0,0,0
14,79,2,0,0,0,0,0,0,0,0,0
14,143,2,0,1,0,0,0,0,0,0,0
14,271,2,0,1,0,0,0,0,0,0,0
14,8,2,0,0,0,0,0,0,0,0,0
14,4,2,0,0,0,0,0,0,0,0,0
14,28,2,0,1,0,0,0,0,0,0,0
14,44,2,0,1,0,0,0,0,0,0,0
14,76,2,0,0,0,0,0,0,0,0,0
14,140,2,0,1,0,0,0,0,0,0,0
14,268,2,0,1,0,0,0,0,0,0,0
14,2,2,0,0,0,0,0,0,0,0,0
14,26,2,0,1,0,0,0,0,0,0,0
14,42,2,0,1,0,0,0,0,0,0,0
14,74,2,0,0,0,0,0,0,0,0,0
14,138,2,0,1,0,0,0,0,0,0,0
14,266,2,0,1,0,0,0,0,0,0,0
14,22,2,0,1,0,0,0,0,0,0,0
14,38,2,0,0,0,0,0,0,0,0,0
14,70,2,0,0,0,0,0,0,0,0,0
14,134,2,0,1,0,0,0,0,0,0,0
14,262,2,0,0,0,0,0,0,0,0,0
14,62,2,0,1,0,0,0,0,0,0,0
14,94,2,0,1,0,0,0,0,0,0,0
14,158,2,0,1,0,0,0,0,0,0,0
14,286,2,0,1,0,0,0,0,0,0,0
14,110,2,0,1,0,0,0,0,0,0,0
14,174,2,0,1,0,0,0,0,0,0,0
14,302,2,0,1,0,0,0,0,0,0,0
14,206,2,0,1,0,0,0,0,0,0,0
14,334,2,0,1,0,0,0,0,0,0,0
14,398,2,0,1,0,0,0,0,0,0,0
15,15,0,0,0,0,0,0,0,0,0,0
15,14,1,0,0,0,0,0,0,0,0,0
15,13,1,0,0,0,0,0,0,0,0,0
15,11,1,0,0,0,0,0,0,0,0,0
15,7,1,0,0,0,0,0,0,0,0,0
15,31,1,0,1,0,0,0,0,0,0,0
15,47,1,0,1,0,0,0,0,0,0,0
15,79,1,0,0,0,0,0,0,0,0,0
15,143,1,0,1,0,0,0,0,0,0,0
15,271,1,0,1,0,0,0,0,0,0,0
15,12,2,0,0,0,0,0,0,0,0,0
15,10,2,0,0,0,0,0,0,0,0,0
15,6,2,0,0,0,0,0,0,0,0,0
15,30,2,0,1,0,0,0,0,0,0,0
15,46,2,0,1,0,0,0,0,0,0,0
15,78,2,0,0,0,0,0,0,0,0,0
15,142,2,0,1,0,0,0,0,0,0,0
15,270,2,0,1,0,0,0,0,0,0,0
15,9,2,0,0,0,0,0,0,0,0,0
15,5,2,0,0,0,0,0,0,0,0,0
15,29,2,0,1,0,0,0,0,0,0,0
15,45,2,0,1,0,0,0,0,0,0,0
15,77,2,0,0,0,0,0,0,0,0,0
15,141,2,0,1,0,0,0,0,0,0,0
15,269,2,0,1,0,0,0,0,0,0,0
15,3,2,0,0,0,0,0,0,0,0,0
15,27,2,0,1,0,0,0,0,0,0,0
15,43,2,0,1,0,0,0,0,0,0,0
15,75,2,0,0,0,0,0,0,0,0,0
15,139,2,0,1,0,0,0,0,0,0,0
15,267,2,0,1,0,0,0,0,0,0,0
15,23,2,0,1,0,0,0,0,0,0,0
15,39,2,0,0,0,0,0,0,0,0,0
15,71,2,0,0,0,0,0,0,0,0,0
15,135,2,0,1,0,0,0,0,0,0,0
15,263,2,0,0,0,0,0,0,0,0,0
15,63,2,0,1,0,0,0,0,0,0,0
15,95,2,0,1,0,0,0,0,0,0,0
15,159,2,0,1,0,0,0,0,0,0,0
15,287,2,0,1,0,0,0,0,0,0,0
15,111,2,0,1,0,0,0,0,0,0,0
15,175,2,0,1,0,0,0,0,0,0,0
15,303,2,0,1,0,0,0,0,0,0,0
15,207,2,0,1,0,0,0,0,0,0,0
15,335,2,0,1,0,0,0,0,0,0,0
15,399,2,0,1,0,0,0,0,0,0,0
16,16,0,1,1,0,0,0,0,0,0,1
16,17,1,1,1,0,0,0,0,0,0,1
16,18,1,1,1,0,0,0,0,0,0,1
16,20,1,1,1,0,0,0,0,0,0,1
16,24,1,1,1,0,0,0,0,0,0,1
16,0,1,1,0,0,0,0,0,0,1,0
16,48,1,1,1,0,0,0,0,0,0,1
16,80,1,1,1,0,0,0,0,0,0,1
16,144,1,1,1,0,0,0,0,0,0,1
16,272,1,1,1,0,0,0,0,0,0,1
16,19,2,1,1,0,0,0,0,0,0,1
16,21,2,1,1,0,0,0,0,0,0,1
16,25,2,1,1,0,0,0,0,0,0,1
16,1,2,1,0,0,0,0,0,0,1,0
16,49,2,1,1,0,0,0,0,0,0,1
16,81,2,1,1,0,0,0,0,0,0,1
16,145,2,1,1,0,0,0,0,0,0,1
16,273,2,1,1,0,0,0,0,0,0,1
16,22,2,1,1,0,0,0,0,0,0,1
16,26,2,1,1,0,0,0,0,0,0,1
16,2,2,1,0,0,0,0,0,0,1,0
16,50,2,1,1,0,0,0,0,0,0,1
16,82,2,1,1,0,0,0,0,0,0,1
16,146,2,1,1,0,0,0,0,0,0,1
16,274,2,1,1,0,0,0,0,0,0,1
16,28,2,1,1,0,0,0,0,0,0,1
16,4,2,1,0,0,0,0,0,0,1,0
16,52,2,1,1,0,0,0,0,0,0,1
16,84,2,1,1,0,0,0,0,0,0,1
16,148,2,1,1,0,0,0,0,0,0,1
16,276,2,1,1,0,0,0,0,0,0,1
16,8,2,1,0,0,0,0,0,0,1,0
16,56,2,1,1,0,0,0,0,0,0,1
16,88,2,1,1,0,0,0,0,0,0,1
16,152,2,1,1,0,0,0,0,0,0,1
16,280,2,1,1,0,0,0,0,0,0,1
16,32,2,1,0,0,0,0,0,0,1,0
16,64,2,1,0,0,0,0,0,0,1,0
16,128,2,1,0,0,0,0,0,0,1,0
16,256,2,1,0,0,0,0,0,0,1,0
16,112,2,1,1,0,0,0,0,0,0,1
16,176,2,1,1,0,0,0,0,0,0,1
16,304,2,1,1,0,0,0,0,0,0,1
16,208,2,1,1,0,0,0,0,0,0,1
16,336,2,1,1,0,0,0,0,0,0,1
16,400,2,1,1,0,0,0,0,0,0,1
17,17,0,1,1,0,0,0,0,0,0,1
17,16,1,1,1,0,0,0,0,0,0,1
17,19,1,1,1,0,0,0,0,0,0,1
17,21,1,1,1,0,0,0,0,0,0,1
17,25,1,1,1,0,0,0,0,0,0,1
17,1,1,1,0,0,0,0,0,0,1,0
17,49,1,1,1,0,0,0,0,0,0,1
17,81,1,1,1,0,0,0,0,0,0,1
17,145,1,1,1,0,0,0,0,0,0,1
17,273,1,1,1,0,0,0,0,0,0,1
17,18,2,1,1,0,0,0,0,0,0,1
17,20,2,1,1,0,0,0,0,0,0,1
17,24,2,1,1,0,0,0,0,0,0,1
17,0,2,1,0,0,0,0,0,0,1,0
17,48,2,1,1,0,0,0,0,0,0,1
17,80,2,1,1,0,0,0,0,0,0,1
17,144,2,1,1,0,0,0,0,0,0,1
17,272,2,1,1,0,0,0,0,0,0,1
17,23,2,1,1,0,0,0,0,0,0,1
17,27,2,1,1,0,0,0,0,0,0,1
17,3,2,1,0,0,0,0,0,0,1,0
17,51,2,1,1,0,0,0,0,0,0,1
17,83,2,1,1,0,0,0,0,0,0,1
17,147,2,1,1,0,0,0,0,0,0,1
17,275,2,1,1,0,0,0,0,0,0,1
17,29,2,1,1,0,0,0,0,0,0,1
17,5,2,1,0,0,0,0,0,0,1,0
17,53,2,1,1,0,0,0,0,0,0,1
17,85,2,1,1,0,0,0,0,0,0,1
17,149,2,1,1,0,0,0,0,0,0,1
17,277,2,1,1,0,0,0,0,0,0,1
17,9,2,1,0,0,0,0,0,0,1,0
17,57,2,1,1,0,0,0,0,0,0,1
17,89,2,1,1,0,0,0,0,0,0,1
17,153,2,1,1,0,0,0,0,0,0,1
17,281,2,1,1,0,0,0,0,0,0,1
17,33,2,1,0,0,0,0,0,0,1,0
17,65,2,1,0,0,0,0,0,0,1,0
17,129,2,1,0,0,0,0,0,0,1,0
17,257,2,1,0,0,0,0,0,0,1,0
17,113,2,1,1,0,0,0,0,0,0,1
17,177,2,1,1,0,0,0,0,0,0,1
17,305,2,1,1,0,0,0,0,0,0,1
17,209,2,1,1,0,0,0,0,0,0,1
17,337,2,1,1,0,0,0,0,0,0,1
17,401,2,1,1,0,0,0,0,0,0,1
18,18,0,1,1,0,0,0,0,0,0,1
18,19,1,1,1,0,0,0,0,0,0,1
18,16,1,1,1,0,0,0,0,0,0,1
18,22,1,1,1,0,0,0,0,0,0,1
18,26,1,1,1,0,0,0,0,0,0,1
18,2,1,1,0,0,0,0,0,0,1,0
18,50,1,1,1,0,0,0,0,0,0,1
18,82,1,1,1,0,0,0,0,0,0,1
18,146,1,1,1,0,0,0,0,0,0,1
18,274,1,1,1,0,0,0,0,0,0,1
18,17,2,1,1,0,0,0,0,0,0,1
18,23,2,1,1,0,0,0,0,0,0,1
18,27,2,1,1,0,0,0,0,0,0,1
18,3,2,1,0,0,0,0,0,0,1,0
18,51,2,1,1,0,0,0,0,0,0,1
18,83,2,1,1,0,0,0,0,0,0,1
18,147,2,1,1,0,0,0,0,0,0,1
18,275,2,1,1,0,0,0,0,0,0,1
18,20,2,1,1,0,0,0,0,0,0,1
18,24,2,1,1,0,0,0,0,0,0,1
18,0,2,1,0,0,0,0,0,0,1,0
18,48,2,1,1,0,0,0,0,0,0,1
18,80,2,1,1,0,0,0,0,0,0,1
18,144,2,1,1,0,0,0,0,0,0,1
18,272,2,1,1,0,0,0,0,0,0,1
18,30,2,1,1,0,0,0,0,0,0,1
18,6,2,1,0,0,0,0,0,0,1,0
18,54,2,1,1,0,0,0,0,0,0,1
18,86,2,1,1,0,0,0,0,0,0,1
18,150,2,1,1,0,0,0,0,0,0,1
18,278,2,1,1,0,0,0,0,0,0,1
18,10,2,1,0,0,0,0,0,0,1,0
18,58,2,1,1,0,0,0,0,0,0,1
18,90,2,1,1,0,0,0,0,0,0,1
18,154,2,1,1,0,0,0,0,0,0,1
18,282,2,1,1,0,0,0,0,0,0,1
18,34,2,1,0,0,0,0,0,0,1,0
18,66,2,1,0,0,0,0,0,0,1,0
18,130,2,1,1,0,0,0,0,0,0,0
18,258,2,1,0,0,0,0,0,0,1,0
18,114,2,1,1,0,0,0,0,0,0,1
18,178,2,1,1,0,0,0,0,0,0,1
18,306,2,1,1,0,0,0,0,0,0,1
18,210,2,1,1,0,0,0,0,0,0,1
18,338,2,1,1,0,0,0,0,0,0,1
18,402,2,1,1,0,0,0,0,0,0,1
19,19,0,1,1,0,0,0,0,0,0,1
19,18,1,1,1,0,0,0,0,0,0,1
19,17,1,1,1,0,0,0,0,0,0,1
19,23,1,1,1,0,0,0,0,0,0,1
19,27,1,1,1,0,0,0,0,0,0,1
19,3,1,1,0,0,0,0,0,0,1,0
19,51,1,1,1,0,0,0,0,0,0,1
19,83,1,1,1,0,0,0,0,0,0,1
19,147,1,1,1,0,0,0,0,0,0,1
19,275,1,1,1,0,0,0,0,0,0,1
19,16,2,1,1,0,0,0,0,0,0,1
19,22,2,1,1,0,0,0,0,0,0,1
19,26,2,1,1,0,0,0,0,0,0,1
19,2,2,1,0,0,0,0,0,0,1,0
19,50,2,1,1,0,0,0,0,0,0,1
19,82,2,1,1,0,0,0,0,0,0,1
19,146,2,1,1,0,0,0,0,0,0,1
19,274,2,1,1,0,0,0,0,0,0,1
19,21,2,1,1,0,0,0,0,0,0,1
19,25,2,1,1,0,0,0,0,0,0,1
19,1,2,1,0,0,0,0,0,0,1,0
19,49,2,1,1,0,0,0,0,0,0,1
19,81,2,1,1,0,0,0,0,0,0,1
19,145,2,1,1,0,0,0,0,0,0,1
19,273,2,1,1,0,0,0,0,0,0,1
19,31,2,1,1,0,0,0,0,0,0,1
19,7,2,1,0,0,0,0,0,0,1,0
19,55,2,1,1,0,0,0,0,0,0,1
19,87,2,1,1,0,0,0,0,0,0,1
19,151,2,1,1,0,0,0,0,0,0,1
19,279,2,1,1,0,0,0,0,0,0,1
19,11,2,1,0,0,0,0,0,0,1,0
19,59,2,1,1,0,0,0,0,0,0,1
19,91,2,1,1,0,0,0,0,0,0,1
19,155,2,1,1,0,0,0,0,0,0,1
19,283,2,1,1,0,0,0,0,0,0,1
19,35,2,1,0,0,0,0,0,0,1,0
19,67,2,1,0,0,0,0,0,0,1,0
19,131,2,1,1,0,0,0,0,0,0,0
19,259,2,1,0,0,0,0,0,0,1,0
19,115,2,1,1,0,0,0,0,0,0,1
19,179,2,1,1,0,0,0,0,0,0,1
19,307,2,1,1,0,0,0,0,0,0,1
19,211,2,1,1,0,0,0,0,0,0,1
19,339,2,1,1,0,0,0,0,0,0,1
19,403,2,1,1,0,0,0,0,0,0,1
20,20,0,1,1,0,0,0,0,0,0,1
20,21,1,1,1,0,0,0,0,0,0,1
20,22,1,1,1,0,0,0,0,0,0,1
20,16,1,1,1,0,0,0,0,0,0,1
20,28,1,1,1,0,0,0,0,0,0,1
20,4,1,1,0,0,0,0,0,0,1,0
20,52,1,1,1,0,0,0,0,0,0,1
20,84,1,1,1,0,0,0,0,0,0,1
20,148,1,1,1,0,0,0,0,0,0,1
20,276,1,1,1,0,0,0,0,0,0,1
20,23,2,1,1,0,0,0,0,0,0,1
20,17,2,1,1,0,0,0,0,0,0,1
20,29,2,1,1,0,0,0,0,0,0,1
20,5,2,1,0,0,0,0,0,0,1,0
20,53,2,1,1,0,0,0,0,0,0,1
20,85,2,1,1,0,0,0,0,0,0,1
20,149,2,1,1,0,0,0,0,0,0,1
20,277,2,1,1,0,0,0,0,0,0,1
20,18,2,1,1,0,0,0,0,0,0,1
20,30,2,1,1,0,0,0,0,0,0,1
20,6,2,1,0,0,0,0,0,0,1,0
20,54,2,1,1,0,0,0,0,0,0,1
20,86,2,1,1,0,0,0,0,0,0,1
20,150,2,1,1,0,0,0,0,0,0,1
20,278,2,1,1,0,0,0,0,0,0,1
20,24,2,1,1,0,0,0,0,0,0,1
20,0,2,1,0,0,0,0,0,0,1,0
20,48,2,1,1,0,0,0,0,0,0,1
20,80,2,1,1,0,0,0,0,0,0,1
20,144,2,1,1,0,0,0,0,0,0,1
20,272,2,1,1,0,0,0,0,0,0,1
20,12,2,1,0,0,0,0,0,0,1,0
20,60,2,1,1,0,0,0,0,0,0,1
20,92,2,1,1,0,0,0,0,0,0,1
20,156,2,1,1,0,0,0,0,0,0,1
20,284,2,1,1,0,0,0,0,0,0,1
20,36,2,1,0,0,0,0,0,0,1,0
20,68,2,1,0,0,0,0,0,0,1,0
20,132,2,1,0,0,0,0,0,0,1,0
20,260,2,1,0,0,0,0,0,0,1,0
20,116,2,1,1,0,0,0,0,0,0,1
20,180,2,1,1,0,0,0,0,0,0,1
20,308,2,1,1,0,0,0,0,0,0,1
20,212,2,1,1,0,0,0,0,0,0,1
20,340,2,1,1,0,0,0,0,0,0,1
20,404,2,1,1,0,0,0,0,0,0,1
21,21,0,1,1,1,1,1,0,0,0,1
21,20,1,1,1,1,0,1,0,1,0,1
21,23,1,1,1,1,1,1,0,0,0,1
21,17,1,1,1,1,0,1,0,1,0,1
21,29,1,1,1,1,1,1,0,0,0,1
21,5,1,1,0,1,1,1,0,0,1,0
21,53,1,1,1,1,1,1,0,0,0,1
21,85,1,1,1,1,1,1,0,0,0,1
21,149,1,1,1,1,1,1,0,0,0,1
21,277,1,1,1,1,1,1,0,0,0,1
21,22,2,1,1,1,0,1,0,1,0,1
21,16,2,1,1,1,0,1,0,1,0,1
21,28,2,1,1,1,0,1,0,1,0,1
21,4,2,1,0,1,0,0,0,0,1,0
21,52,2,1,1,1,0,1,0,1,0,1
21,84,2,1,1,1,0,1,0,1,0,1
21,148,2,1,1,1,0,1,0,1,0,1
21,276,2,1,1,1,0,1,0,1,0,1
21,19,2,1,1,1,0,1,0,1,0,1
21,31,2,1,1,1,1,1,0,0,0,1
21,7,2,1,0,1,1,1,0,0,1,0
21,55,2,1,1,1,1,1,0,0,0,1
21,87,2,1,1,1,1,1,0,0,0,1
21,151,2,1,1,1,1,1,0,0,0,1
21,279,2,1,1,1,1,1,0,0,0,1
21,25,2,1,1,1,0,1,0,1,0,1
21,1,2,1,0,1,0,0,0,0,1,0
21,49,2,1,1,1,0,1,0,1,0,1
21,81,2,1,1,1,0,1,0,1,0,1
21,145,2,1,1,1,0,1,0,1,0,1
21,273,2,1,1,1,0,1,0,1,0,1
21,13,2,1,0,1,1,1,0,0,1,0
21,61,2,1,1,1,1,1,0,0,0,1
21,93,2,1,1,1,1,1,0,0,0,1
21,157,2,1,1,1,1,1,0,0,0,1
21,285,2,1,1,1,1,1,0,0,0,1
21,37,2,1,0,1,1,1,0,0,1,0
21,69,2,1,0,1,1,1,0,0,1,0
21,133,2,1,1,1,1,1,0,0,0,0
21,261,2,1,0,1,1,1,0,0,1,0
21,117,2,1,1,1,1,1,0,0,0,1
21,181,2,1,1,1,1,1,0,0,0,1
21,309,2,1,1,1,1,1,0,0,0,1
21,213,2,1,1,1,1,1,0,0,0,1
21,341,2,1,1,1,1,1,0,0,0,1
21,405,2,1,1,1,1,1,0,0,0,1
22,22,0,1,1,0,0,0,0,0,0,1
22,23,1,1,1,0,0,0,0,0,0,1
22,20,1,1,1,0,0,0,0,0,0,1
22,18,1,1,1,0,0,0,0,0,0,1
22,30,1,1,1,0,0,0,0,0,0,1
22,6,1,1,0,0,0,0,0,0,1,0
22,54,1,1,1,0,0,0,0,0,0,1
22,86,1,1,1,0,0,0,0,0,0,1
22,150,1,1,1,0,0,0,0,0,0,1
22,278,1,1,1,0,0,0,0,0,0,1
22,21,2,1,1,0,0,0,0,0,0,1
22,19,2,1,1,0,0,0,0,0,0,1
22,31,2,1,1,0,0,0,0,0,0,1
22,7,2,1,0,0,0,0,0,0,1,0
22,55,2,1,1,0,0,0,0,0,0,1
22,87,2,1,1,0,0,0,0,0,0,1
22,151,2,1,1,0,0,0,0,0,0,1
22,279,2,1,1,0,0,0,0,0,0,1
22,16,2,1,1,0,0,0,0,0,0,1
22,28,2,1,1,0,0,0,0,0,0,1
22,4,2,1,0,0,0,0,0,0,1,0
22,52,2,1,1,0,0,0,0,0,0,1
22,84,2,1,1,0,0,0,0,0,0,1
22,148,2,1,1,0,0,0,0,0,0,1
22,276,2,1,1,0,0,0,0,0,0,1
22,26,2,1,1,0,0,0,0,0,0,1
22,2,2,1,0,0,0,0,0,0,1,0
22,50,2,1,1,0,0,0,0,0,0,1
22,82,2,1,1,0,0,0,0,0,0,1
22,146,2,1,1,0,0,0,0,0,0,1
22,274,2,1,1,0,0,0,0,0,0,1
22,14,2,1,0,0,0,0,0,0,1,0
22,62,2,1,1,0,0,0,0,0,0,1
22,94,2,1,1,0,0,0,0,0,0,1
22,158,2,1,1,0,0,0,0,0,0,1
22,286,2,1,1,0,0,0,0,0,0,1
22,38,2,1,0,0,0,0,0,0,1,0
22,70,2,1,0,0,0,0,0,0,1,0
22,134,2,1,1,0,0,0,0,0,0,0
22,262,2,1,0,0,0,0,0,0,1,0
22,118,2,1,1,0,0,0,0,0,0,1
22,182,2,1,1,0,0,0,0,0,0,1
22,310,2,1,1,0,0,0,0,0,0,1
22,214,2,1,1,0,0,0,0,0,0,1
22,342,2,1,1,0,0,0,0,0,0,1
22,406,2,1,1,0,0,0,0,0,0,1
23,23,0,1,1,0,0,0,0,0,0,1
23,22,1,1,1,0,0,0,0,0,0,1
23,21,1,1,1,0,0,0,0,0,0,1
23,19,1,1,1,0,0,0,0,0,0,1
23,31,1,1,1,0,0,0,0,0,0,1
23,7,1,1,0,0,0,0,0,0,1,0
23,55,1,1,1,0,0,0,0,0,0,1
23,87,1,1,1,0,0,0,0,0,0,1
23,151,1,1,1,0,0,0,0,0,0,1
23,279,1,1,1,0,0,0,0,0,0,1
23,20,2,1,1,0,0,0,0,0,0,1
23,18,2,1,1,0,0,0,0,0,0,1
23,30,2,1,1,0,0,0,0,0,0,1
23,6,2,1,0,0,0,0,0,0,1,0
23,54,2,1,1,0,0,0,0,0,0,1
23,86,2,1,1,0,0,0,0,0,0,1
23,150,2,1,1,0,0,0,0,0,0,1
23,278,2,1,1,0,0,0,0,0,0,1
23,17,2,1,1,0,0,0,0,0,0,1
23,29,2,1,1,0,0,0,0,0,0,1
23,5,2,1,0,0,0,0,0,0,1,0
23,53,2,1,1,0,0,0,0,0,0,1
23,85,2,1,1,0,0,0,0,0,0,1
23,149,2,1,1,0,0,0,0,0,0,1
23,277,2,1,1,0,0,0,0,0,0,1
23,27,2,1,1,0,0,0,0,0,0,1
23,3,2,1,0,0,0,0,0,0,1,0
23,51,2,1,1,0,0,0,0,0,0,1
23,83,2,1,1,0,0,0,0,0,0,1
23,147,2,1,1,0,0,0,0,0,0,1
23,275,2,1,1,0,0,0,0,0,0,1
23,15,2,1,0,0,0,0,0,0,1,0
23,63,2,1,1,0,0,0,0,0,0,1
23,95,2,1,1,0,0,0,0,0,0,1
23,159,2,1,1,0,0,0,0,0,0,1
23,287,2,1,1,0,0,0,0,0,0,1
23,39,2,1,0,0,0,0,0,0,1,0
23,71,2,1,0,0,0,0,0,0,1,0
23,135,2,1,1,0,0,0,0,0,0,0
23,263,2,1,0,0,0,0,0,0,1,0
23,119,2,1,1,0,0,0,0,0,0,1
23,183,2,1,1,0,0,0,0,0,0,1
23,311,2,1,1,0,0,0,0,0,0,1
23,215,2,1,1,0,0,0,0,0,0,1
23,343,2,1,1,0,0,0,0,0,0,1
23,407,2,1,1,0,0,0,0,0,0,1
24,24,0,1,1,0,0,0,0,0,0,1
24,25,1,1,1,0,0,0,0,0,0,1
24,26,1,1,1,0,0,0,0,0,0,1
24,28,1,1,1,0,0,0,0,0,0,1
24,16,1,1,1,0,0,0,0,0,0,1
24,8,1,1,0,0,0,0,0,0,1,0
24,56,1,1,1,0,0,0,0,0,0,1
24,88,1,1,1,0,0,0,0,0,0,1
24,152,1,1,1,0,0,0,0,0,0,1
24,280,1,1,1,0,0,0,0,0,0,1
24,27,2,1,1,0,0,0,0,0,0,1
24,29,2,1,1,0,0,0,0,0,0,1
24,17,2,1,1,0,0,0,0,0,0,1
24,9,2,1,0,0,0,0,0,0,1,0
24,57,2,1,1,0,0,0,0,0,0,1
24,89,2,1,1,0,0,0,0,0,0,1
24,153,2,1,1,0,0,0,0,0,0,1
24,281,2,1,1,0,0,0,0,0,0,1
24,30,2,1,1,0,0,0,0,0,0,1
24,18,2,1,1,0,0,0,0,0,0,1
24,10,2,1,0,0,0,0,0,0,1,0
24,58,2,1,1,0,0,0,0,0,0,1
24,90,2,1,1,0,0,0,0,0,0,1
24,154,2,1,1,0,0,0,0,0,0,1
24,282,2,1,1,0,0,0,0,0,0,1
24,20,2,1,1,0,0,0,0,0,0,1
24,12,2,1,0,0,0,0,0,0,1,0
24,60,2,1,1,0,0,0,0,0,0,1
24,92,2,1,1,0,0,0,0,0,0,1
24,156,2,1,1,0,0,0,0,0,0,1
24,284,2,1,1,0,0,0,0,0,0,1
24,0,2,1,0,0,0,0,0,0,1,0
24,48,2,1,1,0,0,0,0,0,0,1
24,80,2,1,1,0,0,0,0,0,0,1
24,144,2,1,1,0,0,0,0,0,0,1
24,272,2,1,1,0,0,0,0,0,0,1
24,40,2,1,1,0,0,0,0,0,0,0
24,72,2,1,0,0,0,0,0,0,1,0
24,136,2,1,0,0,0,0,0,0,1,0
24,264,2,1,0,0,0,0,0,0,1,0
24,120,2,1,1,0,0,0,0,0,0,1
24,184,2,1,1,0,0,0,0,0,0,1
24,312,2,1,1,0,0,0,0,0,0,1
24,216,2,1,1,0,0,0,0,0,0,1
24,344,2,1,1,0,0,0,0,0,0,1
24,408,2,1,1,0,0,0,0,0,0,1
25,25,0,1,1,0,0,0,0,0,0,1
25,24,1,1,1,0,0,0,0,0,0,1
25,27,1,1,1,0,0,0,0,0,0,1
25,29,1,1,1,0,0,0,0,0,0,1
25,17,1,1,1,0,0,0,0,0,0,1
25,9,1,1,0,0,0,0,0,0,1,0
25,57,1,1,1,0,0,0,0,0,0,1
25,89,1,1,1,0,0,0,0,0,0,1
25,153,1,1,1,0,0,0,0,0,0,1
25,281,1,1,1,0,0,0,0,0,0,1
25,26,2,1,1,0,0,0,0,0,0,1
25,28,2,1,1,0,0,0,0,0,0,1
25,16,2,1,1,0,0,0,0,0,0,1
25,8,2,1,0,0,0,0,0,0,1,0
25,56,2,1,1,0,0,0,0,0,0,1
25,88,2,1,1,0,0,0,0,0,0,1
25,152,2,1,1,0,0,0,0,0,0,1
25,280,2,1,1,0,0,0,0,0,0,1
25,31,2,1,1,0,0,0,0,0,0,1
25,19,2,1,1,0,0,0,0,0,0,1
25,11,2,1,0,0,0,0,0,0,1,0
25,59,2,1,1,0,0,0,0,0,0,1
25,91,2,1,1,0,0,0,0,0,0,1
25,155,2,1,1,0,0,0,0,0,0,1
25,283,2,1,1,0,0,0,0,0,0,1
25,21,2,1,1,0,0,0,0,0,0,1
25,13,2,1,0,0,0,0,0,0,1,0
25,61,2,1,1,0,0,0,0,0,0,1
25,93,2,1,1,0,0,0,0,0,0,1
25,157,2,1,1,0,0,0,0,0,0,1
25,285,2,1,1,0,0,0,0,0,0,1
25,1,2,1,0,0,0,0,0,0,1,0
25,49,2,1,1,0,0,0,0,0,0,1
25,81,2,1,1,0,0,0,0,0,0,1
25,145,2,1,1,0,0,0,0,0,0,1
25,273,2,1,1,0,0,0,0,0,0,1
25,41,2,1,1,0,0,0,0,0,0,0
25,73,2,1,0,0,0,0,0,0,1,0
25,137,2,1,0,0,0,0,0,0,1,0
25,265,2,1,0,0,0,0,0,0,1,0
25,121,2,1,1,0,0,0,0,0,0,1
25,185,2,1,1,0,0,0,0,0,0,1
25,313,2,1,1,0,0,0,0,0,0,1
25,217,2,1,1,0,0,0,0,0,0,1
25,345,2,1,1,0,0,0,0,0,0,1
25,409,2,1,1,0,0,0,0,0,0,1
26,26,0,1,1,0,0,0,0,0,0,1
26,27,1,1,1,0,0,0,0,0,0,1
26,24,1,1,1,0,0,0,0,0,0,1
26,30,1,1,1,0,0,0,0,0,0,1
26,18,1,1,1,0,0,0,0,0,0,1
26,10,1,1,0,0,0,0,0,0,1,0
26,58,1,1,1,0,0,0,0,0,0,1
26,90,1,1,1,0,0,0,0,0,0,1
26,154,1,1,1,0,0,0,0,0,0,1
26,282,1,1,1,0,0,0,0,0,0,1
26,25,2,1,1,0,0,0,0,0,0,1
26,31,2,1,1,0,0,0,0,0,0,1
26,19,2,1,1,0,0,0,0,0,0,1
26,11,2,1,0,0,0,0,0,0,1,0
26,59,2,1,1,0,0,0,0,0,0,1
26,91,2,1,1,0,0,0,0,0,0,1
26,155,2,1,1,0,0,0,0,0,0,1
26,283,2,1,1,0,0,0,0,0,0,1
26,28,2,1,1,0,0,0,0,0,0,1
26,16,2,1,1,0,0,0,0,0,0,1
26,8,2,1,0,0,0,0,0,0,1,0
26,56,2,1,1,0,0,0,0,0,0,1
26,88,2,1,1,0,0,0,0,0,0,1
26,152,2,1,1,0,0,0,0,0,0,1
26,280,2,1,1,0,0,0,0,0,0,1
26,22,2,1,1,0,0,0,0,0,0,1
26,14,2,1,0,0,0,0,0,0,1,0
26,62,2,1,1,0,0,0,0,0,0,1
26,94,2,1,1,0,0,0,0,0,0,1
26,158,2,1,1,0,0,0,0,0,0,1
26,286,2,1,1,0,0,0,0,0,0,1
26,2,2,1,0,0,0,0,0,0,1,0
26,50,2,1,1,0,0,0,0,0,0,1
26,82,2,1,1,0,0,0,0,0,0,1
26,146,2,1,1,0,0,0,0,0,0,1
26,274,2,1,1,0,0,0,0,0,0,1
26,42,2,1,1,0,0,0,0,0,0,0
26,74,2,1,0,0,0,0,0,0,1,0
26,138,2,1,1,0,0,0,0,0,0,0
26,266,2,1,1,0,0,0,0,0,0,0
26,122,2,1,1,0,0,0,0,0,0,1
26,186,2,1,1,0,0,0,0,0,0,1
26,314,2,1,1,0,0,0,0,0,0,1
26,218,2,1,1,0,0,0,0,0,0,1
26,346,2,1,1,0,0,0,0,0,0,1
26,410,2,1,1,0,0,0,0,0,0,1
27,27,0,1,1,0,0,0,0,0,0,1
27,26,1,1,1,0,0,0,0,0,0,1
27,25,1,1,1,0,0,0,0,0,0,1
27,31,1,1,1,0,0,0,0,0,0,1
27,19,1,1,1,0,0,0,0,0,0,1
27,11,1,1,0,0,0,0,0,0,1,0
27,59,1,1,1,0,0,0,0,0,0,1
27,91,1,1,1,0,0,0,0,0,0,1
27,155,1,1,1,0,0,0,0,0,0,1
27,283,1,1,1,0,0,0,0,0,0,1
27,24,2,1,1,0,0,0,0,0,0,1
27,30,2,1,1,0,0,0,0,0,0,1
27,18,2,1,1,0,0,0,0,0,0,1
27,10,2,1,0,0,0,0,0,0,1,0
27,58,2,1,1,0,0,0,0,0,0,1
27,90,2,1,1,0,0,0,0,0,0,1
27,154,2,1,1,0,0,0,0,0,0,1
27,282,2,1,1,0,0,0,0,0,0,1
27,29,2,1,1,0,0,0,0,0,0,1
27,17,2,1,1,0,0,0,0,0,0,1
27,9,2,1,0,0,0,0,0,0,1,0
27,57,2,1,1,0,0,0,0,0,0,1
27,89,2,1,1,0,0,0,0,0,0,1
27,153,2,1,1,0,0,0,0,0,0,1
27,281,2,1,1,0,0,0,0,0,0,1
27,23,2,1,1,0,0,0,0,0,0,1
27,15,2,1,0,0,0,0,0,0,1,0
27,63,2,1,1,0,0,0,0,0,0,1
27,95,2,1,1,0,0,0,0,0,0,1
27,159,2,1,1,0,0,0,0,0,0,1
27,287,2,1,1,0,0,0,0,0,0,1
27,3,2,1,0,0,0,0,0,0,1,0
27,51,2,1,1,0,0,0,0,0,0,1
27,83,2,1,1,0,0,0,0,0,0,1
27,147,2,1,1,0,0,0,0,0,0,1
27,275,2,1,1,0,0,0,0,0,0,1
27,43,2,1,1,0,0,0,0,0,0,0
27,75,2,1,0,0,0,0,0,0,1,0
27,139,2,1,1,0,0,0,0,0,0,0
27,267,2,1,1,0,0,0,0,0,0,0
27,123,2,1,1,0,0,0,0,0,0,1
27,187,2,1,1,0,0,0,0,0,0,1
27,315,2,1,1,0,0,0,0,0,0,1
27,219,2,1,1,0,0,0,0,0,0,1
27,347,2,1,1,0,0,0,0,0,0,1
27,411,2,1,1,0,0,0,0,0,0,1
28,28,0,1,1,1,1,1,0,0,0,1
28,29,1,1,1,1,1,1,0,0,0,1
28,30,1,1,1,1,1,1,0,0,0,1
28,24,1,1,1,1,0,1,0,1,0,1
28,20,1,1,1,1,0,1,0,1,0,1
28,12,1,1,0,1,1,1,0,0,1,0
28,60,1,1,1,1,1,1,0,0,0,1
28,92,1,1,1,1,1,1,0,0,0,1
28,156,1,1,1,1,1,1,0,0,0,1
28,284,1,1,1,1,1,1,0,0,0,1
28,31,2,1,1,1,1,1,0,0,0,1
28,25,2,1,1,1,0,1,0,1,0,1
28,21,2,1,1,1,0,1,0,1,0,1
28,13,2,1,0,1,1,1,0,0,1,0
28,61,2,1,1,1,1,1,0,0,0,1
28,93,2,1,1,1,1,1,0,0,0,1
28,157,2,1,1,1,1,1,0,0,0,1
28,285,2,1,1,1,1,1,0,0,0,1
28,26,2,1,1,1,0,1,0,1,0,1
28,22,2,1,1,1,0,1,0,1,0,1
28,14,2,1,0,1,1,1,0,0,1,0
28,62,2,1,1,1,1,1,0,0,0,1
28,94,2,1,1,1,1,1,0,0,0,1
28,158,2,1,1,1,1,1,0,0,0,1
28,286,2,1,1,1,1,1,0,0,0,1
28,16,2,1,1,1,0,1,0,1,0,1
28,8,2,1,0,1,0,0,0,0,1,0
28,56,2,1,1,1,0,1,0,1,0,1
28,88,2,1,1,1,0,1,0,1,0,1
28,152,2,1,1,1,0,1,0,1,0,1
28,280,2,1,1,1,0,1,0,1,0,1
28,4,2,1,0,1,0,0,0,0,1,0
28,52,2,1,1,1,0,1,0,1,0,1
28,84,2,1,1,1,0,1,0,1,0,1
28,148,2,1,1,1,0,1,0,1,0,1
28,276,2,1,1,1,0,1,0,1,0,1
28,44,2,1,1,1,1,1,0,0,0,0
28,76,2,1,0,1,1,1,0,0,1,0
28,140,2,1,1,1,1,1,0,0,0,0
28,268,2,1,1,1,1,1,0,0,0,0
28,124,2,1,1,1,1,1,0,0,0,1
28,188,2,1,1,1,1,1,0,0,0,1
28,316,2,1,1,1,1,1,0,0,0,1
28,220,2,1,1,1,1,1,0,0,0,1
28,348,2,1,1,1,1,1,0,0,0,1
28,412,2,1,1,1,1,1,0,0,0,1
29,29,0,1,1,1,1,1,0,0,0,1
29,28,1,1,1,1,0,1,0,1,0,1
29,31,1,1,1,1,1,1,0,0,0,1
29,25,1,1,1,1,0,1,0,1,0,1
29,21,1,1,1,1,1,1,0,0,0,1
29,13,1,1,0,1,1,1,0,0,1,0
29,61,1,1,1,1,1,1,0,0,0,1
29,93,1,1,1,1,1,1,0,0,0,1
29,157,1,1,1,1,1,1,0,0,0,1
29,285,1,1,1,1,1,1,0,0,0,1
29,30,2,1,1,1,0,1,0,1,0,1
29,24,2,1,1,1,0,1,0,1,0,1
29,20,2,1,1,1,0,1,0,1,0,1
29,12,2,1,0,1,0,1,0,1,1,0
29,60,2,1,1,1,0,1,0,1,0,1
29,92,2,1,1,1,0,1,0,1,0,1
29,156,2,1,1,1,0,1,0,1,0,1
29,284,2,1,1,1,0,1,0,1,0,1
29,27,2,1,1,1,0,1,0,1,0,1
29,23,2,1,1,1,1,1,0,0,0,1
29,15,2,1,0,1,1,1,0,0,1,0
29,63,2,1,1,1,1,1,0,0,0,1
29,95,2,1,1,1,1,1,0,0,0,1
29,159,2,1,1,1,1,1,0,0,0,1
29,287,2,1,1,1,1,1,0,0,0,1
29,17,2,1,1,1,0,1,0,1,0,1
29,9,2,1,0,1,0,0,0,0,1,0
29,57,2,1,1,1,0,1,0,1,0,1
29,89,2,1,1,1,0,1,0,1,0,1
29,153,2,1,1,1,0,1,0,1,0,1
29,281,2,1,1,1,0,1,0,1,0,1
29,5,2,1,0,1,1,1,0,0,1,0
29,53,2,1,1,1,1,1,0,0,0,1
29,85,2,1,1,1,1,1,0,0,0,1
29,149,2,1,1,1,1,1,0,0,0,1
29,277,2,1,1,1,1,1,0,0,0,1
29,45,2,1,1,1,1,1,0,0,0,0
29,77,2,1,0,1,1,1,0,0,1,0
29,141,2,1,1,1,1,1,0,0,0,0
29,269,2,1,1,1,1,1,0,0,0,0
29,125,2,1,1,1,1,1,0,0,0,1
29,189,2,1,1,1,1,1,0,0,0,1
29,317,2,1,1,1,1,1,0,0,0,1
29,221,2,1,1,1,1,1,0,0,0,1
29,349,2,1,1,1,1,1,0,0,0,1
29,413,2,1,1,1,1,1,0,0,0,1
30,30,0,1,1,0,0,0,0,0,0,1
30,31,1,1,1,0,0,0,0,0,0,1
30,28,1,1,1,0,0,0,0,0,0,1
30,26,1,1,1,0,0,0,0,0,0,1
30,22,1,1,1,0,0,0,0,0,0,1
30,14,1,1,0,0,0,0,0,0,1,0
30,62,1,1,1,0,0,0,0,0,0,1
30,94,1,1,1,0,0,0,0,0,0,1
30,158,1,1,1,0,0,0,0,0,0,1
30,286,1,1,1,0,0,0,0,0,0,1
30,29,2,1,1,0,0,0,0,0,0,1
30,27,2,1,1,0,0,0,0,0,0,1
30,23,2,1,1,0,0,0,0,0,0,1
30,15,2,1,0,0,0,0,0,0,1,0
30,63,2,1,1,0,0,0,0,0,0,1
30,95,2,1,1,0,0,0,0,0,0,1
30,159,2,1,1,0,0,0,0,0,0,1
30,287,2,1,1,0,0,0,0,0,0,1
30,24,2,1,1,0,0,0,0,0,0,1
30,20,2,1,1,0,0,0,0,0,0,1
30,12,2,1,0,0,0,0,0,0,1,0
30,60,2,1,1,0,0,0,0,0,0,1
30,92,2,1,1,0,0,0,0,0,0,1
30,156,2,1,1,0,0,0,0,0,0,1
30,284,2,1,1,0,0,0,0,0,0,1
30,18,2,1,1,0,0,0,0,0,0,1
30,10,2,1,0,0,0,0,0,0,1,0
30,58,2,1,1,0,0,0,0,0,0,1
30,90,2,1,1,0,0,0,0,0,0,1
30,154,2,1,1,0,0,0,0,0,0,1
30,282,2,1,1,0,0,0,0,0,0,1
30,6,2,1,0,0,0,0,0,0,1,0
30,54,2,1,1,0,0,0,0,0,0,1
30,86,2,1,1,0,0,0,0,0,0,1
30,150,2,1,1,0,0,0,0,0,0,1
30,278,2,1,1,0,0,0,0,0,0,1
30,46,2,1,1,0,0,0,0,0,0,0
30,78,2,1,0,0,0,0,0,0,1,0
30,142,2,1,1,0,0,0,0,0,0,0
30,270,2,1,1,0,0,0,0,0,0,0
30,126,2,1,1,0,0,0,0,0,0,1
30,190,2,1,1,0,0,0,0,0,0,1
30,318,2,1,1,0,0,0,0,0,0,1
30,222,2,1,1,0,0,0,0,0,0,1
30,350,2,1,1,0,0,0,0,0,0,1
30,414,2,1,1,0,0,0,0,0,0,1
31,31,0,1,1,0,0,0,0,0,0,1
31,30,1,1,1,0,0,0,0,0,0,1
31,29,1,1,1,0,0,0,0,0,0,1
31,27,1,1,1,0,0,0,0,0,0,1
31,23,1,1,1,0,0,0,0,0,0,1
31,15,1,1,0,0,0,0,0,0,1,0
31,63,1,1,1,0,0,0,0,0,0,1
31,95,1,1,1,0,0,0,0,0,0,1
31,159,1,1,1,0,0,0,0,0,0,1
31,287,1,1,1,0,0,0,0,0,0,1
31,28,2,1,1,0,0,0,0,0,0,1
31,26,2,1,1,0,0,0,0,0,0,1
31,22,2,1,1,0,0,0,0,0,0,1
31,14,2,1,0,0,0,0,0,0,1,0
31,62,2,1,1,0,0,0,0,0,0,1
31,94,2,1,1,0,0,0,0,0,0,1
31,158,2,1,1,0,0,0,0,0,0,1
31,286,2,1,1,0,0,0,0,0,0,1
31,25,2,1,1,0,0,0,0,0,0,1
31,21,2,1,1,0,0,0,0,0,0,1
31,13,2,1,0,0,0,0,0,0,1,0
31,61,2,1,1,0,0,0,0,0,0,1
31,93,2,1,1,0,0,0,0,0,0,1
31,157,2,1,1,0,0,0,0,0,0,1
31,285,2,1,1,0,0,0,0,0,0,1
31,19,2,1,1,0,0,0,0,0,0,1
31,11,2,1,0,0,0,0,0,0,1,0
31,59,2,1,1,0,0,0,0,0,0,1
31,91,2,1,1,0,0,0,0,0,0,1
31,155,2,1,1,0,0,0,0,0,0,1
31,283,2,1,1,0,0,0,0,0,0,1
31,7,2,1,0,0,0,0,0,0,1,0
31,55,2,1,1,0,0,0,0,0,0,1
31,87,2,1,1,0,0,0,0,0,0,1
31,151,2,1,1,0,0,0,0,0,0,1
31,279,2,1,1,0,0,0,0,0,0,1
31,47,2,1,1,0,0,0,0,0,0,0
31,79,2,1,0,0,0,0,0,0,1,0
31,143,2,1,1,0,0,0,0,0,0,0
31,271,2,1,1,0,0,0,0,0,0,0
31,127,2,1,1,0,0,0,0,0,0,1
31,191,2,1,1,0,0,0,0,0,0,1
31,319,2,1,1,0,0,0,0,0,0,1
31,223,2,1,1,0,0,0,0,0,0,1
31,351,2,1,1,0,0,0,0,0,0,1
31,415,2,1,1,0,0,0,0,0,0,1
32,32,0,0,0,0,0,0,0,0,0,0
32,33,1,0,0,0,0,0,0,0,0,0
32,34,1,0,0,0,0,0,0,0,0,0
32,36,1,0,0,0,0,0,0,0,0,0
32,40,1,0,1,0,0,0,0,0,0,0
32,48,1,0,1,0,0,0,0,0,0,0
32,0,1,0,0,0,0,0,0,0,0,0
32,96,1,0,0,0,0,0,0,0,0,0
32,160,1,0,0,0,0,0,0,0,0,0
32,288,1,0,0,0,0,0,0,0,0,0
32,35,2,0,0,0,0,0,0,0,0,0
32,37,2,0,0,0,0,0,0,0,0,0
32,41,2,0,1,0,0,0,0,0,0,0
32,49,2,0,1,0,0,0,0,0,0,0
32,1,2,0,0,0,0,0,0,0,0,0
32,97,2,0,1,0,0,0,0,0,0,0
32,161,2,0,1,0,0,0,0,0,0,0
32,289,2,0,0,0,0,0,0,0,0,0
32,38,2,0,0,0,0,0,0,0,0,0
32,42,2,0,1,0,0,0,0,0,0,0
32,50,2,0,1,0,0,0,0,0,0,0
32,2,2,0,0,0,0,0,0,0,0,0
32,98,2,0,1,0,0,0,0,0,0,0
32,162,2,0,1,0,0,0,0,0,0,0
32,290,2,0,0,0,0,0,0,0,0,0
32,44,2,0,1,0,0,0,0,0,0,0
32,52,2,0,1,0,0,0,0,0,0,0
32,4,2,0,0,0,0,0,0,0,0,0
32,100,2,0,0,0,0,0,0,0,0,0
32,164,2,0,0,0,0,0,0,0,0,0
32,292,2,0,0,0,0,0,0,0,0,0
32,56,2,0,1,0,0,0,0,0,0,0
32,8,2,0,0,0,0,0,0,0,0,0
32,104,2,0,1,0,0,0,0,0,0,0
32,168,2,0,1,0,0,0,0,0,0,0
32,296,2,0,1,0,0,0,0,0,0,0
32,16,2,0,1,0,0,0,0,0,0,0
32,112,2,0,1,0,0,0,0,0,0,0
32,176,2,0,1,0,0,0,0,0,0,0
32,304,2,0,1,0,0,0,0,0,0,0
32,64,2,0,0,0,0,0,0,0,0,0
32,128,2,0,0,0,0,0,0,0,0,0
32,256,2,0,0,0,0,0,0,0,0,0
32,224,2,0,0,0,0,0,0,0,0,0
32,352,2,0,0,0,0,0,0,0,0,0
32,416,2,0,0,0,0,0,0,0,0,0
33,33,0,0,0,1,1,1,0,0,0,0
33,32,1,0,0,1,0,0,0,0,0,0
33,35,1,0,0,1,1,1,0,0,0,0
33,37,1,0,0,1,1,1,0,0,0,0
33,41,1,0,1,1,1,1,0,0,0,0
33,49,1,0,1,1,1,1,0,0,0,0
33,1,1,0,0,1,0,0,0,0,0,0
33,97,1,0,1,1,1,1,0,0,0,0
33,161,1,0,1,1,1,1,0,0,0,0
33,289,1,0,0,1,1,1,0,0,0,0
33,34,2,0,0,1,0,1,0,1,0,0
33,36,2,0,0,1,0,0,0,0,0,0
33,40,2,0,1,1,0,1,0,1,0,0
33,48,2,0,1,1,0,1,0,1,0,0
33,0,2,0,0,1,0,0,0,0,0,0
33,96,2,0,0,1,0,0,0,0,0,0
33,160,2,0,0,1,0,0,0,0,0,0
33,288,2,0,0,1,0,0,0,0,0,0
33,39,2,0,0,1,1,1,0,0,0,0
33,43,2,0,1,1,1,1,0,0,0,0
33,51,2,0,1,1,1,1,0,0,0,0
33,3,2,0,0,1,0,1,0,1,0,0
33,99,2,0,1,1,1,1,0,0,0,0
33,163,2,0,1,1,1,1,0,0,0,0
33,291,2,0,0,1,1,1,0,0,0,0
33,45,2,0,1,1,1,1,0,0,0,0
33,53,2,0,1,1,1,1,0,0,0,0
33,5,2,0,0,1,0,1,0,1,0,0
33,101,2,0,1,1,1,1,0,0,0,0
33,165,2,0,1,1,1,1,0,0,0,0
33,293,2,0,0,1,1,1,0,0,0,0
33,57,2,0,1,1,1,1,0,0,0,0
33,9,2,0,0,1,0,0,0,0,0,0
33,105,2,0,1,1,1,1,0,0,0,0
33,169,2,0,1,1,1,1,0,0,0,0
33,297,2,0,1,1,1,1,0,0,0,0
33,17,2,0,1,1,0,1,0,1,0,0
33,113,2,0,1,1,1,1,0,0,0,0
33,177,2,0,1,1,1,1,0,0,0,0
33,305,2,0,1,1,1,1,0,0,0,0
33,65,2,0,0,1,0,0,0,0,0,0
33,129,2,0,0,1,0,0,0,0,0,0
33,257,2,0,0,1,0,0,0,0,0,0
33,225,2,0,1,1,1,1,0,0,0,0
33,353,2,0,1,1,1,1,0,0,0,0
33,417,2,0,1,1,1,1,0,0,0,0
34,34,0,0,0,0,0,0,0,0,0,0
34,35,1,0,0,0,0,0,0,0,0,0
34,32,1,0,0,0,0,0,0,0,0,0
34,38,1,0,0,0,0,0,0,0,0,0
34,42,1,0,1,0,0,0,0,0,0,0
34,50,1,0,1,0,0,0,0,0,0,0
34,2,1,0,0,0,0,0,0,0,0,0
34,98,1,0,1,0,0,0,0,0,0,0
34,162,1,0,1,0,0,0,0,0,0,0
34,290,1,0,0,0,0,0,0,0,0,0
34,33,2,0,0,0,0,0,0,0,0,0
34,39,2,0,0,0,0,0,0,0,0,0
34,43,2,0,1,0,0,0,0,0,0,0
34,51,2,0,1,0,0,0,0,0,0,0
34,3,2,0,0,0,0,0,0,0,0,0
34,99,2,0,1,0,0,0,0,0,0,0
34,163,2,0,1,0,0,0,0,0,0,0
34,291,2,0,0,0,0,0,0,0,0,0
34,36,2,0,0,0,0,0,0,0,0,0
34,40,2,0,1,0,0,0,0,0,0,0
34,48,2,0,1,0,0,0,0,0,0,0
34,0,2,0,0,0,0,0,0,0,0,0
34,96,2,0,0,0,0,0,0,0,0,0
34,160,2,0,0,0,0,0,0,0,0,0
34,288,2,0,0,0,0,0,0,0,0,0
34,46,2,0,1,0,0,0,0,0,0,0
34,54,2,0,1,0,0,0,0,0,0,0
34,6,2,0,0,0,0,0,0,0,0,0
34,102,2,0,1,0,0,0,0,0,0,0
34,166,2,0,1,0,0,0,0,0,0,0
34,294,2,0,0,0,0,0,0,0,0,0
34,58,2,0,1,0,0,0,0,0,0,0
34,10,2,0,0,0,0,0,0,0,0,0
34,106,2,0,1,0,0,0,0,0,0,0
34,170,2,0,1,0,0,0,0,0,0,0
34,298,2,0,1,0,0,0,0,0,0,0
34,18,2,0,1,0,0,0,0,0,0,0
34,114,2,0,1,0,0,0,0,0,0,0
34,178,2,0,1,0,0,0,0,0,0,0
34,306,2,0,1,0,0,0,0,0,0,0
34,66,2,0,0,0,0,0,0,0,0,0
34,130,2,0,1,0,0,0,0,0,0,0
34,258,2,0,0,0,0,0,0,0,0,0
34,226,2,0,1,0,0,0,0,0,0,0
34,354,2,0,1,0,0,0,0,0,0,0
34,418,2,0,1,0,0,0,0,0,0,0
35,35,0,0,0,0,0,0,0,0,0,0
35,34,1,0,0,0,0,0,0,0,0,0
35,33,1,0,0,0,0,0,0,0,0,0
35,39,1,0,0,0,0,0,0,0,0,0
35,43,1,0,1,0,0,0,0,0,0,0
35,51,1,0,1,0,0,0,0,0,0,0
35,3,1,0,0,0,0,0,0,0,0,0
35,99,1,0,1,0,0,0,0,0,0,0
35,163,1,0,1,0,0,0,0,0,0,0
35,291,1,0,0,0,0,0,0,0,0,0
35,32,2,0,0,0,0,0,0,0,0,0
35,38,2,0,0,0,0,0,0,0,0,0
35,42,2,0,1,0,0,0,0,0,0,0
35,50,2,0,1,0,0,0,0,0,0,0
35,2,2,0,0,0,0,0,0,0,0,0
35,98,2,0,1,0,0,0,0,0,0,0
35,162,2,0,1,0,0,0,0,0,0,0
35,290,2,0,0,0,0,0,0,0,0,0
35,37,2,0,0,0,0,0,0,0,0,0
35,41,2,0,1,0,0,0,0,0,0,0
35,49,2,0,1,0,0,0,0,0,0,0
35,1,2,0,0,0,0,0,0,0,0,0
35,97,2,0,1,0,0,0,0,0,0,0
35,161,2,0,1,0,0,0,0,0,0,0
35,289,2,0,0,0,0,0,0,0,0,0
35,47,2,0,1,0,0,0,0,0,0,0
35,55,2,0,1,0,0,0,0,0,0,0
35,7,2,0,0,0,0,0,0,0,0,0
35,103,2,0,1,0,0,0,0,0,0,0
35,167,2,0,1,0,0,0,0,0,0,0
35,295,2,0,0,0,0,0,0,0,0,0
35,59,2,0,1,0,0,0,0,0,0,0
35,11,2,0,0,0,0,0,0,0,0,0
35,107,2,0,1,0,0,0,0,0,0,0
35,171,2,0,1,0,0,0,0,0,0,0
35,299,2,0,1,0,0,0,0,0,0,0
35,19,2,0,1,0,0,0,0,0,0,0
35,115,2,0,1,0,0,0,0,0,0,0
35,179,2,0,1,0,0,0,0,0,0,0
35,307,2,0,1,0,0,0,0,0,0,0
35,67,2,0,0,0,0,0,0,0,0,0
35,131,2,0,1,0,0,0,0,0,0,0
35,259,2,0,0,0,0,0,0,0,0,0
35,227,2,0,1,0,0,0,0,0,0,0
35,355,2,0,1,0,0,0,0,0,0,0
35,419,2,0,1,0,0,0,0,0,0,0
36,36,0,0,0,0,0,0,0,0,0,0
36,37,1,0,0,0,0,0,0,0,0,0
36,38,1,0,0,0,0,0,0,0,0,0
36,32,1,0,0,0,0,0,0,0,0,0
36,44,1,0,1,0,0,0,0,0,0,0
36,52,1,0,1,0,0,0,0,0,0,0
36,4,1,0,0,0,0,0,0,0,0,0
36,100,1,0,0,0,0,0,0,0,0,0
36,164,1,0,0,0,0,0,0,0,0,0
36,292,1,0,0,0,0,0,0,0,0,0
36,39,2,0,0,0,0,0,0,0,0,0
36,33,2,0,0,0,0,0,0,0,0,0
36,45,2,0,1,0,0,0,0,0,0,0
36,53,2,0,1,0,0,0,0,0,0,0
36,5,2,0,0,0,0,0,0,0,0,0
36,101,2,0,1,0,0,0,0,0,0,0
36,165,2,0,1,0,0,0,0,0,0,0
36,293,2,0,0,0,0,0,0,0,0,0
36,34,2,0,0,0,0,0,0,0,0,0
36,46,2,0,1,0,0,0,0,0,0,0
36,54,2,0,1,0,0,0,0,0,0,0
36,6,2,0,0,0,0,0,0,0,0,0
36,102,2,0,1,0,0,0,0,0,0,0
36,166,2,0,1,0,0,0,0,0,0,0
36,294,2,0,0,0,0,0,0,0,0,0
36,40,2,0,1,0,0,0,0,0,0,0
36,48,2,0,1,0,0,0,0,0,0,0
36,0,2,0,0,0,0,0,0,0,0,0
36,96,2,0,0,0,0,0,0,0,0,0
36,160,2,0,0,0,0,0,0,0,0,0
36,288,2,0,0,0,0,0,0,0,0,0
36,60,2,0,1,0,0,0,0,0,0,0
36,12,2,0,0,0,0,0,0,0,0,0
36,108,2,0,1,0,0,0,0,0,0,0
36,172,2,0,1,0,0,0,0,0,0,0
36,300,2,0,1,0,0,0,0,0,0,0
36,20,2,0,1,0,0,0,0,0,0,0
36,116,2,0,1,0,0,0,0,0,0,0
36,180,2,0,1,0,0,0,0,0,0,0
36,308,2,0,1,0,0,0,0,0,0,0
36,68,2,0,0,0,0,0,0,0,0,0
36,132,2,0,0,0,0,0,0,0,0,0
36,260,2,0,0,0,0,0,0,0,0,0
36,228,2,0,0,0,0,0,0,0,0,0
36,356,2,0,0,0,0,0,0,0,0,0
36,420,2,0,0,0,0,0,0,0,0,0
37,37,0,0,0,1,1,1,0,0,0,0
37,36,1,0,0,1,0,0,0,0,0,0
37,39,1,0,0,1,1,1,0,0,0,0
37,33,1,0,0,1,0,1,0,1,0,0
37,45,1,0,1,1,1,1,0,0,0,0
37,53,1,0,1,1,1,1,0,0,0,0
37,5,1,0,0,1,1,1,0,0,0,0
37,101,1,0,1,1,1,1,0,0,0,0
37,165,1,0,1,1,1,1,0,0,0,0
37,293,1,0,0,1,1,1,0,0,0,0
37,38,2,0,0,1,0,1,0,1,0,0
37,32,2,0,0,1,0,0,0,0,0,0
37,44,2,0,1,1,0,1,0,1,0,0
37,52,2,0,1,1,0,1,0,1,0,0
37,4,2,0,0,1,0,0,0,0,0,0
37,100,2,0,0,1,0,0,0,0,0,0
37,164,2,0,0,1,0,0,0,0,0,0
37,292,2,0,0,1,0,0,0,0,0,0
37,35,2,0,0,1,0,1,0,1,0,0
37,47,2,0,1,1,1,1,0,0,0,0
37,55,2,0,1,1,1,1,0,0,0,0
37,7,2,0,0,1,1,1,0,0,0,0
37,103,2,0,1,1,1,1,0,0,0,0
37,167,2,0,1,1,1,1,0,0,0,0
37,295,2,0,0,1,1,1,0,0,0,0
37,41,2,0,1,1,0,1,0,1,0,0
37,49,2,0,1,1,0,1,0,1,0,0
37,1,2,0,0,1,0,0,0,0,0,0
37,97,2,0,1,1,0,1,0,1,0,0
37,161,2,0,1,1,0,1,0,1,0,0
37,289,2,0,0,1,0,1,0,1,0,0
37,61,2,0,1,1,1,1,0,0,0,0
37,13,2,0,0,1,1,1,0,0,0,0
37,109,2,0,1,1,1,1,0,0,0,0
37,173,2,0,1,1,1,1,0,0,0,0
37,301,2,0,1,1,1,1,0,0,0,0
37,21,2,0,1,1,1,1,0,0,0,0
37,117,2,0,1,1,1,1,0,0,0,0
37,181,2,0,1,1,1,1,0,0,0,0
37,309,2,0,1,1,1,1,0,0,0,0
37,69,2,0,0,1,1,1,0,0,0,0
37,133,2,0,1,1,1,1,0,0,0,0
37,261,2,0,0,1,1,1,0,0,0,0
37,229,2,0,1,1,1,1,0,0,0,0
37,357,2,0,1,1,1,1,0,0,0,0
37,421,2,0,1,1,1,1,0,0,0,0
38,38,0,0,0,0,0,0,0,0,0,0
38,39,1,0,0,0,0,0,0,0,0,0
38,36,1,0,0,0,0,0,0,0,0,0
38,34,1,0,0,0,0,0,0,0,0,0
38,46,1,0,1,0,0,0,0,0,0,0
38,54,1,0,1,0,0,0,0,0,0,0
38,6,1,0,0,0,0,0,0,0,0,0
38,102,1,0,1,0,0,0,0,0,0,0
38,166,1,0,1,0,0,0,0,0,0,0
38,294,1,0,0,0,0,0,0,0,0,0
38,37,2,0,0,0,0,0,0,0,0,0
38,35,2,0,0,0,0,0,0,0,0,0
38,47,2,0,1,0,0,0,0,0,0,0
38,55,2,0,1,0,0,0,0,0,0,0
38,7,2,0,0,0,0,0,0,0,0,0
38,103,2,0,1,0,0,0,0,0,0,0
38,167,2,0,1,0,0,0,0,0,0,0
38,295,2,0,0,0,0,0,0,0,0,0
38,32,2,0,0,0,0,0,0,0,0,0
38,44,2,0,1,0,0,0,0,0,0,0
38,52,2,0,1,0,0,0,0,0,0,0
38,4,2,0,0,0,0,0,0,0,0,0
38,100,2,0,0,0,0,0,0,0,0,0
38,164,2,0,0,0,0,0,0,0,0,0
38,292,2,0,0,0,0,0,0,0,0,0
38,42,2,0,1,0,0,0,0,0,0,0
38,50,2,0,1,0,0,0,0,0,0,0
38,2,2,0,0,0,0,0,0,0,0,0
38,98,2,0,1,0,0,0,0,0,0,0
38,162,2,0,1,0,0,0,0,0,0,0
38,290,2,0,0,0,0,0,0,0,0,0
38,62,2,0,1,0,0,0,0,0,0,0
38,14,2,0,0,0,0,0,0,0,0,0
38,110,2,0,1,0,0,0,0,0,0,0
38,174,2,0,1,0,0,0,0,0,0,0
38,302,2,0,1,0,0,0,0,0,0,0
38,22,2,0,1,0,0,0,0,0,0,0
38,118,2,0,1,0,0,0,0,0,0,0
38,182,2,0,1,0,0,0,0,0,0,0
38,310,2,0,1,0,0,0,0,0,0,0
38,70,2,0,0,0,0,0,0,0,0,0
38,134,2,0,1,0,0,0,0,0,0,0
38,262,2,0,0,0,0,0,0,0,0,0
38,230,2,0,1,0,0,0,0,0,0,0
38,358,2,0,1,0,0,0,0,0,0,0
38,422,2,0,1,0,0,0,0,0,0,0
39,39,0,0,0,0,0,0,0,0,0,0
39,38,1,0,0,0,0,0,0,0,0,0
39,37,1,0,0,0,0,0,0,0,0,0
39,35,1,0,0,0,0,0,0,0,0,0
39,47,1,0,1,0,0,0,0,0,0,0
39,55,1,0,1,0,0,0,0,0,0,0
39,7,1,0,0,0,0,0,0,0,0,0
39,103,1,0,1,0,0,0,0,0,0,0
39,167,1,0,1,0,0,0,0,0,0,0
39,295,1,0,0,0,0,0,0,0,0,0
39,36,2,0,0,0,0,0,0,0,0,0
39,34,2,0,0,0,0,0,0,0,0,0
39,46,2,0,1,0,0,0,0,0,0,0
39,54,2,0,1,0,0,0,0,0,0,0
39,6,2,0,0,0,0,0,0,0,0,0
39,102,2,0,1,0,0,0,0,0,0,0
39,166,2,0,1,0,0,0,0,0,0,0
39,294,2,0,0,0,0,0,0,0,0,0
39,33,2,0,0,0,0,0,0,0,0,0
39,45,2,0,1,0,0,0,0,0,0,0
39,53,2,0,1,0,0,0,0,0,0,0
39,5,2,0,0,0,0,0,0,0,0,0
39,101,2,0,1,0,0,0,0,0,0,0
39,165,2,0,1,0,0,0,0,0,0,0
39,293,2,0,0,0,0,0,0,0,0,0
39,43,2,0,1,0,0,0,0,0,0,0
39,51,2,0,1,0,0,0,0,0,0,0
39,3,2,0,0,0,0,0,0,0,0,0
39,99,2,0,1,0,0,0,0,0,0,0
39,163,2,0,1,0,0,0,0,0,0,0
39,291,2,0,0,0,0,0,0,0,0,0
39,63,2,0,1,0,0,0,0,0,0,0
39,15,2,0,0,0,0,0,0,0,0,0
39,111,2,0,1,0,0,0,0,0,0,0
39,175,2,0,1,0,0,0,0,0,0,0
39,303,2,0,1,0,0,0,0,0,0,0
39,23,2,0,1,0,0,0,0,0,0,0
39,119,2,0,1,0,0,0,0,0,0,0
39,183,2,0,1,0,0,0,0,0,0,0
39,311,2,0,1,0,0,0,0,0,0,0
39,71,2,0,0,0,0,0,0,0,0,0
39,135,2,0,1,0,0,0,0,0,0,0
39,263,2,0,0,0,0,0,0,0,0,0
39,231,2,0,1,0,0,0,0,0,0,0
39,359,2,0,1,0,0,0,0,0,0,0
39,423,2,0,1,0,0,0,0,0,0,0
40,40,0,1,1,1,1,1,0,0,0,1
40,41,1,1,1,1,1,1,0,0,0,1
40,42,1,1,1,1,1,1,0,0,0,1
40,44,1,1,1,1,1,1,0,0,0,1
40,32,1,1,0,1,0,0,0,0,1,0
40,56,1,1,1,1,1,1,0,0,0,1
40,8,1,1,0,1,0,0,0,0,1,0
40,104,1,1,1,1,1,1,0,0,0,1
40,168,1,1,1,1,1,1,0,0,0,1
40,296,1,1,1,1,1,1,0,0,0,1
40,43,2,1,1,1,1,1,0,0,0,1
40,45,2,1,1,1,1,1,0,0,0,1
40,33,2,1,0,1,0,0,0,0,1,0
40,57,2,1,1,1,1,1,0,0,0,1
40,9,2,1,0,1,0,0,0,0,1,0
40,105,2,1,1,1,1,1,0,0,0,1
40,169,2,1,1,1,1,1,0,0,0,1
40,297,2,1,1,1,1,1,0,0,0,1
40,46,2,1,1,1,1,1,0,0,0,1
40,34,2,1,0,1,0,0,0,0,1,0
40,58,2,1,1,1,1,1,0,0,0,1
40,10,2,1,0,1,0,0,0,0,1,0
40,106,2,1,1,1,1,1,0,0,0,1
40,170,2,1,1,1,1,1,0,0,0,1
40,298,2,1,1,1,1,1,0,0,0,1
40,36,2,1,0,1,0,0,0,0,1,0
40,60,2,1,1,1,1,1,0,0,0,1
40,12,2,1,0,1,0,0,0,0,1,0
40,108,2,1,1,1,1,1,0,0,0,1
40,172,2,1,1,1,1,1,0,0,0,1
40,300,2,1,1,1,1,1,0,0,0,1
40,48,2,1,1,1,0,1,0,1,0,0
40,0,2,1,0,1,0,0,0,0,1,0
40,96,2,1,0,1,0,0,0,0,1,0
40,160,2,1,0,1,0,0,0,0,1,0
40,288,2,1,0,1,0,0,0,0,1,0
40,24,2,1,1,1,0,1,0,1,0,0
40,120,2,1,1,1,1,1,0,0,0,1
40,184,2,1,1,1,1,1,0,0,0,1
40,312,2,1,1,1,1,1,0,0,0,1
40,72,2,1,0,1,0,0,0,0,1,0
40,136,2,1,0,1,0,0,0,0,1,0
40,264,2,1,0,1,0,0,0,0,1,0
40,232,2,1,1,1,1,1,0,0,0,1
40,360,2,1,1,1,1,1,0,0,0,1
40,424,2,1,1,1,1,1,0,0,0,1
41,41,0,1,1,2,2,2,0,0,0,1
41,40,1,1,1,2,1,2,0,1,0,1
41,43,1,1,1,2,2,2,0,0,0,1
41,45,1,1,1,2,2,2,0,0,0,1
41,33,1,1,0,2,1,1,0,0,1,0
41,57,1,1,1,2,2,2,0,0,0,1
41,9,1,1,0,2,0,0,0,0,1,0
41,105,1,1,1,2,2,2,0,0,0,1
41,169,1,1,1,2,2,2,0,0,0,1
41,297,1,1,1,2,2,2,0,0,0,1
41,42,2,1,1,2,1,2,0,1,0,1
41,44,2,1,1,2,1,2,0,1,0,1
41,32,2,1,0,2,0,0,0,0,1,0
41,56,2,1,1,2,1,2,0,1,0,1
41,8,2,1,0,2,0,0,0,0,1,0
41,104,2,1,1,2,1,2,0,1,0,1
41,168,2,1,1,2,1,2,0,1,0,1
41,296,2,1,1,2,1,2,0,1,0,1
41,47,2,1,1,2,2,2,0,0,0,1
41,35,2,1,0,2,1,1,0,0,1,0
41,59,2,1,1,2,2,2,0,0,0,1
41,11,2,1,0,2,0,1,0,1,1,0
41,107,2,1,1,2,2,2,0,0,0,1
41,171,2,1,1,2,2,2,0,0,0,1
41,299,2,1,1,2,2,2,0,0,0,1
41,37,2,1,0,2,1,1,0,0,1,0
41,61,2,1,1,2,2,2,0,0,0,1
41,13,2,1,0,2,0,1,0,1,1,0
41,109,2,1,1,2,2,2,0,0,0,1
41,173,2,1,1,2,2,2,0,0,0,1
41,301,2,1,1,2,2,2,0,0,0,1
41,49,2,1,1,2,1,2,0,1,0,0
41,1,2,1,0,2,0,0,0,0,1,0
41,97,2,1,1,2,1,2,0,1,0,0
41,161,2,1,1,2,1,2,0,1,0,0
41,289,2,1,0,2,1,1,0,0,1,0
41,25,2,1,1,2,0,2,0,2,0,0
41,121,2,1,1,2,2,2,0,0,0,1
41,185,2,1,1,2,2,2,0,0,0,1
41,313,2,1,1,2,2,2,0,0,0,1
41,73,2,1,0,2,0,0,0,0,1,0
41,137,2,1,0,2,0,0,0,0,1,0
41,265,2,1,0,2,0,0,0,0,1,0
41,233,2,1,1,2,2,2,0,0,0,1
41,361,2,1,1,2,2,2,0,0,0,1
41,425,2,1,1,2,2,2,0,0,0,1
42,42,0,1,1,1,1,1,0,0,0,1
42,43,1,1,1,1,1,1,0,0,0,1
42,40,1,1,1,1,1,1,0,0,0,1
42,46,1,1,1,1,1,1,0,0,0,1
42,34,1,1,0,1,0,0,0,0,1,0
42,58,1,1,1,1,1,1,0,0,0,1
42,10,1,1,0,1,0,0,0,0,1,0
42,106,1,1,1,1,1,1,0,0,0,1
42,170,1,1,1,1,1,1,0,0,0,1
42,298,1,1,1,1,1,1,0,0,0,1
42,41,2,1,1,1,1,1,0,0,0,1
42,47,2,1,1,1,1,1,0,0,0,1
42,35,2,1,0,1,0,0,0,0,1,0
42,59,2,1,1,1,1,1,0,0,0,1
42,11,2,1,0,1,0,0,0,0,1,0
42,107,2,1,1,1,1,1,0,0,0,1
42,171,2,1,1,1,1,1,0,0,0,1
42,299,2,1,1,1,1,1,0,0,0,1
42,44,2,1,1,1,1,1,0,0,0,1
42,32,2,1,0,1,0,0,0,0,1,0
42,56,2,1,1,1,1,1,0,0,0,1
42,8,2,1,0,1,0,0,0,0,1,0
42,104,2,1,1,1,1,1,0,0,0,1
42,168,2,1,1,1,1,1,0,0,0,1
42,296,2,1,1,1,1,1,0,0,0,1
42,38,2,1,0,1,0,0,0,0,1,0
42,62,2,1,1,1,1,1,0,0,0,1
42,14,2,1,0,1,0,0,0,0,1,0
42,110,2,1,1,1,1,1,0,0,0,1
42,174,2,1,1,1,1,1,0,0,0,1
42,302,2,1,1,1,1,1,0,0,0,1
42,50,2,1,1,1,0,1,0,1,0,0
42,2,2,1,0,1,0,0,0,0,1,0
42,98,2,1,1,1,0,1,0,1,0,0
42,162,2,1,1,1,0,1,0,1,0,0
42,290,2,1,0,1,0,0,0,0,1,0
42,26,2,1,1,1,0,1,0,1,0,0
42,122,2,1,1,1,1,1,0,0,0,1
42,186,2,1,1,1,1,1,0,0,0,1
42,314,2,1,1,1,1,1,0,0,0,1
42,74,2,1,0,1,0,0,0,0,1,0
42,138,2,1,1,1,0,1,0,1,0,0
42,266,2,1,1,1,0,1,0,1,0,0
42,234,2,1,1,1,1,1,0,0,0,1
42,362,2,1,1,1,1,1,0,0,0,1
42,426,2,1,1,1,1,1,0,0,0,1
43,43,0,1,1,1,1,1,0,0,0,1
43,42,1,1,1,1,1,1,0,0,0,1
43,41,1,1,1,1,1,1,0,0,0,1
43,47,1,1,1,1,1,1,0,0,0,1
43,35,1,1,0,1,0,0,0,0,1,0
43,59,1,1,1,1,1,1,0,0,0,1
43,11,1,1,0,1,0,0,0,0,1,0
43,107,1,1,1,1,1,1,0,0,0,1
43,171,1,1,1,1,1,1,0,0,0,1
43,299,1,1,1,1,1,1,0,0,0,1
43,40,2,1,1,1,1,1,0,0,0,1
43,46,2,1,1,1,1,1,0,0,0,1
43,34,2,1,0,1,0,0,0,0,1,0
43,58,2,1,1,1,1,1,0,0,0,1
43,10,2,1,0,1,0,0,0,0,1,0
43,106,2,1,1,1,1,1,0,0,0,1
43,170,2,1,1,1,1,1,0,0,0,1
43,298,2,1,1,1,1,1,0,0,0,1
43,45,2,1,1,1,1,1,0,0,0,1
43,33,2,1,0,1,0,0,0,0,1,0
43,57,2,1,1,1,1,1,0,0,0,1
43,9,2,1,0,1,0,0,0,0,1,0
43,105,2,1,1,1,1,1,0,0,0,1
43,169,2,1,1,1,1,1,0,0,0,1
43,297,2,1,1,1,1,1,0,0,0,1
43,39,2,1,0,1,0,0,0,0,1,0
43,63,2,1,1,1,1,1,0,0,0,1
43,15,2,1,0,1,0,0,0,0,1,0
43,111,2,1,1,1,1,1,0,0,0,1
43,175,2,1,1,1,1,1,0,0,0,1
43,303,2,1,1,1,1,1,0,0,0,1
43,51,2,1,1,1,0,1,0,1,0,0
43,3,2,1,0,1,0,0,0,0,1,0
43,99,2,1,1,1,0,1,0,1,0,0
43,163,2,1,1,1,0,1,0,1,0,0
43,291,2,1,0,1,0,0,0,0,1,0
43,27,2,1,1,1,0,1,0,1,0,0
43,123,2,1,1,1,1,1,0,0,0,1
43,187,2,1,1,1,1,1,0,0,0,1
43,315,2,1,1,1,1,1,0,0,0,1
43,75,2,1,0,1,0,0,0,0,1,0
43,139,2,1,1,1,0,1,0,1,0,0
43,267,2,1,1,1,0,1,0,1,0,0
43,235,2,1,1,1,1,1,0,0,0,1
43,363,2,1,1,1,1,1,0,0,0,1
43,427,2,1,1,1,1,1,0,0,0,1
44,44,0,1,1,2,2,2,0,0,0,1
44,45,1,1,1,2,2,2,0,0,0,1
44,46,1,1,1,2,2,2,0,0,0,1
44,40,1,1,1,2,1,2,0,1,0,1
44,36,1,1,0,2,0,0,0,0,1,0
44,60,1,1,1,2,2,2,0,0,0,1
44,12,1,1,0,2,1,1,0,0,1,0
44,108,1,1,1,2,2,2,0,0,0,1
44,172,1,1,1,2,2,2,0,0,0,1
44,300,1,1,1,2,2,2,0,0,0,1
44,47,2,1,1,2,2,2,0,0,0,1
44,41,2,1,1,2,1,2,0,1,0,1
44,37,2,1,0,2,0,1,0,1,1,0
44,61,2,1,1,2,2,2,0,0,0,1
44,13,2,1,0,2,1,1,0,0,1,0
44,109,2,1,1,2,2,2,0,0,0,1
44,173,2,1,1,2,2,2,0,0,0,1
44,301,2,1,1,2,2,2,0,0,0,1
44,42,2,1,1,2,1,2,0,1,0,1
44,38,2,1,0,2,0,1,0,1,1,0
44,62,2,1,1,2,2,2,0,0,0,1
44,14,2,1,0,2,1,1,0,0,1,0
44,110,2,1,1,2,2,2,0,0,0,1
44,174,2,1,1,2,2,2,0,0,0,1
44,302,2,1,1,2,2,2,0,0,0,1
44,32,2,1,0,2,0,0,0,0,1,0
44,56,2,1,1,2,1,2,0,1,0,1
44,8,2,1,0,2,0,0,0,0,1,0
44,104,2,1,1,2,1,2,0,1,0,1
44,168,2,1,1,2,1,2,0,1,0,1
44,296,2,1,1,2,1,2,0,1,0,1
44,52,2,1,1,2,0,2,0,2,0,0
44,4,2,1,0,2,0,0,0,0,1,0
44,100,2,1,0,2,0,0,0,0,1,0
44,164,2,1,0,2,0,0,0,0,1,0
44,292,2,1,0,2,0,0,0,0,1,0
44,28,2,1,1,2,1,2,0,1,0,0
44,124,2,1,1,2,2,2,0,0,0,1
44,188,2,1,1,2,2,2,0,0,0,1
44,316,2,1,1,2,2,2,0,0,0,1
44,76,2,1,0,2,1,1,0,0,1,0
44,140,2,1,1,2,1,2,0,1,0,0
44,268,2,1,1,2,1,2,0,1,0,0
44,236,2,1,1,2,2,2,0,0,0,1
44,364,2,1,1,2,2,2,0,0,0,1
44,428,2,1,1,2,2,2,0,0,0,1
45,45,0,1,1,2,2,2,0,0,0,1
45,44,1,1,1,2,1,2,0,1,0,1
45,47,1,1,1,2,2,2,0,0,0,1
45,41,1,1,1,2,1,2,0,1,0,1
45,37,1,1,0,2,1,1,0,0,1,0
45,61,1,1,1,2,2,2,0,0,0,1
45,13,1,1,0,2,1,1,0,0,1,0
45,109,1,1,1,2,2,2,0,0,0,1
45,173,1,1,1,2,2,2,0,0,0,1
45,301,1,1,1,2,2,2,0,0,0,1
45,46,2,1,1,2,1,2,0,1,0,1
45,40,2,1,1,2,1,2,0,1,0,1
45,36,2,1,0,2,0,0,0,0,1,0
45,60,2,1,1,2,1,2,0,1,0,1
45,12,2,1,0,2,0,1,0,1,1,0
45,108,2,1,1,2,1,2,0,1,0,1
45,172,2,1,1,2,1,2,0,1,0,1
45,300,2,1,1,2,1,2,0,1,0,1
45,43,2,1,1,2,1,2,0,1,0,1
45,39,2,1,0,2,1,1,0,0,1,0
45,63,2,1,1,2,2,2,0,0,0,1
45,15,2,1,0,2,1,1,0,0,1,0
45,111,2,1,1,2,2,2,0,0,0,1
45,175,2,1,1,2,2,2,0,0,0,1
45,303,2,1,1,2,2,2,0,0,0,1
45,33,2,1,0,2,0,1,0,1,1,0
45,57,2,1,1,2,1,2,0,1,0,1
45,9,2,1,0,2,0,0,0,0,1,0
45,105,2,1,1,2,1,2,0,1,0,1
45,169,2,1,1,2,1,2,0,1,0,1
45,297,2,1,1,2,1,2,0,1,0,1
45,53,2,1,1,2,1,2,0,1,0,0
45,5,2,1,0,2,1,1,0,0,1,0
45,101,2,1,1,2,1,2,0,1,0,0
45,165,2,1,1,2,1,2,0,1,0,0
45,293,2,1,0,2,1,1,0,0,1,0
45,29,2,1,1,2,1,2,0,1,0,0
45,125,2,1,1,2,2,2,0,0,0,1
45,189,2,1,1,2,2,2,0,0,0,1
45,317,2,1,1,2,2,2,0,0,0,1
45,77,2,1,0,2,1,1,0,0,1,0
45,141,2,1,1,2,1,2,0,1,0,0
45,269,2,1,1,2,1,2,0,1,0,0
45,237,2,1,1,2,2,2,0,0,0,1
45,365,2,1,1,2,2,2,0,0,0,1
45,429,2,1,1,2,2,2,0,0,0,1
46,46,0,1,1,1,1,1,0,0,0,1
46,47,1,1,1,1,1,1,0,0,0,1
46,44,1,1,1,1,1,1,0,0,0,1
46,42,1,1,1,1,1,1,0,0,0,1
46,38,1,1,0,1,0,0,0,0,1,0
46,62,1,1,1,1,1,1,0,0,0,1
46,14,1,1,0,1,0,0,0,0,1,0
46,110,1,1,1,1,1,1,0,0,0,1
46,174,1,1,1,1,1,1,0,0,0,1
46,302,1,1,1,1,1,1,0,0,0,1
46,45,2,1,1,1,1,1,0,0,0,1
46,43,2,1,1,1,1,1,0,0,0,1
46,39,2,1,0,1,0,0,0,0,1,0
46,63,2,1,1,1,1,1,0,0,0,1
46,15,2,1,0,1,0,0,0,0,1,0
46,111,2,1,1,1,1,1,0,0,0,1
46,175,2,1,1,1,1,1,0,0,0,1
46,303,2,1,1,1,1,1,0,0,0,1
46,40,2,1,1,1,1,1,0,0,0,1
46,36,2,1,0,1,0,0,0,0,1,0
46,60,2,1,1,1,1,1,0,0,0,1
46,12,2,1,0,1,0,0,0,0,1,0
46,108,2,1,1,1,1,1,0,0,0,1
46,172,2,1,1,1,1,1,0,0,0,1
46,300,2,1,1,1,1,1,0,0,0,1
46,34,2,1,0,1,0,0,0,0,1,0
46,58,2,1,1,1,1,1,0,0,0,1
46,10,2,1,0,1,0,0,0,0,1,0
46,106,2,1,1,1,1,1,0,0,0,1
46,170,2,1,1,1,1,1,0,0,0,1
46,298,2,1,1,1,1,1,0,0,0,1
46,54,2,1,1,1,0,1,0,1,0,0
46,6,2,1,0,1,0,0,0,0,1,0
46,102,2,1,1,1,0,1,0,1,0,0
46,166,2,1,1,1,0,1,0,1,0,0
46,294,2,1,0,1,0,0,0,0,1,0
46,30,2,1,1,1,0,1,0,1,0,0
46,126,2,1,1,1,1,1,0,0,0,1
46,190,2,1,1,1,1,1,0,0,0,1
46,318,2,1,1,1,1,1,0,0,0,1
46,78,2,1,0,1,0,0,0,0,1,0
46,142,2,1,1,1,0,1,0,1,0,0
46,270,2,1,1,1,0,1,0,1,0,0
46,238,2,1,1,1,1,1,0,0,0,1
46,366,2,1,1,1,1,1,0,0,0,1
46,430,2,1,1,1,1,1,0,0,0,1
47,47,0,1,1,1,1,1,0,0,0,1
47,46,1,1,1,1,1,1,0,0,0,1
47,45,1,1,1,1,1,1,0,0,0,1
47,43,1,1,1,1,1,1,0,0,0,1
47,39,1,1,0,1,0,0,0,0,1,0
47,63,1,1,1,1,1,1,0,0,0,1
47,15,1,1,0,1,0,0,0,0,1,0
47,111,1,1,1,1,1,1,0,0,0,1
47,175,1,1,1,1,1,1,0,0,0,1
47,303,1,1,1,1,1,1,0,0,0,1
47,44,2,1,1,1,1,1,0,0,0,1
47,42,2,1,1,1,1,1,0,0,0,1
47,38,2,1,0,1,0,0,0,0,1,0
47,62,2,1,1,1,1,1,0,0,0,1
47,14,2,1,0,1,0,0,0,0,1,0
47,110,2,1,1,1,1,1,0,0,0,1
47,174,2,1,1,1,1,1,0,0,0,1
47,302,2,1,1,1,1,1,0,0,0,1
47,41,2,1,1,1,1,1,0,0,0,1
47,37,2,1,0,1,0,0,0,0,1,0
47,61,2,1,1,1,1,1,0,0,0,1
47,13,2,1,0,1,0,0,0,0,1,0
47,109,2,1,1,1,1,1,0,0,0,1
47,173,2,1,1,1,1,1,0,0,0,1
47,301,2,1,1,1,1,1,0,0,0,1
47,35,2,1,0,1,0,0,0,0,1,0
47,59,2,1,1,1,1,1,0,0,0,1
47,11,2,1,0,1,0,0,0,0,1,0
47,107,2,1,1,1,1,1,0,0,0,1
47,171,2,1,1,1,1,1,0,0,0,1
47,299,2,1,1,1,1,1,0,0,0,1
47,55,2,1,1,1,0,1,0,1,0,0
47,7,2,1,0,1,0,0,0,0,1,0
47,103,2,1,1,1,0,1,0,1,0,0
47,167,2,1,1,1,0,1,0,1,0,0
47,295,2,1,0,1,0,0,0,0,1,0
47,31,2,1,1,1,0,1,0,1,0,0
47,127,2,1,1,1,1,1,0,0,0,1
47,191,2,1,1,1,1,1,0,0,0,1
47,319,2,1,1,1,1,1,0,0,0,1
47,79,2,1,0,1,0,0,0,0,1,0
47,143,2,1,1,1,0,1,0,1,0,0
47,271,2,1,1,1,0,1,0,1,0,0
47,239,2,1,1,1,1,1,0,0,0,1
47,367,2,1,1,1,1,1,0,0,0,1
47,431,2,1,1,1,1,1,0,0,0,1
48,48,0,1,1,0,0,0,0,0,0,1
48,49,1,1,1,0,0,0,0,0,0,1
48,50,1,1,1,0,0,0,0,0,0,1
48,52,1,1,1,0,0,0,0,0,0,1
48,56,1,1,1,0,0,0,0,0,0,1
48,32,1,1,0,0,0,0,0,0,1,0
48,16,1,1,1,0,0,0,0,0,0,1
48,112,1,1,1,0,0,0,0,0,0,1
48,176,1,1,1,0,0,0,0,0,0,1
48,304,1,1,1,0,0,0,0,0,0,1
48,51,2,1,1,0,0,0,0,0,0,1
48,53,2,1,1,0,0,0,0,0,0,1
48,57,2,1,1,0,0,0,0,0,0,1
48,33,2,1,0,0,0,0,0,0,1,0
48,17,2,1,1,0,0,0,0,0,0,1
48,113,2,1,1,0,0,0,0,0,0,1
48,177,2,1,1,0,0,0,0,0,0,1
48,305,2,1,1,0,0,0,0,0,0,1
48,54,2,1,1,0,0,0,0,0,0,1
48,58,2,1,1,0,0,0,0,0,0,1
48,34,2,1,0,0,0,0,0,0,1,0
48,18,2,1,1,0,0,0,0,0,0,1
48,114,2,1,1,0,0,0,0,0,0,1
48,178,2,1,1,0,0,0,0,0,0,1
48,306,2,1,1,0,0,0,0,0,0,1
48,60,2,1,1,0,0,0,0,0,0,1
48,36,2,1,0,0,0,0,0,0,1,0
48,20,2,1,1,0,0,0,0,0,0,1
48,116,2,1,1,0,0,0,0,0,0,1
48,180,2,1,1,0,0,0,0,0,0,1
48,308,2,1,1,0,0,0,0,0,0,1
48,40,2,1,1,0,0,0,0,0,0,0
48,24,2,1,1,0,0,0,0,0,0,1
48,120,2,1,1,0,0,0,0,0,0,1
48,184,2,1,1,0,0,0,0,0,0,1
48,312,2,1,1,0,0,0,0,0,0,1
48,0,2,1,0,0,0,0,0,0,1,0
48,96,2,1,0,0,0,0,0,0,1,0
48,160,2,1,0,0,0,0,0,0,1,0
48,288,2,1,0,0,0,0,0,0,1,0
48,80,2,1,1,0,0,0,0,0,0,1
48,144,2,1,1,0,0,0,0,0,0,1
48,272,2,1,1,0,0,0,0,0,0,1
48,240,2,1,1,0,0,0,0,0,0,1
48,368,2,1,1,0,0,0,0,0,0,1
48,432,2,1,1,0,0,0,0,0,0,1
49,49,0,1,1,1,1,1,0,0,0,1
49,48,1,1,1,1,0,1,0,1,0,1
49,51,1,1,1,1,1,1,0,0,0,1
49,53,1,1,1,1,1,1,0,0,0,1
49,57,1,1,1,1,1,1,0,0,0,1
49,33,1,1,0,1,1,1,0,0,1,0
49,17,1,1,1,1,0,1,0,1,0,1
49,113,1,1,1,1,1,1,0,0,0,1
49,177,1,1,1,1,1,1,0,0,0,1
49,305,1,1,1,1,1,1,0,0,0,1
49,50,2,1,1,1,0,1,0,1,0,1
49,52,2,1,1,1,0,1,0,1,0,1
49,56,2,1,1,1,0,1,0,1,0,1
49,32,2,1,0,1,0,0,0,0,1,0
49,16,2,1,1,1,0,1,0,1,0,1
49,112,2,1,1,1,0,1,0,1,0,1
49,176,2,1,1,1,0,1,0,1,0,1
49,304,2,1,1,1,0,1,0,1,0,1
49,55,2,1,1,1,1,1,0,0,0,1
49,59,2,1,1,1,1,1,0,0,0,1
49,35,2,1,0,1,1,1,0,0,1,0
49,19,2,1,1,1,0,1,0,1,0,1
49,115,2,1,1,1,1,1,0,0,0,1
49,179,2,1,1,1,1,1,0,0,0,1
49,307,2,1,1,1,1,1,0,0,0,1
49,61,2,1,1,1,1,1,0,0,0,1
49,37,2,1,0,1,1,1,0,0,1,0
49,21,2,1,1,1,0,1,0,1,0,1
49,117,2,1,1,1,1,1,0,0,0,1
49,181,2,1,1,1,1,1,0,0,0,1
49,309,2,1,1,1,1,1,0,0,0,1
49,41,2,1,1,1,1,1,0,0,0,0
49,25,2,1,1,1,0,1,0,1,0,1
49,121,2,1,1,1,1,1,0,0,0,1
49,185,2,1,1,1,1,1,0,0,0,1
49,313,2,1,1,1,1,1,0,0,0,1
49,1,2,1,0,1,0,0,0,0,1,0
49,97,2,1,1,1,1,1,0,0,0,0
49,161,2,1,1,1,1,1,0,0,0,0
49,289,2,1,0,1,1,1,0,0,1,0
49,81,2,1,1,1,0,1,0,1,0,1
49,145,2,1,1,1,0,1,0,1,0,1
49,273,2,1,1,1,0,1,0,1,0,1
49,241,2,1,1,1,1,1,0,0,0,1
49,369,2,1,1,1,1,1,0,0,0,1
49,433,2,1,1,1,1,1,0,0,0,1
50,50,0,1,1,0,0,0,0,0,0,1
50,51,1,1,1,0,0,0,0,0,0,1
50,48,1,1,1,0,0,0,0,0,0,1
50,54,1,1,1,0,0,0,0,0,0,1
50,58,1,1,1,0,0,0,0,0,0,1
50,34,1,1,0,0,0,0,0,0,1,0
50,18,1,1,1,0,0,0,0,0,0,1
50,114,1,1,1,0,0,0,0,0,0,1
50,178,1,1,1,0,0,0,0,0,0,1
50,306,1,1,1,0,0,0,0,0,0,1
50,49,2,1,1,0,0,0,0,0,0,1
50,55,2,1,1,0,0,0,0,0,0,1
50,59,2,1,1,0,0,0,0,0,0,1
50,35,2,1,0,0,0,0,0,0,1,0
50,19,2,1,1,0,0,0,0,0,0,1
50,115,2,1,1,0,0,0,0,0,0,1
50,179,2,1,1,0,0,0,0,0,0,1
50,307,2,1,1,0,0,0,0,0,0,1
50,52,2,1,1,0,0,0,0,0,0,1
50,56,2,1,1,0,0,0,0,0,0,1
50,32,2,1,0,0,0,0,0,0,1,0
50,16,2,1,1,0,0,0,0,0,0,1
50,112,2,1,1,0,0,0,0,0,0,1
50,176,2,1,1,0,0,0,0,0,0,1
50,304,2,1,1,0,0,0,0,0,0,1
50,62,2,1,1,0,0,0,0,0,0,1
50,38,2,1,0,0,0,0,0,0,1,0
50,22,2,1,1,0,0,0,0,0,0,1
50,118,2,1,1,0,0,0,0,0,0,1
50,182,2,1,1,0,0,0,0,0,0,1
50,310,2,1,1,0,0,0,0,0,0,1
50,42,2,1,1,0,0,0,0,0,0,0
50,26,2,1,1,0,0,0,0,0,0,1
50,122,2,1,1,0,0,0,0,0,0,1
50,186,2,1,1,0,0,0,0,0,0,1
50,314,2,1,1,0,0,0,0,0,0,1
50,2,2,1,0,0,0,0,0,0,1,0
50,98,2,1,1,0,0,0,0,0,0,0
50,162,2,1,1,0,0,0,0,0,0,0
50,290,2,1,0,0,0,0,0,0,1,0
50,82,2,1,1,0,0,0,0,0,0,1
50,146,2,1,1,0,0,0,0,0,0,1
50,274,2,1,1,0,0,0,0,0,0,1
50,242,2,1,1,0,0,0,0,0,0,1
50,370,2,1,1,0,0,0,0,0,0,1
50,434,2,1,1,0,0,0,0,0,0,1
51,51,0,1,1,0,0,0,0,0,0,1
51,50,1,1,1,0,0,0,0,0,0,1
51,49,1,1,1,0,0,0,0,0,0,1
51,55,1,1,1,0,0,0,0,0,0,1
51,59,1,1,1,0,0,0,0,0,0,1
51,35,1,1,0,0,0,0,0,0,1,0
51,19,1,1,1,0,0,0,0,0,0,1
51,115,1,1,1,0,0,0,0,0,0,1
51,179,1,1,1,0,0,0,0,0,0,1
51,307,1,1,1,0,0,0,0,0,0,1
51,48,2,1,1,0,0,0,0,0,0,1
51,54,2,1,1,0,0,0,0,0,0,1
51,58,2,1,1,0,0,0,0,0,0,1
51,34,2,1,0,0,0,0,0,0,1,0
51,18,2,1,1,0,0,0,0,0,0,1
51,114,2,1,1,0,0,0,0,0,0,1
51,178,2,1,1,0,0,0,0,0,0,1
51,306,2,1,1,0,0,0,0,0,0,1
51,53,2,1,1,0,0,0,0,0,0,1
51,57,2,1,1,0,0,0,0,0,0,1
51,33,2,1,0,0,0,0,0,0,1,0
51,17,2,1,1,0,0,0,0,0,0,1
51,113,2,1,1,0,0,0,0,0,0,1
51,177,2,1,1,0,0,0,0,0,0,1
51,305,2,1,1,0,0,0,0,0,0,1
51,63,2,1,1,0,0,0,0,0,0,1
51,39,2,1,0,0,0,0,0,0,1,0
51,23,2,1,1,0,0,0,0,0,0,1
51,119,2,1,1,0,0,0,0,0,0,1
51,183,2,1,1,0,0,0,0,0,0,1
51,311,2,1,1,0,0,0,0,0,0,1
51,43,2,1,1,0,0,0,0,0,0,0
51,27,2,1,1,0,0,0,0,0,0,1
51,123,2,1,1,0,0,0,0,0,0,1
51,187,2,1,1,0,0,0,0,0,0,1
51,315,2,1,1,0,0,0,0,0,0,1
51,3,2,1,0,0,0,0,0,0,1,0
51,99,2,1,1,0,0,0,0,0,0,0
51,163,2,1,1,0,0,0,0,0,0,0
51,291,2,1,0,0,0,0,0,0,1,0
51,83,2,1,1,0,0,0,0,0,0,1
51,147,2,1,1,0,0,0,0,0,0,1
51,275,2,1,1,0,0,0,0,0,0,1
51,243,2,1,1,0,0,0,0,0,0,1
51,371,2,1,1,0,0,0,0,0,0,1
51,435,2,1,1,0,0,0,0,0,0,1
52,52,0,1,1,0,0,0,0,0,0,1
52,53,1,1,1,0,0,0,0,0,0,1
52,54,1,1,1,0,0,0,0,0,0,1
52,48,1,1,1,0,0,0,0,0,0,1
52,60,1,1,1,0,0,0,0,0,0,1
52,36,1,1,0,0,0,0,0,0,1,0
52,20,1,1,1,0,0,0,0,0,0,1
52,116,1,1,1,0,0,0,0,0,0,1
52,180,1,1,1,0,0,0,0,0,0,1
52,308,1,1,1,0,0,0,0,0,0,1
52,55,2,1,1,0,0,0,0,0,0,1
52,49,2,1,1,0,0,0,0,0,0,1
52,61,2,1,1,0,0,0,0,0,0,1
52,37,2,1,0,0,0,0,0,0,1,0
52,21,2,1,1,0,0,0,0,0,0,1
52,117,2,1,1,0,0,0,0,0,0,1
52,181,2,1,1,0,0,0,0,0,0,1
52,309,2,1,1,0,0,0,0,0,0,1
52,50,2,1,1,0,0,0,0,0,0,1
52,62,2,1,1,0,0,0,0,0,0,1
52,38,2,1,0,0,0,0,0,0,1,0
52,22,2,1,1,0,0,0,0,0,0,1
52,118,2,1,1,0,0,0,0,0,0,1
52,182,2,1,1,0,0,0,0,0,0,1
52,310,2,1,1,0,0,0,0,0,0,1
52,56,2,1,1,0,0,0,0,0,0,1
52,32,2,1,0,0,0,0,0,0,1,0
52,16,2,1,1,0,0,0,0,0,0,1
52,112,2,1,1,0,0,0,0,0,0,1
52,176,2,1,1,0,0,0,0,0,0,1
52,304,2,1,1,0,0,0,0,0,0,1
52,44,2,1,1,0,0,0,0,0,0,0
52,28,2,1,1,0,0,0,0,0,0,1
52,124,2,1,1,0,0,0,0,0,0,1
52,188,2,1,1,0,0,0,0,0,0,1
52,316,2,1,1,0,0,0,0,0,0,1
52,4,2,1,0,0,0,0,0,0,1,0
52,100,2,1,0,0,0,0,0,0,1,0
52,164,2,1,0,0,0,0,0,0,1,0
52,292,2,1,0,0,0,0,0,0,1,0
52,84,2,1,1,0,0,0,0,0,0,1
52,148,2,1,1,0,0,0,0,0,0,1
52,276,2,1,1,0,0,0,0,0,0,1
52,244,2,1,1,0,0,0,0,0,0,1
52,372,2,1,1,0,0,0,0,0,0,1
52,436,2,1,1,0,0,0,0,0,0,1
53,53,0,1,1,1,1,1,0,0,0,1
53,52,1,1,1,1,0,1,0,1,0,1
53,55,1,1,1,1,1,1,0,0,0,1
53,49,1,1,1,1,0,1,0,1,0,1
53,61,1,1,1,1,1,1,0,0,0,1
53,37,1,1,0,1,1,1,0,0,1,0
53,21,1,1,1,1,1,1,0,0,0,1
53,117,1,1,1,1,1,1,0,0,0,1
53,181,1,1,1,1,1,1,0,0,0,1
53,309,1,1,1,1,1,1,0,0,0,1
53,54,2,1,1,1,0,1,0,1,0,1
53,48,2,1,1,1,0,1,0,1,0,1
53,60,2,1,1,1,0,1,0,1,0,1
53,36,2,1,0,1,0,0,0,0,1,0
53,20,2,1,1,1,0,1,0,1,0,1
53,116,2,1,1,1,0,1,0,1,0,1
53,180,2,1,1,1,0,1,0,1,0,1
53,308,2,1,1,1,0,1,0,1,0,1
53,51,2,1,1,1,0,1,0,1,0,1
53,63,2,1,1,1,1,1,0,0,0,1
53,39,2,1,0,1,1,1,0,0,1,0
53,23,2,1,1,1,1,1,0,0,0,1
53,119,2,1,1,1,1,1,0,0,0,1
53,183,2,1,1,1,1,1,0,0,0,1
53,311,2,1,1,1,1,1,0,0,0,1
53,57,2,1,1,1,0,1,0,1,0,1
53,33,2,1,0,1,0,1,0,1,1,0
53,17,2,1,1,1,0,1,0,1,0,1
53,113,2,1,1,1,0,1,0,1,0,1
53,177,2,1,1,1,0,1,0,1,0,1
53,305,2,1,1,1,0,1,0,1,0,1
53,45,2,1,1,1,1,1,0,0,0,0
53,29,2,1,1,1,1,1,0,0,0,1
53,125,2,1,1,1,1,1,0,0,0,1
53,189,2,1,1,1,1,1,0,0,0,1
53,317,2,1,1,1,1,1,0,0,0,1
53,5,2,1,0,1,1,1,0,0,1,0
53,101,2,1,1,1,1,1,0,0,0,0
53,165,2,1,1,1,1,1,0,0,0,0
53,293,2,1,0,1,1,1,0,0,1,0
53,85,2,1,1,1,1,1,0,0,0,1
53,149,2,1,1,1,1,1,0,0,0,1
53,277,2,1,1,1,1,1,0,0,0,1
53,245,2,1,1,1,1,1,0,0,0,1
53,373,2,1,1,1,1,1,0,0,0,1
53,437,2,1,1,1,1,1,0,0,0,1
54,54,0,1,1,0,0,0,0,0,0,1
54,55,1,1,1,0,0,0,0,0,0,1
54,52,1,1,1,0,0,0,0,0,0,1
54,50,1,1,1,0,0,0,0,0,0,1
54,62,1,1,1,0,0,0,0,0,0,1
54,38,1,1,0,0,0,0,0,0,1,0
54,22,1,1,1,0,0,0,0,0,0,1
54,118,1,1,1,0,0,0,0,0,0,1
54,182,1,1,1,0,0,0,0,0,0,1
54,310,1,1,1,0,0,0,0,0,0,1
54,53,2,1,1,0,0,0,0,0,0,1
54,51,2,1,1,0,0,0,0,0,0,1
54,63,2,1,1,0,0,0,0,0,0,1
54,39,2,1,0,0,0,0,0,0,1,0
54,23,2,1,1,0,0,0,0,0,0,1
54,119,2,1,1,0,0,0,0,0,0,1
54,183,2,1,1,0,0,0,0,0,0,1
54,311,2,1,1,0,0,0,0,0,0,1
54,48,2,1,1,0,0,0,0,0,0,1
54,60,2,1,1,0,0,0,0,0,0,1
54,36,2,1,0,0,0,0,0,0,1,0
54,20,2,1,1,0,0,0,0,0,0,1
54,116,2,1,1,0,0,0,0,0,0,1
54,180,2,1,1,0,0,0,0,0,0,1
54,308,2,1,1,0,0,0,0,0,0,1
54,58,2,1,1,0,0,0,0,0,0,1
54,34,2,1,0,0,0,0,0,0,1,0
54,18,2,1,1,0,0,0,0,0,0,1
54,114,2,1,1,0,0,0,0,0,0,1
54,178,2,1,1,0,0,0,0,0,0,1
54,306,2,1,1,0,0,0,0,0,0,1
54,46,2,1,1,0,0,0,0,0,0,0
54,30,2,1,1,0,0,0,0,0,0,1
54,126,2,1,1,0,0,0,0,0,0,1
54,190,2,1,1,0,0,0,0,0,0,1
54,318,2,1,1,0,0,0,0,0,0,1
54,6,2,1,0,0,0,0,0,0,1,0
54,102,2,1,1,0,0,0,0,0,0,0
54,166,2,1,1,0,0,0,0,0,0,0
54,294,2,1,0,0,0,0,0,0,1,0
54,86,2,1,1,0,0,0,0,0,0,1
54,150,2,1,1,0,0,0,0,0,0,1
54,278,2,1,1,0,0,0,0,0,0,1
54,246,2,1,1,0,0,0,0,0,0,1
54,374,2,1,1,0,0,0,0,0,0,1
54,438,2,1,1,0,0,0,0,0,0,1
55,55,0,1,1,0,0,0,0,0,0,1
55,54,1,1,1,0,0,0,0,0,0,1
55,53,1,1,1,0,0,0,0,0,0,1
55,51,1,1,1,0,0,0,0,0,0,1
55,63,1,1,1,0,0,0,0,0,0,1
55,39,1,1,0,0,0,0,0,0,1,0
55,23,1,1,1,0,0,0,0,0,0,1
55,119,1,1,1,0,0,0,0,0,0,1
55,183,1,1,1,0,0,0,0,0,0,1
55,311,1,1,1,0,0,0,0,0,0,1
55,52,2,1,1,0,0,0,0,0,0,1
55,50,2,1,1,0,0,0,0,0,0,1
55,62,2,1,1,0,0,0,0,0,0,1
55,38,2,1,0,0,0,0,0,0,1,0
55,22,2,1,1,0,0,0,0,0,0,1
55,118,2,1,1,0,0,0,0,0,0,1
55,182,2,1,1,0,0,0,0,0,0,1
55,310,2,1,1,0,0,0,0,0,0,1
55,49,2,1,1,0,0,0,0,0,0,1
55,61,2,1,1,0,0,0,0,0,0,1
55,37,2,1,0,0,0,0,0,0,1,0
55,21,2,1,1,0,0,0,0,0,0,1
55,117,2,1,1,0,0,0,0,0,0,1
55,181,2,1,1,0,0,0,0,0,0,1
55,309,2,1,1,0,0,0,0,0,0,1
55,59,2,1,1,0,0,0,0,0,0,1
55,35,2,1,0,0,0,0,0,0,1,0
55,19,2,1,1,0,0,0,0,0,0,1
55,115,2,1,1,0,0,0,0,0,0,1
55,179,2,1,1,0,0,0,0,0,0,1
55,307,2,1,1,0,0,0,0,0,0,1
55,47,2,1,1,0,0,0,0,0,0,0
55,31,2,1,1,0,0,0,0,0,0,1
55,127,2,1,1,0,0,0,0,0,0,1
55,191,2,1,1,0,0,0,0,0,0,1
55,319,2,1,1,0,0,0,0,0,0,1
55,7,2,1,0,0,0,0,0,0,1,0
55,103,2,1,1,0,0,0,0,0,0,0
55,167,2,1,1,0,0,0,0,0,0,0
55,295,2,1,0,0,0,0,0,0,1,0
55,87,2,1,1,0,0,0,0,0,0,1
55,151,2,1,1,0,0,0,0,0,0,1
55,279,2,1,1,0,0,0,0,0,0,1
55,247,2,1,1,0,0,0,0,0,0,1
55,375,2,1,1,0,0,0,0,0,0,1
55,439,2,1,1,0,0,0,0,0,0,1
56,56,0,1,1,0,0,0,0,0,0,1
56,57,1,1,1,0,0,0,0,0,0,1
56,58,1,1,1,0,0,0,0,0,0,1
56,60,1,1,1,0,0,0,0,0,0,1
56,48,1,1,1,0,0,0,0,0,0,1
56,40,1,1,1,0,0,0,0,0,0,0
56,24,1,1,1,0,0,0,0,0,0,1
56,120,1,1,1,0,0,0,0,0,0,1
56,184,1,1,1,0,0,0,0,0,0,1
56,312,1,1,1,0,0,0,0,0,0,1
56,59,2,1,1,0,0,0,0,0,0,1
56,61,2,1,1,0,0,0,0,0,0,1
56,49,2,1,1,0,0,0,0,0,0,1
56,41,2,1,1,0,0,0,0,0,0,0
56,25,2,1,1,0,0,0,0,0,0,1
56,121,2,1,1,0,0,0,0,0,0,1
56,185,2,1,1,0,0,0,0,0,0,1
56,313,2,1,1,0,0,0,0,0,0,1
56,62,2,1,1,0,0,0,0,0,0,1
56,50,2,1,1,0,0,0,0,0,0,1
56,42,2,1,1,0,0,0,0,0,0,0
56,26,2,1,1,0,0,0,0,0,0,1
56,122,2,1,1,0,0,0,0,0,0,1
56,186,2,1,1,0,0,0,0,0,0,1
56,314,2,1,1,0,0,0,0,0,0,1
56,52,2,1,1,0,0,0,0,0,0,1
56,44,2,1,1,0,0,0,0,0,0,0
56,28,2,1,1,0,0,0,0,0,0,1
56,124,2,1,1,0,0,0,0,0,0,1
56,188,2,1,1,0,0,0,0,0,0,1
56,316,2,1,1,0,0,0,0,0,0,1
56,32,2,1,0,0,0,0,0,0,1,0
56,16,2,1,1,0,0,0,0,0,0,1
56,112,2,1,1,0,0,0,0,0,0,1
56,176,2,1,1,0,0,0,0,0,0,1
56,304,2,1,1,0,0,0,0,0,0,1
56,8,2,1,0,0,0,0,0,0,1,0
56,104,2,1,1,0,0,0,0,0,0,0
56,168,2,1,1,0,0,0,0,0,0,0
56,296,2,1,1,0,0,0,0,0,0,0
56,88,2,1,1,0,0,0,0,0,0,1
56,152,2,1,1,0,0,0,0,0,0,1
56,280,2,1,1,0,0,0,0,0,0,1
56,248,2,1,1,0,0,0,0,0,0,1
56,376,2,1,1,0,0,0,0,0,0,1
56,440,2,1,1,0,0,0,0,0,0,1
57,57,0,1,1,1,1,1,0,0,0,1
57,56,1,1,1,1,0,1,0,1,0,1
57,59,1,1,1,1,1,1,0,0,0,1
57,61,1,1,1,1,1,1,0,0,0,1
57,49,1,1,1,1,1,1,0,0,0,1
57,41,1,1,1,1,1,1,0,0,0,0
57,25,1,1,1,1,0,1,0,1,0,1
57,121,1,1,1,1,1,1,0,0,0,1
57,185,1,1,1,1,1,1,0,0,0,1
57,313,1,1,1,1,1,1,0,0,0,1
57,58,2,1,1,1,0,1,0,1,0,1
57,60,2,1,1,1,0,1,0,1,0,1
57,48,2,1,1,1,0,1,0,1,0,1
57,40,2,1,1,1,0,1,0,1,0,0
57,24,2,1,1,1,0,1,0,1,0,1
57,120,2,1,1,1,0,1,0,1,0,1
57,184,2,1,1,1,0,1,0,1,0,1
57,312,2,1,1,1,0,1,0,1,0,1
57,63,2,1,1,1,1,1,0,0,0,1
57,51,2,1,1,1,1,1,0,0,0,1
57,43,2,1,1,1,1,1,0,0,0,0
57,27,2,1,1,1,0,1,0,1,0,1
57,123,2,1,1,1,1,1,0,0,0,1
57,187,2,1,1,1,1,1,0,0,0,1
57,315,2,1,1,1,1,1,0,0,0,1
57,53,2,1,1,1,1,1,0,0,0,1
57,45,2,1,1,1,1,1,0,0,0,0
57,29,2,1,1,1,0,1,0,1,0,1
57,125,2,1,1,1,1,1,0,0,0,1
57,189,2,1,1,1,1,1,0,0,0,1
57,317,2,1,1,1,1,1,0,0,0,1
57,33,2,1,0,1,1,1,0,0,1,0
57,17,2,1,1,1,0,1,0,1,0,1
57,113,2,1,1,1,1,1,0,0,0,1
57,177,2,1,1,1,1,1,0,0,0,1
57,305,2,1,1,1,1,1,0,0,0,1
57,9,2,1,0,1,0,0,0,0,1,0
57,105,2,1,1,1,1,1,0,0,0,0
57,169,2,1,1,1,1,1,0,0,0,0
57,297,2,1,1,1,1,1,0,0,0,0
57,89,2,1,1,1,0,1,0,1,0,1
57,153,2,1,1,1,0,1,0,1,0,1
57,281,2,1,1,1,0,1,0,1,0,1
57,249,2,1,1,1,1,1,0,0,0,1
57,377,2,1,1,1,1,1,0,0,0,1
57,441,2,1,1,1,1,1,0,0,0,1
58,58,0,1,1,0,0,0,0,0,0,1
58,59,1,1,1,0,0,0,0,0,0,1
58,56,1,1,1,0,0,0,0,0,0,1
58,62,1,1,1,0,0,0,0,0,0,1
58,50,1,1,1,0,0,0,0,0,0,1
58,42,1,1,1,0,0,0,0,0,0,0
58,26,1,1,1,0,0,0,0,0,0,1
58,122,1,1,1,0,0,0,0,0,0,1
58,186,1,1,1,0,0,0,0,0,0,1
58,314,1,1,1,0,0,0,0,0,0,1
58,57,2,1,1,0,0,0,0,0,0,1
58,63,2,1,1,0,0,0,0,0,0,1
58,51,2,1,1,0,0,0,0,0,0,1
58,43,2,1,1,0,0,0,0,0,0,0
58,27,2,1,1,0,0,0,0,0,0,1
58,123,2,1,1,0,0,0,0,0,0,1
58,187,2,1,1,0,0,0,0,0,0,1
58,315,2,1,1,0,0,0,0,0,0,1
58,60,2,1,1,0,0,0,0,0,0,1
58,48,2,1,1,0,0,0,0,0,0,1
58,40,2,1,1,0,0,0,0,0,0,0
58,24,2,1,1,0,0,0,0,0,0,1
58,120,2,1,1,0,0,0,0,0,0,1
58,184,2,1,1,0,0,0,0,0,0,1
58,312,2,1,1,0,0,0,0,0,0,1
58,54,2,1,1,0,0,0,0,0,0,1
58,46,2,1,1,0,0,0,0,0,0,0
58,30,2,1,1,0,0,0,0,0,0,1
58,126,2,1,1,0,0,0,0,0,0,1
58,190,2,1,1,0,0,0,0,0,0,1
58,318,2,1,1,0,0,0,0,0,0,1
58,34,2,1,0,0,0,0,0,0,1,0
58,18,2,1,1,0,0,0,0,0,0,1
58,114,2,1,1,0,0,0,0,0,0,1
58,178,2,1,1,0,0,0,0,0,0,1
58,306,2,1,1,0,0,0,0,0,0,1
58,10,2,1,0,0,0,0,0,0,1,0
58,106,2,1,1,0,0,0,0,0,0,0
58,170,2,1,1,0,0,0,0,0,0,0
58,298,2,1,1,0,0,0,0,0,0,0
58,90,2,1,1,0,0,0,0,0,0,1
58,154,2,1,1,0,0,0,0,0,0,1
58,282,2,1,1,0,0,0,0,0,0,1
58,250,2,1,1,0,0,0,0,0,0,1
58,378,2,1,1,0,0,0,0,0,0,1
58,442,2,1,1,0,0,0,0,0,0,1
59,59,0,1,1,0,0,0,0,0,0,1
59,58,1,1,1,0,0,0,0,0,0,1
59,57,1,1,1,0,0,0,0,0,0,1
59,63,1,1,1,0,0,0,0,0,0,1
59,51,1,1,1,0,0,0,0,0,0,1
59,43,1,1,1,0,0,0,0,0,0,0
59,27,1,1,1,0,0,0,0,0,0,1
59,123,1,1,1,0,0,0,0,0,0,1
59,187,1,1,1,0,0,0,0,0,0,1
59,315,1,1,1,0,0,0,0,0,0,1
59,56,2,1,1,0,0,0,0,0,0,1
59,62,2,1,1,0,0,0,0,0,0,1
59,50,2,1,1,0,0,0,0,0,0,1
59,42,2,1,1,0,0,0,0,0,0,0
59,26,2,1,1,0,0,0,0,0,0,1
59,122,2,1,1,0,0,0,0,0,0,1
59,186,2,1,1,0,0,0,0,0,0,1
59,314,2,1,1,0,0,0,0,0,0,1
59,61,2,1,1,0,0,0,0,0,0,1
59,49,2,1,1,0,0,0,0,0,0,1
59,41,2,1,1,0,0,0,0,0,0,0
59,25,2,1,1,0,0,0,0,0,0,1
59,121,2,1,1,0,0,0,0,0,0,1
59,185,2,1,1,0,0,0,0,0,0,1
59,313,2,1,1,0,0,0,0,0,0,1
59,55,2,1,1,0,0,0,0,0,0,1
59,47,2,1,1,0,0,0,0,0,0,0
59,31,2,1,1,0,0,0,0,0,0,1
59,127,2,1,1,0,0,0,0,0,0,1
59,191,2,1,1,0,0,0,0,0,0,1
59,319,2,1,1,0,0,0,0,0,0,1
59,35,2,1,0,0,0,0,0,0,1,0
59,19,2,1,1,0,0,0,0,0,0,1
59,115,2,1,1,0,0,0,0,0,0,1
59,179,2,1,1,0,0,0,0,0,0,1
59,307,2,1,1,0,0,0,0,0,0,1
59,11,2,1,0,0,0,0,0,0,1,0
59,107,2,1,1,0,0,0,0,0,0,0
59,171,2,1,1,0,0,0,0,0,0,0
59,299,2,1,1,0,0,0,0,0,0,0
59,91,2,1,1,0,0,0,0,0,0,1
59,155,2,1,1,0,0,0,0,0,0,1
59,283,2,1,1,0,0,0,0,0,0,1
59,251,2,1,1,0,0,0,0,0,0,1
59,379,2,1,1,0,0,0,0,0,0,1
59,443,2,1,1,0,0,0,0,0,0,1
60,60,0,1,1,1,1,1,0,0,0,1
60,61,1,1,1,1,1,1,0,0,0,1
60,62,1,1,1,1,1,1,0,0,0,1
60,56,1,1,1,1,0,1,0,1,0,1
60,52,1,1,1,1,0,1,0,1,0,1
60,44,1,1,1,1,1,1,0,0,0,0
60,28,1,1,1,1,1,1,0,0,0,1
60,124,1,1,1,1,1,1,0,0,0,1
60,188,1,1,1,1,1,1,0,0,0,1
60,316,1,1,1,1,1,1,0,0,0,1
60,63,2,1,1,1,1,1,0,0,0,1
60,57,2,1,1,1,0,1,0,1,0,1
60,53,2,1,1,1,0,1,0,1,0,1
60,45,2,1,1,1,1,1,0,0,0,0
60,29,2,1,1,1,1,1,0,0,0,1
60,125,2,1,1,1,1,1,0,0,0,1
60,189,2,1,1,1,1,1,0,0,0,1
60,317,2,1,1,1,1,1,0,0,0,1
60,58,2,1,1,1,0,1,0,1,0,1
60,54,2,1,1,1,0,1,0,1,0,1
60,46,2,1,1,1,1,1,0,0,0,0
60,30,2,1,1,1,1,1,0,0,0,1
60,126,2,1,1,1,1,1,0,0,0,1
60,190,2,1,1,1,1,1,0,0,0,1
60,318,2,1,1,1,1,1,0,0,0,1
60,48,2,1,1,1,0,1,0,1,0,1
60,40,2,1,1,1,0,1,0,1,0,0
60,24,2,1,1,1,0,1,0,1,0,1
60,120,2,1,1,1,0,1,0,1,0,1
60,184,2,1,1,1,0,1,0,1,0,1
60,312,2,1,1,1,0,1,0,1,0,1
60,36,2,1,0,1,0,0,0,0,1,0
60,20,2,1,1,1,0,1,0,1,0,1
60,116,2,1,1,1,0,1,0,1,0,1
60,180,2,1,1,1,0,1,0,1,0,1
60,308,2,1,1,1,0,1,0,1,0,1
60,12,2,1,0,1,1,1,0,0,1,0
60,108,2,1,1,1,1,1,0,0,0,0
60,172,2,1,1,1,1,1,0,0,0,0
60,300,2,1,1,1,1,1,0,0,0,0
60,92,2,1,1,1,1,1,0,0,0,1
60,156,2,1,1,1,1,1,0,0,0,1
60,284,2,1,1,1,1,1,0,0,0,1
60,252,2,1,1,1,1,1,0,0,0,1
60,380,2,1,1,1,1,1,0,0,0,1
60,444,2,1,1,1,1,1,0,0,0,1
61,61,0,1,1,1,1,1,0,0,0,1
61,60,1,1,1,1,0,1,0,1,0,1
61,63,1,1,1,1,1,1,0,0,0,1
61,57,1,1,1,1,0,1,0,1,0,1
61,53,1,1,1,1,1,1,0,0,0,1
61,45,1,1,1,1,1,1,0,0,0,0
61,29,1,1,1,1,1,1,0,0,0,1
61,125,1,1,1,1,1,1,0,0,0,1
61,189,1,1,1,1,1,1,0,0,0,1
61,317,1,1,1,1,1,1,0,0,0,1
61,62,2,1,1,1,0,1,0,1,0,1
61,56,2,1,1,1,0,1,0,1,0,1
61,52,2,1,1,1,0,1,0,1,0,1
61,44,2,1,1,1,0,1,0,1,0,0
61,28,2,1,1,1,0,1,0,1,0,1
61,124,2,1,1,1,0,1,0,1,0,1
61,188,2,1,1,1,0,1,0,1,0,1
61,316,2,1,1,1,0,1,0,1,0,1
61,59,2,1,1,1,0,1,0,1,0,1
61,55,2,1,1,1,1,1,0,0,0,1
61,47,2,1,1,1,1,1,0,0,0,0
61,31,2,1,1,1,1,1,0,0,0,1
61,127,2,1,1,1,1,1,0,0,0,1
61,191,2,1,1,1,1,1,0,0,0,1
61,319,2,1,1,1,1,1,0,0,0,1
61,49,2,1,1,1,0,1,0,1,0,1
61,41,2,1,1,1,0,1,0,1,0,0
61,25,2,1,1,1,0,1,0,1,0,1
61,121,2,1,1,1,0,1,0,1,0,1
61,185,2,1,1,1,0,1,0,1,0,1
61,313,2,1,1,1,0,1,0,1,0,1
61,37,2,1,0,1,1,1,0,0,1,0
61,21,2,1,1,1,1,1,0,0,0,1
61,117,2,1,1,1,1,1,0,0,0,1
61,181,2,1,1,1,1,1,0,0,0,1
61,309,2,1,1,1,1,1,0,0,0,1
61,13,2,1,0,1,1,1,0,0,1,0
61,109,2,1,1,1,1,1,0,0,0,0
61,173,2,1,1,1,1,1,0,0,0,0
61,301,2,1,1,1,1,1,0,0,0,0
61,93,2,1,1,1,1,1,0,0,0,1
61,157,2,1,1,1,1,1,0,0,0,1
61,285,2,1,1,1,1,1,0,0,0,1
61,253,2,1,1,1,1,1,0,0,0,1
61,381,2,1,1,1,1,1,0,0,0,1
61,445,2,1,1,1,1,1,0,0,0,1
62,62,0,1,1,0,0,0,0,0,0,1
62,63,1,1,1,0,0,0,0,0,0,1
62,60,1,1,1,0,0,0,0,0,0,1
62,58,1,1,1,0,0,0,0,0,0,1
62,54,1,1,1,0,0,0,0,0,0,1
62,46,1,1,1,0,0,0,0,0,0,0
62,30,1,1,1,0,0,0,0,0,0,1
62,126,1,1,1,0,0,0,0,0,0,1
62,190,1,1,1,0,0,0,0,0,0,1
62,318,1,1,1,0,0,0,0,0,0,1
62,61,2,1,1,0,0,0,0,0,0,1
62,59,2,1,1,0,0,0,0,0,0,1
62,55,2,1,1,0,0,0,0,0,0,1
62,47,2,1,1,0,0,0,0,0,0,0
62,31,2,1,1,0,0,0,0,0,0,1
62,127,2,1,1,0,0,0,0,0,0,1
62,191,2,1,1,0,0,0,0,0,0,1
62,319,2,1,1,0,0,0,0,0,0,1
62,56,2,1,1,0,0,0,0,0,0,1
62,52,2,1,1,0,0,0,0,0,0,1
62,44,2,1,1,0,0,0,0,0,0,0
62,28,2,1,1,0,0,0,0,0,0,1
62,124,2,1,1,0,0,0,0,0,0,1
62,188,2,1,1,0,0,0,0,0,0,1
62,316,2,1,1,0,0,0,0,0,0,1
62,50,2,1,1,0,0,0,0,0,0,1
62,42,2,1,1,0,0,0,0,0,0,0
62,26,2,1,1,0,0,0,0,0,0,1
62,122,2,1,1,0,0,0,0,0,0,1
62,186,2,1,1,0,0,0,0,0,0,1
62,314,2,1,1,0,0,0,0,0,0,1
62,38,2,1,0,0,0,0,0,0,1,0
62,22,2,1,1,0,0,0,0,0,0,1
62,118,2,1,1,0,0,0,0,0,0,1
62,182,2,1,1,0,0,0,0,0,0,1
62,310,2,1,1,0,0,0,0,0,0,1
62,14,2,1,0,0,0,0,0,0,1,0
62,110,2,1,1,0,0,0,0,0,0,0
62,174,2,1,1,0,0,0,0,0,0,0
62,302,2,1,1,0,0,0,0,0,0,0
62,94,2,1,1,0,0,0,0,0,0,1
62,158,2,1,1,0,0,0,0,0,0,1
62,286,2,1,1,0,0,0,0,0,0,1
62,254,2,1,1,0,0,0,0,0,0,1
62,382,2,1,1,0,0,0,0,0,0,1
62,446,2,1,1,0,0,0,0,0,0,1
63,63,0,1,1,0,0,0,0,0,0,1
63,62,1,1,1,0,0,0,0,0,0,1
63,61,1,1,1,0,0,0,0,0,0,1
63,59,1,1,1,0,0,0,0,0,0,1
63,55,1,1,1,0,0,0,0,0,0,1
63,47,1,1,1,0,0,0,0,0,0,0
63,31,1,1,1,0,0,0,0,0,0,1
63,127,1,1,1,0,0,0,0,0,0,1
63,191,1,1,1,0,0,0,0,0,0,1
63,319,1,1,1,0,0,0,0,0,0,1
63,60,2,1,1,0,0,0,0,0,0,1
63,58,2,1,1,0,0,0,0,0,0,1
63,54,2,1,1,0,0,0,0,0,0,1
63,46,2,1,1,0,0,0,0,0,0,0
63,30,2,1,1,0,0,0,0,0,0,1
63,126,2,1,1,0,0,0,0,0,0,1
63,190,2,1,1,0,0,0,0,0,0,1
63,318,2,1,1,0,0,0,0,0,0,1
63,57,2,1,1,0,0,0,0,0,0,1
63,53,2,1,1,0,0,0,0,0,0,1
63,45,2,1,1,0,0,0,0,0,0,0
63,29,2,1,1,0,0,0,0,0,0,1
63,125,2,1,1,0,0,0,0,0,0,1
63,189,2,1,1,0,0,0,0,0,0,1
63,317,2,1,1,0,0,0,0,0,0,1
63,51,2,1,1,0,0,0,0,0,0,1
63,43,2,1,1,0,0,0,0,0,0,0
63,27,2,1,1,0,0,0,0,0,0,1
63,123,2,1,1,0,0,0,0,0,0,1
63,187,2,1,1,0,0,0,0,0,0,1
63,315,2,1,1,0,0,0,0,0,0,1
63,39,2,1,0,0,0,0,0,0,1,0
63,23,2,1,1,0,0,0,0,0,0,1
63,119,2,1,1,0,0,0,0,0,0,1
63,183,2,1,1,0,0,0,0,0,0,1
63,311,2,1,1,0,0,0,0,0,0,1
63,15,2,1,0,0,0,0,0,0,1,0
63,111,2,1,1,0,0,0,0,0,0,0
63,175,2,1,1,0,0,0,0,0,0,0
63,303,2,1,1,0,0,0,0,0,0,0
63,95,2,1,1,0,0,0,0,0,0,1
63,159,2,1,1,0,0,0,0,0,0,1
63,287,2,1,1,0,0,0,0,0,0,1
63,255,2,1,1,0,0,0,0,0,0,1
63,383,2,1,1,0,0,0,0,0,0,1
63,447,2,1,1,0,0,0,0,0,0,1
64,64,0,0,0,0,0,0,0,0,0,0
64,65,1,0,0,0,0,0,0,0,0,0
64,66,1,0,0,0,0,0,0,0,0,0
64,68,1,0,0,0,0,0,0,0,0,0
64,72,1,0,0,0,0,0,0,0,0,0
64,80,1,0,1,0,0,0,0,0,0,0
64,96,1,0,0,0,0,0,0,0,0,0
64,0,1,0,0,0,0,0,0,0,0,0
64,192,1,0,0,0,0,0,0,0,0,0
64,320,1,0,0,0,0,0,0,0,0,0
64,67,2,0,0,0,0,0,0,0,0,0
64,69,2,0,0,0,0,0,0,0,0,0
64,73,2,0,0,0,0,0,0,0,0,0
64,81,2,0,1,0,0,0,0,0,0,0
64,97,2,0,1,0,0,0,0,0,0,0
64,1,2,0,0,0,0,0,0,0,0,0
64,193,2,0,0,0,0,0,0,0,0,0
64,321,2,0,0,0,0,0,0,0,0,0
64,70,2,0,0,0,0,0,0,0,0,0
64,74,2,0,0,0,0,0,0,0,0,0
64,82,2,0,1,0,0,0,0,0,0,0
64,98,2,0,1,0,0,0,0,0,0,0
64,2,2,0,0,0,0,0,0,0,0,0
64,194,2,0,1,0,0,0,0,0,0,0
64,322,2,0,1,0,0,0,0,0,0,0
64,76,2,0,0,0,0,0,0,0,0,0
64,84,2,0,1,0,0,0,0,0,0,0
64,100,2,0,0,0,0,0,0,0,0,0
64,4,2,0,0,0,0,0,0,0,0,0
64,196,2,0,0,0,0,0,0,0,0,0
64,324,2,0,0,0,0,0,0,0,0,0
64,88,2,0,1,0,0,0,0,0,0,0
64,104,2,0,1,0,0,0,0,0,0,0
64,8,2,0,0,0,0,0,0,0,0,0
64,200,2,0,0,0,0,0,0,0,0,0
64,328,2,0,0,0,0,0,0,0,0,0
64,112,2,0,1,0,0,0,0,0,0,0
64,16,2,0,1,0,0,0,0,0,0,0
64,208,2,0,1,0,0,0,0,0,0,0
64,336,2,0,1,0,0,0,0,0,0,0
64,32,2,0,0,0,0,0,0,0,0,0
64,224,2,0,0,0,0,0,0,0,0,0
64,352,2,0,0,0,0,0,0,0,0,0
64,128,2,0,0,0,0,0,0,0,0,0
64,256,2,0,0,0,0,0,0,0,0,0
64,448,2,0,0,0,0,0,0,0,0,0
65,65,0,0,0,1,1,1,0,0,0,0
65,64,1,0,0,1,0,0,0,0,0,0
65,67,1,0,0,1,1,1,0,0,0,0
65,69,1,0,0,1,1,1,0,0,0,0
65,73,1,0,0,1,1,1,0,0,0,0
65,81,1,0,1,1,1,1,0,0,0,0
65,97,1,0,1,1,1,1,0,0,0,0
65,1,1,0,0,1,0,0,0,0,0,0
65,193,1,0,0,1,1,1,0,0,0,0
65,321,1,0,0,1,1,1,0,0,0,0
65,66,2,0,0,1,0,1,0,1,0,0
65,68,2,0,0,1,0,0,0,0,0,0
65,72,2,0,0,1,0,1,0,1,0,0
65,80,2,0,1,1,0,1,0,1,0,0
65,96,2,0,0,1,0,0,0,0,0,0
65,0,2,0,0,1,0,0,0,0,0,0
65,192,2,0,0,1,0,0,0,0,0,0
65,320,2,0,0,1,0,0,0,0,0,0
65,71,2,0,0,1,1,1,0,0,0,0
65,75,2,0,0,1,1,1,0,0,0,0
65,83,2,0,1,1,1,1,0,0,0,0
65,99,2,0,1,1,1,1,0,0,0,0
65,3,2,0,0,1,0,0,0,0,0,0
65,195,2,0,1,1,1,1,0,0,0,0
65,323,2,0,1,1,1,1,0,0,0,0
65,77,2,0,0,1,1,1,0,0,0,0
65,85,2,0,1,1,1,1,0,0,0,0
65,101,2,0,1,1,1,1,0,0,0,0
65,5,2,0,0,1,0,0,0,0,0,0
65,197,2,0,1,1,1,1,0,0,0,0
65,325,2,0,1,1,1,1,0,0,0,0
65,89,2,0,1,1,1,1,0,0,0,0
65,105,2,0,1,1,1,1,0,0,0,0
65,9,2,0,0,1,0,1,0,1,0,0
65,201,2,0,0,1,1,1,0,0,0,0
65,329,2,0,0,1,1,1,0,0,0,0
65,113,2,0,1,1,1,1,0,0,0,0
65,17,2,0,1,1,0,1,0,1,0,0
65,209,2,0,1,1,1,1,0,0,0,0
65,337,2,0,1,1,1,1,0,0,0,0
65,33,2,0,0,1,0,0,0,0,0,0
65,225,2,0,1,1,1,1,0,0,0,0
65,353,2,0,1,1,1,1,0,0,0,0
65,129,2,0,0,1,0,1,0,1,0,0
65,257,2,0,0,1,0,0,0,0,0,0
65,449,2,0,0,1,1,1,0,0,0,0
66,66,0,0,0,1,1,1,0,0,0,0
66,67,1,0,0,1,1,1,0,0,0,0
66,64,1,0,0,1,0,0,0,0,0,0
66,70,1,0,0,1,1,1,0,0,0,0
66,74,1,0,0,1,1,1,0,0,0,0
66,82,1,0,1,1,1,1,0,0,0,0
66,98,1,0,1,1,1,1,0,0,0,0
66,2,1,0,0,1,0,0,0,0,0,0
66,194,1,0,1,1,1,1,0,0,0,0
66,322,1,0,1,1,1,1,0,0,0,0
66,65,2,0,0,1,0,1,0,1,0,0
66,71,2,0,0,1,1,1,0,0,0,0
66,75,2,0,0,1,1,1,0,0,0,0
66,83,2,0,1,1,1,1,0,0,0,0
66,99,2,0,1,1,1,1,0,0,0,0
66,3,2,0,0,1,0,0,0,0,0,0
66,195,2,0,1,1,1,1,0,0,0,0
66,323,2,0,1,1,1,1,0,0,0,0
66,68,2,0,0,1,0,0,0,0,0,0
66,72,2,0,0,1,0,1,0,1,0,0
66,80,2,0,1,1,0,1,0,1,0,0
66,96,2,0,0,1,0,0,0,0,0,0
66,0,2,0,0,1,0,0,0,0,0,0
66,192,2,0,0,1,0,0,0,0,0,0
66,320,2,0,0,1,0,0,0,0,0,0
66,78,2,0,0,1,1,1,0,0,0,0
66,86,2,0,1,1,1,1,0,0,0,0
66,102,2,0,1,1,1,1,0,0,0,0
66,6,2,0,0,1,0,0,0,0,0,0
66,198,2,0,1,1,1,1,0,0,0,0
66,326,2,0,1,1,1,1,0,0,0,0
66,90,2,0,1,1,1,1,0,0,0,0
66,106,2,0,1,1,1,1,0,0,0,0
66,10,2,0,0,1,0,1,0,1,0,0
66,202,2,0,1,1,1,1,0,0,0,0
66,330,2,0,1,1,1,1,0,0,0,0
66,114,2,0,1,1,1,1,0,0,0,0
66,18,2,0,1,1,0,1,0,1,0,0
66,210,2,0,1,1,1,1,0,0,0,0
66,338,2,0,1,1,1,1,0,0,0,0
66,34,2,0,0,1,0,0,0,0,0,0
66,226,2,0,1,1,1,1,0,0,0,0
66,354,2,0,1,1,1,1,0,0,0,0
66,130,2,0,1,1,0,1,0,1,0,0
66,258,2,0,0,1,0,0,0,0,0,0
66,450,2,0,1,1,1,1,0,0,0,0
67,67,0,0,0,1,1,1,0,0,0,0
67,66,1,0,0,1,0,1,0,1,0,0
67,65,1,0,0,1,1,1,0,0,0,0
67,71,1,0,0,1,1,1,0,0,0,0
67,75,1,0,0,1,1,1,0,0,0,0
67,83,1,0,1,1,1,1,0,0,0,0
67,99,1,0,1,1,1,1,0,0,0,0
67,3,1,0,0,1,0,0,0,0,0,0
67,195,1,0,1,1,1,1,0,0,0,0
67,323,1,0,1,1,1,1,0,0,0,0
67,64,2,0,0,1,0,0,0,0,0,0
67,70,2,0,0,1,0,1,0,1,0,0
67,74,2,0,0,1,0,1,0,1,0,0
67,82,2,0,1,1,0,1,0,1,0,0
67,98,2,0,1,1,0,1,0,1,0,0
67,2,2,0,0,1,0,0,0,0,0,0
67,194,2,0,1,1,0,1,0,1,0,0
67,322,2,0,1,1,0,1,0,1,0,0
67,69,2,0,0,1,1,1,0,0,0,0
67,73,2,0,0,1,1,1,0,0,0,0
67,81,2,0,1,1,1,1,0,0,0,0
67,97,2,0,1,1,1,1,0,0,0,0
67,1,2,0,0,1,0,0,0,0,0,0
67,193,2,0,0,1,1,1,0,0,0,0
67,321,2,0,0,1,1,1,0,0,0,0
67,79,2,0,0,1,1,1,0,0,0,0
67,87,2,0,1,1,1,1,0,0,0,0
67,103,2,0,1,1,1,1,0,0,0,0
67,7,2,0,0,1,0,0,0,0,0,0
67,199,2,0,1,1,1,1,0,0,0,0
67,327,2,0,1,1,1,1,0,0,0,0
67,91,2,0,1,1,1,1,0,0,0,0
67,107,2,0,1,1,1,1,0,0,0,0
67,11,2,0,0,1,0,1,0,1,0,0
67,203,2,0,1,1,1,1,0,0,0,0
67,331,2,0,1,1,1,1,0,0,0,0
67,115,2,0,1,1,1,1,0,0,0,0
67,19,2,0,1,1,0,1,0,1,0,0
67,211,2,0,1,1,1,1,0,0,0,0
67,339,2,0,1,1,1,1,0,0,0,0
67,35,2,0,0,1,0,0,0,0,0,0
67,227,2,0,1,1,1,1,0,0,0,0
67,355,2,0,1,1,1,1,0,0,0,0
67,131,2,0,1,1,0,1,0,1,0,0
67,259,2,0,0,1,0,0,0,0,0,0
67,451,2,0,1,1,1,1,0,0,0,0
68,68,0,0,0,0,0,0,0,0,0,0
68,69,1,0,0,0,0,0,0,0,0,0
68,70,1,0,0,0,0,0,0,0,0,0
68,64,1,0,0,0,0,0,0,0,0,0
68,76,1,0,0,0,0,0,0,0,0,0
68,84,1,0,1,0,0,0,0,0,0,0
68,100,1,0,0,0,0,0,0,0,0,0
68,4,1,0,0,0,0,0,0,0,0,0
68,196,1,0,0,0,0,0,0,0,0,0
68,324,1,0,0,0,0,0,0,0,0,0
68,71,2,0,0,0,0,0,0,0,0,0
68,65,2,0,0,0,0,0,0,0,0,0
68,77,2,0,0,0,0,0,0,0,0,0
68,85,2,0,1,0,0,0,0,0,0,0
68,101,2,0,1,0,0,0,0,0,0,0
68,5,2,0,0,0,0,0,0,0,0,0
68,197,2,0,1,0,0,0,0,0,0,0
68,325,2,0,1,0,0,0,0,0,0,0
68,66,2,0,0,0,0,0,0,0,0,0
68,78,2,0,0,0,0,0,0,0,0,0
68,86,2,0,1,0,0,0,0,0,0,0
68,102,2,0,1,0,0,0,0,0,0,0
68,6,2,0,0,0,0,0,0,0,0,0
68,198,2,0,1,0,0,0,0,0,0,0
68,326,2,0,1,0,0,0,0,0,0,0
68,72,2,0,0,0,0,0,0,0,0,0
68,80,2,0,1,0,0,0,0,0,0,0
68,96,2,0,0,0,0,0,0,0,0,0
68,0,2,0,0,0,0,0,0,0,0,0
68,192,2,0,0,0,0,0,0,0,0,0
68,320,2,0,0,0,0,0,0,0,0,0
68,92,2,0,1,0,0,0,0,0,0,0
68,108,2,0,1,0,0,0,0,0,0,0
68,12,2,0,0,0,0,0,0,0,0,0
68,204,2,0,1,0,0,0,0,0,0,0
68,332,2,0,1,0,0,0,0,0,0,0
68,116,2,0,1,0,0,0,0,0,0,0
68,20,2,0,1,0,0,0,0,0,0,0
68,212,2,0,1,0,0,0,0,0,0,0
68,340,2,0,1,0,0,0,0,0,0,0
68,36,2,0,0,0,0,0,0,0,0,0
68,228,2,0,0,0,0,0,0,0,0,0
68,356,2,0,0,0,0,0,0,0,0,0
68,132,2,0,0,0,0,0,0,0,0,0
68,260,2,0,0,0,0,0,0,0,0,0
68,452,2,0,0,0,0,0,0,0,0,0
69,69,0,0,0,2,2,2,0,0,0,0
69,68,1,0,0,2,0,0,0,0,0,0
69,71,1,0,0,2,2,2,0,0,0,0
69,65,1,0,0,2,1,1,0,0,0,0
69,77,1,0,0,2,2,2,0,0,0,0
69,85,1,0,1,2,2,2,0,0,0,0
69,101,1,0,1,2,2,2,0,0,0,0
69,5,1,0,0,2,1,1,0,0,0,0
69,197,1,0,1,2,2,2,0,0,0,0
69,325,1,0,1,2,2,2,0,0,0,0
69,70,2,0,0,2,0,2,0,2,0,0
69,64,2,0,0,2,0,0,0,0,0,0
69,76,2,0,0,2,0,2,0,2,0,0
69,84,2,0,1,2,0,2,0,2,0,0
69,100,2,0,0,2,0,0,0,0,0,0
69,4,2,0,0,2,0,0,0,0,0,0
69,196,2,0,0,2,0,0,0,0,0,0
69,324,2,0,0,2,0,0,0,0,0,0
69,67,2,0,0,2,1,2,0,1,0,0
69,79,2,0,0,2,2,2,0,0,0,0
69,87,2,0,1,2,2,2,0,0,0,0
69,103,2,0,1,2,2,2,0,0,0,0
69,7,2,0,0,2,1,1,0,0,0,0
69,199,2,0,1,2,2,2,0,0,0,0
69,327,2,0,1,2,2,2,0,0,0,0
69,73,2,0,0,2,1,1,0,0,0,0
69,81,2,0,1,2,1,2,0,1,0,0
69,97,2,0,1,2,1,2,0,1,0,0
69,1,2,0,0,2,0,0,0,0,0,0
69,193,2,0,0,2,1,1,0,0,0,0
69,321,2,0,0,2,1,1,0,0,0,0
69,93,2,0,1,2,2,2,0,0,0,0
69,109,2,0,1,2,2,2,0,0,0,0
69,13,2,0,0,2,1,2,0,1,0,0
69,205,2,0,1,2,2,2,0,0,0,0
69,333,2,0,1,2,2,2,0,0,0,0
69,117,2,0,1,2,2,2,0,0,0,0
69,21,2,0,1,2,1,2,0,1,0,0
69,213,2,0,1,2,2,2,0,0,0,0
69,341,2,0,1,2,2,2,0,0,0,0
69,37,2,0,0,2,1,1,0,0,0,0
69,229,2,0,1,2,2,2,0,0,0,0
69,357,2,0,1,2,2,2,0,0,0,0
69,133,2,0,1,2,1,2,0,1,0,0
69,261,2,0,0,2,1,1,0,0,0,0
69,453,2,0,1,2,2,2,0,0,0,0
70,70,0,0,0,1,1,1,0,0,0,0
70,71,1,0,0,1,1,1,0,0,0,0
70,68,1,0,0,1,0,0,0,0,0,0
70,66,1,0,0,1,1,1,0,0,0,0
70,78,1,0,0,1,1,1,0,0,0,0
70,86,1,0,1,1,1,1,0,0,0,0
70,102,1,0,1,1,1,1,0,0,0,0
70,6,1,0,0,1,0,0,0,0,0,0
70,198,1,0,1,1,1,1,0,0,0,0
70,326,1,0,1,1,1,1,0,0,0,0
70,69,2,0,0,1,0,1,0,1,0,0
70,67,2,0,0,1,1,1,0,0,0,0
70,79,2,0,0,1,1,1,0,0,0,0
70,87,2,0,1,1,1,1,0,0,0,0
70,103,2,0,1,1,1,1,0,0,0,0
70,7,2,0,0,1,0,0,0,0,0,0
70,199,2,0,1,1,1,1,0,0,0,0
70,327,2,0,1,1,1,1,0,0,0,0
70,64,2,0,0,1,0,0,0,0,0,0
70,76,2,0,0,1,0,1,0,1,0,0
70,84,2,0,1,1,0,1,0,1,0,0
70,100,2,0,0,1,0,0,0,0,0,0
70,4,2,0,0,1,0,0,0,0,0,0
70,196,2,0,0,1,0,0,0,0,0,0
70,324,2,0,0,1,0,0,0,0,0,0
70,74,2,0,0,1,1,1,0,0,0,0
70,82,2,0,1,1,1,1,0,0,0,0
70,98,2,0,1,1,1,1,0,0,0,0
70,2,2,0,0,1,0,0,0,0,0,0
70,194,2,0,1,1,1,1,0,0,0,0
70,322,2,0,1,1,1,1,0,0,0,0
70,94,2,0,1,1,1,1,0,0,0,0
70,110,2,0,1,1,1,1,0,0,0,0
70,14,2,0,0,1,0,1,0,1,0,0
70,206,2,0,1,1,1,1,0,0,0,0
70,334,2,0,1,1,1,1,0,0,0,0
70,118,2,0,1,1,1,1,0,0,0,0
70,22,2,0,1,1,0,1,0,1,0,0
70,214,2,0,1,1,1,1,0,0,0,0
70,342,2,0,1,1,1,1,0,0,0,0
70,38,2,0,0,1,0,0,0,0,0,0
70,230,2,0,1,1,1,1,0,0,0,0
70,358,2,0,1,1,1,1,0,0,0,0
70,134,2,0,1,1,0,1,0,1,0,0
70,262,2,0,0,1,0,0,0,0,0,0
70,454,2,0,1,1,1,1,0,0,0,0
71,71,0,0,0,1,1,1,0,0,0,0
71,70,1,0,0,1,0,1,0,1,0,0
71,69,1,0,0,1,1,1,0,0,0,0
71,67,1,0,0,1,1,1,0,0,0,0
71,79,1,0,0,1,1,1,0,0,0,0
71,87,1,0,1,1,1,1,0,0,0,0
71,103,1,0,1,1,1,1,0,0,0,0
71,7,1,0,0,1,0,0,0,0,0,0
71,199,1,0,1,1,1,1,0,0,0,0
71,327,1,0,1,1,1,1,0,0,0,0
71,68,2,0,0,1,0,0,0,0,0,0
71,66,2,0,0,1,0,1,0,1,0,0
71,78,2,0,0,1,0,1,0,1,0,0
71,86,2,0,1,1,0,1,0,1,0,0
71,102,2,0,1,1,0,1,0,1,0,0
71,6,2,0,0,1,0,0,0,0,0,0
71,198,2,0,1,1,0,1,0,1,0,0
71,326,2,0,1,1,0,1,0,1,0,0
71,65,2,0,0,1,1,1,0,0,0,0
71,77,2,0,0,1,1,1,0,0,0,0
71,85,2,0,1,1,1,1,0,0,0,0
71,101,2,0,1,1,1,1,0,0,0,0
71,5,2,0,0,1,0,0,0,0,0,0
71,197,2,0,1,1,1,1,0,0,0,0
71,325,2,0,1,1,1,1,0,0,0,0
71,75,2,0,0,1,1,1,0,0,0,0
71,83,2,0,1,1,1,1,0,0,0,0
71,99,2,0,1,1,1,1,0,0,0,0
71,3,2,0,0,1,0,0,0,0,0,0
71,195,2,0,1,1,1,1,0,0,0,0
71,323,2,0,1,1,1,1,0,0,0,0
71,95,2,0,1,1,1,1,0,0,0,0
71,111,2,0,1,1,1,1,0,0,0,0
71,15,2,0,0,1,0,1,0,1,0,0
71,207,2,0,1,1,1,1,0,0,0,0
71,335,2,0,1,1,1,1,0,0,0,0
71,119,2,0,1,1,1,1,0,0,0,0
71,23,2,0,1,1,0,1,0,1,0,0
71,215,2,0,1,1,1,1,0,0,0,0
71,343,2,0,1,1,1,1,0,0,0,0
71,39,2,0,0,1,0,0,0,0,0,0
71,231,2,0,1,1,1,1,0,0,0,0
71,359,2,0,1,1,1,1,0,0,0,0
71,135,2,0,1,1,0,1,0,1,0,0
71,263,2,0,0,1,0,0,0,0,0,0
71,455,2,0,1,1,1,1,0,0,0,0
72,72,0,0,0,0,0,0,0,0,0,0
72,73,1,0,0,0,0,0,0,0,0,0
72,74,1,0,0,0,0,0,0,0,0,0
72,76,1,0,0,0,0,0,0,0,0,0
72,64,1,0,0,0,0,0,0,0,0,0
72,88,1,0,1,0,0,0,0,0,0,0
72,104,1,0,1,0,0,0,0,0,0,0
72,8,1,0,0,0,0,0,0,0,0,0
72,200,1,0,0,0,0,0,0,0,0,0
72,328,1,0,0,0,0,0,0,0,0,0
72,75,2,0,0,0,0,0,0,0,0,0
72,77,2,0,0,0,0,0,0,0,0,0
72,65,2,0,0,0,0,0,0,0,0,0
72,89,2,0,1,0,0,0,0,0,0,0
72,105,2,0,1,0,0,0,0,0,0,0
72,9,2,0,0,0,0,0,0,0,0,0
72,201,2,0,0,0,0,0,0,0,0,0
72,329,2,0,0,0,0,0,0,0,0,0
72,78,2,0,0,0,0,0,0,0,0,0
72,66,2,0,0,0,0,0,0,0,0,0
72,90,2,0,1,0,0,0,0,0,0,0
72,106,2,0,1,0,0,0,0,0,0,0
72,10,2,0,0,0,0,0,0,0,0,0
72,202,2,0,1,0,0,0,0,0,0,0
72,330,2,0,1,0,0,0,0,0,0,0
72,68,2,0,0,0,0,0,0,0,0,0
72,92,2,0,1,0,0,0,0,0,0,0
72,108,2,0,1,0,0,0,0,0,0,0
72,12,2,0,0,0,0,0,0,0,0,0
72,204,2,0,1,0,0,0,0,0,0,0
72,332,2,0,1,0,0,0,0,0,0,0
72,80,2,0,1,0,0,0,0,0,0,0
72,96,2,0,0,0,0,0,0,0,0,0
72,0,2,0,0,0,0,0,0,0,0,0
72,192,2,0,0,0,0,0,0,0,0,0
72,320,2,0,0,0,0,0,0,0,0,0
72,120,2,0,1,0,0,0,0,0,0,0
72,24,2,0,1,0,0,0,0,0,0,0
72,216,2,0,1,0,0,0,0,0,0,0
72,344,2,0,1,0,0,0,0,0,0,0
72,40,2,0,1,0,0,0,0,0,0,0
72,232,2,0,1,0,0,0,0,0,0,0
72,360,2,0,1,0,0,0,0,0,0,0
72,136,2,0,0,0,0,0,0,0,0,0
72,264,2,0,0,0,0,0,0,0,0,0
72,456,2,0,0,0,0,0,0,0,0,0
73,73,0,0,0,0,0,0,0,0,0,0
73,72,1,0,0,0,0,0,0,0,0,0
73,75,1,0,0,0,0,0,0,0,0,0
73,77,1,0,0,0,0,0,0,0,0,0
73,65,1,0,0,0,0,0,0,0,0,0
73,89,1,0,1,0,0,0,0,0,0,0
73,105,1,0,1,0,0,0,0,0,0,0
73,9,1,0,0,0,0,0,0,0,0,0
73,201,1,0,0,0,0,0,0,0,0,0
73,329,1,0,0,0,0,0,0,0,0,0
73,74,2,0,0,0,0,0,0,0,0,0
73,76,2,0,0,0,0,0,0,0,0,0
73,64,2,0,0,0,0,0,0,0,0,0
73,88,2,0,1,0,0,0,0,0,0,0
73,104,2,0,1,0,0,0,0,0,0,0
73,8,2,0,0,0,0,0,0,0,0,0
73,200,2,0,0,0,0,0,0,0,0,0
73,328,2,0,0,0,0,0,0,0,0,0
73,79,2,0,0,0,0,0,0,0,0,0
73,67,2,0,0,0,0,0,0,0,0,0
73,91,2,0,1,0,0,0,0,0,0,0
73,107,2,0,1,0,0,0,0,0,0,0
73,11,2,0,0,0,0,0,0,0,0,0
73,203,2,0,1,0,0,0,0,0,0,0
73,331,2,0,1,0,0,0,0,0,0,0
73,69,2,0,0,0,0,0,0,0,0,0
73,93,2,0,1,0,0,0,0,0,0,0
73,109,2,0,1,0,0,0,0,0,0,0
73,13,2,0,0,0,0,0,0,0,0,0
73,205,2,0,1,0,0,0,0,0,0,0
73,333,2,0,1,0,0,0,0,0,0,0
73,81,2,0,1,0,0,0,0,0,0,0
73,97,2,0,1,0,0,0,0,0,0,0
73,1,2,0,0,0,0,0,0,0,0,0
73,193,2,0,0,0,0,0,0,0,0,0
73,321,2,0,0,0,0,0,0,0,0,0
73,121,2,0,1,0,0,0,0,0,0,0
73,25,2,0,1,0,0,0,0,0,0,0
73,217,2,0,1,0,0,0,0,0,0,0
73,345,2,0,1,0,0,0,0,0,0,0
73,41,2,0,1,0,0,0,0,0,0,0
73,233,2,0,1,0,0,0,0,0,0,0
73,361,2,0,1,0,0,0,0,0,0,0
73,137,2,0,0,0,0,0,0,0,0,0
73,265,2,0,0,0,0,0,0,0,0,0
73,457,2,0,0,0,0,0,0,0,0,0
74,74,0,0,0,0,0,0,0,0,0,0
74,75,1,0,0,0,0,0,0,0,0,0
74,72,1,0,0,0,0,0,0,0,0,0
74,78,1,0,0,0,0,0,0,0,0,0
74,66,1,0,0,0,0,0,0,0,0,0
74,90,1,0,1,0,0,0,0,0,0,0
74,106,1,0,1,0,0,0,0,0,0,0
74,10,1,0,0,0,0,0,0,0,0,0
74,202,1,0,1,0,0,0,0,0,0,0
74,330,1,0,1,0,0,0,0,0,0,0
74,73,2,0,0,0,0,0,0,0,0,0
74,79,2,0,0,0,0,0,0,0,0,0
74,67,2,0,0,0,0,0,0,0,0,0
74,91,2,0,1,0,0,0,0,0,0,0
74,107,2,0,1,0,0,0,0,0,0,0
74,11,2,0,0,0,0,0,0,0,0,0
74,203,2,0,1,0,0,0,0,0,0,0
74,331,2,0,1,0,0,0,0,0,0,0
74,76,2,0,0,0,0,0,0,0,0,0
74,64,2,0,0,0,0,0,0,0,0,0
74,88,2,0,1,0,0,0,0,0,0,0
74,104,2,0,1,0,0,0,0,0,0,0
74,8,2,0,0,0,0,0,0,0,0,0
74,200,2,0,0,0,0,0,0,0,0,0
74,328,2,0,0,0,0,0,0,0,0,0
74,70,2,0,0,0,0,0,0,0,0,0
74,94,2,0,1,0,0,0,0,0,0,0
74,110,2,0,1,0,0,0,0,0,0,0
74,14,2,0,0,0,0,0,0,0,0,0
74,206,2,0,1,0,0,0,0,0,0,0
74,334,2,0,1,0,0,0,0,0,0,0
74,82,2,0,1,0,0,0,0,0,0,0
74,98,2,0,1,0,0,0,0,0,0,0
74,2,2,0,0,0,0,0,0,0,0,0
74,194,2,0,1,0,0,0,0,0,0,0
74,322,2,0,1,0,0,0,0,0,0,0
74,122,2,0,1,0,0,0,0,0,0,0
74,26,2,0,1,0,0,0,0,0,0,0
74,218,2,0,1,0,0,0,0,0,0,0
74,346,2,0,1,0,0,0,0,0,0,0
74,42,2,0,1,0,0,0,0,0,0,0
74,234,2,0,1,0,0,0,0,0,0,0
74,362,2,0,1,0,0,0,0,0,0,0
74,138,2,0,1,0,0,0,0,0,0,0
74,266,2,0,1,0,0,0,0,0,0,0
74,458,2,0,1,0,0,0,0,0,0,0
75,75,0,0,0,0,0,0,0,0,0,0
75,74,1,0,0,0,0,0,0,0,0,0
75,73,1,0,0,0,0,0,0,0,0,0
75,79,1,0,0,0,0,0,0,0,0,0
75,67,1,0,0,0,0,0,0,0,0,0
75,91,1,0,1,0,0,0,0,0,0,0
75,107,1,0,1,0,0,0,0,0,0,0
75,11,1,0,0,0,0,0,0,0,0,0
75,203,1,0,1,0,0,0,0,0,0,0
75,331,1,0,1,0,0,0,0,0,0,0
75,72,2,0,0,0,0,0,0,0,0,0
75,78,2,0,0,0,0,0,0,0,0,0
75,66,2,0,0,0,0,0,0,0,0,0
75,90,2,0,1,0,0,0,0,0,0,0
75,106,2,0,1,0,0,0,0,0,0,0
75,10,2,0,0,0,0,0,0,0,0,0
75,202,2,0,1,0,0,0,0,0,0,0
75,330,2,0,1,0,0,0,0,0,0,0
75,77,2,0,0,0,0,0,0,0,0,0
75,65,2,0,0,0,0,0,0,0,0,0
75,89,2,0,1,0,0,0,0,0,0,0
75,105,2,0,1,0,0,0,0,0,0,0
75,9,2,0,0,0,0,0,0,0,0,0
75,201,2,0,0,0,0,0,0,0,0,0
75,329,2,0,0,0,0,0,0,0,0,0
75,71,2,0,0,0,0,0,0,0,0,0
75,95,2,0,1,0,0,0,0,0,0,0
75,111,2,0,1,0,0,0,0,0,0,0
75,15,2,0,0,0,0,0,0,0,0,0
75,207,2,0,1,0,0,0,0,0,0,0
75,335,2,0,1,0,0,0,0,0,0,0
75,83,2,0,1,0,0,0,0,0,0,0
75,99,2,0,1,0,0,0,0,0,0,0
75,3,2,0,0,0,0,0,0,0,0,0
75,195,2,0,1,0,0,0,0,0,0,0
75,323,2,0,1,0,0,0,0,0,0,0
75,123,2,0,1,0,0,0,0,0,0,0
75,27,2,0,1,0,0,0,0,0,0,0
75,219,2,0,1,0,0,0,0,0,0,0
75,347,2,0,1,0,0,0,0,0,0,0
75,43,2,0,1,0,0,0,0,0,0,0
75,235,2,0,1,0,0,0,0,0,0,0
75,363,2,0,1,0,0,0,0,0,0,0
75,139,2,0,1,0,0,0,0,0,0,0
75,267,2,0,1,0,0,0,0,0,0,0
75,459,2,0,1,0,0,0,0,0,0,0
76,76,0,0,0,1,1,1,0,0,0,0
76,77,1,0,0,1,1,1,0,0,0,0
76,78,1,0,0,1,1,1,0,0,0,0
76,72,1,0,0,1,0,0,0,0,0,0
76,68,1,0,0,1,0,0,0,0,0,0
76,92,1,0,1,1,1,1,0,0,0,0
76,108,1,0,1,1,1,1,0,0,0,0
76,12,1,0,0,1,1,1,0,0,0,0
76,204,1,0,1,1,1,1,0,0,0,0
76,332,1,0,1,1,1,1,0,0,0,0
76,79,2,0,0,1,1,1,0,0,0,0
76,73,2,0,0,1,0,0,0,0,0,0
76,69,2,0,0,1,0,1,0,1,0,0
76,93,2,0,1,1,1,1,0,0,0,0
76,109,2,0,1,1,1,1,0,0,0,0
76,13,2,0,0,1,1,1,0,0,0,0
76,205,2,0,1,1,1,1,0,0,0,0
76,333,2,0,1,1,1,1,0,0,0,0
76,74,2,0,0,1,0,1,0,1,0,0
76,70,2,0,0,1,0,1,0,1,0,0
76,94,2,0,1,1,1,1,0,0,0,0
76,110,2,0,1,1,1,1,0,0,0,0
76,14,2,0,0,1,1,1,0,0,0,0
76,206,2,0,1,1,1,1,0,0,0,0
76,334,2,0,1,1,1,1,0,0,0,0
76,64,2,0,0,1,0,0,0,0,0,0
76,88,2,0,1,1,0,1,0,1,0,0
76,104,2,0,1,1,0,1,0,1,0,0
76,8,2,0,0,1,0,0,0,0,0,0
76,200,2,0,0,1,0,0,0,0,0,0
76,328,2,0,0,1,0,0,0,0,0,0
76,84,2,0,1,1,0,1,0,1,0,0
76,100,2,0,0,1,0,0,0,0,0,0
76,4,2,0,0,1,0,0,0,0,0,0
76,196,2,0,0,1,0,0,0,0,0,0
76,324,2,0,0,1,0,0,0,0,0,0
76,124,2,0,1,1,1,1,0,0,0,0
76,28,2,0,1,1,1,1,0,0,0,0
76,220,2,0,1,1,1,1,0,0,0,0
76,348,2,0,1,1,1,1,0,0,0,0
76,44,2,0,1,1,1,1,0,0,0,0
76,236,2,0,1,1,1,1,0,0,0,0
76,364,2,0,1,1,1,1,0,0,0,0
76,140,2,0,1,1,1,1,0,0,0,0
76,268,2,0,1,1,1,1,0,0,0,0
76,460,2,0,1,1,1,1,0,0,0,0
77,77,0,0,0,1,1,1,0,0,0,0
77,76,1,0,0,1,0,1,0,1,0,0
77,79,1,0,0,1,1,1,0,0,0,0
77,73,1,0,0,1,0,0,0,0,0,0
77,69,1,0,0,1,1,1,0,0,0,0
77,93,1,0,1,1,1,1,0,0,0,0
77,109,1,0,1,1,1,1,0,0,0,0
77,13,1,0,0,1,1,1,0,0,0,0
77,205,1,0,1,1,1,1,0,0,0,0
77,333,1,0,1,1,1,1,0,0,0,0
77,78,2,0,0,1,0,1,0,1,0,0
77,72,2,0,0,1,0,0,0,0,0,0
77,68,2,0,0,1,0,0,0,0,0,0
77,92,2,0,1,1,0,1,0,1,0,0
77,108,2,0,1,1,0,1,0,1,0,0
77,12,2,0,0,1,0,1,0,1,0,0
77,204,2,0,1,1,0,1,0,1,0,0
77,332,2,0,1,1,0,1,0,1,0,0
77,75,2,0,0,1,0,1,0,1,0,0
77,71,2,0,0,1,1,1,0,0,0,0
77,95,2,0,1,1,1,1,0,0,0,0
77,111,2,0,1,1,1,1,0,0,0,0
77,15,2,0,0,1,1,1,0,0,0,0
77,207,2,0,1,1,1,1,0,0,0,0
77,335,2,0,1,1,1,1,0,0,0,0
77,65,2,0,0,1,0,0,0,0,0,0
77,89,2,0,1,1,0,1,0,1,0,0
77,105,2,0,1,1,0,1,0,1,0,0
77,9,2,0,0,1,0,0,0,0,0,0
77,201,2,0,0,1,0,0,0,0,0,0
77,329,2,0,0,1,0,0,0,0,0,0
77,85,2,0,1,1,1,1,0,0,0,0
77,101,2,0,1,1,1,1,0,0,0,0
77,5,2,0,0,1,1,1,0,0,0,0
77,197,2,0,1,1,1,1,0,0,0,0
77,325,2,0,1,1,1,1,0,0,0,0
77,125,2,0,1,1,1,1,0,0,0,0
77,29,2,0,1,1,1,1,0,0,0,0
77,221,2,0,1,1,1,1,0,0,0,0
77,349,2,0,1,1,1,1,0,0,0,0
77,45,2,0,1,1,1,1,0,0,0,0
77,237,2,0,1,1,1,1,0,0,0,0
77,365,2,0,1,1,1,1,0,0,0,0
77,141,2,0,1,1,1,1,0,0,0,0
77,269,2,0,1,1,1,1,0,0,0,0
77,461,2,0,1,1,1,1,0,0,0,0
78,78,0,0,0,0,0,0,0,0,0,0
78,79,1,0,0,0,0,0,0,0,0,0
78,76,1,0,0,0,0,0,0,0,0,0
78,74,1,0,0,0,0,0,0,0,0,0
78,70,1,0,0,0,0,0,0,0,0,0
78,94,1,0,1,0,0,0,0,0,0,0
78,110,1,0,1,0,0,0,0,0,0,0
78,14,1,0,0,0,0,0,0,0,0,0
78,206,1,0,1,0,0,0,0,0,0,0
78,334,1,0,1,0,0,0,0,0,0,0
78,77,2,0,0,0,0,0,0,0,0,0
78,75,2,0,0,0,0,0,0,0,0,0
78,71,2,0,0,0,0,0,0,0,0,0
78,95,2,0,1,0,0,0,0,0,0,0
78,111,2,0,1,0,0,0,0,0,0,0
78,15,2,0,0,0,0,0,0,0,0,0
78,207,2,0,1,0,0,0,0,0,0,0
78,335,2,0,1,0,0,0,0,0,0,0
78,72,2,0,0,0,0,0,0,0,0,0
78,68,2,0,0,0,0,0,0,0,0,0
78,92,2,0,1,0,0,0,0,0,0,0
78,108,2,0,1,0,0,0,0,0,0,0
78,12,2,0,0,0,0,0,0,0,0,0
78,204,2,0,1,0,0,0,0,0,0,0
78,332,2,0,1,0,0,0,0,0,0,0
78,66,2,0,0,0,0,0,0,0,0,0
78,90,2,0,1,0,0,0,0,0,0,0
78,106,2,0,1,0,0,0,0,0,0,0
78,10,2,0,0,0,0,0,0,0,0,0
78,202,2,0,1,0,0,0,0,0,0,0
78,330,2,0,1,0,0,0,0,0,0,0
78,86,2,0,1,0,0,0,0,0,0,0
78,102,2,0,1,0,0,0,0,0,0,0
78,6,2,0,0,0,0,0,0,0,0,0
78,198,2,0,1,0,0,0,0,0,0,0
78,326,2,0,1,0,0,0,0,0,0,0
78,126,2,0,1,0,0,0,0,0,0,0
78,30,2,0,1,0,0,0,0,0,0,0
78,222,2,0,1,0,0,0,0,0,0,0
78,350,2,0,1,0,0,0,0,0,0,0
78,46,2,0,1,0,0,0,0,0,0,0
78,238,2,0,1,0,0,0,0,0,0,0
78,366,2,0,1,0,0,0,0,0,0,0
78,142,2,0,1,0,0,0,0,0,0,0
78,270,2,0,1,0,0,0,0,0,0,0
78,462,2,0,1,0,0,0,0,0,0,0
79,79,0,0,0,0,0,0,0,0,0,0
79,78,1,0,0,0,0,0,0,0,0,0
79,77,1,0,0,0,0,0,0,0,0,0
79,75,1,0,0,0,0,0,0,0,0,0
79,71,1,0,0,0,0,0,0,0,0,0
79,95,1,0,1,0,0,0,0,0,0,0
79,111,1,0,1,0,0,0,0,0,0,0
79,15,1,0,0,0,0,0,0,0,0,0
79,207,1,0,1,0,0,0,0,0,0,0
79,335,1,0,1,0,0,0,0,0,0,0
79,76,2,0,0,0,0,0,0,0,0,0
79,74,2,0,0,0,0,0,0,0,0,0
79,70,2,0,0,0,0,0,0,0,0,0
79,94,2,0,1,0,0,0,0,0,0,0
79,110,2,0,1,0,0,0,0,0,0,0
79,14,2,0,0,0,0,0,0,0,0,0
79,206,2,0,1,0,0,0,0,0,0,0
79,334,2,0,1,0,0,0,0,0,0,0
79,73,2,0,0,0,0,0,0,0,0,0
79,69,2,0,0,0,0,0,0,0,0,0
79,93,2,0,1,0,0,0,0,0,0,0
79,109,2,0,1,0,0,0,0,0,0,0
79,13,2,0,0,0,0,0,0,0,0,0
79,205,2,0,1,0,0,0,0,0,0,0
79,333,2,0,1,0,0,0,0,0,0,0
79,67,2,0,0,0,0,0,0,0,0,0
79,91,2,0,1,0,0,0,0,0,0,0
79,107,2,0,1,0,0,0,0,0,0,0
79,11,2,0,0,0,0,0,0,0,0,0
79,203,2,0,1,0,0,0,0,0,0,0
79,331,2,0,1,0,0,0,0,0,0,0
79,87,2,0,1,0,0,0,0,0,0,0
79,103,2,0,1,0,0,0,0,0,0,0
79,7,2,0,0,0,0,0,0,0,0,0
79,199,2,0,1,0,0,0,0,0,0,0
79,327,2,0,1,0,0,0,0,0,0,0
79,127,2,0,1,0,0,0,0,0,0,0
79,31,2,0,1,0,0,0,0,0,0,0
79,223,2,0,1,0,0,0,0,0,0,0
79,351,2,0,1,0,0,0,0,0,0,0
79,47,2,0,1,0,0,0,0,0,0,0
79,239,2,0,1,0,0,0,0,0,0,0
79,367,2,0,1,0,0,0,0,0,0,0
79,143,2,0,1,0,0,0,0,0,0,0
79,271,2,0,1,0,0,0,0,0,0,0
79,463,2,0,1,0,0,0,0,0,0,0
80,80,0,1,1,0,0,0,0,0,0,1
80,81,1,1,1,0,0,0,0,0,0,1
80,82,1,1,1,0,0,0,0,0,0,1
80,84,1,1,1,0,0,0,0,0,0,1
80,88,1,1,1,0,0,0,0,0,0,1
80,64,1,1,0,0,0,0,0,0,1,0
80,112,1,1,1,0,0,0,0,0,0,1
80,16,1,1,1,0,0,0,0,0,0,1
80,208,1,1,1,0,0,0,0,0,0,1
80,336,1,1,1,0,0,0,0,0,0,1
80,83,2,1,1,0,0,0,0,0,0,1
80,85,2,1,1,0,0,0,0,0,0,1
80,89,2,1,1,0,0,0,0,0,0,1
80,65,2,1,0,0,0,0,0,0,1,0
80,113,2,1,1,0,0,0,0,0,0,1
80,17,2,1,1,0,0,0,0,0,0,1
80,209,2,1,1,0,0,0,0,0,0,1
80,337,2,1,1,0,0,0,0,0,0,1
80,86,2,1,1,0,0,0,0,0,0,1
80,90,2,1,1,0,0,0,0,0,0,1
80,66,2,1,0,0,0,0,0,0,1,0
80,114,2,1,1,0,0,0,0,0,0,1
80,18,2,1,1,0,0,0,0,0,0,1
80,210,2,1,1,0,0,0,0,0,0,1
80,338,2,1,1,0,0,0,0,0,0,1
80,92,2,1,1,0,0,0,0,0,0,1
80,68,2,1,0,0,0,0,0,0,1,0
80,116,2,1,1,0,0,0,0,0,0,1
80,20,2,1,1,0,0,0,0,0,0,1
80,212,2,1,1,0,0,0,0,0,0,1
80,340,2,1,1,0,0,0,0,0,0,1
80,72,2,1,0,0,0,0,0,0,1,0
80,120,2,1,1,0,0,0,0,0,0,1
80,24,2,1,1,0,0,0,0,0,0,1
80,216,2,1,1,0,0,0,0,0,0,1
80,344,2,1,1,0,0,0,0,0,0,1
80,96,2,1,0,0,0,0,0,0,1,0
80,0,2,1,0,0,0,0,0,0,1,0
80,192,2,1,0,0,0,0,0,0,1,0
80,320,2,1,0,0,0,0,0,0,1,0
80,48,2,1,1,0,0,0,0,0,0,1
80,240,2,1,1,0,0,0,0,0,0,1
80,368,2,1,1,0,0,0,0,0,0,1
80,144,2,1,1,0,0,0,0,0,0,1
80,272,2,1,1,0,0,0,0,0,0,1
80,464,2,1,1,0,0,0,0,0,0,1
81,81,0,1,1,1,1,1,0,0,0,1
81,80,1,1,1,1,0,1,0,1,0,1
81,83,1,1,1,1,1,1,0,0,0,1
81,85,1,1,1,1,1,1,0,0,0,1
81,89,1,1,1,1,1,1,0,0,0,1
81,65,1,1,0,1,1,1,0,0,1,0
81,113,1,1,1,1,1,1,0,0,0,1
81,17,1,1,1,1,0,1,0,1,0,1
81,209,1,1,1,1,1,1,0,0,0,1
81,337,1,1,1,1,1,1,0,0,0,1
81,82,2,1,1,1,0,1,0,1,0,1
81,84,2,1,1,1,0,1,0,1,0,1
81,88,2,1,1,1,0,1,0,1,0,1
81,64,2,1,0,1,0,0,0,0,1,0
81,112,2,1,1,1,0,1,0,1,0,1
81,16,2,1,1,1,0,1,0,1,0,1
81,208,2,1,1,1,0,1,0,1,0,1
81,336,2,1,1,1,0,1,0,1,0,1
81,87,2,1,1,1,1,1,0,0,0,1
81,91,2,1,1,1,1,1,0,0,0,1
81,67,2,1,0,1,1,1,0,0,1,0
81,115,2,1,1,1,1,1,0,0,0,1
81,19,2,1,1,1,0,1,0,1,0,1
81,211,2,1,1,1,1,1,0,0,0,1
81,339,2,1,1,1,1,1,0,0,0,1
81,93,2,1,1,1,1,1,0,0,0,1
81,69,2,1,0,1,1,1,0,0,1,0
81,117,2,1,1,1,1,1,0,0,0,1
81,21,2,1,1,1,0,1,0,1,0,1
81,213,2,1,1,1,1,1,0,0,0,1
81,341,2,1,1,1,1,1,0,0,0,1
81,73,2,1,0,1,1,1,0,0,1,0
81,121,2,1,1,1,1,1,0,0,0,1
81,25,2,1,1,1,0,1,0,1,0,1
81,217,2,1,1,1,1,1,0,0,0,1
81,345,2,1,1,1,1,1,0,0,0,1
81,97,2,1,1,1,1,1,0,0,0,0
81,1,2,1,0,1,0,0,0,0,1,0
81,193,2,1,0,1,1,1,0,0,1,0
81,321,2,1,0,1,1,1,0,0,1,0
81,49,2,1,1,1,0,1,0,1,0,1
81,241,2,1,1,1,1,1,0,0,0,1
81,369,2,1,1,1,1,1,0,0,0,1
81,145,2,1,1,1,0,1,0,1,0,1
81,273,2,1,1,1,0,1,0,1,0,1
81,465,2,1,1,1,1,1,0,0,0,1
82,82,0,1,1,1,1,1,0,0,0,1
82,83,1,1,1,1,1,1,0,0,0,1
82,80,1,1,1,1,0,1,0,1,0,1
82,86,1,1,1,1,1,1,0,0,0,1
82,90,1,1,1,1,1,1,0,0,0,1
82,66,1,1,0,1,1,1,0,0,1,0
82,114,1,1,1,1,1,1,0,0,0,1
82,18,1,1,1,1,0,1,0,1,0,1
82,210,1,1,1,1,1,1,0,0,0,1
82,338,1,1,1,1,1,1,0,0,0,1
82,81,2,1,1,1,0,1,0,1,0,1
82,87,2,1,1,1,1,1,0,0,0,1
82,91,2,1,1,1,1,1,0,0,0,1
82,67,2,1,0,1,1,1,0,0,1,0
82,115,2,1,1,1,1,1,0,0,0,1
82,19,2,1,1,1,0,1,0,1,0,1
82,211,2,1,1,1,1,1,0,0,0,1
82,339,2,1,1,1,1,1,0,0,0,1
82,84,2,1,1,1,0,1,0,1,0,1
82,88,2,1,1,1,0,1,0,1,0,1
82,64,2,1,0,1,0,0,0,0,1,0
82,112,2,1,1,1,0,1,0,1,0,1
82,16,2,1,1,1,0,1,0,1,0,1
82,208,2,1,1,1,0,1,0,1,0,1
82,336,2,1,1,1,0,1,0,1,0,1
82,94,2,1,1,1,1,1,0,0,0,1
82,70,2,1,0,1,1,1,0,0,1,0
82,118,2,1,1,1,1,1,0,0,0,1
82,22,2,1,1,1,0,1,0,1,0,1
82,214,2,1,1,1,1,1,0,0,0,1
82,342,2,1,1,1,1,1,0,0,0,1
82,74,2,1,0,1,1,1,0,0,1,0
82,122,2,1,1,1,1,1,0,0,0,1
82,26,2,1,1,1,0,1,0,1,0,1
82,218,2,1,1,1,1,1,0,0,0,1
82,346,2,1,1,1,1,1,0,0,0,1
82,98,2,1,1,1,1,1,0,0,0,0
82,2,2,1,0,1,0,0,0,0,1,0
82,194,2,1,1,1,1,1,0,0,0,0
82,322,2,1,1,1,1,1,0,0,0,0
82,50,2,1,1,1,0,1,0,1,0,1
82,242,2,1,1,1,1,1,0,0,0,1
82,370,2,1,1,1,1,1,0,0,0,1
82,146,2,1,1,1,0,1,0,1,0,1
82,274,2,1,1,1,0,1,0,1,0,1
82,466,2,1,1,1,1,1,0,0,0,1
83,83,0,1,1,1,1,1,0,0,0,1
83,82,1,1,1,1,0,1,0,1,0,1
83,81,1,1,1,1,1,1,0,0,0,1
83,87,1,1,1,1,1,1,0,0,0,1
83,91,1,1,1,1,1,1,0,0,0,1
83,67,1,1,0,1,1,1,0,0,1,0
83,115,1,1,1,1,1,1,0,0,0,1
83,19,1,1,1,1,0,1,0,1,0,1
83,211,1,1,1,1,1,1,0,0,0,1
83,339,1,1,1,1,1,1,0,0,0,1
83,80,2,1,1,1,0,1,0,1,0,1
83,86,2,1,1,1,0,1,0,1,0,1
83,90,2,1,1,1,0,1,0,1,0,1
83,66,2,1,0,1,0,1,0,1,1,0
83,114,2,1,1,1,0,1,0,1,0,1
83,18,2,1,1,1,0,1,0,1,0,1
83,210,2,1,1,1,0,1,0,1,0,1
83,338,2,1,1,1,0,1,0,1,0,1
83,85,2,1,1,1,1,1,0,0,0,1
83,89,2,1,1,1,1,1,0,0,0,1
83,65,2,1,0,1,1,1,0,0,1,0
83,113,2,1,1,1,1,1,0,0,0,1
83,17,2,1,1,1,0,1,0,1,0,1
83,209,2,1,1,1,1,1,0,0,0,1
83,337,2,1,1,1,1,1,0,0,0,1
83,95,2,1,1,1,1,1,0,0,0,1
83,71,2,1,0,1,1,1,0,0,1,0
83,119,2,1,1,1,1,1,0,0,0,1
83,23,2,1,1,1,0,1,0,1,0,1
83,215,2,1,1,1,1,1,0,0,0,1
83,343,2,1,1,1,1,1,0,0,0,1
83,75,2,1,0,1,1,1,0,0,1,0
83,123,2,1,1,1,1,1,0,0,0,1
83,27,2,1,1,1,0,1,0,1,0,1
83,219,2,1,1,1,1,1,0,0,0,1
83,347,2,1,1,1,1,1,0,0,0,1
83,99,2,1,1,1,1,1,0,0,0,0
83,3,2,1,0,1,0,0,0,0,1,0
83,195,2,1,1,1,1,1,0,0,0,0
83,323,2,1,1,1,1,1,0,0,0,0
83,51,2,1,1,1,0,1,0,1,0,1
83,243,2,1,1,1,1,1,0,0,0,1
83,371,2,1,1,1,1,1,0,0,0,1
83,147,2,1,1,1,0,1,0,1,0,1
83,275,2,1,1,1,0,1,0,1,0,1
83,467,2,1,1,1,1,1,0,0,0,1
84,84,0,1,1,0,0,0,0,0,0,1
84,85,1,1,1,0,0,0,0,0,0,1
84,86,1,1,1,0,0,0,0,0,0,1
84,80,1,1,1,0,0,0,0,0,0,1
84,92,1,1,1,0,0,0,0,0,0,1
84,68,1,1,0,0,0,0,0,0,1,0
84,116,1,1,1,0,0,0,0,0,0,1
84,20,1,1,1,0,0,0,0,0,0,1
84,212,1,1,1,0,0,0,0,0,0,1
84,340,1,1,1,0,0,0,0,0,0,1
84,87,2,1,1,0,0,0,0,0,0,1
84,81,2,1,1,0,0,0,0,0,0,1
84,93,2,1,1,0,0,0,0,0,0,1
84,69,2,1,0,0,0,0,0,0,1,0
84,117,2,1,1,0,0,0,0,0,0,1
84,21,2,1,1,0,0,0,0,0,0,1
84,213,2,1,1,0,0,0,0,0,0,1
84,341,2,1,1,0,0,0,0,0,0,1
84,82,2,1,1,0,0,0,0,0,0,1
84,94,2,1,1,0,0,0,0,0,0,1
84,70,2,1,0,0,0,0,0,0,1,0
84,118,2,1,1,0,0,0,0,0,0,1
84,22,2,1,1,0,0,0,0,0,0,1
84,214,2,1,1,0,0,0,0,0,0,1
84,342,2,1,1,0,0,0,0,0,0,1
84,88,2,1,1,0,0,0,0,0,0,1
84,64,2,1,0,0,0,0,0,0,1,0
84,112,2,1,1,0,0,0,0,0,0,1
84,16,2,1,1,0,0,0,0,0,0,1
84,208,2,1,1,0,0,0,0,0,0,1
84,336,2,1,1,0,0,0,0,0,0,1
84,76,2,1,0,0,0,0,0,0,1,0
84,124,2,1,1,0,0,0,0,0,0,1
84,28,2,1,1,0,0,0,0,0,0,1
84,220,2,1,1,0,0,0,0,0,0,1
84,348,2,1,1,0,0,0,0,0,0,1
84,100,2,1,0,0,0,0,0,0,1,0
84,4,2,1,0,0,0,0,0,0,1,0
84,196,2,1,0,0,0,0,0,0,1,0
84,324,2,1,0,0,0,0,0,0,1,0
84,52,2,1,1,0,0,0,0,0,0,1
84,244,2,1,1,0,0,0,0,0,0,1
84,372,2,1,1,0,0,0,0,0,0,1
84,148,2,1,1,0,0,0,0,0,0,1
84,276,2,1,1,0,0,0,0,0,0,1
84,468,2,1,1,0,0,0,0,0,0,1
85,85,0,1,1,2,2,2,0,0,0,1
85,84,1,1,1,2,0,2,0,2,0,1
85,87,1,1,1,2,2,2,0,0,0,1
85,81,1,1,1,2,1,2,0,1,0,1
85,93,1,1,1,2,2,2,0,0,0,1
85,69,1,1,0,2,2,2,0,0,1,0
85,117,1,1,1,2,2,2,0,0,0,1
85,21,1,1,1,2,1,2,0,1,0,1
85,213,1,1,1,2,2,2,0,0,0,1
85,341,1,1,1,2,2,2,0,0,0,1
85,86,2,1,1,2,0,2,0,2,0,1
85,80,2,1,1,2,0,2,0,2,0,1
85,92,2,1,1,2,0,2,0,2,0,1
85,68,2,1,0,2,0,0,0,0,1,0
85,116,2,1,1,2,0,2,0,2,0,1
85,20,2,1,1,2,0,2,0,2,0,1
85,212,2,1,1,2,0,2,0,2,0,1
85,340,2,1,1,2,0,2,0,2,0,1
85,83,2,1,1,2,1,2,0,1,0,1
85,95,2,1,1,2,2,2,0,0,0,1
85,71,2,1,0,2,2,2,0,0,1,0
85,119,2,1,1,2,2,2,0,0,0,1
85,23,2,1,1,2,1,2,0,1,0,1
85,215,2,1,1,2,2,2,0,0,0,1
85,343,2,1,1,2,2,2,0,0,0,1
85,89,2,1,1,2,1,2,0,1,0,1
85,65,2,1,0,2,1,1,0,0,1,0
85,113,2,1,1,2,1,2,0,1,0,1
85,17,2,1,1,2,0,2,0,2,0,1
85,209,2,1,1,2,1,2,0,1,0,1
85,337,2,1,1,2,1,2,0,1,0,1
85,77,2,1,0,2,2,2,0,0,1,0
85,125,2,1,1,2,2,2,0,0,0,1
85,29,2,1,1,2,1,2,0,1,0,1
85,221,2,1,1,2,2,2,0,0,0,1
85,349,2,1,1,2,2,2,0,0,0,1
85,101,2,1,1,2,2,2,0,0,0,0
85,5,2,1,0,2,1,1,0,0,1,0
85,197,2,1,1,2,2,2,0,0,0,0
85,325,2,1,1,2,2,2,0,0,0,0
85,53,2,1,1,2,1,2,0,1,0,1
85,245,2,1,1,2,2,2,0,0,0,1
85,373,2,1,1,2,2,2,0,0,0,1
85,149,2,1,1,2,1,2,0,1,0,1
85,277,2,1,1,2,1,2,0,1,0,1
85,469,2,1,1,2,2,2,0,0,0,1
86,86,0,1,1,1,1,1,0,0,0,1
86,87,1,1,1,1,1,1,0,0,0,1
86,84,1,1,1,1,0,1,0,1,0,1
86,82,1,1,1,1,1,1,0,0,0,1
86,94,1,1,1,1,1,1,0,0,0,1
86,70,1,1,0,1,1,1,0,0,1,0
86,118,1,1,1,1,1,1,0,0,0,1
86,22,1,1,1,1,0,1,0,1,0,1
86,214,1,1,1,1,1,1,0,0,0,1
86,342,1,1,1,1,1,1,0,0,0,1
86,85,2,1,1,1,0,1,0,1,0,1
86,83,2,1,1,1,1,1,0,0,0,1
86,95,2,1,1,1,1,1,0,0,0,1
86,71,2,1,0,1,1,1,0,0,1,0
86,119,2,1,1,1,1,1,0,0,0,1
86,23,2,1,1,1,0,1,0,1,0,1
86,215,2,1,1,1,1,1,0,0,0,1
86,343,2,1,1,1,1,1,0,0,0,1
86,80,2,1,1,1,0,1,0,1,0,1
86,92,2,1,1,1,0,1,0,1,0,1
86,68,2,1,0,1,0,0,0,0,1,0
86,116,2,1,1,1,0,1,0,1,0,1
86,20,2,1,1,1,0,1,0,1,0,1
86,212,2,1,1,1,0,1,0,1,0,1
86,340,2,1,1,1,0,1,0,1,0,1
86,90,2,1,1,1,1,1,0,0,0,1
86,66,2,1,0,1,1,1,0,0,1,0
86,114,2,1,1,1,1,1,0,0,0,1
86,18,2,1,1,1,0,1,0,1,0,1
86,210,2,1,1,1,1,1,0,0,0,1
86,338,2,1,1,1,1,1,0,0,0,1
86,78,2,1,0,1,1,1,0,0,1,0
86,126,2,1,1,1,1,1,0,0,0,1
86,30,2,1,1,1,0,1,0,1,0,1
86,222,2,1,1,1,1,1,0,0,0,1
86,350,2,1,1,1,1,1,0,0,0,1
86,102,2,1,1,1,1,1,0,0,0,0
86,6,2,1,0,1,0,0,0,0,1,0
86,198,2,1,1,1,1,1,0,0,0,0
86,326,2,1,1,1,1,1,0,0,0,0
86,54,2,1,1,1,0,1,0,1,0,1
86,246,2,1,1,1,1,1,0,0,0,1
86,374,2,1,1,1,1,1,0,0,0,1
86,150,2,1,1,1,0,1,0,1,0,1
86,278,2,1,1,1,0,1,0,1,0,1
86,470,2,1,1,1,1,1,0,0,0,1
87,87,0,1,1,1,1,1,0,0,0,1
87,86,1,1,1,1,0,1,0,1,0,1
87,85,1,1,1,1,1,1,0,0,0,1
87,83,1,1,1,1,1,1,0,0,0,1
87,95,1,1,1,1,1,1,0,0,0,1
87,71,1,1,0,1,1,1,0,0,1,0
87,119,1,1,1,1,1,1,0,0,0,1
87,23,1,1,1,1,0,1,0,1,0,1
87,215,1,1,1,1,1,1,0,0,0,1
87,343,1,1,1,1,1,1,0,0,0,1
87,84,2,1,1,1,0,1,0,1,0,1
87,82,2,1,1,1,0,1,0,1,0,1
87,94,2,1,1,1,0,1,0,1,0,1
87,70,2,1,0,1,0,1,0,1,1,0
87,118,2,1,1,1,0,1,0,1,0,1
87,22,2,1,1,1,0,1,0,1,0,1
87,214,2,1,1,1,0,1,0,1,0,1
87,342,2,1,1,1,0,1,0,1,0,1
87,81,2,1,1,1,1,1,0,0,0,1
87,93,2,1,1,1,1,1,0,0,0,1
87,69,2,1,0,1,1,1,0,0,1,0
87,117,2,1,1,1,1,1,0,0,0,1
87,21,2,1,1,1,0,1,0,1,0,1
87,213,2,1,1,1,1,1,0,0,0,1
87,341,2,1,1,1,1,1,0,0,0,1
87,91,2,1,1,1,1,1,0,0,0,1
87,67,2,1,0,1,1,1,0,0,1,0
87,115,2,1,1,1,1,1,0,0,0,1
87,19,2,1,1,1,0,1,0,1,0,1
87,211,2,1,1,1,1,1,0,0,0,1
87,339,2,1,1,1,1,1,0,0,0,1
87,79,2,1,0,1,1,1,0,0,1,0
87,127,2,1,1,1,1,1,0,0,0,1
87,31,2,1,1,1,0,1,0,1,0,1
87,223,2,1,1,1,1,1,0,0,0,1
87,351,2,1,1,1,1,1,0,0,0,1
87,103,2,1,1,1,1,1,0,0,0,0
87,7,2,1,0,1,0,0,0,0,1,0
87,199,2,1,1,1,1,1,0,0,0,0
87,327,2,1,1,1,1,1,0,0,0,0
87,55,2,1,1,1,0,1,0,1,0,1
87,247,2,1,1,1,1,1,0,0,0,1
87,375,2,1,1,1,1,1,0,0,0,1
87,151,2,1,1,1,0,1,0,1,0,1
87,279,2,1,1,1,0,1,0,1,0,1
87,471,2,1,1,1,1,1,0,0,0,1
88,88,0,1,1,0,0,0,0,0,0,1
88,89,1,1,1,0,0,0,0,0,0,1
88,90,1,1,1,0,0,0,0,0,0,1
88,92,1,1,1,0,0,0,0,0,0,1
88,80,1,1,1,0,0,0,0,0,0,1
88,72,1,1,0,0,0,0,0,0,1,0
88,120,1,1,1,0,0,0,0,0,0,1
88,24,1,1,1,0,0,0,0,0,0,1
88,216,1,1,1,0,0,0,0,0,0,1
88,344,1,1,1,0,0,0,0,0,0,1
88,91,2,1,1,0,0,0,0,0,0,1
88,93,2,1,1,0,0,0,0,0,0,1
88,81,2,1,1,0,0,0,0,0,0,1
88,73,2,1,0,0,0,0,0,0,1,0
88,121,2,1,1,0,0,0,0,0,0,1
88,25,2,1,1,0,0,0,0,0,0,1
88,217,2,1,1,0,0,0,0,0,0,1
88,345,2,1,1,0,0,0,0,0,0,1
88,94,2,1,1,0,0,0,0,0,0,1
88,82,2,1,1,0,0,0,0,0,0,1
88,74,2,1,0,0,0,0,0,0,1,0
88,122,2,1,1,0,0,0,0,0,0,1
88,26,2,1,1,0,0,0,0,0,0,1
88,218,2,1,1,0,0,0,0,0,0,1
88,346,2,1,1,0,0,0,0,0,0,1
88,84,2,1,1,0,0,0,0,0,0,1
88,76,2,1,0,0,0,0,0,0,1,0
88,124,2,1,1,0,0,0,0,0,0,1
88,28,2,1,1,0,0,0,0,0,0,1
88,220,2,1,1,0,0,0,0,0,0,1
88,348,2,1,1,0,0,0,0,0,0,1
88,64,2,1,0,0,0,0,0,0,1,0
88,112,2,1,1,0,0,0,0,0,0,1
88,16,2,1,1,0,0,0,0,0,0,1
88,208,2,1,1,0,0,0,0,0,0,1
88,336,2,1,1,0,0,0,0,0,0,1
88,104,2,1,1,0,0,0,0,0,0,0
88,8,2,1,0,0,0,0,0,0,1,0
88,200,2,1,0,0,0,0,0,0,1,0
88,328,2,1,0,0,0,0,0,0,1,0
88,56,2,1,1,0,0,0,0,0,0,1
88,248,2,1,1,0,0,0,0,0,0,1
88,376,2,1,1,0,0,0,0,0,0,1
88,152,2,1,1,0,0,0,0,0,0,1
88,280,2,1,1,0,0,0,0,0,0,1
88,472,2,1,1,0,0,0,0,0,0,1
89,89,0,1,1,0,0,0,0,0,0,1
89,88,1,1,1,0,0,0,0,0,0,1
89,91,1,1,1,0,0,0,0,0,0,1
89,93,1,1,1,0,0,0,0,0,0,1
89,81,1,1,1,0,0,0,0,0,0,1
89,73,1,1,0,0,0,0,0,0,1,0
89,121,1,1,1,0,0,0,0,0,0,1
89,25,1,1,1,0,0,0,0,0,0,1
89,217,1,1,1,0,0,0,0,0,0,1
89,345,1,1,1,0,0,0,0,0,0,1
89,90,2,1,1,0,0,0,0,0,0,1
89,92,2,1,1,0,0,0,0,0,0,1
89,80,2,1,1,0,0,0,0,0,0,1
89,72,2,1,0,0,0,0,0,0,1,0
89,120,2,1,1,0,0,0,0,0,0,1
89,24,2,1,1,0,0,0,0,0,0,1
89,216,2,1,1,0,0,0,0,0,0,1
89,344,2,1,1,0,0,0,0,0,0,1
89,95,2,1,1,0,0,0,0,0,0,1
89,83,2,1,1,0,0,0,0,0,0,1
89,75,2,1,0,0,0,0,0,0,1,0
89,123,2,1,1,0,0,0,0,0,0,1
89,27,2,1,1,0,0,0,0,0,0,1
89,219,2,1,1,0,0,0,0,0,0,1
89,347,2,1,1,0,0,0,0,0,0,1
89,85,2,1,1,0,0,0,0,0,0,1
89,77,2,1,0,0,0,0,0,0,1,0
89,125,2,1,1,0,0,0,0,0,0,1
89,29,2,1,1,0,0,0,0,0,0,1
89,221,2,1,1,0,0,0,0,0,0,1
89,349,2,1,1,0,0,0,0,0,0,1
89,65,2,1,0,0,0,0,0,0,1,0
89,113,2,1,1,0,0,0,0,0,0,1
89,17,2,1,1,0,0,0,0,0,0,1
89,209,2,1,1,0,0,0,0,0,0,1
89,337,2,1,1,0,0,0,0,0,0,1
89,105,2,1,1,0,0,0,0,0,0,0
89,9,2,1,0,0,0,0,0,0,1,0
89,201,2,1,0,0,0,0,0,0,1,0
89,329,2,1,0,0,0,0,0,0,1,0
89,57,2,1,1,0,0,0,0,0,0,1
89,249,2,1,1,0,0,0,0,0,0,1
89,377,2,1,1,0,0,0,0,0,0,1
89,153,2,1,1,0,0,0,0,0,0,1
89,281,2,1,1,0,0,0,0,0,0,1
89,473,2,1,1,0,0,0,0,0,0,1
90,90,0,1,1,0,0,0,0,0,0,1
90,91,1,1,1,0,0,0,0,0,0,1
90,88,1,1,1,0,0,0,0,0,0,1
90,94,1,1,1,0,0,0,0,0,0,1
90,82,1,1,1,0,0,0,0,0,0,1
90,74,1,1,0,0,0,0,0,0,1,0
90,122,1,1,1,0,0,0,0,0,0,1
90,26,1,1,1,0,0,0,0,0,0,1
90,218,1,1,1,0,0,0,0,0,0,1
90,346,1,1,1,0,0,0,0,0,0,1
90,89,2,1,1,0,0,0,0,0,0,1
90,95,2,1,1,0,0,0,0,0,0,1
90,83,2,1,1,0,0,0,0,0,0,1
90,75,2,1,0,0,0,0,0,0,1,0
90,123,2,1,1,0,0,0,0,0,0,1
90,27,2,1,1,0,0,0,0,0,0,1
90,219,2,1,1,0,0,0,0,0,0,1
90,347,2,1,1,0,0,0,0,0,0,1
90,92,2,1,1,0,0,0,0,0,0,1
90,80,2,1,1,0,0,0,0,0,0,1
90,72,2,1,0,0,0,0,0,0,1,0
90,120,2,1,1,0,0,0,0,0,0,1
90,24,2,1,1,0,0,0,0,0,0,1
90,216,2,1,1,0,0,0,0,0,0,1
90,344,2,1,1,0,0,0,0,0,0,1
90,86,2,1,1,0,0,0,0,0,0,1
90,78,2,1,0,0,0,0,0,0,1,0
90,126,2,1,1,0,0,0,0,0,0,1
90,30,2,1,1,0,0,0,0,0,0,1
90,222,2,1,1,0,0,0,0,0,0,1
90,350,2,1,1,0,0,0,0,0,0,1
90,66,2,1,0,0,0,0,0,0,1,0
90,114,2,1,1,0,0,0,0,0,0,1
90,18,2,1,1,0,0,0,0,0,0,1
90,210,2,1,1,0,0,0,0,0,0,1
90,338,2,1,1,0,0,0,0,0,0,1
90,106,2,1,1,0,0,0,0,0,0,0
90,10,2,1,0,0,0,0,0,0,1,0
90,202,2,1,1,0,0,0,0,0,0,0
90,330,2,1,1,0,0,0,0,0,0,0
90,58,2,1,1,0,0,0,0,0,0,1
90,250,2,1,1,0,0,0,0,0,0,1
90,378,2,1,1,0,0,0,0,0,0,1
90,154,2,1,1,0,0,0,0,0,0,1
90,282,2,1,1,0,0,0,0,0,0,1
90,474,2,1,1,0,0,0,0,0,0,1
91,91,0,1,1,0,0,0,0,0,0,1
91,90,1,1,1,0,0,0,0,0,0,1
91,89,1,1,1,0,0,0,0,0,0,1
91,95,1,1,1,0,0,0,0,0,0,1
91,83,1,1,1,0,0,0,0,0,0,1
91,75,1,1,0,0,0,0,0,0,1,0
91,123,1,1,1,0,0,0,0,0,0,1
91,27,1,1,1,0,0,0,0,0,0,1
91,219,1,1,1,0,0,0,0,0,0,1
91,347,1,1,1,0,0,0,0,0,0,1
91,88,2,1,1,0,0,0,0,0,0,1
91,94,2,1,1,0,0,0,0,0,0,1
91,82,2,1,1,0,0,0,0,0,0,1
91,74,2,1,0,0,0,0,0,0,1,0
91,122,2,1,1,0,0,0,0,0,0,1
91,26,2,1,1,0,0,0,0,0,0,1
91,218,2,1,1,0,0,0,0,0,0,1
91,346,2,1,1,0,0,0,0,0,0,1
91,93,2,1,1,0,0,0,0,0,0,1
91,81,2,1,1,0,0,0,0,0,0,1
91,73,2,1,0,0,0,0,0,0,1,0
91,121,2,1,1,0,0,0,0,0,0,1
91,25,2,1,1,0,0,0,0,0,0,1
91,217,2,1,1,0,0,0,0,0,0,1
91,345,2,1,1,0,0,0,0,0,0,1
91,87,2,1,1,0,0,0,0,0,0,1
91,79,2,1,0,0,0,0,0,0,1,0
91,127,2,1,1,0,0,0,0,0,0,1
91,31,2,1,1,0,0,0,0,0,0,1
91,223,2,1,1,0,0,0,0,0,0,1
91,351,2,1,1,0,0,0,0,0,0,1
91,67,2,1,0,0,0,0,0,0,1,0
91,115,2,1,1,0,0,0,0,0,0,1
91,19,2,1,1,0,0,0,0,0,0,1
91,211,2,1,1,0,0,0,0,0,0,1
91,339,2,1,1,0,0,0,0,0,0,1
91,107,2,1,1,0,0,0,0,0,0,0
91,11,2,1,0,0,0,0,0,0,1,0
91,203,2,1,1,0,0,0,0,0,0,0
91,331,2,1,1,0,0,0,0,0,0,0
91,59,2,1,1,0,0,0,0,0,0,1
91,251,2,1,1,0,0,0,0,0,0,1
91,379,2,1,1,0,0,0,0,0,0,1
91,155,2,1,1,0,0,0,0,0,0,1
91,283,2,1,1,0,0,0,0,0,0,1
91,475,2,1,1,0,0,0,0,0,0,1
92,92,0,1,1,1,1,1,0,0,0,1
92,93,1,1,1,1,1,1,0,0,0,1
92,94,1,1,1,1,1,1,0,0,0,1
92,88,1,1,1,1,0,1,0,1,0,1
92,84,1,1,1,1,0,1,0,1,0,1
92,76,1,1,0,1,1,1,0,0,1,0
92,124,1,1,1,1,1,1,0,0,0,1
92,28,1,1,1,1,1,1,0,0,0,1
92,220,1,1,1,1,1,1,0,0,0,1
92,348,1,1,1,1,1,1,0,0,0,1
92,95,2,1,1,1,1,1,0,0,0,1
92,89,2,1,1,1,0,1,0,1,0,1
92,85,2,1,1,1,0,1,0,1,0,1
92,77,2,1,0,1,1,1,0,0,1,0
92,125,2,1,1,1,1,1,0,0,0,1
92,29,2,1,1,1,1,1,0,0,0,1
92,221,2,1,1,1,1,1,0,0,0,1
92,349,2,1,1,1,1,1,0,0,0,1
92,90,2,1,1,1,0,1,0,1,0,1
92,86,2,1,1,1,0,1,0,1,0,1
92,78,2,1,0,1,1,1,0,0,1,0
92,126,2,1,1,1,1,1,0,0,0,1
92,30,2,1,1,1,1,1,0,0,0,1
92,222,2,1,1,1,1,1,0,0,0,1
92,350,2,1,1,1,1,1,0,0,0,1
92,80,2,1,1,1,0,1,0,1,0,1
92,72,2,1,0,1,0,0,0,0,1,0
92,120,2,1,1,1,0,1,0,1,0,1
92,24,2,1,1,1,0,1,0,1,0,1
92,216,2,1,1,1,0,1,0,1,0,1
92,344,2,1,1,1,0,1,0,1,0,1
92,68,2,1,0,1,0,0,0,0,1,0
92,116,2,1,1,1,0,1,0,1,0,1
92,20,2,1,1,1,0,1,0,1,0,1
92,212,2,1,1,1,0,1,0,1,0,1
92,340,2,1,1,1,0,1,0,1,0,1
92,108,2,1,1,1,1,1,0,0,0,0
92,12,2,1,0,1,1,1,0,0,1,0
92,204,2,1,1,1,1,1,0,0,0,0
92,332,2,1,1,1,1,1,0,0,0,0
92,60,2,1,1,1,1,1,0,0,0,1
92,252,2,1,1,1,1,1,0,0,0,1
92,380,2,1,1,1,1,1,0,0,0,1
92,156,2,1,1,1,1,1,0,0,0,1
92,284,2,1,1,1,1,1,0,0,0,1
92,476,2,1,1,1,1,1,0,0,0,1
93,93,0,1,1,1,1,1,0,0,0,1
93,92,1,1,1,1,0,1,0,1,0,1
93,95,1,1,1,1,1,1,0,0,0,1
93,89,1,1,1,1,0,1,0,1,0,1
93,85,1,1,1,1,1,1,0,0,0,1
93,77,1,1,0,1,1,1,0,0,1,0
93,125,1,1,1,1,1,1,0,0,0,1
93,29,1,1,1,1,1,1,0,0,0,1
93,221,1,1,1,1,1,1,0,0,0,1
93,349,1,1,1,1,1,1,0,0,0,1
93,94,2,1,1,1,0,1,0,1,0,1
93,88,2,1,1,1,0,1,0,1,0,1
93,84,2,1,1,1,0,1,0,1,0,1
93,76,2,1,0,1,0,1,0,1,1,0
93,124,2,1,1,1,0,1,0,1,0,1
93,28,2,1,1,1,0,1,0,1,0,1
93,220,2,1,1,1,0,1,0,1,0,1
93,348,2,1,1,1,0,1,0,1,0,1
93,91,2,1,1,1,0,1,0,1,0,1
93,87,2,1,1,1,1,1,0,0,0,1
93,79,2,1,0,1,1,1,0,0,1,0
93,127,2,1,1,1,1,1,0,0,0,1
93,31,2,1,1,1,1,1,0,0,0,1
93,223,2,1,1,1,1,1,0,0,0,1
93,351,2,1,1,1,1,1,0,0,0,1
93,81,2,1,1,1,0,1,0,1,0,1
93,73,2,1,0,1,0,0,0,0,1,0
93,121,2,1,1,1,0,1,0,1,0,1
93,25,2,1,1,1,0,1,0,1,0,1
93,217,2,1,1,1,0,1,0,1,0,1
93,345,2,1,1,1,0,1,0,1,0,1
93,69,2,1,0,1,1,1,0,0,1,0
93,117,2,1,1,1,1,1,0,0,0,1
93,21,2,1,1,1,1,1,0,0,0,1
93,213,2,1,1,1,1,1,0,0,0,1
93,341,2,1,1,1,1,1,0,0,0,1
93,109,2,1,1,1,1,1,0,0,0,0
93,13,2,1,0,1,1,1,0,0,1,0
93,205,2,1,1,1,1,1,0,0,0,0
93,333,2,1,1,1,1,1,0,0,0,0
93,61,2,1,1,1,1,1,0,0,0,1
93,253,2,1,1,1,1,1,0,0,0,1
93,381,2,1,1,1,1,1,0,0,0,1
93,157,2,1,1,1,1,1,0,0,0,1
93,285,2,1,1,1,1,1,0,0,0,1
93,477,2,1,1,1,1,1,0,0,0,1
94,94,0,1,1,0,0,0,0,0,0,1
94,95,1,1,1,0,0,0,0,0,0,1
94,92,1,1,1,0,0,0,0,0,0,1
94,90,1,1,1,0,0,0,0,0,0,1
94,86,1,1,1,0,0,0,0,0,0,1
94,78,1,1,0,0,0,0,0,0,1,0
94,126,1,1,1,0,0,0,0,0,0,1
94,30,1,1,1,0,0,0,0,0,0,1
94,222,1,1,1,0,0,0,0,0,0,1
94,350,1,1,1,0,0,0,0,0,0,1
94,93,2,1,1,0,0,0,0,0,0,1
94,91,2,1,1,0,0,0,0,0,0,1
94,87,2,1,1,0,0,0,0,0,0,1
94,79,2,1,0,0,0,0,0,0,1,0
94,127,2,1,1,0,0,0,0,0,0,1
94,31,2,1,1,0,0,0,0,0,0,1
94,223,2,1,1,0,0,0,0,0,0,1
94,351,2,1,1,0,0,0,0,0,0,1
94,88,2,1,1,0,0,0,0,0,0,1
94,84,2,1,1,0,0,0,0,0,0,1
94,76,2,1,0,0,0,0,0,0,1,0
94,124,2,1,1,0,0,0,0,0,0,1
94,28,2,1,1,0,0,0,0,0,0,1
94,220,2,1,1,0,0,0,0,0,0,1
94,348,2,1,1,0,0,0,0,0,0,1
94,82,2,1,1,0,0,0,0,0,0,1
94,74,2,1,0,0,0,0,0,0,1,0
94,122,2,1,1,0,0,0,0,0,0,1
94,26,2,1,1,0,0,0,0,0,0,1
94,218,2,1,1,0,0,0,0,0,0,1
94,346,2,1,1,0,0,0,0,0,0,1
94,70,2,1,0,0,0,0,0,0,1,0
94,118,2,1,1,0,0,0,0,0,0,1
94,22,2,1,1,0,0,0,0,0,0,1
94,214,2,1,1,0,0,0,0,0,0,1
94,342,2,1,1,0,0,0,0,0,0,1
94,110,2,1,1,0,0,0,0,0,0,0
94,14,2,1,0,0,0,0,0,0,1,0
94,206,2,1,1,0,0,0,0,0,0,0
94,334,2,1,1,0,0,0,0,0,0,0
94,62,2,1,1,0,0,0,0,0,0,1
94,254,2,1,1,0,0,0,0,0,0,1
94,382,2,1,1,0,0,0,0,0,0,1
94,158,2,1,1,0,0,0,0,0,0,1
94,286,2,1,1,0,0,0,0,0,0,1
94,478,2,1,1,0,0,0,0,0,0,1
95,95,0,1,1,0,0,0,0,0,0,1
95,94,1,1,1,0,0,0,0,0,0,1
95,93,1,1,1,0,0,0,0,0,0,1
95,91,1,1,1,0,0,0,0,0,0,1
95,87,1,1,1,0,0,0,0,0,0,1
95,79,1,1,0,0,0,0,0,0,1,0
95,127,1,1,1,0,0,0,0,0,0,1
95,31,1,1,1,0,0,0,0,0,0,1
95,223,1,1,1,0,0,0,0,0,0,1
95,351,1,1,1,0,0,0,0,0,0,1
95,92,2,1,1,0,0,0,0,0,0,1
95,90,2,1,1,0,0,0,0,0,0,1
95,86,2,1,1,0,0,0,0,0,0,1
95,78,2,1,0,0,0,0,0,0,1,0
95,126,2,1,1,0,0,0,0,0,0,1
95,30,2,1,1,0,0,0,0,0,0,1
95,222,2,1,1,0,0,0,0,0,0,1
95,350,2,1,1,0,0,0,0,0,0,1
95,89,2,1,1,0,0,0,0,0,0,1
95,85,2,1,1,0,0,0,0,0,0,1
95,77,2,1,0,0,0,0,0,0,1,0
95,125,2,1,1,0,0,0,0,0,0,1
95,29,2,1,1,0,0,0,0,0,0,1
95,221,2,1,1,0,0,0,0,0,0,1
95,349,2,1,1,0,0,0,0,0,0,1
95,83,2,1,1,0,0,0,0,0,0,1
95,75,2,1,0,0,0,0,0,0,1,0
95,123,2,1,1,0,0,0,0,0,0,1
95,27,2,1,1,0,0,0,0,0,0,1
95,219,2,1,1,0,0,0,0,0,0,1
95,347,2,1,1,0,0,0,0,0,0,1
95,71,2,1,0,0,0,0,0,0,1,0
95,119,2,1,1,0,0,0,0,0,0,1
95,23,2,1,1,0,0,0,0,0,0,1
95,215,2,1,1,0,0,0,0,0,0,1
95,343,2,1,1,0,0,0,0,0,0,1
95,111,2,1,1,0,0,0,0,0,0,0
95,15,2,1,0,0,0,0,0,0,1,0
95,207,2,1,1,0,0,0,0,0,0,0
95,335,2,1,1,0,0,0,0,0,0,0
95,63,2,1,1,0,0,0,0,0,0,1
95,255,2,1,1,0,0,0,0,0,0,1
95,383,2,1,1,0,0,0,0,0,0,1
95,159,2,1,1,0,0,0,0,0,0,1
95,287,2,1,1,0,0,0,0,0,0,1
95,479,2,1,1,0,0,0,0,0,0,1
96,96,0,0,0,1,1,1,0,0,0,0
96,97,1,0,1,1,1,1,0,0,0,0
96,98,1,0,1,1,1,1,0,0,0,0
96,100,1,0,0,1,1,1,0,0,0,0
96,104,1,0,1,1,1,1,0,0,0,0
96,112,1,0,1,1,1,1,0,0,0,0
96,64,1,0,0,1,0,0,0,0,0,0
96,32,1,0,0,1,0,0,0,0,0,0
96,224,1,0,0,1,1,1,0,0,0,0
96,352,1,0,0,1,1,1,0,0,0,0
96,99,2,0,1,1,1,1,0,0,0,0
96,101,2,0,1,1,1,1,0,0,0,0
96,105,2,0,1,1,1,1,0,0,0,0
96,113,2,0,1,1,1,1,0,0,0,0
96,65,2,0,0,1,0,0,0,0,0,0
96,33,2,0,0,1,0,0,0,0,0,0
96,225,2,0,1,1,1,1,0,0,0,0
96,353,2,0,1,1,1,1,0,0,0,0
96,102,2,0,1,1,1,1,0,0,0,0
96,106,2,0,1,1,1,1,0,0,0,0
96,114,2,0,1,1,1,1,0,0,0,0
96,66,2,0,0,1,0,0,0,0,0,0
96,34,2,0,0,1,0,0,0,0,0,0
96,226,2,0,1,1,1,1,0,0,0,0
96,354,2,0,1,1,1,1,0,0,0,0
96,108,2,0,1,1,1,1,0,0,0,0
96,116,2,0,1,1,1,1,0,0,0,0
96,68,2,0,0,1,0,0,0,0,0,0
96,36,2,0,0,1,0,0,0,0,0,0
96,228,2,0,0,1,1,1,0,0,0,0
96,356,2,0,0,1,1,1,0,0,0,0
96,120,2,0,1,1,1,1,0,0,0,0
96,72,2,0,0,1,0,0,0,0,0,0
96,40,2,0,1,1,0,1,0,1,0,0
96,232,2,0,1,1,1,1,0,0,0,0
96,360,2,0,1,1,1,1,0,0,0,0
96,80,2,0,1,1,0,1,0,1,0,0
96,48,2,0,1,1,0,1,0,1,0,0
96,240,2,0,1,1,1,1,0,0,0,0
96,368,2,0,1,1,1,1,0,0,0,0
96,0,2,0,0,1,0,0,0,0,0,0
96,192,2,0,0,1,0,1,0,1,0,0
96,320,2,0,0,1,0,1,0,1,0,0
96,160,2,0,0,1,0,1,0,1,0,0
96,288,2,0,0,1,0,0,0,0,0,0
96,480,2,0,0,1,1,1,0,0,0,0
97,97,0,1,1,4,4,4,0,0,0,1
97,96,1,1,0,4,1,1,0,0,1,0
97,99,1,1,1,4,4,4,0,0,0,1
97,101,1,1,1,4,4,4,0,0,0,1
97,105,1,1,1,4,4,4,0,0,0,1
97,113,1,1,1,4,4,4,0,0,0,1
97,65,1,1,0,4,1,1,0,0,1,0
97,33,1,1,0,4,1,1,0,0,1,0
97,225,1,1,1,4,4,4,0,0,0,1
97,353,1,1,1,4,4,4,0,0,0,1
97,98,2,1,1,4,1,4,0,3,0,0
97,100,2,1,0,4,1,1,0,0,1,0
97,104,2,1,1,4,1,4,0,3,0,0
97,112,2,1,1,4,1,4,0,3,0,0
97,64,2,1,0,4,0,0,0,0,1,0
97,32,2,1,0,4,0,0,0,0,1,0
97,224,2,1,0,4,1,1,0,0,1,0
97,352,2,1,0,4,1,1,0,0,1,0
97,103,2,1,1,4,4,4,0,0,0,1
97,107,2,1,1,4,4,4,0,0,0,1
97,115,2,1,1,4,4,4,0,0,0,1
97,67,2,1,0,4,1,2,0,1,1,0
97,35,2,1,0,4,1,1,0,0,1,0
97,227,2,1,1,4,4,4,0,0,0,1
97,355,2,1,1,4,4,4,0,0,0,1
97,109,2,1,1,4,4,4,0,0,0,1
97,117,2,1,1,4,4,4,0,0,0,1
97,69,2,1,0,4,1,2,0,1,1,0
97,37,2,1,0,4,1,1,0,0,1,0
97,229,2,1,1,4,4,4,0,0,0,1
97,357,2,1,1,4,4,4,0,0,0,1
97,121,2,1,1,4,4,4,0,0,0,1
97,73,2,1,0,4,1,1,0,0,1,0
97,41,2,1,1,4,1,4,0,3,0,0
97,233,2,1,1,4,4,4,0,0,0,1
97,361,2,1,1,4,4,4,0,0,0,1
97,81,2,1,1,4,1,4,0,3,0,0
97,49,2,1,1,4,1,4,0,3,0,0
97,241,2,1,1,4,4,4,0,0,0,1
97,369,2,1,1,4,4,4,0,0,0,1
97,1,2,1,0,4,0,0,0,0,1,0
97,193,2,1,0,4,1,2,0,1,1,0
97,321,2,1,0,4,1,2,0,1,1,0
97,161,2,1,1,4,1,4,0,3,0,0
97,289,2,1,0,4,1,1,0,0,1,0
97,481,2,1,1,4,4,4,0,0,0,1
98,98,0,1,1,3,3,3,0,0,0,1
98,99,1,1,1,3,3,3,0,0,0,1
98,96,1,1,0,3,1,1,0,0,1,0
98,102,1,1,1,3,3,3,0,0,0,1
98,106,1,1,1,3,3,3,0,0,0,1
98,114,1,1,1,3,3,3,0,0,0,1
98,66,1,1,0,3,1,1,0,0,1,0
98,34,1,1,0,3,0,0,0,0,1,0
98,226,1,1,1,3,3,3,0,0,0,1
98,354,1,1,1,3,3,3,0,0,0,1
98,97,2,1,1,3,1,3,0,2,0,0
98,103,2,1,1,3,3,3,0,0,0,1
98,107,2,1,1,3,3,3,0,0,0,1
98,115,2,1,1,3,3,3,0,0,0,1
98,67,2,1,0,3,1,1,0,0,1,0
98,35,2,1,0,3,0,0,0,0,1,0
98,227,2,1,1,3,3,3,0,0,0,1
98,355,2,1,1,3,3,3,0,0,0,1
98,100,2,1,0,3,1,1,0,0,1,0
98,104,2,1,1,3,1,3,0,2,0,0
98,112,2,1,1,3,1,3,0,2,0,0
98,64,2,1,0,3,0,0,0,0,1,0
98,32,2,1,0,3,0,0,0,0,1,0
98,224,2,1,0,3,1,1,0,0,1,0
98,352,2,1,0,3,1,1,0,0,1,0
98,110,2,1,1,3,3,3,0,0,0,1
98,118,2,1,1,3,3,3,0,0,0,1
98,70,2,1,0,3,1,1,0,0,1,0
98,38,2,1,0,3,0,0,0,0,1,0
98,230,2,1,1,3,3,3,0,0,0,1
98,358,2,1,1,3,3,3,0,0,0,1
98,122,2,1,1,3,3,3,0,0,0,1
98,74,2,1,0,3,1,1,0,0,1,0
98,42,2,1,1,3,0,3,0,3,0,0
98,234,2,1,1,3,3,3,0,0,0,1
98,362,2,1,1,3,3,3,0,0,0,1
98,82,2,1,1,3,1,3,0,2,0,0
98,50,2,1,1,3,0,3,0,3,0,0
98,242,2,1,1,3,3,3,0,0,0,1
98,370,2,1,1,3,3,3,0,0,0,1
98,2,2,1,0,3,0,0,0,0,1,0
98,194,2,1,1,3,1,3,0,2,0,0
98,322,2,1,1,3,1,3,0,2,0,0
98,162,2,1,1,3,0,3,0,3,0,0
98,290,2,1,0,3,0,0,0,0,1,0
98,482,2,1,1,3,3,3,0,0,0,1
99,99,0,1,1,3,3,3,0,0,0,1
99,98,1,1,1,3,1,3,0,2,0,1
99,97,1,1,1,3,3,3,0,0,0,0
99,103,1,1,1,3,3,3,0,0,0,1
99,107,1,1,1,3,3,3,0,0,0,1
99,115,1,1,1,3,3,3,0,0,0,1
99,67,1,1,0,3,1,1,0,0,1,0
99,35,1,1,0,3,0,0,0,0,1,0
99,227,1,1,1,3,3,3,0,0,0,1
99,355,1,1,1,3,3,3,0,0,0,1
99,96,2,1,0,3,1,1,0,0,1,0
99,102,2,1,1,3,1,3,0,2,0,1
99,106,2,1,1,3,1,3,0,2,0,1
99,114,2,1,1,3,1,3,0,2,0,1
99,66,2,1,0,3,0,1,0,1,1,0
99,34,2,1,0,3,0,0,0,0,1,0
99,226,2,1,1,3,1,3,0,2,0,1
99,354,2,1,1,3,1,3,0,2,0,1
99,101,2,1,1,3,3,3,0,0,0,0
99,105,2,1,1,3,3,3,0,0,0,0
99,113,2,1,1,3,3,3,0,0,0,0
99,65,2,1,0,3,1,1,0,0,1,0
99,33,2,1,0,3,0,0,0,0,1,0
99,225,2,1,1,3,3,3,0,0,0,0
99,353,2,1,1,3,3,3,0,0,0,0
99,111,2,1,1,3,3,3,0,0,0,1
99,119,2,1,1,3,3,3,0,0,0,1
99,71,2,1,0,3,1,1,0,0,1,0
99,39,2,1,0,3,0,0,0,0,1,0
99,231,2,1,1,3,3,3,0,0,0,1
99,359,2,1,1,3,3,3,0,0,0,1
99,123,2,1,1,3,3,3,0,0,0,1
99,75,2,1,0,3,1,1,0,0,1,0
99,43,2,1,1,3,0,3,0,3,0,0
99,235,2,1,1,3,3,3,0,0,0,1
99,363,2,1,1,3,3,3,0,0,0,1
99,83,2,1,1,3,1,3,0,2,0,0
99,51,2,1,1,3,0,3,0,3,0,0
99,243,2,1,1,3,3,3,0,0,0,1
99,371,2,1,1,3,3,3,0,0,0,1
99,3,2,1,0,3,0,0,0,0,1,0
99,195,2,1,1,3,1,3,0,2,0,0
99,323,2,1,1,3,1,3,0,2,0,0
99,163,2,1,1,3,0,3,0,3,0,0
99,291,2,1,0,3,0,0,0,0,1,0
99,483,2,1,1,3,3,3,0,0,0,1
100,100,0,0,0,1,1,1,0,0,0,0
100,101,1,0,1,1,1,1,0,0,0,0
100,102,1,0,1,1,1,1,0,0,0,0
100,96,1,0,0,1,1,1,0,0,0,0
100,108,1,0,1,1,1,1,0,0,0,0
100,116,1,0,1,1,1,1,0,0,0,0
100,68,1,0,0,1,0,0,0,0,0,0
100,36,1,0,0,1,0,0,0,0,0,0
100,228,1,0,0,1,1,1,0,0,0,0
100,356,1,0,0,1,1,1,0,0,0,0
100,103,2,0,1,1,1,1,0,0,0,0
100,97,2,0,1,1,1,1,0,0,0,0
100,109,2,0,1,1,1,1,0,0,0,0
100,117,2,0,1,1,1,1,0,0,0,0
100,69,2,0,0,1,0,0,0,0,0,0
100,37,2,0,0,1,0,0,0,0,0,0
100,229,2,0,1,1,1,1,0,0,0,0
100,357,2,0,1,1,1,1,0,0,0,0
100,98,2,0,1,1,1,1,0,0,0,0
100,110,2,0,1,1,1,1,0,0,0,0
100,118,2,0,1,1,1,1,0,0,0,0
100,70,2,0,0,1,0,0,0,0,0,0
100,38,2,0,0,1,0,0,0,0,0,0
100,230,2,0,1,1,1,1,0,0,0,0
100,358,2,0,1,1,1,1,0,0,0,0
100,104,2,0,1,1,1,1,0,0,0,0
100,112,2,0,1,1,1,1,0,0,0,0
100,64,2,0,0,1,0,0,0,0,0,0
100,32,2,0,0,1,0,0,0,0,0,0
100,224,2,0,0,1,1,1,0,0,0,0
100,352,2,0,0,1,1,1,0,0,0,0
100,124,2,0,1,1,1,1,0,0,0,0
100,76,2,0,0,1,0,0,0,0,0,0
100,44,2,0,1,1,0,1,0,1,0,0
100,236,2,0,1,1,1,1,0,0,0,0
100,364,2,0,1,1,1,1,0,0,0,0
100,84,2,0,1,1,0,1,0,1,0,0
100,52,2,0,1,1,0,1,0,1,0,0
100,244,2,0,1,1,1,1,0,0,0,0
100,372,2,0,1,1,1,1,0,0,0,0
100,4,2,0,0,1,0,0,0,0,0,0
100,196,2,0,0,1,0,1,0,1,0,0
100,324,2,0,0,1,0,1,0,1,0,0
100,164,2,0,0,1,0,1,0,1,0,0
100,292,2,0,0,1,0,0,0,0,0,0
100,484,2,0,0,1,1,1,0,0,0,0
101,101,0,1,1,4,4,4,0,0,0,1
101,100,1,1,0,4,1,1,0,0,1,0
101,103,1,1,1,4,4,4,0,0,0,1
101,97,1,1,1,4,3,4,0,1,0,0
101,109,1,1,1,4,4,4,0,0,0,1
101,117,1,1,1,4,4,4,0,0,0,1
101,69,1,1,0,4,2,2,0,0,1,0
101,37,1,1,0,4,1,1,0,0,1,0
101,229,1,1,1,4,4,4,0,0,0,1
101,357,1,1,1,4,4,4,0,0,0,1
101,102,2,1,1,4,1,4,0,3,0,0
101,96,2,1,0,4,1,1,0,0,1,0
101,108,2,1,1,4,1,4,0,3,0,0
101,116,2,1,1,4,1,4,0,3,0,0
101,68,2,1,0,4,0,0,0,0,1,0
101,36,2,1,0,4,0,0,0,0,1,0
101,228,2,1,0,4,1,1,0,0,1,0
101,356,2,1,0,4,1,1,0,0,1,0
101,99,2,1,1,4,3,4,0,1,0,0
101,111,2,1,1,4,4,4,0,0,0,1
101,119,2,1,1,4,4,4,0,0,0,1
101,71,2,1,0,4,2,2,0,0,1,0
101,39,2,1,0,4,1,1,0,0,1,0
101,231,2,1,1,4,4,4,0,0,0,1
101,359,2,1,1,4,4,4,0,0,0,1
101,105,2,1,1,4,3,4,0,1,0,0
101,113,2,1,1,4,3,4,0,1,0,0
101,65,2,1,0,4,1,1,0,0,1,0
101,33,2,1,0,4,0,1,0,1,1,0
101,225,2,1,1,4,3,4,0,1,0,0
101,353,2,1,1,4,3,4,0,1,0,0
101,125,2,1,1,4,4,4,0,0,0,1
101,77,2,1,0,4,2,2,0,0,1,0
101,45,2,1,1,4,1,4,0,3,0,0
101,237,2,1,1,4,4,4,0,0,0,1
101,365,2,1,1,4,4,4,0,0,0,1
101,85,2,1,1,4,2,4,0,2,0,0
101,53,2,1,1,4,1,4,0,3,0,0
101,245,2,1,1,4,4,4,0,0,0,1
101,373,2,1,1,4,4,4,0,0,0,1
101,5,2,1,0,4,1,1,0,0,1,0
101,197,2,1,1,4,2,4,0,2,0,0
101,325,2,1,1,4,2,4,0,2,0,0
101,165,2,1,1,4,1,4,0,3,0,0
101,293,2,1,0,4,1,1,0,0,1,0
101,485,2,1,1,4,4,4,0,0,0,1
102,102,0,1,1,3,3,3,0,0,0,1
102,103,1,1,1,3,3,3,0,0,0,1
102,100,1,1,0,3,1,1,0,0,1,0
102,98,1,1,1,3,3,3,0,0,0,1
102,110,1,1,1,3,3,3,0,0,0,1
102,118,1,1,1,3,3,3,0,0,0,1
102,70,1,1,0,3,1,1,0,0,1,0
102,38,1,1,0,3,0,0,0,0,1,0
102,230,1,1,1,3,3,3,0,0,0,1
102,358,1,1,1,3,3,3,0,0,0,1
102,101,2,1,1,3,1,3,0,2,0,0
102,99,2,1,1,3,3,3,0,0,0,1
102,111,2,1,1,3,3,3,0,0,0,1
102,119,2,1,1,3,3,3,0,0,0,1
102,71,2,1,0,3,1,1,0,0,1,0
102,39,2,1,0,3,0,0,0,0,1,0
102,231,2,1,1,3,3,3,0,0,0,1
102,359,2,1,1,3,3,3,0,0,0,1
102,96,2,1,0,3,1,1,0,0,1,0
102,108,2,1,1,3,1,3,0,2,0,0
102,116,2,1,1,3,1,3,0,2,0,0
102,68,2,1,0,3,0,0,0,0,1,0
102,36,2,1,0,3,0,0,0,0,1,0
102,228,2,1,0,3,1,1,0,0,1,0
102,356,2,1,0,3,1,1,0,0,1,0
102,106,2,1,1,3,3,3,0,0,0,1
102,114,2,1,1,3,3,3,0,0,0,1
102,66,2,1,0,3,1,1,0,0,1,0
102,34,2,1,0,3,0,0,0,0,1,0
102,226,2,1,1,3,3,3,0,0,0,1
102,354,2,1,1,3,3,3,0,0,0,1
102,126,2,1,1,3,3,3,0,0,0,1
102,78,2,1,0,3,1,1,0,0,1,0
102,46,2,1,1,3,0,3,0,3,0,0
102,238,2,1,1,3,3,3,0,0,0,1
102,366,2,1,1,3,3,3,0,0,0,1
102,86,2,1,1,3,1,3,0,2,0,0
102,54,2,1,1,3,0,3,0,3,0,0
102,246,2,1,1,3,3,3,0,0,0,1
102,374,2,1,1,3,3,3,0,0,0,1
102,6,2,1,0,3,0,0,0,0,1,0
102,198,2,1,1,3,1,3,0,2,0,0
102,326,2,1,1,3,1,3,0,2,0,0
102,166,2,1,1,3,0,3,0,3,0,0
102,294,2,1,0,3,0,0,0,0,1,0
102,486,2,1,1,3,3,3,0,0,0,1
103,103,0,1,1,3,3,3,0,0,0,1
103,102,1,1,1,3,1,3,0,2,0,1
103,101,1,1,1,3,3,3,0,0,0,0
103,99,1,1,1,3,3,3,0,0,0,1
103,111,1,1,1,3,3,3,0,0,0,1
103,119,1,1,1,3,3,3,0,0,0,1
103,71,1,1,0,3,1,1,0,0,1,0
103,39,1,1,0,3,0,0,0,0,1,0
103,231,1,1,1,3,3,3,0,0,0,1
103,359,1,1,1,3,3,3,0,0,0,1
103,100,2,1,0,3,1,1,0,0,1,0
103,98,2,1,1,3,1,3,0,2,0,1
103,110,2,1,1,3,1,3,0,2,0,1
103,118,2,1,1,3,1,3,0,2,0,1
103,70,2,1,0,3,0,1,0,1,1,0
103,38,2,1,0,3,0,0,0,0,1,0
103,230,2,1,1,3,1,3,0,2,0,1
103,358,2,1,1,3,1,3,0,2,0,1
103,97,2,1,1,3,3,3,0,0,0,0
103,109,2,1,1,3,3,3,0,0,0,0
103,117,2,1,1,3,3,3,0,0,0,0
103,69,2,1,0,3,1,1,0,0,1,0
103,37,2,1,0,3,0,0,0,0,1,0
103,229,2,1,1,3,3,3,0,0,0,0
103,357,2,1,1,3,3,3,0,0,0,0
103,107,2,1,1,3,3,3,0,0,0,1
103,115,2,1,1,3,3,3,0,0,0,1
103,67,2,1,0,3,1,1,0,0,1,0
103,35,2,1,0,3,0,0,0,0,1,0
103,227,2,1,1,3,3,3,0,0,0,1
103,355,2,1,1,3,3,3,0,0,0,1
103,127,2,1,1,3,3,3,0,0,0,1
103,79,2,1,0,3,1,1,0,0,1,0
103,47,2,1,1,3,0,3,0,3,0,0
103,239,2,1,1,3,3,3,0,0,0,1
103,367,2,1,1,3,3,3,0,0,0,1
103,87,2,1,1,3,1,3,0,2,0,0
103,55,2,1,1,3,0,3,0,3,0,0
103,247,2,1,1,3,3,3,0,0,0,1
103,375,2,1,1,3,3,3,0,0,0,1
103,7,2,1,0,3,0,0,0,0,1,0
103,199,2,1,1,3,1,3,0,2,0,0
103,327,2,1,1,3,1,3,0,2,0,0
103,167,2,1,1,3,0,3,0,3,0,0
103,295,2,1,0,3,0,0,0,0,1,0
103,487,2,1,1,3,3,3,0,0,0,1
104,104,0,1,1,2,2,2,0,0,0,1
104,105,1,1,1,2,2,2,0,0,0,1
104,106,1,1,1,2,2,2,0,0,0,1
104,108,1,1,1,2,2,2,0,0,0,1
104,96,1,1,0,2,1,1,0,0,1,0
104,120,1,1,1,2,2,2,0,0,0,1
104,72,1,1,0,2,0,0,0,0,1,0
104,40,1,1,1,2,1,2,0,1,0,1
104,232,1,1,1,2,2,2,0,0,0,1
104,360,1,1,1,2,2,2,0,0,0,1
104,107,2,1,1,2,2,2,0,0,0,1
104,109,2,1,1,2,2,2,0,0,0,1
104,97,2,1,1,2,1,2,0,1,0,0
104,121,2,1,1,2,2,2,0,0,0,1
104,73,2,1,0,2,0,0,0,0,1,0
104,41,2,1,1,2,1,2,0,1,0,1
104,233,2,1,1,2,2,2,0,0,0,1
104,361,2,1,1,2,2,2,0,0,0,1
104,110,2,1,1,2,2,2,0,0,0,1
104,98,2,1,1,2,1,2,0,1,0,0
104,122,2,1,1,2,2,2,0,0,0,1
104,74,2,1,0,2,0,0,0,0,1,0
104,42,2,1,1,2,1,2,0,1,0,1
104,234,2,1,1,2,2,2,0,0,0,1
104,362,2,1,1,2,2,2,0,0,0,1
104,100,2,1,0,2,1,1,0,0,1,0
104,124,2,1,1,2,2,2,0,0,0,1
104,76,2,1,0,2,0,0,0,0,1,0
104,44,2,1,1,2,1,2,0,1,0,1
104,236,2,1,1,2,2,2,0,0,0,1
104,364,2,1,1,2,2,2,0,0,0,1
104,112,2,1,1,2,1,2,0,1,0,0
104,64,2,1,0,2,0,0,0,0,1,0
104,32,2,1,0,2,0,0,0,0,1,0
104,224,2,1,0,2,1,1,0,0,1,0
104,352,2,1,0,2,1,1,0,0,1,0
104,88,2,1,1,2,0,2,0,2,0,0
104,56,2,1,1,2,1,2,0,1,0,1
104,248,2,1,1,2,2,2,0,0,0,1
104,376,2,1,1,2,2,2,0,0,0,1
104,8,2,1,0,2,0,0,0,0,1,0
104,200,2,1,0,2,0,1,0,1,1,0
104,328,2,1,0,2,0,1,0,1,1,0
104,168,2,1,1,2,1,2,0,1,0,1
104,296,2,1,1,2,1,2,0,1,0,1
104,488,2,1,1,2,2,2,0,0,0,1
105,105,0,1,1,3,3,3,0,0,0,1
105,104,1,1,1,3,2,3,0,1,0,1
105,107,1,1,1,3,3,3,0,0,0,1
105,109,1,1,1,3,3,3,0,0,0,1
105,97,1,1,1,3,2,3,0,1,0,0
105,121,1,1,1,3,3,3,0,0,0,1
105,73,1,1,0,3,0,0,0,0,1,0
105,41,1,1,1,3,2,3,0,1,0,1
105,233,1,1,1,3,3,3,0,0,0,1
105,361,1,1,1,3,3,3,0,0,0,1
105,106,2,1,1,3,2,3,0,1,0,1
105,108,2,1,1,3,2,3,0,1,0,1
105,96,2,1,0,3,1,1,0,0,1,0
105,120,2,1,1,3,2,3,0,1,0,1
105,72,2,1,0,3,0,0,0,0,1,0
105,40,2,1,1,3,1,3,0,2,0,1
105,232,2,1,1,3,2,3,0,1,0,1
105,360,2,1,1,3,2,3,0,1,0,1
105,111,2,1,1,3,3,3,0,0,0,1
105,99,2,1,1,3,2,3,0,1,0,0
105,123,2,1,1,3,3,3,0,0,0,1
105,75,2,1,0,3,0,1,0,1,1,0
105,43,2,1,1,3,2,3,0,1,0,1
105,235,2,1,1,3,3,3,0,0,0,1
105,363,2,1,1,3,3,3,0,0,0,1
105,101,2,1,1,3,2,3,0,1,0,0
105,125,2,1,1,3,3,3,0,0,0,1
105,77,2,1,0,3,0,1,0,1,1,0
105,45,2,1,1,3,2,3,0,1,0,1
105,237,2,1,1,3,3,3,0,0,0,1
105,365,2,1,1,3,3,3,0,0,0,1
105,113,2,1,1,3,2,3,0,1,0,0
105,65,2,1,0,3,0,0,0,0,1,0
105,33,2,1,0,3,1,1,0,0,1,0
105,225,2,1,1,3,2,3,0,1,0,0
105,353,2,1,1,3,2,3,0,1,0,0
105,89,2,1,1,3,0,3,0,3,0,0
105,57,2,1,1,3,2,3,0,1,0,1
105,249,2,1,1,3,3,3,0,0,0,1
105,377,2,1,1,3,3,3,0,0,0,1
105,9,2,1,0,3,0,0,0,0,1,0
105,201,2,1,0,3,0,1,0,1,1,0
105,329,2,1,0,3,0,1,0,1,1,0
105,169,2,1,1,3,2,3,0,1,0,1
105,297,2,1,1,3,2,3,0,1,0,1
105,489,2,1,1,3,3,3,0,0,0,1
106,106,0,1,1,2,2,2,0,0,0,1
106,107,1,1,1,2,2,2,0,0,0,1
106,104,1,1,1,2,2,2,0,0,0,1
106,110,1,1,1,2,2,2,0,0,0,1
106,98,1,1,1,2,1,2,0,1,0,0
106,122,1,1,1,2,2,2,0,0,0,1
106,74,1,1,0,2,0,0,0,0,1,0
106,42,1,1,1,2,1,2,0,1,0,1
106,234,1,1,1,2,2,2,0,0,0,1
106,362,1,1,1,2,2,2,0,0,0,1
106,105,2,1,1,2,2,2,0,0,0,1
106,111,2,1,1,2,2,2,0,0,0,1
106,99,2,1,1,2,1,2,0,1,0,0
106,123,2,1,1,2,2,2,0,0,0,1
106,75,2,1,0,2,0,0,0,0,1,0
106,43,2,1,1,2,1,2,0,1,0,1
106,235,2,1,1,2,2,2,0,0,0,1
106,363,2,1,1,2,2,2,0,0,0,1
106,108,2,1,1,2,2,2,0,0,0,1
106,96,2,1,0,2,1,1,0,0,1,0
106,120,2,1,1,2,2,2,0,0,0,1
106,72,2,1,0,2,0,0,0,0,1,0
106,40,2,1,1,2,1,2,0,1,0,1
106,232,2,1,1,2,2,2,0,0,0,1
106,360,2,1,1,2,2,2,0,0,0,1
106,102,2,1,1,2,1,2,0,1,0,0
106,126,2,1,1,2,2,2,0,0,0,1
106,78,2,1,0,2,0,0,0,0,1,0
106,46,2,1,1,2,1,2,0,1,0,1
106,238,2,1,1,2,2,2,0,0,0,1
106,366,2,1,1,2,2,2,0,0,0,1
106,114,2,1,1,2,1,2,0,1,0,0
106,66,2,1,0,2,0,0,0,0,1,0
106,34,2,1,0,2,0,0,0,0,1,0
106,226,2,1,1,2,1,2,0,1,0,0
106,354,2,1,1,2,1,2,0,1,0,0
106,90,2,1,1,2,0,2,0,2,0,0
106,58,2,1,1,2,1,2,0,1,0,1
106,250,2,1,1,2,2,2,0,0,0,1
106,378,2,1,1,2,2,2,0,0,0,1
106,10,2,1,0,2,0,0,0,0,1,0
106,202,2,1,1,2,0,2,0,2,0,0
106,330,2,1,1,2,0,2,0,2,0,0
106,170,2,1,1,2,1,2,0,1,0,1
106,298,2,1,1,2,1,2,0,1,0,1
106,490,2,1,1,2,2,2,0,0,0,1
107,107,0,1,1,2,2,2,0,0,0,1
107,106,1,1,1,2,2,2,0,0,0,1
107,105,1,1,1,2,2,2,0,0,0,1
107,111,1,1,1,2,2,2,0,0,0,1
107,99,1,1,1,2,1,2,0,1,0,0
107,123,1,1,1,2,2,2,0,0,0,1
107,75,1,1,0,2,0,0,0,0,1,0
107,43,1,1,1,2,1,2,0,1,0,1
107,235,1,1,1,2,2,2,0,0,0,1
107,363,1,1,1,2,2,2,0,0,0,1
107,104,2,1,1,2,2,2,0,0,0,1
107,110,2,1,1,2,2,2,0,0,0,1
107,98,2,1,1,2,1,2,0,1,0,0
107,122,2,1,1,2,2,2,0,0,0,1
107,74,2,1,0,2,0,0,0,0,1,0
107,42,2,1,1,2,1,2,0,1,0,1
107,234,2,1,1,2,2,2,0,0,0,1
107,362,2,1,1,2,2,2,0,0,0,1
107,109,2,1,1,2,2,2,0,0,0,1
107,97,2,1,1,2,1,2,0,1,0,0
107,121,2,1,1,2,2,2,0,0,0,1
107,73,2,1,0,2,0,0,0,0,1,0
107,41,2,1,1,2,1,2,0,1,0,1
107,233,2,1,1,2,2,2,0,0,0,1
107,361,2,1,1,2,2,2,0,0,0,1
107,103,2,1,1,2,1,2,0,1,0,0
107,127,2,1,1,2,2,2,0,0,0,1
107,79,2,1,0,2,0,0,0,0,1,0
107,47,2,1,1,2,1,2,0,1,0,1
107,239,2,1,1,2,2,2,0,0,0,1
107,367,2,1,1,2,2,2,0,0,0,1
107,115,2,1,1,2,1,2,0,1,0,0
107,67,2,1,0,2,0,0,0,0,1,0
107,35,2,1,0,2,0,0,0,0,1,0
107,227,2,1,1,2,1,2,0,1,0,0
107,355,2,1,1,2,1,2,0,1,0,0
107,91,2,1,1,2,0,2,0,2,0,0
107,59,2,1,1,2,1,2,0,1,0,1
107,251,2,1,1,2,2,2,0,0,0,1
107,379,2,1,1,2,2,2,0,0,0,1
107,11,2,1,0,2,0,0,0,0,1,0
107,203,2,1,1,2,0,2,0,2,0,0
107,331,2,1,1,2,0,2,0,2,0,0
107,171,2,1,1,2,1,2,0,1,0,1
107,299,2,1,1,2,1,2,0,1,0,1
107,491,2,1,1,2,2,2,0,0,0,1
108,108,0,1,1,3,3,3,0,0,0,1
108,109,1,1,1,3,3,3,0,0,0,1
108,110,1,1,1,3,3,3,0,0,0,1
108,104,1,1,1,3,2,3,0,1,0,1
108,100,1,1,0,3,1,1,0,0,1,0
108,124,1,1,1,3,3,3,0,0,0,1
108,76,1,1,0,3,1,1,0,0,1,0
108,44,1,1,1,3,2,3,0,1,0,1
108,236,1,1,1,3,3,3,0,0,0,1
108,364,1,1,1,3,3,3,0,0,0,1
108,111,2,1,1,3,3,3,0,0,0,1
108,105,2,1,1,3,2,3,0,1,0,1
108,101,2,1,1,3,1,3,0,2,0,0
108,125,2,1,1,3,3,3,0,0,0,1
108,77,2,1,0,3,1,1,0,0,1,0
108,45,2,1,1,3,2,3,0,1,0,1
108,237,2,1,1,3,3,3,0,0,0,1
108,365,2,1,1,3,3,3,0,0,0,1
108,106,2,1,1,3,2,3,0,1,0,1
108,102,2,1,1,3,1,3,0,2,0,0
108,126,2,1,1,3,3,3,0,0,0,1
108,78,2,1,0,3,1,1,0,0,1,0
108,46,2,1,1,3,2,3,0,1,0,1
108,238,2,1,1,3,3,3,0,0,0,1
108,366,2,1,1,3,3,3,0,0,0,1
108,96,2,1,0,3,1,1,0,0,1,0
108,120,2,1,1,3,2,3,0,1,0,1
108,72,2,1,0,3,0,0,0,0,1,0
108,40,2,1,1,3,1,3,0,2,0,1
108,232,2,1,1,3,2,3,0,1,0,1
108,360,2,1,1,3,2,3,0,1,0,1
108,116,2,1,1,3,1,3,0,2,0,0
108,68,2,1,0,3,0,0,0,0,1,0
108,36,2,1,0,3,0,0,0,0,1,0
108,228,2,1,0,3,1,1,0,0,1,0
108,356,2,1,0,3,1,1,0,0,1,0
108,92,2,1,1,3,1,3,0,2,0,0
108,60,2,1,1,3,2,3,0,1,0,1
108,252,2,1,1,3,3,3,0,0,0,1
108,380,2,1,1,3,3,3,0,0,0,1
108,12,2,1,0,3,1,1,0,0,1,0
108,204,2,1,1,3,1,3,0,2,0,0
108,332,2,1,1,3,1,3,0,2,0,0
108,172,2,1,1,3,2,3,0,1,0,1
108,300,2,1,1,3,2,3,0,1,0,1
108,492,2,1,1,3,3,3,0,0,0,1
109,109,0,1,1,3,3,3,0,0,0,1
109,108,1,1,1,3,2,3,0,1,0,1
109,111,1,1,1,3,3,3,0,0,0,1
109,105,1,1,1,3,2,3,0,1,0,1
109,101,1,1,1,3,2,3,0,1,0,0
109,125,1,1,1,3,3,3,0,0,0,1
109,77,1,1,0,3,1,1,0,0,1,0
109,45,1,1,1,3,2,3,0,1,0,1
109,237,1,1,1,3,3,3,0,0,0,1
109,365,1,1,1,3,3,3,0,0,0,1
109,110,2,1,1,3,2,3,0,1,0,1
109,104,2,1,1,3,2,3,0,1,0,1
109,100,2,1,0,3,1,1,0,0,1,0
109,124,2,1,1,3,2,3,0,1,0,1
109,76,2,1,0,3,0,1,0,1,1,0
109,44,2,1,1,3,1,3,0,2,0,1
109,236,2,1,1,3,2,3,0,1,0,1
109,364,2,1,1,3,2,3,0,1,0,1
109,107,2,1,1,3,2,3,0,1,0,1
109,103,2,1,1,3,2,3,0,1,0,0
109,127,2,1,1,3,3,3,0,0,0,1
109,79,2,1,0,3,1,1,0,0,1,0
109,47,2,1,1,3,2,3,0,1,0,1
109,239,2,1,1,3,3,3,0,0,0,1
109,367,2,1,1,3,3,3,0,0,0,1
109,97,2,1,1,3,1,3,0,2,0,0
109,121,2,1,1,3,2,3,0,1,0,1
109,73,2,1,0,3,0,0,0,0,1,0
109,41,2,1,1,3,1,3,0,2,0,1
109,233,2,1,1,3,2,3,0,1,0,1
109,361,2,1,1,3,2,3,0,1,0,1
109,117,2,1,1,3,2,3,0,1,0,0
109,69,2,1,0,3,1,1,0,0,1,0
109,37,2,1,0,3,1,1,0,0,1,0
109,229,2,1,1,3,2,3,0,1,0,0
109,357,2,1,1,3,2,3,0,1,0,0
109,93,2,1,1,3,1,3,0,2,0,0
109,61,2,1,1,3,2,3,0,1,0,1
109,253,2,1,1,3,3,3,0,0,0,1
109,381,2,1,1,3,3,3,0,0,0,1
109,13,2,1,0,3,1,1,0,0,1,0
109,205,2,1,1,3,1,3,0,2,0,0
109,333,2,1,1,3,1,3,0,2,0,0
109,173,2,1,1,3,2,3,0,1,0,1
109,301,2,1,1,3,2,3,0,1,0,1
109,493,2,1,1,3,3,3,0,0,0,1
110,110,0,1,1,2,2,2,0,0,0,1
110,111,1,1,1,2,2,2,0,0,0,1
110,108,1,1,1,2,2,2,0,0,0,1
110,106,1,1,1,2,2,2,0,0,0,1
110,102,1,1,1,2,1,2,0,1,0,0
110,126,1,1,1,2,2,2,0,0,0,1
110,78,1,1,0,2,0,0,0,0,1,0
110,46,1,1,1,2,1,2,0,1,0,1
110,238,1,1,1,2,2,2,0,0,0,1
110,366,1,1,1,2,2,2,0,0,0,1
110,109,2,1,1,2,2,2,0,0,0,1
110,107,2,1,1,2,2,2,0,0,0,1
110,103,2,1,1,2,1,2,0,1,0,0
110,127,2,1,1,2,2,2,0,0,0,1
110,79,2,1,0,2,0,0,0,0,1,0
110,47,2,1,1,2,1,2,0,1,0,1
110,239,2,1,1,2,2,2,0,0,0,1
110,367,2,1,1,2,2,2,0,0,0,1
110,104,2,1,1,2,2,2,0,0,0,1
110,100,2,1,0,2,1,1,0,0,1,0
110,124,2,1,1,2,2,2,0,0,0,1
110,76,2,1,0,2,0,0,0,0,1,0
110,44,2,1,1,2,1,2,0,1,0,1
110,236,2,1,1,2,2,2,0,0,0,1
110,364,2,1,1,2,2,2,0,0,0,1
110,98,2,1,1,2,1,2,0,1,0,0
110,122,2,1,1,2,2,2,0,0,0,1
110,74,2,1,0,2,0,0,0,0,1,0
110,42,2,1,1,2,1,2,0,1,0,1
110,234,2,1,1,2,2,2,0,0,0,1
110,362,2,1,1,2,2,2,0,0,0,1
110,118,2,1,1,2,1,2,0,1,0,0
110,70,2,1,0,2,0,0,0,0,1,0
110,38,2,1,0,2,0,0,0,0,1,0
110,230,2,1,1,2,1,2,0,1,0,0
110,358,2,1,1,2,1,2,0,1,0,0
110,94,2,1,1,2,0,2,0,2,0,0
110,62,2,1,1,2,1,2,0,1,0,1
110,254,2,1,1,2,2,2,0,0,0,1
110,382,2,1,1,2,2,2,0,0,0,1
110,14,2,1,0,2,0,0,0,0,1,0
110,206,2,1,1,2,0,2,0,2,0,0
110,334,2,1,1,2,0,2,0,2,0,0
110,174,2,1,1,2,1,2,0,1,0,1
110,302,2,1,1,2,1,2,0,1,0,1
110,494,2,1,1,2,2,2,0,0,0,1
111,111,0,1,1,2,2,2,0,0,0,1
111,110,1,1,1,2,2,2,0,0,0,1
111,109,1,1,1,2,2,2,0,0,0,1
111,107,1,1,1,2,2,2,0,0,0,1
111,103,1,1,1,2,1,2,0,1,0,0
111,127,1,1,1,2,2,2,0,0,0,1
111,79,1,1,0,2,0,0,0,0,1,0
111,47,1,1,1,2,1,2,0,1,0,1
111,239,1,1,1,2,2,2,0,0,0,1
111,367,1,1,1,2,2,2,0,0,0,1
111,108,2,1,1,2,2,2,0,0,0,1
111,106,2,1,1,2,2,2,0,0,0,1
111,102,2,1,1,2,1,2,0,1,0,0
111,126,2,1,1,2,2,2,0,0,0,1
111,78,2,1,0,2,0,0,0,0,1,0
111,46,2,1,1,2,1,2,0,1,0,1
111,238,2,1,1,2,2,2,0,0,0,1
111,366,2,1,1,2,2,2,0,0,0,1
111,105,2,1,1,2,2,2,0,0,0,1
111,101,2,1,1,2,1,2,0,1,0,0
111,125,2,1,1,2,2,2,0,0,0,1
111,77,2,1,0,2,0,0,0,0,1,0
111,45,2,1,1,2,1,2,0,1,0,1
111,237,2,1,1,2,2,2,0,0,0,1
111,365,2,1,1,2,2,2,0,0,0,1
111,99,2,1,1,2,1,2,0,1,0,0
111,123,2,1,1,2,2,2,0,0,0,1
111,75,2,1,0,2,0,0,0,0,1,0
111,43,2,1,1,2,1,2,0,1,0,1
111,235,2,1,1,2,2,2,0,0,0,1
111,363,2,1,1,2,2,2,0,0,0,1
111,119,2,1,1,2,1,2,0,1,0,0
111,71,2,1,0,2,0,0,0,0,1,0
111,39,2,1,0,2,0,0,0,0,1,0
111,231,2,1,1,2,1,2,0,1,0,0
111,359,2,1,1,2,1,2,0,1,0,0
111,95,2,1,1,2,0,2,0,2,0,0
111,63,2,1,1,2,1,2,0,1,0,1
111,255,2,1,1,2,2,2,0,0,0,1
111,383,2,1,1,2,2,2,0,0,0,1
111,15,2,1,0,2,0,0,0,0,1,0
111,207,2,1,1,2,0,2,0,2,0,0
111,335,2,1,1,2,0,2,0,2,0,0
111,175,2,1,1,2,1,2,0,1,0,1
111,303,2,1,1,2,1,2,0,1,0,1
111,495,2,1,1,2,2,2,0,0,0,1
112,112,0,1,1,1,1,1,0,0,0,1
112,113,1,1,1,1,1,1,0,0,0,1
112,114,1,1,1,1,1,1,0,0,0,1
112,116,1,1,1,1,1,1,0,0,0,1
112,120,1,1,1,1,1,1,0,0,0,1
112,96,1,1,0,1,1,1,0,0,1,0
112,80,1,1,1,1,0,1,0,1,0,1
112,48,1,1,1,1,0,1,0,1,0,1
112,240,1,1,1,1,1,1,0,0,0,1
112,368,1,1,1,1,1,1,0,0,0,1
112,115,2,1,1,1,1,1,0,0,0,1
112,117,2,1,1,1,1,1,0,0,0,1
112,121,2,1,1,1,1,1,0,0,0,1
112,97,2,1,1,1,1,1,0,0,0,0
112,81,2,1,1,1,0,1,0,1,0,1
112,49,2,1,1,1,0,1,0,1,0,1
112,241,2,1,1,1,1,1,0,0,0,1
112,369,2,1,1,1,1,1,0,0,0,1
112,118,2,1,1,1,1,1,0,0,0,1
112,122,2,1,1,1,1,1,0,0,0,1
112,98,2,1,1,1,1,1,0,0,0,0
112,82,2,1,1,1,0,1,0,1,0,1
112,50,2,1,1,1,0,1,0,1,0,1
112,242,2,1,1,1,1,1,0,0,0,1
112,370,2,1,1,1,1,1,0,0,0,1
112,124,2,1,1,1,1,1,0,0,0,1
112,100,2,1,0,1,1,1,0,0,1,0
112,84,2,1,1,1,0,1,0,1,0,1
112,52,2,1,1,1,0,1,0,1,0,1
112,244,2,1,1,1,1,1,0,0,0,1
112,372,2,1,1,1,1,1,0,0,0,1
112,104,2,1,1,1,1,1,0,0,0,0
112,88,2,1,1,1,0,1,0,1,0,1
112,56,2,1,1,1,0,1,0,1,0,1
112,248,2,1,1,1,1,1,0,0,0,1
112,376,2,1,1,1,1,1,0,0,0,1
112,64,2,1,0,1,0,0,0,0,1,0
112,32,2,1,0,1,0,0,0,0,1,0
112,224,2,1,0,1,1,1,0,0,1,0
112,352,2,1,0,1,1,1,0,0,1,0
112,16,2,1,1,1,0,1,0,1,0,1
112,208,2,1,1,1,0,1,0,1,0,1
112,336,2,1,1,1,0,1,0,1,0,1
112,176,2,1,1,1,0,1,0,1,0,1
112,304,2,1,1,1,0,1,0,1,0,1
112,496,2,1,1,1,1,1,0,0,0,1
113,113,0,1,1,3,3,3,0,0,0,1
113,112,1,1,1,3,1,3,0,2,0,1
113,115,1,1,1,3,3,3,0,0,0,1
113,117,1,1,1,3,3,3,0,0,0,1
113,121,1,1,1,3,3,3,0,0,0,1
113,97,1,1,1,3,3,3,0,0,0,0
113,81,1,1,1,3,1,3,0,2,0,1
113,49,1,1,1,3,1,3,0,2,0,1
113,241,1,1,1,3,3,3,0,0,0,1
113,369,1,1,1,3,3,3,0,0,0,1
113,114,2,1,1,3,1,3,0,2,0,1
113,116,2,1,1,3,1,3,0,2,0,1
113,120,2,1,1,3,1,3,0,2,0,1
113,96,2,1,0,3,1,1,0,0,1,0
113,80,2,1,1,3,0,3,0,3,0,1
113,48,2,1,1,3,0,3,0,3,0,1
113,240,2,1,1,3,1,3,0,2,0,1
113,368,2,1,1,3,1,3,0,2,0,1
113,119,2,1,1,3,3,3,0,0,0,1
113,123,2,1,1,3,3,3,0,0,0,1
113,99,2,1,1,3,3,3,0,0,0,0
113,83,2,1,1,3,1,3,0,2,0,1
113,51,2,1,1,3,1,3,0,2,0,1
113,243,2,1,1,3,3,3,0,0,0,1
113,371,2,1,1,3,3,3,0,0,0,1
113,125,2,1,1,3,3,3,0,0,0,1
113,101,2,1,1,3,3,3,0,0,0,0
113,85,2,1,1,3,1,3,0,2,0,1
113,53,2,1,1,3,1,3,0,2,0,1
113,245,2,1,1,3,3,3,0,0,0,1
113,373,2,1,1,3,3,3,0,0,0,1
113,105,2,1,1,3,3,3,0,0,0,0
113,89,2,1,1,3,1,3,0,2,0,1
113,57,2,1,1,3,1,3,0,2,0,1
113,249,2,1,1,3,3,3,0,0,0,1
113,377,2,1,1,3,3,3,0,0,0,1
113,65,2,1,0,3,1,1,0,0,1,0
113,33,2,1,0,3,1,1,0,0,1,0
113,225,2,1,1,3,3,3,0,0,0,0
113,353,2,1,1,3,3,3,0,0,0,0
113,17,2,1,1,3,0,3,0,3,0,1
113,209,2,1,1,3,1,3,0,2,0,1
113,337,2,1,1,3,1,3,0,2,0,1
113,177,2,1,1,3,1,3,0,2,0,1
113,305,2,1,1,3,1,3,0,2,0,1
113,497,2,1,1,3,3,3,0,0,0,1
114,114,0,1,1,2,2,2,0,0,0,1
114,115,1,1,1,2,2,2,0,0,0,1
114,112,1,1,1,2,1,2,0,1,0,1
114,118,1,1,1,2,2,2,0,0,0,1
114,122,1,1,1,2,2,2,0,0,0,1
114,98,1,1,1,2,2,2,0,0,0,0
114,82,1,1,1,2,1,2,0,1,0,1
114,50,1,1,1,2,0,2,0,2,0,1
114,242,1,1,1,2,2,2,0,0,0,1
114,370,1,1,1,2,2,2,0,0,0,1
114,113,2,1,1,2,1,2,0,1,0,1
114,119,2,1,1,2,2,2,0,0,0,1
114,123,2,1,1,2,2,2,0,0,0,1
114,99,2,1,1,2,2,2,0,0,0,0
114,83,2,1,1,2,1,2,0,1,0,1
114,51,2,1,1,2,0,2,0,2,0,1
114,243,2,1,1,2,2,2,0,0,0,1
114,371,2,1,1,2,2,2,0,0,0,1
114,116,2,1,1,2,1,2,0,1,0,1
114,120,2,1,1,2,1,2,0,1,0,1
114,96,2,1,0,2,1,1,0,0,1,0
114,80,2,1,1,2,0,2,0,2,0,1
114,48,2,1,1,2,0,2,0,2,0,1
114,240,2,1,1,2,1,2,0,1,0,1
114,368,2,1,1,2,1,2,0,1,0,1
114,126,2,1,1,2,2,2,0,0,0,1
114,102,2,1,1,2,2,2,0,0,0,0
114,86,2,1,1,2,1,2,0,1,0,1
114,54,2,1,1,2,0,2,0,2,0,1
114,246,2,1,1,2,2,2,0,0,0,1
114,374,2,1,1,2,2,2,0,0,0,1
114,106,2,1,1,2,2,2,0,0,0,0
114,90,2,1,1,2,1,2,0,1,0,1
114,58,2,1,1,2,0,2,0,2,0,1
114,250,2,1,1,2,2,2,0,0,0,1
114,378,2,1,1,2,2,2,0,0,0,1
114,66,2,1,0,2,1,1,0,0,1,0
114,34,2,1,0,2,0,0,0,0,1,0
114,226,2,1,1,2,2,2,0,0,0,0
114,354,2,1,1,2,2,2,0,0,0,0
114,18,2,1,1,2,0,2,0,2,0,1
114,210,2,1,1,2,1,2,0,1,0,1
114,338,2,1,1,2,1,2,0,1,0,1
114,178,2,1,1,2,0,2,0,2,0,1
114,306,2,1,1,2,0,2,0,2,0,1
114,498,2,1,1,2,2,2,0,0,0,1
115,115,0,1,1,2,2,2,0,0,0,1
115,114,1,1,1,2,1,2,0,1,0,1
115,113,1,1,1,2,2,2,0,0,0,1
115,119,1,1,1,2,2,2,0,0,0,1
115,123,1,1,1,2,2,2,0,0,0,1
115,99,1,1,1,2,2,2,0,0,0,0
115,83,1,1,1,2,1,2,0,1,0,1
115,51,1,1,1,2,0,2,0,2,0,1
115,243,1,1,1,2,2,2,0,0,0,1
115,371,1,1,1,2,2,2,0,0,0,1
115,112,2,1,1,2,1,2,0,1,0,1
115,118,2,1,1,2,1,2,0,1,0,1
115,122,2,1,1,2,1,2,0,1,0,1
115,98,2,1,1,2,1,2,0,1,0,0
115,82,2,1,1,2,0,2,0,2,0,1
115,50,2,1,1,2,0,2,0,2,0,1
115,242,2,1,1,2,1,2,0,1,0,1
115,370,2,1,1,2,1,2,0,1,0,1
115,117,2,1,1,2,2,2,0,0,0,1
115,121,2,1,1,2,2,2,0,0,0,1
115,97,2,1,1,2,2,2,0,0,0,0
115,81,2,1,1,2,1,2,0,1,0,1
115,49,2,1,1,2,0,2,0,2,0,1
115,241,2,1,1,2,2,2,0,0,0,1
115,369,2,1,1,2,2,2,0,0,0,1
115,127,2,1,1,2,2,2,0,0,0,1
115,103,2,1,1,2,2,2,0,0,0,0
115,87,2,1,1,2,1,2,0,1,0,1
115,55,2,1,1,2,0,2,0,2,0,1
115,247,2,1,1,2,2,2,0,0,0,1
115,375,2,1,1,2,2,2,0,0,0,1
115,107,2,1,1,2,2,2,0,0,0,0
115,91,2,1,1,2,1,2,0,1,0,1
115,59,2,1,1,2,0,2,0,2,0,1
115,251,2,1,1,2,2,2,0,0,0,1
115,379,2,1,1,2,2,2,0,0,0,1
115,67,2,1,0,2,1,1,0,0,1,0
115,35,2,1,0,2,0,0,0,0,1,0
115,227,2,1,1,2,2,2,0,0,0,0
115,355,2,1,1,2,2,2,0,0,0,0
115,19,2,1,1,2,0,2,0,2,0,1
115,211,2,1,1,2,1,2,0,1,0,1
115,339,2,1,1,2,1,2,0,1,0,1
115,179,2,1,1,2,0,2,0,2,0,1
115,307,2,1,1,2,0,2,0,2,0,1
115,499,2,1,1,2,2,2,0,0,0,1
116,116,0,1,1,1,1,1,0,0,0,1
116,117,1,1,1,1,1,1,0,0,0,1
116,118,1,1,1,1,1,1,0,0,0,1
116,112,1,1,1,1,1,1,0,0,0,1
116,124,1,1,1,1,1,1,0,0,0,1
116,100,1,1,0,1,1,1,0,0,1,0
116,84,1,1,1,1,0,1,0,1,0,1
116,52,1,1,1,1,0,1,0,1,0,1
116,244,1,1,1,1,1,1,0,0,0,1
116,372,1,1,1,1,1,1,0,0,0,1
116,119,2,1,1,1,1,1,0,0,0,1
116,113,2,1,1,1,1,1,0,0,0,1
116,125,2,1,1,1,1,1,0,0,0,1
116,101,2,1,1,1,1,1,0,0,0,0
116,85,2,1,1,1,0,1,0,1,0,1
116,53,2,1,1,1,0,1,0,1,0,1
116,245,2,1,1,1,1,1,0,0,0,1
116,373,2,1,1,1,1,1,0,0,0,1
116,114,2,1,1,1,1,1,0,0,0,1
116,126,2,1,1,1,1,1,0,0,0,1
116,102,2,1,1,1,1,1,0,0,0,0
116,86,2,1,1,1,0,1,0,1,0,1
116,54,2,1,1,1,0,1,0,1,0,1
116,246,2,1,1,1,1,1,0,0,0,1
116,374,2,1,1,1,1,1,0,0,0,1
116,120,2,1,1,1,1,1,0,0,0,1
116,96,2,1,0,1,1,1,0,0,1,0
116,80,2,1,1,1,0,1,0,1,0,1
116,48,2,1,1,1,0,1,0,1,0,1
116,240,2,1,1,1,1,1,0,0,0,1
116,368,2,1,1,1,1,1,0,0,0,1
116,108,2,1,1,1,1,1,0,0,0,0
116,92,2,1,1,1,0,1,0,1,0,1
116,60,2,1,1,1,0,1,0,1,0,1
116,252,2,1,1,1,1,1,0,0,0,1
116,380,2,1,1,1,1,1,0,0,0,1
116,68,2,1,0,1,0,0,0,0,1,0
116,36,2,1,0,1,0,0,0,0,1,0
116,228,2,1,0,1,1,1,0,0,1,0
116,356,2,1,0,1,1,1,0,0,1,0
116,20,2,1,1,1,0,1,0,1,0,1
116,212,2,1,1,1,0,1,0,1,0,1
116,340,2,1,1,1,0,1,0,1,0,1
116,180,2,1,1,1,0,1,0,1,0,1
116,308,2,1,1,1,0,1,0,1,0,1
116,500,2,1,1,1,1,1,0,0,0,1
117,117,0,1,1,3,3,3,0,0,0,1
117,116,1,1,1,3,1,3,0,2,0,1
117,119,1,1,1,3,3,3,0,0,0,1
117,113,1,1,1,3,2,3,0,1,0,1
117,125,1,1,1,3,3,3,0,0,0,1
117,101,1,1,1,3,3,3,0,0,0,0
117,85,1,1,1,3,2,3,0,1,0,1
117,53,1,1,1,3,1,3,0,2,0,1
117,245,1,1,1,3,3,3,0,0,0,1
117,373,1,1,1,3,3,3,0,0,0,1
117,118,2,1,1,3,1,3,0,2,0,1
117,112,2,1,1,3,1,3,0,2,0,1
117,124,2,1,1,3,1,3,0,2,0,1
117,100,2,1,0,3,1,1,0,0,1,0
117,84,2,1,1,3,0,3,0,3,0,1
117,52,2,1,1,3,0,3,0,3,0,1
117,244,2,1,1,3,1,3,0,2,0,1
117,372,2,1,1,3,1,3,0,2,0,1
117,115,2,1,1,3,2,3,0,1,0,1
117,127,2,1,1,3,3,3,0,0,0,1
117,103,2,1,1,3,3,3,0,0,0,0
117,87,2,1,1,3,2,3,0,1,0,1
117,55,2,1,1,3,1,3,0,2,0,1
117,247,2,1,1,3,3,3,0,0,0,1
117,375,2,1,1,3,3,3,0,0,0,1
117,121,2,1,1,3,2,3,0,1,0,1
117,97,2,1,1,3,2,3,0,1,0,0
117,81,2,1,1,3,1,3,0,2,0,1
117,49,2,1,1,3,0,3,0,3,0,1
117,241,2,1,1,3,2,3,0,1,0,1
117,369,2,1,1,3,2,3,0,1,0,1
117,109,2,1,1,3,3,3,0,0,0,0
117,93,2,1,1,3,2,3,0,1,0,1
117,61,2,1,1,3,1,3,0,2,0,1
117,253,2,1,1,3,3,3,0,0,0,1
117,381,2,1,1,3,3,3,0,0,0,1
117,69,2,1,0,3,2,2,0,0,1,0
117,37,2,1,0,3,1,1,0,0,1,0
117,229,2,1,1,3,3,3,0,0,0,0
117,357,2,1,1,3,3,3,0,0,0,0
117,21,2,1,1,3,1,3,0,2,0,1
117,213,2,1,1,3,2,3,0,1,0,1
117,341,2,1,1,3,2,3,0,1,0,1
117,181,2,1,1,3,1,3,0,2,0,1
117,309,2,1,1,3,1,3,0,2,0,1
117,501,2,1,1,3,3,3,0,0,0,1
118,118,0,1,1,2,2,2,0,0,0,1
118,119,1,1,1,2,2,2,0,0,0,1
118,116,1,1,1,2,1,2,0,1,0,1
118,114,1,1,1,2,2,2,0,0,0,1
118,126,1,1,1,2,2,2,0,0,0,1
118,102,1,1,1,2,2,2,0,0,0,0
118,86,1,1,1,2,1,2,0,1,0,1
118,54,1,1,1,2,0,2,0,2,0,1
118,246,1,1,1,2,2,2,0,0,0,1
118,374,1,1,1,2,2,2,0,0,0,1
118,117,2,1,1,2,1,2,0,1,0,1
118,115,2,1,1,2,2,2,0,0,0,1
118,127,2,1,1,2,2,2,0,0,0,1
118,103,2,1,1,2,2,2,0,0,0,0
118,87,2,1,1,2,1,2,0,1,0,1
118,55,2,1,1,2,0,2,0,2,0,1
118,247,2,1,1,2,2,2,0,0,0,1
118,375,2,1,1,2,2,2,0,0,0,1
118,112,2,1,1,2,1,2,0,1,0,1
118,124,2,1,1,2,1,2,0,1,0,1
118,100,2,1,0,2,1,1,0,0,1,0
118,84,2,1,1,2,0,2,0,2,0,1
118,52,2,1,1,2,0,2,0,2,0,1
118,244,2,1,1,2,1,2,0,1,0,1
118,372,2,1,1,2,1,2,0,1,0,1
118,122,2,1,1,2,2,2,0,0,0,1
118,98,2,1,1,2,2,2,0,0,0,0
118,82,2,1,1,2,1,2,0,1,0,1
118,50,2,1,1,2,0,2,0,2,0,1
118,242,2,1,1,2,2,2,0,0,0,1
118,370,2,1,1,2,2,2,0,0,0,1
118,110,2,1,1,2,2,2,0,0,0,0
118,94,2,1,1,2,1,2,0,1,0,1
118,62,2,1,1,2,0,2,0,2,0,1
118,254,2,1,1,2,2,2,0,0,0,1
118,382,2,1,1,2,2,2,0,0,0,1
118,70,2,1,0,2,1,1,0,0,1,0
118,38,2,1,0,2,0,0,0,0,1,0
118,230,2,1,1,2,2,2,0,0,0,0
118,358,2,1,1,2,2,2,0,0,0,0
118,22,2,1,1,2,0,2,0,2,0,1
118,214,2,1,1,2,1,2,0,1,0,1
118,342,2,1,1,2,1,2,0,1,0,1
118,182,2,1,1,2,0,2,0,2,0,1
118,310,2,1,1,2,0,2,0,2,0,1
118,502,2,1,1,2,2,2,0,0,0,1
119,119,0,1,1,2,2,2,0,0,0,1
119,118,1,1,1,2,1,2,0,1,0,1
119,117,1,1,1,2,2,2,0,0,0,1
119,115,1,1,1,2,2,2,0,0,0,1
119,127,1,1,1,2,2,2,0,0,0,1
119,103,1,1,1,2,2,2,0,0,0,0
119,87,1,1,1,2,1,2,0,1,0,1
119,55,1,1,1,2,0,2,0,2,0,1
119,247,1,1,1,2,2,2,0,0,0,1
119,375,1,1,1,2,2,2,0,0,0,1
119,116,2,1,1,2,1,2,0,1,0,1
119,114,2,1,1,2,1,2,0,1,0,1
119,126,2,1,1,2,1,2,0,1,0,1
119,102,2,1,1,2,1,2,0,1,0,0
119,86,2,1,1,2,0,2,0,2,0,1
119,54,2,1,1,2,0,2,0,2,0,1
119,246,2,1,1,2,1,2,0,1,0,1
119,374,2,1,1,2,1,2,0,1,0,1
119,113,2,1,1,2,2,2,0,0,0,1
119,125,2,1,1,2,2,2,0,0,0,1
119,101,2,1,1,2,2,2,0,0,0,0
119,85,2,1,1,2,1,2,0,1,0,1
119,53,2,1,1,2,0,2,0,2,0,1
119,245,2,1,1,2,2,2,0,0,0,1
119,373,2,1,1,2,2,2,0,0,0,1
119,123,2,1,1,2,2,2,0,0,0,1
119,99,2,1,1,2,2,2,0,0,0,0
119,83,2,1,1,2,1,2,0,1,0,1
119,51,2,1,1,2,0,2,0,2,0,1
119,243,2,1,1,2,2,2,0,0,0,1
119,371,2,1,1,2,2,2,0,0,0,1
119,111,2,1,1,2,2,2,0,0,0,0
119,95,2,1,1,2,1,2,0,1,0,1
119,63,2,1,1,2,0,2,0,2,0,1
119,255,2,1,1,2,2,2,0,0,0,1
119,383,2,1,1,2,2,2,0,0,0,1
119,71,2,1,0,2,1,1,0,0,1,0
119,39,2,1,0,2,0,0,0,0,1,0
119,231,2,1,1,2,2,2,0,0,0,0
119,359,2,1,1,2,2,2,0,0,0,0
119,23,2,1,1,2,0,2,0,2,0,1
119,215,2,1,1,2,1,2,0,1,0,1
119,343,2,1,1,2,1,2,0,1,0,1
119,183,2,1,1,2,0,2,0,2,0,1
119,311,2,1,1,2,0,2,0,2,0,1
119,503,2,1,1,2,2,2,0,0,0,1
120,120,0,1,1,1,1,1,0,0,0,1
120,121,1,1,1,1,1,1,0,0,0,1
120,122,1,1,1,1,1,1,0,0,0,1
120,124,1,1,1,1,1,1,0,0,0,1
120,112,1,1,1,1,1,1,0,0,0,1
120,104,1,1,1,1,1,1,0,0,0,0
120,88,1,1,1,1,0,1,0,1,0,1
120,56,1,1,1,1,0,1,0,1,0,1
120,248,1,1,1,1,1,1,0,0,0,1
120,376,1,1,1,1,1,1,0,0,0,1
120,123,2,1,1,1,1,1,0,0,0,1
120,125,2,1,1,1,1,1,0,0,0,1
120,113,2,1,1,1,1,1,0,0,0,1
120,105,2,1,1,1,1,1,0,0,0,0
120,89,2,1,1,1,0,1,0,1,0,1
120,57,2,1,1,1,0,1,0,1,0,1
120,249,2,1,1,1,1,1,0,0,0,1
120,377,2,1,1,1,1,1,0,0,0,1
120,126,2,1,1,1,1,1,0,0,0,1
120,114,2,1,1,1,1,1,0,0,0,1
120,106,2,1,1,1,1,1,0,0,0,0
120,90,2,1,1,1,0,1,0,1,0,1
120,58,2,1,1,1,0,1,0,1,0,1
120,250,2,1,1,1,1,1,0,0,0,1
120,378,2,1,1,1,1,1,0,0,0,1
120,116,2,1,1,1,1,1,0,0,0,1
120,108,2,1,1,1,1,1,0,0,0,0
120,92,2,1,1,1,0,1,0,1,0,1
120,60,2,1,1,1,0,1,0,1,0,1
120,252,2,1,1,1,1,1,0,0,0,1
120,380,2,1,1,1,1,1,0,0,0,1
120,96,2,1,0,1,1,1,0,0,1,0
120,80,2,1,1,1,0,1,0,1,0,1
120,48,2,1,1,1,0,1,0,1,0,1
120,240,2,1,1,1,1,1,0,0,0,1
120,368,2,1,1,1,1,1,0,0,0,1
120,72,2,1,0,1,0,0,0,0,1,0
120,40,2,1,1,1,0,1,0,1,0,0
120,232,2,1,1,1,1,1,0,0,0,0
120,360,2,1,1,1,1,1,0,0,0,0
120,24,2,1,1,1,0,1,0,1,0,1
120,216,2,1,1,1,0,1,0,1,0,1
120,344,2,1,1,1,0,1,0,1,0,1
120,184,2,1,1,1,0,1,0,1,0,1
120,312,2,1,1,1,0,1,0,1,0,1
120,504,2,1,1,1,1,1,0,0,0,1
121,121,0,1,1,2,2,2,0,0,0,1
121,120,1,1,1,2,1,2,0,1,0,1
121,123,1,1,1,2,2,2,0,0,0,1
121,125,1,1,1,2,2,2,0,0,0,1
121,113,1,1,1,2,2,2,0,0,0,1
121,105,1,1,1,2,2,2,0,0,0,0
121,89,1,1,1,2,0,2,0,2,0,1
121,57,1,1,1,2,1,2,0,1,0,1
121,249,1,1,1,2,2,2,0,0,0,1
121,377,1,1,1,2,2,2,0,0,0,1
121,122,2,1,1,2,1,2,0,1,0,1
121,124,2,1,1,2,1,2,0,1,0,1
121,112,2,1,1,2,1,2,0,1,0,1
121,104,2,1,1,2,1,2,0,1,0,0
121,88,2,1,1,2,0,2,0,2,0,1
121,56,2,1,1,2,0,2,0,2,0,1
121,248,2,1,1,2,1,2,0,1,0,1
121,376,2,1,1,2,1,2,0,1,0,1
121,127,2,1,1,2,2,2,0,0,0,1
121,115,2,1,1,2,2,2,0,0,0,1
121,107,2,1,1,2,2,2,0,0,0,0
121,91,2,1,1,2,0,2,0,2,0,1
121,59,2,1,1,2,1,2,0,1,0,1
121,251,2,1,1,2,2,2,0,0,0,1
121,379,2,1,1,2,2,2,0,0,0,1
121,117,2,1,1,2,2,2,0,0,0,1
121,109,2,1,1,2,2,2,0,0,0,0
121,93,2,1,1,2,0,2,0,2,0,1
121,61,2,1,1,2,1,2,0,1,0,1
121,253,2,1,1,2,2,2,0,0,0,1
121,381,2,1,1,2,2,2,0,0,0,1
121,97,2,1,1,2,2,2,0,0,0,0
121,81,2,1,1,2,0,2,0,2,0,1
121,49,2,1,1,2,1,2,0,1,0,1
121,241,2,1,1,2,2,2,0,0,0,1
121,369,2,1,1,2,2,2,0,0,0,1
121,73,2,1,0,2,0,0,0,0,1,0
121,41,2,1,1,2,1,2,0,1,0,0
121,233,2,1,1,2,2,2,0,0,0,0
121,361,2,1,1,2,2,2,0,0,0,0
121,25,2,1,1,2,0,2,0,2,0,1
121,217,2,1,1,2,0,2,0,2,0,1
121,345,2,1,1,2,0,2,0,2,0,1
121,185,2,1,1,2,1,2,0,1,0,1
121,313,2,1,1,2,1,2,0,1,0,1
121,505,2,1,1,2,2,2,0,0,0,1
122,122,0,1,1,1,1,1,0,0,0,1
122,123,1,1,1,1,1,1,0,0,0,1
122,120,1,1,1,1,1,1,0,0,0,1
122,126,1,1,1,1,1,1,0,0,0,1
122,114,1,1,1,1,1,1,0,0,0,1
122,106,1,1,1,1,1,1,0,0,0,0
122,90,1,1,1,1,0,1,0,1,0,1
122,58,1,1,1,1,0,1,0,1,0,1
122,250,1,1,1,1,1,1,0,0,0,1
122,378,1,1,1,1,1,1,0,0,0,1
122,121,2,1,1,1,1,1,0,0,0,1
122,127,2,1,1,1,1,1,0,0,0,1
122,115,2,1,1,1,1,1,0,0,0,1
122,107,2,1,1,1,1,1,0,0,0,0
122,91,2,1,1,1,0,1,0,1,0,1
122,59,2,1,1,1,0,1,0,1,0,1
122,251,2,1,1,1,1,1,0,0,0,1
122,379,2,1,1,1,1,1,0,0,0,1
122,124,2,1,1,1,1,1,0,0,0,1
122,112,2,1,1,1,1,1,0,0,0,1
122,104,2,1,1,1,1,1,0,0,0,0
122,88,2,1,1,1,0,1,0,1,0,1
122,56,2,1,1,1,0,1,0,1,0,1
122,248,2,1,1,1,1,1,0,0,0,1
122,376,2,1,1,1,1,1,0,0,0,1
122,118,2,1,1,1,1,1,0,0,0,1
122,110,2,1,1,1,1,1,0,0,0,0
122,94,2,1,1,1,0,1,0,1,0,1
122,62,2,1,1,1,0,1,0,1,0,1
122,254,2,1,1,1,1,1,0,0,0,1
122,382,2,1,1,1,1,1,0,0,0,1
122,98,2,1,1,1,1,1,0,0,0,0
122,82,2,1,1,1,0,1,0,1,0,1
122,50,2,1,1,1,0,1,0,1,0,1
122,242,2,1,1,1,1,1,0,0,0,1
122,370,2,1,1,1,1,1,0,0,0,1
122,74,2,1,0,1,0,0,0,0,1,0
122,42,2,1,1,1,0,1,0,1,0,0
122,234,2,1,1,1,1,1,0,0,0,0
122,362,2,1,1,1,1,1,0,0,0,0
122,26,2,1,1,1,0,1,0,1,0,1
122,218,2,1,1,1,0,1,0,1,0,1
122,346,2,1,1,1,0,1,0,1,0,1
122,186,2,1,1,1,0,1,0,1,0,1
122,314,2,1,1,1,0,1,0,1,0,1
122,506,2,1,1,1,1,1,0,0,0,1
123,123,0,1,1,1,1,1,0,0,0,1
123,122,1,1,1,1,1,1,0,0,0,1
123,121,1,1,1,1,1,1,0,0,0,1
123,127,1,1,1,1,1,1,0,0,0,1
123,115,1,1,1,1,1,1,0,0,0,1
123,107,1,1,1,1,1,1,0,0,0,0
123,91,1,1,1,1,0,1,0,1,0,1
123,59,1,1,1,1,0,1,0,1,0,1
123,251,1,1,1,1,1,1,0,0,0,1
123,379,1,1,1,1,1,1,0,0,0,1
123,120,2,1,1,1,1,1,0,0,0,1
123,126,2,1,1,1,1,1,0,0,0,1
123,114,2,1,1,1,1,1,0,0,0,1
123,106,2,1,1,1,1,1,0,0,0,0
123,90,2,1,1,1,0,1,0,1,0,1
123,58,2,1,1,1,0,1,0,1,0,1
123,250,2,1,1,1,1,1,0,0,0,1
123,378,2,1,1,1,1,1,0,0,0,1
123,125,2,1,1,1,1,1,0,0,0,1
123,113,2,1,1,1,1,1,0,0,0,1
123,105,2,1,1,1,1,1,0,0,0,0
123,89,2,1,1,1,0,1,0,1,0,1
123,57,2,1,1,1,0,1,0,1,0,1
123,249,2,1,1,1,1,1,0,0,0,1
123,377,2,1,1,1,1,1,0,0,0,1
123,119,2,1,1,1,1,1,0,0,0,1
123,111,2,1,1,1,1,1,0,0,0,0
123,95,2,1,1,1,0,1,0,1,0,1
123,63,2,1,1,1,0,1,0,1,0,1
123,255,2,1,1,1,1,1,0,0,0,1
123,383,2,1,1,1,1,1,0,0,0,1
123,99,2,1,1,1,1,1,0,0,0,0
123,83,2,1,1,1,0,1,0,1,0,1
123,51,2,1,1,1,0,1,0,1,0,1
123,243,2,1,1,1,1,1,0,0,0,1
123,371,2,1,1,1,1,1,0,0,0,1
123,75,2,1,0,1,0,0,0,0,1,0
123,43,2,1,1,1,0,1,0,1,0,0
123,235,2,1,1,1,1,1,0,0,0,0
123,363,2,1,1,1,1,1,0,0,0,0
123,27,2,1,1,1,0,1,0,1,0,1
123,219,2,1,1,1,0,1,0,1,0,1
123,347,2,1,1,1,0,1,0,1,0,1
123,187,2,1,1,1,0,1,0,1,0,1
123,315,2,1,1,1,0,1,0,1,0,1
123,507,2,1,1,1,1,1,0,0,0,1
124,124,0,1,1,2,2,2,0,0,0,1
124,125,1,1,1,2,2,2,0,0,0,1
124,126,1,1,1,2,2,2,0,0,0,1
124,120,1,1,1,2,1,2,0,1,0,1
124,116,1,1,1,2,1,2,0,1,0,1
124,108,1,1,1,2,2,2,0,0,0,0
124,92,1,1,1,2,1,2,0,1,0,1
124,60,1,1,1,2,1,2,0,1,0,1
124,252,1,1,1,2,2,2,0,0,0,1
124,380,1,1,1,2,2,2,0,0,0,1
124,127,2,1,1,2,2,2,0,0,0,1
124,121,2,1,1,2,1,2,0,1,0,1
124,117,2,1,1,2,1,2,0,1,0,1
124,109,2,1,1,2,2,2,0,0,0,0
124,93,2,1,1,2,1,2,0,1,0,1
124,61,2,1,1,2,1,2,0,1,0,1
124,253,2,1,1,2,2,2,0,0,0,1
124,381,2,1,1,2,2,2,0,0,0,1
124,122,2,1,1,2,1,2,0,1,0,1
124,118,2,1,1,2,1,2,0,1,0,1
124,110,2,1,1,2,2,2,0,0,0,0
124,94,2,1,1,2,1,2,0,1,0,1
124,62,2,1,1,2,1,2,0,1,0,1
124,254,2,1,1,2,2,2,0,0,0,1
124,382,2,1,1,2,2,2,0,0,0,1
124,112,2,1,1,2,1,2,0,1,0,1
124,104,2,1,1,2,1,2,0,1,0,0
124,88,2,1,1,2,0,2,0,2,0,1
124,56,2,1,1,2,0,2,0,2,0,1
124,248,2,1,1,2,1,2,0,1,0,1
124,376,2,1,1,2,1,2,0,1,0,1
124,100,2,1,0,2,1,1,0,0,1,0
124,84,2,1,1,2,0,2,0,2,0,1
124,52,2,1,1,2,0,2,0,2,0,1
124,244,2,1,1,2,1,2,0,1,0,1
124,372,2,1,1,2,1,2,0,1,0,1
124,76,2,1,0,2,1,1,0,0,1,0
124,44,2,1,1,2,1,2,0,1,0,0
124,236,2,1,1,2,2,2,0,0,0,0
124,364,2,1,1,2,2,2,0,0,0,0
124,28,2,1,1,2,1,2,0,1,0,1
124,220,2,1,1,2,1,2,0,1,0,1
124,348,2,1,1,2,1,2,0,1,0,1
124,188,2,1,1,2,1,2,0,1,0,1
124,316,2,1,1,2,1,2,0,1,0,1
124,508,2,1,1,2,2,2,0,0,0,1
125,125,0,1,1,2,2,2,0,0,0,1
125,124,1,1,1,2,1,2,0,1,0,1
125,127,1,1,1,2,2,2,0,0,0,1
125,121,1,1,1,2,1,2,0,1,0,1
125,117,1,1,1,2,2,2,0,0,0,1
125,109,1,1,1,2,2,2,0,0,0,0
125,93,1,1,1,2,1,2,0,1,0,1
125,61,1,1,1,2,1,2,0,1,0,1
125,253,1,1,1,2,2,2,0,0,0,1
125,381,1,1,1,2,2,2,0,0,0,1
125,126,2,1,1,2,1,2,0,1,0,1
125,120,2,1,1,2,1,2,0,1,0,1
125,116,2,1,1,2,1,2,0,1,0,1
125,108,2,1,1,2,1,2,0,1,0,0
125,92,2,1,1,2,0,2,0,2,0,1
125,60,2,1,1,2,0,2,0,2,0,1
125,252,2,1,1,2,1,2,0,1,0,1
125,380,2,1,1,2,1,2,0,1,0,1
125,123,2,1,1,2,1,2,0,1,0,1
125,119,2,1,1,2,2,2,0,0,0,1
125,111,2,1,1,2,2,2,0,0,0,0
125,95,2,1,1,2,1,2,0,1,0,1
125,63,2,1,1,2,1,2,0,1,0,1
125,255,2,1,1,2,2,2,0,0,0,1
125,383,2,1,1,2,2,2,0,0,0,1
125,113,2,1,1,2,1,2,0,1,0,1
125,105,2,1,1,2,1,2,0,1,0,0
125,89,2,1,1,2,0,2,0,2,0,1
125,57,2,1,1,2,0,2,0,2,0,1
125,249,2,1,1,2,1,2,0,1,0,1
125,377,2,1,1,2,1,2,0,1,0,1
125,101,2,1,1,2,2,2,0,0,0,0
125,85,2,1,1,2,1,2,0,1,0,1
125,53,2,1,1,2,1,2,0,1,0,1
125,245,2,1,1,2,2,2,0,0,0,1
125,373,2,1,1,2,2,2,0,0,0,1
125,77,2,1,0,2,1,1,0,0,1,0
125,45,2,1,1,2,1,2,0,1,0,0
125,237,2,1,1,2,2,2,0,0,0,0
125,365,2,1,1,2,2,2,0,0,0,0
125,29,2,1,1,2,1,2,0,1,0,1
125,221,2,1,1,2,1,2,0,1,0,1
125,349,2,1,1,2,1,2,0,1,0,1
125,189,2,1,1,2,1,2,0,1,0,1
125,317,2,1,1,2,1,2,0,1,0,1
125,509,2,1,1,2,2,2,0,0,0,1
126,126,0,1,1,1,1,1,0,0,0,1
126,127,1,1,1,1,1,1,0,0,0,1
126,124,1,1,1,1,1,1,0,0,0,1
126,122,1,1,1,1,1,1,0,0,0,1
126,118,1,1,1,1,1,1,0,0,0,1
126,110,1,1,1,1,1,1,0,0,0,0
126,94,1,1,1,1,0,1,0,1,0,1
126,62,1,1,1,1,0,1,0,1,0,1
126,254,1,1,1,1,1,1,0,0,0,1
126,382,1,1,1,1,1,1,0,0,0,1
126,125,2,1,1,1,1,1,0,0,0,1
126,123,2,1,1,1,1,1,0,0,0,1
126,119,2,1,1,1,1,1,0,0,0,1
126,111,2,1,1,1,1,1,0,0,0,0
126,95,2,1,1,1,0,1,0,1,0,1
126,63,2,1,1,1,0,1,0,1,0,1
126,255,2,1,1,1,1,1,0,0,0,1
126,383,2,1,1,1,1,1,0,0,0,1
126,120,2,1,1,1,1,1,0,0,0,1
126,116,2,1,1,1,1,1,0,0,0,1
126,108,2,1,1,1,1,1,0,0,0,0
126,92,2,1,1,1,0,1,0,1,0,1
126,60,2,1,1,1,0,1,0,1,0,1
126,252,2,1,1,1,1,1,0,0,0,1
126,380,2,1,1,1,1,1,0,0,0,1
126,114,2,1,1,1,1,1,0,0,0,1
126,106,2,1,1,1,1,1,0,0,0,0
126,90,2,1,1,1,0,1,0,1,0,1
126,58,2,1,1,1,0,1,0,1,0,1
126,250,2,1,1,1,1,1,0,0,0,1
126,378,2,1,1,1,1,1,0,0,0,1
126,102,2,1,1,1,1,1,0,0,0,0
126,86,2,1,1,1,0,1,0,1,0,1
126,54,2,1,1,1,0,1,0,1,0,1
126,246,2,1,1,1,1,1,0,0,0,1
126,374,2,1,1,1,1,1,0,0,0,1
126,78,2,1,0,1,0,0,0,0,1,0
126,46,2,1,1,1,0,1,0,1,0,0
126,238,2,1,1,1,1,1,0,0,0,0
126,366,2,1,1,1,1,1,0,0,0,0
126,30,2,1,1,1,0,1,0,1,0,1
126,222,2,1,1,1,0,1,0,1,0,1
126,350,2,1,1,1,0,1,0,1,0,1
126,190,2,1,1,1,0,1,0,1,0,1
126,318,2,1,1,1,0,1,0,1,0,1
126,510,2,1,1,1,1,1,0,0,0,1
127,127,0,1,1,1,1,1,0,0,0,1
127,126,1,1,1,1,1,1,0,0,0,1
127,125,1,1,1,1,1,1,0,0,0,1
127,123,1,1,1,1,1,1,0,0,0,1
127,119,1,1,1,1,1,1,0,0,0,1
127,111,1,1,1,1,1,1,0,0,0,0
127,95,1,1,1,1,0,1,0,1,0,1
127,63,1,1,1,1,0,1,0,1,0,1
127,255,1,1,1,1,1,1,0,0,0,1
127,383,1,1,1,1,1,1,0,0,0,1
127,124,2,1,1,1,1,1,0,0,0,1
127,122,2,1,1,1,1,1,0,0,0,1
127,118,2,1,1,1,1,1,0,0,0,1
127,110,2,1,1,1,1,1,0,0,0,0
127,94,2,1,1,1,0,1,0,1,0,1
127,62,2,1,1,1,0,1,0,1,0,1
127,254,2,1,1,1,1,1,0,0,0,1
127,382,2,1,1,1,1,1,0,0,0,1
127,121,2,1,1,1,1,1,0,0,0,1
127,117,2,1,1,1,1,1,0,0,0,1
127,109,2,1,1,1,1,1,0,0,0,0
127,93,2,1,1,1,0,1,0,1,0,1
127,61,2,1,1,1,0,1,0,1,0,1
127,253,2,1,1,1,1,1,0,0,0,1
127,381,2,1,1,1,1,1,0,0,0,1
127,115,2,1,1,1,1,1,0,0,0,1
127,107,2,1,1,1,1,1,0,0,0,0
127,91,2,1,1,1,0,1,0,1,0,1
127,59,2,1,1,1,0,1,0,1,0,1
127,251,2,1,1,1,1,1,0,0,0,1
127,379,2,1,1,1,1,1,0,0,0,1
127,103,2,1,1,1,1,1,0,0,0,0
127,87,2,1,1,1,0,1,0,1,0,1
127,55,2,1,1,1,0,1,0,1,0,1
127,247,2,1,1,1,1,1,0,0,0,1
127,375,2,1,1,1,1,1,0,0,0,1
127,79,2,1,0,1,0,0,0,0,1,0
127,47,2,1,1,1,0,1,0,1,0,0
127,239,2,1,1,1,1,1,0,0,0,0
127,367,2,1,1,1,1,1,0,0,0,0
127,31,2,1,1,1,0,1,0,1,0,1
127,223,2,1,1,1,0,1,0,1,0,1
127,351,2,1,1,1,0,1,0,1,0,1
127,191,2,1,1,1,0,1,0,1,0,1
127,319,2,1,1,1,0,1,0,1,0,1
127,511,2,1,1,1,1,1,0,0,0,1
128,128,0,0,0,0,0,0,0,0,0,0
128,129,1,0,0,0,0,0,0,0,0,0
128,130,1,0,1,0,0,0,0,0,0,0
128,132,1,0,0,0,0,0,0,0,0,0
128,136,1,0,0,0,0,0,0,0,0,0
128,144,1,0,1,0,0,0,0,0,0,0
128,160,1,0,0,0,0,0,0,0,0,0
128,192,1,0,0,0,0,0,0,0,0,0
128,0,1,0,0,0,0,0,0,0,0,0
128,384,1,0,0,0,0,0,0,0,0,0
128,131,2,0,1,0,0,0,0,0,0,0
128,133,2,0,1,0,0,0,0,0,0,0
128,137,2,0,0,0,0,0,0,0,0,0
128,145,2,0,1,0,0,0,0,0,0,0
128,161,2,0,1,0,0,0,0,0,0,0
128,193,2,0,0,0,0,0,0,0,0,0
128,1,2,0,0,0,0,0,0,0,0,0
128,385,2,0,0,0,0,0,0,0,0,0
128,134,2,0,1,0,0,0,0,0,0,0
128,138,2,0,1,0,0,0,0,0,0,0
128,146,2,0,1,0,0,0,0,0,0,0
128,162,2,0,1,0,0,0,0,0,0,0
128,194,2,0,1,0,0,0,0,0,0,0
128,2,2,0,0,0,0,0,0,0,0,0
128,386,2,0,1,0,0,0,0,0,0,0
128,140,2,0,1,0,0,0,0,0,0,0
128,148,2,0,1,0,0,0,0,0,0,0
128,164,2,0,0,0,0,0,0,0,0,0
128,196,2,0,0,0,0,0,0,0,0,0
128,4,2,0,0,0,0,0,0,0,0,0
128,388,2,0,0,0,0,0,0,0,0,0
128,152,2,0,1,0,0,0,0,0,0,0
128,168,2,0,1,0,0,0,0,0,0,0
128,200,2,0,0,0,0,0,0,0,0,0
128,8,2,0,0,0,0,0,0,0,0,0
128,392,2,0,0,0,0,0,0,0,0,0
128,176,2,0,1,0,0,0,0,0,0,0
128,208,2,0,1,0,0,0,0,0,0,0
128,16,2,0,1,0,0,0,0,0,0,0
128,400,2,0,1,0,0,0,0,0,0,0
128,224,2,0,0,0,0,0,0,0,0,0
128,32,2,0,0,0,0,0,0,0,0,0
128,416,2,0,0,0,0,0,0,0,0,0
128,64,2,0,0,0,0,0,0,0,0,0
128,448,2,0,0,0,0,0,0,0,0,0
128,256,2,0,0,0,0,0,0,0,0,0
129,129,0,0,0,1,1,1,0,0,0,0
129,128,1,0,0,1,0,0,0,0,0,0
129,131,1,0,1,1,1,1,0,0,0,0
129,133,1,0,1,1,1,1,0,0,0,0
129,137,1,0,0,1,1,1,0,0,0,0
129,145,1,0,1,1,1,1,0,0,0,0
129,161,1,0,1,1,1,1,0,0,0,0
129,193,1,0,0,1,1,1,0,0,0,0
129,1,1,0,0,1,0,0,0,0,0,0
129,385,1,0,0,1,1,1,0,0,0,0
129,130,2,0,1,1,0,1,0,1,0,0
129,132,2,0,0,1,0,0,0,0,0,0
129,136,2,0,0,1,0,1,0,1,0,0
129,144,2,0,1,1,0,1,0,1,0,0
129,160,2,0,0,1,0,0,0,0,0,0
129,192,2,0,0,1,0,0,0,0,0,0
129,0,2,0,0,1,0,0,0,0,0,0
129,384,2,0,0,1,0,0,0,0,0,0
129,135,2,0,1,1,1,1,0,0,0,0
129,139,2,0,1,1,1,1,0,0,0,0
129,147,2,0,1,1,1,1,0,0,0,0
129,163,2,0,1,1,1,1,0,0,0,0
129,195,2,0,1,1,1,1,0,0,0,0
129,3,2,0,0,1,0,0,0,0,0,0
129,387,2,0,1,1,1,1,0,0,0,0
129,141,2,0,1,1,1,1,0,0,0,0
129,149,2,0,1,1,1,1,0,0,0,0
129,165,2,0,1,1,1,1,0,0,0,0
129,197,2,0,1,1,1,1,0,0,0,0
129,5,2,0,0,1,0,0,0,0,0,0
129,389,2,0,1,1,1,1,0,0,0,0
129,153,2,0,1,1,1,1,0,0,0,0
129,169,2,0,1,1,1,1,0,0,0,0
129,201,2,0,0,1,1,1,0,0,0,0
129,9,2,0,0,1,0,1,0,1,0,0
129,393,2,0,0,1,1,1,0,0,0,0
129,177,2,0,1,1,1,1,0,0,0,0
129,209,2,0,1,1,1,1,0,0,0,0
129,17,2,0,1,1,0,1,0,1,0,0
129,401,2,0,1,1,1,1,0,0,0,0
129,225,2,0,1,1,1,1,0,0,0,0
129,33,2,0,0,1,0,0,0,0,0,0
129,417,2,0,1,1,1,1,0,0,0,0
129,65,2,0,0,1,0,1,0,1,0,0
129,449,2,0,0,1,1,1,0,0,0,0
129,257,2,0,0,1,0,0,0,0,0,0
130,130,0,1,1,1,1,1,0,0,0,1
130,131,1,1,1,1,1,1,0,0,0,1
130,128,1,1,0,1,0,0,0,0,1,0
130,134,1,1,1,1,1,1,0,0,0,1
130,138,1,1,1,1,1,1,0,0,0,1
130,146,1,1,1,1,1,1,0,0,0,1
130,162,1,1,1,1,1,1,0,0,0,1
130,194,1,1,1,1,1,1,0,0,0,1
130,2,1,1,0,1,0,0,0,0,1,0
130,386,1,1,1,1,1,1,0,0,0,1
130,129,2,1,0,1,0,0,0,0,1,0
130,135,2,1,1,1,1,1,0,0,0,1
130,139,2,1,1,1,1,1,0,0,0,1
130,147,2,1,1,1,1,1,0,0,0,1
130,163,2,1,1,1,1,1,0,0,0,1
130,195,2,1,1,1,1,1,0,0,0,1
130,3,2,1,0,1,0,0,0,0,1,0
130,387,2,1,1,1,1,1,0,0,0,1
130,132,2,1,0,1,0,0,0,0,1,0
130,136,2,1,0,1,0,0,0,0,1,0
130,144,2,1,1,1,0,1,0,1,0,0
130,160,2,1,0,1,0,0,0,0,1,0
130,192,2,1,0,1,0,0,0,0,1,0
130,0,2,1,0,1,0,0,0,0,1,0
130,384,2,1,0,1,0,0,0,0,1,0
130,142,2,1,1,1,1,1,0,0,0,1
130,150,2,1,1,1,1,1,0,0,0,1
130,166,2,1,1,1,1,1,0,0,0,1
130,198,2,1,1,1,1,1,0,0,0,1
130,6,2,1,0,1,0,0,0,0,1,0
130,390,2,1,1,1,1,1,0,0,0,1
130,154,2,1,1,1,1,1,0,0,0,1
130,170,2,1,1,1,1,1,0,0,0,1
130,202,2,1,1,1,1,1,0,0,0,1
130,10,2,1,0,1,0,0,0,0,1,0
130,394,2,1,1,1,1,1,0,0,0,1
130,178,2,1,1,1,1,1,0,0,0,1
130,210,2,1,1,1,1,1,0,0,0,1
130,18,2,1,1,1,0,1,0,1,0,0
130,402,2,1,1,1,1,1,0,0,0,1
130,226,2,1,1,1,1,1,0,0,0,1
130,34,2,1,0,1,0,0,0,0,1,0
130,418,2,1,1,1,1,1,0,0,0,1
130,66,2,1,0,1,0,0,0,0,1,0
130,450,2,1,1,1,1,1,0,0,0,1
130,258,2,1,0,1,0,0,0,0,1,0
131,131,0,1,1,2,2,2,0,0,0,1
131,130,1,1,1,2,1,2,0,1,0,1
131,129,1,1,0,2,1,1,0,0,1,0
131,135,1,1,1,2,2,2,0,0,0,1
131,139,1,1,1,2,2,2,0,0,0,1
131,147,1,1,1,2,2,2,0,0,0,1
131,163,1,1,1,2,2,2,0,0,0,1
131,195,1,1,1,2,2,2,0,0,0,1
131,3,1,1,0,2,0,0,0,0,1,0
131,387,1,1,1,2,2,2,0,0,0,1
131,128,2,1,0,2,0,0,0,0,1,0
131,134,2,1,1,2,1,2,0,1,0,1
131,138,2,1,1,2,1,2,0,1,0,1
131,146,2,1,1,2,1,2,0,1,0,1
131,162,2,1,1,2,1,2,0,1,0,1
131,194,2,1,1,2,1,2,0,1,0,1
131,2,2,1,0,2,0,0,0,0,1,0
131,386,2,1,1,2,1,2,0,1,0,1
131,133,2,1,1,2,1,2,0,1,0,0
131,137,2,1,0,2,1,1,0,0,1,0
131,145,2,1,1,2,1,2,0,1,0,0
131,161,2,1,1,2,1,2,0,1,0,0
131,193,2,1,0,2,1,1,0,0,1,0
131,1,2,1,0,2,0,0,0,0,1,0
131,385,2,1,0,2,1,1,0,0,1,0
131,143,2,1,1,2,2,2,0,0,0,1
131,151,2,1,1,2,2,2,0,0,0,1
131,167,2,1,1,2,2,2,0,0,0,1
131,199,2,1,1,2,2,2,0,0,0,1
131,7,2,1,0,2,0,0,0,0,1,0
131,391,2,1,1,2,2,2,0,0,0,1
131,155,2,1,1,2,2,2,0,0,0,1
131,171,2,1,1,2,2,2,0,0,0,1
131,203,2,1,1,2,2,2,0,0,0,1
131,11,2,1,0,2,0,1,0,1,1,0
131,395,2,1,1,2,2,2,0,0,0,1
131,179,2,1,1,2,2,2,0,0,0,1
131,211,2,1,1,2,2,2,0,0,0,1
131,19,2,1,1,2,0,2,0,2,0,0
131,403,2,1,1,2,2,2,0,0,0,1
131,227,2,1,1,2,2,2,0,0,0,1
131,35,2,1,0,2,0,0,0,0,1,0
131,419,2,1,1,2,2,2,0,0,0,1
131,67,2,1,0,2,0,1,0,1,1,0
131,451,2,1,1,2,2,2,0,0,0,1
131,259,2,1,0,2,0,0,0,0,1,0
132,132,0,0,0,1,1,1,0,0,0,0
132,133,1,0,1,1,1,1,0,0,0,0
132,134,1,0,1,1,1,1,0,0,0,0
132,128,1,0,0,1,0,0,0,0,0,0
132,140,1,0,1,1,1,1,0,0,0,0
132,148,1,0,1,1,1,1,0,0,0,0
132,164,1,0,0,1,1,1,0,0,0,0
132,196,1,0,0,1,1,1,0,0,0,0
132,4,1,0,0,1,0,0,0,0,0,0
132,388,1,0,0,1,1,1,0,0,0,0
132,135,2,0,1,1,1,1,0,0,0,0
132,129,2,0,0,1,0,0,0,0,0,0
132,141,2,0,1,1,1,1,0,0,0,0
132,149,2,0,1,1,1,1,0,0,0,0
132,165,2,0,1,1,1,1,0,0,0,0
132,197,2,0,1,1,1,1,0,0,0,0
132,5,2,0,0,1,0,0,0,0,0,0
132,389,2,0,1,1,1,1,0,0,0,0
132,130,2,0,1,1,0,1,0,1,0,0
132,142,2,0,1,1,1,1,0,0,0,0
132,150,2,0,1,1,1,1,0,0,0,0
132,166,2,0,1,1,1,1,0,0,0,0
132,198,2,0,1,1,1,1,0,0,0,0
132,6,2,0,0,1,0,0,0,0,0,0
132,390,2,0,1,1,1,1,0,0,0,0
132,136,2,0,0,1,0,0,0,0,0,0
132,144,2,0,1,1,0,1,0,1,0,0
132,160,2,0,0,1,0,1,0,1,0,0
132,192,2,0,0,1,0,0,0,0,0,0
132,0,2,0,0,1,0,0,0,0,0,0
132,384,2,0,0,1,0,0,0,0,0,0
132,156,2,0,1,1,1,1,0,0,0,0
132,172,2,0,1,1,1,1,0,0,0,0
132,204,2,0,1,1,1,1,0,0,0,0
132,12,2,0,0,1,0,0,0,0,0,0
132,396,2,0,1,1,1,1,0,0,0,0
132,180,2,0,1,1,1,1,0,0,0,0
132,212,2,0,1,1,1,1,0,0,0,0
132,20,2,0,1,1,0,1,0,1,0,0
132,404,2,0,1,1,1,1,0,0,0,0
132,228,2,0,0,1,1,1,0,0,0,0
132,36,2,0,0,1,0,1,0,1,0,0
132,420,2,0,0,1,1,1,0,0,0,0
132,68,2,0,0,1,0,0,0,0,0,0
132,452,2,0,0,1,1,1,0,0,0,0
132,260,2,0,0,1,0,1,0,1,0,0
133,133,0,1,1,4,4,4,0,0,0,1
133,132,1,1,0,4,1,1,0,0,1,0
133,135,1,1,1,4,4,4,0,0,0,1
133,129,1,1,0,4,1,1,0,0,1,0
133,141,1,1,1,4,4,4,0,0,0,1
133,149,1,1,1,4,4,4,0,0,0,1
133,165,1,1,1,4,4,4,0,0,0,1
133,197,1,1,1,4,4,4,0,0,0,1
133,5,1,1,0,4,1,1,0,0,1,0
133,389,1,1,1,4,4,4,0,0,0,1
133,134,2,1,1,4,1,4,0,3,0,0
133,128,2,1,0,4,0,0,0,0,1,0
133,140,2,1,1,4,1,4,0,3,0,0
133,148,2,1,1,4,1,4,0,3,0,0
133,164,2,1,0,4,1,1,0,0,1,0
133,196,2,1,0,4,1,1,0,0,1,0
133,4,2,1,0,4,0,0,0,0,1,0
133,388,2,1,0,4,1,1,0,0,1,0
133,131,2,1,1,4,1,4,0,3,0,0
133,143,2,1,1,4,4,4,0,0,0,1
133,151,2,1,1,4,4,4,0,0,0,1
133,167,2,1,1,4,4,4,0,0,0,1
133,199,2,1,1,4,4,4,0,0,0,1
133,7,2,1,0,4,1,1,0,0,1,0
133,391,2,1,1,4,4,4,0,0,0,1
133,137,2,1,0,4,1,1,0,0,1,0
133,145,2,1,1,4,1,4,0,3,0,0
133,161,2,1,1,4,1,4,0,3,0,0
133,193,2,1,0,4,1,1,0,0,1,0
133,1,2,1,0,4,0,0,0,0,1,0
133,385,2,1,0,4,1,1,0,0,1,0
133,157,2,1,1,4,4,4,0,0,0,1
133,173,2,1,1,4,4,4,0,0,0,1
133,205,2,1,1,4,4,4,0,0,0,1
133,13,2,1,0,4,1,2,0,1,1,0
133,397,2,1,1,4,4,4,0,0,0,1
133,181,2,1,1,4,4,4,0,0,0,1
133,213,2,1,1,4,4,4,0,0,0,1
133,21,2,1,1,4,1,4,0,3,0,0
133,405,2,1,1,4,4,4,0,0,0,1
133,229,2,1,1,4,4,4,0,0,0,1
133,37,2,1,0,4,1,2,0,1,1,0
133,421,2,1,1,4,4,4,0,0,0,1
133,69,2,1,0,4,1,2,0,1,1,0
133,453,2,1,1,4,4,4,0,0,0,1
133,261,2,1,0,4,1,2,0,1,1,0
134,134,0,1,1,2,2,2,0,0,0,1
134,135,1,1,1,2,2,2,0,0,0,1
134,132,1,1,0,2,1,1,0,0,1,0
134,130,1,1,1,2,1,2,0,1,0,1
134,142,1,1,1,2,2,2,0,0,0,1
134,150,1,1,1,2,2,2,0,0,0,1
134,166,1,1,1,2,2,2,0,0,0,1
134,198,1,1,1,2,2,2,0,0,0,1
134,6,1,1,0,2,0,0,0,0,1,0
134,390,1,1,1,2,2,2,0,0,0,1
134,133,2,1,1,2,1,2,0,1,0,0
134,131,2,1,1,2,1,2,0,1,0,1
134,143,2,1,1,2,2,2,0,0,0,1
134,151,2,1,1,2,2,2,0,0,0,1
134,167,2,1,1,2,2,2,0,0,0,1
134,199,2,1,1,2,2,2,0,0,0,1
134,7,2,1,0,2,0,0,0,0,1,0
134,391,2,1,1,2,2,2,0,0,0,1
134,128,2,1,0,2,0,0,0,0,1,0
134,140,2,1,1,2,1,2,0,1,0,0
134,148,2,1,1,2,1,2,0,1,0,0
134,164,2,1,0,2,1,1,0,0,1,0
134,196,2,1,0,2,1,1,0,0,1,0
134,4,2,1,0,2,0,0,0,0,1,0
134,388,2,1,0,2,1,1,0,0,1,0
134,138,2,1,1,2,1,2,0,1,0,1
134,146,2,1,1,2,1,2,0,1,0,1
134,162,2,1,1,2,1,2,0,1,0,1
134,194,2,1,1,2,1,2,0,1,0,1
134,2,2,1,0,2,0,0,0,0,1,0
134,386,2,1,1,2,1,2,0,1,0,1
134,158,2,1,1,2,2,2,0,0,0,1
134,174,2,1,1,2,2,2,0,0,0,1
134,206,2,1,1,2,2,2,0,0,0,1
134,14,2,1,0,2,0,0,0,0,1,0
134,398,2,1,1,2,2,2,0,0,0,1
134,182,2,1,1,2,2,2,0,0,0,1
134,214,2,1,1,2,2,2,0,0,0,1
134,22,2,1,1,2,0,2,0,2,0,0
134,406,2,1,1,2,2,2,0,0,0,1
134,230,2,1,1,2,2,2,0,0,0,1
134,38,2,1,0,2,0,1,0,1,1,0
134,422,2,1,1,2,2,2,0,0,0,1
134,70,2,1,0,2,0,0,0,0,1,0
134,454,2,1,1,2,2,2,0,0,0,1
134,262,2,1,0,2,0,1,0,1,1,0
135,135,0,1,1,3,3,3,0,0,0,1
135,134,1,1,1,3,2,3,0,1,0,1
135,133,1,1,1,3,2,3,0,1,0,0
135,131,1,1,1,3,2,3,0,1,0,1
135,143,1,1,1,3,3,3,0,0,0,1
135,151,1,1,1,3,3,3,0,0,0,1
135,167,1,1,1,3,3,3,0,0,0,1
135,199,1,1,1,3,3,3,0,0,0,1
135,7,1,1,0,3,0,0,0,0,1,0
135,391,1,1,1,3,3,3,0,0,0,1
135,132,2,1,0,3,1,1,0,0,1,0
135,130,2,1,1,3,1,3,0,2,0,1
135,142,2,1,1,3,2,3,0,1,0,1
135,150,2,1,1,3,2,3,0,1,0,1
135,166,2,1,1,3,2,3,0,1,0,1
135,198,2,1,1,3,2,3,0,1,0,1
135,6,2,1,0,3,0,0,0,0,1,0
135,390,2,1,1,3,2,3,0,1,0,1
135,129,2,1,0,3,1,1,0,0,1,0
135,141,2,1,1,3,2,3,0,1,0,0
135,149,2,1,1,3,2,3,0,1,0,0
135,165,2,1,1,3,2,3,0,1,0,0
135,197,2,1,1,3,2,3,0,1,0,0
135,5,2,1,0,3,0,0,0,0,1,0
135,389,2,1,1,3,2,3,0,1,0,0
135,139,2,1,1,3,2,3,0,1,0,1
135,147,2,1,1,3,2,3,0,1,0,1
135,163,2,1,1,3,2,3,0,1,0,1
135,195,2,1,1,3,2,3,0,1,0,1
135,3,2,1,0,3,0,0,0,0,1,0
135,387,2,1,1,3,2,3,0,1,0,1
135,159,2,1,1,3,3,3,0,0,0,1
135,175,2,1,1,3,3,3,0,0,0,1
135,207,2,1,1,3,3,3,0,0,0,1
135,15,2,1,0,3,0,1,0,1,1,0
135,399,2,1,1,3,3,3,0,0,0,1
135,183,2,1,1,3,3,3,0,0,0,1
135,215,2,1,1,3,3,3,0,0,0,1
135,23,2,1,1,3,0,3,0,3,0,0
135,407,2,1,1,3,3,3,0,0,0,1
135,231,2,1,1,3,3,3,0,0,0,1
135,39,2,1,0,3,0,1,0,1,1,0
135,423,2,1,1,3,3,3,0,0,0,1
135,71,2,1,0,3,0,1,0,1,1,0
135,455,2,1,1,3,3,3,0,0,0,1
135,263,2,1,0,3,0,1,0,1,1,0
136,136,0,0,0,0,0,0,0,0,0,0
136,137,1,0,0,0,0,0,0,0,0,0
136,138,1,0,1,0,0,0,0,0,0,0
136,140,1,0,1,0,0,0,0,0,0,0
136,128,1,0,0,0,0,0,0,0,0,0
136,152,1,0,1,0,0,0,0,0,0,0
136,168,1,0,1,0,0,0,0,0,0,0
136,200,1,0,0,0,0,0,0,0,0,0
136,8,1,0,0,0,0,0,0,0,0,0
136,392,1,0,0,0,0,0,0,0,0,0
136,139,2,0,1,0,0,0,0,0,0,0
136,141,2,0,1,0,0,0,0,0,0,0
136,129,2,0,0,0,0,0,0,0,0,0
136,153,2,0,1,0,0,0,0,0,0,0
136,169,2,0,1,0,0,0,0,0,0,0
136,201,2,0,0,0,0,0,0,0,0,0
136,9,2,0,0,0,0,0,0,0,0,0
136,393,2,0,0,0,0,0,0,0,0,0
136,142,2,0,1,0,0,0,0,0,0,0
136,130,2,0,1,0,0,0,0,0,0,0
136,154,2,0,1,0,0,0,0,0,0,0
136,170,2,0,1,0,0,0,0,0,0,0
136,202,2,0,1,0,0,0,0,0,0,0
136,10,2,0,0,0,0,0,0,0,0,0
136,394,2,0,1,0,0,0,0,0,0,0
136,132,2,0,0,0,0,0,0,0,0,0
136,156,2,0,1,0,0,0,0,0,0,0
136,172,2,0,1,0,0,0,0,0,0,0
136,204,2,0,1,0,0,0,0,0,0,0
136,12,2,0,0,0,0,0,0,0,0,0
136,396,2,0,1,0,0,0,0,0,0,0
136,144,2,0,1,0,0,0,0,0,0,0
136,160,2,0,0,0,0,0,0,0,0,0
136,192,2,0,0,0,0,0,0,0,0,0
136,0,2,0,0,0,0,0,0,0,0,0
136,384,2,0,0,0,0,0,0,0,0,0
136,184,2,0,1,0,0,0,0,0,0,0
136,216,2,0,1,0,0,0,0,0,0,0
136,24,2,0,1,0,0,0,0,0,0,0
136,408,2,0,1,0,0,0,0,0,0,0
136,232,2,0,1,0,0,0,0,0,0,0
136,40,2,0,1,0,0,0,0,0,0,0
136,424,2,0,1,0,0,0,0,0,0,0
136,72,2,0,0,0,0,0,0,0,0,0
136,456,2,0,0,0,0,0,0,0,0,0
136,264,2,0,0,0,0,0,0,0,0,0
137,137,0,0,0,0,0,0,0,0,0,0
137,136,1,0,0,0,0,0,0,0,0,0
137,139,1,0,1,0,0,0,0,0,0,0
137,141,1,0,1,0,0,0,0,0,0,0
137,129,1,0,0,0,0,0,0,0,0,0
137,153,1,0,1,0,0,0,0,0,0,0
137,169,1,0,1,0,0,0,0,0,0,0
137,201,1,0,0,0,0,0,0,0,0,0
137,9,1,0,0,0,0,0,0,0,0,0
137,393,1,0,0,0,0,0,0,0,0,0
137,138,2,0,1,0,0,0,0,0,0,0
137,140,2,0,1,0,0,0,0,0,0,0
137,128,2,0,0,0,0,0,0,0,0,0
137,152,2,0,1,0,0,0,0,0,0,0
137,168,2,0,1,0,0,0,0,0,0,0
137,200,2,0,0,0,0,0,0,0,0,0
137,8,2,0,0,0,0,0,0,0,0,0
137,392,2,0,0,0,0,0,0,0,0,0
137,143,2,0,1,0,0,0,0,0,0,0
137,131,2,0,1,0,0,0,0,0,0,0
137,155,2,0,1,0,0,0,0,0,0,0
137,171,2,0,1,0,0,0,0,0,0,0
137,203,2,0,1,0,0,0,0,0,0,0
137,11,2,0,0,0,0,0,0,0,0,0
137,395,2,0,1,0,0,0,0,0,0,0
137,133,2,0,1,0,0,0,0,0,0,0
137,157,2,0,1,0,0,0,0,0,0,0
137,173,2,0,1,0,0,0,0,0,0,0
137,205,2,0,1,0,0,0,0,0,0,0
137,13,2,0,0,0,0,0,0,0,0,0
137,397,2,0,1,0,0,0,0,0,0,0
137,145,2,0,1,0,0,0,0,0,0,0
137,161,2,0,1,0,0,0,0,0,0,0
137,193,2,0,0,0,0,0,0,0,0,0
137,1,2,0,0,0,0,0,0,0,0,0
137,385,2,0,0,0,0,0,0,0,0,0
137,185,2,0,1,0,0,0,0,0,0,0
137,217,2,0,1,0,0,0,0,0,0,0
137,25,2,0,1,0,0,0,0,0,0,0
137,409,2,0,1,0,0,0,0,0,0,0
137,233,2,0,1,0,0,0,0,0,0,0
137,41,2,0,1,0,0,0,0,0,0,0
137,425,2,0,1,0,0,0,0,0,0,0
137,73,2,0,0,0,0,0,0,0,0,0
137,457,2,0,0,0,0,0,0,0,0,0
137,265,2,0,0,0,0,0,0,0,0,0
138,138,0,1,1,1,1,1,0,0,0,1
138,139,1,1,1,1,1,1,0,0,0,1
138,136,1,1,0,1,0,0,0,0,1,0
138,142,1,1,1,1,1,1,0,0,0,1
138,130,1,1,1,1,1,1,0,0,0,1
138,154,1,1,1,1,1,1,0,0,0,1
138,170,1,1,1,1,1,1,0,0,0,1
138,202,1,1,1,1,1,1,0,0,0,1
138,10,1,1,0,1,0,0,0,0,1,0
138,394,1,1,1,1,1,1,0,0,0,1
138,137,2,1,0,1,0,0,0,0,1,0
138,143,2,1,1,1,1,1,0,0,0,1
138,131,2,1,1,1,1,1,0,0,0,1
138,155,2,1,1,1,1,1,0,0,0,1
138,171,2,1,1,1,1,1,0,0,0,1
138,203,2,1,1,1,1,1,0,0,0,1
138,11,2,1,0,1,0,0,0,0,1,0
138,395,2,1,1,1,1,1,0,0,0,1
138,140,2,1,1,1,0,1,0,1,0,0
138,128,2,1,0,1,0,0,0,0,1,0
138,152,2,1,1,1,0,1,0,1,0,0
138,168,2,1,1,1,0,1,0,1,0,0
138,200,2,1,0,1,0,0,0,0,1,0
138,8,2,1,0,1,0,0,0,0,1,0
138,392,2,1,0,1,0,0,0,0,1,0
138,134,2,1,1,1,1,1,0,0,0,1
138,158,2,1,1,1,1,1,0,0,0,1
138,174,2,1,1,1,1,1,0,0,0,1
138,206,2,1,1,1,1,1,0,0,0,1
138,14,2,1,0,1,0,0,0,0,1,0
138,398,2,1,1,1,1,1,0,0,0,1
138,146,2,1,1,1,1,1,0,0,0,1
138,162,2,1,1,1,1,1,0,0,0,1
138,194,2,1,1,1,1,1,0,0,0,1
138,2,2,1,0,1,0,0,0,0,1,0
138,386,2,1,1,1,1,1,0,0,0,1
138,186,2,1,1,1,1,1,0,0,0,1
138,218,2,1,1,1,1,1,0,0,0,1
138,26,2,1,1,1,0,1,0,1,0,0
138,410,2,1,1,1,1,1,0,0,0,1
138,234,2,1,1,1,1,1,0,0,0,1
138,42,2,1,1,1,0,1,0,1,0,0
138,426,2,1,1,1,1,1,0,0,0,1
138,74,2,1,0,1,0,0,0,0,1,0
138,458,2,1,1,1,1,1,0,0,0,1
138,266,2,1,1,1,0,1,0,1,0,0
139,139,0,1,1,1,1,1,0,0,0,1
139,138,1,1,1,1,1,1,0,0,0,1
139,137,1,1,0,1,0,0,0,0,1,0
139,143,1,1,1,1,1,1,0,0,0,1
139,131,1,1,1,1,1,1,0,0,0,1
139,155,1,1,1,1,1,1,0,0,0,1
139,171,1,1,1,1,1,1,0,0,0,1
139,203,1,1,1,1,1,1,0,0,0,1
139,11,1,1,0,1,0,0,0,0,1,0
139,395,1,1,1,1,1,1,0,0,0,1
139,136,2,1,0,1,0,0,0,0,1,0
139,142,2,1,1,1,1,1,0,0,0,1
139,130,2,1,1,1,1,1,0,0,0,1
139,154,2,1,1,1,1,1,0,0,0,1
139,170,2,1,1,1,1,1,0,0,0,1
139,202,2,1,1,1,1,1,0,0,0,1
139,10,2,1,0,1,0,0,0,0,1,0
139,394,2,1,1,1,1,1,0,0,0,1
139,141,2,1,1,1,0,1,0,1,0,0
139,129,2,1,0,1,0,0,0,0,1,0
139,153,2,1,1,1,0,1,0,1,0,0
139,169,2,1,1,1,0,1,0,1,0,0
139,201,2,1,0,1,0,0,0,0,1,0
139,9,2,1,0,1,0,0,0,0,1,0
139,393,2,1,0,1,0,0,0,0,1,0
139,135,2,1,1,1,1,1,0,0,0,1
139,159,2,1,1,1,1,1,0,0,0,1
139,175,2,1,1,1,1,1,0,0,0,1
139,207,2,1,1,1,1,1,0,0,0,1
139,15,2,1,0,1,0,0,0,0,1,0
139,399,2,1,1,1,1,1,0,0,0,1
139,147,2,1,1,1,1,1,0,0,0,1
139,163,2,1,1,1,1,1,0,0,0,1
139,195,2,1,1,1,1,1,0,0,0,1
139,3,2,1,0,1,0,0,0,0,1,0
139,387,2,1,1,1,1,1,0,0,0,1
139,187,2,1,1,1,1,1,0,0,0,1
139,219,2,1,1,1,1,1,0,0,0,1
139,27,2,1,1,1,0,1,0,1,0,0
139,411,2,1,1,1,1,1,0,0,0,1
139,235,2,1,1,1,1,1,0,0,0,1
139,43,2,1,1,1,0,1,0,1,0,0
139,427,2,1,1,1,1,1,0,0,0,1
139,75,2,1,0,1,0,0,0,0,1,0
139,459,2,1,1,1,1,1,0,0,0,1
139,267,2,1,1,1,0,1,0,1,0,0
140,140,0,1,1,3,3,3,0,0,0,1
140,141,1,1,1,3,3,3,0,0,0,1
140,142,1,1,1,3,3,3,0,0,0,1
140,136,1,1,0,3,0,0,0,0,1,0
140,132,1,1,0,3,1,1,0,0,1,0
140,156,1,1,1,3,3,3,0,0,0,1
140,172,1,1,1,3,3,3,0,0,0,1
140,204,1,1,1,3,3,3,0,0,0,1
140,12,1,1,0,3,1,1,0,0,1,0
140,396,1,1,1,3,3,3,0,0,0,1
140,143,2,1,1,3,3,3,0,0,0,1
140,137,2,1,0,3,0,0,0,0,1,0
140,133,2,1,1,3,1,3,0,2,0,0
140,157,2,1,1,3,3,3,0,0,0,1
140,173,2,1,1,3,3,3,0,0,0,1
140,205,2,1,1,3,3,3,0,0,0,1
140,13,2,1,0,3,1,1,0,0,1,0
140,397,2,1,1,3,3,3,0,0,0,1
140,138,2,1,1,3,0,3,0,3,0,0
140,134,2,1,1,3,1,3,0,2,0,0
140,158,2,1,1,3,3,3,0,0,0,1
140,174,2,1,1,3,3,3,0,0,0,1
140,206,2,1,1,3,3,3,0,0,0,1
140,14,2,1,0,3,1,1,0,0,1,0
140,398,2,1,1,3,3,3,0,0,0,1
140,128,2,1,0,3,0,0,0,0,1,0
140,152,2,1,1,3,0,3,0,3,0,0
140,168,2,1,1,3,0,3,0,3,0,0
140,200,2,1,0,3,0,0,0,0,1,0
140,8,2,1,0,3,0,0,0,0,1,0
140,392,2,1,0,3,0,0,0,0,1,0
140,148,2,1,1,3,1,3,0,2,0,0
140,164,2,1,0,3,1,1,0,0,1,0
140,196,2,1,0,3,1,1,0,0,1,0
140,4,2,1,0,3,0,0,0,0,1,0
140,388,2,1,0,3,1,1,0,0,1,0
140,188,2,1,1,3,3,3,0,0,0,1
140,220,2,1,1,3,3,3,0,0,0,1
140,28,2,1,1,3,1,3,0,2,0,0
140,412,2,1,1,3,3,3,0,0,0,1
140,236,2,1,1,3,3,3,0,0,0,1
140,44,2,1,1,3,1,3,0,2,0,0
140,428,2,1,1,3,3,3,0,0,0,1
140,76,2,1,0,3,1,1,0,0,1,0
140,460,2,1,1,3,3,3,0,0,0,1
140,268,2,1,1,3,1,3,0,2,0,0
141,141,0,1,1,3,3,3,0,0,0,1
141,140,1,1,1,3,1,3,0,2,0,0
141,143,1,1,1,3,3,3,0,0,0,1
141,137,1,1,0,3,0,0,0,0,1,0
141,133,1,1,1,3,3,3,0,0,0,1
141,157,1,1,1,3,3,3,0,0,0,1
141,173,1,1,1,3,3,3,0,0,0,1
141,205,1,1,1,3,3,3,0,0,0,1
141,13,1,1,0,3,1,1,0,0,1,0
141,397,1,1,1,3,3,3,0,0,0,1
141,142,2,1,1,3,1,3,0,2,0,0
141,136,2,1,0,3,0,0,0,0,1,0
141,132,2,1,0,3,1,1,0,0,1,0
141,156,2,1,1,3,1,3,0,2,0,0
141,172,2,1,1,3,1,3,0,2,0,0
141,204,2,1,1,3,1,3,0,2,0,0
141,12,2,1,0,3,0,1,0,1,1,0
141,396,2,1,1,3,1,3,0,2,0,0
141,139,2,1,1,3,0,3,0,3,0,0
141,135,2,1,1,3,3,3,0,0,0,1
141,159,2,1,1,3,3,3,0,0,0,1
141,175,2,1,1,3,3,3,0,0,0,1
141,207,2,1,1,3,3,3,0,0,0,1
141,15,2,1,0,3,1,1,0,0,1,0
141,399,2,1,1,3,3,3,0,0,0,1
141,129,2,1,0,3,0,0,0,0,1,0
141,153,2,1,1,3,0,3,0,3,0,0
141,169,2,1,1,3,0,3,0,3,0,0
141,201,2,1,0,3,0,0,0,0,1,0
141,9,2,1,0,3,0,0,0,0,1,0
141,393,2,1,0,3,0,0,0,0,1,0
141,149,2,1,1,3,3,3,0,0,0,1
141,165,2,1,1,3,3,3,0,0,0,1
141,197,2,1,1,3,3,3,0,0,0,1
141,5,2,1,0,3,1,1,0,0,1,0
141,389,2,1,1,3,3,3,0,0,0,1
141,189,2,1,1,3,3,3,0,0,0,1
141,221,2,1,1,3,3,3,0,0,0,1
141,29,2,1,1,3,1,3,0,2,0,0
141,413,2,1,1,3,3,3,0,0,0,1
141,237,2,1,1,3,3,3,0,0,0,1
141,45,2,1,1,3,1,3,0,2,0,0
141,429,2,1,1,3,3,3,0,0,0,1
141,77,2,1,0,3,1,1,0,0,1,0
141,461,2,1,1,3,3,3,0,0,0,1
141,269,2,1,1,3,1,3,0,2,0,0
142,142,0,1,1,2,2,2,0,0,0,1
142,143,1,1,1,2,2,2,0,0,0,1
142,140,1,1,1,2,1,2,0,1,0,0
142,138,1,1,1,2,1,2,0,1,0,1
142,134,1,1,1,2,2,2,0,0,0,1
142,158,1,1,1,2,2,2,0,0,0,1
142,174,1,1,1,2,2,2,0,0,0,1
142,206,1,1,1,2,2,2,0,0,0,1
142,14,1,1,0,2,0,0,0,0,1,0
142,398,1,1,1,2,2,2,0,0,0,1
142,141,2,1,1,2,1,2,0,1,0,0
142,139,2,1,1,2,1,2,0,1,0,1
142,135,2,1,1,2,2,2,0,0,0,1
142,159,2,1,1,2,2,2,0,0,0,1
142,175,2,1,1,2,2,2,0,0,0,1
142,207,2,1,1,2,2,2,0,0,0,1
142,15,2,1,0,2,0,0,0,0,1,0
142,399,2,1,1,2,2,2,0,0,0,1
142,136,2,1,0,2,0,0,0,0,1,0
142,132,2,1,0,2,1,1,0,0,1,0
142,156,2,1,1,2,1,2,0,1,0,0
142,172,2,1,1,2,1,2,0,1,0,0
142,204,2,1,1,2,1,2,0,1,0,0
142,12,2,1,0,2,0,0,0,0,1,0
142,396,2,1,1,2,1,2,0,1,0,0
142,130,2,1,1,2,1,2,0,1,0,1
142,154,2,1,1,2,1,2,0,1,0,1
142,170,2,1,1,2,1,2,0,1,0,1
142,202,2,1,1,2,1,2,0,1,0,1
142,10,2,1,0,2,0,0,0,0,1,0
142,394,2,1,1,2,1,2,0,1,0,1
142,150,2,1,1,2,2,2,0,0,0,1
142,166,2,1,1,2,2,2,0,0,0,1
142,198,2,1,1,2,2,2,0,0,0,1
142,6,2,1,0,2,0,0,0,0,1,0
142,390,2,1,1,2,2,2,0,0,0,1
142,190,2,1,1,2,2,2,0,0,0,1
142,222,2,1,1,2,2,2,0,0,0,1
142,30,2,1,1,2,0,2,0,2,0,0
142,414,2,1,1,2,2,2,0,0,0,1
142,238,2,1,1,2,2,2,0,0,0,1
142,46,2,1,1,2,0,2,0,2,0,0
142,430,2,1,1,2,2,2,0,0,0,1
142,78,2,1,0,2,0,0,0,0,1,0
142,462,2,1,1,2,2,2,0,0,0,1
142,270,2,1,1,2,0,2,0,2,0,0
143,143,0,1,1,2,2,2,0,0,0,1
143,142,1,1,1,2,2,2,0,0,0,1
143,141,1,1,1,2,1,2,0,1,0,0
143,139,1,1,1,2,1,2,0,1,0,1
143,135,1,1,1,2,2,2,0,0,0,1
143,159,1,1,1,2,2,2,0,0,0,1
143,175,1,1,1,2,2,2,0,0,0,1
143,207,1,1,1,2,2,2,0,0,0,1
143,15,1,1,0,2,0,0,0,0,1,0
143,399,1,1,1,2,2,2,0,0,0,1
143,140,2,1,1,2,1,2,0,1,0,0
143,138,2,1,1,2,1,2,0,1,0,1
143,134,2,1,1,2,2,2,0,0,0,1
143,158,2,1,1,2,2,2,0,0,0,1
143,174,2,1,1,2,2,2,0,0,0,1
143,206,2,1,1,2,2,2,0,0,0,1
143,14,2,1,0,2,0,0,0,0,1,0
143,398,2,1,1,2,2,2,0,0,0,1
143,137,2,1,0,2,0,0,0,0,1,0
143,133,2,1,1,2,1,2,0,1,0,0
143,157,2,1,1,2,1,2,0,1,0,0
143,173,2,1,1,2,1,2,0,1,0,0
143,205,2,1,1,2,1,2,0,1,0,0
143,13,2,1,0,2,0,0,0,0,1,0
143,397,2,1,1,2,1,2,0,1,0,0
143,131,2,1,1,2,1,2,0,1,0,1
143,155,2,1,1,2,1,2,0,1,0,1
143,171,2,1,1,2,1,2,0,1,0,1
143,203,2,1,1,2,1,2,0,1,0,1
143,11,2,1,0,2,0,0,0,0,1,0
143,395,2,1,1,2,1,2,0,1,0,1
143,151,2,1,1,2,2,2,0,0,0,1
143,167,2,1,1,2,2,2,0,0,0,1
143,199,2,1,1,2,2,2,0,0,0,1
143,7,2,1,0,2,0,0,0,0,1,0
143,391,2,1,1,2,2,2,0,0,0,1
143,191,2,1,1,2,2,2,0,0,0,1
143,223,2,1,1,2,2,2,0,0,0,1
143,31,2,1,1,2,0,2,0,2,0,0
143,415,2,1,1,2,2,2,0,0,0,1
143,239,2,1,1,2,2,2,0,0,0,1
143,47,2,1,1,2,0,2,0,2,0,0
143,431,2,1,1,2,2,2,0,0,0,1
143,79,2,1,0,2,0,0,0,0,1,0
143,463,2,1,1,2,2,2,0,0,0,1
143,271,2,1,1,2,0,2,0,2,0,0
144,144,0,1,1,0,0,0,0,0,0,1
144,145,1,1,1,0,0,0,0,0,0,1
144,146,1,1,1,0,0,0,0,0,0,1
144,148,1,1,1,0,0,0,0,0,0,1
144,152,1,1,1,0,0,0,0,0,0,1
144,128,1,1,0,0,0,0,0,0,1,0
144,176,1,1,1,0,0,0,0,0,0,1
144,208,1,1,1,0,0,0,0,0,0,1
144,16,1,1,1,0,0,0,0,0,0,1
144,400,1,1,1,0,0,0,0,0,0,1
144,147,2,1,1,0,0,0,0,0,0,1
144,149,2,1,1,0,0,0,0,0,0,1
144,153,2,1,1,0,0,0,0,0,0,1
144,129,2,1,0,0,0,0,0,0,1,0
144,177,2,1,1,0,0,0,0,0,0,1
144,209,2,1,1,0,0,0,0,0,0,1
144,17,2,1,1,0,0,0,0,0,0,1
144,401,2,1,1,0,0,0,0,0,0,1
144,150,2,1,1,0,0,0,0,0,0,1
144,154,2,1,1,0,0,0,0,0,0,1
144,130,2,1,1,0,0,0,0,0,0,0
144,178,2,1,1,0,0,0,0,0,0,1
144,210,2,1,1,0,0,0,0,0,0,1
144,18,2,1,1,0,0,0,0,0,0,1
144,402,2,1,1,0,0,0,0,0,0,1
144,156,2,1,1,0,0,0,0,0,0,1
144,132,2,1,0,0,0,0,0,0,1,0
144,180,2,1,1,0,0,0,0,0,0,1
144,212,2,1,1,0,0,0,0,0,0,1
144,20,2,1,1,0,0,0,0,0,0,1
144,404,2,1,1,0,0,0,0,0,0,1
144,136,2,1,0,0,0,0,0,0,1,0
144,184,2,1,1,0,0,0,0,0,0,1
144,216,2,1,1,0,0,0,0,0,0,1
144,24,2,1,1,0,0,0,0,0,0,1
144,408,2,1,1,0,0,0,0,0,0,1
144,160,2,1,0,0,0,0,0,0,1,0
144,192,2,1,0,0,0,0,0,0,1,0
144,0,2,1,0,0,0,0,0,0,1,0
144,384,2,1,0,0,0,0,0,0,1,0
144,240,2,1,1,0,0,0,0,0,0,1
144,48,2,1,1,0,0,0,0,0,0,1
144,432,2,1,1,0,0,0,0,0,0,1
144,80,2,1,1,0,0,0,0,0,0,1
144,464,2,1,1,0,0,0,0,0,0,1
144,272,2,1,1,0,0,0,0,0,0,1
145,145,0,1,1,1,1,1,0,0,0,1
145,144,1,1,1,1,0,1,0,1,0,1
145,147,1,1,1,1,1,1,0,0,0,1
145,149,1,1,1,1,1,1,0,0,0,1
145,153,1,1,1,1,1,1,0,0,0,1
145,129,1,1,0,1,1,1,0,0,1,0
145,177,1,1,1,1,1,1,0,0,0,1
145,209,1,1,1,1,1,1,0,0,0,1
145,17,1,1,1,1,0,1,0,1,0,1
145,401,1,1,1,1,1,1,0,0,0,1
145,146,2,1,1,1,0,1,0,1,0,1
145,148,2,1,1,1,0,1,0,1,0,1
145,152,2,1,1,1,0,1,0,1,0,1
145,128,2,1,0,1,0,0,0,0,1,0
145,176,2,1,1,1,0,1,0,1,0,1
145,208,2,1,1,1,0,1,0,1,0,1
145,16,2,1,1,1,0,1,0,1,0,1
145,400,2,1,1,1,0,1,0,1,0,1
145,151,2,1,1,1,1,1,0,0,0,1
145,155,2,1,1,1,1,1,0,0,0,1
145,131,2,1,1,1,1,1,0,0,0,0
145,179,2,1,1,1,1,1,0,0,0,1
145,211,2,1,1,1,1,1,0,0,0,1
145,19,2,1,1,1,0,1,0,1,0,1
145,403,2,1,1,1,1,1,0,0,0,1
145,157,2,1,1,1,1,1,0,0,0,1
145,133,2,1,1,1,1,1,0,0,0,0
145,181,2,1,1,1,1,1,0,0,0,1
145,213,2,1,1,1,1,1,0,0,0,1
145,21,2,1,1,1,0,1,0,1,0,1
145,405,2,1,1,1,1,1,0,0,0,1
145,137,2,1,0,1,1,1,0,0,1,0
145,185,2,1,1,1,1,1,0,0,0,1
145,217,2,1,1,1,1,1,0,0,0,1
145,25,2,1,1,1,0,1,0,1,0,1
145,409,2,1,1,1,1,1,0,0,0,1
145,161,2,1,1,1,1,1,0,0,0,0
145,193,2,1,0,1,1,1,0,0,1,0
145,1,2,1,0,1,0,0,0,0,1,0
145,385,2,1,0,1,1,1,0,0,1,0
145,241,2,1,1,1,1,1,0,0,0,1
145,49,2,1,1,1,0,1,0,1,0,1
145,433,2,1,1,1,1,1,0,0,0,1
145,81,2,1,1,1,0,1,0,1,0,1
145,465,2,1,1,1,1,1,0,0,0,1
145,273,2,1,1,1,0,1,0,1,0,1
146,146,0,1,1,0,0,0,0,0,0,1
146,147,1,1,1,0,0,0,0,0,0,1
146,144,1,1,1,0,0,0,0,0,0,1
146,150,1,1,1,0,0,0,0,0,0,1
146,154,1,1,1,0,0,0,0,0,0,1
146,130,1,1,1,0,0,0,0,0,0,0
146,178,1,1,1,0,0,0,0,0,0,1
146,210,1,1,1,0,0,0,0,0,0,1
146,18,1,1,1,0,0,0,0,0,0,1
146,402,1,1,1,0,0,0,0,0,0,1
146,145,2,1,1,0,0,0,0,0,0,1
146,151,2,1,1,0,0,0,0,0,0,1
146,155,2,1,1,0,0,0,0,0,0,1
146,131,2,1,1,0,0,0,0,0,0,0
146,179,2,1,1,0,0,0,0,0,0,1
146,211,2,1,1,0,0,0,0,0,0,1
146,19,2,1,1,0,0,0,0,0,0,1
146,403,2,1,1,0,0,0,0,0,0,1
146,148,2,1,1,0,0,0,0,0,0,1
146,152,2,1,1,0,0,0,0,0,0,1
146,128,2,1,0,0,0,0,0,0,1,0
146,176,2,1,1,0,0,0,0,0,0,1
146,208,2,1,1,0,0,0,0,0,0,1
146,16,2,1,1,0,0,0,0,0,0,1
146,400,2,1,1,0,0,0,0,0,0,1
146,158,2,1,1,0,0,0,0,0,0,1
146,134,2,1,1,0,0,0,0,0,0,0
146,182,2,1,1,0,0,0,0,0,0,1
146,214,2,1,1,0,0,0,0,0,0,1
146,22,2,1,1,0,0,0,0,0,0,1
146,406,2,1,1,0,0,0,0,0,0,1
146,138,2,1,1,0,0,0,0,0,0,0
146,186,2,1,1,0,0,0,0,0,0,1
146,218,2,1,1,0,0,0,0,0,0,1
146,26,2,1,1,0,0,0,0,0,0,1
146,410,2,1,1,0,0,0,0,0,0,1
146,162,2,1,1,0,0,0,0,0,0,0
146,194,2,1,1,0,0,0,0,0,0,0
146,2,2,1,0,0,0,0,0,0,1,0
146,386,2,1,1,0,0,0,0,0,0,0
146,242,2,1,1,0,0,0,0,0,0,1
146,50,2,1,1,0,0,0,0,0,0,1
146,434,2,1,1,0,0,0,0,0,0,1
146,82,2,1,1,0,0,0,0,0,0,1
146,466,2,1,1,0,0,0,0,0,0,1
146,274,2,1,1,0,0,0,0,0,0,1
147,147,0,1,1,1,1,1,0,0,0,1
147,146,1,1,1,1,0,1,0,1,0,1
147,145,1,1,1,1,1,1,0,0,0,1
147,151,1,1,1,1,1,1,0,0,0,1
147,155,1,1,1,1,1,1,0,0,0,1
147,131,1,1,1,1,1,1,0,0,0,0
147,179,1,1,1,1,1,1,0,0,0,1
147,211,1,1,1,1,1,1,0,0,0,1
147,19,1,1,1,1,0,1,0,1,0,1
147,403,1,1,1,1,1,1,0,0,0,1
147,144,2,1,1,1,0,1,0,1,0,1
147,150,2,1,1,1,0,1,0,1,0,1
147,154,2,1,1,1,0,1,0,1,0,1
147,130,2,1,1,1,0,1,0,1,0,0
147,178,2,1,1,1,0,1,0,1,0,1
147,210,2,1,1,1,0,1,0,1,0,1
147,18,2,1,1,1,0,1,0,1,0,1
147,402,2,1,1,1,0,1,0,1,0,1
147,149,2,1,1,1,1,1,0,0,0,1
147,153,2,1,1,1,1,1,0,0,0,1
147,129,2,1,0,1,1,1,0,0,1,0
147,177,2,1,1,1,1,1,0,0,0,1
147,209,2,1,1,1,1,1,0,0,0,1
147,17,2,1,1,1,0,1,0,1,0,1
147,401,2,1,1,1,1,1,0,0,0,1
147,159,2,1,1,1,1,1,0,0,0,1
147,135,2,1,1,1,1,1,0,0,0,0
147,183,2,1,1,1,1,1,0,0,0,1
147,215,2,1,1,1,1,1,0,0,0,1
147,23,2,1,1,1,0,1,0,1,0,1
147,407,2,1,1,1,1,1,0,0,0,1
147,139,2,1,1,1,1,1,0,0,0,0
147,187,2,1,1,1,1,1,0,0,0,1
147,219,2,1,1,1,1,1,0,0,0,1
147,27,2,1,1,1,0,1,0,1,0,1
147,411,2,1,1,1,1,1,0,0,0,1
147,163,2,1,1,1,1,1,0,0,0,0
147,195,2,1,1,1,1,1,0,0,0,0
147,3,2,1,0,1,0,0,0,0,1,0
147,387,2,1,1,1,1,1,0,0,0,0
147,243,2,1,1,1,1,1,0,0,0,1
147,51,2,1,1,1,0,1,0,1,0,1
147,435,2,1,1,1,1,1,0,0,0,1
147,83,2,1,1,1,0,1,0,1,0,1
147,467,2,1,1,1,1,1,0,0,0,1
147,275,2,1,1,1,0,1,0,1,0,1
148,148,0,1,1,1,1,1,0,0,0,1
148,149,1,1,1,1,1,1,0,0,0,1
148,150,1,1,1,1,1,1,0,0,0,1
148,144,1,1,1,1,0,1,0,1,0,1
148,156,1,1,1,1,1,1,0,0,0,1
148,132,1,1,0,1,1,1,0,0,1,0
148,180,1,1,1,1,1,1,0,0,0,1
148,212,1,1,1,1,1,1,0,0,0,1
148,20,1,1,1,1,0,1,0,1,0,1
148,404,1,1,1,1,1,1,0,0,0,1
148,151,2,1,1,1,1,1,0,0,0,1
148,145,2,1,1,1,0,1,0,1,0,1
148,157,2,1,1,1,1,1,0,0,0,1
148,133,2,1,1,1,1,1,0,0,0,0
148,181,2,1,1,1,1,1,0,0,0,1
148,213,2,1,1,1,1,1,0,0,0,1
148,21,2,1,1,1,0,1,0,1,0,1
148,405,2,1,1,1,1,1,0,0,0,1
148,146,2,1,1,1,0,1,0,1,0,1
148,158,2,1,1,1,1,1,0,0,0,1
148,134,2,1,1,1,1,1,0,0,0,0
148,182,2,1,1,1,1,1,0,0,0,1
148,214,2,1,1,1,1,1,0,0,0,1
148,22,2,1,1,1,0,1,0,1,0,1
148,406,2,1,1,1,1,1,0,0,0,1
148,152,2,1,1,1,0,1,0,1,0,1
148,128,2,1,0,1,0,0,0,0,1,0
148,176,2,1,1,1,0,1,0,1,0,1
148,208,2,1,1,1,0,1,0,1,0,1
148,16,2,1,1,1,0,1,0,1,0,1
148,400,2,1,1,1,0,1,0,1,0,1
148,140,2,1,1,1,1,1,0,0,0,0
148,188,2,1,1,1,1,1,0,0,0,1
148,220,2,1,1,1,1,1,0,0,0,1
148,28,2,1,1,1,0,1,0,1,0,1
148,412,2,1,1,1,1,1,0,0,0,1
148,164,2,1,0,1,1,1,0,0,1,0
148,196,2,1,0,1,1,1,0,0,1,0
148,4,2,1,0,1,0,0,0,0,1,0
148,388,2,1,0,1,1,1,0,0,1,0
148,244,2,1,1,1,1,1,0,0,0,1
148,52,2,1,1,1,0,1,0,1,0,1
148,436,2,1,1,1,1,1,0,0,0,1
148,84,2,1,1,1,0,1,0,1,0,1
148,468,2,1,1,1,1,1,0,0,0,1
148,276,2,1,1,1,0,1,0,1,0,1
149,149,0,1,1,3,3,3,0,0,0,1
149,148,1,1,1,3,1,3,0,2,0,1
149,151,1,1,1,3,3,3,0,0,0,1
149,145,1,1,1,3,1,3,0,2,0,1
149,157,1,1,1,3,3,3,0,0,0,1
149,133,1,1,1,3,3,3,0,0,0,0
149,181,1,1,1,3,3,3,0,0,0,1
149,213,1,1,1,3,3,3,0,0,0,1
149,21,1,1,1,3,1,3,0,2,0,1
149,405,1,1,1,3,3,3,0,0,0,1
149,150,2,1,1,3,1,3,0,2,0,1
149,144,2,1,1,3,0,3,0,3,0,1
149,156,2,1,1,3,1,3,0,2,0,1
149,132,2,1,0,3,1,1,0,0,1,0
149,180,2,1,1,3,1,3,0,2,0,1
149,212,2,1,1,3,1,3,0,2,0,1
149,20,2,1,1,3,0,3,0,3,0,1
149,404,2,1,1,3,1,3,0,2,0,1
149,147,2,1,1,3,1,3,0,2,0,1
149,159,2,1,1,3,3,3,0,0,0,1
149,135,2,1,1,3,3,3,0,0,0,0
149,183,2,1,1,3,3,3,0,0,0,1
149,215,2,1,1,3,3,3,0,0,0,1
149,23,2,1,1,3,1,3,0,2,0,1
149,407,2,1,1,3,3,3,0,0,0,1
149,153,2,1,1,3,1,3,0,2,0,1
149,129,2,1,0,3,1,1,0,0,1,0
149,177,2,1,1,3,1,3,0,2,0,1
149,209,2,1,1,3,1,3,0,2,0,1
149,17,2,1,1,3,0,3,0,3,0,1
149,401,2,1,1,3,1,3,0,2,0,1
149,141,2,1,1,3,3,3,0,0,0,0
149,189,2,1,1,3,3,3,0,0,0,1
149,221,2,1,1,3,3,3,0,0,0,1
149,29,2,1,1,3,1,3,0,2,0,1
149,413,2,1,1,3,3,3,0,0,0,1
149,165,2,1,1,3,3,3,0,0,0,0
149,197,2,1,1,3,3,3,0,0,0,0
149,5,2,1,0,3,1,1,0,0,1,0
149,389,2,1,1,3,3,3,0,0,0,0
149,245,2,1,1,3,3,3,0,0,0,1
149,53,2,1,1,3,1,3,0,2,0,1
149,437,2,1,1,3,3,3,0,0,0,1
149,85,2,1,1,3,1,3,0,2,0,1
149,469,2,1,1,3,3,3,0,0,0,1
149,277,2,1,1,3,1,3,0,2,0,1
150,150,0,1,1,1,1,1,0,0,0,1
150,151,1,1,1,1,1,1,0,0,0,1
150,148,1,1,1,1,1,1,0,0,0,1
150,146,1,1,1,1,0,1,0,1,0,1
150,158,1,1,1,1,1,1,0,0,0,1
150,134,1,1,1,1,1,1,0,0,0,0
150,182,1,1,1,1,1,1,0,0,0,1
150,214,1,1,1,1,1,1,0,0,0,1
150,22,1,1,1,1,0,1,0,1,0,1
150,406,1,1,1,1,1,1,0,0,0,1
150,149,2,1,1,1,1,1,0,0,0,1
150,147,2,1,1,1,0,1,0,1,0,1
150,159,2,1,1,1,1,1,0,0,0,1
150,135,2,1,1,1,1,1,0,0,0,0
150,183,2,1,1,1,1,1,0,0,0,1
150,215,2,1,1,1,1,1,0,0,0,1
150,23,2,1,1,1,0,1,0,1,0,1
150,407,2,1,1,1,1,1,0,0,0,1
150,144,2,1,1,1,0,1,0,1,0,1
150,156,2,1,1,1,1,1,0,0,0,1
150,132,2,1,0,1,1,1,0,0,1,0
150,180,2,1,1,1,1,1,0,0,0,1
150,212,2,1,1,1,1,1,0,0,0,1
150,20,2,1,1,1,0,1,0,1,0,1
150,404,2,1,1,1,1,1,0,0,0,1
150,154,2,1,1,1,0,1,0,1,0,1
150,130,2,1,1,1,0,1,0,1,0,0
150,178,2,1,1,1,0,1,0,1,0,1
150,210,2,1,1,1,0,1,0,1,0,1
150,18,2,1,1,1,0,1,0,1,0,1
150,402,2,1,1,1,0,1,0,1,0,1
150,142,2,1,1,1,1,1,0,0,0,0
150,190,2,1,1,1,1,1,0,0,0,1
150,222,2,1,1,1,1,1,0,0,0,1
150,30,2,1,1,1,0,1,0,1,0,1
150,414,2,1,1,1,1,1,0,0,0,1
150,166,2,1,1,1,1,1,0,0,0,0
150,198,2,1,1,1,1,1,0,0,0,0
150,6,2,1,0,1,0,0,0,0,1,0
150,390,2,1,1,1,1,1,0,0,0,0
150,246,2,1,1,1,1,1,0,0,0,1
150,54,2,1,1,1,0,1,0,1,0,1
150,438,2,1,1,1,1,1,0,0,0,1
150,86,2,1,1,1,0,1,0,1,0,1
150,470,2,1,1,1,1,1,0,0,0,1
150,278,2,1,1,1,0,1,0,1,0,1
151,151,0,1,1,2,2,2,0,0,0,1
151,150,1,1,1,2,1,2,0,1,0,1
151,149,1,1,1,2,2,2,0,0,0,1
151,147,1,1,1,2,1,2,0,1,0,1
151,159,1,1,1,2,2,2,0,0,0,1
151,135,1,1,1,2,2,2,0,0,0,0
151,183,1,1,1,2,2,2,0,0,0,1
151,215,1,1,1,2,2,2,0,0,0,1
151,23,1,1,1,2,0,2,0,2,0,1
151,407,1,1,1,2,2,2,0,0,0,1
151,148,2,1,1,2,1,2,0,1,0,1
151,146,2,1,1,2,0,2,0,2,0,1
151,158,2,1,1,2,1,2,0,1,0,1
151,134,2,1,1,2,1,2,0,1,0,0
151,182,2,1,1,2,1,2,0,1,0,1
151,214,2,1,1,2,1,2,0,1,0,1
151,22,2,1,1,2,0,2,0,2,0,1
151,406,2,1,1,2,1,2,0,1,0,1
151,145,2,1,1,2,1,2,0,1,0,1
151,157,2,1,1,2,2,2,0,0,0,1
151,133,2,1,1,2,2,2,0,0,0,0
151,181,2,1,1,2,2,2,0,0,0,1
151,213,2,1,1,2,2,2,0,0,0,1
151,21,2,1,1,2,0,2,0,2,0,1
151,405,2,1,1,2,2,2,0,0,0,1
151,155,2,1,1,2,1,2,0,1,0,1
151,131,2,1,1,2,1,2,0,1,0,0
151,179,2,1,1,2,1,2,0,1,0,1
151,211,2,1,1,2,1,2,0,1,0,1
151,19,2,1,1,2,0,2,0,2,0,1
151,403,2,1,1,2,1,2,0,1,0,1
151,143,2,1,1,2,2,2,0,0,0,0
151,191,2,1,1,2,2,2,0,0,0,1
151,223,2,1,1,2,2,2,0,0,0,1
151,31,2,1,1,2,0,2,0,2,0,1
151,415,2,1,1,2,2,2,0,0,0,1
151,167,2,1,1,2,2,2,0,0,0,0
151,199,2,1,1,2,2,2,0,0,0,0
151,7,2,1,0,2,0,0,0,0,1,0
151,391,2,1,1,2,2,2,0,0,0,0
151,247,2,1,1,2,2,2,0,0,0,1
151,55,2,1,1,2,0,2,0,2,0,1
151,439,2,1,1,2,2,2,0,0,0,1
151,87,2,1,1,2,0,2,0,2,0,1
151,471,2,1,1,2,2,2,0,0,0,1
151,279,2,1,1,2,0,2,0,2,0,1
152,152,0,1,1,0,0,0,0,0,0,1
152,153,1,1,1,0,0,0,0,0,0,1
152,154,1,1,1,0,0,0,0,0,0,1
152,156,1,1,1,0,0,0,0,0,0,1
152,144,1,1,1,0,0,0,0,0,0,1
152,136,1,1,0,0,0,0,0,0,1,0
152,184,1,1,1,0,0,0,0,0,0,1
152,216,1,1,1,0,0,0,0,0,0,1
152,24,1,1,1,0,0,0,0,0,0,1
152,408,1,1,1,0,0,0,0,0,0,1
152,155,2,1,1,0,0,0,0,0,0,1
152,157,2,1,1,0,0,0,0,0,0,1
152,145,2,1,1,0,0,0,0,0,0,1
152,137,2,1,0,0,0,0,0,0,1,0
152,185,2,1,1,0,0,0,0,0,0,1
152,217,2,1,1,0,0,0,0,0,0,1
152,25,2,1,1,0,0,0,0,0,0,1
152,409,2,1,1,0,0,0,0,0,0,1
152,158,2,1,1,0,0,0,0,0,0,1
152,146,2,1,1,0,0,0,0,0,0,1
152,138,2,1,1,0,0,0,0,0,0,0
152,186,2,1,1,0,0,0,0,0,0,1
152,218,2,1,1,0,0,0,0,0,0,1
152,26,2,1,1,0,0,0,0,0,0,1
152,410,2,1,1,0,0,0,0,0,0,1
152,148,2,1,1,0,0,0,0,0,0,1
152,140,2,1,1,0,0,0,0,0,0,0
152,188,2,1,1,0,0,0,0,0,0,1
152,220,2,1,1,0,0,0,0,0,0,1
152,28,2,1,1,0,0,0,0,0,0,1
152,412,2,1,1,0,0,0,0,0,0,1
152,128,2,1,0,0,0,0,0,0,1,0
152,176,2,1,1,0,0,0,0,0,0,1
152,208,2,1,1,0,0,0,0,0,0,1
152,16,2,1,1,0,0,0,0,0,0,1
152,400,2,1,1,0,0,0,0,0,0,1
152,168,2,1,1,0,0,0,0,0,0,0
152,200,2,1,0,0,0,0,0,0,1,0
152,8,2,1,0,0,0,0,0,0,1,0
152,392,2,1,0,0,0,0,0,0,1,0
152,248,2,1,1,0,0,0,0,0,0,1
152,56,2,1,1,0,0,0,0,0,0,1
152,440,2,1,1,0,0,0,0,0,0,1
152,88,2,1,1,0,0,0,0,0,0,1
152,472,2,1,1,0,0,0,0,0,0,1
152,280,2,1,1,0,0,0,0,0,0,1
153,153,0,1,1,0,0,0,0,0,0,1
153,152,1,1,1,0,0,0,0,0,0,1
153,155,1,1,1,0,0,0,0,0,0,1
153,157,1,1,1,0,0,0,0,0,0,1
153,145,1,1,1,0,0,0,0,0,0,1
153,137,1,1,0,0,0,0,0,0,1,0
153,185,1,1,1,0,0,0,0,0,0,1
153,217,1,1,1,0,0,0,0,0,0,1
153,25,1,1,1,0,0,0,0,0,0,1
153,409,1,1,1,0,0,0,0,0,0,1
153,154,2,1,1,0,0,0,0,0,0,1
153,156,2,1,1,0,0,0,0,0,0,1
153,144,2,1,1,0,0,0,0,0,0,1
153,136,2,1,0,0,0,0,0,0,1,0
153,184,2,1,1,0,0,0,0,0,0,1
153,216,2,1,1,0,0,0,0,0,0,1
153,24,2,1,1,0,0,0,0,0,0,1
153,408,2,1,1,0,0,0,0,0,0,1
153,159,2,1,1,0,0,0,0,0,0,1
153,147,2,1,1,0,0,0,0,0,0,1
153,139,2,1,1,0,0,0,0,0,0,0
153,187,2,1,1,0,0,0,0,0,0,1
153,219,2,1,1,0,0,0,0,0,0,1
153,27,2,1,1,0,0,0,0,0,0,1
153,411,2,1,1,0,0,0,0,0,0,1
153,149,2,1,1,0,0,0,0,0,0,1
153,141,2,1,1,0,0,0,0,0,0,0
153,189,2,1,1,0,0,0,0,0,0,1
153,221,2,1,1,0,0,0,0,0,0,1
153,29,2,1,1,0,0,0,0,0,0,1
153,413,2,1,1,0,0,0,0,0,0,1
153,129,2,1,0,0,0,0,0,0,1,0
153,177,2,1,1,0,0,0,0,0,0,1
153,209,2,1,1,0,0,0,0,0,0,1
153,17,2,1,1,0,0,0,0,0,0,1
153,401,2,1,1,0,0,0,0,0,0,1
153,169,2,1,1,0,0,0,0,0,0,0
153,201,2,1,0,0,0,0,0,0,1,0
153,9,2,1,0,0,0,0,0,0,1,0
153,393,2,1,0,0,0,0,0,0,1,0
153,249,2,1,1,0,0,0,0,0,0,1
153,57,2,1,1,0,0,0,0,0,0,1
153,441,2,1,1,0,0,0,0,0,0,1
153,89,2,1,1,0,0,0,0,0,0,1
153,473,2,1,1,0,0,0,0,0,0,1
153,281,2,1,1,0,0,0,0,0,0,1
154,154,0,1,1,0,0,0,0,0,0,1
154,155,1,1,1,0,0,0,0,0,0,1
154,152,1,1,1,0,0,0,0,0,0,1
154,158,1,1,1,0,0,0,0,0,0,1
154,146,1,1,1,0,0,0,0,0,0,1
154,138,1,1,1,0,0,0,0,0,0,0
154,186,1,1,1,0,0,0,0,0,0,1
154,218,1,1,1,0,0,0,0,0,0,1
154,26,1,1,1,0,0,0,0,0,0,1
154,410,1,1,1,0,0,0,0,0,0,1
154,153,2,1,1,0,0,0,0,0,0,1
154,159,2,1,1,0,0,0,0,0,0,1
154,147,2,1,1,0,0,0,0,0,0,1
154,139,2,1,1,0,0,0,0,0,0,0
154,187,2,1,1,0,0,0,0,0,0,1
154,219,2,1,1,0,0,0,0,0,0,1
154,27,2,1,1,0,0,0,0,0,0,1
154,411,2,1,1,0,0,0,0,0,0,1
154,156,2,1,1,0,0,0,0,0,0,1
154,144,2,1,1,0,0,0,0,0,0,1
154,136,2,1,0,0,0,0,0,0,1,0
154,184,2,1,1,0,0,0,0,0,0,1
154,216,2,1,1,0,0,0,0,0,0,1
154,24,2,1,1,0,0,0,0,0,0,1
154,408,2,1,1,0,0,0,0,0,0,1
154,150,2,1,1,0,0,0,0,0,0,1
154,142,2,1,1,0,0,0,0,0,0,0
154,190,2,1,1,0,0,0,0,0,0,1
154,222,2,1,1,0,0,0,0,0,0,1
154,30,2,1,1,0,0,0,0,0,0,1
154,414,2,1,1,0,0,0,0,0,0,1
154,130,2,1,1,0,0,0,0,0,0,0
154,178,2,1,1,0,0,0,0,0,0,1
154,210,2,1,1,0,0,0,0,0,0,1
154,18,2,1,1,0,0,0,0,0,0,1
154,402,2,1,1,0,0,0,0,0,0,1
154,170,2,1,1,0,0,0,0,0,0,0
154,202,2,1,1,0,0,0,0,0,0,0
154,10,2,1,0,0,0,0,0,0,1,0
154,394,2,1,1,0,0,0,0,0,0,0
154,250,2,1,1,0,0,0,0,0,0,1
154,58,2,1,1,0,0,0,0,0,0,1
154,442,2,1,1,0,0,0,0,0,0,1
154,90,2,1,1,0,0,0,0,0,0,1
154,474,2,1,1,0,0,0,0,0,0,1
154,282,2,1,1,0,0,0,0,0,0,1
155,155,0,1,1,0,0,0,0,0,0,1
155,154,1,1,1,0,0,0,0,0,0,1
155,153,1,1,1,0,0,0,0,0,0,1
155,159,1,1,1,0,0,0,0,0,0,1
155,147,1,1,1,0,0,0,0,0,0,1
155,139,1,1,1,0,0,0,0,0,0,0
155,187,1,1,1,0,0,0,0,0,0,1
155,219,1,1,1,0,0,0,0,0,0,1
155,27,1,1,1,0,0,0,0,0,0,1
155,411,1,1,1,0,0,0,0,0,0,1
155,152,2,1,1,0,0,0,0,0,0,1
155,158,2,1,1,0,0,0,0,0,0,1
155,146,2,1,1,0,0,0,0,0,0,1
155,138,2,1,1,0,0,0,0,0,0,0
155,186,2,1,1,0,0,0,0,0,0,1
155,218,2,1,1,0,0,0,0,0,0,1
155,26,2,1,1,0,0,0,0,0,0,1
155,410,2,1,1,0,0,0,0,0,0,1
155,157,2,1,1,0,0,0,0,0,0,1
155,145,2,1,1,0,0,0,0,0,0,1
155,137,2,1,0,0,0,0,0,0,1,0
155,185,2,1,1,0,0,0,0,0,0,1
155,217,2,1,1,0,0,0,0,0,0,1
155,25,2,1,1,0,0,0,0,0,0,1
155,409,2,1,1,0,0,0,0,0,0,1
155,151,2,1,1,0,0,0,0,0,0,1
155,143,2,1,1,0,0,0,0,0,0,0
155,191,2,1,1,0,0,0,0,0,0,1
155,223,2,1,1,0,0,0,0,0,0,1
155,31,2,1,1,0,0,0,0,0,0,1
155,415,2,1,1,0,0,0,0,0,0,1
155,131,2,1,1,0,0,0,0,0,0,0
155,179,2,1,1,0,0,0,0,0,0,1
155,211,2,1,1,0,0,0,0,0,0,1
155,19,2,1,1,0,0,0,0,0,0,1
155,403,2,1,1,0,0,0,0,0,0,1
155,171,2,1,1,0,0,0,0,0,0,0
155,203,2,1,1,0,0,0,0,0,0,0
155,11,2,1,0,0,0,0,0,0,1,0
155,395,2,1,1,0,0,0,0,0,0,0
155,251,2,1,1,0,0,0,0,0,0,1
155,59,2,1,1,0,0,0,0,0,0,1
155,443,2,1,1,0,0,0,0,0,0,1
155,91,2,1,1,0,0,0,0,0,0,1
155,475,2,1,1,0,0,0,0,0,0,1
155,283,2,1,1,0,0,0,0,0,0,1
156,156,0,1,1,2,2,2,0,0,0,1
156,157,1,1,1,2,2,2,0,0,0,1
156,158,1,1,1,2,2,2,0,0,0,1
156,152,1,1,1,2,0,2,0,2,0,1
156,148,1,1,1,2,1,2,0,1,0,1
156,140,1,1,1,2,2,2,0,0,0,0
156,188,1,1,1,2,2,2,0,0,0,1
156,220,1,1,1,2,2,2,0,0,0,1
156,28,1,1,1,2,1,2,0,1,0,1
156,412,1,1,1,2,2,2,0,0,0,1
156,159,2,1,1,2,2,2,0,0,0,1
156,153,2,1,1,2,0,2,0,2,0,1
156,149,2,1,1,2,1,2,0,1,0,1
156,141,2,1,1,2,2,2,0,0,0,0
156,189,2,1,1,2,2,2,0,0,0,1
156,221,2,1,1,2,2,2,0,0,0,1
156,29,2,1,1,2,1,2,0,1,0,1
156,413,2,1,1,2,2,2,0,0,0,1
156,154,2,1,1,2,0,2,0,2,0,1
156,150,2,1,1,2,1,2,0,1,0,1
156,142,2,1,1,2,2,2,0,0,0,0
156,190,2,1,1,2,2,2,0,0,0,1
156,222,2,1,1,2,2,2,0,0,0,1
156,30,2,1,1,2,1,2,0,1,0,1
156,414,2,1,1,2,2,2,0,0,0,1
156,144,2,1,1,2,0,2,0,2,0,1
156,136,2,1,0,2,0,0,0,0,1,0
156,184,2,1,1,2,0,2,0,2,0,1
156,216,2,1,1,2,0,2,0,2,0,1
156,24,2,1,1,2,0,2,0,2,0,1
156,408,2,1,1,2,0,2,0,2,0,1
156,132,2,1,0,2,1,1,0,0,1,0
156,180,2,1,1,2,1,2,0,1,0,1
156,212,2,1,1,2,1,2,0,1,0,1
156,20,2,1,1,2,0,2,0,2,0,1
156,404,2,1,1,2,1,2,0,1,0,1
156,172,2,1,1,2,2,2,0,0,0,0
156,204,2,1,1,2,2,2,0,0,0,0
156,12,2,1,0,2,1,1,0,0,1,0
156,396,2,1,1,2,2,2,0,0,0,0
156,252,2,1,1,2,2,2,0,0,0,1
156,60,2,1,1,2,1,2,0,1,0,1
156,444,2,1,1,2,2,2,0,0,0,1
156,92,2,1,1,2,1,2,0,1,0,1
156,476,2,1,1,2,2,2,0,0,0,1
156,284,2,1,1,2,1,2,0,1,0,1
157,157,0,1,1,2,2,2,0,0,0,1
157,156,1,1,1,2,1,2,0,1,0,1
157,159,1,1,1,2,2,2,0,0,0,1
157,153,1,1,1,2,0,2,0,2,0,1
157,149,1,1,1,2,2,2,0,0,0,1
157,141,1,1,1,2,2,2,0,0,0,0
157,189,1,1,1,2,2,2,0,0,0,1
157,221,1,1,1,2,2,2,0,0,0,1
157,29,1,1,1,2,1,2,0,1,0,1
157,413,1,1,1,2,2,2,0,0,0,1
157,158,2,1,1,2,1,2,0,1,0,1
157,152,2,1,1,2,0,2,0,2,0,1
157,148,2,1,1,2,1,2,0,1,0,1
157,140,2,1,1,2,1,2,0,1,0,0
157,188,2,1,1,2,1,2,0,1,0,1
157,220,2,1,1,2,1,2,0,1,0,1
157,28,2,1,1,2,0,2,0,2,0,1
157,412,2,1,1,2,1,2,0,1,0,1
157,155,2,1,1,2,0,2,0,2,0,1
157,151,2,1,1,2,2,2,0,0,0,1
157,143,2,1,1,2,2,2,0,0,0,0
157,191,2,1,1,2,2,2,0,0,0,1
157,223,2,1,1,2,2,2,0,0,0,1
157,31,2,1,1,2,1,2,0,1,0,1
157,415,2,1,1,2,2,2,0,0,0,1
157,145,2,1,1,2,0,2,0,2,0,1
157,137,2,1,0,2,0,0,0,0,1,0
157,185,2,1,1,2,0,2,0,2,0,1
157,217,2,1,1,2,0,2,0,2,0,1
157,25,2,1,1,2,0,2,0,2,0,1
157,409,2,1,1,2,0,2,0,2,0,1
157,133,2,1,1,2,2,2,0,0,0,0
157,181,2,1,1,2,2,2,0,0,0,1
157,213,2,1,1,2,2,2,0,0,0,1
157,21,2,1,1,2,1,2,0,1,0,1
157,405,2,1,1,2,2,2,0,0,0,1
157,173,2,1,1,2,2,2,0,0,0,0
157,205,2,1,1,2,2,2,0,0,0,0
157,13,2,1,0,2,1,1,0,0,1,0
157,397,2,1,1,2,2,2,0,0,0,0
157,253,2,1,1,2,2,2,0,0,0,1
157,61,2,1,1,2,1,2,0,1,0,1
157,445,2,1,1,2,2,2,0,0,0,1
157,93,2,1,1,2,1,2,0,1,0,1
157,477,2,1,1,2,2,2,0,0,0,1
157,285,2,1,1,2,1,2,0,1,0,1
158,158,0,1,1,1,1,1,0,0,0,1
158,159,1,1,1,1,1,1,0,0,0,1
158,156,1,1,1,1,1,1,0,0,0,1
158,154,1,1,1,1,0,1,0,1,0,1
158,150,1,1,1,1,1,1,0,0,0,1
158,142,1,1,1,1,1,1,0,0,0,0
158,190,1,1,1,1,1,1,0,0,0,1
158,222,1,1,1,1,1,1,0,0,0,1
158,30,1,1,1,1,0,1,0,1,0,1
158,414,1,1,1,1,1,1,0,0,0,1
158,157,2,1,1,1,1,1,0,0,0,1
158,155,2,1,1,1,0,1,0,1,0,1
158,151,2,1,1,1,1,1,0,0,0,1
158,143,2,1,1,1,1,1,0,0,0,0
158,191,2,1,1,1,1,1,0,0,0,1
158,223,2,1,1,1,1,1,0,0,0,1
158,31,2,1,1,1,0,1,0,1,0,1
158,415,2,1,1,1,1,1,0,0,0,1
158,152,2,1,1,1,0,1,0,1,0,1
158,148,2,1,1,1,1,1,0,0,0,1
158,140,2,1,1,1,1,1,0,0,0,0
158,188,2,1,1,1,1,1,0,0,0,1
158,220,2,1,1,1,1,1,0,0,0,1
158,28,2,1,1,1,0,1,0,1,0,1
158,412,2,1,1,1,1,1,0,0,0,1
158,146,2,1,1,1,0,1,0,1,0,1
158,138,2,1,1,1,0,1,0,1,0,0
158,186,2,1,1,1,0,1,0,1,0,1
158,218,2,1,1,1,0,1,0,1,0,1
158,26,2,1,1,1,0,1,0,1,0,1
158,410,2,1,1,1,0,1,0,1,0,1
158,134,2,1,1,1,1,1,0,0,0,0
158,182,2,1,1,1,1,1,0,0,0,1
158,214,2,1,1,1,1,1,0,0,0,1
158,22,2,1,1,1,0,1,0,1,0,1
158,406,2,1,1,1,1,1,0,0,0,1
158,174,2,1,1,1,1,1,0,0,0,0
158,206,2,1,1,1,1,1,0,0,0,0
158,14,2,1,0,1,0,0,0,0,1,0
158,398,2,1,1,1,1,1,0,0,0,0
158,254,2,1,1,1,1,1,0,0,0,1
158,62,2,1,1,1,0,1,0,1,0,1
158,446,2,1,1,1,1,1,0,0,0,1
158,94,2,1,1,1,0,1,0,1,0,1
158,478,2,1,1,1,1,1,0,0,0,1
158,286,2,1,1,1,0,1,0,1,0,1
159,159,0,1,1,1,1,1,0,0,0,1
159,158,1,1,1,1,1,1,0,0,0,1
159,157,1,1,1,1,1,1,0,0,0,1
159,155,1,1,1,1,0,1,0,1,0,1
159,151,1,1,1,1,1,1,0,0,0,1
159,143,1,1,1,1,1,1,0,0,0,0
159,191,1,1,1,1,1,1,0,0,0,1
159,223,1,1,1,1,1,1,0,0,0,1
159,31,1,1,1,1,0,1,0,1,0,1
159,415,1,1,1,1,1,1,0,0,0,1
159,156,2,1,1,1,1,1,0,0,0,1
159,154,2,1,1,1,0,1,0,1,0,1
159,150,2,1,1,1,1,1,0,0,0,1
159,142,2,1,1,1,1,1,0,0,0,0
159,190,2,1,1,1,1,1,0,0,0,1
159,222,2,1,1,1,1,1,0,0,0,1
159,30,2,1,1,1,0,1,0,1,0,1
159,414,2,1,1,1,1,1,0,0,0,1
159,153,2,1,1,1,0,1,0,1,0,1
159,149,2,1,1,1,1,1,0,0,0,1
159,141,2,1,1,1,1,1,0,0,0,0
159,189,2,1,1,1,1,1,0,0,0,1
159,221,2,1,1,1,1,1,0,0,0,1
159,29,2,1,1,1,0,1,0,1,0,1
159,413,2,1,1,1,1,1,0,0,0,1
159,147,2,1,1,1,0,1,0,1,0,1
159,139,2,1,1,1,0,1,0,1,0,0
159,187,2,1,1,1,0,1,0,1,0,1
159,219,2,1,1,1,0,1,0,1,0,1
159,27,2,1,1,1,0,1,0,1,0,1
159,411,2,1,1,1,0,1,0,1,0,1
159,135,2,1,1,1,1,1,0,0,0,0
159,183,2,1,1,1,1,1,0,0,0,1
159,215,2,1,1,1,1,1,0,0,0,1
159,23,2,1,1,1,0,1,0,1,0,1
159,407,2,1,1,1,1,1,0,0,0,1
159,175,2,1,1,1,1,1,0,0,0,0
159,207,2,1,1,1,1,1,0,0,0,0
159,15,2,1,0,1,0,0,0,0,1,0
159,399,2,1,1,1,1,1,0,0,0,0
159,255,2,1,1,1,1,1,0,0,0,1
159,63,2,1,1,1,0,1,0,1,0,1
159,447,2,1,1,1,1,1,0,0,0,1
159,95,2,1,1,1,0,1,0,1,0,1
159,479,2,1,1,1,1,1,0,0,0,1
159,287,2,1,1,1,0,1,0,1,0,1
160,160,0,0,0,0,0,0,0,0,0,0
160,161,1,0,1,0,0,0,0,0,0,0
160,162,1,0,1,0,0,0,0,0,0,0
160,164,1,0,0,0,0,0,0,0,0,0
160,168,1,0,1,0,0,0,0,0,0,0
160,176,1,0,1,0,0,0,0,0,0,0
160,128,1,0,0,0,0,0,0,0,0,0
160,224,1,0,0,0,0,0,0,0,0,0
160,32,1,0,0,0,0,0,0,0,0,0
160,416,1,0,0,0,0,0,0,0,0,0
160,163,2,0,1,0,0,0,0,0,0,0
160,165,2,0,1,0,0,0,0,0,0,0
160,169,2,0,1,0,0,0,0,0,0,0
160,177,2,0,1,0,0,0,0,0,0,0
160,129,2,0,0,0,0,0,0,0,0,0
160,225,2,0,1,0,0,0,0,0,0,0
160,33,2,0,0,0,0,0,0,0,0,0
160,417,2,0,1,0,0,0,0,0,0,0
160,166,2,0,1,0,0,0,0,0,0,0
160,170,2,0,1,0,0,0,0,0,0,0
160,178,2,0,1,0,0,0,0,0,0,0
160,130,2,0,1,0,0,0,0,0,0,0
160,226,2,0,1,0,0,0,0,0,0,0
160,34,2,0,0,0,0,0,0,0,0,0
160,418,2,0,1,0,0,0,0,0,0,0
160,172,2,0,1,0,0,0,0,0,0,0
160,180,2,0,1,0,0,0,0,0,0,0
160,132,2,0,0,0,0,0,0,0,0,0
160,228,2,0,0,0,0,0,0,0,0,0
160,36,2,0,0,0,0,0,0,0,0,0
160,420,2,0,0,0,0,0,0,0,0,0
160,184,2,0,1,0,0,0,0,0,0,0
160,136,2,0,0,0,0,0,0,0,0,0
160,232,2,0,1,0,0,0,0,0,0,0
160,40,2,0,1,0,0,0,0,0,0,0
160,424,2,0,1,0,0,0,0,0,0,0
160,144,2,0,1,0,0,0,0,0,0,0
160,240,2,0,1,0,0,0,0,0,0,0
160,48,2,0,1,0,0,0,0,0,0,0
160,432,2,0,1,0,0,0,0,0,0,0
160,192,2,0,0,0,0,0,0,0,0,0
160,0,2,0,0,0,0,0,0,0,0,0
160,384,2,0,0,0,0,0,0,0,0,0
160,96,2,0,0,0,0,0,0,0,0,0
160,480,2,0,0,0,0,0,0,0,0,0
160,288,2,0,0,0,0,0,0,0,0,0
161,161,0,1,1,3,3,3,0,0,0,1
161,160,1,1,0,3,0,0,0,0,1,0
161,163,1,1,1,3,3,3,0,0,0,1
161,165,1,1,1,3,3,3,0,0,0,1
161,169,1,1,1,3,3,3,0,0,0,1
161,177,1,1,1,3,3,3,0,0,0,1
161,129,1,1,0,3,1,1,0,0,1,0
161,225,1,1,1,3,3,3,0,0,0,1
161,33,1,1,0,3,1,1,0,0,1,0
161,417,1,1,1,3,3,3,0,0,0,1
161,162,2,1,1,3,0,3,0,3,0,0
161,164,2,1,0,3,0,0,0,0,1,0
161,168,2,1,1,3,0,3,0,3,0,0
161,176,2,1,1,3,0,3,0,3,0,0
161,128,2,1,0,3,0,0,0,0,1,0
161,224,2,1,0,3,0,0,0,0,1,0
161,32,2,1,0,3,0,0,0,0,1,0
161,416,2,1,0,3,0,0,0,0,1,0
161,167,2,1,1,3,3,3,0,0,0,1
161,171,2,1,1,3,3,3,0,0,0,1
161,179,2,1,1,3,3,3,0,0,0,1
161,131,2,1,1,3,1,3,0,2,0,0
161,227,2,1,1,3,3,3,0,0,0,1
161,35,2,1,0,3,1,1,0,0,1,0
161,419,2,1,1,3,3,3,0,0,0,1
161,173,2,1,1,3,3,3,0,0,0,1
161,181,2,1,1,3,3,3,0,0,0,1
161,133,2,1,1,3,1,3,0,2,0,0
161,229,2,1,1,3,3,3,0,0,0,1
161,37,2,1,0,3,1,1,0,0,1,0
161,421,2,1,1,3,3,3,0,0,0,1
161,185,2,1,1,3,3,3,0,0,0,1
161,137,2,1,0,3,1,1,0,0,1,0
161,233,2,1,1,3,3,3,0,0,0,1
161,41,2,1,1,3,1,3,0,2,0,0
161,425,2,1,1,3,3,3,0,0,0,1
161,145,2,1,1,3,1,3,0,2,0,0
161,241,2,1,1,3,3,3,0,0,0,1
161,49,2,1,1,3,1,3,0,2,0,0
161,433,2,1,1,3,3,3,0,0,0,1
161,193,2,1,0,3,1,1,0,0,1,0
161,1,2,1,0,3,0,0,0,0,1,0
161,385,2,1,0,3,1,1,0,0,1,0
161,97,2,1,1,3,1,3,0,2,0,0
161,481,2,1,1,3,3,3,0,0,0,1
161,289,2,1,0,3,1,1,0,0,1,0
162,162,0,1,1,1,1,1,0,0,0,1
162,163,1,1,1,1,1,1,0,0,0,1
162,160,1,1,0,1,0,0,0,0,1,0
162,166,1,1,1,1,1,1,0,0,0,1
162,170,1,1,1,1,1,1,0,0,0,1
162,178,1,1,1,1,1,1,0,0,0,1
162,130,1,1,1,1,1,1,0,0,0,1
162,226,1,1,1,1,1,1,0,0,0,1
162,34,1,1,0,1,0,0,0,0,1,0
162,418,1,1,1,1,1,1,0,0,0,1
162,161,2,1,1,1,0,1,0,1,0,0
162,167,2,1,1,1,1,1,0,0,0,1
162,171,2,1,1,1,1,1,0,0,0,1
162,179,2,1,1,1,1,1,0,0,0,1
162,131,2,1,1,1,1,1,0,0,0,1
162,227,2,1,1,1,1,1,0,0,0,1
162,35,2,1,0,1,0,0,0,0,1,0
162,419,2,1,1,1,1,1,0,0,0,1
162,164,2,1,0,1,0,0,0,0,1,0
162,168,2,1,1,1,0,1,0,1,0,0
162,176,2,1,1,1,0,1,0,1,0,0
162,128,2,1,0,1,0,0,0,0,1,0
162,224,2,1,0,1,0,0,0,0,1,0
162,32,2,1,0,1,0,0,0,0,1,0
162,416,2,1,0,1,0,0,0,0,1,0
162,174,2,1,1,1,1,1,0,0,0,1
162,182,2,1,1,1,1,1,0,0,0,1
162,134,2,1,1,1,1,1,0,0,0,1
162,230,2,1,1,1,1,1,0,0,0,1
162,38,2,1,0,1,0,0,0,0,1,0
162,422,2,1,1,1,1,1,0,0,0,1
162,186,2,1,1,1,1,1,0,0,0,1
162,138,2,1,1,1,1,1,0,0,0,1
162,234,2,1,1,1,1,1,0,0,0,1
162,42,2,1,1,1,0,1,0,1,0,0
162,426,2,1,1,1,1,1,0,0,0,1
162,146,2,1,1,1,1,1,0,0,0,1
162,242,2,1,1,1,1,1,0,0,0,1
162,50,2,1,1,1,0,1,0,1,0,0
162,434,2,1,1,1,1,1,0,0,0,1
162,194,2,1,1,1,1,1,0,0,0,1
162,2,2,1,0,1,0,0,0,0,1,0
162,386,2,1,1,1,1,1,0,0,0,1
162,98,2,1,1,1,0,1,0,1,0,0
162,482,2,1,1,1,1,1,0,0,0,1
162,290,2,1,0,1,0,0,0,0,1,0
163,163,0,1,1,2,2,2,0,0,0,1
163,162,1,1,1,2,1,2,0,1,0,1
163,161,1,1,1,2,1,2,0,1,0,0
163,167,1,1,1,2,2,2,0,0,0,1
163,171,1,1,1,2,2,2,0,0,0,1
163,179,1,1,1,2,2,2,0,0,0,1
163,131,1,1,1,2,2,2,0,0,0,1
163,227,1,1,1,2,2,2,0,0,0,1
163,35,1,1,0,2,0,0,0,0,1,0
163,419,1,1,1,2,2,2,0,0,0,1
163,160,2,1,0,2,0,0,0,0,1,0
163,166,2,1,1,2,1,2,0,1,0,1
163,170,2,1,1,2,1,2,0,1,0,1
163,178,2,1,1,2,1,2,0,1,0,1
163,130,2,1,1,2,1,2,0,1,0,1
163,226,2,1,1,2,1,2,0,1,0,1
163,34,2,1,0,2,0,0,0,0,1,0
163,418,2,1,1,2,1,2,0,1,0,1
163,165,2,1,1,2,1,2,0,1,0,0
163,169,2,1,1,2,1,2,0,1,0,0
163,177,2,1,1,2,1,2,0,1,0,0
163,129,2,1,0,2,1,1,0,0,1,0
163,225,2,1,1,2,1,2,0,1,0,0
163,33,2,1,0,2,0,0,0,0,1,0
163,417,2,1,1,2,1,2,0,1,0,0
163,175,2,1,1,2,2,2,0,0,0,1
163,183,2,1,1,2,2,2,0,0,0,1
163,135,2,1,1,2,2,2,0,0,0,1
163,231,2,1,1,2,2,2,0,0,0,1
163,39,2,1,0,2,0,0,0,0,1,0
163,423,2,1,1,2,2,2,0,0,0,1
163,187,2,1,1,2,2,2,0,0,0,1
163,139,2,1,1,2,2,2,0,0,0,1
163,235,2,1,1,2,2,2,0,0,0,1
163,43,2,1,1,2,0,2,0,2,0,0
163,427,2,1,1,2,2,2,0,0,0,1
163,147,2,1,1,2,2,2,0,0,0,1
163,243,2,1,1,2,2,2,0,0,0,1
163,51,2,1,1,2,0,2,0,2,0,0
163,435,2,1,1,2,2,2,0,0,0,1
163,195,2,1,1,2,2,2,0,0,0,1
163,3,2,1,0,2,0,0,0,0,1,0
163,387,2,1,1,2,2,2,0,0,0,1
163,99,2,1,1,2,0,2,0,2,0,0
163,483,2,1,1,2,2,2,0,0,0,1
163,291,2,1,0,2,0,0,0,0,1,0
164,164,0,0,0,0,0,0,0,0,0,0
164,165,1,0,1,0,0,0,0,0,0,0
164,166,1,0,1,0,0,0,0,0,0,0
164,160,1,0,0,0,0,0,0,0,0,0
164,172,1,0,1,0,0,0,0,0,0,0
164,180,1,0,1,0,0,0,0,0,0,0
164,132,1,0,0,0,0,0,0,0,0,0
164,228,1,0,0,0,0,0,0,0,0,0
164,36,1,0,0,0,0,0,0,0,0,0
164,420,1,0,0,0,0,0,0,0,0,0
164,167,2,0,1,0,0,0,0,0,0,0
164,161,2,0,1,0,0,0,0,0,0,0
164,173,2,0,1,0,0,0,0,0,0,0
164,181,2,0,1,0,0,0,0,0,0,0
164,133,2,0,1,0,0,0,0,0,0,0
164,229,2,0,1,0,0,0,0,0,0,0
164,37,2,0,0,0,0,0,0,0,0,0
164,421,2,0,1,0,0,0,0,0,0,0
164,162,2,0,1,0,0,0,0,0,0,0
164,174,2,0,1,0,0,0,0,0,0,0
164,182,2,0,1,0,0,0,0,0,0,0
164,134,2,0,1,0,0,0,0,0,0,0
164,230,2,0,1,0,0,0,0,0,0,0
164,38,2,0,0,0,0,0,0,0,0,0
164,422,2,0,1,0,0,0,0,0,0,0
164,168,2,0,1,0,0,0,0,0,0,0
164,176,2,0,1,0,0,0,0,0,0,0
164,128,2,0,0,0,0,0,0,0,0,0
164,224,2,0,0,0,0,0,0,0,0,0
164,32,2,0,0,0,0,0,0,0,0,0
164,416,2,0,0,0,0,0,0,0,0,0
164,188,2,0,1,0,0,0,0,0,0,0
164,140,2,0,1,0,0,0,0,0,0,0
164,236,2,0,1,0,0,0,0,0,0,0
164,44,2,0,1,0,0,0,0,0,0,0
164,428,2,0,1,0,0,0,0,0,0,0
164,148,2,0,1,0,0,0,0,0,0,0
164,244,2,0,1,0,0,0,0,0,0,0
164,52,2,0,1,0,0,0,0,0,0,0
164,436,2,0,1,0,0,0,0,0,0,0
164,196,2,0,0,0,0,0,0,0,0,0
164,4,2,0,0,0,0,0,0,0,0,0
164,388,2,0,0,0,0,0,0,0,0,0
164,100,2,0,0,0,0,0,0,0,0,0
164,484,2,0,0,0,0,0,0,0,0,0
164,292,2,0,0,0,0,0,0,0,0,0
165,165,0,1,1,3,3,3,0,0,0,1
165,164,1,1,0,3,0,0,0,0,1,0
165,167,1,1,1,3,3,3,0,0,0,1
165,161,1,1,1,3,1,3,0,2,0,0
165,173,1,1,1,3,3,3,0,0,0,1
165,181,1,1,1,3,3,3,0,0,0,1
165,133,1,1,1,3,3,3,0,0,0,1
165,229,1,1,1,3,3,3,0,0,0,1
165,37,1,1,0,3,1,1,0,0,1,0
165,421,1,1,1,3,3,3,0,0,0,1
165,166,2,1,1,3,0,3,0,3,0,0
165,160,2,1,0,3,0,0,0,0,1,0
165,172,2,1,1,3,0,3,0,3,0,0
165,180,2,1,1,3,0,3,0,3,0,0
165,132,2,1,0,3,0,0,0,0,1,0
165,228,2,1,0,3,0,0,0,0,1,0
165,36,2,1,0,3,0,0,0,0,1,0
165,420,2,1,0,3,0,0,0,0,1,0
165,163,2,1,1,3,1,3,0,2,0,0
165,175,2,1,1,3,3,3,0,0,0,1
165,183,2,1,1,3,3,3,0,0,0,1
165,135,2,1,1,3,3,3,0,0,0,1
165,231,2,1,1,3,3,3,0,0,0,1
165,39,2,1,0,3,1,1,0,0,1,0
165,423,2,1,1,3,3,3,0,0,0,1
165,169,2,1,1,3,1,3,0,2,0,0
165,177,2,1,1,3,1,3,0,2,0,0
165,129,2,1,0,3,1,1,0,0,1,0
165,225,2,1,1,3,1,3,0,2,0,0
165,33,2,1,0,3,0,1,0,1,1,0
165,417,2,1,1,3,1,3,0,2,0,0
165,189,2,1,1,3,3,3,0,0,0,1
165,141,2,1,1,3,3,3,0,0,0,1
165,237,2,1,1,3,3,3,0,0,0,1
165,45,2,1,1,3,1,3,0,2,0,0
165,429,2,1,1,3,3,3,0,0,0,1
165,149,2,1,1,3,3,3,0,0,0,1
165,245,2,1,1,3,3,3,0,0,0,1
165,53,2,1,1,3,1,3,0,2,0,0
165,437,2,1,1,3,3,3,0,0,0,1
165,197,2,1,1,3,3,3,0,0,0,1
165,5,2,1,0,3,1,1,0,0,1,0
165,389,2,1,1,3,3,3,0,0,0,1
165,101,2,1,1,3,1,3,0,2,0,0
165,485,2,1,1,3,3,3,0,0,0,1
165,293,2,1,0,3,1,1,0,0,1,0
166,166,0,1,1,1,1,1,0,0,0,1
166,167,1,1,1,1,1,1,0,0,0,1
166,164,1,1,0,1,0,0,0,0,1,0
166,162,1,1,1,1,1,1,0,0,0,1
166,174,1,1,1,1,1,1,0,0,0,1
166,182,1,1,1,1,1,1,0,0,0,1
166,134,1,1,1,1,1,1,0,0,0,1
166,230,1,1,1,1,1,1,0,0,0,1
166,38,1,1,0,1,0,0,0,0,1,0
166,422,1,1,1,1,1,1,0,0,0,1
166,165,2,1,1,1,0,1,0,1,0,0
166,163,2,1,1,1,1,1,0,0,0,1
166,175,2,1,1,1,1,1,0,0,0,1
166,183,2,1,1,1,1,1,0,0,0,1
166,135,2,1,1,1,1,1,0,0,0,1
166,231,2,1,1,1,1,1,0,0,0,1
166,39,2,1,0,1,0,0,0,0,1,0
166,423,2,1,1,1,1,1,0,0,0,1
166,160,2,1,0,1,0,0,0,0,1,0
166,172,2,1,1,1,0,1,0,1,0,0
166,180,2,1,1,1,0,1,0,1,0,0
166,132,2,1,0,1,0,0,0,0,1,0
166,228,2,1,0,1,0,0,0,0,1,0
166,36,2,1,0,1,0,0,0,0,1,0
166,420,2,1,0,1,0,0,0,0,1,0
166,170,2,1,1,1,1,1,0,0,0,1
166,178,2,1,1,1,1,1,0,0,0,1
166,130,2,1,1,1,1,1,0,0,0,1
166,226,2,1,1,1,1,1,0,0,0,1
166,34,2,1,0,1,0,0,0,0,1,0
166,418,2,1,1,1,1,1,0,0,0,1
166,190,2,1,1,1,1,1,0,0,0,1
166,142,2,1,1,1,1,1,0,0,0,1
166,238,2,1,1,1,1,1,0,0,0,1
166,46,2,1,1,1,0,1,0,1,0,0
166,430,2,1,1,1,1,1,0,0,0,1
166,150,2,1,1,1,1,1,0,0,0,1
166,246,2,1,1,1,1,1,0,0,0,1
166,54,2,1,1,1,0,1,0,1,0,0
166,438,2,1,1,1,1,1,0,0,0,1
166,198,2,1,1,1,1,1,0,0,0,1
166,6,2,1,0,1,0,0,0,0,1,0
166,390,2,1,1,1,1,1,0,0,0,1
166,102,2,1,1,1,0,1,0,1,0,0
166,486,2,1,1,1,1,1,0,0,0,1
166,294,2,1,0,1,0,0,0,0,1,0
167,167,0,1,1,2,2,2,0,0,0,1
167,166,1,1,1,2,1,2,0,1,0,1
167,165,1,1,1,2,1,2,0,1,0,0
167,163,1,1,1,2,2,2,0,0,0,1
167,175,1,1,1,2,2,2,0,0,0,1
167,183,1,1,1,2,2,2,0,0,0,1
167,135,1,1,1,2,2,2,0,0,0,1
167,231,1,1,1,2,2,2,0,0,0,1
167,39,1,1,0,2,0,0,0,0,1,0
167,423,1,1,1,2,2,2,0,0,0,1
167,164,2,1,0,2,0,0,0,0,1,0
167,162,2,1,1,2,1,2,0,1,0,1
167,174,2,1,1,2,1,2,0,1,0,1
167,182,2,1,1,2,1,2,0,1,0,1
167,134,2,1,1,2,1,2,0,1,0,1
167,230,2,1,1,2,1,2,0,1,0,1
167,38,2,1,0,2,0,0,0,0,1,0
167,422,2,1,1,2,1,2,0,1,0,1
167,161,2,1,1,2,1,2,0,1,0,0
167,173,2,1,1,2,1,2,0,1,0,0
167,181,2,1,1,2,1,2,0,1,0,0
167,133,2,1,1,2,1,2,0,1,0,0
167,229,2,1,1,2,1,2,0,1,0,0
167,37,2,1,0,2,0,0,0,0,1,0
167,421,2,1,1,2,1,2,0,1,0,0
167,171,2,1,1,2,2,2,0,0,0,1
167,179,2,1,1,2,2,2,0,0,0,1
167,131,2,1,1,2,2,2,0,0,0,1
167,227,2,1,1,2,2,2,0,0,0,1
167,35,2,1,0,2,0,0,0,0,1,0
167,419,2,1,1,2,2,2,0,0,0,1
167,191,2,1,1,2,2,2,0,0,0,1
167,143,2,1,1,2,2,2,0,0,0,1
167,239,2,1,1,2,2,2,0,0,0,1
167,47,2,1,1,2,0,2,0,2,0,0
167,431,2,1,1,2,2,2,0,0,0,1
167,151,2,1,1,2,2,2,0,0,0,1
167,247,2,1,1,2,2,2,0,0,0,1
167,55,2,1,1,2,0,2,0,2,0,0
167,439,2,1,1,2,2,2,0,0,0,1
167,199,2,1,1,2,2,2,0,0,0,1
167,7,2,1,0,2,0,0,0,0,1,0
167,391,2,1,1,2,2,2,0,0,0,1
167,103,2,1,1,2,0,2,0,2,0,0
167,487,2,1,1,2,2,2,0,0,0,1
167,295,2,1,0,2,0,0,0,0,1,0
168,168,0,1,1,1,1,1,0,0,0,1
168,169,1,1,1,1,1,1,0,0,0,1
168,170,1,1,1,1,1,1,0,0,0,1
168,172,1,1,1,1,1,1,0,0,0,1
168,160,1,1,0,1,0,0,0,0,1,0
168,184,1,1,1,1,1,1,0,0,0,1
168,136,1,1,0,1,0,0,0,0,1,0
168,232,1,1,1,1,1,1,0,0,0,1
168,40,1,1,1,1,1,1,0,0,0,1
168,424,1,1,1,1,1,1,0,0,0,1
168,171,2,1,1,1,1,1,0,0,0,1
168,173,2,1,1,1,1,1,0,0,0,1
168,161,2,1,1,1,0,1,0,1,0,0
168,185,2,1,1,1,1,1,0,0,0,1
168,137,2,1,0,1,0,0,0,0,1,0
168,233,2,1,1,1,1,1,0,0,0,1
168,41,2,1,1,1,1,1,0,0,0,1
168,425,2,1,1,1,1,1,0,0,0,1
168,174,2,1,1,1,1,1,0,0,0,1
168,162,2,1,1,1,0,1,0,1,0,0
168,186,2,1,1,1,1,1,0,0,0,1
168,138,2,1,1,1,0,1,0,1,0,0
168,234,2,1,1,1,1,1,0,0,0,1
168,42,2,1,1,1,1,1,0,0,0,1
168,426,2,1,1,1,1,1,0,0,0,1
168,164,2,1,0,1,0,0,0,0,1,0
168,188,2,1,1,1,1,1,0,0,0,1
168,140,2,1,1,1,0,1,0,1,0,0
168,236,2,1,1,1,1,1,0,0,0,1
168,44,2,1,1,1,1,1,0,0,0,1
168,428,2,1,1,1,1,1,0,0,0,1
168,176,2,1,1,1,0,1,0,1,0,0
168,128,2,1,0,1,0,0,0,0,1,0
168,224,2,1,0,1,0,0,0,0,1,0
168,32,2,1,0,1,0,0,0,0,1,0
168,416,2,1,0,1,0,0,0,0,1,0
168,152,2,1,1,1,0,1,0,1,0,0
168,248,2,1,1,1,1,1,0,0,0,1
168,56,2,1,1,1,1,1,0,0,0,1
168,440,2,1,1,1,1,1,0,0,0,1
168,200,2,1,0,1,0,0,0,0,1,0
168,8,2,1,0,1,0,0,0,0,1,0
168,392,2,1,0,1,0,0,0,0,1,0
168,104,2,1,1,1,1,1,0,0,0,1
168,488,2,1,1,1,1,1,0,0,0,1
168,296,2,1,1,1,1,1,0,0,0,1
169,169,0,1,1,2,2,2,0,0,0,1
169,168,1,1,1,2,1,2,0,1,0,0
169,171,1,1,1,2,2,2,0,0,0,1
169,173,1,1,1,2,2,2,0,0,0,1
169,161,1,1,1,2,1,2,0,1,0,1
169,185,1,1,1,2,2,2,0,0,0,1
169,137,1,1,0,2,0,0,0,0,1,0
169,233,1,1,1,2,2,2,0,0,0,1
169,41,1,1,1,2,2,2,0,0,0,0
169,425,1,1,1,2,2,2,0,0,0,1
169,170,2,1,1,2,1,2,0,1,0,0
169,172,2,1,1,2,1,2,0,1,0,0
169,160,2,1,0,2,0,0,0,0,1,0
169,184,2,1,1,2,1,2,0,1,0,0
169,136,2,1,0,2,0,0,0,0,1,0
169,232,2,1,1,2,1,2,0,1,0,0
169,40,2,1,1,2,1,2,0,1,0,0
169,424,2,1,1,2,1,2,0,1,0,0
169,175,2,1,1,2,2,2,0,0,0,1
169,163,2,1,1,2,1,2,0,1,0,1
169,187,2,1,1,2,2,2,0,0,0,1
169,139,2,1,1,2,0,2,0,2,0,0
169,235,2,1,1,2,2,2,0,0,0,1
169,43,2,1,1,2,2,2,0,0,0,0
169,427,2,1,1,2,2,2,0,0,0,1
169,165,2,1,1,2,1,2,0,1,0,1
169,189,2,1,1,2,2,2,0,0,0,1
169,141,2,1,1,2,0,2,0,2,0,0
169,237,2,1,1,2,2,2,0,0,0,1
169,45,2,1,1,2,2,2,0,0,0,0
169,429,2,1,1,2,2,2,0,0,0,1
169,177,2,1,1,2,1,2,0,1,0,1
169,129,2,1,0,2,0,0,0,0,1,0
169,225,2,1,1,2,1,2,0,1,0,1
169,33,2,1,0,2,1,1,0,0,1,0
169,417,2,1,1,2,1,2,0,1,0,1
169,153,2,1,1,2,0,2,0,2,0,0
169,249,2,1,1,2,2,2,0,0,0,1
169,57,2,1,1,2,2,2,0,0,0,0
169,441,2,1,1,2,2,2,0,0,0,1
169,201,2,1,0,2,0,0,0,0,1,0
169,9,2,1,0,2,0,0,0,0,1,0
169,393,2,1,0,2,0,0,0,0,1,0
169,105,2,1,1,2,2,2,0,0,0,0
169,489,2,1,1,2,2,2,0,0,0,1
169,297,2,1,1,2,2,2,0,0,0,0
170,170,0,1,1,1,1,1,0,0,0,1
170,171,1,1,1,1,1,1,0,0,0,1
170,168,1,1,1,1,1,1,0,0,0,0
170,174,1,1,1,1,1,1,0,0,0,1
170,162,1,1,1,1,0,1,0,1,0,1
170,186,1,1,1,1,1,1,0,0,0,1
170,138,1,1,1,1,0,1,0,1,0,1
170,234,1,1,1,1,1,1,0,0,0,1
170,42,1,1,1,1,1,1,0,0,0,0
170,426,1,1,1,1,1,1,0,0,0,1
170,169,2,1,1,1,1,1,0,0,0,0
170,175,2,1,1,1,1,1,0,0,0,1
170,163,2,1,1,1,0,1,0,1,0,1
170,187,2,1,1,1,1,1,0,0,0,1
170,139,2,1,1,1,0,1,0,1,0,1
170,235,2,1,1,1,1,1,0,0,0,1
170,43,2,1,1,1,1,1,0,0,0,0
170,427,2,1,1,1,1,1,0,0,0,1
170,172,2,1,1,1,1,1,0,0,0,0
170,160,2,1,0,1,0,0,0,0,1,0
170,184,2,1,1,1,1,1,0,0,0,0
170,136,2,1,0,1,0,0,0,0,1,0
170,232,2,1,1,1,1,1,0,0,0,0
170,40,2,1,1,1,1,1,0,0,0,0
170,424,2,1,1,1,1,1,0,0,0,0
170,166,2,1,1,1,0,1,0,1,0,1
170,190,2,1,1,1,1,1,0,0,0,1
170,142,2,1,1,1,0,1,0,1,0,1
170,238,2,1,1,1,1,1,0,0,0,1
170,46,2,1,1,1,1,1,0,0,0,0
170,430,2,1,1,1,1,1,0,0,0,1
170,178,2,1,1,1,0,1,0,1,0,1
170,130,2,1,1,1,0,1,0,1,0,1
170,226,2,1,1,1,0,1,0,1,0,1
170,34,2,1,0,1,0,0,0,0,1,0
170,418,2,1,1,1,0,1,0,1,0,1
170,154,2,1,1,1,0,1,0,1,0,1
170,250,2,1,1,1,1,1,0,0,0,1
170,58,2,1,1,1,1,1,0,0,0,0
170,442,2,1,1,1,1,1,0,0,0,1
170,202,2,1,1,1,0,1,0,1,0,1
170,10,2,1,0,1,0,0,0,0,1,0
170,394,2,1,1,1,0,1,0,1,0,1
170,106,2,1,1,1,1,1,0,0,0,0
170,490,2,1,1,1,1,1,0,0,0,1
170,298,2,1,1,1,1,1,0,0,0,0
171,171,0,1,1,1,1,1,0,0,0,1
171,170,1,1,1,1,1,1,0,0,0,1
171,169,1,1,1,1,1,1,0,0,0,0
171,175,1,1,1,1,1,1,0,0,0,1
171,163,1,1,1,1,0,1,0,1,0,1
171,187,1,1,1,1,1,1,0,0,0,1
171,139,1,1,1,1,0,1,0,1,0,1
171,235,1,1,1,1,1,1,0,0,0,1
171,43,1,1,1,1,1,1,0,0,0,0
171,427,1,1,1,1,1,1,0,0,0,1
171,168,2,1,1,1,1,1,0,0,0,0
171,174,2,1,1,1,1,1,0,0,0,1
171,162,2,1,1,1,0,1,0,1,0,1
171,186,2,1,1,1,1,1,0,0,0,1
171,138,2,1,1,1,0,1,0,1,0,1
171,234,2,1,1,1,1,1,0,0,0,1
171,42,2,1,1,1,1,1,0,0,0,0
171,426,2,1,1,1,1,1,0,0,0,1
171,173,2,1,1,1,1,1,0,0,0,0
171,161,2,1,1,1,0,1,0,1,0,0
171,185,2,1,1,1,1,1,0,0,0,0
171,137,2,1,0,1,0,0,0,0,1,0
171,233,2,1,1,1,1,1,0,0,0,0
171,41,2,1,1,1,1,1,0,0,0,0
171,425,2,1,1,1,1,1,0,0,0,0
171,167,2,1,1,1,0,1,0,1,0,1
171,191,2,1,1,1,1,1,0,0,0,1
171,143,2,1,1,1,0,1,0,1,0,1
171,239,2,1,1,1,1,1,0,0,0,1
171,47,2,1,1,1,1,1,0,0,0,0
171,431,2,1,1,1,1,1,0,0,0,1
171,179,2,1,1,1,0,1,0,1,0,1
171,131,2,1,1,1,0,1,0,1,0,1
171,227,2,1,1,1,0,1,0,1,0,1
171,35,2,1,0,1,0,0,0,0,1,0
171,419,2,1,1,1,0,1,0,1,0,1
171,155,2,1,1,1,0,1,0,1,0,1
171,251,2,1,1,1,1,1,0,0,0,1
171,59,2,1,1,1,1,1,0,0,0,0
171,443,2,1,1,1,1,1,0,0,0,1
171,203,2,1,1,1,0,1,0,1,0,1
171,11,2,1,0,1,0,0,0,0,1,0
171,395,2,1,1,1,0,1,0,1,0,1
171,107,2,1,1,1,1,1,0,0,0,0
171,491,2,1,1,1,1,1,0,0,0,1
171,299,2,1,1,1,1,1,0,0,0,0
172,172,0,1,1,2,2,2,0,0,0,1
172,173,1,1,1,2,2,2,0,0,0,1
172,174,1,1,1,2,2,2,0,0,0,1
172,168,1,1,1,2,1,2,0,1,0,0
172,164,1,1,0,2,0,0,0,0,1,0
172,188,1,1,1,2,2,2,0,0,0,1
172,140,1,1,1,2,1,2,0,1,0,1
172,236,1,1,1,2,2,2,0,0,0,1
172,44,1,1,1,2,2,2,0,0,0,0
172,428,1,1,1,2,2,2,0,0,0,1
172,175,2,1,1,2,2,2,0,0,0,1
172,169,2,1,1,2,1,2,0,1,0,0
172,165,2,1,1,2,0,2,0,2,0,0
172,189,2,1,1,2,2,2,0,0,0,1
172,141,2,1,1,2,1,2,0,1,0,1
172,237,2,1,1,2,2,2,0,0,0,1
172,45,2,1,1,2,2,2,0,0,0,0
172,429,2,1,1,2,2,2,0,0,0,1
172,170,2,1,1,2,1,2,0,1,0,0
172,166,2,1,1,2,0,2,0,2,0,0
172,190,2,1,1,2,2,2,0,0,0,1
172,142,2,1,1,2,1,2,0,1,0,1
172,238,2,1,1,2,2,2,0,0,0,1
172,46,2,1,1,2,2,2,0,0,0,0
172,430,2,1,1,2,2,2,0,0,0,1
172,160,2,1,0,2,0,0,0,0,1,0
172,184,2,1,1,2,1,2,0,1,0,0
172,136,2,1,0,2,0,0,0,0,1,0
172,232,2,1,1,2,1,2,0,1,0,0
172,40,2,1,1,2,1,2,0,1,0,0
172,424,2,1,1,2,1,2,0,1,0,0
172,180,2,1,1,2,0,2,0,2,0,0
172,132,2,1,0,2,0,0,0,0,1,0
172,228,2,1,0,2,0,0,0,0,1,0
172,36,2,1,0,2,0,0,0,0,1,0
172,420,2,1,0,2,0,0,0,0,1,0
172,156,2,1,1,2,1,2,0,1,0,1
172,252,2,1,1,2,2,2,0,0,0,1
172,60,2,1,1,2,2,2,0,0,0,0
172,444,2,1,1,2,2,2,0,0,0,1
172,204,2,1,1,2,1,2,0,1,0,1
172,12,2,1,0,2,1,1,0,0,1,0
172,396,2,1,1,2,1,2,0,1,0,1
172,108,2,1,1,2,2,2,0,0,0,0
172,492,2,1,1,2,2,2,0,0,0,1
172,300,2,1,1,2,2,2,0,0,0,0
173,173,0,1,1,2,2,2,0,0,0,1
173,172,1,1,1,2,1,2,0,1,0,0
173,175,1,1,1,2,2,2,0,0,0,1
173,169,1,1,1,2,1,2,0,1,0,0
173,165,1,1,1,2,1,2,0,1,0,1
173,189,1,1,1,2,2,2,0,0,0,1
173,141,1,1,1,2,1,2,0,1,0,1
173,237,1,1,1,2,2,2,0,0,0,1
173,45,1,1,1,2,2,2,0,0,0,0
173,429,1,1,1,2,2,2,0,0,0,1
173,174,2,1,1,2,1,2,0,1,0,0
173,168,2,1,1,2,1,2,0,1,0,0
173,164,2,1,0,2,0,0,0,0,1,0
173,188,2,1,1,2,1,2,0,1,0,0
173,140,2,1,1,2,0,2,0,2,0,0
173,236,2,1,1,2,1,2,0,1,0,0
173,44,2,1,1,2,1,2,0,1,0,0
173,428,2,1,1,2,1,2,0,1,0,0
173,171,2,1,1,2,1,2,0,1,0,0
173,167,2,1,1,2,1,2,0,1,0,1
173,191,2,1,1,2,2,2,0,0,0,1
173,143,2,1,1,2,1,2,0,1,0,1
173,239,2,1,1,2,2,2,0,0,0,1
173,47,2,1,1,2,2,2,0,0,0,0
173,431,2,1,1,2,2,2,0,0,0,1
173,161,2,1,1,2,0,2,0,2,0,0
173,185,2,1,1,2,1,2,0,1,0,0
173,137,2,1,0,2,0,0,0,0,1,0
173,233,2,1,1,2,1,2,0,1,0,0
173,41,2,1,1,2,1,2,0,1,0,0
173,425,2,1,1,2,1,2,0,1,0,0
173,181,2,1,1,2,1,2,0,1,0,1
173,133,2,1,1,2,1,2,0,1,0,1
173,229,2,1,1,2,1,2,0,1,0,1
173,37,2,1,0,2,1,1,0,0,1,0
173,421,2,1,1,2,1,2,0,1,0,1
173,157,2,1,1,2,1,2,0,1,0,1
173,253,2,1,1,2,2,2,0,0,0,1
173,61,2,1,1,2,2,2,0,0,0,0
173,445,2,1,1,2,2,2,0,0,0,1
173,205,2,1,1,2,1,2,0,1,0,1
173,13,2,1,0,2,1,1,0,0,1,0
173,397,2,1,1,2,1,2,0,1,0,1
173,109,2,1,1,2,2,2,0,0,0,0
173,493,2,1,1,2,2,2,0,0,0,1
173,301,2,1,1,2,2,2,0,0,0,0
174,174,0,1,1,1,1,1,0,0,0,1
174,175,1,1,1,1,1,1,0,0,0,1
174,172,1,1,1,1,1,1,0,0,0,0
174,170,1,1,1,1,1,1,0,0,0,1
174,166,1,1,1,1,0,1,0,1,0,1
174,190,1,1,1,1,1,1,0,0,0,1
174,142,1,1,1,1,0,1,0,1,0,1
174,238,1,1,1,1,1,1,0,0,0,1
174,46,1,1,1,1,1,1,0,0,0,0
174,430,1,1,1,1,1,1,0,0,0,1
174,173,2,1,1,1,1,1,0,0,0,0
174,171,2,1,1,1,1,1,0,0,0,1
174,167,2,1,1,1,0,1,0,1,0,1
174,191,2,1,1,1,1,1,0,0,0,1
174,143,2,1,1,1,0,1,0,1,0,1
174,239,2,1,1,1,1,1,0,0,0,1
174,47,2,1,1,1,1,1,0,0,0,0
174,431,2,1,1,1,1,1,0,0,0,1
174,168,2,1,1,1,1,1,0,0,0,0
174,164,2,1,0,1,0,0,0,0,1,0
174,188,2,1,1,1,1,1,0,0,0,0
174,140,2,1,1,1,0,1,0,1,0,0
174,236,2,1,1,1,1,1,0,0,0,0
174,44,2,1,1,1,1,1,0,0,0,0
174,428,2,1,1,1,1,1,0,0,0,0
174,162,2,1,1,1,0,1,0,1,0,1
174,186,2,1,1,1,1,1,0,0,0,1
174,138,2,1,1,1,0,1,0,1,0,1
174,234,2,1,1,1,1,1,0,0,0,1
174,42,2,1,1,1,1,1,0,0,0,0
174,426,2,1,1,1,1,1,0,0,0,1
174,182,2,1,1,1,0,1,0,1,0,1
174,134,2,1,1,1,0,1,0,1,0,1
174,230,2,1,1,1,0,1,0,1,0,1
174,38,2,1,0,1,0,0,0,0,1,0
174,422,2,1,1,1,0,1,0,1,0,1
174,158,2,1,1,1,0,1,0,1,0,1
174,254,2,1,1,1,1,1,0,0,0,1
174,62,2,1,1,1,1,1,0,0,0,0
174,446,2,1,1,1,1,1,0,0,0,1
174,206,2,1,1,1,0,1,0,1,0,1
174,14,2,1,0,1,0,0,0,0,1,0
174,398,2,1,1,1,0,1,0,1,0,1
174,110,2,1,1,1,1,1,0,0,0,0
174,494,2,1,1,1,1,1,0,0,0,1
174,302,2,1,1,1,1,1,0,0,0,0
175,175,0,1,1,1,1,1,0,0,0,1
175,174,1,1,1,1,1,1,0,0,0,1
175,173,1,1,1,1,1,1,0,0,0,0
175,171,1,1,1,1,1,1,0,0,0,1
175,167,1,1,1,1,0,1,0,1,0,1
175,191,1,1,1,1,1,1,0,0,0,1
175,143,1,1,1,1,0,1,0,1,0,1
175,239,1,1,1,1,1,1,0,0,0,1
175,47,1,1,1,1,1,1,0,0,0,0
175,431,1,1,1,1,1,1,0,0,0,1
175,172,2,1,1,1,1,1,0,0,0,0
175,170,2,1,1,1,1,1,0,0,0,1
175,166,2,1,1,1,0,1,0,1,0,1
175,190,2,1,1,1,1,1,0,0,0,1
175,142,2,1,1,1,0,1,0,1,0,1
175,238,2,1,1,1,1,1,0,0,0,1
175,46,2,1,1,1,1,1,0,0,0,0
175,430,2,1,1,1,1,1,0,0,0,1
175,169,2,1,1,1,1,1,0,0,0,0
175,165,2,1,1,1,0,1,0,1,0,0
175,189,2,1,1,1,1,1,0,0,0,0
175,141,2,1,1,1,0,1,0,1,0,0
175,237,2,1,1,1,1,1,0,0,0,0
175,45,2,1,1,1,1,1,0,0,0,0
175,429,2,1,1,1,1,1,0,0,0,0
175,163,2,1,1,1,0,1,0,1,0,1
175,187,2,1,1,1,1,1,0,0,0,1
175,139,2,1,1,1,0,1,0,1,0,1
175,235,2,1,1,1,1,1,0,0,0,1
175,43,2,1,1,1,1,1,0,0,0,0
175,427,2,1,1,1,1,1,0,0,0,1
175,183,2,1,1,1,0,1,0,1,0,1
175,135,2,1,1,1,0,1,0,1,0,1
175,231,2,1,1,1,0,1,0,1,0,1
175,39,2,1,0,1,0,0,0,0,1,0
175,423,2,1,1,1,0,1,0,1,0,1
175,159,2,1,1,1,0,1,0,1,0,1
175,255,2,1,1,1,1,1,0,0,0,1
175,63,2,1,1,1,1,1,0,0,0,0
175,447,2,1,1,1,1,1,0,0,0,1
175,207,2,1,1,1,0,1,0,1,0,1
175,15,2,1,0,1,0,0,0,0,1,0
175,399,2,1,1,1,0,1,0,1,0,1
175,111,2,1,1,1,1,1,0,0,0,0
175,495,2,1,1,1,1,1,0,0,0,1
175,303,2,1,1,1,1,1,0,0,0,0
176,176,0,1,1,0,0,0,0,0,0,1
176,177,1,1,1,0,0,0,0,0,0,1
176,178,1,1,1,0,0,0,0,0,0,1
176,180,1,1,1,0,0,0,0,0,0,1
176,184,1,1,1,0,0,0,0,0,0,1
176,160,1,1,0,0,0,0,0,0,1,0
176,144,1,1,1,0,0,0,0,0,0,1
176,240,1,1,1,0,0,0,0,0,0,1
176,48,1,1,1,0,0,0,0,0,0,1
176,432,1,1,1,0,0,0,0,0,0,1
176,179,2,1,1,0,0,0,0,0,0,1
176,181,2,1,1,0,0,0,0,0,0,1
176,185,2,1,1,0,0,0,0,0,0,1
176,161,2,1,1,0,0,0,0,0,0,0
176,145,2,1,1,0,0,0,0,0,0,1
176,241,2,1,1,0,0,0,0,0,0,1
176,49,2,1,1,0,0,0,0,0,0,1
176,433,2,1,1,0,0,0,0,0,0,1
176,182,2,1,1,0,0,0,0,0,0,1
176,186,2,1,1,0,0,0,0,0,0,1
176,162,2,1,1,0,0,0,0,0,0,0
176,146,2,1,1,0,0,0,0,0,0,1
176,242,2,1,1,0,0,0,0,0,0,1
176,50,2,1,1,0,0,0,0,0,0,1
176,434,2,1,1,0,0,0,0,0,0,1
176,188,2,1,1,0,0,0,0,0,0,1
176,164,2,1,0,0,0,0,0,0,1,0
176,148,2,1,1,0,0,0,0,0,0,1
176,244,2,1,1,0,0,0,0,0,0,1
176,52,2,1,1,0,0,0,0,0,0,1
176,436,2,1,1,0,0,0,0,0,0,1
176,168,2,1,1,0,0,0,0,0,0,0
176,152,2,1,1,0,0,0,0,0,0,1
176,248,2,1,1,0,0,0,0,0,0,1
176,56,2,1,1,0,0,0,0,0,0,1
176,440,2,1,1,0,0,0,0,0,0,1
176,128,2,1,0,0,0,0,0,0,1,0
176,224,2,1,0,0,0,0,0,0,1,0
176,32,2,1,0,0,0,0,0,0,1,0
176,416,2,1,0,0,0,0,0,0,1,0
176,208,2,1,1,0,0,0,0,0,0,1
176,16,2,1,1,0,0,0,0,0,0,1
176,400,2,1,1,0,0,0,0,0,0,1
176,112,2,1,1,0,0,0,0,0,0,1
176,496,2,1,1,0,0,0,0,0,0,1
176,304,2,1,1,0,0,0,0,0,0,1
177,177,0,1,1,2,2,2,0,0,0,1
177,176,1,1,1,2,0,2,0,2,0,1
177,179,1,1,1,2,2,2,0,0,0,1
177,181,1,1,1,2,2,2,0,0,0,1
177,185,1,1,1,2,2,2,0,0,0,1
177,161,1,1,1,2,2,2,0,0,0,0
177,145,1,1,1,2,1,2,0,1,0,1
177,241,1,1,1,2,2,2,0,0,0,1
177,49,1,1,1,2,1,2,0,1,0,1
177,433,1,1,1,2,2,2,0,0,0,1
177,178,2,1,1,2,0,2,0,2,0,1
177,180,2,1,1,2,0,2,0,2,0,1
177,184,2,1,1,2,0,2,0,2,0,1
177,160,2,1,0,2,0,0,0,0,1,0
177,144,2,1,1,2,0,2,0,2,0,1
177,240,2,1,1,2,0,2,0,2,0,1
177,48,2,1,1,2,0,2,0,2,0,1
177,432,2,1,1,2,0,2,0,2,0,1
177,183,2,1,1,2,2,2,0,0,0,1
177,187,2,1,1,2,2,2,0,0,0,1
177,163,2,1,1,2,2,2,0,0,0,0
177,147,2,1,1,2,1,2,0,1,0,1
177,243,2,1,1,2,2,2,0,0,0,1
177,51,2,1,1,2,1,2,0,1,0,1
177,435,2,1,1,2,2,2,0,0,0,1
177,189,2,1,1,2,2,2,0,0,0,1
177,165,2,1,1,2,2,2,0,0,0,0
177,149,2,1,1,2,1,2,0,1,0,1
177,245,2,1,1,2,2,2,0,0,0,1
177,53,2,1,1,2,1,2,0,1,0,1
177,437,2,1,1,2,2,2,0,0,0,1
177,169,2,1,1,2,2,2,0,0,0,0
177,153,2,1,1,2,1,2,0,1,0,1
177,249,2,1,1,2,2,2,0,0,0,1
177,57,2,1,1,2,1,2,0,1,0,1
177,441,2,1,1,2,2,2,0,0,0,1
177,129,2,1,0,2,1,1,0,0,1,0
177,225,2,1,1,2,2,2,0,0,0,0
177,33,2,1,0,2,1,1,0,0,1,0
177,417,2,1,1,2,2,2,0,0,0,0
177,209,2,1,1,2,1,2,0,1,0,1
177,17,2,1,1,2,0,2,0,2,0,1
177,401,2,1,1,2,1,2,0,1,0,1
177,113,2,1,1,2,1,2,0,1,0,1
177,497,2,1,1,2,2,2,0,0,0,1
177,305,2,1,1,2,1,2,0,1,0,1
178,178,0,1,1,0,0,0,0,0,0,1
178,179,1,1,1,0,0,0,0,0,0,1
178,176,1,1,1,0,0,0,0,0,0,1
178,182,1,1,1,0,0,0,0,0,0,1
178,186,1,1,1,0,0,0,0,0,0,1
178,162,1,1,1,0,0,0,0,0,0,0
178,146,1,1,1,0,0,0,0,0,0,1
178,242,1,1,1,0,0,0,0,0,0,1
178,50,1,1,1,0,0,0,0,0,0,1
178,434,1,1,1,0,0,0,0,0,0,1
178,177,2,1,1,0,0,0,0,0,0,1
178,183,2,1,1,0,0,0,0,0,0,1
178,187,2,1,1,0,0,0,0,0,0,1
178,163,2,1,1,0,0,0,0,0,0,0
178,147,2,1,1,0,0,0,0,0,0,1
178,243,2,1,1,0,0,0,0,0,0,1
178,51,2,1,1,0,0,0,0,0,0,1
178,435,2,1,1,0,0,0,0,0,0,1
178,180,2,1,1,0,0,0,0,0,0,1
178,184,2,1,1,0,0,0,0,0,0,1
178,160,2,1,0,0,0,0,0,0,1,0
178,144,2,1,1,0,0,0,0,0,0,1
178,240,2,1,1,0,0,0,0,0,0,1
178,48,2,1,1,0,0,0,0,0,0,1
178,432,2,1,1,0,0,0,0,0,0,1
178,190,2,1,1,0,0,0,0,0,0,1
178,166,2,1,1,0,0,0,0,0,0,0
178,150,2,1,1,0,0,0,0,0,0,1
178,246,2,1,1,0,0,0,0,0,0,1
178,54,2,1,1,0,0,0,0,0,0,1
178,438,2,1,1,0,0,0,0,0,0,1
178,170,2,1,1,0,0,0,0,0,0,0
178,154,2,1,1,0,0,0,0,0,0,1
178,250,2,1,1,0,0,0,0,0,0,1
178,58,2,1,1,0,0,0,0,0,0,1
178,442,2,1,1,0,0,0,0,0,0,1
178,130,2,1,1,0,0,0,0,0,0,0
178,226,2,1,1,0,0,0,0,0,0,0
178,34,2,1,0,0,0,0,0,0,1,0
178,418,2,1,1,0,0,0,0,0,0,0
178,210,2,1,1,0,0,0,0,0,0,1
178,18,2,1,1,0,0,0,0,0,0,1
178,402,2,1,1,0,0,0,0,0,0,1
178,114,2,1,1,0,0,0,0,0,0,1
178,498,2,1,1,0,0,0,0,0,0,1
178,306,2,1,1,0,0,0,0,0,0,1
179,179,0,1,1,1,1,1,0,0,0,1
179,178,1,1,1,1,0,1,0,1,0,1
179,177,1,1,1,1,1,1,0,0,0,1
179,183,1,1,1,1,1,1,0,0,0,1
179,187,1,1,1,1,1,1,0,0,0,1
179,163,1,1,1,1,1,1,0,0,0,0
179,147,1,1,1,1,1,1,0,0,0,1
179,243,1,1,1,1,1,1,0,0,0,1
179,51,1,1,1,1,0,1,0,1,0,1
179,435,1,1,1,1,1,1,0,0,0,1
179,176,2,1,1,1,0,1,0,1,0,1
179,182,2,1,1,1,0,1,0,1,0,1
179,186,2,1,1,1,0,1,0,1,0,1
179,162,2,1,1,1,0,1,0,1,0,0
179,146,2,1,1,1,0,1,0,1,0,1
179,242,2,1,1,1,0,1,0,1,0,1
179,50,2,1,1,1,0,1,0,1,0,1
179,434,2,1,1,1,0,1,0,1,0,1
179,181,2,1,1,1,1,1,0,0,0,1
179,185,2,1,1,1,1,1,0,0,0,1
179,161,2,1,1,1,1,1,0,0,0,0
179,145,2,1,1,1,1,1,0,0,0,1
179,241,2,1,1,1,1,1,0,0,0,1
179,49,2,1,1,1,0,1,0,1,0,1
179,433,2,1,1,1,1,1,0,0,0,1
179,191,2,1,1,1,1,1,0,0,0,1
179,167,2,1,1,1,1,1,0,0,0,0
179,151,2,1,1,1,1,1,0,0,0,1
179,247,2,1,1,1,1,1,0,0,0,1
179,55,2,1,1,1,0,1,0,1,0,1
179,439,2,1,1,1,1,1,0,0,0,1
179,171,2,1,1,1,1,1,0,0,0,0
179,155,2,1,1,1,1,1,0,0,0,1
179,251,2,1,1,1,1,1,0,0,0,1
179,59,2,1,1,1,0,1,0,1,0,1
179,443,2,1,1,1,1,1,0,0,0,1
179,131,2,1,1,1,1,1,0,0,0,0
179,227,2,1,1,1,1,1,0,0,0,0
179,35,2,1,0,1,0,0,0,0,1,0
179,419,2,1,1,1,1,1,0,0,0,0
179,211,2,1,1,1,1,1,0,0,0,1
179,19,2,1,1,1,0,1,0,1,0,1
179,403,2,1,1,1,1,1,0,0,0,1
179,115,2,1,1,1,0,1,0,1,0,1
179,499,2,1,1,1,1,1,0,0,0,1
179,307,2,1,1,1,0,1,0,1,0,1
180,180,0,1,1,0,0,0,0,0,0,1
180,181,1,1,1,0,0,0,0,0,0,1
180,182,1,1,1,0,0,0,0,0,0,1
180,176,1,1,1,0,0,0,0,0,0,1
180,188,1,1,1,0,0,0,0,0,0,1
180,164,1,1,0,0,0,0,0,0,1,0
180,148,1,1,1,0,0,0,0,0,0,1
180,244,1,1,1,0,0,0,0,0,0,1
180,52,1,1,1,0,0,0,0,0,0,1
180,436,1,1,1,0,0,0,0,0,0,1
180,183,2,1,1,0,0,0,0,0,0,1
180,177,2,1,1,0,0,0,0,0,0,1
180,189,2,1,1,0,0,0,0,0,0,1
180,165,2,1,1,0,0,0,0,0,0,0
180,149,2,1,1,0,0,0,0,0,0,1
180,245,2,1,1,0,0,0,0,0,0,1
180,53,2,1,1,0,0,0,0,0,0,1
180,437,2,1,1,0,0,0,0,0,0,1
180,178,2,1,1,0,0,0,0,0,0,1
180,190,2,1,1,0,0,0,0,0,0,1
180,166,2,1,1,0,0,0,0,0,0,0
180,150,2,1,1,0,0,0,0,0,0,1
180,246,2,1,1,0,0,0,0,0,0,1
180,54,2,1,1,0,0,0,0,0,0,1
180,438,2,1,1,0,0,0,0,0,0,1
180,184,2,1,1,0,0,0,0,0,0,1
180,160,2,1,0,0,0,0,0,0,1,0
180,144,2,1,1,0,0,0,0,0,0,1
180,240,2,1,1,0,0,0,0,0,0,1
180,48,2,1,1,0,0,0,0,0,0,1
180,432,2,1,1,0,0,0,0,0,0,1
180,172,2,1,1,0,0,0,0,0,0,0
180,156,2,1,1,0,0,0,0,0,0,1
180,252,2,1,1,0,0,0,0,0,0,1
180,60,2,1,1,0,0,0,0,0,0,1
180,444,2,1,1,0,0,0,0,0,0,1
180,132,2,1,0,0,0,0,0,0,1,0
180,228,2,1,0,0,0,0,0,0,1,0
180,36,2,1,0,0,0,0,0,0,1,0
180,420,2,1,0,0,0,0,0,0,1,0
180,212,2,1,1,0,0,0,0,0,0,1
180,20,2,1,1,0,0,0,0,0,0,1
180,404,2,1,1,0,0,0,0,0,0,1
180,116,2,1,1,0,0,0,0,0,0,1
180,500,2,1,1,0,0,0,0,0,0,1
180,308,2,1,1,0,0,0,0,0,0,1
181,181,0,1,1,2,2,2,0,0,0,1
181,180,1,1,1,2,0,2,0,2,0,1
181,183,1,1,1,2,2,2,0,0,0,1
181,177,1,1,1,2,1,2,0,1,0,1
181,189,1,1,1,2,2,2,0,0,0,1
181,165,1,1,1,2,2,2,0,0,0,0
181,149,1,1,1,2,2,2,0,0,0,1
181,245,1,1,1,2,2,2,0,0,0,1
181,53,1,1,1,2,1,2,0,1,0,1
181,437,1,1,1,2,2,2,0,0,0,1
181,182,2,1,1,2,0,2,0,2,0,1
181,176,2,1,1,2,0,2,0,2,0,1
181,188,2,1,1,2,0,2,0,2,0,1
181,164,2,1,0,2,0,0,0,0,1,0
181,148,2,1,1,2,0,2,0,2,0,1
181,244,2,1,1,2,0,2,0,2,0,1
181,52,2,1,1,2,0,2,0,2,0,1
181,436,2,1,1,2,0,2,0,2,0,1
181,179,2,1,1,2,1,2,0,1,0,1
181,191,2,1,1,2,2,2,0,0,0,1
181,167,2,1,1,2,2,2,0,0,0,0
181,151,2,1,1,2,2,2,0,0,0,1
181,247,2,1,1,2,2,2,0,0,0,1
181,55,2,1,1,2,1,2,0,1,0,1
181,439,2,1,1,2,2,2,0,0,0,1
181,185,2,1,1,2,1,2,0,1,0,1
181,161,2,1,1,2,1,2,0,1,0,0
181,145,2,1,1,2,1,2,0,1,0,1
181,241,2,1,1,2,1,2,0,1,0,1
181,49,2,1,1,2,0,2,0,2,0,1
181,433,2,1,1,2,1,2,0,1,0,1
181,173,2,1,1,2,2,2,0,0,0,0
181,157,2,1,1,2,2,2,0,0,0,1
181,253,2,1,1,2,2,2,0,0,0,1
181,61,2,1,1,2,1,2,0,1,0,1
181,445,2,1,1,2,2,2,0,0,0,1
181,133,2,1,1,2,2,2,0,0,0,0
181,229,2,1,1,2,2,2,0,0,0,0
181,37,2,1,0,2,1,1,0,0,1,0
181,421,2,1,1,2,2,2,0,0,0,0
181,213,2,1,1,2,2,2,0,0,0,1
181,21,2,1,1,2,1,2,0,1,0,1
181,405,2,1,1,2,2,2,0,0,0,1
181,117,2,1,1,2,1,2,0,1,0,1
181,501,2,1,1,2,2,2,0,0,0,1
181,309,2,1,1,2,1,2,0,1,0,1
182,182,0,1,1,0,0,0,0,0,0,1
182,183,1,1,1,0,0,0,0,0,0,1
182,180,1,1,1,0,0,0,0,0,0,1
182,178,1,1,1,0,0,0,0,0,0,1
182,190,1,1,1,0,0,0,0,0,0,1
182,166,1,1,1,0,0,0,0,0,0,0
182,150,1,1,1,0,0,0,0,0,0,1
182,246,1,1,1,0,0,0,0,0,0,1
182,54,1,1,1,0,0,0,0,0,0,1
182,438,1,1,1,0,0,0,0,0,0,1
182,181,2,1,1,0,0,0,0,0,0,1
182,179,2,1,1,0,0,0,0,0,0,1
182,191,2,1,1,0,0,0,0,0,0,1
182,167,2,1,1,0,0,0,0,0,0,0
182,151,2,1,1,0,0,0,0,0,0,1
182,247,2,1,1,0,0,0,0,0,0,1
182,55,2,1,1,0,0,0,0,0,0,1
182,439,2,1,1,0,0,0,0,0,0,1
182,176,2,1,1,0,0,0,0,0,0,1
182,188,2,1,1,0,0,0,0,0,0,1
182,164,2,1,0,0,0,0,0,0,1,0
182,148,2,1,1,0,0,0,0,0,0,1
182,244,2,1,1,0,0,0,0,0,0,1
182,52,2,1,1,0,0,0,0,0,0,1
182,436,2,1,1,0,0,0,0,0,0,1
182,186,2,1,1,0,0,0,0,0,0,1
182,162,2,1,1,0,0,0,0,0,0,0
182,146,2,1,1,0,0,0,0,0,0,1
182,242,2,1,1,0,0,0,0,0,0,1
182,50,2,1,1,0,0,0,0,0,0,1
182,434,2,1,1,0,0,0,0,0,0,1
182,174,2,1,1,0,0,0,0,0,0,0
182,158,2,1,1,0,0,0,0,0,0,1
182,254,2,1,1,0,0,0,0,0,0,1
182,62,2,1,1,0,0,0,0,0,0,1
182,446,2,1,1,0,0,0,0,0,0,1
182,134,2,1,1,0,0,0,0,0,0,0
182,230,2,1,1,0,0,0,0,0,0,0
182,38,2,1,0,0,0,0,0,0,1,0
182,422,2,1,1,0,0,0,0,0,0,0
182,214,2,1,1,0,0,0,0,0,0,1
182,22,2,1,1,0,0,0,0,0,0,1
182,406,2,1,1,0,0,0,0,0,0,1
182,118,2,1,1,0,0,0,0,0,0,1
182,502,2,1,1,0,0,0,0,0,0,1
182,310,2,1,1,0,0,0,0,0,0,1
183,183,0,1,1,1,1,1,0,0,0,1
183,182,1,1,1,1,0,1,0,1,0,1
183,181,1,1,1,1,1,1,0,0,0,1
183,179,1,1,1,1,1,1,0,0,0,1
183,191,1,1,1,1,1,1,0,0,0,1
183,167,1,1,1,1,1,1,0,0,0,0
183,151,1,1,1,1,1,1,0,0,0,1
183,247,1,1,1,1,1,1,0,0,0,1
183,55,1,1,1,1,0,1,0,1,0,1
183,439,1,1,1,1,1,1,0,0,0,1
183,180,2,1,1,1,0,1,0,1,0,1
183,178,2,1,1,1,0,1,0,1,0,1
183,190,2,1,1,1,0,1,0,1,0,1
183,166,2,1,1,1,0,1,0,1,0,0
183,150,2,1,1,1,0,1,0,1,0,1
183,246,2,1,1,1,0,1,0,1,0,1
183,54,2,1,1,1,0,1,0,1,0,1
183,438,2,1,1,1,0,1,0,1,0,1
183,177,2,1,1,1,1,1,0,0,0,1
183,189,2,1,1,1,1,1,0,0,0,1
183,165,2,1,1,1,1,1,0,0,0,0
183,149,2,1,1,1,1,1,0,0,0,1
183,245,2,1,1,1,1,1,0,0,0,1
183,53,2,1,1,1,0,1,0,1,0,1
183,437,2,1,1,1,1,1,0,0,0,1
183,187,2,1,1,1,1,1,0,0,0,1
183,163,2,1,1,1,1,1,0,0,0,0
183,147,2,1,1,1,1,1,0,0,0,1
183,243,2,1,1,1,1,1,0,0,0,1
183,51,2,1,1,1,0,1,0,1,0,1
183,435,2,1,1,1,1,1,0,0,0,1
183,175,2,1,1,1,1,1,0,0,0,0
183,159,2,1,1,1,1,1,0,0,0,1
183,255,2,1,1,1,1,1,0,0,0,1
183,63,2,1,1,1,0,1,0,1,0,1
183,447,2,1,1,1,1,1,0,0,0,1
183,135,2,1,1,1,1,1,0,0,0,0
183,231,2,1,1,1,1,1,0,0,0,0
183,39,2,1,0,1,0,0,0,0,1,0
183,423,2,1,1,1,1,1,0,0,0,0
183,215,2,1,1,1,1,1,0,0,0,1
183,23,2,1,1,1,0,1,0,1,0,1
183,407,2,1,1,1,1,1,0,0,0,1
183,119,2,1,1,1,0,1,0,1,0,1
183,503,2,1,1,1,1,1,0,0,0,1
183,311,2,1,1,1,0,1,0,1,0,1
184,184,0,1,1,0,0,0,0,0,0,1
184,185,1,1,1,0,0,0,0,0,0,1
184,186,1,1,1,0,0,0,0,0,0,1
184,188,1,1,1,0,0,0,0,0,0,1
184,176,1,1,1,0,0,0,0,0,0,1
184,168,1,1,1,0,0,0,0,0,0,0
184,152,1,1,1,0,0,0,0,0,0,1
184,248,1,1,1,0,0,0,0,0,0,1
184,56,1,1,1,0,0,0,0,0,0,1
184,440,1,1,1,0,0,0,0,0,0,1
184,187,2,1,1,0,0,0,0,0,0,1
184,189,2,1,1,0,0,0,0,0,0,1
184,177,2,1,1,0,0,0,0,0,0,1
184,169,2,1,1,0,0,0,0,0,0,0
184,153,2,1,1,0,0,0,0,0,0,1
184,249,2,1,1,0,0,0,0,0,0,1
184,57,2,1,1,0,0,0,0,0,0,1
184,441,2,1,1,0,0,0,0,0,0,1
184,190,2,1,1,0,0,0,0,0,0,1
184,178,2,1,1,0,0,0,0,0,0,1
184,170,2,1,1,0,0,0,0,0,0,0
184,154,2,1,1,0,0,0,0,0,0,1
184,250,2,1,1,0,0,0,0,0,0,1
184,58,2,1,1,0,0,0,0,0,0,1
184,442,2,1,1,0,0,0,0,0,0,1
184,180,2,1,1,0,0,0,0,0,0,1
184,172,2,1,1,0,0,0,0,0,0,0
184,156,2,1,1,0,0,0,0,0,0,1
184,252,2,1,1,0,0,0,0,0,0,1
184,60,2,1,1,0,0,0,0,0,0,1
184,444,2,1,1,0,0,0,0,0,0,1
184,160,2,1,0,0,0,0,0,0,1,0
184,144,2,1,1,0,0,0,0,0,0,1
184,240,2,1,1,0,0,0,0,0,0,1
184,48,2,1,1,0,0,0,0,0,0,1
184,432,2,1,1,0,0,0,0,0,0,1
184,136,2,1,0,0,0,0,0,0,1,0
184,232,2,1,1,0,0,0,0,0,0,0
184,40,2,1,1,0,0,0,0,0,0,0
184,424,2,1,1,0,0,0,0,0,0,0
184,216,2,1,1,0,0,0,0,0,0,1
184,24,2,1,1,0,0,0,0,0,0,1
184,408,2,1,1,0,0,0,0,0,0,1
184,120,2,1,1,0,0,0,0,0,0,1
184,504,2,1,1,0,0,0,0,0,0,1
184,312,2,1,1,0,0,0,0,0,0,1
185,185,0,1,1,1,1,1,0,0,0,1
185,184,1,1,1,1,0,1,0,1,0,1
185,187,1,1,1,1,1,1,0,0,0,1
185,189,1,1,1,1,1,1,0,0,0,1
185,177,1,1,1,1,1,1,0,0,0,1
185,169,1,1,1,1,1,1,0,0,0,0
185,153,1,1,1,1,0,1,0,1,0,1
185,249,1,1,1,1,1,1,0,0,0,1
185,57,1,1,1,1,1,1,0,0,0,1
185,441,1,1,1,1,1,1,0,0,0,1
185,186,2,1,1,1,0,1,0,1,0,1
185,188,2,1,1,1,0,1,0,1,0,1
185,176,2,1,1,1,0,1,0,1,0,1
185,168,2,1,1,1,0,1,0,1,0,0
185,152,2,1,1,1,0,1,0,1,0,1
185,248,2,1,1,1,0,1,0,1,0,1
185,56,2,1,1,1,0,1,0,1,0,1
185,440,2,1,1,1,0,1,0,1,0,1
185,191,2,1,1,1,1,1,0,0,0,1
185,179,2,1,1,1,1,1,0,0,0,1
185,171,2,1,1,1,1,1,0,0,0,0
185,155,2,1,1,1,0,1,0,1,0,1
185,251,2,1,1,1,1,1,0,0,0,1
185,59,2,1,1,1,1,1,0,0,0,1
185,443,2,1,1,1,1,1,0,0,0,1
185,181,2,1,1,1,1,1,0,0,0,1
185,173,2,1,1,1,1,1,0,0,0,0
185,157,2,1,1,1,0,1,0,1,0,1
185,253,2,1,1,1,1,1,0,0,0,1
185,61,2,1,1,1,1,1,0,0,0,1
185,445,2,1,1,1,1,1,0,0,0,1
185,161,2,1,1,1,1,1,0,0,0,0
185,145,2,1,1,1,0,1,0,1,0,1
185,241,2,1,1,1,1,1,0,0,0,1
185,49,2,1,1,1,1,1,0,0,0,1
185,433,2,1,1,1,1,1,0,0,0,1
185,137,2,1,0,1,0,0,0,0,1,0
185,233,2,1,1,1,1,1,0,0,0,0
185,41,2,1,1,1,1,1,0,0,0,0
185,425,2,1,1,1,1,1,0,0,0,0
185,217,2,1,1,1,0,1,0,1,0,1
185,25,2,1,1,1,0,1,0,1,0,1
185,409,2,1,1,1,0,1,0,1,0,1
185,121,2,1,1,1,1,1,0,0,0,1
185,505,2,1,1,1,1,1,0,0,0,1
185,313,2,1,1,1,1,1,0,0,0,1
186,186,0,1,1,0,0,0,0,0,0,1
186,187,1,1,1,0,0,0,0,0,0,1
186,184,1,1,1,0,0,0,0,0,0,1
186,190,1,1,1,0,0,0,0,0,0,1
186,178,1,1,1,0,0,0,0,0,0,1
186,170,1,1,1,0,0,0,0,0,0,0
186,154,1,1,1,0,0,0,0,0,0,1
186,250,1,1,1,0,0,0,0,0,0,1
186,58,1,1,1,0,0,0,0,0,0,1
186,442,1,1,1,0,0,0,0,0,0,1
186,185,2,1,1,0,0,0,0,0,0,1
186,191,2,1,1,0,0,0,0,0,0,1
186,179,2,1,1,0,0,0,0,0,0,1
186,171,2,1,1,0,0,0,0,0,0,0
186,155,2,1,1,0,0,0,0,0,0,1
186,251,2,1,1,0,0,0,0,0,0,1
186,59,2,1,1,0,0,0,0,0,0,1
186,443,2,1,1,0,0,0,0,0,0,1
186,188,2,1,1,0,0,0,0,0,0,1
186,176,2,1,1,0,0,0,0,0,0,1
186,168,2,1,1,0,0,0,0,0,0,0
186,152,2,1,1,0,0,0,0,0,0,1
186,248,2,1,1,0,0,0,0,0,0,1
186,56,2,1,1,0,0,0,0,0,0,1
186,440,2,1,1,0,0,0,0,0,0,1
186,182,2,1,1,0,0,0,0,0,0,1
186,174,2,1,1,0,0,0,0,0,0,0
186,158,2,1,1,0,0,0,0,0,0,1
186,254,2,1,1,0,0,0,0,0,0,1
186,62,2,1,1,0,0,0,0,0,0,1
186,446,2,1,1,0,0,0,0,0,0,1
186,162,2,1,1,0,0,0,0,0,0,0
186,146,2,1,1,0,0,0,0,0,0,1
186,242,2,1,1,0,0,0,0,0,0,1
186,50,2,1,1,0,0,0,0,0,0,1
186,434,2,1,1,0,0,0,0,0,0,1
186,138,2,1,1,0,0,0,0,0,0,0
186,234,2,1,1,0,0,0,0,0,0,0
186,42,2,1,1,0,0,0,0,0,0,0
186,426,2,1,1,0,0,0,0,0,0,0
186,218,2,1,1,0,0,0,0,0,0,1
186,26,2,1,1,0,0,0,0,0,0,1
186,410,2,1,1,0,0,0,0,0,0,1
186,122,2,1,1,0,0,0,0,0,0,1
186,506,2,1,1,0,0,0,0,0,0,1
186,314,2,1,1,0,0,0,0,0,0,1
187,187,0,1,1,0,0,0,0,0,0,1
187,186,1,1,1,0,0,0,0,0,0,1
187,185,1,1,1,0,0,0,0,0,0,1
187,191,1,1,1,0,0,0,0,0,0,1
187,179,1,1,1,0,0,0,0,0,0,1
187,171,1,1,1,0,0,0,0,0,0,0
187,155,1,1,1,0,0,0,0,0,0,1
187,251,1,1,1,0,0,0,0,0,0,1
187,59,1,1,1,0,0,0,0,0,0,1
187,443,1,1,1,0,0,0,0,0,0,1
187,184,2,1,1,0,0,0,0,0,0,1
187,190,2,1,1,0,0,0,0,0,0,1
187,178,2,1,1,0,0,0,0,0,0,1
187,170,2,1,1,0,0,0,0,0,0,0
187,154,2,1,1,0,0,0,0,0,0,1
187,250,2,1,1,0,0,0,0,0,0,1
187,58,2,1,1,0,0,0,0,0,0,1
187,442,2,1,1,0,0,0,0,0,0,1
187,189,2,1,1,0,0,0,0,0,0,1
187,177,2,1,1,0,0,0,0,0,0,1
187,169,2,1,1,0,0,0,0,0,0,0
187,153,2,1,1,0,0,0,0,0,0,1
187,249,2,1,1,0,0,0,0,0,0,1
187,57,2,1,1,0,0,0,0,0,0,1
187,441,2,1,1,0,0,0,0,0,0,1
187,183,2,1,1,0,0,0,0,0,0,1
187,175,2,1,1,0,0,0,0,0,0,0
187,159,2,1,1,0,0,0,0,0,0,1
187,255,2,1,1,0,0,0,0,0,0,1
187,63,2,1,1,0,0,0,0,0,0,1
187,447,2,1,1,0,0,0,0,0,0,1
187,163,2,1,1,0,0,0,0,0,0,0
187,147,2,1,1,0,0,0,0,0,0,1
187,243,2,1,1,0,0,0,0,0,0,1
187,51,2,1,1,0,0,0,0,0,0,1
187,435,2,1,1,0,0,0,0,0,0,1
187,139,2,1,1,0,0,0,0,0,0,0
187,235,2,1,1,0,0,0,0,0,0,0
187,43,2,1,1,0,0,0,0,0,0,0
187,427,2,1,1,0,0,0,0,0,0,0
187,219,2,1,1,0,0,0,0,0,0,1
187,27,2,1,1,0,0,0,0,0,0,1
187,411,2,1,1,0,0,0,0,0,0,1
187,123,2,1,1,0,0,0,0,0,0,1
187,507,2,1,1,0,0,0,0,0,0,1
187,315,2,1,1,0,0,0,0,0,0,1
188,188,0,1,1,1,1,1,0,0,0,1
188,189,1,1,1,1,1,1,0,0,0,1
188,190,1,1,1,1,1,1,0,0,0,1
188,184,1,1,1,1,0,1,0,1,0,1
188,180,1,1,1,1,0,1,0,1,0,1
188,172,1,1,1,1,1,1,0,0,0,0
188,156,1,1,1,1,1,1,0,0,0,1
188,252,1,1,1,1,1,1,0,0,0,1
188,60,1,1,1,1,1,1,0,0,0,1
188,444,1,1,1,1,1,1,0,0,0,1
188,191,2,1,1,1,1,1,0,0,0,1
188,185,2,1,1,1,0,1,0,1,0,1
188,181,2,1,1,1,0,1,0,1,0,1
188,173,2,1,1,1,1,1,0,0,0,0
188,157,2,1,1,1,1,1,0,0,0,1
188,253,2,1,1,1,1,1,0,0,0,1
188,61,2,1,1,1,1,1,0,0,0,1
188,445,2,1,1,1,1,1,0,0,0,1
188,186,2,1,1,1,0,1,0,1,0,1
188,182,2,1,1,1,0,1,0,1,0,1
188,174,2,1,1,1,1,1,0,0,0,0
188,158,2,1,1,1,1,1,0,0,0,1
188,254,2,1,1,1,1,1,0,0,0,1
188,62,2,1,1,1,1,1,0,0,0,1
188,446,2,1,1,1,1,1,0,0,0,1
188,176,2,1,1,1,0,1,0,1,0,1
188,168,2,1,1,1,0,1,0,1,0,0
188,152,2,1,1,1,0,1,0,1,0,1
188,248,2,1,1,1,0,1,0,1,0,1
188,56,2,1,1,1,0,1,0,1,0,1
188,440,2,1,1,1,0,1,0,1,0,1
188,164,2,1,0,1,0,0,0,0,1,0
188,148,2,1,1,1,0,1,0,1,0,1
188,244,2,1,1,1,0,1,0,1,0,1
188,52,2,1,1,1,0,1,0,1,0,1
188,436,2,1,1,1,0,1,0,1,0,1
188,140,2,1,1,1,1,1,0,0,0,0
188,236,2,1,1,1,1,1,0,0,0,0
188,44,2,1,1,1,1,1,0,0,0,0
188,428,2,1,1,1,1,1,0,0,0,0
188,220,2,1,1,1,1,1,0,0,0,1
188,28,2,1,1,1,1,1,0,0,0,1
188,412,2,1,1,1,1,1,0,0,0,1
188,124,2,1,1,1,1,1,0,0,0,1
188,508,2,1,1,1,1,1,0,0,0,1
188,316,2,1,1,1,1,1,0,0,0,1
189,189,0,1,1,1,1,1,0,0,0,1
189,188,1,1,1,1,0,1,0,1,0,1
189,191,1,1,1,1,1,1,0,0,0,1
189,185,1,1,1,1,0,1,0,1,0,1
189,181,1,1,1,1,1,1,0,0,0,1
189,173,1,1,1,1,1,1,0,0,0,0
189,157,1,1,1,1,1,1,0,0,0,1
189,253,1,1,1,1,1,1,0,0,0,1
189,61,1,1,1,1,1,1,0,0,0,1
189,445,1,1,1,1,1,1,0,0,0,1
189,190,2,1,1,1,0,1,0,1,0,1
189,184,2,1,1,1,0,1,0,1,0,1
189,180,2,1,1,1,0,1,0,1,0,1
189,172,2,1,1,1,0,1,0,1,0,0
189,156,2,1,1,1,0,1,0,1,0,1
189,252,2,1,1,1,0,1,0,1,0,1
189,60,2,1,1,1,0,1,0,1,0,1
189,444,2,1,1,1,0,1,0,1,0,1
189,187,2,1,1,1,0,1,0,1,0,1
189,183,2,1,1,1,1,1,0,0,0,1
189,175,2,1,1,1,1,1,0,0,0,0
189,159,2,1,1,1,1,1,0,0,0,1
189,255,2,1,1,1,1,1,0,0,0,1
189,63,2,1,1,1,1,1,0,0,0,1
189,447,2,1,1,1,1,1,0,0,0,1
189,177,2,1,1,1,0,1,0,1,0,1
189,169,2,1,1,1,0,1,0,1,0,0
189,153,2,1,1,1,0,1,0,1,0,1
189,249,2,1,1,1,0,1,0,1,0,1
189,57,2,1,1,1,0,1,0,1,0,1
189,441,2,1,1,1,0,1,0,1,0,1
189,165,2,1,1,1,1,1,0,0,0,0
189,149,2,1,1,1,1,1,0,0,0,1
189,245,2,1,1,1,1,1,0,0,0,1
189,53,2,1,1,1,1,1,0,0,0,1
189,437,2,1,1,1,1,1,0,0,0,1
189,141,2,1,1,1,1,1,0,0,0,0
189,237,2,1,1,1,1,1,0,0,0,0
189,45,2,1,1,1,1,1,0,0,0,0
189,429,2,1,1,1,1,1,0,0,0,0
189,221,2,1,1,1,1,1,0,0,0,1
189,29,2,1,1,1,1,1,0,0,0,1
189,413,2,1,1,1,1,1,0,0,0,1
189,125,2,1,1,1,1,1,0,0,0,1
189,509,2,1,1,1,1,1,0,0,0,1
189,317,2,1,1,1,1,1,0,0,0,1
190,190,0,1,1,0,0,0,0,0,0,1
190,191,1,1,1,0,0,0,0,0,0,1
190,188,1,1,1,0,0,0,0,0,0,1
190,186,1,1,1,0,0,0,0,0,0,1
190,182,1,1,1,0,0,0,0,0,0,1
190,174,1,1,1,0,0,0,0,0,0,0
190,158,1,1,1,0,0,0,0,0,0,1
190,254,1,1,1,0,0,0,0,0,0,1
190,62,1,1,1,0,0,0,0,0,0,1
190,446,1,1,1,0,0,0,0,0,0,1
190,189,2,1,1,0,0,0,0,0,0,1
190,187,2,1,1,0,0,0,0,0,0,1
190,183,2,1,1,0,0,0,0,0,0,1
190,175,2,1,1,0,0,0,0,0,0,0
190,159,2,1,1,0,0,0,0,0,0,1
190,255,2,1,1,0,0,0,0,0,0,1
190,63,2,1,1,0,0,0,0,0,0,1
190,447,2,1,1,0,0,0,0,0,0,1
190,184,2,1,1,0,0,0,0,0,0,1
190,180,2,1,1,0,0,0,0,0,0,1
190,172,2,1,1,0,0,0,0,0,0,0
190,156,2,1,1,0,0,0,0,0,0,1
190,252,2,1,1,0,0,0,0,0,0,1
190,60,2,1,1,0,0,0,0,0,0,1
190,444,2,1,1,0,0,0,0,0,0,1
190,178,2,1,1,0,0,0,0,0,0,1
190,170,2,1,1,0,0,0,0,0,0,0
190,154,2,1,1,0,0,0,0,0,0,1
190,250,2,1,1,0,0,0,0,0,0,1
190,58,2,1,1,0,0,0,0,0,0,1
190,442,2,1,1,0,0,0,0,0,0,1
190,166,2,1,1,0,0,0,0,0,0,0
190,150,2,1,1,0,0,0,0,0,0,1
190,246,2,1,1,0,0,0,0,0,0,1
190,54,2,1,1,0,0,0,0,0,0,1
190,438,2,1,1,0,0,0,0,0,0,1
190,142,2,1,1,0,0,0,0,0,0,0
190,238,2,1,1,0,0,0,0,0,0,0
190,46,2,1,1,0,0,0,0,0,0,0
190,430,2,1,1,0,0,0,0,0,0,0
190,222,2,1,1,0,0,0,0,0,0,1
190,30,2,1,1,0,0,0,0,0,0,1
190,414,2,1,1,0,0,0,0,0,0,1
190,126,2,1,1,0,0,0,0,0,0,1
190,510,2,1,1,0,0,0,0,0,0,1
190,318,2,1,1,0,0,0,0,0,0,1
191,191,0,1,1,0,0,0,0,0,0,1
191,190,1,1,1,0,0,0,0,0,0,1
191,189,1,1,1,0,0,0,0,0,0,1
191,187,1,1,1,0,0,0,0,0,0,1
191,183,1,1,1,0,0,0,0,0,0,1
191,175,1,1,1,0,0,0,0,0,0,0
191,159,1,1,1,0,0,0,0,0,0,1
191,255,1,1,1,0,0,0,0,0,0,1
191,63,1,1,1,0,0,0,0,0,0,1
191,447,1,1,1,0,0,0,0,0,0,1
191,188,2,1,1,0,0,0,0,0,0,1
191,186,2,1,1,0,0,0,0,0,0,1
191,182,2,1,1,0,0,0,0,0,0,1
191,174,2,1,1,0,0,0,0,0,0,0
191,158,2,1,1,0,0,0,0,0,0,1
191,254,2,1,1,0,0,0,0,0,0,1
191,62,2,1,1,0,0,0,0,0,0,1
191,446,2,1,1,0,0,0,0,0,0,1
191,185,2,1,1,0,0,0,0,0,0,1
191,181,2,1,1,0,0,0,0,0,0,1
191,173,2,1,1,0,0,0,0,0,0,0
191,157,2,1,1,0,0,0,0,0,0,1
191,253,2,1,1,0,0,0,0,0,0,1
191,61,2,1,1,0,0,0,0,0,0,1
191,445,2,1,1,0,0,0,0,0,0,1
191,179,2,1,1,0,0,0,0,0,0,1
191,171,2,1,1,0,0,0,0,0,0,0
191,155,2,1,1,0,0,0,0,0,0,1
191,251,2,1,1,0,0,0,0,0,0,1
191,59,2,1,1,0,0,0,0,0,0,1
191,443,2,1,1,0,0,0,0,0,0,1
191,167,2,1,1,0,0,0,0,0,0,0
191,151,2,1,1,0,0,0,0,0,0,1
191,247,2,1,1,0,0,0,0,0,0,1
191,55,2,1,1,0,0,0,0,0,0,1
191,439,2,1,1,0,0,0,0,0,0,1
191,143,2,1,1,0,0,0,0,0,0,0
191,239,2,1,1,0,0,0,0,0,0,0
191,47,2,1,1,0,0,0,0,0,0,0
191,431,2,1,1,0,0,0,0,0,0,0
191,223,2,1,1,0,0,0,0,0,0,1
191,31,2,1,1,0,0,0,0,0,0,1
191,415,2,1,1,0,0,0,0,0,0,1
191,127,2,1,1,0,0,0,0,0,0,1
191,511,2,1,1,0,0,0,0,0,0,1
191,319,2,1,1,0,0,0,0,0,0,1
192,192,0,0,0,0,0,0,0,0,0,0
192,193,1,0,0,0,0,0,0,0,0,0
192,194,1,0,1,0,0,0,0,0,0,0
192,196,1,0,0,0,0,0,0,0,0,0
192,200,1,0,0,0,0,0,0,0,0,0
192,208,1,0,1,0,0,0,0,0,0,0
192,224,1,0,0,0,0,0,0,0,0,0
192,128,1,0,0,0,0,0,0,0,0,0
192,64,1,0,0,0,0,0,0,0,0,0
192,448,1,0,0,0,0,0,0,0,0,0
192,195,2,0,1,0,0,0,0,0,0,0
192,197,2,0,1,0,0,0,0,0,0,0
192,201,2,0,0,0,0,0,0,0,0,0
192,209,2,0,1,0,0,0,0,0,0,0
192,225,2,0,1,0,0,0,0,0,0,0
192,129,2,0,0,0,0,0,0,0,0,0
192,65,2,0,0,0,0,0,0,0,0,0
192,449,2,0,0,0,0,0,0,0,0,0
192,198,2,0,1,0,0,0,0,0,0,0
192,202,2,0,1,0,0,0,0,0,0,0
192,210,2,0,1,0,0,0,0,0,0,0
192,226,2,0,1,0,0,0,0,0,0,0
192,130,2,0,1,0,0,0,0,0,0,0
192,66,2,0,0,0,0,0,0,0,0,0
192,450,2,0,1,0,0,0,0,0,0,0
192,204,2,0,1,0,0,0,0,0,0,0
192,212,2,0,1,0,0,0,0,0,0,0
192,228,2,0,0,0,0,0,0,0,0,0
192,132,2,0,0,0,0,0,0,0,0,0
192,68,2,0,0,0,0,0,0,0,0,0
192,452,2,0,0,0,0,0,0,0,0,0
192,216,2,0,1,0,0,0,0,0,0,0
192,232,2,0,1,0,0,0,0,0,0,0
192,136,2,0,0,0,0,0,0,0,0,0
192,72,2,0,0,0,0,0,0,0,0,0
192,456,2,0,0,0,0,0,0,0,0,0
192,240,2,0,1,0,0,0,0,0,0,0
192,144,2,0,1,0,0,0,0,0,0,0
192,80,2,0,1,0,0,0,0,0,0,0
192,464,2,0,1,0,0,0,0,0,0,0
192,160,2,0,0,0,0,0,0,0,0,0
192,96,2,0,0,0,0,0,0,0,0,0
192,480,2,0,0,0,0,0,0,0,0,0
192,0,2,0,0,0,0,0,0,0,0,0
192,384,2,0,0,0,0,0,0,0,0,0
192,320,2,0,0,0,0,0,0,0,0,0
193,193,0,0,0,1,1,1,0,0,0,0
193,192,1,0,0,1,0,0,0,0,0,0
193,195,1,0,1,1,1,1,0,0,0,0
193,197,1,0,1,1,1,1,0,0,0,0
193,201,1,0,0,1,1,1,0,0,0,0
193,209,1,0,1,1,1,1,0,0,0,0
193,225,1,0,1,1,1,1,0,0,0,0
193,129,1,0,0,1,0,1,0,1,0,0
193,65,1,0,0,1,1,1,0,0,0,0
193,449,1,0,0,1,1,1,0,0,0,0
193,194,2,0,1,1,0,1,0,1,0,0
193,196,2,0,0,1,0,0,0,0,0,0
193,200,2,0,0,1,0,1,0,1,0,0
193,208,2,0,1,1,0,1,0,1,0,0
193,224,2,0,0,1,0,0,0,0,0,0
193,128,2,0,0,1,0,0,0,0,0,0
193,64,2,0,0,1,0,0,0,0,0,0
193,448,2,0,0,1,0,0,0,0,0,0
193,199,2,0,1,1,1,1,0,0,0,0
193,203,2,0,1,1,1,1,0,0,0,0
193,211,2,0,1,1,1,1,0,0,0,0
193,227,2,0,1,1,1,1,0,0,0,0
193,131,2,0,1,1,0,1,0,1,0,0
193,67,2,0,0,1,1,1,0,0,0,0
193,451,2,0,1,1,1,1,0,0,0,0
193,205,2,0,1,1,1,1,0,0,0,0
193,213,2,0,1,1,1,1,0,0,0,0
193,229,2,0,1,1,1,1,0,0,0,0
193,133,2,0,1,1,0,1,0,1,0,0
193,69,2,0,0,1,1,1,0,0,0,0
193,453,2,0,1,1,1,1,0,0,0,0
193,217,2,0,1,1,1,1,0,0,0,0
193,233,2,0,1,1,1,1,0,0,0,0
193,137,2,0,0,1,0,1,0,1,0,0
193,73,2,0,0,1,1,1,0,0,0,0
193,457,2,0,0,1,1,1,0,0,0,0
193,241,2,0,1,1,1,1,0,0,0,0
193,145,2,0,1,1,0,1,0,1,0,0
193,81,2,0,1,1,1,1,0,0,0,0
193,465,2,0,1,1,1,1,0,0,0,0
193,161,2,0,1,1,0,1,0,1,0,0
193,97,2,0,1,1,1,1,0,0,0,0
193,481,2,0,1,1,1,1,0,0,0,0
193,1,2,0,0,1,0,0,0,0,0,0
193,385,2,0,0,1,0,1,0,1,0,0
193,321,2,0,0,1,1,1,0,0,0,0
194,194,0,1,1,2,2,2,0,0,0,1
194,195,1,1,1,2,2,2,0,0,0,1
194,192,1,1,0,2,0,0,0,0,1,0
194,198,1,1,1,2,2,2,0,0,0,1
194,202,1,1,1,2,2,2,0,0,0,1
194,210,1,1,1,2,2,2,0,0,0,1
194,226,1,1,1,2,2,2,0,0,0,1
194,130,1,1,1,2,1,2,0,1,0,1
194,66,1,1,0,2,1,1,0,0,1,0
194,450,1,1,1,2,2,2,0,0,0,1
194,193,2,1,0,2,0,1,0,1,1,0
194,199,2,1,1,2,2,2,0,0,0,1
194,203,2,1,1,2,2,2,0,0,0,1
194,211,2,1,1,2,2,2,0,0,0,1
194,227,2,1,1,2,2,2,0,0,0,1
194,131,2,1,1,2,1,2,0,1,0,1
194,67,2,1,0,2,1,1,0,0,1,0
194,451,2,1,1,2,2,2,0,0,0,1
194,196,2,1,0,2,0,0,0,0,1,0
194,200,2,1,0,2,0,1,0,1,1,0
194,208,2,1,1,2,0,2,0,2,0,0
194,224,2,1,0,2,0,0,0,0,1,0
194,128,2,1,0,2,0,0,0,0,1,0
194,64,2,1,0,2,0,0,0,0,1,0
194,448,2,1,0,2,0,0,0,0,1,0
194,206,2,1,1,2,2,2,0,0,0,1
194,214,2,1,1,2,2,2,0,0,0,1
194,230,2,1,1,2,2,2,0,0,0,1
194,134,2,1,1,2,1,2,0,1,0,1
194,70,2,1,0,2,1,1,0,0,1,0
194,454,2,1,1,2,2,2,0,0,0,1
194,218,2,1,1,2,2,2,0,0,0,1
194,234,2,1,1,2,2,2,0,0,0,1
194,138,2,1,1,2,1,2,0,1,0,1
194,74,2,1,0,2,1,1,0,0,1,0
194,458,2,1,1,2,2,2,0,0,0,1
194,242,2,1,1,2,2,2,0,0,0,1
194,146,2,1,1,2,1,2,0,1,0,1
194,82,2,1,1,2,1,2,0,1,0,0
194,466,2,1,1,2,2,2,0,0,0,1
194,162,2,1,1,2,1,2,0,1,0,1
194,98,2,1,1,2,1,2,0,1,0,0
194,482,2,1,1,2,2,2,0,0,0,1
194,2,2,1,0,2,0,0,0,0,1,0
194,386,2,1,1,2,1,2,0,1,0,1
194,322,2,1,1,2,1,2,0,1,0,0
195,195,0,1,1,2,2,2,0,0,0,1
195,194,1,1,1,2,1,2,0,1,0,1
195,193,1,1,0,2,1,1,0,0,1,0
195,199,1,1,1,2,2,2,0,0,0,1
195,203,1,1,1,2,2,2,0,0,0,1
195,211,1,1,1,2,2,2,0,0,0,1
195,227,1,1,1,2,2,2,0,0,0,1
195,131,1,1,1,2,1,2,0,1,0,1
195,67,1,1,0,2,1,1,0,0,1,0
195,451,1,1,1,2,2,2,0,0,0,1
195,192,2,1,0,2,0,0,0,0,1,0
195,198,2,1,1,2,1,2,0,1,0,1
195,202,2,1,1,2,1,2,0,1,0,1
195,210,2,1,1,2,1,2,0,1,0,1
195,226,2,1,1,2,1,2,0,1,0,1
195,130,2,1,1,2,1,2,0,1,0,1
195,66,2,1,0,2,0,1,0,1,1,0
195,450,2,1,1,2,1,2,0,1,0,1
195,197,2,1,1,2,1,2,0,1,0,0
195,201,2,1,0,2,1,1,0,0,1,0
195,209,2,1,1,2,1,2,0,1,0,0
195,225,2,1,1,2,1,2,0,1,0,0
195,129,2,1,0,2,0,1,0,1,1,0
195,65,2,1,0,2,1,1,0,0,1,0
195,449,2,1,0,2,1,1,0,0,1,0
195,207,2,1,1,2,2,2,0,0,0,1
195,215,2,1,1,2,2,2,0,0,0,1
195,231,2,1,1,2,2,2,0,0,0,1
195,135,2,1,1,2,1,2,0,1,0,1
195,71,2,1,0,2,1,1,0,0,1,0
195,455,2,1,1,2,2,2,0,0,0,1
195,219,2,1,1,2,2,2,0,0,0,1
195,235,2,1,1,2,2,2,0,0,0,1
195,139,2,1,1,2,1,2,0,1,0,1
195,75,2,1,0,2,1,1,0,0,1,0
195,459,2,1,1,2,2,2,0,0,0,1
195,243,2,1,1,2,2,2,0,0,0,1
195,147,2,1,1,2,1,2,0,1,0,1
195,83,2,1,1,2,1,2,0,1,0,0
195,467,2,1,1,2,2,2,0,0,0,1
195,163,2,1,1,2,1,2,0,1,0,1
195,99,2,1,1,2,1,2,0,1,0,0
195,483,2,1,1,2,2,2,0,0,0,1
195,3,2,1,0,2,0,0,0,0,1,0
195,387,2,1,1,2,1,2,0,1,0,1
195,323,2,1,1,2,1,2,0,1,0,0
196,196,0,0,0,1,1,1,0,0,0,0
196,197,1,0,1,1,1,1,0,0,0,0
196,198,1,0,1,1,1,1,0,0,0,0
196,192,1,0,0,1,0,0,0,0,0,0
196,204,1,0,1,1,1,1,0,0,0,0
196,212,1,0,1,1,1,1,0,0,0,0
196,228,1,0,0,1,1,1,0,0,0,0
196,132,1,0,0,1,1,1,0,0,0,0
196,68,1,0,0,1,0,0,0,0,0,0
196,452,1,0,0,1,1,1,0,0,0,0
196,199,2,0,1,1,1,1,0,0,0,0
196,193,2,0,0,1,0,0,0,0,0,0
196,205,2,0,1,1,1,1,0,0,0,0
196,213,2,0,1,1,1,1,0,0,0,0
196,229,2,0,1,1,1,1,0,0,0,0
196,133,2,0,1,1,1,1,0,0,0,0
196,69,2,0,0,1,0,0,0,0,0,0
196,453,2,0,1,1,1,1,0,0,0,0
196,194,2,0,1,1,0,1,0,1,0,0
196,206,2,0,1,1,1,1,0,0,0,0
196,214,2,0,1,1,1,1,0,0,0,0
196,230,2,0,1,1,1,1,0,0,0,0
196,134,2,0,1,1,1,1,0,0,0,0
196,70,2,0,0,1,0,0,0,0,0,0
196,454,2,0,1,1,1,1,0,0,0,0
196,200,2,0,0,1,0,0,0,0,0,0
196,208,2,0,1,1,0,1,0,1,0,0
196,224,2,0,0,1,0,1,0,1,0,0
196,128,2,0,0,1,0,0,0,0,0,0
196,64,2,0,0,1,0,0,0,0,0,0
196,448,2,0,0,1,0,0,0,0,0,0
196,220,2,0,1,1,1,1,0,0,0,0
196,236,2,0,1,1,1,1,0,0,0,0
196,140,2,0,1,1,1,1,0,0,0,0
196,76,2,0,0,1,0,0,0,0,0,0
196,460,2,0,1,1,1,1,0,0,0,0
196,244,2,0,1,1,1,1,0,0,0,0
196,148,2,0,1,1,1,1,0,0,0,0
196,84,2,0,1,1,0,1,0,1,0,0
196,468,2,0,1,1,1,1,0,0,0,0
196,164,2,0,0,1,1,1,0,0,0,0
196,100,2,0,0,1,0,1,0,1,0,0
196,484,2,0,0,1,1,1,0,0,0,0
196,4,2,0,0,1,0,0,0,0,0,0
196,388,2,0,0,1,1,1,0,0,0,0
196,324,2,0,0,1,0,1,0,1,0,0
197,197,0,1,1,4,4,4,0,0,0,1
197,196,1,1,0,4,1,1,0,0,1,0
197,199,1,1,1,4,4,4,0,0,0,1
197,193,1,1,0,4,1,1,0,0,1,0
197,205,1,1,1,4,4,4,0,0,0,1
197,213,1,1,1,4,4,4,0,0,0,1
197,229,1,1,1,4,4,4,0,0,0,1
197,133,1,1,1,4,3,4,0,1,0,1
197,69,1,1,0,4,2,2,0,0,1,0
197,453,1,1,1,4,4,4,0,0,0,1
197,198,2,1,1,4,1,4,0,3,0,0
197,192,2,1,0,4,0,0,0,0,1,0
197,204,2,1,1,4,1,4,0,3,0,0
197,212,2,1,1,4,1,4,0,3,0,0
197,228,2,1,0,4,1,1,0,0,1,0
197,132,2,1,0,4,1,1,0,0,1,0
197,68,2,1,0,4,0,0,0,0,1,0
197,452,2,1,0,4,1,1,0,0,1,0
197,195,2,1,1,4,1,4,0,3,0,0
197,207,2,1,1,4,4,4,0,0,0,1
197,215,2,1,1,4,4,4,0,0,0,1
197,231,2,1,1,4,4,4,0,0,0,1
197,135,2,1,1,4,3,4,0,1,0,1
197,71,2,1,0,4,2,2,0,0,1,0
197,455,2,1,1,4,4,4,0,0,0,1
197,201,2,1,0,4,1,1,0,0,1,0
197,209,2,1,1,4,1,4,0,3,0,0
197,225,2,1,1,4,1,4,0,3,0,0
197,129,2,1,0,4,0,1,0,1,1,0
197,65,2,1,0,4,1,1,0,0,1,0
197,449,2,1,0,4,1,1,0,0,1,0
197,221,2,1,1,4,4,4,0,0,0,1
197,237,2,1,1,4,4,4,0,0,0,1
197,141,2,1,1,4,3,4,0,1,0,1
197,77,2,1,0,4,2,2,0,0,1,0
197,461,2,1,1,4,4,4,0,0,0,1
197,245,2,1,1,4,4,4,0,0,0,1
197,149,2,1,1,4,3,4,0,1,0,1
197,85,2,1,1,4,2,4,0,2,0,0
197,469,2,1,1,4,4,4,0,0,0,1
197,165,2,1,1,4,3,4,0,1,0,1
197,101,2,1,1,4,2,4,0,2,0,0
197,485,2,1,1,4,4,4,0,0,0,1
197,5,2,1,0,4,1,1,0,0,1,0
197,389,2,1,1,4,3,4,0,1,0,1
197,325,2,1,1,4,2,4,0,2,0,0
198,198,0,1,1,3,3,3,0,0,0,1
198,199,1,1,1,3,3,3,0,0,0,1
198,196,1,1,0,3,1,1,0,0,1,0
198,194,1,1,1,3,2,3,0,1,0,1
198,206,1,1,1,3,3,3,0,0,0,1
198,214,1,1,1,3,3,3,0,0,0,1
198,230,1,1,1,3,3,3,0,0,0,1
198,134,1,1,1,3,2,3,0,1,0,1
198,70,1,1,0,3,1,1,0,0,1,0
198,454,1,1,1,3,3,3,0,0,0,1
198,197,2,1,1,3,1,3,0,2,0,0
198,195,2,1,1,3,2,3,0,1,0,1
198,207,2,1,1,3,3,3,0,0,0,1
198,215,2,1,1,3,3,3,0,0,0,1
198,231,2,1,1,3,3,3,0,0,0,1
198,135,2,1,1,3,2,3,0,1,0,1
198,71,2,1,0,3,1,1,0,0,1,0
198,455,2,1,1,3,3,3,0,0,0,1
198,192,2,1,0,3,0,0,0,0,1,0
198,204,2,1,1,3,1,3,0,2,0,0
198,212,2,1,1,3,1,3,0,2,0,0
198,228,2,1,0,3,1,1,0,0,1,0
198,132,2,1,0,3,1,1,0,0,1,0
198,68,2,1,0,3,0,0,0,0,1,0
198,452,2,1,0,3,1,1,0,0,1,0
198,202,2,1,1,3,2,3,0,1,0,1
198,210,2,1,1,3,2,3,0,1,0,1
198,226,2,1,1,3,2,3,0,1,0,1
198,130,2,1,1,3,1,3,0,2,0,1
198,66,2,1,0,3,1,1,0,0,1,0
198,450,2,1,1,3,2,3,0,1,0,1
198,222,2,1,1,3,3,3,0,0,0,1
198,238,2,1,1,3,3,3,0,0,0,1
198,142,2,1,1,3,2,3,0,1,0,1
198,78,2,1,0,3,1,1,0,0,1,0
198,462,2,1,1,3,3,3,0,0,0,1
198,246,2,1,1,3,3,3,0,0,0,1
198,150,2,1,1,3,2,3,0,1,0,1
198,86,2,1,1,3,1,3,0,2,0,0
198,470,2,1,1,3,3,3,0,0,0,1
198,166,2,1,1,3,2,3,0,1,0,1
198,102,2,1,1,3,1,3,0,2,0,0
198,486,2,1,1,3,3,3,0,0,0,1
198,6,2,1,0,3,0,0,0,0,1,0
198,390,2,1,1,3,2,3,0,1,0,1
198,326,2,1,1,3,1,3,0,2,0,0
199,199,0,1,1,3,3,3,0,0,0,1
199,198,1,1,1,3,2,3,0,1,0,1
199,197,1,1,1,3,2,3,0,1,0,0
199,195,1,1,1,3,2,3,0,1,0,1
199,207,1,1,1,3,3,3,0,0,0,1
199,215,1,1,1,3,3,3,0,0,0,1
199,231,1,1,1,3,3,3,0,0,0,1
199,135,1,1,1,3,2,3,0,1,0,1
199,71,1,1,0,3,1,1,0,0,1,0
199,455,1,1,1,3,3,3,0,0,0,1
199,196,2,1,0,3,1,1,0,0,1,0
199,194,2,1,1,3,1,3,0,2,0,1
199,206,2,1,1,3,2,3,0,1,0,1
199,214,2,1,1,3,2,3,0,1,0,1
199,230,2,1,1,3,2,3,0,1,0,1
199,134,2,1,1,3,2,3,0,1,0,1
199,70,2,1,0,3,0,1,0,1,1,0
199,454,2,1,1,3,2,3,0,1,0,1
199,193,2,1,0,3,1,1,0,0,1,0
199,205,2,1,1,3,2,3,0,1,0,0
199,213,2,1,1,3,2,3,0,1,0,0
199,229,2,1,1,3,2,3,0,1,0,0
199,133,2,1,1,3,1,3,0,2,0,0
199,69,2,1,0,3,1,1,0,0,1,0
199,453,2,1,1,3,2,3,0,1,0,0
199,203,2,1,1,3,2,3,0,1,0,1
199,211,2,1,1,3,2,3,0,1,0,1
199,227,2,1,1,3,2,3,0,1,0,1
199,131,2,1,1,3,1,3,0,2,0,1
199,67,2,1,0,3,1,1,0,0,1,0
199,451,2,1,1,3,2,3,0,1,0,1
199,223,2,1,1,3,3,3,0,0,0,1
199,239,2,1,1,3,3,3,0,0,0,1
199,143,2,1,1,3,2,3,0,1,0,1
199,79,2,1,0,3,1,1,0,0,1,0
199,463,2,1,1,3,3,3,0,0,0,1
199,247,2,1,1,3,3,3,0,0,0,1
199,151,2,1,1,3,2,3,0,1,0,1
199,87,2,1,1,3,1,3,0,2,0,0
199,471,2,1,1,3,3,3,0,0,0,1
199,167,2,1,1,3,2,3,0,1,0,1
199,103,2,1,1,3,1,3,0,2,0,0
199,487,2,1,1,3,3,3,0,0,0,1
199,7,2,1,0,3,0,0,0,0,1,0
199,391,2,1,1,3,2,3,0,1,0,1
199,327,2,1,1,3,1,3,0,2,0,0
200,200,0,0,0,0,0,0,0,0,0,0
200,201,1,0,0,0,0,0,0,0,0,0
200,202,1,0,1,0,0,0,0,0,0,0
200,204,1,0,1,0,0,0,0,0,0,0
200,192,1,0,0,0,0,0,0,0,0,0
200,216,1,0,1,0,0,0,0,0,0,0
200,232,1,0,1,0,0,0,0,0,0,0
200,136,1,0,0,0,0,0,0,0,0,0
200,72,1,0,0,0,0,0,0,0,0,0
200,456,1,0,0,0,0,0,0,0,0,0
200,203,2,0,1,0,0,0,0,0,0,0
200,205,2,0,1,0,0,0,0,0,0,0
200,193,2,0,0,0,0,0,0,0,0,0
200,217,2,0,1,0,0,0,0,0,0,0
200,233,2,0,1,0,0,0,0,0,0,0
200,137,2,0,0,0,0,0,0,0,0,0
200,73,2,0,0,0,0,0,0,0,0,0
200,457,2,0,0,0,0,0,0,0,0,0
200,206,2,0,1,0,0,0,0,0,0,0
200,194,2,0,1,0,0,0,0,0,0,0
200,218,2,0,1,0,0,0,0,0,0,0
200,234,2,0,1,0,0,0,0,0,0,0
200,138,2,0,1,0,0,0,0,0,0,0
200,74,2,0,0,0,0,0,0,0,0,0
200,458,2,0,1,0,0,0,0,0,0,0
200,196,2,0,0,0,0,0,0,0,0,0
200,220,2,0,1,0,0,0,0,0,0,0
200,236,2,0,1,0,0,0,0,0,0,0
200,140,2,0,1,0,0,0,0,0,0,0
200,76,2,0,0,0,0,0,0,0,0,0
200,460,2,0,1,0,0,0,0,0,0,0
200,208,2,0,1,0,0,0,0,0,0,0
200,224,2,0,0,0,0,0,0,0,0,0
200,128,2,0,0,0,0,0,0,0,0,0
200,64,2,0,0,0,0,0,0,0,0,0
200,448,2,0,0,0,0,0,0,0,0,0
200,248,2,0,1,0,0,0,0,0,0,0
200,152,2,0,1,0,0,0,0,0,0,0
200,88,2,0,1,0,0,0,0,0,0,0
200,472,2,0,1,0,0,0,0,0,0,0
200,168,2,0,1,0,0,0,0,0,0,0
200,104,2,0,1,0,0,0,0,0,0,0
200,488,2,0,1,0,0,0,0,0,0,0
200,8,2,0,0,0,0,0,0,0,0,0
200,392,2,0,0,0,0,0,0,0,0,0
200,328,2,0,0,0,0,0,0,0,0,0
201,201,0,0,0,0,0,0,0,0,0,0
201,200,1,0,0,0,0,0,0,0,0,0
201,203,1,0,1,0,0,0,0,0,0,0
201,205,1,0,1,0,0,0,0,0,0,0
201,193,1,0,0,0,0,0,0,0,0,0
201,217,1,0,1,0,0,0,0,0,0,0
201,233,1,0,1,0,0,0,0,0,0,0
201,137,1,0,0,0,0,0,0,0,0,0
201,73,1,0,0,0,0,0,0,0,0,0
201,457,1,0,0,0,0,0,0,0,0,0
201,202,2,0,1,0,0,0,0,0,0,0
201,204,2,0,1,0,0,0,0,0,0,0
201,192,2,0,0,0,0,0,0,0,0,0
201,216,2,0,1,0,0,0,0,0,0,0
201,232,2,0,1,0,0,0,0,0,0,0
201,136,2,0,0,0,0,0,0,0,0,0
201,72,2,0,0,0,0,0,0,0,0,0
201,456,2,0,0,0,0,0,0,0,0,0
201,207,2,0,1,0,0,0,0,0,0,0
201,195,2,0,1,0,0,0,0,0,0,0
201,219,2,0,1,0,0,0,0,0,0,0
201,235,2,0,1,0,0,0,0,0,0,0
201,139,2,0,1,0,0,0,0,0,0,0
201,75,2,0,0,0,0,0,0,0,0,0
201,459,2,0,1,0,0,0,0,0,0,0
201,197,2,0,1,0,0,0,0,0,0,0
201,221,2,0,1,0,0,0,0,0,0,0
201,237,2,0,1,0,0,0,0,0,0,0
201,141,2,0,1,0,0,0,0,0,0,0
201,77,2,0,0,0,0,0,0,0,0,0
201,461,2,0,1,0,0,0,0,0,0,0
201,209,2,0,1,0,0,0,0,0,0,0
201,225,2,0,1,0,0,0,0,0,0,0
201,129,2,0,0,0,0,0,0,0,0,0
201,65,2,0,0,0,0,0,0,0,0,0
201,449,2,0,0,0,0,0,0,0,0,0
201,249,2,0,1,0,0,0,0,0,0,0
201,153,2,0,1,0,0,0,0,0,0,0
201,89,2,0,1,0,0,0,0,0,0,0
201,473,2,0,1,0,0,0,0,0,0,0
201,169,2,0,1,0,0,0,0,0,0,0
201,105,2,0,1,0,0,0,0,0,0,0
201,489,2,0,1,0,0,0,0,0,0,0
201,9,2,0,0,0,0,0,0,0,0,0
201,393,2,0,0,0,0,0,0,0,0,0
201,329,2,0,0,0,0,0,0,0,0,0
202,202,0,1,1,1,1,1,0,0,0,1
202,203,1,1,1,1,1,1,0,0,0,1
202,200,1,1,0,1,0,0,0,0,1,0
202,206,1,1,1,1,1,1,0,0,0,1
202,194,1,1,1,1,1,1,0,0,0,1
202,218,1,1,1,1,1,1,0,0,0,1
202,234,1,1,1,1,1,1,0,0,0,1
202,138,1,1,1,1,1,1,0,0,0,1
202,74,1,1,0,1,0,0,0,0,1,0
202,458,1,1,1,1,1,1,0,0,0,1
202,201,2,1,0,1,0,0,0,0,1,0
202,207,2,1,1,1,1,1,0,0,0,1
202,195,2,1,1,1,1,1,0,0,0,1
202,219,2,1,1,1,1,1,0,0,0,1
202,235,2,1,1,1,1,1,0,0,0,1
202,139,2,1,1,1,1,1,0,0,0,1
202,75,2,1,0,1,0,0,0,0,1,0
202,459,2,1,1,1,1,1,0,0,0,1
202,204,2,1,1,1,0,1,0,1,0,0
202,192,2,1,0,1,0,0,0,0,1,0
202,216,2,1,1,1,0,1,0,1,0,0
202,232,2,1,1,1,0,1,0,1,0,0
202,136,2,1,0,1,0,0,0,0,1,0
202,72,2,1,0,1,0,0,0,0,1,0
202,456,2,1,0,1,0,0,0,0,1,0
202,198,2,1,1,1,1,1,0,0,0,1
202,222,2,1,1,1,1,1,0,0,0,1
202,238,2,1,1,1,1,1,0,0,0,1
202,142,2,1,1,1,1,1,0,0,0,1
202,78,2,1,0,1,0,0,0,0,1,0
202,462,2,1,1,1,1,1,0,0,0,1
202,210,2,1,1,1,1,1,0,0,0,1
202,226,2,1,1,1,1,1,0,0,0,1
202,130,2,1,1,1,1,1,0,0,0,1
202,66,2,1,0,1,0,0,0,0,1,0
202,450,2,1,1,1,1,1,0,0,0,1
202,250,2,1,1,1,1,1,0,0,0,1
202,154,2,1,1,1,1,1,0,0,0,1
202,90,2,1,1,1,0,1,0,1,0,0
202,474,2,1,1,1,1,1,0,0,0,1
202,170,2,1,1,1,1,1,0,0,0,1
202,106,2,1,1,1,0,1,0,1,0,0
202,490,2,1,1,1,1,1,0,0,0,1
202,10,2,1,0,1,0,0,0,0,1,0
202,394,2,1,1,1,1,1,0,0,0,1
202,330,2,1,1,1,0,1,0,1,0,0
203,203,0,1,1,1,1,1,0,0,0,1
203,202,1,1,1,1,1,1,0,0,0,1
203,201,1,1,0,1,0,0,0,0,1,0
203,207,1,1,1,1,1,1,0,0,0,1
203,195,1,1,1,1,1,1,0,0,0,1
203,219,1,1,1,1,1,1,0,0,0,1
203,235,1,1,1,1,1,1,0,0,0,1
203,139,1,1,1,1,1,1,0,0,0,1
203,75,1,1,0,1,0,0,0,0,1,0
203,459,1,1,1,1,1,1,0,0,0,1
203,200,2,1,0,1,0,0,0,0,1,0
203,206,2,1,1,1,1,1,0,0,0,1
203,194,2,1,1,1,1,1,0,0,0,1
203,218,2,1,1,1,1,1,0,0,0,1
203,234,2,1,1,1,1,1,0,0,0,1
203,138,2,1,1,1,1,1,0,0,0,1
203,74,2,1,0,1,0,0,0,0,1,0
203,458,2,1,1,1,1,1,0,0,0,1
203,205,2,1,1,1,0,1,0,1,0,0
203,193,2,1,0,1,0,0,0,0,1,0
203,217,2,1,1,1,0,1,0,1,0,0
203,233,2,1,1,1,0,1,0,1,0,0
203,137,2,1,0,1,0,0,0,0,1,0
203,73,2,1,0,1,0,0,0,0,1,0
203,457,2,1,0,1,0,0,0,0,1,0
203,199,2,1,1,1,1,1,0,0,0,1
203,223,2,1,1,1,1,1,0,0,0,1
203,239,2,1,1,1,1,1,0,0,0,1
203,143,2,1,1,1,1,1,0,0,0,1
203,79,2,1,0,1,0,0,0,0,1,0
203,463,2,1,1,1,1,1,0,0,0,1
203,211,2,1,1,1,1,1,0,0,0,1
203,227,2,1,1,1,1,1,0,0,0,1
203,131,2,1,1,1,1,1,0,0,0,1
203,67,2,1,0,1,0,0,0,0,1,0
203,451,2,1,1,1,1,1,0,0,0,1
203,251,2,1,1,1,1,1,0,0,0,1
203,155,2,1,1,1,1,1,0,0,0,1
203,91,2,1,1,1,0,1,0,1,0,0
203,475,2,1,1,1,1,1,0,0,0,1
203,171,2,1,1,1,1,1,0,0,0,1
203,107,2,1,1,1,0,1,0,1,0,0
203,491,2,1,1,1,1,1,0,0,0,1
203,11,2,1,0,1,0,0,0,0,1,0
203,395,2,1,1,1,1,1,0,0,0,1
203,331,2,1,1,1,0,1,0,1,0,0
204,204,0,1,1,3,3,3,0,0,0,1
204,205,1,1,1,3,3,3,0,0,0,1
204,206,1,1,1,3,3,3,0,0,0,1
204,200,1,1,0,3,0,0,0,0,1,0
204,196,1,1,0,3,1,1,0,0,1,0
204,220,1,1,1,3,3,3,0,0,0,1
204,236,1,1,1,3,3,3,0,0,0,1
204,140,1,1,1,3,3,3,0,0,0,1
204,76,1,1,0,3,1,1,0,0,1,0
204,460,1,1,1,3,3,3,0,0,0,1
204,207,2,1,1,3,3,3,0,0,0,1
204,201,2,1,0,3,0,0,0,0,1,0
204,197,2,1,1,3,1,3,0,2,0,0
204,221,2,1,1,3,3,3,0,0,0,1
204,237,2,1,1,3,3,3,0,0,0,1
204,141,2,1,1,3,3,3,0,0,0,1
204,77,2,1,0,3,1,1,0,0,1,0
204,461,2,1,1,3,3,3,0,0,0,1
204,202,2,1,1,3,0,3,0,3,0,0
204,198,2,1,1,3,1,3,0,2,0,0
204,222,2,1,1,3,3,3,0,0,0,1
204,238,2,1,1,3,3,3,0,0,0,1
204,142,2,1,1,3,3,3,0,0,0,1
204,78,2,1,0,3,1,1,0,0,1,0
204,462,2,1,1,3,3,3,0,0,0,1
204,192,2,1,0,3,0,0,0,0,1,0
204,216,2,1,1,3,0,3,0,3,0,0
204,232,2,1,1,3,0,3,0,3,0,0
204,136,2,1,0,3,0,0,0,0,1,0
204,72,2,1,0,3,0,0,0,0,1,0
204,456,2,1,0,3,0,0,0,0,1,0
204,212,2,1,1,3,1,3,0,2,0,0
204,228,2,1,0,3,1,1,0,0,1,0
204,132,2,1,0,3,1,1,0,0,1,0
204,68,2,1,0,3,0,0,0,0,1,0
204,452,2,1,0,3,1,1,0,0,1,0
204,252,2,1,1,3,3,3,0,0,0,1
204,156,2,1,1,3,3,3,0,0,0,1
204,92,2,1,1,3,1,3,0,2,0,0
204,476,2,1,1,3,3,3,0,0,0,1
204,172,2,1,1,3,3,3,0,0,0,1
204,108,2,1,1,3,1,3,0,2,0,0
204,492,2,1,1,3,3,3,0,0,0,1
204,12,2,1,0,3,1,1,0,0,1,0
204,396,2,1,1,3,3,3,0,0,0,1
204,332,2,1,1,3,1,3,0,2,0,0
205,205,0,1,1,3,3,3,0,0,0,1
205,204,1,1,1,3,1,3,0,2,0,0
205,207,1,1,1,3,3,3,0,0,0,1
205,201,1,1,0,3,0,0,0,0,1,0
205,197,1,1,1,3,3,3,0,0,0,1
205,221,1,1,1,3,3,3,0,0,0,1
205,237,1,1,1,3,3,3,0,0,0,1
205,141,1,1,1,3,3,3,0,0,0,1
205,77,1,1,0,3,1,1,0,0,1,0
205,461,1,1,1,3,3,3,0,0,0,1
205,206,2,1,1,3,1,3,0,2,0,0
205,200,2,1,0,3,0,0,0,0,1,0
205,196,2,1,0,3,1,1,0,0,1,0
205,220,2,1,1,3,1,3,0,2,0,0
205,236,2,1,1,3,1,3,0,2,0,0
205,140,2,1,1,3,1,3,0,2,0,0
205,76,2,1,0,3,0,1,0,1,1,0
205,460,2,1,1,3,1,3,0,2,0,0
205,203,2,1,1,3,0,3,0,3,0,0
205,199,2,1,1,3,3,3,0,0,0,1
205,223,2,1,1,3,3,3,0,0,0,1
205,239,2,1,1,3,3,3,0,0,0,1
205,143,2,1,1,3,3,3,0,0,0,1
205,79,2,1,0,3,1,1,0,0,1,0
205,463,2,1,1,3,3,3,0,0,0,1
205,193,2,1,0,3,0,0,0,0,1,0
205,217,2,1,1,3,0,3,0,3,0,0
205,233,2,1,1,3,0,3,0,3,0,0
205,137,2,1,0,3,0,0,0,0,1,0
205,73,2,1,0,3,0,0,0,0,1,0
205,457,2,1,0,3,0,0,0,0,1,0
205,213,2,1,1,3,3,3,0,0,0,1
205,229,2,1,1,3,3,3,0,0,0,1
205,133,2,1,1,3,3,3,0,0,0,1
205,69,2,1,0,3,1,1,0,0,1,0
205,453,2,1,1,3,3,3,0,0,0,1
205,253,2,1,1,3,3,3,0,0,0,1
205,157,2,1,1,3,3,3,0,0,0,1
205,93,2,1,1,3,1,3,0,2,0,0
205,477,2,1,1,3,3,3,0,0,0,1
205,173,2,1,1,3,3,3,0,0,0,1
205,109,2,1,1,3,1,3,0,2,0,0
205,493,2,1,1,3,3,3,0,0,0,1
205,13,2,1,0,3,1,1,0,0,1,0
205,397,2,1,1,3,3,3,0,0,0,1
205,333,2,1,1,3,1,3,0,2,0,0
206,206,0,1,1,2,2,2,0,0,0,1
206,207,1,1,1,2,2,2,0,0,0,1
206,204,1,1,1,2,1,2,0,1,0,0
206,202,1,1,1,2,1,2,0,1,0,1
206,198,1,1,1,2,2,2,0,0,0,1
206,222,1,1,1,2,2,2,0,0,0,1
206,238,1,1,1,2,2,2,0,0,0,1
206,142,1,1,1,2,2,2,0,0,0,1
206,78,1,1,0,2,0,0,0,0,1,0
206,462,1,1,1,2,2,2,0,0,0,1
206,205,2,1,1,2,1,2,0,1,0,0
206,203,2,1,1,2,1,2,0,1,0,1
206,199,2,1,1,2,2,2,0,0,0,1
206,223,2,1,1,2,2,2,0,0,0,1
206,239,2,1,1,2,2,2,0,0,0,1
206,143,2,1,1,2,2,2,0,0,0,1
206,79,2,1,0,2,0,0,0,0,1,0
206,463,2,1,1,2,2,2,0,0,0,1
206,200,2,1,0,2,0,0,0,0,1,0
206,196,2,1,0,2,1,1,0,0,1,0
206,220,2,1,1,2,1,2,0,1,0,0
206,236,2,1,1,2,1,2,0,1,0,0
206,140,2,1,1,2,1,2,0,1,0,0
206,76,2,1,0,2,0,0,0,0,1,0
206,460,2,1,1,2,1,2,0,1,0,0
206,194,2,1,1,2,1,2,0,1,0,1
206,218,2,1,1,2,1,2,0,1,0,1
206,234,2,1,1,2,1,2,0,1,0,1
206,138,2,1,1,2,1,2,0,1,0,1
206,74,2,1,0,2,0,0,0,0,1,0
206,458,2,1,1,2,1,2,0,1,0,1
206,214,2,1,1,2,2,2,0,0,0,1
206,230,2,1,1,2,2,2,0,0,0,1
206,134,2,1,1,2,2,2,0,0,0,1
206,70,2,1,0,2,0,0,0,0,1,0
206,454,2,1,1,2,2,2,0,0,0,1
206,254,2,1,1,2,2,2,0,0,0,1
206,158,2,1,1,2,2,2,0,0,0,1
206,94,2,1,1,2,0,2,0,2,0,0
206,478,2,1,1,2,2,2,0,0,0,1
206,174,2,1,1,2,2,2,0,0,0,1
206,110,2,1,1,2,0,2,0,2,0,0
206,494,2,1,1,2,2,2,0,0,0,1
206,14,2,1,0,2,0,0,0,0,1,0
206,398,2,1,1,2,2,2,0,0,0,1
206,334,2,1,1,2,0,2,0,2,0,0
207,207,0,1,1,2,2,2,0,0,0,1
207,206,1,1,1,2,2,2,0,0,0,1
207,205,1,1,1,2,1,2,0,1,0,0
207,203,1,1,1,2,1,2,0,1,0,1
207,199,1,1,1,2,2,2,0,0,0,1
207,223,1,1,1,2,2,2,0,0,0,1
207,239,1,1,1,2,2,2,0,0,0,1
207,143,1,1,1,2,2,2,0,0,0,1
207,79,1,1,0,2,0,0,0,0,1,0
207,463,1,1,1,2,2,2,0,0,0,1
207,204,2,1,1,2,1,2,0,1,0,0
207,202,2,1,1,2,1,2,0,1,0,1
207,198,2,1,1,2,2,2,0,0,0,1
207,222,2,1,1,2,2,2,0,0,0,1
207,238,2,1,1,2,2,2,0,0,0,1
207,142,2,1,1,2,2,2,0,0,0,1
207,78,2,1,0,2,0,0,0,0,1,0
207,462,2,1,1,2,2,2,0,0,0,1
207,201,2,1,0,2,0,0,0,0,1,0
207,197,2,1,1,2,1,2,0,1,0,0
207,221,2,1,1,2,1,2,0,1,0,0
207,237,2,1,1,2,1,2,0,1,0,0
207,141,2,1,1,2,1,2,0,1,0,0
207,77,2,1,0,2,0,0,0,0,1,0
207,461,2,1,1,2,1,2,0,1,0,0
207,195,2,1,1,2,1,2,0,1,0,1
207,219,2,1,1,2,1,2,0,1,0,1
207,235,2,1,1,2,1,2,0,1,0,1
207,139,2,1,1,2,1,2,0,1,0,1
207,75,2,1,0,2,0,0,0,0,1,0
207,459,2,1,1,2,1,2,0,1,0,1
207,215,2,1,1,2,2,2,0,0,0,1
207,231,2,1,1,2,2,2,0,0,0,1
207,135,2,1,1,2,2,2,0,0,0,1
207,71,2,1,0,2,0,0,0,0,1,0
207,455,2,1,1,2,2,2,0,0,0,1
207,255,2,1,1,2,2,2,0,0,0,1
207,159,2,1,1,2,2,2,0,0,0,1
207,95,2,1,1,2,0,2,0,2,0,0
207,479,2,1,1,2,2,2,0,0,0,1
207,175,2,1,1,2,2,2,0,0,0,1
207,111,2,1,1,2,0,2,0,2,0,0
207,495,2,1,1,2,2,2,0,0,0,1
207,15,2,1,0,2,0,0,0,0,1,0
207,399,2,1,1,2,2,2,0,0,0,1
207,335,2,1,1,2,0,2,0,2,0,0
208,208,0,1,1,0,0,0,0,0,0,1
208,209,1,1,1,0,0,0,0,0,0,1
208,210,1,1,1,0,0,0,0,0,0,1
208,212,1,1,1,0,0,0,0,0,0,1
208,216,1,1,1,0,0,0,0,0,0,1
208,192,1,1,0,0,0,0,0,0,1,0
208,240,1,1,1,0,0,0,0,0,0,1
208,144,1,1,1,0,0,0,0,0,0,1
208,80,1,1,1,0,0,0,0,0,0,1
208,464,1,1,1,0,0,0,0,0,0,1
208,211,2,1,1,0,0,0,0,0,0,1
208,213,2,1,1,0,0,0,0,0,0,1
208,217,2,1,1,0,0,0,0,0,0,1
208,193,2,1,0,0,0,0,0,0,1,0
208,241,2,1,1,0,0,0,0,0,0,1
208,145,2,1,1,0,0,0,0,0,0,1
208,81,2,1,1,0,0,0,0,0,0,1
208,465,2,1,1,0,0,0,0,0,0,1
208,214,2,1,1,0,0,0,0,0,0,1
208,218,2,1,1,0,0,0,0,0,0,1
208,194,2,1,1,0,0,0,0,0,0,0
208,242,2,1,1,0,0,0,0,0,0,1
208,146,2,1,1,0,0,0,0,0,0,1
208,82,2,1,1,0,0,0,0,0,0,1
208,466,2,1,1,0,0,0,0,0,0,1
208,220,2,1,1,0,0,0,0,0,0,1
208,196,2,1,0,0,0,0,0,0,1,0
208,244,2,1,1,0,0,0,0,0,0,1
208,148,2,1,1,0,0,0,0,0,0,1
208,84,2,1,1,0,0,0,0,0,0,1
208,468,2,1,1,0,0,0,0,0,0,1
208,200,2,1,0,0,0,0,0,0,1,0
208,248,2,1,1,0,0,0,0,0,0,1
208,152,2,1,1,0,0,0,0,0,0,1
208,88,2,1,1,0,0,0,0,0,0,1
208,472,2,1,1,0,0,0,0,0,0,1
208,224,2,1,0,0,0,0,0,0,1,0
208,128,2,1,0,0,0,0,0,0,1,0
208,64,2,1,0,0,0,0,0,0,1,0
208,448,2,1,0,0,0,0,0,0,1,0
208,176,2,1,1,0,0,0,0,0,0,1
208,112,2,1,1,0,0,0,0,0,0,1
208,496,2,1,1,0,0,0,0,0,0,1
208,16,2,1,1,0,0,0,0,0,0,1
208,400,2,1,1,0,0,0,0,0,0,1
208,336,2,1,1,0,0,0,0,0,0,1
209,209,0,1,1,1,1,1,0,0,0,1
209,208,1,1,1,1,0,1,0,1,0,1
209,211,1,1,1,1,1,1,0,0,0,1
209,213,1,1,1,1,1,1,0,0,0,1
209,217,1,1,1,1,1,1,0,0,0,1
209,193,1,1,0,1,1,1,0,0,1,0
209,241,1,1,1,1,1,1,0,0,0,1
209,145,1,1,1,1,0,1,0,1,0,1
209,81,1,1,1,1,1,1,0,0,0,1
209,465,1,1,1,1,1,1,0,0,0,1
209,210,2,1,1,1,0,1,0,1,0,1
209,212,2,1,1,1,0,1,0,1,0,1
209,216,2,1,1,1,0,1,0,1,0,1
209,192,2,1,0,1,0,0,0,0,1,0
209,240,2,1,1,1,0,1,0,1,0,1
209,144,2,1,1,1,0,1,0,1,0,1
209,80,2,1,1,1,0,1,0,1,0,1
209,464,2,1,1,1,0,1,0,1,0,1
209,215,2,1,1,1,1,1,0,0,0,1
209,219,2,1,1,1,1,1,0,0,0,1
209,195,2,1,1,1,1,1,0,0,0,0
209,243,2,1,1,1,1,1,0,0,0,1
209,147,2,1,1,1,0,1,0,1,0,1
209,83,2,1,1,1,1,1,0,0,0,1
209,467,2,1,1,1,1,1,0,0,0,1
209,221,2,1,1,1,1,1,0,0,0,1
209,197,2,1,1,1,1,1,0,0,0,0
209,245,2,1,1,1,1,1,0,0,0,1
209,149,2,1,1,1,0,1,0,1,0,1
209,85,2,1,1,1,1,1,0,0,0,1
209,469,2,1,1,1,1,1,0,0,0,1
209,201,2,1,0,1,1,1,0,0,1,0
209,249,2,1,1,1,1,1,0,0,0,1
209,153,2,1,1,1,0,1,0,1,0,1
209,89,2,1,1,1,1,1,0,0,0,1
209,473,2,1,1,1,1,1,0,0,0,1
209,225,2,1,1,1,1,1,0,0,0,0
209,129,2,1,0,1,0,1,0,1,1,0
209,65,2,1,0,1,1,1,0,0,1,0
209,449,2,1,0,1,1,1,0,0,1,0
209,177,2,1,1,1,0,1,0,1,0,1
209,113,2,1,1,1,1,1,0,0,0,1
209,497,2,1,1,1,1,1,0,0,0,1
209,17,2,1,1,1,0,1,0,1,0,1
209,401,2,1,1,1,0,1,0,1,0,1
209,337,2,1,1,1,1,1,0,0,0,1
210,210,0,1,1,1,1,1,0,0,0,1
210,211,1,1,1,1,1,1,0,0,0,1
210,208,1,1,1,1,0,1,0,1,0,1
210,214,1,1,1,1,1,1,0,0,0,1
210,218,1,1,1,1,1,1,0,0,0,1
210,194,1,1,1,1,1,1,0,0,0,0
210,242,1,1,1,1,1,1,0,0,0,1
210,146,1,1,1,1,0,1,0,1,0,1
210,82,1,1,1,1,1,1,0,0,0,1
210,466,1,1,1,1,1,1,0,0,0,1
210,209,2,1,1,1,0,1,0,1,0,1
210,215,2,1,1,1,1,1,0,0,0,1
210,219,2,1,1,1,1,1,0,0,0,1
210,195,2,1,1,1,1,1,0,0,0,0
210,243,2,1,1,1,1,1,0,0,0,1
210,147,2,1,1,1,0,1,0,1,0,1
210,83,2,1,1,1,1,1,0,0,0,1
210,467,2,1,1,1,1,1,0,0,0,1
210,212,2,1,1,1,0,1,0,1,0,1
210,216,2,1,1,1,0,1,0,1,0,1
210,192,2,1,0,1,0,0,0,0,1,0
210,240,2,1,1,1,0,1,0,1,0,1
210,144,2,1,1,1,0,1,0,1,0,1
210,80,2,1,1,1,0,1,0,1,0,1
210,464,2,1,1,1,0,1,0,1,0,1
210,222,2,1,1,1,1,1,0,0,0,1
210,198,2,1,1,1,1,1,0,0,0,0
210,246,2,1,1,1,1,1,0,0,0,1
210,150,2,1,1,1,0,1,0,1,0,1
210,86,2,1,1,1,1,1,0,0,0,1
210,470,2,1,1,1,1,1,0,0,0,1
210,202,2,1,1,1,1,1,0,0,0,0
210,250,2,1,1,1,1,1,0,0,0,1
210,154,2,1,1,1,0,1,0,1,0,1
210,90,2,1,1,1,1,1,0,0,0,1
210,474,2,1,1,1,1,1,0,0,0,1
210,226,2,1,1,1,1,1,0,0,0,0
210,130,2,1,1,1,0,1,0,1,0,0
210,66,2,1,0,1,1,1,0,0,1,0
210,450,2,1,1,1,1,1,0,0,0,0
210,178,2,1,1,1,0,1,0,1,0,1
210,114,2,1,1,1,1,1,0,0,0,1
210,498,2,1,1,1,1,1,0,0,0,1
210,18,2,1,1,1,0,1,0,1,0,1
210,402,2,1,1,1,0,1,0,1,0,1
210,338,2,1,1,1,1,1,0,0,0,1
211,211,0,1,1,1,1,1,0,0,0,1
211,210,1,1,1,1,0,1,0,1,0,1
211,209,1,1,1,1,1,1,0,0,0,1
211,215,1,1,1,1,1,1,0,0,0,1
211,219,1,1,1,1,1,1,0,0,0,1
211,195,1,1,1,1,1,1,0,0,0,0
211,243,1,1,1,1,1,1,0,0,0,1
211,147,1,1,1,1,0,1,0,1,0,1
211,83,1,1,1,1,1,1,0,0,0,1
211,467,1,1,1,1,1,1,0,0,0,1
211,208,2,1,1,1,0,1,0,1,0,1
211,214,2,1,1,1,0,1,0,1,0,1
211,218,2,1,1,1,0,1,0,1,0,1
211,194,2,1,1,1,0,1,0,1,0,0
211,242,2,1,1,1,0,1,0,1,0,1
211,146,2,1,1,1,0,1,0,1,0,1
211,82,2,1,1,1,0,1,0,1,0,1
211,466,2,1,1,1,0,1,0,1,0,1
211,213,2,1,1,1,1,1,0,0,0,1
211,217,2,1,1,1,1,1,0,0,0,1
211,193,2,1,0,1,1,1,0,0,1,0
211,241,2,1,1,1,1,1,0,0,0,1
211,145,2,1,1,1,0,1,0,1,0,1
211,81,2,1,1,1,1,1,0,0,0,1
211,465,2,1,1,1,1,1,0,0,0,1
211,223,2,1,1,1,1,1,0,0,0,1
211,199,2,1,1,1,1,1,0,0,0,0
211,247,2,1,1,1,1,1,0,0,0,1
211,151,2,1,1,1,0,1,0,1,0,1
211,87,2,1,1,1,1,1,0,0,0,1
211,471,2,1,1,1,1,1,0,0,0,1
211,203,2,1,1,1,1,1,0,0,0,0
211,251,2,1,1,1,1,1,0,0,0,1
211,155,2,1,1,1,0,1,0,1,0,1
211,91,2,1,1,1,1,1,0,0,0,1
211,475,2,1,1,1,1,1,0,0,0,1
211,227,2,1,1,1,1,1,0,0,0,0
211,131,2,1,1,1,0,1,0,1,0,0
211,67,2,1,0,1,1,1,0,0,1,0
211,451,2,1,1,1,1,1,0,0,0,0
211,179,2,1,1,1,0,1,0,1,0,1
211,115,2,1,1,1,1,1,0,0,0,1
211,499,2,1,1,1,1,1,0,0,0,1
211,19,2,1,1,1,0,1,0,1,0,1
211,403,2,1,1,1,0,1,0,1,0,1
211,339,2,1,1,1,1,1,0,0,0,1
212,212,0,1,1,1,1,1,0,0,0,1
212,213,1,1,1,1,1,1,0,0,0,1
212,214,1,1,1,1,1,1,0,0,0,1
212,208,1,1,1,1,0,1,0,1,0,1
212,220,1,1,1,1,1,1,0,0,0,1
212,196,1,1,0,1,1,1,0,0,1,0
212,244,1,1,1,1,1,1,0,0,0,1
212,148,1,1,1,1,1,1,0,0,0,1
212,84,1,1,1,1,0,1,0,1,0,1
212,468,1,1,1,1,1,1,0,0,0,1
212,215,2,1,1,1,1,1,0,0,0,1
212,209,2,1,1,1,0,1,0,1,0,1
212,221,2,1,1,1,1,1,0,0,0,1
212,197,2,1,1,1,1,1,0,0,0,0
212,245,2,1,1,1,1,1,0,0,0,1
212,149,2,1,1,1,1,1,0,0,0,1
212,85,2,1,1,1,0,1,0,1,0,1
212,469,2,1,1,1,1,1,0,0,0,1
212,210,2,1,1,1,0,1,0,1,0,1
212,222,2,1,1,1,1,1,0,0,0,1
212,198,2,1,1,1,1,1,0,0,0,0
212,246,2,1,1,1,1,1,0,0,0,1
212,150,2,1,1,1,1,1,0,0,0,1
212,86,2,1,1,1,0,1,0,1,0,1
212,470,2,1,1,1,1,1,0,0,0,1
212,216,2,1,1,1,0,1,0,1,0,1
212,192,2,1,0,1,0,0,0,0,1,0
212,240,2,1,1,1,0,1,0,1,0,1
212,144,2,1,1,1,0,1,0,1,0,1
212,80,2,1,1,1,0,1,0,1,0,1
212,464,2,1,1,1,0,1,0,1,0,1
212,204,2,1,1,1,1,1,0,0,0,0
212,252,2,1,1,1,1,1,0,0,0,1
212,156,2,1,1,1,1,1,0,0,0,1
212,92,2,1,1,1,0,1,0,1,0,1
212,476,2,1,1,1,1,1,0,0,0,1
212,228,2,1,0,1,1,1,0,0,1,0
212,132,2,1,0,1,1,1,0,0,1,0
212,68,2,1,0,1,0,0,0,0,1,0
212,452,2,1,0,1,1,1,0,0,1,0
212,180,2,1,1,1,1,1,0,0,0,1
212,116,2,1,1,1,0,1,0,1,0,1
212,500,2,1,1,1,1,1,0,0,0,1
212,20,2,1,1,1,0,1,0,1,0,1
212,404,2,1,1,1,1,1,0,0,0,1
212,340,2,1,1,1,0,1,0,1,0,1
213,213,0,1,1,3,3,3,0,0,0,1
213,212,1,1,1,3,1,3,0,2,0,1
213,215,1,1,1,3,3,3,0,0,0,1
213,209,1,1,1,3,1,3,0,2,0,1
213,221,1,1,1,3,3,3,0,0,0,1
213,197,1,1,1,3,3,3,0,0,0,0
213,245,1,1,1,3,3,3,0,0,0,1
213,149,1,1,1,3,2,3,0,1,0,1
213,85,1,1,1,3,2,3,0,1,0,1
213,469,1,1,1,3,3,3,0,0,0,1
213,214,2,1,1,3,1,3,0,2,0,1
213,208,2,1,1,3,0,3,0,3,0,1
213,220,2,1,1,3,1,3,0,2,0,1
213,196,2,1,0,3,1,1,0,0,1,0
213,244,2,1,1,3,1,3,0,2,0,1
213,148,2,1,1,3,1,3,0,2,0,1
213,84,2,1,1,3,0,3,0,3,0,1
213,468,2,1,1,3,1,3,0,2,0,1
213,211,2,1,1,3,1,3,0,2,0,1
213,223,2,1,1,3,3,3,0,0,0,1
213,199,2,1,1,3,3,3,0,0,0,0
213,247,2,1,1,3,3,3,0,0,0,1
213,151,2,1,1,3,2,3,0,1,0,1
213,87,2,1,1,3,2,3,0,1,0,1
213,471,2,1,1,3,3,3,0,0,0,1
213,217,2,1,1,3,1,3,0,2,0,1
213,193,2,1,0,3,1,1,0,0,1,0
213,241,2,1,1,3,1,3,0,2,0,1
213,145,2,1,1,3,0,3,0,3,0,1
213,81,2,1,1,3,1,3,0,2,0,1
213,465,2,1,1,3,1,3,0,2,0,1
213,205,2,1,1,3,3,3,0,0,0,0
213,253,2,1,1,3,3,3,0,0,0,1
213,157,2,1,1,3,2,3,0,1,0,1
213,93,2,1,1,3,2,3,0,1,0,1
213,477,2,1,1,3,3,3,0,0,0,1
213,229,2,1,1,3,3,3,0,0,0,0
213,133,2,1,1,3,2,3,0,1,0,0
213,69,2,1,0,3,2,2,0,0,1,0
213,453,2,1,1,3,3,3,0,0,0,0
213,181,2,1,1,3,2,3,0,1,0,1
213,117,2,1,1,3,2,3,0,1,0,1
213,501,2,1,1,3,3,3,0,0,0,1
213,21,2,1,1,3,1,3,0,2,0,1
213,405,2,1,1,3,2,3,0,1,0,1
213,341,2,1,1,3,2,3,0,1,0,1
214,214,0,1,1,2,2,2,0,0,0,1
214,215,1,1,1,2,2,2,0,0,0,1
214,212,1,1,1,2,1,2,0,1,0,1
214,210,1,1,1,2,1,2,0,1,0,1
214,222,1,1,1,2,2,2,0,0,0,1
214,198,1,1,1,2,2,2,0,0,0,0
214,246,1,1,1,2,2,2,0,0,0,1
214,150,1,1,1,2,1,2,0,1,0,1
214,86,1,1,1,2,1,2,0,1,0,1
214,470,1,1,1,2,2,2,0,0,0,1
214,213,2,1,1,2,1,2,0,1,0,1
214,211,2,1,1,2,1,2,0,1,0,1
214,223,2,1,1,2,2,2,0,0,0,1
214,199,2,1,1,2,2,2,0,0,0,0
214,247,2,1,1,2,2,2,0,0,0,1
214,151,2,1,1,2,1,2,0,1,0,1
214,87,2,1,1,2,1,2,0,1,0,1
214,471,2,1,1,2,2,2,0,0,0,1
214,208,2,1,1,2,0,2,0,2,0,1
214,220,2,1,1,2,1,2,0,1,0,1
214,196,2,1,0,2,1,1,0,0,1,0
214,244,2,1,1,2,1,2,0,1,0,1
214,148,2,1,1,2,1,2,0,1,0,1
214,84,2,1,1,2,0,2,0,2,0,1
214,468,2,1,1,2,1,2,0,1,0,1
214,218,2,1,1,2,1,2,0,1,0,1
214,194,2,1,1,2,1,2,0,1,0,0
214,242,2,1,1,2,1,2,0,1,0,1
214,146,2,1,1,2,0,2,0,2,0,1
214,82,2,1,1,2,1,2,0,1,0,1
214,466,2,1,1,2,1,2,0,1,0,1
214,206,2,1,1,2,2,2,0,0,0,0
214,254,2,1,1,2,2,2,0,0,0,1
214,158,2,1,1,2,1,2,0,1,0,1
214,94,2,1,1,2,1,2,0,1,0,1
214,478,2,1,1,2,2,2,0,0,0,1
214,230,2,1,1,2,2,2,0,0,0,0
214,134,2,1,1,2,1,2,0,1,0,0
214,70,2,1,0,2,1,1,0,0,1,0
214,454,2,1,1,2,2,2,0,0,0,0
214,182,2,1,1,2,1,2,0,1,0,1
214,118,2,1,1,2,1,2,0,1,0,1
214,502,2,1,1,2,2,2,0,0,0,1
214,22,2,1,1,2,0,2,0,2,0,1
214,406,2,1,1,2,1,2,0,1,0,1
214,342,2,1,1,2,1,2,0,1,0,1
215,215,0,1,1,2,2,2,0,0,0,1
215,214,1,1,1,2,1,2,0,1,0,1
215,213,1,1,1,2,2,2,0,0,0,1
215,211,1,1,1,2,1,2,0,1,0,1
215,223,1,1,1,2,2,2,0,0,0,1
215,199,1,1,1,2,2,2,0,0,0,0
215,247,1,1,1,2,2,2,0,0,0,1
215,151,1,1,1,2,1,2,0,1,0,1
215,87,1,1,1,2,1,2,0,1,0,1
215,471,1,1,1,2,2,2,0,0,0,1
215,212,2,1,1,2,1,2,0,1,0,1
215,210,2,1,1,2,0,2,0,2,0,1
215,222,2,1,1,2,1,2,0,1,0,1
215,198,2,1,1,2,1,2,0,1,0,0
215,246,2,1,1,2,1,2,0,1,0,1
215,150,2,1,1,2,1,2,0,1,0,1
215,86,2,1,1,2,0,2,0,2,0,1
215,470,2,1,1,2,1,2,0,1,0,1
215,209,2,1,1,2,1,2,0,1,0,1
215,221,2,1,1,2,2,2,0,0,0,1
215,197,2,1,1,2,2,2,0,0,0,0
215,245,2,1,1,2,2,2,0,0,0,1
215,149,2,1,1,2,1,2,0,1,0,1
215,85,2,1,1,2,1,2,0,1,0,1
215,469,2,1,1,2,2,2,0,0,0,1
215,219,2,1,1,2,1,2,0,1,0,1
215,195,2,1,1,2,1,2,0,1,0,0
215,243,2,1,1,2,1,2,0,1,0,1
215,147,2,1,1,2,0,2,0,2,0,1
215,83,2,1,1,2,1,2,0,1,0,1
215,467,2,1,1,2,1,2,0,1,0,1
215,207,2,1,1,2,2,2,0,0,0,0
215,255,2,1,1,2,2,2,0,0,0,1
215,159,2,1,1,2,1,2,0,1,0,1
215,95,2,1,1,2,1,2,0,1,0,1
215,479,2,1,1,2,2,2,0,0,0,1
215,231,2,1,1,2,2,2,0,0,0,0
215,135,2,1,1,2,1,2,0,1,0,0
215,71,2,1,0,2,1,1,0,0,1,0
215,455,2,1,1,2,2,2,0,0,0,0
215,183,2,1,1,2,1,2,0,1,0,1
215,119,2,1,1,2,1,2,0,1,0,1
215,503,2,1,1,2,2,2,0,0,0,1
215,23,2,1,1,2,0,2,0,2,0,1
215,407,2,1,1,2,1,2,0,1,0,1
215,343,2,1,1,2,1,2,0,1,0,1
216,216,0,1,1,0,0,0,0,0,0,1
216,217,1,1,1,0,0,0,0,0,0,1
216,218,1,1,1,0,0,0,0,0,0,1
216,220,1,1,1,0,0,0,0,0,0,1
216,208,1,1,1,0,0,0,0,0,0,1
216,200,1,1,0,0,0,0,0,0,1,0
216,248,1,1,1,0,0,0,0,0,0,1
216,152,1,1,1,0,0,0,0,0,0,1
216,88,1,1,1,0,0,0,0,0,0,1
216,472,1,1,1,0,0,0,0,0,0,1
216,219,2,1,1,0,0,0,0,0,0,1
216,221,2,1,1,0,0,0,0,0,0,1
216,209,2,1,1,0,0,0,0,0,0,1
216,201,2,1,0,0,0,0,0,0,1,0
216,249,2,1,1,0,0,0,0,0,0,1
216,153,2,1,1,0,0,0,0,0,0,1
216,89,2,1,1,0,0,0,0,0,0,1
216,473,2,1,1,0,0,0,0,0,0,1
216,222,2,1,1,0,0,0,0,0,0,1
216,210,2,1,1,0,0,0,0,0,0,1
216,202,2,1,1,0,0,0,0,0,0,0
216,250,2,1,1,0,0,0,0,0,0,1
216,154,2,1,1,0,0,0,0,0,0,1
216,90,2,1,1,0,0,0,0,0,0,1
216,474,2,1,1,0,0,0,0,0,0,1
216,212,2,1,1,0,0,0,0,0,0,1
216,204,2,1,1,0,0,0,0,0,0,0
216,252,2,1,1,0,0,0,0,0,0,1
216,156,2,1,1,0,0,0,0,0,0,1
216,92,2,1,1,0,0,0,0,0,0,1
216,476,2,1,1,0,0,0,0,0,0,1
216,192,2,1,0,0,0,0,0,0,1,0
216,240,2,1,1,0,0,0,0,0,0,1
216,144,2,1,1,0,0,0,0,0,0,1
216,80,2,1,1,0,0,0,0,0,0,1
216,464,2,1,1,0,0,0,0,0,0,1
216,232,2,1,1,0,0,0,0,0,0,0
216,136,2,1,0,0,0,0,0,0,1,0
216,72,2,1,0,0,0,0,0,0,1,0
216,456,2,1,0,0,0,0,0,0,1,0
216,184,2,1,1,0,0,0,0,0,0,1
216,120,2,1,1,0,0,0,0,0,0,1
216,504,2,1,1,0,0,0,0,0,0,1
216,24,2,1,1,0,0,0,0,0,0,1
216,408,2,1,1,0,0,0,0,0,0,1
216,344,2,1,1,0,0,0,0,0,0,1
217,217,0,1,1,0,0,0,0,0,0,1
217,216,1,1,1,0,0,0,0,0,0,1
217,219,1,1,1,0,0,0,0,0,0,1
217,221,1,1,1,0,0,0,0,0,0,1
217,209,1,1,1,0,0,0,0,0,0,1
217,201,1,1,0,0,0,0,0,0,1,0
217,249,1,1,1,0,0,0,0,0,0,1
217,153,1,1,1,0,0,0,0,0,0,1
217,89,1,1,1,0,0,0,0,0,0,1
217,473,1,1,1,0,0,0,0,0,0,1
217,218,2,1,1,0,0,0,0,0,0,1
217,220,2,1,1,0,0,0,0,0,0,1
217,208,2,1,1,0,0,0,0,0,0,1
217,200,2,1,0,0,0,0,0,0,1,0
217,248,2,1,1,0,0,0,0,0,0,1
217,152,2,1,1,0,0,0,0,0,0,1
217,88,2,1,1,0,0,0,0,0,0,1
217,472,2,1,1,0,0,0,0,0,0,1
217,223,2,1,1,0,0,0,0,0,0,1
217,211,2,1,1,0,0,0,0,0,0,1
217,203,2,1,1,0,0,0,0,0,0,0
217,251,2,1,1,0,0,0,0,0,0,1
217,155,2,1,1,0,0,0,0,0,0,1
217,91,2,1,1,0,0,0,0,0,0,1
217,475,2,1,1,0,0,0,0,0,0,1
217,213,2,1,1,0,0,0,0,0,0,1
217,205,2,1,1,0,0,0,0,0,0,0
217,253,2,1,1,0,0,0,0,0,0,1
217,157,2,1,1,0,0,0,0,0,0,1
217,93,2,1,1,0,0,0,0,0,0,1
217,477,2,1,1,0,0,0,0,0,0,1
217,193,2,1,0,0,0,0,0,0,1,0
217,241,2,1,1,0,0,0,0,0,0,1
217,145,2,1,1,0,0,0,0,0,0,1
217,81,2,1,1,0,0,0,0,0,0,1
217,465,2,1,1,0,0,0,0,0,0,1
217,233,2,1,1,0,0,0,0,0,0,0
217,137,2,1,0,0,0,0,0,0,1,0
217,73,2,1,0,0,0,0,0,0,1,0
217,457,2,1,0,0,0,0,0,0,1,0
217,185,2,1,1,0,0,0,0,0,0,1
217,121,2,1,1,0,0,0,0,0,0,1
217,505,2,1,1,0,0,0,0,0,0,1
217,25,2,1,1,0,0,0,0,0,0,1
217,409,2,1,1,0,0,0,0,0,0,1
217,345,2,1,1,0,0,0,0,0,0,1
218,218,0,1,1,0,0,0,0,0,0,1
218,219,1,1,1,0,0,0,0,0,0,1
218,216,1,1,1,0,0,0,0,0,0,1
218,222,1,1,1,0,0,0,0,0,0,1
218,210,1,1,1,0,0,0,0,0,0,1
218,202,1,1,1,0,0,0,0,0,0,0
218,250,1,1,1,0,0,0,0,0,0,1
218,154,1,1,1,0,0,0,0,0,0,1
218,90,1,1,1,0,0,0,0,0,0,1
218,474,1,1,1,0,0,0,0,0,0,1
218,217,2,1,1,0,0,0,0,0,0,1
218,223,2,1,1,0,0,0,0,0,0,1
218,211,2,1,1,0,0,0,0,0,0,1
218,203,2,1,1,0,0,0,0,0,0,0
218,251,2,1,1,0,0,0,0,0,0,1
218,155,2,1,1,0,0,0,0,0,0,1
218,91,2,1,1,0,0,0,0,0,0,1
218,475,2,1,1,0,0,0,0,0,0,1
218,220,2,1,1,0,0,0,0,0,0,1
218,208,2,1,1,0,0,0,0,0,0,1
218,200,2,1,0,0,0,0,0,0,1,0
218,248,2,1,1,0,0,0,0,0,0,1
218,152,2,1,1,0,0,0,0,0,0,1
218,88,2,1,1,0,0,0,0,0,0,1
218,472,2,1,1,0,0,0,0,0,0,1
218,214,2,1,1,0,0,0,0,0,0,1
218,206,2,1,1,0,0,0,0,0,0,0
218,254,2,1,1,0,0,0,0,0,0,1
218,158,2,1,1,0,0,0,0,0,0,1
218,94,2,1,1,0,0,0,0,0,0,1
218,478,2,1,1,0,0,0,0,0,0,1
218,194,2,1,1,0,0,0,0,0,0,0
218,242,2,1,1,0,0,0,0,0,0,1
218,146,2,1,1,0,0,0,0,0,0,1
218,82,2,1,1,0,0,0,0,0,0,1
218,466,2,1,1,0,0,0,0,0,0,1
218,234,2,1,1,0,0,0,0,0,0,0
218,138,2,1,1,0,0,0,0,0,0,0
218,74,2,1,0,0,0,0,0,0,1,0
218,458,2,1,1,0,0,0,0,0,0,0
218,186,2,1,1,0,0,0,0,0,0,1
218,122,2,1,1,0,0,0,0,0,0,1
218,506,2,1,1,0,0,0,0,0,0,1
218,26,2,1,1,0,0,0,0,0,0,1
218,410,2,1,1,0,0,0,0,0,0,1
218,346,2,1,1,0,0,0,0,0,0,1
219,219,0,1,1,0,0,0,0,0,0,1
219,218,1,1,1,0,0,0,0,0,0,1
219,217,1,1,1,0,0,0,0,0,0,1
219,223,1,1,1,0,0,0,0,0,0,1
219,211,1,1,1,0,0,0,0,0,0,1
219,203,1,1,1,0,0,0,0,0,0,0
219,251,1,1,1,0,0,0,0,0,0,1
219,155,1,1,1,0,0,0,0,0,0,1
219,91,1,1,1,0,0,0,0,0,0,1
219,475,1,1,1,0,0,0,0,0,0,1
219,216,2,1,1,0,0,0,0,0,0,1
219,222,2,1,1,0,0,0,0,0,0,1
219,210,2,1,1,0,0,0,0,0,0,1
219,202,2,1,1,0,0,0,0,0,0,0
219,250,2,1,1,0,0,0,0,0,0,1
219,154,2,1,1,0,0,0,0,0,0,1
219,90,2,1,1,0,0,0,0,0,0,1
219,474,2,1,1,0,0,0,0,0,0,1
219,221,2,1,1,0,0,0,0,0,0,1
219,209,2,1,1,0,0,0,0,0,0,1
219,201,2,1,0,0,0,0,0,0,1,0
219,249,2,1,1,0,0,0,0,0,0,1
219,153,2,1,1,0,0,0,0,0,0,1
219,89,2,1,1,0,0,0,0,0,0,1
219,473,2,1,1,0,0,0,0,0,0,1
219,215,2,1,1,0,0,0,0,0,0,1
219,207,2,1,1,0,0,0,0,0,0,0
219,255,2,1,1,0,0,0,0,0,0,1
219,159,2,1,1,0,0,0,0,0,0,1
219,95,2,1,1,0,0,0,0,0,0,1
219,479,2,1,1,0,0,0,0,0,0,1
219,195,2,1,1,0,0,0,0,0,0,0
219,243,2,1,1,0,0,0,0,0,0,1
219,147,2,1,1,0,0,0,0,0,0,1
219,83,2,1,1,0,0,0,0,0,0,1
219,467,2,1,1,0,0,0,0,0,0,1
219,235,2,1,1,0,0,0,0,0,0,0
219,139,2,1,1,0,0,0,0,0,0,0
219,75,2,1,0,0,0,0,0,0,1,0
219,459,2,1,1,0,0,0,0,0,0,0
219,187,2,1,1,0,0,0,0,0,0,1
219,123,2,1,1,0,0,0,0,0,0,1
219,507,2,1,1,0,0,0,0,0,0,1
219,27,2,1,1,0,0,0,0,0,0,1
219,411,2,1,1,0,0,0,0,0,0,1
219,347,2,1,1,0,0,0,0,0,0,1
220,220,0,1,1,2,2,2,0,0,0,1
220,221,1,1,1,2,2,2,0,0,0,1
220,222,1,1,1,2,2,2,0,0,0,1
220,216,1,1,1,2,0,2,0,2,0,1
220,212,1,1,1,2,1,2,0,1,0,1
220,204,1,1,1,2,2,2,0,0,0,0
220,252,1,1,1,2,2,2,0,0,0,1
220,156,1,1,1,2,2,2,0,0,0,1
220,92,1,1,1,2,1,2,0,1,0,1
220,476,1,1,1,2,2,2,0,0,0,1
220,223,2,1,1,2,2,2,0,0,0,1
220,217,2,1,1,2,0,2,0,2,0,1
220,213,2,1,1,2,1,2,0,1,0,1
220,205,2,1,1,2,2,2,0,0,0,0
220,253,2,1,1,2,2,2,0,0,0,1
220,157,2,1,1,2,2,2,0,0,0,1
220,93,2,1,1,2,1,2,0,1,0,1
220,477,2,1,1,2,2,2,0,0,0,1
220,218,2,1,1,2,0,2,0,2,0,1
220,214,2,1,1,2,1,2,0,1,0,1
220,206,2,1,1,2,2,2,0,0,0,0
220,254,2,1,1,2,2,2,0,0,0,1
220,158,2,1,1,2,2,2,0,0,0,1
220,94,2,1,1,2,1,2,0,1,0,1
220,478,2,1,1,2,2,2,0,0,0,1
220,208,2,1,1,2,0,2,0,2,0,1
220,200,2,1,0,2,0,0,0,0,1,0
220,248,2,1,1,2,0,2,0,2,0,1
220,152,2,1,1,2,0,2,0,2,0,1
220,88,2,1,1,2,0,2,0,2,0,1
220,472,2,1,1,2,0,2,0,2,0,1
220,196,2,1,0,2,1,1,0,0,1,0
220,244,2,1,1,2,1,2,0,1,0,1
220,148,2,1,1,2,1,2,0,1,0,1
220,84,2,1,1,2,0,2,0,2,0,1
220,468,2,1,1,2,1,2,0,1,0,1
220,236,2,1,1,2,2,2,0,0,0,0
220,140,2,1,1,2,2,2,0,0,0,0
220,76,2,1,0,2,1,1,0,0,1,0
220,460,2,1,1,2,2,2,0,0,0,0
220,188,2,1,1,2,2,2,0,0,0,1
220,124,2,1,1,2,1,2,0,1,0,1
220,508,2,1,1,2,2,2,0,0,0,1
220,28,2,1,1,2,1,2,0,1,0,1
220,412,2,1,1,2,2,2,0,0,0,1
220,348,2,1,1,2,1,2,0,1,0,1
221,221,0,1,1,2,2,2,0,0,0,1
221,220,1,1,1,2,1,2,0,1,0,1
221,223,1,1,1,2,2,2,0,0,0,1
221,217,1,1,1,2,0,2,0,2,0,1
221,213,1,1,1,2,2,2,0,0,0,1
221,205,1,1,1,2,2,2,0,0,0,0
221,253,1,1,1,2,2,2,0,0,0,1
221,157,1,1,1,2,2,2,0,0,0,1
221,93,1,1,1,2,1,2,0,1,0,1
221,477,1,1,1,2,2,2,0,0,0,1
221,222,2,1,1,2,1,2,0,1,0,1
221,216,2,1,1,2,0,2,0,2,0,1
221,212,2,1,1,2,1,2,0,1,0,1
221,204,2,1,1,2,1,2,0,1,0,0
221,252,2,1,1,2,1,2,0,1,0,1
221,156,2,1,1,2,1,2,0,1,0,1
221,92,2,1,1,2,0,2,0,2,0,1
221,476,2,1,1,2,1,2,0,1,0,1
221,219,2,1,1,2,0,2,0,2,0,1
221,215,2,1,1,2,2,2,0,0,0,1
221,207,2,1,1,2,2,2,0,0,0,0
221,255,2,1,1,2,2,2,0,0,0,1
221,159,2,1,1,2,2,2,0,0,0,1
221,95,2,1,1,2,1,2,0,1,0,1
221,479,2,1,1,2,2,2,0,0,0,1
221,209,2,1,1,2,0,2,0,2,0,1
221,201,2,1,0,2,0,0,0,0,1,0
221,249,2,1,1,2,0,2,0,2,0,1
221,153,2,1,1,2,0,2,0,2,0,1
221,89,2,1,1,2,0,2,0,2,0,1
221,473,2,1,1,2,0,2,0,2,0,1
221,197,2,1,1,2,2,2,0,0,0,0
221,245,2,1,1,2,2,2,0,0,0,1
221,149,2,1,1,2,2,2,0,0,0,1
221,85,2,1,1,2,1,2,0,1,0,1
221,469,2,1,1,2,2,2,0,0,0,1
221,237,2,1,1,2,2,2,0,0,0,0
221,141,2,1,1,2,2,2,0,0,0,0
221,77,2,1,0,2,1,1,0,0,1,0
221,461,2,1,1,2,2,2,0,0,0,0
221,189,2,1,1,2,2,2,0,0,0,1
221,125,2,1,1,2,1,2,0,1,0,1
221,509,2,1,1,2,2,2,0,0,0,1
221,29,2,1,1,2,1,2,0,1,0,1
221,413,2,1,1,2,2,2,0,0,0,1
221,349,2,1,1,2,1,2,0,1,0,1
222,222,0,1,1,1,1,1,0,0,0,1
222,223,1,1,1,1,1,1,0,0,0,1
222,220,1,1,1,1,1,1,0,0,0,1
222,218,1,1,1,1,0,1,0,1,0,1
222,214,1,1,1,1,1,1,0,0,0,1
222,206,1,1,1,1,1,1,0,0,0,0
222,254,1,1,1,1,1,1,0,0,0,1
222,158,1,1,1,1,1,1,0,0,0,1
222,94,1,1,1,1,0,1,0,1,0,1
222,478,1,1,1,1,1,1,0,0,0,1
222,221,2,1,1,1,1,1,0,0,0,1
222,219,2,1,1,1,0,1,0,1,0,1
222,215,2,1,1,1,1,1,0,0,0,1
222,207,2,1,1,1,1,1,0,0,0,0
222,255,2,1,1,1,1,1,0,0,0,1
222,159,2,1,1,1,1,1,0,0,0,1
222,95,2,1,1,1,0,1,0,1,0,1
222,479,2,1,1,1,1,1,0,0,0,1
222,216,2,1,1,1,0,1,0,1,0,1
222,212,2,1,1,1,1,1,0,0,0,1
222,204,2,1,1,1,1,1,0,0,0,0
222,252,2,1,1,1,1,1,0,0,0,1
222,156,2,1,1,1,1,1,0,0,0,1
222,92,2,1,1,1,0,1,0,1,0,1
222,476,2,1,1,1,1,1,0,0,0,1
222,210,2,1,1,1,0,1,0,1,0,1
222,202,2,1,1,1,0,1,0,1,0,0
222,250,2,1,1,1,0,1,0,1,0,1
222,154,2,1,1,1,0,1,0,1,0,1
222,90,2,1,1,1,0,1,0,1,0,1
222,474,2,1,1,1,0,1,0,1,0,1
222,198,2,1,1,1,1,1,0,0,0,0
222,246,2,1,1,1,1,1,0,0,0,1
222,150,2,1,1,1,1,1,0,0,0,1
222,86,2,1,1,1,0,1,0,1,0,1
222,470,2,1,1,1,1,1,0,0,0,1
222,238,2,1,1,1,1,1,0,0,0,0
222,142,2,1,1,1,1,1,0,0,0,0
222,78,2,1,0,1,0,0,0,0,1,0
222,462,2,1,1,1,1,1,0,0,0,0
222,190,2,1,1,1,1,1,0,0,0,1
222,126,2,1,1,1,0,1,0,1,0,1
222,510,2,1,1,1,1,1,0,0,0,1
222,30,2,1,1,1,0,1,0,1,0,1
222,414,2,1,1,1,1,1,0,0,0,1
222,350,2,1,1,1,0,1,0,1,0,1
223,223,0,1,1,1,1,1,0,0,0,1
223,222,1,1,1,1,1,1,0,0,0,1
223,221,1,1,1,1,1,1,0,0,0,1
223,219,1,1,1,1,0,1,0,1,0,1
223,215,1,1,1,1,1,1,0,0,0,1
223,207,1,1,1,1,1,1,0,0,0,0
223,255,1,1,1,1,1,1,0,0,0,1
223,159,1,1,1,1,1,1,0,0,0,1
223,95,1,1,1,1,0,1,0,1,0,1
223,479,1,1,1,1,1,1,0,0,0,1
223,220,2,1,1,1,1,1,0,0,0,1
223,218,2,1,1,1,0,1,0,1,0,1
223,214,2,1,1,1,1,1,0,0,0,1
223,206,2,1,1,1,1,1,0,0,0,0
223,254,2,1,1,1,1,1,0,0,0,1
223,158,2,1,1,1,1,1,0,0,0,1
223,94,2,1,1,1,0,1,0,1,0,1
223,478,2,1,1,1,1,1,0,0,0,1
223,217,2,1,1,1,0,1,0,1,0,1
223,213,2,1,1,1,1,1,0,0,0,1
223,205,2,1,1,1,1,1,0,0,0,0
223,253,2,1,1,1,1,1,0,0,0,1
223,157,2,1,1,1,1,1,0,0,0,1
223,93,2,1,1,1,0,1,0,1,0,1
223,477,2,1,1,1,1,1,0,0,0,1
223,211,2,1,1,1,0,1,0,1,0,1
223,203,2,1,1,1,0,1,0,1,0,0
223,251,2,1,1,1,0,1,0,1,0,1
223,155,2,1,1,1,0,1,0,1,0,1
223,91,2,1,1,1,0,1,0,1,0,1
223,475,2,1,1,1,0,1,0,1,0,1
223,199,2,1,1,1,1,1,0,0,0,0
223,247,2,1,1,1,1,1,0,0,0,1
223,151,2,1,1,1,1,1,0,0,0,1
223,87,2,1,1,1,0,1,0,1,0,1
223,471,2,1,1,1,1,1,0,0,0,1
223,239,2,1,1,1,1,1,0,0,0,0
223,143,2,1,1,1,1,1,0,0,0,0
223,79,2,1,0,1,0,0,0,0,1,0
223,463,2,1,1,1,1,1,0,0,0,0
223,191,2,1,1,1,1,1,0,0,0,1
223,127,2,1,1,1,0,1,0,1,0,1
223,511,2,1,1,1,1,1,0,0,0,1
223,31,2,1,1,1,0,1,0,1,0,1
223,415,2,1,1,1,1,1,0,0,0,1
223,351,2,1,1,1,0,1,0,1,0,1
224,224,0,0,0,0,0,0,0,0,0,0
224,225,1,0,1,0,0,0,0,0,0,0
224,226,1,0,1,0,0,0,0,0,0,0
224,228,1,0,0,0,0,0,0,0,0,0
224,232,1,0,1,0,0,0,0,0,0,0
224,240,1,0,1,0,0,0,0,0,0,0
224,192,1,0,0,0,0,0,0,0,0,0
224,160,1,0,0,0,0,0,0,0,0,0
224,96,1,0,0,0,0,0,0,0,0,0
224,480,1,0,0,0,0,0,0,0,0,0
224,227,2,0,1,0,0,0,0,0,0,0
224,229,2,0,1,0,0,0,0,0,0,0
224,233,2,0,1,0,0,0,0,0,0,0
224,241,2,0,1,0,0,0,0,0,0,0
224,193,2,0,0,0,0,0,0,0,0,0
224,161,2,0,1,0,0,0,0,0,0,0
224,97,2,0,1,0,0,0,0,0,0,0
224,481,2,0,1,0,0,0,0,0,0,0
224,230,2,0,1,0,0,0,0,0,0,0
224,234,2,0,1,0,0,0,0,0,0,0
224,242,2,0,1,0,0,0,0,0,0,0
224,194,2,0,1,0,0,0,0,0,0,0
224,162,2,0,1,0,0,0,0,0,0,0
224,98,2,0,1,0,0,0,0,0,0,0
224,482,2,0,1,0,0,0,0,0,0,0
224,236,2,0,1,0,0,0,0,0,0,0
224,244,2,0,1,0,0,0,0,0,0,0
224,196,2,0,0,0,0,0,0,0,0,0
224,164,2,0,0,0,0,0,0,0,0,0
224,100,2,0,0,0,0,0,0,0,0,0
224,484,2,0,0,0,0,0,0,0,0,0
224,248,2,0,1,0,0,0,0,0,0,0
224,200,2,0,0,0,0,0,0,0,0,0
224,168,2,0,1,0,0,0,0,0,0,0
224,104,2,0,1,0,0,0,0,0,0,0
224,488,2,0,1,0,0,0,0,0,0,0
224,208,2,0,1,0,0,0,0,0,0,0
224,176,2,0,1,0,0,0,0,0,0,0
224,112,2,0,1,0,0,0,0,0,0,0
224,496,2,0,1,0,0,0,0,0,0,0
224,128,2,0,0,0,0,0,0,0,0,0
224,64,2,0,0,0,0,0,0,0,0,0
224,448,2,0,0,0,0,0,0,0,0,0
224,32,2,0,0,0,0,0,0,0,0,0
224,416,2,0,0,0,0,0,0,0,0,0
224,352,2,0,0,0,0,0,0,0,0,0
225,225,0,1,1,3,3,3,0,0,0,1
225,224,1,1,0,3,0,0,0,0,1,0
225,227,1,1,1,3,3,3,0,0,0,1
225,229,1,1,1,3,3,3,0,0,0,1
225,233,1,1,1,3,3,3,0,0,0,1
225,241,1,1,1,3,3,3,0,0,0,1
225,193,1,1,0,3,1,1,0,0,1,0
225,161,1,1,1,3,2,3,0,1,0,1
225,97,1,1,1,3,2,3,0,1,0,0
225,481,1,1,1,3,3,3,0,0,0,1
225,226,2,1,1,3,0,3,0,3,0,0
225,228,2,1,0,3,0,0,0,0,1,0
225,232,2,1,1,3,0,3,0,3,0,0
225,240,2,1,1,3,0,3,0,3,0,0
225,192,2,1,0,3,0,0,0,0,1,0
225,160,2,1,0,3,0,0,0,0,1,0
225,96,2,1,0,3,0,0,0,0,1,0
225,480,2,1,0,3,0,0,0,0,1,0
225,231,2,1,1,3,3,3,0,0,0,1
225,235,2,1,1,3,3,3,0,0,0,1
225,243,2,1,1,3,3,3,0,0,0,1
225,195,2,1,1,3,1,3,0,2,0,0
225,163,2,1,1,3,2,3,0,1,0,1
225,99,2,1,1,3,2,3,0,1,0,0
225,483,2,1,1,3,3,3,0,0,0,1
225,237,2,1,1,3,3,3,0,0,0,1
225,245,2,1,1,3,3,3,0,0,0,1
225,197,2,1,1,3,1,3,0,2,0,0
225,165,2,1,1,3,2,3,0,1,0,1
225,101,2,1,1,3,2,3,0,1,0,0
225,485,2,1,1,3,3,3,0,0,0,1
225,249,2,1,1,3,3,3,0,0,0,1
225,201,2,1,0,3,1,1,0,0,1,0
225,169,2,1,1,3,2,3,0,1,0,1
225,105,2,1,1,3,2,3,0,1,0,0
225,489,2,1,1,3,3,3,0,0,0,1
225,209,2,1,1,3,1,3,0,2,0,0
225,177,2,1,1,3,2,3,0,1,0,1
225,113,2,1,1,3,2,3,0,1,0,0
225,497,2,1,1,3,3,3,0,0,0,1
225,129,2,1,0,3,0,1,0,1,1,0
225,65,2,1,0,3,1,1,0,0,1,0
225,449,2,1,0,3,1,1,0,0,1,0
225,33,2,1,0,3,1,1,0,0,1,0
225,417,2,1,1,3,2,3,0,1,0,1
225,353,2,1,1,3,2,3,0,1,0,0
226,226,0,1,1,2,2,2,0,0,0,1
226,227,1,1,1,2,2,2,0,0,0,1
226,224,1,1,0,2,0,0,0,0,1,0
226,230,1,1,1,2,2,2,0,0,0,1
226,234,1,1,1,2,2,2,0,0,0,1
226,242,1,1,1,2,2,2,0,0,0,1
226,194,1,1,1,2,2,2,0,0,0,1
226,162,1,1,1,2,1,2,0,1,0,1
226,98,1,1,1,2,1,2,0,1,0,0
226,482,1,1,1,2,2,2,0,0,0,1
226,225,2,1,1,2,0,2,0,2,0,0
226,231,2,1,1,2,2,2,0,0,0,1
226,235,2,1,1,2,2,2,0,0,0,1
226,243,2,1,1,2,2,2,0,0,0,1
226,195,2,1,1,2,2,2,0,0,0,1
226,163,2,1,1,2,1,2,0,1,0,1
226,99,2,1,1,2,1,2,0,1,0,0
226,483,2,1,1,2,2,2,0,0,0,1
226,228,2,1,0,2,0,0,0,0,1,0
226,232,2,1,1,2,0,2,0,2,0,0
226,240,2,1,1,2,0,2,0,2,0,0
226,192,2,1,0,2,0,0,0,0,1,0
226,160,2,1,0,2,0,0,0,0,1,0
226,96,2,1,0,2,0,0,0,0,1,0
226,480,2,1,0,2,0,0,0,0,1,0
226,238,2,1,1,2,2,2,0,0,0,1
226,246,2,1,1,2,2,2,0,0,0,1
226,198,2,1,1,2,2,2,0,0,0,1
226,166,2,1,1,2,1,2,0,1,0,1
226,102,2,1,1,2,1,2,0,1,0,0
226,486,2,1,1,2,2,2,0,0,0,1
226,250,2,1,1,2,2,2,0,0,0,1
226,202,2,1,1,2,2,2,0,0,0,1
226,170,2,1,1,2,1,2,0,1,0,1
226,106,2,1,1,2,1,2,0,1,0,0
226,490,2,1,1,2,2,2,0,0,0,1
226,210,2,1,1,2,2,2,0,0,0,1
226,178,2,1,1,2,1,2,0,1,0,1
226,114,2,1,1,2,1,2,0,1,0,0
226,498,2,1,1,2,2,2,0,0,0,1
226,130,2,1,1,2,1,2,0,1,0,1
226,66,2,1,0,2,1,1,0,0,1,0
226,450,2,1,1,2,2,2,0,0,0,1
226,34,2,1,0,2,0,0,0,0,1,0
226,418,2,1,1,2,1,2,0,1,0,1
226,354,2,1,1,2,1,2,0,1,0,0
227,227,0,1,1,2,2,2,0,0,0,1
227,226,1,1,1,2,1,2,0,1,0,1
227,225,1,1,1,2,1,2,0,1,0,0
227,231,1,1,1,2,2,2,0,0,0,1
227,235,1,1,1,2,2,2,0,0,0,1
227,243,1,1,1,2,2,2,0,0,0,1
227,195,1,1,1,2,2,2,0,0,0,1
227,163,1,1,1,2,1,2,0,1,0,1
227,99,1,1,1,2,1,2,0,1,0,0
227,483,1,1,1,2,2,2,0,0,0,1
227,224,2,1,0,2,0,0,0,0,1,0
227,230,2,1,1,2,1,2,0,1,0,1
227,234,2,1,1,2,1,2,0,1,0,1
227,242,2,1,1,2,1,2,0,1,0,1
227,194,2,1,1,2,1,2,0,1,0,1
227,162,2,1,1,2,1,2,0,1,0,1
227,98,2,1,1,2,0,2,0,2,0,0
227,482,2,1,1,2,1,2,0,1,0,1
227,229,2,1,1,2,1,2,0,1,0,0
227,233,2,1,1,2,1,2,0,1,0,0
227,241,2,1,1,2,1,2,0,1,0,0
227,193,2,1,0,2,1,1,0,0,1,0
227,161,2,1,1,2,0,2,0,2,0,0
227,97,2,1,1,2,1,2,0,1,0,0
227,481,2,1,1,2,1,2,0,1,0,0
227,239,2,1,1,2,2,2,0,0,0,1
227,247,2,1,1,2,2,2,0,0,0,1
227,199,2,1,1,2,2,2,0,0,0,1
227,167,2,1,1,2,1,2,0,1,0,1
227,103,2,1,1,2,1,2,0,1,0,0
227,487,2,1,1,2,2,2,0,0,0,1
227,251,2,1,1,2,2,2,0,0,0,1
227,203,2,1,1,2,2,2,0,0,0,1
227,171,2,1,1,2,1,2,0,1,0,1
227,107,2,1,1,2,1,2,0,1,0,0
227,491,2,1,1,2,2,2,0,0,0,1
227,211,2,1,1,2,2,2,0,0,0,1
227,179,2,1,1,2,1,2,0,1,0,1
227,115,2,1,1,2,1,2,0,1,0,0
227,499,2,1,1,2,2,2,0,0,0,1
227,131,2,1,1,2,1,2,0,1,0,1
227,67,2,1,0,2,1,1,0,0,1,0
227,451,2,1,1,2,2,2,0,0,0,1
227,35,2,1,0,2,0,0,0,0,1,0
227,419,2,1,1,2,1,2,0,1,0,1
227,355,2,1,1,2,1,2,0,1,0,0
228,228,0,0,0,0,0,0,0,0,0,0
228,229,1,0,1,0,0,0,0,0,0,0
228,230,1,0,1,0,0,0,0,0,0,0
228,224,1,0,0,0,0,0,0,0,0,0
228,236,1,0,1,0,0,0,0,0,0,0
228,244,1,0,1,0,0,0,0,0,0,0
228,196,1,0,0,0,0,0,0,0,0,0
228,164,1,0,0,0,0,0,0,0,0,0
228,100,1,0,0,0,0,0,0,0,0,0
228,484,1,0,0,0,0,0,0,0,0,0
228,231,2,0,1,0,0,0,0,0,0,0
228,225,2,0,1,0,0,0,0,0,0,0
228,237,2,0,1,0,0,0,0,0,0,0
228,245,2,0,1,0,0,0,0,0,0,0
228,197,2,0,1,0,0,0,0,0,0,0
228,165,2,0,1,0,0,0,0,0,0,0
228,101,2,0,1,0,0,0,0,0,0,0
228,485,2,0,1,0,0,0,0,0,0,0
228,226,2,0,1,0,0,0,0,0,0,0
228,238,2,0,1,0,0,0,0,0,0,0
228,246,2,0,1,0,0,0,0,0,0,0
228,198,2,0,1,0,0,0,0,0,0,0
228,166,2,0,1,0,0,0,0,0,0,0
228,102,2,0,1,0,0,0,0,0,0,0
228,486,2,0,1,0,0,0,0,0,0,0
228,232,2,0,1,0,0,0,0,0,0,0
228,240,2,0,1,0,0,0,0,0,0,0
228,192,2,0,0,0,0,0,0,0,0,0
228,160,2,0,0,0,0,0,0,0,0,0
228,96,2,0,0,0,0,0,0,0,0,0
228,480,2,0,0,0,0,0,0,0,0,0
228,252,2,0,1,0,0,0,0,0,0,0
228,204,2,0,1,0,0,0,0,0,0,0
228,172,2,0,1,0,0,0,0,0,0,0
228,108,2,0,1,0,0,0,0,0,0,0
228,492,2,0,1,0,0,0,0,0,0,0
228,212,2,0,1,0,0,0,0,0,0,0
228,180,2,0,1,0,0,0,0,0,0,0
228,116,2,0,1,0,0,0,0,0,0,0
228,500,2,0,1,0,0,0,0,0,0,0
228,132,2,0,0,0,0,0,0,0,0,0
228,68,2,0,0,0,0,0,0,0,0,0
228,452,2,0,0,0,0,0,0,0,0,0
228,36,2,0,0,0,0,0,0,0,0,0
228,420,2,0,0,0,0,0,0,0,0,0
228,356,2,0,0,0,0,0,0,0,0,0
229,229,0,1,1,3,3,3,0,0,0,1
229,228,1,1,0,3,0,0,0,0,1,0
229,231,1,1,1,3,3,3,0,0,0,1
229,225,1,1,1,3,1,3,0,2,0,0
229,237,1,1,1,3,3,3,0,0,0,1
229,245,1,1,1,3,3,3,0,0,0,1
229,197,1,1,1,3,3,3,0,0,0,1
229,165,1,1,1,3,2,3,0,1,0,1
229,101,1,1,1,3,2,3,0,1,0,0
229,485,1,1,1,3,3,3,0,0,0,1
229,230,2,1,1,3,0,3,0,3,0,0
229,224,2,1,0,3,0,0,0,0,1,0
229,236,2,1,1,3,0,3,0,3,0,0
229,244,2,1,1,3,0,3,0,3,0,0
229,196,2,1,0,3,0,0,0,0,1,0
229,164,2,1,0,3,0,0,0,0,1,0
229,100,2,1,0,3,0,0,0,0,1,0
229,484,2,1,0,3,0,0,0,0,1,0
229,227,2,1,1,3,1,3,0,2,0,0
229,239,2,1,1,3,3,3,0,0,0,1
229,247,2,1,1,3,3,3,0,0,0,1
229,199,2,1,1,3,3,3,0,0,0,1
229,167,2,1,1,3,2,3,0,1,0,1
229,103,2,1,1,3,2,3,0,1,0,0
229,487,2,1,1,3,3,3,0,0,0,1
229,233,2,1,1,3,1,3,0,2,0,0
229,241,2,1,1,3,1,3,0,2,0,0
229,193,2,1,0,3,1,1,0,0,1,0
229,161,2,1,1,3,0,3,0,3,0,0
229,97,2,1,1,3,1,3,0,2,0,0
229,481,2,1,1,3,1,3,0,2,0,0
229,253,2,1,1,3,3,3,0,0,0,1
229,205,2,1,1,3,3,3,0,0,0,1
229,173,2,1,1,3,2,3,0,1,0,1
229,109,2,1,1,3,2,3,0,1,0,0
229,493,2,1,1,3,3,3,0,0,0,1
229,213,2,1,1,3,3,3,0,0,0,1
229,181,2,1,1,3,2,3,0,1,0,1
229,117,2,1,1,3,2,3,0,1,0,0
229,501,2,1,1,3,3,3,0,0,0,1
229,133,2,1,1,3,2,3,0,1,0,1
229,69,2,1,0,3,2,2,0,0,1,0
229,453,2,1,1,3,3,3,0,0,0,1
229,37,2,1,0,3,1,1,0,0,1,0
229,421,2,1,1,3,2,3,0,1,0,1
229,357,2,1,1,3,2,3,0,1,0,0
230,230,0,1,1,2,2,2,0,0,0,1
230,231,1,1,1,2,2,2,0,0,0,1
230,228,1,1,0,2,0,0,0,0,1,0
230,226,1,1,1,2,2,2,0,0,0,1
230,238,1,1,1,2,2,2,0,0,0,1
230,246,1,1,1,2,2,2,0,0,0,1
230,198,1,1,1,2,2,2,0,0,0,1
230,166,1,1,1,2,1,2,0,1,0,1
230,102,1,1,1,2,1,2,0,1,0,0
230,486,1,1,1,2,2,2,0,0,0,1
230,229,2,1,1,2,0,2,0,2,0,0
230,227,2,1,1,2,2,2,0,0,0,1
230,239,2,1,1,2,2,2,0,0,0,1
230,247,2,1,1,2,2,2,0,0,0,1
230,199,2,1,1,2,2,2,0,0,0,1
230,167,2,1,1,2,1,2,0,1,0,1
230,103,2,1,1,2,1,2,0,1,0,0
230,487,2,1,1,2,2,2,0,0,0,1
230,224,2,1,0,2,0,0,0,0,1,0
230,236,2,1,1,2,0,2,0,2,0,0
230,244,2,1,1,2,0,2,0,2,0,0
230,196,2,1,0,2,0,0,0,0,1,0
230,164,2,1,0,2,0,0,0,0,1,0
230,100,2,1,0,2,0,0,0,0,1,0
230,484,2,1,0,2,0,0,0,0,1,0
230,234,2,1,1,2,2,2,0,0,0,1
230,242,2,1,1,2,2,2,0,0,0,1
230,194,2,1,1,2,2,2,0,0,0,1
230,162,2,1,1,2,1,2,0,1,0,1
230,98,2,1,1,2,1,2,0,1,0,0
230,482,2,1,1,2,2,2,0,0,0,1
230,254,2,1,1,2,2,2,0,0,0,1
230,206,2,1,1,2,2,2,0,0,0,1
230,174,2,1,1,2,1,2,0,1,0,1
230,110,2,1,1,2,1,2,0,1,0,0
230,494,2,1,1,2,2,2,0,0,0,1
230,214,2,1,1,2,2,2,0,0,0,1
230,182,2,1,1,2,1,2,0,1,0,1
230,118,2,1,1,2,1,2,0,1,0,0
230,502,2,1,1,2,2,2,0,0,0,1
230,134,2,1,1,2,1,2,0,1,0,1
230,70,2,1,0,2,1,1,0,0,1,0
230,454,2,1,1,2,2,2,0,0,0,1
230,38,2,1,0,2,0,0,0,0,1,0
230,422,2,1,1,2,1,2,0,1,0,1
230,358,2,1,1,2,1,2,0,1,0,0
231,231,0,1,1,2,2,2,0,0,0,1
231,230,1,1,1,2,1,2,0,1,0,1
231,229,1,1,1,2,1,2,0,1,0,0
231,227,1,1,1,2,2,2,0,0,0,1
231,239,1,1,1,2,2,2,0,0,0,1
231,247,1,1,1,2,2,2,0,0,0,1
231,199,1,1,1,2,2,2,0,0,0,1
231,167,1,1,1,2,1,2,0,1,0,1
231,103,1,1,1,2,1,2,0,1,0,0
231,487,1,1,1,2,2,2,0,0,0,1
231,228,2,1,0,2,0,0,0,0,1,0
231,226,2,1,1,2,1,2,0,1,0,1
231,238,2,1,1,2,1,2,0,1,0,1
231,246,2,1,1,2,1,2,0,1,0,1
231,198,2,1,1,2,1,2,0,1,0,1
231,166,2,1,1,2,1,2,0,1,0,1
231,102,2,1,1,2,0,2,0,2,0,0
231,486,2,1,1,2,1,2,0,1,0,1
231,225,2,1,1,2,1,2,0,1,0,0
231,237,2,1,1,2,1,2,0,1,0,0
231,245,2,1,1,2,1,2,0,1,0,0
231,197,2,1,1,2,1,2,0,1,0,0
231,165,2,1,1,2,0,2,0,2,0,0
231,101,2,1,1,2,1,2,0,1,0,0
231,485,2,1,1,2,1,2,0,1,0,0
231,235,2,1,1,2,2,2,0,0,0,1
231,243,2,1,1,2,2,2,0,0,0,1
231,195,2,1,1,2,2,2,0,0,0,1
231,163,2,1,1,2,1,2,0,1,0,1
231,99,2,1,1,2,1,2,0,1,0,0
231,483,2,1,1,2,2,2,0,0,0,1
231,255,2,1,1,2,2,2,0,0,0,1
231,207,2,1,1,2,2,2,0,0,0,1
231,175,2,1,1,2,1,2,0,1,0,1
231,111,2,1,1,2,1,2,0,1,0,0
231,495,2,1,1,2,2,2,0,0,0,1
231,215,2,1,1,2,2,2,0,0,0,1
231,183,2,1,1,2,1,2,0,1,0,1
231,119,2,1,1,2,1,2,0,1,0,0
231,503,2,1,1,2,2,2,0,0,0,1
231,135,2,1,1,2,1,2,0,1,0,1
231,71,2,1,0,2,1,1,0,0,1,0
231,455,2,1,1,2,2,2,0,0,0,1
231,39,2,1,0,2,0,0,0,0,1,0
231,423,2,1,1,2,1,2,0,1,0,1
231,359,2,1,1,2,1,2,0,1,0,0
232,232,0,1,1,1,1,1,0,0,0,1
232,233,1,1,1,1,1,1,0,0,0,1
232,234,1,1,1,1,1,1,0,0,0,1
232,236,1,1,1,1,1,1,0,0,0,1
232,224,1,1,0,1,0,0,0,0,1,0
232,248,1,1,1,1,1,1,0,0,0,1
232,200,1,1,0,1,0,0,0,0,1,0
232,168,1,1,1,1,1,1,0,0,0,1
232,104,1,1,1,1,1,1,0,0,0,1
232,488,1,1,1,1,1,1,0,0,0,1
232,235,2,1,1,1,1,1,0,0,0,1
232,237,2,1,1,1,1,1,0,0,0,1
232,225,2,1,1,1,0,1,0,1,0,0
232,249,2,1,1,1,1,1,0,0,0,1
232,201,2,1,0,1,0,0,0,0,1,0
232,169,2,1,1,1,1,1,0,0,0,1
232,105,2,1,1,1,1,1,0,0,0,1
232,489,2,1,1,1,1,1,0,0,0,1
232,238,2,1,1,1,1,1,0,0,0,1
232,226,2,1,1,1,0,1,0,1,0,0
232,250,2,1,1,1,1,1,0,0,0,1
232,202,2,1,1,1,0,1,0,1,0,0
232,170,2,1,1,1,1,1,0,0,0,1
232,106,2,1,1,1,1,1,0,0,0,1
232,490,2,1,1,1,1,1,0,0,0,1
232,228,2,1,0,1,0,0,0,0,1,0
232,252,2,1,1,1,1,1,0,0,0,1
232,204,2,1,1,1,0,1,0,1,0,0
232,172,2,1,1,1,1,1,0,0,0,1
232,108,2,1,1,1,1,1,0,0,0,1
232,492,2,1,1,1,1,1,0,0,0,1
232,240,2,1,1,1,0,1,0,1,0,0
232,192,2,1,0,1,0,0,0,0,1,0
232,160,2,1,0,1,0,0,0,0,1,0
232,96,2,1,0,1,0,0,0,0,1,0
232,480,2,1,0,1,0,0,0,0,1,0
232,216,2,1,1,1,0,1,0,1,0,0
232,184,2,1,1,1,1,1,0,0,0,1
232,120,2,1,1,1,1,1,0,0,0,1
232,504,2,1,1,1,1,1,0,0,0,1
232,136,2,1,0,1,0,0,0,0,1,0
232,72,2,1,0,1,0,0,0,0,1,0
232,456,2,1,0,1,0,0,0,0,1,0
232,40,2,1,1,1,1,1,0,0,0,1
232,424,2,1,1,1,1,1,0,0,0,1
232,360,2,1,1,1,1,1,0,0,0,1
233,233,0,1,1,2,2,2,0,0,0,1
233,232,1,1,1,2,1,2,0,1,0,0
233,235,1,1,1,2,2,2,0,0,0,1
233,237,1,1,1,2,2,2,0,0,0,1
233,225,1,1,1,2,1,2,0,1,0,1
233,249,1,1,1,2,2,2,0,0,0,1
233,201,1,1,0,2,0,0,0,0,1,0
233,169,1,1,1,2,2,2,0,0,0,1
233,105,1,1,1,2,2,2,0,0,0,0
233,489,1,1,1,2,2,2,0,0,0,1
233,234,2,1,1,2,1,2,0,1,0,0
233,236,2,1,1,2,1,2,0,1,0,0
233,224,2,1,0,2,0,0,0,0,1,0
233,248,2,1,1,2,1,2,0,1,0,0
233,200,2,1,0,2,0,0,0,0,1,0
233,168,2,1,1,2,1,2,0,1,0,0
233,104,2,1,1,2,1,2,0,1,0,0
233,488,2,1,1,2,1,2,0,1,0,0
233,239,2,1,1,2,2,2,0,0,0,1
233,227,2,1,1,2,1,2,0,1,0,1
233,251,2,1,1,2,2,2,0,0,0,1
233,203,2,1,1,2,0,2,0,2,0,0
233,171,2,1,1,2,2,2,0,0,0,1
233,107,2,1,1,2,2,2,0,0,0,0
233,491,2,1,1,2,2,2,0,0,0,1
233,229,2,1,1,2,1,2,0,1,0,1
233,253,2,1,1,2,2,2,0,0,0,1
233,205,2,1,1,2,0,2,0,2,0,0
233,173,2,1,1,2,2,2,0,0,0,1
233,109,2,1,1,2,2,2,0,0,0,0
233,493,2,1,1,2,2,2,0,0,0,1
233,241,2,1,1,2,1,2,0,1,0,1
233,193,2,1,0,2,0,0,0,0,1,0
233,161,2,1,1,2,1,2,0,1,0,1
233,97,2,1,1,2,1,2,0,1,0,0
233,481,2,1,1,2,1,2,0,1,0,1
233,217,2,1,1,2,0,2,0,2,0,0
233,185,2,1,1,2,2,2,0,0,0,1
233,121,2,1,1,2,2,2,0,0,0,0
233,505,2,1,1,2,2,2,0,0,0,1
233,137,2,1,0,2,0,0,0,0,1,0
233,73,2,1,0,2,0,0,0,0,1,0
233,457,2,1,0,2,0,0,0,0,1,0
233,41,2,1,1,2,2,2,0,0,0,0
233,425,2,1,1,2,2,2,0,0,0,1
233,361,2,1,1,2,2,2,0,0,0,0
234,234,0,1,1,1,1,1,0,0,0,1
234,235,1,1,1,1,1,1,0,0,0,1
234,232,1,1,1,1,1,1,0,0,0,0
234,238,1,1,1,1,1,1,0,0,0,1
234,226,1,1,1,1,0,1,0,1,0,1
234,250,1,1,1,1,1,1,0,0,0,1
234,202,1,1,1,1,0,1,0,1,0,1
234,170,1,1,1,1,1,1,0,0,0,1
234,106,1,1,1,1,1,1,0,0,0,0
234,490,1,1,1,1,1,1,0,0,0,1
234,233,2,1,1,1,1,1,0,0,0,0
234,239,2,1,1,1,1,1,0,0,0,1
234,227,2,1,1,1,0,1,0,1,0,1
234,251,2,1,1,1,1,1,0,0,0,1
234,203,2,1,1,1,0,1,0,1,0,1
234,171,2,1,1,1,1,1,0,0,0,1
234,107,2,1,1,1,1,1,0,0,0,0
234,491,2,1,1,1,1,1,0,0,0,1
234,236,2,1,1,1,1,1,0,0,0,0
234,224,2,1,0,1,0,0,0,0,1,0
234,248,2,1,1,1,1,1,0,0,0,0
234,200,2,1,0,1,0,0,0,0,1,0
234,168,2,1,1,1,1,1,0,0,0,0
234,104,2,1,1,1,1,1,0,0,0,0
234,488,2,1,1,1,1,1,0,0,0,0
234,230,2,1,1,1,0,1,0,1,0,1
234,254,2,1,1,1,1,1,0,0,0,1
234,206,2,1,1,1,0,1,0,1,0,1
234,174,2,1,1,1,1,1,0,0,0,1
234,110,2,1,1,1,1,1,0,0,0,0
234,494,2,1,1,1,1,1,0,0,0,1
234,242,2,1,1,1,0,1,0,1,0,1
234,194,2,1,1,1,0,1,0,1,0,1
234,162,2,1,1,1,0,1,0,1,0,1
234,98,2,1,1,1,0,1,0,1,0,0
234,482,2,1,1,1,0,1,0,1,0,1
234,218,2,1,1,1,0,1,0,1,0,1
234,186,2,1,1,1,1,1,0,0,0,1
234,122,2,1,1,1,1,1,0,0,0,0
234,506,2,1,1,1,1,1,0,0,0,1
234,138,2,1,1,1,0,1,0,1,0,1
234,74,2,1,0,1,0,0,0,0,1,0
234,458,2,1,1,1,0,1,0,1,0,1
234,42,2,1,1,1,1,1,0,0,0,0
234,426,2,1,1,1,1,1,0,0,0,1
234,362,2,1,1,1,1,1,0,0,0,0
235,235,0,1,1,1,1,1,0,0,0,1
235,234,1,1,1,1,1,1,0,0,0,1
235,233,1,1,1,1,1,1,0,0,0,0
235,239,1,1,1,1,1,1,0,0,0,1
235,227,1,1,1,1,0,1,0,1,0,1
235,251,1,1,1,1,1,1,0,0,0,1
235,203,1,1,1,1,0,1,0,1,0,1
235,171,1,1,1,1,1,1,0,0,0,1
235,107,1,1,1,1,1,1,0,0,0,0
235,491,1,1,1,1,1,1,0,0,0,1
235,232,2,1,1,1,1,1,0,0,0,0
235,238,2,1,1,1,1,1,0,0,0,1
235,226,2,1,1,1,0,1,0,1,0,1
235,250,2,1,1,1,1,1,0,0,0,1
235,202,2,1,1,1,0,1,0,1,0,1
235,170,2,1,1,1,1,1,0,0,0,1
235,106,2,1,1,1,1,1,0,0,0,0
235,490,2,1,1,1,1,1,0,0,0,1
235,237,2,1,1,1,1,1,0,0,0,0
235,225,2,1,1,1,0,1,0,1,0,0
235,249,2,1,1,1,1,1,0,0,0,0
235,201,2,1,0,1,0,0,0,0,1,0
235,169,2,1,1,1,1,1,0,0,0,0
235,105,2,1,1,1,1,1,0,0,0,0
235,489,2,1,1,1,1,1,0,0,0,0
235,231,2,1,1,1,0,1,0,1,0,1
235,255,2,1,1,1,1,1,0,0,0,1
235,207,2,1,1,1,0,1,0,1,0,1
235,175,2,1,1,1,1,1,0,0,0,1
235,111,2,1,1,1,1,1,0,0,0,0
235,495,2,1,1,1,1,1,0,0,0,1
235,243,2,1,1,1,0,1,0,1,0,1
235,195,2,1,1,1,0,1,0,1,0,1
235,163,2,1,1,1,0,1,0,1,0,1
235,99,2,1,1,1,0,1,0,1,0,0
235,483,2,1,1,1,0,1,0,1,0,1
235,219,2,1,1,1,0,1,0,1,0,1
235,187,2,1,1,1,1,1,0,0,0,1
235,123,2,1,1,1,1,1,0,0,0,0
235,507,2,1,1,1,1,1,0,0,0,1
235,139,2,1,1,1,0,1,0,1,0,1
235,75,2,1,0,1,0,0,0,0,1,0
235,459,2,1,1,1,0,1,0,1,0,1
235,43,2,1,1,1,1,1,0,0,0,0
235,427,2,1,1,1,1,1,0,0,0,1
235,363,2,1,1,1,1,1,0,0,0,0
236,236,0,1,1,2,2,2,0,0,0,1
236,237,1,1,1,2,2,2,0,0,0,1
236,238,1,1,1,2,2,2,0,0,0,1
236,232,1,1,1,2,1,2,0,1,0,0
236,228,1,1,0,2,0,0,0,0,1,0
236,252,1,1,1,2,2,2,0,0,0,1
236,204,1,1,1,2,1,2,0,1,0,1
236,172,1,1,1,2,2,2,0,0,0,1
236,108,1,1,1,2,2,2,0,0,0,0
236,492,1,1,1,2,2,2,0,0,0,1
236,239,2,1,1,2,2,2,0,0,0,1
236,233,2,1,1,2,1,2,0,1,0,0
236,229,2,1,1,2,0,2,0,2,0,0
236,253,2,1,1,2,2,2,0,0,0,1
236,205,2,1,1,2,1,2,0,1,0,1
236,173,2,1,1,2,2,2,0,0,0,1
236,109,2,1,1,2,2,2,0,0,0,0
236,493,2,1,1,2,2,2,0,0,0,1
236,234,2,1,1,2,1,2,0,1,0,0
236,230,2,1,1,2,0,2,0,2,0,0
236,254,2,1,1,2,2,2,0,0,0,1
236,206,2,1,1,2,1,2,0,1,0,1
236,174,2,1,1,2,2,2,0,0,0,1
236,110,2,1,1,2,2,2,0,0,0,0
236,494,2,1,1,2,2,2,0,0,0,1
236,224,2,1,0,2,0,0,0,0,1,0
236,248,2,1,1,2,1,2,0,1,0,0
236,200,2,1,0,2,0,0,0,0,1,0
236,168,2,1,1,2,1,2,0,1,0,0
236,104,2,1,1,2,1,2,0,1,0,0
236,488,2,1,1,2,1,2,0,1,0,0
236,244,2,1,1,2,0,2,0,2,0,0
236,196,2,1,0,2,0,0,0,0,1,0
236,164,2,1,0,2,0,0,0,0,1,0
236,100,2,1,0,2,0,0,0,0,1,0
236,484,2,1,0,2,0,0,0,0,1,0
236,220,2,1,1,2,1,2,0,1,0,1
236,188,2,1,1,2,2,2,0,0,0,1
236,124,2,1,1,2,2,2,0,0,0,0
236,508,2,1,1,2,2,2,0,0,0,1
236,140,2,1,1,2,1,2,0,1,0,1
236,76,2,1,0,2,1,1,0,0,1,0
236,460,2,1,1,2,1,2,0,1,0,1
236,44,2,1,1,2,2,2,0,0,0,0
236,428,2,1,1,2,2,2,0,0,0,1
236,364,2,1,1,2,2,2,0,0,0,0
237,237,0,1,1,2,2,2,0,0,0,1
237,236,1,1,1,2,1,2,0,1,0,0
237,239,1,1,1,2,2,2,0,0,0,1
237,233,1,1,1,2,1,2,0,1,0,0
237,229,1,1,1,2,1,2,0,1,0,1
237,253,1,1,1,2,2,2,0,0,0,1
237,205,1,1,1,2,1,2,0,1,0,1
237,173,1,1,1,2,2,2,0,0,0,1
237,109,1,1,1,2,2,2,0,0,0,0
237,493,1,1,1,2,2,2,0,0,0,1
237,238,2,1,1,2,1,2,0,1,0,0
237,232,2,1,1,2,1,2,0,1,0,0
237,228,2,1,0,2,0,0,0,0,1,0
237,252,2,1,1,2,1,2,0,1,0,0
237,204,2,1,1,2,0,2,0,2,0,0
237,172,2,1,1,2,1,2,0,1,0,0
237,108,2,1,1,2,1,2,0,1,0,0
237,492,2,1,1,2,1,2,0,1,0,0
237,235,2,1,1,2,1,2,0,1,0,0
237,231,2,1,1,2,1,2,0,1,0,1
237,255,2,1,1,2,2,2,0,0,0,1
237,207,2,1,1,2,1,2,0,1,0,1
237,175,2,1,1,2,2,2,0,0,0,1
237,111,2,1,1,2,2,2,0,0,0,0
237,495,2,1,1,2,2,2,0,0,0,1
237,225,2,1,1,2,0,2,0,2,0,0
237,249,2,1,1,2,1,2,0,1,0,0
237,201,2,1,0,2,0,0,0,0,1,0
237,169,2,1,1,2,1,2,0,1,0,0
237,105,2,1,1,2,1,2,0,1,0,0
237,489,2,1,1,2,1,2,0,1,0,0
237,245,2,1,1,2,1,2,0,1,0,1
237,197,2,1,1,2,1,2,0,1,0,1
237,165,2,1,1,2,1,2,0,1,0,1
237,101,2,1,1,2,1,2,0,1,0,0
237,485,2,1,1,2,1,2,0,1,0,1
237,221,2,1,1,2,1,2,0,1,0,1
237,189,2,1,1,2,2,2,0,0,0,1
237,125,2,1,1,2,2,2,0,0,0,0
237,509,2,1,1,2,2,2,0,0,0,1
237,141,2,1,1,2,1,2,0,1,0,1
237,77,2,1,0,2,1,1,0,0,1,0
237,461,2,1,1,2,1,2,0,1,0,1
237,45,2,1,1,2,2,2,0,0,0,0
237,429,2,1,1,2,2,2,0,0,0,1
237,365,2,1,1,2,2,2,0,0,0,0
238,238,0,1,1,1,1,1,0,0,0,1
238,239,1,1,1,1,1,1,0,0,0,1
238,236,1,1,1,1,1,1,0,0,0,0
238,234,1,1,1,1,1,1,0,0,0,1
238,230,1,1,1,1,0,1,0,1,0,1
238,254,1,1,1,1,1,1,0,0,0,1
238,206,1,1,1,1,0,1,0,1,0,1
238,174,1,1,1,1,1,1,0,0,0,1
238,110,1,1,1,1,1,1,0,0,0,0
238,494,1,1,1,1,1,1,0,0,0,1
238,237,2,1,1,1,1,1,0,0,0,0
238,235,2,1,1,1,1,1,0,0,0,1
238,231,2,1,1,1,0,1,0,1,0,1
238,255,2,1,1,1,1,1,0,0,0,1
238,207,2,1,1,1,0,1,0,1,0,1
238,175,2,1,1,1,1,1,0,0,0,1
238,111,2,1,1,1,1,1,0,0,0,0
238,495,2,1,1,1,1,1,0,0,0,1
238,232,2,1,1,1,1,1,0,0,0,0
238,228,2,1,0,1,0,0,0,0,1,0
238,252,2,1,1,1,1,1,0,0,0,0
238,204,2,1,1,1,0,1,0,1,0,0
238,172,2,1,1,1,1,1,0,0,0,0
238,108,2,1,1,1,1,1,0,0,0,0
238,492,2,1,1,1,1,1,0,0,0,0
238,226,2,1,1,1,0,1,0,1,0,1
238,250,2,1,1,1,1,1,0,0,0,1
238,202,2,1,1,1,0,1,0,1,0,1
238,170,2,1,1,1,1,1,0,0,0,1
238,106,2,1,1,1,1,1,0,0,0,0
238,490,2,1,1,1,1,1,0,0,0,1
238,246,2,1,1,1,0,1,0,1,0,1
238,198,2,1,1,1,0,1,0,1,0,1
238,166,2,1,1,1,0,1,0,1,0,1
238,102,2,1,1,1,0,1,0,1,0,0
238,486,2,1,1,1,0,1,0,1,0,1
238,222,2,1,1,1,0,1,0,1,0,1
238,190,2,1,1,1,1,1,0,0,0,1
238,126,2,1,1,1,1,1,0,0,0,0
238,510,2,1,1,1,1,1,0,0,0,1
238,142,2,1,1,1,0,1,0,1,0,1
238,78,2,1,0,1,0,0,0,0,1,0
238,462,2,1,1,1,0,1,0,1,0,1
238,46,2,1,1,1,1,1,0,0,0,0
238,430,2,1,1,1,1,1,0,0,0,1
238,366,2,1,1,1,1,1,0,0,0,0
239,239,0,1,1,1,1,1,0,0,0,1
239,238,1,1,1,1,1,1,0,0,0,1
239,237,1,1,1,1,1,1,0,0,0,0
239,235,1,1,1,1,1,1,0,0,0,1
239,231,1,1,1,1,0,1,0,1,0,1
239,255,1,1,1,1,1,1,0,0,0,1
239,207,1,1,1,1,0,1,0,1,0,1
239,175,1,1,1,1,1,1,0,0,0,1
239,111,1,1,1,1,1,1,0,0,0,0
239,495,1,1,1,1,1,1,0,0,0,1
239,236,2,1,1,1,1,1,0,0,0,0
239,234,2,1,1,1,1,1,0,0,0,1
239,230,2,1,1,1,0,1,0,1,0,1
239,254,2,1,1,1,1,1,0,0,0,1
239,206,2,1,1,1,0,1,0,1,0,1
239,174,2,1,1,1,1,1,0,0,0,1
239,110,2,1,1,1,1,1,0,0,0,0
239,494,2,1,1,1,1,1,0,0,0,1
239,233,2,1,1,1,1,1,0,0,0,0
239,229,2,1,1,1,0,1,0,1,0,0
239,253,2,1,1,1,1,1,0,0,0,0
239,205,2,1,1,1,0,1,0,1,0,0
239,173,2,1,1,1,1,1,0,0,0,0
239,109,2,1,1,1,1,1,0,0,0,0
239,493,2,1,1,1,1,1,0,0,0,0
239,227,2,1,1,1,0,1,0,1,0,1
239,251,2,1,1,1,1,1,0,0,0,1
239,203,2,1,1,1,0,1,0,1,0,1
239,171,2,1,1,1,1,1,0,0,0,1
239,107,2,1,1,1,1,1,0,0,0,0
239,491,2,1,1,1,1,1,0,0,0,1
239,247,2,1,1,1,0,1,0,1,0,1
239,199,2,1,1,1,0,1,0,1,0,1
239,167,2,1,1,1,0,1,0,1,0,1
239,103,2,1,1,1,0,1,0,1,0,0
239,487,2,1,1,1,0,1,0,1,0,1
239,223,2,1,1,1,0,1,0,1,0,1
239,191,2,1,1,1,1,1,0,0,0,1
239,127,2,1,1,1,1,1,0,0,0,0
239,511,2,1,1,1,1,1,0,0,0,1
239,143,2,1,1,1,0,1,0,1,0,1
239,79,2,1,0,1,0,0,0,0,1,0
239,463,2,1,1,1,0,1,0,1,0,1
239,47,2,1,1,1,1,1,0,0,0,0
239,431,2,1,1,1,1,1,0,0,0,1
239,367,2,1,1,1,1,1,0,0,0,0
240,240,0,1,1,0,0,0,0,0,0,1
240,241,1,1,1,0,0,0,0,0,0,1
240,242,1,1,1,0,0,0,0,0,0,1
240,244,1,1,1,0,0,0,0,0,0,1
240,248,1,1,1,0,0,0,0,0,0,1
240,224,1,1,0,0,0,0,0,0,1,0
240,208,1,1,1,0,0,0,0,0,0,1
240,176,1,1,1,0,0,0,0,0,0,1
240,112,1,1,1,0,0,0,0,0,0,1
240,496,1,1,1,0,0,0,0,0,0,1
240,243,2,1,1,0,0,0,0,0,0,1
240,245,2,1,1,0,0,0,0,0,0,1
240,249,2,1,1,0,0,0,0,0,0,1
240,225,2,1,1,0,0,0,0,0,0,0
240,209,2,1,1,0,0,0,0,0,0,1
240,177,2,1,1,0,0,0,0,0,0,1
240,113,2,1,1,0,0,0,0,0,0,1
240,497,2,1,1,0,0,0,0,0,0,1
240,246,2,1,1,0,0,0,0,0,0,1
240,250,2,1,1,0,0,0,0,0,0,1
240,226,2,1,1,0,0,0,0,0,0,0
240,210,2,1,1,0,0,0,0,0,0,1
240,178,2,1,1,0,0,0,0,0,0,1
240,114,2,1,1,0,0,0,0,0,0,1
240,498,2,1,1,0,0,0,0,0,0,1
240,252,2,1,1,0,0,0,0,0,0,1
240,228,2,1,0,0,0,0,0,0,1,0
240,212,2,1,1,0,0,0,0,0,0,1
240,180,2,1,1,0,0,0,0,0,0,1
240,116,2,1,1,0,0,0,0,0,0,1
240,500,2,1,1,0,0,0,0,0,0,1
240,232,2,1,1,0,0,0,0,0,0,0
240,216,2,1,1,0,0,0,0,0,0,1
240,184,2,1,1,0,0,0,0,0,0,1
240,120,2,1,1,0,0,0,0,0,0,1
240,504,2,1,1,0,0,0,0,0,0,1
240,192,2,1,0,0,0,0,0,0,1,0
240,160,2,1,0,0,0,0,0,0,1,0
240,96,2,1,0,0,0,0,0,0,1,0
240,480,2,1,0,0,0,0,0,0,1,0
240,144,2,1,1,0,0,0,0,0,0,1
240,80,2,1,1,0,0,0,0,0,0,1
240,464,2,1,1,0,0,0,0,0,0,1
240,48,2,1,1,0,0,0,0,0,0,1
240,432,2,1,1,0,0,0,0,0,0,1
240,368,2,1,1,0,0,0,0,0,0,1
241,241,0,1,1,2,2,2,0,0,0,1
241,240,1,1,1,2,0,2,0,2,0,1
241,243,1,1,1,2,2,2,0,0,0,1
241,245,1,1,1,2,2,2,0,0,0,1
241,249,1,1,1,2,2,2,0,0,0,1
241,225,1,1,1,2,2,2,0,0,0,0
241,209,1,1,1,2,1,2,0,1,0,1
241,177,1,1,1,2,1,2,0,1,0,1
241,113,1,1,1,2,2,2,0,0,0,1
241,497,1,1,1,2,2,2,0,0,0,1
241,242,2,1,1,2,0,2,0,2,0,1
241,244,2,1,1,2,0,2,0,2,0,1
241,248,2,1,1,2,0,2,0,2,0,1
241,224,2,1,0,2,0,0,0,0,1,0
241,208,2,1,1,2,0,2,0,2,0,1
241,176,2,1,1,2,0,2,0,2,0,1
241,112,2,1,1,2,0,2,0,2,0,1
241,496,2,1,1,2,0,2,0,2,0,1
241,247,2,1,1,2,2,2,0,0,0,1
241,251,2,1,1,2,2,2,0,0,0,1
241,227,2,1,1,2,2,2,0,0,0,0
241,211,2,1,1,2,1,2,0,1,0,1
241,179,2,1,1,2,1,2,0,1,0,1
241,115,2,1,1,2,2,2,0,0,0,1
241,499,2,1,1,2,2,2,0,0,0,1
241,253,2,1,1,2,2,2,0,0,0,1
241,229,2,1,1,2,2,2,0,0,0,0
241,213,2,1,1,2,1,2,0,1,0,1
241,181,2,1,1,2,1,2,0,1,0,1
241,117,2,1,1,2,2,2,0,0,0,1
241,501,2,1,1,2,2,2,0,0,0,1
241,233,2,1,1,2,2,2,0,0,0,0
241,217,2,1,1,2,1,2,0,1,0,1
241,185,2,1,1,2,1,2,0,1,0,1
241,121,2,1,1,2,2,2,0,0,0,1
241,505,2,1,1,2,2,2,0,0,0,1
241,193,2,1,0,2,1,1,0,0,1,0
241,161,2,1,1,2,1,2,0,1,0,0
241,97,2,1,1,2,2,2,0,0,0,0
241,481,2,1,1,2,2,2,0,0,0,0
241,145,2,1,1,2,0,2,0,2,0,1
241,81,2,1,1,2,1,2,0,1,0,1
241,465,2,1,1,2,1,2,0,1,0,1
241,49,2,1,1,2,1,2,0,1,0,1
241,433,2,1,1,2,1,2,0,1,0,1
241,369,2,1,1,2,2,2,0,0,0,1
242,242,0,1,1,1,1,1,0,0,0,1
242,243,1,1,1,1,1,1,0,0,0,1
242,240,1,1,1,1,0,1,0,1,0,1
242,246,1,1,1,1,1,1,0,0,0,1
242,250,1,1,1,1,1,1,0,0,0,1
242,226,1,1,1,1,1,1,0,0,0,0
242,210,1,1,1,1,1,1,0,0,0,1
242,178,1,1,1,1,0,1,0,1,0,1
242,114,1,1,1,1,1,1,0,0,0,1
242,498,1,1,1,1,1,1,0,0,0,1
242,241,2,1,1,1,0,1,0,1,0,1
242,247,2,1,1,1,1,1,0,0,0,1
242,251,2,1,1,1,1,1,0,0,0,1
242,227,2,1,1,1,1,1,0,0,0,0
242,211,2,1,1,1,1,1,0,0,0,1
242,179,2,1,1,1,0,1,0,1,0,1
242,115,2,1,1,1,1,1,0,0,0,1
242,499,2,1,1,1,1,1,0,0,0,1
242,244,2,1,1,1,0,1,0,1,0,1
242,248,2,1,1,1,0,1,0,1,0,1
242,224,2,1,0,1,0,0,0,0,1,0
242,208,2,1,1,1,0,1,0,1,0,1
242,176,2,1,1,1,0,1,0,1,0,1
242,112,2,1,1,1,0,1,0,1,0,1
242,496,2,1,1,1,0,1,0,1,0,1
242,254,2,1,1,1,1,1,0,0,0,1
242,230,2,1,1,1,1,1,0,0,0,0
242,214,2,1,1,1,1,1,0,0,0,1
242,182,2,1,1,1,0,1,0,1,0,1
242,118,2,1,1,1,1,1,0,0,0,1
242,502,2,1,1,1,1,1,0,0,0,1
242,234,2,1,1,1,1,1,0,0,0,0
242,218,2,1,1,1,1,1,0,0,0,1
242,186,2,1,1,1,0,1,0,1,0,1
242,122,2,1,1,1,1,1,0,0,0,1
242,506,2,1,1,1,1,1,0,0,0,1
242,194,2,1,1,1,1,1,0,0,0,0
242,162,2,1,1,1,0,1,0,1,0,0
242,98,2,1,1,1,1,1,0,0,0,0
242,482,2,1,1,1,1,1,0,0,0,0
242,146,2,1,1,1,0,1,0,1,0,1
242,82,2,1,1,1,1,1,0,0,0,1
242,466,2,1,1,1,1,1,0,0,0,1
242,50,2,1,1,1,0,1,0,1,0,1
242,434,2,1,1,1,0,1,0,1,0,1
242,370,2,1,1,1,1,1,0,0,0,1
243,243,0,1,1,1,1,1,0,0,0,1
243,242,1,1,1,1,0,1,0,1,0,1
243,241,1,1,1,1,1,1,0,0,0,1
243,247,1,1,1,1,1,1,0,0,0,1
243,251,1,1,1,1,1,1,0,0,0,1
243,227,1,1,1,1,1,1,0,0,0,0
243,211,1,1,1,1,1,1,0,0,0,1
243,179,1,1,1,1,0,1,0,1,0,1
243,115,1,1,1,1,1,1,0,0,0,1
243,499,1,1,1,1,1,1,0,0,0,1
243,240,2,1,1,1,0,1,0,1,0,1
243,246,2,1,1,1,0,1,0,1,0,1
243,250,2,1,1,1,0,1,0,1,0,1
243,226,2,1,1,1,0,1,0,1,0,0
243,210,2,1,1,1,0,1,0,1,0,1
243,178,2,1,1,1,0,1,0,1,0,1
243,114,2,1,1,1,0,1,0,1,0,1
243,498,2,1,1,1,0,1,0,1,0,1
243,245,2,1,1,1,1,1,0,0,0,1
243,249,2,1,1,1,1,1,0,0,0,1
243,225,2,1,1,1,1,1,0,0,0,0
243,209,2,1,1,1,1,1,0,0,0,1
243,177,2,1,1,1,0,1,0,1,0,1
243,113,2,1,1,1,1,1,0,0,0,1
243,497,2,1,1,1,1,1,0,0,0,1
243,255,2,1,1,1,1,1,0,0,0,1
243,231,2,1,1,1,1,1,0,0,0,0
243,215,2,1,1,1,1,1,0,0,0,1
243,183,2,1,1,1,0,1,0,1,0,1
243,119,2,1,1,1,1,1,0,0,0,1
243,503,2,1,1,1,1,1,0,0,0,1
243,235,2,1,1,1,1,1,0,0,0,0
243,219,2,1,1,1,1,1,0,0,0,1
243,187,2,1,1,1,0,1,0,1,0,1
243,123,2,1,1,1,1,1,0,0,0,1
243,507,2,1,1,1,1,1,0,0,0,1
243,195,2,1,1,1,1,1,0,0,0,0
243,163,2,1,1,1,0,1,0,1,0,0
243,99,2,1,1,1,1,1,0,0,0,0
243,483,2,1,1,1,1,1,0,0,0,0
243,147,2,1,1,1,0,1,0,1,0,1
243,83,2,1,1,1,1,1,0,0,0,1
243,467,2,1,1,1,1,1,0,0,0,1
243,51,2,1,1,1,0,1,0,1,0,1
243,435,2,1,1,1,0,1,0,1,0,1
243,371,2,1,1,1,1,1,0,0,0,1
244,244,0,1,1,0,0,0,0,0,0,1
244,245,1,1,1,0,0,0,0,0,0,1
244,246,1,1,1,0,0,0,0,0,0,1
244,240,1,1,1,0,0,0,0,0,0,1
244,252,1,1,1,0,0,0,0,0,0,1
244,228,1,1,0,0,0,0,0,0,1,0
244,212,1,1,1,0,0,0,0,0,0,1
244,180,1,1,1,0,0,0,0,0,0,1
244,116,1,1,1,0,0,0,0,0,0,1
244,500,1,1,1,0,0,0,0,0,0,1
244,247,2,1,1,0,0,0,0,0,0,1
244,241,2,1,1,0,0,0,0,0,0,1
244,253,2,1,1,0,0,0,0,0,0,1
244,229,2,1,1,0,0,0,0,0,0,0
244,213,2,1,1,0,0,0,0,0,0,1
244,181,2,1,1,0,0,0,0,0,0,1
244,117,2,1,1,0,0,0,0,0,0,1
244,501,2,1,1,0,0,0,0,0,0,1
244,242,2,1,1,0,0,0,0,0,0,1
244,254,2,1,1,0,0,0,0,0,0,1
244,230,2,1,1,0,0,0,0,0,0,0
244,214,2,1,1,0,0,0,0,0,0,1
244,182,2,1,1,0,0,0,0,0,0,1
244,118,2,1,1,0,0,0,0,0,0,1
244,502,2,1,1,0,0,0,0,0,0,1
244,248,2,1,1,0,0,0,0,0,0,1
244,224,2,1,0,0,0,0,0,0,1,0
244,208,2,1,1,0,0,0,0,0,0,1
244,176,2,1,1,0,0,0,0,0,0,1
244,112,2,1,1,0,0,0,0,0,0,1
244,496,2,1,1,0,0,0,0,0,0,1
244,236,2,1,1,0,0,0,0,0,0,0
244,220,2,1,1,0,0,0,0,0,0,1
244,188,2,1,1,0,0,0,0,0,0,1
244,124,2,1,1,0,0,0,0,0,0,1
244,508,2,1,1,0,0,0,0,0,0,1
244,196,2,1,0,0,0,0,0,0,1,0
244,164,2,1,0,0,0,0,0,0,1,0
244,100,2,1,0,0,0,0,0,0,1,0
244,484,2,1,0,0,0,0,0,0,1,0
244,148,2,1,1,0,0,0,0,0,0,1
244,84,2,1,1,0,0,0,0,0,0,1
244,468,2,1,1,0,0,0,0,0,0,1
244,52,2,1,1,0,0,0,0,0,0,1
244,436,2,1,1,0,0,0,0,0,0,1
244,372,2,1,1,0,0,0,0,0,0,1
245,245,0,1,1,2,2,2,0,0,0,1
245,244,1,1,1,2,0,2,0,2,0,1
245,247,1,1,1,2,2,2,0,0,0,1
245,241,1,1,1,2,1,2,0,1,0,1
245,253,1,1,1,2,2,2,0,0,0,1
245,229,1,1,1,2,2,2,0,0,0,0
245,213,1,1,1,2,2,2,0,0,0,1
245,181,1,1,1,2,1,2,0,1,0,1
245,117,1,1,1,2,2,2,0,0,0,1
245,501,1,1,1,2,2,2,0,0,0,1
245,246,2,1,1,2,0,2,0,2,0,1
245,240,2,1,1,2,0,2,0,2,0,1
245,252,2,1,1,2,0,2,0,2,0,1
245,228,2,1,0,2,0,0,0,0,1,0
245,212,2,1,1,2,0,2,0,2,0,1
245,180,2,1,1,2,0,2,0,2,0,1
245,116,2,1,1,2,0,2,0,2,0,1
245,500,2,1,1,2,0,2,0,2,0,1
245,243,2,1,1,2,1,2,0,1,0,1
245,255,2,1,1,2,2,2,0,0,0,1
245,231,2,1,1,2,2,2,0,0,0,0
245,215,2,1,1,2,2,2,0,0,0,1
245,183,2,1,1,2,1,2,0,1,0,1
245,119,2,1,1,2,2,2,0,0,0,1
245,503,2,1,1,2,2,2,0,0,0,1
245,249,2,1,1,2,1,2,0,1,0,1
245,225,2,1,1,2,1,2,0,1,0,0
245,209,2,1,1,2,1,2,0,1,0,1
245,177,2,1,1,2,0,2,0,2,0,1
245,113,2,1,1,2,1,2,0,1,0,1
245,497,2,1,1,2,1,2,0,1,0,1
245,237,2,1,1,2,2,2,0,0,0,0
245,221,2,1,1,2,2,2,0,0,0,1
245,189,2,1,1,2,1,2,0,1,0,1
245,125,2,1,1,2,2,2,0,0,0,1
245,509,2,1,1,2,2,2,0,0,0,1
245,197,2,1,1,2,2,2,0,0,0,0
245,165,2,1,1,2,1,2,0,1,0,0
245,101,2,1,1,2,2,2,0,0,0,0
245,485,2,1,1,2,2,2,0,0,0,0
245,149,2,1,1,2,1,2,0,1,0,1
245,85,2,1,1,2,2,2,0,0,0,1
245,469,2,1,1,2,2,2,0,0,0,1
245,53,2,1,1,2,1,2,0,1,0,1
245,437,2,1,1,2,1,2,0,1,0,1
245,373,2,1,1,2,2,2,0,0,0,1
246,246,0,1,1,1,1,1,0,0,0,1
246,247,1,1,1,1,1,1,0,0,0,1
246,244,1,1,1,1,0,1,0,1,0,1
246,242,1,1,1,1,1,1,0,0,0,1
246,254,1,1,1,1,1,1,0,0,0,1
246,230,1,1,1,1,1,1,0,0,0,0
246,214,1,1,1,1,1,1,0,0,0,1
246,182,1,1,1,1,0,1,0,1,0,1
246,118,1,1,1,1,1,1,0,0,0,1
246,502,1,1,1,1,1,1,0,0,0,1
246,245,2,1,1,1,0,1,0,1,0,1
246,243,2,1,1,1,1,1,0,0,0,1
246,255,2,1,1,1,1,1,0,0,0,1
246,231,2,1,1,1,1,1,0,0,0,0
246,215,2,1,1,1,1,1,0,0,0,1
246,183,2,1,1,1,0,1,0,1,0,1
246,119,2,1,1,1,1,1,0,0,0,1
246,503,2,1,1,1,1,1,0,0,0,1
246,240,2,1,1,1,0,1,0,1,0,1
246,252,2,1,1,1,0,1,0,1,0,1
246,228,2,1,0,1,0,0,0,0,1,0
246,212,2,1,1,1,0,1,0,1,0,1
246,180,2,1,1,1,0,1,0,1,0,1
246,116,2,1,1,1,0,1,0,1,0,1
246,500,2,1,1,1,0,1,0,1,0,1
246,250,2,1,1,1,1,1,0,0,0,1
246,226,2,1,1,1,1,1,0,0,0,0
246,210,2,1,1,1,1,1,0,0,0,1
246,178,2,1,1,1,0,1,0,1,0,1
246,114,2,1,1,1,1,1,0,0,0,1
246,498,2,1,1,1,1,1,0,0,0,1
246,238,2,1,1,1,1,1,0,0,0,0
246,222,2,1,1,1,1,1,0,0,0,1
246,190,2,1,1,1,0,1,0,1,0,1
246,126,2,1,1,1,1,1,0,0,0,1
246,510,2,1,1,1,1,1,0,0,0,1
246,198,2,1,1,1,1,1,0,0,0,0
246,166,2,1,1,1,0,1,0,1,0,0
246,102,2,1,1,1,1,1,0,0,0,0
246,486,2,1,1,1,1,1,0,0,0,0
246,150,2,1,1,1,0,1,0,1,0,1
246,86,2,1,1,1,1,1,0,0,0,1
246,470,2,1,1,1,1,1,0,0,0,1
246,54,2,1,1,1,0,1,0,1,0,1
246,438,2,1,1,1,0,1,0,1,0,1
246,374,2,1,1,1,1,1,0,0,0,1
247,247,0,1,1,1,1,1,0,0,0,1
247,246,1,1,1,1,0,1,0,1,0,1
247,245,1,1,1,1,1,1,0,0,0,1
247,243,1,1,1,1,1,1,0,0,0,1
247,255,1,1,1,1,1,1,0,0,0,1
247,231,1,1,1,1,1,1,0,0,0,0
247,215,1,1,1,1,1,1,0,0,0,1
247,183,1,1,1,1,0,1,0,1,0,1
247,119,1,1,1,1,1,1,0,0,0,1
247,503,1,1,1,1,1,1,0,0,0,1
247,244,2,1,1,1,0,1,0,1,0,1
247,242,2,1,1,1,0,1,0,1,0,1
247,254,2,1,1,1,0,1,0,1,0,1
247,230,2,1,1,1,0,1,0,1,0,0
247,214,2,1,1,1,0,1,0,1,0,1
247,182,2,1,1,1,0,1,0,1,0,1
247,118,2,1,1,1,0,1,0,1,0,1
247,502,2,1,1,1,0,1,0,1,0,1
247,241,2,1,1,1,1,1,0,0,0,1
247,253,2,1,1,1,1,1,0,0,0,1
247,229,2,1,1,1,1,1,0,0,0,0
247,213,2,1,1,1,1,1,0,0,0,1
247,181,2,1,1,1,0,1,0,1,0,1
247,117,2,1,1,1,1,1,0,0,0,1
247,501,2,1,1,1,1,1,0,0,0,1
247,251,2,1,1,1,1,1,0,0,0,1
247,227,2,1,1,1,1,1,0,0,0,0
247,211,2,1,1,1,1,1,0,0,0,1
247,179,2,1,1,1,0,1,0,1,0,1
247,115,2,1,1,1,1,1,0,0,0,1
247,499,2,1,1,1,1,1,0,0,0,1
247,239,2,1,1,1,1,1,0,0,0,0
247,223,2,1,1,1,1,1,0,0,0,1
247,191,2,1,1,1,0,1,0,1,0,1
247,127,2,1,1,1,1,1,0,0,0,1
247,511,2,1,1,1,1,1,0,0,0,1
247,199,2,1,1,1,1,1,0,0,0,0
247,167,2,1,1,1,0,1,0,1,0,0
247,103,2,1,1,1,1,1,0,0,0,0
247,487,2,1,1,1,1,1,0,0,0,0
247,151,2,1,1,1,0,1,0,1,0,1
247,87,2,1,1,1,1,1,0,0,0,1
247,471,2,1,1,1,1,1,0,0,0,1
247,55,2,1,1,1,0,1,0,1,0,1
247,439,2,1,1,1,0,1,0,1,0,1
247,375,2,1,1,1,1,1,0,0,0,1
248,248,0,1,1,0,0,0,0,0,0,1
248,249,1,1,1,0,0,0,0,0,0,1
248,250,1,1,1,0,0,0,0,0,0,1
248,252,1,1,1,0,0,0,0,0,0,1
248,240,1,1,1,0,0,0,0,0,0,1
248,232,1,1,1,0,0,0,0,0,0,0
248,216,1,1,1,0,0,0,0,0,0,1
248,184,1,1,1,0,0,0,0,0,0,1
248,120,1,1,1,0,0,0,0,0,0,1
248,504,1,1,1,0,0,0,0,0,0,1
248,251,2,1,1,0,0,0,0,0,0,1
248,253,2,1,1,0,0,0,0,0,0,1
248,241,2,1,1,0,0,0,0,0,0,1
248,233,2,1,1,0,0,0,0,0,0,0
248,217,2,1,1,0,0,0,0,0,0,1
248,185,2,1,1,0,0,0,0,0,0,1
248,121,2,1,1,0,0,0,0,0,0,1
248,505,2,1,1,0,0,0,0,0,0,1
248,254,2,1,1,0,0,0,0,0,0,1
248,242,2,1,1,0,0,0,0,0,0,1
248,234,2,1,1,0,0,0,0,0,0,0
248,218,2,1,1,0,0,0,0,0,0,1
248,186,2,1,1,0,0,0,0,0,0,1
248,122,2,1,1,0,0,0,0,0,0,1
248,506,2,1,1,0,0,0,0,0,0,1
248,244,2,1,1,0,0,0,0,0,0,1
248,236,2,1,1,0,0,0,0,0,0,0
248,220,2,1,1,0,0,0,0,0,0,1
248,188,2,1,1,0,0,0,0,0,0,1
248,124,2,1,1,0,0,0,0,0,0,1
248,508,2,1,1,0,0,0,0,0,0,1
248,224,2,1,0,0,0,0,0,0,1,0
248,208,2,1,1,0,0,0,0,0,0,1
248,176,2,1,1,0,0,0,0,0,0,1
248,112,2,1,1,0,0,0,0,0,0,1
248,496,2,1,1,0,0,0,0,0,0,1
248,200,2,1,0,0,0,0,0,0,1,0
248,168,2,1,1,0,0,0,0,0,0,0
248,104,2,1,1,0,0,0,0,0,0,0
248,488,2,1,1,0,0,0,0,0,0,0
248,152,2,1,1,0,0,0,0,0,0,1
248,88,2,1,1,0,0,0,0,0,0,1
248,472,2,1,1,0,0,0,0,0,0,1
248,56,2,1,1,0,0,0,0,0,0,1
248,440,2,1,1,0,0,0,0,0,0,1
248,376,2,1,1,0,0,0,0,0,0,1
249,249,0,1,1,1,1,1,0,0,0,1
249,248,1,1,1,1,0,1,0,1,0,1
249,251,1,1,1,1,1,1,0,0,0,1
249,253,1,1,1,1,1,1,0,0,0,1
249,241,1,1,1,1,1,1,0,0,0,1
249,233,1,1,1,1,1,1,0,0,0,0
249,217,1,1,1,1,0,1,0,1,0,1
249,185,1,1,1,1,1,1,0,0,0,1
249,121,1,1,1,1,1,1,0,0,0,1
249,505,1,1,1,1,1,1,0,0,0,1
249,250,2,1,1,1,0,1,0,1,0,1
249,252,2,1,1,1,0,1,0,1,0,1
249,240,2,1,1,1,0,1,0,1,0,1
249,232,2,1,1,1,0,1,0,1,0,0
249,216,2,1,1,1,0,1,0,1,0,1
249,184,2,1,1,1,0,1,0,1,0,1
249,120,2,1,1,1,0,1,0,1,0,1
249,504,2,1,1,1,0,1,0,1,0,1
249,255,2,1,1,1,1,1,0,0,0,1
249,243,2,1,1,1,1,1,0,0,0,1
249,235,2,1,1,1,1,1,0,0,0,0
249,219,2,1,1,1,0,1,0,1,0,1
249,187,2,1,1,1,1,1,0,0,0,1
249,123,2,1,1,1,1,1,0,0,0,1
249,507,2,1,1,1,1,1,0,0,0,1
249,245,2,1,1,1,1,1,0,0,0,1
249,237,2,1,1,1,1,1,0,0,0,0
249,221,2,1,1,1,0,1,0,1,0,1
249,189,2,1,1,1,1,1,0,0,0,1
249,125,2,1,1,1,1,1,0,0,0,1
249,509,2,1,1,1,1,1,0,0,0,1
249,225,2,1,1,1,1,1,0,0,0,0
249,209,2,1,1,1,0,1,0,1,0,1
249,177,2,1,1,1,1,1,0,0,0,1
249,113,2,1,1,1,1,1,0,0,0,1
249,497,2,1,1,1,1,1,0,0,0,1
249,201,2,1,0,1,0,0,0,0,1,0
249,169,2,1,1,1,1,1,0,0,0,0
249,105,2,1,1,1,1,1,0,0,0,0
249,489,2,1,1,1,1,1,0,0,0,0
249,153,2,1,1,1,0,1,0,1,0,1
249,89,2,1,1,1,0,1,0,1,0,1
249,473,2,1,1,1,0,1,0,1,0,1
249,57,2,1,1,1,1,1,0,0,0,1
249,441,2,1,1,1,1,1,0,0,0,1
249,377,2,1,1,1,1,1,0,0,0,1
250,250,0,1,1,0,0,0,0,0,0,1
250,251,1,1,1,0,0,0,0,0,0,1
250,248,1,1,1,0,0,0,0,0,0,1
250,254,1,1,1,0,0,0,0,0,0,1
250,242,1,1,1,0,0,0,0,0,0,1
250,234,1,1,1,0,0,0,0,0,0,0
250,218,1,1,1,0,0,0,0,0,0,1
250,186,1,1,1,0,0,0,0,0,0,1
250,122,1,1,1,0,0,0,0,0,0,1
250,506,1,1,1,0,0,0,0,0,0,1
250,249,2,1,1,0,0,0,0,0,0,1
250,255,2,1,1,0,0,0,0,0,0,1
250,243,2,1,1,0,0,0,0,0,0,1
250,235,2,1,1,0,0,0,0,0,0,0
250,219,2,1,1,0,0,0,0,0,0,1
250,187,2,1,1,0,0,0,0,0,0,1
250,123,2,1,1,0,0,0,0,0,0,1
250,507,2,1,1,0,0,0,0,0,0,1
250,252,2,1,1,0,0,0,0,0,0,1
250,240,2,1,1,0,0,0,0,0,0,1
250,232,2,1,1,0,0,0,0,0,0,0
250,216,2,1,1,0,0,0,0,0,0,1
250,184,2,1,1,0,0,0,0,0,0,1
250,120,2,1,1,0,0,0,0,0,0,1
250,504,2,1,1,0,0,0,0,0,0,1
250,246,2,1,1,0,0,0,0,0,0,1
250,238,2,1,1,0,0,0,0,0,0,0
250,222,2,1,1,0,0,0,0,0,0,1
250,190,2,1,1,0,0,0,0,0,0,1
250,126,2,1,1,0,0,0,0,0,0,1
250,510,2,1,1,0,0,0,0,0,0,1
250,226,2,1,1,0,0,0,0,0,0,0
250,210,2,1,1,0,0,0,0,0,0,1
250,178,2,1,1,0,0,0,0,0,0,1
250,114,2,1,1,0,0,0,0,0,0,1
250,498,2,1,1,0,0,0,0,0,0,1
250,202,2,1,1,0,0,0,0,0,0,0
250,170,2,1,1,0,0,0,0,0,0,0
250,106,2,1,1,0,0,0,0,0,0,0
250,490,2,1,1,0,0,0,0,0,0,0
250,154,2,1,1,0,0,0,0,0,0,1
250,90,2,1,1,0,0,0,0,0,0,1
250,474,2,1,1,0,0,0,0,0,0,1
250,58,2,1,1,0,0,0,0,0,0,1
250,442,2,1,1,0,0,0,0,0,0,1
250,378,2,1,1,0,0,0,0,0,0,1
251,251,0,1,1,0,0,0,0,0,0,1
251,250,1,1,1,0,0,0,0,0,0,1
251,249,1,1,1,0,0,0,0,0,0,1
251,255,1,1,1,0,0,0,0,0,0,1
251,243,1,1,1,0,0,0,0,0,0,1
251,235,1,1,1,0,0,0,0,0,0,0
251,219,1,1,1,0,0,0,0,0,0,1
251,187,1,1,1,0,0,0,0,0,0,1
251,123,1,1,1,0,0,0,0,0,0,1
251,507,1,1,1,0,0,0,0,0,0,1
251,248,2,1,1,0,0,0,0,0,0,1
251,254,2,1,1,0,0,0,0,0,0,1
251,242,2,1,1,0,0,0,0,0,0,1
251,234,2,1,1,0,0,0,0,0,0,0
251,218,2,1,1,0,0,0,0,0,0,1
251,186,2,1,1,0,0,0,0,0,0,1
251,122,2,1,1,0,0,0,0,0,0,1
251,506,2,1,1,0,0,0,0,0,0,1
251,253,2,1,1,0,0,0,0,0,0,1
251,241,2,1,1,0,0,0,0,0,0,1
251,233,2,1,1,0,0,0,0,0,0,0
251,217,2,1,1,0,0,0,0,0,0,1
251,185,2,1,1,0,0,0,0,0,0,1
251,121,2,1,1,0,0,0,0,0,0,1
251,505,2,1,1,0,0,0,0,0,0,1
251,247,2,1,1,0,0,0,0,0,0,1
251,239,2,1,1,0,0,0,0,0,0,0
251,223,2,1,1,0,0,0,0,0,0,1
251,191,2,1,1,0,0,0,0,0,0,1
251,127,2,1,1,0,0,0,0,0,0,1
251,511,2,1,1,0,0,0,0,0,0,1
251,227,2,1,1,0,0,0,0,0,0,0
251,211,2,1,1,0,0,0,0,0,0,1
251,179,2,1,1,0,0,0,0,0,0,1
251,115,2,1,1,0,0,0,0,0,0,1
251,499,2,1,1,0,0,0,0,0,0,1
251,203,2,1,1,0,0,0,0,0,0,0
251,171,2,1,1,0,0,0,0,0,0,0
251,107,2,1,1,0,0,0,0,0,0,0
251,491,2,1,1,0,0,0,0,0,0,0
251,155,2,1,1,0,0,0,0,0,0,1
251,91,2,1,1,0,0,0,0,0,0,1
251,475,2,1,1,0,0,0,0,0,0,1
251,59,2,1,1,0,0,0,0,0,0,1
251,443,2,1,1,0,0,0,0,0,0,1
251,379,2,1,1,0,0,0,0,0,0,1
252,252,0,1,1,1,1,1,0,0,0,1
252,253,1,1,1,1,1,1,0,0,0,1
252,254,1,1,1,1,1,1,0,0,0,1
252,248,1,1,1,1,0,1,0,1,0,1
252,244,1,1,1,1,0,1,0,1,0,1
252,236,1,1,1,1,1,1,0,0,0,0
252,220,1,1,1,1,1,1,0,0,0,1
252,188,1,1,1,1,1,1,0,0,0,1
252,124,1,1,1,1,1,1,0,0,0,1
252,508,1,1,1,1,1,1,0,0,0,1
252,255,2,1,1,1,1,1,0,0,0,1
252,249,2,1,1,1,0,1,0,1,0,1
252,245,2,1,1,1,0,1,0,1,0,1
252,237,2,1,1,1,1,1,0,0,0,0
252,221,2,1,1,1,1,1,0,0,0,1
252,189,2,1,1,1,1,1,0,0,0,1
252,125,2,1,1,1,1,1,0,0,0,1
252,509,2,1,1,1,1,1,0,0,0,1
252,250,2,1,1,1,0,1,0,1,0,1
252,246,2,1,1,1,0,1,0,1,0,1
252,238,2,1,1,1,1,1,0,0,0,0
252,222,2,1,1,1,1,1,0,0,0,1
252,190,2,1,1,1,1,1,0,0,0,1
252,126,2,1,1,1,1,1,0,0,0,1
252,510,2,1,1,1,1,1,0,0,0,1
252,240,2,1,1,1,0,1,0,1,0,1
252,232,2,1,1,1,0,1,0,1,0,0
252,216,2,1,1,1,0,1,0,1,0,1
252,184,2,1,1,1,0,1,0,1,0,1
252,120,2,1,1,1,0,1,0,1,0,1
252,504,2,1,1,1,0,1,0,1,0,1
252,228,2,1,0,1,0,0,0,0,1,0
252,212,2,1,1,1,0,1,0,1,0,1
252,180,2,1,1,1,0,1,0,1,0,1
252,116,2,1,1,1,0,1,0,1,0,1
252,500,2,1,1,1,0,1,0,1,0,1
252,204,2,1,1,1,1,1,0,0,0,0
252,172,2,1,1,1,1,1,0,0,0,0
252,108,2,1,1,1,1,1,0,0,0,0
252,492,2,1,1,1,1,1,0,0,0,0
252,156,2,1,1,1,1,1,0,0,0,1
252,92,2,1,1,1,1,1,0,0,0,1
252,476,2,1,1,1,1,1,0,0,0,1
252,60,2,1,1,1,1,1,0,0,0,1
252,444,2,1,1,1,1,1,0,0,0,1
252,380,2,1,1,1,1,1,0,0,0,1
253,253,0,1,1,1,1,1,0,0,0,1
253,252,1,1,1,1,0,1,0,1,0,1
253,255,1,1,1,1,1,1,0,0,0,1
253,249,1,1,1,1,0,1,0,1,0,1
253,245,1,1,1,1,1,1,0,0,0,1
253,237,1,1,1,1,1,1,0,0,0,0
253,221,1,1,1,1,1,1,0,0,0,1
253,189,1,1,1,1,1,1,0,0,0,1
253,125,1,1,1,1,1,1,0,0,0,1
253,509,1,1,1,1,1,1,0,0,0,1
253,254,2,1,1,1,0,1,0,1,0,1
253,248,2,1,1,1,0,1,0,1,0,1
253,244,2,1,1,1,0,1,0,1,0,1
253,236,2,1,1,1,0,1,0,1,0,0
253,220,2,1,1,1,0,1,0,1,0,1
253,188,2,1,1,1,0,1,0,1,0,1
253,124,2,1,1,1,0,1,0,1,0,1
253,508,2,1,1,1,0,1,0,1,0,1
253,251,2,1,1,1,0,1,0,1,0,1
253,247,2,1,1,1,1,1,0,0,0,1
253,239,2,1,1,1,1,1,0,0,0,0
253,223,2,1,1,1,1,1,0,0,0,1
253,191,2,1,1,1,1,1,0,0,0,1
253,127,2,1,1,1,1,1,0,0,0,1
253,511,2,1,1,1,1,1,0,0,0,1
253,241,2,1,1,1,0,1,0,1,0,1
253,233,2,1,1,1,0,1,0,1,0,0
253,217,2,1,1,1,0,1,0,1,0,1
253,185,2,1,1,1,0,1,0,1,0,1
253,121,2,1,1,1,0,1,0,1,0,1
253,505,2,1,1,1,0,1,0,1,0,1
253,229,2,1,1,1,1,1,0,0,0,0
253,213,2,1,1,1,1,1,0,0,0,1
253,181,2,1,1,1,1,1,0,0,0,1
253,117,2,1,1,1,1,1,0,0,0,1
253,501,2,1,1,1,1,1,0,0,0,1
253,205,2,1,1,1,1,1,0,0,0,0
253,173,2,1,1,1,1,1,0,0,0,0
253,109,2,1,1,1,1,1,0,0,0,0
253,493,2,1,1,1,1,1,0,0,0,0
253,157,2,1,1,1,1,1,0,0,0,1
253,93,2,1,1,1,1,1,0,0,0,1
253,477,2,1,1,1,1,1,0,0,0,1
253,61,2,1,1,1,1,1,0,0,0,1
253,445,2,1,1,1,1,1,0,0,0,1
253,381,2,1,1,1,1,1,0,0,0,1
254,254,0,1,1,0,0,0,0,0,0,1
254,255,1,1,1,0,0,0,0,0,0,1
254,252,1,1,1,0,0,0,0,0,0,1
254,250,1,1,1,0,0,0,0,0,0,1
254,246,1,1,1,0,0,0,0,0,0,1
254,238,1,1,1,0,0,0,0,0,0,0
254,222,1,1,1,0,0,0,0,0,0,1
254,190,1,1,1,0,0,0,0,0,0,1
254,126,1,1,1,0,0,0,0,0,0,1
254,510,1,1,1,0,0,0,0,0,0,1
254,253,2,1,1,0,0,0,0,0,0,1
254,251,2,1,1,0,0,0,0,0,0,1
254,247,2,1,1,0,0,0,0,0,0,1
254,239,2,1,1,0,0,0,0,0,0,0
254,223,2,1,1,0,0,0,0,0,0,1
254,191,2,1,1,0,0,0,0,0,0,1
254,127,2,1,1,0,0,0,0,0,0,1
254,511,2,1,1,0,0,0,0,0,0,1
254,248,2,1,1,0,0,0,0,0,0,1
254,244,2,1,1,0,0,0,0,0,0,1
254,236,2,1,1,0,0,0,0,0,0,0
254,220,2,1,1,0,0,0,0,0,0,1
254,188,2,1,1,0,0,0,0,0,0,1
254,124,2,1,1,0,0,0,0,0,0,1
254,508,2,1,1,0,0,0,0,0,0,1
254,242,2,1,1,0,0,0,0,0,0,1
254,234,2,1,1,0,0,0,0,0,0,0
254,218,2,1,1,0,0,0,0,0,0,1
254,186,2,1,1,0,0,0,0,0,0,1
254,122,2,1,1,0,0,0,0,0,0,1
254,506,2,1,1,0,0,0,0,0,0,1
254,230,2,1,1,0,0,0,0,0,0,0
254,214,2,1,1,0,0,0,0,0,0,1
254,182,2,1,1,0,0,0,0,0,0,1
254,118,2,1,1,0,0,0,0,0,0,1
254,502,2,1,1,0,0,0,0,0,0,1
254,206,2,1,1,0,0,0,0,0,0,0
254,174,2,1,1,0,0,0,0,0,0,0
254,110,2,1,1,0,0,0,0,0,0,0
254,494,2,1,1,0,0,0,0,0,0,0
254,158,2,1,1,0,0,0,0,0,0,1
254,94,2,1,1,0,0,0,0,0,0,1
254,478,2,1,1,0,0,0,0,0,0,1
254,62,2,1,1,0,0,0,0,0,0,1
254,446,2,1,1,0,0,0,0,0,0,1
254,382,2,1,1,0,0,0,0,0,0,1
255,255,0,1,1,0,0,0,0,0,0,1
255,254,1,1,1,0,0,0,0,0,0,1
255,253,1,1,1,0,0,0,0,0,0,1
255,251,1,1,1,0,0,0,0,0,0,1
255,247,1,1,1,0,0,0,0,0,0,1
255,239,1,1,1,0,0,0,0,0,0,0
255,223,1,1,1,0,0,0,0,0,0,1
255,191,1,1,1,0,0,0,0,0,0,1
255,127,1,1,1,0,0,0,0,0,0,1
255,511,1,1,1,0,0,0,0,0,0,1
255,252,2,1,1,0,0,0,0,0,0,1
255,250,2,1,1,0,0,0,0,0,0,1
255,246,2,1,1,0,0,0,0,0,0,1
255,238,2,1,1,0,0,0,0,0,0,0
255,222,2,1,1,0,0,0,0,0,0,1
255,190,2,1,1,0,0,0,0,0,0,1
255,126,2,1,1,0,0,0,0,0,0,1
255,510,2,1,1,0,0,0,0,0,0,1
255,249,2,1,1,0,0,0,0,0,0,1
255,245,2,1,1,0,0,0,0,0,0,1
255,237,2,1,1,0,0,0,0,0,0,0
255,221,2,1,1,0,0,0,0,0,0,1
255,189,2,1,1,0,0,0,0,0,0,1
255,125,2,1,1,0,0,0,0,0,0,1
255,509,2,1,1,0,0,0,0,0,0,1
255,243,2,1,1,0,0,0,0,0,0,1
255,235,2,1,1,0,0,0,0,0,0,0
255,219,2,1,1,0,0,0,0,0,0,1
255,187,2,1,1,0,0,0,0,0,0,1
255,123,2,1,1,0,0,0,0,0,0,1
255,507,2,1,1,0,0,0,0,0,0,1
255,231,2,1,1,0,0,0,0,0,0,0
255,215,2,1,1,0,0,0,0,0,0,1
255,183,2,1,1,0,0,0,0,0,0,1
255,119,2,1,1,0,0,0,0,0,0,1
255,503,2,1,1,0,0,0,0,0,0,1
255,207,2,1,1,0,0,0,0,0,0,0
255,175,2,1,1,0,0,0,0,0,0,0
255,111,2,1,1,0,0,0,0,0,0,0
255,495,2,1,1,0,0,0,0,0,0,0
255,159,2,1,1,0,0,0,0,0,0,1
255,95,2,1,1,0,0,0,0,0,0,1
255,479,2,1,1,0,0,0,0,0,0,1
255,63,2,1,1,0,0,0,0,0,0,1
255,447,2,1,1,0,0,0,0,0,0,1
255,383,2,1,1,0,0,0,0,0,0,1
256,256,0,0,0,0,0,0,0,0,0,0
256,257,1,0,0,0,0,0,0,0,0,0
256,258,1,0,0,0,0,0,0,0,0,0
256,260,1,0,0,0,0,0,0,0,0,0
256,264,1,0,0,0,0,0,0,0,0,0
256,272,1,0,1,0,0,0,0,0,0,0
256,288,1,0,0,0,0,0,0,0,0,0
256,320,1,0,0,0,0,0,0,0,0,0
256,384,1,0,0,0,0,0,0,0,0,0
256,0,1,0,0,0,0,0,0,0,0,0
256,259,2,0,0,0,0,0,0,0,0,0
256,261,2,0,0,0,0,0,0,0,0,0
256,265,2,0,0,0,0,0,0,0,0,0
256,273,2,0,1,0,0,0,0,0,0,0
256,289,2,0,0,0,0,0,0,0,0,0
256,321,2,0,0,0,0,0,0,0,0,0
256,385,2,0,0,0,0,0,0,0,0,0
256,1,2,0,0,0,0,0,0,0,0,0
256,262,2,0,0,0,0,0,0,0,0,0
256,266,2,0,1,0,0,0,0,0,0,0
256,274,2,0,1,0,0,0,0,0,0,0
256,290,2,0,0,0,0,0,0,0,0,0
256,322,2,0,1,0,0,0,0,0,0,0
256,386,2,0,1,0,0,0,0,0,0,0
256,2,2,0,0,0,0,0,0,0,0,0
256,268,2,0,1,0,0,0,0,0,0,0
256,276,2,0,1,0,0,0,0,0,0,0
256,292,2,0,0,0,0,0,0,0,0,0
256,324,2,0,0,0,0,0,0,0,0,0
256,388,2,0,0,0,0,0,0,0,0,0
256,4,2,0,0,0,0,0,0,0,0,0
256,280,2,0,1,0,0,0,0,0,0,0
256,296,2,0,1,0,0,0,0,0,0,0
256,328,2,0,0,0,0,0,0,0,0,0
256,392,2,0,0,0,0,0,0,0,0,0
256,8,2,0,0,0,0,0,0,0,0,0
256,304,2,0,1,0,0,0,0,0,0,0
256,336,2,0,1,0,0,0,0,0,0,0
256,400,2,0,1,0,0,0,0,0,0,0
256,16,2,0,1,0,0,0,0,0,0,0
256,352,2,0,0,0,0,0,0,0,0,0
256,416,2,0,0,0,0,0,0,0,0,0
256,32,2,0,0,0,0,0,0,0,0,0
256,448,2,0,0,0,0,0,0,0,0,0
256,64,2,0,0,0,0,0,0,0,0,0
256,128,2,0,0,0,0,0,0,0,0,0
257,257,0,0,0,0,0,0,0,0,0,0
257,256,1,0,0,0,0,0,0,0,0,0
257,259,1,0,0,0,0,0,0,0,0,0
257,261,1,0,0,0,0,0,0,0,0,0
257,265,1,0,0,0,0,0,0,0,0,0
257,273,1,0,1,0,0,0,0,0,0,0
257,289,1,0,0,0,0,0,0,0,0,0
257,321,1,0,0,0,0,0,0,0,0,0
257,385,1,0,0,0,0,0,0,0,0,0
257,1,1,0,0,0,0,0,0,0,0,0
257,258,2,0,0,0,0,0,0,0,0,0
257,260,2,0,0,0,0,0,0,0,0,0
257,264,2,0,0,0,0,0,0,0,0,0
257,272,2,0,1,0,0,0,0,0,0,0
257,288,2,0,0,0,0,0,0,0,0,0
257,320,2,0,0,0,0,0,0,0,0,0
257,384,2,0,0,0,0,0,0,0,0,0
257,0,2,0,0,0,0,0,0,0,0,0
257,263,2,0,0,0,0,0,0,0,0,0
257,267,2,0,1,0,0,0,0,0,0,0
257,275,2,0,1,0,0,0,0,0,0,0
257,291,2,0,0,0,0,0,0,0,0,0
257,323,2,0,1,0,0,0,0,0,0,0
257,387,2,0,1,0,0,0,0,0,0,0
257,3,2,0,0,0,0,0,0,0,0,0
257,269,2,0,1,0,0,0,0,0,0,0
257,277,2,0,1,0,0,0,0,0,0,0
257,293,2,0,0,0,0,0,0,0,0,0
257,325,2,0,1,0,0,0,0,0,0,0
257,389,2,0,1,0,0,0,0,0,0,0
257,5,2,0,0,0,0,0,0,0,0,0
257,281,2,0,1,0,0,0,0,0,0,0
257,297,2,0,1,0,0,0,0,0,0,0
257,329,2,0,0,0,0,0,0,0,0,0
257,393,2,0,0,0,0,0,0,0,0,0
257,9,2,0,0,0,0,0,0,0,0,0
257,305,2,0,1,0,0,0,0,0,0,0
257,337,2,0,1,0,0,0,0,0,0,0
257,401,2,0,1,0,0,0,0,0,0,0
257,17,2,0,1,0,0,0,0,0,0,0
257,353,2,0,1,0,0,0,0,0,0,0
257,417,2,0,1,0,0,0,0,0,0,0
257,33,2,0,0,0,0,0,0,0,0,0
257,449,2,0,0,0,0,0,0,0,0,0
257,65,2,0,0,0,0,0,0,0,0,0
257,129,2,0,0,0,0,0,0,0,0,0
258,258,0,0,0,1,1,1,0,0,0,0
258,259,1,0,0,1,1,1,0,0,0,0
258,256,1,0,0,1,0,0,0,0,0,0
258,262,1,0,0,1,1,1,0,0,0,0
258,266,1,0,1,1,1,1,0,0,0,0
258,274,1,0,1,1,1,1,0,0,0,0
258,290,1,0,0,1,1,1,0,0,0,0
258,322,1,0,1,1,1,1,0,0,0,0
258,386,1,0,1,1,1,1,0,0,0,0
258,2,1,0,0,1,0,0,0,0,0,0
258,257,2,0,0,1,0,0,0,0,0,0
258,263,2,0,0,1,1,1,0,0,0,0
258,267,2,0,1,1,1,1,0,0,0,0
258,275,2,0,1,1,1,1,0,0,0,0
258,291,2,0,0,1,1,1,0,0,0,0
258,323,2,0,1,1,1,1,0,0,0,0
258,387,2,0,1,1,1,1,0,0,0,0
258,3,2,0,0,1,0,0,0,0,0,0
258,260,2,0,0,1,0,1,0,1,0,0
258,264,2,0,0,1,0,0,0,0,0,0
258,272,2,0,1,1,0,1,0,1,0,0
258,288,2,0,0,1,0,1,0,1,0,0
258,320,2,0,0,1,0,0,0,0,0,0
258,384,2,0,0,1,0,0,0,0,0,0
258,0,2,0,0,1,0,0,0,0,0,0
258,270,2,0,1,1,1,1,0,0,0,0
258,278,2,0,1,1,1,1,0,0,0,0
258,294,2,0,0,1,1,1,0,0,0,0
258,326,2,0,1,1,1,1,0,0,0,0
258,390,2,0,1,1,1,1,0,0,0,0
258,6,2,0,0,1,0,0,0,0,0,0
258,282,2,0,1,1,1,1,0,0,0,0
258,298,2,0,1,1,1,1,0,0,0,0
258,330,2,0,1,1,1,1,0,0,0,0
258,394,2,0,1,1,1,1,0,0,0,0
258,10,2,0,0,1,0,0,0,0,0,0
258,306,2,0,1,1,1,1,0,0,0,0
258,338,2,0,1,1,1,1,0,0,0,0
258,402,2,0,1,1,1,1,0,0,0,0
258,18,2,0,1,1,0,1,0,1,0,0
258,354,2,0,1,1,1,1,0,0,0,0
258,418,2,0,1,1,1,1,0,0,0,0
258,34,2,0,0,1,0,1,0,1,0,0
258,450,2,0,1,1,1,1,0,0,0,0
258,66,2,0,0,1,0,0,0,0,0,0
258,130,2,0,1,1,0,1,0,1,0,0
259,259,0,0,0,1,1,1,0,0,0,0
259,258,1,0,0,1,1,1,0,0,0,0
259,257,1,0,0,1,0,0,0,0,0,0
259,263,1,0,0,1,1,1,0,0,0,0
259,267,1,0,1,1,1,1,0,0,0,0
259,275,1,0,1,1,1,1,0,0,0,0
259,291,1,0,0,1,1,1,0,0,0,0
259,323,1,0,1,1,1,1,0,0,0,0
259,387,1,0,1,1,1,1,0,0,0,0
259,3,1,0,0,1,0,0,0,0,0,0
259,256,2,0,0,1,0,0,0,0,0,0
259,262,2,0,0,1,1,1,0,0,0,0
259,266,2,0,1,1,1,1,0,0,0,0
259,274,2,0,1,1,1,1,0,0,0,0
259,290,2,0,0,1,1,1,0,0,0,0
259,322,2,0,1,1,1,1,0,0,0,0
259,386,2,0,1,1,1,1,0,0,0,0
259,2,2,0,0,1,0,0,0,0,0,0
259,261,2,0,0,1,0,1,0,1,0,0
259,265,2,0,0,1,0,0,0,0,0,0
259,273,2,0,1,1,0,1,0,1,0,0
259,289,2,0,0,1,0,1,0,1,0,0
259,321,2,0,0,1,0,0,0,0,0,0
259,385,2,0,0,1,0,0,0,0,0,0
259,1,2,0,0,1,0,0,0,0,0,0
259,271,2,0,1,1,1,1,0,0,0,0
259,279,2,0,1,1,1,1,0,0,0,0
259,295,2,0,0,1,1,1,0,0,0,0
259,327,2,0,1,1,1,1,0,0,0,0
259,391,2,0,1,1,1,1,0,0,0,0
259,7,2,0,0,1,0,0,0,0,0,0
259,283,2,0,1,1,1,1,0,0,0,0
259,299,2,0,1,1,1,1,0,0,0,0
259,331,2,0,1,1,1,1,0,0,0,0
259,395,2,0,1,1,1,1,0,0,0,0
259,11,2,0,0,1,0,0,0,0,0,0
259,307,2,0,1,1,1,1,0,0,0,0
259,339,2,0,1,1,1,1,0,0,0,0
259,403,2,0,1,1,1,1,0,0,0,0
259,19,2,0,1,1,0,1,0,1,0,0
259,355,2,0,1,1,1,1,0,0,0,0
259,419,2,0,1,1,1,1,0,0,0,0
259,35,2,0,0,1,0,1,0,1,0,0
259,451,2,0,1,1,1,1,0,0,0,0
259,67,2,0,0,1,0,0,0,0,0,0
259,131,2,0,1,1,0,1,0,1,0,0
260,260,0,0,0,1,1,1,0,0,0,0
260,261,1,0,0,1,1,1,0,0,0,0
260,262,1,0,0,1,1,1,0,0,0,0
260,256,1,0,0,1,0,0,0,0,0,0
260,268,1,0,1,1,1,1,0,0,0,0
260,276,1,0,1,1,1,1,0,0,0,0
260,292,1,0,0,1,1,1,0,0,0,0
260,324,1,0,0,1,1,1,0,0,0,0
260,388,1,0,0,1,1,1,0,0,0,0
260,4,1,0,0,1,0,0,0,0,0,0
260,263,2,0,0,1,1,1,0,0,0,0
260,257,2,0,0,1,0,0,0,0,0,0
260,269,2,0,1,1,1,1,0,0,0,0
260,277,2,0,1,1,1,1,0,0,0,0
260,293,2,0,0,1,1,1,0,0,0,0
260,325,2,0,1,1,1,1,0,0,0,0
260,389,2,0,1,1,1,1,0,0,0,0
260,5,2,0,0,1,0,0,0,0,0,0
260,258,2,0,0,1,0,1,0,1,0,0
260,270,2,0,1,1,1,1,0,0,0,0
260,278,2,0,1,1,1,1,0,0,0,0
260,294,2,0,0,1,1,1,0,0,0,0
260,326,2,0,1,1,1,1,0,0,0,0
260,390,2,0,1,1,1,1,0,0,0,0
260,6,2,0,0,1,0,0,0,0,0,0
260,264,2,0,0,1,0,0,0,0,0,0
260,272,2,0,1,1,0,1,0,1,0,0
260,288,2,0,0,1,0,1,0,1,0,0
260,320,2,0,0,1,0,0,0,0,0,0
260,384,2,0,0,1,0,0,0,0,0,0
260,0,2,0,0,1,0,0,0,0,0,0
260,284,2,0,1,1,1,1,0,0,0,0
260,300,2,0,1,1,1,1,0,0,0,0
260,332,2,0,1,1,1,1,0,0,0,0
260,396,2,0,1,1,1,1,0,0,0,0
260,12,2,0,0,1,0,0,0,0,0,0
260,308,2,0,1,1,1,1,0,0,0,0
260,340,2,0,1,1,1,1,0,0,0,0
260,404,2,0,1,1,1,1,0,0,0,0
260,20,2,0,1,1,0,1,0,1,0,0
260,356,2,0,0,1,1,1,0,0,0,0
260,420,2,0,0,1,1,1,0,0,0,0
260,36,2,0,0,1,0,1,0,1,0,0
260,452,2,0,0,1,1,1,0,0,0,0
260,68,2,0,0,1,0,0,0,0,0,0
260,132,2,0,0,1,0,1,0,1,0,0
261,261,0,0,0,2,2,2,0,0,0,0
261,260,1,0,0,2,1,1,0,0,0,0
261,263,1,0,0,2,2,2,0,0,0,0
261,257,1,0,0,2,0,0,0,0,0,0
261,269,1,0,1,2,2,2,0,0,0,0
261,277,1,0,1,2,2,2,0,0,0,0
261,293,1,0,0,2,2,2,0,0,0,0
261,325,1,0,1,2,2,2,0,0,0,0
261,389,1,0,1,2,2,2,0,0,0,0
261,5,1,0,0,2,1,1,0,0,0,0
261,262,2,0,0,2,1,2,0,1,0,0
261,256,2,0,0,2,0,0,0,0,0,0
261,268,2,0,1,2,1,2,0,1,0,0
261,276,2,0,1,2,1,2,0,1,0,0
261,292,2,0,0,2,1,1,0,0,0,0
261,324,2,0,0,2,1,1,0,0,0,0
261,388,2,0,0,2,1,1,0,0,0,0
261,4,2,0,0,2,0,0,0,0,0,0
261,259,2,0,0,2,0,2,0,2,0,0
261,271,2,0,1,2,2,2,0,0,0,0
261,279,2,0,1,2,2,2,0,0,0,0
261,295,2,0,0,2,2,2,0,0,0,0
261,327,2,0,1,2,2,2,0,0,0,0
261,391,2,0,1,2,2,2,0,0,0,0
261,7,2,0,0,2,1,1,0,0,0,0
261,265,2,0,0,2,0,0,0,0,0,0
261,273,2,0,1,2,0,2,0,2,0,0
261,289,2,0,0,2,0,2,0,2,0,0
261,321,2,0,0,2,0,0,0,0,0,0
261,385,2,0,0,2,0,0,0,0,0,0
261,1,2,0,0,2,0,0,0,0,0,0
261,285,2,0,1,2,2,2,0,0,0,0
261,301,2,0,1,2,2,2,0,0,0,0
261,333,2,0,1,2,2,2,0,0,0,0
261,397,2,0,1,2,2,2,0,0,0,0
261,13,2,0,0,2,1,1,0,0,0,0
261,309,2,0,1,2,2,2,0,0,0,0
261,341,2,0,1,2,2,2,0,0,0,0
261,405,2,0,1,2,2,2,0,0,0,0
261,21,2,0,1,2,1,2,0,1,0,0
261,357,2,0,1,2,2,2,0,0,0,0
261,421,2,0,1,2,2,2,0,0,0,0
261,37,2,0,0,2,1,2,0,1,0,0
261,453,2,0,1,2,2,2,0,0,0,0
261,69,2,0,0,2,1,1,0,0,0,0
261,133,2,0,1,2,1,2,0,1,0,0
262,262,0,0,0,1,1,1,0,0,0,0
262,263,1,0,0,1,1,1,0,0,0,0
262,260,1,0,0,1,0,1,0,1,0,0
262,258,1,0,0,1,1,1,0,0,0,0
262,270,1,0,1,1,1,1,0,0,0,0
262,278,1,0,1,1,1,1,0,0,0,0
262,294,1,0,0,1,1,1,0,0,0,0
262,326,1,0,1,1,1,1,0,0,0,0
262,390,1,0,1,1,1,1,0,0,0,0
262,6,1,0,0,1,0,0,0,0,0,0
262,261,2,0,0,1,0,1,0,1,0,0
262,259,2,0,0,1,1,1,0,0,0,0
262,271,2,0,1,1,1,1,0,0,0,0
262,279,2,0,1,1,1,1,0,0,0,0
262,295,2,0,0,1,1,1,0,0,0,0
262,327,2,0,1,1,1,1,0,0,0,0
262,391,2,0,1,1,1,1,0,0,0,0
262,7,2,0,0,1,0,0,0,0,0,0
262,256,2,0,0,1,0,0,0,0,0,0
262,268,2,0,1,1,0,1,0,1,0,0
262,276,2,0,1,1,0,1,0,1,0,0
262,292,2,0,0,1,0,1,0,1,0,0
262,324,2,0,0,1,0,1,0,1,0,0
262,388,2,0,0,1,0,1,0,1,0,0
262,4,2,0,0,1,0,0,0,0,0,0
262,266,2,0,1,1,1,1,0,0,0,0
262,274,2,0,1,1,1,1,0,0,0,0
262,290,2,0,0,1,1,1,0,0,0,0
262,322,2,0,1,1,1,1,0,0,0,0
262,386,2,0,1,1,1,1,0,0,0,0
262,2,2,0,0,1,0,0,0,0,0,0
262,286,2,0,1,1,1,1,0,0,0,0
262,302,2,0,1,1,1,1,0,0,0,0
262,334,2,0,1,1,1,1,0,0,0,0
262,398,2,0,1,1,1,1,0,0,0,0
262,14,2,0,0,1,0,0,0,0,0,0
262,310,2,0,1,1,1,1,0,0,0,0
262,342,2,0,1,1,1,1,0,0,0,0
262,406,2,0,1,1,1,1,0,0,0,0
262,22,2,0,1,1,0,1,0,1,0,0
262,358,2,0,1,1,1,1,0,0,0,0
262,422,2,0,1,1,1,1,0,0,0,0
262,38,2,0,0,1,0,1,0,1,0,0
262,454,2,0,1,1,1,1,0,0,0,0
262,70,2,0,0,1,0,0,0,0,0,0
262,134,2,0,1,1,0,1,0,1,0,0
263,263,0,0,0,1,1,1,0,0,0,0
263,262,1,0,0,1,1,1,0,0,0,0
263,261,1,0,0,1,0,1,0,1,0,0
263,259,1,0,0,1,1,1,0,0,0,0
263,271,1,0,1,1,1,1,0,0,0,0
263,279,1,0,1,1,1,1,0,0,0,0
263,295,1,0,0,1,1,1,0,0,0,0
263,327,1,0,1,1,1,1,0,0,0,0
263,391,1,0,1,1,1,1,0,0,0,0
263,7,1,0,0,1,0,0,0,0,0,0
263,260,2,0,0,1,0,1,0,1,0,0
263,258,2,0,0,1,1,1,0,0,0,0
263,270,2,0,1,1,1,1,0,0,0,0
263,278,2,0,1,1,1,1,0,0,0,0
263,294,2,0,0,1,1,1,0,0,0,0
263,326,2,0,1,1,1,1,0,0,0,0
263,390,2,0,1,1,1,1,0,0,0,0
263,6,2,0,0,1,0,0,0,0,0,0
263,257,2,0,0,1,0,0,0,0,0,0
263,269,2,0,1,1,0,1,0,1,0,0
263,277,2,0,1,1,0,1,0,1,0,0
263,293,2,0,0,1,0,1,0,1,0,0
263,325,2,0,1,1,0,1,0,1,0,0
263,389,2,0,1,1,0,1,0,1,0,0
263,5,2,0,0,1,0,0,0,0,0,0
263,267,2,0,1,1,1,1,0,0,0,0
263,275,2,0,1,1,1,1,0,0,0,0
263,291,2,0,0,1,1,1,0,0,0,0
263,323,2,0,1,1,1,1,0,0,0,0
263,387,2,0,1,1,1,1,0,0,0,0
263,3,2,0,0,1,0,0,0,0,0,0
263,287,2,0,1,1,1,1,0,0,0,0
263,303,2,0,1,1,1,1,0,0,0,0
263,335,2,0,1,1,1,1,0,0,0,0
263,399,2,0,1,1,1,1,0,0,0,0
263,15,2,0,0,1,0,0,0,0,0,0
263,311,2,0,1,1,1,1,0,0,0,0
263,343,2,0,1,1,1,1,0,0,0,0
263,407,2,0,1,1,1,1,0,0,0,0
263,23,2,0,1,1,0,1,0,1,0,0
263,359,2,0,1,1,1,1,0,0,0,0
263,423,2,0,1,1,1,1,0,0,0,0
263,39,2,0,0,1,0,1,0,1,0,0
263,455,2,0,1,1,1,1,0,0,0,0
263,71,2,0,0,1,0,0,0,0,0,0
263,135,2,0,1,1,0,1,0,1,0,0
264,264,0,0,0,1,1,1,0,0,0,0
264,265,1,0,0,1,1,1,0,0,0,0
264,266,1,0,1,1,1,1,0,0,0,0
264,268,1,0,1,1,1,1,0,0,0,0
264,256,1,0,0,1,0,0,0,0,0,0
264,280,1,0,1,1,1,1,0,0,0,0
264,296,1,0,1,1,1,1,0,0,0,0
264,328,1,0,0,1,1,1,0,0,0,0
264,392,1,0,0,1,1,1,0,0,0,0
264,8,1,0,0,1,0,0,0,0,0,0
264,267,2,0,1,1,1,1,0,0,0,0
264,269,2,0,1,1,1,1,0,0,0,0
264,257,2,0,0,1,0,0,0,0,0,0
264,281,2,0,1,1,1,1,0,0,0,0
264,297,2,0,1,1,1,1,0,0,0,0
264,329,2,0,0,1,1,1,0,0,0,0
264,393,2,0,0,1,1,1,0,0,0,0
264,9,2,0,0,1,0,0,0,0,0,0
264,270,2,0,1,1,1,1,0,0,0,0
264,258,2,0,0,1,0,0,0,0,0,0
264,282,2,0,1,1,1,1,0,0,0,0
264,298,2,0,1,1,1,1,0,0,0,0
264,330,2,0,1,1,1,1,0,0,0,0
264,394,2,0,1,1,1,1,0,0,0,0
264,10,2,0,0,1,0,0,0,0,0,0
264,260,2,0,0,1,0,0,0,0,0,0
264,284,2,0,1,1,1,1,0,0,0,0
264,300,2,0,1,1,1,1,0,0,0,0
264,332,2,0,1,1,1,1,0,0,0,0
264,396,2,0,1,1,1,1,0,0,0,0
264,12,2,0,0,1,0,0,0,0,0,0
264,272,2,0,1,1,0,1,0,1,0,0
264,288,2,0,0,1,0,0,0,0,0,0
264,320,2,0,0,1,0,1,0,1,0,0
264,384,2,0,0,1,0,1,0,1,0,0
264,0,2,0,0,1,0,0,0,0,0,0
264,312,2,0,1,1,1,1,0,0,0,0
264,344,2,0,1,1,1,1,0,0,0,0
264,408,2,0,1,1,1,1,0,0,0,0
264,24,2,0,1,1,0,1,0,1,0,0
264,360,2,0,1,1,1,1,0,0,0,0
264,424,2,0,1,1,1,1,0,0,0,0
264,40,2,0,1,1,0,1,0,1,0,0
264,456,2,0,0,1,1,1,0,0,0,0
264,72,2,0,0,1,0,0,0,0,0,0
264,136,2,0,0,1,0,1,0,1,0,0
265,265,0,0,0,1,1,1,0,0,0,0
265,264,1,0,0,1,1,1,0,0,0,0
265,267,1,0,1,1,1,1,0,0,0,0
265,269,1,0,1,1,1,1,0,0,0,0
265,257,1,0,0,1,0,0,0,0,0,0
265,281,1,0,1,1,1,1,0,0,0,0
265,297,1,0,1,1,1,1,0,0,0,0
265,329,1,0,0,1,1,1,0,0,0,0
265,393,1,0,0,1,1,1,0,0,0,0
265,9,1,0,0,1,0,0,0,0,0,0
265,266,2,0,1,1,1,1,0,0,0,0
265,268,2,0,1,1,1,1,0,0,0,0
265,256,2,0,0,1,0,0,0,0,0,0
265,280,2,0,1,1,1,1,0,0,0,0
265,296,2,0,1,1,1,1,0,0,0,0
265,328,2,0,0,1,1,1,0,0,0,0
265,392,2,0,0,1,1,1,0,0,0,0
265,8,2,0,0,1,0,0,0,0,0,0
265,271,2,0,1,1,1,1,0,0,0,0
265,259,2,0,0,1,0,0,0,0,0,0
265,283,2,0,1,1,1,1,0,0,0,0
265,299,2,0,1,1,1,1,0,0,0,0
265,331,2,0,1,1,1,1,0,0,0,0
265,395,2,0,1,1,1,1,0,0,0,0
265,11,2,0,0,1,0,0,0,0,0,0
265,261,2,0,0,1,0,0,0,0,0,0
265,285,2,0,1,1,1,1,0,0,0,0
265,301,2,0,1,1,1,1,0,0,0,0
265,333,2,0,1,1,1,1,0,0,0,0
265,397,2,0,1,1,1,1,0,0,0,0
265,13,2,0,0,1,0,0,0,0,0,0
265,273,2,0,1,1,0,1,0,1,0,0
265,289,2,0,0,1,0,0,0,0,0,0
265,321,2,0,0,1,0,1,0,1,0,0
265,385,2,0,0,1,0,1,0,1,0,0
265,1,2,0,0,1,0,0,0,0,0,0
265,313,2,0,1,1,1,1,0,0,0,0
265,345,2,0,1,1,1,1,0,0,0,0
265,409,2,0,1,1,1,1,0,0,0,0
265,25,2,0,1,1,0,1,0,1,0,0
265,361,2,0,1,1,1,1,0,0,0,0
265,425,2,0,1,1,1,1,0,0,0,0
265,41,2,0,1,1,0,1,0,1,0,0
265,457,2,0,0,1,1,1,0,0,0,0
265,73,2,0,0,1,0,0,0,0,0,0
265,137,2,0,0,1,0,1,0,1,0,0
266,266,0,1,1,3,3,3,0,0,0,1
266,267,1,1,1,3,3,3,0,0,0,1
266,264,1,1,0,3,1,1,0,0,1,0
266,270,1,1,1,3,3,3,0,0,0,1
266,258,1,1,0,3,1,1,0,0,1,0
266,282,1,1,1,3,3,3,0,0,0,1
266,298,1,1,1,3,3,3,0,0,0,1
266,330,1,1,1,3,3,3,0,0,0,1
266,394,1,1,1,3,3,3,0,0,0,1
266,10,1,1,0,3,0,0,0,0,1,0
266,265,2,1,0,3,1,1,0,0,1,0
266,271,2,1,1,3,3,3,0,0,0,1
266,259,2,1,0,3,1,1,0,0,1,0
266,283,2,1,1,3,3,3,0,0,0,1
266,299,2,1,1,3,3,3,0,0,0,1
266,331,2,1,1,3,3,3,0,0,0,1
266,395,2,1,1,3,3,3,0,0,0,1
266,11,2,1,0,3,0,0,0,0,1,0
266,268,2,1,1,3,1,3,0,2,0,0
266,256,2,1,0,3,0,0,0,0,1,0
266,280,2,1,1,3,1,3,0,2,0,0
266,296,2,1,1,3,1,3,0,2,0,0
266,328,2,1,0,3,1,1,0,0,1,0
266,392,2,1,0,3,1,1,0,0,1,0
266,8,2,1,0,3,0,0,0,0,1,0
266,262,2,1,0,3,1,1,0,0,1,0
266,286,2,1,1,3,3,3,0,0,0,1
266,302,2,1,1,3,3,3,0,0,0,1
266,334,2,1,1,3,3,3,0,0,0,1
266,398,2,1,1,3,3,3,0,0,0,1
266,14,2,1,0,3,0,0,0,0,1,0
266,274,2,1,1,3,1,3,0,2,0,0
266,290,2,1,0,3,1,1,0,0,1,0
266,322,2,1,1,3,1,3,0,2,0,0
266,386,2,1,1,3,1,3,0,2,0,0
266,2,2,1,0,3,0,0,0,0,1,0
266,314,2,1,1,3,3,3,0,0,0,1
266,346,2,1,1,3,3,3,0,0,0,1
266,410,2,1,1,3,3,3,0,0,0,1
266,26,2,1,1,3,0,3,0,3,0,0
266,362,2,1,1,3,3,3,0,0,0,1
266,426,2,1,1,3,3,3,0,0,0,1
266,42,2,1,1,3,0,3,0,3,0,0
266,458,2,1,1,3,3,3,0,0,0,1
266,74,2,1,0,3,0,0,0,0,1,0
266,138,2,1,1,3,0,3,0,3,0,0
267,267,0,1,1,3,3,3,0,0,0,1
267,266,1,1,1,3,3,3,0,0,0,1
267,265,1,1,0,3,1,1,0,0,1,0
267,271,1,1,1,3,3,3,0,0,0,1
267,259,1,1,0,3,1,1,0,0,1,0
267,283,1,1,1,3,3,3,0,0,0,1
267,299,1,1,1,3,3,3,0,0,0,1
267,331,1,1,1,3,3,3,0,0,0,1
267,395,1,1,1,3,3,3,0,0,0,1
267,11,1,1,0,3,0,0,0,0,1,0
267,264,2,1,0,3,1,1,0,0,1,0
267,270,2,1,1,3,3,3,0,0,0,1
267,258,2,1,0,3,1,1,0,0,1,0
267,282,2,1,1,3,3,3,0,0,0,1
267,298,2,1,1,3,3,3,0,0,0,1
267,330,2,1,1,3,3,3,0,0,0,1
267,394,2,1,1,3,3,3,0,0,0,1
267,10,2,1,0,3,0,0,0,0,1,0
267,269,2,1,1,3,1,3,0,2,0,0
267,257,2,1,0,3,0,0,0,0,1,0
267,281,2,1,1,3,1,3,0,2,0,0
267,297,2,1,1,3,1,3,0,2,0,0
267,329,2,1,0,3,1,1,0,0,1,0
267,393,2,1,0,3,1,1,0,0,1,0
267,9,2,1,0,3,0,0,0,0,1,0
267,263,2,1,0,3,1,1,0,0,1,0
267,287,2,1,1,3,3,3,0,0,0,1
267,303,2,1,1,3,3,3,0,0,0,1
267,335,2,1,1,3,3,3,0,0,0,1
267,399,2,1,1,3,3,3,0,0,0,1
267,15,2,1,0,3,0,0,0,0,1,0
267,275,2,1,1,3,1,3,0,2,0,0
267,291,2,1,0,3,1,1,0,0,1,0
267,323,2,1,1,3,1,3,0,2,0,0
267,387,2,1,1,3,1,3,0,2,0,0
267,3,2,1,0,3,0,0,0,0,1,0
267,315,2,1,1,3,3,3,0,0,0,1
267,347,2,1,1,3,3,3,0,0,0,1
267,411,2,1,1,3,3,3,0,0,0,1
267,27,2,1,1,3,0,3,0,3,0,0
267,363,2,1,1,3,3,3,0,0,0,1
267,427,2,1,1,3,3,3,0,0,0,1
267,43,2,1,1,3,0,3,0,3,0,0
267,459,2,1,1,3,3,3,0,0,0,1
267,75,2,1,0,3,0,0,0,0,1,0
267,139,2,1,1,3,0,3,0,3,0,0
268,268,0,1,1,4,4,4,0,0,0,1
268,269,1,1,1,4,4,4,0,0,0,1
268,270,1,1,1,4,4,4,0,0,0,1
268,264,1,1,0,4,1,1,0,0,1,0
268,260,1,1,0,4,1,1,0,0,1,0
268,284,1,1,1,4,4,4,0,0,0,1
268,300,1,1,1,4,4,4,0,0,0,1
268,332,1,1,1,4,4,4,0,0,0,1
268,396,1,1,1,4,4,4,0,0,0,1
268,12,1,1,0,4,1,1,0,0,1,0
268,271,2,1,1,4,4,4,0,0,0,1
268,265,2,1,0,4,1,1,0,0,1,0
268,261,2,1,0,4,1,2,0,1,1,0
268,285,2,1,1,4,4,4,0,0,0,1
268,301,2,1,1,4,4,4,0,0,0,1
268,333,2,1,1,4,4,4,0,0,0,1
268,397,2,1,1,4,4,4,0,0,0,1
268,13,2,1,0,4,1,1,0,0,1,0
268,266,2,1,1,4,1,4,0,3,0,0
268,262,2,1,0,4,1,2,0,1,1,0
268,286,2,1,1,4,4,4,0,0,0,1
268,302,2,1,1,4,4,4,0,0,0,1
268,334,2,1,1,4,4,4,0,0,0,1
268,398,2,1,1,4,4,4,0,0,0,1
268,14,2,1,0,4,1,1,0,0,1,0
268,256,2,1,0,4,0,0,0,0,1,0
268,280,2,1,1,4,1,4,0,3,0,0
268,296,2,1,1,4,1,4,0,3,0,0
268,328,2,1,0,4,1,1,0,0,1,0
268,392,2,1,0,4,1,1,0,0,1,0
268,8,2,1,0,4,0,0,0,0,1,0
268,276,2,1,1,4,1,4,0,3,0,0
268,292,2,1,0,4,1,1,0,0,1,0
268,324,2,1,0,4,1,2,0,1,1,0
268,388,2,1,0,4,1,2,0,1,1,0
268,4,2,1,0,4,0,0,0,0,1,0
268,316,2,1,1,4,4,4,0,0,0,1
268,348,2,1,1,4,4,4,0,0,0,1
268,412,2,1,1,4,4,4,0,0,0,1
268,28,2,1,1,4,1,4,0,3,0,0
268,364,2,1,1,4,4,4,0,0,0,1
268,428,2,1,1,4,4,4,0,0,0,1
268,44,2,1,1,4,1,4,0,3,0,0
268,460,2,1,1,4,4,4,0,0,0,1
268,76,2,1,0,4,1,1,0,0,1,0
268,140,2,1,1,4,1,4,0,3,0,0
269,269,0,1,1,4,4,4,0,0,0,1
269,268,1,1,1,4,3,4,0,1,0,0
269,271,1,1,1,4,4,4,0,0,0,1
269,265,1,1,0,4,1,1,0,0,1,0
269,261,1,1,0,4,2,2,0,0,1,0
269,285,1,1,1,4,4,4,0,0,0,1
269,301,1,1,1,4,4,4,0,0,0,1
269,333,1,1,1,4,4,4,0,0,0,1
269,397,1,1,1,4,4,4,0,0,0,1
269,13,1,1,0,4,1,1,0,0,1,0
269,270,2,1,1,4,3,4,0,1,0,0
269,264,2,1,0,4,1,1,0,0,1,0
269,260,2,1,0,4,1,1,0,0,1,0
269,284,2,1,1,4,3,4,0,1,0,0
269,300,2,1,1,4,3,4,0,1,0,0
269,332,2,1,1,4,3,4,0,1,0,0
269,396,2,1,1,4,3,4,0,1,0,0
269,12,2,1,0,4,0,1,0,1,1,0
269,267,2,1,1,4,1,4,0,3,0,0
269,263,2,1,0,4,2,2,0,0,1,0
269,287,2,1,1,4,4,4,0,0,0,1
269,303,2,1,1,4,4,4,0,0,0,1
269,335,2,1,1,4,4,4,0,0,0,1
269,399,2,1,1,4,4,4,0,0,0,1
269,15,2,1,0,4,1,1,0,0,1,0
269,257,2,1,0,4,0,0,0,0,1,0
269,281,2,1,1,4,1,4,0,3,0,0
269,297,2,1,1,4,1,4,0,3,0,0
269,329,2,1,0,4,1,1,0,0,1,0
269,393,2,1,0,4,1,1,0,0,1,0
269,9,2,1,0,4,0,0,0,0,1,0
269,277,2,1,1,4,2,4,0,2,0,0
269,293,2,1,0,4,2,2,0,0,1,0
269,325,2,1,1,4,2,4,0,2,0,0
269,389,2,1,1,4,2,4,0,2,0,0
269,5,2,1,0,4,1,1,0,0,1,0
269,317,2,1,1,4,4,4,0,0,0,1
269,349,2,1,1,4,4,4,0,0,0,1
269,413,2,1,1,4,4,4,0,0,0,1
269,29,2,1,1,4,1,4,0,3,0,0
269,365,2,1,1,4,4,4,0,0,0,1
269,429,2,1,1,4,4,4,0,0,0,1
269,45,2,1,1,4,1,4,0,3,0,0
269,461,2,1,1,4,4,4,0,0,0,1
269,77,2,1,0,4,1,1,0,0,1,0
269,141,2,1,1,4,1,4,0,3,0,0
270,270,0,1,1,3,3,3,0,0,0,1
270,271,1,1,1,3,3,3,0,0,0,1
270,268,1,1,1,3,1,3,0,2,0,0
270,266,1,1,1,3,3,3,0,0,0,1
270,262,1,1,0,3,1,1,0,0,1,0
270,286,1,1,1,3,3,3,0,0,0,1
270,302,1,1,1,3,3,3,0,0,0,1
270,334,1,1,1,3,3,3,0,0,0,1
270,398,1,1,1,3,3,3,0,0,0,1
270,14,1,1,0,3,0,0,0,0,1,0
270,269,2,1,1,3,1,3,0,2,0,0
270,267,2,1,1,3,3,3,0,0,0,1
270,263,2,1,0,3,1,1,0,0,1,0
270,287,2,1,1,3,3,3,0,0,0,1
270,303,2,1,1,3,3,3,0,0,0,1
270,335,2,1,1,3,3,3,0,0,0,1
270,399,2,1,1,3,3,3,0,0,0,1
270,15,2,1,0,3,0,0,0,0,1,0
270,264,2,1,0,3,1,1,0,0,1,0
270,260,2,1,0,3,0,1,0,1,1,0
270,284,2,1,1,3,1,3,0,2,0,0
270,300,2,1,1,3,1,3,0,2,0,0
270,332,2,1,1,3,1,3,0,2,0,0
270,396,2,1,1,3,1,3,0,2,0,0
270,12,2,1,0,3,0,0,0,0,1,0
270,258,2,1,0,3,1,1,0,0,1,0
270,282,2,1,1,3,3,3,0,0,0,1
270,298,2,1,1,3,3,3,0,0,0,1
270,330,2,1,1,3,3,3,0,0,0,1
270,394,2,1,1,3,3,3,0,0,0,1
270,10,2,1,0,3,0,0,0,0,1,0
270,278,2,1,1,3,1,3,0,2,0,0
270,294,2,1,0,3,1,1,0,0,1,0
270,326,2,1,1,3,1,3,0,2,0,0
270,390,2,1,1,3,1,3,0,2,0,0
270,6,2,1,0,3,0,0,0,0,1,0
270,318,2,1,1,3,3,3,0,0,0,1
270,350,2,1,1,3,3,3,0,0,0,1
270,414,2,1,1,3,3,3,0,0,0,1
270,30,2,1,1,3,0,3,0,3,0,0
270,366,2,1,1,3,3,3,0,0,0,1
270,430,2,1,1,3,3,3,0,0,0,1
270,46,2,1,1,3,0,3,0,3,0,0
270,462,2,1,1,3,3,3,0,0,0,1
270,78,2,1,0,3,0,0,0,0,1,0
270,142,2,1,1,3,0,3,0,3,0,0
271,271,0,1,1,3,3,3,0,0,0,1
271,270,1,1,1,3,3,3,0,0,0,1
271,269,1,1,1,3,1,3,0,2,0,0
271,267,1,1,1,3,3,3,0,0,0,1
271,263,1,1,0,3,1,1,0,0,1,0
271,287,1,1,1,3,3,3,0,0,0,1
271,303,1,1,1,3,3,3,0,0,0,1
271,335,1,1,1,3,3,3,0,0,0,1
271,399,1,1,1,3,3,3,0,0,0,1
271,15,1,1,0,3,0,0,0,0,1,0
271,268,2,1,1,3,1,3,0,2,0,0
271,266,2,1,1,3,3,3,0,0,0,1
271,262,2,1,0,3,1,1,0,0,1,0
271,286,2,1,1,3,3,3,0,0,0,1
271,302,2,1,1,3,3,3,0,0,0,1
271,334,2,1,1,3,3,3,0,0,0,1
271,398,2,1,1,3,3,3,0,0,0,1
271,14,2,1,0,3,0,0,0,0,1,0
271,265,2,1,0,3,1,1,0,0,1,0
271,261,2,1,0,3,0,1,0,1,1,0
271,285,2,1,1,3,1,3,0,2,0,0
271,301,2,1,1,3,1,3,0,2,0,0
271,333,2,1,1,3,1,3,0,2,0,0
271,397,2,1,1,3,1,3,0,2,0,0
271,13,2,1,0,3,0,0,0,0,1,0
271,259,2,1,0,3,1,1,0,0,1,0
271,283,2,1,1,3,3,3,0,0,0,1
271,299,2,1,1,3,3,3,0,0,0,1
271,331,2,1,1,3,3,3,0,0,0,1
271,395,2,1,1,3,3,3,0,0,0,1
271,11,2,1,0,3,0,0,0,0,1,0
271,279,2,1,1,3,1,3,0,2,0,0
271,295,2,1,0,3,1,1,0,0,1,0
271,327,2,1,1,3,1,3,0,2,0,0
271,391,2,1,1,3,1,3,0,2,0,0
271,7,2,1,0,3,0,0,0,0,1,0
271,319,2,1,1,3,3,3,0,0,0,1
271,351,2,1,1,3,3,3,0,0,0,1
271,415,2,1,1,3,3,3,0,0,0,1
271,31,2,1,1,3,0,3,0,3,0,0
271,367,2,1,1,3,3,3,0,0,0,1
271,431,2,1,1,3,3,3,0,0,0,1
271,47,2,1,1,3,0,3,0,3,0,0
271,463,2,1,1,3,3,3,0,0,0,1
271,79,2,1,0,3,0,0,0,0,1,0
271,143,2,1,1,3,0,3,0,3,0,0
272,272,0,1,1,0,0,0,0,0,0,1
272,273,1,1,1,0,0,0,0,0,0,1
272,274,1,1,1,0,0,0,0,0,0,1
272,276,1,1,1,0,0,0,0,0,0,1
272,280,1,1,1,0,0,0,0,0,0,1
272,256,1,1,0,0,0,0,0,0,1,0
272,304,1,1,1,0,0,0,0,0,0,1
272,336,1,1,1,0,0,0,0,0,0,1
272,400,1,1,1,0,0,0,0,0,0,1
272,16,1,1,1,0,0,0,0,0,0,1
272,275,2,1,1,0,0,0,0,0,0,1
272,277,2,1,1,0,0,0,0,0,0,1
272,281,2,1,1,0,0,0,0,0,0,1
272,257,2,1,0,0,0,0,0,0,1,0
272,305,2,1,1,0,0,0,0,0,0,1
272,337,2,1,1,0,0,0,0,0,0,1
272,401,2,1,1,0,0,0,0,0,0,1
272,17,2,1,1,0,0,0,0,0,0,1
272,278,2,1,1,0,0,0,0,0,0,1
272,282,2,1,1,0,0,0,0,0,0,1
272,258,2,1,0,0,0,0,0,0,1,0
272,306,2,1,1,0,0,0,0,0,0,1
272,338,2,1,1,0,0,0,0,0,0,1
272,402,2,1,1,0,0,0,0,0,0,1
272,18,2,1,1,0,0,0,0,0,0,1
272,284,2,1,1,0,0,0,0,0,0,1
272,260,2,1,0,0,0,0,0,0,1,0
272,308,2,1,1,0,0,0,0,0,0,1
272,340,2,1,1,0,0,0,0,0,0,1
272,404,2,1,1,0,0,0,0,0,0,1
272,20,2,1,1,0,0,0,0,0,0,1
272,264,2,1,0,0,0,0,0,0,1,0
272,312,2,1,1,0,0,0,0,0,0,1
272,344,2,1,1,0,0,0,0,0,0,1
272,408,2,1,1,0,0,0,0,0,0,1
272,24,2,1,1,0,0,0,0,0,0,1
272,288,2,1,0,0,0,0,0,0,1,0
272,320,2,1,0,0,0,0,0,0,1,0
272,384,2,1,0,0,0,0,0,0,1,0
272,0,2,1,0,0,0,0,0,0,1,0
272,368,2,1,1,0,0,0,0,0,0,1
272,432,2,1,1,0,0,0,0,0,0,1
272,48,2,1,1,0,0,0,0,0,0,1
272,464,2,1,1,0,0,0,0,0,0,1
272,80,2,1,1,0,0,0,0,0,0,1
272,144,2,1,1,0,0,0,0,0,0,1
273,273,0,1,1,0,0,0,0,0,0,1
273,272,1,1,1,0,0,0,0,0,0,1
273,275,1,1,1,0,0,0,0,0,0,1
273,277,1,1,1,0,0,0,0,0,0,1
273,281,1,1,1,0,0,0,0,0,0,1
273,257,1,1,0,0,0,0,0,0,1,0
273,305,1,1,1,0,0,0,0,0,0,1
273,337,1,1,1,0,0,0,0,0,0,1
273,401,1,1,1,0,0,0,0,0,0,1
273,17,1,1,1,0,0,0,0,0,0,1
273,274,2,1,1,0,0,0,0,0,0,1
273,276,2,1,1,0,0,0,0,0,0,1
273,280,2,1,1,0,0,0,0,0,0,1
273,256,2,1,0,0,0,0,0,0,1,0
273,304,2,1,1,0,0,0,0,0,0,1
273,336,2,1,1,0,0,0,0,0,0,1
273,400,2,1,1,0,0,0,0,0,0,1
273,16,2,1,1,0,0,0,0,0,0,1
273,279,2,1,1,0,0,0,0,0,0,1
273,283,2,1,1,0,0,0,0,0,0,1
273,259,2,1,0,0,0,0,0,0,1,0
273,307,2,1,1,0,0,0,0,0,0,1
273,339,2,1,1,0,0,0,0,0,0,1
273,403,2,1,1,0,0,0,0,0,0,1
273,19,2,1,1,0,0,0,0,0,0,1
273,285,2,1,1,0,0,0,0,0,0,1
273,261,2,1,0,0,0,0,0,0,1,0
273,309,2,1,1,0,0,0,0,0,0,1
273,341,2,1,1,0,0,0,0,0,0,1
273,405,2,1,1,0,0,0,0,0,0,1
273,21,2,1,1,0,0,0,0,0,0,1
273,265,2,1,0,0,0,0,0,0,1,0
273,313,2,1,1,0,0,0,0,0,0,1
273,345,2,1,1,0,0,0,0,0,0,1
273,409,2,1,1,0,0,0,0,0,0,1
273,25,2,1,1,0,0,0,0,0,0,1
273,289,2,1,0,0,0,0,0,0,1,0
273,321,2,1,0,0,0,0,0,0,1,0
273,385,2,1,0,0,0,0,0,0,1,0
273,1,2,1,0,0,0,0,0,0,1,0
273,369,2,1,1,0,0,0,0,0,0,1
273,433,2,1,1,0,0,0,0,0,0,1
273,49,2,1,1,0,0,0,0,0,0,1
273,465,2,1,1,0,0,0,0,0,0,1
273,81,2,1,1,0,0,0,0,0,0,1
273,145,2,1,1,0,0,0,0,0,0,1
274,274,0,1,1,1,1,1,0,0,0,1
274,275,1,1,1,1,1,1,0,0,0,1
274,272,1,1,1,1,0,1,0,1,0,1
274,278,1,1,1,1,1,1,0,0,0,1
274,282,1,1,1,1,1,1,0,0,0,1
274,258,1,1,0,1,1,1,0,0,1,0
274,306,1,1,1,1,1,1,0,0,0,1
274,338,1,1,1,1,1,1,0,0,0,1
274,402,1,1,1,1,1,1,0,0,0,1
274,18,1,1,1,1,0,1,0,1,0,1
274,273,2,1,1,1,0,1,0,1,0,1
274,279,2,1,1,1,1,1,0,0,0,1
274,283,2,1,1,1,1,1,0,0,0,1
274,259,2,1,0,1,1,1,0,0,1,0
274,307,2,1,1,1,1,1,0,0,0,1
274,339,2,1,1,1,1,1,0,0,0,1
274,403,2,1,1,1,1,1,0,0,0,1
274,19,2,1,1,1,0,1,0,1,0,1
274,276,2,1,1,1,0,1,0,1,0,1
274,280,2,1,1,1,0,1,0,1,0,1
274,256,2,1,0,1,0,0,0,0,1,0
274,304,2,1,1,1,0,1,0,1,0,1
274,336,2,1,1,1,0,1,0,1,0,1
274,400,2,1,1,1,0,1,0,1,0,1
274,16,2,1,1,1,0,1,0,1,0,1
274,286,2,1,1,1,1,1,0,0,0,1
274,262,2,1,0,1,1,1,0,0,1,0
274,310,2,1,1,1,1,1,0,0,0,1
274,342,2,1,1,1,1,1,0,0,0,1
274,406,2,1,1,1,1,1,0,0,0,1
274,22,2,1,1,1,0,1,0,1,0,1
274,266,2,1,1,1,1,1,0,0,0,0
274,314,2,1,1,1,1,1,0,0,0,1
274,346,2,1,1,1,1,1,0,0,0,1
274,410,2,1,1,1,1,1,0,0,0,1
274,26,2,1,1,1,0,1,0,1,0,1
274,290,2,1,0,1,1,1,0,0,1,0
274,322,2,1,1,1,1,1,0,0,0,0
274,386,2,1,1,1,1,1,0,0,0,0
274,2,2,1,0,1,0,0,0,0,1,0
274,370,2,1,1,1,1,1,0,0,0,1
274,434,2,1,1,1,1,1,0,0,0,1
274,50,2,1,1,1,0,1,0,1,0,1
274,466,2,1,1,1,1,1,0,0,0,1
274,82,2,1,1,1,0,1,0,1,0,1
274,146,2,1,1,1,0,1,0,1,0,1
275,275,0,1,1,1,1,1,0,0,0,1
275,274,1,1,1,1,1,1,0,0,0,1
275,273,1,1,1,1,0,1,0,1,0,1
275,279,1,1,1,1,1,1,0,0,0,1
275,283,1,1,1,1,1,1,0,0,0,1
275,259,1,1,0,1,1,1,0,0,1,0
275,307,1,1,1,1,1,1,0,0,0,1
275,339,1,1,1,1,1,1,0,0,0,1
275,403,1,1,1,1,1,1,0,0,0,1
275,19,1,1,1,1,0,1,0,1,0,1
275,272,2,1,1,1,0,1,0,1,0,1
275,278,2,1,1,1,1,1,0,0,0,1
275,282,2,1,1,1,1,1,0,0,0,1
275,258,2,1,0,1,1,1,0,0,1,0
275,306,2,1,1,1,1,1,0,0,0,1
275,338,2,1,1,1,1,1,0,0,0,1
275,402,2,1,1,1,1,1,0,0,0,1
275,18,2,1,1,1,0,1,0,1,0,1
275,277,2,1,1,1,0,1,0,1,0,1
275,281,2,1,1,1,0,1,0,1,0,1
275,257,2,1,0,1,0,0,0,0,1,0
275,305,2,1,1,1,0,1,0,1,0,1
275,337,2,1,1,1,0,1,0,1,0,1
275,401,2,1,1,1,0,1,0,1,0,1
275,17,2,1,1,1,0,1,0,1,0,1
275,287,2,1,1,1,1,1,0,0,0,1
275,263,2,1,0,1,1,1,0,0,1,0
275,311,2,1,1,1,1,1,0,0,0,1
275,343,2,1,1,1,1,1,0,0,0,1
275,407,2,1,1,1,1,1,0,0,0,1
275,23,2,1,1,1,0,1,0,1,0,1
275,267,2,1,1,1,1,1,0,0,0,0
275,315,2,1,1,1,1,1,0,0,0,1
275,347,2,1,1,1,1,1,0,0,0,1
275,411,2,1,1,1,1,1,0,0,0,1
275,27,2,1,1,1,0,1,0,1,0,1
275,291,2,1,0,1,1,1,0,0,1,0
275,323,2,1,1,1,1,1,0,0,0,0
275,387,2,1,1,1,1,1,0,0,0,0
275,3,2,1,0,1,0,0,0,0,1,0
275,371,2,1,1,1,1,1,0,0,0,1
275,435,2,1,1,1,1,1,0,0,0,1
275,51,2,1,1,1,0,1,0,1,0,1
275,467,2,1,1,1,1,1,0,0,0,1
275,83,2,1,1,1,0,1,0,1,0,1
275,147,2,1,1,1,0,1,0,1,0,1
276,276,0,1,1,1,1,1,0,0,0,1
276,277,1,1,1,1,1,1,0,0,0,1
276,278,1,1,1,1,1,1,0,0,0,1
276,272,1,1,1,1,0,1,0,1,0,1
276,284,1,1,1,1,1,1,0,0,0,1
276,260,1,1,0,1,1,1,0,0,1,0
276,308,1,1,1,1,1,1,0,0,0,1
276,340,1,1,1,1,1,1,0,0,0,1
276,404,1,1,1,1,1,1,0,0,0,1
276,20,1,1,1,1,0,1,0,1,0,1
276,279,2,1,1,1,1,1,0,0,0,1
276,273,2,1,1,1,0,1,0,1,0,1
276,285,2,1,1,1,1,1,0,0,0,1
276,261,2,1,0,1,1,1,0,0,1,0
276,309,2,1,1,1,1,1,0,0,0,1
276,341,2,1,1,1,1,1,0,0,0,1
276,405,2,1,1,1,1,1,0,0,0,1
276,21,2,1,1,1,0,1,0,1,0,1
276,274,2,1,1,1,0,1,0,1,0,1
276,286,2,1,1,1,1,1,0,0,0,1
276,262,2,1,0,1,1,1,0,0,1,0
276,310,2,1,1,1,1,1,0,0,0,1
276,342,2,1,1,1,1,1,0,0,0,1
276,406,2,1,1,1,1,1,0,0,0,1
276,22,2,1,1,1,0,1,0,1,0,1
276,280,2,1,1,1,0,1,0,1,0,1
276,256,2,1,0,1,0,0,0,0,1,0
276,304,2,1,1,1,0,1,0,1,0,1
276,336,2,1,1,1,0,1,0,1,0,1
276,400,2,1,1,1,0,1,0,1,0,1
276,16,2,1,1,1,0,1,0,1,0,1
276,268,2,1,1,1,1,1,0,0,0,0
276,316,2,1,1,1,1,1,0,0,0,1
276,348,2,1,1,1,1,1,0,0,0,1
276,412,2,1,1,1,1,1,0,0,0,1
276,28,2,1,1,1,0,1,0,1,0,1
276,292,2,1,0,1,1,1,0,0,1,0
276,324,2,1,0,1,1,1,0,0,1,0
276,388,2,1,0,1,1,1,0,0,1,0
276,4,2,1,0,1,0,0,0,0,1,0
276,372,2,1,1,1,1,1,0,0,0,1
276,436,2,1,1,1,1,1,0,0,0,1
276,52,2,1,1,1,0,1,0,1,0,1
276,468,2,1,1,1,1,1,0,0,0,1
276,84,2,1,1,1,0,1,0,1,0,1
276,148,2,1,1,1,0,1,0,1,0,1
277,277,0,1,1,2,2,2,0,0,0,1
277,276,1,1,1,2,1,2,0,1,0,1
277,279,1,1,1,2,2,2,0,0,0,1
277,273,1,1,1,2,0,2,0,2,0,1
277,285,1,1,1,2,2,2,0,0,0,1
277,261,1,1,0,2,2,2,0,0,1,0
277,309,1,1,1,2,2,2,0,0,0,1
277,341,1,1,1,2,2,2,0,0,0,1
277,405,1,1,1,2,2,2,0,0,0,1
277,21,1,1,1,2,1,2,0,1,0,1
277,278,2,1,1,2,1,2,0,1,0,1
277,272,2,1,1,2,0,2,0,2,0,1
277,284,2,1,1,2,1,2,0,1,0,1
277,260,2,1,0,2,1,1,0,0,1,0
277,308,2,1,1,2,1,2,0,1,0,1
277,340,2,1,1,2,1,2,0,1,0,1
277,404,2,1,1,2,1,2,0,1,0,1
277,20,2,1,1,2,0,2,0,2,0,1
277,275,2,1,1,2,0,2,0,2,0,1
277,287,2,1,1,2,2,2,0,0,0,1
277,263,2,1,0,2,2,2,0,0,1,0
277,311,2,1,1,2,2,2,0,0,0,1
277,343,2,1,1,2,2,2,0,0,0,1
277,407,2,1,1,2,2,2,0,0,0,1
277,23,2,1,1,2,1,2,0,1,0,1
277,281,2,1,1,2,0,2,0,2,0,1
277,257,2,1,0,2,0,0,0,0,1,0
277,305,2,1,1,2,0,2,0,2,0,1
277,337,2,1,1,2,0,2,0,2,0,1
277,401,2,1,1,2,0,2,0,2,0,1
277,17,2,1,1,2,0,2,0,2,0,1
277,269,2,1,1,2,2,2,0,0,0,0
277,317,2,1,1,2,2,2,0,0,0,1
277,349,2,1,1,2,2,2,0,0,0,1
277,413,2,1,1,2,2,2,0,0,0,1
277,29,2,1,1,2,1,2,0,1,0,1
277,293,2,1,0,2,2,2,0,0,1,0
277,325,2,1,1,2,2,2,0,0,0,0
277,389,2,1,1,2,2,2,0,0,0,0
277,5,2,1,0,2,1,1,0,0,1,0
277,373,2,1,1,2,2,2,0,0,0,1
277,437,2,1,1,2,2,2,0,0,0,1
277,53,2,1,1,2,1,2,0,1,0,1
277,469,2,1,1,2,2,2,0,0,0,1
277,85,2,1,1,2,1,2,0,1,0,1
277,149,2,1,1,2,1,2,0,1,0,1
278,278,0,1,1,1,1,1,0,0,0,1
278,279,1,1,1,1,1,1,0,0,0,1
278,276,1,1,1,1,0,1,0,1,0,1
278,274,1,1,1,1,1,1,0,0,0,1
278,286,1,1,1,1,1,1,0,0,0,1
278,262,1,1,0,1,1,1,0,0,1,0
278,310,1,1,1,1,1,1,0,0,0,1
278,342,1,1,1,1,1,1,0,0,0,1
278,406,1,1,1,1,1,1,0,0,0,1
278,22,1,1,1,1,0,1,0,1,0,1
278,277,2,1,1,1,0,1,0,1,0,1
278,275,2,1,1,1,1,1,0,0,0,1
278,287,2,1,1,1,1,1,0,0,0,1
278,263,2,1,0,1,1,1,0,0,1,0
278,311,2,1,1,1,1,1,0,0,0,1
278,343,2,1,1,1,1,1,0,0,0,1
278,407,2,1,1,1,1,1,0,0,0,1
278,23,2,1,1,1,0,1,0,1,0,1
278,272,2,1,1,1,0,1,0,1,0,1
278,284,2,1,1,1,0,1,0,1,0,1
278,260,2,1,0,1,0,1,0,1,1,0
278,308,2,1,1,1,0,1,0,1,0,1
278,340,2,1,1,1,0,1,0,1,0,1
278,404,2,1,1,1,0,1,0,1,0,1
278,20,2,1,1,1,0,1,0,1,0,1
278,282,2,1,1,1,1,1,0,0,0,1
278,258,2,1,0,1,1,1,0,0,1,0
278,306,2,1,1,1,1,1,0,0,0,1
278,338,2,1,1,1,1,1,0,0,0,1
278,402,2,1,1,1,1,1,0,0,0,1
278,18,2,1,1,1,0,1,0,1,0,1
278,270,2,1,1,1,1,1,0,0,0,0
278,318,2,1,1,1,1,1,0,0,0,1
278,350,2,1,1,1,1,1,0,0,0,1
278,414,2,1,1,1,1,1,0,0,0,1
278,30,2,1,1,1,0,1,0,1,0,1
278,294,2,1,0,1,1,1,0,0,1,0
278,326,2,1,1,1,1,1,0,0,0,0
278,390,2,1,1,1,1,1,0,0,0,0
278,6,2,1,0,1,0,0,0,0,1,0
278,374,2,1,1,1,1,1,0,0,0,1
278,438,2,1,1,1,1,1,0,0,0,1
278,54,2,1,1,1,0,1,0,1,0,1
278,470,2,1,1,1,1,1,0,0,0,1
278,86,2,1,1,1,0,1,0,1,0,1
278,150,2,1,1,1,0,1,0,1,0,1
279,279,0,1,1,1,1,1,0,0,0,1
279,278,1,1,1,1,1,1,0,0,0,1
279,277,1,1,1,1,0,1,0,1,0,1
279,275,1,1,1,1,1,1,0,0,0,1
279,287,1,1,1,1,1,1,0,0,0,1
279,263,1,1,0,1,1,1,0,0,1,0
279,311,1,1,1,1,1,1,0,0,0,1
279,343,1,1,1,1,1,1,0,0,0,1
279,407,1,1,1,1,1,1,0,0,0,1
279,23,1,1,1,1,0,1,0,1,0,1
279,276,2,1,1,1,0,1,0,1,0,1
279,274,2,1,1,1,1,1,0,0,0,1
279,286,2,1,1,1,1,1,0,0,0,1
279,262,2,1,0,1,1,1,0,0,1,0
279,310,2,1,1,1,1,1,0,0,0,1
279,342,2,1,1,1,1,1,0,0,0,1
279,406,2,1,1,1,1,1,0,0,0,1
279,22,2,1,1,1,0,1,0,1,0,1
279,273,2,1,1,1,0,1,0,1,0,1
279,285,2,1,1,1,0,1,0,1,0,1
279,261,2,1,0,1,0,1,0,1,1,0
279,309,2,1,1,1,0,1,0,1,0,1
279,341,2,1,1,1,0,1,0,1,0,1
279,405,2,1,1,1,0,1,0,1,0,1
279,21,2,1,1,1,0,1,0,1,0,1
279,283,2,1,1,1,1,1,0,0,0,1
279,259,2,1,0,1,1,1,0,0,1,0
279,307,2,1,1,1,1,1,0,0,0,1
279,339,2,1,1,1,1,1,0,0,0,1
279,403,2,1,1,1,1,1,0,0,0,1
279,19,2,1,1,1,0,1,0,1,0,1
279,271,2,1,1,1,1,1,0,0,0,0
279,319,2,1,1,1,1,1,0,0,0,1
279,351,2,1,1,1,1,1,0,0,0,1
279,415,2,1,1,1,1,1,0,0,0,1
279,31,2,1,1,1,0,1,0,1,0,1
279,295,2,1,0,1,1,1,0,0,1,0
279,327,2,1,1,1,1,1,0,0,0,0
279,391,2,1,1,1,1,1,0,0,0,0
279,7,2,1,0,1,0,0,0,0,1,0
279,375,2,1,1,1,1,1,0,0,0,1
279,439,2,1,1,1,1,1,0,0,0,1
279,55,2,1,1,1,0,1,0,1,0,1
279,471,2,1,1,1,1,1,0,0,0,1
279,87,2,1,1,1,0,1,0,1,0,1
279,151,2,1,1,1,0,1,0,1,0,1
280,280,0,1,1,1,1,1,0,0,0,1
280,281,1,1,1,1,1,1,0,0,0,1
280,282,1,1,1,1,1,1,0,0,0,1
280,284,1,1,1,1,1,1,0,0,0,1
280,272,1,1,1,1,0,1,0,1,0,1
280,264,1,1,0,1,1,1,0,0,1,0
280,312,1,1,1,1,1,1,0,0,0,1
280,344,1,1,1,1,1,1,0,0,0,1
280,408,1,1,1,1,1,1,0,0,0,1
280,24,1,1,1,1,0,1,0,1,0,1
280,283,2,1,1,1,1,1,0,0,0,1
280,285,2,1,1,1,1,1,0,0,0,1
280,273,2,1,1,1,0,1,0,1,0,1
280,265,2,1,0,1,1,1,0,0,1,0
280,313,2,1,1,1,1,1,0,0,0,1
280,345,2,1,1,1,1,1,0,0,0,1
280,409,2,1,1,1,1,1,0,0,0,1
280,25,2,1,1,1,0,1,0,1,0,1
280,286,2,1,1,1,1,1,0,0,0,1
280,274,2,1,1,1,0,1,0,1,0,1
280,266,2,1,1,1,1,1,0,0,0,0
280,314,2,1,1,1,1,1,0,0,0,1
280,346,2,1,1,1,1,1,0,0,0,1
280,410,2,1,1,1,1,1,0,0,0,1
280,26,2,1,1,1,0,1,0,1,0,1
280,276,2,1,1,1,0,1,0,1,0,1
280,268,2,1,1,1,1,1,0,0,0,0
280,316,2,1,1,1,1,1,0,0,0,1
280,348,2,1,1,1,1,1,0,0,0,1
280,412,2,1,1,1,1,1,0,0,0,1
280,28,2,1,1,1,0,1,0,1,0,1
280,256,2,1,0,1,0,0,0,0,1,0
280,304,2,1,1,1,0,1,0,1,0,1
280,336,2,1,1,1,0,1,0,1,0,1
280,400,2,1,1,1,0,1,0,1,0,1
280,16,2,1,1,1,0,1,0,1,0,1
280,296,2,1,1,1,1,1,0,0,0,0
280,328,2,1,0,1,1,1,0,0,1,0
280,392,2,1,0,1,1,1,0,0,1,0
280,8,2,1,0,1,0,0,0,0,1,0
280,376,2,1,1,1,1,1,0,0,0,1
280,440,2,1,1,1,1,1,0,0,0,1
280,56,2,1,1,1,0,1,0,1,0,1
280,472,2,1,1,1,1,1,0,0,0,1
280,88,2,1,1,1,0,1,0,1,0,1
280,152,2,1,1,1,0,1,0,1,0,1
281,281,0,1,1,1,1,1,0,0,0,1
281,280,1,1,1,1,1,1,0,0,0,1
281,283,1,1,1,1,1,1,0,0,0,1
281,285,1,1,1,1,1,1,0,0,0,1
281,273,1,1,1,1,0,1,0,1,0,1
281,265,1,1,0,1,1,1,0,0,1,0
281,313,1,1,1,1,1,1,0,0,0,1
281,345,1,1,1,1,1,1,0,0,0,1
281,409,1,1,1,1,1,1,0,0,0,1
281,25,1,1,1,1,0,1,0,1,0,1
281,282,2,1,1,1,1,1,0,0,0,1
281,284,2,1,1,1,1,1,0,0,0,1
281,272,2,1,1,1,0,1,0,1,0,1
281,264,2,1,0,1,1,1,0,0,1,0
281,312,2,1,1,1,1,1,0,0,0,1
281,344,2,1,1,1,1,1,0,0,0,1
281,408,2,1,1,1,1,1,0,0,0,1
281,24,2,1,1,1,0,1,0,1,0,1
281,287,2,1,1,1,1,1,0,0,0,1
281,275,2,1,1,1,0,1,0,1,0,1
281,267,2,1,1,1,1,1,0,0,0,0
281,315,2,1,1,1,1,1,0,0,0,1
281,347,2,1,1,1,1,1,0,0,0,1
281,411,2,1,1,1,1,1,0,0,0,1
281,27,2,1,1,1,0,1,0,1,0,1
281,277,2,1,1,1,0,1,0,1,0,1
281,269,2,1,1,1,1,1,0,0,0,0
281,317,2,1,1,1,1,1,0,0,0,1
281,349,2,1,1,1,1,1,0,0,0,1
281,413,2,1,1,1,1,1,0,0,0,1
281,29,2,1,1,1,0,1,0,1,0,1
281,257,2,1,0,1,0,0,0,0,1,0
281,305,2,1,1,1,0,1,0,1,0,1
281,337,2,1,1,1,0,1,0,1,0,1
281,401,2,1,1,1,0,1,0,1,0,1
281,17,2,1,1,1,0,1,0,1,0,1
281,297,2,1,1,1,1,1,0,0,0,0
281,329,2,1,0,1,1,1,0,0,1,0
281,393,2,1,0,1,1,1,0,0,1,0
281,9,2,1,0,1,0,0,0,0,1,0
281,377,2,1,1,1,1,1,0,0,0,1
281,441,2,1,1,1,1,1,0,0,0,1
281,57,2,1,1,1,0,1,0,1,0,1
281,473,2,1,1,1,1,1,0,0,0,1
281,89,2,1,1,1,0,1,0,1,0,1
281,153,2,1,1,1,0,1,0,1,0,1
282,282,0,1,1,2,2,2,0,0,0,1
282,283,1,1,1,2,2,2,0,0,0,1
282,280,1,1,1,2,1,2,0,1,0,1
282,286,1,1,1,2,2,2,0,0,0,1
282,274,1,1,1,2,1,2,0,1,0,1
282,266,1,1,1,2,2,2,0,0,0,0
282,314,1,1,1,2,2,2,0,0,0,1
282,346,1,1,1,2,2,2,0,0,0,1
282,410,1,1,1,2,2,2,0,0,0,1
282,26,1,1,1,2,0,2,0,2,0,1
282,281,2,1,1,2,1,2,0,1,0,1
282,287,2,1,1,2,2,2,0,0,0,1
282,275,2,1,1,2,1,2,0,1,0,1
282,267,2,1,1,2,2,2,0,0,0,0
282,315,2,1,1,2,2,2,0,0,0,1
282,347,2,1,1,2,2,2,0,0,0,1
282,411,2,1,1,2,2,2,0,0,0,1
282,27,2,1,1,2,0,2,0,2,0,1
282,284,2,1,1,2,1,2,0,1,0,1
282,272,2,1,1,2,0,2,0,2,0,1
282,264,2,1,0,2,1,1,0,0,1,0
282,312,2,1,1,2,1,2,0,1,0,1
282,344,2,1,1,2,1,2,0,1,0,1
282,408,2,1,1,2,1,2,0,1,0,1
282,24,2,1,1,2,0,2,0,2,0,1
282,278,2,1,1,2,1,2,0,1,0,1
282,270,2,1,1,2,2,2,0,0,0,0
282,318,2,1,1,2,2,2,0,0,0,1
282,350,2,1,1,2,2,2,0,0,0,1
282,414,2,1,1,2,2,2,0,0,0,1
282,30,2,1,1,2,0,2,0,2,0,1
282,258,2,1,0,2,1,1,0,0,1,0
282,306,2,1,1,2,1,2,0,1,0,1
282,338,2,1,1,2,1,2,0,1,0,1
282,402,2,1,1,2,1,2,0,1,0,1
282,18,2,1,1,2,0,2,0,2,0,1
282,298,2,1,1,2,2,2,0,0,0,0
282,330,2,1,1,2,2,2,0,0,0,0
282,394,2,1,1,2,2,2,0,0,0,0
282,10,2,1,0,2,0,0,0,0,1,0
282,378,2,1,1,2,2,2,0,0,0,1
282,442,2,1,1,2,2,2,0,0,0,1
282,58,2,1,1,2,0,2,0,2,0,1
282,474,2,1,1,2,2,2,0,0,0,1
282,90,2,1,1,2,0,2,0,2,0,1
282,154,2,1,1,2,0,2,0,2,0,1
283,283,0,1,1,2,2,2,0,0,0,1
283,282,1,1,1,2,2,2,0,0,0,1
283,281,1,1,1,2,1,2,0,1,0,1
283,287,1,1,1,2,2,2,0,0,0,1
283,275,1,1,1,2,1,2,0,1,0,1
283,267,1,1,1,2,2,2,0,0,0,0
283,315,1,1,1,2,2,2,0,0,0,1
283,347,1,1,1,2,2,2,0,0,0,1
283,411,1,1,1,2,2,2,0,0,0,1
283,27,1,1,1,2,0,2,0,2,0,1
283,280,2,1,1,2,1,2,0,1,0,1
283,286,2,1,1,2,2,2,0,0,0,1
283,274,2,1,1,2,1,2,0,1,0,1
283,266,2,1,1,2,2,2,0,0,0,0
283,314,2,1,1,2,2,2,0,0,0,1
283,346,2,1,1,2,2,2,0,0,0,1
283,410,2,1,1,2,2,2,0,0,0,1
283,26,2,1,1,2,0,2,0,2,0,1
283,285,2,1,1,2,1,2,0,1,0,1
283,273,2,1,1,2,0,2,0,2,0,1
283,265,2,1,0,2,1,1,0,0,1,0
283,313,2,1,1,2,1,2,0,1,0,1
283,345,2,1,1,2,1,2,0,1,0,1
283,409,2,1,1,2,1,2,0,1,0,1
283,25,2,1,1,2,0,2,0,2,0,1
283,279,2,1,1,2,1,2,0,1,0,1
283,271,2,1,1,2,2,2,0,0,0,0
283,319,2,1,1,2,2,2,0,0,0,1
283,351,2,1,1,2,2,2,0,0,0,1
283,415,2,1,1,2,2,2,0,0,0,1
283,31,2,1,1,2,0,2,0,2,0,1
283,259,2,1,0,2,1,1,0,0,1,0
283,307,2,1,1,2,1,2,0,1,0,1
283,339,2,1,1,2,1,2,0,1,0,1
283,403,2,1,1,2,1,2,0,1,0,1
283,19,2,1,1,2,0,2,0,2,0,1
283,299,2,1,1,2,2,2,0,0,0,0
283,331,2,1,1,2,2,2,0,0,0,0
283,395,2,1,1,2,2,2,0,0,0,0
283,11,2,1,0,2,0,0,0,0,1,0
283,379,2,1,1,2,2,2,0,0,0,1
283,443,2,1,1,2,2,2,0,0,0,1
283,59,2,1,1,2,0,2,0,2,0,1
283,475,2,1,1,2,2,2,0,0,0,1
283,91,2,1,1,2,0,2,0,2,0,1
283,155,2,1,1,2,0,2,0,2,0,1
284,284,0,1,1,3,3,3,0,0,0,1
284,285,1,1,1,3,3,3,0,0,0,1
284,286,1,1,1,3,3,3,0,0,0,1
284,280,1,1,1,3,1,3,0,2,0,1
284,276,1,1,1,3,1,3,0,2,0,1
284,268,1,1,1,3,3,3,0,0,0,0
284,316,1,1,1,3,3,3,0,0,0,1
284,348,1,1,1,3,3,3,0,0,0,1
284,412,1,1,1,3,3,3,0,0,0,1
284,28,1,1,1,3,1,3,0,2,0,1
284,287,2,1,1,3,3,3,0,0,0,1
284,281,2,1,1,3,1,3,0,2,0,1
284,277,2,1,1,3,1,3,0,2,0,1
284,269,2,1,1,3,3,3,0,0,0,0
284,317,2,1,1,3,3,3,0,0,0,1
284,349,2,1,1,3,3,3,0,0,0,1
284,413,2,1,1,3,3,3,0,0,0,1
284,29,2,1,1,3,1,3,0,2,0,1
284,282,2,1,1,3,1,3,0,2,0,1
284,278,2,1,1,3,1,3,0,2,0,1
284,270,2,1,1,3,3,3,0,0,0,0
284,318,2,1,1,3,3,3,0,0,0,1
284,350,2,1,1,3,3,3,0,0,0,1
284,414,2,1,1,3,3,3,0,0,0,1
284,30,2,1,1,3,1,3,0,2,0,1
284,272,2,1,1,3,0,3,0,3,0,1
284,264,2,1,0,3,1,1,0,0,1,0
284,312,2,1,1,3,1,3,0,2,0,1
284,344,2,1,1,3,1,3,0,2,0,1
284,408,2,1,1,3,1,3,0,2,0,1
284,24,2,1,1,3,0,3,0,3,0,1
284,260,2,1,0,3,1,1,0,0,1,0
284,308,2,1,1,3,1,3,0,2,0,1
284,340,2,1,1,3,1,3,0,2,0,1
284,404,2,1,1,3,1,3,0,2,0,1
284,20,2,1,1,3,0,3,0,3,0,1
284,300,2,1,1,3,3,3,0,0,0,0
284,332,2,1,1,3,3,3,0,0,0,0
284,396,2,1,1,3,3,3,0,0,0,0
284,12,2,1,0,3,1,1,0,0,1,0
284,380,2,1,1,3,3,3,0,0,0,1
284,444,2,1,1,3,3,3,0,0,0,1
284,60,2,1,1,3,1,3,0,2,0,1
284,476,2,1,1,3,3,3,0,0,0,1
284,92,2,1,1,3,1,3,0,2,0,1
284,156,2,1,1,3,1,3,0,2,0,1
285,285,0,1,1,3,3,3,0,0,0,1
285,284,1,1,1,3,2,3,0,1,0,1
285,287,1,1,1,3,3,3,0,0,0,1
285,281,1,1,1,3,1,3,0,2,0,1
285,277,1,1,1,3,2,3,0,1,0,1
285,269,1,1,1,3,3,3,0,0,0,0
285,317,1,1,1,3,3,3,0,0,0,1
285,349,1,1,1,3,3,3,0,0,0,1
285,413,1,1,1,3,3,3,0,0,0,1
285,29,1,1,1,3,1,3,0,2,0,1
285,286,2,1,1,3,2,3,0,1,0,1
285,280,2,1,1,3,1,3,0,2,0,1
285,276,2,1,1,3,1,3,0,2,0,1
285,268,2,1,1,3,2,3,0,1,0,0
285,316,2,1,1,3,2,3,0,1,0,1
285,348,2,1,1,3,2,3,0,1,0,1
285,412,2,1,1,3,2,3,0,1,0,1
285,28,2,1,1,3,0,3,0,3,0,1
285,283,2,1,1,3,1,3,0,2,0,1
285,279,2,1,1,3,2,3,0,1,0,1
285,271,2,1,1,3,3,3,0,0,0,0
285,319,2,1,1,3,3,3,0,0,0,1
285,351,2,1,1,3,3,3,0,0,0,1
285,415,2,1,1,3,3,3,0,0,0,1
285,31,2,1,1,3,1,3,0,2,0,1
285,273,2,1,1,3,0,3,0,3,0,1
285,265,2,1,0,3,1,1,0,0,1,0
285,313,2,1,1,3,1,3,0,2,0,1
285,345,2,1,1,3,1,3,0,2,0,1
285,409,2,1,1,3,1,3,0,2,0,1
285,25,2,1,1,3,0,3,0,3,0,1
285,261,2,1,0,3,2,2,0,0,1,0
285,309,2,1,1,3,2,3,0,1,0,1
285,341,2,1,1,3,2,3,0,1,0,1
285,405,2,1,1,3,2,3,0,1,0,1
285,21,2,1,1,3,1,3,0,2,0,1
285,301,2,1,1,3,3,3,0,0,0,0
285,333,2,1,1,3,3,3,0,0,0,0
285,397,2,1,1,3,3,3,0,0,0,0
285,13,2,1,0,3,1,1,0,0,1,0
285,381,2,1,1,3,3,3,0,0,0,1
285,445,2,1,1,3,3,3,0,0,0,1
285,61,2,1,1,3,1,3,0,2,0,1
285,477,2,1,1,3,3,3,0,0,0,1
285,93,2,1,1,3,1,3,0,2,0,1
285,157,2,1,1,3,1,3,0,2,0,1
286,286,0,1,1,2,2,2,0,0,0,1
286,287,1,1,1,2,2,2,0,0,0,1
286,284,1,1,1,2,1,2,0,1,0,1
286,282,1,1,1,2,2,2,0,0,0,1
286,278,1,1,1,2,1,2,0,1,0,1
286,270,1,1,1,2,2,2,0,0,0,0
286,318,1,1,1,2,2,2,0,0,0,1
286,350,1,1,1,2,2,2,0,0,0,1
286,414,1,1,1,2,2,2,0,0,0,1
286,30,1,1,1,2,0,2,0,2,0,1
286,285,2,1,1,2,1,2,0,1,0,1
286,283,2,1,1,2,2,2,0,0,0,1
286,279,2,1,1,2,1,2,0,1,0,1
286,271,2,1,1,2,2,2,0,0,0,0
286,319,2,1,1,2,2,2,0,0,0,1
286,351,2,1,1,2,2,2,0,0,0,1
286,415,2,1,1,2,2,2,0,0,0,1
286,31,2,1,1,2,0,2,0,2,0,1
286,280,2,1,1,2,1,2,0,1,0,1
286,276,2,1,1,2,0,2,0,2,0,1
286,268,2,1,1,2,1,2,0,1,0,0
286,316,2,1,1,2,1,2,0,1,0,1
286,348,2,1,1,2,1,2,0,1,0,1
286,412,2,1,1,2,1,2,0,1,0,1
286,28,2,1,1,2,0,2,0,2,0,1
286,274,2,1,1,2,1,2,0,1,0,1
286,266,2,1,1,2,2,2,0,0,0,0
286,314,2,1,1,2,2,2,0,0,0,1
286,346,2,1,1,2,2,2,0,0,0,1
286,410,2,1,1,2,2,2,0,0,0,1
286,26,2,1,1,2,0,2,0,2,0,1
286,262,2,1,0,2,1,1,0,0,1,0
286,310,2,1,1,2,1,2,0,1,0,1
286,342,2,1,1,2,1,2,0,1,0,1
286,406,2,1,1,2,1,2,0,1,0,1
286,22,2,1,1,2,0,2,0,2,0,1
286,302,2,1,1,2,2,2,0,0,0,0
286,334,2,1,1,2,2,2,0,0,0,0
286,398,2,1,1,2,2,2,0,0,0,0
286,14,2,1,0,2,0,0,0,0,1,0
286,382,2,1,1,2,2,2,0,0,0,1
286,446,2,1,1,2,2,2,0,0,0,1
286,62,2,1,1,2,0,2,0,2,0,1
286,478,2,1,1,2,2,2,0,0,0,1
286,94,2,1,1,2,0,2,0,2,0,1
286,158,2,1,1,2,0,2,0,2,0,1
287,287,0,1,1,2,2,2,0,0,0,1
287,286,1,1,1,2,2,2,0,0,0,1
287,285,1,1,1,2,1,2,0,1,0,1
287,283,1,1,1,2,2,2,0,0,0,1
287,279,1,1,1,2,1,2,0,1,0,1
287,271,1,1,1,2,2,2,0,0,0,0
287,319,1,1,1,2,2,2,0,0,0,1
287,351,1,1,1,2,2,2,0,0,0,1
287,415,1,1,1,2,2,2,0,0,0,1
287,31,1,1,1,2,0,2,0,2,0,1
287,284,2,1,1,2,1,2,0,1,0,1
287,282,2,1,1,2,2,2,0,0,0,1
287,278,2,1,1,2,1,2,0,1,0,1
287,270,2,1,1,2,2,2,0,0,0,0
287,318,2,1,1,2,2,2,0,0,0,1
287,350,2,1,1,2,2,2,0,0,0,1
287,414,2,1,1,2,2,2,0,0,0,1
287,30,2,1,1,2,0,2,0,2,0,1
287,281,2,1,1,2,1,2,0,1,0,1
287,277,2,1,1,2,0,2,0,2,0,1
287,269,2,1,1,2,1,2,0,1,0,0
287,317,2,1,1,2,1,2,0,1,0,1
287,349,2,1,1,2,1,2,0,1,0,1
287,413,2,1,1,2,1,2,0,1,0,1
287,29,2,1,1,2,0,2,0,2,0,1
287,275,2,1,1,2,1,2,0,1,0,1
287,267,2,1,1,2,2,2,0,0,0,0
287,315,2,1,1,2,2,2,0,0,0,1
287,347,2,1,1,2,2,2,0,0,0,1
287,411,2,1,1,2,2,2,0,0,0,1
287,27,2,1,1,2,0,2,0,2,0,1
287,263,2,1,0,2,1,1,0,0,1,0
287,311,2,1,1,2,1,2,0,1,0,1
287,343,2,1,1,2,1,2,0,1,0,1
287,407,2,1,1,2,1,2,0,1,0,1
287,23,2,1,1,2,0,2,0,2,0,1
287,303,2,1,1,2,2,2,0,0,0,0
287,335,2,1,1,2,2,2,0,0,0,0
287,399,2,1,1,2,2,2,0,0,0,0
287,15,2,1,0,2,0,0,0,0,1,0
287,383,2,1,1,2,2,2,0,0,0,1
287,447,2,1,1,2,2,2,0,0,0,1
287,63,2,1,1,2,0,2,0,2,0,1
287,479,2,1,1,2,2,2,0,0,0,1
287,95,2,1,1,2,0,2,0,2,0,1
287,159,2,1,1,2,0,2,0,2,0,1
288,288,0,0,0,0,0,0,0,0,0,0
288,289,1,0,0,0,0,0,0,0,0,0
288,290,1,0,0,0,0,0,0,0,0,0
288,292,1,0,0,0,0,0,0,0,0,0
288,296,1,0,1,0,0,0,0,0,0,0
288,304,1,0,1,0,0,0,0,0,0,0
288,256,1,0,0,0,0,0,0,0,0,0
288,352,1,0,0,0,0,0,0,0,0,0
288,416,1,0,0,0,0,0,0,0,0,0
288,32,1,0,0,0,0,0,0,0,0,0
288,291,2,0,0,0,0,0,0,0,0,0
288,293,2,0,0,0,0,0,0,0,0,0
288,297,2,0,1,0,0,0,0,0,0,0
288,305,2,0,1,0,0,0,0,0,0,0
288,257,2,0,0,0,0,0,0,0,0,0
288,353,2,0,1,0,0,0,0,0,0,0
288,417,2,0,1,0,0,0,0,0,0,0
288,33,2,0,0,0,0,0,0,0,0,0
288,294,2,0,0,0,0,0,0,0,0,0
288,298,2,0,1,0,0,0,0,0,0,0
288,306,2,0,1,0,0,0,0,0,0,0
288,258,2,0,0,0,0,0,0,0,0,0
288,354,2,0,1,0,0,0,0,0,0,0
288,418,2,0,1,0,0,0,0,0,0,0
288,34,2,0,0,0,0,0,0,0,0,0
288,300,2,0,1,0,0,0,0,0,0,0
288,308,2,0,1,0,0,0,0,0,0,0
288,260,2,0,0,0,0,0,0,0,0,0
288,356,2,0,0,0,0,0,0,0,0,0
288,420,2,0,0,0,0,0,0,0,0,0
288,36,2,0,0,0,0,0,0,0,0,0
288,312,2,0,1,0,0,0,0,0,0,0
288,264,2,0,0,0,0,0,0,0,0,0
288,360,2,0,1,0,0,0,0,0,0,0
288,424,2,0,1,0,0,0,0,0,0,0
288,40,2,0,1,0,0,0,0,0,0,0
288,272,2,0,1,0,0,0,0,0,0,0
288,368,2,0,1,0,0,0,0,0,0,0
288,432,2,0,1,0,0,0,0,0,0,0
288,48,2,0,1,0,0,0,0,0,0,0
288,320,2,0,0,0,0,0,0,0,0,0
288,384,2,0,0,0,0,0,0,0,0,0
288,0,2,0,0,0,0,0,0,0,0,0
288,480,2,0,0,0,0,0,0,0,0,0
288,96,2,0,0,0,0,0,0,0,0,0
288,160,2,0,0,0,0,0,0,0,0,0
289,289,0,0,0,1,1,1,0,0,0,0
289,288,1,0,0,1,0,0,0,0,0,0
289,291,1,0,0,1,1,1,0,0,0,0
289,293,1,0,0,1,1,1,0,0,0,0
289,297,1,0,1,1,1,1,0,0,0,0
289,305,1,0,1,1,1,1,0,0,0,0
289,257,1,0,0,1,0,0,0,0,0,0
289,353,1,0,1,1,1,1,0,0,0,0
289,417,1,0,1,1,1,1,0,0,0,0
289,33,1,0,0,1,1,1,0,0,0,0
289,290,2,0,0,1,0,1,0,1,0,0
289,292,2,0,0,1,0,0,0,0,0,0
289,296,2,0,1,1,0,1,0,1,0,0
289,304,2,0,1,1,0,1,0,1,0,0
289,256,2,0,0,1,0,0,0,0,0,0
289,352,2,0,0,1,0,0,0,0,0,0
289,416,2,0,0,1,0,0,0,0,0,0
289,32,2,0,0,1,0,0,0,0,0,0
289,295,2,0,0,1,1,1,0,0,0,0
289,299,2,0,1,1,1,1,0,0,0,0
289,307,2,0,1,1,1,1,0,0,0,0
289,259,2,0,0,1,0,1,0,1,0,0
289,355,2,0,1,1,1,1,0,0,0,0
289,419,2,0,1,1,1,1,0,0,0,0
289,35,2,0,0,1,1,1,0,0,0,0
289,301,2,0,1,1,1,1,0,0,0,0
289,309,2,0,1,1,1,1,0,0,0,0
289,261,2,0,0,1,0,1,0,1,0,0
289,357,2,0,1,1,1,1,0,0,0,0
289,421,2,0,1,1,1,1,0,0,0,0
289,37,2,0,0,1,1,1,0,0,0,0
289,313,2,0,1,1,1,1,0,0,0,0
289,265,2,0,0,1,0,0,0,0,0,0
289,361,2,0,1,1,1,1,0,0,0,0
289,425,2,0,1,1,1,1,0,0,0,0
289,41,2,0,1,1,1,1,0,0,0,0
289,273,2,0,1,1,0,1,0,1,0,0
289,369,2,0,1,1,1,1,0,0,0,0
289,433,2,0,1,1,1,1,0,0,0,0
289,49,2,0,1,1,1,1,0,0,0,0
289,321,2,0,0,1,0,0,0,0,0,0
289,385,2,0,0,1,0,0,0,0,0,0
289,1,2,0,0,1,0,0,0,0,0,0
289,481,2,0,1,1,1,1,0,0,0,0
289,97,2,0,1,1,1,1,0,0,0,0
289,161,2,0,1,1,1,1,0,0,0,0
290,290,0,0,0,0,0,0,0,0,0,0
290,291,1,0,0,0,0,0,0,0,0,0
290,288,1,0,0,0,0,0,0,0,0,0
290,294,1,0,0,0,0,0,0,0,0,0
290,298,1,0,1,0,0,0,0,0,0,0
290,306,1,0,1,0,0,0,0,0,0,0
290,258,1,0,0,0,0,0,0,0,0,0
290,354,1,0,1,0,0,0,0,0,0,0
290,418,1,0,1,0,0,0,0,0,0,0
290,34,1,0,0,0,0,0,0,0,0,0
290,289,2,0,0,0,0,0,0,0,0,0
290,295,2,0,0,0,0,0,0,0,0,0
290,299,2,0,1,0,0,0,0,0,0,0
290,307,2,0,1,0,0,0,0,0,0,0
290,259,2,0,0,0,0,0,0,0,0,0
290,355,2,0,1,0,0,0,0,0,0,0
290,419,2,0,1,0,0,0,0,0,0,0
290,35,2,0,0,0,0,0,0,0,0,0
290,292,2,0,0,0,0,0,0,0,0,0
290,296,2,0,1,0,0,0,0,0,0,0
290,304,2,0,1,0,0,0,0,0,0,0
290,256,2,0,0,0,0,0,0,0,0,0
290,352,2,0,0,0,0,0,0,0,0,0
290,416,2,0,0,0,0,0,0,0,0,0
290,32,2,0,0,0,0,0,0,0,0,0
290,302,2,0,1,0,0,0,0,0,0,0
290,310,2,0,1,0,0,0,0,0,0,0
290,262,2,0,0,0,0,0,0,0,0,0
290,358,2,0,1,0,0,0,0,0,0,0
290,422,2,0,1,0,0,0,0,0,0,0
290,38,2,0,0,0,0,0,0,0,0,0
290,314,2,0,1,0,0,0,0,0,0,0
290,266,2,0,1,0,0,0,0,0,0,0
290,362,2,0,1,0,0,0,0,0,0,0
290,426,2,0,1,0,0,0,0,0,0,0
290,42,2,0,1,0,0,0,0,0,0,0
290,274,2,0,1,0,0,0,0,0,0,0
290,370,2,0,1,0,0,0,0,0,0,0
290,434,2,0,1,0,0,0,0,0,0,0
290,50,2,0,1,0,0,0,0,0,0,0
290,322,2,0,1,0,0,0,0,0,0,0
290,386,2,0,1,0,0,0,0,0,0,0
290,2,2,0,0,0,0,0,0,0,0,0
290,482,2,0,1,0,0,0,0,0,0,0
290,98,2,0,1,0,0,0,0,0,0,0
290,162,2,0,1,0,0,0,0,0,0,0
291,291,0,0,0,0,0,0,0,0,0,0
291,290,1,0,0,0,0,0,0,0,0,0
291,289,1,0,0,0,0,0,0,0,0,0
291,295,1,0,0,0,0,0,0,0,0,0
291,299,1,0,1,0,0,0,0,0,0,0
291,307,1,0,1,0,0,0,0,0,0,0
291,259,1,0,0,0,0,0,0,0,0,0
291,355,1,0,1,0,0,0,0,0,0,0
291,419,1,0,1,0,0,0,0,0,0,0
291,35,1,0,0,0,0,0,0,0,0,0
291,288,2,0,0,0,0,0,0,0,0,0
291,294,2,0,0,0,0,0,0,0,0,0
291,298,2,0,1,0,0,0,0,0,0,0
291,306,2,0,1,0,0,0,0,0,0,0
291,258,2,0,0,0,0,0,0,0,0,0
291,354,2,0,1,0,0,0,0,0,0,0
291,418,2,0,1,0,0,0,0,0,0,0
291,34,2,0,0,0,0,0,0,0,0,0
291,293,2,0,0,0,0,0,0,0,0,0
291,297,2,0,1,0,0,0,0,0,0,0
291,305,2,0,1,0,0,0,0,0,0,0
291,257,2,0,0,0,0,0,0,0,0,0
291,353,2,0,1,0,0,0,0,0,0,0
291,417,2,0,1,0,0,0,0,0,0,0
291,33,2,0,0,0,0,0,0,0,0,0
291,303,2,0,1,0,0,0,0,0,0,0
291,311,2,0,1,0,0,0,0,0,0,0
291,263,2,0,0,0,0,0,0,0,0,0
291,359,2,0,1,0,0,0,0,0,0,0
291,423,2,0,1,0,0,0,0,0,0,0
291,39,2,0,0,0,0,0,0,0,0,0
291,315,2,0,1,0,0,0,0,0,0,0
291,267,2,0,1,0,0,0,0,0,0,0
291,363,2,0,1,0,0,0,0,0,0,0
291,427,2,0,1,0,0,0,0,0,0,0
291,43,2,0,1,0,0,0,0,0,0,0
291,275,2,0,1,0,0,0,0,0,0,0
291,371,2,0,1,0,0,0,0,0,0,0
291,435,2,0,1,0,0,0,0,0,0,0
291,51,2,0,1,0,0,0,0,0,0,0
291,323,2,0,1,0,0,0,0,0,0,0
291,387,2,0,1,0,0,0,0,0,0,0
291,3,2,0,0,0,0,0,0,0,0,0
291,483,2,0,1,0,0,0,0,0,0,0
291,99,2,0,1,0,0,0,0,0,0,0
291,163,2,0,1,0,0,0,0,0,0,0
292,292,0,0,0,0,0,0,0,0,0,0
292,293,1,0,0,0,0,0,0,0,0,0
292,294,1,0,0,0,0,0,0,0,0,0
292,288,1,0,0,0,0,0,0,0,0,0
292,300,1,0,1,0,0,0,0,0,0,0
292,308,1,0,1,0,0,0,0,0,0,0
292,260,1,0,0,0,0,0,0,0,0,0
292,356,1,0,0,0,0,0,0,0,0,0
292,420,1,0,0,0,0,0,0,0,0,0
292,36,1,0,0,0,0,0,0,0,0,0
292,295,2,0,0,0,0,0,0,0,0,0
292,289,2,0,0,0,0,0,0,0,0,0
292,301,2,0,1,0,0,0,0,0,0,0
292,309,2,0,1,0,0,0,0,0,0,0
292,261,2,0,0,0,0,0,0,0,0,0
292,357,2,0,1,0,0,0,0,0,0,0
292,421,2,0,1,0,0,0,0,0,0,0
292,37,2,0,0,0,0,0,0,0,0,0
292,290,2,0,0,0,0,0,0,0,0,0
292,302,2,0,1,0,0,0,0,0,0,0
292,310,2,0,1,0,0,0,0,0,0,0
292,262,2,0,0,0,0,0,0,0,0,0
292,358,2,0,1,0,0,0,0,0,0,0
292,422,2,0,1,0,0,0,0,0,0,0
292,38,2,0,0,0,0,0,0,0,0,0
292,296,2,0,1,0,0,0,0,0,0,0
292,304,2,0,1,0,0,0,0,0,0,0
292,256,2,0,0,0,0,0,0,0,0,0
292,352,2,0,0,0,0,0,0,0,0,0
292,416,2,0,0,0,0,0,0,0,0,0
292,32,2,0,0,0,0,0,0,0,0,0
292,316,2,0,1,0,0,0,0,0,0,0
292,268,2,0,1,0,0,0,0,0,0,0
292,364,2,0,1,0,0,0,0,0,0,0
292,428,2,0,1,0,0,0,0,0,0,0
292,44,2,0,1,0,0,0,0,0,0,0
292,276,2,0,1,0,0,0,0,0,0,0
292,372,2,0,1,0,0,0,0,0,0,0
292,436,2,0,1,0,0,0,0,0,0,0
292,52,2,0,1,0,0,0,0,0,0,0
292,324,2,0,0,0,0,0,0,0,0,0
292,388,2,0,0,0,0,0,0,0,0,0
292,4,2,0,0,0,0,0,0,0,0,0
292,484,2,0,0,0,0,0,0,0,0,0
292,100,2,0,0,0,0,0,0,0,0,0
292,164,2,0,0,0,0,0,0,0,0,0
293,293,0,0,0,1,1,1,0,0,0,0
293,292,1,0,0,1,0,0,0,0,0,0
293,295,1,0,0,1,1,1,0,0,0,0
293,289,1,0,0,1,0,1,0,1,0,0
293,301,1,0,1,1,1,1,0,0,0,0
293,309,1,0,1,1,1,1,0,0,0,0
293,261,1,0,0,1,1,1,0,0,0,0
293,357,1,0,1,1,1,1,0,0,0,0
293,421,1,0,1,1,1,1,0,0,0,0
293,37,1,0,0,1,1,1,0,0,0,0
293,294,2,0,0,1,0,1,0,1,0,0
293,288,2,0,0,1,0,0,0,0,0,0
293,300,2,0,1,1,0,1,0,1,0,0
293,308,2,0,1,1,0,1,0,1,0,0
293,260,2,0,0,1,0,0,0,0,0,0
293,356,2,0,0,1,0,0,0,0,0,0
293,420,2,0,0,1,0,0,0,0,0,0
293,36,2,0,0,1,0,0,0,0,0,0
293,291,2,0,0,1,0,1,0,1,0,0
293,303,2,0,1,1,1,1,0,0,0,0
293,311,2,0,1,1,1,1,0,0,0,0
293,263,2,0,0,1,1,1,0,0,0,0
293,359,2,0,1,1,1,1,0,0,0,0
293,423,2,0,1,1,1,1,0,0,0,0
293,39,2,0,0,1,1,1,0,0,0,0
293,297,2,0,1,1,0,1,0,1,0,0
293,305,2,0,1,1,0,1,0,1,0,0
293,257,2,0,0,1,0,0,0,0,0,0
293,353,2,0,1,1,0,1,0,1,0,0
293,417,2,0,1,1,0,1,0,1,0,0
293,33,2,0,0,1,0,1,0,1,0,0
293,317,2,0,1,1,1,1,0,0,0,0
293,269,2,0,1,1,1,1,0,0,0,0
293,365,2,0,1,1,1,1,0,0,0,0
293,429,2,0,1,1,1,1,0,0,0,0
293,45,2,0,1,1,1,1,0,0,0,0
293,277,2,0,1,1,1,1,0,0,0,0
293,373,2,0,1,1,1,1,0,0,0,0
293,437,2,0,1,1,1,1,0,0,0,0
293,53,2,0,1,1,1,1,0,0,0,0
293,325,2,0,1,1,1,1,0,0,0,0
293,389,2,0,1,1,1,1,0,0,0,0
293,5,2,0,0,1,1,1,0,0,0,0
293,485,2,0,1,1,1,1,0,0,0,0
293,101,2,0,1,1,1,1,0,0,0,0
293,165,2,0,1,1,1,1,0,0,0,0
294,294,0,0,0,0,0,0,0,0,0,0
294,295,1,0,0,0,0,0,0,0,0,0
294,292,1,0,0,0,0,0,0,0,0,0
294,290,1,0,0,0,0,0,0,0,0,0
294,302,1,0,1,0,0,0,0,0,0,0
294,310,1,0,1,0,0,0,0,0,0,0
294,262,1,0,0,0,0,0,0,0,0,0
294,358,1,0,1,0,0,0,0,0,0,0
294,422,1,0,1,0,0,0,0,0,0,0
294,38,1,0,0,0,0,0,0,0,0,0
294,293,2,0,0,0,0,0,0,0,0,0
294,291,2,0,0,0,0,0,0,0,0,0
294,303,2,0,1,0,0,0,0,0,0,0
294,311,2,0,1,0,0,0,0,0,0,0
294,263,2,0,0,0,0,0,0,0,0,0
294,359,2,0,1,0,0,0,0,0,0,0
294,423,2,0,1,0,0,0,0,0,0,0
294,39,2,0,0,0,0,0,0,0,0,0
294,288,2,0,0,0,0,0,0,0,0,0
294,300,2,0,1,0,0,0,0,0,0,0
294,308,2,0,1,0,0,0,0,0,0,0
294,260,2,0,0,0,0,0,0,0,0,0
294,356,2,0,0,0,0,0,0,0,0,0
294,420,2,0,0,0,0,0,0,0,0,0
294,36,2,0,0,0,0,0,0,0,0,0
294,298,2,0,1,0,0,0,0,0,0,0
294,306,2,0,1,0,0,0,0,0,0,0
294,258,2,0,0,0,0,0,0,0,0,0
294,354,2,0,1,0,0,0,0,0,0,0
294,418,2,0,1,0,0,0,0,0,0,0
294,34,2,0,0,0,0,0,0,0,0,0
294,318,2,0,1,0,0,0,0,0,0,0
294,270,2,0,1,0,0,0,0,0,0,0
294,366,2,0,1,0,0,0,0,0,0,0
294,430,2,0,1,0,0,0,0,0,0,0
294,46,2,0,1,0,0,0,0,0,0,0
294,278,2,0,1,0,0,0,0,0,0,0
294,374,2,0,1,0,0,0,0,0,0,0
294,438,2,0,1,0,0,0,0,0,0,0
294,54,2,0,1,0,0,0,0,0,0,0
294,326,2,0,1,0,0,0,0,0,0,0
294,390,2,0,1,0,0,0,0,0,0,0
294,6,2,0,0,0,0,0,0,0,0,0
294,486,2,0,1,0,0,0,0,0,0,0
294,102,2,0,1,0,0,0,0,0,0,0
294,166,2,0,1,0,0,0,0,0,0,0
295,295,0,0,0,0,0,0,0,0,0,0
295,294,1,0,0,0,0,0,0,0,0,0
295,293,1,0,0,0,0,0,0,0,0,0
295,291,1,0,0,0,0,0,0,0,0,0
295,303,1,0,1,0,0,0,0,0,0,0
295,311,1,0,1,0,0,0,0,0,0,0
295,263,1,0,0,0,0,0,0,0,0,0
295,359,1,0,1,0,0,0,0,0,0,0
295,423,1,0,1,0,0,0,0,0,0,0
295,39,1,0,0,0,0,0,0,0,0,0
295,292,2,0,0,0,0,0,0,0,0,0
295,290,2,0,0,0,0,0,0,0,0,0
295,302,2,0,1,0,0,0,0,0,0,0
295,310,2,0,1,0,0,0,0,0,0,0
295,262,2,0,0,0,0,0,0,0,0,0
295,358,2,0,1,0,0,0,0,0,0,0
295,422,2,0,1,0,0,0,0,0,0,0
295,38,2,0,0,0,0,0,0,0,0,0
295,289,2,0,0,0,0,0,0,0,0,0
295,301,2,0,1,0,0,0,0,0,0,0
295,309,2,0,1,0,0,0,0,0,0,0
295,261,2,0,0,0,0,0,0,0,0,0
295,357,2,0,1,0,0,0,0,0,0,0
295,421,2,0,1,0,0,0,0,0,0,0
295,37,2,0,0,0,0,0,0,0,0,0
295,299,2,0,1,0,0,0,0,0,0,0
295,307,2,0,1,0,0,0,0,0,0,0
295,259,2,0,0,0,0,0,0,0,0,0
295,355,2,0,1,0,0,0,0,0,0,0
295,419,2,0,1,0,0,0,0,0,0,0
295,35,2,0,0,0,0,0,0,0,0,0
295,319,2,0,1,0,0,0,0,0,0,0
295,271,2,0,1,0,0,0,0,0,0,0
295,367,2,0,1,0,0,0,0,0,0,0
295,431,2,0,1,0,0,0,0,0,0,0
295,47,2,0,1,0,0,0,0,0,0,0
295,279,2,0,1,0,0,0,0,0,0,0
295,375,2,0,1,0,0,0,0,0,0,0
295,439,2,0,1,0,0,0,0,0,0,0
295,55,2,0,1,0,0,0,0,0,0,0
295,327,2,0,1,0,0,0,0,0,0,0
295,391,2,0,1,0,0,0,0,0,0,0
295,7,2,0,0,0,0,0,0,0,0,0
295,487,2,0,1,0,0,0,0,0,0,0
295,103,2,0,1,0,0,0,0,0,0,0
295,167,2,0,1,0,0,0,0,0,0,0
296,296,0,1,1,2,2,2,0,0,0,1
296,297,1,1,1,2,2,2,0,0,0,1
296,298,1,1,1,2,2,2,0,0,0,1
296,300,1,1,1,2,2,2,0,0,0,1
296,288,1,1,0,2,0,0,0,0,1,0
296,312,1,1,1,2,2,2,0,0,0,1
296,264,1,1,0,2,1,1,0,0,1,0
296,360,1,1,1,2,2,2,0,0,0,1
296,424,1,1,1,2,2,2,0,0,0,1
296,40,1,1,1,2,1,2,0,1,0,1
296,299,2,1,1,2,2,2,0,0,0,1
296,301,2,1,1,2,2,2,0,0,0,1
296,289,2,1,0,2,0,0,0,0,1,0
296,313,2,1,1,2,2,2,0,0,0,1
296,265,2,1,0,2,1,1,0,0,1,0
296,361,2,1,1,2,2,2,0,0,0,1
296,425,2,1,1,2,2,2,0,0,0,1
296,41,2,1,1,2,1,2,0,1,0,1
296,302,2,1,1,2,2,2,0,0,0,1
296,290,2,1,0,2,0,0,0,0,1,0
296,314,2,1,1,2,2,2,0,0,0,1
296,266,2,1,1,2,1,2,0,1,0,0
296,362,2,1,1,2,2,2,0,0,0,1
296,426,2,1,1,2,2,2,0,0,0,1
296,42,2,1,1,2,1,2,0,1,0,1
296,292,2,1,0,2,0,0,0,0,1,0
296,316,2,1,1,2,2,2,0,0,0,1
296,268,2,1,1,2,1,2,0,1,0,0
296,364,2,1,1,2,2,2,0,0,0,1
296,428,2,1,1,2,2,2,0,0,0,1
296,44,2,1,1,2,1,2,0,1,0,1
296,304,2,1,1,2,0,2,0,2,0,0
296,256,2,1,0,2,0,0,0,0,1,0
296,352,2,1,0,2,0,1,0,1,1,0
296,416,2,1,0,2,0,1,0,1,1,0
296,32,2,1,0,2,0,0,0,0,1,0
296,280,2,1,1,2,1,2,0,1,0,0
296,376,2,1,1,2,2,2,0,0,0,1
296,440,2,1,1,2,2,2,0,0,0,1
296,56,2,1,1,2,1,2,0,1,0,1
296,328,2,1,0,2,1,1,0,0,1,0
296,392,2,1,0,2,1,1,0,0,1,0
296,8,2,1,0,2,0,0,0,0,1,0
296,488,2,1,1,2,2,2,0,0,0,1
296,104,2,1,1,2,1,2,0,1,0,1
296,168,2,1,1,2,1,2,0,1,0,1
297,297,0,1,1,3,3,3,0,0,0,1
297,296,1,1,1,3,2,3,0,1,0,1
297,299,1,1,1,3,3,3,0,0,0,1
297,301,1,1,1,3,3,3,0,0,0,1
297,289,1,1,0,3,1,1,0,0,1,0
297,313,1,1,1,3,3,3,0,0,0,1
297,265,1,1,0,3,1,1,0,0,1,0
297,361,1,1,1,3,3,3,0,0,0,1
297,425,1,1,1,3,3,3,0,0,0,1
297,41,1,1,1,3,2,3,0,1,0,1
297,298,2,1,1,3,2,3,0,1,0,1
297,300,2,1,1,3,2,3,0,1,0,1
297,288,2,1,0,3,0,0,0,0,1,0
297,312,2,1,1,3,2,3,0,1,0,1
297,264,2,1,0,3,1,1,0,0,1,0
297,360,2,1,1,3,2,3,0,1,0,1
297,424,2,1,1,3,2,3,0,1,0,1
297,40,2,1,1,3,1,3,0,2,0,1
297,303,2,1,1,3,3,3,0,0,0,1
297,291,2,1,0,3,1,1,0,0,1,0
297,315,2,1,1,3,3,3,0,0,0,1
297,267,2,1,1,3,1,3,0,2,0,0
297,363,2,1,1,3,3,3,0,0,0,1
297,427,2,1,1,3,3,3,0,0,0,1
297,43,2,1,1,3,2,3,0,1,0,1
297,293,2,1,0,3,1,1,0,0,1,0
297,317,2,1,1,3,3,3,0,0,0,1
297,269,2,1,1,3,1,3,0,2,0,0
297,365,2,1,1,3,3,3,0,0,0,1
297,429,2,1,1,3,3,3,0,0,0,1
297,45,2,1,1,3,2,3,0,1,0,1
297,305,2,1,1,3,1,3,0,2,0,0
297,257,2,1,0,3,0,0,0,0,1,0
297,353,2,1,1,3,1,3,0,2,0,0
297,417,2,1,1,3,1,3,0,2,0,0
297,33,2,1,0,3,1,1,0,0,1,0
297,281,2,1,1,3,1,3,0,2,0,0
297,377,2,1,1,3,3,3,0,0,0,1
297,441,2,1,1,3,3,3,0,0,0,1
297,57,2,1,1,3,2,3,0,1,0,1
297,329,2,1,0,3,1,1,0,0,1,0
297,393,2,1,0,3,1,1,0,0,1,0
297,9,2,1,0,3,0,0,0,0,1,0
297,489,2,1,1,3,3,3,0,0,0,1
297,105,2,1,1,3,2,3,0,1,0,1
297,169,2,1,1,3,2,3,0,1,0,1
298,298,0,1,1,2,2,2,0,0,0,1
298,299,1,1,1,2,2,2,0,0,0,1
298,296,1,1,1,2,2,2,0,0,0,1
298,302,1,1,1,2,2,2,0,0,0,1
298,290,1,1,0,2,0,0,0,0,1,0
298,314,1,1,1,2,2,2,0,0,0,1
298,266,1,1,1,2,1,2,0,1,0,0
298,362,1,1,1,2,2,2,0,0,0,1
298,426,1,1,1,2,2,2,0,0,0,1
298,42,1,1,1,2,1,2,0,1,0,1
298,297,2,1,1,2,2,2,0,0,0,1
298,303,2,1,1,2,2,2,0,0,0,1
298,291,2,1,0,2,0,0,0,0,1,0
298,315,2,1,1,2,2,2,0,0,0,1
298,267,2,1,1,2,1,2,0,1,0,0
298,363,2,1,1,2,2,2,0,0,0,1
298,427,2,1,1,2,2,2,0,0,0,1
298,43,2,1,1,2,1,2,0,1,0,1
298,300,2,1,1,2,2,2,0,0,0,1
298,288,2,1,0,2,0,0,0,0,1,0
298,312,2,1,1,2,2,2,0,0,0,1
298,264,2,1,0,2,1,1,0,0,1,0
298,360,2,1,1,2,2,2,0,0,0,1
298,424,2,1,1,2,2,2,0,0,0,1
298,40,2,1,1,2,1,2,0,1,0,1
298,294,2,1,0,2,0,0,0,0,1,0
298,318,2,1,1,2,2,2,0,0,0,1
298,270,2,1,1,2,1,2,0,1,0,0
298,366,2,1,1,2,2,2,0,0,0,1
298,430,2,1,1,2,2,2,0,0,0,1
298,46,2,1,1,2,1,2,0,1,0,1
298,306,2,1,1,2,0,2,0,2,0,0
298,258,2,1,0,2,0,0,0,0,1,0
298,354,2,1,1,2,0,2,0,2,0,0
298,418,2,1,1,2,0,2,0,2,0,0
298,34,2,1,0,2,0,0,0,0,1,0
298,282,2,1,1,2,1,2,0,1,0,0
298,378,2,1,1,2,2,2,0,0,0,1
298,442,2,1,1,2,2,2,0,0,0,1
298,58,2,1,1,2,1,2,0,1,0,1
298,330,2,1,1,2,1,2,0,1,0,0
298,394,2,1,1,2,1,2,0,1,0,0
298,10,2,1,0,2,0,0,0,0,1,0
298,490,2,1,1,2,2,2,0,0,0,1
298,106,2,1,1,2,1,2,0,1,0,1
298,170,2,1,1,2,1,2,0,1,0,1
299,299,0,1,1,2,2,2,0,0,0,1
299,298,1,1,1,2,2,2,0,0,0,1
299,297,1,1,1,2,2,2,0,0,0,1
299,303,1,1,1,2,2,2,0,0,0,1
299,291,1,1,0,2,0,0,0,0,1,0
299,315,1,1,1,2,2,2,0,0,0,1
299,267,1,1,1,2,1,2,0,1,0,0
299,363,1,1,1,2,2,2,0,0,0,1
299,427,1,1,1,2,2,2,0,0,0,1
299,43,1,1,1,2,1,2,0,1,0,1
299,296,2,1,1,2,2,2,0,0,0,1
299,302,2,1,1,2,2,2,0,0,0,1
299,290,2,1,0,2,0,0,0,0,1,0
299,314,2,1,1,2,2,2,0,0,0,1
299,266,2,1,1,2,1,2,0,1,0,0
299,362,2,1,1,2,2,2,0,0,0,1
299,426,2,1,1,2,2,2,0,0,0,1
299,42,2,1,1,2,1,2,0,1,0,1
299,301,2,1,1,2,2,2,0,0,0,1
299,289,2,1,0,2,0,0,0,0,1,0
299,313,2,1,1,2,2,2,0,0,0,1
299,265,2,1,0,2,1,1,0,0,1,0
299,361,2,1,1,2,2,2,0,0,0,1
299,425,2,1,1,2,2,2,0,0,0,1
299,41,2,1,1,2,1,2,0,1,0,1
299,295,2,1,0,2,0,0,0,0,1,0
299,319,2,1,1,2,2,2,0,0,0,1
299,271,2,1,1,2,1,2,0,1,0,0
299,367,2,1,1,2,2,2,0,0,0,1
299,431,2,1,1,2,2,2,0,0,0,1
299,47,2,1,1,2,1,2,0,1,0,1
299,307,2,1,1,2,0,2,0,2,0,0
299,259,2,1,0,2,0,0,0,0,1,0
299,355,2,1,1,2,0,2,0,2,0,0
299,419,2,1,1,2,0,2,0,2,0,0
299,35,2,1,0,2,0,0,0,0,1,0
299,283,2,1,1,2,1,2,0,1,0,0
299,379,2,1,1,2,2,2,0,0,0,1
299,443,2,1,1,2,2,2,0,0,0,1
299,59,2,1,1,2,1,2,0,1,0,1
299,331,2,1,1,2,1,2,0,1,0,0
299,395,2,1,1,2,1,2,0,1,0,0
299,11,2,1,0,2,0,0,0,0,1,0
299,491,2,1,1,2,2,2,0,0,0,1
299,107,2,1,1,2,1,2,0,1,0,1
299,171,2,1,1,2,1,2,0,1,0,1
300,300,0,1,1,3,3,3,0,0,0,1
300,301,1,1,1,3,3,3,0,0,0,1
300,302,1,1,1,3,3,3,0,0,0,1
300,296,1,1,1,3,2,3,0,1,0,1
300,292,1,1,0,3,0,0,0,0,1,0
300,316,1,1,1,3,3,3,0,0,0,1
300,268,1,1,1,3,2,3,0,1,0,0
300,364,1,1,1,3,3,3,0,0,0,1
300,428,1,1,1,3,3,3,0,0,0,1
300,44,1,1,1,3,2,3,0,1,0,1
300,303,2,1,1,3,3,3,0,0,0,1
300,297,2,1,1,3,2,3,0,1,0,1
300,293,2,1,0,3,0,1,0,1,1,0
300,317,2,1,1,3,3,3,0,0,0,1
300,269,2,1,1,3,2,3,0,1,0,0
300,365,2,1,1,3,3,3,0,0,0,1
300,429,2,1,1,3,3,3,0,0,0,1
300,45,2,1,1,3,2,3,0,1,0,1
300,298,2,1,1,3,2,3,0,1,0,1
300,294,2,1,0,3,0,1,0,1,1,0
300,318,2,1,1,3,3,3,0,0,0,1
300,270,2,1,1,3,2,3,0,1,0,0
300,366,2,1,1,3,3,3,0,0,0,1
300,430,2,1,1,3,3,3,0,0,0,1
300,46,2,1,1,3,2,3,0,1,0,1
300,288,2,1,0,3,0,0,0,0,1,0
300,312,2,1,1,3,2,3,0,1,0,1
300,264,2,1,0,3,1,1,0,0,1,0
300,360,2,1,1,3,2,3,0,1,0,1
300,424,2,1,1,3,2,3,0,1,0,1
300,40,2,1,1,3,1,3,0,2,0,1
300,308,2,1,1,3,0,3,0,3,0,0
300,260,2,1,0,3,0,0,0,0,1,0
300,356,2,1,0,3,0,1,0,1,1,0
300,420,2,1,0,3,0,1,0,1,1,0
300,36,2,1,0,3,0,0,0,0,1,0
300,284,2,1,1,3,2,3,0,1,0,0
300,380,2,1,1,3,3,3,0,0,0,1
300,444,2,1,1,3,3,3,0,0,0,1
300,60,2,1,1,3,2,3,0,1,0,1
300,332,2,1,1,3,2,3,0,1,0,0
300,396,2,1,1,3,2,3,0,1,0,0
300,12,2,1,0,3,1,1,0,0,1,0
300,492,2,1,1,3,3,3,0,0,0,1
300,108,2,1,1,3,2,3,0,1,0,1
300,172,2,1,1,3,2,3,0,1,0,1
301,301,0,1,1,3,3,3,0,0,0,1
301,300,1,1,1,3,2,3,0,1,0,1
301,303,1,1,1,3,3,3,0,0,0,1
301,297,1,1,1,3,2,3,0,1,0,1
301,293,1,1,0,3,1,1,0,0,1,0
301,317,1,1,1,3,3,3,0,0,0,1
301,269,1,1,1,3,2,3,0,1,0,0
301,365,1,1,1,3,3,3,0,0,0,1
301,429,1,1,1,3,3,3,0,0,0,1
301,45,1,1,1,3,2,3,0,1,0,1
301,302,2,1,1,3,2,3,0,1,0,1
301,296,2,1,1,3,2,3,0,1,0,1
301,292,2,1,0,3,0,0,0,0,1,0
301,316,2,1,1,3,2,3,0,1,0,1
301,268,2,1,1,3,1,3,0,2,0,0
301,364,2,1,1,3,2,3,0,1,0,1
301,428,2,1,1,3,2,3,0,1,0,1
301,44,2,1,1,3,1,3,0,2,0,1
301,299,2,1,1,3,2,3,0,1,0,1
301,295,2,1,0,3,1,1,0,0,1,0
301,319,2,1,1,3,3,3,0,0,0,1
301,271,2,1,1,3,2,3,0,1,0,0
301,367,2,1,1,3,3,3,0,0,0,1
301,431,2,1,1,3,3,3,0,0,0,1
301,47,2,1,1,3,2,3,0,1,0,1
301,289,2,1,0,3,0,1,0,1,1,0
301,313,2,1,1,3,2,3,0,1,0,1
301,265,2,1,0,3,1,1,0,0,1,0
301,361,2,1,1,3,2,3,0,1,0,1
301,425,2,1,1,3,2,3,0,1,0,1
301,41,2,1,1,3,1,3,0,2,0,1
301,309,2,1,1,3,1,3,0,2,0,0
301,261,2,1,0,3,1,1,0,0,1,0
301,357,2,1,1,3,1,3,0,2,0,0
301,421,2,1,1,3,1,3,0,2,0,0
301,37,2,1,0,3,1,1,0,0,1,0
301,285,2,1,1,3,2,3,0,1,0,0
301,381,2,1,1,3,3,3,0,0,0,1
301,445,2,1,1,3,3,3,0,0,0,1
301,61,2,1,1,3,2,3,0,1,0,1
301,333,2,1,1,3,2,3,0,1,0,0
301,397,2,1,1,3,2,3,0,1,0,0
301,13,2,1,0,3,1,1,0,0,1,0
301,493,2,1,1,3,3,3,0,0,0,1
301,109,2,1,1,3,2,3,0,1,0,1
301,173,2,1,1,3,2,3,0,1,0,1
302,302,0,1,1,2,2,2,0,0,0,1
302,303,1,1,1,2,2,2,0,0,0,1
302,300,1,1,1,2,2,2,0,0,0,1
302,298,1,1,1,2,2,2,0,0,0,1
302,294,1,1,0,2,0,0,0,0,1,0
302,318,1,1,1,2,2,2,0,0,0,1
302,270,1,1,1,2,1,2,0,1,0,0
302,366,1,1,1,2,2,2,0,0,0,1
302,430,1,1,1,2,2,2,0,0,0,1
302,46,1,1,1,2,1,2,0,1,0,1
302,301,2,1,1,2,2,2,0,0,0,1
302,299,2,1,1,2,2,2,0,0,0,1
302,295,2,1,0,2,0,0,0,0,1,0
302,319,2,1,1,2,2,2,0,0,0,1
302,271,2,1,1,2,1,2,0,1,0,0
302,367,2,1,1,2,2,2,0,0,0,1
302,431,2,1,1,2,2,2,0,0,0,1
302,47,2,1,1,2,1,2,0,1,0,1
302,296,2,1,1,2,2,2,0,0,0,1
302,292,2,1,0,2,0,0,0,0,1,0
302,316,2,1,1,2,2,2,0,0,0,1
302,268,2,1,1,2,1,2,0,1,0,0
302,364,2,1,1,2,2,2,0,0,0,1
302,428,2,1,1,2,2,2,0,0,0,1
302,44,2,1,1,2,1,2,0,1,0,1
302,290,2,1,0,2,0,0,0,0,1,0
302,314,2,1,1,2,2,2,0,0,0,1
302,266,2,1,1,2,1,2,0,1,0,0
302,362,2,1,1,2,2,2,0,0,0,1
302,426,2,1,1,2,2,2,0,0,0,1
302,42,2,1,1,2,1,2,0,1,0,1
302,310,2,1,1,2,0,2,0,2,0,0
302,262,2,1,0,2,0,0,0,0,1,0
302,358,2,1,1,2,0,2,0,2,0,0
302,422,2,1,1,2,0,2,0,2,0,0
302,38,2,1,0,2,0,0,0,0,1,0
302,286,2,1,1,2,1,2,0,1,0,0
302,382,2,1,1,2,2,2,0,0,0,1
302,446,2,1,1,2,2,2,0,0,0,1
302,62,2,1,1,2,1,2,0,1,0,1
302,334,2,1,1,2,1,2,0,1,0,0
302,398,2,1,1,2,1,2,0,1,0,0
302,14,2,1,0,2,0,0,0,0,1,0
302,494,2,1,1,2,2,2,0,0,0,1
302,110,2,1,1,2,1,2,0,1,0,1
302,174,2,1,1,2,1,2,0,1,0,1
303,303,0,1,1,2,2,2,0,0,0,1
303,302,1,1,1,2,2,2,0,0,0,1
303,301,1,1,1,2,2,2,0,0,0,1
303,299,1,1,1,2,2,2,0,0,0,1
303,295,1,1,0,2,0,0,0,0,1,0
303,319,1,1,1,2,2,2,0,0,0,1
303,271,1,1,1,2,1,2,0,1,0,0
303,367,1,1,1,2,2,2,0,0,0,1
303,431,1,1,1,2,2,2,0,0,0,1
303,47,1,1,1,2,1,2,0,1,0,1
303,300,2,1,1,2,2,2,0,0,0,1
303,298,2,1,1,2,2,2,0,0,0,1
303,294,2,1,0,2,0,0,0,0,1,0
303,318,2,1,1,2,2,2,0,0,0,1
303,270,2,1,1,2,1,2,0,1,0,0
303,366,2,1,1,2,2,2,0,0,0,1
303,430,2,1,1,2,2,2,0,0,0,1
303,46,2,1,1,2,1,2,0,1,0,1
303,297,2,1,1,2,2,2,0,0,0,1
303,293,2,1,0,2,0,0,0,0,1,0
303,317,2,1,1,2,2,2,0,0,0,1
303,269,2,1,1,2,1,2,0,1,0,0
303,365,2,1,1,2,2,2,0,0,0,1
303,429,2,1,1,2,2,2,0,0,0,1
303,45,2,1,1,2,1,2,0,1,0,1
303,291,2,1,0,2,0,0,0,0,1,0
303,315,2,1,1,2,2,2,0,0,0,1
303,267,2,1,1,2,1,2,0,1,0,0
303,363,2,1,1,2,2,2,0,0,0,1
303,427,2,1,1,2,2,2,0,0,0,1
303,43,2,1,1,2,1,2,0,1,0,1
303,311,2,1,1,2,0,2,0,2,0,0
303,263,2,1,0,2,0,0,0,0,1,0
303,359,2,1,1,2,0,2,0,2,0,0
303,423,2,1,1,2,0,2,0,2,0,0
303,39,2,1,0,2,0,0,0,0,1,0
303,287,2,1,1,2,1,2,0,1,0,0
303,383,2,1,1,2,2,2,0,0,0,1
303,447,2,1,1,2,2,2,0,0,0,1
303,63,2,1,1,2,1,2,0,1,0,1
303,335,2,1,1,2,1,2,0,1,0,0
303,399,2,1,1,2,1,2,0,1,0,0
303,15,2,1,0,2,0,0,0,0,1,0
303,495,2,1,1,2,2,2,0,0,0,1
303,111,2,1,1,2,1,2,0,1,0,1
303,175,2,1,1,2,1,2,0,1,0,1
304,304,0,1,1,0,0,0,0,0,0,1
304,305,1,1,1,0,0,0,0,0,0,1
304,306,1,1,1,0,0,0,0,0,0,1
304,308,1,1,1,0,0,0,0,0,0,1
304,312,1,1,1,0,0,0,0,0,0,1
304,288,1,1,0,0,0,0,0,0,1,0
304,272,1,1,1,0,0,0,0,0,0,1
304,368,1,1,1,0,0,0,0,0,0,1
304,432,1,1,1,0,0,0,0,0,0,1
304,48,1,1,1,0,0,0,0,0,0,1
304,307,2,1,1,0,0,0,0,0,0,1
304,309,2,1,1,0,0,0,0,0,0,1
304,313,2,1,1,0,0,0,0,0,0,1
304,289,2,1,0,0,0,0,0,0,1,0
304,273,2,1,1,0,0,0,0,0,0,1
304,369,2,1,1,0,0,0,0,0,0,1
304,433,2,1,1,0,0,0,0,0,0,1
304,49,2,1,1,0,0,0,0,0,0,1
304,310,2,1,1,0,0,0,0,0,0,1
304,314,2,1,1,0,0,0,0,0,0,1
304,290,2,1,0,0,0,0,0,0,1,0
304,274,2,1,1,0,0,0,0,0,0,1
304,370,2,1,1,0,0,0,0,0,0,1
304,434,2,1,1,0,0,0,0,0,0,1
304,50,2,1,1,0,0,0,0,0,0,1
304,316,2,1,1,0,0,0,0,0,0,1
304,292,2,1,0,0,0,0,0,0,1,0
304,276,2,1,1,0,0,0,0,0,0,1
304,372,2,1,1,0,0,0,0,0,0,1
304,436,2,1,1,0,0,0,0,0,0,1
304,52,2,1,1,0,0,0,0,0,0,1
304,296,2,1,1,0,0,0,0,0,0,0
304,280,2,1,1,0,0,0,0,0,0,1
304,376,2,1,1,0,0,0,0,0,0,1
304,440,2,1,1,0,0,0,0,0,0,1
304,56,2,1,1,0,0,0,0,0,0,1
304,256,2,1,0,0,0,0,0,0,1,0
304,352,2,1,0,0,0,0,0,0,1,0
304,416,2,1,0,0,0,0,0,0,1,0
304,32,2,1,0,0,0,0,0,0,1,0
304,336,2,1,1,0,0,0,0,0,0,1
304,400,2,1,1,0,0,0,0,0,0,1
304,16,2,1,1,0,0,0,0,0,0,1
304,496,2,1,1,0,0,0,0,0,0,1
304,112,2,1,1,0,0,0,0,0,0,1
304,176,2,1,1,0,0,0,0,0,0,1
305,305,0,1,1,1,1,1,0,0,0,1
305,304,1,1,1,1,0,1,0,1,0,1
305,307,1,1,1,1,1,1,0,0,0,1
305,309,1,1,1,1,1,1,0,0,0,1
305,313,1,1,1,1,1,1,0,0,0,1
305,289,1,1,0,1,1,1,0,0,1,0
305,273,1,1,1,1,0,1,0,1,0,1
305,369,1,1,1,1,1,1,0,0,0,1
305,433,1,1,1,1,1,1,0,0,0,1
305,49,1,1,1,1,1,1,0,0,0,1
305,306,2,1,1,1,0,1,0,1,0,1
305,308,2,1,1,1,0,1,0,1,0,1
305,312,2,1,1,1,0,1,0,1,0,1
305,288,2,1,0,1,0,0,0,0,1,0
305,272,2,1,1,1,0,1,0,1,0,1
305,368,2,1,1,1,0,1,0,1,0,1
305,432,2,1,1,1,0,1,0,1,0,1
305,48,2,1,1,1,0,1,0,1,0,1
305,311,2,1,1,1,1,1,0,0,0,1
305,315,2,1,1,1,1,1,0,0,0,1
305,291,2,1,0,1,1,1,0,0,1,0
305,275,2,1,1,1,0,1,0,1,0,1
305,371,2,1,1,1,1,1,0,0,0,1
305,435,2,1,1,1,1,1,0,0,0,1
305,51,2,1,1,1,1,1,0,0,0,1
305,317,2,1,1,1,1,1,0,0,0,1
305,293,2,1,0,1,1,1,0,0,1,0
305,277,2,1,1,1,0,1,0,1,0,1
305,373,2,1,1,1,1,1,0,0,0,1
305,437,2,1,1,1,1,1,0,0,0,1
305,53,2,1,1,1,1,1,0,0,0,1
305,297,2,1,1,1,1,1,0,0,0,0
305,281,2,1,1,1,0,1,0,1,0,1
305,377,2,1,1,1,1,1,0,0,0,1
305,441,2,1,1,1,1,1,0,0,0,1
305,57,2,1,1,1,1,1,0,0,0,1
305,257,2,1,0,1,0,0,0,0,1,0
305,353,2,1,1,1,1,1,0,0,0,0
305,417,2,1,1,1,1,1,0,0,0,0
305,33,2,1,0,1,1,1,0,0,1,0
305,337,2,1,1,1,0,1,0,1,0,1
305,401,2,1,1,1,0,1,0,1,0,1
305,17,2,1,1,1,0,1,0,1,0,1
305,497,2,1,1,1,1,1,0,0,0,1
305,113,2,1,1,1,1,1,0,0,0,1
305,177,2,1,1,1,1,1,0,0,0,1
306,306,0,1,1,0,0,0,0,0,0,1
306,307,1,1,1,0,0,0,0,0,0,1
306,304,1,1,1,0,0,0,0,0,0,1
306,310,1,1,1,0,0,0,0,0,0,1
306,314,1,1,1,0,0,0,0,0,0,1
306,290,1,1,0,0,0,0,0,0,1,0
306,274,1,1,1,0,0,0,0,0,0,1
306,370,1,1,1,0,0,0,0,0,0,1
306,434,1,1,1,0,0,0,0,0,0,1
306,50,1,1,1,0,0,0,0,0,0,1
306,305,2,1,1,0,0,0,0,0,0,1
306,311,2,1,1,0,0,0,0,0,0,1
306,315,2,1,1,0,0,0,0,0,0,1
306,291,2,1,0,0,0,0,0,0,1,0
306,275,2,1,1,0,0,0,0,0,0,1
306,371,2,1,1,0,0,0,0,0,0,1
306,435,2,1,1,0,0,0,0,0,0,1
306,51,2,1,1,0,0,0,0,0,0,1
306,308,2,1,1,0,0,0,0,0,0,1
306,312,2,1,1,0,0,0,0,0,0,1
306,288,2,1,0,0,0,0,0,0,1,0
306,272,2,1,1,0,0,0,0,0,0,1
306,368,2,1,1,0,0,0,0,0,0,1
306,432,2,1,1,0,0,0,0,0,0,1
306,48,2,1,1,0,0,0,0,0,0,1
306,318,2,1,1,0,0,0,0,0,0,1
306,294,2,1,0,0,0,0,0,0,1,0
306,278,2,1,1,0,0,0,0,0,0,1
306,374,2,1,1,0,0,0,0,0,0,1
306,438,2,1,1,0,0,0,0,0,0,1
306,54,2,1,1,0,0,0,0,0,0,1
306,298,2,1,1,0,0,0,0,0,0,0
306,282,2,1,1,0,0,0,0,0,0,1
306,378,2,1,1,0,0,0,0,0,0,1
306,442,2,1,1,0,0,0,0,0,0,1
306,58,2,1,1,0,0,0,0,0,0,1
306,258,2,1,0,0,0,0,0,0,1,0
306,354,2,1,1,0,0,0,0,0,0,0
306,418,2,1,1,0,0,0,0,0,0,0
306,34,2,1,0,0,0,0,0,0,1,0
306,338,2,1,1,0,0,0,0,0,0,1
306,402,2,1,1,0,0,0,0,0,0,1
306,18,2,1,1,0,0,0,0,0,0,1
306,498,2,1,1,0,0,0,0,0,0,1
306,114,2,1,1,0,0,0,0,0,0,1
306,178,2,1,1,0,0,0,0,0,0,1
307,307,0,1,1,0,0,0,0,0,0,1
307,306,1,1,1,0,0,0,0,0,0,1
307,305,1,1,1,0,0,0,0,0,0,1
307,311,1,1,1,0,0,0,0,0,0,1
307,315,1,1,1,0,0,0,0,0,0,1
307,291,1,1,0,0,0,0,0,0,1,0
307,275,1,1,1,0,0,0,0,0,0,1
307,371,1,1,1,0,0,0,0,0,0,1
307,435,1,1,1,0,0,0,0,0,0,1
307,51,1,1,1,0,0,0,0,0,0,1
307,304,2,1,1,0,0,0,0,0,0,1
307,310,2,1,1,0,0,0,0,0,0,1
307,314,2,1,1,0,0,0,0,0,0,1
307,290,2,1,0,0,0,0,0,0,1,0
307,274,2,1,1,0,0,0,0,0,0,1
307,370,2,1,1,0,0,0,0,0,0,1
307,434,2,1,1,0,0,0,0,0,0,1
307,50,2,1,1,0,0,0,0,0,0,1
307,309,2,1,1,0,0,0,0,0,0,1
307,313,2,1,1,0,0,0,0,0,0,1
307,289,2,1,0,0,0,0,0,0,1,0
307,273,2,1,1,0,0,0,0,0,0,1
307,369,2,1,1,0,0,0,0,0,0,1
307,433,2,1,1,0,0,0,0,0,0,1
307,49,2,1,1,0,0,0,0,0,0,1
307,319,2,1,1,0,0,0,0,0,0,1
307,295,2,1,0,0,0,0,0,0,1,0
307,279,2,1,1,0,0,0,0,0,0,1
307,375,2,1,1,0,0,0,0,0,0,1
307,439,2,1,1,0,0,0,0,0,0,1
307,55,2,1,1,0,0,0,0,0,0,1
307,299,2,1,1,0,0,0,0,0,0,0
307,283,2,1,1,0,0,0,0,0,0,1
307,379,2,1,1,0,0,0,0,0,0,1
307,443,2,1,1,0,0,0,0,0,0,1
307,59,2,1,1,0,0,0,0,0,0,1
307,259,2,1,0,0,0,0,0,0,1,0
307,355,2,1,1,0,0,0,0,0,0,0
307,419,2,1,1,0,0,0,0,0,0,0
307,35,2,1,0,0,0,0,0,0,1,0
307,339,2,1,1,0,0,0,0,0,0,1
307,403,2,1,1,0,0,0,0,0,0,1
307,19,2,1,1,0,0,0,0,0,0,1
307,499,2,1,1,0,0,0,0,0,0,1
307,115,2,1,1,0,0,0,0,0,0,1
307,179,2,1,1,0,0,0,0,0,0,1
308,308,0,1,1,0,0,0,0,0,0,1
308,309,1,1,1,0,0,0,0,0,0,1
308,310,1,1,1,0,0,0,0,0,0,1
308,304,1,1,1,0,0,0,0,0,0,1
308,316,1,1,1,0,0,0,0,0,0,1
308,292,1,1,0,0,0,0,0,0,1,0
308,276,1,1,1,0,0,0,0,0,0,1
308,372,1,1,1,0,0,0,0,0,0,1
308,436,1,1,1,0,0,0,0,0,0,1
308,52,1,1,1,0,0,0,0,0,0,1
308,311,2,1,1,0,0,0,0,0,0,1
308,305,2,1,1,0,0,0,0,0,0,1
308,317,2,1,1,0,0,0,0,0,0,1
308,293,2,1,0,0,0,0,0,0,1,0
308,277,2,1,1,0,0,0,0,0,0,1
308,373,2,1,1,0,0,0,0,0,0,1
308,437,2,1,1,0,0,0,0,0,0,1
308,53,2,1,1,0,0,0,0,0,0,1
308,306,2,1,1,0,0,0,0,0,0,1
308,318,2,1,1,0,0,0,0,0,0,1
308,294,2,1,0,0,0,0,0,0,1,0
308,278,2,1,1,0,0,0,0,0,0,1
308,374,2,1,1,0,0,0,0,0,0,1
308,438,2,1,1,0,0,0,0,0,0,1
308,54,2,1,1,0,0,0,0,0,0,1
308,312,2,1,1,0,0,0,0,0,0,1
308,288,2,1,0,0,0,0,0,0,1,0
308,272,2,1,1,0,0,0,0,0,0,1
308,368,2,1,1,0,0,0,0,0,0,1
308,432,2,1,1,0,0,0,0,0,0,1
308,48,2,1,1,0,0,0,0,0,0,1
308,300,2,1,1,0,0,0,0,0,0,0
308,284,2,1,1,0,0,0,0,0,0,1
308,380,2,1,1,0,0,0,0,0,0,1
308,444,2,1,1,0,0,0,0,0,0,1
308,60,2,1,1,0,0,0,0,0,0,1
308,260,2,1,0,0,0,0,0,0,1,0
308,356,2,1,0,0,0,0,0,0,1,0
308,420,2,1,0,0,0,0,0,0,1,0
308,36,2,1,0,0,0,0,0,0,1,0
308,340,2,1,1,0,0,0,0,0,0,1
308,404,2,1,1,0,0,0,0,0,0,1
308,20,2,1,1,0,0,0,0,0,0,1
308,500,2,1,1,0,0,0,0,0,0,1
308,116,2,1,1,0,0,0,0,0,0,1
308,180,2,1,1,0,0,0,0,0,0,1
309,309,0,1,1,1,1,1,0,0,0,1
309,308,1,1,1,1,0,1,0,1,0,1
309,311,1,1,1,1,1,1,0,0,0,1
309,305,1,1,1,1,0,1,0,1,0,1
309,317,1,1,1,1,1,1,0,0,0,1
309,293,1,1,0,1,1,1,0,0,1,0
309,277,1,1,1,1,1,1,0,0,0,1
309,373,1,1,1,1,1,1,0,0,0,1
309,437,1,1,1,1,1,1,0,0,0,1
309,53,1,1,1,1,1,1,0,0,0,1
309,310,2,1,1,1,0,1,0,1,0,1
309,304,2,1,1,1,0,1,0,1,0,1
309,316,2,1,1,1,0,1,0,1,0,1
309,292,2,1,0,1,0,0,0,0,1,0
309,276,2,1,1,1,0,1,0,1,0,1
309,372,2,1,1,1,0,1,0,1,0,1
309,436,2,1,1,1,0,1,0,1,0,1
309,52,2,1,1,1,0,1,0,1,0,1
309,307,2,1,1,1,0,1,0,1,0,1
309,319,2,1,1,1,1,1,0,0,0,1
309,295,2,1,0,1,1,1,0,0,1,0
309,279,2,1,1,1,1,1,0,0,0,1
309,375,2,1,1,1,1,1,0,0,0,1
309,439,2,1,1,1,1,1,0,0,0,1
309,55,2,1,1,1,1,1,0,0,0,1
309,313,2,1,1,1,0,1,0,1,0,1
309,289,2,1,0,1,0,1,0,1,1,0
309,273,2,1,1,1,0,1,0,1,0,1
309,369,2,1,1,1,0,1,0,1,0,1
309,433,2,1,1,1,0,1,0,1,0,1
309,49,2,1,1,1,0,1,0,1,0,1
309,301,2,1,1,1,1,1,0,0,0,0
309,285,2,1,1,1,1,1,0,0,0,1
309,381,2,1,1,1,1,1,0,0,0,1
309,445,2,1,1,1,1,1,0,0,0,1
309,61,2,1,1,1,1,1,0,0,0,1
309,261,2,1,0,1,1,1,0,0,1,0
309,357,2,1,1,1,1,1,0,0,0,0
309,421,2,1,1,1,1,1,0,0,0,0
309,37,2,1,0,1,1,1,0,0,1,0
309,341,2,1,1,1,1,1,0,0,0,1
309,405,2,1,1,1,1,1,0,0,0,1
309,21,2,1,1,1,1,1,0,0,0,1
309,501,2,1,1,1,1,1,0,0,0,1
309,117,2,1,1,1,1,1,0,0,0,1
309,181,2,1,1,1,1,1,0,0,0,1
310,310,0,1,1,0,0,0,0,0,0,1
310,311,1,1,1,0,0,0,0,0,0,1
310,308,1,1,1,0,0,0,0,0,0,1
310,306,1,1,1,0,0,0,0,0,0,1
310,318,1,1,1,0,0,0,0,0,0,1
310,294,1,1,0,0,0,0,0,0,1,0
310,278,1,1,1,0,0,0,0,0,0,1
310,374,1,1,1,0,0,0,0,0,0,1
310,438,1,1,1,0,0,0,0,0,0,1
310,54,1,1,1,0,0,0,0,0,0,1
310,309,2,1,1,0,0,0,0,0,0,1
310,307,2,1,1,0,0,0,0,0,0,1
310,319,2,1,1,0,0,0,0,0,0,1
310,295,2,1,0,0,0,0,0,0,1,0
310,279,2,1,1,0,0,0,0,0,0,1
310,375,2,1,1,0,0,0,0,0,0,1
310,439,2,1,1,0,0,0,0,0,0,1
310,55,2,1,1,0,0,0,0,0,0,1
310,304,2,1,1,0,0,0,0,0,0,1
310,316,2,1,1,0,0,0,0,0,0,1
310,292,2,1,0,0,0,0,0,0,1,0
310,276,2,1,1,0,0,0,0,0,0,1
310,372,2,1,1,0,0,0,0,0,0,1
310,436,2,1,1,0,0,0,0,0,0,1
310,52,2,1,1,0,0,0,0,0,0,1
310,314,2,1,1,0,0,0,0,0,0,1
310,290,2,1,0,0,0,0,0,0,1,0
310,274,2,1,1,0,0,0,0,0,0,1
310,370,2,1,1,0,0,0,0,0,0,1
310,434,2,1,1,0,0,0,0,0,0,1
310,50,2,1,1,0,0,0,0,0,0,1
310,302,2,1,1,0,0,0,0,0,0,0
310,286,2,1,1,0,0,0,0,0,0,1
310,382,2,1,1,0,0,0,0,0,0,1
310,446,2,1,1,0,0,0,0,0,0,1
310,62,2,1,1,0,0,0,0,0,0,1
310,262,2,1,0,0,0,0,0,0,1,0
310,358,2,1,1,0,0,0,0,0,0,0
310,422,2,1,1,0,0,0,0,0,0,0
310,38,2,1,0,0,0,0,0,0,1,0
310,342,2,1,1,0,0,0,0,0,0,1
310,406,2,1,1,0,0,0,0,0,0,1
310,22,2,1,1,0,0,0,0,0,0,1
310,502,2,1,1,0,0,0,0,0,0,1
310,118,2,1,1,0,0,0,0,0,0,1
310,182,2,1,1,0,0,0,0,0,0,1
311,311,0,1,1,0,0,0,0,0,0,1
311,310,1,1,1,0,0,0,0,0,0,1
311,309,1,1,1,0,0,0,0,0,0,1
311,307,1,1,1,0,0,0,0,0,0,1
311,319,1,1,1,0,0,0,0,0,0,1
311,295,1,1,0,0,0,0,0,0,1,0
311,279,1,1,1,0,0,0,0,0,0,1
311,375,1,1,1,0,0,0,0,0,0,1
311,439,1,1,1,0,0,0,0,0,0,1
311,55,1,1,1,0,0,0,0,0,0,1
311,308,2,1,1,0,0,0,0,0,0,1
311,306,2,1,1,0,0,0,0,0,0,1
311,318,2,1,1,0,0,0,0,0,0,1
311,294,2,1,0,0,0,0,0,0,1,0
311,278,2,1,1,0,0,0,0,0,0,1
311,374,2,1,1,0,0,0,0,0,0,1
311,438,2,1,1,0,0,0,0,0,0,1
311,54,2,1,1,0,0,0,0,0,0,1
311,305,2,1,1,0,0,0,0,0,0,1
311,317,2,1,1,0,0,0,0,0,0,1
311,293,2,1,0,0,0,0,0,0,1,0
311,277,2,1,1,0,0,0,0,0,0,1
311,373,2,1,1,0,0,0,0,0,0,1
311,437,2,1,1,0,0,0,0,0,0,1
311,53,2,1,1,0,0,0,0,0,0,1
311,315,2,1,1,0,0,0,0,0,0,1
311,291,2,1,0,0,0,0,0,0,1,0
311,275,2,1,1,0,0,0,0,0,0,1
311,371,2,1,1,0,0,0,0,0,0,1
311,435,2,1,1,0,0,0,0,0,0,1
311,51,2,1,1,0,0,0,0,0,0,1
311,303,2,1,1,0,0,0,0,0,0,0
311,287,2,1,1,0,0,0,0,0,0,1
311,383,2,1,1,0,0,0,0,0,0,1
311,447,2,1,1,0,0,0,0,0,0,1
311,63,2,1,1,0,0,0,0,0,0,1
311,263,2,1,0,0,0,0,0,0,1,0
311,359,2,1,1,0,0,0,0,0,0,0
311,423,2,1,1,0,0,0,0,0,0,0
311,39,2,1,0,0,0,0,0,0,1,0
311,343,2,1,1,0,0,0,0,0,0,1
311,407,2,1,1,0,0,0,0,0,0,1
311,23,2,1,1,0,0,0,0,0,0,1
311,503,2,1,1,0,0,0,0,0,0,1
311,119,2,1,1,0,0,0,0,0,0,1
311,183,2,1,1,0,0,0,0,0,0,1
312,312,0,1,1,1,1,1,0,0,0,1
312,313,1,1,1,1,1,1,0,0,0,1
312,314,1,1,1,1,1,1,0,0,0,1
312,316,1,1,1,1,1,1,0,0,0,1
312,304,1,1,1,1,0,1,0,1,0,1
312,296,1,1,1,1,1,1,0,0,0,0
312,280,1,1,1,1,1,1,0,0,0,1
312,376,1,1,1,1,1,1,0,0,0,1
312,440,1,1,1,1,1,1,0,0,0,1
312,56,1,1,1,1,0,1,0,1,0,1
312,315,2,1,1,1,1,1,0,0,0,1
312,317,2,1,1,1,1,1,0,0,0,1
312,305,2,1,1,1,0,1,0,1,0,1
312,297,2,1,1,1,1,1,0,0,0,0
312,281,2,1,1,1,1,1,0,0,0,1
312,377,2,1,1,1,1,1,0,0,0,1
312,441,2,1,1,1,1,1,0,0,0,1
312,57,2,1,1,1,0,1,0,1,0,1
312,318,2,1,1,1,1,1,0,0,0,1
312,306,2,1,1,1,0,1,0,1,0,1
312,298,2,1,1,1,1,1,0,0,0,0
312,282,2,1,1,1,1,1,0,0,0,1
312,378,2,1,1,1,1,1,0,0,0,1
312,442,2,1,1,1,1,1,0,0,0,1
312,58,2,1,1,1,0,1,0,1,0,1
312,308,2,1,1,1,0,1,0,1,0,1
312,300,2,1,1,1,1,1,0,0,0,0
312,284,2,1,1,1,1,1,0,0,0,1
312,380,2,1,1,1,1,1,0,0,0,1
312,444,2,1,1,1,1,1,0,0,0,1
312,60,2,1,1,1,0,1,0,1,0,1
312,288,2,1,0,1,0,0,0,0,1,0
312,272,2,1,1,1,0,1,0,1,0,1
312,368,2,1,1,1,0,1,0,1,0,1
312,432,2,1,1,1,0,1,0,1,0,1
312,48,2,1,1,1,0,1,0,1,0,1
312,264,2,1,0,1,1,1,0,0,1,0
312,360,2,1,1,1,1,1,0,0,0,0
312,424,2,1,1,1,1,1,0,0,0,0
312,40,2,1,1,1,0,1,0,1,0,0
312,344,2,1,1,1,1,1,0,0,0,1
312,408,2,1,1,1,1,1,0,0,0,1
312,24,2,1,1,1,0,1,0,1,0,1
312,504,2,1,1,1,1,1,0,0,0,1
312,120,2,1,1,1,0,1,0,1,0,1
312,184,2,1,1,1,0,1,0,1,0,1
313,313,0,1,1,2,2,2,0,0,0,1
313,312,1,1,1,2,1,2,0,1,0,1
313,315,1,1,1,2,2,2,0,0,0,1
313,317,1,1,1,2,2,2,0,0,0,1
313,305,1,1,1,2,1,2,0,1,0,1
313,297,1,1,1,2,2,2,0,0,0,0
313,281,1,1,1,2,1,2,0,1,0,1
313,377,1,1,1,2,2,2,0,0,0,1
313,441,1,1,1,2,2,2,0,0,0,1
313,57,1,1,1,2,1,2,0,1,0,1
313,314,2,1,1,2,1,2,0,1,0,1
313,316,2,1,1,2,1,2,0,1,0,1
313,304,2,1,1,2,0,2,0,2,0,1
313,296,2,1,1,2,1,2,0,1,0,0
313,280,2,1,1,2,1,2,0,1,0,1
313,376,2,1,1,2,1,2,0,1,0,1
313,440,2,1,1,2,1,2,0,1,0,1
313,56,2,1,1,2,0,2,0,2,0,1
313,319,2,1,1,2,2,2,0,0,0,1
313,307,2,1,1,2,1,2,0,1,0,1
313,299,2,1,1,2,2,2,0,0,0,0
313,283,2,1,1,2,1,2,0,1,0,1
313,379,2,1,1,2,2,2,0,0,0,1
313,443,2,1,1,2,2,2,0,0,0,1
313,59,2,1,1,2,1,2,0,1,0,1
313,309,2,1,1,2,1,2,0,1,0,1
313,301,2,1,1,2,2,2,0,0,0,0
313,285,2,1,1,2,1,2,0,1,0,1
313,381,2,1,1,2,2,2,0,0,0,1
313,445,2,1,1,2,2,2,0,0,0,1
313,61,2,1,1,2,1,2,0,1,0,1
313,289,2,1,0,2,1,1,0,0,1,0
313,273,2,1,1,2,0,2,0,2,0,1
313,369,2,1,1,2,1,2,0,1,0,1
313,433,2,1,1,2,1,2,0,1,0,1
313,49,2,1,1,2,1,2,0,1,0,1
313,265,2,1,0,2,1,1,0,0,1,0
313,361,2,1,1,2,2,2,0,0,0,0
313,425,2,1,1,2,2,2,0,0,0,0
313,41,2,1,1,2,1,2,0,1,0,0
313,345,2,1,1,2,1,2,0,1,0,1
313,409,2,1,1,2,1,2,0,1,0,1
313,25,2,1,1,2,0,2,0,2,0,1
313,505,2,1,1,2,2,2,0,0,0,1
313,121,2,1,1,2,1,2,0,1,0,1
313,185,2,1,1,2,1,2,0,1,0,1
314,314,0,1,1,1,1,1,0,0,0,1
314,315,1,1,1,1,1,1,0,0,0,1
314,312,1,1,1,1,1,1,0,0,0,1
314,318,1,1,1,1,1,1,0,0,0,1
314,306,1,1,1,1,0,1,0,1,0,1
314,298,1,1,1,1,1,1,0,0,0,0
314,282,1,1,1,1,1,1,0,0,0,1
314,378,1,1,1,1,1,1,0,0,0,1
314,442,1,1,1,1,1,1,0,0,0,1
314,58,1,1,1,1,0,1,0,1,0,1
314,313,2,1,1,1,1,1,0,0,0,1
314,319,2,1,1,1,1,1,0,0,0,1
314,307,2,1,1,1,0,1,0,1,0,1
314,299,2,1,1,1,1,1,0,0,0,0
314,283,2,1,1,1,1,1,0,0,0,1
314,379,2,1,1,1,1,1,0,0,0,1
314,443,2,1,1,1,1,1,0,0,0,1
314,59,2,1,1,1,0,1,0,1,0,1
314,316,2,1,1,1,1,1,0,0,0,1
314,304,2,1,1,1,0,1,0,1,0,1
314,296,2,1,1,1,1,1,0,0,0,0
314,280,2,1,1,1,1,1,0,0,0,1
314,376,2,1,1,1,1,1,0,0,0,1
314,440,2,1,1,1,1,1,0,0,0,1
314,56,2,1,1,1,0,1,0,1,0,1
314,310,2,1,1,1,0,1,0,1,0,1
314,302,2,1,1,1,1,1,0,0,0,0
314,286,2,1,1,1,1,1,0,0,0,1
314,382,2,1,1,1,1,1,0,0,0,1
314,446,2,1,1,1,1,1,0,0,0,1
314,62,2,1,1,1,0,1,0,1,0,1
314,290,2,1,0,1,0,0,0,0,1,0
314,274,2,1,1,1,0,1,0,1,0,1
314,370,2,1,1,1,0,1,0,1,0,1
314,434,2,1,1,1,0,1,0,1,0,1
314,50,2,1,1,1,0,1,0,1,0,1
314,266,2,1,1,1,1,1,0,0,0,0
314,362,2,1,1,1,1,1,0,0,0,0
314,426,2,1,1,1,1,1,0,0,0,0
314,42,2,1,1,1,0,1,0,1,0,0
314,346,2,1,1,1,1,1,0,0,0,1
314,410,2,1,1,1,1,1,0,0,0,1
314,26,2,1,1,1,0,1,0,1,0,1
314,506,2,1,1,1,1,1,0,0,0,1
314,122,2,1,1,1,0,1,0,1,0,1
314,186,2,1,1,1,0,1,0,1,0,1
315,315,0,1,1,1,1,1,0,0,0,1
315,314,1,1,1,1,1,1,0,0,0,1
315,313,1,1,1,1,1,1,0,0,0,1
315,319,1,1,1,1,1,1,0,0,0,1
315,307,1,1,1,1,0,1,0,1,0,1
315,299,1,1,1,1,1,1,0,0,0,0
315,283,1,1,1,1,1,1,0,0,0,1
315,379,1,1,1,1,1,1,0,0,0,1
315,443,1,1,1,1,1,1,0,0,0,1
315,59,1,1,1,1,0,1,0,1,0,1
315,312,2,1,1,1,1,1,0,0,0,1
315,318,2,1,1,1,1,1,0,0,0,1
315,306,2,1,1,1,0,1,0,1,0,1
315,298,2,1,1,1,1,1,0,0,0,0
315,282,2,1,1,1,1,1,0,0,0,1
315,378,2,1,1,1,1,1,0,0,0,1
315,442,2,1,1,1,1,1,0,0,0,1
315,58,2,1,1,1,0,1,0,1,0,1
315,317,2,1,1,1,1,1,0,0,0,1
315,305,2,1,1,1,0,1,0,1,0,1
315,297,2,1,1,1,1,1,0,0,0,0
315,281,2,1,1,1,1,1,0,0,0,1
315,377,2,1,1,1,1,1,0,0,0,1
315,441,2,1,1,1,1,1,0,0,0,1
315,57,2,1,1,1,0,1,0,1,0,1
315,311,2,1,1,1,0,1,0,1,0,1
315,303,2,1,1,1,1,1,0,0,0,0
315,287,2,1,1,1,1,1,0,0,0,1
315,383,2,1,1,1,1,1,0,0,0,1
315,447,2,1,1,1,1,1,0,0,0,1
315,63,2,1,1,1,0,1,0,1,0,1
315,291,2,1,0,1,0,0,0,0,1,0
315,275,2,1,1,1,0,1,0,1,0,1
315,371,2,1,1,1,0,1,0,1,0,1
315,435,2,1,1,1,0,1,0,1,0,1
315,51,2,1,1,1,0,1,0,1,0,1
315,267,2,1,1,1,1,1,0,0,0,0
315,363,2,1,1,1,1,1,0,0,0,0
315,427,2,1,1,1,1,1,0,0,0,0
315,43,2,1,1,1,0,1,0,1,0,0
315,347,2,1,1,1,1,1,0,0,0,1
315,411,2,1,1,1,1,1,0,0,0,1
315,27,2,1,1,1,0,1,0,1,0,1
315,507,2,1,1,1,1,1,0,0,0,1
315,123,2,1,1,1,0,1,0,1,0,1
315,187,2,1,1,1,0,1,0,1,0,1
316,316,0,1,1,2,2,2,0,0,0,1
316,317,1,1,1,2,2,2,0,0,0,1
316,318,1,1,1,2,2,2,0,0,0,1
316,312,1,1,1,2,1,2,0,1,0,1
316,308,1,1,1,2,0,2,0,2,0,1
316,300,1,1,1,2,2,2,0,0,0,0
316,284,1,1,1,2,2,2,0,0,0,1
316,380,1,1,1,2,2,2,0,0,0,1
316,444,1,1,1,2,2,2,0,0,0,1
316,60,1,1,1,2,1,2,0,1,0,1
316,319,2,1,1,2,2,2,0,0,0,1
316,313,2,1,1,2,1,2,0,1,0,1
316,309,2,1,1,2,0,2,0,2,0,1
316,301,2,1,1,2,2,2,0,0,0,0
316,285,2,1,1,2,2,2,0,0,0,1
316,381,2,1,1,2,2,2,0,0,0,1
316,445,2,1,1,2,2,2,0,0,0,1
316,61,2,1,1,2,1,2,0,1,0,1
316,314,2,1,1,2,1,2,0,1,0,1
316,310,2,1,1,2,0,2,0,2,0,1
316,302,2,1,1,2,2,2,0,0,0,0
316,286,2,1,1,2,2,2,0,0,0,1
316,382,2,1,1,2,2,2,0,0,0,1
316,446,2,1,1,2,2,2,0,0,0,1
316,62,2,1,1,2,1,2,0,1,0,1
316,304,2,1,1,2,0,2,0,2,0,1
316,296,2,1,1,2,1,2,0,1,0,0
316,280,2,1,1,2,1,2,0,1,0,1
316,376,2,1,1,2,1,2,0,1,0,1
316,440,2,1,1,2,1,2,0,1,0,1
316,56,2,1,1,2,0,2,0,2,0,1
316,292,2,1,0,2,0,0,0,0,1,0
316,276,2,1,1,2,0,2,0,2,0,1
316,372,2,1,1,2,0,2,0,2,0,1
316,436,2,1,1,2,0,2,0,2,0,1
316,52,2,1,1,2,0,2,0,2,0,1
316,268,2,1,1,2,2,2,0,0,0,0
316,364,2,1,1,2,2,2,0,0,0,0
316,428,2,1,1,2,2,2,0,0,0,0
316,44,2,1,1,2,1,2,0,1,0,0
316,348,2,1,1,2,2,2,0,0,0,1
316,412,2,1,1,2,2,2,0,0,0,1
316,28,2,1,1,2,1,2,0,1,0,1
316,508,2,1,1,2,2,2,0,0,0,1
316,124,2,1,1,2,1,2,0,1,0,1
316,188,2,1,1,2,1,2,0,1,0,1
317,317,0,1,1,2,2,2,0,0,0,1
317,316,1,1,1,2,1,2,0,1,0,1
317,319,1,1,1,2,2,2,0,0,0,1
317,313,1,1,1,2,1,2,0,1,0,1
317,309,1,1,1,2,1,2,0,1,0,1
317,301,1,1,1,2,2,2,0,0,0,0
317,285,1,1,1,2,2,2,0,0,0,1
317,381,1,1,1,2,2,2,0,0,0,1
317,445,1,1,1,2,2,2,0,0,0,1
317,61,1,1,1,2,1,2,0,1,0,1
317,318,2,1,1,2,1,2,0,1,0,1
317,312,2,1,1,2,1,2,0,1,0,1
317,308,2,1,1,2,0,2,0,2,0,1
317,300,2,1,1,2,1,2,0,1,0,0
317,284,2,1,1,2,1,2,0,1,0,1
317,380,2,1,1,2,1,2,0,1,0,1
317,444,2,1,1,2,1,2,0,1,0,1
317,60,2,1,1,2,0,2,0,2,0,1
317,315,2,1,1,2,1,2,0,1,0,1
317,311,2,1,1,2,1,2,0,1,0,1
317,303,2,1,1,2,2,2,0,0,0,0
317,287,2,1,1,2,2,2,0,0,0,1
317,383,2,1,1,2,2,2,0,0,0,1
317,447,2,1,1,2,2,2,0,0,0,1
317,63,2,1,1,2,1,2,0,1,0,1
317,305,2,1,1,2,0,2,0,2,0,1
317,297,2,1,1,2,1,2,0,1,0,0
317,281,2,1,1,2,1,2,0,1,0,1
317,377,2,1,1,2,1,2,0,1,0,1
317,441,2,1,1,2,1,2,0,1,0,1
317,57,2,1,1,2,0,2,0,2,0,1
317,293,2,1,0,2,1,1,0,0,1,0
317,277,2,1,1,2,1,2,0,1,0,1
317,373,2,1,1,2,1,2,0,1,0,1
317,437,2,1,1,2,1,2,0,1,0,1
317,53,2,1,1,2,1,2,0,1,0,1
317,269,2,1,1,2,2,2,0,0,0,0
317,365,2,1,1,2,2,2,0,0,0,0
317,429,2,1,1,2,2,2,0,0,0,0
317,45,2,1,1,2,1,2,0,1,0,0
317,349,2,1,1,2,2,2,0,0,0,1
317,413,2,1,1,2,2,2,0,0,0,1
317,29,2,1,1,2,1,2,0,1,0,1
317,509,2,1,1,2,2,2,0,0,0,1
317,125,2,1,1,2,1,2,0,1,0,1
317,189,2,1,1,2,1,2,0,1,0,1
318,318,0,1,1,1,1,1,0,0,0,1
318,319,1,1,1,1,1,1,0,0,0,1
318,316,1,1,1,1,1,1,0,0,0,1
318,314,1,1,1,1,1,1,0,0,0,1
318,310,1,1,1,1,0,1,0,1,0,1
318,302,1,1,1,1,1,1,0,0,0,0
318,286,1,1,1,1,1,1,0,0,0,1
318,382,1,1,1,1,1,1,0,0,0,1
318,446,1,1,1,1,1,1,0,0,0,1
318,62,1,1,1,1,0,1,0,1,0,1
318,317,2,1,1,1,1,1,0,0,0,1
318,315,2,1,1,1,1,1,0,0,0,1
318,311,2,1,1,1,0,1,0,1,0,1
318,303,2,1,1,1,1,1,0,0,0,0
318,287,2,1,1,1,1,1,0,0,0,1
318,383,2,1,1,1,1,1,0,0,0,1
318,447,2,1,1,1,1,1,0,0,0,1
318,63,2,1,1,1,0,1,0,1,0,1
318,312,2,1,1,1,1,1,0,0,0,1
318,308,2,1,1,1,0,1,0,1,0,1
318,300,2,1,1,1,1,1,0,0,0,0
318,284,2,1,1,1,1,1,0,0,0,1
318,380,2,1,1,1,1,1,0,0,0,1
318,444,2,1,1,1,1,1,0,0,0,1
318,60,2,1,1,1,0,1,0,1,0,1
318,306,2,1,1,1,0,1,0,1,0,1
318,298,2,1,1,1,1,1,0,0,0,0
318,282,2,1,1,1,1,1,0,0,0,1
318,378,2,1,1,1,1,1,0,0,0,1
318,442,2,1,1,1,1,1,0,0,0,1
318,58,2,1,1,1,0,1,0,1,0,1
318,294,2,1,0,1,0,0,0,0,1,0
318,278,2,1,1,1,0,1,0,1,0,1
318,374,2,1,1,1,0,1,0,1,0,1
318,438,2,1,1,1,0,1,0,1,0,1
318,54,2,1,1,1,0,1,0,1,0,1
318,270,2,1,1,1,1,1,0,0,0,0
318,366,2,1,1,1,1,1,0,0,0,0
318,430,2,1,1,1,1,1,0,0,0,0
318,46,2,1,1,1,0,1,0,1,0,0
318,350,2,1,1,1,1,1,0,0,0,1
318,414,2,1,1,1,1,1,0,0,0,1
318,30,2,1,1,1,0,1,0,1,0,1
318,510,2,1,1,1,1,1,0,0,0,1
318,126,2,1,1,1,0,1,0,1,0,1
318,190,2,1,1,1,0,1,0,1,0,1
319,319,0,1,1,1,1,1,0,0,0,1
319,318,1,1,1,1,1,1,0,0,0,1
319,317,1,1,1,1,1,1,0,0,0,1
319,315,1,1,1,1,1,1,0,0,0,1
319,311,1,1,1,1,0,1,0,1,0,1
319,303,1,1,1,1,1,1,0,0,0,0
319,287,1,1,1,1,1,1,0,0,0,1
319,383,1,1,1,1,1,1,0,0,0,1
319,447,1,1,1,1,1,1,0,0,0,1
319,63,1,1,1,1,0,1,0,1,0,1
319,316,2,1,1,1,1,1,0,0,0,1
319,314,2,1,1,1,1,1,0,0,0,1
319,310,2,1,1,1,0,1,0,1,0,1
319,302,2,1,1,1,1,1,0,0,0,0
319,286,2,1,1,1,1,1,0,0,0,1
319,382,2,1,1,1,1,1,0,0,0,1
319,446,2,1,1,1,1,1,0,0,0,1
319,62,2,1,1,1,0,1,0,1,0,1
319,313,2,1,1,1,1,1,0,0,0,1
319,309,2,1,1,1,0,1,0,1,0,1
319,301,2,1,1,1,1,1,0,0,0,0
319,285,2,1,1,1,1,1,0,0,0,1
319,381,2,1,1,1,1,1,0,0,0,1
319,445,2,1,1,1,1,1,0,0,0,1
319,61,2,1,1,1,0,1,0,1,0,1
319,307,2,1,1,1,0,1,0,1,0,1
319,299,2,1,1,1,1,1,0,0,0,0
319,283,2,1,1,1,1,1,0,0,0,1
319,379,2,1,1,1,1,1,0,0,0,1
319,443,2,1,1,1,1,1,0,0,0,1
319,59,2,1,1,1,0,1,0,1,0,1
319,295,2,1,0,1,0,0,0,0,1,0
319,279,2,1,1,1,0,1,0,1,0,1
319,375,2,1,1,1,0,1,0,1,0,1
319,439,2,1,1,1,0,1,0,1,0,1
319,55,2,1,1,1,0,1,0,1,0,1
319,271,2,1,1,1,1,1,0,0,0,0
319,367,2,1,1,1,1,1,0,0,0,0
319,431,2,1,1,1,1,1,0,0,0,0
319,47,2,1,1,1,0,1,0,1,0,0
319,351,2,1,1,1,1,1,0,0,0,1
319,415,2,1,1,1,1,1,0,0,0,1
319,31,2,1,1,1,0,1,0,1,0,1
319,511,2,1,1,1,1,1,0,0,0,1
319,127,2,1,1,1,0,1,0,1,0,1
319,191,2,1,1,1,0,1,0,1,0,1
320,320,0,0,0,1,1,1,0,0,0,0
320,321,1,0,0,1,1,1,0,0,0,0
320,322,1,0,1,1,1,1,0,0,0,0
320,324,1,0,0,1,1,1,0,0,0,0
320,328,1,0,0,1,1,1,0,0,0,0
320,336,1,0,1,1,1,1,0,0,0,0
320,352,1,0,0,1,1,1,0,0,0,0
320,256,1,0,0,1,0,0,0,0,0,0
320,448,1,0,0,1,1,1,0,0,0,0
320,64,1,0,0,1,0,0,0,0,0,0
320,323,2,0,1,1,1,1,0,0,0,0
320,325,2,0,1,1,1,1,0,0,0,0
320,329,2,0,0,1,1,1,0,0,0,0
320,337,2,0,1,1,1,1,0,0,0,0
320,353,2,0,1,1,1,1,0,0,0,0
320,257,2,0,0,1,0,0,0,0,0,0
320,449,2,0,0,1,1,1,0,0,0,0
320,65,2,0,0,1,0,0,0,0,0,0
320,326,2,0,1,1,1,1,0,0,0,0
320,330,2,0,1,1,1,1,0,0,0,0
320,338,2,0,1,1,1,1,0,0,0,0
320,354,2,0,1,1,1,1,0,0,0,0
320,258,2,0,0,1,0,0,0,0,0,0
320,450,2,0,1,1,1,1,0,0,0,0
320,66,2,0,0,1,0,0,0,0,0,0
320,332,2,0,1,1,1,1,0,0,0,0
320,340,2,0,1,1,1,1,0,0,0,0
320,356,2,0,0,1,1,1,0,0,0,0
320,260,2,0,0,1,0,0,0,0,0,0
320,452,2,0,0,1,1,1,0,0,0,0
320,68,2,0,0,1,0,0,0,0,0,0
320,344,2,0,1,1,1,1,0,0,0,0
320,360,2,0,1,1,1,1,0,0,0,0
320,264,2,0,0,1,0,1,0,1,0,0
320,456,2,0,0,1,1,1,0,0,0,0
320,72,2,0,0,1,0,0,0,0,0,0
320,368,2,0,1,1,1,1,0,0,0,0
320,272,2,0,1,1,0,1,0,1,0,0
320,464,2,0,1,1,1,1,0,0,0,0
320,80,2,0,1,1,0,1,0,1,0,0
320,288,2,0,0,1,0,0,0,0,0,0
320,480,2,0,0,1,1,1,0,0,0,0
320,96,2,0,0,1,0,1,0,1,0,0
320,384,2,0,0,1,0,1,0,1,0,0
320,0,2,0,0,1,0,0,0,0,0,0
320,192,2,0,0,1,0,1,0,1,0,0
321,321,0,0,0,2,2,2,0,0,0,0
321,320,1,0,0,2,1,1,0,0,0,0
321,323,1,0,1,2,2,2,0,0,0,0
321,325,1,0,1,2,2,2,0,0,0,0
321,329,1,0,0,2,2,2,0,0,0,0
321,337,1,0,1,2,2,2,0,0,0,0
321,353,1,0,1,2,2,2,0,0,0,0
321,257,1,0,0,2,0,0,0,0,0,0
321,449,1,0,0,2,2,2,0,0,0,0
321,65,1,0,0,2,1,1,0,0,0,0
321,322,2,0,1,2,1,2,0,1,0,0
321,324,2,0,0,2,1,1,0,0,0,0
321,328,2,0,0,2,1,2,0,1,0,0
321,336,2,0,1,2,1,2,0,1,0,0
321,352,2,0,0,2,1,1,0,0,0,0
321,256,2,0,0,2,0,0,0,0,0,0
321,448,2,0,0,2,1,1,0,0,0,0
321,64,2,0,0,2,0,0,0,0,0,0
321,327,2,0,1,2,2,2,0,0,0,0
321,331,2,0,1,2,2,2,0,0,0,0
321,339,2,0,1,2,2,2,0,0,0,0
321,355,2,0,1,2,2,2,0,0,0,0
321,259,2,0,0,2,0,0,0,0,0,0
321,451,2,0,1,2,2,2,0,0,0,0
321,67,2,0,0,2,1,1,0,0,0,0
321,333,2,0,1,2,2,2,0,0,0,0
321,341,2,0,1,2,2,2,0,0,0,0
321,357,2,0,1,2,2,2,0,0,0,0
321,261,2,0,0,2,0,0,0,0,0,0
321,453,2,0,1,2,2,2,0,0,0,0
321,69,2,0,0,2,1,1,0,0,0,0
321,345,2,0,1,2,2,2,0,0,0,0
321,361,2,0,1,2,2,2,0,0,0,0
321,265,2,0,0,2,0,2,0,2,0,0
321,457,2,0,0,2,2,2,0,0,0,0
321,73,2,0,0,2,1,1,0,0,0,0
321,369,2,0,1,2,2,2,0,0,0,0
321,273,2,0,1,2,0,2,0,2,0,0
321,465,2,0,1,2,2,2,0,0,0,0
321,81,2,0,1,2,1,2,0,1,0,0
321,289,2,0,0,2,0,0,0,0,0,0
321,481,2,0,1,2,2,2,0,0,0,0
321,97,2,0,1,2,1,2,0,1,0,0
321,385,2,0,0,2,0,2,0,2,0,0
321,1,2,0,0,2,0,0,0,0,0,0
321,193,2,0,0,2,1,2,0,1,0,0
322,322,0,1,1,4,4,4,0,0,0,1
322,323,1,1,1,4,4,4,0,0,0,1
322,320,1,1,0,4,1,1,0,0,1,0
322,326,1,1,1,4,4,4,0,0,0,1
322,330,1,1,1,4,4,4,0,0,0,1
322,338,1,1,1,4,4,4,0,0,0,1
322,354,1,1,1,4,4,4,0,0,0,1
322,258,1,1,0,4,1,1,0,0,1,0
322,450,1,1,1,4,4,4,0,0,0,1
322,66,1,1,0,4,1,1,0,0,1,0
322,321,2,1,0,4,1,2,0,1,1,0
322,327,2,1,1,4,4,4,0,0,0,1
322,331,2,1,1,4,4,4,0,0,0,1
322,339,2,1,1,4,4,4,0,0,0,1
322,355,2,1,1,4,4,4,0,0,0,1
322,259,2,1,0,4,1,1,0,0,1,0
322,451,2,1,1,4,4,4,0,0,0,1
322,67,2,1,0,4,1,1,0,0,1,0
322,324,2,1,0,4,1,2,0,1,1,0
322,328,2,1,0,4,1,2,0,1,1,0
322,336,2,1,1,4,1,4,0,3,0,0
322,352,2,1,0,4,1,2,0,1,1,0
322,256,2,1,0,4,0,0,0,0,1,0
322,448,2,1,0,4,1,1,0,0,1,0
322,64,2,1,0,4,0,0,0,0,1,0
322,334,2,1,1,4,4,4,0,0,0,1
322,342,2,1,1,4,4,4,0,0,0,1
322,358,2,1,1,4,4,4,0,0,0,1
322,262,2,1,0,4,1,1,0,0,1,0
322,454,2,1,1,4,4,4,0,0,0,1
322,70,2,1,0,4,1,1,0,0,1,0
322,346,2,1,1,4,4,4,0,0,0,1
322,362,2,1,1,4,4,4,0,0,0,1
322,266,2,1,1,4,1,4,0,3,0,0
322,458,2,1,1,4,4,4,0,0,0,1
322,74,2,1,0,4,1,1,0,0,1,0
322,370,2,1,1,4,4,4,0,0,0,1
322,274,2,1,1,4,1,4,0,3,0,0
322,466,2,1,1,4,4,4,0,0,0,1
322,82,2,1,1,4,1,4,0,3,0,0
322,290,2,1,0,4,1,1,0,0,1,0
322,482,2,1,1,4,4,4,0,0,0,1
322,98,2,1,1,4,1,4,0,3,0,0
322,386,2,1,1,4,1,4,0,3,0,0
322,2,2,1,0,4,0,0,0,0,1,0
322,194,2,1,1,4,1,4,0,3,0,0
323,323,0,1,1,4,4,4,0,0,0,1
323,322,1,1,1,4,2,4,0,2,0,1
323,321,1,1,0,4,2,2,0,0,1,0
323,327,1,1,1,4,4,4,0,0,0,1
323,331,1,1,1,4,4,4,0,0,0,1
323,339,1,1,1,4,4,4,0,0,0,1
323,355,1,1,1,4,4,4,0,0,0,1
323,259,1,1,0,4,1,1,0,0,1,0
323,451,1,1,1,4,4,4,0,0,0,1
323,67,1,1,0,4,1,1,0,0,1,0
323,320,2,1,0,4,1,1,0,0,1,0
323,326,2,1,1,4,2,4,0,2,0,1
323,330,2,1,1,4,2,4,0,2,0,1
323,338,2,1,1,4,2,4,0,2,0,1
323,354,2,1,1,4,2,4,0,2,0,1
323,258,2,1,0,4,1,1,0,0,1,0
323,450,2,1,1,4,2,4,0,2,0,1
323,66,2,1,0,4,0,1,0,1,1,0
323,325,2,1,1,4,2,4,0,2,0,0
323,329,2,1,0,4,2,2,0,0,1,0
323,337,2,1,1,4,2,4,0,2,0,0
323,353,2,1,1,4,2,4,0,2,0,0
323,257,2,1,0,4,0,0,0,0,1,0
323,449,2,1,0,4,2,2,0,0,1,0
323,65,2,1,0,4,1,1,0,0,1,0
323,335,2,1,1,4,4,4,0,0,0,1
323,343,2,1,1,4,4,4,0,0,0,1
323,359,2,1,1,4,4,4,0,0,0,1
323,263,2,1,0,4,1,1,0,0,1,0
323,455,2,1,1,4,4,4,0,0,0,1
323,71,2,1,0,4,1,1,0,0,1,0
323,347,2,1,1,4,4,4,0,0,0,1
323,363,2,1,1,4,4,4,0,0,0,1
323,267,2,1,1,4,1,4,0,3,0,0
323,459,2,1,1,4,4,4,0,0,0,1
323,75,2,1,0,4,1,1,0,0,1,0
323,371,2,1,1,4,4,4,0,0,0,1
323,275,2,1,1,4,1,4,0,3,0,0
323,467,2,1,1,4,4,4,0,0,0,1
323,83,2,1,1,4,1,4,0,3,0,0
323,291,2,1,0,4,1,1,0,0,1,0
323,483,2,1,1,4,4,4,0,0,0,1
323,99,2,1,1,4,1,4,0,3,0,0
323,387,2,1,1,4,1,4,0,3,0,0
323,3,2,1,0,4,0,0,0,0,1,0
323,195,2,1,1,4,1,4,0,3,0,0
324,324,0,0,0,2,2,2,0,0,0,0
324,325,1,0,1,2,2,2,0,0,0,0
324,326,1,0,1,2,2,2,0,0,0,0
324,320,1,0,0,2,1,1,0,0,0,0
324,332,1,0,1,2,2,2,0,0,0,0
324,340,1,0,1,2,2,2,0,0,0,0
324,356,1,0,0,2,2,2,0,0,0,0
324,260,1,0,0,2,1,1,0,0,0,0
324,452,1,0,0,2,2,2,0,0,0,0
324,68,1,0,0,2,0,0,0,0,0,0
324,327,2,0,1,2,2,2,0,0,0,0
324,321,2,0,0,2,1,1,0,0,0,0
324,333,2,0,1,2,2,2,0,0,0,0
324,341,2,0,1,2,2,2,0,0,0,0
324,357,2,0,1,2,2,2,0,0,0,0
324,261,2,0,0,2,1,1,0,0,0,0
324,453,2,0,1,2,2,2,0,0,0,0
324,69,2,0,0,2,0,0,0,0,0,0
324,322,2,0,1,2,1,2,0,1,0,0
324,334,2,0,1,2,2,2,0,0,0,0
324,342,2,0,1,2,2,2,0,0,0,0
324,358,2,0,1,2,2,2,0,0,0,0
324,262,2,0,0,2,1,1,0,0,0,0
324,454,2,0,1,2,2,2,0,0,0,0
324,70,2,0,0,2,0,0,0,0,0,0
324,328,2,0,0,2,1,1,0,0,0,0
324,336,2,0,1,2,1,2,0,1,0,0
324,352,2,0,0,2,1,2,0,1,0,0
324,256,2,0,0,2,0,0,0,0,0,0
324,448,2,0,0,2,1,1,0,0,0,0
324,64,2,0,0,2,0,0,0,0,0,0
324,348,2,0,1,2,2,2,0,0,0,0
324,364,2,0,1,2,2,2,0,0,0,0
324,268,2,0,1,2,1,2,0,1,0,0
324,460,2,0,1,2,2,2,0,0,0,0
324,76,2,0,0,2,0,0,0,0,0,0
324,372,2,0,1,2,2,2,0,0,0,0
324,276,2,0,1,2,1,2,0,1,0,0
324,468,2,0,1,2,2,2,0,0,0,0
324,84,2,0,1,2,0,2,0,2,0,0
324,292,2,0,0,2,1,1,0,0,0,0
324,484,2,0,0,2,2,2,0,0,0,0
324,100,2,0,0,2,0,2,0,2,0,0
324,388,2,0,0,2,1,2,0,1,0,0
324,4,2,0,0,2,0,0,0,0,0,0
324,196,2,0,0,2,0,2,0,2,0,0
325,325,0,1,1,5,5,5,0,0,0,1
325,324,1,1,0,5,2,2,0,0,1,0
325,327,1,1,1,5,5,5,0,0,0,1
325,321,1,1,0,5,2,2,0,0,1,0
325,333,1,1,1,5,5,5,0,0,0,1
325,341,1,1,1,5,5,5,0,0,0,1
325,357,1,1,1,5,5,5,0,0,0,1
325,261,1,1,0,5,2,2,0,0,1,0
325,453,1,1,1,5,5,5,0,0,0,1
325,69,1,1,0,5,2,2,0,0,1,0
325,326,2,1,1,5,2,5,0,3,0,0
325,320,2,1,0,5,1,1,0,0,1,0
325,332,2,1,1,5,2,5,0,3,0,0
325,340,2,1,1,5,2,5,0,3,0,0
325,356,2,1,0,5,2,2,0,0,1,0
325,260,2,1,0,5,1,1,0,0,1,0
325,452,2,1,0,5,2,2,0,0,1,0
325,68,2,1,0,5,0,0,0,0,1,0
325,323,2,1,1,5,2,5,0,3,0,0
325,335,2,1,1,5,5,5,0,0,0,1
325,343,2,1,1,5,5,5,0,0,0,1
325,359,2,1,1,5,5,5,0,0,0,1
325,263,2,1,0,5,2,2,0,0,1,0
325,455,2,1,1,5,5,5,0,0,0,1
325,71,2,1,0,5,2,2,0,0,1,0
325,329,2,1,0,5,2,2,0,0,1,0
325,337,2,1,1,5,2,5,0,3,0,0
325,353,2,1,1,5,2,5,0,3,0,0
325,257,2,1,0,5,0,0,0,0,1,0
325,449,2,1,0,5,2,2,0,0,1,0
325,65,2,1,0,5,1,1,0,0,1,0
325,349,2,1,1,5,5,5,0,0,0,1
325,365,2,1,1,5,5,5,0,0,0,1
325,269,2,1,1,5,2,5,0,3,0,0
325,461,2,1,1,5,5,5,0,0,0,1
325,77,2,1,0,5,2,2,0,0,1,0
325,373,2,1,1,5,5,5,0,0,0,1
325,277,2,1,1,5,2,5,0,3,0,0
325,469,2,1,1,5,5,5,0,0,0,1
325,85,2,1,1,5,2,5,0,3,0,0
325,293,2,1,0,5,2,2,0,0,1,0
325,485,2,1,1,5,5,5,0,0,0,1
325,101,2,1,1,5,2,5,0,3,0,0
325,389,2,1,1,5,2,5,0,3,0,0
325,5,2,1,0,5,1,1,0,0,1,0
325,197,2,1,1,5,2,5,0,3,0,0
326,326,0,1,1,4,4,4,0,0,0,1
326,327,1,1,1,4,4,4,0,0,0,1
326,324,1,1,0,4,1,2,0,1,1,0
326,322,1,1,1,4,4,4,0,0,0,1
326,334,1,1,1,4,4,4,0,0,0,1
326,342,1,1,1,4,4,4,0,0,0,1
326,358,1,1,1,4,4,4,0,0,0,1
326,262,1,1,0,4,1,1,0,0,1,0
326,454,1,1,1,4,4,4,0,0,0,1
326,70,1,1,0,4,1,1,0,0,1,0
326,325,2,1,1,4,1,4,0,3,0,0
326,323,2,1,1,4,4,4,0,0,0,1
326,335,2,1,1,4,4,4,0,0,0,1
326,343,2,1,1,4,4,4,0,0,0,1
326,359,2,1,1,4,4,4,0,0,0,1
326,263,2,1,0,4,1,1,0,0,1,0
326,455,2,1,1,4,4,4,0,0,0,1
326,71,2,1,0,4,1,1,0,0,1,0
326,320,2,1,0,4,1,1,0,0,1,0
326,332,2,1,1,4,1,4,0,3,0,0
326,340,2,1,1,4,1,4,0,3,0,0
326,356,2,1,0,4,1,2,0,1,1,0
326,260,2,1,0,4,0,1,0,1,1,0
326,452,2,1,0,4,1,2,0,1,1,0
326,68,2,1,0,4,0,0,0,0,1,0
326,330,2,1,1,4,4,4,0,0,0,1
326,338,2,1,1,4,4,4,0,0,0,1
326,354,2,1,1,4,4,4,0,0,0,1
326,258,2,1,0,4,1,1,0,0,1,0
326,450,2,1,1,4,4,4,0,0,0,1
326,66,2,1,0,4,1,1,0,0,1,0
326,350,2,1,1,4,4,4,0,0,0,1
326,366,2,1,1,4,4,4,0,0,0,1
326,270,2,1,1,4,1,4,0,3,0,0
326,462,2,1,1,4,4,4,0,0,0,1
326,78,2,1,0,4,1,1,0,0,1,0
326,374,2,1,1,4,4,4,0,0,0,1
326,278,2,1,1,4,1,4,0,3,0,0
326,470,2,1,1,4,4,4,0,0,0,1
326,86,2,1,1,4,1,4,0,3,0,0
326,294,2,1,0,4,1,1,0,0,1,0
326,486,2,1,1,4,4,4,0,0,0,1
326,102,2,1,1,4,1,4,0,3,0,0
326,390,2,1,1,4,1,4,0,3,0,0
326,6,2,1,0,4,0,0,0,0,1,0
326,198,2,1,1,4,1,4,0,3,0,0
327,327,0,1,1,4,4,4,0,0,0,1
327,326,1,1,1,4,2,4,0,2,0,1
327,325,1,1,1,4,2,4,0,2,0,0
327,323,1,1,1,4,4,4,0,0,0,1
327,335,1,1,1,4,4,4,0,0,0,1
327,343,1,1,1,4,4,4,0,0,0,1
327,359,1,1,1,4,4,4,0,0,0,1
327,263,1,1,0,4,1,1,0,0,1,0
327,455,1,1,1,4,4,4,0,0,0,1
327,71,1,1,0,4,1,1,0,0,1,0
327,324,2,1,0,4,1,2,0,1,1,0
327,322,2,1,1,4,2,4,0,2,0,1
327,334,2,1,1,4,2,4,0,2,0,1
327,342,2,1,1,4,2,4,0,2,0,1
327,358,2,1,1,4,2,4,0,2,0,1
327,262,2,1,0,4,1,1,0,0,1,0
327,454,2,1,1,4,2,4,0,2,0,1
327,70,2,1,0,4,0,1,0,1,1,0
327,321,2,1,0,4,2,2,0,0,1,0
327,333,2,1,1,4,2,4,0,2,0,0
327,341,2,1,1,4,2,4,0,2,0,0
327,357,2,1,1,4,2,4,0,2,0,0
327,261,2,1,0,4,0,1,0,1,1,0
327,453,2,1,1,4,2,4,0,2,0,0
327,69,2,1,0,4,1,1,0,0,1,0
327,331,2,1,1,4,4,4,0,0,0,1
327,339,2,1,1,4,4,4,0,0,0,1
327,355,2,1,1,4,4,4,0,0,0,1
327,259,2,1,0,4,1,1,0,0,1,0
327,451,2,1,1,4,4,4,0,0,0,1
327,67,2,1,0,4,1,1,0,0,1,0
327,351,2,1,1,4,4,4,0,0,0,1
327,367,2,1,1,4,4,4,0,0,0,1
327,271,2,1,1,4,1,4,0,3,0,0
327,463,2,1,1,4,4,4,0,0,0,1
327,79,2,1,0,4,1,1,0,0,1,0
327,375,2,1,1,4,4,4,0,0,0,1
327,279,2,1,1,4,1,4,0,3,0,0
327,471,2,1,1,4,4,4,0,0,0,1
327,87,2,1,1,4,1,4,0,3,0,0
327,295,2,1,0,4,1,1,0,0,1,0
327,487,2,1,1,4,4,4,0,0,0,1
327,103,2,1,1,4,1,4,0,3,0,0
327,391,2,1,1,4,1,4,0,3,0,0
327,7,2,1,0,4,0,0,0,0,1,0
327,199,2,1,1,4,1,4,0,3,0,0
328,328,0,0,0,1,1,1,0,0,0,0
328,329,1,0,0,1,1,1,0,0,0,0
328,330,1,0,1,1,1,1,0,0,0,0
328,332,1,0,1,1,1,1,0,0,0,0
328,320,1,0,0,1,0,1,0,1,0,0
328,344,1,0,1,1,1,1,0,0,0,0
328,360,1,0,1,1,1,1,0,0,0,0
328,264,1,0,0,1,1,1,0,0,0,0
328,456,1,0,0,1,1,1,0,0,0,0
328,72,1,0,0,1,0,0,0,0,0,0
328,331,2,0,1,1,1,1,0,0,0,0
328,333,2,0,1,1,1,1,0,0,0,0
328,321,2,0,0,1,0,1,0,1,0,0
328,345,2,0,1,1,1,1,0,0,0,0
328,361,2,0,1,1,1,1,0,0,0,0
328,265,2,0,0,1,1,1,0,0,0,0
328,457,2,0,0,1,1,1,0,0,0,0
328,73,2,0,0,1,0,0,0,0,0,0
328,334,2,0,1,1,1,1,0,0,0,0
328,322,2,0,1,1,0,1,0,1,0,0
328,346,2,0,1,1,1,1,0,0,0,0
328,362,2,0,1,1,1,1,0,0,0,0
328,266,2,0,1,1,1,1,0,0,0,0
328,458,2,0,1,1,1,1,0,0,0,0
328,74,2,0,0,1,0,0,0,0,0,0
328,324,2,0,0,1,0,1,0,1,0,0
328,348,2,0,1,1,1,1,0,0,0,0
328,364,2,0,1,1,1,1,0,0,0,0
328,268,2,0,1,1,1,1,0,0,0,0
328,460,2,0,1,1,1,1,0,0,0,0
328,76,2,0,0,1,0,0,0,0,0,0
328,336,2,0,1,1,0,1,0,1,0,0
328,352,2,0,0,1,0,1,0,1,0,0
328,256,2,0,0,1,0,0,0,0,0,0
328,448,2,0,0,1,0,1,0,1,0,0
328,64,2,0,0,1,0,0,0,0,0,0
328,376,2,0,1,1,1,1,0,0,0,0
328,280,2,0,1,1,1,1,0,0,0,0
328,472,2,0,1,1,1,1,0,0,0,0
328,88,2,0,1,1,0,1,0,1,0,0
328,296,2,0,1,1,1,1,0,0,0,0
328,488,2,0,1,1,1,1,0,0,0,0
328,104,2,0,1,1,0,1,0,1,0,0
328,392,2,0,0,1,1,1,0,0,0,0
328,8,2,0,0,1,0,0,0,0,0,0
328,200,2,0,0,1,0,1,0,1,0,0
329,329,0,0,0,1,1,1,0,0,0,0
329,328,1,0,0,1,1,1,0,0,0,0
329,331,1,0,1,1,1,1,0,0,0,0
329,333,1,0,1,1,1,1,0,0,0,0
329,321,1,0,0,1,0,1,0,1,0,0
329,345,1,0,1,1,1,1,0,0,0,0
329,361,1,0,1,1,1,1,0,0,0,0
329,265,1,0,0,1,1,1,0,0,0,0
329,457,1,0,0,1,1,1,0,0,0,0
329,73,1,0,0,1,0,0,0,0,0,0
329,330,2,0,1,1,1,1,0,0,0,0
329,332,2,0,1,1,1,1,0,0,0,0
329,320,2,0,0,1,0,1,0,1,0,0
329,344,2,0,1,1,1,1,0,0,0,0
329,360,2,0,1,1,1,1,0,0,0,0
329,264,2,0,0,1,1,1,0,0,0,0
329,456,2,0,0,1,1,1,0,0,0,0
329,72,2,0,0,1,0,0,0,0,0,0
329,335,2,0,1,1,1,1,0,0,0,0
329,323,2,0,1,1,0,1,0,1,0,0
329,347,2,0,1,1,1,1,0,0,0,0
329,363,2,0,1,1,1,1,0,0,0,0
329,267,2,0,1,1,1,1,0,0,0,0
329,459,2,0,1,1,1,1,0,0,0,0
329,75,2,0,0,1,0,0,0,0,0,0
329,325,2,0,1,1,0,1,0,1,0,0
329,349,2,0,1,1,1,1,0,0,0,0
329,365,2,0,1,1,1,1,0,0,0,0
329,269,2,0,1,1,1,1,0,0,0,0
329,461,2,0,1,1,1,1,0,0,0,0
329,77,2,0,0,1,0,0,0,0,0,0
329,337,2,0,1,1,0,1,0,1,0,0
329,353,2,0,1,1,0,1,0,1,0,0
329,257,2,0,0,1,0,0,0,0,0,0
329,449,2,0,0,1,0,1,0,1,0,0
329,65,2,0,0,1,0,0,0,0,0,0
329,377,2,0,1,1,1,1,0,0,0,0
329,281,2,0,1,1,1,1,0,0,0,0
329,473,2,0,1,1,1,1,0,0,0,0
329,89,2,0,1,1,0,1,0,1,0,0
329,297,2,0,1,1,1,1,0,0,0,0
329,489,2,0,1,1,1,1,0,0,0,0
329,105,2,0,1,1,0,1,0,1,0,0
329,393,2,0,0,1,1,1,0,0,0,0
329,9,2,0,0,1,0,0,0,0,0,0
329,201,2,0,0,1,0,1,0,1,0,0
330,330,0,1,1,3,3,3,0,0,0,1
330,331,1,1,1,3,3,3,0,0,0,1
330,328,1,1,0,3,1,1,0,0,1,0
330,334,1,1,1,3,3,3,0,0,0,1
330,322,1,1,1,3,1,3,0,2,0,0
330,346,1,1,1,3,3,3,0,0,0,1
330,362,1,1,1,3,3,3,0,0,0,1
330,266,1,1,1,3,3,3,0,0,0,1
330,458,1,1,1,3,3,3,0,0,0,1
330,74,1,1,0,3,0,0,0,0,1,0
330,329,2,1,0,3,1,1,0,0,1,0
330,335,2,1,1,3,3,3,0,0,0,1
330,323,2,1,1,3,1,3,0,2,0,0
330,347,2,1,1,3,3,3,0,0,0,1
330,363,2,1,1,3,3,3,0,0,0,1
330,267,2,1,1,3,3,3,0,0,0,1
330,459,2,1,1,3,3,3,0,0,0,1
330,75,2,1,0,3,0,0,0,0,1,0
330,332,2,1,1,3,1,3,0,2,0,0
330,320,2,1,0,3,0,1,0,1,1,0
330,344,2,1,1,3,1,3,0,2,0,0
330,360,2,1,1,3,1,3,0,2,0,0
330,264,2,1,0,3,1,1,0,0,1,0
330,456,2,1,0,3,1,1,0,0,1,0
330,72,2,1,0,3,0,0,0,0,1,0
330,326,2,1,1,3,1,3,0,2,0,0
330,350,2,1,1,3,3,3,0,0,0,1
330,366,2,1,1,3,3,3,0,0,0,1
330,270,2,1,1,3,3,3,0,0,0,1
330,462,2,1,1,3,3,3,0,0,0,1
330,78,2,1,0,3,0,0,0,0,1,0
330,338,2,1,1,3,1,3,0,2,0,0
330,354,2,1,1,3,1,3,0,2,0,0
330,258,2,1,0,3,1,1,0,0,1,0
330,450,2,1,1,3,1,3,0,2,0,0
330,66,2,1,0,3,0,0,0,0,1,0
330,378,2,1,1,3,3,3,0,0,0,1
330,282,2,1,1,3,3,3,0,0,0,1
330,474,2,1,1,3,3,3,0,0,0,1
330,90,2,1,1,3,0,3,0,3,0,0
330,298,2,1,1,3,3,3,0,0,0,1
330,490,2,1,1,3,3,3,0,0,0,1
330,106,2,1,1,3,0,3,0,3,0,0
330,394,2,1,1,3,3,3,0,0,0,1
330,10,2,1,0,3,0,0,0,0,1,0
330,202,2,1,1,3,0,3,0,3,0,0
331,331,0,1,1,3,3,3,0,0,0,1
331,330,1,1,1,3,3,3,0,0,0,1
331,329,1,1,0,3,1,1,0,0,1,0
331,335,1,1,1,3,3,3,0,0,0,1
331,323,1,1,1,3,1,3,0,2,0,0
331,347,1,1,1,3,3,3,0,0,0,1
331,363,1,1,1,3,3,3,0,0,0,1
331,267,1,1,1,3,3,3,0,0,0,1
331,459,1,1,1,3,3,3,0,0,0,1
331,75,1,1,0,3,0,0,0,0,1,0
331,328,2,1,0,3,1,1,0,0,1,0
331,334,2,1,1,3,3,3,0,0,0,1
331,322,2,1,1,3,1,3,0,2,0,0
331,346,2,1,1,3,3,3,0,0,0,1
331,362,2,1,1,3,3,3,0,0,0,1
331,266,2,1,1,3,3,3,0,0,0,1
331,458,2,1,1,3,3,3,0,0,0,1
331,74,2,1,0,3,0,0,0,0,1,0
331,333,2,1,1,3,1,3,0,2,0,0
331,321,2,1,0,3,0,1,0,1,1,0
331,345,2,1,1,3,1,3,0,2,0,0
331,361,2,1,1,3,1,3,0,2,0,0
331,265,2,1,0,3,1,1,0,0,1,0
331,457,2,1,0,3,1,1,0,0,1,0
331,73,2,1,0,3,0,0,0,0,1,0
331,327,2,1,1,3,1,3,0,2,0,0
331,351,2,1,1,3,3,3,0,0,0,1
331,367,2,1,1,3,3,3,0,0,0,1
331,271,2,1,1,3,3,3,0,0,0,1
331,463,2,1,1,3,3,3,0,0,0,1
331,79,2,1,0,3,0,0,0,0,1,0
331,339,2,1,1,3,1,3,0,2,0,0
331,355,2,1,1,3,1,3,0,2,0,0
331,259,2,1,0,3,1,1,0,0,1,0
331,451,2,1,1,3,1,3,0,2,0,0
331,67,2,1,0,3,0,0,0,0,1,0
331,379,2,1,1,3,3,3,0,0,0,1
331,283,2,1,1,3,3,3,0,0,0,1
331,475,2,1,1,3,3,3,0,0,0,1
331,91,2,1,1,3,0,3,0,3,0,0
331,299,2,1,1,3,3,3,0,0,0,1
331,491,2,1,1,3,3,3,0,0,0,1
331,107,2,1,1,3,0,3,0,3,0,0
331,395,2,1,1,3,3,3,0,0,0,1
331,11,2,1,0,3,0,0,0,0,1,0
331,203,2,1,1,3,0,3,0,3,0,0
332,332,0,1,1,4,4,4,0,0,0,1
332,333,1,1,1,4,4,4,0,0,0,1
332,334,1,1,1,4,4,4,0,0,0,1
332,328,1,1,0,4,1,1,0,0,1,0
332,324,1,1,0,4,1,2,0,1,1,0
332,348,1,1,1,4,4,4,0,0,0,1
332,364,1,1,1,4,4,4,0,0,0,1
332,268,1,1,1,4,4,4,0,0,0,1
332,460,1,1,1,4,4,4,0,0,0,1
332,76,1,1,0,4,1,1,0,0,1,0
332,335,2,1,1,4,4,4,0,0,0,1
332,329,2,1,0,4,1,1,0,0,1,0
332,325,2,1,1,4,1,4,0,3,0,0
332,349,2,1,1,4,4,4,0,0,0,1
332,365,2,1,1,4,4,4,0,0,0,1
332,269,2,1,1,4,4,4,0,0,0,1
332,461,2,1,1,4,4,4,0,0,0,1
332,77,2,1,0,4,1,1,0,0,1,0
332,330,2,1,1,4,1,4,0,3,0,0
332,326,2,1,1,4,1,4,0,3,0,0
332,350,2,1,1,4,4,4,0,0,0,1
332,366,2,1,1,4,4,4,0,0,0,1
332,270,2,1,1,4,4,4,0,0,0,1
332,462,2,1,1,4,4,4,0,0,0,1
332,78,2,1,0,4,1,1,0,0,1,0
332,320,2,1,0,4,0,1,0,1,1,0
332,344,2,1,1,4,1,4,0,3,0,0
332,360,2,1,1,4,1,4,0,3,0,0
332,264,2,1,0,4,1,1,0,0,1,0
332,456,2,1,0,4,1,1,0,0,1,0
332,72,2,1,0,4,0,0,0,0,1,0
332,340,2,1,1,4,1,4,0,3,0,0
332,356,2,1,0,4,1,2,0,1,1,0
332,260,2,1,0,4,1,1,0,0,1,0
332,452,2,1,0,4,1,2,0,1,1,0
332,68,2,1,0,4,0,0,0,0,1,0
332,380,2,1,1,4,4,4,0,0,0,1
332,284,2,1,1,4,4,4,0,0,0,1
332,476,2,1,1,4,4,4,0,0,0,1
332,92,2,1,1,4,1,4,0,3,0,0
332,300,2,1,1,4,4,4,0,0,0,1
332,492,2,1,1,4,4,4,0,0,0,1
332,108,2,1,1,4,1,4,0,3,0,0
332,396,2,1,1,4,4,4,0,0,0,1
332,12,2,1,0,4,1,1,0,0,1,0
332,204,2,1,1,4,1,4,0,3,0,0
333,333,0,1,1,4,4,4,0,0,0,1
333,332,1,1,1,4,3,4,0,1,0,0
333,335,1,1,1,4,4,4,0,0,0,1
333,329,1,1,0,4,1,1,0,0,1,0
333,325,1,1,1,4,2,4,0,2,0,0
333,349,1,1,1,4,4,4,0,0,0,1
333,365,1,1,1,4,4,4,0,0,0,1
333,269,1,1,1,4,4,4,0,0,0,1
333,461,1,1,1,4,4,4,0,0,0,1
333,77,1,1,0,4,1,1,0,0,1,0
333,334,2,1,1,4,3,4,0,1,0,0
333,328,2,1,0,4,1,1,0,0,1,0
333,324,2,1,0,4,1,2,0,1,1,0
333,348,2,1,1,4,3,4,0,1,0,0
333,364,2,1,1,4,3,4,0,1,0,0
333,268,2,1,1,4,3,4,0,1,0,0
333,460,2,1,1,4,3,4,0,1,0,0
333,76,2,1,0,4,0,1,0,1,1,0
333,331,2,1,1,4,1,4,0,3,0,0
333,327,2,1,1,4,2,4,0,2,0,0
333,351,2,1,1,4,4,4,0,0,0,1
333,367,2,1,1,4,4,4,0,0,0,1
333,271,2,1,1,4,4,4,0,0,0,1
333,463,2,1,1,4,4,4,0,0,0,1
333,79,2,1,0,4,1,1,0,0,1,0
333,321,2,1,0,4,0,1,0,1,1,0
333,345,2,1,1,4,1,4,0,3,0,0
333,361,2,1,1,4,1,4,0,3,0,0
333,265,2,1,0,4,1,1,0,0,1,0
333,457,2,1,0,4,1,1,0,0,1,0
333,73,2,1,0,4,0,0,0,0,1,0
333,341,2,1,1,4,2,4,0,2,0,0
333,357,2,1,1,4,2,4,0,2,0,0
333,261,2,1,0,4,2,2,0,0,1,0
333,453,2,1,1,4,2,4,0,2,0,0
333,69,2,1,0,4,1,1,0,0,1,0
333,381,2,1,1,4,4,4,0,0,0,1
333,285,2,1,1,4,4,4,0,0,0,1
333,477,2,1,1,4,4,4,0,0,0,1
333,93,2,1,1,4,1,4,0,3,0,0
333,301,2,1,1,4,4,4,0,0,0,1
333,493,2,1,1,4,4,4,0,0,0,1
333,109,2,1,1,4,1,4,0,3,0,0
333,397,2,1,1,4,4,4,0,0,0,1
333,13,2,1,0,4,1,1,0,0,1,0
333,205,2,1,1,4,1,4,0,3,0,0
334,334,0,1,1,3,3,3,0,0,0,1
334,335,1,1,1,3,3,3,0,0,0,1
334,332,1,1,1,3,1,3,0,2,0,0
334,330,1,1,1,3,3,3,0,0,0,1
334,326,1,1,1,3,1,3,0,2,0,0
334,350,1,1,1,3,3,3,0,0,0,1
334,366,1,1,1,3,3,3,0,0,0,1
334,270,1,1,1,3,3,3,0,0,0,1
334,462,1,1,1,3,3,3,0,0,0,1
334,78,1,1,0,3,0,0,0,0,1,0
334,333,2,1,1,3,1,3,0,2,0,0
334,331,2,1,1,3,3,3,0,0,0,1
334,327,2,1,1,3,1,3,0,2,0,0
334,351,2,1,1,3,3,3,0,0,0,1
334,367,2,1,1,3,3,3,0,0,0,1
334,271,2,1,1,3,3,3,0,0,0,1
334,463,2,1,1,3,3,3,0,0,0,1
334,79,2,1,0,3,0,0,0,0,1,0
334,328,2,1,0,3,1,1,0,0,1,0
334,324,2,1,0,3,0,2,0,2,1,0
334,348,2,1,1,3,1,3,0,2,0,0
334,364,2,1,1,3,1,3,0,2,0,0
334,268,2,1,1,3,1,3,0,2,0,0
334,460,2,1,1,3,1,3,0,2,0,0
334,76,2,1,0,3,0,0,0,0,1,0
334,322,2,1,1,3,1,3,0,2,0,0
334,346,2,1,1,3,3,3,0,0,0,1
334,362,2,1,1,3,3,3,0,0,0,1
334,266,2,1,1,3,3,3,0,0,0,1
334,458,2,1,1,3,3,3,0,0,0,1
334,74,2,1,0,3,0,0,0,0,1,0
334,342,2,1,1,3,1,3,0,2,0,0
334,358,2,1,1,3,1,3,0,2,0,0
334,262,2,1,0,3,1,1,0,0,1,0
334,454,2,1,1,3,1,3,0,2,0,0
334,70,2,1,0,3,0,0,0,0,1,0
334,382,2,1,1,3,3,3,0,0,0,1
334,286,2,1,1,3,3,3,0,0,0,1
334,478,2,1,1,3,3,3,0,0,0,1
334,94,2,1,1,3,0,3,0,3,0,0
334,302,2,1,1,3,3,3,0,0,0,1
334,494,2,1,1,3,3,3,0,0,0,1
334,110,2,1,1,3,0,3,0,3,0,0
334,398,2,1,1,3,3,3,0,0,0,1
334,14,2,1,0,3,0,0,0,0,1,0
334,206,2,1,1,3,0,3,0,3,0,0
335,335,0,1,1,3,3,3,0,0,0,1
335,334,1,1,1,3,3,3,0,0,0,1
335,333,1,1,1,3,1,3,0,2,0,0
335,331,1,1,1,3,3,3,0,0,0,1
335,327,1,1,1,3,1,3,0,2,0,0
335,351,1,1,1,3,3,3,0,0,0,1
335,367,1,1,1,3,3,3,0,0,0,1
335,271,1,1,1,3,3,3,0,0,0,1
335,463,1,1,1,3,3,3,0,0,0,1
335,79,1,1,0,3,0,0,0,0,1,0
335,332,2,1,1,3,1,3,0,2,0,0
335,330,2,1,1,3,3,3,0,0,0,1
335,326,2,1,1,3,1,3,0,2,0,0
335,350,2,1,1,3,3,3,0,0,0,1
335,366,2,1,1,3,3,3,0,0,0,1
335,270,2,1,1,3,3,3,0,0,0,1
335,462,2,1,1,3,3,3,0,0,0,1
335,78,2,1,0,3,0,0,0,0,1,0
335,329,2,1,0,3,1,1,0,0,1,0
335,325,2,1,1,3,0,3,0,3,0,0
335,349,2,1,1,3,1,3,0,2,0,0
335,365,2,1,1,3,1,3,0,2,0,0
335,269,2,1,1,3,1,3,0,2,0,0
335,461,2,1,1,3,1,3,0,2,0,0
335,77,2,1,0,3,0,0,0,0,1,0
335,323,2,1,1,3,1,3,0,2,0,0
335,347,2,1,1,3,3,3,0,0,0,1
335,363,2,1,1,3,3,3,0,0,0,1
335,267,2,1,1,3,3,3,0,0,0,1
335,459,2,1,1,3,3,3,0,0,0,1
335,75,2,1,0,3,0,0,0,0,1,0
335,343,2,1,1,3,1,3,0,2,0,0
335,359,2,1,1,3,1,3,0,2,0,0
335,263,2,1,0,3,1,1,0,0,1,0
335,455,2,1,1,3,1,3,0,2,0,0
335,71,2,1,0,3,0,0,0,0,1,0
335,383,2,1,1,3,3,3,0,0,0,1
335,287,2,1,1,3,3,3,0,0,0,1
335,479,2,1,1,3,3,3,0,0,0,1
335,95,2,1,1,3,0,3,0,3,0,0
335,303,2,1,1,3,3,3,0,0,0,1
335,495,2,1,1,3,3,3,0,0,0,1
335,111,2,1,1,3,0,3,0,3,0,0
335,399,2,1,1,3,3,3,0,0,0,1
335,15,2,1,0,3,0,0,0,0,1,0
335,207,2,1,1,3,0,3,0,3,0,0
336,336,0,1,1,1,1,1,0,0,0,1
336,337,1,1,1,1,1,1,0,0,0,1
336,338,1,1,1,1,1,1,0,0,0,1
336,340,1,1,1,1,1,1,0,0,0,1
336,344,1,1,1,1,1,1,0,0,0,1
336,320,1,1,0,1,1,1,0,0,1,0
336,368,1,1,1,1,1,1,0,0,0,1
336,272,1,1,1,1,0,1,0,1,0,1
336,464,1,1,1,1,1,1,0,0,0,1
336,80,1,1,1,1,0,1,0,1,0,1
336,339,2,1,1,1,1,1,0,0,0,1
336,341,2,1,1,1,1,1,0,0,0,1
336,345,2,1,1,1,1,1,0,0,0,1
336,321,2,1,0,1,1,1,0,0,1,0
336,369,2,1,1,1,1,1,0,0,0,1
336,273,2,1,1,1,0,1,0,1,0,1
336,465,2,1,1,1,1,1,0,0,0,1
336,81,2,1,1,1,0,1,0,1,0,1
336,342,2,1,1,1,1,1,0,0,0,1
336,346,2,1,1,1,1,1,0,0,0,1
336,322,2,1,1,1,1,1,0,0,0,0
336,370,2,1,1,1,1,1,0,0,0,1
336,274,2,1,1,1,0,1,0,1,0,1
336,466,2,1,1,1,1,1,0,0,0,1
336,82,2,1,1,1,0,1,0,1,0,1
336,348,2,1,1,1,1,1,0,0,0,1
336,324,2,1,0,1,1,1,0,0,1,0
336,372,2,1,1,1,1,1,0,0,0,1
336,276,2,1,1,1,0,1,0,1,0,1
336,468,2,1,1,1,1,1,0,0,0,1
336,84,2,1,1,1,0,1,0,1,0,1
336,328,2,1,0,1,1,1,0,0,1,0
336,376,2,1,1,1,1,1,0,0,0,1
336,280,2,1,1,1,0,1,0,1,0,1
336,472,2,1,1,1,1,1,0,0,0,1
336,88,2,1,1,1,0,1,0,1,0,1
336,352,2,1,0,1,1,1,0,0,1,0
336,256,2,1,0,1,0,0,0,0,1,0
336,448,2,1,0,1,1,1,0,0,1,0
336,64,2,1,0,1,0,0,0,0,1,0
336,304,2,1,1,1,0,1,0,1,0,1
336,496,2,1,1,1,1,1,0,0,0,1
336,112,2,1,1,1,0,1,0,1,0,1
336,400,2,1,1,1,0,1,0,1,0,1
336,16,2,1,1,1,0,1,0,1,0,1
336,208,2,1,1,1,0,1,0,1,0,1
337,337,0,1,1,2,2,2,0,0,0,1
337,336,1,1,1,2,1,2,0,1,0,1
337,339,1,1,1,2,2,2,0,0,0,1
337,341,1,1,1,2,2,2,0,0,0,1
337,345,1,1,1,2,2,2,0,0,0,1
337,321,1,1,0,2,2,2,0,0,1,0
337,369,1,1,1,2,2,2,0,0,0,1
337,273,1,1,1,2,0,2,0,2,0,1
337,465,1,1,1,2,2,2,0,0,0,1
337,81,1,1,1,2,1,2,0,1,0,1
337,338,2,1,1,2,1,2,0,1,0,1
337,340,2,1,1,2,1,2,0,1,0,1
337,344,2,1,1,2,1,2,0,1,0,1
337,320,2,1,0,2,1,1,0,0,1,0
337,368,2,1,1,2,1,2,0,1,0,1
337,272,2,1,1,2,0,2,0,2,0,1
337,464,2,1,1,2,1,2,0,1,0,1
337,80,2,1,1,2,0,2,0,2,0,1
337,343,2,1,1,2,2,2,0,0,0,1
337,347,2,1,1,2,2,2,0,0,0,1
337,323,2,1,1,2,2,2,0,0,0,0
337,371,2,1,1,2,2,2,0,0,0,1
337,275,2,1,1,2,0,2,0,2,0,1
337,467,2,1,1,2,2,2,0,0,0,1
337,83,2,1,1,2,1,2,0,1,0,1
337,349,2,1,1,2,2,2,0,0,0,1
337,325,2,1,1,2,2,2,0,0,0,0
337,373,2,1,1,2,2,2,0,0,0,1
337,277,2,1,1,2,0,2,0,2,0,1
337,469,2,1,1,2,2,2,0,0,0,1
337,85,2,1,1,2,1,2,0,1,0,1
337,329,2,1,0,2,2,2,0,0,1,0
337,377,2,1,1,2,2,2,0,0,0,1
337,281,2,1,1,2,0,2,0,2,0,1
337,473,2,1,1,2,2,2,0,0,0,1
337,89,2,1,1,2,1,2,0,1,0,1
337,353,2,1,1,2,2,2,0,0,0,0
337,257,2,1,0,2,0,0,0,0,1,0
337,449,2,1,0,2,2,2,0,0,1,0
337,65,2,1,0,2,1,1,0,0,1,0
337,305,2,1,1,2,0,2,0,2,0,1
337,497,2,1,1,2,2,2,0,0,0,1
337,113,2,1,1,2,1,2,0,1,0,1
337,401,2,1,1,2,0,2,0,2,0,1
337,17,2,1,1,2,0,2,0,2,0,1
337,209,2,1,1,2,1,2,0,1,0,1
338,338,0,1,1,3,3,3,0,0,0,1
338,339,1,1,1,3,3,3,0,0,0,1
338,336,1,1,1,3,1,3,0,2,0,1
338,342,1,1,1,3,3,3,0,0,0,1
338,346,1,1,1,3,3,3,0,0,0,1
338,322,1,1,1,3,3,3,0,0,0,0
338,370,1,1,1,3,3,3,0,0,0,1
338,274,1,1,1,3,1,3,0,2,0,1
338,466,1,1,1,3,3,3,0,0,0,1
338,82,1,1,1,3,1,3,0,2,0,1
338,337,2,1,1,3,1,3,0,2,0,1
338,343,2,1,1,3,3,3,0,0,0,1
338,347,2,1,1,3,3,3,0,0,0,1
338,323,2,1,1,3,3,3,0,0,0,0
338,371,2,1,1,3,3,3,0,0,0,1
338,275,2,1,1,3,1,3,0,2,0,1
338,467,2,1,1,3,3,3,0,0,0,1
338,83,2,1,1,3,1,3,0,2,0,1
338,340,2,1,1,3,1,3,0,2,0,1
338,344,2,1,1,3,1,3,0,2,0,1
338,320,2,1,0,3,1,1,0,0,1,0
338,368,2,1,1,3,1,3,0,2,0,1
338,272,2,1,1,3,0,3,0,3,0,1
338,464,2,1,1,3,1,3,0,2,0,1
338,80,2,1,1,3,0,3,0,3,0,1
338,350,2,1,1,3,3,3,0,0,0,1
338,326,2,1,1,3,3,3,0,0,0,0
338,374,2,1,1,3,3,3,0,0,0,1
338,278,2,1,1,3,1,3,0,2,0,1
338,470,2,1,1,3,3,3,0,0,0,1
338,86,2,1,1,3,1,3,0,2,0,1
338,330,2,1,1,3,3,3,0,0,0,0
338,378,2,1,1,3,3,3,0,0,0,1
338,282,2,1,1,3,1,3,0,2,0,1
338,474,2,1,1,3,3,3,0,0,0,1
338,90,2,1,1,3,1,3,0,2,0,1
338,354,2,1,1,3,3,3,0,0,0,0
338,258,2,1,0,3,1,1,0,0,1,0
338,450,2,1,1,3,3,3,0,0,0,0
338,66,2,1,0,3,1,1,0,0,1,0
338,306,2,1,1,3,1,3,0,2,0,1
338,498,2,1,1,3,3,3,0,0,0,1
338,114,2,1,1,3,1,3,0,2,0,1
338,402,2,1,1,3,1,3,0,2,0,1
338,18,2,1,1,3,0,3,0,3,0,1
338,210,2,1,1,3,1,3,0,2,0,1
339,339,0,1,1,3,3,3,0,0,0,1
339,338,1,1,1,3,2,3,0,1,0,1
339,337,1,1,1,3,2,3,0,1,0,1
339,343,1,1,1,3,3,3,0,0,0,1
339,347,1,1,1,3,3,3,0,0,0,1
339,323,1,1,1,3,3,3,0,0,0,0
339,371,1,1,1,3,3,3,0,0,0,1
339,275,1,1,1,3,1,3,0,2,0,1
339,467,1,1,1,3,3,3,0,0,0,1
339,83,1,1,1,3,1,3,0,2,0,1
339,336,2,1,1,3,1,3,0,2,0,1
339,342,2,1,1,3,2,3,0,1,0,1
339,346,2,1,1,3,2,3,0,1,0,1
339,322,2,1,1,3,2,3,0,1,0,0
339,370,2,1,1,3,2,3,0,1,0,1
339,274,2,1,1,3,1,3,0,2,0,1
339,466,2,1,1,3,2,3,0,1,0,1
339,82,2,1,1,3,0,3,0,3,0,1
339,341,2,1,1,3,2,3,0,1,0,1
339,345,2,1,1,3,2,3,0,1,0,1
339,321,2,1,0,3,2,2,0,0,1,0
339,369,2,1,1,3,2,3,0,1,0,1
339,273,2,1,1,3,0,3,0,3,0,1
339,465,2,1,1,3,2,3,0,1,0,1
339,81,2,1,1,3,1,3,0,2,0,1
339,351,2,1,1,3,3,3,0,0,0,1
339,327,2,1,1,3,3,3,0,0,0,0
339,375,2,1,1,3,3,3,0,0,0,1
339,279,2,1,1,3,1,3,0,2,0,1
339,471,2,1,1,3,3,3,0,0,0,1
339,87,2,1,1,3,1,3,0,2,0,1
339,331,2,1,1,3,3,3,0,0,0,0
339,379,2,1,1,3,3,3,0,0,0,1
339,283,2,1,1,3,1,3,0,2,0,1
339,475,2,1,1,3,3,3,0,0,0,1
339,91,2,1,1,3,1,3,0,2,0,1
339,355,2,1,1,3,3,3,0,0,0,0
339,259,2,1,0,3,1,1,0,0,1,0
339,451,2,1,1,3,3,3,0,0,0,0
339,67,2,1,0,3,1,1,0,0,1,0
339,307,2,1,1,3,1,3,0,2,0,1
339,499,2,1,1,3,3,3,0,0,0,1
339,115,2,1,1,3,1,3,0,2,0,1
339,403,2,1,1,3,1,3,0,2,0,1
339,19,2,1,1,3,0,3,0,3,0,1
339,211,2,1,1,3,1,3,0,2,0,1
340,340,0,1,1,2,2,2,0,0,0,1
340,341,1,1,1,2,2,2,0,0,0,1
340,342,1,1,1,2,2,2,0,0,0,1
340,336,1,1,1,2,1,2,0,1,0,1
340,348,1,1,1,2,2,2,0,0,0,1
340,324,1,1,0,2,2,2,0,0,1,0
340,372,1,1,1,2,2,2,0,0,0,1
340,276,1,1,1,2,1,2,0,1,0,1
340,468,1,1,1,2,2,2,0,0,0,1
340,84,1,1,1,2,0,2,0,2,0,1
340,343,2,1,1,2,2,2,0,0,0,1
340,337,2,1,1,2,1,2,0,1,0,1
340,349,2,1,1,2,2,2,0,0,0,1
340,325,2,1,1,2,2,2,0,0,0,0
340,373,2,1,1,2,2,2,0,0,0,1
340,277,2,1,1,2,1,2,0,1,0,1
340,469,2,1,1,2,2,2,0,0,0,1
340,85,2,1,1,2,0,2,0,2,0,1
340,338,2,1,1,2,1,2,0,1,0,1
340,350,2,1,1,2,2,2,0,0,0,1
340,326,2,1,1,2,2,2,0,0,0,0
340,374,2,1,1,2,2,2,0,0,0,1
340,278,2,1,1,2,1,2,0,1,0,1
340,470,2,1,1,2,2,2,0,0,0,1
340,86,2,1,1,2,0,2,0,2,0,1
340,344,2,1,1,2,1,2,0,1,0,1
340,320,2,1,0,2,1,1,0,0,1,0
340,368,2,1,1,2,1,2,0,1,0,1
340,272,2,1,1,2,0,2,0,2,0,1
340,464,2,1,1,2,1,2,0,1,0,1
340,80,2,1,1,2,0,2,0,2,0,1
340,332,2,1,1,2,2,2,0,0,0,0
340,380,2,1,1,2,2,2,0,0,0,1
340,284,2,1,1,2,1,2,0,1,0,1
340,476,2,1,1,2,2,2,0,0,0,1
340,92,2,1,1,2,0,2,0,2,0,1
340,356,2,1,0,2,2,2,0,0,1,0
340,260,2,1,0,2,1,1,0,0,1,0
340,452,2,1,0,2,2,2,0,0,1,0
340,68,2,1,0,2,0,0,0,0,1,0
340,308,2,1,1,2,1,2,0,1,0,1
340,500,2,1,1,2,2,2,0,0,0,1
340,116,2,1,1,2,0,2,0,2,0,1
340,404,2,1,1,2,1,2,0,1,0,1
340,20,2,1,1,2,0,2,0,2,0,1
340,212,2,1,1,2,0,2,0,2,0,1
341,341,0,1,1,4,4,4,0,0,0,1
341,340,1,1,1,4,2,4,0,2,0,1
341,343,1,1,1,4,4,4,0,0,0,1
341,337,1,1,1,4,2,4,0,2,0,1
341,349,1,1,1,4,4,4,0,0,0,1
341,325,1,1,1,4,4,4,0,0,0,0
341,373,1,1,1,4,4,4,0,0,0,1
341,277,1,1,1,4,2,4,0,2,0,1
341,469,1,1,1,4,4,4,0,0,0,1
341,85,1,1,1,4,2,4,0,2,0,1
341,342,2,1,1,4,2,4,0,2,0,1
341,336,2,1,1,4,1,4,0,3,0,1
341,348,2,1,1,4,2,4,0,2,0,1
341,324,2,1,0,4,2,2,0,0,1,0
341,372,2,1,1,4,2,4,0,2,0,1
341,276,2,1,1,4,1,4,0,3,0,1
341,468,2,1,1,4,2,4,0,2,0,1
341,84,2,1,1,4,0,4,0,4,0,1
341,339,2,1,1,4,2,4,0,2,0,1
341,351,2,1,1,4,4,4,0,0,0,1
341,327,2,1,1,4,4,4,0,0,0,0
341,375,2,1,1,4,4,4,0,0,0,1
341,279,2,1,1,4,2,4,0,2,0,1
341,471,2,1,1,4,4,4,0,0,0,1
341,87,2,1,1,4,2,4,0,2,0,1
341,345,2,1,1,4,2,4,0,2,0,1
341,321,2,1,0,4,2,2,0,0,1,0
341,369,2,1,1,4,2,4,0,2,0,1
341,273,2,1,1,4,0,4,0,4,0,1
341,465,2,1,1,4,2,4,0,2,0,1
341,81,2,1,1,4,1,4,0,3,0,1
341,333,2,1,1,4,4,4,0,0,0,0
341,381,2,1,1,4,4,4,0,0,0,1
341,285,2,1,1,4,2,4,0,2,0,1
341,477,2,1,1,4,4,4,0,0,0,1
341,93,2,1,1,4,2,4,0,2,0,1
341,357,2,1,1,4,4,4,0,0,0,0
341,261,2,1,0,4,2,2,0,0,1,0
341,453,2,1,1,4,4,4,0,0,0,0
341,69,2,1,0,4,2,2,0,0,1,0
341,309,2,1,1,4,2,4,0,2,0,1
341,501,2,1,1,4,4,4,0,0,0,1
341,117,2,1,1,4,2,4,0,2,0,1
341,405,2,1,1,4,2,4,0,2,0,1
341,21,2,1,1,4,1,4,0,3,0,1
341,213,2,1,1,4,2,4,0,2,0,1
342,342,0,1,1,3,3,3,0,0,0,1
342,343,1,1,1,3,3,3,0,0,0,1
342,340,1,1,1,3,1,3,0,2,0,1
342,338,1,1,1,3,3,3,0,0,0,1
342,350,1,1,1,3,3,3,0,0,0,1
342,326,1,1,1,3,3,3,0,0,0,0
342,374,1,1,1,3,3,3,0,0,0,1
342,278,1,1,1,3,1,3,0,2,0,1
342,470,1,1,1,3,3,3,0,0,0,1
342,86,1,1,1,3,1,3,0,2,0,1
342,341,2,1,1,3,1,3,0,2,0,1
342,339,2,1,1,3,3,3,0,0,0,1
342,351,2,1,1,3,3,3,0,0,0,1
342,327,2,1,1,3,3,3,0,0,0,0
342,375,2,1,1,3,3,3,0,0,0,1
342,279,2,1,1,3,1,3,0,2,0,1
342,471,2,1,1,3,3,3,0,0,0,1
342,87,2,1,1,3,1,3,0,2,0,1
342,336,2,1,1,3,1,3,0,2,0,1
342,348,2,1,1,3,1,3,0,2,0,1
342,324,2,1,0,3,1,2,0,1,1,0
342,372,2,1,1,3,1,3,0,2,0,1
342,276,2,1,1,3,0,3,0,3,0,1
342,468,2,1,1,3,1,3,0,2,0,1
342,84,2,1,1,3,0,3,0,3,0,1
342,346,2,1,1,3,3,3,0,0,0,1
342,322,2,1,1,3,3,3,0,0,0,0
342,370,2,1,1,3,3,3,0,0,0,1
342,274,2,1,1,3,1,3,0,2,0,1
342,466,2,1,1,3,3,3,0,0,0,1
342,82,2,1,1,3,1,3,0,2,0,1
342,334,2,1,1,3,3,3,0,0,0,0
342,382,2,1,1,3,3,3,0,0,0,1
342,286,2,1,1,3,1,3,0,2,0,1
342,478,2,1,1,3,3,3,0,0,0,1
342,94,2,1,1,3,1,3,0,2,0,1
342,358,2,1,1,3,3,3,0,0,0,0
342,262,2,1,0,3,1,1,0,0,1,0
342,454,2,1,1,3,3,3,0,0,0,0
342,70,2,1,0,3,1,1,0,0,1,0
342,310,2,1,1,3,1,3,0,2,0,1
342,502,2,1,1,3,3,3,0,0,0,1
342,118,2,1,1,3,1,3,0,2,0,1
342,406,2,1,1,3,1,3,0,2,0,1
342,22,2,1,1,3,0,3,0,3,0,1
342,214,2,1,1,3,1,3,0,2,0,1
343,343,0,1,1,3,3,3,0,0,0,1
343,342,1,1,1,3,2,3,0,1,0,1
343,341,1,1,1,3,2,3,0,1,0,1
343,339,1,1,1,3,3,3,0,0,0,1
343,351,1,1,1,3,3,3,0,0,0,1
343,327,1,1,1,3,3,3,0,0,0,0
343,375,1,1,1,3,3,3,0,0,0,1
343,279,1,1,1,3,1,3,0,2,0,1
343,471,1,1,1,3,3,3,0,0,0,1
343,87,1,1,1,3,1,3,0,2,0,1
343,340,2,1,1,3,1,3,0,2,0,1
343,338,2,1,1,3,2,3,0,1,0,1
343,350,2,1,1,3,2,3,0,1,0,1
343,326,2,1,1,3,2,3,0,1,0,0
343,374,2,1,1,3,2,3,0,1,0,1
343,278,2,1,1,3,1,3,0,2,0,1
343,470,2,1,1,3,2,3,0,1,0,1
343,86,2,1,1,3,0,3,0,3,0,1
343,337,2,1,1,3,2,3,0,1,0,1
343,349,2,1,1,3,2,3,0,1,0,1
343,325,2,1,1,3,2,3,0,1,0,0
343,373,2,1,1,3,2,3,0,1,0,1
343,277,2,1,1,3,0,3,0,3,0,1
343,469,2,1,1,3,2,3,0,1,0,1
343,85,2,1,1,3,1,3,0,2,0,1
343,347,2,1,1,3,3,3,0,0,0,1
343,323,2,1,1,3,3,3,0,0,0,0
343,371,2,1,1,3,3,3,0,0,0,1
343,275,2,1,1,3,1,3,0,2,0,1
343,467,2,1,1,3,3,3,0,0,0,1
343,83,2,1,1,3,1,3,0,2,0,1
343,335,2,1,1,3,3,3,0,0,0,0
343,383,2,1,1,3,3,3,0,0,0,1
343,287,2,1,1,3,1,3,0,2,0,1
343,479,2,1,1,3,3,3,0,0,0,1
343,95,2,1,1,3,1,3,0,2,0,1
343,359,2,1,1,3,3,3,0,0,0,0
343,263,2,1,0,3,1,1,0,0,1,0
343,455,2,1,1,3,3,3,0,0,0,0
343,71,2,1,0,3,1,1,0,0,1,0
343,311,2,1,1,3,1,3,0,2,0,1
343,503,2,1,1,3,3,3,0,0,0,1
343,119,2,1,1,3,1,3,0,2,0,1
343,407,2,1,1,3,1,3,0,2,0,1
343,23,2,1,1,3,0,3,0,3,0,1
343,215,2,1,1,3,1,3,0,2,0,1
344,344,0,1,1,1,1,1,0,0,0,1
344,345,1,1,1,1,1,1,0,0,0,1
344,346,1,1,1,1,1,1,0,0,0,1
344,348,1,1,1,1,1,1,0,0,0,1
344,336,1,1,1,1,0,1,0,1,0,1
344,328,1,1,0,1,1,1,0,0,1,0
344,376,1,1,1,1,1,1,0,0,0,1
344,280,1,1,1,1,1,1,0,0,0,1
344,472,1,1,1,1,1,1,0,0,0,1
344,88,1,1,1,1,0,1,0,1,0,1
344,347,2,1,1,1,1,1,0,0,0,1
344,349,2,1,1,1,1,1,0,0,0,1
344,337,2,1,1,1,0,1,0,1,0,1
344,329,2,1,0,1,1,1,0,0,1,0
344,377,2,1,1,1,1,1,0,0,0,1
344,281,2,1,1,1,1,1,0,0,0,1
344,473,2,1,1,1,1,1,0,0,0,1
344,89,2,1,1,1,0,1,0,1,0,1
344,350,2,1,1,1,1,1,0,0,0,1
344,338,2,1,1,1,0,1,0,1,0,1
344,330,2,1,1,1,1,1,0,0,0,0
344,378,2,1,1,1,1,1,0,0,0,1
344,282,2,1,1,1,1,1,0,0,0,1
344,474,2,1,1,1,1,1,0,0,0,1
344,90,2,1,1,1,0,1,0,1,0,1
344,340,2,1,1,1,0,1,0,1,0,1
344,332,2,1,1,1,1,1,0,0,0,0
344,380,2,1,1,1,1,1,0,0,0,1
344,284,2,1,1,1,1,1,0,0,0,1
344,476,2,1,1,1,1,1,0,0,0,1
344,92,2,1,1,1,0,1,0,1,0,1
344,320,2,1,0,1,0,1,0,1,1,0
344,368,2,1,1,1,0,1,0,1,0,1
344,272,2,1,1,1,0,1,0,1,0,1
344,464,2,1,1,1,0,1,0,1,0,1
344,80,2,1,1,1,0,1,0,1,0,1
344,360,2,1,1,1,1,1,0,0,0,0
344,264,2,1,0,1,1,1,0,0,1,0
344,456,2,1,0,1,1,1,0,0,1,0
344,72,2,1,0,1,0,0,0,0,1,0
344,312,2,1,1,1,1,1,0,0,0,1
344,504,2,1,1,1,1,1,0,0,0,1
344,120,2,1,1,1,0,1,0,1,0,1
344,408,2,1,1,1,1,1,0,0,0,1
344,24,2,1,1,1,0,1,0,1,0,1
344,216,2,1,1,1,0,1,0,1,0,1
345,345,0,1,1,1,1,1,0,0,0,1
345,344,1,1,1,1,1,1,0,0,0,1
345,347,1,1,1,1,1,1,0,0,0,1
345,349,1,1,1,1,1,1,0,0,0,1
345,337,1,1,1,1,0,1,0,1,0,1
345,329,1,1,0,1,1,1,0,0,1,0
345,377,1,1,1,1,1,1,0,0,0,1
345,281,1,1,1,1,1,1,0,0,0,1
345,473,1,1,1,1,1,1,0,0,0,1
345,89,1,1,1,1,0,1,0,1,0,1
345,346,2,1,1,1,1,1,0,0,0,1
345,348,2,1,1,1,1,1,0,0,0,1
345,336,2,1,1,1,0,1,0,1,0,1
345,328,2,1,0,1,1,1,0,0,1,0
345,376,2,1,1,1,1,1,0,0,0,1
345,280,2,1,1,1,1,1,0,0,0,1
345,472,2,1,1,1,1,1,0,0,0,1
345,88,2,1,1,1,0,1,0,1,0,1
345,351,2,1,1,1,1,1,0,0,0,1
345,339,2,1,1,1,0,1,0,1,0,1
345,331,2,1,1,1,1,1,0,0,0,0
345,379,2,1,1,1,1,1,0,0,0,1
345,283,2,1,1,1,1,1,0,0,0,1
345,475,2,1,1,1,1,1,0,0,0,1
345,91,2,1,1,1,0,1,0,1,0,1
345,341,2,1,1,1,0,1,0,1,0,1
345,333,2,1,1,1,1,1,0,0,0,0
345,381,2,1,1,1,1,1,0,0,0,1
345,285,2,1,1,1,1,1,0,0,0,1
345,477,2,1,1,1,1,1,0,0,0,1
345,93,2,1,1,1,0,1,0,1,0,1
345,321,2,1,0,1,0,1,0,1,1,0
345,369,2,1,1,1,0,1,0,1,0,1
345,273,2,1,1,1,0,1,0,1,0,1
345,465,2,1,1,1,0,1,0,1,0,1
345,81,2,1,1,1,0,1,0,1,0,1
345,361,2,1,1,1,1,1,0,0,0,0
345,265,2,1,0,1,1,1,0,0,1,0
345,457,2,1,0,1,1,1,0,0,1,0
345,73,2,1,0,1,0,0,0,0,1,0
345,313,2,1,1,1,1,1,0,0,0,1
345,505,2,1,1,1,1,1,0,0,0,1
345,121,2,1,1,1,0,1,0,1,0,1
345,409,2,1,1,1,1,1,0,0,0,1
345,25,2,1,1,1,0,1,0,1,0,1
345,217,2,1,1,1,0,1,0,1,0,1
346,346,0,1,1,2,2,2,0,0,0,1
346,347,1,1,1,2,2,2,0,0,0,1
346,344,1,1,1,2,1,2,0,1,0,1
346,350,1,1,1,2,2,2,0,0,0,1
346,338,1,1,1,2,1,2,0,1,0,1
346,330,1,1,1,2,2,2,0,0,0,0
346,378,1,1,1,2,2,2,0,0,0,1
346,282,1,1,1,2,2,2,0,0,0,1
346,474,1,1,1,2,2,2,0,0,0,1
346,90,1,1,1,2,0,2,0,2,0,1
346,345,2,1,1,2,1,2,0,1,0,1
346,351,2,1,1,2,2,2,0,0,0,1
346,339,2,1,1,2,1,2,0,1,0,1
346,331,2,1,1,2,2,2,0,0,0,0
346,379,2,1,1,2,2,2,0,0,0,1
346,283,2,1,1,2,2,2,0,0,0,1
346,475,2,1,1,2,2,2,0,0,0,1
346,91,2,1,1,2,0,2,0,2,0,1
346,348,2,1,1,2,1,2,0,1,0,1
346,336,2,1,1,2,0,2,0,2,0,1
346,328,2,1,0,2,1,1,0,0,1,0
346,376,2,1,1,2,1,2,0,1,0,1
346,280,2,1,1,2,1,2,0,1,0,1
346,472,2,1,1,2,1,2,0,1,0,1
346,88,2,1,1,2,0,2,0,2,0,1
346,342,2,1,1,2,1,2,0,1,0,1
346,334,2,1,1,2,2,2,0,0,0,0
346,382,2,1,1,2,2,2,0,0,0,1
346,286,2,1,1,2,2,2,0,0,0,1
346,478,2,1,1,2,2,2,0,0,0,1
346,94,2,1,1,2,0,2,0,2,0,1
346,322,2,1,1,2,1,2,0,1,0,0
346,370,2,1,1,2,1,2,0,1,0,1
346,274,2,1,1,2,1,2,0,1,0,1
346,466,2,1,1,2,1,2,0,1,0,1
346,82,2,1,1,2,0,2,0,2,0,1
346,362,2,1,1,2,2,2,0,0,0,0
346,266,2,1,1,2,2,2,0,0,0,0
346,458,2,1,1,2,2,2,0,0,0,0
346,74,2,1,0,2,0,0,0,0,1,0
346,314,2,1,1,2,2,2,0,0,0,1
346,506,2,1,1,2,2,2,0,0,0,1
346,122,2,1,1,2,0,2,0,2,0,1
346,410,2,1,1,2,2,2,0,0,0,1
346,26,2,1,1,2,0,2,0,2,0,1
346,218,2,1,1,2,0,2,0,2,0,1
347,347,0,1,1,2,2,2,0,0,0,1
347,346,1,1,1,2,2,2,0,0,0,1
347,345,1,1,1,2,1,2,0,1,0,1
347,351,1,1,1,2,2,2,0,0,0,1
347,339,1,1,1,2,1,2,0,1,0,1
347,331,1,1,1,2,2,2,0,0,0,0
347,379,1,1,1,2,2,2,0,0,0,1
347,283,1,1,1,2,2,2,0,0,0,1
347,475,1,1,1,2,2,2,0,0,0,1
347,91,1,1,1,2,0,2,0,2,0,1
347,344,2,1,1,2,1,2,0,1,0,1
347,350,2,1,1,2,2,2,0,0,0,1
347,338,2,1,1,2,1,2,0,1,0,1
347,330,2,1,1,2,2,2,0,0,0,0
347,378,2,1,1,2,2,2,0,0,0,1
347,282,2,1,1,2,2,2,0,0,0,1
347,474,2,1,1,2,2,2,0,0,0,1
347,90,2,1,1,2,0,2,0,2,0,1
347,349,2,1,1,2,1,2,0,1,0,1
347,337,2,1,1,2,0,2,0,2,0,1
347,329,2,1,0,2,1,1,0,0,1,0
347,377,2,1,1,2,1,2,0,1,0,1
347,281,2,1,1,2,1,2,0,1,0,1
347,473,2,1,1,2,1,2,0,1,0,1
347,89,2,1,1,2,0,2,0,2,0,1
347,343,2,1,1,2,1,2,0,1,0,1
347,335,2,1,1,2,2,2,0,0,0,0
347,383,2,1,1,2,2,2,0,0,0,1
347,287,2,1,1,2,2,2,0,0,0,1
347,479,2,1,1,2,2,2,0,0,0,1
347,95,2,1,1,2,0,2,0,2,0,1
347,323,2,1,1,2,1,2,0,1,0,0
347,371,2,1,1,2,1,2,0,1,0,1
347,275,2,1,1,2,1,2,0,1,0,1
347,467,2,1,1,2,1,2,0,1,0,1
347,83,2,1,1,2,0,2,0,2,0,1
347,363,2,1,1,2,2,2,0,0,0,0
347,267,2,1,1,2,2,2,0,0,0,0
347,459,2,1,1,2,2,2,0,0,0,0
347,75,2,1,0,2,0,0,0,0,1,0
347,315,2,1,1,2,2,2,0,0,0,1
347,507,2,1,1,2,2,2,0,0,0,1
347,123,2,1,1,2,0,2,0,2,0,1
347,411,2,1,1,2,2,2,0,0,0,1
347,27,2,1,1,2,0,2,0,2,0,1
347,219,2,1,1,2,0,2,0,2,0,1
348,348,0,1,1,3,3,3,0,0,0,1
348,349,1,1,1,3,3,3,0,0,0,1
348,350,1,1,1,3,3,3,0,0,0,1
348,344,1,1,1,3,1,3,0,2,0,1
348,340,1,1,1,3,1,3,0,2,0,1
348,332,1,1,1,3,3,3,0,0,0,0
348,380,1,1,1,3,3,3,0,0,0,1
348,284,1,1,1,3,3,3,0,0,0,1
348,476,1,1,1,3,3,3,0,0,0,1
348,92,1,1,1,3,1,3,0,2,0,1
348,351,2,1,1,3,3,3,0,0,0,1
348,345,2,1,1,3,1,3,0,2,0,1
348,341,2,1,1,3,1,3,0,2,0,1
348,333,2,1,1,3,3,3,0,0,0,0
348,381,2,1,1,3,3,3,0,0,0,1
348,285,2,1,1,3,3,3,0,0,0,1
348,477,2,1,1,3,3,3,0,0,0,1
348,93,2,1,1,3,1,3,0,2,0,1
348,346,2,1,1,3,1,3,0,2,0,1
348,342,2,1,1,3,1,3,0,2,0,1
348,334,2,1,1,3,3,3,0,0,0,0
348,382,2,1,1,3,3,3,0,0,0,1
348,286,2,1,1,3,3,3,0,0,0,1
348,478,2,1,1,3,3,3,0,0,0,1
348,94,2,1,1,3,1,3,0,2,0,1
348,336,2,1,1,3,0,3,0,3,0,1
348,328,2,1,0,3,1,1,0,0,1,0
348,376,2,1,1,3,1,3,0,2,0,1
348,280,2,1,1,3,1,3,0,2,0,1
348,472,2,1,1,3,1,3,0,2,0,1
348,88,2,1,1,3,0,3,0,3,0,1
348,324,2,1,0,3,1,2,0,1,1,0
348,372,2,1,1,3,1,3,0,2,0,1
348,276,2,1,1,3,1,3,0,2,0,1
348,468,2,1,1,3,1,3,0,2,0,1
348,84,2,1,1,3,0,3,0,3,0,1
348,364,2,1,1,3,3,3,0,0,0,0
348,268,2,1,1,3,3,3,0,0,0,0
348,460,2,1,1,3,3,3,0,0,0,0
348,76,2,1,0,3,1,1,0,0,1,0
348,316,2,1,1,3,3,3,0,0,0,1
348,508,2,1,1,3,3,3,0,0,0,1
348,124,2,1,1,3,1,3,0,2,0,1
348,412,2,1,1,3,3,3,0,0,0,1
348,28,2,1,1,3,1,3,0,2,0,1
348,220,2,1,1,3,1,3,0,2,0,1
349,349,0,1,1,3,3,3,0,0,0,1
349,348,1,1,1,3,2,3,0,1,0,1
349,351,1,1,1,3,3,3,0,0,0,1
349,345,1,1,1,3,1,3,0,2,0,1
349,341,1,1,1,3,2,3,0,1,0,1
349,333,1,1,1,3,3,3,0,0,0,0
349,381,1,1,1,3,3,3,0,0,0,1
349,285,1,1,1,3,3,3,0,0,0,1
349,477,1,1,1,3,3,3,0,0,0,1
349,93,1,1,1,3,1,3,0,2,0,1
349,350,2,1,1,3,2,3,0,1,0,1
349,344,2,1,1,3,1,3,0,2,0,1
349,340,2,1,1,3,1,3,0,2,0,1
349,332,2,1,1,3,2,3,0,1,0,0
349,380,2,1,1,3,2,3,0,1,0,1
349,284,2,1,1,3,2,3,0,1,0,1
349,476,2,1,1,3,2,3,0,1,0,1
349,92,2,1,1,3,0,3,0,3,0,1
349,347,2,1,1,3,1,3,0,2,0,1
349,343,2,1,1,3,2,3,0,1,0,1
349,335,2,1,1,3,3,3,0,0,0,0
349,383,2,1,1,3,3,3,0,0,0,1
349,287,2,1,1,3,3,3,0,0,0,1
349,479,2,1,1,3,3,3,0,0,0,1
349,95,2,1,1,3,1,3,0,2,0,1
349,337,2,1,1,3,0,3,0,3,0,1
349,329,2,1,0,3,1,1,0,0,1,0
349,377,2,1,1,3,1,3,0,2,0,1
349,281,2,1,1,3,1,3,0,2,0,1
349,473,2,1,1,3,1,3,0,2,0,1
349,89,2,1,1,3,0,3,0,3,0,1
349,325,2,1,1,3,2,3,0,1,0,0
349,373,2,1,1,3,2,3,0,1,0,1
349,277,2,1,1,3,2,3,0,1,0,1
349,469,2,1,1,3,2,3,0,1,0,1
349,85,2,1,1,3,1,3,0,2,0,1
349,365,2,1,1,3,3,3,0,0,0,0
349,269,2,1,1,3,3,3,0,0,0,0
349,461,2,1,1,3,3,3,0,0,0,0
349,77,2,1,0,3,1,1,0,0,1,0
349,317,2,1,1,3,3,3,0,0,0,1
349,509,2,1,1,3,3,3,0,0,0,1
349,125,2,1,1,3,1,3,0,2,0,1
349,413,2,1,1,3,3,3,0,0,0,1
349,29,2,1,1,3,1,3,0,2,0,1
349,221,2,1,1,3,1,3,0,2,0,1
350,350,0,1,1,2,2,2,0,0,0,1
350,351,1,1,1,2,2,2,0,0,0,1
350,348,1,1,1,2,1,2,0,1,0,1
350,346,1,1,1,2,2,2,0,0,0,1
350,342,1,1,1,2,1,2,0,1,0,1
350,334,1,1,1,2,2,2,0,0,0,0
350,382,1,1,1,2,2,2,0,0,0,1
350,286,1,1,1,2,2,2,0,0,0,1
350,478,1,1,1,2,2,2,0,0,0,1
350,94,1,1,1,2,0,2,0,2,0,1
350,349,2,1,1,2,1,2,0,1,0,1
350,347,2,1,1,2,2,2,0,0,0,1
350,343,2,1,1,2,1,2,0,1,0,1
350,335,2,1,1,2,2,2,0,0,0,0
350,383,2,1,1,2,2,2,0,0,0,1
350,287,2,1,1,2,2,2,0,0,0,1
350,479,2,1,1,2,2,2,0,0,0,1
350,95,2,1,1,2,0,2,0,2,0,1
350,344,2,1,1,2,1,2,0,1,0,1
350,340,2,1,1,2,0,2,0,2,0,1
350,332,2,1,1,2,1,2,0,1,0,0
350,380,2,1,1,2,1,2,0,1,0,1
350,284,2,1,1,2,1,2,0,1,0,1
350,476,2,1,1,2,1,2,0,1,0,1
350,92,2,1,1,2,0,2,0,2,0,1
350,338,2,1,1,2,1,2,0,1,0,1
350,330,2,1,1,2,2,2,0,0,0,0
350,378,2,1,1,2,2,2,0,0,0,1
350,282,2,1,1,2,2,2,0,0,0,1
350,474,2,1,1,2,2,2,0,0,0,1
350,90,2,1,1,2,0,2,0,2,0,1
350,326,2,1,1,2,1,2,0,1,0,0
350,374,2,1,1,2,1,2,0,1,0,1
350,278,2,1,1,2,1,2,0,1,0,1
350,470,2,1,1,2,1,2,0,1,0,1
350,86,2,1,1,2,0,2,0,2,0,1
350,366,2,1,1,2,2,2,0,0,0,0
350,270,2,1,1,2,2,2,0,0,0,0
350,462,2,1,1,2,2,2,0,0,0,0
350,78,2,1,0,2,0,0,0,0,1,0
350,318,2,1,1,2,2,2,0,0,0,1
350,510,2,1,1,2,2,2,0,0,0,1
350,126,2,1,1,2,0,2,0,2,0,1
350,414,2,1,1,2,2,2,0,0,0,1
350,30,2,1,1,2,0,2,0,2,0,1
350,222,2,1,1,2,0,2,0,2,0,1
351,351,0,1,1,2,2,2,0,0,0,1
351,350,1,1,1,2,2,2,0,0,0,1
351,349,1,1,1,2,1,2,0,1,0,1
351,347,1,1,1,2,2,2,0,0,0,1
351,343,1,1,1,2,1,2,0,1,0,1
351,335,1,1,1,2,2,2,0,0,0,0
351,383,1,1,1,2,2,2,0,0,0,1
351,287,1,1,1,2,2,2,0,0,0,1
351,479,1,1,1,2,2,2,0,0,0,1
351,95,1,1,1,2,0,2,0,2,0,1
351,348,2,1,1,2,1,2,0,1,0,1
351,346,2,1,1,2,2,2,0,0,0,1
351,342,2,1,1,2,1,2,0,1,0,1
351,334,2,1,1,2,2,2,0,0,0,0
351,382,2,1,1,2,2,2,0,0,0,1
351,286,2,1,1,2,2,2,0,0,0,1
351,478,2,1,1,2,2,2,0,0,0,1
351,94,2,1,1,2,0,2,0,2,0,1
351,345,2,1,1,2,1,2,0,1,0,1
351,341,2,1,1,2,0,2,0,2,0,1
351,333,2,1,1,2,1,2,0,1,0,0
351,381,2,1,1,2,1,2,0,1,0,1
351,285,2,1,1,2,1,2,0,1,0,1
351,477,2,1,1,2,1,2,0,1,0,1
351,93,2,1,1,2,0,2,0,2,0,1
351,339,2,1,1,2,1,2,0,1,0,1
351,331,2,1,1,2,2,2,0,0,0,0
351,379,2,1,1,2,2,2,0,0,0,1
351,283,2,1,1,2,2,2,0,0,0,1
351,475,2,1,1,2,2,2,0,0,0,1
351,91,2,1,1,2,0,2,0,2,0,1
351,327,2,1,1,2,1,2,0,1,0,0
351,375,2,1,1,2,1,2,0,1,0,1
351,279,2,1,1,2,1,2,0,1,0,1
351,471,2,1,1,2,1,2,0,1,0,1
351,87,2,1,1,2,0,2,0,2,0,1
351,367,2,1,1,2,2,2,0,0,0,0
351,271,2,1,1,2,2,2,0,0,0,0
351,463,2,1,1,2,2,2,0,0,0,0
351,79,2,1,0,2,0,0,0,0,1,0
351,319,2,1,1,2,2,2,0,0,0,1
351,511,2,1,1,2,2,2,0,0,0,1
351,127,2,1,1,2,0,2,0,2,0,1
351,415,2,1,1,2,2,2,0,0,0,1
351,31,2,1,1,2,0,2,0,2,0,1
351,223,2,1,1,2,0,2,0,2,0,1
352,352,0,0,0,1,1,1,0,0,0,0
352,353,1,0,1,1,1,1,0,0,0,0
352,354,1,0,1,1,1,1,0,0,0,0
352,356,1,0,0,1,1,1,0,0,0,0
352,360,1,0,1,1,1,1,0,0,0,0
352,368,1,0,1,1,1,1,0,0,0,0
352,320,1,0,0,1,0,1,0,1,0,0
352,288,1,0,0,1,0,0,0,0,0,0
352,480,1,0,0,1,1,1,0,0,0,0
352,96,1,0,0,1,1,1,0,0,0,0
352,355,2,0,1,1,1,1,0,0,0,0
352,357,2,0,1,1,1,1,0,0,0,0
352,361,2,0,1,1,1,1,0,0,0,0
352,369,2,0,1,1,1,1,0,0,0,0
352,321,2,0,0,1,0,1,0,1,0,0
352,289,2,0,0,1,0,0,0,0,0,0
352,481,2,0,1,1,1,1,0,0,0,0
352,97,2,0,1,1,1,1,0,0,0,0
352,358,2,0,1,1,1,1,0,0,0,0
352,362,2,0,1,1,1,1,0,0,0,0
352,370,2,0,1,1,1,1,0,0,0,0
352,322,2,0,1,1,0,1,0,1,0,0
352,290,2,0,0,1,0,0,0,0,0,0
352,482,2,0,1,1,1,1,0,0,0,0
352,98,2,0,1,1,1,1,0,0,0,0
352,364,2,0,1,1,1,1,0,0,0,0
352,372,2,0,1,1,1,1,0,0,0,0
352,324,2,0,0,1,0,1,0,1,0,0
352,292,2,0,0,1,0,0,0,0,0,0
352,484,2,0,0,1,1,1,0,0,0,0
352,100,2,0,0,1,1,1,0,0,0,0
352,376,2,0,1,1,1,1,0,0,0,0
352,328,2,0,0,1,0,1,0,1,0,0
352,296,2,0,1,1,0,1,0,1,0,0
352,488,2,0,1,1,1,1,0,0,0,0
352,104,2,0,1,1,1,1,0,0,0,0
352,336,2,0,1,1,0,1,0,1,0,0
352,304,2,0,1,1,0,1,0,1,0,0
352,496,2,0,1,1,1,1,0,0,0,0
352,112,2,0,1,1,1,1,0,0,0,0
352,256,2,0,0,1,0,0,0,0,0,0
352,448,2,0,0,1,0,1,0,1,0,0
352,64,2,0,0,1,0,0,0,0,0,0
352,416,2,0,0,1,0,1,0,1,0,0
352,32,2,0,0,1,0,0,0,0,0,0
352,224,2,0,0,1,1,1,0,0,0,0
353,353,0,1,1,4,4,4,0,0,0,1
353,352,1,1,0,4,1,1,0,0,1,0
353,355,1,1,1,4,4,4,0,0,0,1
353,357,1,1,1,4,4,4,0,0,0,1
353,361,1,1,1,4,4,4,0,0,0,1
353,369,1,1,1,4,4,4,0,0,0,1
353,321,1,1,0,4,1,2,0,1,1,0
353,289,1,1,0,4,1,1,0,0,1,0
353,481,1,1,1,4,4,4,0,0,0,1
353,97,1,1,1,4,4,4,0,0,0,1
353,354,2,1,1,4,1,4,0,3,0,0
353,356,2,1,0,4,1,1,0,0,1,0
353,360,2,1,1,4,1,4,0,3,0,0
353,368,2,1,1,4,1,4,0,3,0,0
353,320,2,1,0,4,0,1,0,1,1,0
353,288,2,1,0,4,0,0,0,0,1,0
353,480,2,1,0,4,1,1,0,0,1,0
353,96,2,1,0,4,1,1,0,0,1,0
353,359,2,1,1,4,4,4,0,0,0,1
353,363,2,1,1,4,4,4,0,0,0,1
353,371,2,1,1,4,4,4,0,0,0,1
353,323,2,1,1,4,1,4,0,3,0,0
353,291,2,1,0,4,1,1,0,0,1,0
353,483,2,1,1,4,4,4,0,0,0,1
353,99,2,1,1,4,4,4,0,0,0,1
353,365,2,1,1,4,4,4,0,0,0,1
353,373,2,1,1,4,4,4,0,0,0,1
353,325,2,1,1,4,1,4,0,3,0,0
353,293,2,1,0,4,1,1,0,0,1,0
353,485,2,1,1,4,4,4,0,0,0,1
353,101,2,1,1,4,4,4,0,0,0,1
353,377,2,1,1,4,4,4,0,0,0,1
353,329,2,1,0,4,1,2,0,1,1,0
353,297,2,1,1,4,1,4,0,3,0,0
353,489,2,1,1,4,4,4,0,0,0,1
353,105,2,1,1,4,4,4,0,0,0,1
353,337,2,1,1,4,1,4,0,3,0,0
353,305,2,1,1,4,1,4,0,3,0,0
353,497,2,1,1,4,4,4,0,0,0,1
353,113,2,1,1,4,4,4,0,0,0,1
353,257,2,1,0,4,0,0,0,0,1,0
353,449,2,1,0,4,1,2,0,1,1,0
353,65,2,1,0,4,1,1,0,0,1,0
353,417,2,1,1,4,1,4,0,3,0,0
353,33,2,1,0,4,1,1,0,0,1,0
353,225,2,1,1,4,4,4,0,0,0,1
354,354,0,1,1,3,3,3,0,0,0,1
354,355,1,1,1,3,3,3,0,0,0,1
354,352,1,1,0,3,1,1,0,0,1,0
354,358,1,1,1,3,3,3,0,0,0,1
354,362,1,1,1,3,3,3,0,0,0,1
354,370,1,1,1,3,3,3,0,0,0,1
354,322,1,1,1,3,1,3,0,2,0,0
354,290,1,1,0,3,0,0,0,0,1,0
354,482,1,1,1,3,3,3,0,0,0,1
354,98,1,1,1,3,3,3,0,0,0,1
354,353,2,1,1,3,1,3,0,2,0,0
354,359,2,1,1,3,3,3,0,0,0,1
354,363,2,1,1,3,3,3,0,0,0,1
354,371,2,1,1,3,3,3,0,0,0,1
354,323,2,1,1,3,1,3,0,2,0,0
354,291,2,1,0,3,0,0,0,0,1,0
354,483,2,1,1,3,3,3,0,0,0,1
354,99,2,1,1,3,3,3,0,0,0,1
354,356,2,1,0,3,1,1,0,0,1,0
354,360,2,1,1,3,1,3,0,2,0,0
354,368,2,1,1,3,1,3,0,2,0,0
354,320,2,1,0,3,0,1,0,1,1,0
354,288,2,1,0,3,0,0,0,0,1,0
354,480,2,1,0,3,1,1,0,0,1,0
354,96,2,1,0,3,1,1,0,0,1,0
354,366,2,1,1,3,3,3,0,0,0,1
354,374,2,1,1,3,3,3,0,0,0,1
354,326,2,1,1,3,1,3,0,2,0,0
354,294,2,1,0,3,0,0,0,0,1,0
354,486,2,1,1,3,3,3,0,0,0,1
354,102,2,1,1,3,3,3,0,0,0,1
354,378,2,1,1,3,3,3,0,0,0,1
354,330,2,1,1,3,1,3,0,2,0,0
354,298,2,1,1,3,0,3,0,3,0,0
354,490,2,1,1,3,3,3,0,0,0,1
354,106,2,1,1,3,3,3,0,0,0,1
354,338,2,1,1,3,1,3,0,2,0,0
354,306,2,1,1,3,0,3,0,3,0,0
354,498,2,1,1,3,3,3,0,0,0,1
354,114,2,1,1,3,3,3,0,0,0,1
354,258,2,1,0,3,0,0,0,0,1,0
354,450,2,1,1,3,1,3,0,2,0,0
354,66,2,1,0,3,1,1,0,0,1,0
354,418,2,1,1,3,0,3,0,3,0,0
354,34,2,1,0,3,0,0,0,0,1,0
354,226,2,1,1,3,3,3,0,0,0,1
355,355,0,1,1,3,3,3,0,0,0,1
355,354,1,1,1,3,1,3,0,2,0,1
355,353,1,1,1,3,3,3,0,0,0,0
355,359,1,1,1,3,3,3,0,0,0,1
355,363,1,1,1,3,3,3,0,0,0,1
355,371,1,1,1,3,3,3,0,0,0,1
355,323,1,1,1,3,1,3,0,2,0,0
355,291,1,1,0,3,0,0,0,0,1,0
355,483,1,1,1,3,3,3,0,0,0,1
355,99,1,1,1,3,3,3,0,0,0,1
355,352,2,1,0,3,1,1,0,0,1,0
355,358,2,1,1,3,1,3,0,2,0,1
355,362,2,1,1,3,1,3,0,2,0,1
355,370,2,1,1,3,1,3,0,2,0,1
355,322,2,1,1,3,0,3,0,3,0,0
355,290,2,1,0,3,0,0,0,0,1,0
355,482,2,1,1,3,1,3,0,2,0,1
355,98,2,1,1,3,1,3,0,2,0,1
355,357,2,1,1,3,3,3,0,0,0,0
355,361,2,1,1,3,3,3,0,0,0,0
355,369,2,1,1,3,3,3,0,0,0,0
355,321,2,1,0,3,1,2,0,1,1,0
355,289,2,1,0,3,0,0,0,0,1,0
355,481,2,1,1,3,3,3,0,0,0,0
355,97,2,1,1,3,3,3,0,0,0,0
355,367,2,1,1,3,3,3,0,0,0,1
355,375,2,1,1,3,3,3,0,0,0,1
355,327,2,1,1,3,1,3,0,2,0,0
355,295,2,1,0,3,0,0,0,0,1,0
355,487,2,1,1,3,3,3,0,0,0,1
355,103,2,1,1,3,3,3,0,0,0,1
355,379,2,1,1,3,3,3,0,0,0,1
355,331,2,1,1,3,1,3,0,2,0,0
355,299,2,1,1,3,0,3,0,3,0,0
355,491,2,1,1,3,3,3,0,0,0,1
355,107,2,1,1,3,3,3,0,0,0,1
355,339,2,1,1,3,1,3,0,2,0,0
355,307,2,1,1,3,0,3,0,3,0,0
355,499,2,1,1,3,3,3,0,0,0,1
355,115,2,1,1,3,3,3,0,0,0,1
355,259,2,1,0,3,0,0,0,0,1,0
355,451,2,1,1,3,1,3,0,2,0,0
355,67,2,1,0,3,1,1,0,0,1,0
355,419,2,1,1,3,0,3,0,3,0,0
355,35,2,1,0,3,0,0,0,0,1,0
355,227,2,1,1,3,3,3,0,0,0,1
356,356,0,0,0,1,1,1,0,0,0,0
356,357,1,0,1,1,1,1,0,0,0,0
356,358,1,0,1,1,1,1,0,0,0,0
356,352,1,0,0,1,1,1,0,0,0,0
356,364,1,0,1,1,1,1,0,0,0,0
356,372,1,0,1,1,1,1,0,0,0,0
356,324,1,0,0,1,0,1,0,1,0,0
356,292,1,0,0,1,0,0,0,0,0,0
356,484,1,0,0,1,1,1,0,0,0,0
356,100,1,0,0,1,1,1,0,0,0,0
356,359,2,0,1,1,1,1,0,0,0,0
356,353,2,0,1,1,1,1,0,0,0,0
356,365,2,0,1,1,1,1,0,0,0,0
356,373,2,0,1,1,1,1,0,0,0,0
356,325,2,0,1,1,0,1,0,1,0,0
356,293,2,0,0,1,0,0,0,0,0,0
356,485,2,0,1,1,1,1,0,0,0,0
356,101,2,0,1,1,1,1,0,0,0,0
356,354,2,0,1,1,1,1,0,0,0,0
356,366,2,0,1,1,1,1,0,0,0,0
356,374,2,0,1,1,1,1,0,0,0,0
356,326,2,0,1,1,0,1,0,1,0,0
356,294,2,0,0,1,0,0,0,0,0,0
356,486,2,0,1,1,1,1,0,0,0,0
356,102,2,0,1,1,1,1,0,0,0,0
356,360,2,0,1,1,1,1,0,0,0,0
356,368,2,0,1,1,1,1,0,0,0,0
356,320,2,0,0,1,0,1,0,1,0,0
356,288,2,0,0,1,0,0,0,0,0,0
356,480,2,0,0,1,1,1,0,0,0,0
356,96,2,0,0,1,1,1,0,0,0,0
356,380,2,0,1,1,1,1,0,0,0,0
356,332,2,0,1,1,0,1,0,1,0,0
356,300,2,0,1,1,0,1,0,1,0,0
356,492,2,0,1,1,1,1,0,0,0,0
356,108,2,0,1,1,1,1,0,0,0,0
356,340,2,0,1,1,0,1,0,1,0,0
356,308,2,0,1,1,0,1,0,1,0,0
356,500,2,0,1,1,1,1,0,0,0,0
356,116,2,0,1,1,1,1,0,0,0,0
356,260,2,0,0,1,0,0,0,0,0,0
356,452,2,0,0,1,0,1,0,1,0,0
356,68,2,0,0,1,0,0,0,0,0,0
356,420,2,0,0,1,0,1,0,1,0,0
356,36,2,0,0,1,0,0,0,0,0,0
356,228,2,0,0,1,1,1,0,0,0,0
357,357,0,1,1,4,4,4,0,0,0,1
357,356,1,1,0,4,1,1,0,0,1,0
357,359,1,1,1,4,4,4,0,0,0,1
357,353,1,1,1,4,3,4,0,1,0,0
357,365,1,1,1,4,4,4,0,0,0,1
357,373,1,1,1,4,4,4,0,0,0,1
357,325,1,1,1,4,2,4,0,2,0,0
357,293,1,1,0,4,1,1,0,0,1,0
357,485,1,1,1,4,4,4,0,0,0,1
357,101,1,1,1,4,4,4,0,0,0,1
357,358,2,1,1,4,1,4,0,3,0,0
357,352,2,1,0,4,1,1,0,0,1,0
357,364,2,1,1,4,1,4,0,3,0,0
357,372,2,1,1,4,1,4,0,3,0,0
357,324,2,1,0,4,0,1,0,1,1,0
357,292,2,1,0,4,0,0,0,0,1,0
357,484,2,1,0,4,1,1,0,0,1,0
357,100,2,1,0,4,1,1,0,0,1,0
357,355,2,1,1,4,3,4,0,1,0,0
357,367,2,1,1,4,4,4,0,0,0,1
357,375,2,1,1,4,4,4,0,0,0,1
357,327,2,1,1,4,2,4,0,2,0,0
357,295,2,1,0,4,1,1,0,0,1,0
357,487,2,1,1,4,4,4,0,0,0,1
357,103,2,1,1,4,4,4,0,0,0,1
357,361,2,1,1,4,3,4,0,1,0,0
357,369,2,1,1,4,3,4,0,1,0,0
357,321,2,1,0,4,1,2,0,1,1,0
357,289,2,1,0,4,0,1,0,1,1,0
357,481,2,1,1,4,3,4,0,1,0,0
357,97,2,1,1,4,3,4,0,1,0,0
357,381,2,1,1,4,4,4,0,0,0,1
357,333,2,1,1,4,2,4,0,2,0,0
357,301,2,1,1,4,1,4,0,3,0,0
357,493,2,1,1,4,4,4,0,0,0,1
357,109,2,1,1,4,4,4,0,0,0,1
357,341,2,1,1,4,2,4,0,2,0,0
357,309,2,1,1,4,1,4,0,3,0,0
357,501,2,1,1,4,4,4,0,0,0,1
357,117,2,1,1,4,4,4,0,0,0,1
357,261,2,1,0,4,1,1,0,0,1,0
357,453,2,1,1,4,2,4,0,2,0,0
357,69,2,1,0,4,2,2,0,0,1,0
357,421,2,1,1,4,1,4,0,3,0,0
357,37,2,1,0,4,1,1,0,0,1,0
357,229,2,1,1,4,4,4,0,0,0,1
358,358,0,1,1,3,3,3,0,0,0,1
358,359,1,1,1,3,3,3,0,0,0,1
358,356,1,1,0,3,1,1,0,0,1,0
358,354,1,1,1,3,3,3,0,0,0,1
358,366,1,1,1,3,3,3,0,0,0,1
358,374,1,1,1,3,3,3,0,0,0,1
358,326,1,1,1,3,1,3,0,2,0,0
358,294,1,1,0,3,0,0,0,0,1,0
358,486,1,1,1,3,3,3,0,0,0,1
358,102,1,1,1,3,3,3,0,0,0,1
358,357,2,1,1,3,1,3,0,2,0,0
358,355,2,1,1,3,3,3,0,0,0,1
358,367,2,1,1,3,3,3,0,0,0,1
358,375,2,1,1,3,3,3,0,0,0,1
358,327,2,1,1,3,1,3,0,2,0,0
358,295,2,1,0,3,0,0,0,0,1,0
358,487,2,1,1,3,3,3,0,0,0,1
358,103,2,1,1,3,3,3,0,0,0,1
358,352,2,1,0,3,1,1,0,0,1,0
358,364,2,1,1,3,1,3,0,2,0,0
358,372,2,1,1,3,1,3,0,2,0,0
358,324,2,1,0,3,0,1,0,1,1,0
358,292,2,1,0,3,0,0,0,0,1,0
358,484,2,1,0,3,1,1,0,0,1,0
358,100,2,1,0,3,1,1,0,0,1,0
358,362,2,1,1,3,3,3,0,0,0,1
358,370,2,1,1,3,3,3,0,0,0,1
358,322,2,1,1,3,1,3,0,2,0,0
358,290,2,1,0,3,0,0,0,0,1,0
358,482,2,1,1,3,3,3,0,0,0,1
358,98,2,1,1,3,3,3,0,0,0,1
358,382,2,1,1,3,3,3,0,0,0,1
358,334,2,1,1,3,1,3,0,2,0,0
358,302,2,1,1,3,0,3,0,3,0,0
358,494,2,1,1,3,3,3,0,0,0,1
358,110,2,1,1,3,3,3,0,0,0,1
358,342,2,1,1,3,1,3,0,2,0,0
358,310,2,1,1,3,0,3,0,3,0,0
358,502,2,1,1,3,3,3,0,0,0,1
358,118,2,1,1,3,3,3,0,0,0,1
358,262,2,1,0,3,0,0,0,0,1,0
358,454,2,1,1,3,1,3,0,2,0,0
358,70,2,1,0,3,1,1,0,0,1,0
358,422,2,1,1,3,0,3,0,3,0,0
358,38,2,1,0,3,0,0,0,0,1,0
358,230,2,1,1,3,3,3,0,0,0,1
359,359,0,1,1,3,3,3,0,0,0,1
359,358,1,1,1,3,1,3,0,2,0,1
359,357,1,1,1,3,3,3,0,0,0,0
359,355,1,1,1,3,3,3,0,0,0,1
359,367,1,1,1,3,3,3,0,0,0,1
359,375,1,1,1,3,3,3,0,0,0,1
359,327,1,1,1,3,1,3,0,2,0,0
359,295,1,1,0,3,0,0,0,0,1,0
359,487,1,1,1,3,3,3,0,0,0,1
359,103,1,1,1,3,3,3,0,0,0,1
359,356,2,1,0,3,1,1,0,0,1,0
359,354,2,1,1,3,1,3,0,2,0,1
359,366,2,1,1,3,1,3,0,2,0,1
359,374,2,1,1,3,1,3,0,2,0,1
359,326,2,1,1,3,0,3,0,3,0,0
359,294,2,1,0,3,0,0,0,0,1,0
359,486,2,1,1,3,1,3,0,2,0,1
359,102,2,1,1,3,1,3,0,2,0,1
359,353,2,1,1,3,3,3,0,0,0,0
359,365,2,1,1,3,3,3,0,0,0,0
359,373,2,1,1,3,3,3,0,0,0,0
359,325,2,1,1,3,1,3,0,2,0,0
359,293,2,1,0,3,0,0,0,0,1,0
359,485,2,1,1,3,3,3,0,0,0,0
359,101,2,1,1,3,3,3,0,0,0,0
359,363,2,1,1,3,3,3,0,0,0,1
359,371,2,1,1,3,3,3,0,0,0,1
359,323,2,1,1,3,1,3,0,2,0,0
359,291,2,1,0,3,0,0,0,0,1,0
359,483,2,1,1,3,3,3,0,0,0,1
359,99,2,1,1,3,3,3,0,0,0,1
359,383,2,1,1,3,3,3,0,0,0,1
359,335,2,1,1,3,1,3,0,2,0,0
359,303,2,1,1,3,0,3,0,3,0,0
359,495,2,1,1,3,3,3,0,0,0,1
359,111,2,1,1,3,3,3,0,0,0,1
359,343,2,1,1,3,1,3,0,2,0,0
359,311,2,1,1,3,0,3,0,3,0,0
359,503,2,1,1,3,3,3,0,0,0,1
359,119,2,1,1,3,3,3,0,0,0,1
359,263,2,1,0,3,0,0,0,0,1,0
359,455,2,1,1,3,1,3,0,2,0,0
359,71,2,1,0,3,1,1,0,0,1,0
359,423,2,1,1,3,0,3,0,3,0,0
359,39,2,1,0,3,0,0,0,0,1,0
359,231,2,1,1,3,3,3,0,0,0,1
360,360,0,1,1,2,2,2,0,0,0,1
360,361,1,1,1,2,2,2,0,0,0,1
360,362,1,1,1,2,2,2,0,0,0,1
360,364,1,1,1,2,2,2,0,0,0,1
360,352,1,1,0,2,1,1,0,0,1,0
360,376,1,1,1,2,2,2,0,0,0,1
360,328,1,1,0,2,0,1,0,1,1,0
360,296,1,1,1,2,1,2,0,1,0,1
360,488,1,1,1,2,2,2,0,0,0,1
360,104,1,1,1,2,2,2,0,0,0,1
360,363,2,1,1,2,2,2,0,0,0,1
360,365,2,1,1,2,2,2,0,0,0,1
360,353,2,1,1,2,1,2,0,1,0,0
360,377,2,1,1,2,2,2,0,0,0,1
360,329,2,1,0,2,0,1,0,1,1,0
360,297,2,1,1,2,1,2,0,1,0,1
360,489,2,1,1,2,2,2,0,0,0,1
360,105,2,1,1,2,2,2,0,0,0,1
360,366,2,1,1,2,2,2,0,0,0,1
360,354,2,1,1,2,1,2,0,1,0,0
360,378,2,1,1,2,2,2,0,0,0,1
360,330,2,1,1,2,0,2,0,2,0,0
360,298,2,1,1,2,1,2,0,1,0,1
360,490,2,1,1,2,2,2,0,0,0,1
360,106,2,1,1,2,2,2,0,0,0,1
360,356,2,1,0,2,1,1,0,0,1,0
360,380,2,1,1,2,2,2,0,0,0,1
360,332,2,1,1,2,0,2,0,2,0,0
360,300,2,1,1,2,1,2,0,1,0,1
360,492,2,1,1,2,2,2,0,0,0,1
360,108,2,1,1,2,2,2,0,0,0,1
360,368,2,1,1,2,1,2,0,1,0,0
360,320,2,1,0,2,0,1,0,1,1,0
360,288,2,1,0,2,0,0,0,0,1,0
360,480,2,1,0,2,1,1,0,0,1,0
360,96,2,1,0,2,1,1,0,0,1,0
360,344,2,1,1,2,0,2,0,2,0,0
360,312,2,1,1,2,1,2,0,1,0,1
360,504,2,1,1,2,2,2,0,0,0,1
360,120,2,1,1,2,2,2,0,0,0,1
360,264,2,1,0,2,0,1,0,1,1,0
360,456,2,1,0,2,0,1,0,1,1,0
360,72,2,1,0,2,0,0,0,0,1,0
360,424,2,1,1,2,1,2,0,1,0,1
360,40,2,1,1,2,1,2,0,1,0,1
360,232,2,1,1,2,2,2,0,0,0,1
361,361,0,1,1,3,3,3,0,0,0,1
361,360,1,1,1,3,2,3,0,1,0,1
361,363,1,1,1,3,3,3,0,0,0,1
361,365,1,1,1,3,3,3,0,0,0,1
361,353,1,1,1,3,2,3,0,1,0,0
361,377,1,1,1,3,3,3,0,0,0,1
361,329,1,1,0,3,0,1,0,1,1,0
361,297,1,1,1,3,2,3,0,1,0,1
361,489,1,1,1,3,3,3,0,0,0,1
361,105,1,1,1,3,3,3,0,0,0,1
361,362,2,1,1,3,2,3,0,1,0,1
361,364,2,1,1,3,2,3,0,1,0,1
361,352,2,1,0,3,1,1,0,0,1,0
361,376,2,1,1,3,2,3,0,1,0,1
361,328,2,1,0,3,0,1,0,1,1,0
361,296,2,1,1,3,1,3,0,2,0,1
361,488,2,1,1,3,2,3,0,1,0,1
361,104,2,1,1,3,2,3,0,1,0,1
361,367,2,1,1,3,3,3,0,0,0,1
361,355,2,1,1,3,2,3,0,1,0,0
361,379,2,1,1,3,3,3,0,0,0,1
361,331,2,1,1,3,0,3,0,3,0,0
361,299,2,1,1,3,2,3,0,1,0,1
361,491,2,1,1,3,3,3,0,0,0,1
361,107,2,1,1,3,3,3,0,0,0,1
361,357,2,1,1,3,2,3,0,1,0,0
361,381,2,1,1,3,3,3,0,0,0,1
361,333,2,1,1,3,0,3,0,3,0,0
361,301,2,1,1,3,2,3,0,1,0,1
361,493,2,1,1,3,3,3,0,0,0,1
361,109,2,1,1,3,3,3,0,0,0,1
361,369,2,1,1,3,2,3,0,1,0,0
361,321,2,1,0,3,0,1,0,1,1,0
361,289,2,1,0,3,1,1,0,0,1,0
361,481,2,1,1,3,2,3,0,1,0,0
361,97,2,1,1,3,2,3,0,1,0,0
361,345,2,1,1,3,0,3,0,3,0,0
361,313,2,1,1,3,2,3,0,1,0,1
361,505,2,1,1,3,3,3,0,0,0,1
361,121,2,1,1,3,3,3,0,0,0,1
361,265,2,1,0,3,0,1,0,1,1,0
361,457,2,1,0,3,0,1,0,1,1,0
361,73,2,1,0,3,0,0,0,0,1,0
361,425,2,1,1,3,2,3,0,1,0,1
361,41,2,1,1,3,2,3,0,1,0,1
361,233,2,1,1,3,3,3,0,0,0,1
362,362,0,1,1,2,2,2,0,0,0,1
362,363,1,1,1,2,2,2,0,0,0,1
362,360,1,1,1,2,2,2,0,0,0,1
362,366,1,1,1,2,2,2,0,0,0,1
362,354,1,1,1,2,1,2,0,1,0,0
362,378,1,1,1,2,2,2,0,0,0,1
362,330,1,1,1,2,0,2,0,2,0,0
362,298,1,1,1,2,1,2,0,1,0,1
362,490,1,1,1,2,2,2,0,0,0,1
362,106,1,1,1,2,2,2,0,0,0,1
362,361,2,1,1,2,2,2,0,0,0,1
362,367,2,1,1,2,2,2,0,0,0,1
362,355,2,1,1,2,1,2,0,1,0,0
362,379,2,1,1,2,2,2,0,0,0,1
362,331,2,1,1,2,0,2,0,2,0,0
362,299,2,1,1,2,1,2,0,1,0,1
362,491,2,1,1,2,2,2,0,0,0,1
362,107,2,1,1,2,2,2,0,0,0,1
362,364,2,1,1,2,2,2,0,0,0,1
362,352,2,1,0,2,1,1,0,0,1,0
362,376,2,1,1,2,2,2,0,0,0,1
362,328,2,1,0,2,0,1,0,1,1,0
362,296,2,1,1,2,1,2,0,1,0,1
362,488,2,1,1,2,2,2,0,0,0,1
362,104,2,1,1,2,2,2,0,0,0,1
362,358,2,1,1,2,1,2,0,1,0,0
362,382,2,1,1,2,2,2,0,0,0,1
362,334,2,1,1,2,0,2,0,2,0,0
362,302,2,1,1,2,1,2,0,1,0,1
362,494,2,1,1,2,2,2,0,0,0,1
362,110,2,1,1,2,2,2,0,0,0,1
362,370,2,1,1,2,1,2,0,1,0,0
362,322,2,1,1,2,0,2,0,2,0,0
362,290,2,1,0,2,0,0,0,0,1,0
362,482,2,1,1,2,1,2,0,1,0,0
362,98,2,1,1,2,1,2,0,1,0,0
362,346,2,1,1,2,0,2,0,2,0,0
362,314,2,1,1,2,1,2,0,1,0,1
362,506,2,1,1,2,2,2,0,0,0,1
362,122,2,1,1,2,2,2,0,0,0,1
362,266,2,1,1,2,0,2,0,2,0,0
362,458,2,1,1,2,0,2,0,2,0,0
362,74,2,1,0,2,0,0,0,0,1,0
362,426,2,1,1,2,1,2,0,1,0,1
362,42,2,1,1,2,1,2,0,1,0,1
362,234,2,1,1,2,2,2,0,0,0,1
363,363,0,1,1,2,2,2,0,0,0,1
363,362,1,1,1,2,2,2,0,0,0,1
363,361,1,1,1,2,2,2,0,0,0,1
363,367,1,1,1,2,2,2,0,0,0,1
363,355,1,1,1,2,1,2,0,1,0,0
363,379,1,1,1,2,2,2,0,0,0,1
363,331,1,1,1,2,0,2,0,2,0,0
363,299,1,1,1,2,1,2,0,1,0,1
363,491,1,1,1,2,2,2,0,0,0,1
363,107,1,1,1,2,2,2,0,0,0,1
363,360,2,1,1,2,2,2,0,0,0,1
363,366,2,1,1,2,2,2,0,0,0,1
363,354,2,1,1,2,1,2,0,1,0,0
363,378,2,1,1,2,2,2,0,0,0,1
363,330,2,1,1,2,0,2,0,2,0,0
363,298,2,1,1,2,1,2,0,1,0,1
363,490,2,1,1,2,2,2,0,0,0,1
363,106,2,1,1,2,2,2,0,0,0,1
363,365,2,1,1,2,2,2,0,0,0,1
363,353,2,1,1,2,1,2,0,1,0,0
363,377,2,1,1,2,2,2,0,0,0,1
363,329,2,1,0,2,0,1,0,1,1,0
363,297,2,1,1,2,1,2,0,1,0,1
363,489,2,1,1,2,2,2,0,0,0,1
363,105,2,1,1,2,2,2,0,0,0,1
363,359,2,1,1,2,1,2,0,1,0,0
363,383,2,1,1,2,2,2,0,0,0,1
363,335,2,1,1,2,0,2,0,2,0,0
363,303,2,1,1,2,1,2,0,1,0,1
363,495,2,1,1,2,2,2,0,0,0,1
363,111,2,1,1,2,2,2,0,0,0,1
363,371,2,1,1,2,1,2,0,1,0,0
363,323,2,1,1,2,0,2,0,2,0,0
363,291,2,1,0,2,0,0,0,0,1,0
363,483,2,1,1,2,1,2,0,1,0,0
363,99,2,1,1,2,1,2,0,1,0,0
363,347,2,1,1,2,0,2,0,2,0,0
363,315,2,1,1,2,1,2,0,1,0,1
363,507,2,1,1,2,2,2,0,0,0,1
363,123,2,1,1,2,2,2,0,0,0,1
363,267,2,1,1,2,0,2,0,2,0,0
363,459,2,1,1,2,0,2,0,2,0,0
363,75,2,1,0,2,0,0,0,0,1,0
363,427,2,1,1,2,1,2,0,1,0,1
363,43,2,1,1,2,1,2,0,1,0,1
363,235,2,1,1,2,2,2,0,0,0,1
364,364,0,1,1,3,3,3,0,0,0,1
364,365,1,1,1,3,3,3,0,0,0,1
364,366,1,1,1,3,3,3,0,0,0,1
364,360,1,1,1,3,2,3,0,1,0,1
364,356,1,1,0,3,1,1,0,0,1,0
364,380,1,1,1,3,3,3,0,0,0,1
364,332,1,1,1,3,1,3,0,2,0,0
364,300,1,1,1,3,2,3,0,1,0,1
364,492,1,1,1,3,3,3,0,0,0,1
364,108,1,1,1,3,3,3,0,0,0,1
364,367,2,1,1,3,3,3,0,0,0,1
364,361,2,1,1,3,2,3,0,1,0,1
364,357,2,1,1,3,1,3,0,2,0,0
364,381,2,1,1,3,3,3,0,0,0,1
364,333,2,1,1,3,1,3,0,2,0,0
364,301,2,1,1,3,2,3,0,1,0,1
364,493,2,1,1,3,3,3,0,0,0,1
364,109,2,1,1,3,3,3,0,0,0,1
364,362,2,1,1,3,2,3,0,1,0,1
364,358,2,1,1,3,1,3,0,2,0,0
364,382,2,1,1,3,3,3,0,0,0,1
364,334,2,1,1,3,1,3,0,2,0,0
364,302,2,1,1,3,2,3,0,1,0,1
364,494,2,1,1,3,3,3,0,0,0,1
364,110,2,1,1,3,3,3,0,0,0,1
364,352,2,1,0,3,1,1,0,0,1,0
364,376,2,1,1,3,2,3,0,1,0,1
364,328,2,1,0,3,0,1,0,1,1,0
364,296,2,1,1,3,1,3,0,2,0,1
364,488,2,1,1,3,2,3,0,1,0,1
364,104,2,1,1,3,2,3,0,1,0,1
364,372,2,1,1,3,1,3,0,2,0,0
364,324,2,1,0,3,0,1,0,1,1,0
364,292,2,1,0,3,0,0,0,0,1,0
364,484,2,1,0,3,1,1,0,0,1,0
364,100,2,1,0,3,1,1,0,0,1,0
364,348,2,1,1,3,1,3,0,2,0,0
364,316,2,1,1,3,2,3,0,1,0,1
364,508,2,1,1,3,3,3,0,0,0,1
364,124,2,1,1,3,3,3,0,0,0,1
364,268,2,1,1,3,1,3,0,2,0,0
364,460,2,1,1,3,1,3,0,2,0,0
364,76,2,1,0,3,1,1,0,0,1,0
364,428,2,1,1,3,2,3,0,1,0,1
364,44,2,1,1,3,2,3,0,1,0,1
364,236,2,1,1,3,3,3,0,0,0,1
365,365,0,1,1,3,3,3,0,0,0,1
365,364,1,1,1,3,2,3,0,1,0,1
365,367,1,1,1,3,3,3,0,0,0,1
365,361,1,1,1,3,2,3,0,1,0,1
365,357,1,1,1,3,2,3,0,1,0,0
365,381,1,1,1,3,3,3,0,0,0,1
365,333,1,1,1,3,1,3,0,2,0,0
365,301,1,1,1,3,2,3,0,1,0,1
365,493,1,1,1,3,3,3,0,0,0,1
365,109,1,1,1,3,3,3,0,0,0,1
365,366,2,1,1,3,2,3,0,1,0,1
365,360,2,1,1,3,2,3,0,1,0,1
365,356,2,1,0,3,1,1,0,0,1,0
365,380,2,1,1,3,2,3,0,1,0,1
365,332,2,1,1,3,0,3,0,3,0,0
365,300,2,1,1,3,1,3,0,2,0,1
365,492,2,1,1,3,2,3,0,1,0,1
365,108,2,1,1,3,2,3,0,1,0,1
365,363,2,1,1,3,2,3,0,1,0,1
365,359,2,1,1,3,2,3,0,1,0,0
365,383,2,1,1,3,3,3,0,0,0,1
365,335,2,1,1,3,1,3,0,2,0,0
365,303,2,1,1,3,2,3,0,1,0,1
365,495,2,1,1,3,3,3,0,0,0,1
365,111,2,1,1,3,3,3,0,0,0,1
365,353,2,1,1,3,1,3,0,2,0,0
365,377,2,1,1,3,2,3,0,1,0,1
365,329,2,1,0,3,0,1,0,1,1,0
365,297,2,1,1,3,1,3,0,2,0,1
365,489,2,1,1,3,2,3,0,1,0,1
365,105,2,1,1,3,2,3,0,1,0,1
365,373,2,1,1,3,2,3,0,1,0,0
365,325,2,1,1,3,1,3,0,2,0,0
365,293,2,1,0,3,1,1,0,0,1,0
365,485,2,1,1,3,2,3,0,1,0,0
365,101,2,1,1,3,2,3,0,1,0,0
365,349,2,1,1,3,1,3,0,2,0,0
365,317,2,1,1,3,2,3,0,1,0,1
365,509,2,1,1,3,3,3,0,0,0,1
365,125,2,1,1,3,3,3,0,0,0,1
365,269,2,1,1,3,1,3,0,2,0,0
365,461,2,1,1,3,1,3,0,2,0,0
365,77,2,1,0,3,1,1,0,0,1,0
365,429,2,1,1,3,2,3,0,1,0,1
365,45,2,1,1,3,2,3,0,1,0,1
365,237,2,1,1,3,3,3,0,0,0,1
366,366,0,1,1,2,2,2,0,0,0,1
366,367,1,1,1,2,2,2,0,0,0,1
366,364,1,1,1,2,2,2,0,0,0,1
366,362,1,1,1,2,2,2,0,0,0,1
366,358,1,1,1,2,1,2,0,1,0,0
366,382,1,1,1,2,2,2,0,0,0,1
366,334,1,1,1,2,0,2,0,2,0,0
366,302,1,1,1,2,1,2,0,1,0,1
366,494,1,1,1,2,2,2,0,0,0,1
366,110,1,1,1,2,2,2,0,0,0,1
366,365,2,1,1,2,2,2,0,0,0,1
366,363,2,1,1,2,2,2,0,0,0,1
366,359,2,1,1,2,1,2,0,1,0,0
366,383,2,1,1,2,2,2,0,0,0,1
366,335,2,1,1,2,0,2,0,2,0,0
366,303,2,1,1,2,1,2,0,1,0,1
366,495,2,1,1,2,2,2,0,0,0,1
366,111,2,1,1,2,2,2,0,0,0,1
366,360,2,1,1,2,2,2,0,0,0,1
366,356,2,1,0,2,1,1,0,0,1,0
366,380,2,1,1,2,2,2,0,0,0,1
366,332,2,1,1,2,0,2,0,2,0,0
366,300,2,1,1,2,1,2,0,1,0,1
366,492,2,1,1,2,2,2,0,0,0,1
366,108,2,1,1,2,2,2,0,0,0,1
366,354,2,1,1,2,1,2,0,1,0,0
366,378,2,1,1,2,2,2,0,0,0,1
366,330,2,1,1,2,0,2,0,2,0,0
366,298,2,1,1,2,1,2,0,1,0,1
366,490,2,1,1,2,2,2,0,0,0,1
366,106,2,1,1,2,2,2,0,0,0,1
366,374,2,1,1,2,1,2,0,1,0,0
366,326,2,1,1,2,0,2,0,2,0,0
366,294,2,1,0,2,0,0,0,0,1,0
366,486,2,1,1,2,1,2,0,1,0,0
366,102,2,1,1,2,1,2,0,1,0,0
366,350,2,1,1,2,0,2,0,2,0,0
366,318,2,1,1,2,1,2,0,1,0,1
366,510,2,1,1,2,2,2,0,0,0,1
366,126,2,1,1,2,2,2,0,0,0,1
366,270,2,1,1,2,0,2,0,2,0,0
366,462,2,1,1,2,0,2,0,2,0,0
366,78,2,1,0,2,0,0,0,0,1,0
366,430,2,1,1,2,1,2,0,1,0,1
366,46,2,1,1,2,1,2,0,1,0,1
366,238,2,1,1,2,2,2,0,0,0,1
367,367,0,1,1,2,2,2,0,0,0,1
367,366,1,1,1,2,2,2,0,0,0,1
367,365,1,1,1,2,2,2,0,0,0,1
367,363,1,1,1,2,2,2,0,0,0,1
367,359,1,1,1,2,1,2,0,1,0,0
367,383,1,1,1,2,2,2,0,0,0,1
367,335,1,1,1,2,0,2,0,2,0,0
367,303,1,1,1,2,1,2,0,1,0,1
367,495,1,1,1,2,2,2,0,0,0,1
367,111,1,1,1,2,2,2,0,0,0,1
367,364,2,1,1,2,2,2,0,0,0,1
367,362,2,1,1,2,2,2,0,0,0,1
367,358,2,1,1,2,1,2,0,1,0,0
367,382,2,1,1,2,2,2,0,0,0,1
367,334,2,1,1,2,0,2,0,2,0,0
367,302,2,1,1,2,1,2,0,1,0,1
367,494,2,1,1,2,2,2,0,0,0,1
367,110,2,1,1,2,2,2,0,0,0,1
367,361,2,1,1,2,2,2,0,0,0,1
367,357,2,1,1,2,1,2,0,1,0,0
367,381,2,1,1,2,2,2,0,0,0,1
367,333,2,1,1,2,0,2,0,2,0,0
367,301,2,1,1,2,1,2,0,1,0,1
367,493,2,1,1,2,2,2,0,0,0,1
367,109,2,1,1,2,2,2,0,0,0,1
367,355,2,1,1,2,1,2,0,1,0,0
367,379,2,1,1,2,2,2,0,0,0,1
367,331,2,1,1,2,0,2,0,2,0,0
367,299,2,1,1,2,1,2,0,1,0,1
367,491,2,1,1,2,2,2,0,0,0,1
367,107,2,1,1,2,2,2,0,0,0,1
367,375,2,1,1,2,1,2,0,1,0,0
367,327,2,1,1,2,0,2,0,2,0,0
367,295,2,1,0,2,0,0,0,0,1,0
367,487,2,1,1,2,1,2,0,1,0,0
367,103,2,1,1,2,1,2,0,1,0,0
367,351,2,1,1,2,0,2,0,2,0,0
367,319,2,1,1,2,1,2,0,1,0,1
367,511,2,1,1,2,2,2,0,0,0,1
367,127,2,1,1,2,2,2,0,0,0,1
367,271,2,1,1,2,0,2,0,2,0,0
367,463,2,1,1,2,0,2,0,2,0,0
367,79,2,1,0,2,0,0,0,0,1,0
367,431,2,1,1,2,1,2,0,1,0,1
367,47,2,1,1,2,1,2,0,1,0,1
367,239,2,1,1,2,2,2,0,0,0,1
368,368,0,1,1,1,1,1,0,0,0,1
368,369,1,1,1,1,1,1,0,0,0,1
368,370,1,1,1,1,1,1,0,0,0,1
368,372,1,1,1,1,1,1,0,0,0,1
368,376,1,1,1,1,1,1,0,0,0,1
368,352,1,1,0,1,1,1,0,0,1,0
368,336,1,1,1,1,0,1,0,1,0,1
368,304,1,1,1,1,0,1,0,1,0,1
368,496,1,1,1,1,1,1,0,0,0,1
368,112,1,1,1,1,1,1,0,0,0,1
368,371,2,1,1,1,1,1,0,0,0,1
368,373,2,1,1,1,1,1,0,0,0,1
368,377,2,1,1,1,1,1,0,0,0,1
368,353,2,1,1,1,1,1,0,0,0,0
368,337,2,1,1,1,0,1,0,1,0,1
368,305,2,1,1,1,0,1,0,1,0,1
368,497,2,1,1,1,1,1,0,0,0,1
368,113,2,1,1,1,1,1,0,0,0,1
368,374,2,1,1,1,1,1,0,0,0,1
368,378,2,1,1,1,1,1,0,0,0,1
368,354,2,1,1,1,1,1,0,0,0,0
368,338,2,1,1,1,0,1,0,1,0,1
368,306,2,1,1,1,0,1,0,1,0,1
368,498,2,1,1,1,1,1,0,0,0,1
368,114,2,1,1,1,1,1,0,0,0,1
368,380,2,1,1,1,1,1,0,0,0,1
368,356,2,1,0,1,1,1,0,0,1,0
368,340,2,1,1,1,0,1,0,1,0,1
368,308,2,1,1,1,0,1,0,1,0,1
368,500,2,1,1,1,1,1,0,0,0,1
368,116,2,1,1,1,1,1,0,0,0,1
368,360,2,1,1,1,1,1,0,0,0,0
368,344,2,1,1,1,0,1,0,1,0,1
368,312,2,1,1,1,0,1,0,1,0,1
368,504,2,1,1,1,1,1,0,0,0,1
368,120,2,1,1,1,1,1,0,0,0,1
368,320,2,1,0,1,0,1,0,1,1,0
368,288,2,1,0,1,0,0,0,0,1,0
368,480,2,1,0,1,1,1,0,0,1,0
368,96,2,1,0,1,1,1,0,0,1,0
368,272,2,1,1,1,0,1,0,1,0,1
368,464,2,1,1,1,0,1,0,1,0,1
368,80,2,1,1,1,0,1,0,1,0,1
368,432,2,1,1,1,0,1,0,1,0,1
368,48,2,1,1,1,0,1,0,1,0,1
368,240,2,1,1,1,1,1,0,0,0,1
369,369,0,1,1,3,3,3,0,0,0,1
369,368,1,1,1,3,1,3,0,2,0,1
369,371,1,1,1,3,3,3,0,0,0,1
369,373,1,1,1,3,3,3,0,0,0,1
369,377,1,1,1,3,3,3,0,0,0,1
369,353,1,1,1,3,3,3,0,0,0,0
369,337,1,1,1,3,1,3,0,2,0,1
369,305,1,1,1,3,1,3,0,2,0,1
369,497,1,1,1,3,3,3,0,0,0,1
369,113,1,1,1,3,3,3,0,0,0,1
369,370,2,1,1,3,1,3,0,2,0,1
369,372,2,1,1,3,1,3,0,2,0,1
369,376,2,1,1,3,1,3,0,2,0,1
369,352,2,1,0,3,1,1,0,0,1,0
369,336,2,1,1,3,0,3,0,3,0,1
369,304,2,1,1,3,0,3,0,3,0,1
369,496,2,1,1,3,1,3,0,2,0,1
369,112,2,1,1,3,1,3,0,2,0,1
369,375,2,1,1,3,3,3,0,0,0,1
369,379,2,1,1,3,3,3,0,0,0,1
369,355,2,1,1,3,3,3,0,0,0,0
369,339,2,1,1,3,1,3,0,2,0,1
369,307,2,1,1,3,1,3,0,2,0,1
369,499,2,1,1,3,3,3,0,0,0,1
369,115,2,1,1,3,3,3,0,0,0,1
369,381,2,1,1,3,3,3,0,0,0,1
369,357,2,1,1,3,3,3,0,0,0,0
369,341,2,1,1,3,1,3,0,2,0,1
369,309,2,1,1,3,1,3,0,2,0,1
369,501,2,1,1,3,3,3,0,0,0,1
369,117,2,1,1,3,3,3,0,0,0,1
369,361,2,1,1,3,3,3,0,0,0,0
369,345,2,1,1,3,1,3,0,2,0,1
369,313,2,1,1,3,1,3,0,2,0,1
369,505,2,1,1,3,3,3,0,0,0,1
369,121,2,1,1,3,3,3,0,0,0,1
369,321,2,1,0,3,1,2,0,1,1,0
369,289,2,1,0,3,1,1,0,0,1,0
369,481,2,1,1,3,3,3,0,0,0,0
369,97,2,1,1,3,3,3,0,0,0,0
369,273,2,1,1,3,0,3,0,3,0,1
369,465,2,1,1,3,1,3,0,2,0,1
369,81,2,1,1,3,1,3,0,2,0,1
369,433,2,1,1,3,1,3,0,2,0,1
369,49,2,1,1,3,1,3,0,2,0,1
369,241,2,1,1,3,3,3,0,0,0,1
370,370,0,1,1,2,2,2,0,0,0,1
370,371,1,1,1,2,2,2,0,0,0,1
370,368,1,1,1,2,1,2,0,1,0,1
370,374,1,1,1,2,2,2,0,0,0,1
370,378,1,1,1,2,2,2,0,0,0,1
370,354,1,1,1,2,2,2,0,0,0,0
370,338,1,1,1,2,1,2,0,1,0,1
370,306,1,1,1,2,0,2,0,2,0,1
370,498,1,1,1,2,2,2,0,0,0,1
370,114,1,1,1,2,2,2,0,0,0,1
370,369,2,1,1,2,1,2,0,1,0,1
370,375,2,1,1,2,2,2,0,0,0,1
370,379,2,1,1,2,2,2,0,0,0,1
370,355,2,1,1,2,2,2,0,0,0,0
370,339,2,1,1,2,1,2,0,1,0,1
370,307,2,1,1,2,0,2,0,2,0,1
370,499,2,1,1,2,2,2,0,0,0,1
370,115,2,1,1,2,2,2,0,0,0,1
370,372,2,1,1,2,1,2,0,1,0,1
370,376,2,1,1,2,1,2,0,1,0,1
370,352,2,1,0,2,1,1,0,0,1,0
370,336,2,1,1,2,0,2,0,2,0,1
370,304,2,1,1,2,0,2,0,2,0,1
370,496,2,1,1,2,1,2,0,1,0,1
370,112,2,1,1,2,1,2,0,1,0,1
370,382,2,1,1,2,2,2,0,0,0,1
370,358,2,1,1,2,2,2,0,0,0,0
370,342,2,1,1,2,1,2,0,1,0,1
370,310,2,1,1,2,0,2,0,2,0,1
370,502,2,1,1,2,2,2,0,0,0,1
370,118,2,1,1,2,2,2,0,0,0,1
370,362,2,1,1,2,2,2,0,0,0,0
370,346,2,1,1,2,1,2,0,1,0,1
370,314,2,1,1,2,0,2,0,2,0,1
370,506,2,1,1,2,2,2,0,0,0,1
370,122,2,1,1,2,2,2,0,0,0,1
370,322,2,1,1,2,1,2,0,1,0,0
370,290,2,1,0,2,0,0,0,0,1,0
370,482,2,1,1,2,2,2,0,0,0,0
370,98,2,1,1,2,2,2,0,0,0,0
370,274,2,1,1,2,0,2,0,2,0,1
370,466,2,1,1,2,1,2,0,1,0,1
370,82,2,1,1,2,1,2,0,1,0,1
370,434,2,1,1,2,0,2,0,2,0,1
370,50,2,1,1,2,0,2,0,2,0,1
370,242,2,1,1,2,2,2,0,0,0,1
371,371,0,1,1,2,2,2,0,0,0,1
371,370,1,1,1,2,1,2,0,1,0,1
371,369,1,1,1,2,2,2,0,0,0,1
371,375,1,1,1,2,2,2,0,0,0,1
371,379,1,1,1,2,2,2,0,0,0,1
371,355,1,1,1,2,2,2,0,0,0,0
371,339,1,1,1,2,1,2,0,1,0,1
371,307,1,1,1,2,0,2,0,2,0,1
371,499,1,1,1,2,2,2,0,0,0,1
371,115,1,1,1,2,2,2,0,0,0,1
371,368,2,1,1,2,1,2,0,1,0,1
371,374,2,1,1,2,1,2,0,1,0,1
371,378,2,1,1,2,1,2,0,1,0,1
371,354,2,1,1,2,1,2,0,1,0,0
371,338,2,1,1,2,0,2,0,2,0,1
371,306,2,1,1,2,0,2,0,2,0,1
371,498,2,1,1,2,1,2,0,1,0,1
371,114,2,1,1,2,1,2,0,1,0,1
371,373,2,1,1,2,2,2,0,0,0,1
371,377,2,1,1,2,2,2,0,0,0,1
371,353,2,1,1,2,2,2,0,0,0,0
371,337,2,1,1,2,1,2,0,1,0,1
371,305,2,1,1,2,0,2,0,2,0,1
371,497,2,1,1,2,2,2,0,0,0,1
371,113,2,1,1,2,2,2,0,0,0,1
371,383,2,1,1,2,2,2,0,0,0,1
371,359,2,1,1,2,2,2,0,0,0,0
371,343,2,1,1,2,1,2,0,1,0,1
371,311,2,1,1,2,0,2,0,2,0,1
371,503,2,1,1,2,2,2,0,0,0,1
371,119,2,1,1,2,2,2,0,0,0,1
371,363,2,1,1,2,2,2,0,0,0,0
371,347,2,1,1,2,1,2,0,1,0,1
371,315,2,1,1,2,0,2,0,2,0,1
371,507,2,1,1,2,2,2,0,0,0,1
371,123,2,1,1,2,2,2,0,0,0,1
371,323,2,1,1,2,1,2,0,1,0,0
371,291,2,1,0,2,0,0,0,0,1,0
371,483,2,1,1,2,2,2,0,0,0,0
371,99,2,1,1,2,2,2,0,0,0,0
371,275,2,1,1,2,0,2,0,2,0,1
371,467,2,1,1,2,1,2,0,1,0,1
371,83,2,1,1,2,1,2,0,1,0,1
371,435,2,1,1,2,0,2,0,2,0,1
371,51,2,1,1,2,0,2,0,2,0,1
371,243,2,1,1,2,2,2,0,0,0,1
372,372,0,1,1,1,1,1,0,0,0,1
372,373,1,1,1,1,1,1,0,0,0,1
372,374,1,1,1,1,1,1,0,0,0,1
372,368,1,1,1,1,1,1,0,0,0,1
372,380,1,1,1,1,1,1,0,0,0,1
372,356,1,1,0,1,1,1,0,0,1,0
372,340,1,1,1,1,0,1,0,1,0,1
372,308,1,1,1,1,0,1,0,1,0,1
372,500,1,1,1,1,1,1,0,0,0,1
372,116,1,1,1,1,1,1,0,0,0,1
372,375,2,1,1,1,1,1,0,0,0,1
372,369,2,1,1,1,1,1,0,0,0,1
372,381,2,1,1,1,1,1,0,0,0,1
372,357,2,1,1,1,1,1,0,0,0,0
372,341,2,1,1,1,0,1,0,1,0,1
372,309,2,1,1,1,0,1,0,1,0,1
372,501,2,1,1,1,1,1,0,0,0,1
372,117,2,1,1,1,1,1,0,0,0,1
372,370,2,1,1,1,1,1,0,0,0,1
372,382,2,1,1,1,1,1,0,0,0,1
372,358,2,1,1,1,1,1,0,0,0,0
372,342,2,1,1,1,0,1,0,1,0,1
372,310,2,1,1,1,0,1,0,1,0,1
372,502,2,1,1,1,1,1,0,0,0,1
372,118,2,1,1,1,1,1,0,0,0,1
372,376,2,1,1,1,1,1,0,0,0,1
372,352,2,1,0,1,1,1,0,0,1,0
372,336,2,1,1,1,0,1,0,1,0,1
372,304,2,1,1,1,0,1,0,1,0,1
372,496,2,1,1,1,1,1,0,0,0,1
372,112,2,1,1,1,1,1,0,0,0,1
372,364,2,1,1,1,1,1,0,0,0,0
372,348,2,1,1,1,0,1,0,1,0,1
372,316,2,1,1,1,0,1,0,1,0,1
372,508,2,1,1,1,1,1,0,0,0,1
372,124,2,1,1,1,1,1,0,0,0,1
372,324,2,1,0,1,0,1,0,1,1,0
372,292,2,1,0,1,0,0,0,0,1,0
372,484,2,1,0,1,1,1,0,0,1,0
372,100,2,1,0,1,1,1,0,0,1,0
372,276,2,1,1,1,0,1,0,1,0,1
372,468,2,1,1,1,0,1,0,1,0,1
372,84,2,1,1,1,0,1,0,1,0,1
372,436,2,1,1,1,0,1,0,1,0,1
372,52,2,1,1,1,0,1,0,1,0,1
372,244,2,1,1,1,1,1,0,0,0,1
373,373,0,1,1,3,3,3,0,0,0,1
373,372,1,1,1,3,1,3,0,2,0,1
373,375,1,1,1,3,3,3,0,0,0,1
373,369,1,1,1,3,2,3,0,1,0,1
373,381,1,1,1,3,3,3,0,0,0,1
373,357,1,1,1,3,3,3,0,0,0,0
373,341,1,1,1,3,2,3,0,1,0,1
373,309,1,1,1,3,1,3,0,2,0,1
373,501,1,1,1,3,3,3,0,0,0,1
373,117,1,1,1,3,3,3,0,0,0,1
373,374,2,1,1,3,1,3,0,2,0,1
373,368,2,1,1,3,1,3,0,2,0,1
373,380,2,1,1,3,1,3,0,2,0,1
373,356,2,1,0,3,1,1,0,0,1,0
373,340,2,1,1,3,0,3,0,3,0,1
373,308,2,1,1,3,0,3,0,3,0,1
373,500,2,1,1,3,1,3,0,2,0,1
373,116,2,1,1,3,1,3,0,2,0,1
373,371,2,1,1,3,2,3,0,1,0,1
373,383,2,1,1,3,3,3,0,0,0,1
373,359,2,1,1,3,3,3,0,0,0,0
373,343,2,1,1,3,2,3,0,1,0,1
373,311,2,1,1,3,1,3,0,2,0,1
373,503,2,1,1,3,3,3,0,0,0,1
373,119,2,1,1,3,3,3,0,0,0,1
373,377,2,1,1,3,2,3,0,1,0,1
373,353,2,1,1,3,2,3,0,1,0,0
373,337,2,1,1,3,1,3,0,2,0,1
373,305,2,1,1,3,0,3,0,3,0,1
373,497,2,1,1,3,2,3,0,1,0,1
373,113,2,1,1,3,2,3,0,1,0,1
373,365,2,1,1,3,3,3,0,0,0,0
373,349,2,1,1,3,2,3,0,1,0,1
373,317,2,1,1,3,1,3,0,2,0,1
373,509,2,1,1,3,3,3,0,0,0,1
373,125,2,1,1,3,3,3,0,0,0,1
373,325,2,1,1,3,2,3,0,1,0,0
373,293,2,1,0,3,1,1,0,0,1,0
373,485,2,1,1,3,3,3,0,0,0,0
373,101,2,1,1,3,3,3,0,0,0,0
373,277,2,1,1,3,1,3,0,2,0,1
373,469,2,1,1,3,2,3,0,1,0,1
373,85,2,1,1,3,2,3,0,1,0,1
373,437,2,1,1,3,1,3,0,2,0,1
373,53,2,1,1,3,1,3,0,2,0,1
373,245,2,1,1,3,3,3,0,0,0,1
374,374,0,1,1,2,2,2,0,0,0,1
374,375,1,1,1,2,2,2,0,0,0,1
374,372,1,1,1,2,1,2,0,1,0,1
374,370,1,1,1,2,2,2,0,0,0,1
374,382,1,1,1,2,2,2,0,0,0,1
374,358,1,1,1,2,2,2,0,0,0,0
374,342,1,1,1,2,1,2,0,1,0,1
374,310,1,1,1,2,0,2,0,2,0,1
374,502,1,1,1,2,2,2,0,0,0,1
374,118,1,1,1,2,2,2,0,0,0,1
374,373,2,1,1,2,1,2,0,1,0,1
374,371,2,1,1,2,2,2,0,0,0,1
374,383,2,1,1,2,2,2,0,0,0,1
374,359,2,1,1,2,2,2,0,0,0,0
374,343,2,1,1,2,1,2,0,1,0,1
374,311,2,1,1,2,0,2,0,2,0,1
374,503,2,1,1,2,2,2,0,0,0,1
374,119,2,1,1,2,2,2,0,0,0,1
374,368,2,1,1,2,1,2,0,1,0,1
374,380,2,1,1,2,1,2,0,1,0,1
374,356,2,1,0,2,1,1,0,0,1,0
374,340,2,1,1,2,0,2,0,2,0,1
374,308,2,1,1,2,0,2,0,2,0,1
374,500,2,1,1,2,1,2,0,1,0,1
374,116,2,1,1,2,1,2,0,1,0,1
374,378,2,1,1,2,2,2,0,0,0,1
374,354,2,1,1,2,2,2,0,0,0,0
374,338,2,1,1,2,1,2,0,1,0,1
374,306,2,1,1,2,0,2,0,2,0,1
374,498,2,1,1,2,2,2,0,0,0,1
374,114,2,1,1,2,2,2,0,0,0,1
374,366,2,1,1,2,2,2,0,0,0,0
374,350,2,1,1,2,1,2,0,1,0,1
374,318,2,1,1,2,0,2,0,2,0,1
374,510,2,1,1,2,2,2,0,0,0,1
374,126,2,1,1,2,2,2,0,0,0,1
374,326,2,1,1,2,1,2,0,1,0,0
374,294,2,1,0,2,0,0,0,0,1,0
374,486,2,1,1,2,2,2,0,0,0,0
374,102,2,1,1,2,2,2,0,0,0,0
374,278,2,1,1,2,0,2,0,2,0,1
374,470,2,1,1,2,1,2,0,1,0,1
374,86,2,1,1,2,1,2,0,1,0,1
374,438,2,1,1,2,0,2,0,2,0,1
374,54,2,1,1,2,0,2,0,2,0,1
374,246,2,1,1,2,2,2,0,0,0,1
375,375,0,1,1,2,2,2,0,0,0,1
375,374,1,1,1,2,1,2,0,1,0,1
375,373,1,1,1,2,2,2,0,0,0,1
375,371,1,1,1,2,2,2,0,0,0,1
375,383,1,1,1,2,2,2,0,0,0,1
375,359,1,1,1,2,2,2,0,0,0,0
375,343,1,1,1,2,1,2,0,1,0,1
375,311,1,1,1,2,0,2,0,2,0,1
375,503,1,1,1,2,2,2,0,0,0,1
375,119,1,1,1,2,2,2,0,0,0,1
375,372,2,1,1,2,1,2,0,1,0,1
375,370,2,1,1,2,1,2,0,1,0,1
375,382,2,1,1,2,1,2,0,1,0,1
375,358,2,1,1,2,1,2,0,1,0,0
375,342,2,1,1,2,0,2,0,2,0,1
375,310,2,1,1,2,0,2,0,2,0,1
375,502,2,1,1,2,1,2,0,1,0,1
375,118,2,1,1,2,1,2,0,1,0,1
375,369,2,1,1,2,2,2,0,0,0,1
375,381,2,1,1,2,2,2,0,0,0,1
375,357,2,1,1,2,2,2,0,0,0,0
375,341,2,1,1,2,1,2,0,1,0,1
375,309,2,1,1,2,0,2,0,2,0,1
375,501,2,1,1,2,2,2,0,0,0,1
375,117,2,1,1,2,2,2,0,0,0,1
375,379,2,1,1,2,2,2,0,0,0,1
375,355,2,1,1,2,2,2,0,0,0,0
375,339,2,1,1,2,1,2,0,1,0,1
375,307,2,1,1,2,0,2,0,2,0,1
375,499,2,1,1,2,2,2,0,0,0,1
375,115,2,1,1,2,2,2,0,0,0,1
375,367,2,1,1,2,2,2,0,0,0,0
375,351,2,1,1,2,1,2,0,1,0,1
375,319,2,1,1,2,0,2,0,2,0,1
375,511,2,1,1,2,2,2,0,0,0,1
375,127,2,1,1,2,2,2,0,0,0,1
375,327,2,1,1,2,1,2,0,1,0,0
375,295,2,1,0,2,0,0,0,0,1,0
375,487,2,1,1,2,2,2,0,0,0,0
375,103,2,1,1,2,2,2,0,0,0,0
375,279,2,1,1,2,0,2,0,2,0,1
375,471,2,1,1,2,1,2,0,1,0,1
375,87,2,1,1,2,1,2,0,1,0,1
375,439,2,1,1,2,0,2,0,2,0,1
375,55,2,1,1,2,0,2,0,2,0,1
375,247,2,1,1,2,2,2,0,0,0,1
376,376,0,1,1,1,1,1,0,0,0,1
376,377,1,1,1,1,1,1,0,0,0,1
376,378,1,1,1,1,1,1,0,0,0,1
376,380,1,1,1,1,1,1,0,0,0,1
376,368,1,1,1,1,1,1,0,0,0,1
376,360,1,1,1,1,1,1,0,0,0,0
376,344,1,1,1,1,0,1,0,1,0,1
376,312,1,1,1,1,0,1,0,1,0,1
376,504,1,1,1,1,1,1,0,0,0,1
376,120,1,1,1,1,1,1,0,0,0,1
376,379,2,1,1,1,1,1,0,0,0,1
376,381,2,1,1,1,1,1,0,0,0,1
376,369,2,1,1,1,1,1,0,0,0,1
376,361,2,1,1,1,1,1,0,0,0,0
376,345,2,1,1,1,0,1,0,1,0,1
376,313,2,1,1,1,0,1,0,1,0,1
376,505,2,1,1,1,1,1,0,0,0,1
376,121,2,1,1,1,1,1,0,0,0,1
376,382,2,1,1,1,1,1,0,0,0,1
376,370,2,1,1,1,1,1,0,0,0,1
376,362,2,1,1,1,1,1,0,0,0,0
376,346,2,1,1,1,0,1,0,1,0,1
376,314,2,1,1,1,0,1,0,1,0,1
376,506,2,1,1,1,1,1,0,0,0,1
376,122,2,1,1,1,1,1,0,0,0,1
376,372,2,1,1,1,1,1,0,0,0,1
376,364,2,1,1,1,1,1,0,0,0,0
376,348,2,1,1,1,0,1,0,1,0,1
376,316,2,1,1,1,0,1,0,1,0,1
376,508,2,1,1,1,1,1,0,0,0,1
376,124,2,1,1,1,1,1,0,0,0,1
376,352,2,1,0,1,1,1,0,0,1,0
376,336,2,1,1,1,0,1,0,1,0,1
376,304,2,1,1,1,0,1,0,1,0,1
376,496,2,1,1,1,1,1,0,0,0,1
376,112,2,1,1,1,1,1,0,0,0,1
376,328,2,1,0,1,0,1,0,1,1,0
376,296,2,1,1,1,0,1,0,1,0,0
376,488,2,1,1,1,1,1,0,0,0,0
376,104,2,1,1,1,1,1,0,0,0,0
376,280,2,1,1,1,0,1,0,1,0,1
376,472,2,1,1,1,0,1,0,1,0,1
376,88,2,1,1,1,0,1,0,1,0,1
376,440,2,1,1,1,0,1,0,1,0,1
376,56,2,1,1,1,0,1,0,1,0,1
376,248,2,1,1,1,1,1,0,0,0,1
377,377,0,1,1,2,2,2,0,0,0,1
377,376,1,1,1,2,1,2,0,1,0,1
377,379,1,1,1,2,2,2,0,0,0,1
377,381,1,1,1,2,2,2,0,0,0,1
377,369,1,1,1,2,2,2,0,0,0,1
377,361,1,1,1,2,2,2,0,0,0,0
377,345,1,1,1,2,0,2,0,2,0,1
377,313,1,1,1,2,1,2,0,1,0,1
377,505,1,1,1,2,2,2,0,0,0,1
377,121,1,1,1,2,2,2,0,0,0,1
377,378,2,1,1,2,1,2,0,1,0,1
377,380,2,1,1,2,1,2,0,1,0,1
377,368,2,1,1,2,1,2,0,1,0,1
377,360,2,1,1,2,1,2,0,1,0,0
377,344,2,1,1,2,0,2,0,2,0,1
377,312,2,1,1,2,0,2,0,2,0,1
377,504,2,1,1,2,1,2,0,1,0,1
377,120,2,1,1,2,1,2,0,1,0,1
377,383,2,1,1,2,2,2,0,0,0,1
377,371,2,1,1,2,2,2,0,0,0,1
377,363,2,1,1,2,2,2,0,0,0,0
377,347,2,1,1,2,0,2,0,2,0,1
377,315,2,1,1,2,1,2,0,1,0,1
377,507,2,1,1,2,2,2,0,0,0,1
377,123,2,1,1,2,2,2,0,0,0,1
377,373,2,1,1,2,2,2,0,0,0,1
377,365,2,1,1,2,2,2,0,0,0,0
377,349,2,1,1,2,0,2,0,2,0,1
377,317,2,1,1,2,1,2,0,1,0,1
377,509,2,1,1,2,2,2,0,0,0,1
377,125,2,1,1,2,2,2,0,0,0,1
377,353,2,1,1,2,2,2,0,0,0,0
377,337,2,1,1,2,0,2,0,2,0,1
377,305,2,1,1,2,1,2,0,1,0,1
377,497,2,1,1,2,2,2,0,0,0,1
377,113,2,1,1,2,2,2,0,0,0,1
377,329,2,1,0,2,0,1,0,1,1,0
377,297,2,1,1,2,1,2,0,1,0,0
377,489,2,1,1,2,2,2,0,0,0,0
377,105,2,1,1,2,2,2,0,0,0,0
377,281,2,1,1,2,0,2,0,2,0,1
377,473,2,1,1,2,0,2,0,2,0,1
377,89,2,1,1,2,0,2,0,2,0,1
377,441,2,1,1,2,1,2,0,1,0,1
377,57,2,1,1,2,1,2,0,1,0,1
377,249,2,1,1,2,2,2,0,0,0,1
378,378,0,1,1,1,1,1,0,0,0,1
378,379,1,1,1,1,1,1,0,0,0,1
378,376,1,1,1,1,1,1,0,0,0,1
378,382,1,1,1,1,1,1,0,0,0,1
378,370,1,1,1,1,1,1,0,0,0,1
378,362,1,1,1,1,1,1,0,0,0,0
378,346,1,1,1,1,0,1,0,1,0,1
378,314,1,1,1,1,0,1,0,1,0,1
378,506,1,1,1,1,1,1,0,0,0,1
378,122,1,1,1,1,1,1,0,0,0,1
378,377,2,1,1,1,1,1,0,0,0,1
378,383,2,1,1,1,1,1,0,0,0,1
378,371,2,1,1,1,1,1,0,0,0,1
378,363,2,1,1,1,1,1,0,0,0,0
378,347,2,1,1,1,0,1,0,1,0,1
378,315,2,1,1,1,0,1,0,1,0,1
378,507,2,1,1,1,1,1,0,0,0,1
378,123,2,1,1,1,1,1,0,0,0,1
378,380,2,1,1,1,1,1,0,0,0,1
378,368,2,1,1,1,1,1,0,0,0,1
378,360,2,1,1,1,1,1,0,0,0,0
378,344,2,1,1,1,0,1,0,1,0,1
378,312,2,1,1,1,0,1,0,1,0,1
378,504,2,1,1,1,1,1,0,0,0,1
378,120,2,1,1,1,1,1,0,0,0,1
378,374,2,1,1,1,1,1,0,0,0,1
378,366,2,1,1,1,1,1,0,0,0,0
378,350,2,1,1,1,0,1,0,1,0,1
378,318,2,1,1,1,0,1,0,1,0,1
378,510,2,1,1,1,1,1,0,0,0,1
378,126,2,1,1,1,1,1,0,0,0,1
378,354,2,1,1,1,1,1,0,0,0,0
378,338,2,1,1,1,0,1,0,1,0,1
378,306,2,1,1,1,0,1,0,1,0,1
378,498,2,1,1,1,1,1,0,0,0,1
378,114,2,1,1,1,1,1,0,0,0,1
378,330,2,1,1,1,0,1,0,1,0,0
378,298,2,1,1,1,0,1,0,1,0,0
378,490,2,1,1,1,1,1,0,0,0,0
378,106,2,1,1,1,1,1,0,0,0,0
378,282,2,1,1,1,0,1,0,1,0,1
378,474,2,1,1,1,0,1,0,1,0,1
378,90,2,1,1,1,0,1,0,1,0,1
378,442,2,1,1,1,0,1,0,1,0,1
378,58,2,1,1,1,0,1,0,1,0,1
378,250,2,1,1,1,1,1,0,0,0,1
379,379,0,1,1,1,1,1,0,0,0,1
379,378,1,1,1,1,1,1,0,0,0,1
379,377,1,1,1,1,1,1,0,0,0,1
379,383,1,1,1,1,1,1,0,0,0,1
379,371,1,1,1,1,1,1,0,0,0,1
379,363,1,1,1,1,1,1,0,0,0,0
379,347,1,1,1,1,0,1,0,1,0,1
379,315,1,1,1,1,0,1,0,1,0,1
379,507,1,1,1,1,1,1,0,0,0,1
379,123,1,1,1,1,1,1,0,0,0,1
379,376,2,1,1,1,1,1,0,0,0,1
379,382,2,1,1,1,1,1,0,0,0,1
379,370,2,1,1,1,1,1,0,0,0,1
379,362,2,1,1,1,1,1,0,0,0,0
379,346,2,1,1,1,0,1,0,1,0,1
379,314,2,1,1,1,0,1,0,1,0,1
379,506,2,1,1,1,1,1,0,0,0,1
379,122,2,1,1,1,1,1,0,0,0,1
379,381,2,1,1,1,1,1,0,0,0,1
379,369,2,1,1,1,1,1,0,0,0,1
379,361,2,1,1,1,1,1,0,0,0,0
379,345,2,1,1,1,0,1,0,1,0,1
379,313,2,1,1,1,0,1,0,1,0,1
379,505,2,1,1,1,1,1,0,0,0,1
379,121,2,1,1,1,1,1,0,0,0,1
379,375,2,1,1,1,1,1,0,0,0,1
379,367,2,1,1,1,1,1,0,0,0,0
379,351,2,1,1,1,0,1,0,1,0,1
379,319,2,1,1,1,0,1,0,1,0,1
379,511,2,1,1,1,1,1,0,0,0,1
379,127,2,1,1,1,1,1,0,0,0,1
379,355,2,1,1,1,1,1,0,0,0,0
379,339,2,1,1,1,0,1,0,1,0,1
379,307,2,1,1,1,0,1,0,1,0,1
379,499,2,1,1,1,1,1,0,0,0,1
379,115,2,1,1,1,1,1,0,0,0,1
379,331,2,1,1,1,0,1,0,1,0,0
379,299,2,1,1,1,0,1,0,1,0,0
379,491,2,1,1,1,1,1,0,0,0,0
379,107,2,1,1,1,1,1,0,0,0,0
379,283,2,1,1,1,0,1,0,1,0,1
379,475,2,1,1,1,0,1,0,1,0,1
379,91,2,1,1,1,0,1,0,1,0,1
379,443,2,1,1,1,0,1,0,1,0,1
379,59,2,1,1,1,0,1,0,1,0,1
379,251,2,1,1,1,1,1,0,0,0,1
380,380,0,1,1,2,2,2,0,0,0,1
380,381,1,1,1,2,2,2,0,0,0,1
380,382,1,1,1,2,2,2,0,0,0,1
380,376,1,1,1,2,1,2,0,1,0,1
380,372,1,1,1,2,1,2,0,1,0,1
380,364,1,1,1,2,2,2,0,0,0,0
380,348,1,1,1,2,1,2,0,1,0,1
380,316,1,1,1,2,1,2,0,1,0,1
380,508,1,1,1,2,2,2,0,0,0,1
380,124,1,1,1,2,2,2,0,0,0,1
380,383,2,1,1,2,2,2,0,0,0,1
380,377,2,1,1,2,1,2,0,1,0,1
380,373,2,1,1,2,1,2,0,1,0,1
380,365,2,1,1,2,2,2,0,0,0,0
380,349,2,1,1,2,1,2,0,1,0,1
380,317,2,1,1,2,1,2,0,1,0,1
380,509,2,1,1,2,2,2,0,0,0,1
380,125,2,1,1,2,2,2,0,0,0,1
380,378,2,1,1,2,1,2,0,1,0,1
380,374,2,1,1,2,1,2,0,1,0,1
380,366,2,1,1,2,2,2,0,0,0,0
380,350,2,1,1,2,1,2,0,1,0,1
380,318,2,1,1,2,1,2,0,1,0,1
380,510,2,1,1,2,2,2,0,0,0,1
380,126,2,1,1,2,2,2,0,0,0,1
380,368,2,1,1,2,1,2,0,1,0,1
380,360,2,1,1,2,1,2,0,1,0,0
380,344,2,1,1,2,0,2,0,2,0,1
380,312,2,1,1,2,0,2,0,2,0,1
380,504,2,1,1,2,1,2,0,1,0,1
380,120,2,1,1,2,1,2,0,1,0,1
380,356,2,1,0,2,1,1,0,0,1,0
380,340,2,1,1,2,0,2,0,2,0,1
380,308,2,1,1,2,0,2,0,2,0,1
380,500,2,1,1,2,1,2,0,1,0,1
380,116,2,1,1,2,1,2,0,1,0,1
380,332,2,1,1,2,1,2,0,1,0,0
380,300,2,1,1,2,1,2,0,1,0,0
380,492,2,1,1,2,2,2,0,0,0,0
380,108,2,1,1,2,2,2,0,0,0,0
380,284,2,1,1,2,1,2,0,1,0,1
380,476,2,1,1,2,1,2,0,1,0,1
380,92,2,1,1,2,1,2,0,1,0,1
380,444,2,1,1,2,1,2,0,1,0,1
380,60,2,1,1,2,1,2,0,1,0,1
380,252,2,1,1,2,2,2,0,0,0,1
381,381,0,1,1,2,2,2,0,0,0,1
381,380,1,1,1,2,1,2,0,1,0,1
381,383,1,1,1,2,2,2,0,0,0,1
381,377,1,1,1,2,1,2,0,1,0,1
381,373,1,1,1,2,2,2,0,0,0,1
381,365,1,1,1,2,2,2,0,0,0,0
381,349,1,1,1,2,1,2,0,1,0,1
381,317,1,1,1,2,1,2,0,1,0,1
381,509,1,1,1,2,2,2,0,0,0,1
381,125,1,1,1,2,2,2,0,0,0,1
381,382,2,1,1,2,1,2,0,1,0,1
381,376,2,1,1,2,1,2,0,1,0,1
381,372,2,1,1,2,1,2,0,1,0,1
381,364,2,1,1,2,1,2,0,1,0,0
381,348,2,1,1,2,0,2,0,2,0,1
381,316,2,1,1,2,0,2,0,2,0,1
381,508,2,1,1,2,1,2,0,1,0,1
381,124,2,1,1,2,1,2,0,1,0,1
381,379,2,1,1,2,1,2,0,1,0,1
381,375,2,1,1,2,2,2,0,0,0,1
381,367,2,1,1,2,2,2,0,0,0,0
381,351,2,1,1,2,1,2,0,1,0,1
381,319,2,1,1,2,1,2,0,1,0,1
381,511,2,1,1,2,2,2,0,0,0,1
381,127,2,1,1,2,2,2,0,0,0,1
381,369,2,1,1,2,1,2,0,1,0,1
381,361,2,1,1,2,1,2,0,1,0,0
381,345,2,1,1,2,0,2,0,2,0,1
381,313,2,1,1,2,0,2,0,2,0,1
381,505,2,1,1,2,1,2,0,1,0,1
381,121,2,1,1,2,1,2,0,1,0,1
381,357,2,1,1,2,2,2,0,0,0,0
381,341,2,1,1,2,1,2,0,1,0,1
381,309,2,1,1,2,1,2,0,1,0,1
381,501,2,1,1,2,2,2,0,0,0,1
381,117,2,1,1,2,2,2,0,0,0,1
381,333,2,1,1,2,1,2,0,1,0,0
381,301,2,1,1,2,1,2,0,1,0,0
381,493,2,1,1,2,2,2,0,0,0,0
381,109,2,1,1,2,2,2,0,0,0,0
381,285,2,1,1,2,1,2,0,1,0,1
381,477,2,1,1,2,1,2,0,1,0,1
381,93,2,1,1,2,1,2,0,1,0,1
381,445,2,1,1,2,1,2,0,1,0,1
381,61,2,1,1,2,1,2,0,1,0,1
381,253,2,1,1,2,2,2,0,0,0,1
382,382,0,1,1,1,1,1,0,0,0,1
382,383,1,1,1,1,1,1,0,0,0,1
382,380,1,1,1,1,1,1,0,0,0,1
382,378,1,1,1,1,1,1,0,0,0,1
382,374,1,1,1,1,1,1,0,0,0,1
382,366,1,1,1,1,1,1,0,0,0,0
382,350,1,1,1,1,0,1,0,1,0,1
382,318,1,1,1,1,0,1,0,1,0,1
382,510,1,1,1,1,1,1,0,0,0,1
382,126,1,1,1,1,1,1,0,0,0,1
382,381,2,1,1,1,1,1,0,0,0,1
382,379,2,1,1,1,1,1,0,0,0,1
382,375,2,1,1,1,1,1,0,0,0,1
382,367,2,1,1,1,1,1,0,0,0,0
382,351,2,1,1,1,0,1,0,1,0,1
382,319,2,1,1,1,0,1,0,1,0,1
382,511,2,1,1,1,1,1,0,0,0,1
382,127,2,1,1,1,1,1,0,0,0,1
382,376,2,1,1,1,1,1,0,0,0,1
382,372,2,1,1,1,1,1,0,0,0,1
382,364,2,1,1,1,1,1,0,0,0,0
382,348,2,1,1,1,0,1,0,1,0,1
382,316,2,1,1,1,0,1,0,1,0,1
382,508,2,1,1,1,1,1,0,0,0,1
382,124,2,1,1,1,1,1,0,0,0,1
382,370,2,1,1,1,1,1,0,0,0,1
382,362,2,1,1,1,1,1,0,0,0,0
382,346,2,1,1,1,0,1,0,1,0,1
382,314,2,1,1,1,0,1,0,1,0,1
382,506,2,1,1,1,1,1,0,0,0,1
382,122,2,1,1,1,1,1,0,0,0,1
382,358,2,1,1,1,1,1,0,0,0,0
382,342,2,1,1,1,0,1,0,1,0,1
382,310,2,1,1,1,0,1,0,1,0,1
382,502,2,1,1,1,1,1,0,0,0,1
382,118,2,1,1,1,1,1,0,0,0,1
382,334,2,1,1,1,0,1,0,1,0,0
382,302,2,1,1,1,0,1,0,1,0,0
382,494,2,1,1,1,1,1,0,0,0,0
382,110,2,1,1,1,1,1,0,0,0,0
382,286,2,1,1,1,0,1,0,1,0,1
382,478,2,1,1,1,0,1,0,1,0,1
382,94,2,1,1,1,0,1,0,1,0,1
382,446,2,1,1,1,0,1,0,1,0,1
382,62,2,1,1,1,0,1,0,1,0,1
382,254,2,1,1,1,1,1,0,0,0,1
383,383,0,1,1,1,1,1,0,0,0,1
383,382,1,1,1,1,1,1,0,0,0,1
383,381,1,1,1,1,1,1,0,0,0,1
383,379,1,1,1,1,1,1,0,0,0,1
383,375,1,1,1,1,1,1,0,0,0,1
383,367,1,1,1,1,1,1,0,0,0,0
383,351,1,1,1,1,0,1,0,1,0,1
383,319,1,1,1,1,0,1,0,1,0,1
383,511,1,1,1,1,1,1,0,0,0,1
383,127,1,1,1,1,1,1,0,0,0,1
383,380,2,1,1,1,1,1,0,0,0,1
383,378,2,1,1,1,1,1,0,0,0,1
383,374,2,1,1,1,1,1,0,0,0,1
383,366,2,1,1,1,1,1,0,0,0,0
383,350,2,1,1,1,0,1,0,1,0,1
383,318,2,1,1,1,0,1,0,1,0,1
383,510,2,1,1,1,1,1,0,0,0,1
383,126,2,1,1,1,1,1,0,0,0,1
383,377,2,1,1,1,1,1,0,0,0,1
383,373,2,1,1,1,1,1,0,0,0,1
383,365,2,1,1,1,1,1,0,0,0,0
383,349,2,1,1,1,0,1,0,1,0,1
383,317,2,1,1,1,0,1,0,1,0,1
383,509,2,1,1,1,1,1,0,0,0,1
383,125,2,1,1,1,1,1,0,0,0,1
383,371,2,1,1,1,1,1,0,0,0,1
383,363,2,1,1,1,1,1,0,0,0,0
383,347,2,1,1,1,0,1,0,1,0,1
383,315,2,1,1,1,0,1,0,1,0,1
383,507,2,1,1,1,1,1,0,0,0,1
383,123,2,1,1,1,1,1,0,0,0,1
383,359,2,1,1,1,1,1,0,0,0,0
383,343,2,1,1,1,0,1,0,1,0,1
383,311,2,1,1,1,0,1,0,1,0,1
383,503,2,1,1,1,1,1,0,0,0,1
383,119,2,1,1,1,1,1,0,0,0,1
383,335,2,1,1,1,0,1,0,1,0,0
383,303,2,1,1,1,0,1,0,1,0,0
383,495,2,1,1,1,1,1,0,0,0,0
383,111,2,1,1,1,1,1,0,0,0,0
383,287,2,1,1,1,0,1,0,1,0,1
383,479,2,1,1,1,0,1,0,1,0,1
383,95,2,1,1,1,0,1,0,1,0,1
383,447,2,1,1,1,0,1,0,1,0,1
383,63,2,1,1,1,0,1,0,1,0,1
383,255,2,1,1,1,1,1,0,0,0,1
384,384,0,0,0,0,0,0,0,0,0,0
384,385,1,0,0,0,0,0,0,0,0,0
384,386,1,0,1,0,0,0,0,0,0,0
384,388,1,0,0,0,0,0,0,0,0,0
384,392,1,0,0,0,0,0,0,0,0,0
384,400,1,0,1,0,0,0,0,0,0,0
384,416,1,0,0,0,0,0,0,0,0,0
384,448,1,0,0,0,0,0,0,0,0,0
384,256,1,0,0,0,0,0,0,0,0,0
384,128,1,0,0,0,0,0,0,0,0,0
384,387,2,0,1,0,0,0,0,0,0,0
384,389,2,0,1,0,0,0,0,0,0,0
384,393,2,0,0,0,0,0,0,0,0,0
384,401,2,0,1,0,0,0,0,0,0,0
384,417,2,0,1,0,0,0,0,0,0,0
384,449,2,0,0,0,0,0,0,0,0,0
384,257,2,0,0,0,0,0,0,0,0,0
384,129,2,0,0,0,0,0,0,0,0,0
384,390,2,0,1,0,0,0,0,0,0,0
384,394,2,0,1,0,0,0,0,0,0,0
384,402,2,0,1,0,0,0,0,0,0,0
384,418,2,0,1,0,0,0,0,0,0,0
384,450,2,0,1,0,0,0,0,0,0,0
384,258,2,0,0,0,0,0,0,0,0,0
384,130,2,0,1,0,0,0,0,0,0,0
384,396,2,0,1,0,0,0,0,0,0,0
384,404,2,0,1,0,0,0,0,0,0,0
384,420,2,0,0,0,0,0,0,0,0,0
384,452,2,0,0,0,0,0,0,0,0,0
384,260,2,0,0,0,0,0,0,0,0,0
384,132,2,0,0,0,0,0,0,0,0,0
384,408,2,0,1,0,0,0,0,0,0,0
384,424,2,0,1,0,0,0,0,0,0,0
384,456,2,0,0,0,0,0,0,0,0,0
384,264,2,0,0,0,0,0,0,0,0,0
384,136,2,0,0,0,0,0,0,0,0,0
384,432,2,0,1,0,0,0,0,0,0,0
384,464,2,0,1,0,0,0,0,0,0,0
384,272,2,0,1,0,0,0,0,0,0,0
384,144,2,0,1,0,0,0,0,0,0,0
384,480,2,0,0,0,0,0,0,0,0,0
384,288,2,0,0,0,0,0,0,0,0,0
384,160,2,0,0,0,0,0,0,0,0,0
384,320,2,0,0,0,0,0,0,0,0,0
384,192,2,0,0,0,0,0,0,0,0,0
384,0,2,0,0,0,0,0,0,0,0,0
385,385,0,0,0,1,1,1,0,0,0,0
385,384,1,0,0,1,0,0,0,0,0,0
385,387,1,0,1,1,1,1,0,0,0,0
385,389,1,0,1,1,1,1,0,0,0,0
385,393,1,0,0,1,1,1,0,0,0,0
385,401,1,0,1,1,1,1,0,0,0,0
385,417,1,0,1,1,1,1,0,0,0,0
385,449,1,0,0,1,1,1,0,0,0,0
385,257,1,0,0,1,0,0,0,0,0,0
385,129,1,0,0,1,1,1,0,0,0,0
385,386,2,0,1,1,0,1,0,1,0,0
385,388,2,0,0,1,0,0,0,0,0,0
385,392,2,0,0,1,0,1,0,1,0,0
385,400,2,0,1,1,0,1,0,1,0,0
385,416,2,0,0,1,0,0,0,0,0,0
385,448,2,0,0,1,0,0,0,0,0,0
385,256,2,0,0,1,0,0,0,0,0,0
385,128,2,0,0,1,0,0,0,0,0,0
385,391,2,0,1,1,1,1,0,0,0,0
385,395,2,0,1,1,1,1,0,0,0,0
385,403,2,0,1,1,1,1,0,0,0,0
385,419,2,0,1,1,1,1,0,0,0,0
385,451,2,0,1,1,1,1,0,0,0,0
385,259,2,0,0,1,0,0,0,0,0,0
385,131,2,0,1,1,1,1,0,0,0,0
385,397,2,0,1,1,1,1,0,0,0,0
385,405,2,0,1,1,1,1,0,0,0,0
385,421,2,0,1,1,1,1,0,0,0,0
385,453,2,0,1,1,1,1,0,0,0,0
385,261,2,0,0,1,0,0,0,0,0,0
385,133,2,0,1,1,1,1,0,0,0,0
385,409,2,0,1,1,1,1,0,0,0,0
385,425,2,0,1,1,1,1,0,0,0,0
385,457,2,0,0,1,1,1,0,0,0,0
385,265,2,0,0,1,0,1,0,1,0,0
385,137,2,0,0,1,1,1,0,0,0,0
385,433,2,0,1,1,1,1,0,0,0,0
385,465,2,0,1,1,1,1,0,0,0,0
385,273,2,0,1,1,0,1,0,1,0,0
385,145,2,0,1,1,1,1,0,0,0,0
385,481,2,0,1,1,1,1,0,0,0,0
385,289,2,0,0,1,0,0,0,0,0,0
385,161,2,0,1,1,1,1,0,0,0,0
385,321,2,0,0,1,0,1,0,1,0,0
385,193,2,0,0,1,1,1,0,0,0,0
385,1,2,0,0,1,0,0,0,0,0,0
386,386,0,1,1,2,2,2,0,0,0,1
386,387,1,1,1,2,2,2,0,0,0,1
386,384,1,1,0,2,0,0,0,0,1,0
386,390,1,1,1,2,2,2,0,0,0,1
386,394,1,1,1,2,2,2,0,0,0,1
386,402,1,1,1,2,2,2,0,0,0,1
386,418,1,1,1,2,2,2,0,0,0,1
386,450,1,1,1,2,2,2,0,0,0,1
386,258,1,1,0,2,1,1,0,0,1,0
386,130,1,1,1,2,1,2,0,1,0,1
386,385,2,1,0,2,0,0,0,0,1,0
386,391,2,1,1,2,2,2,0,0,0,1
386,395,2,1,1,2,2,2,0,0,0,1
386,403,2,1,1,2,2,2,0,0,0,1
386,419,2,1,1,2,2,2,0,0,0,1
386,451,2,1,1,2,2,2,0,0,0,1
386,259,2,1,0,2,1,1,0,0,1,0
386,131,2,1,1,2,1,2,0,1,0,1
386,388,2,1,0,2,0,1,0,1,1,0
386,392,2,1,0,2,0,0,0,0,1,0
386,400,2,1,1,2,0,2,0,2,0,0
386,416,2,1,0,2,0,1,0,1,1,0
386,448,2,1,0,2,0,0,0,0,1,0
386,256,2,1,0,2,0,0,0,0,1,0
386,128,2,1,0,2,0,0,0,0,1,0
386,398,2,1,1,2,2,2,0,0,0,1
386,406,2,1,1,2,2,2,0,0,0,1
386,422,2,1,1,2,2,2,0,0,0,1
386,454,2,1,1,2,2,2,0,0,0,1
386,262,2,1,0,2,1,1,0,0,1,0
386,134,2,1,1,2,1,2,0,1,0,1
386,410,2,1,1,2,2,2,0,0,0,1
386,426,2,1,1,2,2,2,0,0,0,1
386,458,2,1,1,2,2,2,0,0,0,1
386,266,2,1,1,2,1,2,0,1,0,0
386,138,2,1,1,2,1,2,0,1,0,1
386,434,2,1,1,2,2,2,0,0,0,1
386,466,2,1,1,2,2,2,0,0,0,1
386,274,2,1,1,2,1,2,0,1,0,0
386,146,2,1,1,2,1,2,0,1,0,1
386,482,2,1,1,2,2,2,0,0,0,1
386,290,2,1,0,2,1,1,0,0,1,0
386,162,2,1,1,2,1,2,0,1,0,1
386,322,2,1,1,2,1,2,0,1,0,0
386,194,2,1,1,2,1,2,0,1,0,1
386,2,2,1,0,2,0,0,0,0,1,0
387,387,0,1,1,3,3,3,0,0,0,1
387,386,1,1,1,3,2,3,0,1,0,1
387,385,1,1,0,3,1,1,0,0,1,0
387,391,1,1,1,3,3,3,0,0,0,1
387,395,1,1,1,3,3,3,0,0,0,1
387,403,1,1,1,3,3,3,0,0,0,1
387,419,1,1,1,3,3,3,0,0,0,1
387,451,1,1,1,3,3,3,0,0,0,1
387,259,1,1,0,3,1,1,0,0,1,0
387,131,1,1,1,3,2,3,0,1,0,1
387,384,2,1,0,3,0,0,0,0,1,0
387,390,2,1,1,3,2,3,0,1,0,1
387,394,2,1,1,3,2,3,0,1,0,1
387,402,2,1,1,3,2,3,0,1,0,1
387,418,2,1,1,3,2,3,0,1,0,1
387,450,2,1,1,3,2,3,0,1,0,1
387,258,2,1,0,3,1,1,0,0,1,0
387,130,2,1,1,3,1,3,0,2,0,1
387,389,2,1,1,3,1,3,0,2,0,0
387,393,2,1,0,3,1,1,0,0,1,0
387,401,2,1,1,3,1,3,0,2,0,0
387,417,2,1,1,3,1,3,0,2,0,0
387,449,2,1,0,3,1,1,0,0,1,0
387,257,2,1,0,3,0,0,0,0,1,0
387,129,2,1,0,3,1,1,0,0,1,0
387,399,2,1,1,3,3,3,0,0,0,1
387,407,2,1,1,3,3,3,0,0,0,1
387,423,2,1,1,3,3,3,0,0,0,1
387,455,2,1,1,3,3,3,0,0,0,1
387,263,2,1,0,3,1,1,0,0,1,0
387,135,2,1,1,3,2,3,0,1,0,1
387,411,2,1,1,3,3,3,0,0,0,1
387,427,2,1,1,3,3,3,0,0,0,1
387,459,2,1,1,3,3,3,0,0,0,1
387,267,2,1,1,3,1,3,0,2,0,0
387,139,2,1,1,3,2,3,0,1,0,1
387,435,2,1,1,3,3,3,0,0,0,1
387,467,2,1,1,3,3,3,0,0,0,1
387,275,2,1,1,3,1,3,0,2,0,0
387,147,2,1,1,3,2,3,0,1,0,1
387,483,2,1,1,3,3,3,0,0,0,1
387,291,2,1,0,3,1,1,0,0,1,0
387,163,2,1,1,3,2,3,0,1,0,1
387,323,2,1,1,3,1,3,0,2,0,0
387,195,2,1,1,3,2,3,0,1,0,1
387,3,2,1,0,3,0,0,0,0,1,0
388,388,0,0,0,1,1,1,0,0,0,0
388,389,1,0,1,1,1,1,0,0,0,0
388,390,1,0,1,1,1,1,0,0,0,0
388,384,1,0,0,1,0,0,0,0,0,0
388,396,1,0,1,1,1,1,0,0,0,0
388,404,1,0,1,1,1,1,0,0,0,0
388,420,1,0,0,1,1,1,0,0,0,0
388,452,1,0,0,1,1,1,0,0,0,0
388,260,1,0,0,1,0,1,0,1,0,0
388,132,1,0,0,1,1,1,0,0,0,0
388,391,2,0,1,1,1,1,0,0,0,0
388,385,2,0,0,1,0,0,0,0,0,0
388,397,2,0,1,1,1,1,0,0,0,0
388,405,2,0,1,1,1,1,0,0,0,0
388,421,2,0,1,1,1,1,0,0,0,0
388,453,2,0,1,1,1,1,0,0,0,0
388,261,2,0,0,1,0,1,0,1,0,0
388,133,2,0,1,1,1,1,0,0,0,0
388,386,2,0,1,1,0,1,0,1,0,0
388,398,2,0,1,1,1,1,0,0,0,0
388,406,2,0,1,1,1,1,0,0,0,0
388,422,2,0,1,1,1,1,0,0,0,0
388,454,2,0,1,1,1,1,0,0,0,0
388,262,2,0,0,1,0,1,0,1,0,0
388,134,2,0,1,1,1,1,0,0,0,0
388,392,2,0,0,1,0,0,0,0,0,0
388,400,2,0,1,1,0,1,0,1,0,0
388,416,2,0,0,1,0,1,0,1,0,0
388,448,2,0,0,1,0,0,0,0,0,0
388,256,2,0,0,1,0,0,0,0,0,0
388,128,2,0,0,1,0,0,0,0,0,0
388,412,2,0,1,1,1,1,0,0,0,0
388,428,2,0,1,1,1,1,0,0,0,0
388,460,2,0,1,1,1,1,0,0,0,0
388,268,2,0,1,1,0,1,0,1,0,0
388,140,2,0,1,1,1,1,0,0,0,0
388,436,2,0,1,1,1,1,0,0,0,0
388,468,2,0,1,1,1,1,0,0,0,0
388,276,2,0,1,1,0,1,0,1,0,0
388,148,2,0,1,1,1,1,0,0,0,0
388,484,2,0,0,1,1,1,0,0,0,0
388,292,2,0,0,1,0,1,0,1,0,0
388,164,2,0,0,1,1,1,0,0,0,0
388,324,2,0,0,1,0,1,0,1,0,0
388,196,2,0,0,1,1,1,0,0,0,0
388,4,2,0,0,1,0,0,0,0,0,0
389,389,0,1,1,4,4,4,0,0,0,1
389,388,1,1,0,4,1,1,0,0,1,0
389,391,1,1,1,4,4,4,0,0,0,1
389,385,1,1,0,4,1,1,0,0,1,0
389,397,1,1,1,4,4,4,0,0,0,1
389,405,1,1,1,4,4,4,0,0,0,1
389,421,1,1,1,4,4,4,0,0,0,1
389,453,1,1,1,4,4,4,0,0,0,1
389,261,1,1,0,4,1,2,0,1,1,0
389,133,1,1,1,4,4,4,0,0,0,1
389,390,2,1,1,4,1,4,0,3,0,0
389,384,2,1,0,4,0,0,0,0,1,0
389,396,2,1,1,4,1,4,0,3,0,0
389,404,2,1,1,4,1,4,0,3,0,0
389,420,2,1,0,4,1,1,0,0,1,0
389,452,2,1,0,4,1,1,0,0,1,0
389,260,2,1,0,4,0,1,0,1,1,0
389,132,2,1,0,4,1,1,0,0,1,0
389,387,2,1,1,4,1,4,0,3,0,0
389,399,2,1,1,4,4,4,0,0,0,1
389,407,2,1,1,4,4,4,0,0,0,1
389,423,2,1,1,4,4,4,0,0,0,1
389,455,2,1,1,4,4,4,0,0,0,1
389,263,2,1,0,4,1,2,0,1,1,0
389,135,2,1,1,4,4,4,0,0,0,1
389,393,2,1,0,4,1,1,0,0,1,0
389,401,2,1,1,4,1,4,0,3,0,0
389,417,2,1,1,4,1,4,0,3,0,0
389,449,2,1,0,4,1,1,0,0,1,0
389,257,2,1,0,4,0,0,0,0,1,0
389,129,2,1,0,4,1,1,0,0,1,0
389,413,2,1,1,4,4,4,0,0,0,1
389,429,2,1,1,4,4,4,0,0,0,1
389,461,2,1,1,4,4,4,0,0,0,1
389,269,2,1,1,4,1,4,0,3,0,0
389,141,2,1,1,4,4,4,0,0,0,1
389,437,2,1,1,4,4,4,0,0,0,1
389,469,2,1,1,4,4,4,0,0,0,1
389,277,2,1,1,4,1,4,0,3,0,0
389,149,2,1,1,4,4,4,0,0,0,1
389,485,2,1,1,4,4,4,0,0,0,1
389,293,2,1,0,4,1,2,0,1,1,0
389,165,2,1,1,4,4,4,0,0,0,1
389,325,2,1,1,4,1,4,0,3,0,0
389,197,2,1,1,4,4,4,0,0,0,1
389,5,2,1,0,4,1,1,0,0,1,0
390,390,0,1,1,2,2,2,0,0,0,1
390,391,1,1,1,2,2,2,0,0,0,1
390,388,1,1,0,2,1,1,0,0,1,0
390,386,1,1,1,2,1,2,0,1,0,1
390,398,1,1,1,2,2,2,0,0,0,1
390,406,1,1,1,2,2,2,0,0,0,1
390,422,1,1,1,2,2,2,0,0,0,1
390,454,1,1,1,2,2,2,0,0,0,1
390,262,1,1,0,2,0,1,0,1,1,0
390,134,1,1,1,2,2,2,0,0,0,1
390,389,2,1,1,2,1,2,0,1,0,0
390,387,2,1,1,2,1,2,0,1,0,1
390,399,2,1,1,2,2,2,0,0,0,1
390,407,2,1,1,2,2,2,0,0,0,1
390,423,2,1,1,2,2,2,0,0,0,1
390,455,2,1,1,2,2,2,0,0,0,1
390,263,2,1,0,2,0,1,0,1,1,0
390,135,2,1,1,2,2,2,0,0,0,1
390,384,2,1,0,2,0,0,0,0,1,0
390,396,2,1,1,2,1,2,0,1,0,0
390,404,2,1,1,2,1,2,0,1,0,0
390,420,2,1,0,2,1,1,0,0,1,0
390,452,2,1,0,2,1,1,0,0,1,0
390,260,2,1,0,2,0,1,0,1,1,0
390,132,2,1,0,2,1,1,0,0,1,0
390,394,2,1,1,2,1,2,0,1,0,1
390,402,2,1,1,2,1,2,0,1,0,1
390,418,2,1,1,2,1,2,0,1,0,1
390,450,2,1,1,2,1,2,0,1,0,1
390,258,2,1,0,2,0,1,0,1,1,0
390,130,2,1,1,2,1,2,0,1,0,1
390,414,2,1,1,2,2,2,0,0,0,1
390,430,2,1,1,2,2,2,0,0,0,1
390,462,2,1,1,2,2,2,0,0,0,1
390,270,2,1,1,2,0,2,0,2,0,0
390,142,2,1,1,2,2,2,0,0,0,1
390,438,2,1,1,2,2,2,0,0,0,1
390,470,2,1,1,2,2,2,0,0,0,1
390,278,2,1,1,2,0,2,0,2,0,0
390,150,2,1,1,2,2,2,0,0,0,1
390,486,2,1,1,2,2,2,0,0,0,1
390,294,2,1,0,2,0,1,0,1,1,0
390,166,2,1,1,2,2,2,0,0,0,1
390,326,2,1,1,2,0,2,0,2,0,0
390,198,2,1,1,2,2,2,0,0,0,1
390,6,2,1,0,2,0,0,0,0,1,0
391,391,0,1,1,3,3,3,0,0,0,1
391,390,1,1,1,3,2,3,0,1,0,1
391,389,1,1,1,3,2,3,0,1,0,0
391,387,1,1,1,3,2,3,0,1,0,1
391,399,1,1,1,3,3,3,0,0,0,1
391,407,1,1,1,3,3,3,0,0,0,1
391,423,1,1,1,3,3,3,0,0,0,1
391,455,1,1,1,3,3,3,0,0,0,1
391,263,1,1,0,3,0,1,0,1,1,0
391,135,1,1,1,3,3,3,0,0,0,1
391,388,2,1,0,3,1,1,0,0,1,0
391,386,2,1,1,3,1,3,0,2,0,1
391,398,2,1,1,3,2,3,0,1,0,1
391,406,2,1,1,3,2,3,0,1,0,1
391,422,2,1,1,3,2,3,0,1,0,1
391,454,2,1,1,3,2,3,0,1,0,1
391,262,2,1,0,3,0,1,0,1,1,0
391,134,2,1,1,3,2,3,0,1,0,1
391,385,2,1,0,3,1,1,0,0,1,0
391,397,2,1,1,3,2,3,0,1,0,0
391,405,2,1,1,3,2,3,0,1,0,0
391,421,2,1,1,3,2,3,0,1,0,0
391,453,2,1,1,3,2,3,0,1,0,0
391,261,2,1,0,3,0,1,0,1,1,0
391,133,2,1,1,3,2,3,0,1,0,0
391,395,2,1,1,3,2,3,0,1,0,1
391,403,2,1,1,3,2,3,0,1,0,1
391,419,2,1,1,3,2,3,0,1,0,1
391,451,2,1,1,3,2,3,0,1,0,1
391,259,2,1,0,3,0,1,0,1,1,0
391,131,2,1,1,3,2,3,0,1,0,1
391,415,2,1,1,3,3,3,0,0,0,1
391,431,2,1,1,3,3,3,0,0,0,1
391,463,2,1,1,3,3,3,0,0,0,1
391,271,2,1,1,3,0,3,0,3,0,0
391,143,2,1,1,3,3,3,0,0,0,1
391,439,2,1,1,3,3,3,0,0,0,1
391,471,2,1,1,3,3,3,0,0,0,1
391,279,2,1,1,3,0,3,0,3,0,0
391,151,2,1,1,3,3,3,0,0,0,1
391,487,2,1,1,3,3,3,0,0,0,1
391,295,2,1,0,3,0,1,0,1,1,0
391,167,2,1,1,3,3,3,0,0,0,1
391,327,2,1,1,3,0,3,0,3,0,0
391,199,2,1,1,3,3,3,0,0,0,1
391,7,2,1,0,3,0,0,0,0,1,0
392,392,0,0,0,0,0,0,0,0,0,0
392,393,1,0,0,0,0,0,0,0,0,0
392,394,1,0,1,0,0,0,0,0,0,0
392,396,1,0,1,0,0,0,0,0,0,0
392,384,1,0,0,0,0,0,0,0,0,0
392,408,1,0,1,0,0,0,0,0,0,0
392,424,1,0,1,0,0,0,0,0,0,0
392,456,1,0,0,0,0,0,0,0,0,0
392,264,1,0,0,0,0,0,0,0,0,0
392,136,1,0,0,0,0,0,0,0,0,0
392,395,2,0,1,0,0,0,0,0,0,0
392,397,2,0,1,0,0,0,0,0,0,0
392,385,2,0,0,0,0,0,0,0,0,0
392,409,2,0,1,0,0,0,0,0,0,0
392,425,2,0,1,0,0,0,0,0,0,0
392,457,2,0,0,0,0,0,0,0,0,0
392,265,2,0,0,0,0,0,0,0,0,0
392,137,2,0,0,0,0,0,0,0,0,0
392,398,2,0,1,0,0,0,0,0,0,0
392,386,2,0,1,0,0,0,0,0,0,0
392,410,2,0,1,0,0,0,0,0,0,0
392,426,2,0,1,0,0,0,0,0,0,0
392,458,2,0,1,0,0,0,0,0,0,0
392,266,2,0,1,0,0,0,0,0,0,0
392,138,2,0,1,0,0,0,0,0,0,0
392,388,2,0,0,0,0,0,0,0,0,0
392,412,2,0,1,0,0,0,0,0,0,0
392,428,2,0,1,0,0,0,0,0,0,0
392,460,2,0,1,0,0,0,0,0,0,0
392,268,2,0,1,0,0,0,0,0,0,0
392,140,2,0,1,0,0,0,0,0,0,0
392,400,2,0,1,0,0,0,0,0,0,0
392,416,2,0,0,0,0,0,0,0,0,0
392,448,2,0,0,0,0,0,0,0,0,0
392,256,2,0,0,0,0,0,0,0,0,0
392,128,2,0,0,0,0,0,0,0,0,0
392,440,2,0,1,0,0,0,0,0,0,0
392,472,2,0,1,0,0,0,0,0,0,0
392,280,2,0,1,0,0,0,0,0,0,0
392,152,2,0,1,0,0,0,0,0,0,0
392,488,2,0,1,0,0,0,0,0,0,0
392,296,2,0,1,0,0,0,0,0,0,0
392,168,2,0,1,0,0,0,0,0,0,0
392,328,2,0,0,0,0,0,0,0,0,0
392,200,2,0,0,0,0,0,0,0,0,0
392,8,2,0,0,0,0,0,0,0,0,0
393,393,0,0,0,0,0,0,0,0,0,0
393,392,1,0,0,0,0,0,0,0,0,0
393,395,1,0,1,0,0,0,0,0,0,0
393,397,1,0,1,0,0,0,0,0,0,0
393,385,1,0,0,0,0,0,0,0,0,0
393,409,1,0,1,0,0,0,0,0,0,0
393,425,1,0,1,0,0,0,0,0,0,0
393,457,1,0,0,0,0,0,0,0,0,0
393,265,1,0,0,0,0,0,0,0,0,0
393,137,1,0,0,0,0,0,0,0,0,0
393,394,2,0,1,0,0,0,0,0,0,0
393,396,2,0,1,0,0,0,0,0,0,0
393,384,2,0,0,0,0,0,0,0,0,0
393,408,2,0,1,0,0,0,0,0,0,0
393,424,2,0,1,0,0,0,0,0,0,0
393,456,2,0,0,0,0,0,0,0,0,0
393,264,2,0,0,0,0,0,0,0,0,0
393,136,2,0,0,0,0,0,0,0,0,0
393,399,2,0,1,0,0,0,0,0,0,0
393,387,2,0,1,0,0,0,0,0,0,0
393,411,2,0,1,0,0,0,0,0,0,0
393,427,2,0,1,0,0,0,0,0,0,0
393,459,2,0,1,0,0,0,0,0,0,0
393,267,2,0,1,0,0,0,0,0,0,0
393,139,2,0,1,0,0,0,0,0,0,0
393,389,2,0,1,0,0,0,0,0,0,0
393,413,2,0,1,0,0,0,0,0,0,0
393,429,2,0,1,0,0,0,0,0,0,0
393,461,2,0,1,0,0,0,0,0,0,0
393,269,2,0,1,0,0,0,0,0,0,0
393,141,2,0,1,0,0,0,0,0,0,0
393,401,2,0,1,0,0,0,0,0,0,0
393,417,2,0,1,0,0,0,0,0,0,0
393,449,2,0,0,0,0,0,0,0,0,0
393,257,2,0,0,0,0,0,0,0,0,0
393,129,2,0,0,0,0,0,0,0,0,0
393,441,2,0,1,0,0,0,0,0,0,0
393,473,2,0,1,0,0,0,0,0,0,0
393,281,2,0,1,0,0,0,0,0,0,0
393,153,2,0,1,0,0,0,0,0,0,0
393,489,2,0,1,0,0,0,0,0,0,0
393,297,2,0,1,0,0,0,0,0,0,0
393,169,2,0,1,0,0,0,0,0,0,0
393,329,2,0,0,0,0,0,0,0,0,0
393,201,2,0,0,0,0,0,0,0,0,0
393,9,2,0,0,0,0,0,0,0,0,0
394,394,0,1,1,2,2,2,0,0,0,1
394,395,1,1,1,2,2,2,0,0,0,1
394,392,1,1,0,2,0,0,0,0,1,0
394,398,1,1,1,2,2,2,0,0,0,1
394,386,1,1,1,2,2,2,0,0,0,1
394,410,1,1,1,2,2,2,0,0,0,1
394,426,1,1,1,2,2,2,0,0,0,1
394,458,1,1,1,2,2,2,0,0,0,1
394,266,1,1,1,2,1,2,0,1,0,0
394,138,1,1,1,2,1,2,0,1,0,1
394,393,2,1,0,2,0,0,0,0,1,0
394,399,2,1,1,2,2,2,0,0,0,1
394,387,2,1,1,2,2,2,0,0,0,1
394,411,2,1,1,2,2,2,0,0,0,1
394,427,2,1,1,2,2,2,0,0,0,1
394,459,2,1,1,2,2,2,0,0,0,1
394,267,2,1,1,2,1,2,0,1,0,0
394,139,2,1,1,2,1,2,0,1,0,1
394,396,2,1,1,2,0,2,0,2,0,0
394,384,2,1,0,2,0,0,0,0,1,0
394,408,2,1,1,2,0,2,0,2,0,0
394,424,2,1,1,2,0,2,0,2,0,0
394,456,2,1,0,2,0,0,0,0,1,0
394,264,2,1,0,2,0,0,0,0,1,0
394,136,2,1,0,2,0,0,0,0,1,0
394,390,2,1,1,2,2,2,0,0,0,1
394,414,2,1,1,2,2,2,0,0,0,1
394,430,2,1,1,2,2,2,0,0,0,1
394,462,2,1,1,2,2,2,0,0,0,1
394,270,2,1,1,2,1,2,0,1,0,0
394,142,2,1,1,2,1,2,0,1,0,1
394,402,2,1,1,2,2,2,0,0,0,1
394,418,2,1,1,2,2,2,0,0,0,1
394,450,2,1,1,2,2,2,0,0,0,1
394,258,2,1,0,2,1,1,0,0,1,0
394,130,2,1,1,2,1,2,0,1,0,1
394,442,2,1,1,2,2,2,0,0,0,1
394,474,2,1,1,2,2,2,0,0,0,1
394,282,2,1,1,2,1,2,0,1,0,0
394,154,2,1,1,2,1,2,0,1,0,1
394,490,2,1,1,2,2,2,0,0,0,1
394,298,2,1,1,2,1,2,0,1,0,0
394,170,2,1,1,2,1,2,0,1,0,1
394,330,2,1,1,2,1,2,0,1,0,0
394,202,2,1,1,2,1,2,0,1,0,1
394,10,2,1,0,2,0,0,0,0,1,0
395,395,0,1,1,2,2,2,0,0,0,1
395,394,1,1,1,2,2,2,0,0,0,1
395,393,1,1,0,2,0,0,0,0,1,0
395,399,1,1,1,2,2,2,0,0,0,1
395,387,1,1,1,2,2,2,0,0,0,1
395,411,1,1,1,2,2,2,0,0,0,1
395,427,1,1,1,2,2,2,0,0,0,1
395,459,1,1,1,2,2,2,0,0,0,1
395,267,1,1,1,2,1,2,0,1,0,0
395,139,1,1,1,2,1,2,0,1,0,1
395,392,2,1,0,2,0,0,0,0,1,0
395,398,2,1,1,2,2,2,0,0,0,1
395,386,2,1,1,2,2,2,0,0,0,1
395,410,2,1,1,2,2,2,0,0,0,1
395,426,2,1,1,2,2,2,0,0,0,1
395,458,2,1,1,2,2,2,0,0,0,1
395,266,2,1,1,2,1,2,0,1,0,0
395,138,2,1,1,2,1,2,0,1,0,1
395,397,2,1,1,2,0,2,0,2,0,0
395,385,2,1,0,2,0,0,0,0,1,0
395,409,2,1,1,2,0,2,0,2,0,0
395,425,2,1,1,2,0,2,0,2,0,0
395,457,2,1,0,2,0,0,0,0,1,0
395,265,2,1,0,2,0,0,0,0,1,0
395,137,2,1,0,2,0,0,0,0,1,0
395,391,2,1,1,2,2,2,0,0,0,1
395,415,2,1,1,2,2,2,0,0,0,1
395,431,2,1,1,2,2,2,0,0,0,1
395,463,2,1,1,2,2,2,0,0,0,1
395,271,2,1,1,2,1,2,0,1,0,0
395,143,2,1,1,2,1,2,0,1,0,1
395,403,2,1,1,2,2,2,0,0,0,1
395,419,2,1,1,2,2,2,0,0,0,1
395,451,2,1,1,2,2,2,0,0,0,1
395,259,2,1,0,2,1,1,0,0,1,0
395,131,2,1,1,2,1,2,0,1,0,1
395,443,2,1,1,2,2,2,0,0,0,1
395,475,2,1,1,2,2,2,0,0,0,1
395,283,2,1,1,2,1,2,0,1,0,0
395,155,2,1,1,2,1,2,0,1,0,1
395,491,2,1,1,2,2,2,0,0,0,1
395,299,2,1,1,2,1,2,0,1,0,0
395,171,2,1,1,2,1,2,0,1,0,1
395,331,2,1,1,2,1,2,0,1,0,0
395,203,2,1,1,2,1,2,0,1,0,1
395,11,2,1,0,2,0,0,0,0,1,0
396,396,0,1,1,3,3,3,0,0,0,1
396,397,1,1,1,3,3,3,0,0,0,1
396,398,1,1,1,3,3,3,0,0,0,1
396,392,1,1,0,3,0,0,0,0,1,0
396,388,1,1,0,3,1,1,0,0,1,0
396,412,1,1,1,3,3,3,0,0,0,1
396,428,1,1,1,3,3,3,0,0,0,1
396,460,1,1,1,3,3,3,0,0,0,1
396,268,1,1,1,3,1,3,0,2,0,0
396,140,1,1,1,3,3,3,0,0,0,1
396,399,2,1,1,3,3,3,0,0,0,1
396,393,2,1,0,3,0,0,0,0,1,0
396,389,2,1,1,3,1,3,0,2,0,0
396,413,2,1,1,3,3,3,0,0,0,1
396,429,2,1,1,3,3,3,0,0,0,1
396,461,2,1,1,3,3,3,0,0,0,1
396,269,2,1,1,3,1,3,0,2,0,0
396,141,2,1,1,3,3,3,0,0,0,1
396,394,2,1,1,3,0,3,0,3,0,0
396,390,2,1,1,3,1,3,0,2,0,0
396,414,2,1,1,3,3,3,0,0,0,1
396,430,2,1,1,3,3,3,0,0,0,1
396,462,2,1,1,3,3,3,0,0,0,1
396,270,2,1,1,3,1,3,0,2,0,0
396,142,2,1,1,3,3,3,0,0,0,1
396,384,2,1,0,3,0,0,0,0,1,0
396,408,2,1,1,3,0,3,0,3,0,0
396,424,2,1,1,3,0,3,0,3,0,0
396,456,2,1,0,3,0,0,0,0,1,0
396,264,2,1,0,3,0,0,0,0,1,0
396,136,2,1,0,3,0,0,0,0,1,0
396,404,2,1,1,3,1,3,0,2,0,0
396,420,2,1,0,3,1,1,0,0,1,0
396,452,2,1,0,3,1,1,0,0,1,0
396,260,2,1,0,3,0,1,0,1,1,0
396,132,2,1,0,3,1,1,0,0,1,0
396,444,2,1,1,3,3,3,0,0,0,1
396,476,2,1,1,3,3,3,0,0,0,1
396,284,2,1,1,3,1,3,0,2,0,0
396,156,2,1,1,3,3,3,0,0,0,1
396,492,2,1,1,3,3,3,0,0,0,1
396,300,2,1,1,3,1,3,0,2,0,0
396,172,2,1,1,3,3,3,0,0,0,1
396,332,2,1,1,3,1,3,0,2,0,0
396,204,2,1,1,3,3,3,0,0,0,1
396,12,2,1,0,3,1,1,0,0,1,0
397,397,0,1,1,3,3,3,0,0,0,1
397,396,1,1,1,3,1,3,0,2,0,0
397,399,1,1,1,3,3,3,0,0,0,1
397,393,1,1,0,3,0,0,0,0,1,0
397,389,1,1,1,3,3,3,0,0,0,1
397,413,1,1,1,3,3,3,0,0,0,1
397,429,1,1,1,3,3,3,0,0,0,1
397,461,1,1,1,3,3,3,0,0,0,1
397,269,1,1,1,3,1,3,0,2,0,0
397,141,1,1,1,3,3,3,0,0,0,1
397,398,2,1,1,3,1,3,0,2,0,0
397,392,2,1,0,3,0,0,0,0,1,0
397,388,2,1,0,3,1,1,0,0,1,0
397,412,2,1,1,3,1,3,0,2,0,0
397,428,2,1,1,3,1,3,0,2,0,0
397,460,2,1,1,3,1,3,0,2,0,0
397,268,2,1,1,3,0,3,0,3,0,0
397,140,2,1,1,3,1,3,0,2,0,0
397,395,2,1,1,3,0,3,0,3,0,0
397,391,2,1,1,3,3,3,0,0,0,1
397,415,2,1,1,3,3,3,0,0,0,1
397,431,2,1,1,3,3,3,0,0,0,1
397,463,2,1,1,3,3,3,0,0,0,1
397,271,2,1,1,3,1,3,0,2,0,0
397,143,2,1,1,3,3,3,0,0,0,1
397,385,2,1,0,3,0,0,0,0,1,0
397,409,2,1,1,3,0,3,0,3,0,0
397,425,2,1,1,3,0,3,0,3,0,0
397,457,2,1,0,3,0,0,0,0,1,0
397,265,2,1,0,3,0,0,0,0,1,0
397,137,2,1,0,3,0,0,0,0,1,0
397,405,2,1,1,3,3,3,0,0,0,1
397,421,2,1,1,3,3,3,0,0,0,1
397,453,2,1,1,3,3,3,0,0,0,1
397,261,2,1,0,3,1,2,0,1,1,0
397,133,2,1,1,3,3,3,0,0,0,1
397,445,2,1,1,3,3,3,0,0,0,1
397,477,2,1,1,3,3,3,0,0,0,1
397,285,2,1,1,3,1,3,0,2,0,0
397,157,2,1,1,3,3,3,0,0,0,1
397,493,2,1,1,3,3,3,0,0,0,1
397,301,2,1,1,3,1,3,0,2,0,0
397,173,2,1,1,3,3,3,0,0,0,1
397,333,2,1,1,3,1,3,0,2,0,0
397,205,2,1,1,3,3,3,0,0,0,1
397,13,2,1,0,3,1,1,0,0,1,0
398,398,0,1,1,2,2,2,0,0,0,1
398,399,1,1,1,2,2,2,0,0,0,1
398,396,1,1,1,2,1,2,0,1,0,0
398,394,1,1,1,2,1,2,0,1,0,1
398,390,1,1,1,2,2,2,0,0,0,1
398,414,1,1,1,2,2,2,0,0,0,1
398,430,1,1,1,2,2,2,0,0,0,1
398,462,1,1,1,2,2,2,0,0,0,1
398,270,1,1,1,2,0,2,0,2,0,0
398,142,1,1,1,2,2,2,0,0,0,1
398,397,2,1,1,2,1,2,0,1,0,0
398,395,2,1,1,2,1,2,0,1,0,1
398,391,2,1,1,2,2,2,0,0,0,1
398,415,2,1,1,2,2,2,0,0,0,1
398,431,2,1,1,2,2,2,0,0,0,1
398,463,2,1,1,2,2,2,0,0,0,1
398,271,2,1,1,2,0,2,0,2,0,0
398,143,2,1,1,2,2,2,0,0,0,1
398,392,2,1,0,2,0,0,0,0,1,0
398,388,2,1,0,2,1,1,0,0,1,0
398,412,2,1,1,2,1,2,0,1,0,0
398,428,2,1,1,2,1,2,0,1,0,0
398,460,2,1,1,2,1,2,0,1,0,0
398,268,2,1,1,2,0,2,0,2,0,0
398,140,2,1,1,2,1,2,0,1,0,0
398,386,2,1,1,2,1,2,0,1,0,1
398,410,2,1,1,2,1,2,0,1,0,1
398,426,2,1,1,2,1,2,0,1,0,1
398,458,2,1,1,2,1,2,0,1,0,1
398,266,2,1,1,2,0,2,0,2,0,0
398,138,2,1,1,2,1,2,0,1,0,1
398,406,2,1,1,2,2,2,0,0,0,1
398,422,2,1,1,2,2,2,0,0,0,1
398,454,2,1,1,2,2,2,0,0,0,1
398,262,2,1,0,2,0,1,0,1,1,0
398,134,2,1,1,2,2,2,0,0,0,1
398,446,2,1,1,2,2,2,0,0,0,1
398,478,2,1,1,2,2,2,0,0,0,1
398,286,2,1,1,2,0,2,0,2,0,0
398,158,2,1,1,2,2,2,0,0,0,1
398,494,2,1,1,2,2,2,0,0,0,1
398,302,2,1,1,2,0,2,0,2,0,0
398,174,2,1,1,2,2,2,0,0,0,1
398,334,2,1,1,2,0,2,0,2,0,0
398,206,2,1,1,2,2,2,0,0,0,1
398,14,2,1,0,2,0,0,0,0,1,0
399,399,0,1,1,2,2,2,0,0,0,1
399,398,1,1,1,2,2,2,0,0,0,1
399,397,1,1,1,2,1,2,0,1,0,0
399,395,1,1,1,2,1,2,0,1,0,1
399,391,1,1,1,2,2,2,0,0,0,1
399,415,1,1,1,2,2,2,0,0,0,1
399,431,1,1,1,2,2,2,0,0,0,1
399,463,1,1,1,2,2,2,0,0,0,1
399,271,1,1,1,2,0,2,0,2,0,0
399,143,1,1,1,2,2,2,0,0,0,1
399,396,2,1,1,2,1,2,0,1,0,0
399,394,2,1,1,2,1,2,0,1,0,1
399,390,2,1,1,2,2,2,0,0,0,1
399,414,2,1,1,2,2,2,0,0,0,1
399,430,2,1,1,2,2,2,0,0,0,1
399,462,2,1,1,2,2,2,0,0,0,1
399,270,2,1,1,2,0,2,0,2,0,0
399,142,2,1,1,2,2,2,0,0,0,1
399,393,2,1,0,2,0,0,0,0,1,0
399,389,2,1,1,2,1,2,0,1,0,0
399,413,2,1,1,2,1,2,0,1,0,0
399,429,2,1,1,2,1,2,0,1,0,0
399,461,2,1,1,2,1,2,0,1,0,0
399,269,2,1,1,2,0,2,0,2,0,0
399,141,2,1,1,2,1,2,0,1,0,0
399,387,2,1,1,2,1,2,0,1,0,1
399,411,2,1,1,2,1,2,0,1,0,1
399,427,2,1,1,2,1,2,0,1,0,1
399,459,2,1,1,2,1,2,0,1,0,1
399,267,2,1,1,2,0,2,0,2,0,0
399,139,2,1,1,2,1,2,0,1,0,1
399,407,2,1,1,2,2,2,0,0,0,1
399,423,2,1,1,2,2,2,0,0,0,1
399,455,2,1,1,2,2,2,0,0,0,1
399,263,2,1,0,2,0,1,0,1,1,0
399,135,2,1,1,2,2,2,0,0,0,1
399,447,2,1,1,2,2,2,0,0,0,1
399,479,2,1,1,2,2,2,0,0,0,1
399,287,2,1,1,2,0,2,0,2,0,0
399,159,2,1,1,2,2,2,0,0,0,1
399,495,2,1,1,2,2,2,0,0,0,1
399,303,2,1,1,2,0,2,0,2,0,0
399,175,2,1,1,2,2,2,0,0,0,1
399,335,2,1,1,2,0,2,0,2,0,0
399,207,2,1,1,2,2,2,0,0,0,1
399,15,2,1,0,2,0,0,0,0,1,0
400,400,0,1,1,0,0,0,0,0,0,1
400,401,1,1,1,0,0,0,0,0,0,1
400,402,1,1,1,0,0,0,0,0,0,1
400,404,1,1,1,0,0,0,0,0,0,1
400,408,1,1,1,0,0,0,0,0,0,1
400,384,1,1,0,0,0,0,0,0,1,0
400,432,1,1,1,0,0,0,0,0,0,1
400,464,1,1,1,0,0,0,0,0,0,1
400,272,1,1,1,0,0,0,0,0,0,1
400,144,1,1,1,0,0,0,0,0,0,1
400,403,2,1,1,0,0,0,0,0,0,1
400,405,2,1,1,0,0,0,0,0,0,1
400,409,2,1,1,0,0,0,0,0,0,1
400,385,2,1,0,0,0,0,0,0,1,0
400,433,2,1,1,0,0,0,0,0,0,1
400,465,2,1,1,0,0,0,0,0,0,1
400,273,2,1,1,0,0,0,0,0,0,1
400,145,2,1,1,0,0,0,0,0,0,1
400,406,2,1,1,0,0,0,0,0,0,1
400,410,2,1,1,0,0,0,0,0,0,1
400,386,2,1,1,0,0,0,0,0,0,0
400,434,2,1,1,0,0,0,0,0,0,1
400,466,2,1,1,0,0,0,0,0,0,1
400,274,2,1,1,0,0,0,0,0,0,1
400,146,2,1,1,0,0,0,0,0,0,1
400,412,2,1,1,0,0,0,0,0,0,1
400,388,2,1,0,0,0,0,0,0,1,0
400,436,2,1,1,0,0,0,0,0,0,1
400,468,2,1,1,0,0,0,0,0,0,1
400,276,2,1,1,0,0,0,0,0,0,1
400,148,2,1,1,0,0,0,0,0,0,1
400,392,2,1,0,0,0,0,0,0,1,0
400,440,2,1,1,0,0,0,0,0,0,1
400,472,2,1,1,0,0,0,0,0,0,1
400,280,2,1,1,0,0,0,0,0,0,1
400,152,2,1,1,0,0,0,0,0,0,1
400,416,2,1,0,0,0,0,0,0,1,0
400,448,2,1,0,0,0,0,0,0,1,0
400,256,2,1,0,0,0,0,0,0,1,0
400,128,2,1,0,0,0,0,0,0,1,0
400,496,2,1,1,0,0,0,0,0,0,1
400,304,2,1,1,0,0,0,0,0,0,1
400,176,2,1,1,0,0,0,0,0,0,1
400,336,2,1,1,0,0,0,0,0,0,1
400,208,2,1,1,0,0,0,0,0,0,1
400,16,2,1,1,0,0,0,0,0,0,1
401,401,0,1,1,1,1,1,0,0,0,1
401,400,1,1,1,1,0,1,0,1,0,1
401,403,1,1,1,1,1,1,0,0,0,1
401,405,1,1,1,1,1,1,0,0,0,1
401,409,1,1,1,1,1,1,0,0,0,1
401,385,1,1,0,1,1,1,0,0,1,0
401,433,1,1,1,1,1,1,0,0,0,1
401,465,1,1,1,1,1,1,0,0,0,1
401,273,1,1,1,1,0,1,0,1,0,1
401,145,1,1,1,1,1,1,0,0,0,1
401,402,2,1,1,1,0,1,0,1,0,1
401,404,2,1,1,1,0,1,0,1,0,1
401,408,2,1,1,1,0,1,0,1,0,1
401,384,2,1,0,1,0,0,0,0,1,0
401,432,2,1,1,1,0,1,0,1,0,1
401,464,2,1,1,1,0,1,0,1,0,1
401,272,2,1,1,1,0,1,0,1,0,1
401,144,2,1,1,1,0,1,0,1,0,1
401,407,2,1,1,1,1,1,0,0,0,1
401,411,2,1,1,1,1,1,0,0,0,1
401,387,2,1,1,1,1,1,0,0,0,0
401,435,2,1,1,1,1,1,0,0,0,1
401,467,2,1,1,1,1,1,0,0,0,1
401,275,2,1,1,1,0,1,0,1,0,1
401,147,2,1,1,1,1,1,0,0,0,1
401,413,2,1,1,1,1,1,0,0,0,1
401,389,2,1,1,1,1,1,0,0,0,0
401,437,2,1,1,1,1,1,0,0,0,1
401,469,2,1,1,1,1,1,0,0,0,1
401,277,2,1,1,1,0,1,0,1,0,1
401,149,2,1,1,1,1,1,0,0,0,1
401,393,2,1,0,1,1,1,0,0,1,0
401,441,2,1,1,1,1,1,0,0,0,1
401,473,2,1,1,1,1,1,0,0,0,1
401,281,2,1,1,1,0,1,0,1,0,1
401,153,2,1,1,1,1,1,0,0,0,1
401,417,2,1,1,1,1,1,0,0,0,0
401,449,2,1,0,1,1,1,0,0,1,0
401,257,2,1,0,1,0,0,0,0,1,0
401,129,2,1,0,1,1,1,0,0,1,0
401,497,2,1,1,1,1,1,0,0,0,1
401,305,2,1,1,1,0,1,0,1,0,1
401,177,2,1,1,1,1,1,0,0,0,1
401,337,2,1,1,1,0,1,0,1,0,1
401,209,2,1,1,1,1,1,0,0,0,1
401,17,2,1,1,1,0,1,0,1,0,1
402,402,0,1,1,1,1,1,0,0,0,1
402,403,1,1,1,1,1,1,0,0,0,1
402,400,1,1,1,1,0,1,0,1,0,1
402,406,1,1,1,1,1,1,0,0,0,1
402,410,1,1,1,1,1,1,0,0,0,1
402,386,1,1,1,1,1,1,0,0,0,0
402,434,1,1,1,1,1,1,0,0,0,1
402,466,1,1,1,1,1,1,0,0,0,1
402,274,1,1,1,1,1,1,0,0,0,1
402,146,1,1,1,1,0,1,0,1,0,1
402,401,2,1,1,1,0,1,0,1,0,1
402,407,2,1,1,1,1,1,0,0,0,1
402,411,2,1,1,1,1,1,0,0,0,1
402,387,2,1,1,1,1,1,0,0,0,0
402,435,2,1,1,1,1,1,0,0,0,1
402,467,2,1,1,1,1,1,0,0,0,1
402,275,2,1,1,1,1,1,0,0,0,1
402,147,2,1,1,1,0,1,0,1,0,1
402,404,2,1,1,1,0,1,0,1,0,1
402,408,2,1,1,1,0,1,0,1,0,1
402,384,2,1,0,1,0,0,0,0,1,0
402,432,2,1,1,1,0,1,0,1,0,1
402,464,2,1,1,1,0,1,0,1,0,1
402,272,2,1,1,1,0,1,0,1,0,1
402,144,2,1,1,1,0,1,0,1,0,1
402,414,2,1,1,1,1,1,0,0,0,1
402,390,2,1,1,1,1,1,0,0,0,0
402,438,2,1,1,1,1,1,0,0,0,1
402,470,2,1,1,1,1,1,0,0,0,1
402,278,2,1,1,1,1,1,0,0,0,1
402,150,2,1,1,1,0,1,0,1,0,1
402,394,2,1,1,1,1,1,0,0,0,0
402,442,2,1,1,1,1,1,0,0,0,1
402,474,2,1,1,1,1,1,0,0,0,1
402,282,2,1,1,1,1,1,0,0,0,1
402,154,2,1,1,1,0,1,0,1,0,1
402,418,2,1,1,1,1,1,0,0,0,0
402,450,2,1,1,1,1,1,0,0,0,0
402,258,2,1,0,1,1,1,0,0,1,0
402,130,2,1,1,1,0,1,0,1,0,0
402,498,2,1,1,1,1,1,0,0,0,1
402,306,2,1,1,1,1,1,0,0,0,1
402,178,2,1,1,1,0,1,0,1,0,1
402,338,2,1,1,1,1,1,0,0,0,1
402,210,2,1,1,1,0,1,0,1,0,1
402,18,2,1,1,1,0,1,0,1,0,1
403,403,0,1,1,2,2,2,0,0,0,1
403,402,1,1,1,2,1,2,0,1,0,1
403,401,1,1,1,2,1,2,0,1,0,1
403,407,1,1,1,2,2,2,0,0,0,1
403,411,1,1,1,2,2,2,0,0,0,1
403,387,1,1,1,2,2,2,0,0,0,0
403,435,1,1,1,2,2,2,0,0,0,1
403,467,1,1,1,2,2,2,0,0,0,1
403,275,1,1,1,2,1,2,0,1,0,1
403,147,1,1,1,2,1,2,0,1,0,1
403,400,2,1,1,2,0,2,0,2,0,1
403,406,2,1,1,2,1,2,0,1,0,1
403,410,2,1,1,2,1,2,0,1,0,1
403,386,2,1,1,2,1,2,0,1,0,0
403,434,2,1,1,2,1,2,0,1,0,1
403,466,2,1,1,2,1,2,0,1,0,1
403,274,2,1,1,2,1,2,0,1,0,1
403,146,2,1,1,2,0,2,0,2,0,1
403,405,2,1,1,2,1,2,0,1,0,1
403,409,2,1,1,2,1,2,0,1,0,1
403,385,2,1,0,2,1,1,0,0,1,0
403,433,2,1,1,2,1,2,0,1,0,1
403,465,2,1,1,2,1,2,0,1,0,1
403,273,2,1,1,2,0,2,0,2,0,1
403,145,2,1,1,2,1,2,0,1,0,1
403,415,2,1,1,2,2,2,0,0,0,1
403,391,2,1,1,2,2,2,0,0,0,0
403,439,2,1,1,2,2,2,0,0,0,1
403,471,2,1,1,2,2,2,0,0,0,1
403,279,2,1,1,2,1,2,0,1,0,1
403,151,2,1,1,2,1,2,0,1,0,1
403,395,2,1,1,2,2,2,0,0,0,0
403,443,2,1,1,2,2,2,0,0,0,1
403,475,2,1,1,2,2,2,0,0,0,1
403,283,2,1,1,2,1,2,0,1,0,1
403,155,2,1,1,2,1,2,0,1,0,1
403,419,2,1,1,2,2,2,0,0,0,0
403,451,2,1,1,2,2,2,0,0,0,0
403,259,2,1,0,2,1,1,0,0,1,0
403,131,2,1,1,2,1,2,0,1,0,0
403,499,2,1,1,2,2,2,0,0,0,1
403,307,2,1,1,2,1,2,0,1,0,1
403,179,2,1,1,2,1,2,0,1,0,1
403,339,2,1,1,2,1,2,0,1,0,1
403,211,2,1,1,2,1,2,0,1,0,1
403,19,2,1,1,2,0,2,0,2,0,1
404,404,0,1,1,1,1,1,0,0,0,1
404,405,1,1,1,1,1,1,0,0,0,1
404,406,1,1,1,1,1,1,0,0,0,1
404,400,1,1,1,1,0,1,0,1,0,1
404,412,1,1,1,1,1,1,0,0,0,1
404,388,1,1,0,1,1,1,0,0,1,0
404,436,1,1,1,1,1,1,0,0,0,1
404,468,1,1,1,1,1,1,0,0,0,1
404,276,1,1,1,1,0,1,0,1,0,1
404,148,1,1,1,1,1,1,0,0,0,1
404,407,2,1,1,1,1,1,0,0,0,1
404,401,2,1,1,1,0,1,0,1,0,1
404,413,2,1,1,1,1,1,0,0,0,1
404,389,2,1,1,1,1,1,0,0,0,0
404,437,2,1,1,1,1,1,0,0,0,1
404,469,2,1,1,1,1,1,0,0,0,1
404,277,2,1,1,1,0,1,0,1,0,1
404,149,2,1,1,1,1,1,0,0,0,1
404,402,2,1,1,1,0,1,0,1,0,1
404,414,2,1,1,1,1,1,0,0,0,1
404,390,2,1,1,1,1,1,0,0,0,0
404,438,2,1,1,1,1,1,0,0,0,1
404,470,2,1,1,1,1,1,0,0,0,1
404,278,2,1,1,1,0,1,0,1,0,1
404,150,2,1,1,1,1,1,0,0,0,1
404,408,2,1,1,1,0,1,0,1,0,1
404,384,2,1,0,1,0,0,0,0,1,0
404,432,2,1,1,1,0,1,0,1,0,1
404,464,2,1,1,1,0,1,0,1,0,1
404,272,2,1,1,1,0,1,0,1,0,1
404,144,2,1,1,1,0,1,0,1,0,1
404,396,2,1,1,1,1,1,0,0,0,0
404,444,2,1,1,1,1,1,0,0,0,1
404,476,2,1,1,1,1,1,0,0,0,1
404,284,2,1,1,1,0,1,0,1,0,1
404,156,2,1,1,1,1,1,0,0,0,1
404,420,2,1,0,1,1,1,0,0,1,0
404,452,2,1,0,1,1,1,0,0,1,0
404,260,2,1,0,1,0,1,0,1,1,0
404,132,2,1,0,1,1,1,0,0,1,0
404,500,2,1,1,1,1,1,0,0,0,1
404,308,2,1,1,1,0,1,0,1,0,1
404,180,2,1,1,1,1,1,0,0,0,1
404,340,2,1,1,1,0,1,0,1,0,1
404,212,2,1,1,1,1,1,0,0,0,1
404,20,2,1,1,1,0,1,0,1,0,1
405,405,0,1,1,3,3,3,0,0,0,1
405,404,1,1,1,3,1,3,0,2,0,1
405,407,1,1,1,3,3,3,0,0,0,1
405,401,1,1,1,3,1,3,0,2,0,1
405,413,1,1,1,3,3,3,0,0,0,1
405,389,1,1,1,3,3,3,0,0,0,0
405,437,1,1,1,3,3,3,0,0,0,1
405,469,1,1,1,3,3,3,0,0,0,1
405,277,1,1,1,3,1,3,0,2,0,1
405,149,1,1,1,3,3,3,0,0,0,1
405,406,2,1,1,3,1,3,0,2,0,1
405,400,2,1,1,3,0,3,0,3,0,1
405,412,2,1,1,3,1,3,0,2,0,1
405,388,2,1,0,3,1,1,0,0,1,0
405,436,2,1,1,3,1,3,0,2,0,1
405,468,2,1,1,3,1,3,0,2,0,1
405,276,2,1,1,3,0,3,0,3,0,1
405,148,2,1,1,3,1,3,0,2,0,1
405,403,2,1,1,3,1,3,0,2,0,1
405,415,2,1,1,3,3,3,0,0,0,1
405,391,2,1,1,3,3,3,0,0,0,0
405,439,2,1,1,3,3,3,0,0,0,1
405,471,2,1,1,3,3,3,0,0,0,1
405,279,2,1,1,3,1,3,0,2,0,1
405,151,2,1,1,3,3,3,0,0,0,1
405,409,2,1,1,3,1,3,0,2,0,1
405,385,2,1,0,3,1,1,0,0,1,0
405,433,2,1,1,3,1,3,0,2,0,1
405,465,2,1,1,3,1,3,0,2,0,1
405,273,2,1,1,3,0,3,0,3,0,1
405,145,2,1,1,3,1,3,0,2,0,1
405,397,2,1,1,3,3,3,0,0,0,0
405,445,2,1,1,3,3,3,0,0,0,1
405,477,2,1,1,3,3,3,0,0,0,1
405,285,2,1,1,3,1,3,0,2,0,1
405,157,2,1,1,3,3,3,0,0,0,1
405,421,2,1,1,3,3,3,0,0,0,0
405,453,2,1,1,3,3,3,0,0,0,0
405,261,2,1,0,3,1,2,0,1,1,0
405,133,2,1,1,3,3,3,0,0,0,0
405,501,2,1,1,3,3,3,0,0,0,1
405,309,2,1,1,3,1,3,0,2,0,1
405,181,2,1,1,3,3,3,0,0,0,1
405,341,2,1,1,3,1,3,0,2,0,1
405,213,2,1,1,3,3,3,0,0,0,1
405,21,2,1,1,3,1,3,0,2,0,1
406,406,0,1,1,1,1,1,0,0,0,1
406,407,1,1,1,1,1,1,0,0,0,1
406,404,1,1,1,1,1,1,0,0,0,1
406,402,1,1,1,1,0,1,0,1,0,1
406,414,1,1,1,1,1,1,0,0,0,1
406,390,1,1,1,1,1,1,0,0,0,0
406,438,1,1,1,1,1,1,0,0,0,1
406,470,1,1,1,1,1,1,0,0,0,1
406,278,1,1,1,1,0,1,0,1,0,1
406,150,1,1,1,1,1,1,0,0,0,1
406,405,2,1,1,1,1,1,0,0,0,1
406,403,2,1,1,1,0,1,0,1,0,1
406,415,2,1,1,1,1,1,0,0,0,1
406,391,2,1,1,1,1,1,0,0,0,0
406,439,2,1,1,1,1,1,0,0,0,1
406,471,2,1,1,1,1,1,0,0,0,1
406,279,2,1,1,1,0,1,0,1,0,1
406,151,2,1,1,1,1,1,0,0,0,1
406,400,2,1,1,1,0,1,0,1,0,1
406,412,2,1,1,1,1,1,0,0,0,1
406,388,2,1,0,1,1,1,0,0,1,0
406,436,2,1,1,1,1,1,0,0,0,1
406,468,2,1,1,1,1,1,0,0,0,1
406,276,2,1,1,1,0,1,0,1,0,1
406,148,2,1,1,1,1,1,0,0,0,1
406,410,2,1,1,1,0,1,0,1,0,1
406,386,2,1,1,1,0,1,0,1,0,0
406,434,2,1,1,1,0,1,0,1,0,1
406,466,2,1,1,1,0,1,0,1,0,1
406,274,2,1,1,1,0,1,0,1,0,1
406,146,2,1,1,1,0,1,0,1,0,1
406,398,2,1,1,1,1,1,0,0,0,0
406,446,2,1,1,1,1,1,0,0,0,1
406,478,2,1,1,1,1,1,0,0,0,1
406,286,2,1,1,1,0,1,0,1,0,1
406,158,2,1,1,1,1,1,0,0,0,1
406,422,2,1,1,1,1,1,0,0,0,0
406,454,2,1,1,1,1,1,0,0,0,0
406,262,2,1,0,1,0,1,0,1,1,0
406,134,2,1,1,1,1,1,0,0,0,0
406,502,2,1,1,1,1,1,0,0,0,1
406,310,2,1,1,1,0,1,0,1,0,1
406,182,2,1,1,1,1,1,0,0,0,1
406,342,2,1,1,1,0,1,0,1,0,1
406,214,2,1,1,1,1,1,0,0,0,1
406,22,2,1,1,1,0,1,0,1,0,1
407,407,0,1,1,2,2,2,0,0,0,1
407,406,1,1,1,2,1,2,0,1,0,1
407,405,1,1,1,2,2,2,0,0,0,1
407,403,1,1,1,2,1,2,0,1,0,1
407,415,1,1,1,2,2,2,0,0,0,1
407,391,1,1,1,2,2,2,0,0,0,0
407,439,1,1,1,2,2,2,0,0,0,1
407,471,1,1,1,2,2,2,0,0,0,1
407,279,1,1,1,2,0,2,0,2,0,1
407,151,1,1,1,2,2,2,0,0,0,1
407,404,2,1,1,2,1,2,0,1,0,1
407,402,2,1,1,2,0,2,0,2,0,1
407,414,2,1,1,2,1,2,0,1,0,1
407,390,2,1,1,2,1,2,0,1,0,0
407,438,2,1,1,2,1,2,0,1,0,1
407,470,2,1,1,2,1,2,0,1,0,1
407,278,2,1,1,2,0,2,0,2,0,1
407,150,2,1,1,2,1,2,0,1,0,1
407,401,2,1,1,2,1,2,0,1,0,1
407,413,2,1,1,2,2,2,0,0,0,1
407,389,2,1,1,2,2,2,0,0,0,0
407,437,2,1,1,2,2,2,0,0,0,1
407,469,2,1,1,2,2,2,0,0,0,1
407,277,2,1,1,2,0,2,0,2,0,1
407,149,2,1,1,2,2,2,0,0,0,1
407,411,2,1,1,2,1,2,0,1,0,1
407,387,2,1,1,2,1,2,0,1,0,0
407,435,2,1,1,2,1,2,0,1,0,1
407,467,2,1,1,2,1,2,0,1,0,1
407,275,2,1,1,2,0,2,0,2,0,1
407,147,2,1,1,2,1,2,0,1,0,1
407,399,2,1,1,2,2,2,0,0,0,0
407,447,2,1,1,2,2,2,0,0,0,1
407,479,2,1,1,2,2,2,0,0,0,1
407,287,2,1,1,2,0,2,0,2,0,1
407,159,2,1,1,2,2,2,0,0,0,1
407,423,2,1,1,2,2,2,0,0,0,0
407,455,2,1,1,2,2,2,0,0,0,0
407,263,2,1,0,2,0,1,0,1,1,0
407,135,2,1,1,2,2,2,0,0,0,0
407,503,2,1,1,2,2,2,0,0,0,1
407,311,2,1,1,2,0,2,0,2,0,1
407,183,2,1,1,2,2,2,0,0,0,1
407,343,2,1,1,2,0,2,0,2,0,1
407,215,2,1,1,2,2,2,0,0,0,1
407,23,2,1,1,2,0,2,0,2,0,1
408,408,0,1,1,0,0,0,0,0,0,1
408,409,1,1,1,0,0,0,0,0,0,1
408,410,1,1,1,0,0,0,0,0,0,1
408,412,1,1,1,0,0,0,0,0,0,1
408,400,1,1,1,0,0,0,0,0,0,1
408,392,1,1,0,0,0,0,0,0,1,0
408,440,1,1,1,0,0,0,0,0,0,1
408,472,1,1,1,0,0,0,0,0,0,1
408,280,1,1,1,0,0,0,0,0,0,1
408,152,1,1,1,0,0,0,0,0,0,1
408,411,2,1,1,0,0,0,0,0,0,1
408,413,2,1,1,0,0,0,0,0,0,1
408,401,2,1,1,0,0,0,0,0,0,1
408,393,2,1,0,0,0,0,0,0,1,0
408,441,2,1,1,0,0,0,0,0,0,1
408,473,2,1,1,0,0,0,0,0,0,1
408,281,2,1,1,0,0,0,0,0,0,1
408,153,2,1,1,0,0,0,0,0,0,1
408,414,2,1,1,0,0,0,0,0,0,1
408,402,2,1,1,0,0,0,0,0,0,1
408,394,2,1,1,0,0,0,0,0,0,0
408,442,2,1,1,0,0,0,0,0,0,1
408,474,2,1,1,0,0,0,0,0,0,1
408,282,2,1,1,0,0,0,0,0,0,1
408,154,2,1,1,0,0,0,0,0,0,1
408,404,2,1,1,0,0,0,0,0,0,1
408,396,2,1,1,0,0,0,0,0,0,0
408,444,2,1,1,0,0,0,0,0,0,1
408,476,2,1,1,0,0,0,0,0,0,1
408,284,2,1,1,0,0,0,0,0,0,1
408,156,2,1,1,0,0,0,0,0,0,1
408,384,2,1,0,0,0,0,0,0,1,0
408,432,2,1,1,0,0,0,0,0,0,1
408,464,2,1,1,0,0,0,0,0,0,1
408,272,2,1,1,0,0,0,0,0,0,1
408,144,2,1,1,0,0,0,0,0,0,1
408,424,2,1,1,0,0,0,0,0,0,0
408,456,2,1,0,0,0,0,0,0,1,0
408,264,2,1,0,0,0,0,0,0,1,0
408,136,2,1,0,0,0,0,0,0,1,0
408,504,2,1,1,0,0,0,0,0,0,1
408,312,2,1,1,0,0,0,0,0,0,1
408,184,2,1,1,0,0,0,0,0,0,1
408,344,2,1,1,0,0,0,0,0,0,1
408,216,2,1,1,0,0,0,0,0,0,1
408,24,2,1,1,0,0,0,0,0,0,1
409,409,0,1,1,0,0,0,0,0,0,1
409,408,1,1,1,0,0,0,0,0,0,1
409,411,1,1,1,0,0,0,0,0,0,1
409,413,1,1,1,0,0,0,0,0,0,1
409,401,1,1,1,0,0,0,0,0,0,1
409,393,1,1,0,0,0,0,0,0,1,0
409,441,1,1,1,0,0,0,0,0,0,1
409,473,1,1,1,0,0,0,0,0,0,1
409,281,1,1,1,0,0,0,0,0,0,1
409,153,1,1,1,0,0,0,0,0,0,1
409,410,2,1,1,0,0,0,0,0,0,1
409,412,2,1,1,0,0,0,0,0,0,1
409,400,2,1,1,0,0,0,0,0,0,1
409,392,2,1,0,0,0,0,0,0,1,0
409,440,2,1,1,0,0,0,0,0,0,1
409,472,2,1,1,0,0,0,0,0,0,1
409,280,2,1,1,0,0,0,0,0,0,1
409,152,2,1,1,0,0,0,0,0,0,1
409,415,2,1,1,0,0,0,0,0,0,1
409,403,2,1,1,0,0,0,0,0,0,1
409,395,2,1,1,0,0,0,0,0,0,0
409,443,2,1,1,0,0,0,0,0,0,1
409,475,2,1,1,0,0,0,0,0,0,1
409,283,2,1,1,0,0,0,0,0,0,1
409,155,2,1,1,0,0,0,0,0,0,1
409,405,2,1,1,0,0,0,0,0,0,1
409,397,2,1,1,0,0,0,0,0,0,0
409,445,2,1,1,0,0,0,0,0,0,1
409,477,2,1,1,0,0,0,0,0,0,1
409,285,2,1,1,0,0,0,0,0,0,1
409,157,2,1,1,0,0,0,0,0,0,1
409,385,2,1,0,0,0,0,0,0,1,0
409,433,2,1,1,0,0,0,0,0,0,1
409,465,2,1,1,0,0,0,0,0,0,1
409,273,2,1,1,0,0,0,0,0,0,1
409,145,2,1,1,0,0,0,0,0,0,1
409,425,2,1,1,0,0,0,0,0,0,0
409,457,2,1,0,0,0,0,0,0,1,0
409,265,2,1,0,0,0,0,0,0,1,0
409,137,2,1,0,0,0,0,0,0,1,0
409,505,2,1,1,0,0,0,0,0,0,1
409,313,2,1,1,0,0,0,0,0,0,1
409,185,2,1,1,0,0,0,0,0,0,1
409,345,2,1,1,0,0,0,0,0,0,1
409,217,2,1,1,0,0,0,0,0,0,1
409,25,2,1,1,0,0,0,0,0,0,1
410,410,0,1,1,1,1,1,0,0,0,1
410,411,1,1,1,1,1,1,0,0,0,1
410,408,1,1,1,1,0,1,0,1,0,1
410,414,1,1,1,1,1,1,0,0,0,1
410,402,1,1,1,1,1,1,0,0,0,1
410,394,1,1,1,1,1,1,0,0,0,0
410,442,1,1,1,1,1,1,0,0,0,1
410,474,1,1,1,1,1,1,0,0,0,1
410,282,1,1,1,1,1,1,0,0,0,1
410,154,1,1,1,1,0,1,0,1,0,1
410,409,2,1,1,1,0,1,0,1,0,1
410,415,2,1,1,1,1,1,0,0,0,1
410,403,2,1,1,1,1,1,0,0,0,1
410,395,2,1,1,1,1,1,0,0,0,0
410,443,2,1,1,1,1,1,0,0,0,1
410,475,2,1,1,1,1,1,0,0,0,1
410,283,2,1,1,1,1,1,0,0,0,1
410,155,2,1,1,1,0,1,0,1,0,1
410,412,2,1,1,1,0,1,0,1,0,1
410,400,2,1,1,1,0,1,0,1,0,1
410,392,2,1,0,1,0,0,0,0,1,0
410,440,2,1,1,1,0,1,0,1,0,1
410,472,2,1,1,1,0,1,0,1,0,1
410,280,2,1,1,1,0,1,0,1,0,1
410,152,2,1,1,1,0,1,0,1,0,1
410,406,2,1,1,1,1,1,0,0,0,1
410,398,2,1,1,1,1,1,0,0,0,0
410,446,2,1,1,1,1,1,0,0,0,1
410,478,2,1,1,1,1,1,0,0,0,1
410,286,2,1,1,1,1,1,0,0,0,1
410,158,2,1,1,1,0,1,0,1,0,1
410,386,2,1,1,1,1,1,0,0,0,0
410,434,2,1,1,1,1,1,0,0,0,1
410,466,2,1,1,1,1,1,0,0,0,1
410,274,2,1,1,1,1,1,0,0,0,1
410,146,2,1,1,1,0,1,0,1,0,1
410,426,2,1,1,1,1,1,0,0,0,0
410,458,2,1,1,1,1,1,0,0,0,0
410,266,2,1,1,1,1,1,0,0,0,0
410,138,2,1,1,1,0,1,0,1,0,0
410,506,2,1,1,1,1,1,0,0,0,1
410,314,2,1,1,1,1,1,0,0,0,1
410,186,2,1,1,1,0,1,0,1,0,1
410,346,2,1,1,1,1,1,0,0,0,1
410,218,2,1,1,1,0,1,0,1,0,1
410,26,2,1,1,1,0,1,0,1,0,1
411,411,0,1,1,1,1,1,0,0,0,1
411,410,1,1,1,1,1,1,0,0,0,1
411,409,1,1,1,1,0,1,0,1,0,1
411,415,1,1,1,1,1,1,0,0,0,1
411,403,1,1,1,1,1,1,0,0,0,1
411,395,1,1,1,1,1,1,0,0,0,0
411,443,1,1,1,1,1,1,0,0,0,1
411,475,1,1,1,1,1,1,0,0,0,1
411,283,1,1,1,1,1,1,0,0,0,1
411,155,1,1,1,1,0,1,0,1,0,1
411,408,2,1,1,1,0,1,0,1,0,1
411,414,2,1,1,1,1,1,0,0,0,1
411,402,2,1,1,1,1,1,0,0,0,1
411,394,2,1,1,1,1,1,0,0,0,0
411,442,2,1,1,1,1,1,0,0,0,1
411,474,2,1,1,1,1,1,0,0,0,1
411,282,2,1,1,1,1,1,0,0,0,1
411,154,2,1,1,1,0,1,0,1,0,1
411,413,2,1,1,1,0,1,0,1,0,1
411,401,2,1,1,1,0,1,0,1,0,1
411,393,2,1,0,1,0,0,0,0,1,0
411,441,2,1,1,1,0,1,0,1,0,1
411,473,2,1,1,1,0,1,0,1,0,1
411,281,2,1,1,1,0,1,0,1,0,1
411,153,2,1,1,1,0,1,0,1,0,1
411,407,2,1,1,1,1,1,0,0,0,1
411,399,2,1,1,1,1,1,0,0,0,0
411,447,2,1,1,1,1,1,0,0,0,1
411,479,2,1,1,1,1,1,0,0,0,1
411,287,2,1,1,1,1,1,0,0,0,1
411,159,2,1,1,1,0,1,0,1,0,1
411,387,2,1,1,1,1,1,0,0,0,0
411,435,2,1,1,1,1,1,0,0,0,1
411,467,2,1,1,1,1,1,0,0,0,1
411,275,2,1,1,1,1,1,0,0,0,1
411,147,2,1,1,1,0,1,0,1,0,1
411,427,2,1,1,1,1,1,0,0,0,0
411,459,2,1,1,1,1,1,0,0,0,0
411,267,2,1,1,1,1,1,0,0,0,0
411,139,2,1,1,1,0,1,0,1,0,0
411,507,2,1,1,1,1,1,0,0,0,1
411,315,2,1,1,1,1,1,0,0,0,1
411,187,2,1,1,1,0,1,0,1,0,1
411,347,2,1,1,1,1,1,0,0,0,1
411,219,2,1,1,1,0,1,0,1,0,1
411,27,2,1,1,1,0,1,0,1,0,1
412,412,0,1,1,2,2,2,0,0,0,1
412,413,1,1,1,2,2,2,0,0,0,1
412,414,1,1,1,2,2,2,0,0,0,1
412,408,1,1,1,2,0,2,0,2,0,1
412,404,1,1,1,2,1,2,0,1,0,1
412,396,1,1,1,2,2,2,0,0,0,0
412,444,1,1,1,2,2,2,0,0,0,1
412,476,1,1,1,2,2,2,0,0,0,1
412,284,1,1,1,2,1,2,0,1,0,1
412,156,1,1,1,2,2,2,0,0,0,1
412,415,2,1,1,2,2,2,0,0,0,1
412,409,2,1,1,2,0,2,0,2,0,1
412,405,2,1,1,2,1,2,0,1,0,1
412,397,2,1,1,2,2,2,0,0,0,0
412,445,2,1,1,2,2,2,0,0,0,1
412,477,2,1,1,2,2,2,0,0,0,1
412,285,2,1,1,2,1,2,0,1,0,1
412,157,2,1,1,2,2,2,0,0,0,1
412,410,2,1,1,2,0,2,0,2,0,1
412,406,2,1,1,2,1,2,0,1,0,1
412,398,2,1,1,2,2,2,0,0,0,0
412,446,2,1,1,2,2,2,0,0,0,1
412,478,2,1,1,2,2,2,0,0,0,1
412,286,2,1,1,2,1,2,0,1,0,1
412,158,2,1,1,2,2,2,0,0,0,1
412,400,2,1,1,2,0,2,0,2,0,1
412,392,2,1,0,2,0,0,0,0,1,0
412,440,2,1,1,2,0,2,0,2,0,1
412,472,2,1,1,2,0,2,0,2,0,1
412,280,2,1,1,2,0,2,0,2,0,1
412,152,2,1,1,2,0,2,0,2,0,1
412,388,2,1,0,2,1,1,0,0,1,0
412,436,2,1,1,2,1,2,0,1,0,1
412,468,2,1,1,2,1,2,0,1,0,1
412,276,2,1,1,2,0,2,0,2,0,1
412,148,2,1,1,2,1,2,0,1,0,1
412,428,2,1,1,2,2,2,0,0,0,0
412,460,2,1,1,2,2,2,0,0,0,0
412,268,2,1,1,2,1,2,0,1,0,0
412,140,2,1,1,2,2,2,0,0,0,0
412,508,2,1,1,2,2,2,0,0,0,1
412,316,2,1,1,2,1,2,0,1,0,1
412,188,2,1,1,2,2,2,0,0,0,1
412,348,2,1,1,2,1,2,0,1,0,1
412,220,2,1,1,2,2,2,0,0,0,1
412,28,2,1,1,2,1,2,0,1,0,1
413,413,0,1,1,2,2,2,0,0,0,1
413,412,1,1,1,2,1,2,0,1,0,1
413,415,1,1,1,2,2,2,0,0,0,1
413,409,1,1,1,2,0,2,0,2,0,1
413,405,1,1,1,2,2,2,0,0,0,1
413,397,1,1,1,2,2,2,0,0,0,0
413,445,1,1,1,2,2,2,0,0,0,1
413,477,1,1,1,2,2,2,0,0,0,1
413,285,1,1,1,2,1,2,0,1,0,1
413,157,1,1,1,2,2,2,0,0,0,1
413,414,2,1,1,2,1,2,0,1,0,1
413,408,2,1,1,2,0,2,0,2,0,1
413,404,2,1,1,2,1,2,0,1,0,1
413,396,2,1,1,2,1,2,0,1,0,0
413,444,2,1,1,2,1,2,0,1,0,1
413,476,2,1,1,2,1,2,0,1,0,1
413,284,2,1,1,2,0,2,0,2,0,1
413,156,2,1,1,2,1,2,0,1,0,1
413,411,2,1,1,2,0,2,0,2,0,1
413,407,2,1,1,2,2,2,0,0,0,1
413,399,2,1,1,2,2,2,0,0,0,0
413,447,2,1,1,2,2,2,0,0,0,1
413,479,2,1,1,2,2,2,0,0,0,1
413,287,2,1,1,2,1,2,0,1,0,1
413,159,2,1,1,2,2,2,0,0,0,1
413,401,2,1,1,2,0,2,0,2,0,1
413,393,2,1,0,2,0,0,0,0,1,0
413,441,2,1,1,2,0,2,0,2,0,1
413,473,2,1,1,2,0,2,0,2,0,1
413,281,2,1,1,2,0,2,0,2,0,1
413,153,2,1,1,2,0,2,0,2,0,1
413,389,2,1,1,2,2,2,0,0,0,0
413,437,2,1,1,2,2,2,0,0,0,1
413,469,2,1,1,2,2,2,0,0,0,1
413,277,2,1,1,2,1,2,0,1,0,1
413,149,2,1,1,2,2,2,0,0,0,1
413,429,2,1,1,2,2,2,0,0,0,0
413,461,2,1,1,2,2,2,0,0,0,0
413,269,2,1,1,2,1,2,0,1,0,0
413,141,2,1,1,2,2,2,0,0,0,0
413,509,2,1,1,2,2,2,0,0,0,1
413,317,2,1,1,2,1,2,0,1,0,1
413,189,2,1,1,2,2,2,0,0,0,1
413,349,2,1,1,2,1,2,0,1,0,1
413,221,2,1,1,2,2,2,0,0,0,1
413,29,2,1,1,2,1,2,0,1,0,1
414,414,0,1,1,1,1,1,0,0,0,1
414,415,1,1,1,1,1,1,0,0,0,1
414,412,1,1,1,1,1,1,0,0,0,1
414,410,1,1,1,1,0,1,0,1,0,1
414,406,1,1,1,1,1,1,0,0,0,1
414,398,1,1,1,1,1,1,0,0,0,0
414,446,1,1,1,1,1,1,0,0,0,1
414,478,1,1,1,1,1,1,0,0,0,1
414,286,1,1,1,1,0,1,0,1,0,1
414,158,1,1,1,1,1,1,0,0,0,1
414,413,2,1,1,1,1,1,0,0,0,1
414,411,2,1,1,1,0,1,0,1,0,1
414,407,2,1,1,1,1,1,0,0,0,1
414,399,2,1,1,1,1,1,0,0,0,0
414,447,2,1,1,1,1,1,0,0,0,1
414,479,2,1,1,1,1,1,0,0,0,1
414,287,2,1,1,1,0,1,0,1,0,1
414,159,2,1,1,1,1,1,0,0,0,1
414,408,2,1,1,1,0,1,0,1,0,1
414,404,2,1,1,1,1,1,0,0,0,1
414,396,2,1,1,1,1,1,0,0,0,0
414,444,2,1,1,1,1,1,0,0,0,1
414,476,2,1,1,1,1,1,0,0,0,1
414,284,2,1,1,1,0,1,0,1,0,1
414,156,2,1,1,1,1,1,0,0,0,1
414,402,2,1,1,1,0,1,0,1,0,1
414,394,2,1,1,1,0,1,0,1,0,0
414,442,2,1,1,1,0,1,0,1,0,1
414,474,2,1,1,1,0,1,0,1,0,1
414,282,2,1,1,1,0,1,0,1,0,1
414,154,2,1,1,1,0,1,0,1,0,1
414,390,2,1,1,1,1,1,0,0,0,0
414,438,2,1,1,1,1,1,0,0,0,1
414,470,2,1,1,1,1,1,0,0,0,1
414,278,2,1,1,1,0,1,0,1,0,1
414,150,2,1,1,1,1,1,0,0,0,1
414,430,2,1,1,1,1,1,0,0,0,0
414,462,2,1,1,1,1,1,0,0,0,0
414,270,2,1,1,1,0,1,0,1,0,0
414,142,2,1,1,1,1,1,0,0,0,0
414,510,2,1,1,1,1,1,0,0,0,1
414,318,2,1,1,1,0,1,0,1,0,1
414,190,2,1,1,1,1,1,0,0,0,1
414,350,2,1,1,1,0,1,0,1,0,1
414,222,2,1,1,1,1,1,0,0,0,1
414,30,2,1,1,1,0,1,0,1,0,1
415,415,0,1,1,1,1,1,0,0,0,1
415,414,1,1,1,1,1,1,0,0,0,1
415,413,1,1,1,1,1,1,0,0,0,1
415,411,1,1,1,1,0,1,0,1,0,1
415,407,1,1,1,1,1,1,0,0,0,1
415,399,1,1,1,1,1,1,0,0,0,0
415,447,1,1,1,1,1,1,0,0,0,1
415,479,1,1,1,1,1,1,0,0,0,1
415,287,1,1,1,1,0,1,0,1,0,1
415,159,1,1,1,1,1,1,0,0,0,1
415,412,2,1,1,1,1,1,0,0,0,1
415,410,2,1,1,1,0,1,0,1,0,1
415,406,2,1,1,1,1,1,0,0,0,1
415,398,2,1,1,1,1,1,0,0,0,0
415,446,2,1,1,1,1,1,0,0,0,1
415,478,2,1,1,1,1,1,0,0,0,1
415,286,2,1,1,1,0,1,0,1,0,1
415,158,2,1,1,1,1,1,0,0,0,1
415,409,2,1,1,1,0,1,0,1,0,1
415,405,2,1,1,1,1,1,0,0,0,1
415,397,2,1,1,1,1,1,0,0,0,0
415,445,2,1,1,1,1,1,0,0,0,1
415,477,2,1,1,1,1,1,0,0,0,1
415,285,2,1,1,1,0,1,0,1,0,1
415,157,2,1,1,1,1,1,0,0,0,1
415,403,2,1,1,1,0,1,0,1,0,1
415,395,2,1,1,1,0,1,0,1,0,0
415,443,2,1,1,1,0,1,0,1,0,1
415,475,2,1,1,1,0,1,0,1,0,1
415,283,2,1,1,1,0,1,0,1,0,1
415,155,2,1,1,1,0,1,0,1,0,1
415,391,2,1,1,1,1,1,0,0,0,0
415,439,2,1,1,1,1,1,0,0,0,1
415,471,2,1,1,1,1,1,0,0,0,1
415,279,2,1,1,1,0,1,0,1,0,1
415,151,2,1,1,1,1,1,0,0,0,1
415,431,2,1,1,1,1,1,0,0,0,0
415,463,2,1,1,1,1,1,0,0,0,0
415,271,2,1,1,1,0,1,0,1,0,0
415,143,2,1,1,1,1,1,0,0,0,0
415,511,2,1,1,1,1,1,0,0,0,1
415,319,2,1,1,1,0,1,0,1,0,1
415,191,2,1,1,1,1,1,0,0,0,1
415,351,2,1,1,1,0,1,0,1,0,1
415,223,2,1,1,1,1,1,0,0,0,1
415,31,2,1,1,1,0,1,0,1,0,1
416,416,0,0,0,0,0,0,0,0,0,0
416,417,1,0,1,0,0,0,0,0,0,0
416,418,1,0,1,0,0,0,0,0,0,0
416,420,1,0,0,0,0,0,0,0,0,0
416,424,1,0,1,0,0,0,0,0,0,0
416,432,1,0,1,0,0,0,0,0,0,0
416,384,1,0,0,0,0,0,0,0,0,0
416,480,1,0,0,0,0,0,0,0,0,0
416,288,1,0,0,0,0,0,0,0,0,0
416,160,1,0,0,0,0,0,0,0,0,0
416,419,2,0,1,0,0,0,0,0,0,0
416,421,2,0,1,0,0,0,0,0,0,0
416,425,2,0,1,0,0,0,0,0,0,0
416,433,2,0,1,0,0,0,0,0,0,0
416,385,2,0,0,0,0,0,0,0,0,0
416,481,2,0,1,0,0,0,0,0,0,0
416,289,2,0,0,0,0,0,0,0,0,0
416,161,2,0,1,0,0,0,0,0,0,0
416,422,2,0,1,0,0,0,0,0,0,0
416,426,2,0,1,0,0,0,0,0,0,0
416,434,2,0,1,0,0,0,0,0,0,0
416,386,2,0,1,0,0,0,0,0,0,0
416,482,2,0,1,0,0,0,0,0,0,0
416,290,2,0,0,0,0,0,0,0,0,0
416,162,2,0,1,0,0,0,0,0,0,0
416,428,2,0,1,0,0,0,0,0,0,0
416,436,2,0,1,0,0,0,0,0,0,0
416,388,2,0,0,0,0,0,0,0,0,0
416,484,2,0,0,0,0,0,0,0,0,0
416,292,2,0,0,0,0,0,0,0,0,0
416,164,2,0,0,0,0,0,0,0,0,0
416,440,2,0,1,0,0,0,0,0,0,0
416,392,2,0,0,0,0,0,0,0,0,0
416,488,2,0,1,0,0,0,0,0,0,0
416,296,2,0,1,0,0,0,0,0,0,0
416,168,2,0,1,0,0,0,0,0,0,0
416,400,2,0,1,0,0,0,0,0,0,0
416,496,2,0,1,0,0,0,0,0,0,0
416,304,2,0,1,0,0,0,0,0,0,0
416,176,2,0,1,0,0,0,0,0,0,0
416,448,2,0,0,0,0,0,0,0,0,0
416,256,2,0,0,0,0,0,0,0,0,0
416,128,2,0,0,0,0,0,0,0,0,0
416,352,2,0,0,0,0,0,0,0,0,0
416,224,2,0,0,0,0,0,0,0,0,0
416,32,2,0,0,0,0,0,0,0,0,0
417,417,0,1,1,3,3,3,0,0,0,1
417,416,1,1,0,3,0,0,0,0,1,0
417,419,1,1,1,3,3,3,0,0,0,1
417,421,1,1,1,3,3,3,0,0,0,1
417,425,1,1,1,3,3,3,0,0,0,1
417,433,1,1,1,3,3,3,0,0,0,1
417,385,1,1,0,3,1,1,0,0,1,0
417,481,1,1,1,3,3,3,0,0,0,1
417,289,1,1,0,3,1,1,0,0,1,0
417,161,1,1,1,3,3,3,0,0,0,1
417,418,2,1,1,3,0,3,0,3,0,0
417,420,2,1,0,3,0,0,0,0,1,0
417,424,2,1,1,3,0,3,0,3,0,0
417,432,2,1,1,3,0,3,0,3,0,0
417,384,2,1,0,3,0,0,0,0,1,0
417,480,2,1,0,3,0,0,0,0,1,0
417,288,2,1,0,3,0,0,0,0,1,0
417,160,2,1,0,3,0,0,0,0,1,0
417,423,2,1,1,3,3,3,0,0,0,1
417,427,2,1,1,3,3,3,0,0,0,1
417,435,2,1,1,3,3,3,0,0,0,1
417,387,2,1,1,3,1,3,0,2,0,0
417,483,2,1,1,3,3,3,0,0,0,1
417,291,2,1,0,3,1,1,0,0,1,0
417,163,2,1,1,3,3,3,0,0,0,1
417,429,2,1,1,3,3,3,0,0,0,1
417,437,2,1,1,3,3,3,0,0,0,1
417,389,2,1,1,3,1,3,0,2,0,0
417,485,2,1,1,3,3,3,0,0,0,1
417,293,2,1,0,3,1,1,0,0,1,0
417,165,2,1,1,3,3,3,0,0,0,1
417,441,2,1,1,3,3,3,0,0,0,1
417,393,2,1,0,3,1,1,0,0,1,0
417,489,2,1,1,3,3,3,0,0,0,1
417,297,2,1,1,3,1,3,0,2,0,0
417,169,2,1,1,3,3,3,0,0,0,1
417,401,2,1,1,3,1,3,0,2,0,0
417,497,2,1,1,3,3,3,0,0,0,1
417,305,2,1,1,3,1,3,0,2,0,0
417,177,2,1,1,3,3,3,0,0,0,1
417,449,2,1,0,3,1,1,0,0,1,0
417,257,2,1,0,3,0,0,0,0,1,0
417,129,2,1,0,3,1,1,0,0,1,0
417,353,2,1,1,3,1,3,0,2,0,0
417,225,2,1,1,3,3,3,0,0,0,1
417,33,2,1,0,3,1,1,0,0,1,0
418,418,0,1,1,1,1,1,0,0,0,1
418,419,1,1,1,1,1,1,0,0,0,1
418,416,1,1,0,1,0,0,0,0,1,0
418,422,1,1,1,1,1,1,0,0,0,1
418,426,1,1,1,1,1,1,0,0,0,1
418,434,1,1,1,1,1,1,0,0,0,1
418,386,1,1,1,1,1,1,0,0,0,1
418,482,1,1,1,1,1,1,0,0,0,1
418,290,1,1,0,1,0,0,0,0,1,0
418,162,1,1,1,1,1,1,0,0,0,1
418,417,2,1,1,1,0,1,0,1,0,0
418,423,2,1,1,1,1,1,0,0,0,1
418,427,2,1,1,1,1,1,0,0,0,1
418,435,2,1,1,1,1,1,0,0,0,1
418,387,2,1,1,1,1,1,0,0,0,1
418,483,2,1,1,1,1,1,0,0,0,1
418,291,2,1,0,1,0,0,0,0,1,0
418,163,2,1,1,1,1,1,0,0,0,1
418,420,2,1,0,1,0,0,0,0,1,0
418,424,2,1,1,1,0,1,0,1,0,0
418,432,2,1,1,1,0,1,0,1,0,0
418,384,2,1,0,1,0,0,0,0,1,0
418,480,2,1,0,1,0,0,0,0,1,0
418,288,2,1,0,1,0,0,0,0,1,0
418,160,2,1,0,1,0,0,0,0,1,0
418,430,2,1,1,1,1,1,0,0,0,1
418,438,2,1,1,1,1,1,0,0,0,1
418,390,2,1,1,1,1,1,0,0,0,1
418,486,2,1,1,1,1,1,0,0,0,1
418,294,2,1,0,1,0,0,0,0,1,0
418,166,2,1,1,1,1,1,0,0,0,1
418,442,2,1,1,1,1,1,0,0,0,1
418,394,2,1,1,1,1,1,0,0,0,1
418,490,2,1,1,1,1,1,0,0,0,1
418,298,2,1,1,1,0,1,0,1,0,0
418,170,2,1,1,1,1,1,0,0,0,1
418,402,2,1,1,1,1,1,0,0,0,1
418,498,2,1,1,1,1,1,0,0,0,1
418,306,2,1,1,1,0,1,0,1,0,0
418,178,2,1,1,1,1,1,0,0,0,1
418,450,2,1,1,1,1,1,0,0,0,1
418,258,2,1,0,1,0,0,0,0,1,0
418,130,2,1,1,1,1,1,0,0,0,1
418,354,2,1,1,1,0,1,0,1,0,0
418,226,2,1,1,1,1,1,0,0,0,1
418,34,2,1,0,1,0,0,0,0,1,0
419,419,0,1,1,2,2,2,0,0,0,1
419,418,1,1,1,2,1,2,0,1,0,1
419,417,1,1,1,2,1,2,0,1,0,0
419,423,1,1,1,2,2,2,0,0,0,1
419,427,1,1,1,2,2,2,0,0,0,1
419,435,1,1,1,2,2,2,0,0,0,1
419,387,1,1,1,2,2,2,0,0,0,1
419,483,1,1,1,2,2,2,0,0,0,1
419,291,1,1,0,2,0,0,0,0,1,0
419,163,1,1,1,2,2,2,0,0,0,1
419,416,2,1,0,2,0,0,0,0,1,0
419,422,2,1,1,2,1,2,0,1,0,1
419,426,2,1,1,2,1,2,0,1,0,1
419,434,2,1,1,2,1,2,0,1,0,1
419,386,2,1,1,2,1,2,0,1,0,1
419,482,2,1,1,2,1,2,0,1,0,1
419,290,2,1,0,2,0,0,0,0,1,0
419,162,2,1,1,2,1,2,0,1,0,1
419,421,2,1,1,2,1,2,0,1,0,0
419,425,2,1,1,2,1,2,0,1,0,0
419,433,2,1,1,2,1,2,0,1,0,0
419,385,2,1,0,2,1,1,0,0,1,0
419,481,2,1,1,2,1,2,0,1,0,0
419,289,2,1,0,2,0,0,0,0,1,0
419,161,2,1,1,2,1,2,0,1,0,0
419,431,2,1,1,2,2,2,0,0,0,1
419,439,2,1,1,2,2,2,0,0,0,1
419,391,2,1,1,2,2,2,0,0,0,1
419,487,2,1,1,2,2,2,0,0,0,1
419,295,2,1,0,2,0,0,0,0,1,0
419,167,2,1,1,2,2,2,0,0,0,1
419,443,2,1,1,2,2,2,0,0,0,1
419,395,2,1,1,2,2,2,0,0,0,1
419,491,2,1,1,2,2,2,0,0,0,1
419,299,2,1,1,2,0,2,0,2,0,0
419,171,2,1,1,2,2,2,0,0,0,1
419,403,2,1,1,2,2,2,0,0,0,1
419,499,2,1,1,2,2,2,0,0,0,1
419,307,2,1,1,2,0,2,0,2,0,0
419,179,2,1,1,2,2,2,0,0,0,1
419,451,2,1,1,2,2,2,0,0,0,1
419,259,2,1,0,2,0,0,0,0,1,0
419,131,2,1,1,2,2,2,0,0,0,1
419,355,2,1,1,2,0,2,0,2,0,0
419,227,2,1,1,2,2,2,0,0,0,1
419,35,2,1,0,2,0,0,0,0,1,0
420,420,0,0,0,0,0,0,0,0,0,0
420,421,1,0,1,0,0,0,0,0,0,0
420,422,1,0,1,0,0,0,0,0,0,0
420,416,1,0,0,0,0,0,0,0,0,0
420,428,1,0,1,0,0,0,0,0,0,0
420,436,1,0,1,0,0,0,0,0,0,0
420,388,1,0,0,0,0,0,0,0,0,0
420,484,1,0,0,0,0,0,0,0,0,0
420,292,1,0,0,0,0,0,0,0,0,0
420,164,1,0,0,0,0,0,0,0,0,0
420,423,2,0,1,0,0,0,0,0,0,0
420,417,2,0,1,0,0,0,0,0,0,0
420,429,2,0,1,0,0,0,0,0,0,0
420,437,2,0,1,0,0,0,0,0,0,0
420,389,2,0,1,0,0,0,0,0,0,0
420,485,2,0,1,0,0,0,0,0,0,0
420,293,2,0,0,0,0,0,0,0,0,0
420,165,2,0,1,0,0,0,0,0,0,0
420,418,2,0,1,0,0,0,0,0,0,0
420,430,2,0,1,0,0,0,0,0,0,0
420,438,2,0,1,0,0,0,0,0,0,0
420,390,2,0,1,0,0,0,0,0,0,0
420,486,2,0,1,0,0,0,0,0,0,0
420,294,2,0,0,0,0,0,0,0,0,0
420,166,2,0,1,0,0,0,0,0,0,0
420,424,2,0,1,0,0,0,0,0,0,0
420,432,2,0,1,0,0,0,0,0,0,0
420,384,2,0,0,0,0,0,0,0,0,0
420,480,2,0,0,0,0,0,0,0,0,0
420,288,2,0,0,0,0,0,0,0,0,0
420,160,2,0,0,0,0,0,0,0,0,0
420,444,2,0,1,0,0,0,0,0,0,0
420,396,2,0,1,0,0,0,0,0,0,0
420,492,2,0,1,0,0,0,0,0,0,0
420,300,2,0,1,0,0,0,0,0,0,0
420,172,2,0,1,0,0,0,0,0,0,0
420,404,2,0,1,0,0,0,0,0,0,0
420,500,2,0,1,0,0,0,0,0,0,0
420,308,2,0,1,0,0,0,0,0,0,0
420,180,2,0,1,0,0,0,0,0,0,0
420,452,2,0,0,0,0,0,0,0,0,0
420,260,2,0,0,0,0,0,0,0,0,0
420,132,2,0,0,0,0,0,0,0,0,0
420,356,2,0,0,0,0,0,0,0,0,0
420,228,2,0,0,0,0,0,0,0,0,0
420,36,2,0,0,0,0,0,0,0,0,0
421,421,0,1,1,3,3,3,0,0,0,1
421,420,1,1,0,3,0,0,0,0,1,0
421,423,1,1,1,3,3,3,0,0,0,1
421,417,1,1,1,3,1,3,0,2,0,0
421,429,1,1,1,3,3,3,0,0,0,1
421,437,1,1,1,3,3,3,0,0,0,1
421,389,1,1,1,3,3,3,0,0,0,1
421,485,1,1,1,3,3,3,0,0,0,1
421,293,1,1,0,3,1,1,0,0,1,0
421,165,1,1,1,3,3,3,0,0,0,1
421,422,2,1,1,3,0,3,0,3,0,0
421,416,2,1,0,3,0,0,0,0,1,0
421,428,2,1,1,3,0,3,0,3,0,0
421,436,2,1,1,3,0,3,0,3,0,0
421,388,2,1,0,3,0,0,0,0,1,0
421,484,2,1,0,3,0,0,0,0,1,0
421,292,2,1,0,3,0,0,0,0,1,0
421,164,2,1,0,3,0,0,0,0,1,0
421,419,2,1,1,3,1,3,0,2,0,0
421,431,2,1,1,3,3,3,0,0,0,1
421,439,2,1,1,3,3,3,0,0,0,1
421,391,2,1,1,3,3,3,0,0,0,1
421,487,2,1,1,3,3,3,0,0,0,1
421,295,2,1,0,3,1,1,0,0,1,0
421,167,2,1,1,3,3,3,0,0,0,1
421,425,2,1,1,3,1,3,0,2,0,0
421,433,2,1,1,3,1,3,0,2,0,0
421,385,2,1,0,3,1,1,0,0,1,0
421,481,2,1,1,3,1,3,0,2,0,0
421,289,2,1,0,3,0,1,0,1,1,0
421,161,2,1,1,3,1,3,0,2,0,0
421,445,2,1,1,3,3,3,0,0,0,1
421,397,2,1,1,3,3,3,0,0,0,1
421,493,2,1,1,3,3,3,0,0,0,1
421,301,2,1,1,3,1,3,0,2,0,0
421,173,2,1,1,3,3,3,0,0,0,1
421,405,2,1,1,3,3,3,0,0,0,1
421,501,2,1,1,3,3,3,0,0,0,1
421,309,2,1,1,3,1,3,0,2,0,0
421,181,2,1,1,3,3,3,0,0,0,1
421,453,2,1,1,3,3,3,0,0,0,1
421,261,2,1,0,3,1,1,0,0,1,0
421,133,2,1,1,3,3,3,0,0,0,1
421,357,2,1,1,3,1,3,0,2,0,0
421,229,2,1,1,3,3,3,0,0,0,1
421,37,2,1,0,3,1,1,0,0,1,0
422,422,0,1,1,1,1,1,0,0,0,1
422,423,1,1,1,1,1,1,0,0,0,1
422,420,1,1,0,1,0,0,0,0,1,0
422,418,1,1,1,1,1,1,0,0,0,1
422,430,1,1,1,1,1,1,0,0,0,1
422,438,1,1,1,1,1,1,0,0,0,1
422,390,1,1,1,1,1,1,0,0,0,1
422,486,1,1,1,1,1,1,0,0,0,1
422,294,1,1,0,1,0,0,0,0,1,0
422,166,1,1,1,1,1,1,0,0,0,1
422,421,2,1,1,1,0,1,0,1,0,0
422,419,2,1,1,1,1,1,0,0,0,1
422,431,2,1,1,1,1,1,0,0,0,1
422,439,2,1,1,1,1,1,0,0,0,1
422,391,2,1,1,1,1,1,0,0,0,1
422,487,2,1,1,1,1,1,0,0,0,1
422,295,2,1,0,1,0,0,0,0,1,0
422,167,2,1,1,1,1,1,0,0,0,1
422,416,2,1,0,1,0,0,0,0,1,0
422,428,2,1,1,1,0,1,0,1,0,0
422,436,2,1,1,1,0,1,0,1,0,0
422,388,2,1,0,1,0,0,0,0,1,0
422,484,2,1,0,1,0,0,0,0,1,0
422,292,2,1,0,1,0,0,0,0,1,0
422,164,2,1,0,1,0,0,0,0,1,0
422,426,2,1,1,1,1,1,0,0,0,1
422,434,2,1,1,1,1,1,0,0,0,1
422,386,2,1,1,1,1,1,0,0,0,1
422,482,2,1,1,1,1,1,0,0,0,1
422,290,2,1,0,1,0,0,0,0,1,0
422,162,2,1,1,1,1,1,0,0,0,1
422,446,2,1,1,1,1,1,0,0,0,1
422,398,2,1,1,1,1,1,0,0,0,1
422,494,2,1,1,1,1,1,0,0,0,1
422,302,2,1,1,1,0,1,0,1,0,0
422,174,2,1,1,1,1,1,0,0,0,1
422,406,2,1,1,1,1,1,0,0,0,1
422,502,2,1,1,1,1,1,0,0,0,1
422,310,2,1,1,1,0,1,0,1,0,0
422,182,2,1,1,1,1,1,0,0,0,1
422,454,2,1,1,1,1,1,0,0,0,1
422,262,2,1,0,1,0,0,0,0,1,0
422,134,2,1,1,1,1,1,0,0,0,1
422,358,2,1,1,1,0,1,0,1,0,0
422,230,2,1,1,1,1,1,0,0,0,1
422,38,2,1,0,1,0,0,0,0,1,0
423,423,0,1,1,2,2,2,0,0,0,1
423,422,1,1,1,2,1,2,0,1,0,1
423,421,1,1,1,2,1,2,0,1,0,0
423,419,1,1,1,2,2,2,0,0,0,1
423,431,1,1,1,2,2,2,0,0,0,1
423,439,1,1,1,2,2,2,0,0,0,1
423,391,1,1,1,2,2,2,0,0,0,1
423,487,1,1,1,2,2,2,0,0,0,1
423,295,1,1,0,2,0,0,0,0,1,0
423,167,1,1,1,2,2,2,0,0,0,1
423,420,2,1,0,2,0,0,0,0,1,0
423,418,2,1,1,2,1,2,0,1,0,1
423,430,2,1,1,2,1,2,0,1,0,1
423,438,2,1,1,2,1,2,0,1,0,1
423,390,2,1,1,2,1,2,0,1,0,1
423,486,2,1,1,2,1,2,0,1,0,1
423,294,2,1,0,2,0,0,0,0,1,0
423,166,2,1,1,2,1,2,0,1,0,1
423,417,2,1,1,2,1,2,0,1,0,0
423,429,2,1,1,2,1,2,0,1,0,0
423,437,2,1,1,2,1,2,0,1,0,0
423,389,2,1,1,2,1,2,0,1,0,0
423,485,2,1,1,2,1,2,0,1,0,0
423,293,2,1,0,2,0,0,0,0,1,0
423,165,2,1,1,2,1,2,0,1,0,0
423,427,2,1,1,2,2,2,0,0,0,1
423,435,2,1,1,2,2,2,0,0,0,1
423,387,2,1,1,2,2,2,0,0,0,1
423,483,2,1,1,2,2,2,0,0,0,1
423,291,2,1,0,2,0,0,0,0,1,0
423,163,2,1,1,2,2,2,0,0,0,1
423,447,2,1,1,2,2,2,0,0,0,1
423,399,2,1,1,2,2,2,0,0,0,1
423,495,2,1,1,2,2,2,0,0,0,1
423,303,2,1,1,2,0,2,0,2,0,0
423,175,2,1,1,2,2,2,0,0,0,1
423,407,2,1,1,2,2,2,0,0,0,1
423,503,2,1,1,2,2,2,0,0,0,1
423,311,2,1,1,2,0,2,0,2,0,0
423,183,2,1,1,2,2,2,0,0,0,1
423,455,2,1,1,2,2,2,0,0,0,1
423,263,2,1,0,2,0,0,0,0,1,0
423,135,2,1,1,2,2,2,0,0,0,1
423,359,2,1,1,2,0,2,0,2,0,0
423,231,2,1,1,2,2,2,0,0,0,1
423,39,2,1,0,2,0,0,0,0,1,0
424,424,0,1,1,1,1,1,0,0,0,1
424,425,1,1,1,1,1,1,0,0,0,1
424,426,1,1,1,1,1,1,0,0,0,1
424,428,1,1,1,1,1,1,0,0,0,1
424,416,1,1,0,1,0,0,0,0,1,0
424,440,1,1,1,1,1,1,0,0,0,1
424,392,1,1,0,1,0,0,0,0,1,0
424,488,1,1,1,1,1,1,0,0,0,1
424,296,1,1,1,1,1,1,0,0,0,1
424,168,1,1,1,1,1,1,0,0,0,1
424,427,2,1,1,1,1,1,0,0,0,1
424,429,2,1,1,1,1,1,0,0,0,1
424,417,2,1,1,1,0,1,0,1,0,0
424,441,2,1,1,1,1,1,0,0,0,1
424,393,2,1,0,1,0,0,0,0,1,0
424,489,2,1,1,1,1,1,0,0,0,1
424,297,2,1,1,1,1,1,0,0,0,1
424,169,2,1,1,1,1,1,0,0,0,1
424,430,2,1,1,1,1,1,0,0,0,1
424,418,2,1,1,1,0,1,0,1,0,0
424,442,2,1,1,1,1,1,0,0,0,1
424,394,2,1,1,1,0,1,0,1,0,0
424,490,2,1,1,1,1,1,0,0,0,1
424,298,2,1,1,1,1,1,0,0,0,1
424,170,2,1,1,1,1,1,0,0,0,1
424,420,2,1,0,1,0,0,0,0,1,0
424,444,2,1,1,1,1,1,0,0,0,1
424,396,2,1,1,1,0,1,0,1,0,0
424,492,2,1,1,1,1,1,0,0,0,1
424,300,2,1,1,1,1,1,0,0,0,1
424,172,2,1,1,1,1,1,0,0,0,1
424,432,2,1,1,1,0,1,0,1,0,0
424,384,2,1,0,1,0,0,0,0,1,0
424,480,2,1,0,1,0,0,0,0,1,0
424,288,2,1,0,1,0,0,0,0,1,0
424,160,2,1,0,1,0,0,0,0,1,0
424,408,2,1,1,1,0,1,0,1,0,0
424,504,2,1,1,1,1,1,0,0,0,1
424,312,2,1,1,1,1,1,0,0,0,1
424,184,2,1,1,1,1,1,0,0,0,1
424,456,2,1,0,1,0,0,0,0,1,0
424,264,2,1,0,1,0,0,0,0,1,0
424,136,2,1,0,1,0,0,0,0,1,0
424,360,2,1,1,1,1,1,0,0,0,1
424,232,2,1,1,1,1,1,0,0,0,1
424,40,2,1,1,1,1,1,0,0,0,1
425,425,0,1,1,2,2,2,0,0,0,1
425,424,1,1,1,2,1,2,0,1,0,0
425,427,1,1,1,2,2,2,0,0,0,1
425,429,1,1,1,2,2,2,0,0,0,1
425,417,1,1,1,2,1,2,0,1,0,1
425,441,1,1,1,2,2,2,0,0,0,1
425,393,1,1,0,2,0,0,0,0,1,0
425,489,1,1,1,2,2,2,0,0,0,1
425,297,1,1,1,2,2,2,0,0,0,0
425,169,1,1,1,2,2,2,0,0,0,1
425,426,2,1,1,2,1,2,0,1,0,0
425,428,2,1,1,2,1,2,0,1,0,0
425,416,2,1,0,2,0,0,0,0,1,0
425,440,2,1,1,2,1,2,0,1,0,0
425,392,2,1,0,2,0,0,0,0,1,0
425,488,2,1,1,2,1,2,0,1,0,0
425,296,2,1,1,2,1,2,0,1,0,0
425,168,2,1,1,2,1,2,0,1,0,0
425,431,2,1,1,2,2,2,0,0,0,1
425,419,2,1,1,2,1,2,0,1,0,1
425,443,2,1,1,2,2,2,0,0,0,1
425,395,2,1,1,2,0,2,0,2,0,0
425,491,2,1,1,2,2,2,0,0,0,1
425,299,2,1,1,2,2,2,0,0,0,0
425,171,2,1,1,2,2,2,0,0,0,1
425,421,2,1,1,2,1,2,0,1,0,1
425,445,2,1,1,2,2,2,0,0,0,1
425,397,2,1,1,2,0,2,0,2,0,0
425,493,2,1,1,2,2,2,0,0,0,1
425,301,2,1,1,2,2,2,0,0,0,0
425,173,2,1,1,2,2,2,0,0,0,1
425,433,2,1,1,2,1,2,0,1,0,1
425,385,2,1,0,2,0,0,0,0,1,0
425,481,2,1,1,2,1,2,0,1,0,1
425,289,2,1,0,2,1,1,0,0,1,0
425,161,2,1,1,2,1,2,0,1,0,1
425,409,2,1,1,2,0,2,0,2,0,0
425,505,2,1,1,2,2,2,0,0,0,1
425,313,2,1,1,2,2,2,0,0,0,0
425,185,2,1,1,2,2,2,0,0,0,1
425,457,2,1,0,2,0,0,0,0,1,0
425,265,2,1,0,2,0,0,0,0,1,0
425,137,2,1,0,2,0,0,0,0,1,0
425,361,2,1,1,2,2,2,0,0,0,0
425,233,2,1,1,2,2,2,0,0,0,1
425,41,2,1,1,2,2,2,0,0,0,0
426,426,0,1,1,1,1,1,0,0,0,1
426,427,1,1,1,1,1,1,0,0,0,1
426,424,1,1,1,1,1,1,0,0,0,0
426,430,1,1,1,1,1,1,0,0,0,1
426,418,1,1,1,1,0,1,0,1,0,1
426,442,1,1,1,1,1,1,0,0,0,1
426,394,1,1,1,1,0,1,0,1,0,1
426,490,1,1,1,1,1,1,0,0,0,1
426,298,1,1,1,1,1,1,0,0,0,0
426,170,1,1,1,1,1,1,0,0,0,1
426,425,2,1,1,1,1,1,0,0,0,0
426,431,2,1,1,1,1,1,0,0,0,1
426,419,2,1,1,1,0,1,0,1,0,1
426,443,2,1,1,1,1,1,0,0,0,1
426,395,2,1,1,1,0,1,0,1,0,1
426,491,2,1,1,1,1,1,0,0,0,1
426,299,2,1,1,1,1,1,0,0,0,0
426,171,2,1,1,1,1,1,0,0,0,1
426,428,2,1,1,1,1,1,0,0,0,0
426,416,2,1,0,1,0,0,0,0,1,0
426,440,2,1,1,1,1,1,0,0,0,0
426,392,2,1,0,1,0,0,0,0,1,0
426,488,2,1,1,1,1,1,0,0,0,0
426,296,2,1,1,1,1,1,0,0,0,0
426,168,2,1,1,1,1,1,0,0,0,0
426,422,2,1,1,1,0,1,0,1,0,1
426,446,2,1,1,1,1,1,0,0,0,1
426,398,2,1,1,1,0,1,0,1,0,1
426,494,2,1,1,1,1,1,0,0,0,1
426,302,2,1,1,1,1,1,0,0,0,0
426,174,2,1,1,1,1,1,0,0,0,1
426,434,2,1,1,1,0,1,0,1,0,1
426,386,2,1,1,1,0,1,0,1,0,1
426,482,2,1,1,1,0,1,0,1,0,1
426,290,2,1,0,1,0,0,0,0,1,0
426,162,2,1,1,1,0,1,0,1,0,1
426,410,2,1,1,1,0,1,0,1,0,1
426,506,2,1,1,1,1,1,0,0,0,1
426,314,2,1,1,1,1,1,0,0,0,0
426,186,2,1,1,1,1,1,0,0,0,1
426,458,2,1,1,1,0,1,0,1,0,1
426,266,2,1,1,1,0,1,0,1,0,0
426,138,2,1,1,1,0,1,0,1,0,1
426,362,2,1,1,1,1,1,0,0,0,0
426,234,2,1,1,1,1,1,0,0,0,1
426,42,2,1,1,1,1,1,0,0,0,0
427,427,0,1,1,1,1,1,0,0,0,1
427,426,1,1,1,1,1,1,0,0,0,1
427,425,1,1,1,1,1,1,0,0,0,0
427,431,1,1,1,1,1,1,0,0,0,1
427,419,1,1,1,1,0,1,0,1,0,1
427,443,1,1,1,1,1,1,0,0,0,1
427,395,1,1,1,1,0,1,0,1,0,1
427,491,1,1,1,1,1,1,0,0,0,1
427,299,1,1,1,1,1,1,0,0,0,0
427,171,1,1,1,1,1,1,0,0,0,1
427,424,2,1,1,1,1,1,0,0,0,0
427,430,2,1,1,1,1,1,0,0,0,1
427,418,2,1,1,1,0,1,0,1,0,1
427,442,2,1,1,1,1,1,0,0,0,1
427,394,2,1,1,1,0,1,0,1,0,1
427,490,2,1,1,1,1,1,0,0,0,1
427,298,2,1,1,1,1,1,0,0,0,0
427,170,2,1,1,1,1,1,0,0,0,1
427,429,2,1,1,1,1,1,0,0,0,0
427,417,2,1,1,1,0,1,0,1,0,0
427,441,2,1,1,1,1,1,0,0,0,0
427,393,2,1,0,1,0,0,0,0,1,0
427,489,2,1,1,1,1,1,0,0,0,0
427,297,2,1,1,1,1,1,0,0,0,0
427,169,2,1,1,1,1,1,0,0,0,0
427,423,2,1,1,1,0,1,0,1,0,1
427,447,2,1,1,1,1,1,0,0,0,1
427,399,2,1,1,1,0,1,0,1,0,1
427,495,2,1,1,1,1,1,0,0,0,1
427,303,2,1,1,1,1,1,0,0,0,0
427,175,2,1,1,1,1,1,0,0,0,1
427,435,2,1,1,1,0,1,0,1,0,1
427,387,2,1,1,1,0,1,0,1,0,1
427,483,2,1,1,1,0,1,0,1,0,1
427,291,2,1,0,1,0,0,0,0,1,0
427,163,2,1,1,1,0,1,0,1,0,1
427,411,2,1,1,1,0,1,0,1,0,1
427,507,2,1,1,1,1,1,0,0,0,1
427,315,2,1,1,1,1,1,0,0,0,0
427,187,2,1,1,1,1,1,0,0,0,1
427,459,2,1,1,1,0,1,0,1,0,1
427,267,2,1,1,1,0,1,0,1,0,0
427,139,2,1,1,1,0,1,0,1,0,1
427,363,2,1,1,1,1,1,0,0,0,0
427,235,2,1,1,1,1,1,0,0,0,1
427,43,2,1,1,1,1,1,0,0,0,0
428,428,0,1,1,2,2,2,0,0,0,1
428,429,1,1,1,2,2,2,0,0,0,1
428,430,1,1,1,2,2,2,0,0,0,1
428,424,1,1,1,2,1,2,0,1,0,0
428,420,1,1,0,2,0,0,0,0,1,0
428,444,1,1,1,2,2,2,0,0,0,1
428,396,1,1,1,2,1,2,0,1,0,1
428,492,1,1,1,2,2,2,0,0,0,1
428,300,1,1,1,2,2,2,0,0,0,0
428,172,1,1,1,2,2,2,0,0,0,1
428,431,2,1,1,2,2,2,0,0,0,1
428,425,2,1,1,2,1,2,0,1,0,0
428,421,2,1,1,2,0,2,0,2,0,0
428,445,2,1,1,2,2,2,0,0,0,1
428,397,2,1,1,2,1,2,0,1,0,1
428,493,2,1,1,2,2,2,0,0,0,1
428,301,2,1,1,2,2,2,0,0,0,0
428,173,2,1,1,2,2,2,0,0,0,1
428,426,2,1,1,2,1,2,0,1,0,0
428,422,2,1,1,2,0,2,0,2,0,0
428,446,2,1,1,2,2,2,0,0,0,1
428,398,2,1,1,2,1,2,0,1,0,1
428,494,2,1,1,2,2,2,0,0,0,1
428,302,2,1,1,2,2,2,0,0,0,0
428,174,2,1,1,2,2,2,0,0,0,1
428,416,2,1,0,2,0,0,0,0,1,0
428,440,2,1,1,2,1,2,0,1,0,0
428,392,2,1,0,2,0,0,0,0,1,0
428,488,2,1,1,2,1,2,0,1,0,0
428,296,2,1,1,2,1,2,0,1,0,0
428,168,2,1,1,2,1,2,0,1,0,0
428,436,2,1,1,2,0,2,0,2,0,0
428,388,2,1,0,2,0,0,0,0,1,0
428,484,2,1,0,2,0,0,0,0,1,0
428,292,2,1,0,2,0,0,0,0,1,0
428,164,2,1,0,2,0,0,0,0,1,0
428,412,2,1,1,2,1,2,0,1,0,1
428,508,2,1,1,2,2,2,0,0,0,1
428,316,2,1,1,2,2,2,0,0,0,0
428,188,2,1,1,2,2,2,0,0,0,1
428,460,2,1,1,2,1,2,0,1,0,1
428,268,2,1,1,2,1,2,0,1,0,0
428,140,2,1,1,2,1,2,0,1,0,1
428,364,2,1,1,2,2,2,0,0,0,0
428,236,2,1,1,2,2,2,0,0,0,1
428,44,2,1,1,2,2,2,0,0,0,0
429,429,0,1,1,2,2,2,0,0,0,1
429,428,1,1,1,2,1,2,0,1,0,0
429,431,1,1,1,2,2,2,0,0,0,1
429,425,1,1,1,2,1,2,0,1,0,0
429,421,1,1,1,2,1,2,0,1,0,1
429,445,1,1,1,2,2,2,0,0,0,1
429,397,1,1,1,2,1,2,0,1,0,1
429,493,1,1,1,2,2,2,0,0,0,1
429,301,1,1,1,2,2,2,0,0,0,0
429,173,1,1,1,2,2,2,0,0,0,1
429,430,2,1,1,2,1,2,0,1,0,0
429,424,2,1,1,2,1,2,0,1,0,0
429,420,2,1,0,2,0,0,0,0,1,0
429,444,2,1,1,2,1,2,0,1,0,0
429,396,2,1,1,2,0,2,0,2,0,0
429,492,2,1,1,2,1,2,0,1,0,0
429,300,2,1,1,2,1,2,0,1,0,0
429,172,2,1,1,2,1,2,0,1,0,0
429,427,2,1,1,2,1,2,0,1,0,0
429,423,2,1,1,2,1,2,0,1,0,1
429,447,2,1,1,2,2,2,0,0,0,1
429,399,2,1,1,2,1,2,0,1,0,1
429,495,2,1,1,2,2,2,0,0,0,1
429,303,2,1,1,2,2,2,0,0,0,0
429,175,2,1,1,2,2,2,0,0,0,1
429,417,2,1,1,2,0,2,0,2,0,0
429,441,2,1,1,2,1,2,0,1,0,0
429,393,2,1,0,2,0,0,0,0,1,0
429,489,2,1,1,2,1,2,0,1,0,0
429,297,2,1,1,2,1,2,0,1,0,0
429,169,2,1,1,2,1,2,0,1,0,0
429,437,2,1,1,2,1,2,0,1,0,1
429,389,2,1,1,2,1,2,0,1,0,1
429,485,2,1,1,2,1,2,0,1,0,1
429,293,2,1,0,2,1,1,0,0,1,0
429,165,2,1,1,2,1,2,0,1,0,1
429,413,2,1,1,2,1,2,0,1,0,1
429,509,2,1,1,2,2,2,0,0,0,1
429,317,2,1,1,2,2,2,0,0,0,0
429,189,2,1,1,2,2,2,0,0,0,1
429,461,2,1,1,2,1,2,0,1,0,1
429,269,2,1,1,2,1,2,0,1,0,0
429,141,2,1,1,2,1,2,0,1,0,1
429,365,2,1,1,2,2,2,0,0,0,0
429,237,2,1,1,2,2,2,0,0,0,1
429,45,2,1,1,2,2,2,0,0,0,0
430,430,0,1,1,1,1,1,0,0,0,1
430,431,1,1,1,1,1,1,0,0,0,1
430,428,1,1,1,1,1,1,0,0,0,0
430,426,1,1,1,1,1,1,0,0,0,1
430,422,1,1,1,1,0,1,0,1,0,1
430,446,1,1,1,1,1,1,0,0,0,1
430,398,1,1,1,1,0,1,0,1,0,1
430,494,1,1,1,1,1,1,0,0,0,1
430,302,1,1,1,1,1,1,0,0,0,0
430,174,1,1,1,1,1,1,0,0,0,1
430,429,2,1,1,1,1,1,0,0,0,0
430,427,2,1,1,1,1,1,0,0,0,1
430,423,2,1,1,1,0,1,0,1,0,1
430,447,2,1,1,1,1,1,0,0,0,1
430,399,2,1,1,1,0,1,0,1,0,1
430,495,2,1,1,1,1,1,0,0,0,1
430,303,2,1,1,1,1,1,0,0,0,0
430,175,2,1,1,1,1,1,0,0,0,1
430,424,2,1,1,1,1,1,0,0,0,0
430,420,2,1,0,1,0,0,0,0,1,0
430,444,2,1,1,1,1,1,0,0,0,0
430,396,2,1,1,1,0,1,0,1,0,0
430,492,2,1,1,1,1,1,0,0,0,0
430,300,2,1,1,1,1,1,0,0,0,0
430,172,2,1,1,1,1,1,0,0,0,0
430,418,2,1,1,1,0,1,0,1,0,1
430,442,2,1,1,1,1,1,0,0,0,1
430,394,2,1,1,1,0,1,0,1,0,1
430,490,2,1,1,1,1,1,0,0,0,1
430,298,2,1,1,1,1,1,0,0,0,0
430,170,2,1,1,1,1,1,0,0,0,1
430,438,2,1,1,1,0,1,0,1,0,1
430,390,2,1,1,1,0,1,0,1,0,1
430,486,2,1,1,1,0,1,0,1,0,1
430,294,2,1,0,1,0,0,0,0,1,0
430,166,2,1,1,1,0,1,0,1,0,1
430,414,2,1,1,1,0,1,0,1,0,1
430,510,2,1,1,1,1,1,0,0,0,1
430,318,2,1,1,1,1,1,0,0,0,0
430,190,2,1,1,1,1,1,0,0,0,1
430,462,2,1,1,1,0,1,0,1,0,1
430,270,2,1,1,1,0,1,0,1,0,0
430,142,2,1,1,1,0,1,0,1,0,1
430,366,2,1,1,1,1,1,0,0,0,0
430,238,2,1,1,1,1,1,0,0,0,1
430,46,2,1,1,1,1,1,0,0,0,0
431,431,0,1,1,1,1,1,0,0,0,1
431,430,1,1,1,1,1,1,0,0,0,1
431,429,1,1,1,1,1,1,0,0,0,0
431,427,1,1,1,1,1,1,0,0,0,1
431,423,1,1,1,1,0,1,0,1,0,1
431,447,1,1,1,1,1,1,0,0,0,1
431,399,1,1,1,1,0,1,0,1,0,1
431,495,1,1,1,1,1,1,0,0,0,1
431,303,1,1,1,1,1,1,0,0,0,0
431,175,1,1,1,1,1,1,0,0,0,1
431,428,2,1,1,1,1,1,0,0,0,0
431,426,2,1,1,1,1,1,0,0,0,1
431,422,2,1,1,1,0,1,0,1,0,1
431,446,2,1,1,1,1,1,0,0,0,1
431,398,2,1,1,1,0,1,0,1,0,1
431,494,2,1,1,1,1,1,0,0,0,1
431,302,2,1,1,1,1,1,0,0,0,0
431,174,2,1,1,1,1,1,0,0,0,1
431,425,2,1,1,1,1,1,0,0,0,0
431,421,2,1,1,1,0,1,0,1,0,0
431,445,2,1,1,1,1,1,0,0,0,0
431,397,2,1,1,1,0,1,0,1,0,0
431,493,2,1,1,1,1,1,0,0,0,0
431,301,2,1,1,1,1,1,0,0,0,0
431,173,2,1,1,1,1,1,0,0,0,0
431,419,2,1,1,1,0,1,0,1,0,1
431,443,2,1,1,1,1,1,0,0,0,1
431,395,2,1,1,1,0,1,0,1,0,1
431,491,2,1,1,1,1,1,0,0,0,1
431,299,2,1,1,1,1,1,0,0,0,0
431,171,2,1,1,1,1,1,0,0,0,1
431,439,2,1,1,1,0,1,0,1,0,1
431,391,2,1,1,1,0,1,0,1,0,1
431,487,2,1,1,1,0,1,0,1,0,1
431,295,2,1,0,1,0,0,0,0,1,0
431,167,2,1,1,1,0,1,0,1,0,1
431,415,2,1,1,1,0,1,0,1,0,1
431,511,2,1,1,1,1,1,0,0,0,1
431,319,2,1,1,1,1,1,0,0,0,0
431,191,2,1,1,1,1,1,0,0,0,1
431,463,2,1,1,1,0,1,0,1,0,1
431,271,2,1,1,1,0,1,0,1,0,0
431,143,2,1,1,1,0,1,0,1,0,1
431,367,2,1,1,1,1,1,0,0,0,0
431,239,2,1,1,1,1,1,0,0,0,1
431,47,2,1,1,1,1,1,0,0,0,0
432,432,0,1,1,0,0,0,0,0,0,1
432,433,1,1,1,0,0,0,0,0,0,1
432,434,1,1,1,0,0,0,0,0,0,1
432,436,1,1,1,0,0,0,0,0,0,1
432,440,1,1,1,0,0,0,0,0,0,1
432,416,1,1,0,0,0,0,0,0,1,0
432,400,1,1,1,0,0,0,0,0,0,1
432,496,1,1,1,0,0,0,0,0,0,1
432,304,1,1,1,0,0,0,0,0,0,1
432,176,1,1,1,0,0,0,0,0,0,1
432,435,2,1,1,0,0,0,0,0,0,1
432,437,2,1,1,0,0,0,0,0,0,1
432,441,2,1,1,0,0,0,0,0,0,1
432,417,2,1,1,0,0,0,0,0,0,0
432,401,2,1,1,0,0,0,0,0,0,1
432,497,2,1,1,0,0,0,0,0,0,1
432,305,2,1,1,0,0,0,0,0,0,1
432,177,2,1,1,0,0,0,0,0,0,1
432,438,2,1,1,0,0,0,0,0,0,1
432,442,2,1,1,0,0,0,0,0,0,1
432,418,2,1,1,0,0,0,0,0,0,0
432,402,2,1,1,0,0,0,0,0,0,1
432,498,2,1,1,0,0,0,0,0,0,1
432,306,2,1,1,0,0,0,0,0,0,1
432,178,2,1,1,0,0,0,0,0,0,1
432,444,2,1,1,0,0,0,0,0,0,1
432,420,2,1,0,0,0,0,0,0,1,0
432,404,2,1,1,0,0,0,0,0,0,1
432,500,2,1,1,0,0,0,0,0,0,1
432,308,2,1,1,0,0,0,0,0,0,1
432,180,2,1,1,0,0,0,0,0,0,1
432,424,2,1,1,0,0,0,0,0,0,0
432,408,2,1,1,0,0,0,0,0,0,1
432,504,2,1,1,0,0,0,0,0,0,1
432,312,2,1,1,0,0,0,0,0,0,1
432,184,2,1,1,0,0,0,0,0,0,1
432,384,2,1,0,0,0,0,0,0,1,0
432,480,2,1,0,0,0,0,0,0,1,0
432,288,2,1,0,0,0,0,0,0,1,0
432,160,2,1,0,0,0,0,0,0,1,0
432,464,2,1,1,0,0,0,0,0,0,1
432,272,2,1,1,0,0,0,0,0,0,1
432,144,2,1,1,0,0,0,0,0,0,1
432,368,2,1,1,0,0,0,0,0,0,1
432,240,2,1,1,0,0,0,0,0,0,1
432,48,2,1,1,0,0,0,0,0,0,1
433,433,0,1,1,2,2,2,0,0,0,1
433,432,1,1,1,2,0,2,0,2,0,1
433,435,1,1,1,2,2,2,0,0,0,1
433,437,1,1,1,2,2,2,0,0,0,1
433,441,1,1,1,2,2,2,0,0,0,1
433,417,1,1,1,2,2,2,0,0,0,0
433,401,1,1,1,2,1,2,0,1,0,1
433,497,1,1,1,2,2,2,0,0,0,1
433,305,1,1,1,2,1,2,0,1,0,1
433,177,1,1,1,2,2,2,0,0,0,1
433,434,2,1,1,2,0,2,0,2,0,1
433,436,2,1,1,2,0,2,0,2,0,1
433,440,2,1,1,2,0,2,0,2,0,1
433,416,2,1,0,2,0,0,0,0,1,0
433,400,2,1,1,2,0,2,0,2,0,1
433,496,2,1,1,2,0,2,0,2,0,1
433,304,2,1,1,2,0,2,0,2,0,1
433,176,2,1,1,2,0,2,0,2,0,1
433,439,2,1,1,2,2,2,0,0,0,1
433,443,2,1,1,2,2,2,0,0,0,1
433,419,2,1,1,2,2,2,0,0,0,0
433,403,2,1,1,2,1,2,0,1,0,1
433,499,2,1,1,2,2,2,0,0,0,1
433,307,2,1,1,2,1,2,0,1,0,1
433,179,2,1,1,2,2,2,0,0,0,1
433,445,2,1,1,2,2,2,0,0,0,1
433,421,2,1,1,2,2,2,0,0,0,0
433,405,2,1,1,2,1,2,0,1,0,1
433,501,2,1,1,2,2,2,0,0,0,1
433,309,2,1,1,2,1,2,0,1,0,1
433,181,2,1,1,2,2,2,0,0,0,1
433,425,2,1,1,2,2,2,0,0,0,0
433,409,2,1,1,2,1,2,0,1,0,1
433,505,2,1,1,2,2,2,0,0,0,1
433,313,2,1,1,2,1,2,0,1,0,1
433,185,2,1,1,2,2,2,0,0,0,1
433,385,2,1,0,2,1,1,0,0,1,0
433,481,2,1,1,2,2,2,0,0,0,0
433,289,2,1,0,2,1,1,0,0,1,0
433,161,2,1,1,2,2,2,0,0,0,0
433,465,2,1,1,2,1,2,0,1,0,1
433,273,2,1,1,2,0,2,0,2,0,1
433,145,2,1,1,2,1,2,0,1,0,1
433,369,2,1,1,2,1,2,0,1,0,1
433,241,2,1,1,2,2,2,0,0,0,1
433,49,2,1,1,2,1,2,0,1,0,1
434,434,0,1,1,0,0,0,0,0,0,1
434,435,1,1,1,0,0,0,0,0,0,1
434,432,1,1,1,0,0,0,0,0,0,1
434,438,1,1,1,0,0,0,0,0,0,1
434,442,1,1,1,0,0,0,0,0,0,1
434,418,1,1,1,0,0,0,0,0,0,0
434,402,1,1,1,0,0,0,0,0,0,1
434,498,1,1,1,0,0,0,0,0,0,1
434,306,1,1,1,0,0,0,0,0,0,1
434,178,1,1,1,0,0,0,0,0,0,1
434,433,2,1,1,0,0,0,0,0,0,1
434,439,2,1,1,0,0,0,0,0,0,1
434,443,2,1,1,0,0,0,0,0,0,1
434,419,2,1,1,0,0,0,0,0,0,0
434,403,2,1,1,0,0,0,0,0,0,1
434,499,2,1,1,0,0,0,0,0,0,1
434,307,2,1,1,0,0,0,0,0,0,1
434,179,2,1,1,0,0,0,0,0,0,1
434,436,2,1,1,0,0,0,0,0,0,1
434,440,2,1,1,0,0,0,0,0,0,1
434,416,2,1,0,0,0,0,0,0,1,0
434,400,2,1,1,0,0,0,0,0,0,1
434,496,2,1,1,0,0,0,0,0,0,1
434,304,2,1,1,0,0,0,0,0,0,1
434,176,2,1,1,0,0,0,0,0,0,1
434,446,2,1,1,0,0,0,0,0,0,1
434,422,2,1,1,0,0,0,0,0,0,0
434,406,2,1,1,0,0,0,0,0,0,1
434,502,2,1,1,0,0,0,0,0,0,1
434,310,2,1,1,0,0,0,0,0,0,1
434,182,2,1,1,0,0,0,0,0,0,1
434,426,2,1,1,0,0,0,0,0,0,0
434,410,2,1,1,0,0,0,0,0,0,1
434,506,2,1,1,0,0,0,0,0,0,1
434,314,2,1,1,0,0,0,0,0,0,1
434,186,2,1,1,0,0,0,0,0,0,1
434,386,2,1,1,0,0,0,0,0,0,0
434,482,2,1,1,0,0,0,0,0,0,0
434,290,2,1,0,0,0,0,0,0,1,0
434,162,2,1,1,0,0,0,0,0,0,0
434,466,2,1,1,0,0,0,0,0,0,1
434,274,2,1,1,0,0,0,0,0,0,1
434,146,2,1,1,0,0,0,0,0,0,1
434,370,2,1,1,0,0,0,0,0,0,1
434,242,2,1,1,0,0,0,0,0,0,1
434,50,2,1,1,0,0,0,0,0,0,1
435,435,0,1,1,1,1,1,0,0,0,1
435,434,1,1,1,1,0,1,0,1,0,1
435,433,1,1,1,1,1,1,0,0,0,1
435,439,1,1,1,1,1,1,0,0,0,1
435,443,1,1,1,1,1,1,0,0,0,1
435,419,1,1,1,1,1,1,0,0,0,0
435,403,1,1,1,1,1,1,0,0,0,1
435,499,1,1,1,1,1,1,0,0,0,1
435,307,1,1,1,1,0,1,0,1,0,1
435,179,1,1,1,1,1,1,0,0,0,1
435,432,2,1,1,1,0,1,0,1,0,1
435,438,2,1,1,1,0,1,0,1,0,1
435,442,2,1,1,1,0,1,0,1,0,1
435,418,2,1,1,1,0,1,0,1,0,0
435,402,2,1,1,1,0,1,0,1,0,1
435,498,2,1,1,1,0,1,0,1,0,1
435,306,2,1,1,1,0,1,0,1,0,1
435,178,2,1,1,1,0,1,0,1,0,1
435,437,2,1,1,1,1,1,0,0,0,1
435,441,2,1,1,1,1,1,0,0,0,1
435,417,2,1,1,1,1,1,0,0,0,0
435,401,2,1,1,1,1,1,0,0,0,1
435,497,2,1,1,1,1,1,0,0,0,1
435,305,2,1,1,1,0,1,0,1,0,1
435,177,2,1,1,1,1,1,0,0,0,1
435,447,2,1,1,1,1,1,0,0,0,1
435,423,2,1,1,1,1,1,0,0,0,0
435,407,2,1,1,1,1,1,0,0,0,1
435,503,2,1,1,1,1,1,0,0,0,1
435,311,2,1,1,1,0,1,0,1,0,1
435,183,2,1,1,1,1,1,0,0,0,1
435,427,2,1,1,1,1,1,0,0,0,0
435,411,2,1,1,1,1,1,0,0,0,1
435,507,2,1,1,1,1,1,0,0,0,1
435,315,2,1,1,1,0,1,0,1,0,1
435,187,2,1,1,1,1,1,0,0,0,1
435,387,2,1,1,1,1,1,0,0,0,0
435,483,2,1,1,1,1,1,0,0,0,0
435,291,2,1,0,1,0,0,0,0,1,0
435,163,2,1,1,1,1,1,0,0,0,0
435,467,2,1,1,1,1,1,0,0,0,1
435,275,2,1,1,1,0,1,0,1,0,1
435,147,2,1,1,1,1,1,0,0,0,1
435,371,2,1,1,1,0,1,0,1,0,1
435,243,2,1,1,1,1,1,0,0,0,1
435,51,2,1,1,1,0,1,0,1,0,1
436,436,0,1,1,0,0,0,0,0,0,1
436,437,1,1,1,0,0,0,0,0,0,1
436,438,1,1,1,0,0,0,0,0,0,1
436,432,1,1,1,0,0,0,0,0,0,1
436,444,1,1,1,0,0,0,0,0,0,1
436,420,1,1,0,0,0,0,0,0,1,0
436,404,1,1,1,0,0,0,0,0,0,1
436,500,1,1,1,0,0,0,0,0,0,1
436,308,1,1,1,0,0,0,0,0,0,1
436,180,1,1,1,0,0,0,0,0,0,1
436,439,2,1,1,0,0,0,0,0,0,1
436,433,2,1,1,0,0,0,0,0,0,1
436,445,2,1,1,0,0,0,0,0,0,1
436,421,2,1,1,0,0,0,0,0,0,0
436,405,2,1,1,0,0,0,0,0,0,1
436,501,2,1,1,0,0,0,0,0,0,1
436,309,2,1,1,0,0,0,0,0,0,1
436,181,2,1,1,0,0,0,0,0,0,1
436,434,2,1,1,0,0,0,0,0,0,1
436,446,2,1,1,0,0,0,0,0,0,1
436,422,2,1,1,0,0,0,0,0,0,0
436,406,2,1,1,0,0,0,0,0,0,1
436,502,2,1,1,0,0,0,0,0,0,1
436,310,2,1,1,0,0,0,0,0,0,1
436,182,2,1,1,0,0,0,0,0,0,1
436,440,2,1,1,0,0,0,0,0,0,1
436,416,2,1,0,0,0,0,0,0,1,0
436,400,2,1,1,0,0,0,0,0,0,1
436,496,2,1,1,0,0,0,0,0,0,1
436,304,2,1,1,0,0,0,0,0,0,1
436,176,2,1,1,0,0,0,0,0,0,1
436,428,2,1,1,0,0,0,0,0,0,0
436,412,2,1,1,0,0,0,0,0,0,1
436,508,2,1,1,0,0,0,0,0,0,1
436,316,2,1,1,0,0,0,0,0,0,1
436,188,2,1,1,0,0,0,0,0,0,1
436,388,2,1,0,0,0,0,0,0,1,0
436,484,2,1,0,0,0,0,0,0,1,0
436,292,2,1,0,0,0,0,0,0,1,0
436,164,2,1,0,0,0,0,0,0,1,0
436,468,2,1,1,0,0,0,0,0,0,1
436,276,2,1,1,0,0,0,0,0,0,1
436,148,2,1,1,0,0,0,0,0,0,1
436,372,2,1,1,0,0,0,0,0,0,1
436,244,2,1,1,0,0,0,0,0,0,1
436,52,2,1,1,0,0,0,0,0,0,1
437,437,0,1,1,2,2,2,0,0,0,1
437,436,1,1,1,2,0,2,0,2,0,1
437,439,1,1,1,2,2,2,0,0,0,1
437,433,1,1,1,2,1,2,0,1,0,1
437,445,1,1,1,2,2,2,0,0,0,1
437,421,1,1,1,2,2,2,0,0,0,0
437,405,1,1,1,2,2,2,0,0,0,1
437,501,1,1,1,2,2,2,0,0,0,1
437,309,1,1,1,2,1,2,0,1,0,1
437,181,1,1,1,2,2,2,0,0,0,1
437,438,2,1,1,2,0,2,0,2,0,1
437,432,2,1,1,2,0,2,0,2,0,1
437,444,2,1,1,2,0,2,0,2,0,1
437,420,2,1,0,2,0,0,0,0,1,0
437,404,2,1,1,2,0,2,0,2,0,1
437,500,2,1,1,2,0,2,0,2,0,1
437,308,2,1,1,2,0,2,0,2,0,1
437,180,2,1,1,2,0,2,0,2,0,1
437,435,2,1,1,2,1,2,0,1,0,1
437,447,2,1,1,2,2,2,0,0,0,1
437,423,2,1,1,2,2,2,0,0,0,0
437,407,2,1,1,2,2,2,0,0,0,1
437,503,2,1,1,2,2,2,0,0,0,1
437,311,2,1,1,2,1,2,0,1,0,1
437,183,2,1,1,2,2,2,0,0,0,1
437,441,2,1,1,2,1,2,0,1,0,1
437,417,2,1,1,2,1,2,0,1,0,0
437,401,2,1,1,2,1,2,0,1,0,1
437,497,2,1,1,2,1,2,0,1,0,1
437,305,2,1,1,2,0,2,0,2,0,1
437,177,2,1,1,2,1,2,0,1,0,1
437,429,2,1,1,2,2,2,0,0,0,0
437,413,2,1,1,2,2,2,0,0,0,1
437,509,2,1,1,2,2,2,0,0,0,1
437,317,2,1,1,2,1,2,0,1,0,1
437,189,2,1,1,2,2,2,0,0,0,1
437,389,2,1,1,2,2,2,0,0,0,0
437,485,2,1,1,2,2,2,0,0,0,0
437,293,2,1,0,2,1,1,0,0,1,0
437,165,2,1,1,2,2,2,0,0,0,0
437,469,2,1,1,2,2,2,0,0,0,1
437,277,2,1,1,2,1,2,0,1,0,1
437,149,2,1,1,2,2,2,0,0,0,1
437,373,2,1,1,2,1,2,0,1,0,1
437,245,2,1,1,2,2,2,0,0,0,1
437,53,2,1,1,2,1,2,0,1,0,1
438,438,0,1,1,0,0,0,0,0,0,1
438,439,1,1,1,0,0,0,0,0,0,1
438,436,1,1,1,0,0,0,0,0,0,1
438,434,1,1,1,0,0,0,0,0,0,1
438,446,1,1,1,0,0,0,0,0,0,1
438,422,1,1,1,0,0,0,0,0,0,0
438,406,1,1,1,0,0,0,0,0,0,1
438,502,1,1,1,0,0,0,0,0,0,1
438,310,1,1,1,0,0,0,0,0,0,1
438,182,1,1,1,0,0,0,0,0,0,1
438,437,2,1,1,0,0,0,0,0,0,1
438,435,2,1,1,0,0,0,0,0,0,1
438,447,2,1,1,0,0,0,0,0,0,1
438,423,2,1,1,0,0,0,0,0,0,0
438,407,2,1,1,0,0,0,0,0,0,1
438,503,2,1,1,0,0,0,0,0,0,1
438,311,2,1,1,0,0,0,0,0,0,1
438,183,2,1,1,0,0,0,0,0,0,1
438,432,2,1,1,0,0,0,0,0,0,1
438,444,2,1,1,0,0,0,0,0,0,1
438,420,2,1,0,0,0,0,0,0,1,0
438,404,2,1,1,0,0,0,0,0,0,1
438,500,2,1,1,0,0,0,0,0,0,1
438,308,2,1,1,0,0,0,0,0,0,1
438,180,2,1,1,0,0,0,0,0,0,1
438,442,2,1,1,0,0,0,0,0,0,1
438,418,2,1,1,0,0,0,0,0,0,0
438,402,2,1,1,0,0,0,0,0,0,1
438,498,2,1,1,0,0,0,0,0,0,1
438,306,2,1,1,0,0,0,0,0,0,1
438,178,2,1,1,0,0,0,0,0,0,1
438,430,2,1,1,0,0,0,0,0,0,0
438,414,2,1,1,0,0,0,0,0,0,1
438,510,2,1,1,0,0,0,0,0,0,1
438,318,2,1,1,0,0,0,0,0,0,1
438,190,2,1,1,0,0,0,0,0,0,1
438,390,2,1,1,0,0,0,0,0,0,0
438,486,2,1,1,0,0,0,0,0,0,0
438,294,2,1,0,0,0,0,0,0,1,0
438,166,2,1,1,0,0,0,0,0,0,0
438,470,2,1,1,0,0,0,0,0,0,1
438,278,2,1,1,0,0,0,0,0,0,1
438,150,2,1,1,0,0,0,0,0,0,1
438,374,2,1,1,0,0,0,0,0,0,1
438,246,2,1,1,0,0,0,0,0,0,1
438,54,2,1,1,0,0,0,0,0,0,1
439,439,0,1,1,1,1,1,0,0,0,1
439,438,1,1,1,1,0,1,0,1,0,1
439,437,1,1,1,1,1,1,0,0,0,1
439,435,1,1,1,1,1,1,0,0,0,1
439,447,1,1,1,1,1,1,0,0,0,1
439,423,1,1,1,1,1,1,0,0,0,0
439,407,1,1,1,1,1,1,0,0,0,1
439,503,1,1,1,1,1,1,0,0,0,1
439,311,1,1,1,1,0,1,0,1,0,1
439,183,1,1,1,1,1,1,0,0,0,1
439,436,2,1,1,1,0,1,0,1,0,1
439,434,2,1,1,1,0,1,0,1,0,1
439,446,2,1,1,1,0,1,0,1,0,1
439,422,2,1,1,1,0,1,0,1,0,0
439,406,2,1,1,1,0,1,0,1,0,1
439,502,2,1,1,1,0,1,0,1,0,1
439,310,2,1,1,1,0,1,0,1,0,1
439,182,2,1,1,1,0,1,0,1,0,1
439,433,2,1,1,1,1,1,0,0,0,1
439,445,2,1,1,1,1,1,0,0,0,1
439,421,2,1,1,1,1,1,0,0,0,0
439,405,2,1,1,1,1,1,0,0,0,1
439,501,2,1,1,1,1,1,0,0,0,1
439,309,2,1,1,1,0,1,0,1,0,1
439,181,2,1,1,1,1,1,0,0,0,1
439,443,2,1,1,1,1,1,0,0,0,1
439,419,2,1,1,1,1,1,0,0,0,0
439,403,2,1,1,1,1,1,0,0,0,1
439,499,2,1,1,1,1,1,0,0,0,1
439,307,2,1,1,1,0,1,0,1,0,1
439,179,2,1,1,1,1,1,0,0,0,1
439,431,2,1,1,1,1,1,0,0,0,0
439,415,2,1,1,1,1,1,0,0,0,1
439,511,2,1,1,1,1,1,0,0,0,1
439,319,2,1,1,1,0,1,0,1,0,1
439,191,2,1,1,1,1,1,0,0,0,1
439,391,2,1,1,1,1,1,0,0,0,0
439,487,2,1,1,1,1,1,0,0,0,0
439,295,2,1,0,1,0,0,0,0,1,0
439,167,2,1,1,1,1,1,0,0,0,0
439,471,2,1,1,1,1,1,0,0,0,1
439,279,2,1,1,1,0,1,0,1,0,1
439,151,2,1,1,1,1,1,0,0,0,1
439,375,2,1,1,1,0,1,0,1,0,1
439,247,2,1,1,1,1,1,0,0,0,1
439,55,2,1,1,1,0,1,0,1,0,1
440,440,0,1,1,0,0,0,0,0,0,1
440,441,1,1,1,0,0,0,0,0,0,1
440,442,1,1,1,0,0,0,0,0,0,1
440,444,1,1,1,0,0,0,0,0,0,1
440,432,1,1,1,0,0,0,0,0,0,1
440,424,1,1,1,0,0,0,0,0,0,0
440,408,1,1,1,0,0,0,0,0,0,1
440,504,1,1,1,0,0,0,0,0,0,1
440,312,1,1,1,0,0,0,0,0,0,1
440,184,1,1,1,0,0,0,0,0,0,1
440,443,2,1,1,0,0,0,0,0,0,1
440,445,2,1,1,0,0,0,0,0,0,1
440,433,2,1,1,0,0,0,0,0,0,1
440,425,2,1,1,0,0,0,0,0,0,0
440,409,2,1,1,0,0,0,0,0,0,1
440,505,2,1,1,0,0,0,0,0,0,1
440,313,2,1,1,0,0,0,0,0,0,1
440,185,2,1,1,0,0,0,0,0,0,1
440,446,2,1,1,0,0,0,0,0,0,1
440,434,2,1,1,0,0,0,0,0,0,1
440,426,2,1,1,0,0,0,0,0,0,0
440,410,2,1,1,0,0,0,0,0,0,1
440,506,2,1,1,0,0,0,0,0,0,1
440,314,2,1,1,0,0,0,0,0,0,1
440,186,2,1,1,0,0,0,0,0,0,1
440,436,2,1,1,0,0,0,0,0,0,1
440,428,2,1,1,0,0,0,0,0,0,0
440,412,2,1,1,0,0,0,0,0,0,1
440,508,2,1,1,0,0,0,0,0,0,1
440,316,2,1,1,0,0,0,0,0,0,1
440,188,2,1,1,0,0,0,0,0,0,1
440,416,2,1,0,0,0,0,0,0,1,0
440,400,2,1,1,0,0,0,0,0,0,1
440,496,2,1,1,0,0,0,0,0,0,1
440,304,2,1,1,0,0,0,0,0,0,1
440,176,2,1,1,0,0,0,0,0,0,1
440,392,2,1,0,0,0,0,0,0,1,0
440,488,2,1,1,0,0,0,0,0,0,0
440,296,2,1,1,0,0,0,0,0,0,0
440,168,2,1,1,0,0,0,0,0,0,0
440,472,2,1,1,0,0,0,0,0,0,1
440,280,2,1,1,0,0,0,0,0,0,1
440,152,2,1,1,0,0,0,0,0,0,1
440,376,2,1,1,0,0,0,0,0,0,1
440,248,2,1,1,0,0,0,0,0,0,1
440,56,2,1,1,0,0,0,0,0,0,1
441,441,0,1,1,1,1,1,0,0,0,1
441,440,1,1,1,1,0,1,0,1,0,1
441,443,1,1,1,1,1,1,0,0,0,1
441,445,1,1,1,1,1,1,0,0,0,1
441,433,1,1,1,1,1,1,0,0,0,1
441,425,1,1,1,1,1,1,0,0,0,0
441,409,1,1,1,1,0,1,0,1,0,1
441,505,1,1,1,1,1,1,0,0,0,1
441,313,1,1,1,1,1,1,0,0,0,1
441,185,1,1,1,1,1,1,0,0,0,1
441,442,2,1,1,1,0,1,0,1,0,1
441,444,2,1,1,1,0,1,0,1,0,1
441,432,2,1,1,1,0,1,0,1,0,1
441,424,2,1,1,1,0,1,0,1,0,0
441,408,2,1,1,1,0,1,0,1,0,1
441,504,2,1,1,1,0,1,0,1,0,1
441,312,2,1,1,1,0,1,0,1,0,1
441,184,2,1,1,1,0,1,0,1,0,1
441,447,2,1,1,1,1,1,0,0,0,1
441,435,2,1,1,1,1,1,0,0,0,1
441,427,2,1,1,1,1,1,0,0,0,0
441,411,2,1,1,1,0,1,0,1,0,1
441,507,2,1,1,1,1,1,0,0,0,1
441,315,2,1,1,1,1,1,0,0,0,1
441,187,2,1,1,1,1,1,0,0,0,1
441,437,2,1,1,1,1,1,0,0,0,1
441,429,2,1,1,1,1,1,0,0,0,0
441,413,2,1,1,1,0,1,0,1,0,1
441,509,2,1,1,1,1,1,0,0,0,1
441,317,2,1,1,1,1,1,0,0,0,1
441,189,2,1,1,1,1,1,0,0,0,1
441,417,2,1,1,1,1,1,0,0,0,0
441,401,2,1,1,1,0,1,0,1,0,1
441,497,2,1,1,1,1,1,0,0,0,1
441,305,2,1,1,1,1,1,0,0,0,1
441,177,2,1,1,1,1,1,0,0,0,1
441,393,2,1,0,1,0,0,0,0,1,0
441,489,2,1,1,1,1,1,0,0,0,0
441,297,2,1,1,1,1,1,0,0,0,0
441,169,2,1,1,1,1,1,0,0,0,0
441,473,2,1,1,1,0,1,0,1,0,1
441,281,2,1,1,1,0,1,0,1,0,1
441,153,2,1,1,1,0,1,0,1,0,1
441,377,2,1,1,1,1,1,0,0,0,1
441,249,2,1,1,1,1,1,0,0,0,1
441,57,2,1,1,1,1,1,0,0,0,1
442,442,0,1,1,0,0,0,0,0,0,1
442,443,1,1,1,0,0,0,0,0,0,1
442,440,1,1,1,0,0,0,0,0,0,1
442,446,1,1,1,0,0,0,0,0,0,1
442,434,1,1,1,0,0,0,0,0,0,1
442,426,1,1,1,0,0,0,0,0,0,0
442,410,1,1,1,0,0,0,0,0,0,1
442,506,1,1,1,0,0,0,0,0,0,1
442,314,1,1,1,0,0,0,0,0,0,1
442,186,1,1,1,0,0,0,0,0,0,1
442,441,2,1,1,0,0,0,0,0,0,1
442,447,2,1,1,0,0,0,0,0,0,1
442,435,2,1,1,0,0,0,0,0,0,1
442,427,2,1,1,0,0,0,0,0,0,0
442,411,2,1,1,0,0,0,0,0,0,1
442,507,2,1,1,0,0,0,0,0,0,1
442,315,2,1,1,0,0,0,0,0,0,1
442,187,2,1,1,0,0,0,0,0,0,1
442,444,2,1,1,0,0,0,0,0,0,1
442,432,2,1,1,0,0,0,0,0,0,1
442,424,2,1,1,0,0,0,0,0,0,0
442,408,2,1,1,0,0,0,0,0,0,1
442,504,2,1,1,0,0,0,0,0,0,1
442,312,2,1,1,0,0,0,0,0,0,1
442,184,2,1,1,0,0,0,0,0,0,1
442,438,2,1,1,0,0,0,0,0,0,1
442,430,2,1,1,0,0,0,0,0,0,0
442,414,2,1,1,0,0,0,0,0,0,1
442,510,2,1,1,0,0,0,0,0,0,1
442,318,2,1,1,0,0,0,0,0,0,1
442,190,2,1,1,0,0,0,0,0,0,1
442,418,2,1,1,0,0,0,0,0,0,0
442,402,2,1,1,0,0,0,0,0,0,1
442,498,2,1,1,0,0,0,0,0,0,1
442,306,2,1,1,0,0,0,0,0,0,1
442,178,2,1,1,0,0,0,0,0,0,1
442,394,2,1,1,0,0,0,0,0,0,0
442,490,2,1,1,0,0,0,0,0,0,0
442,298,2,1,1,0,0,0,0,0,0,0
442,170,2,1,1,0,0,0,0,0,0,0
442,474,2,1,1,0,0,0,0,0,0,1
442,282,2,1,1,0,0,0,0,0,0,1
442,154,2,1,1,0,0,0,0,0,0,1
442,378,2,1,1,0,0,0,0,0,0,1
442,250,2,1,1,0,0,0,0,0,0,1
442,58,2,1,1,0,0,0,0,0,0,1
443,443,0,1,1,0,0,0,0,0,0,1
443,442,1,1,1,0,0,0,0,0,0,1
443,441,1,1,1,0,0,0,0,0,0,1
443,447,1,1,1,0,0,0,0,0,0,1
443,435,1,1,1,0,0,0,0,0,0,1
443,427,1,1,1,0,0,0,0,0,0,0
443,411,1,1,1,0,0,0,0,0,0,1
443,507,1,1,1,0,0,0,0,0,0,1
443,315,1,1,1,0,0,0,0,0,0,1
443,187,1,1,1,0,0,0,0,0,0,1
443,440,2,1,1,0,0,0,0,0,0,1
443,446,2,1,1,0,0,0,0,0,0,1
443,434,2,1,1,0,0,0,0,0,0,1
443,426,2,1,1,0,0,0,0,0,0,0
443,410,2,1,1,0,0,0,0,0,0,1
443,506,2,1,1,0,0,0,0,0,0,1
443,314,2,1,1,0,0,0,0,0,0,1
443,186,2,1,1,0,0,0,0,0,0,1
443,445,2,1,1,0,0,0,0,0,0,1
443,433,2,1,1,0,0,0,0,0,0,1
443,425,2,1,1,0,0,0,0,0,0,0
443,409,2,1,1,0,0,0,0,0,0,1
443,505,2,1,1,0,0,0,0,0,0,1
443,313,2,1,1,0,0,0,0,0,0,1
443,185,2,1,1,0,0,0,0,0,0,1
443,439,2,1,1,0,0,0,0,0,0,1
443,431,2,1,1,0,0,0,0,0,0,0
443,415,2,1,1,0,0,0,0,0,0,1
443,511,2,1,1,0,0,0,0,0,0,1
443,319,2,1,1,0,0,0,0,0,0,1
443,191,2,1,1,0,0,0,0,0,0,1
443,419,2,1,1,0,0,0,0,0,0,0
443,403,2,1,1,0,0,0,0,0,0,1
443,499,2,1,1,0,0,0,0,0,0,1
443,307,2,1,1,0,0,0,0,0,0,1
443,179,2,1,1,0,0,0,0,0,0,1
443,395,2,1,1,0,0,0,0,0,0,0
443,491,2,1,1,0,0,0,0,0,0,0
443,299,2,1,1,0,0,0,0,0,0,0
443,171,2,1,1,0,0,0,0,0,0,0
443,475,2,1,1,0,0,0,0,0,0,1
443,283,2,1,1,0,0,0,0,0,0,1
443,155,2,1,1,0,0,0,0,0,0,1
443,379,2,1,1,0,0,0,0,0,0,1
443,251,2,1,1,0,0,0,0,0,0,1
443,59,2,1,1,0,0,0,0,0,0,1
444,444,0,1,1,1,1,1,0,0,0,1
444,445,1,1,1,1,1,1,0,0,0,1
444,446,1,1,1,1,1,1,0,0,0,1
444,440,1,1,1,1,0,1,0,1,0,1
444,436,1,1,1,1,0,1,0,1,0,1
444,428,1,1,1,1,1,1,0,0,0,0
444,412,1,1,1,1,1,1,0,0,0,1
444,508,1,1,1,1,1,1,0,0,0,1
444,316,1,1,1,1,1,1,0,0,0,1
444,188,1,1,1,1,1,1,0,0,0,1
444,447,2,1,1,1,1,1,0,0,0,1
444,441,2,1,1,1,0,1,0,1,0,1
444,437,2,1,1,1,0,1,0,1,0,1
444,429,2,1,1,1,1,1,0,0,0,0
444,413,2,1,1,1,1,1,0,0,0,1
444,509,2,1,1,1,1,1,0,0,0,1
444,317,2,1,1,1,1,1,0,0,0,1
444,189,2,1,1,1,1,1,0,0,0,1
444,442,2,1,1,1,0,1,0,1,0,1
444,438,2,1,1,1,0,1,0,1,0,1
444,430,2,1,1,1,1,1,0,0,0,0
444,414,2,1,1,1,1,1,0,0,0,1
444,510,2,1,1,1,1,1,0,0,0,1
444,318,2,1,1,1,1,1,0,0,0,1
444,190,2,1,1,1,1,1,0,0,0,1
444,432,2,1,1,1,0,1,0,1,0,1
444,424,2,1,1,1,0,1,0,1,0,0
444,408,2,1,1,1,0,1,0,1,0,1
444,504,2,1,1,1,0,1,0,1,0,1
444,312,2,1,1,1,0,1,0,1,0,1
444,184,2,1,1,1,0,1,0,1,0,1
444,420,2,1,0,1,0,0,0,0,1,0
444,404,2,1,1,1,0,1,0,1,0,1
444,500,2,1,1,1,0,1,0,1,0,1
444,308,2,1,1,1,0,1,0,1,0,1
444,180,2,1,1,1,0,1,0,1,0,1
444,396,2,1,1,1,1,1,0,0,0,0
444,492,2,1,1,1,1,1,0,0,0,0
444,300,2,1,1,1,1,1,0,0,0,0
444,172,2,1,1,1,1,1,0,0,0,0
444,476,2,1,1,1,1,1,0,0,0,1
444,284,2,1,1,1,1,1,0,0,0,1
444,156,2,1,1,1,1,1,0,0,0,1
444,380,2,1,1,1,1,1,0,0,0,1
444,252,2,1,1,1,1,1,0,0,0,1
444,60,2,1,1,1,1,1,0,0,0,1
445,445,0,1,1,1,1,1,0,0,0,1
445,444,1,1,1,1,0,1,0,1,0,1
445,447,1,1,1,1,1,1,0,0,0,1
445,441,1,1,1,1,0,1,0,1,0,1
445,437,1,1,1,1,1,1,0,0,0,1
445,429,1,1,1,1,1,1,0,0,0,0
445,413,1,1,1,1,1,1,0,0,0,1
445,509,1,1,1,1,1,1,0,0,0,1
445,317,1,1,1,1,1,1,0,0,0,1
445,189,1,1,1,1,1,1,0,0,0,1
445,446,2,1,1,1,0,1,0,1,0,1
445,440,2,1,1,1,0,1,0,1,0,1
445,436,2,1,1,1,0,1,0,1,0,1
445,428,2,1,1,1,0,1,0,1,0,0
445,412,2,1,1,1,0,1,0,1,0,1
445,508,2,1,1,1,0,1,0,1,0,1
445,316,2,1,1,1,0,1,0,1,0,1
445,188,2,1,1,1,0,1,0,1,0,1
445,443,2,1,1,1,0,1,0,1,0,1
445,439,2,1,1,1,1,1,0,0,0,1
445,431,2,1,1,1,1,1,0,0,0,0
445,415,2,1,1,1,1,1,0,0,0,1
445,511,2,1,1,1,1,1,0,0,0,1
445,319,2,1,1,1,1,1,0,0,0,1
445,191,2,1,1,1,1,1,0,0,0,1
445,433,2,1,1,1,0,1,0,1,0,1
445,425,2,1,1,1,0,1,0,1,0,0
445,409,2,1,1,1,0,1,0,1,0,1
445,505,2,1,1,1,0,1,0,1,0,1
445,313,2,1,1,1,0,1,0,1,0,1
445,185,2,1,1,1,0,1,0,1,0,1
445,421,2,1,1,1,1,1,0,0,0,0
445,405,2,1,1,1,1,1,0,0,0,1
445,501,2,1,1,1,1,1,0,0,0,1
445,309,2,1,1,1,1,1,0,0,0,1
445,181,2,1,1,1,1,1,0,0,0,1
445,397,2,1,1,1,1,1,0,0,0,0
445,493,2,1,1,1,1,1,0,0,0,0
445,301,2,1,1,1,1,1,0,0,0,0
445,173,2,1,1,1,1,1,0,0,0,0
445,477,2,1,1,1,1,1,0,0,0,1
445,285,2,1,1,1,1,1,0,0,0,1
445,157,2,1,1,1,1,1,0,0,0,1
445,381,2,1,1,1,1,1,0,0,0,1
445,253,2,1,1,1,1,1,0,0,0,1
445,61,2,1,1,1,1,1,0,0,0,1
446,446,0,1,1,0,0,0,0,0,0,1
446,447,1,1,1,0,0,0,0,0,0,1
446,444,1,1,1,0,0,0,0,0,0,1
446,442,1,1,1,0,0,0,0,0,0,1
446,438,1,1,1,0,0,0,0,0,0,1
446,430,1,1,1,0,0,0,0,0,0,0
446,414,1,1,1,0,0,0,0,0,0,1
446,510,1,1,1,0,0,0,0,0,0,1
446,318,1,1,1,0,0,0,0,0,0,1
446,190,1,1,1,0,0,0,0,0,0,1
446,445,2,1,1,0,0,0,0,0,0,1
446,443,2,1,1,0,0,0,0,0,0,1
446,439,2,1,1,0,0,0,0,0,0,1
446,431,2,1,1,0,0,0,0,0,0,0
446,415,2,1,1,0,0,0,0,0,0,1
446,511,2,1,1,0,0,0,0,0,0,1
446,319,2,1,1,0,0,0,0,0,0,1
446,191,2,1,1,0,0,0,0,0,0,1
446,440,2,1,1,0,0,0,0,0,0,1
446,436,2,1,1,0,0,0,0,0,0,1
446,428,2,1,1,0,0,0,0,0,0,0
446,412,2,1,1,0,0,0,0,0,0,1
446,508,2,1,1,0,0,0,0,0,0,1
446,316,2,1,1,0,0,0,0,0,0,1
446,188,2,1,1,0,0,0,0,0,0,1
446,434,2,1,1,0,0,0,0,0,0,1
446,426,2,1,1,0,0,0,0,0,0,0
446,410,2,1,1,0,0,0,0,0,0,1
446,506,2,1,1,0,0,0,0,0,0,1
446,314,2,1,1,0,0,0,0,0,0,1
446,186,2,1,1,0,0,0,0,0,0,1
446,422,2,1,1,0,0,0,0,0,0,0
446,406,2,1,1,0,0,0,0,0,0,1
446,502,2,1,1,0,0,0,0,0,0,1
446,310,2,1,1,0,0,0,0,0,0,1
446,182,2,1,1,0,0,0,0,0,0,1
446,398,2,1,1,0,0,0,0,0,0,0
446,494,2,1,1,0,0,0,0,0,0,0
446,302,2,1,1,0,0,0,0,0,0,0
446,174,2,1,1,0,0,0,0,0,0,0
446,478,2,1,1,0,0,0,0,0,0,1
446,286,2,1,1,0,0,0,0,0,0,1
446,158,2,1,1,0,0,0,0,0,0,1
446,382,2,1,1,0,0,0,0,0,0,1
446,254,2,1,1,0,0,0,0,0,0,1
446,62,2,1,1,0,0,0,0,0,0,1
447,447,0,1,1,0,0,0,0,0,0,1
447,446,1,1,1,0,0,0,0,0,0,1
447,445,1,1,1,0,0,0,0,0,0,1
447,443,1,1,1,0,0,0,0,0,0,1
447,439,1,1,1,0,0,0,0,0,0,1
447,431,1,1,1,0,0,0,0,0,0,0
447,415,1,1,1,0,0,0,0,0,0,1
447,511,1,1,1,0,0,0,0,0,0,1
447,319,1,1,1,0,0,0,0,0,0,1
447,191,1,1,1,0,0,0,0,0,0,1
447,444,2,1,1,0,0,0,0,0,0,1
447,442,2,1,1,0,0,0,0,0,0,1
447,438,2,1,1,0,0,0,0,0,0,1
447,430,2,1,1,0,0,0,0,0,0,0
447,414,2,1,1,0,0,0,0,0,0,1
447,510,2,1,1,0,0,0,0,0,0,1
447,318,2,1,1,0,0,0,0,0,0,1
447,190,2,1,1,0,0,0,0,0,0,1
447,441,2,1,1,0,0,0,0,0,0,1
447,437,2,1,1,0,0,0,0,0,0,1
447,429,2,1,1,0,0,0,0,0,0,0
447,413,2,1,1,0,0,0,0,0,0,1
447,509,2,1,1,0,0,0,0,0,0,1
447,317,2,1,1,0,0,0,0,0,0,1
447,189,2,1,1,0,0,0,0,0,0,1
447,435,2,1,1,0,0,0,0,0,0,1
447,427,2,1,1,0,0,0,0,0,0,0
447,411,2,1,1,0,0,0,0,0,0,1
447,507,2,1,1,0,0,0,0,0,0,1
447,315,2,1,1,0,0,0,0,0,0,1
447,187,2,1,1,0,0,0,0,0,0,1
447,423,2,1,1,0,0,0,0,0,0,0
447,407,2,1,1,0,0,0,0,0,0,1
447,503,2,1,1,0,0,0,0,0,0,1
447,311,2,1,1,0,0,0,0,0,0,1
447,183,2,1,1,0,0,0,0,0,0,1
447,399,2,1,1,0,0,0,0,0,0,0
447,495,2,1,1,0,0,0,0,0,0,0
447,303,2,1,1,0,0,0,0,0,0,0
447,175,2,1,1,0,0,0,0,0,0,0
447,479,2,1,1,0,0,0,0,0,0,1
447,287,2,1,1,0,0,0,0,0,0,1
447,159,2,1,1,0,0,0,0,0,0,1
447,383,2,1,1,0,0,0,0,0,0,1
447,255,2,1,1,0,0,0,0,0,0,1
447,63,2,1,1,0,0,0,0,0,0,1
448,448,0,0,0,0,0,0,0,0,0,0
448,449,1,0,0,0,0,0,0,0,0,0
448,450,1,0,1,0,0,0,0,0,0,0
448,452,1,0,0,0,0,0,0,0,0,0
448,456,1,0,0,0,0,0,0,0,0,0
448,464,1,0,1,0,0,0,0,0,0,0
448,480,1,0,0,0,0,0,0,0,0,0
448,384,1,0,0,0,0,0,0,0,0,0
448,320,1,0,0,0,0,0,0,0,0,0
448,192,1,0,0,0,0,0,0,0,0,0
448,451,2,0,1,0,0,0,0,0,0,0
448,453,2,0,1,0,0,0,0,0,0,0
448,457,2,0,0,0,0,0,0,0,0,0
448,465,2,0,1,0,0,0,0,0,0,0
448,481,2,0,1,0,0,0,0,0,0,0
448,385,2,0,0,0,0,0,0,0,0,0
448,321,2,0,0,0,0,0,0,0,0,0
448,193,2,0,0,0,0,0,0,0,0,0
448,454,2,0,1,0,0,0,0,0,0,0
448,458,2,0,1,0,0,0,0,0,0,0
448,466,2,0,1,0,0,0,0,0,0,0
448,482,2,0,1,0,0,0,0,0,0,0
448,386,2,0,1,0,0,0,0,0,0,0
448,322,2,0,1,0,0,0,0,0,0,0
448,194,2,0,1,0,0,0,0,0,0,0
448,460,2,0,1,0,0,0,0,0,0,0
448,468,2,0,1,0,0,0,0,0,0,0
448,484,2,0,0,0,0,0,0,0,0,0
448,388,2,0,0,0,0,0,0,0,0,0
448,324,2,0,0,0,0,0,0,0,0,0
448,196,2,0,0,0,0,0,0,0,0,0
448,472,2,0,1,0,0,0,0,0,0,0
448,488,2,0,1,0,0,0,0,0,0,0
448,392,2,0,0,0,0,0,0,0,0,0
448,328,2,0,0,0,0,0,0,0,0,0
448,200,2,0,0,0,0,0,0,0,0,0
448,496,2,0,1,0,0,0,0,0,0,0
448,400,2,0,1,0,0,0,0,0,0,0
448,336,2,0,1,0,0,0,0,0,0,0
448,208,2,0,1,0,0,0,0,0,0,0
448,416,2,0,0,0,0,0,0,0,0,0
448,352,2,0,0,0,0,0,0,0,0,0
448,224,2,0,0,0,0,0,0,0,0,0
448,256,2,0,0,0,0,0,0,0,0,0
448,128,2,0,0,0,0,0,0,0,0,0
448,64,2,0,0,0,0,0,0,0,0,0
449,449,0,0,0,1,1,1,0,0,0,0
449,448,1,0,0,1,0,0,0,0,0,0
449,451,1,0,1,1,1,1,0,0,0,0
449,453,1,0,1,1,1,1,0,0,0,0
449,457,1,0,0,1,1,1,0,0,0,0
449,465,1,0,1,1,1,1,0,0,0,0
449,481,1,0,1,1,1,1,0,0,0,0
449,385,1,0,0,1,0,1,0,1,0,0
449,321,1,0,0,1,1,1,0,0,0,0
449,193,1,0,0,1,1,1,0,0,0,0
449,450,2,0,1,1,0,1,0,1,0,0
449,452,2,0,0,1,0,0,0,0,0,0
449,456,2,0,0,1,0,1,0,1,0,0
449,464,2,0,1,1,0,1,0,1,0,0
449,480,2,0,0,1,0,0,0,0,0,0
449,384,2,0,0,1,0,0,0,0,0,0
449,320,2,0,0,1,0,0,0,0,0,0
449,192,2,0,0,1,0,0,0,0,0,0
449,455,2,0,1,1,1,1,0,0,0,0
449,459,2,0,1,1,1,1,0,0,0,0
449,467,2,0,1,1,1,1,0,0,0,0
449,483,2,0,1,1,1,1,0,0,0,0
449,387,2,0,1,1,0,1,0,1,0,0
449,323,2,0,1,1,1,1,0,0,0,0
449,195,2,0,1,1,1,1,0,0,0,0
449,461,2,0,1,1,1,1,0,0,0,0
449,469,2,0,1,1,1,1,0,0,0,0
449,485,2,0,1,1,1,1,0,0,0,0
449,389,2,0,1,1,0,1,0,1,0,0
449,325,2,0,1,1,1,1,0,0,0,0
449,197,2,0,1,1,1,1,0,0,0,0
449,473,2,0,1,1,1,1,0,0,0,0
449,489,2,0,1,1,1,1,0,0,0,0
449,393,2,0,0,1,0,1,0,1,0,0
449,329,2,0,0,1,1,1,0,0,0,0
449,201,2,0,0,1,1,1,0,0,0,0
449,497,2,0,1,1,1,1,0,0,0,0
449,401,2,0,1,1,0,1,0,1,0,0
449,337,2,0,1,1,1,1,0,0,0,0
449,209,2,0,1,1,1,1,0,0,0,0
449,417,2,0,1,1,0,1,0,1,0,0
449,353,2,0,1,1,1,1,0,0,0,0
449,225,2,0,1,1,1,1,0,0,0,0
449,257,2,0,0,1,0,0,0,0,0,0
449,129,2,0,0,1,0,1,0,1,0,0
449,65,2,0,0,1,1,1,0,0,0,0
450,450,0,1,1,3,3,3,0,0,0,1
450,451,1,1,1,3,3,3,0,0,0,1
450,448,1,1,0,3,0,0,0,0,1,0
450,454,1,1,1,3,3,3,0,0,0,1
450,458,1,1,1,3,3,3,0,0,0,1
450,466,1,1,1,3,3,3,0,0,0,1
450,482,1,1,1,3,3,3,0,0,0,1
450,386,1,1,1,3,2,3,0,1,0,1
450,322,1,1,1,3,2,3,0,1,0,0
450,194,1,1,1,3,2,3,0,1,0,1
450,449,2,1,0,3,0,1,0,1,1,0
450,455,2,1,1,3,3,3,0,0,0,1
450,459,2,1,1,3,3,3,0,0,0,1
450,467,2,1,1,3,3,3,0,0,0,1
450,483,2,1,1,3,3,3,0,0,0,1
450,387,2,1,1,3,2,3,0,1,0,1
450,323,2,1,1,3,2,3,0,1,0,0
450,195,2,1,1,3,2,3,0,1,0,1
450,452,2,1,0,3,0,1,0,1,1,0
450,456,2,1,0,3,0,1,0,1,1,0
450,464,2,1,1,3,0,3,0,3,0,0
450,480,2,1,0,3,0,1,0,1,1,0
450,384,2,1,0,3,0,0,0,0,1,0
450,320,2,1,0,3,0,0,0,0,1,0
450,192,2,1,0,3,0,0,0,0,1,0
450,462,2,1,1,3,3,3,0,0,0,1
450,470,2,1,1,3,3,3,0,0,0,1
450,486,2,1,1,3,3,3,0,0,0,1
450,390,2,1,1,3,2,3,0,1,0,1
450,326,2,1,1,3,2,3,0,1,0,0
450,198,2,1,1,3,2,3,0,1,0,1
450,474,2,1,1,3,3,3,0,0,0,1
450,490,2,1,1,3,3,3,0,0,0,1
450,394,2,1,1,3,2,3,0,1,0,1
450,330,2,1,1,3,2,3,0,1,0,0
450,202,2,1,1,3,2,3,0,1,0,1
450,498,2,1,1,3,3,3,0,0,0,1
450,402,2,1,1,3,2,3,0,1,0,1
450,338,2,1,1,3,2,3,0,1,0,0
450,210,2,1,1,3,2,3,0,1,0,1
450,418,2,1,1,3,2,3,0,1,0,1
450,354,2,1,1,3,2,3,0,1,0,0
450,226,2,1,1,3,2,3,0,1,0,1
450,258,2,1,0,3,1,1,0,0,1,0
450,130,2,1,1,3,1,3,0,2,0,1
450,66,2,1,0,3,1,1,0,0,1,0
451,451,0,1,1,3,3,3,0,0,0,1
451,450,1,1,1,3,2,3,0,1,0,1
451,449,1,1,0,3,1,1,0,0,1,0
451,455,1,1,1,3,3,3,0,0,0,1
451,459,1,1,1,3,3,3,0,0,0,1
451,467,1,1,1,3,3,3,0,0,0,1
451,483,1,1,1,3,3,3,0,0,0,1
451,387,1,1,1,3,2,3,0,1,0,1
451,323,1,1,1,3,2,3,0,1,0,0
451,195,1,1,1,3,2,3,0,1,0,1
451,448,2,1,0,3,0,0,0,0,1,0
451,454,2,1,1,3,2,3,0,1,0,1
451,458,2,1,1,3,2,3,0,1,0,1
451,466,2,1,1,3,2,3,0,1,0,1
451,482,2,1,1,3,2,3,0,1,0,1
451,386,2,1,1,3,2,3,0,1,0,1
451,322,2,1,1,3,1,3,0,2,0,0
451,194,2,1,1,3,1,3,0,2,0,1
451,453,2,1,1,3,1,3,0,2,0,0
451,457,2,1,0,3,1,1,0,0,1,0
451,465,2,1,1,3,1,3,0,2,0,0
451,481,2,1,1,3,1,3,0,2,0,0
451,385,2,1,0,3,0,1,0,1,1,0
451,321,2,1,0,3,1,1,0,0,1,0
451,193,2,1,0,3,1,1,0,0,1,0
451,463,2,1,1,3,3,3,0,0,0,1
451,471,2,1,1,3,3,3,0,0,0,1
451,487,2,1,1,3,3,3,0,0,0,1
451,391,2,1,1,3,2,3,0,1,0,1
451,327,2,1,1,3,2,3,0,1,0,0
451,199,2,1,1,3,2,3,0,1,0,1
451,475,2,1,1,3,3,3,0,0,0,1
451,491,2,1,1,3,3,3,0,0,0,1
451,395,2,1,1,3,2,3,0,1,0,1
451,331,2,1,1,3,2,3,0,1,0,0
451,203,2,1,1,3,2,3,0,1,0,1
451,499,2,1,1,3,3,3,0,0,0,1
451,403,2,1,1,3,2,3,0,1,0,1
451,339,2,1,1,3,2,3,0,1,0,0
451,211,2,1,1,3,2,3,0,1,0,1
451,419,2,1,1,3,2,3,0,1,0,1
451,355,2,1,1,3,2,3,0,1,0,0
451,227,2,1,1,3,2,3,0,1,0,1
451,259,2,1,0,3,1,1,0,0,1,0
451,131,2,1,1,3,1,3,0,2,0,1
451,67,2,1,0,3,1,1,0,0,1,0
452,452,0,0,0,1,1,1,0,0,0,0
452,453,1,0,1,1,1,1,0,0,0,0
452,454,1,0,1,1,1,1,0,0,0,0
452,448,1,0,0,1,0,0,0,0,0,0
452,460,1,0,1,1,1,1,0,0,0,0
452,468,1,0,1,1,1,1,0,0,0,0
452,484,1,0,0,1,1,1,0,0,0,0
452,388,1,0,0,1,1,1,0,0,0,0
452,324,1,0,0,1,0,1,0,1,0,0
452,196,1,0,0,1,1,1,0,0,0,0
452,455,2,0,1,1,1,1,0,0,0,0
452,449,2,0,0,1,0,0,0,0,0,0
452,461,2,0,1,1,1,1,0,0,0,0
452,469,2,0,1,1,1,1,0,0,0,0
452,485,2,0,1,1,1,1,0,0,0,0
452,389,2,0,1,1,1,1,0,0,0,0
452,325,2,0,1,1,0,1,0,1,0,0
452,197,2,0,1,1,1,1,0,0,0,0
452,450,2,0,1,1,0,1,0,1,0,0
452,462,2,0,1,1,1,1,0,0,0,0
452,470,2,0,1,1,1,1,0,0,0,0
452,486,2,0,1,1,1,1,0,0,0,0
452,390,2,0,1,1,1,1,0,0,0,0
452,326,2,0,1,1,0,1,0,1,0,0
452,198,2,0,1,1,1,1,0,0,0,0
452,456,2,0,0,1,0,0,0,0,0,0
452,464,2,0,1,1,0,1,0,1,0,0
452,480,2,0,0,1,0,1,0,1,0,0
452,384,2,0,0,1,0,0,0,0,0,0
452,320,2,0,0,1,0,0,0,0,0,0
452,192,2,0,0,1,0,0,0,0,0,0
452,476,2,0,1,1,1,1,0,0,0,0
452,492,2,0,1,1,1,1,0,0,0,0
452,396,2,0,1,1,1,1,0,0,0,0
452,332,2,0,1,1,0,1,0,1,0,0
452,204,2,0,1,1,1,1,0,0,0,0
452,500,2,0,1,1,1,1,0,0,0,0
452,404,2,0,1,1,1,1,0,0,0,0
452,340,2,0,1,1,0,1,0,1,0,0
452,212,2,0,1,1,1,1,0,0,0,0
452,420,2,0,0,1,1,1,0,0,0,0
452,356,2,0,0,1,0,1,0,1,0,0
452,228,2,0,0,1,1,1,0,0,0,0
452,260,2,0,0,1,0,1,0,1,0,0
452,132,2,0,0,1,1,1,0,0,0,0
452,68,2,0,0,1,0,0,0,0,0,0
453,453,0,1,1,4,4,4,0,0,0,1
453,452,1,1,0,4,1,1,0,0,1,0
453,455,1,1,1,4,4,4,0,0,0,1
453,449,1,1,0,4,1,1,0,0,1,0
453,461,1,1,1,4,4,4,0,0,0,1
453,469,1,1,1,4,4,4,0,0,0,1
453,485,1,1,1,4,4,4,0,0,0,1
453,389,1,1,1,4,3,4,0,1,0,1
453,325,1,1,1,4,2,4,0,2,0,0
453,197,1,1,1,4,4,4,0,0,0,1
453,454,2,1,1,4,1,4,0,3,0,0
453,448,2,1,0,4,0,0,0,0,1,0
453,460,2,1,1,4,1,4,0,3,0,0
453,468,2,1,1,4,1,4,0,3,0,0
453,484,2,1,0,4,1,1,0,0,1,0
453,388,2,1,0,4,1,1,0,0,1,0
453,324,2,1,0,4,0,1,0,1,1,0
453,196,2,1,0,4,1,1,0,0,1,0
453,451,2,1,1,4,1,4,0,3,0,0
453,463,2,1,1,4,4,4,0,0,0,1
453,471,2,1,1,4,4,4,0,0,0,1
453,487,2,1,1,4,4,4,0,0,0,1
453,391,2,1,1,4,3,4,0,1,0,1
453,327,2,1,1,4,2,4,0,2,0,0
453,199,2,1,1,4,4,4,0,0,0,1
453,457,2,1,0,4,1,1,0,0,1,0
453,465,2,1,1,4,1,4,0,3,0,0
453,481,2,1,1,4,1,4,0,3,0,0
453,385,2,1,0,4,0,1,0,1,1,0
453,321,2,1,0,4,1,1,0,0,1,0
453,193,2,1,0,4,1,1,0,0,1,0
453,477,2,1,1,4,4,4,0,0,0,1
453,493,2,1,1,4,4,4,0,0,0,1
453,397,2,1,1,4,3,4,0,1,0,1
453,333,2,1,1,4,2,4,0,2,0,0
453,205,2,1,1,4,4,4,0,0,0,1
453,501,2,1,1,4,4,4,0,0,0,1
453,405,2,1,1,4,3,4,0,1,0,1
453,341,2,1,1,4,2,4,0,2,0,0
453,213,2,1,1,4,4,4,0,0,0,1
453,421,2,1,1,4,3,4,0,1,0,1
453,357,2,1,1,4,2,4,0,2,0,0
453,229,2,1,1,4,4,4,0,0,0,1
453,261,2,1,0,4,1,2,0,1,1,0
453,133,2,1,1,4,3,4,0,1,0,1
453,69,2,1,0,4,2,2,0,0,1,0
454,454,0,1,1,3,3,3,0,0,0,1
454,455,1,1,1,3,3,3,0,0,0,1
454,452,1,1,0,3,1,1,0,0,1,0
454,450,1,1,1,3,2,3,0,1,0,1
454,462,1,1,1,3,3,3,0,0,0,1
454,470,1,1,1,3,3,3,0,0,0,1
454,486,1,1,1,3,3,3,0,0,0,1
454,390,1,1,1,3,2,3,0,1,0,1
454,326,1,1,1,3,1,3,0,2,0,0
454,198,1,1,1,3,3,3,0,0,0,1
454,453,2,1,1,3,1,3,0,2,0,0
454,451,2,1,1,3,2,3,0,1,0,1
454,463,2,1,1,3,3,3,0,0,0,1
454,471,2,1,1,3,3,3,0,0,0,1
454,487,2,1,1,3,3,3,0,0,0,1
454,391,2,1,1,3,2,3,0,1,0,1
454,327,2,1,1,3,1,3,0,2,0,0
454,199,2,1,1,3,3,3,0,0,0,1
454,448,2,1,0,3,0,0,0,0,1,0
454,460,2,1,1,3,1,3,0,2,0,0
454,468,2,1,1,3,1,3,0,2,0,0
454,484,2,1,0,3,1,1,0,0,1,0
454,388,2,1,0,3,1,1,0,0,1,0
454,324,2,1,0,3,0,1,0,1,1,0
454,196,2,1,0,3,1,1,0,0,1,0
454,458,2,1,1,3,2,3,0,1,0,1
454,466,2,1,1,3,2,3,0,1,0,1
454,482,2,1,1,3,2,3,0,1,0,1
454,386,2,1,1,3,1,3,0,2,0,1
454,322,2,1,1,3,1,3,0,2,0,0
454,194,2,1,1,3,2,3,0,1,0,1
454,478,2,1,1,3,3,3,0,0,0,1
454,494,2,1,1,3,3,3,0,0,0,1
454,398,2,1,1,3,2,3,0,1,0,1
454,334,2,1,1,3,1,3,0,2,0,0
454,206,2,1,1,3,3,3,0,0,0,1
454,502,2,1,1,3,3,3,0,0,0,1
454,406,2,1,1,3,2,3,0,1,0,1
454,342,2,1,1,3,1,3,0,2,0,0
454,214,2,1,1,3,3,3,0,0,0,1
454,422,2,1,1,3,2,3,0,1,0,1
454,358,2,1,1,3,1,3,0,2,0,0
454,230,2,1,1,3,3,3,0,0,0,1
454,262,2,1,0,3,0,1,0,1,1,0
454,134,2,1,1,3,2,3,0,1,0,1
454,70,2,1,0,3,1,1,0,0,1,0
455,455,0,1,1,3,3,3,0,0,0,1
455,454,1,1,1,3,2,3,0,1,0,1
455,453,1,1,1,3,2,3,0,1,0,0
455,451,1,1,1,3,2,3,0,1,0,1
455,463,1,1,1,3,3,3,0,0,0,1
455,471,1,1,1,3,3,3,0,0,0,1
455,487,1,1,1,3,3,3,0,0,0,1
455,391,1,1,1,3,2,3,0,1,0,1
455,327,1,1,1,3,1,3,0,2,0,0
455,199,1,1,1,3,3,3,0,0,0,1
455,452,2,1,0,3,1,1,0,0,1,0
455,450,2,1,1,3,1,3,0,2,0,1
455,462,2,1,1,3,2,3,0,1,0,1
455,470,2,1,1,3,2,3,0,1,0,1
455,486,2,1,1,3,2,3,0,1,0,1
455,390,2,1,1,3,2,3,0,1,0,1
455,326,2,1,1,3,0,3,0,3,0,0
455,198,2,1,1,3,2,3,0,1,0,1
455,449,2,1,0,3,1,1,0,0,1,0
455,461,2,1,1,3,2,3,0,1,0,0
455,469,2,1,1,3,2,3,0,1,0,0
455,485,2,1,1,3,2,3,0,1,0,0
455,389,2,1,1,3,1,3,0,2,0,0
455,325,2,1,1,3,1,3,0,2,0,0
455,197,2,1,1,3,2,3,0,1,0,0
455,459,2,1,1,3,2,3,0,1,0,1
455,467,2,1,1,3,2,3,0,1,0,1
455,483,2,1,1,3,2,3,0,1,0,1
455,387,2,1,1,3,1,3,0,2,0,1
455,323,2,1,1,3,1,3,0,2,0,0
455,195,2,1,1,3,2,3,0,1,0,1
455,479,2,1,1,3,3,3,0,0,0,1
455,495,2,1,1,3,3,3,0,0,0,1
455,399,2,1,1,3,2,3,0,1,0,1
455,335,2,1,1,3,1,3,0,2,0,0
455,207,2,1,1,3,3,3,0,0,0,1
455,503,2,1,1,3,3,3,0,0,0,1
455,407,2,1,1,3,2,3,0,1,0,1
455,343,2,1,1,3,1,3,0,2,0,0
455,215,2,1,1,3,3,3,0,0,0,1
455,423,2,1,1,3,2,3,0,1,0,1
455,359,2,1,1,3,1,3,0,2,0,0
455,231,2,1,1,3,3,3,0,0,0,1
455,263,2,1,0,3,0,1,0,1,1,0
455,135,2,1,1,3,2,3,0,1,0,1
455,71,2,1,0,3,1,1,0,0,1,0
456,456,0,0,0,0,0,0,0,0,0,0
456,457,1,0,0,0,0,0,0,0,0,0
456,458,1,0,1,0,0,0,0,0,0,0
456,460,1,0,1,0,0,0,0,0,0,0
456,448,1,0,0,0,0,0,0,0,0,0
456,472,1,0,1,0,0,0,0,0,0,0
456,488,1,0,1,0,0,0,0,0,0,0
456,392,1,0,0,0,0,0,0,0,0,0
456,328,1,0,0,0,0,0,0,0,0,0
456,200,1,0,0,0,0,0,0,0,0,0
456,459,2,0,1,0,0,0,0,0,0,0
456,461,2,0,1,0,0,0,0,0,0,0
456,449,2,0,0,0,0,0,0,0,0,0
456,473,2,0,1,0,0,0,0,0,0,0
456,489,2,0,1,0,0,0,0,0,0,0
456,393,2,0,0,0,0,0,0,0,0,0
456,329,2,0,0,0,0,0,0,0,0,0
456,201,2,0,0,0,0,0,0,0,0,0
456,462,2,0,1,0,0,0,0,0,0,0
456,450,2,0,1,0,0,0,0,0,0,0
456,474,2,0,1,0,0,0,0,0,0,0
456,490,2,0,1,0,0,0,0,0,0,0
456,394,2,0,1,0,0,0,0,0,0,0
456,330,2,0,1,0,0,0,0,0,0,0
456,202,2,0,1,0,0,0,0,0,0,0
456,452,2,0,0,0,0,0,0,0,0,0
456,476,2,0,1,0,0,0,0,0,0,0
456,492,2,0,1,0,0,0,0,0,0,0
456,396,2,0,1,0,0,0,0,0,0,0
456,332,2,0,1,0,0,0,0,0,0,0
456,204,2,0,1,0,0,0,0,0,0,0
456,464,2,0,1,0,0,0,0,0,0,0
456,480,2,0,0,0,0,0,0,0,0,0
456,384,2,0,0,0,0,0,0,0,0,0
456,320,2,0,0,0,0,0,0,0,0,0
456,192,2,0,0,0,0,0,0,0,0,0
456,504,2,0,1,0,0,0,0,0,0,0
456,408,2,0,1,0,0,0,0,0,0,0
456,344,2,0,1,0,0,0,0,0,0,0
456,216,2,0,1,0,0,0,0,0,0,0
456,424,2,0,1,0,0,0,0,0,0,0
456,360,2,0,1,0,0,0,0,0,0,0
456,232,2,0,1,0,0,0,0,0,0,0
456,264,2,0,0,0,0,0,0,0,0,0
456,136,2,0,0,0,0,0,0,0,0,0
456,72,2,0,0,0,0,0,0,0,0,0
457,457,0,0,0,0,0,0,0,0,0,0
457,456,1,0,0,0,0,0,0,0,0,0
457,459,1,0,1,0,0,0,0,0,0,0
457,461,1,0,1,0,0,0,0,0,0,0
457,449,1,0,0,0,0,0,0,0,0,0
457,473,1,0,1,0,0,0,0,0,0,0
457,489,1,0,1,0,0,0,0,0,0,0
457,393,1,0,0,0,0,0,0,0,0,0
457,329,1,0,0,0,0,0,0,0,0,0
457,201,1,0,0,0,0,0,0,0,0,0
457,458,2,0,1,0,0,0,0,0,0,0
457,460,2,0,1,0,0,0,0,0,0,0
457,448,2,0,0,0,0,0,0,0,0,0
457,472,2,0,1,0,0,0,0,0,0,0
457,488,2,0,1,0,0,0,0,0,0,0
457,392,2,0,0,0,0,0,0,0,0,0
457,328,2,0,0,0,0,0,0,0,0,0
457,200,2,0,0,0,0,0,0,0,0,0
457,463,2,0,1,0,0,0,0,0,0,0
457,451,2,0,1,0,0,0,0,0,0,0
457,475,2,0,1,0,0,0,0,0,0,0
457,491,2,0,1,0,0,0,0,0,0,0
457,395,2,0,1,0,0,0,0,0,0,0
457,331,2,0,1,0,0,0,0,0,0,0
457,203,2,0,1,0,0,0,0,0,0,0
457,453,2,0,1,0,0,0,0,0,0,0
457,477,2,0,1,0,0,0,0,0,0,0
457,493,2,0,1,0,0,0,0,0,0,0
457,397,2,0,1,0,0,0,0,0,0,0
457,333,2,0,1,0,0,0,0,0,0,0
457,205,2,0,1,0,0,0,0,0,0,0
457,465,2,0,1,0,0,0,0,0,0,0
457,481,2,0,1,0,0,0,0,0,0,0
457,385,2,0,0,0,0,0,0,0,0,0
457,321,2,0,0,0,0,0,0,0,0,0
457,193,2,0,0,0,0,0,0,0,0,0
457,505,2,0,1,0,0,0,0,0,0,0
457,409,2,0,1,0,0,0,0,0,0,0
457,345,2,0,1,0,0,0,0,0,0,0
457,217,2,0,1,0,0,0,0,0,0,0
457,425,2,0,1,0,0,0,0,0,0,0
457,361,2,0,1,0,0,0,0,0,0,0
457,233,2,0,1,0,0,0,0,0,0,0
457,265,2,0,0,0,0,0,0,0,0,0
457,137,2,0,0,0,0,0,0,0,0,0
457,73,2,0,0,0,0,0,0,0,0,0
458,458,0,1,1,2,2,2,0,0,0,1
458,459,1,1,1,2,2,2,0,0,0,1
458,456,1,1,0,2,0,0,0,0,1,0
458,462,1,1,1,2,2,2,0,0,0,1
458,450,1,1,1,2,2,2,0,0,0,1
458,474,1,1,1,2,2,2,0,0,0,1
458,490,1,1,1,2,2,2,0,0,0,1
458,394,1,1,1,2,2,2,0,0,0,1
458,330,1,1,1,2,1,2,0,1,0,0
458,202,1,1,1,2,1,2,0,1,0,1
458,457,2,1,0,2,0,0,0,0,1,0
458,463,2,1,1,2,2,2,0,0,0,1
458,451,2,1,1,2,2,2,0,0,0,1
458,475,2,1,1,2,2,2,0,0,0,1
458,491,2,1,1,2,2,2,0,0,0,1
458,395,2,1,1,2,2,2,0,0,0,1
458,331,2,1,1,2,1,2,0,1,0,0
458,203,2,1,1,2,1,2,0,1,0,1
458,460,2,1,1,2,0,2,0,2,0,0
458,448,2,1,0,2,0,0,0,0,1,0
458,472,2,1,1,2,0,2,0,2,0,0
458,488,2,1,1,2,0,2,0,2,0,0
458,392,2,1,0,2,0,0,0,0,1,0
458,328,2,1,0,2,0,0,0,0,1,0
458,200,2,1,0,2,0,0,0,0,1,0
458,454,2,1,1,2,2,2,0,0,0,1
458,478,2,1,1,2,2,2,0,0,0,1
458,494,2,1,1,2,2,2,0,0,0,1
458,398,2,1,1,2,2,2,0,0,0,1
458,334,2,1,1,2,1,2,0,1,0,0
458,206,2,1,1,2,1,2,0,1,0,1
458,466,2,1,1,2,2,2,0,0,0,1
458,482,2,1,1,2,2,2,0,0,0,1
458,386,2,1,1,2,2,2,0,0,0,1
458,322,2,1,1,2,1,2,0,1,0,0
458,194,2,1,1,2,1,2,0,1,0,1
458,506,2,1,1,2,2,2,0,0,0,1
458,410,2,1,1,2,2,2,0,0,0,1
458,346,2,1,1,2,1,2,0,1,0,0
458,218,2,1,1,2,1,2,0,1,0,1
458,426,2,1,1,2,2,2,0,0,0,1
458,362,2,1,1,2,1,2,0,1,0,0
458,234,2,1,1,2,1,2,0,1,0,1
458,266,2,1,1,2,1,2,0,1,0,0
458,138,2,1,1,2,1,2,0,1,0,1
458,74,2,1,0,2,0,0,0,0,1,0
459,459,0,1,1,2,2,2,0,0,0,1
459,458,1,1,1,2,2,2,0,0,0,1
459,457,1,1,0,2,0,0,0,0,1,0
459,463,1,1,1,2,2,2,0,0,0,1
459,451,1,1,1,2,2,2,0,0,0,1
459,475,1,1,1,2,2,2,0,0,0,1
459,491,1,1,1,2,2,2,0,0,0,1
459,395,1,1,1,2,2,2,0,0,0,1
459,331,1,1,1,2,1,2,0,1,0,0
459,203,1,1,1,2,1,2,0,1,0,1
459,456,2,1,0,2,0,0,0,0,1,0
459,462,2,1,1,2,2,2,0,0,0,1
459,450,2,1,1,2,2,2,0,0,0,1
459,474,2,1,1,2,2,2,0,0,0,1
459,490,2,1,1,2,2,2,0,0,0,1
459,394,2,1,1,2,2,2,0,0,0,1
459,330,2,1,1,2,1,2,0,1,0,0
459,202,2,1,1,2,1,2,0,1,0,1
459,461,2,1,1,2,0,2,0,2,0,0
459,449,2,1,0,2,0,0,0,0,1,0
459,473,2,1,1,2,0,2,0,2,0,0
459,489,2,1,1,2,0,2,0,2,0,0
459,393,2,1,0,2,0,0,0,0,1,0
459,329,2,1,0,2,0,0,0,0,1,0
459,201,2,1,0,2,0,0,0,0,1,0
459,455,2,1,1,2,2,2,0,0,0,1
459,479,2,1,1,2,2,2,0,0,0,1
459,495,2,1,1,2,2,2,0,0,0,1
459,399,2,1,1,2,2,2,0,0,0,1
459,335,2,1,1,2,1,2,0,1,0,0
459,207,2,1,1,2,1,2,0,1,0,1
459,467,2,1,1,2,2,2,0,0,0,1
459,483,2,1,1,2,2,2,0,0,0,1
459,387,2,1,1,2,2,2,0,0,0,1
459,323,2,1,1,2,1,2,0,1,0,0
459,195,2,1,1,2,1,2,0,1,0,1
459,507,2,1,1,2,2,2,0,0,0,1
459,411,2,1,1,2,2,2,0,0,0,1
459,347,2,1,1,2,1,2,0,1,0,0
459,219,2,1,1,2,1,2,0,1,0,1
459,427,2,1,1,2,2,2,0,0,0,1
459,363,2,1,1,2,1,2,0,1,0,0
459,235,2,1,1,2,1,2,0,1,0,1
459,267,2,1,1,2,1,2,0,1,0,0
459,139,2,1,1,2,1,2,0,1,0,1
459,75,2,1,0,2,0,0,0,0,1,0
460,460,0,1,1,3,3,3,0,0,0,1
460,461,1,1,1,3,3,3,0,0,0,1
460,462,1,1,1,3,3,3,0,0,0,1
460,456,1,1,0,3,0,0,0,0,1,0
460,452,1,1,0,3,1,1,0,0,1,0
460,476,1,1,1,3,3,3,0,0,0,1
460,492,1,1,1,3,3,3,0,0,0,1
460,396,1,1,1,3,3,3,0,0,0,1
460,332,1,1,1,3,1,3,0,2,0,0
460,204,1,1,1,3,3,3,0,0,0,1
460,463,2,1,1,3,3,3,0,0,0,1
460,457,2,1,0,3,0,0,0,0,1,0
460,453,2,1,1,3,1,3,0,2,0,0
460,477,2,1,1,3,3,3,0,0,0,1
460,493,2,1,1,3,3,3,0,0,0,1
460,397,2,1,1,3,3,3,0,0,0,1
460,333,2,1,1,3,1,3,0,2,0,0
460,205,2,1,1,3,3,3,0,0,0,1
460,458,2,1,1,3,0,3,0,3,0,0
460,454,2,1,1,3,1,3,0,2,0,0
460,478,2,1,1,3,3,3,0,0,0,1
460,494,2,1,1,3,3,3,0,0,0,1
460,398,2,1,1,3,3,3,0,0,0,1
460,334,2,1,1,3,1,3,0,2,0,0
460,206,2,1,1,3,3,3,0,0,0,1
460,448,2,1,0,3,0,0,0,0,1,0
460,472,2,1,1,3,0,3,0,3,0,0
460,488,2,1,1,3,0,3,0,3,0,0
460,392,2,1,0,3,0,0,0,0,1,0
460,328,2,1,0,3,0,0,0,0,1,0
460,200,2,1,0,3,0,0,0,0,1,0
460,468,2,1,1,3,1,3,0,2,0,0
460,484,2,1,0,3,1,1,0,0,1,0
460,388,2,1,0,3,1,1,0,0,1,0
460,324,2,1,0,3,0,1,0,1,1,0
460,196,2,1,0,3,1,1,0,0,1,0
460,508,2,1,1,3,3,3,0,0,0,1
460,412,2,1,1,3,3,3,0,0,0,1
460,348,2,1,1,3,1,3,0,2,0,0
460,220,2,1,1,3,3,3,0,0,0,1
460,428,2,1,1,3,3,3,0,0,0,1
460,364,2,1,1,3,1,3,0,2,0,0
460,236,2,1,1,3,3,3,0,0,0,1
460,268,2,1,1,3,1,3,0,2,0,0
460,140,2,1,1,3,3,3,0,0,0,1
460,76,2,1,0,3,1,1,0,0,1,0
461,461,0,1,1,3,3,3,0,0,0,1
461,460,1,1,1,3,1,3,0,2,0,0
461,463,1,1,1,3,3,3,0,0,0,1
461,457,1,1,0,3,0,0,0,0,1,0
461,453,1,1,1,3,3,3,0,0,0,1
461,477,1,1,1,3,3,3,0,0,0,1
461,493,1,1,1,3,3,3,0,0,0,1
461,397,1,1,1,3,3,3,0,0,0,1
461,333,1,1,1,3,1,3,0,2,0,0
461,205,1,1,1,3,3,3,0,0,0,1
461,462,2,1,1,3,1,3,0,2,0,0
461,456,2,1,0,3,0,0,0,0,1,0
461,452,2,1,0,3,1,1,0,0,1,0
461,476,2,1,1,3,1,3,0,2,0,0
461,492,2,1,1,3,1,3,0,2,0,0
461,396,2,1,1,3,1,3,0,2,0,0
461,332,2,1,1,3,0,3,0,3,0,0
461,204,2,1,1,3,1,3,0,2,0,0
461,459,2,1,1,3,0,3,0,3,0,0
461,455,2,1,1,3,3,3,0,0,0,1
461,479,2,1,1,3,3,3,0,0,0,1
461,495,2,1,1,3,3,3,0,0,0,1
461,399,2,1,1,3,3,3,0,0,0,1
461,335,2,1,1,3,1,3,0,2,0,0
461,207,2,1,1,3,3,3,0,0,0,1
461,449,2,1,0,3,0,0,0,0,1,0
461,473,2,1,1,3,0,3,0,3,0,0
461,489,2,1,1,3,0,3,0,3,0,0
461,393,2,1,0,3,0,0,0,0,1,0
461,329,2,1,0,3,0,0,0,0,1,0
461,201,2,1,0,3,0,0,0,0,1,0
461,469,2,1,1,3,3,3,0,0,0,1
461,485,2,1,1,3,3,3,0,0,0,1
461,389,2,1,1,3,3,3,0,0,0,1
461,325,2,1,1,3,1,3,0,2,0,0
461,197,2,1,1,3,3,3,0,0,0,1
461,509,2,1,1,3,3,3,0,0,0,1
461,413,2,1,1,3,3,3,0,0,0,1
461,349,2,1,1,3,1,3,0,2,0,0
461,221,2,1,1,3,3,3,0,0,0,1
461,429,2,1,1,3,3,3,0,0,0,1
461,365,2,1,1,3,1,3,0,2,0,0
461,237,2,1,1,3,3,3,0,0,0,1
461,269,2,1,1,3,1,3,0,2,0,0
461,141,2,1,1,3,3,3,0,0,0,1
461,77,2,1,0,3,1,1,0,0,1,0
462,462,0,1,1,2,2,2,0,0,0,1
462,463,1,1,1,2,2,2,0,0,0,1
462,460,1,1,1,2,1,2,0,1,0,0
462,458,1,1,1,2,1,2,0,1,0,1
462,454,1,1,1,2,2,2,0,0,0,1
462,478,1,1,1,2,2,2,0,0,0,1
462,494,1,1,1,2,2,2,0,0,0,1
462,398,1,1,1,2,2,2,0,0,0,1
462,334,1,1,1,2,0,2,0,2,0,0
462,206,1,1,1,2,2,2,0,0,0,1
462,461,2,1,1,2,1,2,0,1,0,0
462,459,2,1,1,2,1,2,0,1,0,1
462,455,2,1,1,2,2,2,0,0,0,1
462,479,2,1,1,2,2,2,0,0,0,1
462,495,2,1,1,2,2,2,0,0,0,1
462,399,2,1,1,2,2,2,0,0,0,1
462,335,2,1,1,2,0,2,0,2,0,0
462,207,2,1,1,2,2,2,0,0,0,1
462,456,2,1,0,2,0,0,0,0,1,0
462,452,2,1,0,2,1,1,0,0,1,0
462,476,2,1,1,2,1,2,0,1,0,0
462,492,2,1,1,2,1,2,0,1,0,0
462,396,2,1,1,2,1,2,0,1,0,0
462,332,2,1,1,2,0,2,0,2,0,0
462,204,2,1,1,2,1,2,0,1,0,0
462,450,2,1,1,2,1,2,0,1,0,1
462,474,2,1,1,2,1,2,0,1,0,1
462,490,2,1,1,2,1,2,0,1,0,1
462,394,2,1,1,2,1,2,0,1,0,1
462,330,2,1,1,2,0,2,0,2,0,0
462,202,2,1,1,2,1,2,0,1,0,1
462,470,2,1,1,2,2,2,0,0,0,1
462,486,2,1,1,2,2,2,0,0,0,1
462,390,2,1,1,2,2,2,0,0,0,1
462,326,2,1,1,2,0,2,0,2,0,0
462,198,2,1,1,2,2,2,0,0,0,1
462,510,2,1,1,2,2,2,0,0,0,1
462,414,2,1,1,2,2,2,0,0,0,1
462,350,2,1,1,2,0,2,0,2,0,0
462,222,2,1,1,2,2,2,0,0,0,1
462,430,2,1,1,2,2,2,0,0,0,1
462,366,2,1,1,2,0,2,0,2,0,0
462,238,2,1,1,2,2,2,0,0,0,1
462,270,2,1,1,2,0,2,0,2,0,0
462,142,2,1,1,2,2,2,0,0,0,1
462,78,2,1,0,2,0,0,0,0,1,0
463,463,0,1,1,2,2,2,0,0,0,1
463,462,1,1,1,2,2,2,0,0,0,1
463,461,1,1,1,2,1,2,0,1,0,0
463,459,1,1,1,2,1,2,0,1,0,1
463,455,1,1,1,2,2,2,0,0,0,1
463,479,1,1,1,2,2,2,0,0,0,1
463,495,1,1,1,2,2,2,0,0,0,1
463,399,1,1,1,2,2,2,0,0,0,1
463,335,1,1,1,2,0,2,0,2,0,0
463,207,1,1,1,2,2,2,0,0,0,1
463,460,2,1,1,2,1,2,0,1,0,0
463,458,2,1,1,2,1,2,0,1,0,1
463,454,2,1,1,2,2,2,0,0,0,1
463,478,2,1,1,2,2,2,0,0,0,1
463,494,2,1,1,2,2,2,0,0,0,1
463,398,2,1,1,2,2,2,0,0,0,1
463,334,2,1,1,2,0,2,0,2,0,0
463,206,2,1,1,2,2,2,0,0,0,1
463,457,2,1,0,2,0,0,0,0,1,0
463,453,2,1,1,2,1,2,0,1,0,0
463,477,2,1,1,2,1,2,0,1,0,0
463,493,2,1,1,2,1,2,0,1,0,0
463,397,2,1,1,2,1,2,0,1,0,0
463,333,2,1,1,2,0,2,0,2,0,0
463,205,2,1,1,2,1,2,0,1,0,0
463,451,2,1,1,2,1,2,0,1,0,1
463,475,2,1,1,2,1,2,0,1,0,1
463,491,2,1,1,2,1,2,0,1,0,1
463,395,2,1,1,2,1,2,0,1,0,1
463,331,2,1,1,2,0,2,0,2,0,0
463,203,2,1,1,2,1,2,0,1,0,1
463,471,2,1,1,2,2,2,0,0,0,1
463,487,2,1,1,2,2,2,0,0,0,1
463,391,2,1,1,2,2,2,0,0,0,1
463,327,2,1,1,2,0,2,0,2,0,0
463,199,2,1,1,2,2,2,0,0,0,1
463,511,2,1,1,2,2,2,0,0,0,1
463,415,2,1,1,2,2,2,0,0,0,1
463,351,2,1,1,2,0,2,0,2,0,0
463,223,2,1,1,2,2,2,0,0,0,1
463,431,2,1,1,2,2,2,0,0,0,1
463,367,2,1,1,2,0,2,0,2,0,0
463,239,2,1,1,2,2,2,0,0,0,1
463,271,2,1,1,2,0,2,0,2,0,0
463,143,2,1,1,2,2,2,0,0,0,1
463,79,2,1,0,2,0,0,0,0,1,0
464,464,0,1,1,0,0,0,0,0,0,1
464,465,1,1,1,0,0,0,0,0,0,1
464,466,1,1,1,0,0,0,0,0,0,1
464,468,1,1,1,0,0,0,0,0,0,1
464,472,1,1,1,0,0,0,0,0,0,1
464,448,1,1,0,0,0,0,0,0,1,0
464,496,1,1,1,0,0,0,0,0,0,1
464,400,1,1,1,0,0,0,0,0,0,1
464,336,1,1,1,0,0,0,0,0,0,1
464,208,1,1,1,0,0,0,0,0,0,1
464,467,2,1,1,0,0,0,0,0,0,1
464,469,2,1,1,0,0,0,0,0,0,1
464,473,2,1,1,0,0,0,0,0,0,1
464,449,2,1,0,0,0,0,0,0,1,0
464,497,2,1,1,0,0,0,0,0,0,1
464,401,2,1,1,0,0,0,0,0,0,1
464,337,2,1,1,0,0,0,0,0,0,1
464,209,2,1,1,0,0,0,0,0,0,1
464,470,2,1,1,0,0,0,0,0,0,1
464,474,2,1,1,0,0,0,0,0,0,1
464,450,2,1,1,0,0,0,0,0,0,0
464,498,2,1,1,0,0,0,0,0,0,1
464,402,2,1,1,0,0,0,0,0,0,1
464,338,2,1,1,0,0,0,0,0,0,1
464,210,2,1,1,0,0,0,0,0,0,1
464,476,2,1,1,0,0,0,0,0,0,1
464,452,2,1,0,0,0,0,0,0,1,0
464,500,2,1,1,0,0,0,0,0,0,1
464,404,2,1,1,0,0,0,0,0,0,1
464,340,2,1,1,0,0,0,0,0,0,1
464,212,2,1,1,0,0,0,0,0,0,1
464,456,2,1,0,0,0,0,0,0,1,0
464,504,2,1,1,0,0,0,0,0,0,1
464,408,2,1,1,0,0,0,0,0,0,1
464,344,2,1,1,0,0,0,0,0,0,1
464,216,2,1,1,0,0,0,0,0,0,1
464,480,2,1,0,0,0,0,0,0,1,0
464,384,2,1,0,0,0,0,0,0,1,0
464,320,2,1,0,0,0,0,0,0,1,0
464,192,2,1,0,0,0,0,0,0,1,0
464,432,2,1,1,0,0,0,0,0,0,1
464,368,2,1,1,0,0,0,0,0,0,1
464,240,2,1,1,0,0,0,0,0,0,1
464,272,2,1,1,0,0,0,0,0,0,1
464,144,2,1,1,0,0,0,0,0,0,1
464,80,2,1,1,0,0,0,0,0,0,1
465,465,0,1,1,1,1,1,0,0,0,1
465,464,1,1,1,1,0,1,0,1,0,1
465,467,1,1,1,1,1,1,0,0,0,1
465,469,1,1,1,1,1,1,0,0,0,1
465,473,1,1,1,1,1,1,0,0,0,1
465,449,1,1,0,1,1,1,0,0,1,0
465,497,1,1,1,1,1,1,0,0,0,1
465,401,1,1,1,1,0,1,0,1,0,1
465,337,1,1,1,1,1,1,0,0,0,1
465,209,1,1,1,1,1,1,0,0,0,1
465,466,2,1,1,1,0,1,0,1,0,1
465,468,2,1,1,1,0,1,0,1,0,1
465,472,2,1,1,1,0,1,0,1,0,1
465,448,2,1,0,1,0,0,0,0,1,0
465,496,2,1,1,1,0,1,0,1,0,1
465,400,2,1,1,1,0,1,0,1,0,1
465,336,2,1,1,1,0,1,0,1,0,1
465,208,2,1,1,1,0,1,0,1,0,1
465,471,2,1,1,1,1,1,0,0,0,1
465,475,2,1,1,1,1,1,0,0,0,1
465,451,2,1,1,1,1,1,0,0,0,0
465,499,2,1,1,1,1,1,0,0,0,1
465,403,2,1,1,1,0,1,0,1,0,1
465,339,2,1,1,1,1,1,0,0,0,1
465,211,2,1,1,1,1,1,0,0,0,1
465,477,2,1,1,1,1,1,0,0,0,1
465,453,2,1,1,1,1,1,0,0,0,0
465,501,2,1,1,1,1,1,0,0,0,1
465,405,2,1,1,1,0,1,0,1,0,1
465,341,2,1,1,1,1,1,0,0,0,1
465,213,2,1,1,1,1,1,0,0,0,1
465,457,2,1,0,1,1,1,0,0,1,0
465,505,2,1,1,1,1,1,0,0,0,1
465,409,2,1,1,1,0,1,0,1,0,1
465,345,2,1,1,1,1,1,0,0,0,1
465,217,2,1,1,1,1,1,0,0,0,1
465,481,2,1,1,1,1,1,0,0,0,0
465,385,2,1,0,1,0,1,0,1,1,0
465,321,2,1,0,1,1,1,0,0,1,0
465,193,2,1,0,1,1,1,0,0,1,0
465,433,2,1,1,1,0,1,0,1,0,1
465,369,2,1,1,1,1,1,0,0,0,1
465,241,2,1,1,1,1,1,0,0,0,1
465,273,2,1,1,1,0,1,0,1,0,1
465,145,2,1,1,1,0,1,0,1,0,1
465,81,2,1,1,1,1,1,0,0,0,1
466,466,0,1,1,2,2,2,0,0,0,1
466,467,1,1,1,2,2,2,0,0,0,1
466,464,1,1,1,2,0,2,0,2,0,1
466,470,1,1,1,2,2,2,0,0,0,1
466,474,1,1,1,2,2,2,0,0,0,1
466,450,1,1,1,2,2,2,0,0,0,0
466,498,1,1,1,2,2,2,0,0,0,1
466,402,1,1,1,2,1,2,0,1,0,1
466,338,1,1,1,2,2,2,0,0,0,1
466,210,1,1,1,2,1,2,0,1,0,1
466,465,2,1,1,2,0,2,0,2,0,1
466,471,2,1,1,2,2,2,0,0,0,1
466,475,2,1,1,2,2,2,0,0,0,1
466,451,2,1,1,2,2,2,0,0,0,0
466,499,2,1,1,2,2,2,0,0,0,1
466,403,2,1,1,2,1,2,0,1,0,1
466,339,2,1,1,2,2,2,0,0,0,1
466,211,2,1,1,2,1,2,0,1,0,1
466,468,2,1,1,2,0,2,0,2,0,1
466,472,2,1,1,2,0,2,0,2,0,1
466,448,2,1,0,2,0,0,0,0,1,0
466,496,2,1,1,2,0,2,0,2,0,1
466,400,2,1,1,2,0,2,0,2,0,1
466,336,2,1,1,2,0,2,0,2,0,1
466,208,2,1,1,2,0,2,0,2,0,1
466,478,2,1,1,2,2,2,0,0,0,1
466,454,2,1,1,2,2,2,0,0,0,0
466,502,2,1,1,2,2,2,0,0,0,1
466,406,2,1,1,2,1,2,0,1,0,1
466,342,2,1,1,2,2,2,0,0,0,1
466,214,2,1,1,2,1,2,0,1,0,1
466,458,2,1,1,2,2,2,0,0,0,0
466,506,2,1,1,2,2,2,0,0,0,1
466,410,2,1,1,2,1,2,0,1,0,1
466,346,2,1,1,2,2,2,0,0,0,1
466,218,2,1,1,2,1,2,0,1,0,1
466,482,2,1,1,2,2,2,0,0,0,0
466,386,2,1,1,2,1,2,0,1,0,0
466,322,2,1,1,2,2,2,0,0,0,0
466,194,2,1,1,2,1,2,0,1,0,0
466,434,2,1,1,2,1,2,0,1,0,1
466,370,2,1,1,2,2,2,0,0,0,1
466,242,2,1,1,2,1,2,0,1,0,1
466,274,2,1,1,2,1,2,0,1,0,1
466,146,2,1,1,2,0,2,0,2,0,1
466,82,2,1,1,2,1,2,0,1,0,1
467,467,0,1,1,2,2,2,0,0,0,1
467,466,1,1,1,2,1,2,0,1,0,1
467,465,1,1,1,2,1,2,0,1,0,1
467,471,1,1,1,2,2,2,0,0,0,1
467,475,1,1,1,2,2,2,0,0,0,1
467,451,1,1,1,2,2,2,0,0,0,0
467,499,1,1,1,2,2,2,0,0,0,1
467,403,1,1,1,2,1,2,0,1,0,1
467,339,1,1,1,2,2,2,0,0,0,1
467,211,1,1,1,2,1,2,0,1,0,1
467,464,2,1,1,2,0,2,0,2,0,1
467,470,2,1,1,2,1,2,0,1,0,1
467,474,2,1,1,2,1,2,0,1,0,1
467,450,2,1,1,2,1,2,0,1,0,0
467,498,2,1,1,2,1,2,0,1,0,1
467,402,2,1,1,2,1,2,0,1,0,1
467,338,2,1,1,2,1,2,0,1,0,1
467,210,2,1,1,2,0,2,0,2,0,1
467,469,2,1,1,2,1,2,0,1,0,1
467,473,2,1,1,2,1,2,0,1,0,1
467,449,2,1,0,2,1,1,0,0,1,0
467,497,2,1,1,2,1,2,0,1,0,1
467,401,2,1,1,2,0,2,0,2,0,1
467,337,2,1,1,2,1,2,0,1,0,1
467,209,2,1,1,2,1,2,0,1,0,1
467,479,2,1,1,2,2,2,0,0,0,1
467,455,2,1,1,2,2,2,0,0,0,0
467,503,2,1,1,2,2,2,0,0,0,1
467,407,2,1,1,2,1,2,0,1,0,1
467,343,2,1,1,2,2,2,0,0,0,1
467,215,2,1,1,2,1,2,0,1,0,1
467,459,2,1,1,2,2,2,0,0,0,0
467,507,2,1,1,2,2,2,0,0,0,1
467,411,2,1,1,2,1,2,0,1,0,1
467,347,2,1,1,2,2,2,0,0,0,1
467,219,2,1,1,2,1,2,0,1,0,1
467,483,2,1,1,2,2,2,0,0,0,0
467,387,2,1,1,2,1,2,0,1,0,0
467,323,2,1,1,2,2,2,0,0,0,0
467,195,2,1,1,2,1,2,0,1,0,0
467,435,2,1,1,2,1,2,0,1,0,1
467,371,2,1,1,2,2,2,0,0,0,1
467,243,2,1,1,2,1,2,0,1,0,1
467,275,2,1,1,2,1,2,0,1,0,1
467,147,2,1,1,2,0,2,0,2,0,1
467,83,2,1,1,2,1,2,0,1,0,1
468,468,0,1,1,1,1,1,0,0,0,1
468,469,1,1,1,1,1,1,0,0,0,1
468,470,1,1,1,1,1,1,0,0,0,1
468,464,1,1,1,1,0,1,0,1,0,1
468,476,1,1,1,1,1,1,0,0,0,1
468,452,1,1,0,1,1,1,0,0,1,0
468,500,1,1,1,1,1,1,0,0,0,1
468,404,1,1,1,1,1,1,0,0,0,1
468,340,1,1,1,1,0,1,0,1,0,1
468,212,1,1,1,1,1,1,0,0,0,1
468,471,2,1,1,1,1,1,0,0,0,1
468,465,2,1,1,1,0,1,0,1,0,1
468,477,2,1,1,1,1,1,0,0,0,1
468,453,2,1,1,1,1,1,0,0,0,0
468,501,2,1,1,1,1,1,0,0,0,1
468,405,2,1,1,1,1,1,0,0,0,1
468,341,2,1,1,1,0,1,0,1,0,1
468,213,2,1,1,1,1,1,0,0,0,1
468,466,2,1,1,1,0,1,0,1,0,1
468,478,2,1,1,1,1,1,0,0,0,1
468,454,2,1,1,1,1,1,0,0,0,0
468,502,2,1,1,1,1,1,0,0,0,1
468,406,2,1,1,1,1,1,0,0,0,1
468,342,2,1,1,1,0,1,0,1,0,1
468,214,2,1,1,1,1,1,0,0,0,1
468,472,2,1,1,1,0,1,0,1,0,1
468,448,2,1,0,1,0,0,0,0,1,0
468,496,2,1,1,1,0,1,0,1,0,1
468,400,2,1,1,1,0,1,0,1,0,1
468,336,2,1,1,1,0,1,0,1,0,1
468,208,2,1,1,1,0,1,0,1,0,1
468,460,2,1,1,1,1,1,0,0,0,0
468,508,2,1,1,1,1,1,0,0,0,1
468,412,2,1,1,1,1,1,0,0,0,1
468,348,2,1,1,1,0,1,0,1,0,1
468,220,2,1,1,1,1,1,0,0,0,1
468,484,2,1,0,1,1,1,0,0,1,0
468,388,2,1,0,1,1,1,0,0,1,0
468,324,2,1,0,1,0,1,0,1,1,0
468,196,2,1,0,1,1,1,0,0,1,0
468,436,2,1,1,1,1,1,0,0,0,1
468,372,2,1,1,1,0,1,0,1,0,1
468,244,2,1,1,1,1,1,0,0,0,1
468,276,2,1,1,1,0,1,0,1,0,1
468,148,2,1,1,1,1,1,0,0,0,1
468,84,2,1,1,1,0,1,0,1,0,1
469,469,0,1,1,3,3,3,0,0,0,1
469,468,1,1,1,3,1,3,0,2,0,1
469,471,1,1,1,3,3,3,0,0,0,1
469,465,1,1,1,3,1,3,0,2,0,1
469,477,1,1,1,3,3,3,0,0,0,1
469,453,1,1,1,3,3,3,0,0,0,0
469,501,1,1,1,3,3,3,0,0,0,1
469,405,1,1,1,3,2,3,0,1,0,1
469,341,1,1,1,3,2,3,0,1,0,1
469,213,1,1,1,3,3,3,0,0,0,1
469,470,2,1,1,3,1,3,0,2,0,1
469,464,2,1,1,3,0,3,0,3,0,1
469,476,2,1,1,3,1,3,0,2,0,1
469,452,2,1,0,3,1,1,0,0,1,0
469,500,2,1,1,3,1,3,0,2,0,1
469,404,2,1,1,3,1,3,0,2,0,1
469,340,2,1,1,3,0,3,0,3,0,1
469,212,2,1,1,3,1,3,0,2,0,1
469,467,2,1,1,3,1,3,0,2,0,1
469,479,2,1,1,3,3,3,0,0,0,1
469,455,2,1,1,3,3,3,0,0,0,0
469,503,2,1,1,3,3,3,0,0,0,1
469,407,2,1,1,3,2,3,0,1,0,1
469,343,2,1,1,3,2,3,0,1,0,1
469,215,2,1,1,3,3,3,0,0,0,1
469,473,2,1,1,3,1,3,0,2,0,1
469,449,2,1,0,3,1,1,0,0,1,0
469,497,2,1,1,3,1,3,0,2,0,1
469,401,2,1,1,3,0,3,0,3,0,1
469,337,2,1,1,3,1,3,0,2,0,1
469,209,2,1,1,3,1,3,0,2,0,1
469,461,2,1,1,3,3,3,0,0,0,0
469,509,2,1,1,3,3,3,0,0,0,1
469,413,2,1,1,3,2,3,0,1,0,1
469,349,2,1,1,3,2,3,0,1,0,1
469,221,2,1,1,3,3,3,0,0,0,1
469,485,2,1,1,3,3,3,0,0,0,0
469,389,2,1,1,3,2,3,0,1,0,0
469,325,2,1,1,3,2,3,0,1,0,0
469,197,2,1,1,3,3,3,0,0,0,0
469,437,2,1,1,3,2,3,0,1,0,1
469,373,2,1,1,3,2,3,0,1,0,1
469,245,2,1,1,3,3,3,0,0,0,1
469,277,2,1,1,3,1,3,0,2,0,1
469,149,2,1,1,3,2,3,0,1,0,1
469,85,2,1,1,3,2,3,0,1,0,1
470,470,0,1,1,2,2,2,0,0,0,1
470,471,1,1,1,2,2,2,0,0,0,1
470,468,1,1,1,2,1,2,0,1,0,1
470,466,1,1,1,2,1,2,0,1,0,1
470,478,1,1,1,2,2,2,0,0,0,1
470,454,1,1,1,2,2,2,0,0,0,0
470,502,1,1,1,2,2,2,0,0,0,1
470,406,1,1,1,2,1,2,0,1,0,1
470,342,1,1,1,2,1,2,0,1,0,1
470,214,1,1,1,2,2,2,0,0,0,1
470,469,2,1,1,2,1,2,0,1,0,1
470,467,2,1,1,2,1,2,0,1,0,1
470,479,2,1,1,2,2,2,0,0,0,1
470,455,2,1,1,2,2,2,0,0,0,0
470,503,2,1,1,2,2,2,0,0,0,1
470,407,2,1,1,2,1,2,0,1,0,1
470,343,2,1,1,2,1,2,0,1,0,1
470,215,2,1,1,2,2,2,0,0,0,1
470,464,2,1,1,2,0,2,0,2,0,1
470,476,2,1,1,2,1,2,0,1,0,1
470,452,2,1,0,2,1,1,0,0,1,0
470,500,2,1,1,2,1,2,0,1,0,1
470,404,2,1,1,2,1,2,0,1,0,1
470,340,2,1,1,2,0,2,0,2,0,1
470,212,2,1,1,2,1,2,0,1,0,1
470,474,2,1,1,2,1,2,0,1,0,1
470,450,2,1,1,2,1,2,0,1,0,0
470,498,2,1,1,2,1,2,0,1,0,1
470,402,2,1,1,2,0,2,0,2,0,1
470,338,2,1,1,2,1,2,0,1,0,1
470,210,2,1,1,2,1,2,0,1,0,1
470,462,2,1,1,2,2,2,0,0,0,0
470,510,2,1,1,2,2,2,0,0,0,1
470,414,2,1,1,2,1,2,0,1,0,1
470,350,2,1,1,2,1,2,0,1,0,1
470,222,2,1,1,2,2,2,0,0,0,1
470,486,2,1,1,2,2,2,0,0,0,0
470,390,2,1,1,2,1,2,0,1,0,0
470,326,2,1,1,2,1,2,0,1,0,0
470,198,2,1,1,2,2,2,0,0,0,0
470,438,2,1,1,2,1,2,0,1,0,1
470,374,2,1,1,2,1,2,0,1,0,1
470,246,2,1,1,2,2,2,0,0,0,1
470,278,2,1,1,2,0,2,0,2,0,1
470,150,2,1,1,2,1,2,0,1,0,1
470,86,2,1,1,2,1,2,0,1,0,1
471,471,0,1,1,2,2,2,0,0,0,1
471,470,1,1,1,2,1,2,0,1,0,1
471,469,1,1,1,2,2,2,0,0,0,1
471,467,1,1,1,2,1,2,0,1,0,1
471,479,1,1,1,2,2,2,0,0,0,1
471,455,1,1,1,2,2,2,0,0,0,0
471,503,1,1,1,2,2,2,0,0,0,1
471,407,1,1,1,2,1,2,0,1,0,1
471,343,1,1,1,2,1,2,0,1,0,1
471,215,1,1,1,2,2,2,0,0,0,1
471,468,2,1,1,2,1,2,0,1,0,1
471,466,2,1,1,2,0,2,0,2,0,1
471,478,2,1,1,2,1,2,0,1,0,1
471,454,2,1,1,2,1,2,0,1,0,0
471,502,2,1,1,2,1,2,0,1,0,1
471,406,2,1,1,2,1,2,0,1,0,1
471,342,2,1,1,2,0,2,0,2,0,1
471,214,2,1,1,2,1,2,0,1,0,1
471,465,2,1,1,2,1,2,0,1,0,1
471,477,2,1,1,2,2,2,0,0,0,1
471,453,2,1,1,2,2,2,0,0,0,0
471,501,2,1,1,2,2,2,0,0,0,1
471,405,2,1,1,2,1,2,0,1,0,1
471,341,2,1,1,2,1,2,0,1,0,1
471,213,2,1,1,2,2,2,0,0,0,1
471,475,2,1,1,2,1,2,0,1,0,1
471,451,2,1,1,2,1,2,0,1,0,0
471,499,2,1,1,2,1,2,0,1,0,1
471,403,2,1,1,2,0,2,0,2,0,1
471,339,2,1,1,2,1,2,0,1,0,1
471,211,2,1,1,2,1,2,0,1,0,1
471,463,2,1,1,2,2,2,0,0,0,0
471,511,2,1,1,2,2,2,0,0,0,1
471,415,2,1,1,2,1,2,0,1,0,1
471,351,2,1,1,2,1,2,0,1,0,1
471,223,2,1,1,2,2,2,0,0,0,1
471,487,2,1,1,2,2,2,0,0,0,0
471,391,2,1,1,2,1,2,0,1,0,0
471,327,2,1,1,2,1,2,0,1,0,0
471,199,2,1,1,2,2,2,0,0,0,0
471,439,2,1,1,2,1,2,0,1,0,1
471,375,2,1,1,2,1,2,0,1,0,1
471,247,2,1,1,2,2,2,0,0,0,1
471,279,2,1,1,2,0,2,0,2,0,1
471,151,2,1,1,2,1,2,0,1,0,1
471,87,2,1,1,2,1,2,0,1,0,1
472,472,0,1,1,0,0,0,0,0,0,1
472,473,1,1,1,0,0,0,0,0,0,1
472,474,1,1,1,0,0,0,0,0,0,1
472,476,1,1,1,0,0,0,0,0,0,1
472,464,1,1,1,0,0,0,0,0,0,1
472,456,1,1,0,0,0,0,0,0,1,0
472,504,1,1,1,0,0,0,0,0,0,1
472,408,1,1,1,0,0,0,0,0,0,1
472,344,1,1,1,0,0,0,0,0,0,1
472,216,1,1,1,0,0,0,0,0,0,1
472,475,2,1,1,0,0,0,0,0,0,1
472,477,2,1,1,0,0,0,0,0,0,1
472,465,2,1,1,0,0,0,0,0,0,1
472,457,2,1,0,0,0,0,0,0,1,0
472,505,2,1,1,0,0,0,0,0,0,1
472,409,2,1,1,0,0,0,0,0,0,1
472,345,2,1,1,0,0,0,0,0,0,1
472,217,2,1,1,0,0,0,0,0,0,1
472,478,2,1,1,0,0,0,0,0,0,1
472,466,2,1,1,0,0,0,0,0,0,1
472,458,2,1,1,0,0,0,0,0,0,0
472,506,2,1,1,0,0,0,0,0,0,1
472,410,2,1,1,0,0,0,0,0,0,1
472,346,2,1,1,0,0,0,0,0,0,1
472,218,2,1,1,0,0,0,0,0,0,1
472,468,2,1,1,0,0,0,0,0,0,1
472,460,2,1,1,0,0,0,0,0,0,0
472,508,2,1,1,0,0,0,0,0,0,1
472,412,2,1,1,0,0,0,0,0,0,1
472,348,2,1,1,0,0,0,0,0,0,1
472,220,2,1,1,0,0,0,0,0,0,1
472,448,2,1,0,0,0,0,0,0,1,0
472,496,2,1,1,0,0,0,0,0,0,1
472,400,2,1,1,0,0,0,0,0,0,1
472,336,2,1,1,0,0,0,0,0,0,1
472,208,2,1,1,0,0,0,0,0,0,1
472,488,2,1,1,0,0,0,0,0,0,0
472,392,2,1,0,0,0,0,0,0,1,0
472,328,2,1,0,0,0,0,0,0,1,0
472,200,2,1,0,0,0,0,0,0,1,0
472,440,2,1,1,0,0,0,0,0,0,1
472,376,2,1,1,0,0,0,0,0,0,1
472,248,2,1,1,0,0,0,0,0,0,1
472,280,2,1,1,0,0,0,0,0,0,1
472,152,2,1,1,0,0,0,0,0,0,1
472,88,2,1,1,0,0,0,0,0,0,1
473,473,0,1,1,0,0,0,0,0,0,1
473,472,1,1,1,0,0,0,0,0,0,1
473,475,1,1,1,0,0,0,0,0,0,1
473,477,1,1,1,0,0,0,0,0,0,1
473,465,1,1,1,0,0,0,0,0,0,1
473,457,1,1,0,0,0,0,0,0,1,0
473,505,1,1,1,0,0,0,0,0,0,1
473,409,1,1,1,0,0,0,0,0,0,1
473,345,1,1,1,0,0,0,0,0,0,1
473,217,1,1,1,0,0,0,0,0,0,1
473,474,2,1,1,0,0,0,0,0,0,1
473,476,2,1,1,0,0,0,0,0,0,1
473,464,2,1,1,0,0,0,0,0,0,1
473,456,2,1,0,0,0,0,0,0,1,0
473,504,2,1,1,0,0,0,0,0,0,1
473,408,2,1,1,0,0,0,0,0,0,1
473,344,2,1,1,0,0,0,0,0,0,1
473,216,2,1,1,0,0,0,0,0,0,1
473,479,2,1,1,0,0,0,0,0,0,1
473,467,2,1,1,0,0,0,0,0,0,1
473,459,2,1,1,0,0,0,0,0,0,0
473,507,2,1,1,0,0,0,0,0,0,1
473,411,2,1,1,0,0,0,0,0,0,1
473,347,2,1,1,0,0,0,0,0,0,1
473,219,2,1,1,0,0,0,0,0,0,1
473,469,2,1,1,0,0,0,0,0,0,1
473,461,2,1,1,0,0,0,0,0,0,0
473,509,2,1,1,0,0,0,0,0,0,1
473,413,2,1,1,0,0,0,0,0,0,1
473,349,2,1,1,0,0,0,0,0,0,1
473,221,2,1,1,0,0,0,0,0,0,1
473,449,2,1,0,0,0,0,0,0,1,0
473,497,2,1,1,0,0,0,0,0,0,1
473,401,2,1,1,0,0,0,0,0,0,1
473,337,2,1,1,0,0,0,0,0,0,1
473,209,2,1,1,0,0,0,0,0,0,1
473,489,2,1,1,0,0,0,0,0,0,0
473,393,2,1,0,0,0,0,0,0,1,0
473,329,2,1,0,0,0,0,0,0,1,0
473,201,2,1,0,0,0,0,0,0,1,0
473,441,2,1,1,0,0,0,0,0,0,1
473,377,2,1,1,0,0,0,0,0,0,1
473,249,2,1,1,0,0,0,0,0,0,1
473,281,2,1,1,0,0,0,0,0,0,1
473,153,2,1,1,0,0,0,0,0,0,1
473,89,2,1,1,0,0,0,0,0,0,1
474,474,0,1,1,1,1,1,0,0,0,1
474,475,1,1,1,1,1,1,0,0,0,1
474,472,1,1,1,1,0,1,0,1,0,1
474,478,1,1,1,1,1,1,0,0,0,1
474,466,1,1,1,1,1,1,0,0,0,1
474,458,1,1,1,1,1,1,0,0,0,0
474,506,1,1,1,1,1,1,0,0,0,1
474,410,1,1,1,1,1,1,0,0,0,1
474,346,1,1,1,1,1,1,0,0,0,1
474,218,1,1,1,1,0,1,0,1,0,1
474,473,2,1,1,1,0,1,0,1,0,1
474,479,2,1,1,1,1,1,0,0,0,1
474,467,2,1,1,1,1,1,0,0,0,1
474,459,2,1,1,1,1,1,0,0,0,0
474,507,2,1,1,1,1,1,0,0,0,1
474,411,2,1,1,1,1,1,0,0,0,1
474,347,2,1,1,1,1,1,0,0,0,1
474,219,2,1,1,1,0,1,0,1,0,1
474,476,2,1,1,1,0,1,0,1,0,1
474,464,2,1,1,1,0,1,0,1,0,1
474,456,2,1,0,1,0,0,0,0,1,0
474,504,2,1,1,1,0,1,0,1,0,1
474,408,2,1,1,1,0,1,0,1,0,1
474,344,2,1,1,1,0,1,0,1,0,1
474,216,2,1,1,1,0,1,0,1,0,1
474,470,2,1,1,1,1,1,0,0,0,1
474,462,2,1,1,1,1,1,0,0,0,0
474,510,2,1,1,1,1,1,0,0,0,1
474,414,2,1,1,1,1,1,0,0,0,1
474,350,2,1,1,1,1,1,0,0,0,1
474,222,2,1,1,1,0,1,0,1,0,1
474,450,2,1,1,1,1,1,0,0,0,0
474,498,2,1,1,1,1,1,0,0,0,1
474,402,2,1,1,1,1,1,0,0,0,1
474,338,2,1,1,1,1,1,0,0,0,1
474,210,2,1,1,1,0,1,0,1,0,1
474,490,2,1,1,1,1,1,0,0,0,0
474,394,2,1,1,1,1,1,0,0,0,0
474,330,2,1,1,1,1,1,0,0,0,0
474,202,2,1,1,1,0,1,0,1,0,0
474,442,2,1,1,1,1,1,0,0,0,1
474,378,2,1,1,1,1,1,0,0,0,1
474,250,2,1,1,1,0,1,0,1,0,1
474,282,2,1,1,1,1,1,0,0,0,1
474,154,2,1,1,1,0,1,0,1,0,1
474,90,2,1,1,1,0,1,0,1,0,1
475,475,0,1,1,1,1,1,0,0,0,1
475,474,1,1,1,1,1,1,0,0,0,1
475,473,1,1,1,1,0,1,0,1,0,1
475,479,1,1,1,1,1,1,0,0,0,1
475,467,1,1,1,1,1,1,0,0,0,1
475,459,1,1,1,1,1,1,0,0,0,0
475,507,1,1,1,1,1,1,0,0,0,1
475,411,1,1,1,1,1,1,0,0,0,1
475,347,1,1,1,1,1,1,0,0,0,1
475,219,1,1,1,1,0,1,0,1,0,1
475,472,2,1,1,1,0,1,0,1,0,1
475,478,2,1,1,1,1,1,0,0,0,1
475,466,2,1,1,1,1,1,0,0,0,1
475,458,2,1,1,1,1,1,0,0,0,0
475,506,2,1,1,1,1,1,0,0,0,1
475,410,2,1,1,1,1,1,0,0,0,1
475,346,2,1,1,1,1,1,0,0,0,1
475,218,2,1,1,1,0,1,0,1,0,1
475,477,2,1,1,1,0,1,0,1,0,1
475,465,2,1,1,1,0,1,0,1,0,1
475,457,2,1,0,1,0,0,0,0,1,0
475,505,2,1,1,1,0,1,0,1,0,1
475,409,2,1,1,1,0,1,0,1,0,1
475,345,2,1,1,1,0,1,0,1,0,1
475,217,2,1,1,1,0,1,0,1,0,1
475,471,2,1,1,1,1,1,0,0,0,1
475,463,2,1,1,1,1,1,0,0,0,0
475,511,2,1,1,1,1,1,0,0,0,1
475,415,2,1,1,1,1,1,0,0,0,1
475,351,2,1,1,1,1,1,0,0,0,1
475,223,2,1,1,1,0,1,0,1,0,1
475,451,2,1,1,1,1,1,0,0,0,0
475,499,2,1,1,1,1,1,0,0,0,1
475,403,2,1,1,1,1,1,0,0,0,1
475,339,2,1,1,1,1,1,0,0,0,1
475,211,2,1,1,1,0,1,0,1,0,1
475,491,2,1,1,1,1,1,0,0,0,0
475,395,2,1,1,1,1,1,0,0,0,0
475,331,2,1,1,1,1,1,0,0,0,0
475,203,2,1,1,1,0,1,0,1,0,0
475,443,2,1,1,1,1,1,0,0,0,1
475,379,2,1,1,1,1,1,0,0,0,1
475,251,2,1,1,1,0,1,0,1,0,1
475,283,2,1,1,1,1,1,0,0,0,1
475,155,2,1,1,1,0,1,0,1,0,1
475,91,2,1,1,1,0,1,0,1,0,1
476,476,0,1,1,2,2,2,0,0,0,1
476,477,1,1,1,2,2,2,0,0,0,1
476,478,1,1,1,2,2,2,0,0,0,1
476,472,1,1,1,2,0,2,0,2,0,1
476,468,1,1,1,2,1,2,0,1,0,1
476,460,1,1,1,2,2,2,0,0,0,0
476,508,1,1,1,2,2,2,0,0,0,1
476,412,1,1,1,2,2,2,0,0,0,1
476,348,1,1,1,2,1,2,0,1,0,1
476,220,1,1,1,2,2,2,0,0,0,1
476,479,2,1,1,2,2,2,0,0,0,1
476,473,2,1,1,2,0,2,0,2,0,1
476,469,2,1,1,2,1,2,0,1,0,1
476,461,2,1,1,2,2,2,0,0,0,0
476,509,2,1,1,2,2,2,0,0,0,1
476,413,2,1,1,2,2,2,0,0,0,1
476,349,2,1,1,2,1,2,0,1,0,1
476,221,2,1,1,2,2,2,0,0,0,1
476,474,2,1,1,2,0,2,0,2,0,1
476,470,2,1,1,2,1,2,0,1,0,1
476,462,2,1,1,2,2,2,0,0,0,0
476,510,2,1,1,2,2,2,0,0,0,1
476,414,2,1,1,2,2,2,0,0,0,1
476,350,2,1,1,2,1,2,0,1,0,1
476,222,2,1,1,2,2,2,0,0,0,1
476,464,2,1,1,2,0,2,0,2,0,1
476,456,2,1,0,2,0,0,0,0,1,0
476,504,2,1,1,2,0,2,0,2,0,1
476,408,2,1,1,2,0,2,0,2,0,1
476,344,2,1,1,2,0,2,0,2,0,1
476,216,2,1,1,2,0,2,0,2,0,1
476,452,2,1,0,2,1,1,0,0,1,0
476,500,2,1,1,2,1,2,0,1,0,1
476,404,2,1,1,2,1,2,0,1,0,1
476,340,2,1,1,2,0,2,0,2,0,1
476,212,2,1,1,2,1,2,0,1,0,1
476,492,2,1,1,2,2,2,0,0,0,0
476,396,2,1,1,2,2,2,0,0,0,0
476,332,2,1,1,2,1,2,0,1,0,0
476,204,2,1,1,2,2,2,0,0,0,0
476,444,2,1,1,2,2,2,0,0,0,1
476,380,2,1,1,2,1,2,0,1,0,1
476,252,2,1,1,2,2,2,0,0,0,1
476,284,2,1,1,2,1,2,0,1,0,1
476,156,2,1,1,2,2,2,0,0,0,1
476,92,2,1,1,2,1,2,0,1,0,1
477,477,0,1,1,2,2,2,0,0,0,1
477,476,1,1,1,2,1,2,0,1,0,1
477,479,1,1,1,2,2,2,0,0,0,1
477,473,1,1,1,2,0,2,0,2,0,1
477,469,1,1,1,2,2,2,0,0,0,1
477,461,1,1,1,2,2,2,0,0,0,0
477,509,1,1,1,2,2,2,0,0,0,1
477,413,1,1,1,2,2,2,0,0,0,1
477,349,1,1,1,2,1,2,0,1,0,1
477,221,1,1,1,2,2,2,0,0,0,1
477,478,2,1,1,2,1,2,0,1,0,1
477,472,2,1,1,2,0,2,0,2,0,1
477,468,2,1,1,2,1,2,0,1,0,1
477,460,2,1,1,2,1,2,0,1,0,0
477,508,2,1,1,2,1,2,0,1,0,1
477,412,2,1,1,2,1,2,0,1,0,1
477,348,2,1,1,2,0,2,0,2,0,1
477,220,2,1,1,2,1,2,0,1,0,1
477,475,2,1,1,2,0,2,0,2,0,1
477,471,2,1,1,2,2,2,0,0,0,1
477,463,2,1,1,2,2,2,0,0,0,0
477,511,2,1,1,2,2,2,0,0,0,1
477,415,2,1,1,2,2,2,0,0,0,1
477,351,2,1,1,2,1,2,0,1,0,1
477,223,2,1,1,2,2,2,0,0,0,1
477,465,2,1,1,2,0,2,0,2,0,1
477,457,2,1,0,2,0,0,0,0,1,0
477,505,2,1,1,2,0,2,0,2,0,1
477,409,2,1,1,2,0,2,0,2,0,1
477,345,2,1,1,2,0,2,0,2,0,1
477,217,2,1,1,2,0,2,0,2,0,1
477,453,2,1,1,2,2,2,0,0,0,0
477,501,2,1,1,2,2,2,0,0,0,1
477,405,2,1,1,2,2,2,0,0,0,1
477,341,2,1,1,2,1,2,0,1,0,1
477,213,2,1,1,2,2,2,0,0,0,1
477,493,2,1,1,2,2,2,0,0,0,0
477,397,2,1,1,2,2,2,0,0,0,0
477,333,2,1,1,2,1,2,0,1,0,0
477,205,2,1,1,2,2,2,0,0,0,0
477,445,2,1,1,2,2,2,0,0,0,1
477,381,2,1,1,2,1,2,0,1,0,1
477,253,2,1,1,2,2,2,0,0,0,1
477,285,2,1,1,2,1,2,0,1,0,1
477,157,2,1,1,2,2,2,0,0,0,1
477,93,2,1,1,2,1,2,0,1,0,1
478,478,0,1,1,1,1,1,0,0,0,1
478,479,1,1,1,1,1,1,0,0,0,1
478,476,1,1,1,1,1,1,0,0,0,1
478,474,1,1,1,1,0,1,0,1,0,1
478,470,1,1,1,1,1,1,0,0,0,1
478,462,1,1,1,1,1,1,0,0,0,0
478,510,1,1,1,1,1,1,0,0,0,1
478,414,1,1,1,1,1,1,0,0,0,1
478,350,1,1,1,1,0,1,0,1,0,1
478,222,1,1,1,1,1,1,0,0,0,1
478,477,2,1,1,1,1,1,0,0,0,1
478,475,2,1,1,1,0,1,0,1,0,1
478,471,2,1,1,1,1,1,0,0,0,1
478,463,2,1,1,1,1,1,0,0,0,0
478,511,2,1,1,1,1,1,0,0,0,1
478,415,2,1,1,1,1,1,0,0,0,1
478,351,2,1,1,1,0,1,0,1,0,1
478,223,2,1,1,1,1,1,0,0,0,1
478,472,2,1,1,1,0,1,0,1,0,1
478,468,2,1,1,1,1,1,0,0,0,1
478,460,2,1,1,1,1,1,0,0,0,0
478,508,2,1,1,1,1,1,0,0,0,1
478,412,2,1,1,1,1,1,0,0,0,1
478,348,2,1,1,1,0,1,0,1,0,1
478,220,2,1,1,1,1,1,0,0,0,1
478,466,2,1,1,1,0,1,0,1,0,1
478,458,2,1,1,1,0,1,0,1,0,0
478,506,2,1,1,1,0,1,0,1,0,1
478,410,2,1,1,1,0,1,0,1,0,1
478,346,2,1,1,1,0,1,0,1,0,1
478,218,2,1,1,1,0,1,0,1,0,1
478,454,2,1,1,1,1,1,0,0,0,0
478,502,2,1,1,1,1,1,0,0,0,1
478,406,2,1,1,1,1,1,0,0,0,1
478,342,2,1,1,1,0,1,0,1,0,1
478,214,2,1,1,1,1,1,0,0,0,1
478,494,2,1,1,1,1,1,0,0,0,0
478,398,2,1,1,1,1,1,0,0,0,0
478,334,2,1,1,1,0,1,0,1,0,0
478,206,2,1,1,1,1,1,0,0,0,0
478,446,2,1,1,1,1,1,0,0,0,1
478,382,2,1,1,1,0,1,0,1,0,1
478,254,2,1,1,1,1,1,0,0,0,1
478,286,2,1,1,1,0,1,0,1,0,1
478,158,2,1,1,1,1,1,0,0,0,1
478,94,2,1,1,1,0,1,0,1,0,1
479,479,0,1,1,1,1,1,0,0,0,1
479,478,1,1,1,1,1,1,0,0,0,1
479,477,1,1,1,1,1,1,0,0,0,1
479,475,1,1,1,1,0,1,0,1,0,1
479,471,1,1,1,1,1,1,0,0,0,1
479,463,1,1,1,1,1,1,0,0,0,0
479,511,1,1,1,1,1,1,0,0,0,1
479,415,1,1,1,1,1,1,0,0,0,1
479,351,1,1,1,1,0,1,0,1,0,1
479,223,1,1,1,1,1,1,0,0,0,1
479,476,2,1,1,1,1,1,0,0,0,1
479,474,2,1,1,1,0,1,0,1,0,1
479,470,2,1,1,1,1,1,0,0,0,1
479,462,2,1,1,1,1,1,0,0,0,0
479,510,2,1,1,1,1,1,0,0,0,1
479,414,2,1,1,1,1,1,0,0,0,1
479,350,2,1,1,1,0,1,0,1,0,1
479,222,2,1,1,1,1,1,0,0,0,1
479,473,2,1,1,1,0,1,0,1,0,1
479,469,2,1,1,1,1,1,0,0,0,1
479,461,2,1,1,1,1,1,0,0,0,0
479,509,2,1,1,1,1,1,0,0,0,1
479,413,2,1,1,1,1,1,0,0,0,1
479,349,2,1,1,1,0,1,0,1,0,1
479,221,2,1,1,1,1,1,0,0,0,1
479,467,2,1,1,1,0,1,0,1,0,1
479,459,2,1,1,1,0,1,0,1,0,0
479,507,2,1,1,1,0,1,0,1,0,1
479,411,2,1,1,1,0,1,0,1,0,1
479,347,2,1,1,1,0,1,0,1,0,1
479,219,2,1,1,1,0,1,0,1,0,1
479,455,2,1,1,1,1,1,0,0,0,0
479,503,2,1,1,1,1,1,0,0,0,1
479,407,2,1,1,1,1,1,0,0,0,1
479,343,2,1,1,1,0,1,0,1,0,1
479,215,2,1,1,1,1,1,0,0,0,1
479,495,2,1,1,1,1,1,0,0,0,0
479,399,2,1,1,1,1,1,0,0,0,0
479,335,2,1,1,1,0,1,0,1,0,0
479,207,2,1,1,1,1,1,0,0,0,0
479,447,2,1,1,1,1,1,0,0,0,1
479,383,2,1,1,1,0,1,0,1,0,1
479,255,2,1,1,1,1,1,0,0,0,1
479,287,2,1,1,1,0,1,0,1,0,1
479,159,2,1,1,1,1,1,0,0,0,1
479,95,2,1,1,1,0,1,0,1,0,1
480,480,0,0,0,0,0,0,0,0,0,0
480,481,1,0,1,0,0,0,0,0,0,0
480,482,1,0,1,0,0,0,0,0,0,0
480,484,1,0,0,0,0,0,0,0,0,0
480,488,1,0,1,0,0,0,0,0,0,0
480,496,1,0,1,0,0,0,0,0,0,0
480,448,1,0,0,0,0,0,0,0,0,0
480,416,1,0,0,0,0,0,0,0,0,0
480,352,1,0,0,0,0,0,0,0,0,0
480,224,1,0,0,0,0,0,0,0,0,0
480,483,2,0,1,0,0,0,0,0,0,0
480,485,2,0,1,0,0,0,0,0,0,0
480,489,2,0,1,0,0,0,0,0,0,0
480,497,2,0,1,0,0,0,0,0,0,0
480,449,2,0,0,0,0,0,0,0,0,0
480,417,2,0,1,0,0,0,0,0,0,0
480,353,2,0,1,0,0,0,0,0,0,0
480,225,2,0,1,0,0,0,0,0,0,0
480,486,2,0,1,0,0,0,0,0,0,0
480,490,2,0,1,0,0,0,0,0,0,0
480,498,2,0,1,0,0,0,0,0,0,0
480,450,2,0,1,0,0,0,0,0,0,0
480,418,2,0,1,0,0,0,0,0,0,0
480,354,2,0,1,0,0,0,0,0,0,0
480,226,2,0,1,0,0,0,0,0,0,0
480,492,2,0,1,0,0,0,0,0,0,0
480,500,2,0,1,0,0,0,0,0,0,0
480,452,2,0,0,0,0,0,0,0,0,0
480,420,2,0,0,0,0,0,0,0,0,0
480,356,2,0,0,0,0,0,0,0,0,0
480,228,2,0,0,0,0,0,0,0,0,0
480,504,2,0,1,0,0,0,0,0,0,0
480,456,2,0,0,0,0,0,0,0,0,0
480,424,2,0,1,0,0,0,0,0,0,0
480,360,2,0,1,0,0,0,0,0,0,0
480,232,2,0,1,0,0,0,0,0,0,0
480,464,2,0,1,0,0,0,0,0,0,0
480,432,2,0,1,0,0,0,0,0,0,0
480,368,2,0,1,0,0,0,0,0,0,0
480,240,2,0,1,0,0,0,0,0,0,0
480,384,2,0,0,0,0,0,0,0,0,0
480,320,2,0,0,0,0,0,0,0,0,0
480,192,2,0,0,0,0,0,0,0,0,0
480,288,2,0,0,0,0,0,0,0,0,0
480,160,2,0,0,0,0,0,0,0,0,0
480,96,2,0,0,0,0,0,0,0,0,0
481,481,0,1,1,3,3,3,0,0,0,1
481,480,1,1,0,3,0,0,0,0,1,0
481,483,1,1,1,3,3,3,0,0,0,1
481,485,1,1,1,3,3,3,0,0,0,1
481,489,1,1,1,3,3,3,0,0,0,1
481,497,1,1,1,3,3,3,0,0,0,1
481,449,1,1,0,3,1,1,0,0,1,0
481,417,1,1,1,3,2,3,0,1,0,1
481,353,1,1,1,3,2,3,0,1,0,0
481,225,1,1,1,3,3,3,0,0,0,1
481,482,2,1,1,3,0,3,0,3,0,0
481,484,2,1,0,3,0,0,0,0,1,0
481,488,2,1,1,3,0,3,0,3,0,0
481,496,2,1,1,3,0,3,0,3,0,0
481,448,2,1,0,3,0,0,0,0,1,0
481,416,2,1,0,3,0,0,0,0,1,0
481,352,2,1,0,3,0,0,0,0,1,0
481,224,2,1,0,3,0,0,0,0,1,0
481,487,2,1,1,3,3,3,0,0,0,1
481,491,2,1,1,3,3,3,0,0,0,1
481,499,2,1,1,3,3,3,0,0,0,1
481,451,2,1,1,3,1,3,0,2,0,0
481,419,2,1,1,3,2,3,0,1,0,1
481,355,2,1,1,3,2,3,0,1,0,0
481,227,2,1,1,3,3,3,0,0,0,1
481,493,2,1,1,3,3,3,0,0,0,1
481,501,2,1,1,3,3,3,0,0,0,1
481,453,2,1,1,3,1,3,0,2,0,0
481,421,2,1,1,3,2,3,0,1,0,1
481,357,2,1,1,3,2,3,0,1,0,0
481,229,2,1,1,3,3,3,0,0,0,1
481,505,2,1,1,3,3,3,0,0,0,1
481,457,2,1,0,3,1,1,0,0,1,0
481,425,2,1,1,3,2,3,0,1,0,1
481,361,2,1,1,3,2,3,0,1,0,0
481,233,2,1,1,3,3,3,0,0,0,1
481,465,2,1,1,3,1,3,0,2,0,0
481,433,2,1,1,3,2,3,0,1,0,1
481,369,2,1,1,3,2,3,0,1,0,0
481,241,2,1,1,3,3,3,0,0,0,1
481,385,2,1,0,3,0,1,0,1,1,0
481,321,2,1,0,3,1,1,0,0,1,0
481,193,2,1,0,3,1,1,0,0,1,0
481,289,2,1,0,3,1,1,0,0,1,0
481,161,2,1,1,3,2,3,0,1,0,1
481,97,2,1,1,3,2,3,0,1,0,0
482,482,0,1,1,2,2,2,0,0,0,1
482,483,1,1,1,2,2,2,0,0,0,1
482,480,1,1,0,2,0,0,0,0,1,0
482,486,1,1,1,2,2,2,0,0,0,1
482,490,1,1,1,2,2,2,0,0,0,1
482,498,1,1,1,2,2,2,0,0,0,1
482,450,1,1,1,2,2,2,0,0,0,1
482,418,1,1,1,2,1,2,0,1,0,1
482,354,1,1,1,2,1,2,0,1,0,0
482,226,1,1,1,2,2,2,0,0,0,1
482,481,2,1,1,2,0,2,0,2,0,0
482,487,2,1,1,2,2,2,0,0,0,1
482,491,2,1,1,2,2,2,0,0,0,1
482,499,2,1,1,2,2,2,0,0,0,1
482,451,2,1,1,2,2,2,0,0,0,1
482,419,2,1,1,2,1,2,0,1,0,1
482,355,2,1,1,2,1,2,0,1,0,0
482,227,2,1,1,2,2,2,0,0,0,1
482,484,2,1,0,2,0,0,0,0,1,0
482,488,2,1,1,2,0,2,0,2,0,0
482,496,2,1,1,2,0,2,0,2,0,0
482,448,2,1,0,2,0,0,0,0,1,0
482,416,2,1,0,2,0,0,0,0,1,0
482,352,2,1,0,2,0,0,0,0,1,0
482,224,2,1,0,2,0,0,0,0,1,0
482,494,2,1,1,2,2,2,0,0,0,1
482,502,2,1,1,2,2,2,0,0,0,1
482,454,2,1,1,2,2,2,0,0,0,1
482,422,2,1,1,2,1,2,0,1,0,1
482,358,2,1,1,2,1,2,0,1,0,0
482,230,2,1,1,2,2,2,0,0,0,1
482,506,2,1,1,2,2,2,0,0,0,1
482,458,2,1,1,2,2,2,0,0,0,1
482,426,2,1,1,2,1,2,0,1,0,1
482,362,2,1,1,2,1,2,0,1,0,0
482,234,2,1,1,2,2,2,0,0,0,1
482,466,2,1,1,2,2,2,0,0,0,1
482,434,2,1,1,2,1,2,0,1,0,1
482,370,2,1,1,2,1,2,0,1,0,0
482,242,2,1,1,2,2,2,0,0,0,1
482,386,2,1,1,2,1,2,0,1,0,1
482,322,2,1,1,2,1,2,0,1,0,0
482,194,2,1,1,2,2,2,0,0,0,1
482,290,2,1,0,2,0,0,0,0,1,0
482,162,2,1,1,2,1,2,0,1,0,1
482,98,2,1,1,2,1,2,0,1,0,0
483,483,0,1,1,2,2,2,0,0,0,1
483,482,1,1,1,2,1,2,0,1,0,1
483,481,1,1,1,2,1,2,0,1,0,0
483,487,1,1,1,2,2,2,0,0,0,1
483,491,1,1,1,2,2,2,0,0,0,1
483,499,1,1,1,2,2,2,0,0,0,1
483,451,1,1,1,2,2,2,0,0,0,1
483,419,1,1,1,2,1,2,0,1,0,1
483,355,1,1,1,2,1,2,0,1,0,0
483,227,1,1,1,2,2,2,0,0,0,1
483,480,2,1,0,2,0,0,0,0,1,0
483,486,2,1,1,2,1,2,0,1,0,1
483,490,2,1,1,2,1,2,0,1,0,1
483,498,2,1,1,2,1,2,0,1,0,1
483,450,2,1,1,2,1,2,0,1,0,1
483,418,2,1,1,2,1,2,0,1,0,1
483,354,2,1,1,2,0,2,0,2,0,0
483,226,2,1,1,2,1,2,0,1,0,1
483,485,2,1,1,2,1,2,0,1,0,0
483,489,2,1,1,2,1,2,0,1,0,0
483,497,2,1,1,2,1,2,0,1,0,0
483,449,2,1,0,2,1,1,0,0,1,0
483,417,2,1,1,2,0,2,0,2,0,0
483,353,2,1,1,2,1,2,0,1,0,0
483,225,2,1,1,2,1,2,0,1,0,0
483,495,2,1,1,2,2,2,0,0,0,1
483,503,2,1,1,2,2,2,0,0,0,1
483,455,2,1,1,2,2,2,0,0,0,1
483,423,2,1,1,2,1,2,0,1,0,1
483,359,2,1,1,2,1,2,0,1,0,0
483,231,2,1,1,2,2,2,0,0,0,1
483,507,2,1,1,2,2,2,0,0,0,1
483,459,2,1,1,2,2,2,0,0,0,1
483,427,2,1,1,2,1,2,0,1,0,1
483,363,2,1,1,2,1,2,0,1,0,0
483,235,2,1,1,2,2,2,0,0,0,1
483,467,2,1,1,2,2,2,0,0,0,1
483,435,2,1,1,2,1,2,0,1,0,1
483,371,2,1,1,2,1,2,0,1,0,0
483,243,2,1,1,2,2,2,0,0,0,1
483,387,2,1,1,2,1,2,0,1,0,1
483,323,2,1,1,2,1,2,0,1,0,0
483,195,2,1,1,2,2,2,0,0,0,1
483,291,2,1,0,2,0,0,0,0,1,0
483,163,2,1,1,2,1,2,0,1,0,1
483,99,2,1,1,2,1,2,0,1,0,0
484,484,0,0,0,0,0,0,0,0,0,0
484,485,1,0,1,0,0,0,0,0,0,0
484,486,1,0,1,0,0,0,0,0,0,0
484,480,1,0,0,0,0,0,0,0,0,0
484,492,1,0,1,0,0,0,0,0,0,0
484,500,1,0,1,0,0,0,0,0,0,0
484,452,1,0,0,0,0,0,0,0,0,0
484,420,1,0,0,0,0,0,0,0,0,0
484,356,1,0,0,0,0,0,0,0,0,0
484,228,1,0,0,0,0,0,0,0,0,0
484,487,2,0,1,0,0,0,0,0,0,0
484,481,2,0,1,0,0,0,0,0,0,0
484,493,2,0,1,0,0,0,0,0,0,0
484,501,2,0,1,0,0,0,0,0,0,0
484,453,2,0,1,0,0,0,0,0,0,0
484,421,2,0,1,0,0,0,0,0,0,0
484,357,2,0,1,0,0,0,0,0,0,0
484,229,2,0,1,0,0,0,0,0,0,0
484,482,2,0,1,0,0,0,0,0,0,0
484,494,2,0,1,0,0,0,0,0,0,0
484,502,2,0,1,0,0,0,0,0,0,0
484,454,2,0,1,0,0,0,0,0,0,0
484,422,2,0,1,0,0,0,0,0,0,0
484,358,2,0,1,0,0,0,0,0,0,0
484,230,2,0,1,0,0,0,0,0,0,0
484,488,2,0,1,0,0,0,0,0,0,0
484,496,2,0,1,0,0,0,0,0,0,0
484,448,2,0,0,0,0,0,0,0,0,0
484,416,2,0,0,0,0,0,0,0,0,0
484,352,2,0,0,0,0,0,0,0,0,0
484,224,2,0,0,0,0,0,0,0,0,0
484,508,2,0,1,0,0,0,0,0,0,0
484,460,2,0,1,0,0,0,0,0,0,0
484,428,2,0,1,0,0,0,0,0,0,0
484,364,2,0,1,0,0,0,0,0,0,0
484,236,2,0,1,0,0,0,0,0,0,0
484,468,2,0,1,0,0,0,0,0,0,0
484,436,2,0,1,0,0,0,0,0,0,0
484,372,2,0,1,0,0,0,0,0,0,0
484,244,2,0,1,0,0,0,0,0,0,0
484,388,2,0,0,0,0,0,0,0,0,0
484,324,2,0,0,0,0,0,0,0,0,0
484,196,2,0,0,0,0,0,0,0,0,0
484,292,2,0,0,0,0,0,0,0,0,0
484,164,2,0,0,0,0,0,0,0,0,0
484,100,2,0,0,0,0,0,0,0,0,0
485,485,0,1,1,3,3,3,0,0,0,1
485,484,1,1,0,3,0,0,0,0,1,0
485,487,1,1,1,3,3,3,0,0,0,1
485,481,1,1,1,3,1,3,0,2,0,0
485,493,1,1,1,3,3,3,0,0,0,1
485,501,1,1,1,3,3,3,0,0,0,1
485,453,1,1,1,3,3,3,0,0,0,1
485,421,1,1,1,3,2,3,0,1,0,1
485,357,1,1,1,3,2,3,0,1,0,0
485,229,1,1,1,3,3,3,0,0,0,1
485,486,2,1,1,3,0,3,0,3,0,0
485,480,2,1,0,3,0,0,0,0,1,0
485,492,2,1,1,3,0,3,0,3,0,0
485,500,2,1,1,3,0,3,0,3,0,0
485,452,2,1,0,3,0,0,0,0,1,0
485,420,2,1,0,3,0,0,0,0,1,0
485,356,2,1,0,3,0,0,0,0,1,0
485,228,2,1,0,3,0,0,0,0,1,0
485,483,2,1,1,3,1,3,0,2,0,0
485,495,2,1,1,3,3,3,0,0,0,1
485,503,2,1,1,3,3,3,0,0,0,1
485,455,2,1,1,3,3,3,0,0,0,1
485,423,2,1,1,3,2,3,0,1,0,1
485,359,2,1,1,3,2,3,0,1,0,0
485,231,2,1,1,3,3,3,0,0,0,1
485,489,2,1,1,3,1,3,0,2,0,0
485,497,2,1,1,3,1,3,0,2,0,0
485,449,2,1,0,3,1,1,0,0,1,0
485,417,2,1,1,3,0,3,0,3,0,0
485,353,2,1,1,3,1,3,0,2,0,0
485,225,2,1,1,3,1,3,0,2,0,0
485,509,2,1,1,3,3,3,0,0,0,1
485,461,2,1,1,3,3,3,0,0,0,1
485,429,2,1,1,3,2,3,0,1,0,1
485,365,2,1,1,3,2,3,0,1,0,0
485,237,2,1,1,3,3,3,0,0,0,1
485,469,2,1,1,3,3,3,0,0,0,1
485,437,2,1,1,3,2,3,0,1,0,1
485,373,2,1,1,3,2,3,0,1,0,0
485,245,2,1,1,3,3,3,0,0,0,1
485,389,2,1,1,3,2,3,0,1,0,1
485,325,2,1,1,3,2,3,0,1,0,0
485,197,2,1,1,3,3,3,0,0,0,1
485,293,2,1,0,3,1,1,0,0,1,0
485,165,2,1,1,3,2,3,0,1,0,1
485,101,2,1,1,3,2,3,0,1,0,0
486,486,0,1,1,2,2,2,0,0,0,1
486,487,1,1,1,2,2,2,0,0,0,1
486,484,1,1,0,2,0,0,0,0,1,0
486,482,1,1,1,2,2,2,0,0,0,1
486,494,1,1,1,2,2,2,0,0,0,1
486,502,1,1,1,2,2,2,0,0,0,1
486,454,1,1,1,2,2,2,0,0,0,1
486,422,1,1,1,2,1,2,0,1,0,1
486,358,1,1,1,2,1,2,0,1,0,0
486,230,1,1,1,2,2,2,0,0,0,1
486,485,2,1,1,2,0,2,0,2,0,0
486,483,2,1,1,2,2,2,0,0,0,1
486,495,2,1,1,2,2,2,0,0,0,1
486,503,2,1,1,2,2,2,0,0,0,1
486,455,2,1,1,2,2,2,0,0,0,1
486,423,2,1,1,2,1,2,0,1,0,1
486,359,2,1,1,2,1,2,0,1,0,0
486,231,2,1,1,2,2,2,0,0,0,1
486,480,2,1,0,2,0,0,0,0,1,0
486,492,2,1,1,2,0,2,0,2,0,0
486,500,2,1,1,2,0,2,0,2,0,0
486,452,2,1,0,2,0,0,0,0,1,0
486,420,2,1,0,2,0,0,0,0,1,0
486,356,2,1,0,2,0,0,0,0,1,0
486,228,2,1,0,2,0,0,0,0,1,0
486,490,2,1,1,2,2,2,0,0,0,1
486,498,2,1,1,2,2,2,0,0,0,1
486,450,2,1,1,2,2,2,0,0,0,1
486,418,2,1,1,2,1,2,0,1,0,1
486,354,2,1,1,2,1,2,0,1,0,0
486,226,2,1,1,2,2,2,0,0,0,1
486,510,2,1,1,2,2,2,0,0,0,1
486,462,2,1,1,2,2,2,0,0,0,1
486,430,2,1,1,2,1,2,0,1,0,1
486,366,2,1,1,2,1,2,0,1,0,0
486,238,2,1,1,2,2,2,0,0,0,1
486,470,2,1,1,2,2,2,0,0,0,1
486,438,2,1,1,2,1,2,0,1,0,1
486,374,2,1,1,2,1,2,0,1,0,0
486,246,2,1,1,2,2,2,0,0,0,1
486,390,2,1,1,2,1,2,0,1,0,1
486,326,2,1,1,2,1,2,0,1,0,0
486,198,2,1,1,2,2,2,0,0,0,1
486,294,2,1,0,2,0,0,0,0,1,0
486,166,2,1,1,2,1,2,0,1,0,1
486,102,2,1,1,2,1,2,0,1,0,0
487,487,0,1,1,2,2,2,0,0,0,1
487,486,1,1,1,2,1,2,0,1,0,1
487,485,1,1,1,2,1,2,0,1,0,0
487,483,1,1,1,2,2,2,0,0,0,1
487,495,1,1,1,2,2,2,0,0,0,1
487,503,1,1,1,2,2,2,0,0,0,1
487,455,1,1,1,2,2,2,0,0,0,1
487,423,1,1,1,2,1,2,0,1,0,1
487,359,1,1,1,2,1,2,0,1,0,0
487,231,1,1,1,2,2,2,0,0,0,1
487,484,2,1,0,2,0,0,0,0,1,0
487,482,2,1,1,2,1,2,0,1,0,1
487,494,2,1,1,2,1,2,0,1,0,1
487,502,2,1,1,2,1,2,0,1,0,1
487,454,2,1,1,2,1,2,0,1,0,1
487,422,2,1,1,2,1,2,0,1,0,1
487,358,2,1,1,2,0,2,0,2,0,0
487,230,2,1,1,2,1,2,0,1,0,1
487,481,2,1,1,2,1,2,0,1,0,0
487,493,2,1,1,2,1,2,0,1,0,0
487,501,2,1,1,2,1,2,0,1,0,0
487,453,2,1,1,2,1,2,0,1,0,0
487,421,2,1,1,2,0,2,0,2,0,0
487,357,2,1,1,2,1,2,0,1,0,0
487,229,2,1,1,2,1,2,0,1,0,0
487,491,2,1,1,2,2,2,0,0,0,1
487,499,2,1,1,2,2,2,0,0,0,1
487,451,2,1,1,2,2,2,0,0,0,1
487,419,2,1,1,2,1,2,0,1,0,1
487,355,2,1,1,2,1,2,0,1,0,0
487,227,2,1,1,2,2,2,0,0,0,1
487,511,2,1,1,2,2,2,0,0,0,1
487,463,2,1,1,2,2,2,0,0,0,1
487,431,2,1,1,2,1,2,0,1,0,1
487,367,2,1,1,2,1,2,0,1,0,0
487,239,2,1,1,2,2,2,0,0,0,1
487,471,2,1,1,2,2,2,0,0,0,1
487,439,2,1,1,2,1,2,0,1,0,1
487,375,2,1,1,2,1,2,0,1,0,0
487,247,2,1,1,2,2,2,0,0,0,1
487,391,2,1,1,2,1,2,0,1,0,1
487,327,2,1,1,2,1,2,0,1,0,0
487,199,2,1,1,2,2,2,0,0,0,1
487,295,2,1,0,2,0,0,0,0,1,0
487,167,2,1,1,2,1,2,0,1,0,1
487,103,2,1,1,2,1,2,0,1,0,0
488,488,0,1,1,1,1,1,0,0,0,1
488,489,1,1,1,1,1,1,0,0,0,1
488,490,1,1,1,1,1,1,0,0,0,1
488,492,1,1,1,1,1,1,0,0,0,1
488,480,1,1,0,1,0,0,0,0,1,0
488,504,1,1,1,1,1,1,0,0,0,1
488,456,1,1,0,1,0,0,0,0,1,0
488,424,1,1,1,1,1,1,0,0,0,1
488,360,1,1,1,1,1,1,0,0,0,1
488,232,1,1,1,1,1,1,0,0,0,1
488,491,2,1,1,1,1,1,0,0,0,1
488,493,2,1,1,1,1,1,0,0,0,1
488,481,2,1,1,1,0,1,0,1,0,0
488,505,2,1,1,1,1,1,0,0,0,1
488,457,2,1,0,1,0,0,0,0,1,0
488,425,2,1,1,1,1,1,0,0,0,1
488,361,2,1,1,1,1,1,0,0,0,1
488,233,2,1,1,1,1,1,0,0,0,1
488,494,2,1,1,1,1,1,0,0,0,1
488,482,2,1,1,1,0,1,0,1,0,0
488,506,2,1,1,1,1,1,0,0,0,1
488,458,2,1,1,1,0,1,0,1,0,0
488,426,2,1,1,1,1,1,0,0,0,1
488,362,2,1,1,1,1,1,0,0,0,1
488,234,2,1,1,1,1,1,0,0,0,1
488,484,2,1,0,1,0,0,0,0,1,0
488,508,2,1,1,1,1,1,0,0,0,1
488,460,2,1,1,1,0,1,0,1,0,0
488,428,2,1,1,1,1,1,0,0,0,1
488,364,2,1,1,1,1,1,0,0,0,1
488,236,2,1,1,1,1,1,0,0,0,1
488,496,2,1,1,1,0,1,0,1,0,0
488,448,2,1,0,1,0,0,0,0,1,0
488,416,2,1,0,1,0,0,0,0,1,0
488,352,2,1,0,1,0,0,0,0,1,0
488,224,2,1,0,1,0,0,0,0,1,0
488,472,2,1,1,1,0,1,0,1,0,0
488,440,2,1,1,1,1,1,0,0,0,1
488,376,2,1,1,1,1,1,0,0,0,1
488,248,2,1,1,1,1,1,0,0,0,1
488,392,2,1,0,1,0,0,0,0,1,0
488,328,2,1,0,1,0,0,0,0,1,0
488,200,2,1,0,1,0,0,0,0,1,0
488,296,2,1,1,1,1,1,0,0,0,1
488,168,2,1,1,1,1,1,0,0,0,1
488,104,2,1,1,1,1,1,0,0,0,1
489,489,0,1,1,2,2,2,0,0,0,1
489,488,1,1,1,2,1,2,0,1,0,0
489,491,1,1,1,2,2,2,0,0,0,1
489,493,1,1,1,2,2,2,0,0,0,1
489,481,1,1,1,2,1,2,0,1,0,1
489,505,1,1,1,2,2,2,0,0,0,1
489,457,1,1,0,2,0,0,0,0,1,0
489,425,1,1,1,2,2,2,0,0,0,1
489,361,1,1,1,2,2,2,0,0,0,0
489,233,1,1,1,2,2,2,0,0,0,1
489,490,2,1,1,2,1,2,0,1,0,0
489,492,2,1,1,2,1,2,0,1,0,0
489,480,2,1,0,2,0,0,0,0,1,0
489,504,2,1,1,2,1,2,0,1,0,0
489,456,2,1,0,2,0,0,0,0,1,0
489,424,2,1,1,2,1,2,0,1,0,0
489,360,2,1,1,2,1,2,0,1,0,0
489,232,2,1,1,2,1,2,0,1,0,0
489,495,2,1,1,2,2,2,0,0,0,1
489,483,2,1,1,2,1,2,0,1,0,1
489,507,2,1,1,2,2,2,0,0,0,1
489,459,2,1,1,2,0,2,0,2,0,0
489,427,2,1,1,2,2,2,0,0,0,1
489,363,2,1,1,2,2,2,0,0,0,0
489,235,2,1,1,2,2,2,0,0,0,1
489,485,2,1,1,2,1,2,0,1,0,1
489,509,2,1,1,2,2,2,0,0,0,1
489,461,2,1,1,2,0,2,0,2,0,0
489,429,2,1,1,2,2,2,0,0,0,1
489,365,2,1,1,2,2,2,0,0,0,0
489,237,2,1,1,2,2,2,0,0,0,1
489,497,2,1,1,2,1,2,0,1,0,1
489,449,2,1,0,2,0,0,0,0,1,0
489,417,2,1,1,2,1,2,0,1,0,1
489,353,2,1,1,2,1,2,0,1,0,0
489,225,2,1,1,2,1,2,0,1,0,1
489,473,2,1,1,2,0,2,0,2,0,0
489,441,2,1,1,2,2,2,0,0,0,1
489,377,2,1,1,2,2,2,0,0,0,0
489,249,2,1,1,2,2,2,0,0,0,1
489,393,2,1,0,2,0,0,0,0,1,0
489,329,2,1,0,2,0,0,0,0,1,0
489,201,2,1,0,2,0,0,0,0,1,0
489,297,2,1,1,2,2,2,0,0,0,0
489,169,2,1,1,2,2,2,0,0,0,1
489,105,2,1,1,2,2,2,0,0,0,0
490,490,0,1,1,1,1,1,0,0,0,1
490,491,1,1,1,1,1,1,0,0,0,1
490,488,1,1,1,1,1,1,0,0,0,0
490,494,1,1,1,1,1,1,0,0,0,1
490,482,1,1,1,1,0,1,0,1,0,1
490,506,1,1,1,1,1,1,0,0,0,1
490,458,1,1,1,1,0,1,0,1,0,1
490,426,1,1,1,1,1,1,0,0,0,1
490,362,1,1,1,1,1,1,0,0,0,0
490,234,1,1,1,1,1,1,0,0,0,1
490,489,2,1,1,1,1,1,0,0,0,0
490,495,2,1,1,1,1,1,0,0,0,1
490,483,2,1,1,1,0,1,0,1,0,1
490,507,2,1,1,1,1,1,0,0,0,1
490,459,2,1,1,1,0,1,0,1,0,1
490,427,2,1,1,1,1,1,0,0,0,1
490,363,2,1,1,1,1,1,0,0,0,0
490,235,2,1,1,1,1,1,0,0,0,1
490,492,2,1,1,1,1,1,0,0,0,0
490,480,2,1,0,1,0,0,0,0,1,0
490,504,2,1,1,1,1,1,0,0,0,0
490,456,2,1,0,1,0,0,0,0,1,0
490,424,2,1,1,1,1,1,0,0,0,0
490,360,2,1,1,1,1,1,0,0,0,0
490,232,2,1,1,1,1,1,0,0,0,0
490,486,2,1,1,1,0,1,0,1,0,1
490,510,2,1,1,1,1,1,0,0,0,1
490,462,2,1,1,1,0,1,0,1,0,1
490,430,2,1,1,1,1,1,0,0,0,1
490,366,2,1,1,1,1,1,0,0,0,0
490,238,2,1,1,1,1,1,0,0,0,1
490,498,2,1,1,1,0,1,0,1,0,1
490,450,2,1,1,1,0,1,0,1,0,1
490,418,2,1,1,1,0,1,0,1,0,1
490,354,2,1,1,1,0,1,0,1,0,0
490,226,2,1,1,1,0,1,0,1,0,1
490,474,2,1,1,1,0,1,0,1,0,1
490,442,2,1,1,1,1,1,0,0,0,1
490,378,2,1,1,1,1,1,0,0,0,0
490,250,2,1,1,1,1,1,0,0,0,1
490,394,2,1,1,1,0,1,0,1,0,1
490,330,2,1,1,1,0,1,0,1,0,0
490,202,2,1,1,1,0,1,0,1,0,1
490,298,2,1,1,1,1,1,0,0,0,0
490,170,2,1,1,1,1,1,0,0,0,1
490,106,2,1,1,1,1,1,0,0,0,0
491,491,0,1,1,1,1,1,0,0,0,1
491,490,1,1,1,1,1,1,0,0,0,1
491,489,1,1,1,1,1,1,0,0,0,0
491,495,1,1,1,1,1,1,0,0,0,1
491,483,1,1,1,1,0,1,0,1,0,1
491,507,1,1,1,1,1,1,0,0,0,1
491,459,1,1,1,1,0,1,0,1,0,1
491,427,1,1,1,1,1,1,0,0,0,1
491,363,1,1,1,1,1,1,0,0,0,0
491,235,1,1,1,1,1,1,0,0,0,1
491,488,2,1,1,1,1,1,0,0,0,0
491,494,2,1,1,1,1,1,0,0,0,1
491,482,2,1,1,1,0,1,0,1,0,1
491,506,2,1,1,1,1,1,0,0,0,1
491,458,2,1,1,1,0,1,0,1,0,1
491,426,2,1,1,1,1,1,0,0,0,1
491,362,2,1,1,1,1,1,0,0,0,0
491,234,2,1,1,1,1,1,0,0,0,1
491,493,2,1,1,1,1,1,0,0,0,0
491,481,2,1,1,1,0,1,0,1,0,0
491,505,2,1,1,1,1,1,0,0,0,0
491,457,2,1,0,1,0,0,0,0,1,0
491,425,2,1,1,1,1,1,0,0,0,0
491,361,2,1,1,1,1,1,0,0,0,0
491,233,2,1,1,1,1,1,0,0,0,0
491,487,2,1,1,1,0,1,0,1,0,1
491,511,2,1,1,1,1,1,0,0,0,1
491,463,2,1,1,1,0,1,0,1,0,1
491,431,2,1,1,1,1,1,0,0,0,1
491,367,2,1,1,1,1,1,0,0,0,0
491,239,2,1,1,1,1,1,0,0,0,1
491,499,2,1,1,1,0,1,0,1,0,1
491,451,2,1,1,1,0,1,0,1,0,1
491,419,2,1,1,1,0,1,0,1,0,1
491,355,2,1,1,1,0,1,0,1,0,0
491,227,2,1,1,1,0,1,0,1,0,1
491,475,2,1,1,1,0,1,0,1,0,1
491,443,2,1,1,1,1,1,0,0,0,1
491,379,2,1,1,1,1,1,0,0,0,0
491,251,2,1,1,1,1,1,0,0,0,1
491,395,2,1,1,1,0,1,0,1,0,1
491,331,2,1,1,1,0,1,0,1,0,0
491,203,2,1,1,1,0,1,0,1,0,1
491,299,2,1,1,1,1,1,0,0,0,0
491,171,2,1,1,1,1,1,0,0,0,1
491,107,2,1,1,1,1,1,0,0,0,0
492,492,0,1,1,2,2,2,0,0,0,1
492,493,1,1,1,2,2,2,0,0,0,1
492,494,1,1,1,2,2,2,0,0,0,1
492,488,1,1,1,2,1,2,0,1,0,0
492,484,1,1,0,2,0,0,0,0,1,0
492,508,1,1,1,2,2,2,0,0,0,1
492,460,1,1,1,2,1,2,0,1,0,1
492,428,1,1,1,2,2,2,0,0,0,1
492,364,1,1,1,2,2,2,0,0,0,0
492,236,1,1,1,2,2,2,0,0,0,1
492,495,2,1,1,2,2,2,0,0,0,1
492,489,2,1,1,2,1,2,0,1,0,0
492,485,2,1,1,2,0,2,0,2,0,0
492,509,2,1,1,2,2,2,0,0,0,1
492,461,2,1,1,2,1,2,0,1,0,1
492,429,2,1,1,2,2,2,0,0,0,1
492,365,2,1,1,2,2,2,0,0,0,0
492,237,2,1,1,2,2,2,0,0,0,1
492,490,2,1,1,2,1,2,0,1,0,0
492,486,2,1,1,2,0,2,0,2,0,0
492,510,2,1,1,2,2,2,0,0,0,1
492,462,2,1,1,2,1,2,0,1,0,1
492,430,2,1,1,2,2,2,0,0,0,1
492,366,2,1,1,2,2,2,0,0,0,0
492,238,2,1,1,2,2,2,0,0,0,1
492,480,2,1,0,2,0,0,0,0,1,0
492,504,2,1,1,2,1,2,0,1,0,0
492,456,2,1,0,2,0,0,0,0,1,0
492,424,2,1,1,2,1,2,0,1,0,0
492,360,2,1,1,2,1,2,0,1,0,0
492,232,2,1,1,2,1,2,0,1,0,0
492,500,2,1,1,2,0,2,0,2,0,0
492,452,2,1,0,2,0,0,0,0,1,0
492,420,2,1,0,2,0,0,0,0,1,0
492,356,2,1,0,2,0,0,0,0,1,0
492,228,2,1,0,2,0,0,0,0,1,0
492,476,2,1,1,2,1,2,0,1,0,1
492,444,2,1,1,2,2,2,0,0,0,1
492,380,2,1,1,2,2,2,0,0,0,0
492,252,2,1,1,2,2,2,0,0,0,1
492,396,2,1,1,2,1,2,0,1,0,1
492,332,2,1,1,2,1,2,0,1,0,0
492,204,2,1,1,2,1,2,0,1,0,1
492,300,2,1,1,2,2,2,0,0,0,0
492,172,2,1,1,2,2,2,0,0,0,1
492,108,2,1,1,2,2,2,0,0,0,0
493,493,0,1,1,2,2,2,0,0,0,1
493,492,1,1,1,2,1,2,0,1,0,0
493,495,1,1,1,2,2,2,0,0,0,1
493,489,1,1,1,2,1,2,0,1,0,0
493,485,1,1,1,2,1,2,0,1,0,1
493,509,1,1,1,2,2,2,0,0,0,1
493,461,1,1,1,2,1,2,0,1,0,1
493,429,1,1,1,2,2,2,0,0,0,1
493,365,1,1,1,2,2,2,0,0,0,0
493,237,1,1,1,2,2,2,0,0,0,1
493,494,2,1,1,2,1,2,0,1,0,0
493,488,2,1,1,2,1,2,0,1,0,0
493,484,2,1,0,2,0,0,0,0,1,0
493,508,2,1,1,2,1,2,0,1,0,0
493,460,2,1,1,2,0,2,0,2,0,0
493,428,2,1,1,2,1,2,0,1,0,0
493,364,2,1,1,2,1,2,0,1,0,0
493,236,2,1,1,2,1,2,0,1,0,0
493,491,2,1,1,2,1,2,0,1,0,0
493,487,2,1,1,2,1,2,0,1,0,1
493,511,2,1,1,2,2,2,0,0,0,1
493,463,2,1,1,2,1,2,0,1,0,1
493,431,2,1,1,2,2,2,0,0,0,1
493,367,2,1,1,2,2,2,0,0,0,0
493,239,2,1,1,2,2,2,0,0,0,1
493,481,2,1,1,2,0,2,0,2,0,0
493,505,2,1,1,2,1,2,0,1,0,0
493,457,2,1,0,2,0,0,0,0,1,0
493,425,2,1,1,2,1,2,0,1,0,0
493,361,2,1,1,2,1,2,0,1,0,0
493,233,2,1,1,2,1,2,0,1,0,0
493,501,2,1,1,2,1,2,0,1,0,1
493,453,2,1,1,2,1,2,0,1,0,1
493,421,2,1,1,2,1,2,0,1,0,1
493,357,2,1,1,2,1,2,0,1,0,0
493,229,2,1,1,2,1,2,0,1,0,1
493,477,2,1,1,2,1,2,0,1,0,1
493,445,2,1,1,2,2,2,0,0,0,1
493,381,2,1,1,2,2,2,0,0,0,0
493,253,2,1,1,2,2,2,0,0,0,1
493,397,2,1,1,2,1,2,0,1,0,1
493,333,2,1,1,2,1,2,0,1,0,0
493,205,2,1,1,2,1,2,0,1,0,1
493,301,2,1,1,2,2,2,0,0,0,0
493,173,2,1,1,2,2,2,0,0,0,1
493,109,2,1,1,2,2,2,0,0,0,0
494,494,0,1,1,1,1,1,0,0,0,1
494,495,1,1,1,1,1,1,0,0,0,1
494,492,1,1,1,1,1,1,0,0,0,0
494,490,1,1,1,1,1,1,0,0,0,1
494,486,1,1,1,1,0,1,0,1,0,1
494,510,1,1,1,1,1,1,0,0,0,1
494,462,1,1,1,1,0,1,0,1,0,1
494,430,1,1,1,1,1,1,0,0,0,1
494,366,1,1,1,1,1,1,0,0,0,0
494,238,1,1,1,1,1,1,0,0,0,1
494,493,2,1,1,1,1,1,0,0,0,0
494,491,2,1,1,1,1,1,0,0,0,1
494,487,2,1,1,1,0,1,0,1,0,1
494,511,2,1,1,1,1,1,0,0,0,1
494,463,2,1,1,1,0,1,0,1,0,1
494,431,2,1,1,1,1,1,0,0,0,1
494,367,2,1,1,1,1,1,0,0,0,0
494,239,2,1,1,1,1,1,0,0,0,1
494,488,2,1,1,1,1,1,0,0,0,0
494,484,2,1,0,1,0,0,0,0,1,0
494,508,2,1,1,1,1,1,0,0,0,0
494,460,2,1,1,1,0,1,0,1,0,0
494,428,2,1,1,1,1,1,0,0,0,0
494,364,2,1,1,1,1,1,0,0,0,0
494,236,2,1,1,1,1,1,0,0,0,0
494,482,2,1,1,1,0,1,0,1,0,1
494,506,2,1,1,1,1,1,0,0,0,1
494,458,2,1,1,1,0,1,0,1,0,1
494,426,2,1,1,1,1,1,0,0,0,1
494,362,2,1,1,1,1,1,0,0,0,0
494,234,2,1,1,1,1,1,0,0,0,1
494,502,2,1,1,1,0,1,0,1,0,1
494,454,2,1,1,1,0,1,0,1,0,1
494,422,2,1,1,1,0,1,0,1,0,1
494,358,2,1,1,1,0,1,0,1,0,0
494,230,2,1,1,1,0,1,0,1,0,1
494,478,2,1,1,1,0,1,0,1,0,1
494,446,2,1,1,1,1,1,0,0,0,1
494,382,2,1,1,1,1,1,0,0,0,0
494,254,2,1,1,1,1,1,0,0,0,1
494,398,2,1,1,1,0,1,0,1,0,1
494,334,2,1,1,1,0,1,0,1,0,0
494,206,2,1,1,1,0,1,0,1,0,1
494,302,2,1,1,1,1,1,0,0,0,0
494,174,2,1,1,1,1,1,0,0,0,1
494,110,2,1,1,1,1,1,0,0,0,0
495,495,0,1,1,1,1,1,0,0,0,1
495,494,1,1,1,1,1,1,0,0,0,1
495,493,1,1,1,1,1,1,0,0,0,0
495,491,1,1,1,1,1,1,0,0,0,1
495,487,1,1,1,1,0,1,0,1,0,1
495,511,1,1,1,1,1,1,0,0,0,1
495,463,1,1,1,1,0,1,0,1,0,1
495,431,1,1,1,1,1,1,0,0,0,1
495,367,1,1,1,1,1,1,0,0,0,0
495,239,1,1,1,1,1,1,0,0,0,1
495,492,2,1,1,1,1,1,0,0,0,0
495,490,2,1,1,1,1,1,0,0,0,1
495,486,2,1,1,1,0,1,0,1,0,1
495,510,2,1,1,1,1,1,0,0,0,1
495,462,2,1,1,1,0,1,0,1,0,1
495,430,2,1,1,1,1,1,0,0,0,1
495,366,2,1,1,1,1,1,0,0,0,0
495,238,2,1,1,1,1,1,0,0,0,1
495,489,2,1,1,1,1,1,0,0,0,0
495,485,2,1,1,1,0,1,0,1,0,0
495,509,2,1,1,1,1,1,0,0,0,0
495,461,2,1,1,1,0,1,0,1,0,0
495,429,2,1,1,1,1,1,0,0,0,0
495,365,2,1,1,1,1,1,0,0,0,0
495,237,2,1,1,1,1,1,0,0,0,0
495,483,2,1,1,1,0,1,0,1,0,1
495,507,2,1,1,1,1,1,0,0,0,1
495,459,2,1,1,1,0,1,0,1,0,1
495,427,2,1,1,1,1,1,0,0,0,1
495,363,2,1,1,1,1,1,0,0,0,0
495,235,2,1,1,1,1,1,0,0,0,1
495,503,2,1,1,1,0,1,0,1,0,1
495,455,2,1,1,1,0,1,0,1,0,1
495,423,2,1,1,1,0,1,0,1,0,1
495,359,2,1,1,1,0,1,0,1,0,0
495,231,2,1,1,1,0,1,0,1,0,1
495,479,2,1,1,1,0,1,0,1,0,1
495,447,2,1,1,1,1,1,0,0,0,1
495,383,2,1,1,1,1,1,0,0,0,0
495,255,2,1,1,1,1,1,0,0,0,1
495,399,2,1,1,1,0,1,0,1,0,1
495,335,2,1,1,1,0,1,0,1,0,0
495,207,2,1,1,1,0,1,0,1,0,1
495,303,2,1,1,1,1,1,0,0,0,0
495,175,2,1,1,1,1,1,0,0,0,1
495,111,2,1,1,1,1,1,0,0,0,0
496,496,0,1,1,0,0,0,0,0,0,1
496,497,1,1,1,0,0,0,0,0,0,1
496,498,1,1,1,0,0,0,0,0,0,1
496,500,1,1,1,0,0,0,0,0,0,1
496,504,1,1,1,0,0,0,0,0,0,1
496,480,1,1,0,0,0,0,0,0,1,0
496,464,1,1,1,0,0,0,0,0,0,1
496,432,1,1,1,0,0,0,0,0,0,1
496,368,1,1,1,0,0,0,0,0,0,1
496,240,1,1,1,0,0,0,0,0,0,1
496,499,2,1,1,0,0,0,0,0,0,1
496,501,2,1,1,0,0,0,0,0,0,1
496,505,2,1,1,0,0,0,0,0,0,1
496,481,2,1,1,0,0,0,0,0,0,0
496,465,2,1,1,0,0,0,0,0,0,1
496,433,2,1,1,0,0,0,0,0,0,1
496,369,2,1,1,0,0,0,0,0,0,1
496,241,2,1,1,0,0,0,0,0,0,1
496,502,2,1,1,0,0,0,0,0,0,1
496,506,2,1,1,0,0,0,0,0,0,1
496,482,2,1,1,0,0,0,0,0,0,0
496,466,2,1,1,0,0,0,0,0,0,1
496,434,2,1,1,0,0,0,0,0,0,1
496,370,2,1,1,0,0,0,0,0,0,1
496,242,2,1,1,0,0,0,0,0,0,1
496,508,2,1,1,0,0,0,0,0,0,1
496,484,2,1,0,0,0,0,0,0,1,0
496,468,2,1,1,0,0,0,0,0,0,1
496,436,2,1,1,0,0,0,0,0,0,1
496,372,2,1,1,0,0,0,0,0,0,1
496,244,2,1,1,0,0,0,0,0,0,1
496,488,2,1,1,0,0,0,0,0,0,0
496,472,2,1,1,0,0,0,0,0,0,1
496,440,2,1,1,0,0,0,0,0,0,1
496,376,2,1,1,0,0,0,0,0,0,1
496,248,2,1,1,0,0,0,0,0,0,1
496,448,2,1,0,0,0,0,0,0,1,0
496,416,2,1,0,0,0,0,0,0,1,0
496,352,2,1,0,0,0,0,0,0,1,0
496,224,2,1,0,0,0,0,0,0,1,0
496,400,2,1,1,0,0,0,0,0,0,1
496,336,2,1,1,0,0,0,0,0,0,1
496,208,2,1,1,0,0,0,0,0,0,1
496,304,2,1,1,0,0,0,0,0,0,1
496,176,2,1,1,0,0,0,0,0,0,1
496,112,2,1,1,0,0,0,0,0,0,1
497,497,0,1,1,2,2,2,0,0,0,1
497,496,1,1,1,2,0,2,0,2,0,1
497,499,1,1,1,2,2,2,0,0,0,1
497,501,1,1,1,2,2,2,0,0,0,1
497,505,1,1,1,2,2,2,0,0,0,1
497,481,1,1,1,2,2,2,0,0,0,0
497,465,1,1,1,2,1,2,0,1,0,1
497,433,1,1,1,2,1,2,0,1,0,1
497,369,1,1,1,2,2,2,0,0,0,1
497,241,1,1,1,2,2,2,0,0,0,1
497,498,2,1,1,2,0,2,0,2,0,1
497,500,2,1,1,2,0,2,0,2,0,1
497,504,2,1,1,2,0,2,0,2,0,1
497,480,2,1,0,2,0,0,0,0,1,0
497,464,2,1,1,2,0,2,0,2,0,1
497,432,2,1,1,2,0,2,0,2,0,1
497,368,2,1,1,2,0,2,0,2,0,1
497,240,2,1,1,2,0,2,0,2,0,1
497,503,2,1,1,2,2,2,0,0,0,1
497,507,2,1,1,2,2,2,0,0,0,1
497,483,2,1,1,2,2,2,0,0,0,0
497,467,2,1,1,2,1,2,0,1,0,1
497,435,2,1,1,2,1,2,0,1,0,1
497,371,2,1,1,2,2,2,0,0,0,1
497,243,2,1,1,2,2,2,0,0,0,1
497,509,2,1,1,2,2,2,0,0,0,1
497,485,2,1,1,2,2,2,0,0,0,0
497,469,2,1,1,2,1,2,0,1,0,1
497,437,2,1,1,2,1,2,0,1,0,1
497,373,2,1,1,2,2,2,0,0,0,1
497,245,2,1,1,2,2,2,0,0,0,1
497,489,2,1,1,2,2,2,0,0,0,0
497,473,2,1,1,2,1,2,0,1,0,1
497,441,2,1,1,2,1,2,0,1,0,1
497,377,2,1,1,2,2,2,0,0,0,1
497,249,2,1,1,2,2,2,0,0,0,1
497,449,2,1,0,2,1,1,0,0,1,0
497,417,2,1,1,2,1,2,0,1,0,0
497,353,2,1,1,2,2,2,0,0,0,0
497,225,2,1,1,2,2,2,0,0,0,0
497,401,2,1,1,2,0,2,0,2,0,1
497,337,2,1,1,2,1,2,0,1,0,1
497,209,2,1,1,2,1,2,0,1,0,1
497,305,2,1,1,2,1,2,0,1,0,1
497,177,2,1,1,2,1,2,0,1,0,1
497,113,2,1,1,2,2,2,0,0,0,1
498,498,0,1,1,1,1,1,0,0,0,1
498,499,1,1,1,1,1,1,0,0,0,1
498,496,1,1,1,1,0,1,0,1,0,1
498,502,1,1,1,1,1,1,0,0,0,1
498,506,1,1,1,1,1,1,0,0,0,1
498,482,1,1,1,1,1,1,0,0,0,0
498,466,1,1,1,1,1,1,0,0,0,1
498,434,1,1,1,1,0,1,0,1,0,1
498,370,1,1,1,1,1,1,0,0,0,1
498,242,1,1,1,1,1,1,0,0,0,1
498,497,2,1,1,1,0,1,0,1,0,1
498,503,2,1,1,1,1,1,0,0,0,1
498,507,2,1,1,1,1,1,0,0,0,1
498,483,2,1,1,1,1,1,0,0,0,0
498,467,2,1,1,1,1,1,0,0,0,1
498,435,2,1,1,1,0,1,0,1,0,1
498,371,2,1,1,1,1,1,0,0,0,1
498,243,2,1,1,1,1,1,0,0,0,1
498,500,2,1,1,1,0,1,0,1,0,1
498,504,2,1,1,1,0,1,0,1,0,1
498,480,2,1,0,1,0,0,0,0,1,0
498,464,2,1,1,1,0,1,0,1,0,1
498,432,2,1,1,1,0,1,0,1,0,1
498,368,2,1,1,1,0,1,0,1,0,1
498,240,2,1,1,1,0,1,0,1,0,1
498,510,2,1,1,1,1,1,0,0,0,1
498,486,2,1,1,1,1,1,0,0,0,0
498,470,2,1,1,1,1,1,0,0,0,1
498,438,2,1,1,1,0,1,0,1,0,1
498,374,2,1,1,1,1,1,0,0,0,1
498,246,2,1,1,1,1,1,0,0,0,1
498,490,2,1,1,1,1,1,0,0,0,0
498,474,2,1,1,1,1,1,0,0,0,1
498,442,2,1,1,1,0,1,0,1,0,1
498,378,2,1,1,1,1,1,0,0,0,1
498,250,2,1,1,1,1,1,0,0,0,1
498,450,2,1,1,1,1,1,0,0,0,0
498,418,2,1,1,1,0,1,0,1,0,0
498,354,2,1,1,1,1,1,0,0,0,0
498,226,2,1,1,1,1,1,0,0,0,0
498,402,2,1,1,1,0,1,0,1,0,1
498,338,2,1,1,1,1,1,0,0,0,1
498,210,2,1,1,1,1,1,0,0,0,1
498,306,2,1,1,1,0,1,0,1,0,1
498,178,2,1,1,1,0,1,0,1,0,1
498,114,2,1,1,1,1,1,0,0,0,1
499,499,0,1,1,1,1,1,0,0,0,1
499,498,1,1,1,1,0,1,0,1,0,1
499,497,1,1,1,1,1,1,0,0,0,1
499,503,1,1,1,1,1,1,0,0,0,1
499,507,1,1,1,1,1,1,0,0,0,1
499,483,1,1,1,1,1,1,0,0,0,0
499,467,1,1,1,1,1,1,0,0,0,1
499,435,1,1,1,1,0,1,0,1,0,1
499,371,1,1,1,1,1,1,0,0,0,1
499,243,1,1,1,1,1,1,0,0,0,1
499,496,2,1,1,1,0,1,0,1,0,1
499,502,2,1,1,1,0,1,0,1,0,1
499,506,2,1,1,1,0,1,0,1,0,1
499,482,2,1,1,1,0,1,0,1,0,0
499,466,2,1,1,1,0,1,0,1,0,1
499,434,2,1,1,1,0,1,0,1,0,1
499,370,2,1,1,1,0,1,0,1,0,1
499,242,2,1,1,1,0,1,0,1,0,1
499,501,2,1,1,1,1,1,0,0,0,1
499,505,2,1,1,1,1,1,0,0,0,1
499,481,2,1,1,1,1,1,0,0,0,0
499,465,2,1,1,1,1,1,0,0,0,1
499,433,2,1,1,1,0,1,0,1,0,1
499,369,2,1,1,1,1,1,0,0,0,1
499,241,2,1,1,1,1,1,0,0,0,1
499,511,2,1,1,1,1,1,0,0,0,1
499,487,2,1,1,1,1,1,0,0,0,0
499,471,2,1,1,1,1,1,0,0,0,1
499,439,2,1,1,1,0,1,0,1,0,1
499,375,2,1,1,1,1,1,0,0,0,1
499,247,2,1,1,1,1,1,0,0,0,1
499,491,2,1,1,1,1,1,0,0,0,0
499,475,2,1,1,1,1,1,0,0,0,1
499,443,2,1,1,1,0,1,0,1,0,1
499,379,2,1,1,1,1,1,0,0,0,1
499,251,2,1,1,1,1,1,0,0,0,1
499,451,2,1,1,1,1,1,0,0,0,0
499,419,2,1,1,1,0,1,0,1,0,0
499,355,2,1,1,1,1,1,0,0,0,0
499,227,2,1,1,1,1,1,0,0,0,0
499,403,2,1,1,1,0,1,0,1,0,1
499,339,2,1,1,1,1,1,0,0,0,1
499,211,2,1,1,1,1,1,0,0,0,1
499,307,2,1,1,1,0,1,0,1,0,1
499,179,2,1,1,1,0,1,0,1,0,1
499,115,2,1,1,1,1,1,0,0,0,1
500,500,0,1,1,0,0,0,0,0,0,1
500,501,1,1,1,0,0,0,0,0,0,1
500,502,1,1,1,0,0,0,0,0,0,1
500,496,1,1,1,0,0,0,0,0,0,1
500,508,1,1,1,0,0,0,0,0,0,1
500,484,1,1,0,0,0,0,0,0,1,0
500,468,1,1,1,0,0,0,0,0,0,1
500,436,1,1,1,0,0,0,0,0,0,1
500,372,1,1,1,0,0,0,0,0,0,1
500,244,1,1,1,0,0,0,0,0,0,1
500,503,2,1,1,0,0,0,0,0,0,1
500,497,2,1,1,0,0,0,0,0,0,1
500,509,2,1,1,0,0,0,0,0,0,1
500,485,2,1,1,0,0,0,0,0,0,0
500,469,2,1,1,0,0,0,0,0,0,1
500,437,2,1,1,0,0,0,0,0,0,1
500,373,2,1,1,0,0,0,0,0,0,1
500,245,2,1,1,0,0,0,0,0,0,1
500,498,2,1,1,0,0,0,0,0,0,1
500,510,2,1,1,0,0,0,0,0,0,1
500,486,2,1,1,0,0,0,0,0,0,0
500,470,2,1,1,0,0,0,0,0,0,1
500,438,2,1,1,0,0,0,0,0,0,1
500,374,2,1,1,0,0,0,0,0,0,1
500,246,2,1,1,0,0,0,0,0,0,1
500,504,2,1,1,0,0,0,0,0,0,1
500,480,2,1,0,0,0,0,0,0,1,0
500,464,2,1,1,0,0,0,0,0,0,1
500,432,2,1,1,0,0,0,0,0,0,1
500,368,2,1,1,0,0,0,0,0,0,1
500,240,2,1,1,0,0,0,0,0,0,1
500,492,2,1,1,0,0,0,0,0,0,0
500,476,2,1,1,0,0,0,0,0,0,1
500,444,2,1,1,0,0,0,0,0,0,1
500,380,2,1,1,0,0,0,0,0,0,1
500,252,2,1,1,0,0,0,0,0,0,1
500,452,2,1,0,0,0,0,0,0,1,0
500,420,2,1,0,0,0,0,0,0,1,0
500,356,2,1,0,0,0,0,0,0,1,0
500,228,2,1,0,0,0,0,0,0,1,0
500,404,2,1,1,0,0,0,0,0,0,1
500,340,2,1,1,0,0,0,0,0,0,1
500,212,2,1,1,0,0,0,0,0,0,1
500,308,2,1,1,0,0,0,0,0,0,1
500,180,2,1,1,0,0,0,0,0,0,1
500,116,2,1,1,0,0,0,0,0,0,1
501,501,0,1,1,2,2,2,0,0,0,1
501,500,1,1,1,2,0,2,0,2,0,1
501,503,1,1,1,2,2,2,0,0,0,1
501,497,1,1,1,2,1,2,0,1,0,1
501,509,1,1,1,2,2,2,0,0,0,1
501,485,1,1,1,2,2,2,0,0,0,0
501,469,1,1,1,2,2,2,0,0,0,1
501,437,1,1,1,2,1,2,0,1,0,1
501,373,1,1,1,2,2,2,0,0,0,1
501,245,1,1,1,2,2,2,0,0,0,1
501,502,2,1,1,2,0,2,0,2,0,1
501,496,2,1,1,2,0,2,0,2,0,1
501,508,2,1,1,2,0,2,0,2,0,1
501,484,2,1,0,2,0,0,0,0,1,0
501,468,2,1,1,2,0,2,0,2,0,1
501,436,2,1,1,2,0,2,0,2,0,1
501,372,2,1,1,2,0,2,0,2,0,1
501,244,2,1,1,2,0,2,0,2,0,1
501,499,2,1,1,2,1,2,0,1,0,1
501,511,2,1,1,2,2,2,0,0,0,1
501,487,2,1,1,2,2,2,0,0,0,0
501,471,2,1,1,2,2,2,0,0,0,1
501,439,2,1,1,2,1,2,0,1,0,1
501,375,2,1,1,2,2,2,0,0,0,1
501,247,2,1,1,2,2,2,0,0,0,1
501,505,2,1,1,2,1,2,0,1,0,1
501,481,2,1,1,2,1,2,0,1,0,0
501,465,2,1,1,2,1,2,0,1,0,1
501,433,2,1,1,2,0,2,0,2,0,1
501,369,2,1,1,2,1,2,0,1,0,1
501,241,2,1,1,2,1,2,0,1,0,1
501,493,2,1,1,2,2,2,0,0,0,0
501,477,2,1,1,2,2,2,0,0,0,1
501,445,2,1,1,2,1,2,0,1,0,1
501,381,2,1,1,2,2,2,0,0,0,1
501,253,2,1,1,2,2,2,0,0,0,1
501,453,2,1,1,2,2,2,0,0,0,0
501,421,2,1,1,2,1,2,0,1,0,0
501,357,2,1,1,2,2,2,0,0,0,0
501,229,2,1,1,2,2,2,0,0,0,0
501,405,2,1,1,2,1,2,0,1,0,1
501,341,2,1,1,2,2,2,0,0,0,1
501,213,2,1,1,2,2,2,0,0,0,1
501,309,2,1,1,2,1,2,0,1,0,1
501,181,2,1,1,2,1,2,0,1,0,1
501,117,2,1,1,2,2,2,0,0,0,1
502,502,0,1,1,1,1,1,0,0,0,1
502,503,1,1,1,1,1,1,0,0,0,1
502,500,1,1,1,1,0,1,0,1,0,1
502,498,1,1,1,1,1,1,0,0,0,1
502,510,1,1,1,1,1,1,0,0,0,1
502,486,1,1,1,1,1,1,0,0,0,0
502,470,1,1,1,1,1,1,0,0,0,1
502,438,1,1,1,1,0,1,0,1,0,1
502,374,1,1,1,1,1,1,0,0,0,1
502,246,1,1,1,1,1,1,0,0,0,1
502,501,2,1,1,1,0,1,0,1,0,1
502,499,2,1,1,1,1,1,0,0,0,1
502,511,2,1,1,1,1,1,0,0,0,1
502,487,2,1,1,1,1,1,0,0,0,0
502,471,2,1,1,1,1,1,0,0,0,1
502,439,2,1,1,1,0,1,0,1,0,1
502,375,2,1,1,1,1,1,0,0,0,1
502,247,2,1,1,1,1,1,0,0,0,1
502,496,2,1,1,1,0,1,0,1,0,1
502,508,2,1,1,1,0,1,0,1,0,1
502,484,2,1,0,1,0,0,0,0,1,0
502,468,2,1,1,1,0,1,0,1,0,1
502,436,2,1,1,1,0,1,0,1,0,1
502,372,2,1,1,1,0,1,0,1,0,1
502,244,2,1,1,1,0,1,0,1,0,1
502,506,2,1,1,1,1,1,0,0,0,1
502,482,2,1,1,1,1,1,0,0,0,0
502,466,2,1,1,1,1,1,0,0,0,1
502,434,2,1,1,1,0,1,0,1,0,1
502,370,2,1,1,1,1,1,0,0,0,1
502,242,2,1,1,1,1,1,0,0,0,1
502,494,2,1,1,1,1,1,0,0,0,0
502,478,2,1,1,1,1,1,0,0,0,1
502,446,2,1,1,1,0,1,0,1,0,1
502,382,2,1,1,1,1,1,0,0,0,1
502,254,2,1,1,1,1,1,0,0,0,1
502,454,2,1,1,1,1,1,0,0,0,0
502,422,2,1,1,1,0,1,0,1,0,0
502,358,2,1,1,1,1,1,0,0,0,0
502,230,2,1,1,1,1,1,0,0,0,0
502,406,2,1,1,1,0,1,0,1,0,1
502,342,2,1,1,1,1,1,0,0,0,1
502,214,2,1,1,1,1,1,0,0,0,1
502,310,2,1,1,1,0,1,0,1,0,1
502,182,2,1,1,1,0,1,0,1,0,1
502,118,2,1,1,1,1,1,0,0,0,1
503,503,0,1,1,1,1,1,0,0,0,1
503,502,1,1,1,1,0,1,0,1,0,1
503,501,1,1,1,1,1,1,0,0,0,1
503,499,1,1,1,1,1,1,0,0,0,1
503,511,1,1,1,1,1,1,0,0,0,1
503,487,1,1,1,1,1,1,0,0,0,0
503,471,1,1,1,1,1,1,0,0,0,1
503,439,1,1,1,1,0,1,0,1,0,1
503,375,1,1,1,1,1,1,0,0,0,1
503,247,1,1,1,1,1,1,0,0,0,1
503,500,2,1,1,1,0,1,0,1,0,1
503,498,2,1,1,1,0,1,0,1,0,1
503,510,2,1,1,1,0,1,0,1,0,1
503,486,2,1,1,1,0,1,0,1,0,0
503,470,2,1,1,1,0,1,0,1,0,1
503,438,2,1,1,1,0,1,0,1,0,1
503,374,2,1,1,1,0,1,0,1,0,1
503,246,2,1,1,1,0,1,0,1,0,1
503,497,2,1,1,1,1,1,0,0,0,1
503,509,2,1,1,1,1,1,0,0,0,1
503,485,2,1,1,1,1,1,0,0,0,0
503,469,2,1,1,1,1,1,0,0,0,1
503,437,2,1,1,1,0,1,0,1,0,1
503,373,2,1,1,1,1,1,0,0,0,1
503,245,2,1,1,1,1,1,0,0,0,1
503,507,2,1,1,1,1,1,0,0,0,1
503,483,2,1,1,1,1,1,0,0,0,0
503,467,2,1,1,1,1,1,0,0,0,1
503,435,2,1,1,1,0,1,0,1,0,1
503,371,2,1,1,1,1,1,0,0,0,1
503,243,2,1,1,1,1,1,0,0,0,1
503,495,2,1,1,1,1,1,0,0,0,0
503,479,2,1,1,1,1,1,0,0,0,1
503,447,2,1,1,1,0,1,0,1,0,1
503,383,2,1,1,1,1,1,0,0,0,1
503,255,2,1,1,1,1,1,0,0,0,1
503,455,2,1,1,1,1,1,0,0,0,0
503,423,2,1,1,1,0,1,0,1,0,0
503,359,2,1,1,1,1,1,0,0,0,0
503,231,2,1,1,1,1,1,0,0,0,0
503,407,2,1,1,1,0,1,0,1,0,1
503,343,2,1,1,1,1,1,0,0,0,1
503,215,2,1,1,1,1,1,0,0,0,1
503,311,2,1,1,1,0,1,0,1,0,1
503,183,2,1,1,1,0,1,0,1,0,1
503,119,2,1,1,1,1,1,0,0,0,1
504,504,0,1,1,0,0,0,0,0,0,1
504,505,1,1,1,0,0,0,0,0,0,1
504,506,1,1,1,0,0,0,0,0,0,1
504,508,1,1,1,0,0,0,0,0,0,1
504,496,1,1,1,0,0,0,0,0,0,1
504,488,1,1,1,0,0,0,0,0,0,0
504,472,1,1,1,0,0,0,0,0,0,1
504,440,1,1,1,0,0,0,0,0,0,1
504,376,1,1,1,0,0,0,0,0,0,1
504,248,1,1,1,0,0,0,0,0,0,1
504,507,2,1,1,0,0,0,0,0,0,1
504,509,2,1,1,0,0,0,0,0,0,1
504,497,2,1,1,0,0,0,0,0,0,1
504,489,2,1,1,0,0,0,0,0,0,0
504,473,2,1,1,0,0,0,0,0,0,1
504,441,2,1,1,0,0,0,0,0,0,1
504,377,2,1,1,0,0,0,0,0,0,1
504,249,2,1,1,0,0,0,0,0,0,1
504,510,2,1,1,0,0,0,0,0,0,1
504,498,2,1,1,0,0,0,0,0,0,1
504,490,2,1,1,0,0,0,0,0,0,0
504,474,2,1,1,0,0,0,0,0,0,1
504,442,2,1,1,0,0,0,0,0,0,1
504,378,2,1,1,0,0,0,0,0,0,1
504,250,2,1,1,0,0,0,0,0,0,1
504,500,2,1,1,0,0,0,0,0,0,1
504,492,2,1,1,0,0,0,0,0,0,0
504,476,2,1,1,0,0,0,0,0,0,1
504,444,2,1,1,0,0,0,0,0,0,1
504,380,2,1,1,0,0,0,0,0,0,1
504,252,2,1,1,0,0,0,0,0,0,1
504,480,2,1,0,0,0,0,0,0,1,0
504,464,2,1,1,0,0,0,0,0,0,1
504,432,2,1,1,0,0,0,0,0,0,1
504,368,2,1,1,0,0,0,0,0,0,1
504,240,2,1,1,0,0,0,0,0,0,1
504,456,2,1,0,0,0,0,0,0,1,0
504,424,2,1,1,0,0,0,0,0,0,0
504,360,2,1,1,0,0,0,0,0,0,0
504,232,2,1,1,0,0,0,0,0,0,0
504,408,2,1,1,0,0,0,0,0,0,1
504,344,2,1,1,0,0,0,0,0,0,1
504,216,2,1,1,0,0,0,0,0,0,1
504,312,2,1,1,0,0,0,0,0,0,1
504,184,2,1,1,0,0,0,0,0,0,1
504,120,2,1,1,0,0,0,0,0,0,1
505,505,0,1,1,1,1,1,0,0,0,1
505,504,1,1,1,1,0,1,0,1,0,1
505,507,1,1,1,1,1,1,0,0,0,1
505,509,1,1,1,1,1,1,0,0,0,1
505,497,1,1,1,1,1,1,0,0,0,1
505,489,1,1,1,1,1,1,0,0,0,0
505,473,1,1,1,1,0,1,0,1,0,1
505,441,1,1,1,1,1,1,0,0,0,1
505,377,1,1,1,1,1,1,0,0,0,1
505,249,1,1,1,1,1,1,0,0,0,1
505,506,2,1,1,1,0,1,0,1,0,1
505,508,2,1,1,1,0,1,0,1,0,1
505,496,2,1,1,1,0,1,0,1,0,1
505,488,2,1,1,1,0,1,0,1,0,0
505,472,2,1,1,1,0,1,0,1,0,1
505,440,2,1,1,1,0,1,0,1,0,1
505,376,2,1,1,1,0,1,0,1,0,1
505,248,2,1,1,1,0,1,0,1,0,1
505,511,2,1,1,1,1,1,0,0,0,1
505,499,2,1,1,1,1,1,0,0,0,1
505,491,2,1,1,1,1,1,0,0,0,0
505,475,2,1,1,1,0,1,0,1,0,1
505,443,2,1,1,1,1,1,0,0,0,1
505,379,2,1,1,1,1,1,0,0,0,1
505,251,2,1,1,1,1,1,0,0,0,1
505,501,2,1,1,1,1,1,0,0,0,1
505,493,2,1,1,1,1,1,0,0,0,0
505,477,2,1,1,1,0,1,0,1,0,1
505,445,2,1,1,1,1,1,0,0,0,1
505,381,2,1,1,1,1,1,0,0,0,1
505,253,2,1,1,1,1,1,0,0,0,1
505,481,2,1,1,1,1,1,0,0,0,0
505,465,2,1,1,1,0,1,0,1,0,1
505,433,2,1,1,1,1,1,0,0,0,1
505,369,2,1,1,1,1,1,0,0,0,1
505,241,2,1,1,1,1,1,0,0,0,1
505,457,2,1,0,1,0,0,0,0,1,0
505,425,2,1,1,1,1,1,0,0,0,0
505,361,2,1,1,1,1,1,0,0,0,0
505,233,2,1,1,1,1,1,0,0,0,0
505,409,2,1,1,1,0,1,0,1,0,1
505,345,2,1,1,1,0,1,0,1,0,1
505,217,2,1,1,1,0,1,0,1,0,1
505,313,2,1,1,1,1,1,0,0,0,1
505,185,2,1,1,1,1,1,0,0,0,1
505,121,2,1,1,1,1,1,0,0,0,1
506,506,0,1,1,0,0,0,0,0,0,1
506,507,1,1,1,0,0,0,0,0,0,1
506,504,1,1,1,0,0,0,0,0,0,1
506,510,1,1,1,0,0,0,0,0,0,1
506,498,1,1,1,0,0,0,0,0,0,1
506,490,1,1,1,0,0,0,0,0,0,0
506,474,1,1,1,0,0,0,0,0,0,1
506,442,1,1,1,0,0,0,0,0,0,1
506,378,1,1,1,0,0,0,0,0,0,1
506,250,1,1,1,0,0,0,0,0,0,1
506,505,2,1,1,0,0,0,0,0,0,1
506,511,2,1,1,0,0,0,0,0,0,1
506,499,2,1,1,0,0,0,0,0,0,1
506,491,2,1,1,0,0,0,0,0,0,0
506,475,2,1,1,0,0,0,0,0,0,1
506,443,2,1,1,0,0,0,0,0,0,1
506,379,2,1,1,0,0,0,0,0,0,1
506,251,2,1,1,0,0,0,0,0,0,1
506,508,2,1,1,0,0,0,0,0,0,1
506,496,2,1,1,0,0,0,0,0,0,1
506,488,2,1,1,0,0,0,0,0,0,0
506,472,2,1,1,0,0,0,0,0,0,1
506,440,2,1,1,0,0,0,0,0,0,1
506,376,2,1,1,0,0,0,0,0,0,1
506,248,2,1,1,0,0,0,0,0,0,1
506,502,2,1,1,0,0,0,0,0,0,1
506,494,2,1,1,0,0,0,0,0,0,0
506,478,2,1,1,0,0,0,0,0,0,1
506,446,2,1,1,0,0,0,0,0,0,1
506,382,2,1,1,0,0,0,0,0,0,1
506,254,2,1,1,0,0,0,0,0,0,1
506,482,2,1,1,0,0,0,0,0,0,0
506,466,2,1,1,0,0,0,0,0,0,1
506,434,2,1,1,0,0,0,0,0,0,1
506,370,2,1,1,0,0,0,0,0,0,1
506,242,2,1,1,0,0,0,0,0,0,1
506,458,2,1,1,0,0,0,0,0,0,0
506,426,2,1,1,0,0,0,0,0,0,0
506,362,2,1,1,0,0,0,0,0,0,0
506,234,2,1,1,0,0,0,0,0,0,0
506,410,2,1,1,0,0,0,0,0,0,1
506,346,2,1,1,0,0,0,0,0,0,1
506,218,2,1,1,0,0,0,0,0,0,1
506,314,2,1,1,0,0,0,0,0,0,1
506,186,2,1,1,0,0,0,0,0,0,1
506,122,2,1,1,0,0,0,0,0,0,1
507,507,0,1,1,0,0,0,0,0,0,1
507,506,1,1,1,0,0,0,0,0,0,1
507,505,1,1,1,0,0,0,0,0,0,1
507,511,1,1,1,0,0,0,0,0,0,1
507,499,1,1,1,0,0,0,0,0,0,1
507,491,1,1,1,0,0,0,0,0,0,0
507,475,1,1,1,0,0,0,0,0,0,1
507,443,1,1,1,0,0,0,0,0,0,1
507,379,1,1,1,0,0,0,0,0,0,1
507,251,1,1,1,0,0,0,0,0,0,1
507,504,2,1,1,0,0,0,0,0,0,1
507,510,2,1,1,0,0,0,0,0,0,1
507,498,2,1,1,0,0,0,0,0,0,1
507,490,2,1,1,0,0,0,0,0,0,0
507,474,2,1,1,0,0,0,0,0,0,1
507,442,2,1,1,0,0,0,0,0,0,1
507,378,2,1,1,0,0,0,0,0,0,1
507,250,2,1,1,0,0,0,0,0,0,1
507,509,2,1,1,0,0,0,0,0,0,1
507,497,2,1,1,0,0,0,0,0,0,1
507,489,2,1,1,0,0,0,0,0,0,0
507,473,2,1,1,0,0,0,0,0,0,1
507,441,2,1,1,0,0,0,0,0,0,1
507,377,2,1,1,0,0,0,0,0,0,1
507,249,2,1,1,0,0,0,0,0,0,1
507,503,2,1,1,0,0,0,0,0,0,1
507,495,2,1,1,0,0,0,0,0,0,0
507,479,2,1,1,0,0,0,0,0,0,1
507,447,2,1,1,0,0,0,0,0,0,1
507,383,2,1,1,0,0,0,0,0,0,1
507,255,2,1,1,0,0,0,0,0,0,1
507,483,2,1,1,0,0,0,0,0,0,0
507,467,2,1,1,0,0,0,0,0,0,1
507,435,2,1,1,0,0,0,0,0,0,1
507,371,2,1,1,0,0,0,0,0,0,1
507,243,2,1,1,0,0,0,0,0,0,1
507,459,2,1,1,0,0,0,0,0,0,0
507,427,2,1,1,0,0,0,0,0,0,0
507,363,2,1,1,0,0,0,0,0,0,0
507,235,2,1,1,0,0,0,0,0,0,0
507,411,2,1,1,0,0,0,0,0,0,1
507,347,2,1,1,0,0,0,0,0,0,1
507,219,2,1,1,0,0,0,0,0,0,1
507,315,2,1,1,0,0,0,0,0,0,1
507,187,2,1,1,0,0,0,0,0,0,1
507,123,2,1,1,0,0,0,0,0,0,1
508,508,0,1,1,1,1,1,0,0,0,1
508,509,1,1,1,1,1,1,0,0,0,1
508,510,1,1,1,1,1,1,0,0,0,1
508,504,1,1,1,1,0,1,0,1,0,1
508,500,1,1,1,1,0,1,0,1,0,1
508,492,1,1,1,1,1,1,0,0,0,0
508,476,1,1,1,1,1,1,0,0,0,1
508,444,1,1,1,1,1,1,0,0,0,1
508,380,1,1,1,1,1,1,0,0,0,1
508,252,1,1,1,1,1,1,0,0,0,1
508,511,2,1,1,1,1,1,0,0,0,1
508,505,2,1,1,1,0,1,0,1,0,1
508,501,2,1,1,1,0,1,0,1,0,1
508,493,2,1,1,1,1,1,0,0,0,0
508,477,2,1,1,1,1,1,0,0,0,1
508,445,2,1,1,1,1,1,0,0,0,1
508,381,2,1,1,1,1,1,0,0,0,1
508,253,2,1,1,1,1,1,0,0,0,1
508,506,2,1,1,1,0,1,0,1,0,1
508,502,2,1,1,1,0,1,0,1,0,1
508,494,2,1,1,1,1,1,0,0,0,0
508,478,2,1,1,1,1,1,0,0,0,1
508,446,2,1,1,1,1,1,0,0,0,1
508,382,2,1,1,1,1,1,0,0,0,1
508,254,2,1,1,1,1,1,0,0,0,1
508,496,2,1,1,1,0,1,0,1,0,1
508,488,2,1,1,1,0,1,0,1,0,0
508,472,2,1,1,1,0,1,0,1,0,1
508,440,2,1,1,1,0,1,0,1,0,1
508,376,2,1,1,1,0,1,0,1,0,1
508,248,2,1,1,1,0,1,0,1,0,1
508,484,2,1,0,1,0,0,0,0,1,0
508,468,2,1,1,1,0,1,0,1,0,1
508,436,2,1,1,1,0,1,0,1,0,1
508,372,2,1,1,1,0,1,0,1,0,1
508,244,2,1,1,1,0,1,0,1,0,1
508,460,2,1,1,1,1,1,0,0,0,0
508,428,2,1,1,1,1,1,0,0,0,0
508,364,2,1,1,1,1,1,0,0,0,0
508,236,2,1,1,1,1,1,0,0,0,0
508,412,2,1,1,1,1,1,0,0,0,1
508,348,2,1,1,1,1,1,0,0,0,1
508,220,2,1,1,1,1,1,0,0,0,1
508,316,2,1,1,1,1,1,0,0,0,1
508,188,2,1,1,1,1,1,0,0,0,1
508,124,2,1,1,1,1,1,0,0,0,1
509,509,0,1,1,1,1,1,0,0,0,1
509,508,1,1,1,1,0,1,0,1,0,1
509,511,1,1,1,1,1,1,0,0,0,1
509,505,1,1,1,1,0,1,0,1,0,1
509,501,1,1,1,1,1,1,0,0,0,1
509,493,1,1,1,1,1,1,0,0,0,0
509,477,1,1,1,1,1,1,0,0,0,1
509,445,1,1,1,1,1,1,0,0,0,1
509,381,1,1,1,1,1,1,0,0,0,1
509,253,1,1,1,1,1,1,0,0,0,1
509,510,2,1,1,1,0,1,0,1,0,1
509,504,2,1,1,1,0,1,0,1,0,1
509,500,2,1,1,1,0,1,0,1,0,1
509,492,2,1,1,1,0,1,0,1,0,0
509,476,2,1,1,1,0,1,0,1,0,1
509,444,2,1,1,1,0,1,0,1,0,1
509,380,2,1,1,1,0,1,0,1,0,1
509,252,2,1,1,1,0,1,0,1,0,1
509,507,2,1,1,1,0,1,0,1,0,1
509,503,2,1,1,1,1,1,0,0,0,1
509,495,2,1,1,1,1,1,0,0,0,0
509,479,2,1,1,1,1,1,0,0,0,1
509,447,2,1,1,1,1,1,0,0,0,1
509,383,2,1,1,1,1,1,0,0,0,1
509,255,2,1,1,1,1,1,0,0,0,1
509,497,2,1,1,1,0,1,0,1,0,1
509,489,2,1,1,1,0,1,0,1,0,0
509,473,2,1,1,1,0,1,0,1,0,1
509,441,2,1,1,1,0,1,0,1,0,1
509,377,2,1,1,1,0,1,0,1,0,1
509,249,2,1,1,1,0,1,0,1,0,1
509,485,2,1,1,1,1,1,0,0,0,0
509,469,2,1,1,1,1,1,0,0,0,1
509,437,2,1,1,1,1,1,0,0,0,1
509,373,2,1,1,1,1,1,0,0,0,1
509,245,2,1,1,1,1,1,0,0,0,1
509,461,2,1,1,1,1,1,0,0,0,0
509,429,2,1,1,1,1,1,0,0,0,0
509,365,2,1,1,1,1,1,0,0,0,0
509,237,2,1,1,1,1,1,0,0,0,0
509,413,2,1,1,1,1,1,0,0,0,1
509,349,2,1,1,1,1,1,0,0,0,1
509,221,2,1,1,1,1,1,0,0,0,1
509,317,2,1,1,1,1,1,0,0,0,1
509,189,2,1,1,1,1,1,0,0,0,1
509,125,2,1,1,1,1,1,0,0,0,1
510,510,0,1,1,0,0,0,0,0,0,1
510,511,1,1,1,0,0,0,0,0,0,1
510,508,1,1,1,0,0,0,0,0,0,1
510,506,1,1,1,0,0,0,0,0,0,1
510,502,1,1,1,0,0,0,0,0,0,1
510,494,1,1,1,0,0,0,0,0,0,0
510,478,1,1,1,0,0,0,0,0,0,1
510,446,1,1,1,0,0,0,0,0,0,1
510,382,1,1,1,0,0,0,0,0,0,1
510,254,1,1,1,0,0,0,0,0,0,1
510,509,2,1,1,0,0,0,0,0,0,1
510,507,2,1,1,0,0,0,0,0,0,1
510,503,2,1,1,0,0,0,0,0,0,1
510,495,2,1,1,0,0,0,0,0,0,0
510,479,2,1,1,0,0,0,0,0,0,1
510,447,2,1,1,0,0,0,0,0,0,1
510,383,2,1,1,0,0,0,0,0,0,1
510,255,2,1,1,0,0,0,0,0,0,1
510,504,2,1,1,0,0,0,0,0,0,1
510,500,2,1,1,0,0,0,0,0,0,1
510,492,2,1,1,0,0,0,0,0,0,0
510,476,2,1,1,0,0,0,0,0,0,1
510,444,2,1,1,0,0,0,0,0,0,1
510,380,2,1,1,0,0,0,0,0,0,1
510,252,2,1,1,0,0,0,0,0,0,1
510,498,2,1,1,0,0,0,0,0,0,1
510,490,2,1,1,0,0,0,0,0,0,0
510,474,2,1,1,0,0,0,0,0,0,1
510,442,2,1,1,0,0,0,0,0,0,1
510,378,2,1,1,0,0,0,0,0,0,1
510,250,2,1,1,0,0,0,0,0,0,1
510,486,2,1,1,0,0,0,0,0,0,0
510,470,2,1,1,0,0,0,0,0,0,1
510,438,2,1,1,0,0,0,0,0,0,1
510,374,2,1,1,0,0,0,0,0,0,1
510,246,2,1,1,0,0,0,0,0,0,1
510,462,2,1,1,0,0,0,0,0,0,0
510,430,2,1,1,0,0,0,0,0,0,0
510,366,2,1,1,0,0,0,0,0,0,0
510,238,2,1,1,0,0,0,0,0,0,0
510,414,2,1,1,0,0,0,0,0,0,1
510,350,2,1,1,0,0,0,0,0,0,1
510,222,2,1,1,0,0,0,0,0,0,1
510,318,2,1,1,0,0,0,0,0,0,1
510,190,2,1,1,0,0,0,0,0,0,1
510,126,2,1,1,0,0,0,0,0,0,1
511,511,0,1,1,0,0,0,0,0,0,1
511,510,1,1,1,0,0,0,0,0,0,1
511,509,1,1,1,0,0,0,0,0,0,1
511,507,1,1,1,0,0,0,0,0,0,1
511,503,1,1,1,0,0,0,0,0,0,1
511,495,1,1,1,0,0,0,0,0,0,0
511,479,1,1,1,0,0,0,0,0,0,1
511,447,1,1,1,0,0,0,0,0,0,1
511,383,1,1,1,0,0,0,0,0,0,1
511,255,1,1,1,0,0,0,0,0,0,1
511,508,2,1,1,0,0,0,0,0,0,1
511,506,2,1,1,0,0,0,0,0,0,1
511,502,2,1,1,0,0,0,0,0,0,1
511,494,2,1,1,0,0,0,0,0,0,0
511,478,2,1,1,0,0,0,0,0,0,1
511,446,2,1,1,0,0,0,0,0,0,1
511,382,2,1,1,0,0,0,0,0,0,1
511,254,2,1,1,0,0,0,0,0,0,1
511,505,2,1,1,0,0,0,0,0,0,1
511,501,2,1,1,0,0,0,0,0,0,1
511,493,2,1,1,0,0,0,0,0,0,0
511,477,2,1,1,0,0,0,0,0,0,1
511,445,2,1,1,0,0,0,0,0,0,1
511,381,2,1,1,0,0,0,0,0,0,1
511,253,2,1,1,0,0,0,0,0,0,1
511,499,2,1,1,0,0,0,0,0,0,1
511,491,2,1,1,0,0,0,0,0,0,0
511,475,2,1,1,0,0,0,0,0,0,1
511,443,2,1,1,0,0,0,0,0,0,1
511,379,2,1,1,0,0,0,0,0,0,1
511,251,2,1,1,0,0,0,0,0,0,1
511,487,2,1,1,0,0,0,0,0,0,0
511,471,2,1,1,0,0,0,0,0,0,1
511,439,2,1,1,0,0,0,0,0,0,1
511,375,2,1,1,0,0,0,0,0,0,1
511,247,2,1,1,0,0,0,0,0,0,1
511,463,2,1,1,0,0,0,0,0,0,0
511,431,2,1,1,0,0,0,0,0,0,0
511,367,2,1,1,0,0,0,0,0,0,0
511,239,2,1,1,0,0,0,0,0,0,0
511,415,2,1,1,0,0,0,0,0,0,1
511,351,2,1,1,0,0,0,0,0,0,1
511,223,2,1,1,0,0,0,0,0,0,1
511,319,2,1,1,0,0,0,0,0,0,1
511,191,2,1,1,0,0,0,0,0,0,1
511,127,2,1,1,0,0,0,0,0,0,1
